node_id,x,y,kind,location_id,location_name,degree
0,0.0,1278.0,sea_point,4805,Bering Sea,2
1,0.0,1283.0,sea_point,4301,Bering Sea,4
2,1.0,715.0,sea_point,4157,Bering Sea,2
3,3.0,1270.0,sea_point,4300,Bering Sea,2
4,7.0,790.0,sea_point,3369,Bering Sea,3
5,7.0,889.0,sea_point,7014,Bering Sea,5
6,7.0,1419.0,sea_point,7022,Pacific Ocean,4
7,7.0,3260.0,sea_point,7073,Pacific Ocean,3
8,7.0,3510.0,sea_point,7079,Pacific Ocean,3
9,7.0,4134.0,sea_point,7745,Pacific Ocean,4
10,7.0,4290.0,sea_point,7839,Pacific Ocean,4
11,7.0,4446.0,sea_point,7918,Pacific Ocean,4
12,7.0,4695.0,sea_point,7980,Pacific Ocean,4
13,11.0,5616.0,sea_point,8044,Pacific Ocean,3
14,13.0,4960.0,sea_point,8005,Pacific Ocean,3
15,15.0,1996.0,sea_point,7340,Pacific Ocean,3
16,16.0,1747.0,sea_point,7334,Pacific Ocean,3
17,18.0,734.0,sea_point,3363,Bering Sea,4
18,22.0,2659.0,sea_point,4983,Pacific Ocean,4
19,23.0,5475.0,sea_point,8026,Pacific Ocean,5
20,26.53,2657.29,path_vertex,,,2
21,28.0,2813.0,sea_point,7055,Pacific Ocean,4
22,30.0,2664.0,sea_point,4771,Pacific Ocean,2
23,31.0,2627.0,sea_point,4982,Pacific Ocean,4
24,31.0,3120.0,sea_point,7069,Pacific Ocean,4
25,31.0,5335.0,sea_point,8006,Pacific Ocean,4
26,36.37,2633.09,path_vertex,,,2
27,39.0,4009.0,sea_point,7619,Pacific Ocean,4
28,39.0,4570.0,sea_point,7951,Pacific Ocean,4
29,42.0,2664.0,sea_point,4984,Pacific Ocean,3
30,46.0,1622.0,sea_point,7023,Pacific Ocean,5
31,46.0,2152.0,sea_point,7036,Pacific Ocean,4
32,46.0,2644.0,province_center,1062,Sand Island,3
33,54.0,1014.0,sea_point,7016,Bering Sea,4
34,54.0,3759.0,sea_point,7353,Pacific Ocean,4
35,54.0,5194.0,sea_point,7982,Pacific Ocean,3
36,55.620000000000005,2648.4,path_vertex,,,2
37,61.0,766.0,sea_point,4290,Bering Sea,4
38,63.01,731.01,path_vertex,,,2
39,67.0,1284.0,sea_point,4302,Bering Sea,2
40,68.0,2619.0,sea_point,4979,Pacific Ocean,4
41,69.0,2654.0,sea_point,4978,Pacific Ocean,4
42,70.0,4851.0,sea_point,7981,Pacific Ocean,5
43,73.0,642.0,sea_point,4289,Chukchi Sea,3
44,78.0,2308.0,sea_point,6591,Pacific Ocean,4
45,78.0,2995.0,sea_point,6857,Pacific Ocean,4
46,78.0,3400.0,sea_point,5874,Pacific Ocean,5
47,85.0,483.0,sea_point,5177,Chukchi Sea,4
48,85.0,3884.0,sea_point,7458,Pacific Ocean,4
49,85.0,5070.0,sea_point,7954,Pacific Ocean,5
50,87.53,2639.6,path_vertex,,,2
51,91.0,2642.0,province_center,1063,Eastern Island,2
52,95.2,2646.9,path_vertex,,,2
53,100.0,2650.0,sea_point,4981,Pacific Ocean,3
54,101.0,3634.0,sea_point,7084,Pacific Ocean,5
55,109.0,1497.0,sea_point,6567,Pacific Ocean,5
56,109.0,1872.0,sea_point,7337,Pacific Ocean,6
57,109.0,2464.0,sea_point,5797,Pacific Ocean,5
58,109.0,4212.0,sea_point,7793,Pacific Ocean,6
59,109.0,4368.0,sea_point,7883,Pacific Ocean,5
60,109.0,5772.0,sea_point,8027,Pacific Ocean,3
61,111.0,2624.0,sea_point,4980,Pacific Ocean,6
62,124.0,2776.0,sea_point,5818,Pacific Ocean,6
63,129.0,1171.0,sea_point,4299,Bering Sea,4
64,140.0,1716.0,sea_point,7202,Pacific Ocean,6
65,140.0,2028.0,sea_point,7207,Pacific Ocean,6
66,140.0,4087.0,sea_point,7685,Pacific Ocean,6
67,140.0,4492.0,sea_point,7919,Pacific Ocean,7
68,140.0,4648.0,sea_point,7952,Pacific Ocean,6
69,140.0,5647.0,sea_point,8007,Pacific Ocean,6
70,145.0,793.0,sea_point,4794,Bering Sea,2
71,148.0,3510.0,sea_point,6336,Pacific Ocean,5
72,154.0,930.0,sea_point,4294,Bering Sea,5
73,159.0,3285.0,sea_point,4976,Pacific Ocean,5
74,167.32,3282.05,path_vertex,,,2
75,171.0,1372.0,sea_point,5572,Gulf of Alaska,6
76,171.0,2901.0,sea_point,6614,Pacific Ocean,6
77,171.0,4773.0,sea_point,7953,Pacific Ocean,6
78,171.0,4960.0,sea_point,7921,Pacific Ocean,6
79,176.0,3251.0,sea_point,4975,Pacific Ocean,5
80,179.0,2230.0,sea_point,6831,Pacific Ocean,6
81,179.0,3104.0,sea_point,5844,Pacific Ocean,6
82,179.0,5506.0,sea_point,7983,Pacific Ocean,5
83,183.44,3270.62,path_vertex,,,2
84,185.0,3277.0,province_center,1061,Johnston Atoll,4
85,186.33,3284.2400000000002,path_vertex,,,2
86,187.0,3962.0,sea_point,7544,Pacific Ocean,6
87,187.0,5366.0,sea_point,7955,Pacific Ocean,6
88,190.0,3301.0,sea_point,4974,Pacific Ocean,5
89,195.0,327.0,sea_point,3977,Chukchi Sea,4
90,196.0,1039.0,sea_point,4295,Bering Sea,4
91,202.0,1591.0,sea_point,6816,Pacific Ocean,6
92,202.0,3712.0,sea_point,7233,Pacific Ocean,6
93,210.0,2386.0,sea_point,6275,Pacific Ocean,6
94,210.0,2542.0,sea_point,5802,Pacific Ocean,6
95,210.0,4290.0,sea_point,7840,Pacific Ocean,6
96,210.0,5226.0,sea_point,7922,Pacific Ocean,7
97,211.0,3265.0,path_vertex,,,2
98,214.0,721.0,province_center,665,Nome,5
99,217.0,790.0,sea_point,4291,Bering Sea,5
100,221.0,477.0,sea_point,4285,Chukchi Sea,4
101,221.0,1246.0,sea_point,4303,Gulf of Alaska,4
102,224.0,3256.0,sea_point,4977,Pacific Ocean,4
103,227.35,623.16,path_vertex,,,2
104,229.0,874.0,sea_point,4293,Bering Sea,3
105,233.0,577.0,sea_point,4286,Chukchi Sea,5
106,234.0,3837.0,sea_point,7355,Pacific Ocean,6
107,241.0,1950.0,sea_point,7339,Pacific Ocean,6
108,241.0,2667.0,sea_point,5810,Pacific Ocean,6
109,241.0,4165.0,sea_point,7746,Pacific Ocean,6
110,241.0,4570.0,sea_point,7884,Pacific Ocean,5
111,241.0,5101.0,sea_point,7886,Pacific Ocean,6
112,249.0,3588.0,sea_point,6883,Pacific Ocean,6
113,257.0,3416.0,sea_point,5878,Pacific Ocean,7
114,265.0,1466.0,sea_point,6248,Pacific Ocean,6
115,265.0,1778.0,sea_point,7336,Pacific Ocean,6
116,265.0,5740.0,sea_point,7984,Pacific Ocean,4
117,273.0,2106.0,sea_point,7035,Pacific Ocean,6
118,273.0,2792.0,sea_point,6291,Pacific Ocean,6
119,273.0,4695.0,sea_point,7920,Pacific Ocean,5
120,273.0,4851.0,sea_point,7885,Pacific Ocean,6
121,288.0,202.0,sea_point,6182,Beaufort Sea,3
122,288.0,4040.0,sea_point,7620,Pacific Ocean,6
123,288.0,4984.0,sea_point,8186,Pacific Ocean,5
124,294.53000000000003,777.37,path_vertex,,,2
125,304.0,2262.0,sea_point,6833,Pacific Ocean,6
126,304.0,3010.0,sea_point,6306,Pacific Ocean,6
127,312.0,1341.0,sea_point,5562,Gulf of Alaska,6
128,312.0,3151.0,sea_point,6315,Pacific Ocean,7
129,312.0,5616.0,sea_point,7956,Pacific Ocean,6
130,327.0,1653.0,sea_point,7025,Pacific Ocean,6
131,327.0,4461.0,sea_point,7841,Pacific Ocean,7
132,330.0,1142.0,province_center,667,Perryville,4
133,333.97,1109.42,path_vertex,,,2
134,335.0,3915.0,sea_point,7460,Pacific Ocean,6
135,335.0,5475.0,sea_point,7923,Pacific Ocean,7
136,339.0,1046.0,sea_point,4297,Bering Sea,4
137,340.05,1177.21,path_vertex,,,2
138,343.0,2402.0,sea_point,6595,Pacific Ocean,6
139,343.0,2558.0,sea_point,6282,Pacific Ocean,6
140,343.0,3307.0,sea_point,5865,Pacific Ocean,6
141,343.0,4243.0,sea_point,7794,Pacific Ocean,6
142,343.0,5335.0,sea_point,7887,Pacific Ocean,6
143,345.0,1202.0,sea_point,4305,Gulf of Alaska,5
144,351.0,3666.0,sea_point,7085,Pacific Ocean,6
145,352.0,817.0,sea_point,4292,Bering Sea,4
146,353.0,347.0,sea_point,4284,Beaufort Sea,5
147,358.0,1872.0,sea_point,7338,Pacific Ocean,5
148,358.0,3494.0,sea_point,6638,Pacific Ocean,6
149,364.0,2002.0,sea_point,4823,Pacific Ocean,6
150,366.0,5194.0,sea_point,7845,Pacific Ocean,6
151,370.0,850.0,sea_point,5336,Bering Sea,2
152,374.0,2683.0,sea_point,6601,Pacific Ocean,6
153,374.0,4773.0,sea_point,7843,Pacific Ocean,7
154,374.0,5054.0,sea_point,7844,Pacific Ocean,6
155,378.0,570.0,sea_point,4288,Chukchi Sea,2
156,382.0,3790.0,sea_point,7236,Pacific Ocean,7
157,388.72,549.38,path_vertex,,,2
158,390.0,1528.0,sea_point,6568,Pacific Ocean,7
159,390.0,4118.0,sea_point,7686,Pacific Ocean,6
160,397.0,4570.0,sea_point,7842,Pacific Ocean,7
161,405.0,2121.0,sea_point,7209,Pacific Ocean,6
162,405.0,4929.0,sea_point,7798,Pacific Ocean,6
163,413.0,4352.0,sea_point,7795,Pacific Ocean,5
164,413.0,5787.0,sea_point,7957,Pacific Ocean,4
165,418.0,3203.0,sea_point,8190,Pacific Ocean,4
166,421.0,1747.0,sea_point,7203,Pacific Ocean,7
167,421.0,2870.0,sea_point,6297,Pacific Ocean,6
168,436.0,1404.0,sea_point,6245,Gulf of Alaska,6
169,436.0,2277.0,sea_point,7041,Pacific Ocean,6
170,436.0,3993.0,sea_point,7546,Pacific Ocean,6
171,444.0,234.0,sea_point,3702,Beaufort Sea,4
172,444.0,1638.0,sea_point,8216,Pacific Ocean,5
173,444.0,3385.0,sea_point,6326,Pacific Ocean,5
174,445.5,640.0,path_vertex,,,2
175,452.0,3026.0,sea_point,5839,Pacific Ocean,6
176,452.0,3138.0,sea_point,8191,Pacific Ocean,5
177,456.0,404.0,province_center,664,Barrow,5
178,460.0,1263.0,sea_point,5537,Gulf of Alaska,5
179,460.0,3572.0,sea_point,6881,Pacific Ocean,5
180,460.0,5662.0,sea_point,7924,Pacific Ocean,6
181,463.0,852.0,sea_point,5338,Yukon River,2
182,468.0,2464.0,sea_point,6840,Pacific Ocean,6
183,468.0,4680.0,sea_point,7797,Pacific Ocean,5
184,471.0,1002.0,sea_point,4296,Kvichak Bay,2
185,475.0,5413.0,sea_point,7847,Pacific Ocean,5
186,483.0,3868.0,sea_point,7357,Pacific Ocean,6
187,483.0,4212.0,sea_point,7747,Pacific Ocean,6
188,483.0,4461.0,sea_point,7796,Pacific Ocean,6
189,488.0,2022.0,sea_point,8215,Pacific Ocean,5
190,489.42,971.59,path_vertex,,,2
191,491.0,1918.0,sea_point,7206,Pacific Ocean,6
192,491.0,3697.0,sea_point,7086,Pacific Ocean,5
193,499.0,2589.0,sea_point,6843,Pacific Ocean,6
194,499.0,5272.0,sea_point,7800,Pacific Ocean,6
195,507.0,4851.0,sea_point,7750,Pacific Ocean,6
196,507.0,5132.0,sea_point,7752,Pacific Ocean,6
197,507.0,5538.0,sea_point,7888,Pacific Ocean,6
198,513.45,361.21,path_vertex,,,2
199,514.0,1560.0,sea_point,6815,Pacific Ocean,5
200,514.0,2745.0,sea_point,6604,Pacific Ocean,6
201,522.0,3260.0,sea_point,5858,Pacific Ocean,7
202,524.55,1018.5500000000001,path_vertex,,,2
203,530.0,4087.0,sea_point,7621,Pacific Ocean,6
204,538.0,5007.0,sea_point,7691,Pacific Ocean,6
205,546.0,1684.0,sea_point,7026,Pacific Ocean,7
206,546.0,2121.0,sea_point,7210,Pacific Ocean,7
207,546.0,3463.0,sea_point,6635,Pacific Ocean,8
208,553.0,863.0,province_center,666,Aniak,4
209,553.0,2948.0,sea_point,5829,Pacific Ocean,7
210,553.0,4321.0,sea_point,7748,Pacific Ocean,6
211,561.0,1435.0,sea_point,6566,Gulf of Alaska,6
212,564.0,3128.0,sea_point,4973,Pacific Ocean,5
213,569.0,2293.0,sea_point,7213,Pacific Ocean,6
214,569.0,4602.0,sea_point,7749,Pacific Ocean,7
215,569.0,5756.0,sea_point,7926,Pacific Ocean,4
216,572.0,315.0,sea_point,4283,Beaufort Sea,5
217,572.0,831.0,sea_point,5340,Yukon River,2
218,577.0,3962.0,sea_point,7461,Pacific Ocean,5
219,580.34,949.0,path_vertex,,,2
220,585.0,3091.0,sea_point,4971,Pacific Ocean,2
221,585.0,3603.0,sea_point,6885,Pacific Ocean,6
222,585.0,3790.0,sea_point,7237,Pacific Ocean,6
223,597.0,3134.0,sea_point,4972,Pacific Ocean,5
224,600.0,2480.0,sea_point,7047,Pacific Ocean,7
225,600.0,4758.0,sea_point,7689,Pacific Ocean,6
226,601.51,709.34,path_vertex,,,2
227,604.69,3119.8,path_vertex,,,2
228,608.0,1840.0,sea_point,7027,Pacific Ocean,7
229,614.0,804.0,sea_point,5343,Yukon River,2
230,614.0,3108.0,province_center,1060,Lihue,3
231,616.0,2012.0,sea_point,7031,Pacific Ocean,6
232,616.0,4477.0,sea_point,7688,Pacific Ocean,6
233,616.0,5631.0,sea_point,7851,Pacific Ocean,6
234,619.12,3095.19,path_vertex,,,2
235,621.45,3112.03,path_vertex,,,2
236,622.0,1257.0,sea_point,6242,Gulf of Alaska,7
237,624.0,4180.0,sea_point,7687,Pacific Ocean,7
238,628.0,3072.0,sea_point,4970,Pacific Ocean,5
239,631.0,5382.0,sea_point,7756,Pacific Ocean,7
240,638.0,813.0,sea_point,5345,Yukon River,2
241,639.0,2652.0,sea_point,6845,Pacific Ocean,6
242,639.0,2839.0,sea_point,6293,Pacific Ocean,6
243,641.46,413.0,path_vertex,,,2
244,647.0,3322.0,sea_point,5866,Pacific Ocean,6
245,655.0,5241.0,sea_point,7697,Pacific Ocean,6
246,658.59,583.62,path_vertex,,,2
247,659.0,2369.0,sea_point,8193,Pacific Ocean,3
248,662.0,3134.0,sea_point,4954,Pacific Ocean,4
249,663.0,1513.0,sea_point,6813,Pacific Ocean,6
250,663.0,5101.0,sea_point,7630,Pacific Ocean,6
251,663.0,5506.0,sea_point,7804,Pacific Ocean,5
252,670.0,2215.0,sea_point,7039,Pacific Ocean,5
253,670.0,4960.0,sea_point,7627,Pacific Ocean,7
254,673.0,3168.0,sea_point,4053,Pacific Ocean,3
255,678.0,1731.0,sea_point,6818,Pacific Ocean,5
256,678.0,3447.0,sea_point,6332,Pacific Ocean,5
257,678.0,3697.0,sea_point,7087,Pacific Ocean,6
258,678.0,3884.0,sea_point,7360,Pacific Ocean,8
259,678.0,4040.0,sea_point,7547,Pacific Ocean,7
260,678.0,4352.0,sea_point,7623,Pacific Ocean,5
261,680.27,3161.1800000000003,path_vertex,,,2
262,688.8000000000001,3133.65,path_vertex,,,2
263,689.0,808.0,sea_point,5346,Yukon River,2
264,689.0,3153.0,province_center,1059,Honululu,2
265,690.0,3115.0,sea_point,4953,Pacific Ocean,6
266,698.0,1069.0,sea_point,4307,Gulf of Alaska,5
267,702.0,249.0,sea_point,3782,Beaufort Sea,4
268,702.0,4680.0,sea_point,7624,Pacific Ocean,6
269,709.0,2979.0,sea_point,5831,Pacific Ocean,6
270,709.0,3572.0,sea_point,6645,Pacific Ocean,6
271,712.0,1622.0,sea_point,8218,Pacific Ocean,5
272,714.35,921.7,path_vertex,,,2
273,717.0,1372.0,sea_point,6563,Gulf of Alaska,6
274,717.0,5709.0,sea_point,7892,Pacific Ocean,4
275,719.0,802.0,sea_point,5347,Yukon River,2
276,733.0,1934.0,sea_point,6823,Pacific Ocean,6
277,733.0,2558.0,sea_point,7048,Pacific Ocean,6
278,733.0,4836.0,sea_point,7554,Pacific Ocean,5
279,733.49,998.58,path_vertex,,,2
280,741.0,2106.0,sea_point,6827,Pacific Ocean,7
281,741.0,2418.0,sea_point,7045,Pacific Ocean,7
282,741.0,2761.0,sea_point,6605,Pacific Ocean,6
283,742.0,803.0,sea_point,5350,Yukon River,2
284,748.0,4149.0,sea_point,7622,Pacific Ocean,5
285,748.0,4555.0,sea_point,7550,Pacific Ocean,6
286,753.21,953.52,path_vertex,,,2
287,757.0,3240.0,sea_point,4947,Pacific Ocean,6
288,761.0,806.0,sea_point,5351,Yukon River,2
289,761.5500000000001,3200.62,path_vertex,,,2
290,763.0,3192.0,province_center,1058,Lahaina,2
291,764.0,3290.0,sea_point,4043,Pacific Ocean,2
292,764.0,5584.0,sea_point,7807,Pacific Ocean,6
293,765.22,998.0,path_vertex,,,2
294,769.96,911.94,path_vertex,,,2
295,772.0,3790.0,sea_point,7238,Pacific Ocean,5
296,780.0,981.0,province_center,660,Anchorage,4
297,780.0,3962.0,sea_point,7462,Pacific Ocean,5
298,780.0,4274.0,sea_point,7549,Pacific Ocean,6
299,780.0,5428.0,sea_point,7699,Pacific Ocean,6
300,784.0,419.0,province_center,663,Prudhoe Bay,5
301,784.02,3197.2200000000003,path_vertex,,,2
302,787.0,1263.0,sea_point,6239,Gulf of Alaska,6
303,789.66,578.53,path_vertex,,,2
304,790.96,3263.34,path_vertex,,,2
305,793.0,703.0,province_center,661,Fairbanks,5
306,794.0,3342.0,sea_point,4957,Pacific Ocean,6
307,795.0,5179.0,sea_point,7561,Pacific Ocean,6
308,803.0,798.0,sea_point,5352,Yukon River,2
309,803.0,1544.0,sea_point,6570,Pacific Ocean,7
310,803.0,1825.0,sea_point,6577,Pacific Ocean,6
311,803.0,2293.0,sea_point,6834,Pacific Ocean,6
312,803.0,3478.0,sea_point,6335,Pacific Ocean,6
313,803.0,3666.0,sea_point,6888,Pacific Ocean,7
314,803.0,5038.0,sea_point,7479,Pacific Ocean,6
315,806.62,367.0,path_vertex,,,2
316,811.0,1684.0,sea_point,6574,Pacific Ocean,6
317,811.0,2901.0,sea_point,6299,Pacific Ocean,6
318,811.0,4430.0,sea_point,7467,Pacific Ocean,6
319,816.0,343.0,sea_point,4282,Beaufort Sea,5
320,817.0,774.0,sea_point,5353,Yukon River,2
321,817.0,3281.0,province_center,1057,Hilo,3
322,818.0,969.0,path_vertex,,,2
323,820.0,1079.0,sea_point,4308,Gulf of Alaska,5
324,824.0,3210.0,sea_point,4948,Pacific Ocean,6
325,826.0,5304.0,sea_point,7633,Pacific Ocean,6
326,830.0,3276.0,path_vertex,,,2
327,831.86,3307.78,path_vertex,,,2
328,832.4300000000001,755.9,path_vertex,,,2
329,834.0,758.0,sea_point,5354,Yukon River,4
330,834.0,4758.0,sea_point,7472,Pacific Ocean,6
331,835.08,760.83,path_vertex,,,2
332,839.0,3320.0,sea_point,4956,Pacific Ocean,4
333,842.0,3057.0,sea_point,5840,Pacific Ocean,6
334,850.0,4071.0,sea_point,7548,Pacific Ocean,6
335,851.0,748.0,sea_point,5357,Yukon River,2
336,858.0,2028.0,sea_point,6583,Pacific Ocean,6
337,858.0,5678.0,sea_point,7852,Pacific Ocean,5
338,859.0,3266.0,sea_point,4945,Pacific Ocean,5
339,865.0,1419.0,sea_point,6247,Pacific Ocean,6
340,865.0,2511.0,sea_point,6841,Pacific Ocean,5
341,865.0,4914.0,sea_point,7382,Pacific Ocean,6
342,873.0,2184.0,sea_point,6586,Pacific Ocean,5
343,873.0,3868.0,sea_point,7358,Pacific Ocean,6
344,881.0,4196.0,sea_point,7466,Pacific Ocean,6
345,881.0,4633.0,sea_point,7373,Pacific Ocean,6
346,881.0,5506.0,sea_point,7758,Pacific Ocean,6
347,894.0,1024.0,sea_point,4309,Gulf of Alaska,4
348,897.0,3572.0,sea_point,6646,Pacific Ocean,5
349,897.51,999.62,path_vertex,,,2
350,898.0,746.0,sea_point,5362,Yukon River,2
351,904.0,941.0,province_center,662,McCarthy,6
352,904.0,1185.0,sea_point,5482,Gulf of Alaska,7
353,904.0,3744.0,sea_point,7088,Pacific Ocean,5
354,912.0,2667.0,sea_point,6846,Pacific Ocean,6
355,912.0,2823.0,sea_point,6609,Pacific Ocean,6
356,912.0,4352.0,sea_point,7368,Pacific Ocean,6
357,913.0,1521.0,sea_point,8219,Pacific Ocean,5
358,914.0,704.0,sea_point,5365,Yukon River,2
359,914.0,721.0,sea_point,5363,Yukon River,2
360,920.0,1903.0,sea_point,6260,Pacific Ocean,6
361,928.0,2386.0,sea_point,6594,Pacific Ocean,6
362,928.0,3416.0,sea_point,5879,Pacific Ocean,6
363,928.0,5382.0,sea_point,7637,Pacific Ocean,6
364,936.0,1622.0,sea_point,6254,Pacific Ocean,6
365,936.0,5116.0,sea_point,7387,Pacific Ocean,5
366,943.0,265.0,sea_point,3839,Beaufort Sea,4
367,943.0,1762.0,sea_point,6257,Pacific Ocean,6
368,943.0,2979.0,sea_point,6304,Pacific Ocean,6
369,943.0,3135.0,sea_point,5847,Pacific Ocean,7
370,943.0,4508.0,sea_point,7252,Pacific Ocean,6
371,950.0,684.0,sea_point,5366,Yukon River,2
372,951.0,1310.0,sea_point,5550,Gulf of Alaska,6
373,967.0,3962.0,sea_point,7463,Pacific Ocean,6
374,967.0,5241.0,sea_point,7485,Pacific Ocean,6
375,973.0,684.0,sea_point,5368,Yukon River,2
376,973.4,997.9200000000001,path_vertex,,,2
377,974.6700000000001,890.87,path_vertex,,,2
378,975.0,467.91,path_vertex,,,2
379,975.0,576.88,path_vertex,,,2
380,975.0,5600.0,sea_point,7808,Pacific Ocean,5
381,975.78,660.01,path_vertex,,,2
382,977.0,798.0,sea_point,5369,Yukon River,2
383,982.0,4118.0,sea_point,7465,Pacific Ocean,6
384,982.0,4836.0,sea_point,7261,Pacific Ocean,6
385,986.0,1066.0,sea_point,4310,Gulf of Alaska,4
386,990.0,2106.0,sea_point,6267,Pacific Ocean,6
387,990.0,3291.0,sea_point,5862,Pacific Ocean,7
388,998.0,2277.0,sea_point,6271,Pacific Ocean,7
389,998.0,3650.0,sea_point,6887,Pacific Ocean,7
390,998.0,3837.0,sea_point,7356,Pacific Ocean,7
391,998.0,4992.0,sea_point,7266,Pacific Ocean,7
392,1000.49,1049.49,path_vertex,,,2
393,1001.65,1013.35,path_vertex,,,2
394,1006.0,785.0,sea_point,5372,Yukon River,2
395,1012.0,1034.0,province_center,910,Elfin Cove,6
396,1014.0,934.0,path_vertex,,,2
397,1014.0,2558.0,sea_point,6598,Pacific Ocean,7
398,1014.0,4274.0,sea_point,7246,Pacific Ocean,6
399,1014.0,4711.0,sea_point,7116,Pacific Ocean,6
400,1021.0,1419.0,sea_point,5591,Pacific Ocean,6
401,1021.0,3510.0,sea_point,6641,Pacific Ocean,6
402,1024.0,687.0,province_center,737,Dawson,6
403,1029.0,5460.0,sea_point,7700,Pacific Ocean,6
404,1030.0,915.0,path_vertex,,,3
405,1031.18,553.49,path_vertex,,,2
406,1032.0,848.0,province_center,739,Destruction Bay,6
407,1032.0,974.0,path_vertex,,,2
408,1034.0,482.0,province_center,806,Old Crow,4
409,1034.0,2880.0,sea_point,8189,Pacific Ocean,5
410,1036.21,933.6,path_vertex,,,2
411,1037.0,958.0,province_center,671,Skagway,3
412,1037.0,2792.0,sea_point,6848,Pacific Ocean,6
413,1042.3600000000001,765.26,path_vertex,,,2
414,1042.49,771.69,path_vertex,,,2
415,1043.0,768.0,sea_point,5373,Yukon River,4
416,1045.0,4430.0,sea_point,7104,Pacific Ocean,6
417,1045.0,5709.0,sea_point,7855,Pacific Ocean,5
418,1053.0,1544.0,sea_point,5637,Pacific Ocean,7
419,1053.0,1981.0,sea_point,5684,Pacific Ocean,7
420,1060.0,956.0,path_vertex,,,2
421,1060.0,1840.0,sea_point,5659,Pacific Ocean,6
422,1060.0,5335.0,sea_point,7565,Pacific Ocean,6
423,1062.0,1127.0,sea_point,4311,Gulf of Alaska,4
424,1063.56,380.27,path_vertex,,,2
425,1068.0,3010.0,sea_point,6620,Pacific Ocean,6
426,1068.0,3166.0,sea_point,6316,Pacific Ocean,6
427,1069.0,360.0,sea_point,4281,Beaufort Sea,5
428,1069.97,933.0,path_vertex,,,2
429,1070.0,759.0,sea_point,5375,Yukon River,2
430,1076.0,1684.0,sea_point,5647,Pacific Ocean,6
431,1076.0,2433.0,sea_point,6278,Pacific Ocean,6
432,1076.0,4586.0,sea_point,6910,Pacific Ocean,6
433,1081.51,1117.48,path_vertex,,,2
434,1084.0,1222.0,sea_point,4312,Gulf of Alaska,5
435,1084.0,3385.0,sea_point,6327,Pacific Ocean,6
436,1084.0,5163.0,sea_point,7271,Pacific Ocean,7
437,1085.34,989.49,path_vertex,,,2
438,1092.0,3744.0,sea_point,7234,Pacific Ocean,5
439,1099.0,1307.0,sea_point,4313,Gulf of Alaska,5
440,1099.0,3978.0,sea_point,7545,Pacific Ocean,6
441,1099.0,5569.0,sea_point,7759,Pacific Ocean,6
442,1101.18,883.88,path_vertex,,,2
443,1107.0,4149.0,sea_point,7366,Pacific Ocean,6
444,1109.24,1223.21,path_vertex,,,2
445,1111.0,757.0,sea_point,5376,Yukon River,2
446,1112.24,861.1,path_vertex,,,2
447,1115.0,2199.0,sea_point,5744,Pacific Ocean,5
448,1115.0,4914.0,sea_point,6924,Pacific Ocean,5
449,1119.4,1075.4,path_vertex,,,2
450,1121.6000000000001,1299.2,path_vertex,,,2
451,1123.0,895.0,province_center,995,Carcross,4
452,1123.0,2683.0,sea_point,6602,Pacific Ocean,5
453,1123.0,3619.0,sea_point,7082,Pacific Ocean,6
454,1127.0,1222.0,province_center,682,Prince Rupert,4
455,1130.04,877.87,path_vertex,,,2
456,1130.73,1196.8500000000001,path_vertex,,,2
457,1134.0,866.0,province_center,738,Whitehorse,4
458,1136.0,765.0,sea_point,5377,Yukon River,2
459,1136.84,933.0,path_vertex,,,2
460,1136.92,1245.44,path_vertex,,,2
461,1144.0,952.0,province_center,678,Cassiar,6
462,1145.0,1085.0,province_center,677,Iskut,7
463,1146.0,2324.0,sea_point,5774,Pacific Ocean,7
464,1146.0,4352.0,sea_point,7101,Pacific Ocean,6
465,1146.0,4789.0,sea_point,6695,Pacific Ocean,6
466,1146.0,5038.0,sea_point,7125,Pacific Ocean,6
467,1146.34,1223.93,path_vertex,,,2
468,1148.8500000000001,1029.77,path_vertex,,,2
469,1153.01,845.02,path_vertex,,,2
470,1154.0,249.0,sea_point,3834,Beaufort Sea,4
471,1154.0,783.0,sea_point,5380,Yukon River,2
472,1154.0,3494.0,sea_point,6878,Pacific Ocean,6
473,1154.0,5428.0,sea_point,7638,Pacific Ocean,7
474,1155.88,856.02,path_vertex,,,2
475,1157.0,1114.0,path_vertex,,,2
476,1159.0,2925.0,sea_point,8188,Pacific Ocean,5
477,1162.0,3260.0,sea_point,6628,Pacific Ocean,6
478,1162.0,3853.0,sea_point,7457,Pacific Ocean,6
479,1163.0,834.0,sea_point,5386,Yukon River,2
480,1170.0,786.0,sea_point,5381,Yukon River,2
481,1170.0,802.0,sea_point,5384,Yukon River,2
482,1170.0,2558.0,sea_point,6283,Pacific Ocean,6
483,1170.0,2808.0,sea_point,6850,Pacific Ocean,6
484,1170.0,5678.0,sea_point,7809,Pacific Ocean,5
485,1176.0,1282.0,province_center,683,Kitimat,5
486,1176.0,1914.0,sea_point,4324,Pacific Ocean,4
487,1177.0,4508.0,sea_point,6678,Pacific Ocean,7
488,1177.0,5257.0,sea_point,7392,Pacific Ocean,6
489,1179.0,1483.0,sea_point,4319,Pacific Ocean,4
490,1179.49,1257.0,path_vertex,,,2
491,1183.0,1227.0,province_center,675,Terrace,5
492,1188.1200000000001,1029.1,path_vertex,,,2
493,1188.98,690.79,path_vertex,,,2
494,1189.0,950.13,path_vertex,,,2
495,1192.0,2011.0,sea_point,4325,Pacific Ocean,4
496,1194.0,1406.0,sea_point,4314,Juan de Fuca Strait,4
497,1198.0,1588.0,sea_point,4320,Pacific Ocean,4
498,1200.1100000000001,1431.83,path_vertex,,,2
499,1201.0,3161.0,sea_point,8187,Pacific Ocean,5
500,1203.0,1446.0,province_center,680,Nanaimo,2
501,1203.04,761.98,path_vertex,,,2
502,1204.3500000000001,1401.25,path_vertex,,,2
503,1206.0,1753.0,sea_point,4322,Pacific Ocean,5
504,1207.79,1326.1200000000001,path_vertex,,,2
505,1209.0,1482.0,sea_point,4690,Baffin Bay,2
506,1209.0,1660.0,sea_point,4321,Pacific Ocean,5
507,1209.0,2111.0,sea_point,4326,Pacific Ocean,5
508,1209.0,4664.0,sea_point,6409,Pacific Ocean,6
509,1210.64,1110.14,path_vertex,,,2
510,1211.3500000000001,2020.8700000000001,path_vertex,,,2
511,1216.0,3026.0,sea_point,6860,Pacific Ocean,7
512,1216.8700000000001,933.0,path_vertex,,,2
513,1219.0,1729.0,sea_point,5349,Pacific Ocean,3
514,1222.3500000000001,1760.2,path_vertex,,,2
515,1223.0,2026.0,province_center,498,Eureka,6
516,1224.0,3728.0,sea_point,7352,Pacific Ocean,6
517,1224.0,5538.0,sea_point,7705,Pacific Ocean,6
518,1225.22,1593.3,path_vertex,,,2
519,1225.4,1463.2,path_vertex,,,2
520,1227.0,384.0,sea_point,4280,Beaufort Sea,4
521,1229.3600000000001,1670.73,path_vertex,,,2
522,1232.0,2433.0,sea_point,5795,Pacific Ocean,6
523,1232.0,3369.0,sea_point,6873,Pacific Ocean,6
524,1232.0,3993.0,sea_point,7464,Pacific Ocean,6
525,1236.0,1145.0,path_vertex,,,2
526,1236.0,1472.0,province_center,681,Victoria (BC),2
527,1238.0,1947.0,path_vertex,,,2
528,1240.0,5132.0,sea_point,7130,Pacific Ocean,6
529,1242.0,1485.0,path_vertex,,,2
530,1244.0,1493.0,sea_point,4318,Juan de Fuca Strait,3
531,1246.0,1238.0,path_vertex,,,2
532,1248.0,1376.0,province_center,674,Whistler,6
533,1248.26,2087.0,path_vertex,,,2
534,1249.0,946.0,province_center,679,Toad River,6
535,1250.29,1206.53,path_vertex,,,2
536,1254.0,1448.0,sea_point,4316,Juan de Fuca Strait,3
537,1255.0,3603.0,sea_point,7231,Pacific Ocean,6
538,1257.02,538.5600000000001,path_vertex,,,2
539,1257.76,1023.38,path_vertex,,,2
540,1258.0,2226.0,sea_point,4327,Pacific Ocean,6
541,1263.0,2901.0,sea_point,6854,Pacific Ocean,6
542,1263.0,4149.0,sea_point,7243,Pacific Ocean,6
543,1265.0,1730.0,sea_point,5387,Snake River,4
544,1265.27,1440.27,path_vertex,,,2
545,1265.55,1726.44,path_vertex,,,2
546,1265.64,1733.44,path_vertex,,,2
547,1266.55,2198.37,path_vertex,,,2
548,1267.46,1410.31,path_vertex,,,2
549,1268.0,1132.0,province_center,684,Hazelton,6
550,1271.0,1645.0,province_center,438,Portland,2
551,1271.0,1691.0,province_center,451,Salem (OR),5
552,1271.0,4882.0,sea_point,6425,Pacific Ocean,6
553,1271.0,5350.0,sea_point,7487,Pacific Ocean,5
554,1271.04,1665.13,path_vertex,,,2
555,1272.0,5808.0,sea_point,4884,sea,5
556,1275.0,1784.0,province_center,449,Eugene,5
557,1276.32,1153.34,path_vertex,,,2
558,1277.0,2158.0,province_center,501,Santa Rosa (CA),4
559,1278.0,793.0,province_center,740,Ross River,4
560,1278.3600000000001,1947.0,path_vertex,,,2
561,1279.0,1430.0,province_center,461,Vancouver,3
562,1279.0,2652.0,sea_point,6287,Pacific Ocean,6
563,1280.0,1500.0,sea_point,4688,Baffin Bay,2
564,1282.0,1727.0,sea_point,5389,Snake River,2
565,1282.16,1629.8,path_vertex,,,2
566,1284.0,2276.0,sea_point,4329,Pacific Ocean,4
567,1284.26,2070.7200000000003,path_vertex,,,2
568,1287.0,1378.43,path_vertex,,,2
569,1288.0,1479.0,sea_point,4685,Baffin Bay,2
570,1290.0,1194.0,province_center,676,Smithers,8
571,1290.0,1899.0,path_vertex,,,2
572,1290.88,2236.9,path_vertex,,,2
573,1294.0,4305.0,sea_point,6900,Pacific Ocean,6
574,1294.0,5647.0,sea_point,7763,Pacific Ocean,5
575,1296.0,1927.0,province_center,450,Medford,5
576,1297.5,766.5,path_vertex,,,2
577,1298.0,1606.0,province_center,452,Tacoma,5
578,1299.42,1416.1200000000001,path_vertex,,,2
579,1300.51,945.94,path_vertex,,,2
580,1301.0,1301.0,path_vertex,,,2
581,1301.0,1519.0,sea_point,4317,Juan de Fuca Strait,4
582,1302.0,3478.0,sea_point,7078,Pacific Ocean,5
583,1302.0,5007.0,sea_point,6710,Pacific Ocean,6
584,1304.1200000000001,2044.1100000000001,path_vertex,,,2
585,1306.78,1643.27,path_vertex,,,2
586,1307.46,1007.3100000000001,path_vertex,,,2
587,1309.0,2247.0,province_center,485,San Francisco,3
588,1310.0,2776.0,sea_point,6607,Pacific Ocean,6
589,1310.0,3244.0,sea_point,6870,Pacific Ocean,7
590,1315.06,2175.52,path_vertex,,,2
591,1316.5,1899.5,path_vertex,,,2
592,1316.8,1947.0,path_vertex,,,2
593,1317.79,1580.52,path_vertex,,,2
594,1318.0,3104.0,sea_point,6865,Pacific Ocean,5
595,1318.0,3822.0,sea_point,7456,Pacific Ocean,6
596,1320.2,2126.5,path_vertex,,,2
597,1321.24,798.7,path_vertex,,,2
598,1321.3,1526.04,path_vertex,,,2
599,1321.95,1082.7,path_vertex,,,2
600,1322.34,1553.66,path_vertex,,,2
601,1323.53,1924.08,path_vertex,,,2
602,1324.88,2281.14,path_vertex,,,2
603,1325.0,1739.0,sea_point,5390,Snake River,2
604,1326.0,1336.0,path_vertex,,,2
605,1326.0,2527.0,sea_point,5801,Pacific Ocean,6
606,1326.0,4461.0,sea_point,6396,Pacific Ocean,5
607,1326.57,1126.8600000000001,path_vertex,,,2
608,1328.0,2249.0,path_vertex,,,2
609,1329.0,1565.0,province_center,356,Seattle,4
610,1329.23,2269.13,path_vertex,,,2
611,1330.33,1156.67,path_vertex,,,2
612,1333.0,265.0,sea_point,3841,Beaufort Sea,4
613,1333.0,4758.0,sea_point,6033,Pacific Ocean,6
614,1333.0,5226.0,sea_point,7273,Pacific Ocean,6
615,1333.01,1538.92,path_vertex,,,2
616,1333.9,1307.7,path_vertex,,,2
617,1335.0,1530.0,province_center,456,Everett,6
618,1339.34,1646.44,path_vertex,,,2
619,1340.0,2052.0,province_center,500,Redding,5
620,1340.0,2111.0,province_center,502,Chico,6
621,1340.0,2282.0,province_center,499,Salinas,5
622,1340.0,2340.0,sea_point,4330,Pacific Ocean,4
623,1340.95,2065.0,path_vertex,,,2
624,1341.0,1749.0,sea_point,5391,Snake River,2
625,1341.0,4617.0,sea_point,6017,Pacific Ocean,6
626,1341.0,5460.0,sea_point,7570,Pacific Ocean,6
627,1342.1000000000001,2255.0,path_vertex,,,2
628,1343.03,1447.0,path_vertex,,,2
629,1347.39,1210.26,path_vertex,,,2
630,1348.0,1381.0,province_center,994,Merritt,6
631,1348.3600000000001,1604.32,path_vertex,,,2
632,1348.49,2143.0,path_vertex,,,2
633,1349.0,3697.0,sea_point,7351,Pacific Ocean,7
634,1351.99,1252.02,path_vertex,,,2
635,1352.3,1352.1000000000001,path_vertex,,,2
636,1353.0,423.0,sea_point,4279,Beaufort Sea,5
637,1354.0,1337.0,province_center,673,Kamloops,5
638,1357.0,4024.0,sea_point,7362,Pacific Ocean,6
639,1359.0,1749.0,sea_point,5396,Snake River,2
640,1359.3700000000001,1579.42,path_vertex,,,2
641,1362.0,1319.0,path_vertex,,,2
642,1362.0,2197.0,province_center,486,Sacramento,7
643,1363.27,458.38,path_vertex,,,2
644,1364.08,1097.77,path_vertex,,,2
645,1365.0,1123.0,province_center,685,Mackenzie,7
646,1365.0,2979.0,sea_point,6618,Pacific Ocean,6
647,1366.0,937.0,province_center,672,Fort Nelson,4
648,1366.0,1041.0,province_center,686,Wonowon,4
649,1367.96,931.14,path_vertex,,,2
650,1368.0,2360.0,sea_point,4331,Pacific Ocean,3
651,1372.0,3369.0,sea_point,7075,Pacific Ocean,7
652,1372.23,1550.81,path_vertex,,,2
653,1372.81,1173.66,path_vertex,,,2
654,1373.26,2260.36,path_vertex,,,2
655,1373.77,2209.12,path_vertex,,,2
656,1375.0,1342.0,path_vertex,,,2
657,1376.06,1947.82,path_vertex,,,2
658,1377.3500000000001,1386.2,path_vertex,,,2
659,1378.0,1360.0,path_vertex,,,2
660,1378.1000000000001,1242.7,path_vertex,,,2
661,1379.0,1219.0,province_center,669,Prince George,4
662,1379.0,1277.0,province_center,690,Williams Lake,5
663,1382.0,1735.0,sea_point,5402,Snake River,2
664,1382.0,2411.0,sea_point,4332,Pacific Ocean,2
665,1382.67,2350.84,path_vertex,,,2
666,1384.0,806.0,province_center,741,Nahanni Butte,6
667,1386.0,1917.0,province_center,454,Klamath Falls,6
668,1386.26,1054.52,path_vertex,,,2
669,1388.0,4180.0,sea_point,7094,Pacific Ocean,6
670,1388.01,992.9,path_vertex,,,2
671,1388.98,699.22,path_vertex,,,2
672,1391.0,1786.94,path_vertex,,,2
673,1391.93,1100.99,path_vertex,,,2
674,1394.0,573.0,province_center,805,Aklavik,6
675,1396.0,3572.0,sea_point,7230,Pacific Ocean,6
676,1396.0,5101.0,sea_point,6934,Pacific Ocean,6
677,1398.0,2297.0,path_vertex,,,2
678,1400.0,1727.0,sea_point,5403,Snake River,2
679,1402.0,2239.0,province_center,503,Merced,4
680,1402.26,1843.38,path_vertex,,,2
681,1404.0,5335.0,sea_point,7395,Pacific Ocean,6
682,1404.4,1447.79,path_vertex,,,2
683,1405.0,1602.0,province_center,455,Yakima,6
684,1406.0,1702.0,sea_point,5406,Snake River,2
685,1407.0,1713.0,sea_point,5405,Snake River,2
686,1409.84,1314.08,path_vertex,,,2
687,1411.0,5569.0,sea_point,7644,Pacific Ocean,6
688,1412.0,2334.0,province_center,504,Fresno,6
689,1415.0,1787.0,province_center,448,Bend,6
690,1417.0,1705.0,sea_point,5407,Snake River,2
691,1418.15,2307.23,path_vertex,,,2
692,1419.0,4336.0,sea_point,6671,Pacific Ocean,6
693,1420.0,1077.0,province_center,668,Fort St. John,5
694,1427.0,2605.0,sea_point,5807,Pacific Ocean,7
695,1427.0,2854.0,sea_point,6296,Pacific Ocean,7
696,1427.0,4851.0,sea_point,6047,Pacific Ocean,7
697,1428.0,5832.0,sea_point,4891,sea,4
698,1428.05,2174.25,path_vertex,,,2
699,1430.74,2072.61,path_vertex,,,2
700,1431.42,2120.12,path_vertex,,,2
701,1433.0,1948.0,path_vertex,,,2
702,1433.0,2427.0,sea_point,4333,Pacific Ocean,5
703,1435.0,3900.0,sea_point,7459,Pacific Ocean,6
704,1435.96,2178.0,path_vertex,,,2
705,1439.0,1704.0,sea_point,5410,Snake River,2
706,1440.77,2138.15,path_vertex,,,2
707,1440.82,1882.82,path_vertex,,,2
708,1443.0,3166.0,sea_point,6623,Pacific Ocean,6
709,1443.17,2408.1,path_vertex,,,2
710,1443.52,1186.01,path_vertex,,,2
711,1444.0,955.79,path_vertex,,,2
712,1444.0,998.72,path_vertex,,,2
713,1444.0,1087.0,path_vertex,,,2
714,1444.0,1111.0,path_vertex,,,2
715,1444.0,1146.64,path_vertex,,,2
716,1444.0,1398.0,province_center,670,Kelowna,5
717,1444.0,4726.0,sea_point,4939,Pacific Ocean,4
718,1444.2,2286.4,path_vertex,,,2
719,1446.0,2302.0,path_vertex,,,2
720,1446.0,4663.0,sea_point,4940,Pacific Ocean,5
721,1446.15,2037.54,path_vertex,,,2
722,1450.5,1495.81,path_vertex,,,2
723,1451.23,2347.0,path_vertex,,,2
724,1451.34,1381.51,path_vertex,,,2
725,1452.58,1532.0,path_vertex,,,2
726,1453.0,1648.0,sea_point,5415,Snake River,2
727,1456.0,1666.0,sea_point,5414,Snake River,2
728,1456.1200000000001,1620.93,path_vertex,,,2
729,1458.0,4976.0,sea_point,6430,Pacific Ocean,6
730,1458.78,1448.44,path_vertex,,,2
731,1458.82,929.7,path_vertex,,,2
732,1459.0,1359.0,province_center,688,Vernon,5
733,1459.0,1622.0,sea_point,5416,Snake River,4
734,1460.0,1607.0,sea_point,5419,Snake River,2
735,1460.0,2373.0,province_center,489,Bakersfield,5
736,1460.98,2232.66,path_vertex,,,2
737,1461.0,2123.0,province_center,497,Reno,5
738,1461.81,1623.8,path_vertex,,,2
739,1465.0,1697.0,sea_point,5411,Snake River,2
740,1466.0,4524.0,sea_point,6007,Pacific Ocean,7
741,1466.0,5210.0,sea_point,7135,Pacific Ocean,6
742,1466.8700000000001,1817.64,path_vertex,,,2
743,1468.0,1598.0,sea_point,5421,Snake River,2
744,1469.33,1241.18,path_vertex,,,2
745,1470.0,1489.0,province_center,460,Omak,4
746,1470.0,1672.0,sea_point,5413,Snake River,2
747,1471.0,2149.0,path_vertex,,,2
748,1471.0,2303.0,path_vertex,,,2
749,1471.7,4690.1,path_vertex,,,2
750,1473.0,1584.0,sea_point,5422,Snake River,2
751,1474.0,327.0,sea_point,4013,Beaufort Sea,4
752,1474.0,2730.0,sea_point,5814,Pacific Ocean,5
753,1474.0,3291.0,sea_point,6871,Pacific Ocean,6
754,1474.0,5444.0,sea_point,7492,Pacific Ocean,6
755,1477.0,1691.0,sea_point,5412,Snake River,2
756,1477.04,4706.91,path_vertex,,,2
757,1478.8,2098.6,path_vertex,,,2
758,1479.0,963.0,province_center,709,Worsley,6
759,1482.0,4702.0,province_center,1403,Mo'orea,4
760,1482.0,5678.0,sea_point,7710,Pacific Ocean,6
761,1484.2,1700.4,path_vertex,,,2
762,1484.97,1077.84,path_vertex,,,2
763,1486.27,1343.22,path_vertex,,,2
764,1486.55,763.1,path_vertex,,,3
765,1487.0,1104.0,province_center,705,Grand Prairie,5
766,1488.56,1125.82,path_vertex,,,2
767,1488.77,2120.85,path_vertex,,,2
768,1489.0,4710.0,path_vertex,,,2
769,1490.0,2453.0,sea_point,4334,Pacific Ocean,3
770,1491.0,1160.0,province_center,708,Grand Cache,6
771,1491.0,1568.0,sea_point,5424,Snake River,2
772,1492.0,1772.1200000000001,path_vertex,,,2
773,1494.92,2325.13,path_vertex,,,2
774,1497.0,3650.0,sea_point,7232,Pacific Ocean,6
775,1497.0,4087.0,sea_point,7241,Pacific Ocean,7
776,1497.94,2351.59,path_vertex,,,2
777,1499.6000000000001,4690.8,path_vertex,,,2
778,1501.0,1649.0,province_center,458,Kennewick,5
779,1502.0,2227.0,province_center,508,Bishop,7
780,1502.4,2415.2000000000003,path_vertex,,,2
781,1505.0,3042.0,sea_point,6308,Pacific Ocean,6
782,1506.0,1840.0,province_center,453,Burns,4
783,1508.0,4731.0,sea_point,4937,Pacific Ocean,6
784,1508.16,2442.4700000000003,path_vertex,,,2
785,1510.8500000000001,1109.01,path_vertex,,,2
786,1515.0,1556.0,sea_point,5427,Snake River,2
787,1515.33,1523.0,path_vertex,,,2
788,1515.5,1415.5,path_vertex,,,2
789,1516.3500000000001,2400.89,path_vertex,,,2
790,1517.0,479.0,sea_point,4278,"(0.0,1283.0",4
791,1517.72,1796.66,path_vertex,,,2
792,1518.0,1553.0,path_vertex,,,2
793,1518.0,2430.0,province_center,484,Los Angeles,3
794,1518.0,2467.0,sea_point,4336,Pacific Ocean,5
795,1519.05,1593.15,path_vertex,,,3
796,1521.0,3510.0,sea_point,7080,Pacific Ocean,6
797,1523.09,1720.74,path_vertex,,,2
798,1525.0,1765.0,province_center,447,Baker City,8
799,1528.0,2229.4900000000002,path_vertex,,,2
800,1528.0,3775.0,sea_point,7354,Pacific Ocean,6
801,1528.0,4243.0,sea_point,6899,Pacific Ocean,6
802,1528.0,5085.0,sea_point,6712,Pacific Ocean,6
803,1528.17,2282.26,path_vertex,,,2
804,1528.56,719.4,path_vertex,,,2
805,1528.9,1554.3,path_vertex,,,2
806,1529.44,1915.3700000000001,path_vertex,,,2
807,1530.5,2358.5,path_vertex,,,2
808,1531.0,2345.0,path_vertex,,,2
809,1531.07,1642.51,path_vertex,,,2
810,1532.45,2458.81,path_vertex,,,2
811,1533.4,2449.2000000000003,path_vertex,,,2
812,1534.0,1537.0,province_center,439,Spokane,4
813,1536.0,5319.0,sea_point,7279,Pacific Ocean,6
814,1537.93,1207.08,path_vertex,,,2
815,1538.0,2455.0,province_center,488,Anaheim,7
816,1540.04,4728.41,path_vertex,,,2
817,1543.0,2423.0,path_vertex,,,3
818,1543.0,4656.0,sea_point,4935,Pacific Ocean,7
819,1544.0,5553.0,sea_point,7572,Pacific Ocean,6
820,1544.4,1948.0,path_vertex,,,2
821,1547.0,2322.0,province_center,507,Olancha,6
822,1547.0,2496.0,sea_point,4338,Pacific Ocean,3
823,1547.24,1564.94,path_vertex,,,2
824,1548.0,2023.0,province_center,496,Battle Mountain,7
825,1548.41,2194.73,path_vertex,,,2
826,1549.15,1145.93,path_vertex,,,2
827,1550.83,2070.06,path_vertex,,,2
828,1551.19,972.04,path_vertex,,,2
829,1552.0,4414.0,sea_point,6393,Pacific Ocean,6
830,1553.0,1318.0,province_center,689,Golden,3
831,1553.0,2119.0,province_center,506,Austin (NV),6
832,1553.3700000000001,928.0,path_vertex,,,2
833,1554.0,3906.0,sea_point,8175,Pacific Ocean,5
834,1554.89,1062.19,path_vertex,,,2
835,1556.0,2528.0,sea_point,4339,Pacific Ocean,3
836,1556.95,1698.1200000000001,path_vertex,,,2
837,1560.0,2161.0,path_vertex,,,3
838,1560.0,4898.0,sea_point,6052,Pacific Ocean,6
839,1561.0,2498.8,path_vertex,,,2
840,1561.0,2551.0,sea_point,4340,Pacific Ocean,4
841,1561.05,2284.7000000000003,path_vertex,,,2
842,1561.17,4700.58,path_vertex,,,2
843,1561.79,1364.54,path_vertex,,,2
844,1563.51,1536.08,path_vertex,,,2
845,1564.21,1852.02,path_vertex,,,2
846,1564.82,1823.88,path_vertex,,,2
847,1565.0,2527.17,path_vertex,,,2
848,1566.0,2483.0,path_vertex,,,2
849,1566.0,4761.0,sea_point,4934,Pacific Ocean,5
850,1567.0,1398.0,province_center,687,Cranbrook,5
851,1567.0,2917.0,sea_point,5828,Pacific Ocean,5
852,1567.0,3385.0,sea_point,6875,Pacific Ocean,6
853,1567.1000000000001,2551.2000000000003,path_vertex,,,2
854,1568.31,589.98,path_vertex,,,2
855,1569.13,4740.81,path_vertex,,,2
856,1571.0,4725.0,province_center,1402,Papeete,4
857,1573.0,1632.0,province_center,457,Lewiston,5
858,1573.9,2206.55,path_vertex,,,2
859,1574.0,2595.0,sea_point,4342,Pacific Ocean,3
860,1574.76,1449.0,path_vertex,,,2
861,1576.0,2501.0,province_center,487,San Diego,3
862,1577.2,1301.6000000000001,path_vertex,,,2
863,1577.55,1894.1000000000001,path_vertex,,,3
864,1578.3500000000001,753.98,path_vertex,,,2
865,1578.48,1596.43,path_vertex,,,2
866,1578.5,2323.5,path_vertex,,,2
867,1579.53,2595.07,path_vertex,,,2
868,1580.0,2233.0,province_center,505,Tonopah,5
869,1582.0,2548.0,province_center,869,Tijuana,3
870,1583.0,975.0,province_center,704,Peace River,6
871,1585.0,2399.5,path_vertex,,,2
872,1586.0,1535.0,province_center,459,Coeur d'Alene,5
873,1586.0,1856.0,province_center,441,Nampa,7
874,1586.0,2561.0,path_vertex,,,2
875,1592.53,2046.76,path_vertex,,,2
876,1592.8700000000001,1037.69,path_vertex,,,2
877,1593.24,1816.06,path_vertex,,,2
878,1594.65,2011.8600000000001,path_vertex,,,2
879,1596.04,2535.3,path_vertex,,,2
880,1597.0,2593.0,province_center,870,Ensenada,5
881,1597.7,2449.64,path_vertex,,,2
882,1597.81,2504.04,path_vertex,,,2
883,1597.95,1948.0,path_vertex,,,2
884,1599.0,3135.0,sea_point,6313,Pacific Ocean,6
885,1599.0,5194.0,sea_point,7134,Pacific Ocean,6
886,1599.28,2292.51,path_vertex,,,2
887,1600.0,928.0,path_vertex,,,2
888,1600.83,1846.07,path_vertex,,,2
889,1603.03,4713.32,path_vertex,,,2
890,1605.0,2009.0,province_center,495,Elko,6
891,1606.0,374.0,sea_point,4017,Beaufort Sea,4
892,1606.0,1129.0,province_center,706,Whitecourt,8
893,1606.0,1275.0,province_center,707,Banff,6
894,1606.0,5428.0,sea_point,7490,Pacific Ocean,6
895,1606.0,5709.0,sea_point,7765,Pacific Ocean,6
896,1606.75,2487.4900000000002,path_vertex,,,2
897,1606.99,1170.1100000000001,path_vertex,,,2
898,1608.0,2380.0,path_vertex,,,2
899,1608.0,2646.0,sea_point,4343,Pacific Ocean,5
900,1608.2,2234.4,path_vertex,,,2
901,1615.82,2615.77,path_vertex,,,2
902,1617.0,1833.0,province_center,440,Boise,3
903,1617.3500000000001,2647.48,path_vertex,,,2
904,1622.0,3619.0,sea_point,7083,Pacific Ocean,5
905,1622.0,4024.0,sea_point,7363,Pacific Ocean,5
906,1622.0,4555.0,sea_point,6011,Pacific Ocean,6
907,1623.0,2700.0,sea_point,4344,Pacific Ocean,2
908,1625.0,1688.0,path_vertex,,,2
909,1625.0,4704.0,sea_point,4942,Pacific Ocean,5
910,1630.0,3260.0,sea_point,6629,Pacific Ocean,6
911,1630.0,5007.0,sea_point,6432,Pacific Ocean,6
912,1631.31,1810.38,path_vertex,,,2
913,1631.3700000000001,2052.0,path_vertex,,,2
914,1632.0,2119.0,path_vertex,,,2
915,1632.74,1163.3,path_vertex,,,2
916,1633.14,1850.18,path_vertex,,,2
917,1634.05,1756.92,path_vertex,,,2
918,1635.1000000000001,1543.6000000000001,path_vertex,,,2
919,1636.01,2465.9900000000002,path_vertex,,,2
920,1636.56,2193.94,path_vertex,,,2
921,1637.28,1449.0,path_vertex,,,2
922,1637.3,1837.1000000000001,path_vertex,,,2
923,1638.67,1299.33,path_vertex,,,2
924,1643.0,2649.0,province_center,871,La Suerte,4
925,1646.0,2437.0,province_center,491,Palm Springs,4
926,1647.3600000000001,1243.05,path_vertex,,,2
927,1647.99,2527.05,path_vertex,,,2
928,1648.0,4723.0,sea_point,4056,Pacific Ocean,2
929,1651.06,1890.94,path_vertex,,,2
930,1651.63,1097.82,path_vertex,,,2
931,1653.0,3744.0,sea_point,7235,Pacific Ocean,6
932,1653.0,4180.0,sea_point,7095,Pacific Ocean,7
933,1653.0,4336.0,sea_point,6672,Pacific Ocean,5
934,1653.55,2411.7400000000002,path_vertex,,,2
935,1653.94,1948.0,path_vertex,,,2
936,1654.1000000000001,1286.7,path_vertex,,,2
937,1655.0,4758.0,sea_point,4944,Pacific Ocean,6
938,1656.0,524.0,sea_point,4277,Beaufort Sea,4
939,1656.44,1133.74,path_vertex,,,2
940,1657.68,1589.96,path_vertex,,,2
941,1658.0,2295.0,path_vertex,,,2
942,1658.0,2512.0,province_center,490,El Centro,6
943,1660.0,2314.0,path_vertex,,,2
944,1661.0,3010.0,sea_point,5835,Pacific Ocean,7
945,1665.0,2823.0,sea_point,4348,Pacific Ocean,2
946,1666.14,2689.4700000000003,path_vertex,,,2
947,1666.64,1416.58,path_vertex,,,2
948,1669.0,729.0,province_center,742,Yellowknife,5
949,1669.0,2747.0,sea_point,4345,Pacific Ocean,6
950,1669.0,3494.0,sea_point,6879,Pacific Ocean,6
951,1669.0,5304.0,sea_point,7393,Pacific Ocean,6
952,1669.0,5584.0,sea_point,7645,Pacific Ocean,6
953,1671.0,1291.0,province_center,691,Calgary,4
954,1671.0,2119.0,province_center,494,Ely,6
955,1673.0,1266.0,path_vertex,,,2
956,1673.05,2156.0,path_vertex,,,2
957,1675.0,1220.0,province_center,693,Red Deer,7
958,1675.0,2234.0,province_center,493,Crystal Springs,8
959,1675.0,2340.0,province_center,492,Henderson,7
960,1676.69,2734.79,path_vertex,,,2
961,1678.0,1844.0,province_center,445,Carey,7
962,1678.0,2640.0,path_vertex,,,2
963,1678.8,2324.6,path_vertex,,,2
964,1679.33,1025.8600000000001,path_vertex,,,2
965,1680.0,5856.0,sea_point,4898,sea,5
966,1680.6000000000001,2279.2000000000003,path_vertex,,,2
967,1680.89,1309.6000000000001,path_vertex,,,2
968,1681.02,1159.2,path_vertex,,,2
969,1681.26,1869.64,path_vertex,,,2
970,1681.49,1793.15,path_vertex,,,2
971,1682.16,2587.68,path_vertex,,,2
972,1683.0,1137.0,province_center,692,Edmonton,4
973,1683.0,1753.0,province_center,446,Stanley,6
974,1684.0,1909.0,province_center,444,Burley,5
975,1684.0,2304.0,province_center,483,Las Vegas,3
976,1684.0,2720.0,province_center,873,Punta Prieta,4
977,1684.0,3868.0,sea_point,7359,Pacific Ocean,7
978,1685.18,689.96,path_vertex,,,2
979,1688.0,2385.0,sea_point,5521,Colorado River,3
980,1689.0,1115.0,path_vertex,,,2
981,1689.0,2519.0,sea_point,5502,Colorado River,2
982,1691.0,2490.0,sea_point,5510,Colorado River,2
983,1691.21,2345.9700000000003,path_vertex,,,2
984,1691.95,1104.3500000000001,path_vertex,,,2
985,1692.0,2631.0,sea_point,4364,Gulf of California,4
986,1692.0,4882.0,sea_point,6051,Pacific Ocean,6
987,1693.0,2553.0,sea_point,5487,Colorado River,2
988,1693.3,1290.9,path_vertex,,,2
989,1694.0,2347.0,sea_point,5608,Colorado River,4
990,1694.0,2376.0,sea_point,5607,Colorado River,2
991,1694.54,959.37,path_vertex,,,2
992,1695.79,2704.81,path_vertex,,,2
993,1696.0,2405.0,sea_point,5520,Colorado River,2
994,1696.0,2456.0,sea_point,5513,Colorado River,2
995,1697.0,1342.0,province_center,712,Claresholm,6
996,1697.0,2330.0,sea_point,5611,Colorado River,2
997,1697.0,2347.0,path_vertex,,,2
998,1699.0,2539.0,sea_point,5488,Colorado River,2
999,1699.27,1619.0,path_vertex,,,2
1000,1700.0,3369.0,sea_point,6632,Pacific Ocean,6
1001,1700.0,5116.0,sea_point,6935,Pacific Ocean,6
1002,1703.0,2526.0,sea_point,5497,Colorado River,2
1003,1704.0,2482.0,sea_point,5511,Colorado River,2
1004,1704.24,1132.06,path_vertex,,,2
1005,1706.03,1396.84,path_vertex,,,2
1006,1706.92,2311.64,path_vertex,,,2
1007,1708.0,2312.0,sea_point,5612,Colorado River,2
1008,1709.0,2518.0,province_center,213,Yuma,5
1009,1709.0,2586.0,sea_point,3346,Gulf of California,4
1010,1710.0,1424.0,province_center,711,Cardston,7
1011,1712.98,1449.51,path_vertex,,,2
1012,1713.28,2422.98,path_vertex,,,2
1013,1714.0,2678.0,sea_point,4361,Gulf of California,4
1014,1716.0,2435.0,sea_point,5514,Colorado River,2
1015,1716.24,2768.9,path_vertex,,,2
1016,1717.1000000000001,1367.3,path_vertex,,,2
1017,1718.0,2422.0,sea_point,5515,Colorado River,4
1018,1718.8,2530.26,path_vertex,,,2
1019,1719.0,604.0,province_center,810,Coppermine,6
1020,1720.0,2879.0,sea_point,4347,Pacific Ocean,5
1021,1720.95,1399.19,path_vertex,,,2
1022,1721.0,2421.11,path_vertex,,,2
1023,1722.0,1048.0,province_center,710,Boyle,5
1024,1722.0,1557.0,province_center,220,Missoula,7
1025,1722.16,2290.08,path_vertex,,,2
1026,1723.0,4477.0,sea_point,6400,Pacific Ocean,6
1027,1725.0,2725.0,sea_point,3846,Scotia Sea,2
1028,1725.39,1025.0,path_vertex,,,2
1029,1725.75,1702.26,path_vertex,,,2
1030,1726.0,1991.48,path_vertex,,,2
1031,1726.0,2036.69,path_vertex,,,2
1032,1726.0,2100.58,path_vertex,,,2
1033,1726.0,2110.78,path_vertex,,,2
1034,1726.0,2162.05,path_vertex,,,2
1035,1726.0,2225.62,path_vertex,,,2
1036,1726.79,928.0,path_vertex,,,2
1037,1729.0,1382.0,province_center,694,Lethbridge,3
1038,1729.0,2362.0,sea_point,5525,Colorado River,2
1039,1731.0,5460.0,sea_point,7571,Pacific Ocean,6
1040,1733.3600000000001,1257.84,path_vertex,,,2
1041,1734.0,953.0,province_center,703,Peerless Lake,7
1042,1734.5900000000001,2867.9,path_vertex,,,2
1043,1739.0,4633.0,sea_point,6018,Pacific Ocean,6
1044,1739.0,5694.0,sea_point,7764,Pacific Ocean,5
1045,1740.0,2367.0,sea_point,5527,Colorado River,2
1046,1743.3700000000001,594.0,path_vertex,,,2
1047,1745.0,1356.99,path_vertex,,,2
1048,1746.0,1377.0,path_vertex,,,2
1049,1746.3,1074.8,path_vertex,,,2
1050,1746.3600000000001,1222.44,path_vertex,,,2
1051,1746.89,1312.67,path_vertex,,,2
1052,1747.0,3120.0,sea_point,5846,Pacific Ocean,7
1053,1747.0,4056.0,sea_point,7364,Pacific Ocean,6
1054,1749.38,1148.15,path_vertex,,,2
1055,1752.0,2367.0,sea_point,5531,Colorado River,2
1056,1755.0,421.0,sea_point,4098,Beaufort Sea,4
1057,1756.0,2674.0,sea_point,4368,Gulf of California,5
1058,1759.43,1387.21,path_vertex,,,2
1059,1760.0,1783.38,path_vertex,,,2
1060,1760.4,2273.0,path_vertex,,,2
1061,1760.71,1585.57,path_vertex,,,2
1062,1762.0,4992.0,sea_point,6707,Pacific Ocean,6
1063,1762.8600000000001,739.4300000000001,path_vertex,,,2
1064,1763.24,2663.44,path_vertex,,,2
1065,1763.9,1031.95,path_vertex,,,2
1066,1764.74,1867.66,path_vertex,,,2
1067,1765.0,2842.0,province_center,872,San Ignacio,4
1068,1766.0,2104.0,province_center,516,Delta,5
1069,1766.79,1948.0,path_vertex,,,2
1070,1770.0,5226.0,sea_point,7274,Pacific Ocean,6
1071,1771.0,2351.0,sea_point,5554,Colorado River,2
1072,1771.6100000000001,1898.27,path_vertex,,,2
1073,1772.0,2329.0,province_center,210,Kingman,4
1074,1778.0,3244.0,sea_point,6319,Pacific Ocean,5
1075,1778.0,3619.0,sea_point,6886,Pacific Ocean,6
1076,1778.48,2444.4900000000002,path_vertex,,,2
1077,1779.0,2404.0,province_center,212,Prescott,5
1078,1779.78,2352.33,path_vertex,,,2
1079,1780.88,2358.93,path_vertex,,,2
1080,1781.0,2356.0,sea_point,5556,Colorado River,4
1081,1782.0,1115.0,province_center,698,Vegreville,7
1082,1782.0,1369.0,province_center,713,Taber,5
1083,1784.1100000000001,1539.81,path_vertex,,,2
1084,1784.82,2093.7,path_vertex,,,2
1085,1785.22,680.48,path_vertex,,,2
1086,1786.0,2909.0,sea_point,4349,Pacific Ocean,3
1087,1786.07,1831.5900000000001,path_vertex,,,2
1088,1787.81,1321.09,path_vertex,,,2
1089,1788.0,2980.0,sea_point,4350,Pacific Ocean,3
1090,1788.5900000000001,928.0,path_vertex,,,2
1091,1789.0,1896.0,province_center,443,Pocatello,6
1092,1789.04,2201.86,path_vertex,,,2
1093,1790.0,1295.0,province_center,696,Brooks,6
1094,1791.0,2620.0,province_center,912,Caborca,6
1095,1792.0,2214.0,province_center,514,Cedar City,5
1096,1794.0,2351.0,sea_point,5559,Colorado River,2
1097,1794.0,4180.0,sea_point,7244,Pacific Ocean,6
1098,1794.0,4336.0,sea_point,6901,Pacific Ocean,7
1099,1795.53,1450.0,path_vertex,,,2
1100,1795.9,1861.39,path_vertex,,,2
1101,1798.74,2826.61,path_vertex,,,2
1102,1799.0,1613.0,province_center,222,Helena,6
1103,1799.0,2907.0,path_vertex,,,2
1104,1800.6000000000001,2015.2,path_vertex,,,2
1105,1801.0,1829.0,province_center,442,Idaho Falls,5
1106,1801.0,2776.0,sea_point,4371,Gulf of California,4
1107,1801.0,5350.0,sea_point,7488,Pacific Ocean,6
1108,1801.0,5569.0,sea_point,7706,Pacific Ocean,6
1109,1801.1100000000001,1770.94,path_vertex,,,2
1110,1804.0,2348.0,sea_point,5561,Colorado River,2
1111,1805.0,2823.0,sea_point,4358,Gulf of California,4
1112,1807.5900000000001,991.41,path_vertex,,,2
1113,1808.24,2544.16,path_vertex,,,2
1114,1809.0,3744.0,sea_point,7089,Pacific Ocean,6
1115,1809.0,4742.0,sea_point,6414,Pacific Ocean,7
1116,1809.47,1261.77,path_vertex,,,2
1117,1812.0,2125.45,path_vertex,,,2
1118,1813.3500000000001,2476.41,path_vertex,,,2
1119,1813.43,1186.92,path_vertex,,,2
1120,1813.75,1948.0,path_vertex,,,2
1121,1813.97,2884.01,path_vertex,,,2
1122,1815.0,2282.0,sea_point,5584,Colorado River,2
1123,1815.2,2203.0,path_vertex,,,2
1124,1816.91,1581.93,path_vertex,,,2
1125,1822.0,2295.0,sea_point,5580,Colorado River,2
1126,1822.0900000000001,2213.11,path_vertex,,,2
1127,1823.0,2352.0,sea_point,5564,Colorado River,2
1128,1823.98,2441.82,path_vertex,,,2
1129,1824.1200000000001,1401.38,path_vertex,,,2
1130,1825.0,3494.0,sea_point,6639,Pacific Ocean,7
1131,1826.0,2132.0,province_center,515,Richfield,5
1132,1826.0,2213.0,sea_point,5592,Colorado River,4
1133,1827.0,1976.0,province_center,512,Ogden,8
1134,1827.0,2196.0,sea_point,5595,Colorado River,2
1135,1827.0,2272.0,sea_point,5586,Colorado River,2
1136,1828.0,1314.56,path_vertex,,,2
1137,1828.0,2468.0,province_center,207,Phoenix,4
1138,1829.0,1225.0,province_center,697,Hanna,6
1139,1829.1200000000001,2213.14,path_vertex,,,2
1140,1829.64,1054.09,path_vertex,,,2
1141,1829.75,2156.05,path_vertex,,,2
1142,1830.8600000000001,1997.54,path_vertex,,,2
1143,1832.2,1114.19,path_vertex,,,2
1144,1832.6100000000001,2700.78,path_vertex,,,2
1145,1832.65,2095.42,path_vertex,,,2
1146,1833.0,2900.0,province_center,875,Loreto,4
1147,1833.0,5101.0,sea_point,7128,Pacific Ocean,6
1148,1833.65,1716.65,path_vertex,,,2
1149,1834.38,1648.82,path_vertex,,,2
1150,1835.88,2513.59,path_vertex,,,2
1151,1836.0,2019.0,province_center,509,Salt Lake City,3
1152,1836.0,2295.0,sea_point,5579,Colorado River,2
1153,1836.0,5880.0,sea_point,4899,sea,4
1154,1837.0,2036.0,path_vertex,,,2
1155,1837.0,2252.0,sea_point,5587,Colorado River,2
1156,1837.0,2330.0,sea_point,5573,Colorado River,2
1157,1837.0,3016.0,sea_point,4351,Pacific Ocean,4
1158,1838.0,551.0,sea_point,4276,Beaufort Sea,5
1159,1838.0,2062.0,province_center,513,Provo,6
1160,1838.31,2882.31,path_vertex,,,2
1161,1839.0,2229.0,sea_point,5590,Colorado River,2
1162,1840.0,2806.0,sea_point,4370,Gulf of California,4
1163,1840.0,3868.0,sea_point,7239,Pacific Ocean,6
1164,1840.0,4867.0,sea_point,6699,Pacific Ocean,5
1165,1841.0,2240.0,sea_point,5589,Colorado River,2
1166,1841.0,2348.0,sea_point,5570,Colorado River,2
1167,1841.0,2445.0,path_vertex,,,2
1168,1841.0,2871.0,sea_point,4359,Gulf of California,5
1169,1841.68,1185.02,path_vertex,,,2
1170,1843.0,748.0,province_center,808,Snowdrift,5
1171,1843.0,2368.0,sea_point,5565,Colorado River,2
1172,1844.44,2580.7400000000002,path_vertex,,,2
1173,1844.97,2389.75,path_vertex,,,2
1174,1846.0,1528.0,province_center,215,Great Falls,6
1175,1847.0,2354.0,sea_point,5568,Colorado River,2
1176,1848.0,3354.0,sea_point,6323,Pacific Ocean,5
1177,1848.0,4539.0,sea_point,6682,Pacific Ocean,7
1178,1849.9,1396.8500000000001,path_vertex,,,2
1179,1850.0,2187.0,sea_point,5599,Colorado River,2
1180,1852.78,2477.98,path_vertex,,,2
1181,1853.0,2306.0,sea_point,5578,Colorado River,2
1182,1854.0,2319.0,sea_point,5577,Colorado River,2
1183,1854.3700000000001,1993.29,path_vertex,,,2
1184,1855.4,1353.6000000000001,path_vertex,,,2
1185,1856.3,1288.9,path_vertex,,,2
1186,1857.0,1017.0,province_center,701,Lac la Biche,7
1187,1859.92,2979.31,path_vertex,,,2
1188,1859.94,1058.46,path_vertex,,,2
1189,1859.94,1607.53,path_vertex,,,2
1190,1862.0,1113.0,province_center,699,Vermilion,5
1191,1863.6000000000001,2025.2,path_vertex,,,2
1192,1864.0,2919.0,sea_point,4357,Gulf of California,4
1193,1864.97,947.41,path_vertex,,,2
1194,1865.07,1450.0,path_vertex,,,2
1195,1868.0,2859.0,sea_point,4372,Gulf of California,5
1196,1868.47,1903.1100000000001,path_vertex,,,2
1197,1868.94,1858.97,path_vertex,,,2
1198,1869.27,1823.6200000000001,path_vertex,,,2
1199,1869.3600000000001,2053.33,path_vertex,,,2
1200,1870.0,2186.0,sea_point,5600,Colorado River,2
1201,1870.24,2687.32,path_vertex,,,2
1202,1872.0,3993.0,sea_point,7361,Pacific Ocean,5
1203,1872.0,5460.0,sea_point,7639,Pacific Ocean,6
1204,1872.0,5709.0,sea_point,7810,Pacific Ocean,7
1205,1873.0,1687.0,province_center,221,Bozeman,8
1206,1873.3,1742.23,path_vertex,,,2
1207,1874.3,2085.17,path_vertex,,,2
1208,1875.28,966.3100000000001,path_vertex,,,2
1209,1876.0,2377.0,province_center,208,Flagstaff,6
1210,1879.25,928.0,path_vertex,,,2
1211,1882.16,2842.0,path_vertex,,,2
1212,1883.0,947.0,province_center,700,Fort McMurray,3
1213,1884.0,2179.0,sea_point,5602,Colorado River,2
1214,1885.0,3019.9,path_vertex,,,2
1215,1885.08,1511.72,path_vertex,,,2
1216,1885.98,1950.98,path_vertex,,,2
1217,1886.0,2564.0,province_center,206,Tucson,5
1218,1886.3,876.85,path_vertex,,,4
1219,1886.92,1737.91,path_vertex,,,2
1220,1886.96,2656.91,path_vertex,,,2
1221,1888.0,3054.0,sea_point,4352,Pacific Ocean,3
1222,1889.0,1346.0,province_center,695,Medicine Hat,8
1223,1890.0,2704.0,province_center,877,Hermosillo,4
1224,1890.0,2732.0,path_vertex,,,2
1225,1891.0,1769.0,path_vertex,,,3
1226,1892.06,2583.2000000000003,path_vertex,,,2
1227,1892.23,3047.84,path_vertex,,,2
1228,1893.0,2180.0,sea_point,5604,Colorado River,2
1229,1896.0,2824.0,province_center,913,Navojoa,5
1230,1898.0,956.15,path_vertex,,,2
1231,1898.0,1905.0,province_center,523,Afton,6
1232,1902.0,3027.0,province_center,874,La Paz (MX),3
1233,1902.71,2688.37,path_vertex,,,2
1234,1903.0,5241.0,sea_point,7391,Pacific Ocean,6
1235,1904.6100000000001,1856.63,path_vertex,,,2
1236,1905.0,2938.0,sea_point,4373,Gulf of California,5
1237,1907.49,928.0,path_vertex,,,2
1238,1908.4,2719.2000000000003,path_vertex,,,2
1239,1909.0,1820.0,province_center,522,Jackson (WY),6
1240,1909.07,2345.73,path_vertex,,,2
1241,1911.0,3229.0,sea_point,5855,Pacific Ocean,7
1242,1911.0,4976.0,sea_point,6927,Pacific Ocean,7
1243,1911.96,652.78,path_vertex,,,2
1244,1912.66,2863.0,path_vertex,,,2
1245,1914.0,2476.0,path_vertex,,,2
1246,1914.31,3017.54,path_vertex,,,2
1247,1914.77,2931.0,path_vertex,,,2
1248,1915.0,2165.0,sea_point,5605,Colorado River,2
1249,1915.0,2217.0,province_center,530,Blanding,5
1250,1916.32,1970.8300000000002,path_vertex,,,2
1251,1917.0,1177.44,path_vertex,,,2
1252,1917.27,2527.58,path_vertex,,,2
1253,1917.6100000000001,1092.32,path_vertex,,,2
1254,1918.0,985.95,path_vertex,,,2
1255,1918.0,1040.21,path_vertex,,,2
1256,1918.0,2668.0,province_center,917,Ures,7
1257,1918.0,4243.0,sea_point,7245,Pacific Ocean,6
1258,1918.0,4399.0,sea_point,7102,Pacific Ocean,5
1259,1918.0,4648.0,sea_point,6915,Pacific Ocean,5
1260,1918.25,1238.95,path_vertex,,,2
1261,1918.78,1607.33,path_vertex,,,2
1262,1919.0,1286.59,path_vertex,,,2
1263,1919.41,1449.03,path_vertex,,,2
1264,1919.51,1349.81,path_vertex,,,2
1265,1922.0,2037.0,province_center,517,Vernal,9
1266,1923.0,3007.0,sea_point,4356,Gulf of California,6
1267,1926.0,421.0,sea_point,4148,Artic Ocean,4
1268,1926.0,3666.0,sea_point,6648,Pacific Ocean,7
1269,1927.0,3101.0,sea_point,4353,Pacific Ocean,5
1270,1928.69,1938.46,path_vertex,,,2
1271,1931.0,1491.0,province_center,219,Havre,6
1272,1931.19,928.49,path_vertex,,,2
1273,1932.0,2509.0,province_center,211,Safford,6
1274,1934.0,2155.0,sea_point,5606,Colorado River,2
1275,1934.0,5584.0,sea_point,7760,Pacific Ocean,6
1276,1934.8700000000001,2273.0,path_vertex,,,2
1277,1935.0,2915.0,province_center,914,Los Mochis,6
1278,1936.97,2702.0,path_vertex,,,2
1279,1937.0,2153.77,path_vertex,,,2
1280,1938.0,2802.68,path_vertex,,,2
1281,1939.06,752.08,path_vertex,,,2
1282,1939.15,1968.77,path_vertex,,,2
1283,1943.0,1955.0,province_center,144,Rock Springs,3
1284,1947.0,2308.0,province_center,209,Chinle,3
1285,1949.0,2137.86,path_vertex,,,2
1286,1950.0,2980.0,sea_point,4374,Gulf of California,4
1287,1950.0,4773.0,sea_point,6919,Pacific Ocean,7
1288,1951.88,2164.58,path_vertex,,,2
1289,1954.0,3068.0,sea_point,4354,Gulf of California,5
1290,1957.0,3790.0,sea_point,6890,Pacific Ocean,6
1291,1957.0,4102.0,sea_point,7365,Pacific Ocean,6
1292,1960.8700000000001,1947.04,path_vertex,,,2
1293,1962.13,2117.27,path_vertex,,,2
1294,1963.0,2979.96,path_vertex,,,2
1295,1963.75,1449.0,path_vertex,,,2
1296,1965.0,5116.0,sea_point,7269,Pacific Ocean,6
1297,1967.25,2949.58,path_vertex,,,2
1298,1968.0,2824.0,path_vertex,,,2
1299,1970.03,2227.32,path_vertex,,,2
1300,1971.0,2305.9500000000003,path_vertex,,,2
1301,1971.0,2493.87,path_vertex,,,2
1302,1971.0,2521.36,path_vertex,,,2
1303,1971.0,2562.9700000000003,path_vertex,,,2
1304,1972.0,3022.0,sea_point,4376,Gulf of California,4
1305,1972.05,2380.39,path_vertex,,,2
1306,1972.66,2420.11,path_vertex,,,2
1307,1973.0,2139.0,province_center,531,Grand Junction,7
1308,1973.0,3541.0,sea_point,6338,Pacific Ocean,5
1309,1973.0,5350.0,sea_point,7566,Pacific Ocean,6
1310,1974.41,2273.0,path_vertex,,,2
1311,1976.0,955.0,province_center,736,La Loche,6
1312,1976.0,1155.0,path_vertex,,,2
1313,1976.0,1248.0,province_center,725,Kindersley,7
1314,1977.8600000000001,929.0,path_vertex,,,2
1315,1979.1200000000001,1966.47,path_vertex,,,2
1316,1980.0900000000001,2162.15,path_vertex,,,2
1317,1981.0,3400.0,sea_point,5875,Pacific Ocean,7
1318,1983.0,2778.0,province_center,919,Creel,6
1319,1983.51,1038.47,path_vertex,,,2
1320,1983.89,1857.18,path_vertex,,,2
1321,1985.0,754.0,province_center,807,Fort Reliance,6
1322,1985.0,1066.0,province_center,727,Meadow Lake,7
1323,1985.0,2048.0,path_vertex,,,2
1324,1986.0,5681.0,sea_point,8179,Pacific Ocean,5
1325,1989.0,3915.0,sea_point,7091,Pacific Ocean,6
1326,1989.0,4508.0,sea_point,7109,Pacific Ocean,6
1327,1989.04,2139.81,path_vertex,,,2
1328,1991.06,2587.0,path_vertex,,,2
1329,1992.0,2120.0,path_vertex,,,2
1330,1992.05,1162.79,path_vertex,,,2
1331,1992.24,2695.32,path_vertex,,,2
1332,1993.0,2977.0,province_center,915,Culiacán Rosales,5
1333,1993.04,1122.13,path_vertex,,,2
1334,1993.2,1901.6000000000001,path_vertex,,,2
1335,1994.92,1645.44,path_vertex,,,2
1336,1995.05,1737.0,path_vertex,,,2
1337,1996.0,1144.0,province_center,717,N. Battleford,3
1338,1996.0,3064.0,sea_point,4375,Gulf of California,4
1339,1998.1000000000001,1673.5900000000001,path_vertex,,,2
1340,2001.74,595.7,path_vertex,,,2
1341,2001.96,1028.03,path_vertex,,,2
1342,2004.0,5475.0,sea_point,7703,Pacific Ocean,6
1343,2004.25,1780.23,path_vertex,,,2
1344,2005.0,554.0,sea_point,4275,Artic Ocean,5
1345,2005.76,1194.33,path_vertex,,,2
1346,2008.5,2576.6,path_vertex,,,2
1347,2012.0,2237.0,province_center,529,Durango (CO),4
1348,2012.0,2301.0,province_center,640,Farmington (NM),6
1349,2012.39,2273.0,path_vertex,,,2
1350,2012.44,1250.24,path_vertex,,,2
1351,2013.44,2756.63,path_vertex,,,2
1352,2015.0,1081.28,path_vertex,,,2
1353,2018.0,1152.0,path_vertex,,,2
1354,2019.54,2658.16,path_vertex,,,2
1355,2019.73,3059.73,path_vertex,,,2
1356,2020.0,4882.0,sea_point,7122,Pacific Ocean,5
1357,2021.6200000000001,1120.52,path_vertex,,,2
1358,2023.0,1671.0,province_center,214,Billings,3
1359,2024.91,3034.85,path_vertex,,,2
1360,2025.82,985.1700000000001,path_vertex,,,2
1361,2028.0,1363.0,province_center,724,Swift Current,4
1362,2028.0,5832.0,sea_point,4893,sea,8
1363,2028.56,1488.27,path_vertex,,,2
1364,2029.0,1899.0,province_center,524,Riverton,7
1365,2030.63,2853.89,path_vertex,,,2
1366,2031.0,2889.15,path_vertex,,,2
1367,2033.0,2793.53,path_vertex,,,2
1368,2035.0,5226.0,sea_point,7483,Pacific Ocean,6
1369,2037.0,3056.0,province_center,879,Mazatlan,4
1370,2037.8,1830.4,path_vertex,,,2
1371,2039.0,1251.0,province_center,726,Rosetown,4
1372,2039.39,1695.65,path_vertex,,,2
1373,2042.3700000000001,2404.59,path_vertex,,,2
1374,2043.0,3145.0,sea_point,4377,Pacific Ocean,7
1375,2043.0,4368.0,sea_point,7248,Pacific Ocean,7
1376,2044.0,1096.0,province_center,734,Shell Lake,5
1377,2044.05,1651.74,path_vertex,,,2
1378,2046.69,1118.52,path_vertex,,,2
1379,2047.0,1762.0,province_center,521,Sheridan,6
1380,2047.0,2064.0,province_center,525,Glenwood Springs,6
1381,2047.01,1199.75,path_vertex,,,2
1382,2048.08,3075.62,path_vertex,,,2
1383,2048.87,1040.0,path_vertex,,,2
1384,2049.0,3274.0,sea_point,4378,Pacific Ocean,5
1385,2049.44,1676.16,path_vertex,,,2
1386,2050.68,1449.0,path_vertex,,,2
1387,2051.0,4664.0,sea_point,7114,Pacific Ocean,6
1388,2051.0,5007.0,sea_point,7267,Pacific Ocean,6
1389,2052.0,1001.0,province_center,735,Beauval,6
1390,2052.0,1166.0,province_center,732,Radisson,8
1391,2054.0,5579.0,sea_point,8178,Pacific Ocean,6
1392,2057.0,2458.0,province_center,643,Hot Springs,5
1393,2057.0,2724.0,province_center,918,Ciudad Cuauhtémoc,6
1394,2057.79,2687.48,path_vertex,,,2
1395,2059.0,2653.0,province_center,911,Benito Juárez,6
1396,2059.0,3040.0,path_vertex,,,2
1397,2059.0,4180.0,sea_point,7367,Pacific Ocean,6
1398,2059.5,2941.51,path_vertex,,,2
1399,2059.7,3149.0,path_vertex,,,2
1400,2060.73,3000.19,path_vertex,,,2
1401,2061.36,3258.65,path_vertex,,,2
1402,2061.45,1571.57,path_vertex,,,2
1403,2062.48,2097.51,path_vertex,,,2
1404,2063.81,929.23,path_vertex,,,2
1405,2067.0,421.0,sea_point,4152,Artic Ocean,4
1406,2067.68,1821.95,path_vertex,,,2
1407,2072.2,3197.85,path_vertex,,,2
1408,2074.0,3619.0,sea_point,6343,Pacific Ocean,6
1409,2078.03,2580.56,path_vertex,,,2
1410,2078.36,2772.58,path_vertex,,,2
1411,2079.0,2558.0,province_center,597,El Paso,6
1412,2079.98,728.71,path_vertex,,,2
1413,2080.0,1912.97,path_vertex,,,2
1414,2080.0,5668.0,sea_point,8182,Pacific Ocean,4
1415,2080.7200000000003,2520.6,path_vertex,,,2
1416,2081.0,2715.0,path_vertex,,,2
1417,2082.0,4009.0,sea_point,7240,Pacific Ocean,6
1418,2082.63,1127.82,path_vertex,,,2
1419,2083.11,1104.01,path_vertex,,,2
1420,2085.0,2689.0,path_vertex,,,2
1421,2086.91,2429.09,path_vertex,,,2
1422,2087.0,2153.0,province_center,534,Aspen,4
1423,2087.0,3225.0,province_center,887,Puerto Vallarta,5
1424,2087.93,1355.25,path_vertex,,,2
1425,2090.04,2396.09,path_vertex,,,2
1426,2090.9900000000002,1736.23,path_vertex,,,2
1427,2092.0,2560.0,path_vertex,,,2
1428,2094.0,2811.0,province_center,929,Hidalgo del Parral,6
1429,2094.06,3182.98,path_vertex,,,2
1430,2094.7,2735.9500000000003,path_vertex,,,2
1431,2097.0,1108.0,province_center,733,Shellbrook,7
1432,2098.0,3012.0,province_center,928,Durango,6
1433,2098.0,3157.0,province_center,884,Tepic,7
1434,2098.2,3071.9700000000003,path_vertex,,,2
1435,2098.98,2878.0,path_vertex,,,2
1436,2099.88,2963.9900000000002,path_vertex,,,2
1437,2100.0,1918.0,province_center,519,Casper,7
1438,2100.0,2707.0,province_center,876,Chihuahua,3
1439,2100.54,1224.21,path_vertex,,,2
1440,2101.0,2918.0,province_center,931,Rodeo,6
1441,2101.02,1050.88,path_vertex,,,2
1442,2104.0,1166.75,path_vertex,,,2
1443,2104.0,2413.0,province_center,634,Albuquerque,4
1444,2105.5,1207.5,path_vertex,,,2
1445,2106.0,3463.0,sea_point,5886,Pacific Ocean,6
1446,2106.0,3744.0,sea_point,6651,Pacific Ocean,6
1447,2106.0,5366.0,sea_point,7635,Pacific Ocean,6
1448,2107.34,2223.86,path_vertex,,,2
1449,2110.0,1980.0,path_vertex,,,2
1450,2111.0,2723.0,path_vertex,,,2
1451,2111.14,1267.58,path_vertex,,,2
1452,2112.31,2394.15,path_vertex,,,2
1453,2113.88,2772.88,path_vertex,,,2
1454,2114.0,1604.0,province_center,217,Miles City,6
1455,2114.66,1128.52,path_vertex,,,2
1456,2116.86,2032.04,path_vertex,,,2
1457,2117.0,1217.0,province_center,715,Saskatoon,5
1458,2120.78,2621.08,path_vertex,,,2
1459,2121.0,4524.0,sea_point,7253,Pacific Ocean,6
1460,2121.0,4773.0,sea_point,7260,Pacific Ocean,6
1461,2121.0,5116.0,sea_point,7388,Pacific Ocean,6
1462,2123.11,1782.77,path_vertex,,,2
1463,2123.7,2414.19,path_vertex,,,2
1464,2124.8,2682.6,path_vertex,,,2
1465,2125.0,3332.0,sea_point,4379,Pacific Ocean,5
1466,2125.95,1194.5,path_vertex,,,2
1467,2126.0,2746.0,province_center,916,Delicias,6
1468,2126.48,2152.52,path_vertex,,,2
1469,2129.92,1636.44,path_vertex,,,2
1470,2130.0,2354.0,province_center,639,Santa Fe,4
1471,2130.41,1236.49,path_vertex,,,2
1472,2134.15,1969.23,path_vertex,,,2
1473,2134.35,1569.75,path_vertex,,,2
1474,2134.41,1847.82,path_vertex,,,2
1475,2135.0,1166.0,province_center,728,Rosthern,6
1476,2136.0,5952.0,sea_point,4925,sea,5
1477,2137.0,3868.0,sea_point,6891,Pacific Ocean,7
1478,2137.0,5491.0,sea_point,7704,Pacific Ocean,7
1479,2138.79,2190.54,path_vertex,,,2
1480,2139.0,555.0,sea_point,4274,Artic Ocean,5
1481,2139.0,1023.44,path_vertex,,,2
1482,2139.8,1216.4,path_vertex,,,2
1483,2140.48,930.0,path_vertex,,,2
1484,2140.94,2959.31,path_vertex,,,2
1485,2142.0,2107.25,path_vertex,,,2
1486,2142.4900000000002,2859.3,path_vertex,,,2
1487,2143.63,1062.02,path_vertex,,,2
1488,2144.0,2913.34,path_vertex,,,2
1489,2146.0,2819.63,path_vertex,,,2
1490,2148.32,2073.79,path_vertex,,,2
1491,2148.36,3326.6,path_vertex,,,2
1492,2148.93,1960.8500000000001,path_vertex,,,2
1493,2149.8,1109.4,path_vertex,,,2
1494,2150.0,4323.0,sea_point,8177,Pacific Ocean,5
1495,2150.04,587.0,path_vertex,,,2
1496,2151.0,2611.0,province_center,635,Van Horn,3
1497,2152.0,1346.0,province_center,723,Moose Jaw,4
1498,2152.0,4898.0,sea_point,7381,Pacific Ocean,6
1499,2156.0,3084.0,path_vertex,,,2
1500,2156.05,3002.58,path_vertex,,,2
1501,2158.0,1123.0,path_vertex,,,2
1502,2158.0,1277.0,province_center,731,Davidson,5
1503,2161.0,1701.0,province_center,216,Broadus,7
1504,2161.0,1792.0,province_center,520,Gilette,5
1505,2161.2400000000002,1736.0,path_vertex,,,2
1506,2161.53,2273.0,path_vertex,,,2
1507,2163.7400000000002,2778.7200000000003,path_vertex,,,2
1508,2164.0,2009.0,province_center,518,Fort Collins,7
1509,2164.84,2393.0,path_vertex,,,2
1510,2165.0,1110.0,province_center,716,Prince Albert,3
1511,2165.0,2096.0,path_vertex,,,2
1512,2165.0,4245.0,sea_point,8176,Pacific Ocean,2
1513,2166.0,1091.0,path_vertex,,,2
1514,2166.0,2076.0,province_center,510,Denver,4
1515,2167.0,2119.0,path_vertex,,,3
1516,2167.0,2151.0,province_center,527,Colorado Springs,5
1517,2167.66,3298.0,path_vertex,,,2
1518,2168.0,1992.0,path_vertex,,,2
1519,2168.0,2060.0,path_vertex,,,2
1520,2168.0,5241.0,sea_point,7563,Pacific Ocean,6
1521,2171.0,1979.0,province_center,511,Cheyenne,2
1522,2172.0,1032.0,province_center,718,La Ronge,5
1523,2172.11,2348.96,path_vertex,,,2
1524,2173.03,1189.32,path_vertex,,,2
1525,2174.42,3211.12,path_vertex,,,2
1526,2176.0,5662.0,sea_point,7708,Pacific Ocean,7
1527,2176.77,1449.0,path_vertex,,,2
1528,2178.82,930.0,path_vertex,,,2
1529,2179.51,2189.3,path_vertex,,,2
1530,2181.0,2908.0,province_center,927,Torreón,5
1531,2182.76,2072.76,path_vertex,,,2
1532,2183.7,1114.99,path_vertex,,,2
1533,2184.0,1482.0,province_center,218,Plentywood,7
1534,2184.0,3169.5,path_vertex,,,2
1535,2184.0,4118.0,sea_point,7242,Pacific Ocean,7
1536,2184.23,1152.56,path_vertex,,,2
1537,2185.0,2210.0,province_center,528,Pueblo,6
1538,2185.79,2951.0,path_vertex,,,2
1539,2187.0,2418.0,province_center,641,Santa Rosa (NM),5
1540,2187.0,3316.0,province_center,896,Colima,7
1541,2189.0,699.0,province_center,809,Bathurst Inlet,7
1542,2190.0,2996.0,province_center,926,Fresnillo,7
1543,2193.04,1234.47,path_vertex,,,2
1544,2193.28,2468.0,path_vertex,,,2
1545,2195.0,2484.0,province_center,655,Roswell,4
1546,2195.44,1094.26,path_vertex,,,2
1547,2197.0,3207.0,province_center,888,Guadalajara,5
1548,2199.9,3359.53,path_vertex,,,2
1549,2200.93,2872.98,path_vertex,,,2
1550,2202.94,2725.9700000000003,path_vertex,,,2
1551,2204.89,1320.28,path_vertex,,,2
1552,2207.0,421.0,sea_point,4165,Artic Ocean,4
1553,2207.0,1339.0,path_vertex,,,2
1554,2207.0,3978.0,sea_point,7092,Pacific Ocean,5
1555,2207.19,2401.0,path_vertex,,,2
1556,2207.92,1065.76,path_vertex,,,2
1557,2208.98,3225.75,path_vertex,,,2
1558,2210.0,1212.0,province_center,729,Humboldt,6
1559,2210.0,3381.0,sea_point,4380,Pacific Ocean,6
1560,2211.0,2113.48,path_vertex,,,2
1561,2211.0,3137.0,path_vertex,,,2
1562,2212.71,2273.0,path_vertex,,,2
1563,2215.0,4680.0,sea_point,7376,Pacific Ocean,6
1564,2215.0,5370.0,sea_point,8183,Pacific Ocean,5
1565,2216.12,2025.81,path_vertex,,,2
1566,2217.04,1373.8500000000001,path_vertex,,,2
1567,2217.5,3161.0,path_vertex,,,2
1568,2220.0,1449.0,path_vertex,,,2
1569,2221.0,1494.88,path_vertex,,,2
1570,2221.0,1547.0,path_vertex,,,2
1571,2221.0,1610.95,path_vertex,,,2
1572,2221.0,1652.26,path_vertex,,,2
1573,2221.0,1718.06,path_vertex,,,2
1574,2221.0,1743.8700000000001,path_vertex,,,2
1575,2221.0,1798.52,path_vertex,,,2
1576,2221.0,1866.8400000000001,path_vertex,,,2
1577,2221.0,1905.43,path_vertex,,,2
1578,2221.0,1976.8400000000001,path_vertex,,,2
1579,2223.0,1337.0,province_center,714,Regina,3
1580,2223.0,2831.0,province_center,930,El Hundido,7
1581,2223.0,5007.0,sea_point,7478,Pacific Ocean,6
1582,2223.68,3201.07,path_vertex,,,2
1583,2224.4,3119.8,path_vertex,,,2
1584,2225.52,1057.21,path_vertex,,,2
1585,2228.44,2186.6,path_vertex,,,2
1586,2233.0,3529.0,sea_point,5897,Pacific Ocean,7
1587,2233.11,1168.0,path_vertex,,,2
1588,2233.62,1349.92,path_vertex,,,2
1589,2236.48,2220.78,path_vertex,,,2
1590,2238.0,3666.0,sea_point,6349,Pacific Ocean,6
1591,2238.0,4414.0,sea_point,7249,Pacific Ocean,7
1592,2238.31,2764.73,path_vertex,,,2
1593,2238.66,3236.9900000000002,path_vertex,,,2
1594,2240.0,2908.05,path_vertex,,,2
1595,2240.0,3127.0,path_vertex,,,3
1596,2241.01,2589.37,path_vertex,,,2
1597,2242.0,1964.0,province_center,535,Scottsbluff,6
1598,2242.7000000000003,3073.75,path_vertex,,,2
1599,2244.0,6072.0,sea_point,4943,sea,4
1600,2244.96,2959.62,path_vertex,,,2
1601,2245.09,2522.94,path_vertex,,,2
1602,2246.0,4555.0,sea_point,7371,Pacific Ocean,5
1603,2246.0,5772.0,sea_point,7712,Pacific Ocean,5
1604,2247.0,3285.83,path_vertex,,,2
1605,2249.2400000000002,1941.0,path_vertex,,,2
1606,2250.0,1132.0,province_center,719,Tisdale,7
1607,2251.7200000000003,1095.0,path_vertex,,,2
1608,2252.0,1069.0,province_center,720,Nipawin,6
1609,2253.31,2865.76,path_vertex,,,2
1610,2254.0,5132.0,sea_point,7560,Pacific Ocean,5
1611,2255.0,3092.0,province_center,885,San Luis Potosi,3
1612,2258.71,3383.19,path_vertex,,,2
1613,2258.9900000000002,2816.81,path_vertex,,,2
1614,2260.0,1189.47,path_vertex,,,2
1615,2260.0,1901.0,province_center,536,Chadron,4
1616,2262.0,5553.0,sea_point,7642,Pacific Ocean,5
1617,2263.0,1729.0,province_center,481,Redig,6
1618,2263.19,2985.31,path_vertex,,,2
1619,2264.77,2447.77,path_vertex,,,2
1620,2265.23,3360.15,path_vertex,,,2
1621,2266.0,2233.0,province_center,533,Pritchett,7
1622,2266.63,2273.0,path_vertex,,,2
1623,2269.0,1519.0,province_center,474,Williston,5
1624,2269.0,3274.0,province_center,895,Morelia,7
1625,2269.0,3790.0,sea_point,6654,Pacific Ocean,6
1626,2269.0,4290.0,sea_point,7098,Pacific Ocean,6
1627,2269.01,3244.29,path_vertex,,,2
1628,2269.15,1879.0,path_vertex,,,2
1629,2270.6,2018.0,path_vertex,,,2
1630,2271.0,1266.94,path_vertex,,,2
1631,2271.46,2411.03,path_vertex,,,2
1632,2272.0,3186.0,province_center,889,Irapuato,5
1633,2272.68,1156.32,path_vertex,,,2
1634,2273.6,1449.0,path_vertex,,,2
1635,2275.0,2809.0,province_center,921,Monclova,5
1636,2275.2400000000002,3071.83,path_vertex,,,2
1637,2276.0,1398.0,province_center,721,Estevan,5
1638,2277.0,1249.0,path_vertex,,,2
1639,2277.56,3322.63,path_vertex,,,2
1640,2280.01,930.08,path_vertex,,,2
1641,2281.55,2780.06,path_vertex,,,2
1642,2281.7400000000002,1769.32,path_vertex,,,2
1643,2283.0,2330.0,province_center,656,Dalhart,6
1644,2283.0,3093.0,path_vertex,,,2
1645,2284.59,1555.8400000000001,path_vertex,,,2
1646,2285.0,1170.0,province_center,730,Archerwill,6
1647,2285.4,1100.73,path_vertex,,,2
1648,2286.0,2047.0,province_center,526,Sterling,7
1649,2287.0,3383.0,province_center,897,Petatlán,6
1650,2287.3,2147.48,path_vertex,,,2
1651,2288.0,551.0,sea_point,4273,Artic Ocean,4
1652,2289.0,2907.0,province_center,924,Saltillo,7
1653,2289.09,2874.55,path_vertex,,,2
1654,2290.63,2945.0,path_vertex,,,2
1655,2291.0,2980.0,province_center,925,Matehuala,5
1656,2293.07,3142.17,path_vertex,,,2
1657,2295.36,1658.0,path_vertex,,,2
1658,2297.0,1238.0,path_vertex,,,2
1659,2297.0,1803.0,province_center,482,Rapid City,5
1660,2297.0,2698.0,province_center,920,Piedras Negras,4
1661,2300.0,3128.0,path_vertex,,,3
1662,2301.0,5257.0,sea_point,7632,Pacific Ocean,7
1663,2304.0,1264.0,province_center,722,Yorkton,4
1664,2305.98,3412.2000000000003,path_vertex,,,2
1665,2307.5,2688.5,path_vertex,,,2
1666,2308.0,2655.0,province_center,636,Del Rio,6
1667,2308.0,4773.0,sea_point,7378,Pacific Ocean,6
1668,2308.0,5896.0,sea_point,7715,Pacific Ocean,6
1669,2309.0,1616.0,province_center,475,Dickinson,8
1670,2310.32,2359.56,path_vertex,,,2
1671,2310.91,2603.0,path_vertex,,,2
1672,2312.0,2574.0,province_center,648,Midland,6
1673,2312.5,2488.5,path_vertex,,,2
1674,2316.6,1965.6000000000001,path_vertex,,,2
1675,2317.03,3191.59,path_vertex,,,2
1676,2317.84,3317.31,path_vertex,,,2
1677,2318.0,3250.0,path_vertex,,,2
1678,2322.0,3437.0,sea_point,4381,Pacific Ocean,5
1679,2324.55,2267.0,path_vertex,,,2
1680,2325.69,3230.54,path_vertex,,,2
1681,2327.39,2939.64,path_vertex,,,2
1682,2328.73,2901.35,path_vertex,,,2
1683,2331.0,2059.46,path_vertex,,,2
1684,2331.0,2126.25,path_vertex,,,2
1685,2331.0,2165.2200000000003,path_vertex,,,2
1686,2331.0,2237.79,path_vertex,,,2
1687,2332.0,4165.0,sea_point,6896,Pacific Ocean,5
1688,2332.0,5444.0,sea_point,7568,Pacific Ocean,7
1689,2332.0,5662.0,sea_point,7646,Pacific Ocean,6
1690,2332.96,2304.0,path_vertex,,,2
1691,2333.52,2018.0,path_vertex,,,2
1692,2334.0,3196.0,province_center,894,San Juan del Río,6
1693,2334.12,2885.16,path_vertex,,,2
1694,2337.2000000000003,2505.4,path_vertex,,,2
1695,2338.0,1057.55,path_vertex,,,2
1696,2338.0,1156.4,path_vertex,,,2
1697,2338.0,1199.3,path_vertex,,,2
1698,2338.2000000000003,1029.1200000000001,path_vertex,,,2
1699,2338.67,1262.01,path_vertex,,,2
1700,2339.08,1381.54,path_vertex,,,2
1701,2339.93,1449.0,path_vertex,,,2
1702,2340.0,904.48,path_vertex,,,2
1703,2340.0,3900.0,sea_point,6892,Pacific Ocean,6
1704,2341.19,803.62,path_vertex,,,2
1705,2342.0,2491.0,province_center,647,Lubbock,4
1706,2343.0,2897.0,province_center,878,Monterey,4
1707,2343.0,3413.0,path_vertex,,,2
1708,2343.44,3037.53,path_vertex,,,2
1709,2343.88,1747.94,path_vertex,,,2
1710,2344.1,2471.7000000000003,path_vertex,,,2
1711,2348.0,3428.0,path_vertex,,,2
1712,2349.41,2979.05,path_vertex,,,2
1713,2350.88,2917.53,path_vertex,,,2
1714,2351.0,2403.0,province_center,642,Amarillo,8
1715,2352.0,6192.0,sea_point,4960,sea,4
1716,2352.15,3372.3,path_vertex,,,2
1717,2355.0,4648.0,sea_point,7257,Pacific Ocean,6
1718,2355.0,4898.0,sea_point,7475,Pacific Ocean,7
1719,2355.4700000000003,2864.05,path_vertex,,,2
1720,2358.39,2894.67,path_vertex,,,2
1721,2359.94,2758.4900000000002,path_vertex,,,2
1722,2359.9700000000003,1902.13,path_vertex,,,2
1723,2360.0,3422.0,province_center,883,Acapulco,4
1724,2363.0,390.0,sea_point,6217,Artic Ocean,4
1725,2363.0,4040.0,sea_point,6894,Pacific Ocean,6
1726,2363.7400000000002,1814.1200000000001,path_vertex,,,2
1727,2363.88,2303.48,path_vertex,,,2
1728,2364.0,2489.0,path_vertex,,,2
1729,2364.0,3406.0,path_vertex,,,2
1730,2364.0,3571.0,sea_point,5903,Pacific Ocean,7
1731,2364.18,1711.18,path_vertex,,,2
1732,2365.54,1956.69,path_vertex,,,2
1733,2365.63,1655.07,path_vertex,,,2
1734,2366.0,2286.0,province_center,320,Guymon,5
1735,2366.0,2718.9500000000003,path_vertex,,,2
1736,2367.2200000000003,3133.69,path_vertex,,,2
1737,2367.41,2665.16,path_vertex,,,2
1738,2368.3,3275.1,path_vertex,,,2
1739,2368.6,1771.9,path_vertex,,,2
1740,2369.4900000000002,3306.21,path_vertex,,,2
1741,2371.0,3712.0,sea_point,6353,Pacific Ocean,5
1742,2371.03,2265.9,path_vertex,,,2
1743,2372.0,2630.93,path_vertex,,,2
1744,2372.42,1608.94,path_vertex,,,2
1745,2373.0,2978.0,province_center,923,Ciudad Victoria,6
1746,2374.0,3368.0,province_center,893,Chilpancingo,5
1747,2376.0,2244.0,province_center,554,Hugoton,5
1748,2376.71,1563.6200000000001,path_vertex,,,2
1749,2377.2000000000003,3258.6,path_vertex,,,2
1750,2378.26,3194.01,path_vertex,,,2
1751,2379.0,5787.0,sea_point,7649,Pacific Ocean,6
1752,2379.69,3424.46,path_vertex,,,2
1753,2381.2400000000002,2941.33,path_vertex,,,2
1754,2382.38,3036.7200000000003,path_vertex,,,2
1755,2384.0,3465.0,sea_point,4382,Pacific Ocean,5
1756,2384.12,2533.09,path_vertex,,,2
1757,2386.0,1985.0,path_vertex,,,2
1758,2386.0,4524.0,sea_point,7110,Pacific Ocean,6
1759,2386.0,5116.0,sea_point,7481,Pacific Ocean,7
1760,2390.0,3089.0,province_center,886,Tampico,8
1761,2390.0,3276.0,province_center,882,Mexico City,4
1762,2392.0,2889.0,province_center,922,Reynosa,5
1763,2392.84,2191.56,path_vertex,,,2
1764,2393.0,839.0,province_center,753,La Brochet,4
1765,2394.0,4383.0,sea_point,6905,Pacific Ocean,6
1766,2394.05,3407.9500000000003,path_vertex,,,2
1767,2394.13,3244.94,path_vertex,,,2
1768,2395.0,1137.0,province_center,746,Swan River,6
1769,2395.0,2076.0,province_center,552,Colby,6
1770,2395.39,3441.9900000000002,path_vertex,,,2
1771,2396.0,1606.0,province_center,462,Bismarck,4
1772,2396.98,1634.18,path_vertex,,,2
1773,2397.0,2593.34,path_vertex,,,2
1774,2398.94,1997.24,path_vertex,,,2
1775,2399.0,1818.0,province_center,480,Murdo,6
1776,2399.33,2112.03,path_vertex,,,2
1777,2400.0,1986.0,province_center,551,North Platte,4
1778,2400.85,3349.81,path_vertex,,,2
1779,2400.96,3127.15,path_vertex,,,2
1780,2401.0,1704.0,province_center,478,Mobridge,6
1781,2401.0,2724.0,path_vertex,,,2
1782,2401.21,1968.48,path_vertex,,,2
1783,2401.37,1726.5,path_vertex,,,2
1784,2402.0,5335.0,sea_point,7486,Pacific Ocean,5
1785,2402.87,2875.41,path_vertex,,,2
1786,2403.0,2156.0,province_center,553,Garden City,6
1787,2403.0,3426.0,province_center,898,San Marcos,6
1788,2403.94,1878.1000000000001,path_vertex,,,2
1789,2404.0,3292.0,path_vertex,,,2
1790,2404.42,2710.79,path_vertex,,,2
1791,2405.0,1902.0,province_center,537,Valentine,8
1792,2405.2200000000003,1514.56,path_vertex,,,2
1793,2409.63,1580.6000000000001,path_vertex,,,2
1794,2410.0,6006.0,sea_point,7657,Pacific Ocean,6
1795,2411.0,3275.0,path_vertex,,,2
1796,2411.48,2437.4500000000003,path_vertex,,,2
1797,2411.87,3094.25,path_vertex,,,2
1798,2412.0,2864.0,province_center,637,Mc Allen,4
1799,2413.77,1990.15,path_vertex,,,2
1800,2415.4,2726.1,path_vertex,,,3
1801,2417.11,1196.0,path_vertex,,,2
1802,2418.0,3192.0,province_center,890,Poza Rica,4
1803,2418.0,5553.0,sea_point,7573,Pacific Ocean,6
1804,2419.0,2673.0,province_center,3285,Kerrville,4
1805,2419.0,3095.0,sea_point,4651,Gulf of Mexico,4
1806,2424.0,2993.0,path_vertex,,,2
1807,2425.0,4258.0,sea_point,6666,Pacific Ocean,6
1808,2425.79,2040.52,path_vertex,,,2
1809,2426.12,1065.92,path_vertex,,,2
1810,2426.34,895.0,path_vertex,,,2
1811,2429.0,2338.7000000000003,path_vertex,,,2
1812,2429.0,2407.4,path_vertex,,,2
1813,2430.41,1946.88,path_vertex,,,2
1814,2430.73,1606.39,path_vertex,,,2
1815,2432.0,1355.0,province_center,744,Brandon,5
1816,2433.73,2299.7200000000003,path_vertex,,,2
1817,2433.94,2629.0,path_vertex,,,2
1818,2434.2200000000003,2246.12,path_vertex,,,2
1819,2435.54,2537.85,path_vertex,,,2
1820,2437.33,1449.51,path_vertex,,,2
1821,2439.0,1255.0,province_center,745,Dauphin,4
1822,2440.0,1513.0,province_center,473,Rugby,7
1823,2441.0,3822.0,sea_point,6655,Pacific Ocean,7
1824,2442.0,2603.0,province_center,659,Brownwood,8
1825,2443.15,3428.36,path_vertex,,,2
1826,2443.55,2694.59,path_vertex,,,2
1827,2443.65,3235.23,path_vertex,,,2
1828,2445.0,3003.0,sea_point,4652,Gulf of Mexico,4
1829,2447.0,3490.0,sea_point,4384,Pacific Ocean,4
1830,2448.04,3368.73,path_vertex,,,2
1831,2448.8,2923.4,path_vertex,,,2
1832,2449.44,2159.67,path_vertex,,,2
1833,2451.0,2702.0,province_center,657,San Antonio,6
1834,2452.09,2815.36,path_vertex,,,2
1835,2453.88,648.85,path_vertex,,,2
1836,2455.91,3478.0,path_vertex,,,2
1837,2456.0,2932.0,sea_point,4654,Gulf of Mexico,5
1838,2456.04,2868.37,path_vertex,,,2
1839,2457.0,4758.0,sea_point,7118,Pacific Ocean,6
1840,2459.42,2649.2400000000002,path_vertex,,,2
1841,2460.0,1828.52,path_vertex,,,2
1842,2460.0,6312.0,sea_point,4995,sea,4
1843,2460.71,2721.43,path_vertex,,,2
1844,2461.0,2002.0,province_center,3283,Lexington,5
1845,2462.0,2310.0,province_center,321,Woodward,5
1846,2462.34,1636.25,path_vertex,,,2
1847,2463.15,3178.94,path_vertex,,,2
1848,2464.0,2869.0,sea_point,4655,Gulf of Mexico,3
1849,2464.0,5678.0,sea_point,7576,Pacific Ocean,5
1850,2465.0,3272.0,province_center,891,Xalapa Enríquez,6
1851,2466.0,2831.0,sea_point,4656,Gulf of Mexico,3
1852,2467.0,605.0,sea_point,4272,Artic Ocean,5
1853,2468.0,967.0,province_center,749,Snow Lake,7
1854,2468.5,2268.0,path_vertex,,,2
1855,2469.08,3313.96,path_vertex,,,2
1856,2470.01,2193.5,path_vertex,,,2
1857,2471.0,3339.0,province_center,899,Córdoba (MX),8
1858,2472.0,5007.0,sea_point,7384,Pacific Ocean,5
1859,2474.48,1584.52,path_vertex,,,2
1860,2474.53,2083.12,path_vertex,,,2
1861,2477.03,2368.93,path_vertex,,,2
1862,2477.03,3405.81,path_vertex,,,2
1863,2480.0,5896.0,sea_point,7584,Pacific Ocean,6
1864,2480.15,2008.8500000000001,path_vertex,,,2
1865,2480.85,1877.0,path_vertex,,,2
1866,2481.0,3172.0,sea_point,4649,Gulf of Mexico,5
1867,2481.81,1951.93,path_vertex,,,2
1868,2483.0,2477.0,province_center,654,Wichita Falls,10
1869,2484.0,2585.15,path_vertex,,,2
1870,2484.0,2774.0,province_center,658,Corpus Christi,5
1871,2484.93,1716.98,path_vertex,,,2
1872,2485.34,2443.0,path_vertex,,,2
1873,2485.59,2666.03,path_vertex,,,2
1874,2486.0,1609.0,province_center,476,Jamestown (ND),7
1875,2486.0,3430.0,province_center,900,Oaxaca,4
1876,2486.4,2098.2,path_vertex,,,2
1877,2486.5,2643.5,path_vertex,,,2
1878,2487.0,2410.0,province_center,323,Lawton,5
1879,2488.0,3642.0,sea_point,5907,Pacific Ocean,6
1880,2488.0,3978.0,sea_point,6661,Pacific Ocean,6
1881,2488.0,4134.0,sea_point,6377,Pacific Ocean,6
1882,2488.0,5226.0,sea_point,7389,Pacific Ocean,6
1883,2488.0,5444.0,sea_point,7493,Pacific Ocean,6
1884,2489.08,2068.38,path_vertex,,,2
1885,2490.2000000000003,1739.6000000000001,path_vertex,,,2
1886,2494.0,2779.0,path_vertex,,,2
1887,2494.8,3358.6,path_vertex,,,2
1888,2497.0,2653.0,province_center,649,Austin,3
1889,2498.12,2375.82,path_vertex,,,2
1890,2498.4900000000002,1931.79,path_vertex,,,2
1891,2502.0,2016.0,province_center,550,Kearney,6
1892,2502.4700000000003,3416.7400000000002,path_vertex,,,2
1893,2503.0,452.0,sea_point,4459,Artic Ocean,4
1894,2503.0,4882.0,sea_point,7263,Pacific Ocean,6
1895,2503.34,2308.78,path_vertex,,,2
1896,2503.5,2066.5,path_vertex,,,2
1897,2504.0,2087.0,province_center,559,Salina,6
1898,2506.23,3327.85,path_vertex,,,2
1899,2507.02,1254.06,path_vertex,,,2
1900,2507.06,3310.2400000000002,path_vertex,,,2
1901,2508.0,1719.0,province_center,477,Ipswich (SD),5
1902,2508.08,1745.6200000000001,path_vertex,,,2
1903,2508.4,2102.2,path_vertex,,,2
1904,2509.2000000000003,2205.6,path_vertex,,,2
1905,2510.37,2619.7200000000003,path_vertex,,,2
1906,2511.0,6115.0,sea_point,7589,Pacific Ocean,6
1907,2512.0,1827.0,province_center,479,Mitchell,7
1908,2515.0,2789.0,sea_point,4658,Gulf of Mexico,3
1909,2515.31,3347.54,path_vertex,,,2
1910,2515.4,3267.2000000000003,path_vertex,,,2
1911,2518.0,2308.0,province_center,328,Enid,6
1912,2518.37,1103.51,path_vertex,,,2
1913,2518.4,2647.2000000000003,path_vertex,,,2
1914,2519.0,4633.0,sea_point,6913,Pacific Ocean,6
1915,2519.88,1369.19,path_vertex,,,2
1916,2520.0,3322.0,province_center,881,Veracruz,4
1917,2521.55,1450.0,path_vertex,,,2
1918,2523.0,1695.0,path_vertex,,,2
1919,2523.0,2164.0,province_center,555,Hutchinson,8
1920,2523.37,2541.0,path_vertex,,,2
1921,2523.85,2660.0,path_vertex,,,2
1922,2524.0,3504.0,sea_point,4385,Pacific Ocean,4
1923,2526.37,2456.71,path_vertex,,,2
1924,2526.89,1037.78,path_vertex,,,2
1925,2526.94,2698.12,path_vertex,,,2
1926,2527.01,1189.98,path_vertex,,,2
1927,2527.33,3311.33,path_vertex,,,2
1928,2528.0,2195.0,path_vertex,,,2
1929,2528.65,2086.59,path_vertex,,,2
1930,2528.96,2268.0,path_vertex,,,2
1931,2529.71,2397.93,path_vertex,,,2
1932,2530.4,2362.2400000000002,path_vertex,,,2
1933,2531.0,2211.0,province_center,540,Wichita,3
1934,2532.0,2226.0,path_vertex,,,2
1935,2533.0,2249.0,province_center,557,Wellington (KS),6
1936,2533.0,3390.0,province_center,903,Tuxtepec,6
1937,2533.05,2341.9500000000003,path_vertex,,,2
1938,2533.44,3331.26,path_vertex,,,2
1939,2536.0,2562.0,province_center,646,Fort Worth,5
1940,2536.58,2745.16,path_vertex,,,2
1941,2537.1,2347.12,path_vertex,,,2
1942,2538.0,1974.42,path_vertex,,,2
1943,2538.77,2012.77,path_vertex,,,2
1944,2539.0,1353.75,path_vertex,,,2
1945,2540.35,1513.72,path_vertex,,,2
1946,2542.0,3274.0,sea_point,4648,Gulf of Mexico,6
1947,2542.0,4492.0,sea_point,6677,Pacific Ocean,6
1948,2542.81,1894.0,path_vertex,,,2
1949,2543.9500000000003,3377.7000000000003,path_vertex,,,2
1950,2546.4900000000002,3453.46,path_vertex,,,2
1951,2549.8,2215.6,path_vertex,,,2
1952,2550.0,2530.0,path_vertex,,,2
1953,2550.0,4352.0,sea_point,6388,Pacific Ocean,6
1954,2552.65,2462.79,path_vertex,,,2
1955,2552.88,1576.25,path_vertex,,,2
1956,2553.0,3054.0,sea_point,5836,Gulf of Mexico,7
1957,2553.32,2599.03,path_vertex,,,2
1958,2554.6,1710.2,path_vertex,,,2
1959,2554.9,2547.3,path_vertex,,,2
1960,2555.0,2247.53,path_vertex,,,2
1961,2555.0,2362.0,province_center,322,Oklahoma City,3
1962,2555.26,1826.89,path_vertex,,,2
1963,2557.0,2733.0,province_center,650,Victoria (TX),6
1964,2557.85,2380.77,path_vertex,,,2
1965,2558.0,5335.0,sea_point,7396,Pacific Ocean,6
1966,2559.0,1353.0,province_center,743,Winnipeg,3
1967,2559.0,2389.0,province_center,326,Norman,7
1968,2559.59,2291.87,path_vertex,,,2
1969,2559.9,2344.3,path_vertex,,,2
1970,2560.5,2120.0,path_vertex,,,2
1971,2560.64,1329.38,path_vertex,,,2
1972,2561.01,2688.11,path_vertex,,,2
1973,2563.7400000000002,2052.44,path_vertex,,,2
1974,2563.78,2746.13,path_vertex,,,2
1975,2563.85,1594.77,path_vertex,,,2
1976,2564.0,2539.0,province_center,644,Dallas,4
1977,2564.46,2158.54,path_vertex,,,2
1978,2566.0,614.0,sea_point,4792,Artic Ocean,4
1979,2566.0,1252.0,province_center,747,Peguis,5
1980,2566.0,5787.0,sea_point,7503,Pacific Ocean,6
1981,2567.88,1168.16,path_vertex,,,2
1982,2568.0,2633.0,province_center,3298,College Station,6
1983,2568.0,6432.0,sea_point,5047,sea,4
1984,2569.0,1089.0,province_center,752,Grand Rapids,6
1985,2569.0,2009.0,province_center,539,Lincoln,6
1986,2570.0,1954.0,province_center,548,Fremont,7
1987,2570.04,1984.21,path_vertex,,,2
1988,2571.0,2588.0,path_vertex,,,2
1989,2573.0,2766.0,sea_point,4657,Gulf of Mexico,5
1990,2573.15,2553.77,path_vertex,,,2
1991,2573.55,1628.1100000000001,path_vertex,,,2
1992,2574.0,5116.0,sea_point,7270,Pacific Ocean,6
1993,2574.0,5584.0,sea_point,7495,Pacific Ocean,7
1994,2574.94,3432.0,path_vertex,,,2
1995,2575.0,3358.0,province_center,902,Coatzacoalcos,5
1996,2576.5,1363.5,path_vertex,,,2
1997,2578.57,3343.35,path_vertex,,,2
1998,2578.67,1712.45,path_vertex,,,2
1999,2579.0,2283.0,province_center,329,Ponca City,6
2000,2579.3,2368.1,path_vertex,,,2
2001,2579.77,2201.41,path_vertex,,,2
2002,2580.0,1512.0,province_center,472,Grand Forks,7
2003,2581.0,3331.0,sea_point,4646,Gulf of Mexico,4
2004,2581.0,3853.0,sea_point,6360,Pacific Ocean,7
2005,2581.0,6006.0,sea_point,7509,Pacific Ocean,6
2006,2581.6,2518.8,path_vertex,,,2
2007,2583.0,1574.0,path_vertex,,,2
2008,2583.0,1592.0,province_center,465,Fargo,3
2009,2588.0,1827.0,province_center,463,Sioux Falls,3
2010,2588.62,1795.8600000000001,path_vertex,,,2
2011,2589.0,1710.5,path_vertex,,,2
2012,2589.0,3151.0,sea_point,8106,Gulf of Mexico,5
2013,2589.0,3712.0,sea_point,5916,Pacific Ocean,6
2014,2592.19,2544.96,path_vertex,,,2
2015,2592.85,3411.85,path_vertex,,,3
2016,2593.64,1450.0,path_vertex,,,2
2017,2594.05,3360.26,path_vertex,,,2
2018,2595.28,1606.51,path_vertex,,,2
2019,2597.64,2630.54,path_vertex,,,2
2020,2597.86,2436.16,path_vertex,,,2
2021,2598.0,2268.0,path_vertex,,,2
2022,2598.6,1989.2,path_vertex,,,2
2023,2599.04,2054.56,path_vertex,,,2
2024,2599.18,2295.69,path_vertex,,,2
2025,2600.0,2153.0,province_center,556,Emporia,6
2026,2604.15,1971.23,path_vertex,,,2
2027,2605.0,6240.0,sea_point,7516,Pacific Ocean,6
2028,2607.0,1382.0,province_center,748,Steinbach,5
2029,2607.2400000000002,1837.51,path_vertex,,,2
2030,2608.18,1911.64,path_vertex,,,2
2031,2608.4700000000003,2360.35,path_vertex,,,2
2032,2608.67,2388.15,path_vertex,,,2
2033,2609.0,2450.0,province_center,327,Durant,5
2034,2609.0,3542.0,sea_point,4387,Pacific Ocean,5
2035,2609.39,2123.0,path_vertex,,,2
2036,2609.42,948.8000000000001,path_vertex,,,2
2037,2610.82,2679.06,path_vertex,,,2
2038,2610.88,1953.3,path_vertex,,,2
2039,2612.2000000000003,3402.0,path_vertex,,,2
2040,2612.78,2180.93,path_vertex,,,2
2041,2613.0,4227.0,sea_point,5981,Pacific Ocean,6
2042,2613.0,4726.0,sea_point,6917,Pacific Ocean,6
2043,2614.12,3526.37,path_vertex,,,2
2044,2614.61,2467.14,path_vertex,,,2
2045,2616.0,1977.0,province_center,538,Omaha,4
2046,2617.0,1577.0,path_vertex,,,2
2047,2617.25,3410.4900000000002,path_vertex,,,2
2048,2618.1,2430.73,path_vertex,,,2
2049,2620.0,2627.0,province_center,651,Huntsville (TX),7
2050,2620.0,4087.0,sea_point,5962,Pacific Ocean,7
2051,2620.0,4992.0,sea_point,7124,Pacific Ocean,6
2052,2620.06,1817.04,path_vertex,,,2
2053,2620.73,2011.1000000000001,path_vertex,,,2
2054,2621.0,2083.0,province_center,560,Topeka,6
2055,2622.0,1638.0,province_center,471,Alexandria (MN),8
2056,2622.0,2922.0,sea_point,5827,Gulf of Mexico,7
2057,2622.12,1019.01,path_vertex,,,2
2058,2623.7000000000003,856.0,path_vertex,,,2
2059,2627.0,3484.0,province_center,904,Tuxtla Gutiérrez,6
2060,2631.75,1986.97,path_vertex,,,2
2061,2632.0,521.0,sea_point,4802,Artic Ocean,3
2062,2632.5,1890.2,path_vertex,,,2
2063,2632.71,1966.82,path_vertex,,,2
2064,2632.92,782.98,path_vertex,,,2
2065,2634.56,2575.9,path_vertex,,,2
2066,2635.0,694.0,sea_point,4791,Artic Ocean,2
2067,2636.0,2387.0,province_center,325,McAlester,6
2068,2636.0,5460.0,sea_point,7399,Pacific Ocean,6
2069,2637.57,2346.87,path_vertex,,,2
2070,2638.0,2320.0,province_center,324,Tulsa,5
2071,2640.0,2555.0,province_center,653,Tyler,7
2072,2644.0,2739.0,sea_point,4659,Gulf of Mexico,2
2073,2644.0,5226.0,sea_point,7275,Pacific Ocean,6
2074,2644.38,2046.0900000000001,path_vertex,,,2
2075,2648.0,3597.0,sea_point,3843,Scotia Sea,2
2076,2649.09,1658.0,path_vertex,,,2
2077,2649.5,1593.5,path_vertex,,,2
2078,2649.75,2268.48,path_vertex,,,2
2079,2650.34,3454.86,path_vertex,,,2
2080,2652.0,943.0,province_center,751,Thompson,4
2081,2652.0,2704.0,path_vertex,,,2
2082,2652.0,4867.0,sea_point,6923,Pacific Ocean,6
2083,2653.0,1953.0,province_center,549,Avoca,5
2084,2653.0,3365.0,province_center,901,Villahermosa,5
2085,2655.0,2240.0,province_center,558,Parsons,8
2086,2655.0,2627.91,path_vertex,,,2
2087,2657.0,4604.0,sea_point,6687,Pacific Ocean,6
2088,2659.73,1980.0,path_vertex,,,2
2089,2660.19,2683.66,path_vertex,,,2
2090,2663.0,1512.5,path_vertex,,,2
2091,2663.0,1805.0,province_center,467,Mankato,6
2092,2664.0,3222.0,sea_point,8107,Gulf of Mexico,7
2093,2665.0,2075.19,path_vertex,,,2
2094,2665.5,3332.5,path_vertex,,,2
2095,2666.0,2010.0,province_center,546,Red Oak,6
2096,2666.76,1369.78,path_vertex,,,2
2097,2667.0,5709.0,sea_point,7407,Pacific Ocean,6
2098,2667.0,5896.0,sea_point,7413,Pacific Ocean,6
2099,2668.0,3312.0,sea_point,4644,Gulf of Mexico,4
2100,2668.28,2586.2400000000002,path_vertex,,,2
2101,2669.36,3485.26,path_vertex,,,2
2102,2670.0,2698.0,province_center,638,Houston,4
2103,2670.04,3522.09,path_vertex,,,2
2104,2672.11,3388.56,path_vertex,,,2
2105,2674.2000000000003,1243.15,path_vertex,,,2
2106,2675.0,6130.0,sea_point,7420,Pacific Ocean,5
2107,2676.62,1737.1000000000001,path_vertex,,,2
2108,2677.1,2714.3,path_vertex,,,2
2109,2677.61,2686.51,path_vertex,,,2
2110,2678.54,2038.42,path_vertex,,,2
2111,2678.68,1836.0,path_vertex,,,2
2112,2681.0,2722.0,sea_point,4660,Gulf of Mexico,4
2113,2683.0,3088.0,sea_point,5843,Gulf of Mexico,7
2114,2683.88,2128.88,path_vertex,,,2
2115,2686.0,1685.0,province_center,468,St. Cloud,4
2116,2687.0,1561.0,province_center,470,Bemidji,5
2117,2687.88,1914.3600000000001,path_vertex,,,2
2118,2690.54,1441.32,path_vertex,,,2
2119,2691.0,1805.6100000000001,path_vertex,,,2
2120,2691.09,878.02,path_vertex,,,2
2121,2692.0,2069.0,province_center,599,Maryville,7
2122,2692.0,2144.2400000000002,path_vertex,,,2
2123,2692.0,2166.78,path_vertex,,,2
2124,2692.0,2214.84,path_vertex,,,2
2125,2692.0,2255.56,path_vertex,,,2
2126,2694.0,3416.0,province_center,905,Palenque,5
2127,2696.37,2314.59,path_vertex,,,2
2128,2699.62,2342.26,path_vertex,,,2
2129,2701.0,2128.0,path_vertex,,,2
2130,2701.34,2369.39,path_vertex,,,2
2131,2704.0,2427.48,path_vertex,,,2
2132,2705.0,2143.0,province_center,586,Kansas City,4
2133,2706.0,4321.0,sea_point,5989,Pacific Ocean,6
2134,2706.57,2471.9700000000003,path_vertex,,,2
2135,2707.0,1892.0,province_center,545,Fort Dodge,6
2136,2708.93,1953.25,path_vertex,,,2
2137,2710.0,2633.0,province_center,645,Jasper,6
2138,2711.0,2366.0,province_center,608,Fort Smith,5
2139,2712.0,6528.0,sea_point,5058,sea,4
2140,2714.0,3775.0,sea_point,5925,Pacific Ocean,7
2141,2714.0,3993.0,sea_point,5951,Pacific Ocean,5
2142,2714.0,5335.0,sea_point,7280,Pacific Ocean,6
2143,2715.0,3630.0,sea_point,4389,Pacific Ocean,5
2144,2717.32,3356.82,path_vertex,,,2
2145,2718.11,2152.06,path_vertex,,,2
2146,2718.2400000000002,2349.2400000000002,path_vertex,,,2
2147,2718.63,2138.29,path_vertex,,,2
2148,2719.8,2702.05,path_vertex,,,2
2149,2720.19,1472.63,path_vertex,,,2
2150,2720.83,1976.27,path_vertex,,,2
2151,2721.0,2715.0,sea_point,4661,Gulf of Mexico,3
2152,2723.91,3439.07,path_vertex,,,2
2153,2723.91,3610.32,path_vertex,,,2
2154,2726.65,2546.44,path_vertex,,,2
2155,2727.14,1914.94,path_vertex,,,2
2156,2728.0,2507.54,path_vertex,,,2
2157,2730.0,5116.0,sea_point,7129,Pacific Ocean,6
2158,2730.0,5584.0,sea_point,7285,Pacific Ocean,6
2159,2730.0,6333.0,sea_point,7429,Southern Ocean,6
2160,2733.0,1355.0,province_center,767,Kenora,5
2161,2733.0,2310.0,province_center,604,Fayetteville (AR),7
2162,2733.0,3585.0,province_center,934,Guatemala,5
2163,2735.0,4156.0,sea_point,4933,Pacific Ocean,4
2164,2735.4,2011.1000000000001,path_vertex,,,2
2165,2736.29,1881.44,path_vertex,,,2
2166,2736.94,2639.34,path_vertex,,,2
2167,2737.0,4469.0,sea_point,6397,Pacific Ocean,7
2168,2737.0,4758.0,sea_point,6693,Pacific Ocean,6
2169,2739.27,1746.74,path_vertex,,,2
2170,2740.69,2580.69,path_vertex,,,2
2171,2741.0,3290.0,sea_point,4642,Gulf of Mexico,4
2172,2741.38,3544.57,path_vertex,,,2
2173,2742.14,2039.0,path_vertex,,,2
2174,2742.38,2230.16,path_vertex,,,2
2175,2743.29,3387.75,path_vertex,,,2
2176,2746.23,1714.15,path_vertex,,,2
2177,2746.64,2432.0,path_vertex,,,2
2178,2748.0,2174.0,province_center,611,Warrensburg,8
2179,2748.1,4165.6,path_vertex,,,2
2180,2749.32,3300.27,path_vertex,,,2
2181,2752.0,4201.0,sea_point,4930,Pacific Ocean,6
2182,2753.0,5458.0,sea_point,8185,Pacific Ocean,5
2183,2753.15,2101.42,path_vertex,,,2
2184,2757.0,464.0,sea_point,4801,Artic Ocean,3
2185,2757.0,4167.0,province_center,1382,Fernandina,2
2186,2757.07,4175.0,path_vertex,,,2
2187,2760.0,1953.0,province_center,542,Des Moines,6
2188,2760.35,2155.4700000000003,path_vertex,,,2
2189,2761.0,2839.0,sea_point,5821,Gulf of Mexico,6
2190,2761.0,3213.0,sea_point,4640,Gulf of Mexico,5
2191,2761.0,6021.0,sea_point,7301,Pacific Ocean,7
2192,2762.0,2542.0,province_center,842,Shreveport,6
2193,2763.0,755.0,province_center,755,Baker Lake,6
2194,2764.87,1584.21,path_vertex,,,2
2195,2764.96,2375.62,path_vertex,,,2
2196,2765.59,2267.57,path_vertex,,,2
2197,2766.0,3352.0,province_center,892,Escárcega,6
2198,2766.34,2356.59,path_vertex,,,2
2199,2767.0,1725.0,province_center,464,Minneapolis,3
2200,2767.27,1911.0,path_vertex,,,2
2201,2767.81,706.27,path_vertex,,,2
2202,2768.57,1296.52,path_vertex,,,2
2203,2768.91,2427.54,path_vertex,,,2
2204,2769.0,693.0,sea_point,4790,Artic Ocean,3
2205,2769.0,5818.0,sea_point,7294,Pacific Ocean,6
2206,2769.46,3604.8,path_vertex,,,2
2207,2770.5,4172.5,path_vertex,,,2
2208,2770.9500000000003,2510.0,path_vertex,,,2
2209,2771.77,2227.15,path_vertex,,,2
2210,2772.65,3568.27,path_vertex,,,2
2211,2773.56,1745.08,path_vertex,,,2
2212,2774.0,1867.0,province_center,544,Mason City,4
2213,2774.0,3477.0,province_center,933,Belmopan,7
2214,2774.0,4167.0,province_center,1380,Isla Isabela,2
2215,2774.21,4156.41,path_vertex,,,2
2216,2774.28,3220.59,path_vertex,,,2
2217,2774.81,3290.63,path_vertex,,,2
2218,2775.32,2306.87,path_vertex,,,2
2219,2776.0,2487.0,province_center,612,El Dorado,7
2220,2776.0,4992.0,sea_point,6928,Pacific Ocean,6
2221,2776.15,1753.05,path_vertex,,,2
2222,2778.44,1976.6000000000001,path_vertex,,,2
2223,2778.7400000000002,3422.0,path_vertex,,,2
2224,2779.0,3178.0,sea_point,3779,Caribbean Sea,2
2225,2780.0,3251.0,province_center,906,Campeche,5
2226,2782.0,1836.5,path_vertex,,,2
2227,2783.0,2117.0,province_center,600,Columbia,6
2228,2783.0,2246.0,province_center,603,Springfield (MO),4
2229,2784.0,1712.0,path_vertex,,,2
2230,2784.0,3010.0,sea_point,5837,Gulf of Mexico,7
2231,2784.0,3884.0,sea_point,5941,Pacific Ocean,6
2232,2785.94,3509.03,path_vertex,,,2
2233,2787.82,2268.7400000000002,path_vertex,,,2
2234,2789.0,2305.0,province_center,610,Harrison,6
2235,2790.0,4120.0,sea_point,4922,Pacific Ocean,8
2236,2791.0,1807.0,province_center,466,Rochester (MN),4
2237,2791.75,3523.0,path_vertex,,,3
2238,2792.2000000000003,2175.76,path_vertex,,,2
2239,2795.42,3469.91,path_vertex,,,2
2240,2796.76,1164.33,path_vertex,,,2
2241,2796.9500000000003,1490.27,path_vertex,,,2
2242,2797.07,4173.4800000000005,path_vertex,,,2
2243,2798.0,3620.0,province_center,936,San Miguel,4
2244,2799.23,2146.58,path_vertex,,,2
2245,2799.88,2039.0,path_vertex,,,2
2246,2800.0,5226.0,sea_point,7136,Pacific Ocean,6
2247,2800.0,6224.0,sea_point,7309,Pacific Ocean,6
2248,2801.0,4181.0,province_center,1381,Santa Cruz,2
2249,2801.44,2366.0,path_vertex,,,2
2250,2801.9900000000002,965.91,path_vertex,,,2
2251,2802.66,2490.4500000000003,path_vertex,,,2
2252,2803.2400000000002,2620.0,path_vertex,,,2
2253,2804.0,2382.0,province_center,605,Conway,6
2254,2805.0,2011.0,province_center,547,Ottumwa,6
2255,2805.44,3481.26,path_vertex,,,2
2256,2805.76,3345.6800000000003,path_vertex,,,2
2257,2806.0,1235.0,province_center,765,Wabitigweyaang,6
2258,2806.09,2432.0,path_vertex,,,2
2259,2806.39,1103.6100000000001,path_vertex,,,2
2260,2807.59,2245.43,path_vertex,,,2
2261,2807.81,4186.92,path_vertex,,,2
2262,2808.0,3441.1,path_vertex,,,3
2263,2808.0,4867.0,sea_point,6700,Pacific Ocean,6
2264,2809.0,2205.5,path_vertex,,,2
2265,2809.0,2708.0,sea_point,4662,Gulf of Mexico,5
2266,2809.75,1932.5,path_vertex,,,2
2267,2809.81,1402.67,path_vertex,,,2
2268,2810.15,2510.58,path_vertex,,,2
2269,2811.0,3464.0,province_center,932,Belize City,3
2270,2812.81,3291.9900000000002,path_vertex,,,2
2271,2813.0,4621.0,sea_point,6408,Pacific Ocean,6
2272,2813.2000000000003,3534.7000000000003,path_vertex,,,2
2273,2813.92,2695.0,path_vertex,,,2
2274,2814.04,1896.48,path_vertex,,,2
2275,2814.21,3197.48,path_vertex,,,2
2276,2815.0,3163.0,sea_point,4637,Gulf of Mexico,5
2277,2815.0,3645.0,path_vertex,,,2
2278,2815.39,3582.91,path_vertex,,,2
2279,2817.89,3172.7200000000003,path_vertex,,,2
2280,2818.0,1599.0,province_center,469,Duluth,5
2281,2818.0,2175.0,province_center,601,Jefferson City,4
2282,2819.0,3651.0,sea_point,4391,Pacific Ocean,5
2283,2820.68,1616.88,path_vertex,,,2
2284,2821.0,2395.03,path_vertex,,,2
2285,2821.0,3186.0,province_center,880,Mérida,4
2286,2823.04,3232.92,path_vertex,,,2
2287,2824.0,2659.0,province_center,841,Lafayette (LA),5
2288,2825.0,4213.0,sea_point,4924,Pacific Ocean,7
2289,2826.5,2274.0,path_vertex,,,2
2290,2827.6,3469.2000000000003,path_vertex,,,2
2291,2831.0,3508.0,sea_point,4627,Caribbean Sea,4
2292,2831.0,5694.0,sea_point,7155,Pacific Ocean,6
2293,2832.0,2403.0,province_center,607,Little Rock,6
2294,2832.64,1149.47,path_vertex,,,2
2295,2833.15,2441.76,path_vertex,,,2
2296,2833.37,3524.0,path_vertex,,,2
2297,2834.0,2494.0,province_center,609,Crosset,4
2298,2834.0,4164.0,sea_point,3833,Scotia Sea,2
2299,2835.0,1727.0,province_center,580,Eau Claire,5
2300,2835.0,3471.0,sea_point,4629,Caribbean Sea,3
2301,2835.0,3539.0,province_center,935,San Pedro Sula,5
2302,2836.17,879.44,path_vertex,,,2
2303,2836.33,3194.39,path_vertex,,,2
2304,2837.8,3647.4,path_vertex,,,2
2305,2840.0,3184.0,path_vertex,,,2
2306,2840.23,1950.0,path_vertex,,,2
2307,2841.73,3426.01,path_vertex,,,2
2308,2842.62,1598.43,path_vertex,,,2
2309,2843.0,1918.0,province_center,543,Cedar Rapids,4
2310,2844.08,3391.3,path_vertex,,,2
2311,2847.0,5506.0,sea_point,7145,Pacific Ocean,6
2312,2849.0,4353.0,sea_point,5997,Pacific Ocean,7
2313,2850.0,2543.93,path_vertex,,,2
2314,2850.0,3337.0,province_center,909,Chetumal,5
2315,2850.55,2369.89,path_vertex,,,2
2316,2851.0,3713.0,sea_point,4393,Pacific Ocean,4
2317,2851.5,2092.5,path_vertex,,,2
2318,2852.63,1283.97,path_vertex,,,2
2319,2853.0,2530.0,sea_point,5458,Mississippi River,2
2320,2853.0,2544.0,sea_point,5456,Mississippi River,4
2321,2853.9,1614.63,path_vertex,,,2
2322,2854.0,374.0,sea_point,4019,Artic Ocean,2
2323,2854.0,6427.0,sea_point,7319,Southern Ocean,5
2324,2855.0,3420.0,sea_point,4630,Caribbean Sea,4
2325,2856.3,2544.56,path_vertex,,,2
2326,2857.0,1597.0,sea_point,8254,Lake Superior,3
2327,2857.19,2193.18,path_vertex,,,2
2328,2858.33,3343.13,path_vertex,,,2
2329,2859.4500000000003,3281.96,path_vertex,,,2
2330,2860.4500000000003,1799.22,path_vertex,,,2
2331,2860.64,3604.64,path_vertex,,,2
2332,2861.0,3626.0,path_vertex,,,2
2333,2861.0,3707.0,path_vertex,,,2
2334,2862.0,2500.0,sea_point,5467,Mississippi River,2
2335,2862.0,2512.0,sea_point,5464,Mississippi River,2
2336,2862.0,2522.0,sea_point,5459,Mississippi River,2
2337,2862.0,2616.0,sea_point,5447,Mississippi River,2
2338,2864.0,2506.0,sea_point,5466,Mississippi River,2
2339,2864.0,2623.0,sea_point,5446,Mississippi River,2
2340,2866.4700000000003,3574.06,path_vertex,,,2
2341,2870.0,2574.0,sea_point,5454,Mississippi River,2
2342,2870.0,3993.0,sea_point,5952,Pacific Ocean,6
2343,2870.0,5335.0,sea_point,7140,Pacific Ocean,7
2344,2870.28,1977.04,path_vertex,,,2
2345,2870.38,2317.93,path_vertex,,,2
2346,2871.0,3138.0,sea_point,4636,Gulf of Mexico,5
2347,2871.0,3211.0,province_center,908,Valladolid (MX),5
2348,2871.0,3818.0,sea_point,4397,Pacific Ocean,5
2349,2874.0,2492.0,sea_point,5469,Mississippi River,2
2350,2874.0,3601.0,province_center,939,Tegucigalpa,5
2351,2875.0,2457.0,sea_point,5470,Mississippi River,2
2352,2875.2000000000003,1959.4,path_vertex,,,2
2353,2875.61,3650.8,path_vertex,,,2
2354,2876.0,3699.0,province_center,938,Managua,4
2355,2877.0,3355.0,sea_point,4631,Caribbean Sea,5
2356,2877.31,1506.78,path_vertex,,,2
2357,2878.0,2445.0,sea_point,5473,Mississippi River,2
2358,2878.0,5943.0,sea_point,7163,Pacific Ocean,6
2359,2879.0,2628.0,sea_point,5445,Mississippi River,2
2360,2882.27,2637.03,path_vertex,,,2
2361,2882.88,2362.16,path_vertex,,,2
2362,2883.0,2319.0,province_center,606,Jonesboro,5
2363,2883.4,3731.65,path_vertex,,,2
2364,2884.0,1329.0,province_center,783,Sioux Lookout,4
2365,2884.0,1970.0,province_center,541,Davenport,3
2366,2884.0,2439.0,sea_point,5477,Mississippi River,2
2367,2885.0,2636.0,sea_point,5443,Mississippi River,4
2368,2886.0,5116.0,sea_point,6936,Pacific Ocean,6
2369,2886.0,6115.0,sea_point,7168,Pacific Ocean,6
2370,2886.12,1730.76,path_vertex,,,2
2371,2886.42,3202.08,path_vertex,,,2
2372,2887.93,2634.91,path_vertex,,,2
2373,2890.55,2282.0,path_vertex,,,2
2374,2891.7400000000002,2172.05,path_vertex,,,2
2375,2893.0,2656.0,sea_point,5440,Mississippi River,2
2376,2893.0,2854.0,sea_point,5823,Gulf of Mexico,7
2377,2893.0,4539.0,sea_point,6009,Pacific Ocean,7
2378,2893.0,4758.0,sea_point,6415,Pacific Ocean,6
2379,2895.0,980.0,province_center,750,Shamattawa,7
2380,2895.14,1976.0,path_vertex,,,2
2381,2898.5,1376.5,path_vertex,,,2
2382,2899.0,1444.0,province_center,766,Ignance,6
2383,2899.0,2237.0,province_center,602,Farmington (MO),7
2384,2902.0,3798.63,path_vertex,,,2
2385,2904.0,2667.0,sea_point,5438,Mississippi River,2
2386,2904.0,6576.0,sea_point,5064,sea,4
2387,2904.19,3248.88,path_vertex,,,2
2388,2904.3,3755.4900000000002,path_vertex,,,2
2389,2904.93,2188.66,path_vertex,,,2
2390,2905.0,2172.0,province_center,583,St Louis,2
2391,2905.0,3313.0,sea_point,3784,Caribbean Sea,2
2392,2906.0,1573.0,sea_point,8255,Lake Superior,3
2393,2906.0,2426.0,sea_point,5478,Mississippi River,2
2394,2906.0,2553.0,province_center,843,Jackson,4
2395,2906.0,3506.0,sea_point,4625,Caribbean Sea,3
2396,2910.05,2417.4500000000003,path_vertex,,,2
2397,2911.0,3257.0,sea_point,4633,Caribbean Sea,4
2398,2911.31,2675.4900000000002,path_vertex,,,2
2399,2913.0,1616.0,sea_point,8266,Lake Superior,2
2400,2913.0,2418.0,sea_point,5480,Mississippi River,4
2401,2914.0,2676.0,sea_point,5436,Mississippi River,4
2402,2915.0,2395.0,sea_point,5481,Mississippi River,2
2403,2915.37,1625.08,path_vertex,,,2
2404,2915.69,2419.35,path_vertex,,,2
2405,2917.0,2670.0,sea_point,5437,Mississippi River,2
2406,2917.0,2676.43,path_vertex,,,2
2407,2917.0,2684.0,sea_point,5434,Mississippi River,2
2408,2917.0,2995.0,sea_point,5832,Gulf of Mexico,6
2409,2920.0,2390.0,sea_point,5483,Mississippi River,2
2410,2920.0,3787.0,province_center,937,San Jose,4
2411,2923.0,1473.0,path_vertex,,,2
2412,2924.04,2373.75,path_vertex,,,2
2413,2925.0,5818.0,sea_point,6963,Pacific Ocean,6
2414,2925.0,6318.0,sea_point,7178,Pacific Ocean,7
2415,2926.29,2590.68,path_vertex,,,2
2416,2928.07,2359.2400000000002,path_vertex,,,2
2417,2929.0,2698.0,sea_point,5432,Mississippi River,2
2418,2929.0,3175.0,province_center,907,Cancún,4
2419,2929.19,2494.59,path_vertex,,,2
2420,2929.96,1516.67,path_vertex,,,2
2421,2932.0,4992.0,sea_point,6708,Pacific Ocean,6
2422,2933.0,1734.0,province_center,581,Wausau,5
2423,2935.0,2679.0,province_center,840,New Orleans,3
2424,2936.0,1998.0,province_center,588,Peoria,4
2425,2936.0,2086.0,province_center,589,Springfield (IL),4
2426,2936.05,2032.94,path_vertex,,,2
2427,2936.06,2662.2400000000002,path_vertex,,,2
2428,2937.0,505.0,sea_point,4800,Artic Ocean,2
2429,2938.0,2235.5,path_vertex,,,2
2430,2939.0,2369.0,province_center,591,Memphis,4
2431,2939.0,2616.0,province_center,845,Hattiesburg,6
2432,2939.86,2384.4500000000003,path_vertex,,,2
2433,2940.0,2387.0,sea_point,5484,Mississippi River,2
2434,2941.02,3161.21,path_vertex,,,2
2435,2941.98,3191.78,path_vertex,,,2
2436,2942.0,2736.0,sea_point,4664,Gulf of Mexico,6
2437,2942.39,1795.6000000000001,path_vertex,,,2
2438,2943.0,1495.0,province_center,758,Thunder Bay,4
2439,2945.0,1168.66,path_vertex,,,2
2440,2945.0,2677.0,path_vertex,,,2
2441,2945.0,4353.0,sea_point,4422,Pacific Ocean,4
2442,2945.93,3822.27,path_vertex,,,2
2443,2946.0,672.0,sea_point,4789,Artic Ocean,2
2444,2946.0,3199.0,sea_point,4634,Caribbean Sea,5
2445,2947.0,4240.0,sea_point,4418,Pacific Ocean,6
2446,2948.0,5616.0,sea_point,6955,Pacific Ocean,6
2447,2949.0,3150.0,sea_point,4635,Gulf of Mexico,4
2448,2949.56,2553.2000000000003,path_vertex,,,2
2449,2950.06,2137.2,path_vertex,,,2
2450,2951.0,2437.0,province_center,844,Oxford,6
2451,2952.0,4437.0,sea_point,4423,Pacific Ocean,5
2452,2953.2000000000003,1501.4,path_vertex,,,2
2453,2953.4,2589.4700000000003,path_vertex,,,2
2454,2953.77,2363.15,path_vertex,,,2
2455,2955.0,3878.0,sea_point,4400,Pacific Ocean,5
2456,2956.0,5226.0,sea_point,6937,Pacific Ocean,6
2457,2958.0,2080.62,path_vertex,,,2
2458,2958.6,1938.8400000000001,path_vertex,,,2
2459,2958.6,3771.9700000000003,path_vertex,,,2
2460,2960.0,1835.0,province_center,578,Madison,5
2461,2960.28,2659.69,path_vertex,,,2
2462,2961.5,2296.0,path_vertex,,,2
2463,2961.87,3860.3,path_vertex,,,2
2464,2962.85,1474.23,path_vertex,,,2
2465,2963.4500000000003,2509.0,path_vertex,,,2
2466,2964.0,4867.0,sea_point,6422,Pacific Ocean,6
2467,2964.89,1875.22,path_vertex,,,2
2468,2965.0,3848.0,province_center,941,David,4
2469,2966.0,3074.0,sea_point,4863,Gulf of Mexico,5
2470,2966.0,3768.0,sea_point,4620,Caribbean Sea,4
2471,2966.31,1064.06,path_vertex,,,2
2472,2968.0,2708.0,sea_point,3778,Caribbean Sea,2
2473,2968.2200000000003,810.58,path_vertex,,,2
2474,2968.4,4424.2,path_vertex,,,2
2475,2969.0,1911.0,province_center,590,Rockford,6
2476,2969.0,2675.0,sea_point,4666,Gulf of Mexico,5
2477,2971.0,1519.0,sea_point,8256,Lake Superior,4
2478,2971.0,2553.0,province_center,849,Meridian,6
2479,2971.0,5475.0,sea_point,6950,Pacific Ocean,6
2480,2975.0,1737.88,path_vertex,,,2
2481,2975.28,2390.0,path_vertex,,,2
2482,2976.12,1426.88,path_vertex,,,2
2483,2977.0,2234.0,province_center,585,Evansville,6
2484,2979.0,4648.0,sea_point,6020,Pacific Ocean,7
2485,2981.98,3831.9700000000003,path_vertex,,,2
2486,2983.0,4219.59,path_vertex,,,2
2487,2984.33,3530.44,path_vertex,,,2
2488,2985.16,1805.21,path_vertex,,,2
2489,2986.0,3403.0,sea_point,8119,Caribbean Sea,7
2490,2986.73,2621.15,path_vertex,,,2
2491,2987.2200000000003,2114.44,path_vertex,,,2
2492,2988.0,4109.0,sea_point,4416,Pacific Ocean,7
2493,2988.88,2463.18,path_vertex,,,2
2494,2991.0,3822.0,sea_point,4619,Caribbean Sea,4
2495,2991.3,1445.6000000000001,path_vertex,,,2
2496,2991.93,2009.57,path_vertex,,,2
2497,2992.8,3641.4,path_vertex,,,2
2498,2993.27,2591.73,path_vertex,,,2
2499,2996.68,1215.07,path_vertex,,,2
2500,2997.0,4202.0,province_center,987,Manta,4
2501,2997.0,4287.0,sea_point,4419,Pacific Ocean,4
2502,2997.46,2248.31,path_vertex,,,2
2503,3001.0,2340.0,province_center,592,Jackson (TN),6
2504,3001.0,3639.0,sea_point,4622,Caribbean Sea,5
2505,3003.0,5350.0,sea_point,6942,Pacific Ocean,6
2506,3003.0,6037.0,sea_point,6970,Pacific Ocean,6
2507,3004.0,2432.76,path_vertex,,,2
2508,3004.0,3517.0,sea_point,4624,Caribbean Sea,5
2509,3004.41,4273.7300000000005,path_vertex,,,2
2510,3005.0,4392.0,province_center,998,Piura,4
2511,3005.93,938.85,path_vertex,,,2
2512,3007.92,1833.6200000000001,path_vertex,,,2
2513,3008.0,3915.0,sea_point,4401,Gulf of Panama,8
2514,3010.0,6208.0,sea_point,6978,Pacific Ocean,6
2515,3010.0,6458.0,sea_point,6985,Southern Ocean,6
2516,3011.0,2623.0,province_center,867,Mobile,6
2517,3012.07,2629.07,path_vertex,,,2
2518,3013.0,3849.0,path_vertex,,,2
2519,3013.35,998.4300000000001,path_vertex,,,2
2520,3014.92,4227.22,path_vertex,,,2
2521,3015.09,1943.15,path_vertex,,,2
2522,3015.42,1933.1200000000001,path_vertex,,,2
2523,3016.0,2657.0,sea_point,4669,Gulf of Mexico,4
2524,3016.01,2510.01,path_vertex,,,2
2525,3016.03,4171.0,path_vertex,,,2
2526,3016.23,1851.8500000000001,path_vertex,,,2
2527,3017.78,1618.54,path_vertex,,,2
2528,3018.0,2917.0,sea_point,6300,Gulf of Mexico,6
2529,3019.03,4116.16,path_vertex,,,2
2530,3021.66,4291.79,path_vertex,,,2
2531,3025.0,2062.0,province_center,587,Champaign,6
2532,3026.0,374.0,sea_point,4020,Artic Ocean,2
2533,3027.0,1119.0,province_center,763,Fort Severn,6
2534,3029.0,4246.0,province_center,986,Guayaquil,5
2535,3029.65,1992.25,path_vertex,,,4
2536,3030.0,4460.0,sea_point,4424,Pacific Ocean,4
2537,3030.9,1310.96,path_vertex,,,2
2538,3031.0,1833.0,province_center,561,Milwaukee,4
2539,3032.0,3026.0,sea_point,8118,Gulf of Mexico,5
2540,3032.0,3567.0,sea_point,4623,Caribbean Sea,5
2541,3033.0,1805.0,path_vertex,,,2
2542,3033.86,2311.61,path_vertex,,,2
2543,3033.9700000000003,1962.25,path_vertex,,,2
2544,3035.0,3891.0,sea_point,3785,Caribbean Sea,2
2545,3035.04,2390.7000000000003,path_vertex,,,2
2546,3036.0,1435.0,province_center,768,Nipigon,5
2547,3036.0,1743.0,province_center,579,Green Bay,5
2548,3036.66,2556.07,path_vertex,,,2
2549,3036.75,4457.08,path_vertex,,,2
2550,3036.84,4419.32,path_vertex,,,2
2551,3037.0,1895.3600000000001,path_vertex,,,2
2552,3037.0,1942.0,province_center,562,Chicago,4
2553,3037.87,4346.72,path_vertex,,,2
2554,3038.64,1832.0900000000001,path_vertex,,,2
2555,3040.0,1527.0,sea_point,8263,Lake Superior,5
2556,3040.0,2486.0,province_center,847,Birmingham (AL),7
2557,3040.0,4121.0,province_center,989,Esmeraldas,6
2558,3040.12,1453.44,path_vertex,,,2
2559,3042.0,1467.0,sea_point,8257,Lake Superior,4
2560,3042.0,5116.0,sea_point,6713,Pacific Ocean,6
2561,3042.0,5740.0,sea_point,6739,Pacific Ocean,6
2562,3043.2000000000003,1684.0,path_vertex,,,2
2563,3043.3,2206.75,path_vertex,,,2
2564,3043.88,2574.4700000000003,path_vertex,,,2
2565,3044.0,2176.0,path_vertex,,,2
2566,3044.23,1938.49,path_vertex,,,2
2567,3045.0,2713.0,sea_point,8774,Gulf of Mexico,5
2568,3045.36,4390.36,path_vertex,,,2
2569,3047.6,2321.8,path_vertex,,,2
2570,3047.78,2464.19,path_vertex,,,2
2571,3048.17,1218.1200000000001,path_vertex,,,2
2572,3048.21,1731.74,path_vertex,,,2
2573,3049.0,3291.0,sea_point,5863,Caribbean Sea,8
2574,3049.0,4758.0,sea_point,6034,Pacific Ocean,6
2575,3049.0,5912.0,sea_point,6745,Pacific Ocean,6
2576,3049.32,1336.4,path_vertex,,,2
2577,3050.0,1934.0,sea_point,8235,Lake Michigan,3
2578,3051.0,1612.0,province_center,582,Marquette,4
2579,3051.0,2538.0,path_vertex,,,2
2580,3051.63,1981.3400000000001,path_vertex,,,2
2581,3053.0,1891.0,sea_point,8234,Lake Michigan,6
2582,3053.5,1959.5,path_vertex,,,2
2583,3054.0,3819.0,sea_point,4404,Caribbean Sea,4
2584,3054.87,4198.87,path_vertex,,,2
2585,3055.0,2557.0,province_center,848,Montgomery,4
2586,3055.52,2107.7400000000002,path_vertex,,,2
2587,3056.0,1314.0,province_center,782,Fort Hope,5
2588,3056.44,4283.0,path_vertex,,,2
2589,3057.58,2060.32,path_vertex,,,2
2590,3058.71,3829.82,path_vertex,,,2
2591,3059.0,694.0,sea_point,4788,Northwestern Passages,2
2592,3059.0,2289.0,province_center,595,Bowling Green,7
2593,3059.0,2304.0,path_vertex,,,2
2594,3059.53,1597.44,path_vertex,,,2
2595,3060.0,2317.0,province_center,573,Nashville,3
2596,3060.0,2427.0,province_center,846,Huntsville (AL),5
2597,3060.0,4054.0,sea_point,4413,Pacific Ocean,4
2598,3060.0,6648.0,sea_point,5074,sea,4
2599,3061.0,3732.0,sea_point,8110,Caribbean Sea,8
2600,3062.0,1829.0,sea_point,8233,Lake Michigan,4
2601,3062.0,3831.0,sea_point,3352,Panama Bay,4
2602,3062.0,4441.0,province_center,999,Chiclayo,5
2603,3063.0,1006.0,sea_point,4763,Hudson Bay,3
2604,3063.23,4164.33,path_vertex,,,2
2605,3064.4900000000002,4133.08,path_vertex,,,2
2606,3065.0,2792.0,sea_point,5820,Gulf of Mexico,7
2607,3065.32,3830.9500000000003,path_vertex,,,2
2608,3066.0,1585.0,sea_point,8262,Lake Superior,4
2609,3067.0,1967.0,path_vertex,,,2
2610,3068.0,3845.0,sea_point,4403,Panama Bay,4
2611,3068.29,2564.18,path_vertex,,,2
2612,3069.0,4301.0,province_center,990,Cuenca (EC),5
2613,3070.87,4085.75,path_vertex,,,2
2614,3071.15,2329.23,path_vertex,,,2
2615,3071.88,3838.58,path_vertex,,,2
2616,3073.0,5584.0,sea_point,6733,Pacific Ocean,6
2617,3073.03,2306.84,path_vertex,,,2
2618,3074.9900000000002,4214.14,path_vertex,,,2
2619,3076.0,3832.0,province_center,3301,Panamá,3
2620,3077.2000000000003,4066.8,path_vertex,,,2
2621,3077.28,2220.2200000000003,path_vertex,,,2
2622,3077.5,2593.5,path_vertex,,,2
2623,3081.0,2631.7200000000003,path_vertex,,,2
2624,3081.0,3135.0,sea_point,5848,Caribbean Sea,7
2625,3081.0,4069.0,province_center,970,Tumaco,6
2626,3081.0,4142.0,province_center,984,Quito,3
2627,3081.0,4197.0,province_center,988,Ambato,8
2628,3081.0,6349.0,sea_point,6761,Southern Ocean,6
2629,3081.2000000000003,4156.6,path_vertex,,,2
2630,3083.0,1831.0,sea_point,8239,Lake Michigan,4
2631,3083.0,4557.0,sea_point,4425,Pacific Ocean,6
2632,3084.0,1946.0,sea_point,8236,Lake Michigan,4
2633,3086.9,1669.76,path_vertex,,,2
2634,3088.0,518.0,sea_point,4799,Artic Ocean,2
2635,3088.0,4992.0,sea_point,6431,Pacific Ocean,6
2636,3088.2000000000003,4334.72,path_vertex,,,2
2637,3089.77,4115.85,path_vertex,,,2
2638,3090.46,4531.6900000000005,path_vertex,,,2
2639,3090.4900000000002,4257.05,path_vertex,,,2
2640,3090.62,4412.62,path_vertex,,,2
2641,3091.0,1766.0,sea_point,8232,Lake Michigan,3
2642,3092.8,4507.6,path_vertex,,,2
2643,3092.84,1950.81,path_vertex,,,2
2644,3093.0,1549.0,sea_point,8270,Lake Superior,5
2645,3093.0,2057.0,province_center,584,Lafayette (IN),5
2646,3093.41,1084.15,path_vertex,,,2
2647,3093.84,4144.97,path_vertex,,,2
2648,3095.0,1686.0,sea_point,8231,Lake Michigan,5
2649,3095.0,1895.0,sea_point,8238,Lake Michigan,4
2650,3096.0,3868.0,sea_point,4406,Gulf of Panama,4
2651,3096.09,2251.09,path_vertex,,,2
2652,3096.8,3843.6,path_vertex,,,2
2653,3097.4900000000002,2369.8,path_vertex,,,2
2654,3098.2400000000002,3850.6800000000003,path_vertex,,,2
2655,3101.0,3846.0,province_center,940,La Palma,5
2656,3101.0,4525.0,province_center,1000,Trujillo,4
2657,3101.38,2392.0,path_vertex,,,2
2658,3101.62,4454.86,path_vertex,,,2
2659,3102.0,4561.0,path_vertex,,,2
2660,3102.44,2083.0,path_vertex,,,2
2661,3104.0,3432.0,sea_point,5882,Caribbean Sea,7
2662,3104.0,5241.0,sea_point,6719,Pacific Ocean,6
2663,3105.52,2005.24,path_vertex,,,2
2664,3108.23,4234.0,path_vertex,,,2
2665,3109.4300000000003,4542.67,path_vertex,,,2
2666,3110.0,3649.0,sea_point,8109,Caribbean Sea,5
2667,3111.04,4108.81,path_vertex,,,2
2668,3111.13,2531.52,path_vertex,,,2
2669,3111.29,3823.65,path_vertex,,,2
2670,3111.46,4297.62,path_vertex,,,2
2671,3111.8,2073.4,path_vertex,,,2
2672,3112.0,5444.0,sea_point,6728,Pacific Ocean,6
2673,3112.69,4506.72,path_vertex,,,2
2674,3114.0,1890.56,path_vertex,,,2
2675,3115.0,1962.0,province_center,569,South Bend,7
2676,3115.0,2119.0,province_center,577,Bloomington,6
2677,3116.0,4386.0,province_center,1011,Jaén (PE),7
2678,3116.53,3844.07,path_vertex,,,2
2679,3117.66,2471.83,path_vertex,,,2
2680,3119.0,2376.0,province_center,594,Chattanooga,8
2681,3119.89,2512.2200000000003,path_vertex,,,2
2682,3119.94,4073.2400000000002,path_vertex,,,2
2683,3119.96,2309.78,path_vertex,,,2
2684,3120.0,4867.0,sea_point,6050,Pacific Ocean,6
2685,3120.59,1414.04,path_vertex,,,2
2686,3120.85,2103.53,path_vertex,,,2
2687,3121.0,2588.0,province_center,855,Dothan,7
2688,3122.0,3797.0,sea_point,4616,Caribbean Sea,5
2689,3122.0,3920.0,sea_point,4409,Gulf of Panama,4
2690,3123.0,4570.0,province_center,1114,Chimbote,6
2691,3123.25,3856.4500000000003,path_vertex,,,2
2692,3125.46,4171.46,path_vertex,,,2
2693,3125.85,4427.0,path_vertex,,,2
2694,3126.0,2613.0,path_vertex,,,2
2695,3127.0,2086.0,province_center,563,Indianapolis,4
2696,3127.0,2121.46,path_vertex,,,2
2697,3127.0,3976.0,sea_point,4410,Gulf of Panama,4
2698,3127.0,6130.0,sea_point,6755,Pacific Ocean,5
2699,3127.2200000000003,4527.0,path_vertex,,,2
2700,3127.77,2198.17,path_vertex,,,2
2701,3128.0,2433.0,path_vertex,,,2
2702,3129.0,1496.0,sea_point,8258,Lake Superior,5
2703,3129.12,1927.04,path_vertex,,,2
2704,3130.0,2215.0,province_center,596,Louisville,6
2705,3130.0,4633.0,sea_point,4427,Pacific Ocean,4
2706,3130.91,3809.9300000000003,path_vertex,,,2
2707,3131.0,2637.0,province_center,868,Panama City,4
2708,3131.23,1489.45,path_vertex,,,2
2709,3133.0,1588.0,sea_point,8261,Lake Superior,4
2710,3133.0,3920.32,path_vertex,,,2
2711,3133.2000000000003,2656.6,path_vertex,,,2
2712,3133.48,2247.28,path_vertex,,,2
2713,3133.51,4096.49,path_vertex,,,2
2714,3133.83,4027.1600000000003,path_vertex,,,2
2715,3133.87,4320.64,path_vertex,,,2
2716,3134.0,4466.0,province_center,1113,Cajamarca,6
2717,3134.6,2332.54,path_vertex,,,2
2718,3136.0,1061.0,sea_point,4762,Hudson Bay,5
2719,3136.0,4076.0,province_center,961,Pasto,3
2720,3137.0,2688.0,sea_point,4673,Gulf of Mexico,6
2721,3137.32,3895.8,path_vertex,,,2
2722,3137.69,2068.46,path_vertex,,,2
2723,3139.36,1722.8700000000001,path_vertex,,,2
2724,3140.0,2316.0,province_center,593,Knoxville,5
2725,3140.0,4295.0,province_center,992,Puerto Pardo,6
2726,3140.4,2392.23,path_vertex,,,2
2727,3142.06,4060.76,path_vertex,,,2
2728,3142.7000000000003,2099.9,path_vertex,,,2
2729,3143.0,3010.0,sea_point,5838,Gulf of Mexico,8
2730,3143.1,3987.9,path_vertex,,,2
2731,3144.13,2027.02,path_vertex,,,2
2732,3144.7000000000003,4095.0,path_vertex,,,2
2733,3145.09,4633.1900000000005,path_vertex,,,2
2734,3145.79,2560.46,path_vertex,,,2
2735,3146.0,1881.0,province_center,567,Grand Rapids (MI),5
2736,3147.0,1404.0,province_center,781,Geraldton (ON),4
2737,3148.5,4396.0,path_vertex,,,2
2738,3149.0,4157.0,province_center,985,Nueva Loja,7
2739,3150.0,3838.0,province_center,978,Turbo,6
2740,3150.79,1995.95,path_vertex,,,2
2741,3151.0,3762.0,sea_point,4615,Caribbean Sea,3
2742,3151.66,1829.72,path_vertex,,,2
2743,3152.0,955.0,sea_point,4764,Hudson Bay,5
2744,3152.25,2182.05,path_vertex,,,2
2745,3152.66,2611.91,path_vertex,,,2
2746,3153.0,4075.84,path_vertex,,,2
2747,3153.1,4616.12,path_vertex,,,2
2748,3153.15,2169.7,path_vertex,,,2
2749,3153.37,4209.8,path_vertex,,,2
2750,3154.0,2777.0,sea_point,8200,Gulf of Mexico,5
2751,3156.67,4369.21,path_vertex,,,2
2752,3159.0,390.0,sea_point,4024,Artic Ocean,2
2753,3159.0,4688.0,sea_point,4428,Pacific Ocean,4
2754,3159.0,6505.0,sea_point,6766,Southern Ocean,6
2755,3160.0,1740.0,province_center,566,Traverse City,3
2756,3160.0,3552.0,sea_point,8108,Caribbean Sea,6
2757,3160.98,3885.67,path_vertex,,,2
2758,3162.79,4188.77,path_vertex,,,2
2759,3163.0,1658.0,sea_point,8230,Lake Michigan,2
2760,3163.0,3105.0,sea_point,8201,Caribbean Sea,5
2761,3163.0,4632.0,province_center,997,Lima,4
2762,3163.02,2641.98,path_vertex,,,2
2763,3163.5,1318.0,path_vertex,,,2
2764,3164.0,4002.0,province_center,969,Cali,6
2765,3164.21,4131.74,path_vertex,,,2
2766,3166.0,2870.0,sea_point,5824,Gulf of Mexico,8
2767,3166.0,5834.0,sea_point,6469,Pacific Ocean,6
2768,3167.3,4305.6,path_vertex,,,2
2769,3167.85,4447.62,path_vertex,,,2
2770,3168.0,2012.0,province_center,570,Fort Wayne,6
2771,3169.85,3870.77,path_vertex,,,2
2772,3169.9500000000003,3968.6800000000003,path_vertex,,,2
2773,3170.0,4282.87,path_vertex,,,2
2774,3171.4300000000003,912.39,path_vertex,,,2
2775,3172.29,2578.82,path_vertex,,,2
2776,3172.32,2072.0,path_vertex,,,2
2777,3173.0,2529.0,province_center,854,Columbus (GA),6
2778,3173.0,4542.39,path_vertex,,,2
2779,3174.0,3229.0,sea_point,5856,Caribbean Sea,6
2780,3174.0,5694.0,sea_point,6463,Pacific Ocean,6
2781,3174.0,6006.0,sea_point,6479,Pacific Ocean,7
2782,3174.27,4590.7,path_vertex,,,2
2783,3176.0,2132.0,province_center,571,Cincinnati,7
2784,3176.31,4647.68,path_vertex,,,2
2785,3176.6,4052.4,path_vertex,,,2
2786,3178.0,3918.0,province_center,968,Manizales,9
2787,3179.0,3885.0,province_center,960,Medellín,3
2788,3179.0,3902.0,path_vertex,,,2
2789,3181.03,3797.0,path_vertex,,,2
2790,3183.0,4629.0,path_vertex,,,2
2791,3186.0,1550.0,sea_point,8259,Lake Superior,5
2792,3187.82,4170.72,path_vertex,,,2
2793,3187.98,1155.55,path_vertex,,,2
2794,3188.0,2142.9,path_vertex,,,2
2795,3188.0,3705.0,sea_point,4614,Caribbean Sea,6
2796,3188.12,2473.0,path_vertex,,,2
2797,3188.59,1190.49,path_vertex,,,2
2798,3190.0,869.0,province_center,754,Whale Cove,4
2799,3190.0,4130.0,path_vertex,,,2
2800,3190.0,5070.0,sea_point,6436,Pacific Ocean,7
2801,3191.25,4496.7300000000005,path_vertex,,,2
2802,3192.0,4009.7400000000002,path_vertex,,,2
2803,3193.0,4073.0,province_center,971,Florencia,6
2804,3194.0,1505.6100000000001,path_vertex,,,2
2805,3194.0,1624.0,sea_point,4907,Hudson Bay,2
2806,3194.0,1659.0,sea_point,4906,Hudson Bay,2
2807,3195.0,4732.0,sea_point,4429,Pacific Ocean,3
2808,3195.44,3877.08,path_vertex,,,2
2809,3196.48,1548.8600000000001,path_vertex,,,2
2810,3198.0,2435.0,province_center,851,Marietta,7
2811,3198.0,6271.0,sea_point,6490,Pacific Ocean,6
2812,3198.7400000000002,3850.58,path_vertex,,,2
2813,3199.0,2646.0,province_center,856,Tallahassee,6
2814,3200.0,4125.0,path_vertex,,,2
2815,3201.0,1608.0,sea_point,8260,Lake Superior,4
2816,3201.03,1802.39,path_vertex,,,2
2817,3201.09,4080.17,path_vertex,,,2
2818,3201.9,2555.3,path_vertex,,,2
2819,3202.04,1923.54,path_vertex,,,2
2820,3202.35,3976.46,path_vertex,,,2
2821,3202.4,3734.53,path_vertex,,,2
2822,3203.79,2123.65,path_vertex,,,2
2823,3204.0,2311.7400000000002,path_vertex,,,2
2824,3204.88,4719.650000000001,path_vertex,,,2
2825,3205.0,1963.19,path_vertex,,,2
2826,3205.0,3354.0,sea_point,6324,Caribbean Sea,5
2827,3205.0,5350.0,sea_point,6451,Pacific Ocean,6
2828,3205.0,5569.0,sea_point,6457,Pacific Ocean,5
2829,3205.63,2222.14,path_vertex,,,2
2830,3205.9300000000003,4044.0,path_vertex,,,2
2831,3207.38,2442.08,path_vertex,,,2
2832,3208.94,1609.77,path_vertex,,,2
2833,3209.41,2672.89,path_vertex,,,2
2834,3209.5,3885.75,path_vertex,,,2
2835,3209.62,2606.51,path_vertex,,,2
2836,3210.5,2338.9900000000002,path_vertex,,,2
2837,3212.0,529.0,sea_point,4798,Artic Ocean,3
2838,3212.0,1160.0,province_center,764,Winisk,4
2839,3212.0,2702.0,sea_point,4675,Gulf of Mexico,4
2840,3212.0,3755.0,province_center,976,Montería,6
2841,3213.9700000000003,2374.52,path_vertex,,,2
2842,3214.63,2393.0,path_vertex,,,2
2843,3215.2000000000003,2462.6,path_vertex,,,2
2844,3215.4500000000003,1985.91,path_vertex,,,2
2845,3216.0,4770.0,sea_point,4430,Pacific Ocean,5
2846,3217.0,2425.0,path_vertex,,,2
2847,3217.08,2250.46,path_vertex,,,2
2848,3218.0,1544.0,province_center,779,Wawa,7
2849,3218.0,1654.0,sea_point,4770,Hudson Bay,4
2850,3218.0,2570.0,province_center,862,Albany (GA),5
2851,3218.0,4015.0,province_center,973,Neiva,7
2852,3220.0,4261.0,province_center,1112,Lisboa,6
2853,3221.0,2047.0,path_vertex,,,2
2854,3221.0,2452.0,province_center,838,Atlanta,4
2855,3221.0,4418.0,province_center,996,Tarapoto,6
2856,3221.0,4698.0,province_center,1001,Chincha Alta,5
2857,3221.33,4226.0,path_vertex,,,2
2858,3221.83,4450.26,path_vertex,,,2
2859,3222.0,4182.0,province_center,991,Lononaco,5
2860,3222.0,4513.0,province_center,1010,Tocache,5
2861,3223.29,2258.35,path_vertex,,,2
2862,3223.61,1577.96,path_vertex,,,2
2863,3224.51,3813.17,path_vertex,,,2
2864,3225.0,2067.0,path_vertex,,,2
2865,3225.0,2522.0,path_vertex,,,2
2866,3227.67,4766.84,path_vertex,,,2
2867,3227.86,2465.66,path_vertex,,,2
2868,3227.88,1394.05,path_vertex,,,2
2869,3227.89,3918.2200000000003,path_vertex,,,2
2870,3228.0,6696.0,sea_point,5076,sea,4
2871,3228.38,4289.89,path_vertex,,,2
2872,3229.0,5210.0,sea_point,6443,Pacific Ocean,5
2873,3229.0,6396.0,sea_point,6493,Southern Ocean,6
2874,3230.8,3953.4,path_vertex,,,2
2875,3231.34,4373.84,path_vertex,,,2
2876,3231.5,4068.0,path_vertex,,,2
2877,3231.7200000000003,1890.21,path_vertex,,,2
2878,3233.0,2056.0,province_center,572,Columbus (OH),5
2879,3233.08,4553.42,path_vertex,,,2
2880,3234.0,3859.0,province_center,979,Puerto Berrio,7
2881,3235.9700000000003,705.83,path_vertex,,,2
2882,3236.56,2068.26,path_vertex,,,2
2883,3236.81,4642.8,path_vertex,,,2
2884,3236.89,1133.68,path_vertex,,,2
2885,3237.0,1615.0,province_center,769,Sault Ste. Marie,6
2886,3237.0,2450.0,path_vertex,,,2
2887,3237.0,4945.0,sea_point,6056,Pacific Ocean,7
2888,3237.9,2037.3,path_vertex,,,2
2889,3238.6800000000003,2633.48,path_vertex,,,2
2890,3239.0,692.0,sea_point,4787,Northwestern Passages,4
2891,3239.8,3978.4,path_vertex,,,2
2892,3240.0,4334.0,province_center,1012,Lagunas,6
2893,3242.0,625.0,sea_point,4796,Northwestern Passages,3
2894,3242.0,3654.0,sea_point,4613,Caribbean Sea,5
2895,3242.03,4249.27,path_vertex,,,2
2896,3242.09,4450.39,path_vertex,,,2
2897,3243.0,2928.0,sea_point,8198,Gulf of Mexico,4
2898,3243.4900000000002,2546.05,path_vertex,,,2
2899,3244.14,1637.72,path_vertex,,,2
2900,3245.04,2393.0,path_vertex,,,2
2901,3246.34,3660.83,path_vertex,,,2
2902,3246.84,3881.0,path_vertex,,,2
2903,3247.0,3965.0,province_center,958,Bogota,3
2904,3247.09,3688.85,path_vertex,,,2
2905,3248.0,1650.0,sea_point,8229,Georgian Bay,5
2906,3248.0,2109.0,province_center,576,Lancaster,5
2907,3248.21,1189.32,path_vertex,,,2
2908,3249.35,2291.9,path_vertex,,,2
2909,3249.96,2663.69,path_vertex,,,2
2910,3250.0,3096.0,sea_point,3772,Caribbean Sea,2
2911,3250.0,3130.0,sea_point,4858,Caribbean Sea,5
2912,3250.0,4620.0,province_center,1008,Huancayo,6
2913,3250.9500000000003,4278.04,path_vertex,,,2
2914,3251.0,2061.0,path_vertex,,,2
2915,3252.0,1116.0,sea_point,4761,Hudson Bay,4
2916,3253.2400000000002,4723.04,path_vertex,,,2
2917,3253.52,1437.23,path_vertex,,,2
2918,3254.0,3673.0,province_center,959,Barranquilla,3
2919,3254.42,4416.2300000000005,path_vertex,,,2
2920,3254.55,3988.4,path_vertex,,,3
2921,3255.0,1963.0,province_center,568,Toledo (IL),8
2922,3256.77,2598.63,path_vertex,,,2
2923,3257.0,2448.0,province_center,850,Athens (GA),5
2924,3257.94,3950.4700000000003,path_vertex,,,2
2925,3258.79,2479.65,path_vertex,,,2
2926,3260.0,2529.0,province_center,852,Macon,8
2927,3260.57,4514.81,path_vertex,,,2
2928,3260.77,3724.86,path_vertex,,,2
2929,3261.8,2162.0,path_vertex,,,2
2930,3261.9500000000003,1922.1200000000001,path_vertex,,,2
2931,3262.16,4154.96,path_vertex,,,2
2932,3264.0,1018.0,sea_point,8272,Hudson Bay,6
2933,3264.0,1389.0,province_center,780,Hearst,5
2934,3264.4900000000002,4630.08,path_vertex,,,2
2935,3264.76,1962.3400000000001,path_vertex,,,2
2936,3266.26,2097.61,path_vertex,,,2
2937,3267.07,2554.53,path_vertex,,,2
2938,3268.0,3917.0,province_center,974,Tunja,6
2939,3269.0,2717.0,sea_point,4676,Gulf of Mexico,5
2940,3269.42,3780.91,path_vertex,,,2
2941,3269.63,4379.37,path_vertex,,,2
2942,3269.76,4560.11,path_vertex,,,2
2943,3270.0,1894.0,province_center,565,Detroit,6
2944,3271.4900000000002,3681.08,path_vertex,,,2
2945,3272.0,4807.0,sea_point,4431,Pacific Ocean,5
2946,3273.53,3825.87,path_vertex,,,2
2947,3274.0,571.0,sea_point,4797,Northwestern Passages,3
2948,3274.0,1705.0,sea_point,4768,Lake Huron,3
2949,3274.83,4023.58,path_vertex,,,2
2950,3274.88,4212.95,path_vertex,,,2
2951,3274.89,2341.23,path_vertex,,,2
2952,3274.91,3961.96,path_vertex,,,2
2953,3274.98,2003.21,path_vertex,,,2
2954,3275.25,1789.0,path_vertex,,,2
2955,3276.0,1774.0,sea_point,8228,Lake Huron,4
2956,3276.83,4666.32,path_vertex,,,2
2957,3278.0,2228.0,province_center,598,Prestonsburg,7
2958,3278.5,2712.01,path_vertex,,,2
2959,3279.9,1986.4,path_vertex,,,2
2960,3281.0,1547.0,path_vertex,,,2
2961,3281.0,2805.0,sea_point,4677,Gulf of Mexico,4
2962,3281.0,4141.0,province_center,972,Puerto Leguizamo,8
2963,3282.09,4328.09,path_vertex,,,2
2964,3283.0,2373.0,province_center,624,Asheville,7
2965,3283.0,2618.0,province_center,861,Valdosta,6
2966,3283.0,3478.0,sea_point,5890,Caribbean Sea,8
2967,3283.0,4515.0,province_center,1014,Pucallpa,6
2968,3283.54,2426.35,path_vertex,,,2
2969,3284.0,3063.0,sea_point,4837,Gulf of Mexico,6
2970,3286.0,1900.0,path_vertex,,,2
2971,3286.0,4748.0,province_center,1016,Nasca,5
2972,3286.21,4476.4800000000005,path_vertex,,,2
2973,3289.21,2394.2000000000003,path_vertex,,,2
2974,3289.57,4806.47,path_vertex,,,2
2975,3289.92,1581.92,path_vertex,,,2
2976,3290.0,4221.0,province_center,993,Boca,5
2977,3290.2000000000003,3075.28,path_vertex,,,2
2978,3290.7200000000003,4576.6900000000005,path_vertex,,,2
2979,3291.0,2978.0,sea_point,8194,Strait of Florida,6
2980,3291.0,5928.0,sea_point,6134,Pacific Ocean,6
2981,3292.0,4414.0,province_center,1013,Nauta,4
2982,3293.0,2304.0,province_center,532,Kingsport,6
2983,3294.0,1903.0,sea_point,4632,Lake Erie,3
2984,3294.0,2078.0,province_center,575,Zanesville,7
2985,3294.17,4170.9800000000005,path_vertex,,,2
2986,3294.4900000000002,2792.08,path_vertex,,,2
2987,3295.0,2416.0,province_center,631,Greenville (SC),6
2988,3295.14,2254.25,path_vertex,,,2
2989,3295.7200000000003,3862.58,path_vertex,,,2
2990,3295.82,1365.27,path_vertex,,,2
2991,3296.09,3972.09,path_vertex,,,2
2992,3296.17,4677.08,path_vertex,,,2
2993,3298.98,2209.98,path_vertex,,,2
2994,3299.0,1957.0,sea_point,8240,Lake Erie,5
2995,3299.0,3088.0,province_center,943,Pinar del Río,3
2996,3299.0,4653.0,province_center,1007,Ayacucho,6
2997,3299.0,5787.0,sea_point,6121,Pacific Ocean,6
2998,3299.0,6193.0,sea_point,6150,Pacific Ocean,7
2999,3299.02,4764.21,path_vertex,,,2
3000,3299.6,1985.2,path_vertex,,,2
3001,3300.2400000000002,3102.06,path_vertex,,,2
3002,3301.0,3129.0,sea_point,4857,Caribbean Sea,5
3003,3301.64,2604.16,path_vertex,,,2
3004,3301.73,2544.08,path_vertex,,,2
3005,3302.64,3893.16,path_vertex,,,2
3006,3304.2400000000002,2295.0,path_vertex,,,2
3007,3304.64,3932.52,path_vertex,,,2
3008,3305.0,3696.0,province_center,967,Valledupar,5
3009,3305.14,1409.8600000000001,path_vertex,,,2
3010,3305.65,1833.74,path_vertex,,,2
3011,3306.0,3797.0,province_center,977,Bucaramanga,7
3012,3306.05,3757.87,path_vertex,,,2
3013,3306.77,4263.74,path_vertex,,,2
3014,3307.0,3276.0,sea_point,5859,Caribbean Sea,9
3015,3307.0,5460.0,sea_point,6098,Pacific Ocean,8
3016,3307.0,6552.0,sea_point,6498,Southern Ocean,6
3017,3308.5,2368.5,path_vertex,,,2
3018,3309.5,4510.5,path_vertex,,,2
3019,3309.9500000000003,1465.48,path_vertex,,,2
3020,3310.38,2666.4,path_vertex,,,2
3021,3310.73,2327.0,path_vertex,,,2
3022,3311.0,2785.0,province_center,865,Tampa,4
3023,3311.38,2002.92,path_vertex,,,2
3024,3312.0,1977.67,path_vertex,,,2
3025,3315.0,358.0,sea_point,6212,Artic Ocean,2
3026,3315.0,2284.0,province_center,615,Abingdon,6
3027,3315.87,2746.9900000000002,path_vertex,,,2
3028,3316.0,1984.0,province_center,564,Cleveland,4
3029,3316.65,2157.35,path_vertex,,,2
3030,3317.05,4074.53,path_vertex,,,2
3031,3317.63,3841.96,path_vertex,,,2
3032,3318.64,4347.96,path_vertex,,,2
3033,3322.0,2687.0,province_center,863,Gainesville,7
3034,3322.0,6052.0,sea_point,6143,Pacific Ocean,5
3035,3324.06,3646.07,path_vertex,,,2
3036,3325.21,4734.28,path_vertex,,,2
3037,3325.54,2235.77,path_vertex,,,2
3038,3326.0,3878.0,province_center,983,Boavita,5
3039,3327.0,2880.0,sea_point,4680,Gulf of Mexico,6
3040,3328.0,913.0,sea_point,4765,Hudson Bay,4
3041,3328.0,2486.58,path_vertex,,,2
3042,3328.8,3125.6,path_vertex,,,2
3043,3329.0,1847.0,sea_point,4775,Lake Huron,2
3044,3329.0,4321.0,province_center,702,Iquitos,6
3045,3330.0,5319.0,sea_point,6087,Pacific Ocean,6
3046,3330.0,5662.0,sea_point,6113,Pacific Ocean,6
3047,3330.02,4686.12,path_vertex,,,2
3048,3330.53,1482.8500000000001,path_vertex,,,2
3049,3331.0,4804.0,province_center,1116,Camaná,5
3050,3332.0,3624.0,sea_point,4611,Caribbean Sea,4
3051,3332.03,2639.41,path_vertex,,,2
3052,3333.67,3912.14,path_vertex,,,2
3053,3333.8,4672.400000000001,path_vertex,,,2
3054,3334.32,3699.09,path_vertex,,,2
3055,3335.07,2140.1,path_vertex,,,2
3056,3335.26,4139.07,path_vertex,,,2
3057,3335.44,1991.26,path_vertex,,,2
3058,3335.96,4209.57,path_vertex,,,2
3059,3336.0,1922.0,sea_point,8245,Lake Erie,3
3060,3336.19,3075.66,path_vertex,,,2
3061,3337.0,3121.0,province_center,1055,Nueva Gerona,2
3062,3337.19,2501.86,path_vertex,,,2
3063,3337.88,2660.16,path_vertex,,,2
3064,3338.0,5023.0,sea_point,6062,Pacific Ocean,6
3065,3338.3,4244.24,path_vertex,,,2
3066,3338.4,2297.56,path_vertex,,,2
3067,3339.0,2172.0,province_center,614,Charleston (WV),6
3068,3339.0,2363.0,province_center,630,Hickory,7
3069,3339.0,4033.0,province_center,975,San José del Guaviare,5
3070,3339.4700000000003,2386.12,path_vertex,,,2
3071,3340.28,3979.0,path_vertex,,,2
3072,3340.58,2850.2400000000002,path_vertex,,,2
3073,3340.83,2033.75,path_vertex,,,2
3074,3341.0,1774.0,sea_point,8225,Lake Huron,5
3075,3341.0,3947.0,province_center,980,Yopal,7
3076,3342.0,2875.9500000000003,path_vertex,,,2
3077,3342.77,2401.15,path_vertex,,,2
3078,3343.0,604.0,sea_point,4793,Northwestern Passages,4
3079,3343.25,3121.75,path_vertex,,,2
3080,3345.0,1541.0,province_center,777,Gogama,6
3081,3346.0,6318.0,sea_point,6154,Pacific Ocean,6
3082,3346.06,2376.11,path_vertex,,,2
3083,3346.52,4767.3,path_vertex,,,2
3084,3346.9,3740.54,path_vertex,,,2
3085,3347.0,2645.0,province_center,839,Jacksonville,4
3086,3347.0,3177.0,sea_point,4862,Caribbean Sea,5
3087,3348.0,2772.41,path_vertex,,,2
3088,3348.0,4681.0,province_center,1006,Cusco,3
3089,3348.03,2628.84,path_vertex,,,2
3090,3348.98,1496.14,path_vertex,,,2
3091,3350.0,1472.0,province_center,760,Timmins,4
3092,3350.0,2873.0,province_center,866,Fort Myers,4
3093,3350.0,3051.0,sea_point,4838,Strait of Florida,6
3094,3351.0,1693.0,sea_point,8224,Georgian Bay,5
3095,3351.42,2118.55,path_vertex,,,2
3096,3353.17,2743.29,path_vertex,,,2
3097,3353.27,1398.02,path_vertex,,,2
3098,3353.35,1783.7,path_vertex,,,2
3099,3354.0,1337.0,province_center,759,Moosonee,5
3100,3354.0,2562.0,province_center,853,Savannah,5
3101,3354.0,5179.0,sea_point,6076,Pacific Ocean,6
3102,3354.88,1448.47,path_vertex,,,2
3103,3354.92,3058.08,path_vertex,,,2
3104,3355.0,2390.0,province_center,625,Charlotte,4
3105,3355.14,4696.81,path_vertex,,,2
3106,3355.6,1613.2,path_vertex,,,2
3107,3356.01,2149.51,path_vertex,,,2
3108,3357.0,3701.0,province_center,1036,Machiques,6
3109,3359.0,1430.0,province_center,778,Cochrane,7
3110,3359.0,3068.0,province_center,942,Havanna,3
3111,3359.19,4811.81,path_vertex,,,2
3112,3360.6,4672.04,path_vertex,,,2
3113,3360.86,2640.07,path_vertex,,,2
3114,3361.0,4855.0,sea_point,4432,Pacific Ocean,3
3115,3361.75,3773.9300000000003,path_vertex,,,2
3116,3361.88,4782.1900000000005,path_vertex,,,2
3117,3362.0,4346.5,path_vertex,,,2
3118,3363.0,1940.0,sea_point,8241,Lake Erie,5
3119,3365.0,2765.0,province_center,864,Orlando,5
3120,3365.0,4719.0,province_center,981,Espinar,5
3121,3365.71,1955.0,path_vertex,,,2
3122,3368.0,1141.0,sea_point,4760,Hudson Bay,4
3123,3368.35,2414.71,path_vertex,,,2
3124,3369.0,3749.0,path_vertex,,,2
3125,3369.39,2601.4900000000002,path_vertex,,,2
3126,3370.05,1594.3700000000001,path_vertex,,,2
3127,3370.7200000000003,2550.26,path_vertex,,,2
3128,3370.77,1486.8500000000001,path_vertex,,,2
3129,3371.0,4753.0,path_vertex,,,2
3130,3371.15,2468.85,path_vertex,,,2
3131,3371.44,1634.45,path_vertex,,,2
3132,3371.91,2831.27,path_vertex,,,2
3133,3372.0,2003.0,province_center,574,Youngstown,6
3134,3372.0,2395.0,path_vertex,,,2
3135,3373.4500000000003,3689.79,path_vertex,,,2
3136,3373.5,2691.38,path_vertex,,,2
3137,3374.0,2123.0,province_center,618,Parkersburg,7
3138,3374.0,3768.0,province_center,1019,San Cristóbal,2
3139,3374.4900000000002,2106.88,path_vertex,,,2
3140,3375.0,4772.0,province_center,1003,Arequipa,4
3141,3376.8,2210.3,path_vertex,,,2
3142,3377.0,6442.0,sea_point,6159,Southern Ocean,5
3143,3378.0,1613.0,province_center,757,Sudbury,3
3144,3378.0,2962.0,sea_point,4681,Strait of Florida,5
3145,3378.0,4595.0,province_center,1009,Alerta,3
3146,3378.08,4291.08,path_vertex,,,2
3147,3378.8,2245.4500000000003,path_vertex,,,2
3148,3378.96,1324.4,path_vertex,,,2
3149,3379.1800000000003,3712.71,path_vertex,,,2
3150,3379.57,3074.94,path_vertex,,,2
3151,3379.81,4091.94,path_vertex,,,2
3152,3380.83,4614.9400000000005,path_vertex,,,2
3153,3381.57,1534.55,path_vertex,,,2
3154,3381.59,2286.2400000000002,path_vertex,,,2
3155,3382.1,2378.12,path_vertex,,,2
3156,3383.0,1678.0,sea_point,8221,Georgian Bay,4
3157,3383.0,2626.0,sea_point,4687,Atlantic Ocean,5
3158,3384.0,3829.0,path_vertex,,,3
3159,3384.9500000000003,4570.38,path_vertex,,,2
3160,3385.98,2295.0,path_vertex,,,2
3161,3386.0,2692.0,sea_point,4686,Atlantic Ocean,4
3162,3386.0,4654.0,province_center,1115,Shintuya,5
3163,3386.62,1589.32,path_vertex,,,2
3164,3387.77,1474.81,path_vertex,,,2
3165,3388.0,3740.0,path_vertex,,,3
3166,3390.0,4786.0,path_vertex,,,2
3167,3393.0,1893.0,sea_point,8244,Lake Erie,5
3168,3393.0,3679.0,province_center,1017,Maracaibo,2
3169,3393.61,2162.04,path_vertex,,,2
3170,3393.65,2286.05,path_vertex,,,3
3171,3394.0,2037.3,path_vertex,,,2
3172,3396.0,6696.0,sea_point,5078,sea,4
3173,3397.0,1888.0,path_vertex,,,2
3174,3397.58,1983.16,path_vertex,,,2
3175,3398.0,3589.0,sea_point,4610,Caribbean Sea,4
3176,3399.0,2232.0,province_center,621,Blacksburg,5
3177,3399.0,3672.0,path_vertex,,,2
3178,3399.1800000000003,3837.88,path_vertex,,,2
3179,3399.57,3743.71,path_vertex,,,2
3180,3400.0,2336.09,path_vertex,,,2
3181,3400.0,3120.0,sea_point,4856,Caribbean Sea,3
3182,3400.12,1662.98,path_vertex,,,2
3183,3400.14,2099.51,path_vertex,,,2
3184,3401.0,2879.0,path_vertex,,,2
3185,3401.0,3724.0,sea_point,4589,Caribbean Sea,3
3186,3401.0,4767.0,path_vertex,,,2
3187,3402.0,3668.0,sea_point,3786,Caribbean Sea,3
3188,3402.23,1623.15,path_vertex,,,2
3189,3404.0,3688.0,sea_point,4590,Caribbean Sea,2
3190,3404.0,4275.0,province_center,1015,Pebas,5
3191,3404.5,3815.5,path_vertex,,,2
3192,3404.7200000000003,4219.0,path_vertex,,,2
3193,3405.0,2781.0,path_vertex,,,2
3194,3405.0,3652.0,sea_point,4591,Caribbean Sea,3
3195,3407.8,3889.42,path_vertex,,,2
3196,3408.0,3416.0,sea_point,5880,Caribbean Sea,6
3197,3409.0,4135.0,province_center,963,Pacoa,5
3198,3410.0,499.0,sea_point,4405,Baffin Bay,2
3199,3410.65,4050.82,path_vertex,,,2
3200,3411.7200000000003,2243.4500000000003,path_vertex,,,2
3201,3412.5,3767.5,path_vertex,,,2
3202,3413.07,2864.17,path_vertex,,,2
3203,3413.63,3913.69,path_vertex,,,2
3204,3416.0,1922.0,sea_point,8243,Lake Erie,4
3205,3416.81,3733.33,path_vertex,,,2
3206,3416.85,3824.53,path_vertex,,,2
3207,3419.0,2939.0,sea_point,3777,Caribbean Sea,2
3208,3419.0,4444.0,province_center,1069,Eirunepé,5
3209,3420.69,1940.97,path_vertex,,,2
3210,3422.0,2882.0,province_center,837,Miami,3
3211,3422.0,3604.0,sea_point,4609,Caribbean Sea,4
3212,3423.0,1953.0,province_center,827,Erie,5
3213,3423.0,6128.0,sea_point,4448,Pacific Ocean,3
3214,3423.13,4562.71,path_vertex,,,2
3215,3423.91,4104.96,path_vertex,,,2
3216,3424.0,1736.0,sea_point,8222,Georgian Bay,4
3217,3424.0,3946.51,path_vertex,,,2
3218,3424.0,5647.0,sea_point,3830,Scotia Sea,2
3219,3425.0,676.0,sea_point,4786,Northwestern Passages,3
3220,3425.0,5877.0,sea_point,4441,Pacific Ocean,4
3221,3426.0,2507.0,province_center,626,Charleston (SC),6
3222,3427.0,1530.0,province_center,776,Engelhart,6
3223,3427.0,1585.0,path_vertex,,,2
3224,3429.0,1634.0,province_center,770,North Bay,7
3225,3429.0,2794.0,sea_point,4684,Atlantic Ocean,5
3226,3429.6800000000003,4008.85,path_vertex,,,2
3227,3430.0,1844.0,province_center,774,Hamilton (ON),5
3228,3430.0,2054.0,province_center,813,Pittsburgh,6
3229,3430.09,2030.25,path_vertex,,,2
3230,3431.0,5775.0,sea_point,4440,Pacific Ocean,4
3231,3431.36,2522.48,path_vertex,,,2
3232,3432.0,998.0,sea_point,5435,Hudson Bay,8
3233,3432.0,2882.0,path_vertex,,,2
3234,3432.0,3742.0,province_center,1018,Valera,7
3235,3433.06,2447.0,path_vertex,,,2
3236,3433.5,4696.5,path_vertex,,,2
3237,3434.0,2533.0,sea_point,4689,Atlantic Ocean,5
3238,3434.0,4902.0,sea_point,4433,Pacific Ocean,5
3239,3436.0,2413.0,province_center,633,Florence (SC),7
3240,3437.0,2223.54,path_vertex,,,2
3241,3437.1,4413.95,path_vertex,,,2
3242,3439.0,1742.8,path_vertex,,,2
3243,3439.0,3648.0,sea_point,4592,Caribbean Sea,3
3244,3439.15,4151.46,path_vertex,,,2
3245,3440.0,3101.0,province_center,944,Cienfuegos,4
3246,3440.51,1726.51,path_vertex,,,2
3247,3440.52,1547.5900000000001,path_vertex,,,2
3248,3441.0,1520.22,path_vertex,,,2
3249,3441.0,2882.0,sea_point,4683,Strait of Florida,7
3250,3441.35,1461.6000000000001,path_vertex,,,2
3251,3441.46,4223.53,path_vertex,,,2
3252,3441.57,3747.67,path_vertex,,,2
3253,3441.73,4879.71,path_vertex,,,2
3254,3442.0,1395.29,path_vertex,,,2
3255,3442.0,1430.0,path_vertex,,,2
3256,3442.0,1889.0,sea_point,8242,Lake Erie,3
3257,3443.0,3236.0,sea_point,8117,Caribbean Sea,7
3258,3443.16,2157.42,path_vertex,,,2
3259,3443.91,3072.13,path_vertex,,,2
3260,3444.0,1190.0,sea_point,4759,Hudson Bay,4
3261,3444.0,1830.0,path_vertex,,,2
3262,3444.36,3122.6800000000003,path_vertex,,,2
3263,3444.4900000000002,2362.17,path_vertex,,,2
3264,3445.0,3062.0,sea_point,4840,Atlantic Ocean,5
3265,3445.0,4059.0,province_center,964,Mitú,8
3266,3445.0,5599.0,sea_point,4439,Pacific Ocean,5
3267,3447.0,2992.0,sea_point,8202,Atlantic Ocean,6
3268,3448.0,3143.0,sea_point,4854,Caribbean Sea,5
3269,3448.0,5408.0,sea_point,4437,Pacific Ocean,4
3270,3449.84,3095.07,path_vertex,,,2
3271,3450.0,6018.0,sea_point,4445,Pacific Ocean,5
3272,3450.9700000000003,2139.12,path_vertex,,,2
3273,3452.0,2312.0,province_center,629,Greensboro,6
3274,3452.0,3895.0,province_center,966,La Primavera,7
3275,3452.15,1791.26,path_vertex,,,2
3276,3454.0,869.0,sea_point,4766,Hudson Bay,4
3277,3454.0,4838.0,province_center,1002,Tacna,6
3278,3454.0,5501.0,sea_point,4438,Pacific Ocean,4
3279,3454.15,1842.39,path_vertex,,,2
3280,3455.0,3599.0,sea_point,4606,Caribbean Sea,6
3281,3455.73,5616.84,path_vertex,,,2
3282,3456.0,607.0,sea_point,4785,Northwestern Passages,3
3283,3458.0,1502.0,province_center,789,Rouyn-Noranda,7
3284,3458.0,3088.0,province_center,946,Santa Clara,3
3285,3458.0,6185.0,sea_point,4449,Pacific Ocean,4
3286,3458.12,3698.41,path_vertex,,,2
3287,3459.0,1280.0,sea_point,4757,Hudson Bay,5
3288,3459.46,4483.85,path_vertex,,,2
3289,3459.59,2295.0,path_vertex,,,2
3290,3460.4900000000002,4813.0,path_vertex,,,2
3291,3460.5,4625.5,path_vertex,,,2
3292,3461.4,4665.8,path_vertex,,,2
3293,3461.55,1618.24,path_vertex,,,2
3294,3461.9900000000002,4017.0,path_vertex,,,2
3295,3462.0,2288.0,province_center,623,Danville,5
3296,3462.05,1677.0,path_vertex,,,2
3297,3463.0,5282.0,sea_point,4436,Pacific Ocean,5
3298,3463.0,6552.0,sea_point,6162,Southern Ocean,7
3299,3465.0,1811.0,province_center,756,Toronto,3
3300,3465.0,3761.0,province_center,1037,Barinas,6
3301,3465.28,2476.52,path_vertex,,,2
3302,3465.4300000000003,1533.1000000000001,path_vertex,,,2
3303,3465.71,2100.0,path_vertex,,,2
3304,3466.08,4131.57,path_vertex,,,2
3305,3467.0,6267.0,sea_point,4450,Pacific Ocean,4
3306,3467.36,1312.16,path_vertex,,,2
3307,3469.54,2250.0,path_vertex,,,2
3308,3470.25,3920.52,path_vertex,,,2
3309,3471.96,6178.71,path_vertex,,,2
3310,3472.0,4993.0,sea_point,4434,Pacific Ocean,4
3311,3473.0,4754.0,province_center,1004,Puno,7
3312,3473.9500000000003,1823.26,path_vertex,,,2
3313,3474.07,1790.83,path_vertex,,,2
3314,3474.8,4686.6,path_vertex,,,2
3315,3476.0,2213.0,province_center,622,Lexington (VA),6
3316,3476.0,3094.0,path_vertex,,,2
3317,3476.0,4346.0,province_center,1068,Benjamin Constant,4
3318,3476.0,4668.0,province_center,1005,P. Maldonado,5
3319,3476.4,4651.8,path_vertex,,,2
3320,3476.46,4446.36,path_vertex,,,2
3321,3477.0,2960.0,sea_point,4864,Atlantic Ocean,3
3322,3477.0,5135.0,sea_point,4435,Pacific Ocean,4
3323,3478.0,3308.0,sea_point,4879,Caribbean Sea,6
3324,3478.0,4173.0,province_center,962,La Pedrera,4
3325,3478.04,4888.55,path_vertex,,,2
3326,3480.51,2261.27,path_vertex,,,2
3327,3481.5,2963.5,path_vertex,,,2
3328,3481.9500000000003,2363.56,path_vertex,,,2
3329,3482.0,5294.39,path_vertex,,,2
3330,3482.0,5520.0,path_vertex,,,2
3331,3483.03,3789.39,path_vertex,,,2
3332,3483.11,2056.01,path_vertex,,,2
3333,3483.89,2187.9700000000003,path_vertex,,,2
3334,3484.0,1700.0,province_center,773,Huntsville,4
3335,3484.0,2946.0,sea_point,4866,Atlantic Ocean,5
3336,3484.0,6018.0,path_vertex,,,2
3337,3484.05,1733.0,path_vertex,,,2
3338,3484.4500000000003,4988.82,path_vertex,,,2
3339,3484.7000000000003,2023.8,path_vertex,,,2
3340,3484.77,2398.88,path_vertex,,,2
3341,3484.8,2419.2000000000003,path_vertex,,,2
3342,3485.0,1975.65,path_vertex,,,2
3343,3486.0,1840.0,sea_point,8246,Lake Ontario,5
3344,3486.09,3702.85,path_vertex,,,2
3345,3487.0,1764.0,province_center,771,Kawartha Lakes,6
3346,3487.0,1919.52,path_vertex,,,2
3347,3487.0,2314.56,path_vertex,,,2
3348,3488.0,2989.4,path_vertex,,,2
3349,3488.0,2999.0,sea_point,4869,Atlantic Ocean,6
3350,3488.0,3946.0,province_center,982,Cumaribo,7
3351,3488.08,2231.29,path_vertex,,,2
3352,3489.0,3646.0,province_center,652,Coro,4
3353,3489.0,4514.0,province_center,1070,Envira,7
3354,3489.21,2295.0,path_vertex,,,2
3355,3489.65,1440.68,path_vertex,,,2
3356,3490.0,2970.0,province_center,1053,Nicholls Town,2
3357,3490.58,3830.37,path_vertex,,,2
3358,3492.0,5679.0,province_center,1372,Temuco,6
3359,3492.77,4664.150000000001,path_vertex,,,2
3360,3492.9300000000003,3637.01,path_vertex,,,2
3361,3493.54,5822.85,path_vertex,,,2
3362,3494.0,2240.0,province_center,620,Lynchburg,7
3363,3494.62,4785.92,path_vertex,,,2
3364,3495.0,1420.0,province_center,795,La Sarre,6
3365,3495.0,1602.0,province_center,794,Kipawa,5
3366,3495.0,2148.0,province_center,619,Harrisonburg,6
3367,3495.0,3288.0,sea_point,3771,Red Sea,2
3368,3495.0,3679.0,path_vertex,,,2
3369,3495.0,6017.0,province_center,1376,Puerto Aysen,5
3370,3495.0,6342.0,sea_point,4451,Pacific Ocean,2
3371,3495.05,5868.85,path_vertex,,,3
3372,3495.29,2949.18,path_vertex,,,2
3373,3495.4,4398.55,path_vertex,,,2
3374,3496.51,4139.47,path_vertex,,,2
3375,3497.0,5978.0,path_vertex,,,3
3376,3498.0,1645.0,sea_point,4463,St. Lawrence,1
3377,3498.0,3621.0,sea_point,4608,Caribbean Sea,4
3378,3498.31,6069.67,path_vertex,,,2
3379,3499.0,3692.0,province_center,1020,Barquisimeto,3
3380,3499.0,3814.0,province_center,1039,Elorza,4
3381,3499.35,2197.02,path_vertex,,,2
3382,3499.79,2994.52,path_vertex,,,2
3383,3500.3,4678.900000000001,path_vertex,,,2
3384,3502.2000000000003,6113.900000000001,path_vertex,,,3
3385,3502.5,4609.0,path_vertex,,,2
3386,3503.0,2655.0,sea_point,5809,Atlantic Ocean,7
3387,3503.0,3167.0,sea_point,4853,Caribbean Sea,3
3388,3503.0,6416.0,sea_point,4461,Southern Ocean,5
3389,3504.0,2054.0,province_center,816,Johnstown,5
3390,3504.0,6162.0,province_center,1377,Tortel,5
3391,3504.61,4202.63,path_vertex,,,2
3392,3505.48,2100.0,path_vertex,,,2
3393,3506.0,2970.0,sea_point,3774,Caribbean Sea,2
3394,3507.0,2954.0,province_center,1056,Nassau,2
3395,3507.0,3094.0,sea_point,4841,Atlantic Ocean,6
3396,3507.9300000000003,1800.66,path_vertex,,,2
3397,3508.0,5857.83,path_vertex,,,2
3398,3508.01,2295.0,path_vertex,,,2
3399,3508.01,5512.17,path_vertex,,,2
3400,3508.77,2162.23,path_vertex,,,2
3401,3509.0,5493.0,path_vertex,,,4
3402,3510.51,1284.44,path_vertex,,,2
3403,3512.57,2203.0,path_vertex,,,2
3404,3513.0,1808.0,sea_point,8253,Lake Ontario,5
3405,3513.0,2315.0,province_center,628,Durham,5
3406,3513.0,5545.0,path_vertex,,,2
3407,3513.19,5944.34,path_vertex,,,2
3408,3514.27,2957.88,path_vertex,,,2
3409,3514.66,3693.14,path_vertex,,,2
3410,3515.0,2990.0,province_center,1054,Congo Town,2
3411,3515.0,5528.0,province_center,1371,Santiago,4
3412,3515.07,6234.31,path_vertex,,,2
3413,3515.85,6290.05,path_vertex,,,2
3414,3517.0,4973.0,province_center,1375,Iquique,9
3415,3519.0,2988.0,path_vertex,,,2
3416,3519.75,5774.6,path_vertex,,,2
3417,3520.52,3733.98,path_vertex,,,2
3418,3520.55,3136.82,path_vertex,,,2
3419,3520.86,4763.07,path_vertex,,,2
3420,3521.2200000000003,3775.66,path_vertex,,,2
3421,3522.26,4534.9800000000005,path_vertex,,,2
3422,3522.67,3711.81,path_vertex,,,2
3423,3522.94,5279.41,path_vertex,,,2
3424,3523.0,5321.0,province_center,1374,Copiapó,5
3425,3523.0,5625.1,path_vertex,,,3
3426,3523.0,5994.29,path_vertex,,,2
3427,3524.0,2178.0,province_center,617,Charlottesville,8
3428,3524.25,4115.86,path_vertex,,,2
3429,3524.66,4349.96,path_vertex,,,2
3430,3525.21,2023.95,path_vertex,,,2
3431,3527.15,5779.01,path_vertex,,,2
3432,3527.23,2363.31,path_vertex,,,2
3433,3528.0,5507.0,path_vertex,,,2
3434,3529.0,2424.0,province_center,627,Wilmington,4
3435,3529.0,5909.0,province_center,1363,Esquel,5
3436,3529.4,5496.99,path_vertex,,,2
3437,3530.0,3277.0,sea_point,4880,Caribbean Sea,7
3438,3531.2200000000003,3675.35,path_vertex,,,2
3439,3531.64,2402.23,path_vertex,,,2
3440,3531.7400000000002,1307.88,path_vertex,,,2
3441,3532.0,1838.0,sea_point,8247,Lake Ontario,4
3442,3532.0,3213.0,sea_point,4852,Caribbean Sea,5
3443,3532.4,3283.78,path_vertex,,,2
3444,3533.0,327.0,sea_point,6206,Artic Ocean,3
3445,3533.0,2384.0,province_center,632,Fayetteville (NC),5
3446,3533.0,3478.0,sea_point,5891,Caribbean Sea,6
3447,3533.05,5622.26,path_vertex,,,2
3448,3533.15,5537.77,path_vertex,,,2
3449,3533.29,4835.16,path_vertex,,,2
3450,3533.35,6185.83,path_vertex,,,2
3451,3534.0,3293.0,province_center,957,Montego Bay,3
3452,3534.0,4730.21,path_vertex,,,2
3453,3534.0,5655.0,path_vertex,,,2
3454,3535.0,3341.0,sea_point,4878,Caribbean Sea,3
3455,3535.35,3326.05,path_vertex,,,2
3456,3535.6,1849.0,path_vertex,,,2
3457,3536.0,1172.0,sea_point,4756,Hudson Bay,6
3458,3536.89,1939.91,path_vertex,,,2
3459,3537.0,873.0,sea_point,4773,Hudson Bay,5
3460,3537.0,1990.0,province_center,829,State College,6
3461,3537.0,2785.0,sea_point,5816,Atlantic Ocean,6
3462,3537.0,2970.0,sea_point,4871,Atlantic Ocean,7
3463,3537.0,3019.0,sea_point,4870,Atlantic Ocean,5
3464,3537.0,4239.0,province_center,1075,São Paulo de Olivença,5
3465,3537.58,4906.33,path_vertex,,,2
3466,3537.64,3796.63,path_vertex,,,2
3467,3537.94,1192.96,path_vertex,,,2
3468,3537.9500000000003,6321.25,path_vertex,,,3
3469,3538.0,2886.0,sea_point,8209,Atlantic Ocean,5
3470,3538.66,4485.02,path_vertex,,,2
3471,3538.9,6099.7,path_vertex,,,2
3472,3539.0,5364.31,path_vertex,,,2
3473,3539.63,6144.79,path_vertex,,,2
3474,3540.0,4127.0,province_center,1067,Taraquá,3
3475,3540.35,5949.61,path_vertex,,,2
3476,3540.94,4145.24,path_vertex,,,2
3477,3541.23,2434.42,path_vertex,,,2
3478,3542.16,6289.4400000000005,path_vertex,,,2
3479,3543.0,1287.0,province_center,803,Eastmain,6
3480,3543.0,1875.0,province_center,814,Rochester (NY),6
3481,3543.0,4799.0,province_center,1064,La Paz,2
3482,3543.15,4170.4,path_vertex,,,3
3483,3544.6,5582.77,path_vertex,,,2
3484,3544.89,6044.58,path_vertex,,,2
3485,3546.04,5863.24,path_vertex,,,2
3486,3546.51,3832.39,path_vertex,,,2
3487,3546.92,2125.77,path_vertex,,,2
3488,3546.96,3179.9900000000002,path_vertex,,,2
3489,3547.0,5974.0,province_center,1364,Tecka,5
3490,3547.63,4944.82,path_vertex,,,2
3491,3548.9,4814.76,path_vertex,,,2
3492,3550.0,4107.0,path_vertex,,,2
3493,3550.0,5500.0,province_center,1159,Mendoza,4
3494,3550.65,2241.11,path_vertex,,,2
3495,3550.9,5676.58,path_vertex,,,2
3496,3551.0,5647.0,province_center,1348,Zapala,4
3497,3552.46,4000.69,path_vertex,,,2
3498,3554.0,1751.14,path_vertex,,,2
3499,3554.0,2445.0,sea_point,4691,Atlantic Ocean,5
3500,3554.0,3162.0,province_center,945,Camagüey,5
3501,3554.07,4784.91,path_vertex,,,2
3502,3555.0,2090.78,path_vertex,,,2
3503,3556.33,5317.02,path_vertex,,,2
3504,3556.4,4033.2000000000003,path_vertex,,,2
3505,3556.92,5485.62,path_vertex,,,2
3506,3557.0,3126.0,sea_point,4843,Atlantic Ocean,3
3507,3557.0,5831.0,province_center,1351,San Carlos da Bariloche,7
3508,3557.73,5515.0,path_vertex,,,2
3509,3558.0,4834.0,province_center,1203,Patacamaya,7
3510,3558.5,2229.5,path_vertex,,,2
3511,3560.0,3785.0,province_center,1038,Arismendi,6
3512,3560.0,4087.0,province_center,1065,Coarí,4
3513,3560.28,4809.37,path_vertex,,,2
3514,3561.0,1671.0,sea_point,4452,St. Lawrence,2
3515,3562.0,4771.0,province_center,1204,Caranavi,5
3516,3562.0,4989.7,path_vertex,,,2
3517,3562.0,6208.0,province_center,1353,Tres Lagos,5
3518,3562.0,6445.0,sea_point,4462,Southern Ocean,3
3519,3562.5,2142.2,path_vertex,,,2
3520,3563.35,1578.65,path_vertex,,,2
3521,3563.6800000000003,3863.21,path_vertex,,,2
3522,3564.0,3697.0,province_center,1021,Valencia (VE),8
3523,3564.2200000000003,2045.7,path_vertex,,,2
3524,3564.61,3721.0,path_vertex,,,2
3525,3566.55,4749.0,path_vertex,,,2
3526,3566.8,4130.6,path_vertex,,,2
3527,3567.0,2241.0,province_center,613,Richmond,3
3528,3567.0,3225.0,sea_point,4851,Caribbean Sea,4
3529,3567.4,5633.8,path_vertex,,,2
3530,3567.44,2025.3400000000001,path_vertex,,,2
3531,3567.5,5666.71,path_vertex,,,2
3532,3567.9,3303.3,path_vertex,,,2
3533,3567.91,3172.0,path_vertex,,,2
3534,3567.92,6436.49,path_vertex,,,2
3535,3568.0,5502.0,path_vertex,,,2
3536,3568.19,6029.96,path_vertex,,,2
3537,3569.0,4278.0,path_vertex,,,2
3538,3569.0,4564.0,province_center,948,Rio Branco,5
3539,3569.0,5448.0,province_center,1333,San Juan (AR),5
3540,3569.01,1996.38,path_vertex,,,2
3541,3569.69,3919.2000000000003,path_vertex,,,2
3542,3570.34,3216.0,path_vertex,,,2
3543,3570.94,6164.12,path_vertex,,,2
3544,3571.0,4016.0,province_center,965,Puerto Iñírida,5
3545,3571.1,5085.6,path_vertex,,,2
3546,3571.7200000000003,1414.46,path_vertex,,,2
3547,3572.0,4715.0,province_center,1205,Rurrenabaque,7
3548,3572.42,4826.76,path_vertex,,,2
3549,3573.4,4596.85,path_vertex,,,2
3550,3574.4500000000003,4880.74,path_vertex,,,2
3551,3574.88,1929.41,path_vertex,,,2
3552,3575.0,810.0,sea_point,4767,Hudson Bay,3
3553,3575.3,3810.28,path_vertex,,,2
3554,3575.59,4683.35,path_vertex,,,2
3555,3576.62,4044.08,path_vertex,,,2
3556,3576.91,3779.28,path_vertex,,,2
3557,3577.0,4353.0,province_center,1071,Jutaí,4
3558,3577.88,1537.75,path_vertex,,,2
3559,3577.91,1721.3400000000001,path_vertex,,,2
3560,3578.0,6124.0,province_center,1355,Perito Moreno,5
3561,3578.39,3727.0,path_vertex,,,2
3562,3578.5,5203.53,path_vertex,,,2
3563,3579.0,4642.0,province_center,1206,Sena,6
3564,3579.9,2155.76,path_vertex,,,2
3565,3580.53,3153.0,path_vertex,,,2
3566,3581.0,1809.0,sea_point,4748,Lake Ontario,2
3567,3581.0,3183.0,province_center,950,Bayamo,4
3568,3581.5,2227.5,path_vertex,,,2
3569,3582.0,995.0,sea_point,8273,Hudson Bay,6
3570,3582.53,2247.88,path_vertex,,,2
3571,3583.0,5564.0,province_center,1165,San Rafael,6
3572,3583.85,3674.23,path_vertex,,,2
3573,3584.0,5958.32,path_vertex,,,2
3574,3584.14,5065.89,path_vertex,,,2
3575,3584.21,3889.69,path_vertex,,,2
3576,3584.57,2264.25,path_vertex,,,2
3577,3585.0,3308.0,province_center,956,Kingston,2
3578,3585.55,4493.18,path_vertex,,,2
3579,3585.58,4161.75,path_vertex,,,2
3580,3587.9900000000002,5929.02,path_vertex,,,2
3581,3588.2200000000003,6103.22,path_vertex,,,2
3582,3588.82,1910.8,path_vertex,,,2
3583,3589.0,594.0,sea_point,4783,Northwestern Passages,2
3584,3589.15,3322.23,path_vertex,,,2
3585,3589.3,3885.7000000000003,path_vertex,,,2
3586,3589.5,4012.5,path_vertex,,,2
3587,3589.88,1496.1100000000001,path_vertex,,,2
3588,3590.21,4423.72,path_vertex,,,2
3589,3590.37,5467.21,path_vertex,,,2
3590,3590.59,3975.87,path_vertex,,,2
3591,3591.17,4793.49,path_vertex,,,2
3592,3591.26,2406.6,path_vertex,,,2
3593,3592.0,3195.0,path_vertex,,,2
3594,3592.9700000000003,1867.41,path_vertex,,,2
3595,3593.28,2010.29,path_vertex,,,2
3596,3594.0,1832.0,sea_point,8248,Lake Ontario,4
3597,3594.0,1990.0,province_center,828,Lewisburg,5
3598,3594.42,1465.54,path_vertex,,,2
3599,3595.0,3347.0,sea_point,4876,Caribbean Sea,5
3600,3595.0,4451.0,province_center,1072,Pauini,7
3601,3595.0,6598.0,sea_point,6163,Southern Ocean,7
3602,3596.0,3069.0,sea_point,8204,Atlantic Ocean,6
3603,3597.0,1706.0,sea_point,4369,St. Lawrence,2
3604,3597.0,3146.0,sea_point,4844,Atlantic Ocean,5
3605,3597.55,5994.8,path_vertex,,,2
3606,3598.0,2147.0,province_center,812,Washington,4
3607,3598.01,2295.91,path_vertex,,,2
3608,3598.52,3171.85,path_vertex,,,2
3609,3598.7400000000002,6261.860000000001,path_vertex,,,2
3610,3599.0,3770.0,province_center,1026,Calabozo,5
3611,3599.21,5754.66,path_vertex,,,2
3612,3599.67,3809.52,path_vertex,,,2
3613,3600.0,3852.0,province_center,1041,Parguaza,8
3614,3600.69,1647.8500000000001,path_vertex,,,2
3615,3601.0,2128.0,path_vertex,,,2
3616,3601.0,5877.9800000000005,path_vertex,,,2
3617,3601.71,3183.82,path_vertex,,,2
3618,3601.75,4041.9700000000003,path_vertex,,,2
3619,3602.0,2049.0,province_center,818,Harrisburg,7
3620,3602.0,2410.0,sea_point,4692,Atlantic Ocean,5
3621,3602.0,3205.0,province_center,947,Santiago d. C.,3
3622,3602.0,6387.0,province_center,1373,Punta Arenas,3
3623,3603.19,4106.26,path_vertex,,,2
3624,3603.6,5409.1900000000005,path_vertex,,,2
3625,3604.0,2117.0,province_center,815,Baltimore,7
3626,3604.0,3648.0,sea_point,4586,Caribbean Sea,5
3627,3604.23,3212.0,path_vertex,,,2
3628,3604.87,1840.22,path_vertex,,,2
3629,3604.98,4584.87,path_vertex,,,2
3630,3605.55,5619.900000000001,path_vertex,,,3
3631,3605.65,5587.58,path_vertex,,,2
3632,3605.9300000000003,2062.15,path_vertex,,,2
3633,3607.0,3688.0,path_vertex,,,2
3634,3607.59,4334.57,path_vertex,,,2
3635,3608.0,4807.0,province_center,1217,Arcopongo,5
3636,3608.0,4885.0,province_center,1200,Oruro,7
3637,3608.0,6056.0,province_center,1357,Río Mayo,7
3638,3608.83,4850.86,path_vertex,,,2
3639,3609.0,3227.0,sea_point,4848,Caribbean Sea,6
3640,3609.46,6229.6,path_vertex,,,2
3641,3609.91,4751.66,path_vertex,,,2
3642,3610.0,1801.0,sea_point,8250,Lake Ontario,5
3643,3610.08,5344.64,path_vertex,,,2
3644,3610.26,3888.05,path_vertex,,,2
3645,3612.05,6371.95,path_vertex,,,4
3646,3612.13,5849.66,path_vertex,,,2
3647,3612.9700000000003,5531.38,path_vertex,,,2
3648,3614.0,2123.0,path_vertex,,,2
3649,3614.0,2146.16,path_vertex,,,2
3650,3614.0,3903.0,province_center,1032,San Juan de Manapiare,5
3651,3614.06,1784.76,path_vertex,,,2
3652,3614.52,2328.71,path_vertex,,,2
3653,3614.9,2172.67,path_vertex,,,2
3654,3615.0,4111.0,province_center,1066,Içana,5
3655,3615.35,4944.0,path_vertex,,,2
3656,3615.6,6165.49,path_vertex,,,2
3657,3615.84,2197.2000000000003,path_vertex,,,2
3658,3616.2000000000003,3670.4,path_vertex,,,2
3659,3616.6,3215.8,path_vertex,,,2
3660,3617.0,1495.0,province_center,793,Val-d'Or,3
3661,3617.0,2146.0,sea_point,4696,Chesapeake Bay,4
3662,3617.0,2260.0,province_center,616,Norfolk,6
3663,3617.0,3204.0,path_vertex,,,2
3664,3617.0,4538.64,path_vertex,,,2
3665,3617.19,6048.07,path_vertex,,,2
3666,3617.69,2256.0,path_vertex,,,2
3667,3618.64,4624.4800000000005,path_vertex,,,2
3668,3619.0,2558.0,sea_point,5803,Atlantic Ocean,6
3669,3619.0,5282.0,province_center,1164,Cafayate,6
3670,3619.0,5718.0,province_center,1365,Cutral-Có,5
3671,3619.04,1957.5900000000001,path_vertex,,,2
3672,3619.14,6342.0,path_vertex,,,2
3673,3620.0,2109.0,path_vertex,,,3
3674,3620.03,4478.95,path_vertex,,,2
3675,3620.44,4664.51,path_vertex,,,2
3676,3620.59,5799.14,path_vertex,,,2
3677,3621.0,2224.0,sea_point,4699,Chesapeake Bay,3
3678,3621.0,4995.0,province_center,1201,Uyuni,5
3679,3621.33,2147.32,path_vertex,,,2
3680,3622.0,3684.0,province_center,1022,Caracas,3
3681,3623.0,1479.0,path_vertex,,,2
3682,3623.0,3547.0,sea_point,8781,Caribbean Sea,8
3683,3624.0,5941.0,province_center,1368,Los Altares,5
3684,3624.1,1802.14,path_vertex,,,2
3685,3624.36,4878.14,path_vertex,,,2
3686,3624.46,1514.69,path_vertex,,,2
3687,3625.0,2188.0,sea_point,4697,Chesapeake Bay,5
3688,3625.0,2704.0,sea_point,6288,Atlantic Ocean,6
3689,3626.2000000000003,2112.6,path_vertex,,,2
3690,3626.7200000000003,5022.09,path_vertex,,,2
3691,3626.73,5117.61,path_vertex,,,2
3692,3627.0,1726.0,province_center,772,Ottawa,3
3693,3628.4500000000003,3837.46,path_vertex,,,2
3694,3629.6,2104.2,path_vertex,,,2
3695,3630.0,1460.0,province_center,3284,Barraute,6
3696,3630.0,6308.0,province_center,1352,Río Gallegos,5
3697,3630.13,5315.56,path_vertex,,,2
3698,3631.51,3708.56,path_vertex,,,2
3699,3631.6,3786.8,path_vertex,,,2
3700,3631.9300000000003,3948.2400000000002,path_vertex,,,2
3701,3632.0,3202.0,province_center,949,Guantánamo,5
3702,3632.0,5047.0,province_center,1202,San Pablo,4
3703,3632.12,5905.1900000000005,path_vertex,,,2
3704,3632.85,1905.0,path_vertex,,,2
3705,3633.58,4849.88,path_vertex,,,2
3706,3634.0,1862.0,province_center,820,Syracuse,7
3707,3634.0,4529.0,province_center,1073,Boca do Acre,6
3708,3634.0,5506.0,province_center,1336,San Luis,5
3709,3634.0,6147.1900000000005,path_vertex,,,2
3710,3634.0,6472.0,sea_point,4464,Southern Ocean,4
3711,3634.4500000000003,2265.89,path_vertex,,,2
3712,3634.8,3691.6,path_vertex,,,2
3713,3635.19,4916.72,path_vertex,,,2
3714,3635.61,4701.91,path_vertex,,,2
3715,3635.64,2082.48,path_vertex,,,2
3716,3636.0,2180.35,path_vertex,,,2
3717,3636.0,2885.0,sea_point,5825,Atlantic Ocean,7
3718,3637.1,5457.02,path_vertex,,,2
3719,3637.33,6099.47,path_vertex,,,2
3720,3638.9,1980.75,path_vertex,,,2
3721,3639.58,3760.87,path_vertex,,,2
3722,3640.0,1560.0,province_center,796,Kitcisakik,7
3723,3640.0,1803.0,province_center,836,Watertown,3
3724,3640.0,1918.0,province_center,821,Binghamton,5
3725,3640.01,4559.5,path_vertex,,,2
3726,3640.64,5988.09,path_vertex,,,2
3727,3640.86,1834.57,path_vertex,,,2
3728,3640.87,5747.04,path_vertex,,,2
3729,3641.0,4032.0,province_center,1035,Bruno,4
3730,3641.0,4871.0,province_center,1196,Cochabamba,4
3731,3641.0,5248.0,path_vertex,,,3
3732,3641.0,5366.0,province_center,1339,La Rioja,3
3733,3641.0,5859.0,province_center,1367,Los Menucos,6
3734,3642.0,234.0,sea_point,6538,Artic Ocean,2
3735,3642.0,1776.0,sea_point,4577,St. Lawrence,2
3736,3642.03,5072.41,path_vertex,,,2
3737,3643.96,6276.9800000000005,path_vertex,,,2
3738,3644.0,1706.0,sea_point,4346,St. Lawrence,2
3739,3644.14,4008.89,path_vertex,,,2
3740,3644.5,4417.43,path_vertex,,,2
3741,3645.0,767.0,sea_point,3790,Baffin Bay,2
3742,3646.0,3992.0,province_center,1033,Tamatama,5
3743,3647.57,2013.8500000000001,path_vertex,,,2
3744,3647.65,4963.31,path_vertex,,,2
3745,3647.76,4890.06,path_vertex,,,2
3746,3647.83,4815.21,path_vertex,,,2
3747,3647.9900000000002,6290.08,path_vertex,,,2
3748,3648.0,2339.0,sea_point,4694,Atlantic Ocean,4
3749,3648.0,5726.0,path_vertex,,,2
3750,3648.13,4854.3,path_vertex,,,2
3751,3648.4900000000002,4750.03,path_vertex,,,2
3752,3649.0,2096.0,province_center,811,Philadelphia,4
3753,3649.0,3183.0,path_vertex,,,2
3754,3649.0,4609.0,province_center,1207,Riberalta,5
3755,3650.0,6016.0,province_center,1360,Canguel,6
3756,3650.4,4848.35,path_vertex,,,3
3757,3651.0,2271.0,sea_point,4695,Atlantic Ocean,6
3758,3651.0,6310.650000000001,path_vertex,,,2
3759,3651.05,4379.05,path_vertex,,,3
3760,3651.13,1351.91,path_vertex,,,2
3761,3651.62,2114.68,path_vertex,,,2
3762,3652.35,1342.9,path_vertex,,,3
3763,3653.0,2124.0,path_vertex,,,3
3764,3653.0,4305.0,province_center,1074,Concórdia,4
3765,3653.65,5943.58,path_vertex,,,2
3766,3653.96,6061.81,path_vertex,,,2
3767,3654.16,1958.8400000000001,path_vertex,,,2
3768,3656.0,6251.0,province_center,1407,Puerto Santa Cruz,5
3769,3656.6,5205.8,path_vertex,,,2
3770,3656.75,4172.43,path_vertex,,,2
3771,3658.17,4424.650000000001,path_vertex,,,2
3772,3658.9,4741.3,path_vertex,,,2
3773,3659.73,2060.1,path_vertex,,,2
3774,3659.88,6044.67,path_vertex,,,2
3775,3659.9900000000002,5904.67,path_vertex,,,2
3776,3660.0,3097.0,sea_point,8206,Atlantic Ocean,5
3777,3660.0,3172.0,sea_point,4845,Atlantic Ocean,5
3778,3660.0,4947.0,province_center,1216,Potosí,6
3779,3660.0,6311.0,sea_point,4474,Atlantic Ocean,3
3780,3660.0,6744.0,sea_point,5080,sea,3
3781,3660.4,1504.2,path_vertex,,,2
3782,3660.78,4878.02,path_vertex,,,2
3783,3661.28,6264.360000000001,path_vertex,,,2
3784,3661.4700000000003,1624.74,path_vertex,,,2
3785,3661.54,2086.69,path_vertex,,,2
3786,3661.58,5806.0,path_vertex,,,2
3787,3661.8,3950.6,path_vertex,,,2
3788,3662.0,5730.0,province_center,1349,Neuquén,3
3789,3663.0,5647.0,province_center,1166,La Reforma,3
3790,3663.0,6117.0,path_vertex,,,3
3791,3663.19,3995.53,path_vertex,,,2
3792,3663.46,3883.53,path_vertex,,,2
3793,3663.6800000000003,5006.18,path_vertex,,,2
3794,3664.0,2158.0,province_center,826,Atlantic City,5
3795,3664.0,6272.0,sea_point,4475,Atlantic Ocean,5
3796,3664.08,5748.49,path_vertex,,,2
3797,3665.0,3296.0,sea_point,4900,Caribbean Sea,7
3798,3666.0,2995.0,sea_point,5833,Atlantic Ocean,7
3799,3666.0,6076.0,path_vertex,,,2
3800,3667.0,6064.0,province_center,1356,Comodoro Riva.,5
3801,3667.34,6356.8,path_vertex,,,2
3802,3668.0,4011.0,path_vertex,,,2
3803,3668.31,5263.28,path_vertex,,,2
3804,3668.32,3905.04,path_vertex,,,2
3805,3669.0,5785.0,province_center,1369,Boliche,7
3806,3669.05,2100.0,path_vertex,,,2
3807,3671.0,1983.0,province_center,819,Scranton,7
3808,3671.0,3996.0,province_center,1034,La Esmeralda,5
3809,3671.05,1892.8,path_vertex,,,2
3810,3671.35,6021.650000000001,path_vertex,,,2
3811,3672.1800000000003,5978.68,path_vertex,,,2
3812,3673.0,4820.0,province_center,1218,Chimoré,5
3813,3673.0,5149.0,province_center,1331,Tilcara,7
3814,3673.4,5220.2,path_vertex,,,2
3815,3673.86,2155.58,path_vertex,,,2
3816,3673.88,5033.1,path_vertex,,,2
3817,3674.0,3676.0,sea_point,4584,Caribbean Sea,4
3818,3674.83,3687.4300000000003,path_vertex,,,2
3819,3675.0,4199.0,province_center,1082,Maraã,2
3820,3675.0,5481.5,path_vertex,,,2
3821,3676.0,5945.0,province_center,1361,Las Plumas,7
3822,3676.0,6356.0,sea_point,4473,Atlantic Ocean,5
3823,3677.0,1714.0,sea_point,4267,St. Lawrence,2
3824,3677.0,3751.0,province_center,1030,Zaraza,7
3825,3677.0,4590.05,path_vertex,,,2
3826,3677.0,6414.4400000000005,path_vertex,,,2
3827,3678.0,3789.0,path_vertex,,,2
3828,3678.92,2026.88,path_vertex,,,2
3829,3679.0,3810.0,province_center,1040,Maripa,5
3830,3679.4,6049.8,path_vertex,,,2
3831,3681.92,5739.26,path_vertex,,,2
3832,3682.0,6201.0,path_vertex,,,2
3833,3682.23,1927.08,path_vertex,,,2
3834,3682.38,5863.8,path_vertex,,,2
3835,3683.0,6068.0,path_vertex,,,2
3836,3684.3,5188.900000000001,path_vertex,,,2
3837,3684.4700000000003,4982.35,path_vertex,,,2
3838,3685.69,4661.96,path_vertex,,,2
3839,3685.9700000000003,1964.0,path_vertex,,,2
3840,3686.0,1045.0,sea_point,4754,Hudson Bay,4
3841,3686.15,4348.5,path_vertex,,,3
3842,3687.57,5708.6900000000005,path_vertex,,,2
3843,3688.0,1737.0,sea_point,4567,St. Lawrence,2
3844,3688.27,4910.96,path_vertex,,,2
3845,3688.59,3950.8,path_vertex,,,2
3846,3688.75,4494.75,path_vertex,,,3
3847,3689.0,1724.0,sea_point,4265,St. Lawrence,3
3848,3690.0,1671.0,province_center,790,Saint-Jérôme,4
3849,3690.0,5208.0,province_center,1156,Salta,3
3850,3690.57,5174.59,path_vertex,,,2
3851,3693.0,2057.0,province_center,817,Princeton,6
3852,3693.0,3858.65,path_vertex,,,2
3853,3693.15,4758.2300000000005,path_vertex,,,2
3854,3694.23,5975.3,path_vertex,,,2
3855,3694.28,5146.6900000000005,path_vertex,,,2
3856,3694.5,4080.0,path_vertex,,,2
3857,3696.07,5824.0,path_vertex,,,2
3858,3696.1,4145.3,path_vertex,,,2
3859,3696.53,4548.99,path_vertex,,,2
3860,3698.11,5067.01,path_vertex,,,2
3861,3699.0,6028.0,province_center,1358,Garayalda,5
3862,3700.0,4736.0,province_center,1198,Trinidad,3
3863,3700.88,4715.51,path_vertex,,,2
3864,3700.92,3727.92,path_vertex,,,2
3865,3701.0,3222.0,sea_point,4847,Atlantic Ocean,6
3866,3701.0,4893.0,province_center,1215,Sucre,5
3867,3702.62,6050.78,path_vertex,,,2
3868,3703.0,4687.0,province_center,1208,San Ramon,6
3869,3703.0,5480.0,province_center,1338,La Toma,4
3870,3703.2400000000002,4292.27,path_vertex,,,2
3871,3703.5,1836.5,path_vertex,,,2
3872,3703.88,1209.47,path_vertex,,,2
3873,3704.69,1681.46,path_vertex,,,2
3874,3705.0,1712.0,sea_point,4260,St. Lawrence,2
3875,3705.13,4652.84,path_vertex,,,2
3876,3705.83,5900.04,path_vertex,,,2
3877,3706.0,590.0,sea_point,4784,Northwestern Passages,2
3878,3706.0,3321.0,sea_point,3768,Red Sea,2
3879,3706.0,3904.0,province_center,1029,Firiña,8
3880,3706.31,5624.24,path_vertex,,,2
3881,3706.66,5214.93,path_vertex,,,2
3882,3707.94,4188.42,path_vertex,,,2
3883,3709.05,4214.04,path_vertex,,,2
3884,3709.98,1490.77,path_vertex,,,2
3885,3711.0,2146.0,sea_point,4701,Atlantic Ocean,5
3886,3711.0,3418.0,sea_point,5883,Caribbean Sea,8
3887,3711.0,5022.0,province_center,1199,Tarija,7
3888,3712.0,4565.0,province_center,1101,Abunã,5
3889,3712.0,6427.0,province_center,1370,Rio Grande,3
3890,3712.57,4387.34,path_vertex,,,2
3891,3713.0,4346.0,path_vertex,,,2
3892,3714.0,6074.0,sea_point,4482,Atlantic Ocean,5
3893,3715.0,6151.0,province_center,1354,Puerto Deseado,5
3894,3715.0,6455.0,path_vertex,,,2
3895,3715.23,1582.7,path_vertex,,,2
3896,3715.98,2002.22,path_vertex,,,2
3897,3717.0,1719.0,sea_point,4069,St. Lawrence,2
3898,3717.0,1861.0,path_vertex,,,2
3899,3717.0,4154.0,province_center,1095,Tomar,4
3900,3717.0,6484.0,sea_point,4466,Southern Ocean,6
3901,3720.0,2480.0,sea_point,5799,Atlantic Ocean,6
3902,3720.0,3269.0,sea_point,4902,Gulf of Gonâve,4
3903,3720.58,6422.59,path_vertex,,,2
3904,3721.0,3668.0,sea_point,4583,Caribbean Sea,5
3905,3721.59,3775.7200000000003,path_vertex,,,2
3906,3721.77,6180.150000000001,path_vertex,,,2
3907,3721.8,2030.4,path_vertex,,,2
3908,3722.0,886.0,sea_point,4772,Hudson Bay,4
3909,3722.69,4538.0,path_vertex,,,2
3910,3722.91,5486.400000000001,path_vertex,,,2
3911,3723.0,1928.0,province_center,834,Kingston (NY),6
3912,3724.38,4490.93,path_vertex,,,2
3913,3724.4500000000003,3989.9,path_vertex,,,2
3914,3724.48,4740.6900000000005,path_vertex,,,2
3915,3724.55,3800.65,path_vertex,,,2
3916,3725.0,1696.0,province_center,775,Montréal,3
3917,3725.0,4458.51,path_vertex,,,2
3918,3725.3,5958.1,path_vertex,,,2
3919,3725.83,5779.39,path_vertex,,,2
3920,3726.0,5868.0,province_center,1362,San Antonio Oeste,5
3921,3726.0,6419.0,sea_point,4471,Scotia Sea,4
3922,3726.2400000000002,1984.32,path_vertex,,,2
3923,3726.6800000000003,2077.18,path_vertex,,,2
3924,3727.01,3858.23,path_vertex,,,2
3925,3727.2000000000003,3684.11,path_vertex,,,2
3926,3728.0,1539.0,path_vertex,,,2
3927,3728.0,4286.0,province_center,1083,Tefé,3
3928,3728.0,4305.0,path_vertex,,,2
3929,3728.0,6198.0,sea_point,4477,Atlantic Ocean,5
3930,3728.04,1785.82,path_vertex,,,2
3931,3729.0,1200.0,province_center,798,Sakami,6
3932,3729.0,4342.0,province_center,1169,Urucu,5
3933,3729.12,1713.29,path_vertex,,,2
3934,3730.0,1717.0,sea_point,4046,St. Lawrence,3
3935,3731.0,3697.0,province_center,1023,Cumaná,5
3936,3731.96,5981.06,path_vertex,,,2
3937,3732.0,1879.0,path_vertex,,,2
3938,3732.0,2032.0,sea_point,4739,Gulf of St. Lawrence,2
3939,3732.0,3286.0,sea_point,3769,Red Sea,2
3940,3733.57,2025.8,path_vertex,,,2
3941,3734.0,1635.99,path_vertex,,,2
3942,3734.0,1861.0,province_center,833,Albany (NY),5
3943,3734.0,2081.0,sea_point,4703,Atlantic Ocean,5
3944,3734.94,4954.64,path_vertex,,,2
3945,3735.9,6135.8,path_vertex,,,2
3946,3735.92,4181.49,path_vertex,,,2
3947,3736.0,6598.0,sea_point,6164,Southern Ocean,6
3948,3736.19,1678.8600000000001,path_vertex,,,2
3949,3737.39,1952.3,path_vertex,,,2
3950,3739.31,1847.54,path_vertex,,,2
3951,3739.56,1102.3600000000001,path_vertex,,,2
3952,3740.51,5103.49,path_vertex,,,2
3953,3741.62,4553.7300000000005,path_vertex,,,2
3954,3742.0,2012.0,province_center,761,New York,5
3955,3742.0,4483.0,province_center,1170,Lábrea,5
3956,3743.2400000000002,5875.06,path_vertex,,,2
3957,3743.53,3745.0,path_vertex,,,2
3958,3744.6,1875.2,path_vertex,,,2
3959,3744.89,3953.0,path_vertex,,,2
3960,3745.0,5964.0,province_center,1359,Trelew,3
3961,3745.6,4292.2,path_vertex,,,2
3962,3747.0,4745.0,province_center,1209,Casarabe,6
3963,3747.4900000000002,4386.31,path_vertex,,,2
3964,3748.0,6127.0,sea_point,3316,Atlantic Ocean,5
3965,3748.9300000000003,4927.04,path_vertex,,,2
3966,3749.0,1700.0,sea_point,3961,St. Lawrence,2
3967,3749.0,5921.0,path_vertex,,,2
3968,3749.44,4465.0,path_vertex,,,2
3969,3750.6800000000003,5799.92,path_vertex,,,2
3970,3750.8,4817.0,path_vertex,,,2
3971,3751.0,2010.51,path_vertex,,,2
3972,3751.0,2605.0,sea_point,6284,Atlantic Ocean,6
3973,3751.32,4162.54,path_vertex,,,2
3974,3752.81,1385.49,path_vertex,,,2
3975,3752.94,4529.76,path_vertex,,,2
3976,3753.0,1857.0,path_vertex,,,2
3977,3753.4500000000003,5407.68,path_vertex,,,2
3978,3754.0,5776.0,province_center,1350,Lamarque,6
3979,3754.08,1929.81,path_vertex,,,2
3980,3755.0,3254.59,path_vertex,,,2
3981,3755.0,3794.0,province_center,1031,Guarataro,7
3982,3755.0,5161.0,province_center,1163,Calilegua,6
3983,3755.75,3293.5,path_vertex,,,2
3984,3757.0,5883.0,sea_point,4493,Atlantic Ocean,3
3985,3758.0,4548.0,province_center,1096,Porto Velho,3
3986,3759.0,1698.0,sea_point,3953,St. Lawrence,2
3987,3759.08,5178.0,path_vertex,,,2
3988,3760.0,6278.0,sea_point,8154,Atlantic Ocean,6
3989,3760.8,1997.4,path_vertex,,,2
3990,3761.0,1784.0,province_center,835,Burlington,7
3991,3761.0,3133.0,sea_point,5841,Atlantic Ocean,9
3992,3761.81,5792.0,path_vertex,,,2
3993,3762.88,5864.900000000001,path_vertex,,,2
3994,3763.13,4984.82,path_vertex,,,2
3995,3763.62,5968.92,path_vertex,,,2
3996,3764.0,3323.0,sea_point,4896,Caribbean Sea,4
3997,3764.0,4427.0,province_center,1088,Canutama,6
3998,3764.5,4272.0,path_vertex,,,2
3999,3765.4,1852.8,path_vertex,,,2
4000,3766.0,2898.0,sea_point,6298,Atlantic Ocean,6
4001,3766.0,5679.0,province_center,1167,Santa Rosa,2
4002,3766.78,4567.46,path_vertex,,,2
4003,3767.0,3309.0,path_vertex,,,2
4004,3767.0,3551.0,sea_point,5895,Caribbean Sea,6
4005,3767.0,4166.0,province_center,1081,Barcelos,4
4006,3767.4,5803.85,path_vertex,,,3
4007,3767.41,4673.78,path_vertex,,,2
4008,3768.81,5659.82,path_vertex,,,2
4009,3769.0,1686.0,sea_point,3952,St. Lawrence,2
4010,3769.0,1860.0,path_vertex,,,3
4011,3769.0,6037.0,sea_point,4485,Atlantic Ocean,4
4012,3770.0,774.0,sea_point,4769,Hudson Bay,3
4013,3770.0,3229.0,sea_point,4886,Atlantic Ocean,4
4014,3770.0,3298.0,province_center,954,Port-au-Prince,4
4015,3770.0,3984.0,province_center,1195,Amajari,6
4016,3770.0,5913.0,sea_point,4492,Atlantic Ocean,4
4017,3770.6800000000003,5453.21,path_vertex,,,2
4018,3770.9900000000002,3273.0,path_vertex,,,2
4019,3771.0,1531.0,province_center,791,La Tuque,6
4020,3771.0,3248.0,province_center,1111,Cap-Haïtien,5
4021,3771.0,5239.0,province_center,1332,Las Lajitas,6
4022,3771.42,3240.85,path_vertex,,,2
4023,3771.75,4198.56,path_vertex,,,2
4024,3772.0,4655.0,province_center,1100,São Francisco do Guaporé,3
4025,3773.0,971.0,sea_point,4753,Hudson Bay,4
4026,3773.0,5970.0,sea_point,4487,Atlantic Ocean,4
4027,3774.21,4629.09,path_vertex,,,2
4028,3774.55,3869.48,path_vertex,,,2
4029,3775.0,4602.0,province_center,1098,Jaru,4
4030,3776.48,1566.3,path_vertex,,,2
4031,3777.0,4243.0,province_center,1093,Codajás,6
4032,3777.48,3810.01,path_vertex,,,2
4033,3778.4700000000003,3714.12,path_vertex,,,2
4034,3779.0,1986.0,province_center,825,New Haven,6
4035,3779.37,4321.78,path_vertex,,,2
4036,3780.81,4877.1900000000005,path_vertex,,,2
4037,3781.0,5585.0,province_center,1346,Huinca Renancó,6
4038,3781.0,6528.0,sea_point,8163,Southern Ocean,4
4039,3782.07,1996.56,path_vertex,,,2
4040,3782.84,5538.67,path_vertex,,,2
4041,3783.0,2003.0,sea_point,4706,Atlantic Ocean,3
4042,3783.0,2355.0,sea_point,5784,Atlantic Ocean,7
4043,3783.0,2730.0,sea_point,6603,Atlantic Ocean,7
4044,3783.0,5506.0,province_center,1337,Río Cuarto,5
4045,3783.56,4376.55,path_vertex,,,2
4046,3785.19,3917.63,path_vertex,,,2
4047,3785.4700000000003,5309.84,path_vertex,,,2
4048,3786.0,1602.0,province_center,788,Shawinigan,5
4049,3786.0,1681.0,sea_point,3948,St. Lawrence,2
4050,3786.0,5462.0,path_vertex,,,2
4051,3786.52,4420.03,path_vertex,,,2
4052,3786.88,4461.67,path_vertex,,,2
4053,3787.0,1940.0,province_center,824,Hartford,5
4054,3787.7200000000003,5426.6900000000005,path_vertex,,,2
4055,3788.0,5445.0,province_center,1157,Córdoba (AR),4
4056,3788.0,5681.0,path_vertex,,,2
4057,3788.1,3734.7000000000003,path_vertex,,,2
4058,3789.0,4484.71,path_vertex,,,2
4059,3790.0,6372.0,sea_point,8156,Scotia Sea,6
4060,3790.05,1956.0,path_vertex,,,2
4061,3790.6800000000003,4797.66,path_vertex,,,2
4062,3790.85,5030.12,path_vertex,,,2
4063,3793.0,5349.0,province_center,1344,Santiago del Estero,6
4064,3794.0,1640.0,sea_point,3943,St. Lawrence,2
4065,3794.0,1657.0,sea_point,3945,St. Lawrence,2
4066,3795.94,3267.06,path_vertex,,,2
4067,3796.0,3721.0,province_center,1024,Maturín,3
4068,3796.0,4960.0,province_center,1214,Valle Grande,7
4069,3796.26,1740.3600000000001,path_vertex,,,2
4070,3796.73,3958.88,path_vertex,,,2
4071,3797.0,1674.0,sea_point,3947,St. Lawrence,2
4072,3797.51,4588.52,path_vertex,,,2
4073,3798.0,3294.0,path_vertex,,,2
4074,3799.09,4231.4800000000005,path_vertex,,,2
4075,3800.0,5920.0,sea_point,3822,Atlantic Ocean,2
4076,3800.17,4750.63,path_vertex,,,2
4077,3802.0,4485.0,province_center,1087,Humaitá,4
4078,3802.0,6448.0,sea_point,4469,Scotia Sea,6
4079,3803.0,4312.0,province_center,1084,Coari,7
4080,3803.96,4901.57,path_vertex,,,2
4081,3804.0,3340.0,sea_point,3764,Red Sea,2
4082,3806.0,3790.37,path_vertex,,,2
4083,3807.0,650.0,sea_point,4781,Northwestern Passages,2
4084,3807.0,6104.0,sea_point,8165,Atlantic Ocean,6
4085,3807.17,1817.14,path_vertex,,,2
4086,3807.61,4440.59,path_vertex,,,2
4087,3809.0,6198.0,sea_point,6142,Atlantic Ocean,6
4088,3810.0,4411.0,province_center,1171,Meditação,7
4089,3810.87,4354.87,path_vertex,,,2
4090,3811.6,5777.8,path_vertex,,,2
4091,3812.0,3701.0,path_vertex,,,2
4092,3813.0,4056.0,path_vertex,,,2
4093,3814.0,2230.0,sea_point,5758,Atlantic Ocean,6
4094,3814.0,5872.0,province_center,1366,Viedma,4
4095,3814.4,3727.2000000000003,path_vertex,,,2
4096,3814.88,4939.28,path_vertex,,,2
4097,3815.0,5446.0,path_vertex,,,2
4098,3817.31,4689.06,path_vertex,,,2
4099,3817.84,1942.16,path_vertex,,,2
4100,3818.29,1910.5900000000001,path_vertex,,,2
4101,3818.81,4160.09,path_vertex,,,2
4102,3819.0,1711.0,province_center,786,Sherbrooke,3
4103,3819.0,5944.0,sea_point,4488,Atlantic Ocean,5
4104,3819.09,4631.49,path_vertex,,,2
4105,3819.71,1785.8500000000001,path_vertex,,,2
4106,3820.0,4573.0,province_center,1097,Cujubim,3
4107,3820.11,5881.400000000001,path_vertex,,,2
4108,3820.64,5078.9800000000005,path_vertex,,,2
4109,3821.0,1629.0,sea_point,3913,St. Lawrence,2
4110,3821.0,3730.0,path_vertex,,,3
4111,3821.1800000000003,4648.3,path_vertex,,,2
4112,3822.1800000000003,5759.29,path_vertex,,,2
4113,3822.98,3969.17,path_vertex,,,2
4114,3823.0,3844.0,province_center,1027,Canaima,6
4115,3824.0,1364.0,path_vertex,,,2
4116,3825.08,5795.51,path_vertex,,,2
4117,3825.13,1957.18,path_vertex,,,2
4118,3825.2400000000002,4350.32,path_vertex,,,2
4119,3825.3,1591.9,path_vertex,,,2
4120,3825.4,5385.7,path_vertex,,,2
4121,3825.6,1566.2,path_vertex,,,2
4122,3825.9300000000003,1671.0,path_vertex,,,2
4123,3826.84,4389.4400000000005,path_vertex,,,2
4124,3827.0,1651.0,province_center,787,Victoriaville,4
4125,3827.0,3290.0,province_center,953,Azua,5
4126,3827.06,4199.99,path_vertex,,,2
4127,3828.0,3226.0,sea_point,4888,Atlantic Ocean,4
4128,3828.0,5779.0,province_center,1160,Bahía Blanca,4
4129,3828.34,3889.63,path_vertex,,,2
4130,3829.0,5894.0,sea_point,4494,Atlantic Ocean,6
4131,3829.9300000000003,3818.17,path_vertex,,,2
4132,3830.0,4922.0,province_center,1197,Santa Cruz S.,3
4133,3830.11,1507.56,path_vertex,,,2
4134,3831.0,3925.0,province_center,1028,Urimán,5
4135,3831.21,4612.3,path_vertex,,,2
4136,3832.07,3305.2000000000003,path_vertex,,,2
4137,3833.0,3259.38,path_vertex,,,2
4138,3833.86,5513.42,path_vertex,,,2
4139,3835.0,1896.0,province_center,823,Worcester,5
4140,3835.0,3788.0,province_center,1025,Ciudad Bolívar,5
4141,3835.0,6306.0,sea_point,3827,Scotia Sea,2
4142,3835.81,4898.96,path_vertex,,,2
4143,3836.0,5631.46,path_vertex,,,2
4144,3836.59,5013.11,path_vertex,,,2
4145,3837.62,5786.92,path_vertex,,,2
4146,3839.0,3340.0,sea_point,4894,Caribbean Sea,5
4147,3839.0,4889.0,path_vertex,,,3
4148,3839.0,6277.0,sea_point,4992,Atlantic Ocean,7
4149,3839.1,5594.05,path_vertex,,,2
4150,3839.5,4569.21,path_vertex,,,2
4151,3840.0,4375.0,province_center,1077,Manicoré,3
4152,3840.0,4645.0,province_center,1099,Cacoal,8
4153,3840.59,5547.46,path_vertex,,,2
4154,3840.61,4011.88,path_vertex,,,2
4155,3841.0,3644.0,sea_point,3791,Caribbean Sea,3
4156,3843.04,5472.55,path_vertex,,,2
4157,3844.0,6036.0,sea_point,8171,Atlantic Ocean,7
4158,3844.14,1865.3500000000001,path_vertex,,,2
4159,3845.23,4456.06,path_vertex,,,2
4160,3846.0,4863.0,province_center,1210,El Puente,6
4161,3846.1800000000003,4947.32,path_vertex,,,2
4162,3847.0,5866.0,sea_point,3808,Atlantic Ocean,3
4163,3848.0,1617.0,sea_point,3847,St. Lawrence,2
4164,3848.2400000000002,5771.21,path_vertex,,,2
4165,3849.0,4233.0,province_center,1080,Moura,4
4166,3849.75,1917.3500000000001,path_vertex,,,2
4167,3849.98,5201.17,path_vertex,,,2
4168,3850.26,4709.56,path_vertex,,,2
4169,3850.59,1734.19,path_vertex,,,2
4170,3851.0,1583.0,province_center,784,Québec,4
4171,3851.0,1853.0,province_center,832,Manchester (NH),5
4172,3851.0,4160.0,province_center,1187,Santa Maria do Boiaçu,4
4173,3851.0,6335.0,sea_point,4994,Scotia Sea,4
4174,3852.12,3706.84,path_vertex,,,2
4175,3852.7000000000003,4802.83,path_vertex,,,2
4176,3853.0,3272.0,path_vertex,,,2
4177,3853.26,3289.92,path_vertex,,,2
4178,3853.37,5248.2300000000005,path_vertex,,,2
4179,3854.0,5036.0,province_center,1212,Camiri,6
4180,3855.98,4336.05,path_vertex,,,2
4181,3856.0,4924.0,path_vertex,,,2
4182,3856.5,1349.0,path_vertex,,,2
4183,3857.0,4756.0,province_center,1219,Felicidad,5
4184,3857.13,4315.58,path_vertex,,,2
4185,3857.4900000000002,1972.0,path_vertex,,,2
4186,3858.34,6282.93,path_vertex,,,2
4187,3859.0,1999.0,sea_point,4705,Atlantic Ocean,6
4188,3859.0,3678.0,sea_point,4580,Caribbean Sea,4
4189,3859.07,4422.95,path_vertex,,,2
4190,3859.81,4367.04,path_vertex,,,2
4191,3860.2000000000003,6320.52,path_vertex,,,2
4192,3861.0,2948.0,sea_point,6302,Atlantic Ocean,5
4193,3861.19,4386.86,path_vertex,,,2
4194,3861.86,1025.6200000000001,path_vertex,,,2
4195,3862.0,1948.0,province_center,822,Providence,5
4196,3862.89,4613.53,path_vertex,,,2
4197,3863.9700000000003,1545.08,path_vertex,,,2
4198,3864.0,1615.0,sea_point,3724,St. Lawrence,2
4199,3864.0,5812.0,sea_point,4497,Atlantic Ocean,5
4200,3865.0,850.0,sea_point,4752,Hudson Bay,6
4201,3865.0,3262.0,path_vertex,,,3
4202,3865.58,5271.43,path_vertex,,,2
4203,3866.0,6398.0,sea_point,8159,Scotia Sea,6
4204,3867.3,1899.1000000000001,path_vertex,,,2
4205,3869.2000000000003,1883.6000000000001,path_vertex,,,2
4206,3871.0,3290.0,province_center,951,Santo Domingo,3
4207,3872.94,1922.1100000000001,path_vertex,,,2
4208,3873.0,3298.0,path_vertex,,,2
4209,3873.15,1594.08,path_vertex,,,2
4210,3873.98,4893.02,path_vertex,,,2
4211,3875.0,5250.0,province_center,1347,Monte Quemado,8
4212,3876.0,2449.0,sea_point,6279,Atlantic Ocean,6
4213,3877.0,3441.0,sea_point,5884,Caribbean Sea,8
4214,3877.32,5128.95,path_vertex,,,2
4215,3879.0,1597.0,sea_point,3691,St. Lawrence,3
4216,3879.53,4988.1900000000005,path_vertex,,,2
4217,3880.0,5759.0,province_center,1340,Necochea,4
4218,3880.94,5470.07,path_vertex,,,2
4219,3882.0,5450.0,province_center,1341,Parana,6
4220,3882.0,5520.0,province_center,1343,Rosario,7
4221,3882.08,3882.14,path_vertex,,,2
4222,3883.0,1901.0,province_center,762,Boston,4
4223,3883.0,6286.0,province_center,1378,West Falkland,2
4224,3883.07,3853.9500000000003,path_vertex,,,2
4225,3883.4900000000002,4072.4300000000003,path_vertex,,,2
4226,3884.0,1826.2,path_vertex,,,2
4227,3884.0,2121.0,sea_point,5721,Atlantic Ocean,6
4228,3884.0,2808.0,sea_point,6608,Atlantic Ocean,6
4229,3884.3,5056.12,path_vertex,,,2
4230,3885.0,4429.0,province_center,1090,Prainha,5
4231,3885.0,4698.57,path_vertex,,,2
4232,3885.83,5555.7,path_vertex,,,2
4233,3886.34,3289.19,path_vertex,,,2
4234,3887.0,4146.25,path_vertex,,,2
4235,3887.0,4280.0,path_vertex,,,2
4236,3887.07,4410.92,path_vertex,,,2
4237,3888.0,1470.0,province_center,785,Saguenay,7
4238,3888.0,6672.0,sea_point,5075,sea,4
4239,3889.0,3311.0,sea_point,4892,Caribbean Sea,4
4240,3890.0,5601.0,province_center,1345,Junín,4
4241,3890.0,6147.0,sea_point,8164,Atlantic Ocean,7
4242,3890.08,5306.57,path_vertex,,,2
4243,3890.5,5720.5,path_vertex,,,2
4244,3890.7000000000003,863.77,path_vertex,,,2
4245,3891.15,1891.77,path_vertex,,,2
4246,3892.0,3104.0,sea_point,5845,Atlantic Ocean,6
4247,3892.76,3931.35,path_vertex,,,2
4248,3893.0,4353.0,province_center,1086,Novo Aripuanã,7
4249,3893.0,6248.0,sea_point,3824,Atlantic Ocean,2
4250,3893.2200000000003,1877.44,path_vertex,,,2
4251,3894.0,5932.0,sea_point,8172,Atlantic Ocean,8
4252,3897.0,4033.0,province_center,1102,Caracaraí,7
4253,3897.25,4252.21,path_vertex,,,2
4254,3898.0,3806.05,path_vertex,,,2
4255,3899.5,4855.76,path_vertex,,,2
4256,3902.0,6329.0,sea_point,4986,Scotia Sea,3
4257,3902.06,4339.13,path_vertex,,,2
4258,3902.08,1691.23,path_vertex,,,2
4259,3902.2000000000003,1283.6000000000001,path_vertex,,,2
4260,3903.0,4556.0,province_center,1229,Aripuanã,4
4261,3903.0,5795.0,sea_point,4499,Atlantic Ocean,3
4262,3904.6,5010.2,path_vertex,,,2
4263,3904.84,4626.97,path_vertex,,,2
4264,3905.14,5789.02,path_vertex,,,2
4265,3906.48,5636.03,path_vertex,,,2
4266,3906.9900000000002,3982.78,path_vertex,,,2
4267,3907.0,2574.0,sea_point,6599,Atlantic Ocean,6
4268,3907.0,4756.68,path_vertex,,,2
4269,3907.0,6505.0,sea_point,6161,Southern Ocean,7
4270,3907.16,5030.92,path_vertex,,,2
4271,3908.0,1886.0,sea_point,4710,Massachusetts Bay,5
4272,3908.0,3287.0,province_center,952,Higüey,3
4273,3909.0,3858.0,province_center,1050,Baramita,6
4274,3909.0,4930.0,province_center,1211,San José de Chiquitos,8
4275,3910.9300000000003,3900.69,path_vertex,,,2
4276,3911.0,3935.0,province_center,1189,São Marcos,6
4277,3913.0,1567.0,sea_point,3551,St. Lawrence,2
4278,3913.0,4264.0,province_center,1076,Manaus,3
4279,3913.14,1666.51,path_vertex,,,2
4280,3913.6,4817.2,path_vertex,,,2
4281,3914.0,759.0,sea_point,4774,Hudson Bay,4
4282,3914.0,4319.0,province_center,1085,Borba,6
4283,3914.41,5276.17,path_vertex,,,2
4284,3915.0,2308.0,sea_point,6272,Atlantic Ocean,6
4285,3915.6,4135.95,path_vertex,,,2
4286,3915.7200000000003,1597.31,path_vertex,,,2
4287,3916.0,1798.0,province_center,831,Portland (ME),6
4288,3916.0,3825.34,path_vertex,,,2
4289,3917.82,3276.41,path_vertex,,,2
4290,3919.09,5453.42,path_vertex,,,2
4291,3920.0,4432.81,path_vertex,,,2
4292,3920.85,3944.77,path_vertex,,,2
4293,3921.3,4975.06,path_vertex,,,2
4294,3921.75,4489.6,path_vertex,,,2
4295,3923.0,1967.0,sea_point,4734,Gulf of St. Lawrence,2
4296,3924.0,5673.0,province_center,1162,Tandil,6
4297,3924.4300000000003,1810.65,path_vertex,,,2
4298,3924.55,4279.67,path_vertex,,,2
4299,3924.67,4289.4400000000005,path_vertex,,,2
4300,3925.0,5854.0,sea_point,8173,Atlantic Ocean,4
4301,3925.03,4891.84,path_vertex,,,2
4302,3925.21,3978.48,path_vertex,,,2
4303,3925.2200000000003,4603.22,path_vertex,,,2
4304,3925.79,4058.62,path_vertex,,,2
4305,3927.0,3263.0,sea_point,4890,Atlantic Ocean,6
4306,3927.0,4283.0,sea_point,5677,Rio Amazonas,3
4307,3929.0,4996.0,province_center,1213,Curichi,4
4308,3929.0,6269.0,sea_point,4985,Atlantic Ocean,5
4309,3929.2000000000003,1334.6000000000001,path_vertex,,,2
4310,3929.71,5484.35,path_vertex,,,2
4311,3930.29,5359.84,path_vertex,,,2
4312,3931.0,3736.0,sea_point,4579,Caribbean Sea,3
4313,3931.0,6028.0,sea_point,8168,Atlantic Ocean,6
4314,3931.69,4407.66,path_vertex,,,2
4315,3932.0,1822.0,sea_point,4712,Cape Ann,4
4316,3933.0,4621.0,province_center,1246,Juína,6
4317,3933.85,4247.2300000000005,path_vertex,,,2
4318,3934.05,5151.58,path_vertex,,,2
4319,3935.0,3959.0,province_center,1094,Boa Vista,3
4320,3936.0,4499.0,province_center,1089,Sumaúma,2
4321,3938.9500000000003,1164.41,path_vertex,,,2
4322,3939.0,1301.0,province_center,802,Mistissini,4
4323,3939.0,3992.14,path_vertex,,,2
4324,3939.0,6424.0,sea_point,8160,Scotia Sea,4
4325,3939.28,4481.7300000000005,path_vertex,,,2
4326,3940.21,3939.81,path_vertex,,,2
4327,3940.88,4377.91,path_vertex,,,2
4328,3943.0,4849.0,province_center,1220,San Juan (BO),7
4329,3943.0,6361.0,sea_point,4987,Scotia Sea,6
4330,3945.01,1516.54,path_vertex,,,2
4331,3946.0,4021.7200000000003,path_vertex,,,2
4332,3946.0,4263.0,sea_point,5674,Rio Amazonas,2
4333,3946.26,4360.4400000000005,path_vertex,,,2
4334,3946.7000000000003,5608.42,path_vertex,,,2
4335,3947.46,5013.26,path_vertex,,,2
4336,3947.73,4301.3,path_vertex,,,2
4337,3947.83,3961.07,path_vertex,,,2
4338,3949.0,4433.0,province_center,1092,Sucundurí,4
4339,3950.0,1521.0,sea_point,4735,St. Lawrence,4
4340,3950.02,3854.14,path_vertex,,,2
4341,3951.25,4814.0,path_vertex,,,2
4342,3951.53,4702.0,path_vertex,,,2
4343,3952.4700000000003,5704.33,path_vertex,,,2
4344,3953.0,1273.0,path_vertex,,,2
4345,3953.0,1936.0,sea_point,4708,Atlantic Ocean,4
4346,3954.0,3309.0,sea_point,4912,Caribbean Sea,6
4347,3955.25,1764.97,path_vertex,,,2
4348,3956.1,5628.7,path_vertex,,,2
4349,3959.0,5305.0,province_center,1335,Resistencia,6
4350,3959.5,4991.0,path_vertex,,,2
4351,3959.79,1524.7,path_vertex,,,2
4352,3960.0,5107.0,province_center,1282,Loma Plata,6
4353,3961.0,900.0,province_center,797,Salluit,5
4354,3961.0,6297.0,province_center,1379,East Falkland,2
4355,3961.38,5363.27,path_vertex,,,2
4356,3962.0,3588.0,sea_point,5904,Caribbean Sea,9
4357,3962.71,864.02,path_vertex,,,2
4358,3962.8,6275.95,path_vertex,,,2
4359,3963.0,850.0,sea_point,4751,Northwestern Passages,4
4360,3963.0,4757.0,province_center,1231,Comodoro,6
4361,3964.17,4555.09,path_vertex,,,2
4362,3964.6800000000003,4408.02,path_vertex,,,2
4363,3965.0,5457.0,province_center,1342,Villaguay,5
4364,3965.1,4595.03,path_vertex,,,2
4365,3966.0,676.0,sea_point,4780,Northwestern Passages,2
4366,3968.0,1495.0,sea_point,4723,St. Lawrence,2
4367,3968.0,5612.0,province_center,1158,Buenos Aires,4
4368,3968.34,1566.55,path_vertex,,,2
4369,3970.0,4257.0,sea_point,5670,Rio Amazonas,2
4370,3971.0,1529.0,province_center,1110,Rivière-du-Loup,6
4371,3971.0,6261.0,sea_point,4990,Atlantic Ocean,4
4372,3971.17,4144.34,path_vertex,,,2
4373,3972.0,4394.0,province_center,1091,Miriti,5
4374,3973.4,3309.0,path_vertex,,,2
4375,3974.8,5606.6,path_vertex,,,2
4376,3975.0,4013.0,province_center,1051,Dadanawa,5
4377,3975.3,4310.9400000000005,path_vertex,,,2
4378,3976.0,3334.0,sea_point,3758,Red Sea,2
4379,3976.0,4203.0,province_center,1079,Urucará,3
4380,3976.0,4286.0,province_center,1078,Itacoatiara,3
4381,3977.29,3929.59,path_vertex,,,2
4382,3978.0,1742.0,province_center,830,Bangor,5
4383,3978.0,2683.0,sea_point,6847,Atlantic Ocean,6
4384,3980.39,4074.19,path_vertex,,,2
4385,3981.4900000000002,6306.45,path_vertex,,,2
4386,3982.0,3767.0,sea_point,4578,Caribbean Sea,5
4387,3983.0,4108.0,province_center,1185,Estrela,6
4388,3985.0,2199.0,sea_point,6269,Atlantic Ocean,7
4389,3985.0,2979.0,sea_point,6305,Atlantic Ocean,7
4390,3985.0,5601.0,sea_point,4502,Atlantic Ocean,3
4391,3985.32,1771.57,path_vertex,,,2
4392,3985.46,5088.46,path_vertex,,,2
4393,3985.77,5620.85,path_vertex,,,2
4394,3986.11,4674.12,path_vertex,,,2
4395,3988.0,5289.2300000000005,path_vertex,,,2
4396,3989.0,1790.0,sea_point,4713,Atlantic Ocean,4
4397,3989.0,5746.0,province_center,1161,Mar del Plata,3
4398,3989.31,4781.13,path_vertex,,,2
4399,3989.4,5540.2,path_vertex,,,2
4400,3990.4,5771.22,path_vertex,,,2
4401,3991.0,2782.0,sea_point,8151,Atlantic Ocean,2
4402,3991.0,4822.92,path_vertex,,,2
4403,3991.0,5782.0,sea_point,4500,Atlantic Ocean,6
4404,3991.96,1032.57,path_vertex,,,2
4405,3992.0,4646.75,path_vertex,,,2
4406,3992.05,5308.16,path_vertex,,,2
4407,3993.0,3464.0,sea_point,8153,Caribbean Sea,4
4408,3993.06,3811.1800000000003,path_vertex,,,2
4409,3993.51,5172.51,path_vertex,,,2
4410,3993.81,5593.72,path_vertex,,,2
4411,3994.0,4263.0,sea_point,5668,Rio Amazonas,2
4412,3994.0,5497.37,path_vertex,,,2
4413,3994.31,1321.3500000000001,path_vertex,,,2
4414,3995.12,3906.29,path_vertex,,,2
4415,3995.9700000000003,3993.14,path_vertex,,,2
4416,3996.2400000000002,5462.97,path_vertex,,,2
4417,3996.9,4747.17,path_vertex,,,2
4418,3997.0,4413.0,path_vertex,,,2
4419,3998.0,2860.0,sea_point,8150,Atlantic Ocean,5
4420,3999.0,4975.87,path_vertex,,,2
4421,3999.0,5948.0,sea_point,6131,Atlantic Ocean,7
4422,4000.75,5415.8,path_vertex,,,3
4423,4001.0,4190.5,path_vertex,,,2
4424,4001.0,6130.0,sea_point,6146,Atlantic Ocean,6
4425,4002.0,3848.0,province_center,1043,Georgetown,5
4426,4002.0,6281.0,sea_point,3829,Atlantic Ocean,2
4427,4002.21,5248.7,path_vertex,,,2
4428,4003.2000000000003,4126.8,path_vertex,,,2
4429,4003.5,1498.5,path_vertex,,,2
4430,4004.0,5127.14,path_vertex,,,2
4431,4005.0,3285.0,sea_point,3760,Red Sea,3
4432,4005.0,4102.06,path_vertex,,,2
4433,4006.07,1563.3600000000001,path_vertex,,,2
4434,4008.0,5071.0,province_center,1406,La Victoria,5
4435,4011.0,6318.0,sea_point,4988,Scotia Sea,5
4436,4012.3,5398.47,path_vertex,,,2
4437,4013.0,4553.0,province_center,1245,Apiacás,6
4438,4015.0,4250.0,sea_point,5667,Rio Amazonas,2
4439,4015.96,4524.96,path_vertex,,,2
4440,4016.9900000000002,5061.9800000000005,path_vertex,,,2
4441,4017.0,1455.0,sea_point,4736,St. Lawrence,3
4442,4017.0,2449.0,sea_point,6839,Atlantic Ocean,6
4443,4017.0,3135.0,sea_point,5849,Atlantic Ocean,6
4444,4017.0,3972.0,province_center,1049,Kumaka,8
4445,4017.79,4591.37,path_vertex,,,2
4446,4019.2200000000003,5410.11,path_vertex,,,2
4447,4020.0,3309.0,province_center,955,San Juan,3
4448,4020.0,4460.0,province_center,1177,Airi,5
4449,4020.78,5100.55,path_vertex,,,2
4450,4022.5,4927.5,path_vertex,,,2
4451,4023.6600000000003,3896.35,path_vertex,,,2
4452,4024.0,2059.0,sea_point,5695,Atlantic Ocean,6
4453,4025.0,4662.0,province_center,1230,Brasnorte,7
4454,4025.05,5197.75,path_vertex,,,2
4455,4025.46,1466.89,path_vertex,,,2
4456,4027.65,3330.5,path_vertex,,,2
4457,4028.0,1155.0,province_center,804,Caniapiscau,5
4458,4028.58,3944.57,path_vertex,,,2
4459,4028.83,4901.09,path_vertex,,,2
4460,4030.0,3340.0,sea_point,4910,Caribbean Sea,7
4461,4031.0,1475.0,province_center,792,Rimouski,3
4462,4031.77,4686.0,path_vertex,,,2
4463,4032.0,6442.0,sea_point,6160,Scotia Sea,7
4464,4032.02,4048.98,path_vertex,,,2
4465,4034.0,4798.0,province_center,1226,Cáceres (BR),7
4466,4035.0,5194.0,province_center,1278,Asunción,4
4467,4036.0,3924.0,province_center,1048,Kwakwani,6
4468,4036.02,5170.22,path_vertex,,,2
4469,4038.0,5142.0,province_center,1281,Concepción,7
4470,4038.64,4771.16,path_vertex,,,2
4471,4039.1,1578.2,path_vertex,,,2
4472,4040.0,6028.0,sea_point,8169,Atlantic Ocean,5
4473,4042.0,5224.0,path_vertex,,,2
4474,4043.0,4427.07,path_vertex,,,2
4475,4044.0,4732.0,province_center,1232,Tangará da Serra,5
4476,4044.0,5551.0,province_center,1271,Durazno,6
4477,4044.0,6600.0,sea_point,5071,sea,5
4478,4044.21,1690.8500000000001,path_vertex,,,2
4479,4045.0,853.0,sea_point,3373,Northwestern Passages,2
4480,4046.0,4166.0,province_center,1186,Samaumeira,5
4481,4046.27,3307.86,path_vertex,,,2
4482,4047.0,4238.0,sea_point,5660,Rio Amazonas,2
4483,4047.0,5623.0,sea_point,4503,Atlantic Ocean,4
4484,4048.0,2324.0,sea_point,6592,Atlantic Ocean,6
4485,4048.0,2574.0,sea_point,7050,Atlantic Ocean,6
4486,4049.0,5723.0,sea_point,4501,Atlantic Ocean,5
4487,4049.98,4885.32,path_vertex,,,2
4488,4050.0,1503.0,path_vertex,,,2
4489,4050.0,5261.0,province_center,1279,San Ignacio (PY),6
4490,4051.85,5513.92,path_vertex,,,2
4491,4052.4500000000003,5071.0,path_vertex,,,2
4492,4054.73,5613.0,path_vertex,,,2
4493,4056.1,4572.93,path_vertex,,,2
4494,4058.2000000000003,5588.400000000001,path_vertex,,,2
4495,4059.0,5474.0,province_center,1272,Tacuarembó,6
4496,4059.37,4552.79,path_vertex,,,2
4497,4059.52,4133.38,path_vertex,,,2
4498,4060.04,1403.15,path_vertex,,,2
4499,4062.0,4274.5,path_vertex,,,2
4500,4062.0,4732.66,path_vertex,,,2
4501,4063.0,3666.0,sea_point,5912,Atlantic Ocean,5
4502,4063.2400000000002,5168.06,path_vertex,,,2
4503,4064.0,5009.0,province_center,1275,Miranda,7
4504,4064.0,5601.0,province_center,1268,Montevideo,3
4505,4065.0,1428.0,sea_point,4721,St. Lawrence,2
4506,4065.0,1909.0,sea_point,5672,Atlantic Ocean,9
4507,4065.2200000000003,5198.14,path_vertex,,,2
4508,4066.0,3307.0,sea_point,4909,Atlantic Ocean,6
4509,4066.58,4626.45,path_vertex,,,2
4510,4067.88,4769.400000000001,path_vertex,,,2
4511,4068.25,4683.06,path_vertex,,,2
4512,4069.65,4473.95,path_vertex,,,2
4513,4071.48,4671.13,path_vertex,,,2
4514,4071.65,5302.0,path_vertex,,,2
4515,4071.7000000000003,5359.37,path_vertex,,,2
4516,4071.9700000000003,4007.17,path_vertex,,,2
4517,4072.42,1459.1200000000001,path_vertex,,,2
4518,4072.76,5437.28,path_vertex,,,2
4519,4073.0,4247.0,sea_point,5653,Rio Amazonas,2
4520,4073.1,5569.900000000001,path_vertex,,,2
4521,4075.09,993.9,path_vertex,,,2
4522,4076.9500000000003,3870.5,path_vertex,,,2
4523,4078.0,5315.0,province_center,1334,Oberá,7
4524,4079.0,2886.0,sea_point,6613,Atlantic Ocean,5
4525,4080.0,4079.0,province_center,1193,Akotipa,5
4526,4081.0,1760.0,sea_point,4714,Fundy Bay,5
4527,4085.19,4471.31,path_vertex,,,2
4528,4085.9700000000003,5215.66,path_vertex,,,2
4529,4086.29,4181.37,path_vertex,,,2
4530,4086.39,4778.49,path_vertex,,,2
4531,4087.0,3855.0,sea_point,4575,Atlantic Ocean,5
4532,4087.0,5395.0,province_center,1264,Alegrete,5
4533,4087.37,1716.4,path_vertex,,,2
4534,4088.06,4813.31,path_vertex,,,2
4535,4088.17,4485.85,path_vertex,,,2
4536,4088.7400000000002,4645.9400000000005,path_vertex,,,2
4537,4089.4700000000003,5601.88,path_vertex,,,2
4538,4090.0,4355.0,province_center,1108,Itaituba,3
4539,4090.36,5490.84,path_vertex,,,2
4540,4091.33,3982.58,path_vertex,,,2
4541,4093.0,1675.0,province_center,857,Fredericton,5
4542,4094.17,4043.0,path_vertex,,,2
4543,4096.0,3939.82,path_vertex,,,2
4544,4096.0,5201.0,province_center,1280,Caaguazú,6
4545,4099.22,5044.63,path_vertex,,,2
4546,4099.96,4988.9400000000005,path_vertex,,,2
4547,4100.0,879.0,sea_point,4750,Northwestern Passages,2
4548,4100.21,5536.6900000000005,path_vertex,,,2
4549,4102.0,6208.0,sea_point,6151,Atlantic Ocean,6
4550,4102.05,5448.68,path_vertex,,,2
4551,4102.97,4135.78,path_vertex,,,2
4552,4103.0,4594.0,province_center,1228,Colíder,5
4553,4103.09,1518.02,path_vertex,,,2
4554,4103.24,1104.24,path_vertex,,,2
4555,4104.0,4677.0,province_center,1235,Sorriso,6
4556,4104.82,4329.89,path_vertex,,,2
4557,4105.13,4616.22,path_vertex,,,2
4558,4105.65,5012.29,path_vertex,,,2
4559,4106.0,6362.0,sea_point,6155,Scotia Sea,6
4560,4106.05,4017.0,path_vertex,,,2
4561,4106.05,4079.84,path_vertex,,,2
4562,4106.11,4662.14,path_vertex,,,2
4563,4107.12,4706.12,path_vertex,,,2
4564,4107.38,5328.52,path_vertex,,,2
4565,4108.0,4639.0,province_center,1223,Sinop,4
4566,4108.1,3921.89,path_vertex,,,2
4567,4108.28,5102.07,path_vertex,,,2
4568,4108.96,4752.72,path_vertex,,,2
4569,4109.0,1447.0,province_center,1109,Matane,5
4570,4109.0,4732.0,province_center,1227,Nova Mutum,6
4571,4109.0,4769.0,province_center,1222,Cuiabá,4
4572,4110.0,2730.0,sea_point,7052,Atlantic Ocean,7
4573,4110.0,3042.0,sea_point,6309,Atlantic Ocean,6
4574,4110.0,3447.0,sea_point,5885,Atlantic Ocean,6
4575,4110.0,5943.0,sea_point,6475,Atlantic Ocean,6
4576,4113.0,4237.0,sea_point,5650,Rio Amazonas,2
4577,4115.0,1808.0,sea_point,4717,Fundy Bay,4
4578,4116.0,3896.0,path_vertex,,,2
4579,4118.0,2215.0,sea_point,6588,Atlantic Ocean,5
4580,4119.47,5139.28,path_vertex,,,2
4581,4119.87,1432.21,path_vertex,,,2
4582,4120.01,4400.2,path_vertex,,,2
4583,4121.47,5367.34,path_vertex,,,2
4584,4124.0,4293.0,province_center,1190,Fondlándia,5
4585,4125.0,1759.0,sea_point,4729,Gulf of St. Lawrence,2
4586,4125.0,5604.0,province_center,1270,Rocha,5
4587,4126.6900000000005,4797.54,path_vertex,,,2
4588,4127.83,5617.03,path_vertex,,,2
4589,4128.53,1287.83,path_vertex,,,2
4590,4128.7300000000005,4596.37,path_vertex,,,2
4591,4129.0,5625.0,sea_point,4507,Atlantic Ocean,5
4592,4130.22,1801.0900000000001,path_vertex,,,2
4593,4130.58,4565.57,path_vertex,,,2
4594,4132.0,1413.0,sea_point,4737,St. Lawrence,4
4595,4133.25,1397.71,path_vertex,,,2
4596,4133.56,5469.92,path_vertex,,,2
4597,4134.0,3920.0,province_center,1046,Lelydorp,6
4598,4134.0,5013.0,province_center,1273,Campo Grande,4
4599,4134.08,4766.62,path_vertex,,,2
4600,4134.9800000000005,5033.91,path_vertex,,,2
4601,4135.0,1371.0,province_center,800,Sept-Îles,6
4602,4135.0,1657.89,path_vertex,,,2
4603,4135.0,4423.0,province_center,1180,Natal (BR),6
4604,4135.0,4991.0,path_vertex,,,2
4605,4135.97,3905.2000000000003,path_vertex,,,2
4606,4135.9800000000005,4626.55,path_vertex,,,2
4607,4136.79,5399.05,path_vertex,,,2
4608,4137.0,3891.0,province_center,1042,Paramaribo,4
4609,4137.0,4967.0,province_center,1276,Coxim,8
4610,4137.8,4345.52,path_vertex,,,2
4611,4139.0,5084.0,province_center,1274,Dourados,6
4612,4141.0,3198.0,sea_point,5853,Atlantic Ocean,6
4613,4141.0,4199.0,province_center,1181,Alenquer,4
4614,4141.0,5818.0,sea_point,6123,Atlantic Ocean,6
4615,4141.0,6068.0,sea_point,6482,Atlantic Ocean,7
4616,4141.47,1493.8500000000001,path_vertex,,,2
4617,4142.0,5217.84,path_vertex,,,2
4618,4143.4,3872.8,path_vertex,,,2
4619,4143.89,5546.02,path_vertex,,,2
4620,4144.1900000000005,4747.2300000000005,path_vertex,,,2
4621,4145.42,4284.71,path_vertex,,,2
4622,4145.54,3959.0,path_vertex,,,2
4623,4146.85,4901.39,path_vertex,,,2
4624,4147.0,1792.0,province_center,859,Yarmouth,3
4625,4147.0,5346.0,province_center,1266,Santo Ângelo,6
4626,4148.0,3856.0,sea_point,4574,Atlantic Ocean,4
4627,4148.3,5268.25,path_vertex,,,3
4628,4148.56,4147.6900000000005,path_vertex,,,2
4629,4149.0,2090.0,sea_point,6266,Atlantic Ocean,7
4630,4149.2,4645.42,path_vertex,,,2
4631,4150.0,5523.0,province_center,1269,Melo,5
4632,4152.0,1509.0,sea_point,4733,Gulf of St. Lawrence,2
4633,4152.04,4240.1900000000005,path_vertex,,,2
4634,4153.45,4293.9,path_vertex,,,2
4635,4153.5,5210.400000000001,path_vertex,,,3
4636,4153.9400000000005,5190.51,path_vertex,,,2
4637,4154.3,5219.96,path_vertex,,,2
4638,4155.0,3991.0,province_center,1047,Apetina,6
4639,4155.0,4281.0,sea_point,5643,Rio Amazonas,4
4640,4155.0,4983.0,path_vertex,,,2
4641,4155.4,5361.8,path_vertex,,,2
4642,4155.92,4273.0,path_vertex,,,2
4643,4155.95,4015.0,path_vertex,,,2
4644,4156.0,3568.0,sea_point,6339,Atlantic Ocean,6
4645,4157.0,2449.0,sea_point,7046,Atlantic Ocean,6
4646,4157.0,4080.0,province_center,1184,Tacalé,7
4647,4157.4,5016.89,path_vertex,,,2
4648,4158.0,4255.0,province_center,1105,Santarém,3
4649,4159.6,3895.11,path_vertex,,,2
4650,4162.0,1834.0,sea_point,4719,Atlantic Ocean,5
4651,4162.24,4926.05,path_vertex,,,2
4652,4162.76,4204.24,path_vertex,,,2
4653,4163.0,1060.0,province_center,801,Kuujjuaq,5
4654,4164.56,4744.36,path_vertex,,,2
4655,4165.15,5161.31,path_vertex,,,2
4656,4167.0,4834.0,province_center,1225,Rodonópolis,5
4657,4167.29,4500.36,path_vertex,,,2
4658,4168.4800000000005,5451.5,path_vertex,,,2
4659,4170.03,4362.84,path_vertex,,,2
4660,4171.15,5314.03,path_vertex,,,2
4661,4171.2300000000005,4815.75,path_vertex,,,2
4662,4171.83,5115.54,path_vertex,,,2
4663,4172.46,5286.54,path_vertex,,,2
4664,4174.0,4518.0,province_center,1176,Cachimbo,7
4665,4175.0,4242.0,path_vertex,,,2
4666,4176.0,5566.0,path_vertex,,,2
4667,4176.01,5510.01,path_vertex,,,2
4668,4177.0,3350.0,sea_point,5867,Atlantic Ocean,7
4669,4177.0,5402.0,province_center,1263,Santa Maria,7
4670,4177.0,5591.0,sea_point,4508,Atlantic Ocean,4
4671,4178.22,5047.61,path_vertex,,,2
4672,4179.2300000000005,5223.85,path_vertex,,,2
4673,4179.51,1029.73,path_vertex,,,2
4674,4180.0,4762.0,province_center,1236,Primavera do Leste,8
4675,4181.0,1706.0,sea_point,4716,Fundy Bay,3
4676,4181.28,4432.03,path_vertex,,,2
4677,4182.0,5185.0,province_center,1255,Umuarama,7
4678,4183.1900000000005,3996.04,path_vertex,,,2
4679,4183.2,5198.400000000001,path_vertex,,,2
4680,4183.59,4949.39,path_vertex,,,2
4681,4184.35,1686.96,path_vertex,,,2
4682,4184.43,4147.96,path_vertex,,,2
4683,4184.8,4683.400000000001,path_vertex,,,2
4684,4186.93,4498.0,path_vertex,,,2
4685,4187.0,5213.0,province_center,1250,Cascavel,3
4686,4187.89,4574.0,path_vertex,,,2
4687,4188.0,1012.0,sea_point,4747,Northwestern Passages,3
4688,4188.0,2324.0,sea_point,6836,Atlantic Ocean,6
4689,4188.0,2574.0,sea_point,7218,Atlantic Ocean,6
4690,4188.0,4258.0,sea_point,5632,Rio Amazonas,2
4691,4189.9,5557.5,path_vertex,,,2
4692,4191.0,1639.0,province_center,858,Moncton,5
4693,4191.5,3966.0,path_vertex,,,2
4694,4192.76,5319.52,path_vertex,,,2
4695,4194.0,4602.0,province_center,1233,Xingu,7
4696,4194.07,4041.7400000000002,path_vertex,,,2
4697,4194.1,5228.12,path_vertex,,,2
4698,4196.0,3712.0,sea_point,5917,Atlantic Ocean,7
4699,4196.2300000000005,3914.38,path_vertex,,,2
4700,4196.4,5238.35,path_vertex,,,3
4701,4197.0,5278.0,province_center,1258,Pato Branco,5
4702,4197.6,1796.8,path_vertex,,,2
4703,4198.53,5351.88,path_vertex,,,2
4704,4198.96,4697.81,path_vertex,,,2
4705,4199.0,914.0,sea_point,4803,Northwestern Passages,3
4706,4199.54,5404.34,path_vertex,,,2
4707,4200.0,4661.0,path_vertex,,,2
4708,4200.0,5025.0,province_center,1277,Água Clara,5
4709,4200.64,5175.0,path_vertex,,,2
4710,4202.0,4684.0,province_center,1243,Tanguro,5
4711,4203.72,4092.13,path_vertex,,,2
4712,4204.01,4849.18,path_vertex,,,2
4713,4205.21,5293.37,path_vertex,,,2
4714,4206.8,5364.400000000001,path_vertex,,,2
4715,4209.0,5554.0,sea_point,4509,Atlantic Ocean,3
4716,4209.22,5209.7,path_vertex,,,2
4717,4210.07,5277.57,path_vertex,,,2
4718,4210.58,1625.93,path_vertex,,,2
4719,4212.0,1413.0,sea_point,4738,Gulf of St. Lawrence,4
4720,4212.0,4216.0,province_center,1188,Monte Alegre,5
4721,4212.0,4293.0,province_center,1178,Vitória (BR),4
4722,4212.0,5307.0,province_center,1261,Chapecó,6
4723,4212.65,5523.7,path_vertex,,,2
4724,4213.0,3858.0,sea_point,4573,Atlantic Ocean,5
4725,4213.9,4156.17,path_vertex,,,2
4726,4215.0,4769.83,path_vertex,,,2
4727,4215.0,5353.0,province_center,1265,Passo Fundo,5
4728,4216.0,5344.0,path_vertex,,,2
4729,4216.57,4518.85,path_vertex,,,2
4730,4216.97,4374.38,path_vertex,,,2
4731,4217.0,4822.41,path_vertex,,,2
4732,4218.0,1507.0,sea_point,4732,Gulf of St. Lawrence,5
4733,4219.0,1802.0,sea_point,4720,Atlantic Ocean,4
4734,4219.0,1981.0,sea_point,6263,Atlantic Ocean,6
4735,4219.0,2886.0,sea_point,6852,Atlantic Ocean,6
4736,4219.46,4664.31,path_vertex,,,2
4737,4220.0,4439.0,province_center,1179,São Félix,7
4738,4221.0,1617.0,sea_point,4730,Gulf of St. Lawrence,4
4739,4221.16,5367.12,path_vertex,,,2
4740,4222.0,5162.0,province_center,1254,Maringá,6
4741,4222.0,5484.0,province_center,1251,Pelotas,5
4742,4222.4,4683.8,path_vertex,,,2
4743,4224.0,6480.0,sea_point,5055,sea,3
4744,4225.38,1661.92,path_vertex,,,2
4745,4226.14,1246.91,path_vertex,,,2
4746,4226.75,5454.05,path_vertex,,,2
4747,4227.87,5133.0,path_vertex,,,2
4748,4229.31,3888.51,path_vertex,,,2
4749,4229.89,4714.01,path_vertex,,,2
4750,4229.9400000000005,5487.43,path_vertex,,,2
4751,4230.68,4573.76,path_vertex,,,2
4752,4231.71,1657.5900000000001,path_vertex,,,2
4753,4232.4800000000005,5179.88,path_vertex,,,2
4754,4233.0,5351.0,path_vertex,,,2
4755,4233.0,5406.0,province_center,1262,Santa Cruz do Sul,7
4756,4234.0,1458.0,sea_point,4718,Gulf of St. Lawrence,2
4757,4234.0,5489.0,sea_point,4510,Atlantic Ocean,3
4758,4234.52,5205.74,path_vertex,,,2
4759,4234.84,5171.1,path_vertex,,,2
4760,4234.97,4610.03,path_vertex,,,2
4761,4235.0,6224.0,sea_point,6488,Atlantic Ocean,6
4762,4235.33,4978.29,path_vertex,,,2
4763,4235.99,5156.63,path_vertex,,,2
4764,4236.0,5088.0,province_center,1298,Araçatuba,5
4765,4236.7,1678.3,path_vertex,,,2
4766,4239.0,4005.0,province_center,1045,Bienvenue,6
4767,4240.0,3909.0,province_center,1044,Cayenne,5
4768,4240.13,4287.56,path_vertex,,,2
4769,4240.61,3951.2000000000003,path_vertex,,,2
4770,4243.0,5709.0,sea_point,6116,Atlantic Ocean,7
4771,4243.0,5959.0,sea_point,6747,Atlantic Ocean,6
4772,4244.36,5287.36,path_vertex,,,2
4773,4245.0,5177.0,province_center,1259,Apucarana,7
4774,4245.57,4043.2200000000003,path_vertex,,,2
4775,4246.58,5136.35,path_vertex,,,2
4776,4247.0,5167.0,path_vertex,,,2
4777,4247.75,4240.11,path_vertex,,,2
4778,4248.18,5199.77,path_vertex,,,2
4779,4249.7,5234.45,path_vertex,,,3
4780,4250.0,5152.0,province_center,1249,Londrina,3
4781,4251.0,2168.0,sea_point,6829,Atlantic Ocean,6
4782,4251.0,2730.0,sea_point,7222,Atlantic Ocean,6
4783,4251.0,3042.0,sea_point,6621,Atlantic Ocean,6
4784,4251.0,4777.0,province_center,1237,Barra do Garças,6
4785,4251.66,4901.47,path_vertex,,,2
4786,4251.7300000000005,4828.55,path_vertex,,,2
4787,4252.0,4440.57,path_vertex,,,2
4788,4252.0,4868.0,province_center,1238,Rio Verde,7
4789,4253.9400000000005,4739.84,path_vertex,,,2
4790,4254.0,4104.0,province_center,1183,Cachorrinho,5
4791,4255.0,4245.0,sea_point,5619,Rio Amazonas,4
4792,4255.0,5362.0,path_vertex,,,2
4793,4255.14,5061.91,path_vertex,,,2
4794,4256.9,5022.3,path_vertex,,,2
4795,4257.31,4250.77,path_vertex,,,2
4796,4257.5,5412.5,path_vertex,,,2
4797,4258.0,4685.0,province_center,1244,Queréncia,6
4798,4258.0,4945.0,province_center,1242,Quirinópolis,5
4799,4258.0,5278.0,province_center,1257,Guarapuava,5
4800,4258.57,4347.91,path_vertex,,,2
4801,4261.4,5438.2,path_vertex,,,2
4802,4261.55,5328.76,path_vertex,,,2
4803,4262.84,4658.2,path_vertex,,,2
4804,4263.0,3456.0,sea_point,6331,Atlantic Ocean,6
4805,4266.18,4505.1900000000005,path_vertex,,,2
4806,4266.6,5303.2,path_vertex,,,2
4807,4267.0,5143.0,path_vertex,,,2
4808,4269.0,4280.0,province_center,1192,Sousel,5
4809,4269.0,4616.0,province_center,1234,Confresa,6
4810,4270.0,5445.0,sea_point,4511,Atlantic Ocean,3
4811,4270.2,5421.400000000001,path_vertex,,,2
4812,4271.0,5417.0,province_center,1247,Porto Alegre,3
4813,4271.15,1703.65,path_vertex,,,3
4814,4271.15,4516.2,path_vertex,,,3
4815,4273.0,5156.0,path_vertex,,,3
4816,4274.0,5834.0,sea_point,6470,Atlantic Ocean,6
4817,4274.0,6084.0,sea_point,6752,Atlantic Ocean,6
4818,4274.28,4023.44,path_vertex,,,2
4819,4275.4,5106.77,path_vertex,,,2
4820,4277.07,5286.25,path_vertex,,,2
4821,4277.77,5399.85,path_vertex,,,2
4822,4278.0,4199.0,sea_point,5617,Rio Amazonas,2
4823,4280.0,5026.0,province_center,1299,Jales,5
4824,4280.77,4877.17,path_vertex,,,2
4825,4282.0,3198.0,sea_point,6317,Atlantic Ocean,6
4826,4282.2,1678.95,path_vertex,,,2
4827,4282.5,5405.5,path_vertex,,,2
4828,4284.11,5219.38,path_vertex,,,2
4829,4284.47,4087.9300000000003,path_vertex,,,2
4830,4286.0,4850.0,path_vertex,,,2
4831,4286.0,5147.0,path_vertex,,,2
4832,4286.55,4920.46,path_vertex,,,2
4833,4288.97,4823.92,path_vertex,,,2
4834,4289.5,4134.5,path_vertex,,,2
4835,4290.0,2464.0,sea_point,7344,Atlantic Ocean,7
4836,4290.04,4246.58,path_vertex,,,2
4837,4290.5,4649.46,path_vertex,,,2
4838,4290.62,4576.45,path_vertex,,,2
4839,4291.0,5398.0,province_center,1252,Gramado,5
4840,4291.3,1698.1200000000001,path_vertex,,,2
4841,4292.0,4372.0,path_vertex,,,3
4842,4292.42,5071.57,path_vertex,,,2
4843,4293.95,5264.31,path_vertex,,,2
4844,4294.42,4689.32,path_vertex,,,2
4845,4294.92,5360.36,path_vertex,,,2
4846,4296.0,5343.0,province_center,1267,Lages,6
4847,4300.33,5323.33,path_vertex,,,2
4848,4301.0,4145.0,province_center,1103,Macapá,3
4849,4302.5,5443.5,path_vertex,,,2
4850,4304.0,4840.0,province_center,1221,Goiânia,4
4851,4304.0,5120.0,province_center,1297,Bauru,6
4852,4304.0,5185.74,path_vertex,,,2
4853,4304.0,5298.0,province_center,1260,Caçador,6
4854,4304.42,4619.91,path_vertex,,,2
4855,4305.0,3619.0,sea_point,6344,Atlantic Ocean,6
4856,4306.0,5460.0,sea_point,4514,Atlantic Ocean,5
4857,4306.9,3959.79,path_vertex,,,2
4858,4307.0,4769.62,path_vertex,,,2
4859,4307.9,4129.3,path_vertex,,,2
4860,4311.12,4861.47,path_vertex,,,2
4861,4312.41,4292.59,path_vertex,,,2
4862,4312.92,4151.62,path_vertex,,,2
4863,4313.0,1887.0,sea_point,5665,Atlantic Ocean,6
4864,4313.35,4734.42,path_vertex,,,2
4865,4316.0,4442.0,province_center,1107,Parauapebas,5
4866,4316.15,4350.75,path_vertex,,,2
4867,4319.0,4155.0,sea_point,4564,Rio Amazonas,4
4868,4319.22,4164.82,path_vertex,,,2
4869,4319.22,4501.32,path_vertex,,,2
4870,4319.67,5273.92,path_vertex,,,2
4871,4320.0,4199.0,province_center,1194,Mazagão,4
4872,4320.0,4518.0,province_center,1175,Primavera,6
4873,4320.0,4889.0,province_center,1405,Morrinhos,5
4874,4320.15,4818.2300000000005,path_vertex,,,2
4875,4321.0,2059.0,sea_point,6584,Atlantic Ocean,6
4876,4321.0,2277.0,sea_point,7042,Atlantic Ocean,6
4877,4321.0,2589.0,sea_point,7345,Atlantic Ocean,6
4878,4325.0,5263.0,province_center,1256,Ponta Grossa,5
4879,4326.0,1691.0,province_center,860,New Glasgow,4
4880,4326.04,1176.6100000000001,path_vertex,,,2
4881,4326.75,1670.3,path_vertex,,,2
4882,4327.28,4931.75,path_vertex,,,2
4883,4327.6900000000005,4837.7300000000005,path_vertex,,,2
4884,4328.11,5033.57,path_vertex,,,2
4885,4328.18,1273.0,path_vertex,,,2
4886,4328.5,4248.96,path_vertex,,,2
4887,4329.0,1554.0,sea_point,8469,Gulf of St. Lawrence,5
4888,4329.0,3759.0,sea_point,5922,Atlantic Ocean,6
4889,4330.97,4561.38,path_vertex,,,2
4890,4331.82,5089.71,path_vertex,,,2
4891,4332.0,1642.0,sea_point,4728,Gulf of St. Lawrence,4
4892,4332.0,6360.0,sea_point,5042,sea,5
4893,4333.67,5341.03,path_vertex,,,2
4894,4335.5,4374.5,path_vertex,,,2
4895,4336.31,5319.59,path_vertex,,,2
4896,4337.95,4854.900000000001,path_vertex,,,2
4897,4337.99,5360.4800000000005,path_vertex,,,2
4898,4339.0,4056.0,province_center,1182,Amapá,5
4899,4339.27,4902.28,path_vertex,,,2
4900,4340.68,1719.95,path_vertex,,,2
4901,4341.27,5240.78,path_vertex,,,2
4902,4343.0,4764.0,province_center,1240,Porangatu,6
4903,4344.0,2917.0,sea_point,7058,Atlantic Ocean,6
4904,4344.0,4134.0,sea_point,4565,Rio Amazonas,3
4905,4344.0,5600.0,sea_point,6109,Atlantic Ocean,6
4906,4344.49,5292.06,path_vertex,,,2
4907,4344.9,4729.77,path_vertex,,,2
4908,4345.0,4623.0,province_center,1150,Pium,7
4909,4346.0,3951.0,sea_point,4571,Atlantic Ocean,4
4910,4346.0,4694.0,province_center,1147,Alvorada,6
4911,4346.12,4660.53,path_vertex,,,2
4912,4347.0,3342.0,sea_point,6630,Atlantic Ocean,6
4913,4347.1900000000005,4809.900000000001,path_vertex,,,2
4914,4348.0,953.0,sea_point,4806,Northwestern Passages,4
4915,4348.0,1464.0,sea_point,8472,Gulf of St. Lawrence,7
4916,4349.0,4832.0,province_center,1241,Anápolis,6
4917,4352.08,4189.92,path_vertex,,,2
4918,4352.6900000000005,5158.31,path_vertex,,,2
4919,4352.91,5101.12,path_vertex,,,2
4920,4353.86,4399.34,path_vertex,,,2
4921,4354.0,4999.0,path_vertex,,,2
4922,4354.61,4534.78,path_vertex,,,2
4923,4354.6900000000005,4043.01,path_vertex,,,2
4924,4357.27,4242.27,path_vertex,,,2
4925,4358.0,1375.0,sea_point,4741,Gulf of St. Lawrence,3
4926,4358.0,4304.0,province_center,1174,Tucuruí,7
4927,4358.0,5270.0,path_vertex,,,3
4928,4358.25,4211.35,path_vertex,,,2
4929,4359.0,5276.0,path_vertex,,,2
4930,4360.85,4524.72,path_vertex,,,2
4931,4362.0,5289.0,province_center,1248,Curitiba,3
4932,4362.04,5301.13,path_vertex,,,2
4933,4362.26,4360.82,path_vertex,,,2
4934,4364.0,4384.0,province_center,1106,Marabá,6
4935,4364.0,5338.0,province_center,1253,Florianópolis,6
4936,4367.0,5370.0,sea_point,4517,Atlantic Ocean,4
4937,4368.0,1732.0,sea_point,4722,Atlantic Ocean,5
4938,4368.0,5201.0,path_vertex,,,3
4939,4369.0,4030.0,sea_point,4570,Atlantic Ocean,5
4940,4369.0,4464.55,path_vertex,,,2
4941,4369.0,4923.0,province_center,1239,Catalão,4
4942,4372.18,5154.03,path_vertex,,,2
4943,4372.22,4592.53,path_vertex,,,2
4944,4373.0,4995.0,province_center,1296,Uberlândia,3
4945,4373.0,5273.0,path_vertex,,,3
4946,4374.0,5018.0,path_vertex,,,2
4947,4375.0,3073.0,sea_point,6862,Atlantic Ocean,6
4948,4375.0,5040.0,province_center,1300,Uberaba,6
4949,4375.0,5725.0,sea_point,6465,Atlantic Ocean,6
4950,4375.0,5974.0,sea_point,6967,Atlantic Ocean,5
4951,4377.0,4613.0,path_vertex,,,2
4952,4378.66,5076.61,path_vertex,,,2
4953,4379.0,5090.0,province_center,1301,Ribeirão Preto,6
4954,4380.0,4116.0,sea_point,4566,Atlantic Ocean,4
4955,4380.4400000000005,4872.0,path_vertex,,,2
4956,4381.0,5181.0,province_center,1284,Campinas,6
4957,4383.0,3494.0,sea_point,6640,Atlantic Ocean,6
4958,4383.1,5285.3,path_vertex,,,2
4959,4384.0,4214.0,sea_point,4560,Tocantina River,2
4960,4385.07,4209.66,path_vertex,,,2
4961,4385.91,5335.17,path_vertex,,,2
4962,4387.38,5275.92,path_vertex,,,2
4963,4388.0,4195.0,province_center,1191,Muaná,3
4964,4390.29,5193.18,path_vertex,,,2
4965,4391.0,2168.0,sea_point,7037,Atlantic Ocean,6
4966,4391.0,2386.0,sea_point,7215,Atlantic Ocean,5
4967,4391.0,4139.0,sea_point,4563,Atlantic Ocean,3
4968,4391.01,4742.1,path_vertex,,,2
4969,4392.0,4607.0,province_center,1146,Miracema,3
4970,4392.36,4655.2300000000005,path_vertex,,,2
4971,4393.5,4999.5,path_vertex,,,2
4972,4393.5,5239.150000000001,path_vertex,,,2
4973,4393.86,4372.64,path_vertex,,,2
4974,4394.0,5277.0,sea_point,4519,Atlantic Ocean,3
4975,4395.0,4476.0,province_center,1145,Araguaína,4
4976,4395.3,4589.900000000001,path_vertex,,,2
4977,4396.650000000001,4823.11,path_vertex,,,2
4978,4396.78,5179.16,path_vertex,,,2
4979,4398.8,4396.400000000001,path_vertex,,,2
4980,4399.0,2776.0,sea_point,7223,Atlantic Ocean,7
4981,4399.2,4805.6,path_vertex,,,2
4982,4399.74,4518.36,path_vertex,,,2
4983,4400.0,4961.0,path_vertex,,,2
4984,4401.0,4074.0,sea_point,4569,Atlantic Ocean,4
4985,4401.0,4557.0,province_center,1148,Guarai,8
4986,4401.0,4774.72,path_vertex,,,2
4987,4402.22,4702.7300000000005,path_vertex,,,2
4988,4402.96,5124.64,path_vertex,,,2
4989,4403.0,5208.0,province_center,1283,São Paulo,3
4990,4404.26,5216.4400000000005,path_vertex,,,2
4991,4405.0,4625.09,path_vertex,,,2
4992,4407.0,5331.0,sea_point,4518,Atlantic Ocean,4
4993,4407.0,5850.0,sea_point,6742,Atlantic Ocean,6
4994,4408.0,1229.0,province_center,799,Happy Valley-Goose Bay,4
4995,4408.0,5234.0,sea_point,4520,Atlantic Ocean,5
4996,4410.0,4236.0,sea_point,4556,Tocantina River,2
4997,4410.09,5028.3,path_vertex,,,2
4998,4413.96,4238.1900000000005,path_vertex,,,2
4999,4414.0,1965.0,sea_point,6262,Atlantic Ocean,6
5000,4414.12,4257.84,path_vertex,,,2
5001,4414.91,4581.55,path_vertex,,,2
5002,4417.0,1570.0,sea_point,4727,Gulf of St. Lawrence,6
5003,4417.0,4819.0,province_center,1224,Formosa,4
5004,4417.37,4388.74,path_vertex,,,2
5005,4418.0,978.0,sea_point,4746,Atlantic Ocean,4
5006,4418.46,4617.14,path_vertex,,,2
5007,4418.96,5192.09,path_vertex,,,2
5008,4420.0,4208.0,sea_point,4557,Tocantina River,3
5009,4421.09,5078.900000000001,path_vertex,,,2
5010,4421.43,5057.86,path_vertex,,,2
5011,4421.4400000000005,4478.12,path_vertex,,,2
5012,4422.0,2511.0,sea_point,7216,Atlantic Ocean,7
5013,4422.0,2649.0,sea_point,8125,Atlantic Ocean,4
5014,4422.0,3198.0,sea_point,6868,Atlantic Ocean,6
5015,4423.13,4797.3,path_vertex,,,2
5016,4426.0,4442.0,path_vertex,,,3
5017,4426.77,4285.68,path_vertex,,,2
5018,4427.0,4245.0,province_center,1104,Belém,4
5019,4427.0,4779.0,province_center,1404,Cavalcante,4
5020,4428.0,6168.0,sea_point,4955,sea,4
5021,4429.0,4136.0,sea_point,4562,Atlantic Ocean,6
5022,4430.0,3681.0,sea_point,6350,Atlantic Ocean,7
5023,4430.0,3837.0,sea_point,5933,Atlantic Ocean,6
5024,4432.92,4739.0,path_vertex,,,2
5025,4433.0,867.0,sea_point,4807,Baffin Bay,4
5026,4433.0,1618.0,sea_point,4693,Gulf of St. Lawrence,2
5027,4435.71,1150.3,path_vertex,,,2
5028,4436.0,4707.0,province_center,1149,Arraias,4
5029,4436.0,5174.0,province_center,1304,Taubaté,5
5030,4437.35,4827.63,path_vertex,,,2
5031,4438.0,5506.0,sea_point,6102,Atlantic Ocean,6
5032,4438.31,4663.28,path_vertex,,,2
5033,4439.0,4626.0,province_center,1151,Estrema,7
5034,4440.91,1331.51,path_vertex,,,2
5035,4441.12,4256.1,path_vertex,,,2
5036,4441.42,4425.22,path_vertex,,,2
5037,4441.63,5194.78,path_vertex,,,2
5038,4444.0,5115.39,path_vertex,,,2
5039,4444.53,4230.85,path_vertex,,,2
5040,4445.0,5209.0,sea_point,4521,Atlantic Ocean,3
5041,4446.0,1349.0,sea_point,4742,Gulf of St. Lawrence,5
5042,4447.0,1116.0,sea_point,4745,Atlantic Ocean,5
5043,4448.0,4187.0,sea_point,4558,Tocantina River,2
5044,4452.78,4570.14,path_vertex,,,2
5045,4453.0,1825.0,sea_point,5654,Atlantic Ocean,7
5046,4453.0,5070.0,province_center,1306,Lavras,5
5047,4453.89,4341.57,path_vertex,,,2
5048,4455.77,5026.68,path_vertex,,,2
5049,4456.0,5013.0,province_center,1307,Divinópolis,7
5050,4461.0,1530.0,sea_point,4795,Gulf of St. Lawrence,2
5051,4461.0,2277.0,sea_point,7212,Atlantic Ocean,6
5052,4463.4400000000005,5086.11,path_vertex,,,2
5053,4464.0,1461.0,sea_point,4825,Gulf of St. Lawrence,5
5054,4464.74,4963.91,path_vertex,,,2
5055,4466.0,4274.0,province_center,1173,Boate,6
5056,4467.0,1651.0,sea_point,4725,Atlantic Ocean,5
5057,4467.0,4152.0,sea_point,4559,Atlantic Ocean,3
5058,4469.0,2948.0,sea_point,7060,Atlantic Ocean,6
5059,4469.0,5631.0,sea_point,6461,Atlantic Ocean,6
5060,4469.59,5152.02,path_vertex,,,2
5061,4470.0,4393.0,province_center,1122,Imperatriz,6
5062,4472.1900000000005,4251.0,path_vertex,,,2
5063,4472.33,4603.84,path_vertex,,,2
5064,4472.8,4519.2,path_vertex,,,2
5065,4472.91,4650.93,path_vertex,,,2
5066,4473.0,4909.0,province_center,1295,Paracatu,4
5067,4475.99,4896.37,path_vertex,,,2
5068,4477.0,3369.0,sea_point,6874,Atlantic Ocean,6
5069,4480.0,1556.0,sea_point,4827,Gulf of St. Lawrence,5
5070,4483.0,4847.0,province_center,1294,Unaí,4
5071,4485.0,2074.0,sea_point,6826,Atlantic Ocean,6
5072,4485.0,4192.0,province_center,1172,Bragança,5
5073,4487.36,4291.78,path_vertex,,,2
5074,4493.0,5136.0,province_center,1305,Volta Redonda,7
5075,4494.5,4817.9400000000005,path_vertex,,,2
5076,4496.62,5047.16,path_vertex,,,2
5077,4496.6900000000005,4461.39,path_vertex,,,2
5078,4498.42,4351.46,path_vertex,,,2
5079,4499.7300000000005,4616.7300000000005,path_vertex,,,2
5080,4500.0,3946.0,sea_point,5947,Atlantic Ocean,7
5081,4500.0,5756.0,sea_point,6740,Atlantic Ocean,6
5082,4501.33,5022.36,path_vertex,,,2
5083,4501.81,5070.63,path_vertex,,,2
5084,4503.0,4582.0,province_center,1144,Morros,5
5085,4503.51,4256.4800000000005,path_vertex,,,2
5086,4506.66,4164.33,path_vertex,,,2
5087,4511.45,4853.400000000001,path_vertex,,,2
5088,4512.0,4156.0,sea_point,4555,Atlantic Ocean,4
5089,4512.32,5149.38,path_vertex,,,2
5090,4512.38,4206.37,path_vertex,,,2
5091,4513.2,4706.400000000001,path_vertex,,,2
5092,4514.2,4885.29,path_vertex,,,2
5093,4516.0,3073.0,sea_point,7065,Atlantic Ocean,7
5094,4516.0,4759.0,province_center,1318,Correntina,6
5095,4516.400000000001,4403.0,path_vertex,,,2
5096,4516.4400000000005,5135.95,path_vertex,,,2
5097,4518.0,4673.0,province_center,1317,Formosa do Rio Preto,5
5098,4518.0,5100.4400000000005,path_vertex,,,2
5099,4521.0,4320.0,province_center,1132,Buriticupu,7
5100,4522.89,4524.17,path_vertex,,,2
5101,4524.0,2402.0,sea_point,7044,Atlantic Ocean,6
5102,4524.0,2683.0,sea_point,7051,Atlantic Ocean,7
5103,4524.0,5397.0,sea_point,6094,Atlantic Ocean,5
5104,4525.56,4595.39,path_vertex,,,2
5105,4526.0,2815.0,sea_point,8124,Atlantic Ocean,5
5106,4527.0,5086.0,province_center,1303,Juiz de fora,5
5107,4527.67,4369.11,path_vertex,,,2
5108,4528.62,4795.1900000000005,path_vertex,,,2
5109,4529.14,4941.72,path_vertex,,,2
5110,4529.56,5057.0,path_vertex,,,2
5111,4529.97,4692.75,path_vertex,,,2
5112,4531.0,839.0,sea_point,4809,Baffin Bay,4
5113,4531.0,5028.0,province_center,1288,Belo Horizonte,7
5114,4531.0,5881.0,sea_point,6965,Atlantic Ocean,6
5115,4532.0,4406.0,province_center,1131,Grajaú,5
5116,4532.0,4979.0,path_vertex,,,2
5117,4532.0,5163.0,sea_point,4524,Atlantic Ocean,5
5118,4532.04,5120.45,path_vertex,,,2
5119,4532.27,4727.38,path_vertex,,,2
5120,4534.0,5135.0,province_center,1285,Rio de Janeiro,3
5121,4534.87,4464.2,path_vertex,,,2
5122,4535.0,4485.0,province_center,1123,Balsas,6
5123,4536.0,6048.0,sea_point,4941,sea,5
5124,4539.0,5149.0,path_vertex,,,2
5125,4541.0,3504.0,sea_point,6880,Atlantic Ocean,7
5126,4541.0,4712.0,province_center,1311,Barreiras,3
5127,4545.2,4689.400000000001,path_vertex,,,2
5128,4547.0,3229.0,sea_point,7071,Atlantic Ocean,6
5129,4547.68,4998.4400000000005,path_vertex,,,2
5130,4548.0,4609.0,province_center,1124,Corrente,4
5131,4549.400000000001,4286.8,path_vertex,,,2
5132,4550.88,4923.47,path_vertex,,,2
5133,4551.0,4862.0,province_center,1309,Arinos,7
5134,4551.0,4934.0,path_vertex,,,2
5135,4555.0,967.0,sea_point,5417,Atlantic Ocean,7
5136,4555.0,1965.0,sea_point,6580,Atlantic Ocean,6
5137,4555.0,2184.0,sea_point,7038,Atlantic Ocean,6
5138,4555.0,2558.0,sea_point,6842,Atlantic Ocean,5
5139,4555.0,3650.0,sea_point,6647,Atlantic Ocean,5
5140,4555.0,3806.0,sea_point,6359,Atlantic Ocean,6
5141,4555.84,4737.03,path_vertex,,,2
5142,4558.0,5281.0,sea_point,6084,Atlantic Ocean,7
5143,4559.84,4714.03,path_vertex,,,2
5144,4562.0,4903.0,path_vertex,,,3
5145,4563.0,4777.01,path_vertex,,,2
5146,4564.0,4653.02,path_vertex,,,2
5147,4564.900000000001,4910.7,path_vertex,,,2
5148,4565.68,4520.68,path_vertex,,,2
5149,4566.0,4963.0,province_center,1290,Bocaiúva,7
5150,4567.6,5134.2,path_vertex,,,2
5151,4568.900000000001,4947.3,path_vertex,,,2
5152,4570.0,1716.0,sea_point,5649,Atlantic Ocean,7
5153,4572.25,4476.0,path_vertex,,,2
5154,4572.59,5085.47,path_vertex,,,2
5155,4574.0,1326.0,sea_point,4743,Strait of Belle Isle,4
5156,4574.0,4928.0,province_center,1286,Montes Claros,3
5157,4579.0,4251.0,province_center,1121,Pinheiro,5
5158,4584.49,5065.41,path_vertex,,,2
5159,4585.0,4182.0,sea_point,4554,Atlantic Ocean,4
5160,4586.0,5148.0,sea_point,4525,Atlantic Ocean,6
5161,4586.9400000000005,4534.0,path_vertex,,,2
5162,4587.1900000000005,5033.55,path_vertex,,,2
5163,4590.0,4717.0,province_center,1316,Ibotirama,6
5164,4590.3,4682.62,path_vertex,,,2
5165,4590.9400000000005,4814.0,path_vertex,,,2
5166,4591.54,4374.38,path_vertex,,,2
5167,4592.08,4901.900000000001,path_vertex,,,2
5168,4593.55,5127.0,path_vertex,,,2
5169,4594.0,2886.0,sea_point,6853,Atlantic Ocean,6
5170,4594.0,5506.0,sea_point,6455,Atlantic Ocean,6
5171,4594.47,4394.9400000000005,path_vertex,,,2
5172,4595.5,4662.45,path_vertex,,,2
5173,4595.66,4445.25,path_vertex,,,2
5174,4595.81,5006.95,path_vertex,,,2
5175,4596.0,557.0,sea_point,4264,Baffin Bay,2
5176,4597.21,4748.0,path_vertex,,,2
5177,4598.0,4327.74,path_vertex,,,2
5178,4599.0,4938.0,path_vertex,,,2
5179,4600.25,4884.77,path_vertex,,,2
5180,4602.0,509.0,sea_point,3788,Baffin Bay,2
5181,4602.0,1840.0,sea_point,6259,Atlantic Ocean,6
5182,4602.0,4024.0,sea_point,5956,Atlantic Ocean,7
5183,4602.06,4288.24,path_vertex,,,2
5184,4606.0,1584.0,sea_point,4829,Atlantic Ocean,3
5185,4607.0,4793.0,province_center,1319,Guanambi,7
5186,4609.0,5084.0,province_center,1302,Ipateruna,6
5187,4611.25,4822.25,path_vertex,,,2
5188,4612.01,4700.01,path_vertex,,,2
5189,4612.150000000001,5062.07,path_vertex,,,2
5190,4613.0,4391.0,province_center,1129,Barra do Corda,7
5191,4615.0,5036.0,province_center,1289,Ipatinga,6
5192,4616.0,4571.42,path_vertex,,,2
5193,4616.84,4963.52,path_vertex,,,2
5194,4617.0,3369.0,sea_point,7076,Atlantic Ocean,6
5195,4617.72,4423.150000000001,path_vertex,,,2
5196,4619.0,1221.0,sea_point,4744,Atlantic Ocean,6
5197,4621.0,4894.0,province_center,1293,Janaúba,6
5198,4622.0,4463.0,province_center,1127,Uruçuí,8
5199,4622.4400000000005,4363.37,path_vertex,,,2
5200,4622.51,4238.27,path_vertex,,,2
5201,4625.0,2074.0,sea_point,7033,Atlantic Ocean,6
5202,4625.0,2324.0,sea_point,6837,Atlantic Ocean,6
5203,4625.0,5631.0,sea_point,6734,Atlantic Ocean,6
5204,4626.0,1103.0,sea_point,5452,Atlantic Ocean,6
5205,4626.0,4202.0,sea_point,3802,Atlantic Ocean,2
5206,4628.3,4908.0,path_vertex,,,2
5207,4630.01,5078.37,path_vertex,,,2
5208,4631.0,4279.0,path_vertex,,,2
5209,4632.0,4330.0,province_center,1130,Bacabal,6
5210,4633.2,4936.75,path_vertex,,,3
5211,4633.87,4740.150000000001,path_vertex,,,2
5212,4634.0,4621.0,province_center,1327,Remanso,5
5213,4635.0,805.0,sea_point,4810,Baffin Bay,3
5214,4635.0,4234.0,sea_point,4553,Atlantic Ocean,3
5215,4637.29,4599.650000000001,path_vertex,,,2
5216,4638.0,4661.0,path_vertex,,,2
5217,4639.0,4676.0,province_center,1315,Irecê,7
5218,4641.0,3104.0,sea_point,7227,Atlantic Ocean,5
5219,4642.24,4285.06,path_vertex,,,2
5220,4642.4400000000005,4791.16,path_vertex,,,2
5221,4646.0,4269.0,province_center,1117,São Luís,4
5222,4647.2,4516.07,path_vertex,,,2
5223,4647.74,4821.45,path_vertex,,,2
5224,4647.81,4978.63,path_vertex,,,2
5225,4648.0,3900.0,sea_point,6365,Atlantic Ocean,6
5226,4650.0,4261.0,path_vertex,,,2
5227,4650.88,4416.92,path_vertex,,,2
5228,4652.52,5055.18,path_vertex,,,2
5229,4655.0,4964.0,province_center,1308,Itaobim,7
5230,4656.0,2480.0,sea_point,6596,Atlantic Ocean,6
5231,4656.0,2761.0,sea_point,6606,Atlantic Ocean,6
5232,4656.0,5756.0,sea_point,6959,Atlantic Ocean,6
5233,4660.1900000000005,4470.4400000000005,path_vertex,,,2
5234,4660.5,5096.5,path_vertex,,,2
5235,4661.0,4546.0,province_center,1128,São Raimundo Nonato,5
5236,4663.0,476.0,sea_point,4263,Artic Ocean,2
5237,4665.38,4272.92,path_vertex,,,2
5238,4666.02,4451.08,path_vertex,,,2
5239,4666.88,4657.86,path_vertex,,,2
5240,4667.99,4743.01,path_vertex,,,2
5241,4668.0,1320.0,sea_point,4822,Atlantic Ocean,4
5242,4669.12,4858.42,path_vertex,,,2
5243,4672.0,5382.0,sea_point,6452,Atlantic Ocean,6
5244,4673.0,4241.0,sea_point,4552,Atlantic Ocean,4
5245,4674.62,4387.92,path_vertex,,,2
5246,4675.0,5100.0,province_center,1287,Vitória,3
5247,4675.33,4310.0,path_vertex,,,2
5248,4677.7,5019.87,path_vertex,,,2
5249,4678.0,4620.22,path_vertex,,,2
5250,4679.0,780.0,sea_point,4811,Baffin Bay,3
5251,4680.0,3588.0,sea_point,6884,Atlantic Ocean,6
5252,4680.0,3744.0,sea_point,6652,Atlantic Ocean,6
5253,4683.12,4977.0,path_vertex,,,2
5254,4685.0,4847.0,province_center,1320,Tremedal,5
5255,4687.0,2636.0,sea_point,6286,Atlantic Ocean,6
5256,4687.0,2979.0,sea_point,7062,Atlantic Ocean,6
5257,4687.0,4787.0,province_center,1321,Brumado,5
5258,4687.86,4808.0,path_vertex,,,2
5259,4688.150000000001,5113.2300000000005,path_vertex,,,2
5260,4690.0,4444.0,province_center,1125,Floriano,6
5261,4691.0,877.0,sea_point,4268,Baffin Bay,6
5262,4691.8,5088.400000000001,path_vertex,,,2
5263,4692.0,5928.0,sea_point,4918,sea,6
5264,4692.35,4373.7,path_vertex,,,2
5265,4692.62,4349.49,path_vertex,,,2
5266,4693.0,3462.0,sea_point,7077,Atlantic Ocean,6
5267,4693.99,4407.93,path_vertex,,,2
5268,4695.0,1747.0,sea_point,5651,Atlantic Ocean,5
5269,4695.0,1965.0,sea_point,6824,Atlantic Ocean,6
5270,4696.0,4388.0,province_center,1119,Teresina,3
5271,4699.0,972.0,sea_point,4269,Baffin Bay,4
5272,4702.53,4851.88,path_vertex,,,2
5273,4702.82,4454.49,path_vertex,,,2
5274,4703.0,4102.0,sea_point,5966,Atlantic Ocean,6
5275,4704.0,5081.0,province_center,1291,Linhares,5
5276,4706.5,4864.5,path_vertex,,,2
5277,4706.9800000000005,5104.14,path_vertex,,,2
5278,4708.0,5133.0,sea_point,4528,Atlantic Ocean,6
5279,4708.5,4693.5,path_vertex,,,2
5280,4709.12,4546.82,path_vertex,,,2
5281,4709.43,4508.28,path_vertex,,,2
5282,4710.0,4914.04,path_vertex,,,2
5283,4711.0,3213.0,sea_point,7229,Atlantic Ocean,6
5284,4711.05,4804.92,path_vertex,,,2
5285,4711.32,4378.76,path_vertex,,,2
5286,4712.37,872.21,path_vertex,,,2
5287,4714.12,4714.52,path_vertex,,,2
5288,4715.35,4958.35,path_vertex,,,2
5289,4717.0,4855.0,province_center,1312,Vitória d. C.,4
5290,4717.6,5051.58,path_vertex,,,2
5291,4718.84,4836.21,path_vertex,,,2
5292,4722.0,4618.0,province_center,1328,Senhor do Bonfim,5
5293,4722.0,4885.37,path_vertex,,,2
5294,4722.1900000000005,4390.0,path_vertex,,,2
5295,4722.8,4674.400000000001,path_vertex,,,2
5296,4723.0,4689.0,province_center,1314,Jacobina,4
5297,4726.0,2246.0,sea_point,6832,Atlantic Ocean,6
5298,4726.0,5522.0,sea_point,6730,Atlantic Ocean,6
5299,4726.93,4865.85,path_vertex,,,2
5300,4727.3,4705.900000000001,path_vertex,,,2
5301,4728.0,4284.0,province_center,1134,Parnaíba,5
5302,4729.06,4842.91,path_vertex,,,2
5303,4731.0,1615.0,sea_point,4833,Atlantic Ocean,6
5304,4732.39,4319.0,path_vertex,,,2
5305,4735.3,4695.1,path_vertex,,,2
5306,4737.0,4363.0,province_center,1135,Piripiri,7
5307,4737.61,4425.06,path_vertex,,,2
5308,4738.09,4271.06,path_vertex,,,2
5309,4739.0,4485.0,province_center,1126,Canto do Buriti,6
5310,4739.0,5003.0,province_center,1292,Eunápolis,5
5311,4741.03,4772.62,path_vertex,,,2
5312,4742.0,5272.0,sea_point,6085,Atlantic Ocean,7
5313,4742.9800000000005,4859.12,path_vertex,,,2
5314,4743.0,4828.0,province_center,1326,Jequié,7
5315,4743.0,4883.0,province_center,1322,Itapetinga,6
5316,4743.5,4689.5,path_vertex,,,2
5317,4746.0,4259.0,sea_point,4551,Atlantic Ocean,3
5318,4750.0,2854.0,sea_point,6610,Atlantic Ocean,6
5319,4750.0,3978.0,sea_point,6368,Atlantic Ocean,6
5320,4754.900000000001,4985.7300000000005,path_vertex,,,2
5321,4755.28,4504.32,path_vertex,,,2
5322,4756.42,5034.58,path_vertex,,,2
5323,4757.34,4300.34,path_vertex,,,2
5324,4758.0,1045.0,sea_point,4270,Labrador Sea,4
5325,4758.0,2090.0,sea_point,7034,Atlantic Ocean,6
5326,4758.0,2402.0,sea_point,6277,Atlantic Ocean,6
5327,4758.0,5647.0,sea_point,6957,Atlantic Ocean,6
5328,4758.62,1577.08,path_vertex,,,2
5329,4759.0,3337.0,sea_point,8123,Atlantic Ocean,5
5330,4760.0,5042.0,sea_point,4530,Atlantic Ocean,5
5331,4764.66,4376.6,path_vertex,,,2
5332,4765.0,1856.0,sea_point,6578,Atlantic Ocean,6
5333,4765.57,4622.01,path_vertex,,,2
5334,4766.92,4448.95,path_vertex,,,2
5335,4768.07,4924.49,path_vertex,,,2
5336,4769.34,4792.17,path_vertex,,,2
5337,4772.24,4469.12,path_vertex,,,2
5338,4774.0,1418.0,sea_point,4819,Atlantic Ocean,4
5339,4774.0,1555.0,province_center,240,St. John's,2
5340,4775.0,856.0,province_center,1052,Nuuk,2
5341,4780.52,4338.52,path_vertex,,,2
5342,4780.55,4813.46,path_vertex,,,2
5343,4781.0,3666.0,sea_point,6889,Atlantic Ocean,6
5344,4781.0,3822.0,sea_point,6656,Atlantic Ocean,7
5345,4783.17,4849.7300000000005,path_vertex,,,2
5346,4784.0,4951.0,province_center,1323,Belmonte,5
5347,4785.150000000001,4873.52,path_vertex,,,2
5348,4787.0,4461.0,province_center,1141,Picos,6
5349,4789.0,1609.0,sea_point,4731,Gulf of St. Lawrence,2
5350,4789.0,2558.0,sea_point,5804,Atlantic Ocean,6
5351,4789.0,4521.0,path_vertex,,,2
5352,4789.0,5772.0,sea_point,7157,Atlantic Ocean,5
5353,4791.0,4548.0,province_center,1155,Ouricuri,4
5354,4793.0,4621.0,province_center,1330,Monte Santo,2
5355,4794.0,3543.0,sea_point,8122,Atlantic Ocean,5
5356,4794.39,4439.400000000001,path_vertex,,,2
5357,4795.0,4756.0,province_center,1313,Feira de Santana,7
5358,4795.35,4672.03,path_vertex,,,2
5359,4795.46,4963.31,path_vertex,,,2
5360,4796.0,1291.0,sea_point,5541,Atlantic Ocean,6
5361,4796.0,4743.0,path_vertex,,,2
5362,4797.0,4724.0,province_center,1329,Serrinha,6
5363,4797.0,5413.0,sea_point,6727,Atlantic Ocean,6
5364,4797.83,4930.9400000000005,path_vertex,,,2
5365,4799.59,1556.8700000000001,path_vertex,,,2
5366,4800.0,4859.0,province_center,3286,Itabuna,6
5367,4804.8,4898.400000000001,path_vertex,,,2
5368,4805.41,4860.06,path_vertex,,,2
5369,4806.0,4327.0,province_center,1133,Sobral,6
5370,4806.0,4397.0,province_center,1140,Crateús,7
5371,4806.72,4348.91,path_vertex,,,2
5372,4807.03,4841.02,path_vertex,,,2
5373,4809.0,4979.0,sea_point,4531,Atlantic Ocean,5
5374,4809.1,4280.3,path_vertex,,,2
5375,4809.37,4778.0,path_vertex,,,2
5376,4810.52,4762.79,path_vertex,,,2
5377,4811.0,4269.0,sea_point,4550,Atlantic Ocean,5
5378,4812.0,2730.0,sea_point,5815,Atlantic Ocean,7
5379,4812.0,3104.0,sea_point,7067,Atlantic Ocean,7
5380,4815.71,4552.63,path_vertex,,,2
5381,4818.21,4753.25,path_vertex,,,2
5382,4819.42,4901.88,path_vertex,,,2
5383,4820.0,2964.0,sea_point,6856,Atlantic Ocean,6
5384,4820.0,4847.0,path_vertex,,,2
5385,4820.0,4862.0,province_center,1324,Ilhéus,3
5386,4821.0,4797.0,province_center,1325,Valença,6
5387,4823.900000000001,4788.2300000000005,path_vertex,,,2
5388,4826.7,4862.1,path_vertex,,,2
5389,4827.0,1563.0,sea_point,4817,Atlantic Ocean,7
5390,4827.0,4919.0,sea_point,4532,Atlantic Ocean,4
5391,4828.0,171.0,sea_point,6176,Artic Ocean,2
5392,4828.0,4134.0,sea_point,5970,Atlantic Ocean,6
5393,4828.0,4770.0,province_center,1310,Salvador,4
5394,4832.33,4416.5,path_vertex,,,2
5395,4833.0,1021.0,sea_point,4271,Labrador Sea,4
5396,4834.0,4863.0,sea_point,4533,Atlantic Ocean,3
5397,4834.72,4384.53,path_vertex,,,2
5398,4836.0,1154.0,sea_point,5460,Labrador Sea,8
5399,4836.0,1747.0,sea_point,6256,Atlantic Ocean,7
5400,4836.0,4812.97,path_vertex,,,2
5401,4836.0,5179.0,sea_point,6077,Atlantic Ocean,6
5402,4838.63,4772.5,path_vertex,,,2
5403,4838.7,4525.3,path_vertex,,,2
5404,4844.0,4822.0,sea_point,4534,Atlantic Ocean,5
5405,4845.0,4774.0,sea_point,4535,Atlantic Ocean,4
5406,4845.68,4451.39,path_vertex,,,2
5407,4847.4800000000005,4738.36,path_vertex,,,2
5408,4851.0,2277.0,sea_point,6590,Atlantic Ocean,7
5409,4851.0,3432.0,sea_point,6877,Atlantic Ocean,7
5410,4852.0,4741.0,sea_point,4536,Atlantic Ocean,4
5411,4853.51,914.64,path_vertex,,,2
5412,4859.37,4492.05,path_vertex,,,2
5413,4860.0,4351.05,path_vertex,,,2
5414,4860.0,5928.0,sea_point,4921,sea,3
5415,4865.0,4286.0,sea_point,4549,Atlantic Ocean,2
5416,4867.0,1934.0,sea_point,7030,Atlantic Ocean,7
5417,4867.0,3244.0,sea_point,7072,Atlantic Ocean,6
5418,4867.0,5304.0,sea_point,6448,Atlantic Ocean,6
5419,4867.0,5522.0,sea_point,6952,Atlantic Ocean,6
5420,4869.0,4563.0,province_center,1470,Serra Talhada,6
5421,4872.0,422.0,sea_point,4261,Artic Ocean,2
5422,4872.0,4446.0,province_center,1142,Iguatu,6
5423,4872.0,4498.0,province_center,1143,Juazeiro d. N.,4
5424,4872.0,4526.0,path_vertex,,,2
5425,4872.04,4481.72,path_vertex,,,2
5426,4873.0,4328.0,path_vertex,,,2
5427,4878.8,4404.67,path_vertex,,,2
5428,4882.0,2839.0,sea_point,6294,Atlantic Ocean,5
5429,4882.0,3731.0,sea_point,8121,Atlantic Ocean,5
5430,4885.0,938.0,sea_point,4249,Denmark Strait,5
5431,4885.0,4361.0,province_center,1136,Maracanaú,6
5432,4885.0,4726.0,sea_point,3804,Atlantic Ocean,2
5433,4885.33,4603.51,path_vertex,,,2
5434,4886.3,4566.42,path_vertex,,,2
5435,4887.0,4344.0,path_vertex,,,2
5436,4888.0,2142.0,sea_point,8147,Atlantic Ocean,5
5437,4888.63,4544.0,path_vertex,,,2
5438,4889.0,4332.0,province_center,1118,Fortaleza,3
5439,4896.49,4491.61,path_vertex,,,2
5440,4896.6,4322.2,path_vertex,,,2
5441,4898.0,1372.0,sea_point,5576,Atlantic Ocean,6
5442,4898.0,5647.0,sea_point,7152,Atlantic Ocean,6
5443,4903.0,4312.0,sea_point,4548,Atlantic Ocean,4
5444,4906.0,2449.0,sea_point,5796,Atlantic Ocean,6
5445,4906.0,3572.0,sea_point,6882,Atlantic Ocean,7
5446,4911.0,4671.0,province_center,1154,Maceió,3
5447,4913.0,2590.0,sea_point,4920,Atlantic Ocean,5
5448,4914.0,5054.0,sea_point,6066,Atlantic Ocean,6
5449,4920.8,4678.400000000001,path_vertex,,,2
5450,4921.0,1638.0,sea_point,5642,Atlantic Ocean,5
5451,4921.0,3853.0,sea_point,6658,Atlantic Ocean,5
5452,4921.0,4009.0,sea_point,6371,Atlantic Ocean,8
5453,4922.63,4460.64,path_vertex,,,2
5454,4922.650000000001,4352.67,path_vertex,,,2
5455,4927.0,2623.0,sea_point,4917,Atlantic Ocean,4
5456,4929.0,1242.0,sea_point,3844,Atlantic Ocean,5
5457,4929.0,5772.0,sea_point,7292,Atlantic Ocean,7
5458,4932.0,2625.51,path_vertex,,,2
5459,4933.0,4687.0,sea_point,4538,Atlantic Ocean,5
5460,4934.0,4349.0,sea_point,4547,Atlantic Ocean,5
5461,4937.0,1825.0,sea_point,6821,Atlantic Ocean,5
5462,4937.0,5413.0,sea_point,6946,Atlantic Ocean,6
5463,4941.56,4397.16,path_vertex,,,2
5464,4942.37,4422.26,path_vertex,,,2
5465,4943.0,2643.0,sea_point,4914,Atlantic Ocean,5
5466,4945.0,1497.0,sea_point,5598,Atlantic Ocean,5
5467,4947.0,2626.0,province_center,1476,Ponta Delgada,3
5468,4947.05,2633.61,path_vertex,,,2
5469,4948.0,2601.0,sea_point,3749,Red Sea,2
5470,4948.45,4633.2,path_vertex,,,3
5471,4953.0,3042.0,sea_point,6861,Atlantic Ocean,5
5472,4953.0,4165.0,sea_point,5978,Atlantic Ocean,6
5473,4959.11,4613.6,path_vertex,,,2
5474,4960.0,2028.0,sea_point,7208,Atlantic Ocean,5
5475,4960.0,4929.0,sea_point,6054,Atlantic Ocean,7
5476,4960.08,2627.01,path_vertex,,,2
5477,4963.0,4472.0,province_center,1138,Caicó,7
5478,4964.99,4448.11,path_vertex,,,2
5479,4965.8,4620.6,path_vertex,,,2
5480,4967.0,4413.0,province_center,1137,Mossoró,6
5481,4967.0,4795.0,sea_point,6042,Atlantic Ocean,7
5482,4968.0,3354.0,sea_point,6631,Atlantic Ocean,6
5483,4971.0,864.0,sea_point,4252,Atlantic Ocean,3
5484,4972.0,2627.0,sea_point,4915,Atlantic Ocean,5
5485,4974.0,2655.0,sea_point,3754,Red Sea,2
5486,4975.6900000000005,4544.0,path_vertex,,,2
5487,4975.9800000000005,4394.14,path_vertex,,,2
5488,4976.0,1029.0,sea_point,5439,Denmark Strait,6
5489,4979.0,4610.0,province_center,1152,Recife,3
5490,4980.0,4384.0,sea_point,4546,Atlantic Ocean,3
5491,4980.0,4599.0,path_vertex,,,2
5492,4982.0,4586.0,province_center,1469,Igarassu,6
5493,4984.0,2168.0,sea_point,6830,Atlantic Ocean,6
5494,4984.0,2917.0,sea_point,6615,Atlantic Ocean,7
5495,4984.0,3166.0,sea_point,6867,Atlantic Ocean,6
5496,4984.0,5163.0,sea_point,6440,Atlantic Ocean,6
5497,4987.0,4620.0,path_vertex,,,2
5498,4987.03,4492.41,path_vertex,,,2
5499,4992.0,4469.8,path_vertex,,,2
5500,4992.64,4434.72,path_vertex,,,2
5501,4995.17,4545.81,path_vertex,,,2
5502,4996.0,4635.0,sea_point,4539,Atlantic Ocean,5
5503,4999.0,2324.0,sea_point,6273,Atlantic Ocean,6
5504,4999.0,3478.0,sea_point,6636,Atlantic Ocean,6
5505,5006.0,4509.0,province_center,1153,Campina Grande,4
5506,5006.02,4597.96,path_vertex,,,2
5507,5007.0,3744.0,sea_point,6653,Atlantic Ocean,6
5508,5007.0,5522.0,sea_point,7148,Atlantic Ocean,6
5509,5015.0,5288.0,sea_point,6722,Atlantic Ocean,6
5510,5018.0,4603.0,sea_point,4540,Atlantic Ocean,3
5511,5019.04,4487.24,path_vertex,,,2
5512,5019.46,4428.31,path_vertex,,,2
5513,5021.0,2648.0,sea_point,4919,Atlantic Ocean,6
5514,5023.0,1716.0,sea_point,6575,Atlantic Ocean,6
5515,5023.0,2776.0,sea_point,5819,Atlantic Ocean,7
5516,5031.0,1918.0,sea_point,7029,Atlantic Ocean,7
5517,5031.0,2480.0,sea_point,5800,Atlantic Ocean,8
5518,5031.0,4466.0,province_center,1139,Parnamirim,5
5519,5032.0,4447.0,path_vertex,,,2
5520,5033.0,4087.0,sea_point,8146,Atlantic Ocean,4
5521,5033.0,4432.0,province_center,1120,Natal,3
5522,5034.0,1185.0,sea_point,6238,Atlantic Ocean,7
5523,5036.0,4388.0,sea_point,4545,Atlantic Ocean,4
5524,5038.0,1372.0,sea_point,6244,Atlantic Ocean,7
5525,5038.0,5647.0,sea_point,7290,Atlantic Ocean,6
5526,5044.0,4433.0,path_vertex,,,2
5527,5044.0,4543.0,path_vertex,,,2
5528,5046.0,1575.0,sea_point,6253,Atlantic Ocean,7
5529,5050.29,4467.42,path_vertex,,,2
5530,5052.0,4550.0,sea_point,4541,Atlantic Ocean,5
5531,5054.0,3619.0,sea_point,6345,Atlantic Ocean,6
5532,5054.0,4243.0,sea_point,5983,Atlantic Ocean,5
5533,5055.0,4433.0,sea_point,4544,Atlantic Ocean,3
5534,5062.0,5007.0,sea_point,6433,Atlantic Ocean,6
5535,5064.0,4716.0,sea_point,6027,Atlantic Ocean,6
5536,5068.0,4467.0,sea_point,4542,Atlantic Ocean,5
5537,5070.0,5772.0,sea_point,7410,Atlantic Ocean,5
5538,5077.0,3884.0,sea_point,6364,Atlantic Ocean,6
5539,5085.0,936.0,sea_point,5409,Denmark Strait,8
5540,5085.0,3276.0,sea_point,6321,Atlantic Ocean,6
5541,5086.0,806.0,sea_point,4253,Atlantic Ocean,4
5542,5101.0,3088.0,sea_point,6622,Atlantic Ocean,7
5543,5116.0,1060.0,sea_point,5442,Denmark Strait,5
5544,5116.0,2246.0,sea_point,6589,Atlantic Ocean,6
5545,5116.0,2381.0,sea_point,8126,Atlantic Ocean,5
5546,5116.0,2870.0,sea_point,6611,Atlantic Ocean,6
5547,5116.0,3400.0,sea_point,6328,Atlantic Ocean,5
5548,5116.0,5366.0,sea_point,7142,Atlantic Ocean,6
5549,5124.0,2043.0,sea_point,6825,Atlantic Ocean,7
5550,5124.0,4009.0,sea_point,6372,Atlantic Ocean,6
5551,5132.0,4836.0,sea_point,6420,Atlantic Ocean,7
5552,5132.0,5116.0,sea_point,6714,Atlantic Ocean,7
5553,5141.0,2983.0,sea_point,8120,Atlantic Ocean,5
5554,5148.0,2745.0,sea_point,6290,Atlantic Ocean,6
5555,5148.0,5491.0,sea_point,7284,Atlantic Ocean,6
5556,5155.0,1731.0,sea_point,6819,Atlantic Ocean,8
5557,5155.0,2605.0,sea_point,6285,Atlantic Ocean,6
5558,5155.0,4134.0,sea_point,6378,Atlantic Ocean,7
5559,5155.0,4321.0,sea_point,5990,Atlantic Ocean,7
5560,5160.0,5904.0,sea_point,4908,sea,5
5561,5163.0,1903.0,sea_point,6822,Atlantic Ocean,5
5562,5163.0,5241.0,sea_point,6939,Atlantic Ocean,6
5563,5168.0,858.0,sea_point,8766,Artic Ocean,5
5564,5170.0,738.0,sea_point,4255,Greenland Sea,4
5565,5171.0,390.0,sea_point,4259,Artic Ocean,3
5566,5171.0,1388.0,sea_point,6564,Atlantic Ocean,6
5567,5171.0,1544.0,sea_point,6571,Atlantic Ocean,5
5568,5171.0,3541.0,sea_point,5898,Atlantic Ocean,7
5569,5171.0,4602.0,sea_point,6016,Atlantic Ocean,6
5570,5179.0,5616.0,sea_point,7404,Atlantic Ocean,6
5571,5187.0,1170.0,sea_point,5474,Atlantic Ocean,6
5572,5187.0,2480.0,sea_point,6280,Atlantic Ocean,6
5573,5194.0,3806.0,sea_point,5931,Atlantic Ocean,7
5574,5202.0,3198.0,sea_point,5854,Atlantic Ocean,6
5575,5202.0,3666.0,sea_point,5913,Atlantic Ocean,6
5576,5202.0,4446.0,sea_point,6002,Atlantic Ocean,6
5577,5202.0,4945.0,sea_point,6704,Atlantic Ocean,6
5578,5207.0,627.0,sea_point,4256,Greenland Sea,4
5579,5210.0,5740.0,sea_point,7502,Atlantic Ocean,6
5580,5212.0,957.0,sea_point,3421,Northwestern Passages,2
5581,5218.0,2168.0,sea_point,6585,Atlantic Ocean,6
5582,5222.0,1268.0,sea_point,6240,Atlantic Ocean,6
5583,5226.0,3931.0,sea_point,5946,Atlantic Ocean,5
5584,5233.0,3073.0,sea_point,6310,Atlantic Ocean,6
5585,5233.0,3322.0,sea_point,5868,Atlantic Ocean,8
5586,5237.0,1016.0,sea_point,4245,Denmark Strait,5
5587,5241.0,4711.0,sea_point,6413,Atlantic Ocean,7
5588,5241.0,5397.0,sea_point,7398,Atlantic Ocean,7
5589,5249.0,2324.0,sea_point,6274,Atlantic Ocean,6
5590,5249.0,2823.0,sea_point,6292,Atlantic Ocean,6
5591,5257.0,509.0,sea_point,4257,Greenland Sea,3
5592,5257.0,1653.0,sea_point,6573,Atlantic Ocean,5
5593,5257.0,4212.0,sea_point,6382,Atlantic Ocean,6
5594,5262.0,5517.0,sea_point,8143,Atlantic Ocean,5
5595,5265.0,2012.0,sea_point,6582,Atlantic Ocean,6
5596,5268.0,409.0,sea_point,3420,Northwestern Passages,2
5597,5272.0,312.0,sea_point,3950,Artic Ocean,4
5598,5272.0,912.0,sea_point,4242,Norwegian Sea,5
5599,5272.0,4056.0,sea_point,5959,Atlantic Ocean,7
5600,5272.0,4836.0,sea_point,6697,Atlantic Ocean,5
5601,5272.0,5054.0,sea_point,6932,Atlantic Ocean,5
5602,5276.0,1071.0,sea_point,3428,Northwestern Passages,2
5603,5278.0,1033.0,sea_point,4246,Denmark Strait,3
5604,5280.0,2948.0,sea_point,6303,Atlantic Ocean,6
5605,5288.0,2683.0,sea_point,5811,Atlantic Ocean,6
5606,5288.0,4336.0,sea_point,6387,Atlantic Ocean,6
5607,5296.0,1887.0,sea_point,6579,Atlantic Ocean,5
5608,5302.0,3495.0,sea_point,3470,Canary Basin,4
5609,5304.0,717.0,sea_point,5395,Greenland Sea,7
5610,5304.0,1528.0,sea_point,6251,Atlantic Ocean,6
5611,5304.0,4524.0,sea_point,6402,Atlantic Ocean,7
5612,5304.0,5179.0,sea_point,7133,Atlantic Ocean,6
5613,5308.76,1034.32,path_vertex,,,2
5614,5319.0,2558.0,sea_point,5805,Atlantic Ocean,6
5615,5319.0,5616.0,sea_point,7497,Atlantic Ocean,6
5616,5324.0,1102.0,sea_point,4247,Atlantic Ocean,4
5617,5328.0,3816.0,sea_point,3465,Atlantic Ocean,5
5618,5330.0,3548.0,sea_point,3469,Atlantic Ocean,4
5619,5333.0,3168.0,sea_point,4836,Atlantic Ocean,5
5620,5335.0,1034.0,province_center,201,Reykjavík,3
5621,5335.0,5304.0,sea_point,7278,Atlantic Ocean,5
5622,5341.51,3812.41,path_vertex,,,2
5623,5343.0,3610.0,sea_point,3468,Atlantic Ocean,5
5624,5343.0,4945.0,sea_point,6925,Atlantic Ocean,7
5625,5344.0,449.0,sea_point,4258,Greenland Sea,6
5626,5344.0,3762.0,sea_point,3466,Atlantic Ocean,4
5627,5345.0,3877.0,sea_point,3464,Atlantic Ocean,3
5628,5346.85,3535.71,path_vertex,,,2
5629,5347.0,3448.0,sea_point,3471,Canary Basin,3
5630,5349.36,3801.48,path_vertex,,,2
5631,5350.0,5740.0,sea_point,7578,Atlantic Ocean,5
5632,5351.0,3809.0,province_center,1899,Dakar,6
5633,5356.0,3225.0,sea_point,3477,Atlantic Ocean,6
5634,5357.0,3548.0,path_vertex,,,2
5635,5357.0,3933.0,sea_point,3463,Atlantic Ocean,6
5636,5358.0,1357.0,sea_point,6243,Atlantic Ocean,7
5637,5358.0,2106.0,sea_point,6268,Atlantic Ocean,6
5638,5358.0,3526.0,province_center,1906,Port Etienne,3
5639,5358.0,3686.0,sea_point,3467,Atlantic Ocean,5
5640,5360.13,1045.05,path_vertex,,,2
5641,5360.4400000000005,3790.26,path_vertex,,,2
5642,5360.95,3771.09,path_vertex,,,2
5643,5361.38,1012.03,path_vertex,,,2
5644,5361.64,3876.07,path_vertex,,,2
5645,5362.38,3607.98,path_vertex,,,2
5646,5366.0,4648.0,sea_point,6688,Atlantic Ocean,5
5647,5367.0,3774.0,province_center,1898,St. Louis,3
5648,5368.35,3835.0,path_vertex,,,2
5649,5369.07,3456.39,path_vertex,,,2
5650,5371.5,3515.0,path_vertex,,,2
5651,5372.72,3533.4500000000003,path_vertex,,,2
5652,5373.1,3920.1,path_vertex,,,2
5653,5373.54,3710.31,path_vertex,,,2
5654,5374.0,577.0,sea_point,5385,Greenland Sea,7
5655,5374.0,1762.0,sea_point,6258,Atlantic Ocean,7
5656,5374.0,2262.0,sea_point,5770,Atlantic Ocean,6
5657,5374.0,4134.0,sea_point,5971,Atlantic Ocean,5
5658,5378.0,3536.0,province_center,1907,Tintan,5
5659,5379.0,3366.0,sea_point,3472,Canary Basin,4
5660,5380.0,3689.07,path_vertex,,,2
5661,5382.0,1216.0,sea_point,5512,Atlantic Ocean,6
5662,5382.0,2402.0,sea_point,5794,Atlantic Ocean,8
5663,5387.92,3212.92,path_vertex,,,2
5664,5389.0,5506.0,sea_point,7401,Atlantic Ocean,6
5665,5390.92,3767.05,path_vertex,,,2
5666,5391.1,3860.35,path_vertex,,,2
5667,5392.0,332.0,sea_point,4262,sea,3
5668,5392.0,3690.0,province_center,1910,Nouakchott,4
5669,5395.0,3292.0,sea_point,3473,Canary Basin,5
5670,5395.0,3900.0,province_center,1895,Bissau,3
5671,5395.1,3673.9700000000003,path_vertex,,,2
5672,5397.0,4773.0,sea_point,6920,Atlantic Ocean,7
5673,5399.0,3208.0,province_center,3300,Santa Cruz de Tenerife,2
5674,5400.01,3880.17,path_vertex,,,2
5675,5401.18,3588.79,path_vertex,,,2
5676,5402.42,3371.35,path_vertex,,,2
5677,5404.0,3870.0,province_center,1897,Haute Casamance,6
5678,5405.0,1638.0,sea_point,5644,Atlantic Ocean,7
5679,5405.0,5070.0,sea_point,7126,Atlantic Ocean,6
5680,5406.0,3601.0,province_center,1916,Bourjeimat,5
5681,5408.28,3516.0,path_vertex,,,2
5682,5409.92,3708.48,path_vertex,,,2
5683,5412.0,3218.0,path_vertex,,,2
5684,5412.0,3373.0,province_center,1948,Villa Cisneros,5
5685,5412.0,3986.0,sea_point,3462,Atlantic Ocean,4
5686,5413.0,4368.0,sea_point,6390,Atlantic Ocean,6
5687,5415.61,3901.83,path_vertex,,,2
5688,5418.6,3950.8,path_vertex,,,2
5689,5420.52,3338.52,path_vertex,,,2
5690,5421.0,1981.0,sea_point,6264,Atlantic Ocean,7
5691,5421.0,2768.0,sea_point,3607,Iberian Basin,6
5692,5421.95,3772.58,path_vertex,,,2
5693,5424.0,1052.0,path_vertex,,,2
5694,5424.0,3823.0,path_vertex,,,2
5695,5425.0,3298.59,path_vertex,,,2
5696,5425.0,3720.0,path_vertex,,,3
5697,5427.17,3679.5,path_vertex,,,2
5698,5428.0,1466.0,sea_point,5596,Atlantic Ocean,6
5699,5428.0,2995.0,sea_point,5834,Atlantic Ocean,8
5700,5429.0,895.0,sea_point,4239,Norwegian Sea,6
5701,5429.0,2884.0,sea_point,5826,Iberian Basin,6
5702,5429.0,3299.0,province_center,1954,Bojador,5
5703,5429.75,940.88,path_vertex,,,2
5704,5430.0,956.0,province_center,202,Akureyri,3
5705,5430.1,3879.3,path_vertex,,,2
5706,5434.95,3590.9500000000003,path_vertex,,,2
5707,5435.0,1100.0,sea_point,4250,Atlantic Ocean,2
5708,5435.0,3226.0,sea_point,3475,Canary Basin,5
5709,5435.7,3968.88,path_vertex,,,2
5710,5436.0,4539.0,sea_point,6683,Atlantic Ocean,5
5711,5436.0,5382.0,sea_point,7281,Atlantic Ocean,6
5712,5436.0,5880.0,sea_point,4904,sea,5
5713,5437.06,3705.76,path_vertex,,,2
5714,5439.32,3537.76,path_vertex,,,2
5715,5442.0,3963.0,province_center,1927,Conakry,3
5716,5442.2300000000005,3457.19,path_vertex,,,2
5717,5443.33,3842.08,path_vertex,,,2
5718,5444.0,4243.0,sea_point,5984,Atlantic Ocean,7
5719,5444.86,3935.1,path_vertex,,,2
5720,5445.0,2584.0,sea_point,3611,Iberian Basin,5
5721,5446.35,3283.15,path_vertex,,,2
5722,5447.0,2694.0,sea_point,3609,Iberian Basin,5
5723,5448.88,3864.64,path_vertex,,,2
5724,5450.0,3622.06,path_vertex,,,2
5725,5450.0,3904.0,province_center,1929,Koumbia,7
5726,5451.0,2634.0,sea_point,3610,Iberian Basin,3
5727,5452.0,3485.0,province_center,1949,Auadi,6
5728,5452.0,5631.0,sea_point,7498,Atlantic Ocean,6
5729,5459.96,2595.17,path_vertex,,,2
5730,5460.0,3831.0,province_center,1912,Tamba,5
5731,5461.0,3721.0,province_center,1911,Aleg,3
5732,5462.87,3785.87,path_vertex,,,2
5733,5463.18,3735.29,path_vertex,,,2
5734,5464.0,3751.0,province_center,1917,Kaédi,8
5735,5466.57,3603.7200000000003,path_vertex,,,2
5736,5467.0,5257.0,sea_point,7137,Atlantic Ocean,7
5737,5467.27,3250.83,path_vertex,,,2
5738,5467.31,3706.7200000000003,path_vertex,,,2
5739,5468.08,3513.7400000000002,path_vertex,,,2
5740,5469.0,2601.0,province_center,195,Lisbon,3
5741,5470.22,3968.26,path_vertex,,,2
5742,5470.58,3230.7000000000003,path_vertex,,,2
5743,5474.35,2713.36,path_vertex,,,2
5744,5477.0,4052.0,sea_point,3461,Atlantic Ocean,5
5745,5477.88,3840.12,path_vertex,,,2
5746,5479.5,3719.5,path_vertex,,,2
5747,5480.0,3231.0,province_center,1950,Laâyoune,3
5748,5480.22,3879.5,path_vertex,,,2
5749,5482.08,2588.9,path_vertex,,,2
5750,5483.0,2515.0,sea_point,3612,Iberian Basin,4
5751,5483.0,3541.0,province_center,1908,Atar,8
5752,5484.0,360.0,sea_point,4816,sea,5
5753,5484.54,3409.0,path_vertex,,,2
5754,5486.0,3171.0,sea_point,3478,Canary Basin,5
5755,5487.0,2601.0,path_vertex,,,2
5756,5488.0,1052.0,path_vertex,,,2
5757,5489.12,2643.53,path_vertex,,,2
5758,5489.21,3470.31,path_vertex,,,2
5759,5490.0,3588.0,path_vertex,,,2
5760,5490.91,3766.55,path_vertex,,,2
5761,5491.14,3361.9500000000003,path_vertex,,,2
5762,5491.85,2601.9500000000003,path_vertex,,,2
5763,5493.0,4038.29,path_vertex,,,2
5764,5493.61,3787.31,path_vertex,,,2
5765,5495.2,3940.8,path_vertex,,,2
5766,5495.68,3331.23,path_vertex,,,2
5767,5497.0,3644.0,province_center,1915,Moudjeria,7
5768,5498.4800000000005,992.9200000000001,path_vertex,,,2
5769,5499.0,608.0,sea_point,6229,Greenland Sea,5
5770,5499.0,764.0,sea_point,5397,Norwegian Sea,6
5771,5499.0,4851.0,sea_point,7119,Atlantic Ocean,5
5772,5499.02,3734.04,path_vertex,,,2
5773,5500.53,3560.88,path_vertex,,,2
5774,5502.0,1079.0,sea_point,4251,Atlantic Ocean,4
5775,5502.0,2525.05,path_vertex,,,2
5776,5503.0,3773.0,province_center,1900,Bakel,6
5777,5504.79,3190.14,path_vertex,,,2
5778,5506.0,1859.0,sea_point,5671,Atlantic Ocean,5
5779,5506.81,3824.77,path_vertex,,,2
5780,5508.0,3855.0,province_center,1896,Kedougou,7
5781,5509.0,2421.0,sea_point,3613,Iberian Basin,4
5782,5510.0,3569.0,province_center,1913,Chinguetti,3
5783,5510.11,3508.02,path_vertex,,,2
5784,5510.2300000000005,3237.9700000000003,path_vertex,,,2
5785,5513.0,2338.0,sea_point,3614,Iberian Basin,5
5786,5513.0,2741.0,province_center,200,Faro,4
5787,5513.0,4127.0,sea_point,3460,Atlantic Ocean,5
5788,5514.0,2106.0,sea_point,5714,Atlantic Ocean,6
5789,5515.0,3912.76,path_vertex,,,2
5790,5516.77,3663.82,path_vertex,,,2
5791,5516.88,3535.92,path_vertex,,,2
5792,5517.0,2264.0,sea_point,3615,Iberian Basin,5
5793,5521.71,3630.25,path_vertex,,,2
5794,5522.0,1216.0,sea_point,5522,Atlantic Ocean,7
5795,5523.0,1586.0,sea_point,3697,Atlantic Ocean,5
5796,5523.0,3134.0,sea_point,3479,Canary Basin,3
5797,5523.31,3588.7200000000003,path_vertex,,,2
5798,5524.21,2755.52,path_vertex,,,2
5799,5527.31,3558.54,path_vertex,,,2
5800,5528.0,1755.0,sea_point,3693,Atlantic Ocean,6
5801,5529.0,3347.0,province_center,1953,Mijek,5
5802,5530.0,5007.0,sea_point,6929,Atlantic Ocean,6
5803,5530.16,2682.64,path_vertex,,,2
5804,5530.400000000001,2420.2000000000003,path_vertex,,,2
5805,5530.84,3883.71,path_vertex,,,2
5806,5531.0,2540.0,province_center,197,Coimbra,5
5807,5531.0,3601.0,path_vertex,,,3
5808,5531.3,3738.4500000000003,path_vertex,,,2
5809,5532.0,5137.0,sea_point,8127,Atlantic Ocean,5
5810,5532.03,4114.27,path_vertex,,,2
5811,5532.6900000000005,3766.63,path_vertex,,,2
5812,5535.0,2774.0,sea_point,3605,Iberian Basin,4
5813,5535.54,2582.56,path_vertex,,,2
5814,5536.0,3810.0,path_vertex,,,2
5815,5537.1900000000005,2458.39,path_vertex,,,2
5816,5537.9400000000005,3265.9700000000003,path_vertex,,,2
5817,5538.0,4617.0,sea_point,6911,Atlantic Ocean,7
5818,5538.01,3379.6,path_vertex,,,2
5819,5539.0,2419.0,province_center,196,Oporto,6
5820,5540.84,2330.62,path_vertex,,,2
5821,5540.9800000000005,2737.06,path_vertex,,,2
5822,5541.0,2642.0,province_center,199,Beja,7
5823,5542.0,3858.64,path_vertex,,,2
5824,5545.0,3615.0,province_center,1914,Tidjikja,5
5825,5545.0,4321.0,sea_point,5991,Atlantic Ocean,6
5826,5545.0,5475.0,sea_point,7143,Atlantic Ocean,7
5827,5545.0,5725.0,sea_point,7501,Atlantic Ocean,7
5828,5547.0,1019.0,province_center,203,Höfn,3
5829,5547.0,4102.0,province_center,1862,Freetown,4
5830,5547.5,3818.5,path_vertex,,,2
5831,5547.83,3146.86,path_vertex,,,2
5832,5548.0,1682.0,sea_point,3695,Atlantic Ocean,4
5833,5548.38,3810.92,path_vertex,,,2
5834,5549.0,1530.0,sea_point,3698,Atlantic Ocean,5
5835,5549.07,4055.48,path_vertex,,,2
5836,5549.46,2357.84,path_vertex,,,2
5837,5550.0,1033.83,path_vertex,,,2
5838,5551.0,3986.0,province_center,1928,Mamou,6
5839,5551.33,3290.81,path_vertex,,,2
5840,5551.4800000000005,3659.14,path_vertex,,,2
5841,5553.0,1056.0,sea_point,4235,Atlantic Ocean,6
5842,5553.0,1341.0,sea_point,5566,Atlantic Ocean,8
5843,5553.0,4461.0,sea_point,6398,Atlantic Ocean,6
5844,5553.96,2529.04,path_vertex,,,2
5845,5554.0,2327.0,province_center,300,Vigo,4
5846,5554.0,3073.0,sea_point,3480,Canary Basin,4
5847,5554.0,3443.0,province_center,1921,Aṣ-Ṣaḥrā’ al-Gharbīyah,7
5848,5554.26,3945.42,path_vertex,,,2
5849,5555.14,2748.64,path_vertex,,,2
5850,5557.0,3581.0,path_vertex,,,2
5851,5557.0,3705.0,province_center,1901,Kiffa,8
5852,5557.0,3918.0,province_center,1930,Dinguiray,5
5853,5559.0,907.0,sea_point,3435,Northwestern Passages,2
5854,5561.17,2695.77,path_vertex,,,2
5855,5562.0,3248.0,province_center,1951,Smara,7
5856,5563.0,1627.0,sea_point,3696,Atlantic Ocean,3
5857,5567.4400000000005,2581.44,path_vertex,,,2
5858,5568.79,3205.08,path_vertex,,,2
5859,5569.0,4742.0,sea_point,7117,Atlantic Ocean,6
5860,5570.89,3500.09,path_vertex,,,2
5861,5572.17,3091.17,path_vertex,,,2
5862,5573.0,3810.0,province_center,1935,Kayes,4
5863,5574.0,2731.0,province_center,312,Huelva,7
5864,5575.0,3160.0,province_center,1621,Guelmim,6
5865,5575.1900000000005,3375.57,path_vertex,,,2
5866,5577.0,5600.0,sea_point,7286,Atlantic Ocean,5
5867,5577.14,2455.0,path_vertex,,,2
5868,5578.0,2992.0,sea_point,3481,Canary Basin,4
5869,5578.0,3526.0,province_center,1909,Ouadane,7
5870,5578.47,2632.37,path_vertex,,,2
5871,5579.0,2832.0,sea_point,3603,Iberian Basin,6
5872,5579.07,3140.44,path_vertex,,,2
5873,5580.29,3726.98,path_vertex,,,2
5874,5582.0,3819.0,path_vertex,,,2
5875,5585.0,3105.0,province_center,1616,Agadir,6
5876,5585.29,1620.43,path_vertex,,,2
5877,5585.71,3794.65,path_vertex,,,2
5878,5585.8,2754.4,path_vertex,,,2
5879,5586.0,2891.0,sea_point,3482,Strait of Gibraltar,6
5880,5586.0,4173.0,sea_point,3459,Atlantic Ocean,3
5881,5586.04,3832.09,path_vertex,,,2
5882,5589.37,3642.9,path_vertex,,,2
5883,5590.32,4134.24,path_vertex,,,2
5884,5591.95,3302.0,path_vertex,,,2
5885,5592.0,5350.0,sea_point,6943,Atlantic Ocean,6
5886,5592.0,5904.0,sea_point,4911,sea,3
5887,5593.18,3924.91,path_vertex,,,2
5888,5597.0,2237.0,sea_point,3619,Iberian Basin,5
5889,5598.38,2309.35,path_vertex,,,2
5890,5599.0,2506.0,province_center,198,Viseu,5
5891,5599.72,3677.98,path_vertex,,,2
5892,5600.0,1517.0,sea_point,3699,Atlantic Ocean,2
5893,5600.0,5210.0,sea_point,6718,Atlantic Ocean,6
5894,5601.56,2250.0,path_vertex,,,2
5895,5601.82,4158.55,path_vertex,,,2
5896,5602.87,3884.82,path_vertex,,,2
5897,5603.0,3260.21,path_vertex,,,2
5898,5603.36,2824.84,path_vertex,,,2
5899,5603.82,2668.82,path_vertex,,,2
5900,5605.14,3428.4500000000003,path_vertex,,,2
5901,5606.0,986.0,sea_point,4236,Atlantic Ocean,5
5902,5606.4800000000005,3583.26,path_vertex,,,2
5903,5606.55,2993.79,path_vertex,,,2
5904,5606.650000000001,3966.57,path_vertex,,,2
5905,5607.93,3041.34,path_vertex,,,2
5906,5608.1900000000005,3697.03,path_vertex,,,2
5907,5610.0,4150.0,province_center,1860,Monrovia,4
5908,5611.0,3757.0,province_center,1926,Timbedra,6
5909,5611.91,3198.87,path_vertex,,,2
5910,5611.99,2557.1,path_vertex,,,2
5911,5612.5,3472.53,path_vertex,,,2
5912,5616.33,2903.0,path_vertex,,,2
5913,5617.0,2822.0,province_center,308,Cádiz,4
5914,5618.0,1776.0,sea_point,3541,Northwestern Passages,2
5915,5619.0,1459.0,sea_point,3700,Atlantic Ocean,4
5916,5619.0,2301.0,province_center,299,Lugo,3
5917,5619.03,3814.82,path_vertex,,,2
5918,5621.76,3888.06,path_vertex,,,2
5919,5622.0,3663.0,province_center,1902,Tichit,5
5920,5622.400000000001,3546.09,path_vertex,,,2
5921,5624.0,2994.0,province_center,1618,Rabat,4
5922,5624.5,2737.5,path_vertex,,,2
5923,5624.91,4135.17,path_vertex,,,2
5924,5625.76,3514.16,path_vertex,,,2
5925,5626.0,3867.0,province_center,1936,Kita,7
5926,5626.56,3672.78,path_vertex,,,2
5927,5628.0,456.0,sea_point,4832,sea,4
5928,5630.0,1605.0,province_center,193,Galway,4
5929,5631.0,686.0,sea_point,6230,Norwegian Sea,6
5930,5631.0,2866.0,sea_point,3483,Strait of Gibraltar,5
5931,5631.38,4101.87,path_vertex,,,2
5932,5631.83,2509.25,path_vertex,,,2
5933,5632.16,2935.2200000000003,path_vertex,,,2
5934,5633.1,2876.0,path_vertex,,,2
5935,5635.38,1625.07,path_vertex,,,2
5936,5635.46,3302.0,path_vertex,,,2
5937,5636.0,2899.0,province_center,1614,Tangier,5
5938,5636.0,4202.0,sea_point,3458,Atlantic Ocean,5
5939,5636.5,2762.5,path_vertex,,,2
5940,5636.89,3873.98,path_vertex,,,2
5941,5637.0,4162.0,path_vertex,,,2
5942,5638.0,2613.0,province_center,309,Cáceres,6
5943,5639.0,1950.0,sea_point,5673,Atlantic Ocean,7
5944,5639.03,3745.07,path_vertex,,,2
5945,5640.29,2720.32,path_vertex,,,2
5946,5642.0,3417.0,province_center,1919,Fort Trinquet,6
5947,5643.0,2743.0,province_center,296,Sevilla,4
5948,5644.6,1554.15,path_vertex,,,2
5949,5647.0,4659.0,sea_point,8144,Atlantic Ocean,5
5950,5647.0,4929.0,sea_point,6703,Atlantic Ocean,7
5951,5648.5,4187.5,path_vertex,,,2
5952,5650.17,3859.04,path_vertex,,,2
5953,5650.41,2578.81,path_vertex,,,2
5954,5651.39,3805.77,path_vertex,,,2
5955,5651.59,2755.35,path_vertex,,,2
5956,5652.89,2470.88,path_vertex,,,2
5957,5654.900000000001,2817.2400000000002,path_vertex,,,2
5958,5655.0,1714.0,province_center,190,Cork,4
5959,5655.0,3738.0,province_center,1925,Néma,6
5960,5655.0,4539.0,sea_point,6684,Atlantic Ocean,6
5961,5658.0,3888.0,province_center,1931,Bamako,3
5962,5658.0,4002.0,province_center,1893,Kankan,3
5963,5660.0,1190.0,sea_point,3674,Atlantic Ocean,5
5964,5660.29,2731.63,path_vertex,,,2
5965,5660.68,1597.63,path_vertex,,,2
5966,5661.0,4169.0,province_center,1864,Buchanan,5
5967,5662.0,842.0,sea_point,5398,Norwegian Sea,6
5968,5662.0,5085.0,sea_point,6437,Atlantic Ocean,6
5969,5662.26,4142.86,path_vertex,,,2
5970,5662.35,4080.32,path_vertex,,,2
5971,5662.7,3082.25,path_vertex,,,2
5972,5663.0,4101.0,province_center,1861,Loma,5
5973,5664.78,3055.18,path_vertex,,,2
5974,5667.650000000001,2674.01,path_vertex,,,2
5975,5668.7300000000005,3913.65,path_vertex,,,2
5976,5670.0,5694.0,sea_point,7406,Atlantic Ocean,6
5977,5670.400000000001,2446.2000000000003,path_vertex,,,2
5978,5671.0,3867.0,path_vertex,,,2
5979,5676.31,1627.45,path_vertex,,,2
5980,5678.0,3940.0,province_center,1932,Bougouni,6
5981,5679.25,3114.4900000000002,path_vertex,,,2
5982,5680.0,1500.0,path_vertex,,,2
5983,5680.01,4190.9800000000005,path_vertex,,,2
5984,5680.900000000001,3453.87,path_vertex,,,2
5985,5683.0,2887.0,sea_point,3484,Alboran Sea,4
5986,5683.11,3013.41,path_vertex,,,2
5987,5684.0,1591.0,province_center,71,Athlone,5
5988,5684.0,2249.0,sea_point,3616,Bay of Biscay,4
5989,5684.0,3076.0,province_center,1617,Marrakech,3
5990,5684.0,3846.0,province_center,1937,Banamba,8
5991,5684.900000000001,1727.92,path_vertex,,,2
5992,5687.0,2514.0,province_center,316,Salamanca,6
5993,5688.0,2107.0,sea_point,5697,Bay of Biscay,7
5994,5688.0,3277.0,province_center,1952,Bir Lehlu,5
5995,5688.62,3770.48,path_vertex,,,2
5996,5689.0,2812.0,province_center,307,Malaga,5
5997,5689.150000000001,2596.52,path_vertex,,,2
5998,5690.9800000000005,1697.6000000000001,path_vertex,,,2
5999,5691.87,2945.52,path_vertex,,,2
6000,5693.66,2417.38,path_vertex,,,2
6001,5694.0,2736.33,path_vertex,,,2
6002,5694.0,4258.0,sea_point,3457,Atlantic Ocean,5
6003,5694.0,4399.0,sea_point,5998,Atlantic Ocean,7
6004,5694.0,5428.0,sea_point,6948,Atlantic Ocean,6
6005,5694.34,2500.18,path_vertex,,,2
6006,5695.0,2711.0,province_center,311,Córdoba,7
6007,5695.0,3058.0,path_vertex,,,2
6008,5695.08,2829.92,path_vertex,,,2
6009,5695.88,3389.81,path_vertex,,,2
6010,5697.0,2838.0,sea_point,3602,Alboran Sea,4
6011,5698.79,3896.55,path_vertex,,,2
6012,5699.4400000000005,4072.56,path_vertex,,,2
6013,5701.150000000001,3593.2000000000003,path_vertex,,,3
6014,5701.4400000000005,4234.38,path_vertex,,,2
6015,5701.6,3086.8,path_vertex,,,2
6016,5702.7,3138.1800000000003,path_vertex,,,2
6017,5703.0,1076.0,sea_point,4639,Atlantic Ocean,5
6018,5705.0,4220.0,province_center,1863,Greenville,4
6019,5705.31,4009.02,path_vertex,,,2
6020,5707.02,3302.86,path_vertex,,,2
6021,5708.53,1630.1000000000001,path_vertex,,,2
6022,5709.0,3593.0,path_vertex,,,2
6023,5710.71,4125.74,path_vertex,,,2
6024,5711.0,1280.0,sea_point,3675,Atlantic Ocean,5
6025,5712.0,1343.0,sea_point,3676,Atlantic Ocean,3
6026,5713.5,2350.4,path_vertex,,,3
6027,5714.0,2458.0,province_center,319,Zamora,6
6028,5714.0,3760.77,path_vertex,,,2
6029,5715.0,1129.0,sea_point,3447,Northwestern Passages,2
6030,5715.0,3023.0,province_center,1615,Fèz,6
6031,5715.8,2367.7000000000003,path_vertex,,,2
6032,5716.0,1758.0,sea_point,3690,Irish Sea,5
6033,5718.0,3490.0,province_center,1918,Tanezroft Tutrimt,6
6034,5720.0,1418.0,sea_point,3677,Irish Sea,4
6035,5720.49,2654.14,path_vertex,,,2
6036,5720.54,3575.73,path_vertex,,,2
6037,5720.56,3174.33,path_vertex,,,2
6038,5722.45,3224.23,path_vertex,,,2
6039,5722.89,2543.31,path_vertex,,,2
6040,5724.0,1210.0,sea_point,3673,Atlantic Ocean,3
6041,5725.0,4742.0,sea_point,6918,Atlantic Ocean,6
6042,5725.0,5553.0,sea_point,7151,Atlantic Ocean,6
6043,5726.25,4145.49,path_vertex,,,2
6044,5726.91,4170.28,path_vertex,,,2
6045,5729.46,3813.65,path_vertex,,,2
6046,5729.51,1537.68,path_vertex,,,2
6047,5730.400000000001,3893.61,path_vertex,,,2
6048,5733.0,1871.0,sea_point,3705,Irish Sea,7
6049,5733.0,5288.0,sea_point,6446,Atlantic Ocean,6
6050,5735.27,3512.58,path_vertex,,,2
6051,5735.45,3933.6600000000003,path_vertex,,,2
6052,5735.93,3858.16,path_vertex,,,2
6053,5736.0,1675.0,province_center,192,Waterford,4
6054,5736.27,3419.42,path_vertex,,,2
6055,5736.41,2719.86,path_vertex,,,2
6056,5737.89,3059.3,path_vertex,,,2
6057,5739.0,4140.0,province_center,1873,Logouale,9
6058,5739.81,1591.14,path_vertex,,,2
6059,5740.0,4013.0,province_center,1871,Odienne,4
6060,5740.150000000001,4075.88,path_vertex,,,2
6061,5740.7300000000005,2788.03,path_vertex,,,2
6062,5744.21,2757.77,path_vertex,,,2
6063,5748.0,5832.0,sea_point,4895,sea,4
6064,5748.21,1690.55,path_vertex,,,2
6065,5750.0,3361.0,province_center,1905,Merijinat,5
6066,5750.0,3988.0,path_vertex,,,2
6067,5751.56,3644.28,path_vertex,,,2
6068,5753.59,2368.21,path_vertex,,,2
6069,5754.0,3862.0,province_center,1938,Segou,6
6070,5754.55,4169.72,path_vertex,,,2
6071,5755.3,2948.03,path_vertex,,,2
6072,5756.0,655.0,sea_point,6556,Norwegian Sea,4
6073,5756.0,967.0,sea_point,5420,Atlantic Ocean,7
6074,5756.0,4617.0,sea_point,6912,Atlantic Ocean,6
6075,5757.0,1706.0,sea_point,3688,Irish Sea,5
6076,5757.0,2571.0,province_center,317,Ávila,7
6077,5757.0,3542.0,province_center,1903,El Merayer,6
6078,5757.57,2476.9900000000002,path_vertex,,,2
6079,5758.9800000000005,1606.75,path_vertex,,,2
6080,5760.2,3822.96,path_vertex,,,2
6081,5760.93,4224.6,path_vertex,,,2
6082,5761.0,2267.0,sea_point,3617,Bay of Biscay,5
6083,5762.36,2493.03,path_vertex,,,2
6084,5762.58,3289.21,path_vertex,,,2
6085,5763.33,3551.61,path_vertex,,,2
6086,5764.0,1590.0,province_center,191,Dublin,3
6087,5764.0,2776.0,province_center,313,Granada,5
6088,5764.1900000000005,2645.88,path_vertex,,,2
6089,5764.75,2403.12,path_vertex,,,2
6090,5765.0,1918.0,sea_point,3706,English Channel,5
6091,5765.0,3786.0,province_center,1944,Sokolo,5
6092,5765.8,3890.96,path_vertex,,,2
6093,5769.0,1489.0,province_center,194,Belfast,4
6094,5769.31,2744.44,path_vertex,,,2
6095,5769.57,1277.47,path_vertex,,,2
6096,5770.0,3244.0,province_center,1587,Tinduf,7
6097,5770.33,2314.66,path_vertex,,,2
6098,5771.37,2581.9700000000003,path_vertex,,,2
6099,5772.0,2727.0,province_center,315,Jaén,5
6100,5772.16,2520.12,path_vertex,,,2
6101,5774.0,2856.0,sea_point,3601,Alboran Sea,6
6102,5774.17,3013.69,path_vertex,,,2
6103,5776.32,1585.24,path_vertex,,,2
6104,5776.74,3156.14,path_vertex,,,2
6105,5777.0,1171.0,sea_point,3671,Atlantic Ocean,2
6106,5777.0,4265.0,sea_point,3456,Gulf of Guinea,5
6107,5779.0,3124.0,province_center,1620,Taouz,7
6108,5779.26,2832.54,path_vertex,,,2
6109,5779.63,3697.7000000000003,path_vertex,,,2
6110,5780.0,3927.0,province_center,1939,Koutiala,5
6111,5780.900000000001,4242.0,path_vertex,,,2
6112,5781.0,1777.0,sea_point,3701,Irish Sea,6
6113,5781.0,2487.0,province_center,318,Valladolid,8
6114,5781.13,3459.64,path_vertex,,,2
6115,5782.54,1464.15,path_vertex,,,2
6116,5783.0,2382.0,province_center,301,León,6
6117,5783.0,4226.0,province_center,1875,Tabou,4
6118,5787.0,811.0,sea_point,6232,Norwegian Sea,7
6119,5787.0,1739.0,sea_point,3526,Northwestern Passages,2
6120,5787.0,4867.0,sea_point,6423,Atlantic Ocean,5
6121,5787.0,5023.0,sea_point,6063,Atlantic Ocean,7
6122,5792.0,1580.0,sea_point,3683,Irish Sea,5
6123,5793.150000000001,3398.13,path_vertex,,,2
6124,5794.0,1119.0,sea_point,3670,The Minch,5
6125,5794.0,3602.0,province_center,1946,El Djouf,7
6126,5795.0,4477.0,sea_point,6401,Atlantic Ocean,5
6127,5795.0,5163.0,sea_point,6073,Atlantic Ocean,6
6128,5795.0,5662.0,sea_point,7405,Atlantic Ocean,5
6129,5796.0,1437.0,sea_point,3678,Irish Sea,4
6130,5796.0,1827.0,sea_point,3704,Irish Sea,3
6131,5796.56,2655.71,path_vertex,,,2
6132,5796.650000000001,2566.37,path_vertex,,,2
6133,5798.0,2152.0,sea_point,8149,Bay of Biscay,5
6134,5799.0,1506.06,path_vertex,,,2
6135,5799.08,4072.0,path_vertex,,,2
6136,5801.03,4014.85,path_vertex,,,2
6137,5801.38,2433.06,path_vertex,,,2
6138,5802.4800000000005,3478.7200000000003,path_vertex,,,2
6139,5807.88,4101.1,path_vertex,,,2
6140,5808.0,1511.0,sea_point,3680,Irish Sea,4
6141,5809.0,1716.0,sea_point,3689,Irish Sea,3
6142,5810.81,2543.04,path_vertex,,,2
6143,5811.0,2611.0,province_center,314,Toledo,5
6144,5811.18,4131.29,path_vertex,,,2
6145,5812.0,1650.0,sea_point,3687,Irish Sea,5
6146,5814.0,1979.0,sea_point,3629,Bay of Biscay,5
6147,5814.0,3901.75,path_vertex,,,2
6148,5814.3,3878.05,path_vertex,,,2
6149,5816.2,3809.0,path_vertex,,,3
6150,5818.04,2580.43,path_vertex,,,2
6151,5818.61,3752.64,path_vertex,,,2
6152,5822.0,2564.0,province_center,294,Madrid,4
6153,5823.2,3131.4,path_vertex,,,2
6154,5823.35,1282.45,path_vertex,,,2
6155,5826.0,5382.0,sea_point,6724,Atlantic Ocean,5
6156,5827.0,4089.0,province_center,1874,Mankono,4
6157,5828.09,1410.6100000000001,path_vertex,,,2
6158,5830.9800000000005,4111.78,path_vertex,,,2
6159,5831.36,4221.46,path_vertex,,,2
6160,5832.58,3711.63,path_vertex,,,2
6161,5832.92,1252.81,path_vertex,,,2
6162,5833.55,3504.1,path_vertex,,,2
6163,5833.78,3771.81,path_vertex,,,2
6164,5834.0,3433.0,province_center,1904,Tagoujalet,6
6165,5835.61,3837.17,path_vertex,,,2
6166,5836.14,4063.19,path_vertex,,,2
6167,5836.83,1654.9,path_vertex,,,2
6168,5836.84,2734.96,path_vertex,,,2
6169,5837.0,4148.95,path_vertex,,,3
6170,5837.24,2763.85,path_vertex,,,2
6171,5840.0,1268.0,province_center,241,Inverness,5
6172,5840.0,3885.0,province_center,1934,San,3
6173,5840.03,3042.4,path_vertex,,,2
6174,5842.78,2577.92,path_vertex,,,2
6175,5843.0,1397.0,province_center,238,Glasgow,5
6176,5843.150000000001,1378.79,path_vertex,,,2
6177,5844.0,2921.0,sea_point,3487,Alboran Sea,5
6178,5844.0,3789.0,path_vertex,,,2
6179,5845.0,2851.0,sea_point,3553,Northwestern Passages,2
6180,5845.89,1254.73,path_vertex,,,2
6181,5846.0,1638.0,sea_point,3550,Northwestern Passages,2
6182,5848.0,1147.0,province_center,242,Thurso,2
6183,5848.0,4015.0,province_center,1872,Korhogo,6
6184,5849.43,1131.03,path_vertex,,,2
6185,5849.71,3606.46,path_vertex,,,2
6186,5850.0,1900.0,sea_point,3633,English Channel,5
6187,5850.18,2608.91,path_vertex,,,2
6188,5850.58,2541.62,path_vertex,,,2
6189,5851.0,1108.0,sea_point,3669,Pentland Firth,5
6190,5851.0,1931.0,sea_point,3630,English Channel,5
6191,5851.3,3716.05,path_vertex,,,2
6192,5851.56,3342.83,path_vertex,,,2
6193,5851.87,4088.96,path_vertex,,,2
6194,5852.74,1879.0,path_vertex,,,2
6195,5853.0,1870.0,province_center,225,Plymouth,3
6196,5853.0,4219.0,province_center,1876,Sassandra,5
6197,5853.83,2944.83,path_vertex,,,2
6198,5854.14,2674.35,path_vertex,,,2
6199,5856.85,2356.09,path_vertex,,,2
6200,5857.0,5506.0,sea_point,6951,Atlantic Ocean,7
6201,5858.0,1791.0,sea_point,3703,Irish Sea,5
6202,5858.22,3541.83,path_vertex,,,2
6203,5859.0,3779.0,province_center,1945,Mopti,3
6204,5859.13,1950.89,path_vertex,,,2
6205,5860.0,2210.0,sea_point,8148,Bay of Biscay,9
6206,5862.6900000000005,3763.54,path_vertex,,,2
6207,5863.0,2052.0,sea_point,3627,Bay of Biscay,5
6208,5864.0,1853.0,path_vertex,,,2
6209,5864.95,3753.1,path_vertex,,,3
6210,5865.24,3451.81,path_vertex,,,2
6211,5867.0,1971.0,province_center,271,Brest,2
6212,5867.0,2310.0,sea_point,3620,Bay of Biscay,3
6213,5870.0,1511.0,sea_point,3681,Irish Sea,5
6214,5870.34,3975.7200000000003,path_vertex,,,2
6215,5871.1900000000005,1863.96,path_vertex,,,2
6216,5871.99,1379.0,path_vertex,,,2
6217,5872.0,2351.0,province_center,297,Bilbao,3
6218,5873.34,1805.07,path_vertex,,,2
6219,5874.0,2996.0,province_center,1619,Oujda,7
6220,5875.36,3790.52,path_vertex,,,2
6221,5876.0,1221.0,sea_point,3667,Moray Firth,2
6222,5876.0,1606.0,sea_point,3685,Irish Sea,5
6223,5879.2,2669.7400000000002,path_vertex,,,2
6224,5879.97,3165.42,path_vertex,,,2
6225,5880.87,4131.09,path_vertex,,,2
6226,5880.89,3843.92,path_vertex,,,2
6227,5881.0,4742.0,sea_point,6692,Atlantic Ocean,7
6228,5881.27,2429.77,path_vertex,,,2
6229,5881.66,2393.02,path_vertex,,,2
6230,5883.0,2606.0,province_center,306,Cuenca,6
6231,5884.55,1780.83,path_vertex,,,2
6232,5889.0,982.0,sea_point,5426,Norwegian Sea,6
6233,5889.0,3934.0,province_center,1870,Bobo-Dioulasso,3
6234,5889.0,5257.0,sea_point,6083,Atlantic Ocean,6
6235,5890.0,1821.0,province_center,223,Taunton,3
6236,5890.0,2364.0,path_vertex,,,2
6237,5892.02,1390.72,path_vertex,,,2
6238,5892.02,2345.69,path_vertex,,,2
6239,5892.7,4175.75,path_vertex,,,2
6240,5894.0,4052.85,path_vertex,,,2
6241,5895.74,3086.0,path_vertex,,,2
6242,5896.0,2878.0,sea_point,8302,Alboran Sea,5
6243,5896.0,4368.0,sea_point,5996,Gulf of Guinea,7
6244,5896.0,4555.0,sea_point,6685,Atlantic Ocean,6
6245,5899.74,2497.7400000000002,path_vertex,,,2
6246,5900.45,3991.62,path_vertex,,,2
6247,5902.63,3372.08,path_vertex,,,2
6248,5902.7,4213.9,path_vertex,,,2
6249,5903.24,1486.1000000000001,path_vertex,,,2
6250,5904.0,639.0,sea_point,6806,Norwegian Sea,5
6251,5904.0,2822.0,sea_point,3598,Algerian Basin,4
6252,5905.0,1667.0,province_center,233,Shrewsbury,4
6253,5906.34,1696.0900000000001,path_vertex,,,2
6254,5907.0,1561.0,sea_point,3682,Irish Sea,4
6255,5907.0,2751.0,province_center,295,Murcia,6
6256,5908.0,4158.0,province_center,1877,Dimbokro,5
6257,5908.96,3288.09,path_vertex,,,2
6258,5909.0,1768.0,province_center,231,Cardiff,4
6259,5909.0,3144.0,province_center,1590,Béchar,6
6260,5909.0,3814.0,province_center,1933,Djenné,6
6261,5909.21,1453.68,path_vertex,,,2
6262,5911.0,1388.0,province_center,90,Edinburgh,2
6263,5912.31,2990.07,path_vertex,,,2
6264,5913.0,1800.0,sea_point,3521,Northwestern Passages,2
6265,5914.9400000000005,1613.1200000000001,path_vertex,,,2
6266,5915.6,4186.8,path_vertex,,,2
6267,5916.0,5784.0,sea_point,4882,sea,6
6268,5916.41,3762.8,path_vertex,,,2
6269,5918.0,3484.0,province_center,1920,Taoudeni,7
6270,5918.79,1659.05,path_vertex,,,2
6271,5919.0,4238.0,sea_point,3454,Gulf of Guinea,4
6272,5919.1,1824.08,path_vertex,,,2
6273,5920.0,4945.0,sea_point,6057,Atlantic Ocean,6
6274,5920.0,5105.0,sea_point,4998,Atlantic Ocean,7
6275,5920.81,1591.56,path_vertex,,,2
6276,5921.7300000000005,3563.86,path_vertex,,,2
6277,5921.89,4223.04,path_vertex,,,2
6278,5922.0,2336.0,sea_point,3622,Bay of Biscay,5
6279,5922.97,1377.93,path_vertex,,,2
6280,5923.0,3612.0,province_center,1924,Araouan,5
6281,5923.0,4212.0,province_center,1868,Abidjan,4
6282,5924.54,2344.91,path_vertex,,,2
6283,5924.61,1671.97,path_vertex,,,2
6284,5925.0,1113.0,sea_point,3476,Northwestern Passages,2
6285,5925.76,3662.2000000000003,path_vertex,,,2
6286,5926.0,2910.0,sea_point,3488,Algerian Basin,5
6287,5926.0,3682.0,province_center,1943,Niafounke,7
6288,5927.0,5018.0,sea_point,8748,Atlantic Ocean,4
6289,5927.28,3960.12,path_vertex,,,2
6290,5927.85,2659.75,path_vertex,,,2
6291,5928.0,1470.0,province_center,236,Carlisle,5
6292,5928.0,5616.0,sea_point,7287,Atlantic Ocean,5
6293,5928.09,1275.89,path_vertex,,,2
6294,5928.13,4115.09,path_vertex,,,2
6295,5928.7,3828.75,path_vertex,,,2
6296,5929.71,5103.47,path_vertex,,,2
6297,5931.0,1615.0,province_center,232,Liverpool,7
6298,5931.17,1737.26,path_vertex,,,2
6299,5932.0,1777.0,sea_point,3523,Northwestern Passages,2
6300,5932.0,2078.0,sea_point,3626,Bay of Biscay,4
6301,5932.55,1627.6000000000001,path_vertex,,,2
6302,5933.34,1549.26,path_vertex,,,2
6303,5933.49,3045.42,path_vertex,,,2
6304,5933.7300000000005,2749.91,path_vertex,,,2
6305,5934.42,3916.96,path_vertex,,,2
6306,5935.0,795.0,sea_point,6557,Norwegian Sea,5
6307,5935.0,2398.0,province_center,302,Pamplona,8
6308,5935.1900000000005,2927.19,path_vertex,,,2
6309,5935.58,1776.8400000000001,path_vertex,,,2
6310,5937.0,5078.0,sea_point,4996,Atlantic Ocean,4
6311,5937.5,2695.55,path_vertex,,,2
6312,5937.56,1756.92,path_vertex,,,2
6313,5938.0,1180.0,sea_point,3666,Moray Firth,5
6314,5938.71,5092.82,path_vertex,,,2
6315,5939.0,4089.0,province_center,1880,Bondoukou,7
6316,5939.0,5102.0,province_center,3260,Jamestown,3
6317,5939.42,4213.12,path_vertex,,,2
6318,5940.0,5120.0,sea_point,4755,Atlantic Ocean,2
6319,5940.7,1610.26,path_vertex,,,2
6320,5941.0,1362.0,sea_point,3662,North Sea,3
6321,5941.7300000000005,4037.0,path_vertex,,,2
6322,5942.0,1127.0,sea_point,3668,North Sea,3
6323,5942.49,1634.82,path_vertex,,,2
6324,5942.92,2553.79,path_vertex,,,2
6325,5944.0,3971.0,province_center,1892,Gaoua,6
6326,5944.25,1762.15,path_vertex,,,2
6327,5944.97,1532.16,path_vertex,,,2
6328,5945.0,2681.0,province_center,305,Valencia,4
6329,5945.9800000000005,3396.94,path_vertex,,,2
6330,5948.0,1623.0,path_vertex,,,2
6331,5948.74,2360.12,path_vertex,,,2
6332,5948.8,1545.05,path_vertex,,,3
6333,5949.1900000000005,2656.96,path_vertex,,,2
6334,5949.96,3250.7000000000003,path_vertex,,,2
6335,5950.0,2280.0,sea_point,3623,Bay of Biscay,4
6336,5950.89,1217.45,path_vertex,,,2
6337,5952.04,1568.26,path_vertex,,,2
6338,5953.18,5104.29,path_vertex,,,2
6339,5954.0,1776.0,province_center,224,Bristol,5
6340,5954.58,4187.99,path_vertex,,,2
6341,5955.0,1604.0,province_center,10,Manchester,3
6342,5956.63,2306.9700000000003,path_vertex,,,2
6343,5957.0,4247.0,sea_point,3453,Gulf of Guinea,3
6344,5957.77,3663.85,path_vertex,,,2
6345,5957.9800000000005,1792.18,path_vertex,,,2
6346,5959.0,1278.0,province_center,239,Aberdeen,4
6347,5959.0,2137.0,sea_point,3625,Bay of Biscay,4
6348,5959.0,5397.0,sea_point,6725,Atlantic Ocean,6
6349,5959.07,1745.83,path_vertex,,,2
6350,5959.6,2680.2200000000003,path_vertex,,,2
6351,5960.04,2072.62,path_vertex,,,2
6352,5960.06,4063.9300000000003,path_vertex,,,2
6353,5961.0,2325.0,province_center,278,Bayonne,4
6354,5962.03,2479.54,path_vertex,,,2
6355,5963.0,1874.0,sea_point,3634,English Channel,4
6356,5963.36,1493.38,path_vertex,,,2
6357,5965.0,2982.0,province_center,1583,Tlemcen,5
6358,5966.02,1858.26,path_vertex,,,2
6359,5966.89,3718.11,path_vertex,,,2
6360,5968.8,3109.94,path_vertex,,,2
6361,5969.0,5101.0,sea_point,4997,Atlantic Ocean,5
6362,5970.0,1681.0,province_center,230,Birmingham,7
6363,5970.0,1827.0,province_center,94,Salisbury,5
6364,5970.49,3930.39,path_vertex,,,2
6365,5970.79,1789.75,path_vertex,,,2
6366,5971.650000000001,1291.9,path_vertex,,,2
6367,5973.0,3308.0,province_center,1591,Reggane,6
6368,5975.0,2215.0,sea_point,3624,Bay of Biscay,4
6369,5976.0,2523.0,province_center,303,Zaragoza,7
6370,5976.5,1610.5,path_vertex,,,2
6371,5977.12,1590.8500000000001,path_vertex,,,2
6372,5977.79,3170.84,path_vertex,,,2
6373,5978.0,1940.0,sea_point,3632,English Channel,4
6374,5978.0,3763.66,path_vertex,,,2
6375,5981.0,2678.0,sea_point,3596,Balearic Sea,4
6376,5981.0,2834.0,sea_point,3474,Algerian Basin,7
6377,5981.0,4136.84,path_vertex,,,2
6378,5985.0,1307.0,sea_point,3663,North Sea,5
6379,5985.0,2746.0,sea_point,3597,Balearic Sea,6
6380,5987.0,1890.0,sea_point,3507,Northwestern Passages,2
6381,5987.7300000000005,4093.78,path_vertex,,,2
6382,5990.0,2912.0,sea_point,3489,Algerian Basin,4
6383,5990.35,2226.04,path_vertex,,,2
6384,5991.27,1408.23,path_vertex,,,2
6385,5991.51,1656.7,path_vertex,,,2
6386,5992.35,2950.68,path_vertex,,,2
6387,5993.0,3894.0,province_center,1869,Koudougou,6
6388,5993.97,3038.46,path_vertex,,,2
6389,5994.0,2065.0,province_center,275,Nantes,2
6390,5994.3,2280.85,path_vertex,,,2
6391,5995.41,2455.06,path_vertex,,,2
6392,5997.0,2083.0,path_vertex,,,2
6393,5997.0,4215.0,province_center,1878,Prestea,6
6394,5997.25,3274.0,path_vertex,,,2
6395,5997.59,1830.52,path_vertex,,,2
6396,5998.0,4446.0,sea_point,6394,Gulf of Guinea,6
6397,5998.0,4633.0,sea_point,6914,Atlantic Ocean,7
6398,5999.09,3988.3,path_vertex,,,2
6399,6000.0,1398.0,sea_point,3661,North Sea,6
6400,6000.0,2926.41,path_vertex,,,2
6401,6000.0,3747.0,province_center,1942,Bandiagara,5
6402,6001.27,3601.46,path_vertex,,,2
6403,6002.38,1761.07,path_vertex,,,2
6404,6003.01,3555.27,path_vertex,,,2
6405,6004.14,2261.7000000000003,path_vertex,,,2
6406,6005.35,2158.98,path_vertex,,,2
6407,6005.45,3342.53,path_vertex,,,2
6408,6006.0,2935.0,province_center,1566,Oran,4
6409,6008.82,4169.0,path_vertex,,,2
6410,6012.0,3500.4,path_vertex,,,2
6411,6013.0,4820.0,sea_point,6418,Atlantic Ocean,6
6412,6014.0,2242.0,province_center,268,Bordeaux,4
6413,6014.43,2397.01,path_vertex,,,2
6414,6015.0,1875.0,sea_point,3636,English Channel,5
6415,6015.6900000000005,2349.4500000000003,path_vertex,,,2
6416,6016.0,3992.0,province_center,1891,Wa,5
6417,6017.0,1218.0,sea_point,3664,North Sea,4
6418,6017.0,1581.0,province_center,235,Leeds,5
6419,6017.0,3081.0,province_center,1582,Benoud,7
6420,6017.2,4245.64,path_vertex,,,2
6421,6017.41,3890.03,path_vertex,,,2
6422,6017.99,3954.9900000000002,path_vertex,,,2
6423,6018.37,2514.89,path_vertex,,,2
6424,6018.96,2952.89,path_vertex,,,2
6425,6019.0,2165.0,province_center,276,La Rochelle,7
6426,6019.2,1609.05,path_vertex,,,2
6427,6019.37,3911.0,path_vertex,,,2
6428,6020.0,1623.0,province_center,234,Sheffield,7
6429,6021.0,4252.0,sea_point,3452,Gulf of Guinea,3
6430,6021.0,5272.0,sea_point,6444,Atlantic Ocean,6
6431,6021.38,3437.73,path_vertex,,,2
6432,6021.95,4051.82,path_vertex,,,2
6433,6022.64,3103.44,path_vertex,,,2
6434,6024.12,2989.84,path_vertex,,,2
6435,6026.0,4096.0,province_center,1879,Ashanti,7
6436,6026.84,2931.12,path_vertex,,,2
6437,6027.0,1854.0,sea_point,3485,Northwestern Passages,2
6438,6027.67,1840.0,path_vertex,,,2
6439,6028.0,1569.54,path_vertex,,,2
6440,6028.0,1833.0,province_center,226,Portsmouth,8
6441,6028.0,2228.0,path_vertex,,,2
6442,6029.0,608.0,sea_point,7012,Norwegian Sea,3
6443,6029.0,920.0,sea_point,6233,Norwegian Sea,5
6444,6029.0,5506.0,sea_point,7146,Atlantic Ocean,6
6445,6030.0,3855.0,path_vertex,,,2
6446,6030.53,2001.15,path_vertex,,,2
6447,6030.7,2213.9,path_vertex,,,2
6448,6032.91,3681.37,path_vertex,,,2
6449,6034.1900000000005,3036.81,path_vertex,,,2
6450,6035.77,2592.15,path_vertex,,,2
6451,6035.99,1700.41,path_vertex,,,2
6452,6037.66,3972.62,path_vertex,,,2
6453,6038.0,1470.0,sea_point,3660,North Sea,3
6454,6038.0,2070.0,path_vertex,,,2
6455,6041.0,2251.5,path_vertex,,,2
6456,6041.0,2600.0,sea_point,3595,Balearic Sea,5
6457,6041.0,3196.0,province_center,1581,Aougrout,6
6458,6042.86,4166.16,path_vertex,,,2
6459,6043.0,3885.0,province_center,1865,Ouagadougou,4
6460,6045.0,4976.0,sea_point,6060,Atlantic Ocean,7
6461,6046.0,1548.0,province_center,237,York,4
6462,6047.61,4127.51,path_vertex,,,2
6463,6049.17,1847.83,path_vertex,,,2
6464,6050.0,2993.0,province_center,1595,Saida,6
6465,6050.150000000001,3903.77,path_vertex,,,2
6466,6051.0,2507.0,province_center,304,Lleida,6
6467,6051.0,2670.0,sea_point,5813,Balearic Sea,6
6468,6051.5,1615.9,path_vertex,,,2
6469,6053.12,3863.42,path_vertex,,,2
6470,6055.71,1771.02,path_vertex,,,2
6471,6056.7,1646.45,path_vertex,,,3
6472,6057.25,2413.23,path_vertex,,,2
6473,6058.0,4103.21,path_vertex,,,2
6474,6058.2,4203.01,path_vertex,,,2
6475,6059.0,2257.0,path_vertex,,,3
6476,6059.0,2369.0,province_center,279,Tarbes,6
6477,6060.0,764.0,sea_point,6808,Norwegian Sea,7
6478,6060.0,1076.0,sea_point,5450,North Sea,8
6479,6060.0,1911.0,sea_point,3637,English Channel,4
6480,6060.0,3844.0,path_vertex,,,3
6481,6060.0,5631.0,sea_point,7289,Atlantic Ocean,5
6482,6060.75,1597.4,path_vertex,,,2
6483,6061.0,4147.0,province_center,1867,Kumasi,4
6484,6061.74,3309.66,path_vertex,,,2
6485,6061.92,1663.73,path_vertex,,,2
6486,6062.53,2243.0,path_vertex,,,2
6487,6063.12,1929.1000000000001,path_vertex,,,2
6488,6063.76,3889.94,path_vertex,,,2
6489,6064.86,4070.28,path_vertex,,,2
6490,6066.0,3510.0,province_center,1947,Tanezrouft,7
6491,6066.37,2155.33,path_vertex,,,2
6492,6066.4800000000005,4021.36,path_vertex,,,2
6493,6069.0,3943.0,province_center,1886,Navrongo,8
6494,6069.18,2947.79,path_vertex,,,2
6495,6069.41,1795.07,path_vertex,,,2
6496,6069.87,3459.61,path_vertex,,,2
6497,6072.0,3414.0,province_center,1586,Bordj Le Prieur,7
6498,6072.24,1659.04,path_vertex,,,2
6499,6073.95,3572.4700000000003,path_vertex,,,2
6500,6074.0,2009.0,province_center,288,Le Mans,5
6501,6074.0,2775.0,sea_point,3534,Balearic Sea,7
6502,6074.150000000001,3737.07,path_vertex,,,2
6503,6075.0,1866.0,sea_point,3638,English Channel,6
6504,6075.21,4162.32,path_vertex,,,2
6505,6075.37,1825.49,path_vertex,,,2
6506,6076.0,3591.0,province_center,1923,Mabrouk,5
6507,6077.0,2870.0,sea_point,3490,Algerian Basin,6
6508,6078.0,2887.0,path_vertex,,,2
6509,6078.0,4732.0,sea_point,8145,Atlantic Ocean,4
6510,6078.22,1548.17,path_vertex,,,2
6511,6078.25,3926.52,path_vertex,,,2
6512,6080.0,4136.0,path_vertex,,,2
6513,6080.86,3056.2400000000002,path_vertex,,,2
6514,6081.0,2918.0,province_center,1584,Orléansville,5
6515,6082.650000000001,3678.27,path_vertex,,,2
6516,6084.900000000001,1759.3,path_vertex,,,2
6517,6085.0,1779.0,province_center,60,London,5
6518,6085.0,3734.0,province_center,1940,Homobori,4
6519,6086.63,3994.63,path_vertex,,,2
6520,6087.0,1717.0,province_center,229,Cambridge,5
6521,6087.34,1848.7,path_vertex,,,2
6522,6091.0,5382.0,sea_point,6945,Atlantic Ocean,6
6523,6093.68,2536.2400000000002,path_vertex,,,2
6524,6094.650000000001,2306.32,path_vertex,,,2
6525,6094.86,1798.48,path_vertex,,,2
6526,6094.93,3233.26,path_vertex,,,2
6527,6095.0,3894.0,province_center,1890,Tenkodogo,4
6528,6096.0,5124.0,sea_point,6074,Atlantic Ocean,6
6529,6096.29,3177.82,path_vertex,,,2
6530,6096.51,3647.6800000000003,path_vertex,,,2
6531,6097.0,3682.0,path_vertex,,,2
6532,6098.0,1547.0,sea_point,3659,North Sea,5
6533,6098.31,1768.27,path_vertex,,,2
6534,6098.55,2527.62,path_vertex,,,2
6535,6099.0,4524.0,sea_point,6680,Atlantic Ocean,5
6536,6100.18,3021.82,path_vertex,,,2
6537,6101.0,4193.0,province_center,1881,Accra,5
6538,6102.86,3849.0,path_vertex,,,2
6539,6103.0,3660.0,province_center,1941,Bamba,5
6540,6103.0,4043.0,province_center,1885,Tamale,6
6541,6103.24,1963.3400000000001,path_vertex,,,2
6542,6103.34,1628.8600000000001,path_vertex,,,2
6543,6103.51,2437.68,path_vertex,,,2
6544,6105.09,2981.92,path_vertex,,,2
6545,6105.28,4207.43,path_vertex,,,2
6546,6105.53,3105.15,path_vertex,,,2
6547,6105.84,1719.63,path_vertex,,,2
6548,6106.0,1820.0,province_center,227,Ashford,4
6549,6107.0,4352.0,sea_point,5994,Gulf of Guinea,6
6550,6108.0,3819.0,province_center,1866,Dori,3
6551,6108.0,4219.0,sea_point,3451,Gulf of Guinea,5
6552,6108.51,4067.58,path_vertex,,,2
6553,6109.77,2371.75,path_vertex,,,2
6554,6110.0,2665.0,sea_point,5059,Balearic Sea,4
6555,6110.84,4145.0,path_vertex,,,2
6556,6111.06,2015.74,path_vertex,,,2
6557,6112.0,2610.0,sea_point,8305,Balearic Sea,5
6558,6113.0,2199.46,path_vertex,,,2
6559,6115.0,2539.0,province_center,298,Barcelona,3
6560,6117.0,1786.0,path_vertex,,,2
6561,6118.0,4115.0,province_center,1883,Palime,6
6562,6118.25,3885.23,path_vertex,,,2
6563,6119.8,3645.4,path_vertex,,,2
6564,6125.7,3323.71,path_vertex,,,2
6565,6126.0,1630.0,sea_point,3658,North Sea,4
6566,6126.0,2141.0,province_center,289,Poitiers,4
6567,6127.0,3037.0,province_center,1596,Laghouat,7
6568,6127.21,2547.52,path_vertex,,,2
6569,6127.95,1836.55,path_vertex,,,2
6570,6128.360000000001,3849.55,path_vertex,,,2
6571,6130.0,1887.0,sea_point,3639,English Channel,5
6572,6130.0,3880.0,province_center,1889,Fada N' Gourma,5
6573,6130.56,2946.33,path_vertex,,,2
6574,6130.650000000001,1899.0,path_vertex,,,2
6575,6131.0,1918.0,province_center,272,Le Havre,6
6576,6131.0,3659.0,path_vertex,,,2
6577,6132.0,3604.0,path_vertex,,,2
6578,6134.0,2638.0,sea_point,5060,Balearic Sea,5
6579,6134.91,3514.04,path_vertex,,,2
6580,6136.24,3079.76,path_vertex,,,2
6581,6137.05,2650.0,path_vertex,,,2
6582,6137.18,2900.89,path_vertex,,,2
6583,6138.0,1263.0,sea_point,5539,North Sea,7
6584,6138.0,2690.0,sea_point,3557,Northwestern Passages,2
6585,6138.0,4851.0,sea_point,6698,Atlantic Ocean,7
6586,6139.0,1845.0,sea_point,3640,English Channel,4
6587,6140.0,2667.0,province_center,0,Las Palmas,2
6588,6140.16,3987.15,path_vertex,,,2
6589,6141.31,2191.5,path_vertex,,,2
6590,6142.57,3940.29,path_vertex,,,2
6591,6143.0,668.0,sea_point,8465,Norwegian Sea,5
6592,6143.0,2571.0,sea_point,3594,Balearic Sea,5
6593,6144.52,4179.21,path_vertex,,,2
6594,6144.57,4025.42,path_vertex,,,2
6595,6147.0,2211.0,province_center,290,Limoges,6
6596,6148.35,3936.4,path_vertex,,,3
6597,6150.0,1779.0,sea_point,3642,English Channel,4
6598,6150.0,2373.0,province_center,277,Toulouse,5
6599,6150.74,4154.4,path_vertex,,,2
6600,6151.63,1760.26,path_vertex,,,2
6601,6151.77,2997.93,path_vertex,,,2
6602,6152.0,1725.0,province_center,228,Ipswich,5
6603,6152.0,2811.0,sea_point,8312,Mediterranean Sea,5
6604,6152.0,3160.0,province_center,1589,El Menia,6
6605,6152.2,4053.83,path_vertex,,,2
6606,6153.45,3209.0,path_vertex,,,2
6607,6154.0,3274.0,province_center,1592,Ain Salah,6
6608,6154.0,5538.0,sea_point,7149,Atlantic Ocean,6
6609,6154.2300000000005,2324.0,path_vertex,,,2
6610,6156.45,3951.58,path_vertex,,,2
6611,6157.0,2891.0,province_center,1567,Algiers,4
6612,6158.35,3457.8,path_vertex,,,2
6613,6159.29,1981.98,path_vertex,,,2
6614,6159.85,2678.77,path_vertex,,,2
6615,6160.71,3782.69,path_vertex,,,2
6616,6162.0,1404.0,sea_point,5588,North Sea,7
6617,6162.0,5272.0,sea_point,6720,Atlantic Ocean,6
6618,6162.150000000001,2917.77,path_vertex,,,2
6619,6162.41,4097.04,path_vertex,,,2
6620,6164.64,3589.81,path_vertex,,,2
6621,6165.0,4173.0,province_center,1882,Lome,4
6622,6165.79,2883.34,path_vertex,,,2
6623,6167.24,2043.68,path_vertex,,,2
6624,6169.0,2638.0,sea_point,3573,Northwestern Passages,2
6625,6169.0,2968.0,province_center,1585,Djelfa,6
6626,6169.0,5038.0,sea_point,6434,Atlantic Ocean,6
6627,6171.12,4184.97,path_vertex,,,2
6628,6171.33,3689.39,path_vertex,,,2
6629,6173.14,2121.9900000000002,path_vertex,,,2
6630,6175.0,794.0,sea_point,8464,Norwegian Sea,4
6631,6175.76,1726.47,path_vertex,,,2
6632,6177.0,4199.0,sea_point,3450,Gulf of Guinea,3
6633,6178.0,4010.0,province_center,1888,Djougou,5
6634,6179.0,2028.0,province_center,280,Orléans,6
6635,6183.0,2692.0,sea_point,5062,Mediterranean Sea,8
6636,6183.360000000001,4163.4800000000005,path_vertex,,,2
6637,6183.46,2903.31,path_vertex,,,2
6638,6185.0,920.0,sea_point,6559,Norwegian Sea,7
6639,6185.0,2537.0,sea_point,3580,Northwestern Passages,2
6640,6185.0,4664.0,sea_point,6689,Atlantic Ocean,7
6641,6186.0,2869.0,sea_point,3492,Algerian Basin,6
6642,6186.360000000001,1884.3600000000001,path_vertex,,,2
6643,6186.650000000001,2501.37,path_vertex,,,2
6644,6189.3,4023.39,path_vertex,,,2
6645,6193.0,1727.0,sea_point,3645,English Channel,6
6646,6193.0,5678.0,sea_point,7154,Atlantic Ocean,5
6647,6193.2,1969.4,path_vertex,,,2
6648,6193.63,2887.0,path_vertex,,,2
6649,6193.75,2170.26,path_vertex,,,2
6650,6195.66,3166.05,path_vertex,,,2
6651,6197.45,1998.42,path_vertex,,,2
6652,6198.0,1811.0,sea_point,3641,English Channel,6
6653,6198.400000000001,2422.4900000000002,path_vertex,,,2
6654,6199.0,1655.0,sea_point,3656,North Sea,6
6655,6200.0,2501.0,sea_point,3593,Mediterranean Sea,6
6656,6201.0,4446.0,sea_point,6395,Gulf of Guinea,6
6657,6202.400000000001,3115.2000000000003,path_vertex,,,2
6658,6202.76,3337.82,path_vertex,,,2
6659,6202.77,3078.85,path_vertex,,,2
6660,6204.21,3407.5,path_vertex,,,2
6661,6206.0,3980.4900000000002,path_vertex,,,2
6662,6207.0,2107.0,province_center,281,Bourges,3
6663,6207.0,2210.0,path_vertex,,,2
6664,6208.0,1982.0,province_center,267,Paris,3
6665,6214.25,3219.4300000000003,path_vertex,,,2
6666,6214.4800000000005,2941.64,path_vertex,,,2
6667,6214.99,1826.4,path_vertex,,,2
6668,6215.0,3008.77,path_vertex,,,2
6669,6215.21,3853.89,path_vertex,,,2
6670,6216.0,1076.0,sea_point,6237,North Sea,6
6671,6216.0,5413.0,sea_point,6947,Atlantic Ocean,6
6672,6217.0,2438.0,sea_point,3591,Mediterranean Sea,4
6673,6217.8,1950.8,path_vertex,,,2
6674,6220.0,3905.0,path_vertex,,,2
6675,6222.0,2584.0,sea_point,3486,Mediterranean Sea,8
6676,6224.58,1974.88,path_vertex,,,2
6677,6224.72,2975.67,path_vertex,,,2
6678,6225.0,3098.0,province_center,1588,Ouargla,4
6679,6227.0,2933.0,province_center,1579,Setif,6
6680,6228.0,4069.0,province_center,1884,Savé,6
6681,6230.0,3297.28,path_vertex,,,2
6682,6230.9800000000005,1995.99,path_vertex,,,2
6683,6232.0,1513.0,sea_point,5624,North Sea,7
6684,6232.0,4321.0,sea_point,5992,Gulf of Guinea,6
6685,6232.0,5163.0,sea_point,6717,Atlantic Ocean,6
6686,6233.6900000000005,2038.98,path_vertex,,,2
6687,6237.24,3117.32,path_vertex,,,2
6688,6237.64,4026.4300000000003,path_vertex,,,2
6689,6238.0,3649.0,province_center,1922,Kidai,7
6690,6241.0,1849.0,province_center,274,Lille,6
6691,6242.0,2804.0,sea_point,8316,Mediterranean Sea,6
6692,6245.7300000000005,2365.75,path_vertex,,,2
6693,6247.0,639.0,sea_point,7013,Norwegian Sea,3
6694,6248.17,3770.0,path_vertex,,,2
6695,6249.09,2950.87,path_vertex,,,2
6696,6249.38,3054.57,path_vertex,,,2
6697,6250.0,4194.0,sea_point,3449,Gulf of Guinea,3
6698,6251.09,3089.5,path_vertex,,,2
6699,6253.4400000000005,4051.82,path_vertex,,,2
6700,6254.0,1717.0,sea_point,3651,North Sea,6
6701,6254.0,1789.0,sea_point,3643,English Channel,6
6702,6254.0,3842.0,province_center,1600,Niamey,5
6703,6254.54,1836.96,path_vertex,,,2
6704,6255.0,4773.0,sea_point,6694,Atlantic Ocean,5
6705,6257.97,1931.73,path_vertex,,,2
6706,6258.0,3924.0,province_center,1887,Malanville,3
6707,6260.0,3177.0,province_center,1594,Hassi Messaoud,6
6708,6263.0,1958.0,province_center,286,Reims,7
6709,6263.0,4914.0,sea_point,6702,Atlantic Ocean,6
6710,6263.55,1807.54,path_vertex,,,2
6711,6266.0,2419.0,sea_point,3592,Mediterranean Sea,3
6712,6268.79,2410.66,path_vertex,,,2
6713,6270.0,1821.0,province_center,185,Brugge,5
6714,6270.72,2011.14,path_vertex,,,2
6715,6271.0,3426.0,province_center,1573,Silet,7
6716,6271.0,4555.0,sea_point,6405,Atlantic Ocean,6
6717,6272.78,3559.4300000000003,path_vertex,,,2
6718,6273.0,2271.0,province_center,291,Saint Étienne,6
6719,6275.0,2047.0,province_center,287,Auxerre,4
6720,6275.75,3224.84,path_vertex,,,2
6721,6277.32,2113.2400000000002,path_vertex,,,2
6722,6277.35,3464.69,path_vertex,,,2
6723,6279.0,795.0,sea_point,6809,Norwegian Sea,7
6724,6279.0,2297.0,path_vertex,,,2
6725,6279.0,2856.0,sea_point,3495,Algerian Basin,4
6726,6279.0,5569.0,sea_point,6954,Atlantic Ocean,6
6727,6279.95,1798.03,path_vertex,,,2
6728,6280.0,4129.0,province_center,1850,Abeoukuta,3
6729,6284.92,4138.72,path_vertex,,,2
6730,6285.0,2359.0,province_center,292,Avignon,4
6731,6285.0,2933.0,path_vertex,,,2
6732,6285.89,4079.89,path_vertex,,,2
6733,6286.0,1394.0,sea_point,5582,North Sea,5
6734,6286.0,3523.0,province_center,1572,Tinzouatine,5
6735,6286.0,5304.0,sea_point,6941,Atlantic Ocean,6
6736,6286.03,1873.43,path_vertex,,,2
6737,6289.0,2249.67,path_vertex,,,2
6738,6289.9800000000005,1811.99,path_vertex,,,2
6739,6290.0,2984.0,province_center,1597,Biskra,6
6740,6290.0,4043.0,province_center,1859,Kaiama,6
6741,6291.0,2668.0,sea_point,3493,Mediterranean Sea,6
6742,6291.650000000001,3365.78,path_vertex,,,2
6743,6292.0,5054.0,sea_point,8128,Atlantic Ocean,5
6744,6294.89,3121.98,path_vertex,,,2
6745,6295.0,2524.0,sea_point,8432,Mediterranean Sea,6
6746,6296.0,1757.0,sea_point,3646,English Channel,5
6747,6296.0,4201.0,sea_point,3448,Gulf of Guinea,3
6748,6297.4800000000005,4178.49,path_vertex,,,2
6749,6297.56,3530.87,path_vertex,,,2
6750,6298.0,4160.0,province_center,1760,Lagos,3
6751,6300.08,2952.51,path_vertex,,,2
6752,6300.150000000001,1974.43,path_vertex,,,2
6753,6300.27,1830.98,path_vertex,,,2
6754,6300.78,2076.98,path_vertex,,,2
6755,6300.85,3007.08,path_vertex,,,2
6756,6301.1,1937.0,path_vertex,,,2
6757,6302.0,1248.0,sea_point,5529,North Sea,7
6758,6302.3,1849.1000000000001,path_vertex,,,2
6759,6303.0,1805.0,province_center,186,Antwerpen,4
6760,6303.0,2231.0,province_center,270,Lyon,2
6761,6304.0,1768.0,sea_point,5303,Rhein,2
6762,6304.96,2205.33,path_vertex,,,2
6763,6306.0,1762.45,path_vertex,,,2
6764,6306.0,2192.0,province_center,282,Mâcon,2
6765,6306.0,2905.07,path_vertex,,,2
6766,6306.0,3320.0,province_center,1593,Amquid,5
6767,6308.0,2447.0,sea_point,3590,Mediterranean Sea,6
6768,6308.0,2932.0,province_center,1580,Constantine,3
6769,6309.9400000000005,1820.51,path_vertex,,,2
6770,6310.05,1996.42,path_vertex,,,2
6771,6310.400000000001,2397.2000000000003,path_vertex,,,2
6772,6311.0,1773.0,sea_point,5305,Rhein,2
6773,6311.42,2292.76,path_vertex,,,2
6774,6315.93,4139.17,path_vertex,,,2
6775,6316.88,4123.12,path_vertex,,,2
6776,6319.0,1838.0,province_center,184,Brussels,4
6777,6321.14,3603.5,path_vertex,,,2
6778,6321.860000000001,2422.34,path_vertex,,,2
6779,6322.97,2147.79,path_vertex,,,2
6780,6323.0,1723.0,sea_point,3648,North Sea,4
6781,6323.0,1809.0,path_vertex,,,3
6782,6323.32,3419.84,path_vertex,,,2
6783,6324.0,1575.0,sea_point,8459,North Sea,5
6784,6324.77,4089.0,path_vertex,,,2
6785,6324.9800000000005,1854.8600000000001,path_vertex,,,2
6786,6325.0,1777.0,sea_point,5308,Rhein,2
6787,6325.0,2416.0,province_center,269,Marseille,2
6788,6325.0,4414.0,sea_point,6001,Gulf of Guinea,7
6789,6325.0,5756.0,sea_point,6960,Atlantic Ocean,4
6790,6325.8,2920.4,path_vertex,,,2
6791,6327.3,3956.9700000000003,path_vertex,,,2
6792,6328.400000000001,2042.5900000000001,path_vertex,,,2
6793,6329.0,3066.0,province_center,1577,El Qued,8
6794,6331.0,1774.0,sea_point,5309,Rhein,2
6795,6331.01,1752.14,path_vertex,,,2
6796,6331.47,4051.79,path_vertex,,,2
6797,6332.0,1764.0,province_center,180,Rotterdam,3
6798,6332.0,1873.0,province_center,187,Namur,6
6799,6332.0,3456.0,path_vertex,,,2
6800,6333.35,3488.41,path_vertex,,,2
6801,6334.0,2116.0,province_center,283,Dijon,6
6802,6334.400000000001,1909.33,path_vertex,,,2
6803,6335.0,3690.78,path_vertex,,,2
6804,6336.0,4119.0,province_center,1771,Ibadan,6
6805,6336.08,2946.78,path_vertex,,,2
6806,6336.2,1851.4,path_vertex,,,2
6807,6337.04,1723.78,path_vertex,,,2
6808,6337.5,4019.0,path_vertex,,,2
6809,6337.62,3352.5,path_vertex,,,2
6810,6338.0,1990.0,province_center,285,Nancy,5
6811,6339.26,3267.71,path_vertex,,,2
6812,6341.0,2913.0,path_vertex,,,3
6813,6341.0,4664.0,sea_point,6410,Atlantic Ocean,6
6814,6343.0,1778.0,sea_point,5312,Rhein,2
6815,6344.0,1724.0,province_center,181,Den Helder,3
6816,6345.08,1834.56,path_vertex,,,2
6817,6345.3,1946.75,path_vertex,,,3
6818,6347.4800000000005,1876.76,path_vertex,,,2
6819,6348.02,3166.62,path_vertex,,,2
6820,6348.07,1733.17,path_vertex,,,2
6821,6348.21,1753.91,path_vertex,,,2
6822,6349.0,2275.0,path_vertex,,,2
6823,6350.650000000001,2001.13,path_vertex,,,2
6824,6351.0,4274.0,sea_point,3446,Gulf of Guinea,6
6825,6351.8,3519.75,path_vertex,,,3
6826,6353.74,4100.6900000000005,path_vertex,,,2
6827,6354.5,1893.5,path_vertex,,,2
6828,6355.47,3487.12,path_vertex,,,2
6829,6357.0,1662.0,sea_point,8452,North Sea,7
6830,6357.0,1774.0,sea_point,5314,Rhein,2
6831,6357.0,3469.0,province_center,1569,Tamanrasset,4
6832,6358.22,1803.02,path_vertex,,,2
6833,6358.95,2243.8,path_vertex,,,2
6834,6359.150000000001,1923.77,path_vertex,,,2
6835,6360.0,1879.0,province_center,188,Bastogne,7
6836,6360.0,2851.0,sea_point,3496,Mediterranean Sea,4
6837,6361.0,1745.0,province_center,179,Amsterdam,5
6838,6361.0,3877.0,province_center,1764,Sokoto,4
6839,6362.01,4180.99,path_vertex,,,2
6840,6362.13,2867.0,path_vertex,,,2
6841,6363.0,2884.0,province_center,1578,Bône,6
6842,6364.0,1123.0,sea_point,5455,North Sea,5
6843,6364.0,3579.0,province_center,1570,In Guezzam,6
6844,6364.0,5148.0,sea_point,6439,Atlantic Ocean,7
6845,6364.0,5460.0,sea_point,6729,Atlantic Ocean,7
6846,6364.360000000001,1888.8400000000001,path_vertex,,,2
6847,6366.0,1770.0,sea_point,5319,Rhein,2
6848,6366.77,4261.57,path_vertex,,,2
6849,6367.85,1736.53,path_vertex,,,2
6850,6368.0,2324.0,province_center,293,Grenoble,4
6851,6368.0,3447.0,path_vertex,,,2
6852,6369.83,3609.73,path_vertex,,,2
6853,6370.0,2603.0,sea_point,3494,Mediterranean Sea,6
6854,6371.0,1908.0,province_center,189,Luxemburg,5
6855,6372.35,4146.96,path_vertex,,,2
6856,6372.96,1767.99,path_vertex,,,2
6857,6374.0,1360.0,sea_point,8755,North Sea,5
6858,6374.0,1770.0,sea_point,5320,Rhein,3
6859,6374.13,3121.0,path_vertex,,,2
6860,6374.87,1773.0,path_vertex,,,2
6861,6377.0,1724.0,sea_point,3650,North Sea,3
6862,6377.25,2987.0,path_vertex,,,2
6863,6377.47,2058.62,path_vertex,,,2
6864,6377.7300000000005,3927.0,path_vertex,,,2
6865,6378.0,2438.0,path_vertex,,,2
6866,6378.75,3767.0,path_vertex,,,2
6867,6378.95,1965.38,path_vertex,,,2
6868,6379.46,1738.31,path_vertex,,,2
6869,6380.0,967.0,sea_point,6234,Norwegian Sea,7
6870,6380.0,2464.0,sea_point,3589,Mediterranean Sea,6
6871,6380.0,2761.0,sea_point,8317,Mediterranean Sea,7
6872,6381.76,3038.91,path_vertex,,,2
6873,6382.0,1926.0,path_vertex,,,2
6874,6383.0,1801.0,province_center,183,Eindhoven,5
6875,6383.63,1837.43,path_vertex,,,2
6876,6384.34,2202.0,path_vertex,,,2
6877,6386.0,1476.0,sea_point,8449,North Sea,8
6878,6386.0,2193.0,province_center,156,Lausanne,3
6879,6388.0,4243.0,province_center,1853,Port Harcourt,4
6880,6388.0,4789.0,sea_point,6417,Atlantic Ocean,6
6881,6388.650000000001,3453.89,path_vertex,,,2
6882,6391.0,2524.0,sea_point,3511,Mediterranean Sea,5
6883,6391.45,1825.2,path_vertex,,,2
6884,6392.0,3410.0,province_center,1571,Idlès,6
6885,6392.1,3505.58,path_vertex,,,2
6886,6394.0,2036.0,province_center,284,Strasbourg,5
6887,6395.2300000000005,1895.71,path_vertex,,,2
6888,6395.35,3822.65,path_vertex,,,2
6889,6396.0,4960.0,sea_point,6429,Atlantic Ocean,7
6890,6397.0,2316.0,path_vertex,,,2
6891,6397.0,3755.0,province_center,1601,Tahoua,6
6892,6397.0,3988.0,province_center,1849,Kontagora,4
6893,6397.43,2292.83,path_vertex,,,2
6894,6398.31,3303.15,path_vertex,,,2
6895,6399.17,1764.53,path_vertex,,,2
6896,6400.83,1712.33,path_vertex,,,2
6897,6401.41,2982.51,path_vertex,,,2
6898,6401.81,1887.15,path_vertex,,,2
6899,6402.09,4017.9900000000002,path_vertex,,,2
6900,6403.0,639.0,sea_point,6807,Norwegian Sea,5
6901,6403.88,2139.48,path_vertex,,,2
6902,6404.8,2345.2000000000003,path_vertex,,,2
6903,6404.860000000001,3585.92,path_vertex,,,2
6904,6405.0,3159.0,province_center,1576,El Borma,6
6905,6405.0,4044.0,province_center,1769,Minna,7
6906,6405.5,3425.0,path_vertex,,,2
6907,6405.7300000000005,4196.53,path_vertex,,,2
6908,6405.860000000001,1991.57,path_vertex,,,2
6909,6406.0,1860.51,path_vertex,,,2
6910,6409.07,4105.93,path_vertex,,,2
6911,6410.0,1974.0,province_center,134,Saarbrücken,5
6912,6410.29,2103.16,path_vertex,,,2
6913,6411.0,4555.0,sea_point,6012,Atlantic Ocean,6
6914,6411.0,5335.0,sea_point,6450,Atlantic Ocean,6
6915,6411.0,5647.0,sea_point,6735,Atlantic Ocean,6
6916,6412.0,4177.0,province_center,1852,Abakaliki,6
6917,6413.52,3914.0,path_vertex,,,2
6918,6414.38,1823.8500000000001,path_vertex,,,2
6919,6416.0,3020.0,province_center,1563,Tozeur,5
6920,6416.52,3973.62,path_vertex,,,2
6921,6416.8,2195.7000000000003,path_vertex,,,3
6922,6417.0,3438.0,province_center,1574,Tazrouk,6
6923,6418.93,3087.84,path_vertex,,,2
6924,6419.93,2909.78,path_vertex,,,2
6925,6422.0,1896.05,path_vertex,,,4
6926,6424.42,1884.2,path_vertex,,,2
6927,6426.0,1662.0,sea_point,3655,North Sea,5
6928,6426.110000000001,2977.11,path_vertex,,,2
6929,6427.09,1678.42,path_vertex,,,2
6930,6430.0,1697.0,province_center,182,Groningen,6
6931,6431.01,1956.3500000000001,path_vertex,,,2
6932,6431.02,3879.35,path_vertex,,,2
6933,6432.0,2360.0,province_center,251,Cuneo,5
6934,6432.56,3995.59,path_vertex,,,2
6935,6435.0,795.0,sea_point,6558,Norwegian Sea,5
6936,6435.0,2099.0,province_center,135,Freiburg,5
6937,6437.62,2342.51,path_vertex,,,2
6938,6438.650000000001,3373.48,path_vertex,,,2
6939,6439.0,2918.0,province_center,1565,El Kef,6
6940,6440.0,2151.0,province_center,57,Bern,3
6941,6440.0,2396.0,path_vertex,,,2
6942,6440.0,2850.0,sea_point,3497,Mediterranean Sea,5
6943,6440.21,2879.83,path_vertex,,,2
6944,6442.0,2408.0,sea_point,3588,Liguere Sea,4
6945,6442.0,3765.4900000000002,path_vertex,,,2
6946,6442.0,4396.0,sea_point,4679,Gulf of Guinea,6
6947,6443.0,1564.0,sea_point,8458,North Sea,7
6948,6443.0,1844.0,province_center,131,Düsseldorf,5
6949,6444.35,4057.07,path_vertex,,,2
6950,6445.0,1303.0,sea_point,3809,North Sea,6
6951,6445.45,2240.09,path_vertex,,,2
6952,6446.04,1870.19,path_vertex,,,2
6953,6447.0,4026.0,path_vertex,,,2
6954,6448.0,1885.0,province_center,117,Cologne,3
6955,6449.0,2301.0,province_center,244,Turin,6
6956,6449.09,3257.06,path_vertex,,,2
6957,6449.47,3123.4700000000003,path_vertex,,,2
6958,6450.03,3516.31,path_vertex,,,2
6959,6453.0,4115.35,path_vertex,,,2
6960,6453.0,4349.0,sea_point,3747,Red Sea,2
6961,6453.81,3069.0,path_vertex,,,2
6962,6454.0,2575.0,sea_point,3599,Northwestern Passages,2
6963,6454.1,1897.1200000000001,path_vertex,,,2
6964,6455.0,3942.0,province_center,1858,Gusau,7
6965,6456.9400000000005,3647.9900000000002,path_vertex,,,2
6966,6457.0,1247.0,sea_point,3753,Norwegian Trough,3
6967,6457.17,4381.93,path_vertex,,,2
6968,6459.32,3397.94,path_vertex,,,2
6969,6460.74,1727.92,path_vertex,,,2
6970,6461.25,4230.9800000000005,path_vertex,,,2
6971,6461.27,3020.56,path_vertex,,,2
6972,6461.85,2200.04,path_vertex,,,2
6973,6462.0,1371.0,sea_point,3751,North Sea,4
6974,6462.92,2014.97,path_vertex,,,2
6975,6464.900000000001,3075.8,path_vertex,,,2
6976,6465.0,4374.0,province_center,3297,São Tomé,2
6977,6465.900000000001,3990.4700000000003,path_vertex,,,2
6978,6467.0,1924.0,province_center,132,Frankfurt,5
6979,6467.0,2681.0,sea_point,5068,Mediterranean Sea,7
6980,6467.5,4213.5,path_vertex,,,2
6981,6468.27,3916.09,path_vertex,,,2
6982,6470.0,1140.0,sea_point,3965,Bay of Kiel,2
6983,6470.0,1699.0,path_vertex,,,2
6984,6470.9800000000005,2985.0,path_vertex,,,2
6985,6472.0,1882.0,path_vertex,,,2
6986,6473.51,2039.19,path_vertex,,,2
6987,6473.84,1301.16,path_vertex,,,2
6988,6473.92,3816.2400000000002,path_vertex,,,2
6989,6474.0,4015.0,province_center,1768,Kaduna,4
6990,6474.0,5423.0,sea_point,8130,Atlantic Ocean,5
6991,6474.0,5803.0,sea_point,6741,Atlantic Ocean,4
6992,6475.0,2284.5,path_vertex,,,2
6993,6475.7300000000005,2949.17,path_vertex,,,2
6994,6476.77,4040.36,path_vertex,,,2
6995,6477.0,3706.0,path_vertex,,,2
6996,6478.0,4371.46,path_vertex,,,2
6997,6479.42,2155.92,path_vertex,,,2
6998,6480.0,2496.0,sea_point,3604,Northwestern Passages,2
6999,6480.650000000001,2358.11,path_vertex,,,2
7000,6481.0,4387.0,sea_point,3745,Red Sea,2
7001,6481.0,4664.0,sea_point,6024,Atlantic Ocean,6
7002,6481.8,2333.2000000000003,path_vertex,,,2
7003,6482.0,4069.0,province_center,1770,Jos,6
7004,6483.0,4225.0,province_center,1851,Calabar,5
7005,6483.75,2004.39,path_vertex,,,2
7006,6483.81,2670.9900000000002,path_vertex,,,2
7007,6484.0,3336.0,province_center,1575,Illizi,7
7008,6484.0,3598.0,province_center,1602,Aguella,7
7009,6485.0,3880.0,province_center,1767,Katsina,5
7010,6485.12,2897.9500000000003,path_vertex,,,2
7011,6485.6900000000005,2172.28,path_vertex,,,2
7012,6487.0,2020.0,province_center,133,Stuttgart,5
7013,6488.0,4245.0,path_vertex,,,2
7014,6488.95,2208.05,path_vertex,,,2
7015,6489.0,5085.0,sea_point,6069,Atlantic Ocean,6
7016,6489.150000000001,2229.67,path_vertex,,,2
7017,6491.0,2550.0,sea_point,5070,Strait of Bonifacio,6
7018,6491.9800000000005,3212.63,path_vertex,,,2
7019,6492.57,3851.55,path_vertex,,,2
7020,6492.77,3661.15,path_vertex,,,2
7021,6494.0,4003.0,path_vertex,,,2
7022,6494.55,2114.88,path_vertex,,,2
7023,6494.72,2566.64,path_vertex,,,2
7024,6494.88,2126.4700000000003,path_vertex,,,2
7025,6495.08,3937.02,path_vertex,,,2
7026,6496.0,2452.0,sea_point,5073,Liguere Sea,7
7027,6496.1,3159.0,path_vertex,,,3
7028,6497.0,5226.0,sea_point,6080,Atlantic Ocean,6
7029,6497.0,5538.0,sea_point,6456,Atlantic Ocean,6
7030,6498.0,3693.0,province_center,1603,Agadez,4
7031,6498.07,4026.83,path_vertex,,,2
7032,6498.5,1798.5,path_vertex,,,2
7033,6499.37,2465.71,path_vertex,,,2
7034,6499.39,3068.0,path_vertex,,,2
7035,6500.0,1085.0,sea_point,3807,Halten Bank,6
7036,6500.0,3081.0,province_center,1564,Tataouine,6
7037,6501.0,1239.3,path_vertex,,,2
7038,6502.0,4301.0,sea_point,3444,Gulf of Guinea,5
7039,6502.2300000000005,4212.15,path_vertex,,,2
7040,6502.56,2997.4900000000002,path_vertex,,,2
7041,6503.0,2232.0,province_center,153,Lugano,4
7042,6503.0,2893.0,province_center,1560,Tunis,3
7043,6503.0,3722.0,path_vertex,,,2
7044,6503.4400000000005,4057.12,path_vertex,,,2
7045,6503.8,3909.4,path_vertex,,,2
7046,6504.0,3020.0,province_center,1561,Gabes,6
7047,6505.0,561.0,sea_point,6555,Norwegian Sea,3
7048,6505.49,4241.86,path_vertex,,,2
7049,6506.0,2912.0,path_vertex,,,2
7050,6506.0,4366.0,sea_point,3443,Gulf of Guinea,6
7051,6506.110000000001,2249.85,path_vertex,,,2
7052,6507.0,2262.0,province_center,250,Milan,6
7053,6507.0,2327.0,path_vertex,,,2
7054,6507.0,2358.0,province_center,248,Genoa,4
7055,6507.0,2497.0,province_center,273,Ajaccio,2
7056,6507.4800000000005,4137.26,path_vertex,,,2
7057,6509.0,4467.0,sea_point,3442,Gulf of Guinea,6
7058,6509.13,3018.35,path_vertex,,,2
7059,6509.16,2366.77,path_vertex,,,2
7060,6509.49,2882.75,path_vertex,,,2
7061,6509.53,2006.1200000000001,path_vertex,,,2
7062,6510.0,2119.0,province_center,149,Zürich,3
7063,6512.0,2380.0,sea_point,3587,Liguere Sea,5
7064,6513.0,1781.0,province_center,119,Osnabrück,5
7065,6513.0,2692.0,sea_point,3606,Northwestern Passages,2
7066,6513.2,3962.4,path_vertex,,,2
7067,6514.0,2653.0,province_center,255,Cagliari,3
7068,6514.81,2028.8600000000001,path_vertex,,,2
7069,6516.0,1236.0,province_center,50,Bergen,4
7070,6516.0,2983.0,province_center,1562,Sfax,4
7071,6516.05,3171.2000000000003,path_vertex,,,2
7072,6516.2,4104.2300000000005,path_vertex,,,2
7073,6517.0,1949.0,path_vertex,,,2
7074,6517.0,2543.0,sea_point,3600,Northwestern Passages,2
7075,6517.0,3810.0,province_center,1599,Zinder,6
7076,6519.13,2987.62,path_vertex,,,2
7077,6519.8,3098.15,path_vertex,,,2
7078,6520.0,3931.0,province_center,1763,Kano,4
7079,6522.93,2141.08,path_vertex,,,2
7080,6523.0,2210.0,path_vertex,,,2
7081,6523.0,2761.0,sea_point,3491,Mediterranean Sea,8
7082,6524.0,2857.0,sea_point,3498,Mediterranean Sea,6
7083,6524.6,2526.8,path_vertex,,,2
7084,6526.0,1888.0,province_center,139,Kassel,5
7085,6526.63,3638.52,path_vertex,,,2
7086,6527.7,3452.76,path_vertex,,,2
7087,6528.0,920.0,sea_point,5404,Norwegian Sea,7
7088,6528.0,4789.0,sea_point,6038,Atlantic Ocean,8
7089,6528.0,4945.0,sea_point,6058,Atlantic Ocean,7
7090,6528.21,2373.52,path_vertex,,,2
7091,6529.0,1489.0,sea_point,3714,North Sea,6
7092,6529.0,2434.0,sea_point,3618,Northwestern Passages,3
7093,6529.0,3891.9,path_vertex,,,2
7094,6529.09,1807.8500000000001,path_vertex,,,2
7095,6529.22,2340.88,path_vertex,,,2
7096,6529.900000000001,3078.4,path_vertex,,,2
7097,6530.0,1539.0,sea_point,3712,North Sea,4
7098,6530.67,4459.900000000001,path_vertex,,,2
7099,6531.08,2191.9700000000003,path_vertex,,,2
7100,6532.0,3006.0,sea_point,3501,Gulf of Gabes,4
7101,6532.0,4276.0,path_vertex,,,2
7102,6532.29,1921.1200000000001,path_vertex,,,2
7103,6533.0,1414.0,sea_point,3719,North Sea,5
7104,6533.97,1742.29,path_vertex,,,2
7105,6534.06,3954.11,path_vertex,,,2
7106,6534.31,3091.04,path_vertex,,,2
7107,6535.46,4374.31,path_vertex,,,2
7108,6536.0,717.0,sea_point,6231,Norwegian Sea,7
7109,6536.0,3697.0,path_vertex,,,2
7110,6536.0,4124.0,province_center,1854,Wukari,7
7111,6536.31,2655.4700000000003,path_vertex,,,2
7112,6537.0,1592.0,sea_point,3711,North Sea,4
7113,6538.2,1112.4,path_vertex,,,2
7114,6539.96,2291.18,path_vertex,,,2
7115,6540.0,1963.0,province_center,138,Würzburg,5
7116,6541.64,3240.56,path_vertex,,,2
7117,6542.0,2174.0,province_center,152,Chur,4
7118,6542.0,4344.0,path_vertex,,,2
7119,6542.6900000000005,4183.63,path_vertex,,,2
7120,6543.41,2074.48,path_vertex,,,2
7121,6543.93,4092.23,path_vertex,,,2
7122,6544.0,2550.0,sea_point,5067,Tyrrhenian Sea,7
7123,6546.0,3120.0,province_center,1553,Nalut,6
7124,6546.0,3971.0,province_center,1765,Garko,8
7125,6550.7,2108.6,path_vertex,,,2
7126,6551.0,2656.0,sea_point,5065,Tyrrhenian Sea,5
7127,6551.0,4379.0,province_center,1773,Libreville,3
7128,6551.29,1541.29,path_vertex,,,2
7129,6551.53,1201.84,path_vertex,,,2
7130,6552.0,4270.0,province_center,1607,Douala,7
7131,6553.0,2891.0,sea_point,3718,Aegean Sea,2
7132,6553.92,3159.52,path_vertex,,,2
7133,6555.0,1703.0,province_center,120,Bremen,5
7134,6555.0,4005.2200000000003,path_vertex,,,2
7135,6555.26,3916.66,path_vertex,,,2
7136,6557.0,1495.17,path_vertex,,,2
7137,6558.57,3334.41,path_vertex,,,2
7138,6559.0,4023.0,province_center,1848,Bauchi,5
7139,6559.0,5694.0,sea_point,6464,Atlantic Ocean,6
7140,6560.83,1669.96,path_vertex,,,2
7141,6561.0,1468.0,sea_point,3940,Bay of Kiel,2
7142,6561.0,2969.0,sea_point,3500,Gulf of Gabes,4
7143,6561.7,4402.1,path_vertex,,,2
7144,6562.0,3205.0,province_center,1552,Ghadames,7
7145,6562.39,4157.9,path_vertex,,,2
7146,6563.0,1656.0,sea_point,3710,North Sea,5
7147,6563.0,2413.0,sea_point,3586,Liguere Sea,4
7148,6564.610000000001,1900.5,path_vertex,,,2
7149,6565.0,2314.0,province_center,252,Parma,6
7150,6566.0,4546.0,sea_point,3441,Atlantic Ocean,5
7151,6567.0,5335.0,sea_point,6089,Atlantic Ocean,5
7152,6567.01,1262.8700000000001,path_vertex,,,2
7153,6567.62,3410.38,path_vertex,,,2
7154,6568.0,1541.0,province_center,143,Esbjerg,4
7155,6569.83,3931.37,path_vertex,,,2
7156,6573.04,1718.04,path_vertex,,,2
7157,6573.14,2260.85,path_vertex,,,2
7158,6573.45,2302.4500000000003,path_vertex,,,2
7159,6573.49,1768.68,path_vertex,,,2
7160,6574.7300000000005,1528.82,path_vertex,,,2
7161,6575.06,2016.24,path_vertex,,,2
7162,6576.0,1442.0,sea_point,3939,Bay of Kiel,2
7163,6576.33,1818.07,path_vertex,,,2
7164,6577.07,3052.89,path_vertex,,,2
7165,6577.56,4204.04,path_vertex,,,2
7166,6578.42,2409.62,path_vertex,,,2
7167,6579.0,4446.0,province_center,1774,Sindara,5
7168,6580.0,1573.0,path_vertex,,,2
7169,6581.53,4541.47,path_vertex,,,2
7170,6581.99,1652.71,path_vertex,,,2
7171,6582.0,1145.0,province_center,51,Stryn,4
7172,6583.0,1668.0,sea_point,5678,Kiel Canal,2
7173,6583.53,4380.56,path_vertex,,,2
7174,6584.0,3906.0,province_center,1766,Auyo,6
7175,6584.0,4186.0,province_center,1611,Bamenda,5
7176,6584.4400000000005,4486.0,path_vertex,,,2
7177,6585.53,3727.96,path_vertex,,,2
7178,6587.0,3029.0,sea_point,3502,Gulf of Gabes,5
7179,6587.13,2351.6,path_vertex,,,2
7180,6588.39,3258.63,path_vertex,,,2
7181,6590.93,1540.14,path_vertex,,,2
7182,6591.8,4084.9500000000003,path_vertex,,,2
7183,6592.52,2321.15,path_vertex,,,2
7184,6593.0,2482.0,sea_point,3585,Tyrrhenian Sea,4
7185,6594.0,1384.0,province_center,53,Kristiansand,3
7186,6595.3,2137.2200000000003,path_vertex,,,2
7187,6596.0,1049.0,sea_point,3810,Halten Bank,4
7188,6596.0,4537.0,province_center,1779,Mayoumba,5
7189,6596.59,1692.65,path_vertex,,,2
7190,6597.29,4053.14,path_vertex,,,2
7191,6598.0,5460.0,sea_point,6099,Atlantic Ocean,7
7192,6598.53,3991.2000000000003,path_vertex,,,2
7193,6598.85,4014.71,path_vertex,,,2
7194,6601.0,3709.0,province_center,1604,Fachi,5
7195,6602.0,2260.0,province_center,247,Verona,6
7196,6603.1,1936.16,path_vertex,,,2
7197,6603.41,4340.9800000000005,path_vertex,,,2
7198,6605.0,1504.0,province_center,150,Viborg,3
7199,6606.6,4284.8,path_vertex,,,3
7200,6606.88,1322.91,path_vertex,,,2
7201,6608.0,1667.0,sea_point,5679,Kiel Canal,2
7202,6609.0,1394.0,path_vertex,,,2
7203,6611.82,1515.71,path_vertex,,,2
7204,6612.0,2058.0,province_center,136,Augsburg,6
7205,6612.4400000000005,3231.9700000000003,path_vertex,,,2
7206,6612.96,3569.04,path_vertex,,,2
7207,6613.0,1287.0,province_center,52,Rjukan,4
7208,6613.14,1830.08,path_vertex,,,2
7209,6614.12,3108.84,path_vertex,,,2
7210,6615.0,1432.0,sea_point,3721,Skagerrak,3
7211,6615.0,2400.0,province_center,253,Florence,6
7212,6615.0,4067.0,province_center,1855,Jalingo,6
7213,6615.95,3914.67,path_vertex,,,2
7214,6615.9800000000005,2295.88,path_vertex,,,2
7215,6616.16,4249.77,path_vertex,,,2
7216,6616.92,1703.6200000000001,path_vertex,,,2
7217,6617.0,1592.0,sea_point,3730,The Little Belt,3
7218,6617.0,1688.0,province_center,113,Hamburg,4
7219,6618.0,1412.0,sea_point,3720,Skagerrak,4
7220,6618.0,1556.0,sea_point,3928,Bay of Kiel,2
7221,6618.0,1759.0,province_center,121,Hannover,7
7222,6618.0,5069.0,sea_point,3432,Atlantic Ocean,5
7223,6618.27,2048.12,path_vertex,,,2
7224,6618.28,3523.92,path_vertex,,,2
7225,6619.96,3937.1600000000003,path_vertex,,,2
7226,6620.0,4631.0,sea_point,3440,Atlantic Ocean,5
7227,6621.5,3400.5,path_vertex,,,2
7228,6621.6900000000005,2360.53,path_vertex,,,2
7229,6622.0,5161.0,sea_point,3430,Atlantic Ocean,5
7230,6622.16,4408.79,path_vertex,,,2
7231,6624.0,1538.0,province_center,151,Aarhus,3
7232,6624.3,3087.9,path_vertex,,,2
7233,6624.84,4509.56,path_vertex,,,2
7234,6624.97,4041.81,path_vertex,,,2
7235,6625.0,1643.0,province_center,114,Kiel,4
7236,6625.0,3333.0,province_center,1550,Ghat,7
7237,6625.74,1669.65,path_vertex,,,2
7238,6626.0,2330.0,province_center,249,Bologna,5
7239,6626.75,1664.0,path_vertex,,,2
7240,6627.0,1667.0,sea_point,5686,Kiel Canal,4
7241,6627.0,2647.0,sea_point,8426,Tyrrhenian Sea,7
7242,6627.150000000001,3159.15,path_vertex,,,2
7243,6627.25,4103.32,path_vertex,,,2
7244,6627.27,4596.35,path_vertex,,,2
7245,6628.25,3755.09,path_vertex,,,2
7246,6630.0,842.0,sea_point,5399,Norwegian Sea,5
7247,6630.0,5803.0,sea_point,6468,Atlantic Ocean,5
7248,6630.400000000001,1543.4,path_vertex,,,2
7249,6632.0,1949.5,path_vertex,,,2
7250,6632.34,4455.31,path_vertex,,,2
7251,6633.0,5162.95,path_vertex,,,2
7252,6633.18,1796.08,path_vertex,,,2
7253,6633.22,4286.9800000000005,path_vertex,,,2
7254,6634.0,1922.0,province_center,140,Erfurt,6
7255,6635.0,1685.92,path_vertex,,,2
7256,6635.04,4620.04,path_vertex,,,2
7257,6636.68,2190.31,path_vertex,,,2
7258,6636.6900000000005,2445.82,path_vertex,,,2
7259,6637.0,546.0,sea_point,6228,Norwegian Sea,4
7260,6637.0,2066.0,path_vertex,,,2
7261,6637.0,3455.0,path_vertex,,,3
7262,6637.0,4005.0,province_center,1856,Gombe,5
7263,6637.0,4616.0,province_center,1775,Loango,4
7264,6637.53,1629.51,path_vertex,,,2
7265,6637.91,3286.4,path_vertex,,,2
7266,6637.91,3846.19,path_vertex,,,2
7267,6639.0,1550.0,sea_point,3729,Kattegat,5
7268,6639.0,2526.0,sea_point,3584,Tyrrhenian Sea,4
7269,6639.0,4676.0,sea_point,3438,Atlantic Ocean,4
7270,6639.99,2135.0,path_vertex,,,2
7271,6640.71,1765.18,path_vertex,,,2
7272,6641.0,2007.0,province_center,137,Nuremberg,3
7273,6641.18,1222.03,path_vertex,,,2
7274,6641.6,1268.76,path_vertex,,,2
7275,6642.0,1675.0,sea_point,5688,Kiel Canal,2
7276,6642.02,1102.71,path_vertex,,,2
7277,6642.4800000000005,3732.77,path_vertex,,,2
7278,6643.0,3050.0,sea_point,3503,Gulf of Gabes,4
7279,6643.13,1558.03,path_vertex,,,2
7280,6643.1900000000005,3967.9700000000003,path_vertex,,,2
7281,6643.46,3182.82,path_vertex,,,2
7282,6644.0,5067.68,path_vertex,,,2
7283,6644.8,4089.58,path_vertex,,,2
7284,6645.0,5584.0,sea_point,6108,Atlantic Ocean,5
7285,6646.25,2307.5,path_vertex,,,3
7286,6647.76,3065.56,path_vertex,,,2
7287,6648.0,1567.0,province_center,154,Odense,2
7288,6648.0,3250.0,province_center,1559,Adiri,4
7289,6649.0,3923.0,province_center,1857,Damaturu,6
7290,6649.0,4384.0,province_center,1778,Makokou,7
7291,6650.0,2163.0,province_center,168,Innsbruck,7
7292,6650.0,3078.0,province_center,1531,Tripoli,4
7293,6650.0,4640.0,sea_point,5711,Atlantic Ocean,3
7294,6651.0,1625.0,sea_point,3731,Bay of Kiel,5
7295,6651.06,1178.94,path_vertex,,,2
7296,6651.54,4208.4800000000005,path_vertex,,,2
7297,6652.0,1594.0,sea_point,3911,Bay of Kiel,2
7298,6652.0,4979.0,sea_point,3433,Atlantic Ocean,4
7299,6653.04,3099.28,path_vertex,,,2
7300,6653.400000000001,3819.4,path_vertex,,,2
7301,6653.51,1908.16,path_vertex,,,2
7302,6654.0,3105.0,province_center,1532,Gharyan,5
7303,6654.35,4668.35,path_vertex,,,2
7304,6654.74,2054.08,path_vertex,,,2
7305,6654.84,4591.12,path_vertex,,,2
7306,6654.900000000001,3637.66,path_vertex,,,2
7307,6655.0,2736.0,sea_point,3563,Tyrrhenian Sea,6
7308,6655.71,2519.34,path_vertex,,,2
7309,6656.0,3740.0,province_center,1568,Bedouaram,7
7310,6656.0,4287.0,province_center,1606,Yaoundé,3
7311,6657.0,5066.0,province_center,1460,Moçâmedes,5
7312,6658.0,1438.0,province_center,145,Frederikshavn,1
7313,6659.0,1677.0,sea_point,5691,Kiel Canal,2
7314,6660.0,1558.0,sea_point,3923,Bay of Kiel,2
7315,6660.0,2955.0,sea_point,3499,Mediterranean Sea,9
7316,6660.57,4419.21,path_vertex,,,2
7317,6661.0,2071.0,province_center,118,Munich,3
7318,6661.0,4664.0,province_center,1704,Banana,2
7319,6661.0,5928.0,sea_point,6474,Atlantic Ocean,4
7320,6661.31,3101.46,path_vertex,,,2
7321,6661.400000000001,4529.53,path_vertex,,,2
7322,6661.43,1576.16,path_vertex,,,2
7323,6661.53,4616.88,path_vertex,,,2
7324,6662.0,986.0,sea_point,3811,Norwegian Sea,5
7325,6664.0,2846.0,sea_point,5089,Mediterranean Sea,6
7326,6664.0,3923.0,path_vertex,,,2
7327,6665.0,1469.0,sea_point,3716,Kattegat,2
7328,6665.0,2255.0,path_vertex,,,2
7329,6665.84,4005.89,path_vertex,,,2
7330,6666.51,3214.0,path_vertex,,,2
7331,6666.59,2380.43,path_vertex,,,2
7332,6667.0,3620.0,province_center,1605,Bilma,6
7333,6667.150000000001,3893.55,path_vertex,,,2
7334,6667.5,3903.0,path_vertex,,,2
7335,6667.99,3353.34,path_vertex,,,2
7336,6668.0,1580.0,sea_point,3732,The Great Belt,6
7337,6668.08,4156.31,path_vertex,,,2
7338,6668.6,2297.8,path_vertex,,,2
7339,6668.7,1069.48,path_vertex,,,2
7340,6669.0,702.0,sea_point,5394,Norwegian Sea,6
7341,6669.0,2513.0,province_center,257,Civitavecchia,5
7342,6670.0,1443.8500000000001,path_vertex,,,2
7343,6670.0,4732.0,sea_point,3437,Atlantic Ocean,4
7344,6670.34,2360.54,path_vertex,,,2
7345,6670.6,2268.2000000000003,path_vertex,,,2
7346,6671.09,4045.38,path_vertex,,,2
7347,6671.75,4260.56,path_vertex,,,2
7348,6672.0,4352.0,path_vertex,,,2
7349,6673.5,3085.5,path_vertex,,,2
7350,6674.0,3893.0,path_vertex,,,3
7351,6674.0,4462.0,province_center,1816,Lastoursville,6
7352,6674.1900000000005,2084.08,path_vertex,,,2
7353,6674.43,2127.0,path_vertex,,,2
7354,6675.0,1672.0,sea_point,5696,Kiel Canal,2
7355,6676.0,1413.0,sea_point,3963,Bay of Kiel,3
7356,6676.0,3960.0,path_vertex,,,3
7357,6676.96,4975.87,path_vertex,,,2
7358,6677.68,1301.0,path_vertex,,,2
7359,6677.84,5025.56,path_vertex,,,2
7360,6679.0,2554.0,sea_point,3583,Tyrrhenian Sea,5
7361,6680.03,3556.9500000000003,path_vertex,,,2
7362,6680.4800000000005,2525.21,path_vertex,,,2
7363,6681.0,1658.0,sea_point,5699,Kiel Canal,2
7364,6681.07,3966.9300000000003,path_vertex,,,2
7365,6681.62,3156.38,path_vertex,,,2
7366,6682.0,1522.0,sea_point,3728,Kattegat,5
7367,6682.0,4816.0,sea_point,3436,Atlantic Ocean,6
7368,6683.0,2256.0,province_center,243,Venice,4
7369,6683.64,4732.64,path_vertex,,,2
7370,6684.0,4368.0,path_vertex,,,2
7371,6685.25,4043.65,path_vertex,,,3
7372,6685.37,4056.34,path_vertex,,,2
7373,6687.32,5119.92,path_vertex,,,2
7374,6687.57,2548.59,path_vertex,,,2
7375,6688.0,2374.0,province_center,254,San Marino,4
7376,6688.92,4500.84,path_vertex,,,2
7377,6689.0,2098.0,province_center,39,Rosenheim,3
7378,6689.0,3287.0,path_vertex,,,2
7379,6689.0,3518.0,province_center,1598,Djado,6
7380,6689.0,3923.0,province_center,1762,Maiduguri,3
7381,6690.0,2424.0,path_vertex,,,2
7382,6690.92,2267.62,path_vertex,,,2
7383,6691.0,1369.0,sea_point,3723,Skagerrak,3
7384,6691.0,4633.0,sea_point,5713,Congo River,2
7385,6691.0,5291.0,sea_point,3427,Atlantic Ocean,6
7386,6691.6900000000005,4441.35,path_vertex,,,2
7387,6692.92,1001.08,path_vertex,,,2
7388,6694.0,1614.0,sea_point,3742,Baltic Sea,5
7389,6694.18,1951.1200000000001,path_vertex,,,2
7390,6694.82,4300.18,path_vertex,,,2
7391,6695.0,1646.0,sea_point,3735,Bay of Mecklenburg,5
7392,6695.0,1775.0,province_center,127,Magdeburg,4
7393,6695.62,4661.46,path_vertex,,,2
7394,6695.72,2370.44,path_vertex,,,2
7395,6695.96,1590.19,path_vertex,,,2
7396,6696.0,1062.0,province_center,45,Trondheim,5
7397,6696.0,1587.0,province_center,157,Næstved,2
7398,6696.0,4223.0,province_center,1612,Nanga Eboko,6
7399,6696.33,2474.33,path_vertex,,,2
7400,6696.64,4810.4800000000005,path_vertex,,,2
7401,6696.650000000001,3311.83,path_vertex,,,2
7402,6697.72,2394.48,path_vertex,,,2
7403,6698.0,2541.0,province_center,245,Rome,3
7404,6698.0,4525.0,province_center,1781,Tsinguedi,7
7405,6698.1900000000005,4390.4800000000005,path_vertex,,,2
7406,6698.26,1345.71,path_vertex,,,2
7407,6698.900000000001,3660.15,path_vertex,,,2
7408,6699.0,2280.0,sea_point,3564,Adriatic Sea,5
7409,6701.0,4909.0,sea_point,3434,Atlantic Ocean,5
7410,6701.96,4197.0,path_vertex,,,2
7411,6703.0,4972.0,province_center,1669,Benguela,6
7412,6704.0,1448.0,sea_point,3726,Kattegat,6
7413,6704.0,2462.0,province_center,258,Perugia,6
7414,6704.610000000001,3679.8,path_vertex,,,2
7415,6705.2300000000005,3841.25,path_vertex,,,2
7416,6705.37,1044.17,path_vertex,,,2
7417,6705.400000000001,4831.89,path_vertex,,,2
7418,6705.93,5289.24,path_vertex,,,2
7419,6706.0,2583.0,sea_point,3582,Tyrrhenian Sea,4
7420,6706.0,3166.0,province_center,1554,Tabonieh,6
7421,6706.7,1799.2,path_vertex,,,2
7422,6707.59,2549.73,path_vertex,,,2
7423,6708.68,3901.6800000000003,path_vertex,,,2
7424,6709.0,4805.0,province_center,1452,Luanda,3
7425,6709.33,2247.96,path_vertex,,,2
7426,6710.0,1308.0,province_center,46,Oslo,3
7427,6710.0,4732.0,province_center,1462,Ambriz,5
7428,6710.12,1285.53,path_vertex,,,2
7429,6710.22,1574.8,path_vertex,,,2
7430,6710.34,2512.42,path_vertex,,,2
7431,6711.0,1266.0,path_vertex,,,3
7432,6711.0,1362.01,path_vertex,,,2
7433,6711.0,4008.0,province_center,1847,Yola,5
7434,6711.42,1717.0,path_vertex,,,2
7435,6711.6,3945.8,path_vertex,,,2
7436,6712.0,1862.0,province_center,130,Leipzig,5
7437,6712.0,4140.0,province_center,1613,Tibati,6
7438,6712.6,1153.51,path_vertex,,,2
7439,6713.0,4621.0,sea_point,5715,Congo River,2
7440,6713.07,5057.49,path_vertex,,,2
7441,6714.1900000000005,3238.55,path_vertex,,,2
7442,6714.5,3478.8,path_vertex,,,3
7443,6714.6,3148.8,path_vertex,,,2
7444,6714.92,1657.8600000000001,path_vertex,,,2
7445,6714.9400000000005,2155.7200000000003,path_vertex,,,2
7446,6715.0,2220.0,path_vertex,,,2
7447,6715.0,4786.0,path_vertex,,,2
7448,6715.0,5694.0,sea_point,6115,Atlantic Ocean,7
7449,6715.91,4565.09,path_vertex,,,2
7450,6716.26,2576.2000000000003,path_vertex,,,2
7451,6716.72,3444.59,path_vertex,,,2
7452,6717.89,2263.33,path_vertex,,,2
7453,6718.0,5287.0,province_center,1443,Torra Bay,6
7454,6718.95,5240.37,path_vertex,,,2
7455,6719.0,1014.0,province_center,44,Steinkjer,6
7456,6719.0,2357.0,sea_point,3565,Adriatic Sea,4
7457,6719.0,5178.0,province_center,1444,Opuwo,6
7458,6719.610000000001,2497.0,path_vertex,,,2
7459,6720.0,3925.0,path_vertex,,,2
7460,6721.0,1676.0,province_center,122,Rostock,4
7461,6721.0,4950.0,path_vertex,,,2
7462,6721.0,5102.0,path_vertex,,,3
7463,6721.33,5018.92,path_vertex,,,2
7464,6721.35,3202.56,path_vertex,,,2
7465,6721.610000000001,1449.72,path_vertex,,,2
7466,6722.0,1213.0,province_center,48,Hamar,8
7467,6722.0,3164.32,path_vertex,,,2
7468,6722.0,3305.0,province_center,1551,Sabha,4
7469,6722.76,1910.68,path_vertex,,,2
7470,6723.0,2803.0,sea_point,5090,Tyrrhenian Sea,4
7471,6723.88,4269.51,path_vertex,,,2
7472,6724.99,3322.09,path_vertex,,,2
7473,6725.0,3884.0,province_center,1772,Kukawa,5
7474,6725.62,4926.92,path_vertex,,,2
7475,6725.81,1312.71,path_vertex,,,2
7476,6726.0,2568.0,province_center,260,Latina,6
7477,6726.46,1812.2,path_vertex,,,2
7478,6727.0,1556.0,province_center,155,Copenhagen,3
7479,6727.0,4623.0,sea_point,5718,Congo River,2
7480,6727.5,3286.5,path_vertex,,,2
7481,6727.68,4116.64,path_vertex,,,2
7482,6728.33,1765.88,path_vertex,,,2
7483,6729.7300000000005,4031.59,path_vertex,,,2
7484,6730.0,4394.0,province_center,1817,Sembé,5
7485,6731.0,4600.0,province_center,1780,Loudima,3
7486,6731.8,1535.0,path_vertex,,,2
7487,6732.0,2874.0,sea_point,5088,Mediterranean Sea,5
7488,6732.0,4517.11,path_vertex,,,2
7489,6732.1900000000005,4894.92,path_vertex,,,2
7490,6732.3,5102.900000000001,path_vertex,,,2
7491,6733.0,3067.0,sea_point,3504,Gulf of Gabes,6
7492,6733.0,5352.0,sea_point,3425,Atlantic Ocean,3
7493,6733.06,3896.2400000000002,path_vertex,,,2
7494,6733.32,2108.56,path_vertex,,,2
7495,6733.35,4473.95,path_vertex,,,2
7496,6733.41,3974.2000000000003,path_vertex,,,2
7497,6734.0,4629.0,sea_point,5722,Congo River,2
7498,6734.22,2188.2400000000002,path_vertex,,,2
7499,6735.0,1521.0,sea_point,5623,Kattegat,4
7500,6735.0,4936.0,province_center,1453,Lobito,3
7501,6735.0,5053.0,province_center,1459,Sá da Bandeira,6
7502,6735.0,5401.0,sea_point,3426,Atlantic Ocean,4
7503,6735.1,1567.1200000000001,path_vertex,,,2
7504,6735.2,3792.9900000000002,path_vertex,,,2
7505,6735.650000000001,4812.89,path_vertex,,,2
7506,6735.95,3085.32,path_vertex,,,2
7507,6736.0,2620.0,sea_point,3581,Tyrrhenian Sea,6
7508,6737.0,3099.0,province_center,1533,Misrata,5
7509,6737.0,3386.0,province_center,1537,Qatrun,5
7510,6738.07,4912.66,path_vertex,,,2
7511,6738.55,2133.3,path_vertex,,,2
7512,6738.58,1867.88,path_vertex,,,2
7513,6739.42,2475.34,path_vertex,,,2
7514,6740.0,4892.0,province_center,1668,Novo Redondo,6
7515,6740.07,4363.99,path_vertex,,,2
7516,6741.0,1451.0,province_center,35,Gothenburg,5
7517,6741.0,1574.0,sea_point,3738,Baltic Sea,4
7518,6741.29,2863.2200000000003,path_vertex,,,2
7519,6741.6900000000005,4490.46,path_vertex,,,2
7520,6741.79,3119.28,path_vertex,,,2
7521,6742.39,4671.2,path_vertex,,,2
7522,6742.9400000000005,4794.42,path_vertex,,,2
7523,6743.09,1262.04,path_vertex,,,2
7524,6744.0,2111.0,province_center,167,Salzburg,4
7525,6744.42,3299.12,path_vertex,,,2
7526,6744.64,4470.85,path_vertex,,,2
7527,6744.93,1393.34,path_vertex,,,2
7528,6744.9800000000005,2529.28,path_vertex,,,2
7529,6745.0,5458.0,sea_point,3423,Atlantic Ocean,3
7530,6746.0,1557.0,sea_point,3932,Bay of Kiel,2
7531,6746.66,4866.74,path_vertex,,,2
7532,6746.900000000001,5081.7,path_vertex,,,2
7533,6747.25,2570.73,path_vertex,,,2
7534,6747.85,1899.29,path_vertex,,,2
7535,6748.0,1873.0,province_center,115,Dresden,5
7536,6748.0,4658.0,province_center,1490,Matadi,4
7537,6748.400000000001,5331.2,path_vertex,,,2
7538,6750.0,2235.0,province_center,3332,Trieste,6
7539,6750.0,3231.0,province_center,1536,Socna,7
7540,6751.0,1352.0,path_vertex,,,3
7541,6751.0,1759.0,province_center,116,Berlin,3
7542,6751.0,2803.0,sea_point,3621,Northwestern Passages,2
7543,6751.33,4170.01,path_vertex,,,2
7544,6751.92,1572.6200000000001,path_vertex,,,2
7545,6753.0,4319.0,province_center,1608,Lomié,8
7546,6753.0,5347.87,path_vertex,,,2
7547,6753.64,3451.32,path_vertex,,,2
7548,6753.66,1210.22,path_vertex,,,2
7549,6754.0,4512.0,province_center,1782,Franceville,3
7550,6754.150000000001,4467.45,path_vertex,,,3
7551,6754.16,1094.8600000000001,path_vertex,,,2
7552,6754.78,5381.17,path_vertex,,,2
7553,6755.0,4951.0,path_vertex,,,2
7554,6755.66,3861.66,path_vertex,,,2
7555,6756.0,5122.0,path_vertex,,,2
7556,6756.75,4945.85,path_vertex,,,2
7557,6757.0,2947.0,sea_point,5057,Mediterranean Sea,5
7558,6757.0,4821.0,province_center,1461,Barraca,7
7559,6757.0,5103.0,province_center,1455,Humbe,3
7560,6758.0,4067.0,province_center,1610,Garoua,7
7561,6758.0,4626.0,sea_point,5723,Congo River,2
7562,6759.0,4540.0,path_vertex,,,3
7563,6759.0,5346.0,province_center,1451,Swakopmund,4
7564,6759.35,4931.55,path_vertex,,,2
7565,6759.650000000001,3731.2200000000003,path_vertex,,,2
7566,6759.83,4423.34,path_vertex,,,2
7567,6760.0,1982.0,province_center,171,Pilsen,5
7568,6761.0,2345.0,sea_point,3562,Adriatic Sea,4
7569,6761.0,2835.0,province_center,256,Palermo,3
7570,6761.4800000000005,2425.65,path_vertex,,,2
7571,6761.49,1058.06,path_vertex,,,2
7572,6761.7300000000005,4604.53,path_vertex,,,2
7573,6762.0,577.0,sea_point,5388,Norwegian Sea,5
7574,6762.0,4633.0,sea_point,5727,Congo River,2
7575,6762.0,4970.0,path_vertex,,,3
7576,6762.0,5818.0,sea_point,6124,Atlantic Ocean,6
7577,6762.24,3958.71,path_vertex,,,2
7578,6762.84,3206.0,path_vertex,,,2
7579,6762.91,4487.11,path_vertex,,,2
7580,6763.0,3927.0,province_center,1761,Dikwa,6
7581,6763.04,5361.28,path_vertex,,,2
7582,6764.360000000001,1749.8400000000001,path_vertex,,,2
7583,6764.650000000001,4214.09,path_vertex,,,2
7584,6764.6900000000005,1160.93,path_vertex,,,2
7585,6765.2,1506.7,path_vertex,,,2
7586,6766.5,3140.15,path_vertex,,,2
7587,6766.78,2591.34,path_vertex,,,2
7588,6767.0,5375.0,province_center,1440,Walvis Bay,5
7589,6767.03,2824.9,path_vertex,,,2
7590,6767.9800000000005,1551.1200000000001,path_vertex,,,2
7591,6767.99,4384.900000000001,path_vertex,,,2
7592,6768.0,1611.0,sea_point,3743,Baltic Sea,5
7593,6768.64,5452.92,path_vertex,,,2
7594,6769.25,5129.0,path_vertex,,,2
7595,6770.0,1568.0,province_center,29,Malmö,3
7596,6770.0,2275.0,path_vertex,,,2
7597,6771.0,2817.0,sea_point,5081,Tyrrhenian Sea,4
7598,6771.0,5541.0,sea_point,3422,Atlantic Ocean,6
7599,6771.12,3890.0,path_vertex,,,2
7600,6772.0,2418.0,sea_point,3566,Adriatic Sea,6
7601,6772.47,1767.1200000000001,path_vertex,,,2
7602,6773.0,4734.82,path_vertex,,,2
7603,6773.43,4274.46,path_vertex,,,2
7604,6773.67,3377.04,path_vertex,,,2
7605,6773.9800000000005,2232.96,path_vertex,,,2
7606,6775.0,2178.0,path_vertex,,,3
7607,6776.1900000000005,3501.01,path_vertex,,,2
7608,6776.31,3663.08,path_vertex,,,2
7609,6776.360000000001,3542.75,path_vertex,,,2
7610,6776.38,2935.92,path_vertex,,,2
7611,6776.38,2954.08,path_vertex,,,2
7612,6776.56,5095.26,path_vertex,,,2
7613,6777.0,806.0,sea_point,3812,Norwegian Sea,5
7614,6777.0,4440.0,province_center,1784,Makoua,6
7615,6777.16,4785.47,path_vertex,,,2
7616,6778.5,5216.5,path_vertex,,,2
7617,6778.87,1971.04,path_vertex,,,2
7618,6779.0,4640.0,sea_point,5728,Congo River,2
7619,6779.28,4539.93,path_vertex,,,2
7620,6779.5,1736.8,path_vertex,,,2
7621,6780.0,1451.45,path_vertex,,,2
7622,6780.150000000001,5117.45,path_vertex,,,3
7623,6780.6900000000005,4554.46,path_vertex,,,2
7624,6780.92,4981.62,path_vertex,,,2
7625,6781.21,4138.46,path_vertex,,,2
7626,6781.9400000000005,5003.24,path_vertex,,,2
7627,6782.35,5345.7300000000005,path_vertex,,,2
7628,6782.53,4520.150000000001,path_vertex,,,2
7629,6782.54,1555.69,path_vertex,,,2
7630,6782.900000000001,1942.08,path_vertex,,,2
7631,6783.84,3330.81,path_vertex,,,2
7632,6786.0,3120.0,sea_point,3505,Gulf of Gabes,5
7633,6786.64,3143.0,path_vertex,,,2
7634,6786.92,5318.42,path_vertex,,,2
7635,6786.9400000000005,3918.16,path_vertex,,,2
7636,6787.0,3153.0,province_center,1534,Sirte,6
7637,6787.3,3961.1,path_vertex,,,3
7638,6787.37,1989.7,path_vertex,,,2
7639,6789.0,2195.0,path_vertex,,,2
7640,6789.0,2574.0,province_center,261,Cassino,6
7641,6789.0,2937.0,province_center,1955,Victoria,2
7642,6789.0,2985.0,sea_point,5077,Mediterranean Sea,7
7643,6789.0,5538.18,path_vertex,,,2
7644,6789.610000000001,5165.06,path_vertex,,,2
7645,6789.85,3216.26,path_vertex,,,2
7646,6790.0,2494.0,province_center,259,Pescara,5
7647,6790.05,910.52,path_vertex,,,2
7648,6790.37,2531.29,path_vertex,,,2
7649,6790.53,4353.26,path_vertex,,,2
7650,6790.59,1809.41,path_vertex,,,2
7651,6791.0,4988.0,province_center,1456,Nova Lisboa,3
7652,6791.64,1696.24,path_vertex,,,2
7653,6792.0,2912.0,sea_point,3628,Tyrrhenian Sea,2
7654,6792.0,2965.0,path_vertex,,,2
7655,6793.0,2093.21,path_vertex,,,2
7656,6793.01,4411.0,path_vertex,,,2
7657,6793.150000000001,1491.75,path_vertex,,,2
7658,6793.22,3243.78,path_vertex,,,2
7659,6793.38,2490.4900000000002,path_vertex,,,2
7660,6794.0,1333.0,province_center,34,Karlstad,6
7661,6794.0,3832.0,province_center,1802,Mao,7
7662,6796.0,5536.0,province_center,1439,Lüderitz,5
7663,6796.400000000001,982.8000000000001,path_vertex,,,2
7664,6796.88,2943.07,path_vertex,,,2
7665,6797.0,726.0,sea_point,3814,Norwegian Sea,4
7666,6797.0,1119.0,province_center,32,Lofsdalen,6
7667,6797.0,2231.0,province_center,369,Ljubljana,5
7668,6797.0,2722.0,sea_point,3552,Tyrrhenian Sea,8
7669,6797.0,2956.0,province_center,1956,Valletta,3
7670,6797.0,4632.0,sea_point,5729,Congo River,2
7671,6797.54,3947.69,path_vertex,,,2
7672,6798.28,5285.96,path_vertex,,,2
7673,6799.0,1959.0,province_center,169,Prague,3
7674,6799.0,2293.0,path_vertex,,,2
7675,6799.0,3879.0,path_vertex,,,3
7676,6800.6,1172.51,path_vertex,,,2
7677,6800.900000000001,3187.7000000000003,path_vertex,,,2
7678,6801.22,4852.37,path_vertex,,,2
7679,6801.83,2554.03,path_vertex,,,2
7680,6801.9400000000005,2601.76,path_vertex,,,2
7681,6802.0,4208.0,province_center,1609,Doumé,8
7682,6802.46,5356.6900000000005,path_vertex,,,2
7683,6803.0,4967.0,path_vertex,,,2
7684,6803.28,2140.17,path_vertex,,,2
7685,6803.9400000000005,2274.4500000000003,path_vertex,,,2
7686,6804.0,4735.0,province_center,1666,Uíge,7
7687,6804.06,3896.2400000000002,path_vertex,,,2
7688,6804.110000000001,2948.4,path_vertex,,,2
7689,6805.05,1943.32,path_vertex,,,2
7690,6805.1,4951.3,path_vertex,,,2
7691,6805.78,4671.72,path_vertex,,,2
7692,6806.56,1492.07,path_vertex,,,2
7693,6806.83,5066.900000000001,path_vertex,,,2
7694,6807.2,4895.95,path_vertex,,,2
7695,6808.3,4982.900000000001,path_vertex,,,2
7696,6808.74,5012.11,path_vertex,,,2
7697,6809.0,1781.0,province_center,126,Küstrin,5
7698,6809.0,5943.0,sea_point,6135,Atlantic Ocean,6
7699,6809.39,2177.06,path_vertex,,,2
7700,6810.0,2468.0,sea_point,3567,Adriatic Sea,4
7701,6810.0,2619.0,province_center,246,Naples,3
7702,6810.0,2938.0,sea_point,5056,Malta Channel,3
7703,6810.0,3209.0,province_center,1556,Waddan,4
7704,6810.0,4611.0,province_center,1776,Brazzaville,3
7705,6810.05,2623.63,path_vertex,,,2
7706,6812.0,1653.0,sea_point,3744,Baltic Sea,3
7707,6812.0,1871.99,path_vertex,,,2
7708,6812.0,4373.0,province_center,1783,Ouesso,6
7709,6812.55,4489.7300000000005,path_vertex,,,2
7710,6813.0,1450.0,province_center,3293,Jönköping,3
7711,6813.0,3930.0,province_center,1809,Fort-Lamy,3
7712,6813.95,5506.150000000001,path_vertex,,,3
7713,6813.96,4059.4,path_vertex,,,2
7714,6814.22,5419.78,path_vertex,,,2
7715,6814.49,1971.39,path_vertex,,,2
7716,6814.63,5250.9800000000005,path_vertex,,,2
7717,6814.82,825.83,path_vertex,,,2
7718,6815.52,1281.1000000000001,path_vertex,,,2
7719,6816.0,2308.0,province_center,370,Rijeka,5
7720,6816.27,3160.8,path_vertex,,,2
7721,6816.6,2599.2000000000003,path_vertex,,,2
7722,6816.610000000001,3599.59,path_vertex,,,2
7723,6816.82,3768.38,path_vertex,,,2
7724,6816.87,1751.89,path_vertex,,,2
7725,6817.0,5159.0,province_center,1442,Oshakati,4
7726,6817.0,5496.0,path_vertex,,,2
7727,6817.05,1885.25,path_vertex,,,2
7728,6817.2,2837.9,path_vertex,,,2
7729,6818.0,1912.0,province_center,170,Liberec,4
7730,6818.0,4981.0,path_vertex,,,3
7731,6818.76,2315.85,path_vertex,,,2
7732,6819.0,1592.0,sea_point,3756,Baltic Sea,3
7733,6819.0,3995.52,path_vertex,,,2
7734,6819.51,2188.3,path_vertex,,,2
7735,6820.79,2524.44,path_vertex,,,2
7736,6821.0,5285.0,province_center,1435,Outjo,4
7737,6821.05,985.33,path_vertex,,,2
7738,6821.09,1676.15,path_vertex,,,2
7739,6821.42,3224.51,path_vertex,,,2
7740,6822.0,4630.0,sea_point,5731,Congo River,2
7741,6822.92,3200.05,path_vertex,,,2
7742,6823.0,2654.0,sea_point,3579,Tyrrhenian Sea,5
7743,6825.0,3491.0,province_center,1807,Bardaï,6
7744,6825.25,5126.0,path_vertex,,,2
7745,6826.0,1712.0,province_center,123,Stettin,6
7746,6826.0,2624.0,path_vertex,,,2
7747,6828.0,1124.34,path_vertex,,,2
7748,6828.0,2815.0,sea_point,5091,Tyrrhenian Sea,3
7749,6828.110000000001,5308.21,path_vertex,,,2
7750,6828.63,5496.29,path_vertex,,,2
7751,6830.08,4469.150000000001,path_vertex,,,2
7752,6831.24,2637.78,path_vertex,,,2
7753,6831.49,3438.41,path_vertex,,,2
7754,6831.87,1360.96,path_vertex,,,2
7755,6832.0,3724.0,province_center,1812,Ziguei,7
7756,6832.0,5438.0,province_center,1441,Solitaire,5
7757,6832.04,1479.58,path_vertex,,,2
7758,6833.0,4624.0,sea_point,5733,Congo River,2
7759,6834.62,4557.0,path_vertex,,,2
7760,6834.71,4182.06,path_vertex,,,2
7761,6835.22,4120.87,path_vertex,,,2
7762,6835.400000000001,1054.3,path_vertex,,,3
7763,6836.0,2374.0,sea_point,3561,Adriatic Sea,6
7764,6836.0,2626.0,province_center,264,Salerno,4
7765,6836.0,4617.0,sea_point,5735,Congo River,2
7766,6837.0,5469.0,path_vertex,,,2
7767,6838.0,838.0,province_center,43,Bodø,4
7768,6838.0,2159.0,province_center,166,Graz,7
7769,6838.0,5072.0,province_center,1458,Cassinga,7
7770,6838.16,4414.8,path_vertex,,,2
7771,6839.0,5342.0,province_center,1450,Otjimbingwe,7
7772,6839.5,5056.5,path_vertex,,,2
7773,6840.0,4814.0,path_vertex,,,2
7774,6840.0,5483.0,province_center,1438,Bethanie,4
7775,6840.0,6068.0,sea_point,6483,Atlantic Ocean,4
7776,6841.0,1493.0,province_center,37,Växjö,5
7777,6841.0,3359.0,province_center,1549,Timassah,6
7778,6841.0,4993.0,province_center,1457,Silva Porto,7
7779,6841.900000000001,2306.2000000000003,path_vertex,,,3
7780,6842.0,2615.0,path_vertex,,,3
7781,6842.87,5264.78,path_vertex,,,2
7782,6842.9400000000005,3946.9700000000003,path_vertex,,,2
7783,6843.0,5398.8,path_vertex,,,2
7784,6844.0,4534.0,province_center,1785,Gamboma,5
7785,6844.5,2113.46,path_vertex,,,2
7786,6845.0,4217.9400000000005,path_vertex,,,2
7787,6846.0,3059.0,sea_point,8323,Mediterranean Sea,6
7788,6846.14,2211.91,path_vertex,,,2
7789,6846.4400000000005,3320.0,path_vertex,,,2
7790,6847.0,2445.0,sea_point,8405,Adriatic Sea,5
7791,6847.14,3633.77,path_vertex,,,2
7792,6847.7300000000005,1171.0,path_vertex,,,2
7793,6848.0,1127.0,province_center,3291,Sveg,5
7794,6848.0,1199.0,province_center,33,Mora,5
7795,6848.6,4797.2,path_vertex,,,2
7796,6849.0,1053.69,path_vertex,,,2
7797,6849.0,2072.0,province_center,165,Sankt Pölten,3
7798,6849.400000000001,1970.67,path_vertex,,,2
7799,6849.6,5294.8,path_vertex,,,2
7800,6851.0,5432.79,path_vertex,,,2
7801,6851.74,2329.05,path_vertex,,,2
7802,6852.2,1545.6000000000001,path_vertex,,,2
7803,6852.27,941.38,path_vertex,,,2
7804,6852.76,3544.4700000000003,path_vertex,,,2
7805,6852.93,5470.17,path_vertex,,,2
7806,6853.01,2175.85,path_vertex,,,2
7807,6853.6900000000005,3881.46,path_vertex,,,2
7808,6853.81,4950.11,path_vertex,,,2
7809,6854.0,3261.0,province_center,1555,Zillah,7
7810,6854.0,3953.0,province_center,1803,Laï,6
7811,6855.0,1561.0,sea_point,3746,Baltic Sea,5
7812,6855.02,2358.41,path_vertex,,,2
7813,6855.56,3237.0,path_vertex,,,2
7814,6855.85,1780.17,path_vertex,,,2
7815,6856.28,1412.91,path_vertex,,,2
7816,6856.75,817.5600000000001,path_vertex,,,2
7817,6856.99,4633.96,path_vertex,,,2
7818,6857.0,4601.0,sea_point,5736,Congo River,2
7819,6857.0,5664.0,sea_point,3419,Atlantic Ocean,4
7820,6858.0,3556.0,province_center,1806,Ain Galakka,5
7821,6858.45,3772.52,path_vertex,,,2
7822,6858.66,3828.38,path_vertex,,,2
7823,6859.0,5487.0,path_vertex,,,2
7824,6860.0,2928.0,sea_point,5084,Mediterranean Sea,7
7825,6860.24,2265.43,path_vertex,,,2
7826,6860.42,1026.03,path_vertex,,,2
7827,6860.82,4340.0,path_vertex,,,2
7828,6861.0,2353.0,province_center,371,Zadar,5
7829,6861.0,2701.0,sea_point,3578,Tyrrhenian Sea,4
7830,6861.0,4812.0,province_center,1463,Malanje,4
7831,6861.32,5200.55,path_vertex,,,2
7832,6861.400000000001,4834.2,path_vertex,,,2
7833,6863.110000000001,2582.27,path_vertex,,,2
7834,6864.0,3172.0,province_center,1557,Bin Jawad,6
7835,6864.110000000001,1830.96,path_vertex,,,2
7836,6865.0,4161.0,province_center,1799,Koundé,5
7837,6865.0,5514.2,path_vertex,,,2
7838,6865.95,4314.24,path_vertex,,,2
7839,6866.76,4275.96,path_vertex,,,2
7840,6867.0,1065.0,path_vertex,,,2
7841,6867.0,4899.0,province_center,1672,Lúbia,7
7842,6867.77,3382.23,path_vertex,,,2
7843,6868.0,2524.0,sea_point,3568,Adriatic Sea,6
7844,6868.0,4573.0,sea_point,5738,Congo River,2
7845,6868.1,1764.45,path_vertex,,,2
7846,6868.54,2546.07,path_vertex,,,2
7847,6869.0,2572.0,province_center,263,Foggia,6
7848,6870.0,5662.54,path_vertex,,,2
7849,6870.29,5382.84,path_vertex,,,2
7850,6870.81,5608.75,path_vertex,,,2
7851,6871.0,2011.0,province_center,173,Brno,5
7852,6871.0,5559.79,path_vertex,,,2
7853,6871.150000000001,2823.6,path_vertex,,,2
7854,6871.66,4701.56,path_vertex,,,2
7855,6871.74,2263.4,path_vertex,,,2
7856,6872.0,1051.0,province_center,27,Östersund,4
7857,6873.0,1397.0,province_center,36,Linköping,6
7858,6873.06,2309.3,path_vertex,,,2
7859,6873.08,2684.62,path_vertex,,,2
7860,6873.2,3879.6,path_vertex,,,2
7861,6873.49,4195.0,path_vertex,,,2
7862,6874.89,2368.6,path_vertex,,,2
7863,6875.0,2200.0,province_center,368,Maribor,7
7864,6875.0,2280.0,path_vertex,,,2
7865,6875.0,5328.07,path_vertex,,,2
7866,6875.03,1207.39,path_vertex,,,2
7867,6875.04,1434.73,path_vertex,,,2
7868,6876.09,4513.18,path_vertex,,,2
7869,6877.0,2778.0,sea_point,3577,Tyrrhenian Sea,5
7870,6878.29,3166.7200000000003,path_vertex,,,2
7871,6878.95,4310.8,path_vertex,,,3
7872,6879.0,4559.0,sea_point,5739,Congo River,2
7873,6879.0,5261.0,province_center,1433,Otavi,2
7874,6880.0,1779.0,province_center,74,Poznań,6
7875,6880.0,2232.0,path_vertex,,,3
7876,6880.0,4225.0,province_center,1797,Carnot,6
7877,6880.05,2823.54,path_vertex,,,2
7878,6880.150000000001,2637.9700000000003,path_vertex,,,2
7879,6880.9400000000005,1679.5900000000001,path_vertex,,,2
7880,6881.0,4816.0,path_vertex,,,2
7881,6881.43,3997.89,path_vertex,,,2
7882,6881.74,1034.3700000000001,path_vertex,,,2
7883,6881.8,5360.400000000001,path_vertex,,,2
7884,6881.96,5245.1900000000005,path_vertex,,,2
7885,6882.0,4546.0,sea_point,5741,Congo River,2
7886,6882.28,2064.88,path_vertex,,,2
7887,6883.01,5157.04,path_vertex,,,2
7888,6884.0,1167.17,path_vertex,,,2
7889,6884.0,4628.0,province_center,1475,Léopoldville,3
7890,6884.41,1757.22,path_vertex,,,2
7891,6884.49,4111.5,path_vertex,,,2
7892,6884.650000000001,3324.87,path_vertex,,,2
7893,6884.96,4792.04,path_vertex,,,2
7894,6885.0,2824.0,sea_point,8782,Messina Canyon,4
7895,6885.14,1058.8600000000001,path_vertex,,,2
7896,6885.84,852.02,path_vertex,,,2
7897,6887.0,2988.0,sea_point,3506,Mediterranean Sea,6
7898,6887.0,5224.0,province_center,1449,Tsumeb,8
7899,6887.46,2248.69,path_vertex,,,2
7900,6887.5,2336.5,path_vertex,,,2
7901,6887.96,5031.46,path_vertex,,,2
7902,6888.0,3826.0,province_center,1810,Moussoro,7
7903,6888.0,5744.0,sea_point,3418,Atlantic Ocean,4
7904,6888.2,4265.07,path_vertex,,,2
7905,6889.0,2434.0,sea_point,3560,Adriatic Sea,6
7906,6889.75,5280.34,path_vertex,,,2
7907,6891.0,660.0,sea_point,3813,Norwegian Sea,5
7908,6891.0,4285.0,province_center,1786,Nola,5
7909,6891.0,4502.0,province_center,1777,Bonga,4
7910,6891.2300000000005,2823.15,path_vertex,,,2
7911,6891.5,1116.33,path_vertex,,,2
7912,6891.59,4395.9400000000005,path_vertex,,,2
7913,6891.71,2347.18,path_vertex,,,2
7914,6891.8,3268.13,path_vertex,,,2
7915,6891.81,2594.98,path_vertex,,,2
7916,6892.0,4527.0,sea_point,5745,Congo River,2
7917,6892.21,1279.44,path_vertex,,,2
7918,6893.0,2855.0,sea_point,3576,Mediterranean Sea,4
7919,6893.63,5068.22,path_vertex,,,2
7920,6894.0,1530.0,sea_point,3886,Baltic Sea,2
7921,6894.79,2157.42,path_vertex,,,2
7922,6895.0,2267.0,province_center,354,Zagreb,3
7923,6895.0,5821.0,sea_point,3417,Atlantic Ocean,4
7924,6895.68,1832.01,path_vertex,,,2
7925,6896.0,951.5,path_vertex,,,2
7926,6896.0,5418.0,province_center,1431,Rehoboth,7
7927,6896.41,2415.8,path_vertex,,,2
7928,6896.54,2027.76,path_vertex,,,2
7929,6897.0,1004.0,province_center,3292,Hammerdal,7
7930,6897.16,4904.54,path_vertex,,,2
7931,6899.0,1559.0,sea_point,3883,Baltic Sea,2
7932,6899.0,5007.9800000000005,path_vertex,,,2
7933,6899.75,2822.3,path_vertex,,,2
7934,6899.79,3657.59,path_vertex,,,2
7935,6900.18,1646.44,path_vertex,,,2
7936,6900.41,4865.3,path_vertex,,,2
7937,6900.62,5129.0,path_vertex,,,2
7938,6901.0,1619.0,sea_point,3748,Baltic Sea,6
7939,6901.0,1667.0,province_center,124,Kolberg,5
7940,6901.0,2403.0,province_center,363,Šibenik,4
7941,6901.0,2643.0,province_center,265,Potenza,6
7942,6901.0,5385.0,path_vertex,,,2
7943,6901.89,2279.14,path_vertex,,,2
7944,6902.17,3189.57,path_vertex,,,2
7945,6902.9800000000005,3253.51,path_vertex,,,2
7946,6903.0,2097.55,path_vertex,,,3
7947,6903.0,5369.0,province_center,1430,Windhoek,4
7948,6903.05,1994.65,path_vertex,,,2
7949,6904.0,3938.31,path_vertex,,,2
7950,6904.0,5349.0,path_vertex,,,2
7951,6904.81,4949.76,path_vertex,,,2
7952,6904.97,2084.33,path_vertex,,,2
7953,6905.0,5570.0,province_center,1436,Kalkfontein,5
7954,6905.04,5195.64,path_vertex,,,2
7955,6906.0,1870.0,province_center,129,Breslau,5
7956,6906.41,4761.38,path_vertex,,,2
7957,6906.96,3381.0,path_vertex,,,2
7958,6907.0,5261.0,path_vertex,,,2
7959,6907.0,5315.0,province_center,1448,Osire,8
7960,6907.51,2177.62,path_vertex,,,2
7961,6907.8,732.48,path_vertex,,,2
7962,6908.32,4355.58,path_vertex,,,2
7963,6908.62,5461.4800000000005,path_vertex,,,2
7964,6908.71,4632.18,path_vertex,,,2
7965,6909.33,4602.67,path_vertex,,,2
7966,6909.5,2288.65,path_vertex,,,3
7967,6910.0,1217.0,province_center,31,Falun,7
7968,6910.0,2060.0,province_center,158,Vienna,3
7969,6910.0,4044.0,province_center,1798,Brussaux,7
7970,6910.47,1321.68,path_vertex,,,2
7971,6911.0,3154.0,sea_point,3508,Gulf of Sidra,4
7972,6912.06,1028.65,path_vertex,,,2
7973,6913.110000000001,5528.03,path_vertex,,,2
7974,6913.4800000000005,3468.59,path_vertex,,,2
7975,6914.0,936.5,path_vertex,,,2
7976,6914.0,5617.0,path_vertex,,,2
7977,6916.0,768.0,province_center,40,Narvik,5
7978,6916.14,4309.91,path_vertex,,,2
7979,6916.64,2267.48,path_vertex,,,2
7980,6916.92,969.26,path_vertex,,,2
7981,6916.96,1425.04,path_vertex,,,2
7982,6918.0,514.0,sea_point,5322,Norwegian Sea,4
7983,6918.0,5497.0,province_center,1437,Keetmanshoop,7
7984,6918.07,3881.57,path_vertex,,,2
7985,6919.0,2768.15,path_vertex,,,2
7986,6919.0,5232.0,path_vertex,,,2
7987,6919.0,5656.0,province_center,1418,Springbok,4
7988,6919.03,2596.6,path_vertex,,,2
7989,6919.360000000001,4181.04,path_vertex,,,2
7990,6919.99,3988.75,path_vertex,,,2
7991,6921.0,5372.0,path_vertex,,,2
7992,6921.66,4440.55,path_vertex,,,2
7993,6921.7300000000005,5273.18,path_vertex,,,2
7994,6922.24,3709.11,path_vertex,,,2
7995,6922.29,2237.39,path_vertex,,,2
7996,6922.35,2711.0,path_vertex,,,2
7997,6922.82,1801.6100000000001,path_vertex,,,2
7998,6925.0,1430.0,sea_point,3805,Baltic Sea,6
7999,6925.56,801.23,path_vertex,,,2
8000,6926.0,957.0,province_center,26,Vilhelmina,4
8001,6926.0,2059.52,path_vertex,,,2
8002,6926.29,1887.19,path_vertex,,,2
8003,6926.6900000000005,5396.4400000000005,path_vertex,,,2
8004,6927.28,2631.35,path_vertex,,,2
8005,6928.27,5342.77,path_vertex,,,2
8006,6929.0,4486.0,sea_point,5747,Congo River,2
8007,6929.0,5065.0,province_center,1481,Menonge,7
8008,6929.0,5155.0,province_center,1446,Okongo,6
8009,6929.66,5126.0,path_vertex,,,2
8010,6931.0,1544.0,sea_point,3806,Baltic Sea,5
8011,6931.42,1745.72,path_vertex,,,2
8012,6932.0,2091.43,path_vertex,,,2
8013,6932.58,3188.85,path_vertex,,,2
8014,6932.88,4214.18,path_vertex,,,2
8015,6933.0,1475.0,sea_point,3870,Baltic Sea,2
8016,6934.0,5234.0,province_center,1434,Grootfontein,6
8017,6934.83,5204.25,path_vertex,,,2
8018,6935.0,5824.0,province_center,1408,Capetown,3
8019,6935.0,5832.0,path_vertex,,,2
8020,6935.0,5850.0,sea_point,3416,Atlantic Ocean,3
8021,6936.0,2763.0,province_center,266,Catanzaro,4
8022,6936.0,4408.0,province_center,1800,Epéna,4
8023,6936.0,4576.0,province_center,1492,Bandundu,5
8024,6936.0,4828.0,province_center,1667,Cacolo,6
8025,6936.25,5459.81,path_vertex,,,2
8026,6937.47,1714.6100000000001,path_vertex,,,2
8027,6938.13,3598.04,path_vertex,,,2
8028,6938.79,1144.67,path_vertex,,,2
8029,6939.0,2155.0,province_center,334,Keszthely,4
8030,6939.0,3199.0,province_center,1547,Marsa al Brega,6
8031,6939.05,2382.46,path_vertex,,,2
8032,6940.0,2317.0,province_center,362,Banja Luka,5
8033,6940.110000000001,5312.900000000001,path_vertex,,,2
8034,6940.2,937.6,path_vertex,,,2
8035,6941.0,2556.0,sea_point,3569,Adriatic Sea,4
8036,6942.0,1228.21,path_vertex,,,2
8037,6942.0,1973.0,province_center,172,Ostrava,5
8038,6942.0,3105.0,sea_point,3509,Gulf of Sidra,5
8039,6942.0,3926.0,province_center,1801,Archambault,6
8040,6942.0,5990.0,sea_point,6139,Atlantic Ocean,5
8041,6942.38,3250.96,path_vertex,,,2
8042,6943.0,2059.0,province_center,177,Bratislava,5
8043,6943.0,3277.0,province_center,1541,Zaltan,7
8044,6943.06,5797.12,path_vertex,,,2
8045,6943.07,2000.32,path_vertex,,,2
8046,6943.21,962.38,path_vertex,,,2
8047,6943.95,4758.0,path_vertex,,,2
8048,6943.99,2769.01,path_vertex,,,2
8049,6944.0,4377.0,path_vertex,,,2
8050,6944.43,1960.96,path_vertex,,,2
8051,6944.58,1855.27,path_vertex,,,2
8052,6945.0,869.0,province_center,24,Arjeborg,7
8053,6945.900000000001,3517.8,path_vertex,,,3
8054,6946.0,2505.0,sea_point,8409,Adriatic Sea,5
8055,6946.0,4487.0,sea_point,5750,Congo River,2
8056,6946.5,4284.09,path_vertex,,,2
8057,6946.76,5270.17,path_vertex,,,2
8058,6948.08,5037.63,path_vertex,,,2
8059,6948.52,3177.64,path_vertex,,,2
8060,6949.96,2669.83,path_vertex,,,2
8061,6951.0,1909.0,province_center,128,Oppeln,5
8062,6951.0,3039.0,sea_point,3510,Mediterranean Sea,5
8063,6951.0,4345.0,province_center,1787,Dongou,4
8064,6951.0,4450.0,sea_point,5759,Congo River,2
8065,6951.38,1336.92,path_vertex,,,2
8066,6952.0,3605.0,province_center,1805,Faya,5
8067,6952.0,4470.0,sea_point,5756,Congo River,2
8068,6952.62,2130.25,path_vertex,,,2
8069,6952.83,4255.93,path_vertex,,,2
8070,6953.0,5376.0,province_center,1432,Gobabis,7
8071,6953.51,4872.06,path_vertex,,,2
8072,6953.67,767.91,path_vertex,,,2
8073,6955.0,1647.46,path_vertex,,,2
8074,6955.0,3458.0,province_center,1538,Wath,7
8075,6955.0,4420.0,sea_point,5761,Congo River,2
8076,6955.97,3483.17,path_vertex,,,2
8077,6956.0,1099.0,province_center,30,Härnösand,6
8078,6956.0,4438.0,sea_point,5760,Congo River,2
8079,6956.96,2339.43,path_vertex,,,2
8080,6957.0,4375.0,sea_point,5771,Congo River,2
8081,6958.0,2616.0,province_center,262,Bari,4
8082,6958.0,5023.0,province_center,1673,Minendunda,5
8083,6958.01,2300.51,path_vertex,,,2
8084,6958.28,5815.07,path_vertex,,,2
8085,6958.81,4792.9400000000005,path_vertex,,,2
8086,6958.97,4027.12,path_vertex,,,2
8087,6959.0,5334.400000000001,path_vertex,,,2
8088,6959.2,2424.83,path_vertex,,,2
8089,6959.9800000000005,4616.77,path_vertex,,,2
8090,6960.0,2675.0,sea_point,3574,Gulf of Taranto,4
8091,6960.0,4398.0,sea_point,5769,Congo River,2
8092,6960.46,2649.69,path_vertex,,,2
8093,6960.95,1305.63,path_vertex,,,2
8094,6961.0,4100.0,path_vertex,,,2
8095,6961.0,5314.0,province_center,1447,Otjinene,5
8096,6961.05,3809.34,path_vertex,,,2
8097,6961.150000000001,3108.69,path_vertex,,,2
8098,6962.0,5744.0,province_center,1419,Calvinia,3
8099,6963.0,4363.0,sea_point,5772,Congo River,2
8100,6964.0,4124.0,path_vertex,,,2
8101,6964.0,4347.0,sea_point,5778,Congo River,2
8102,6964.32,2203.12,path_vertex,,,2
8103,6964.91,3045.4500000000003,path_vertex,,,2
8104,6965.0,1723.0,province_center,73,Bydgoszcz,7
8105,6966.0,863.86,path_vertex,,,2
8106,6966.0,2104.0,province_center,332,Györ,4
8107,6966.0,2458.0,sea_point,3559,Adriatic Sea,4
8108,6967.0,1597.0,sea_point,3752,Baltic Sea,5
8109,6967.06,4955.6,path_vertex,,,2
8110,6967.93,1106.3700000000001,path_vertex,,,2
8111,6969.96,1876.27,path_vertex,,,2
8112,6970.1900000000005,5790.38,path_vertex,,,2
8113,6971.0,1322.0,province_center,28,Stockholm,3
8114,6971.0,2358.0,province_center,361,Zenica,7
8115,6971.0,4285.0,path_vertex,,,2
8116,6971.0,4918.0,province_center,1671,Luso,6
8117,6971.18,3960.29,path_vertex,,,2
8118,6971.25,1964.95,path_vertex,,,2
8119,6971.26,3273.9900000000002,path_vertex,,,2
8120,6971.45,4477.43,path_vertex,,,2
8121,6971.91,4713.31,path_vertex,,,2
8122,6972.74,2448.48,path_vertex,,,2
8123,6973.0,2789.0,sea_point,3575,Ionian Sea,6
8124,6973.0,4639.0,province_center,1489,Kikwit,6
8125,6973.0,5809.0,province_center,1411,Worcester (ZA),5
8126,6973.85,3758.3,path_vertex,,,2
8127,6974.5,983.0,path_vertex,,,2
8128,6974.7,1448.03,path_vertex,,,2
8129,6975.0,3050.0,province_center,1535,Benghazi,3
8130,6975.0,4120.0,province_center,1813,Bossangoa,6
8131,6975.57,5150.150000000001,path_vertex,,,2
8132,6976.0,1227.0,sea_point,3801,Gulf of Bothnia,5
8133,6976.5,4142.5,path_vertex,,,2
8134,6976.78,3069.7000000000003,path_vertex,,,2
8135,6977.0,4267.0,province_center,1795,Bangui,4
8136,6977.18,2400.79,path_vertex,,,2
8137,6978.0,2281.0,province_center,367,Slavonski Brod,7
8138,6978.06,3861.76,path_vertex,,,2
8139,6978.18,1665.74,path_vertex,,,2
8140,6978.92,4238.62,path_vertex,,,2
8141,6979.0,3111.0,province_center,1546,Ajdabiya,5
8142,6980.0,4329.0,sea_point,5779,Congo River,2
8143,6981.0,2432.0,province_center,359,Mostar,7
8144,6981.0,4203.0,province_center,1796,Ft. Sibut,5
8145,6981.3,1792.7,path_vertex,,,2
8146,6981.51,2324.4500000000003,path_vertex,,,2
8147,6981.59,5648.27,path_vertex,,,2
8148,6982.0,5450.2300000000005,path_vertex,,,2
8149,6982.0,5522.49,path_vertex,,,2
8150,6982.0,5858.0,path_vertex,,,2
8151,6982.38,5390.9400000000005,path_vertex,,,2
8152,6982.47,2611.85,path_vertex,,,2
8153,6984.0,1636.0,province_center,72,Danzig,4
8154,6984.0,2872.0,sea_point,8329,Mediterranean Sea,6
8155,6984.0,4094.0,path_vertex,,,2
8156,6984.95,5497.82,path_vertex,,,2
8157,6985.14,2216.59,path_vertex,,,2
8158,6986.0,2735.0,sea_point,3635,Tyrrhenian Sea,2
8159,6987.0,1139.0,sea_point,3792,Gulf of Bothnia,4
8160,6987.0,4304.0,sea_point,5781,Congo River,2
8161,6987.07,1986.32,path_vertex,,,2
8162,6987.95,2190.4500000000003,path_vertex,,,2
8163,6988.0,1452.0,province_center,38,Visby,2
8164,6988.0,2372.0,path_vertex,,,2
8165,6988.06,3233.29,path_vertex,,,2
8166,6988.95,5601.52,path_vertex,,,2
8167,6989.06,1711.8,path_vertex,,,2
8168,6989.32,2017.19,path_vertex,,,2
8169,6989.37,4852.13,path_vertex,,,2
8170,6990.0,5872.0,sea_point,3414,Atlantic Ocean,6
8171,6990.04,3356.94,path_vertex,,,2
8172,6990.9800000000005,1328.42,path_vertex,,,2
8173,6990.99,5046.66,path_vertex,,,2
8174,6991.0,1836.0,province_center,76,Łódź,7
8175,6991.860000000001,2280.62,path_vertex,,,2
8176,6992.400000000001,2152.6,path_vertex,,,2
8177,6992.85,4139.77,path_vertex,,,2
8178,6994.0,4412.0,province_center,1484,Mbandaka,4
8179,6994.0,4737.0,province_center,1665,Dundo,6
8180,6994.07,5195.49,path_vertex,,,2
8181,6994.37,4253.71,path_vertex,,,2
8182,6994.8,2394.6,path_vertex,,,2
8183,6995.0,1631.79,path_vertex,,,2
8184,6995.12,4599.81,path_vertex,,,2
8185,6995.92,3388.38,path_vertex,,,2
8186,6996.1,4566.84,path_vertex,,,2
8187,6996.17,5080.59,path_vertex,,,2
8188,6996.34,2341.88,path_vertex,,,2
8189,6996.47,798.88,path_vertex,,,2
8190,6997.0,2609.0,sea_point,3570,Adriatic Sea,6
8191,6997.03,2306.9,path_vertex,,,2
8192,6997.4800000000005,4627.67,path_vertex,,,2
8193,6997.59,1935.69,path_vertex,,,2
8194,6998.49,4874.2300000000005,path_vertex,,,2
8195,6998.74,5736.52,path_vertex,,,2
8196,6999.35,1951.41,path_vertex,,,2
8197,7000.0,2045.1000000000001,path_vertex,,,2
8198,7000.0,4111.0,path_vertex,,,2
8199,7000.5,5120.56,path_vertex,,,2
8200,7000.64,5019.07,path_vertex,,,2
8201,7001.0,2382.0,province_center,357,Sarajevo,4
8202,7001.76,3039.06,path_vertex,,,2
8203,7002.0,1540.0,sea_point,8751,Baltic Sea,4
8204,7002.0,2200.0,province_center,333,Pécs,6
8205,7002.0,4276.0,sea_point,5782,Congo River,2
8206,7002.34,1888.66,path_vertex,,,2
8207,7002.4800000000005,1463.1000000000001,path_vertex,,,2
8208,7003.16,4821.88,path_vertex,,,2
8209,7003.62,1647.08,path_vertex,,,2
8210,7003.860000000001,1818.0,path_vertex,,,2
8211,7003.96,2368.28,path_vertex,,,2
8212,7004.0,2928.0,sea_point,8331,Mediterranean Sea,7
8213,7005.0,2995.0,sea_point,3512,Mediterranean Sea,4
8214,7005.0,5402.0,province_center,1644,Kule,5
8215,7005.75,1749.08,path_vertex,,,2
8216,7007.0,4860.0,province_center,1674,Lumeje,5
8217,7007.05,4669.97,path_vertex,,,2
8218,7007.37,4207.26,path_vertex,,,2
8219,7007.62,2221.0,path_vertex,,,2
8220,7007.68,4956.32,path_vertex,,,2
8221,7007.85,5475.7300000000005,path_vertex,,,2
8222,7008.0,3370.0,province_center,1540,Buzaymah,4
8223,7008.0,5505.0,province_center,1641,Two Rivers,6
8224,7008.32,3461.08,path_vertex,,,2
8225,7009.82,3349.71,path_vertex,,,2
8226,7011.0,4007.0,province_center,1794,Ndélé,5
8227,7013.400000000001,3507.04,path_vertex,,,2
8228,7014.0,1945.0,province_center,3280,Katowice,6
8229,7014.0,1994.0,province_center,174,Žilina,7
8230,7014.0,2330.0,province_center,360,Tuzla,6
8231,7014.0,3796.0,province_center,1804,Haraze,5
8232,7015.09,712.1800000000001,path_vertex,,,2
8233,7015.21,1966.05,path_vertex,,,2
8234,7015.32,2463.2400000000002,path_vertex,,,2
8235,7015.45,1914.25,path_vertex,,,2
8236,7016.150000000001,3566.46,path_vertex,,,2
8237,7017.0,1621.0,sea_point,3750,Baltic Sea,4
8238,7018.0,1739.19,path_vertex,,,2
8239,7018.13,5761.96,path_vertex,,,2
8240,7018.89,1017.69,path_vertex,,,2
8241,7019.0,1071.0,sea_point,3793,Gulf of Bothnia,3
8242,7019.0,1946.0,path_vertex,,,2
8243,7019.2,2410.53,path_vertex,,,2
8244,7020.0,843.0,province_center,3294,Jokkmokk,5
8245,7020.0,5278.28,path_vertex,,,2
8246,7020.47,4915.17,path_vertex,,,2
8247,7020.62,2115.7,path_vertex,,,2
8248,7020.75,3069.04,path_vertex,,,2
8249,7021.0,1413.0,sea_point,8753,Baltic Sea,3
8250,7021.0,5325.77,path_vertex,,,2
8251,7021.24,2380.06,path_vertex,,,2
8252,7021.26,5209.71,path_vertex,,,2
8253,7021.900000000001,5590.39,path_vertex,,,2
8254,7021.92,5823.08,path_vertex,,,2
8255,7022.25,2299.38,path_vertex,,,2
8256,7022.93,3428.89,path_vertex,,,2
8257,7023.0,1282.0,sea_point,3857,Gulf of Bothnia,2
8258,7023.0,1478.0,sea_point,8752,Baltic Sea,4
8259,7023.02,5354.1900000000005,path_vertex,,,2
8260,7024.95,3951.05,path_vertex,,,2
8261,7025.88,822.0,path_vertex,,,2
8262,7026.3,3371.9,path_vertex,,,2
8263,7026.84,3679.56,path_vertex,,,2
8264,7027.0,2278.0,province_center,366,Šabac,5
8265,7027.0,2474.0,province_center,355,Dubrovnik,3
8266,7027.0,4256.0,sea_point,5785,Congo River,2
8267,7027.17,2018.0,path_vertex,,,2
8268,7027.28,903.25,path_vertex,,,2
8269,7027.57,4736.4400000000005,path_vertex,,,2
8270,7027.85,2482.23,path_vertex,,,2
8271,7027.93,3730.88,path_vertex,,,2
8272,7029.0,1963.5,path_vertex,,,2
8273,7029.0,5642.0,province_center,1622,Pofadder,4
8274,7029.53,1932.94,path_vertex,,,2
8275,7031.0,2503.0,sea_point,3558,Adriatic Sea,7
8276,7031.0,5144.0,province_center,1445,Kapako,7
8277,7032.8,1864.6000000000001,path_vertex,,,2
8278,7033.0,1948.0,province_center,78,Kraków,4
8279,7034.0,3264.0,province_center,1542,Jalu,6
8280,7034.39,4373.09,path_vertex,,,2
8281,7034.6900000000005,3195.38,path_vertex,,,2
8282,7035.0,1195.0,sea_point,3789,Gulf of Bothnia,5
8283,7035.0,6084.0,sea_point,6484,Atlantic Ocean,4
8284,7036.0,1331.0,sea_point,3803,Baltic Sea,7
8285,7036.0,1768.0,province_center,77,Płock,4
8286,7036.0,2035.0,province_center,178,Banská Bystrica,5
8287,7036.0,2119.0,province_center,310,Budapest,2
8288,7036.92,1629.18,path_vertex,,,2
8289,7037.0,1779.0,path_vertex,,,4
8290,7037.04,4486.7300000000005,path_vertex,,,2
8291,7038.0,992.0,province_center,25,Umeå,6
8292,7038.0,5015.0,province_center,1670,Lumbala,6
8293,7039.0,1423.0,sea_point,4804,Baltic Sea,4
8294,7039.5,5513.95,path_vertex,,,3
8295,7040.0,767.0,province_center,22,Kiruna,7
8296,7040.1,1854.03,path_vertex,,,2
8297,7041.18,5369.24,path_vertex,,,2
8298,7041.47,4782.27,path_vertex,,,2
8299,7041.62,3618.85,path_vertex,,,2
8300,7042.52,2452.21,path_vertex,,,2
8301,7042.85,1935.23,path_vertex,,,2
8302,7044.0,5165.0,path_vertex,,,2
8303,7044.05,2104.68,path_vertex,,,2
8304,7045.12,2494.84,path_vertex,,,2
8305,7045.610000000001,3148.16,path_vertex,,,2
8306,7045.88,4044.87,path_vertex,,,2
8307,7046.0,600.0,sea_point,3815,Norwegian Sea,5
8308,7046.0,1567.0,sea_point,3757,Baltic Sea,5
8309,7046.0,2641.0,sea_point,3571,Adriatic Sea,4
8310,7046.0,4212.0,province_center,1788,Bambari,5
8311,7046.900000000001,3748.9,path_vertex,,,2
8312,7047.0,4886.5,path_vertex,,,2
8313,7047.47,2060.85,path_vertex,,,2
8314,7048.07,2365.04,path_vertex,,,2
8315,7048.71,1950.82,path_vertex,,,2
8316,7049.0,5831.0,province_center,1420,Mossel Bay,4
8317,7050.31,1763.52,path_vertex,,,2
8318,7050.34,2478.14,path_vertex,,,2
8319,7050.93,5118.1900000000005,path_vertex,,,2
8320,7051.0,4254.0,sea_point,5786,Congo River,2
8321,7052.14,2281.98,path_vertex,,,2
8322,7052.66,5766.0,path_vertex,,,2
8323,7052.900000000001,5840.0,path_vertex,,,2
8324,7053.49,1968.49,path_vertex,,,2
8325,7054.0,5723.0,province_center,1632,Carnarvon,5
8326,7054.06,707.84,path_vertex,,,2
8327,7054.9800000000005,5062.0,path_vertex,,,2
8328,7056.5,3338.0,path_vertex,,,2
8329,7056.6,1786.8,path_vertex,,,2
8330,7057.0,2080.0,province_center,331,Vác,5
8331,7057.0,3621.0,province_center,1808,Fada,6
8332,7057.14,4971.81,path_vertex,,,2
8333,7057.26,859.89,path_vertex,,,2
8334,7057.4400000000005,3218.92,path_vertex,,,2
8335,7057.58,1020.5400000000001,path_vertex,,,2
8336,7058.0,5855.0,sea_point,3413,Atlantic Ocean,3
8337,7058.07,4164.59,path_vertex,,,2
8338,7058.25,2298.3,path_vertex,,,2
8339,7059.0,2702.0,sea_point,3572,Ionian Sea,7
8340,7059.57,5469.57,path_vertex,,,2
8341,7060.25,3654.0,path_vertex,,,2
8342,7060.51,1169.32,path_vertex,,,2
8343,7060.78,4398.900000000001,path_vertex,,,2
8344,7060.95,685.1,path_vertex,,,3
8345,7061.66,4001.7200000000003,path_vertex,,,2
8346,7062.0,2241.0,province_center,364,Novi Sad,3
8347,7062.0,2796.0,sea_point,8332,Ionian Sea,5
8348,7062.5,2179.5,path_vertex,,,2
8349,7062.68,2424.03,path_vertex,,,2
8350,7063.0,1639.0,province_center,125,Königsberg,8
8351,7064.0,5197.0,province_center,1647,Shakawe,6
8352,7064.74,2332.78,path_vertex,,,2
8353,7065.0,2382.0,province_center,378,Užice,6
8354,7065.92,5513.55,path_vertex,,,2
8355,7066.0,1478.0,sea_point,3759,Baltic Sea,4
8356,7066.0,2481.0,province_center,377,Podgorica,7
8357,7066.0,3719.0,province_center,1811,Arada,6
8358,7066.21,1825.13,path_vertex,,,2
8359,7067.0,1034.0,sea_point,3794,Gulf of Bothnia,5
8360,7067.0,5096.0,province_center,1653,Jamba,4
8361,7067.62,2263.46,path_vertex,,,2
8362,7069.0,1085.0,province_center,8,Vaasa,3
8363,7069.77,1725.0,path_vertex,,,2
8364,7070.0,1073.0,path_vertex,,,2
8365,7070.0,1279.0,sea_point,3787,Gulf of Bothnia,5
8366,7070.0,3017.0,province_center,1545,Derna,5
8367,7070.13,1104.79,path_vertex,,,2
8368,7072.0,1755.0,province_center,3279,Przasnysz,6
8369,7072.0,5422.52,path_vertex,,,2
8370,7072.01,5281.0,path_vertex,,,2
8371,7072.29,899.23,path_vertex,,,2
8372,7072.83,1775.56,path_vertex,,,2
8373,7073.0,1795.0,province_center,75,Warsaw,3
8374,7073.0,2285.0,province_center,358,Belgrad,3
8375,7073.6900000000005,3917.58,path_vertex,,,2
8376,7075.0,1893.0,province_center,82,Kielce,8
8377,7075.0,4553.0,province_center,1660,Oshwe,7
8378,7075.6,3282.82,path_vertex,,,2
8379,7075.93,3005.33,path_vertex,,,2
8380,7076.0,1158.0,province_center,9,Pori,6
8381,7076.0,4268.0,sea_point,5789,Congo River,2
8382,7076.74,1550.44,path_vertex,,,2
8383,7077.0,2549.0,sea_point,3556,Adriatic Sea,4
8384,7077.0,4330.0,province_center,1483,Gemena,3
8385,7077.0,5336.0,province_center,1646,Dekar,7
8386,7077.68,1919.69,path_vertex,,,2
8387,7077.6900000000005,1493.46,path_vertex,,,2
8388,7078.0,2607.0,sea_point,3555,Adriatic Sea,4
8389,7078.0,4735.0,province_center,1488,Kapanga,5
8390,7078.67,4847.31,path_vertex,,,2
8391,7079.0,1951.0,province_center,80,Tarnów,5
8392,7079.0,4080.0,province_center,1792,Mouka,6
8393,7079.17,2368.62,path_vertex,,,2
8394,7079.57,5014.75,path_vertex,,,2
8395,7079.610000000001,1070.38,path_vertex,,,2
8396,7081.7300000000005,3098.1,path_vertex,,,2
8397,7082.0,871.0,province_center,23,Luleå,4
8398,7082.0,984.0,sea_point,3856,Gulf of Bothnia,2
8399,7082.0,1439.0,sea_point,3861,Baltic Sea,3
8400,7082.0,1498.0,province_center,69,Klaipėda,6
8401,7082.84,4234.68,path_vertex,,,2
8402,7083.0,954.0,sea_point,3798,Gulf of Bothnia,4
8403,7083.0,4910.0,province_center,1454,Cazombo,7
8404,7084.78,4587.49,path_vertex,,,2
8405,7085.0,1383.0,sea_point,3775,Baltic Sea,4
8406,7085.0,2984.0,sea_point,3513,Mediterranean Sea,5
8407,7085.06,2298.35,path_vertex,,,2
8408,7086.8,1228.68,path_vertex,,,2
8409,7086.97,850.4,path_vertex,,,2
8410,7087.81,1262.27,path_vertex,,,2
8411,7088.42,4352.4400000000005,path_vertex,,,2
8412,7088.63,5077.96,path_vertex,,,2
8413,7088.9800000000005,2452.98,path_vertex,,,2
8414,7089.46,1805.31,path_vertex,,,2
8415,7089.81,1515.33,path_vertex,,,2
8416,7089.9800000000005,4481.12,path_vertex,,,2
8417,7090.0,1256.0,province_center,11,Turku,5
8418,7090.13,3023.78,path_vertex,,,2
8419,7090.4400000000005,884.19,path_vertex,,,2
8420,7092.0,4671.0,path_vertex,,,2
8421,7092.09,2071.55,path_vertex,,,2
8422,7092.150000000001,4766.47,path_vertex,,,2
8423,7092.54,648.36,path_vertex,,,2
8424,7092.85,2405.38,path_vertex,,,2
8425,7092.900000000001,2049.36,path_vertex,,,2
8426,7093.97,1099.3700000000001,path_vertex,,,2
8427,7094.71,4161.26,path_vertex,,,2
8428,7094.95,4039.31,path_vertex,,,2
8429,7095.2,1551.0,path_vertex,,,2
8430,7096.0,3176.0,province_center,1543,Giarabub,7
8431,7097.04,5396.0,path_vertex,,,2
8432,7097.110000000001,3542.7000000000003,path_vertex,,,2
8433,7098.0,2857.0,sea_point,8334,Mediterranean Sea,6
8434,7099.0,1537.0,province_center,68,Tauragė,4
8435,7099.0,1744.39,path_vertex,,,2
8436,7099.0,2655.0,sea_point,3549,Ionian Sea,8
8437,7099.0,4641.0,province_center,1491,Luebo,5
8438,7099.37,4931.38,path_vertex,,,2
8439,7099.900000000001,2541.12,path_vertex,,,2
8440,7100.01,5749.64,path_vertex,,,2
8441,7101.0,663.0,province_center,42,Alta,4
8442,7101.0,1067.0,path_vertex,,,2
8443,7101.43,1865.4,path_vertex,,,2
8444,7101.87,5571.09,path_vertex,,,2
8445,7102.24,2516.2000000000003,path_vertex,,,2
8446,7102.6,3224.29,path_vertex,,,2
8447,7103.650000000001,4875.400000000001,path_vertex,,,2
8448,7104.0,2682.0,sea_point,3644,Tyrrhenian Sea,2
8449,7105.0,909.0,sea_point,3796,Gulf of Bothnia,3
8450,7105.0,2018.69,path_vertex,,,2
8451,7105.0,5974.0,sea_point,6138,Atlantic Ocean,6
8452,7105.96,1470.32,path_vertex,,,2
8453,7106.27,2251.1,path_vertex,,,2
8454,7106.79,2661.66,path_vertex,,,2
8455,7107.0,4389.0,province_center,1664,Lisala,5
8456,7107.0,5715.900000000001,path_vertex,,,2
8457,7107.07,1791.82,path_vertex,,,2
8458,7107.8,5778.8,path_vertex,,,2
8459,7108.04,2633.87,path_vertex,,,2
8460,7109.0,4267.0,sea_point,5791,Congo River,2
8461,7109.0,5434.0,province_center,1642,Kang,6
8462,7109.0,5617.87,path_vertex,,,2
8463,7109.16,2002.64,path_vertex,,,2
8464,7111.0,3297.0,province_center,1558,Kufra,5
8465,7111.0,3995.0,province_center,1793,Ouanda Djale,7
8466,7111.79,4096.95,path_vertex,,,2
8467,7112.0,992.0,sea_point,3799,Gulf of Bothnia,4
8468,7112.0,2421.0,province_center,376,Pristina,5
8469,7112.0,2616.0,province_center,205,Vlore,5
8470,7112.0,4252.0,province_center,1789,Mobaye,4
8471,7112.92,2098.9700000000003,path_vertex,,,2
8472,7113.0,468.0,sea_point,4959,Norwegian Sea,4
8473,7113.0,1976.27,path_vertex,,,2
8474,7113.74,1009.13,path_vertex,,,2
8475,7114.0,1023.0,province_center,7,Kokkola,7
8476,7114.41,2547.57,path_vertex,,,2
8477,7115.0,2530.0,province_center,204,Tirana,5
8478,7116.07,752.76,path_vertex,,,2
8479,7116.57,2361.63,path_vertex,,,2
8480,7117.0,2669.0,province_center,400,Corfu,2
8481,7117.01,3123.0,path_vertex,,,2
8482,7117.88,1703.0,path_vertex,,,2
8483,7118.0,2335.0,province_center,373,Kragujevac,6
8484,7118.35,5474.53,path_vertex,,,2
8485,7118.7,2464.05,path_vertex,,,2
8486,7118.85,704.46,path_vertex,,,2
8487,7119.0,1418.0,sea_point,3761,Baltic Sea,5
8488,7119.18,2150.06,path_vertex,,,2
8489,7122.39,3341.08,path_vertex,,,2
8490,7122.54,1424.48,path_vertex,,,2
8491,7123.56,1186.74,path_vertex,,,2
8492,7123.75,5357.5,path_vertex,,,2
8493,7123.89,3940.04,path_vertex,,,2
8494,7123.93,3185.79,path_vertex,,,2
8495,7124.0,4839.0,province_center,1657,Malonga,6
8496,7124.0,5763.0,province_center,1421,Victoria West,6
8497,7124.3,2192.65,path_vertex,,,2
8498,7127.0,2654.0,sea_point,3647,Tyrrhenian Sea,2
8499,7128.0,2513.0,path_vertex,,,2
8500,7128.0,5522.0,province_center,1640,Tshabong,5
8501,7128.26,1110.52,path_vertex,,,2
8502,7130.27,2645.63,path_vertex,,,2
8503,7130.37,2436.63,path_vertex,,,2
8504,7130.56,5824.61,path_vertex,,,2
8505,7130.67,3832.31,path_vertex,,,2
8506,7130.6900000000005,2677.7200000000003,path_vertex,,,2
8507,7131.0,1439.0,province_center,70,Talsi,4
8508,7132.0,2715.0,sea_point,3545,Ionian Sea,5
8509,7132.0,3381.0,province_center,1539,Al-Jawf,7
8510,7132.0,4273.0,sea_point,5792,Congo River,2
8511,7132.0,5844.0,sea_point,3412,Indian Ocean,5
8512,7132.68,1921.66,path_vertex,,,2
8513,7132.97,1562.42,path_vertex,,,2
8514,7133.58,2624.28,path_vertex,,,2
8515,7133.97,3432.5,path_vertex,,,2
8516,7134.650000000001,4051.78,path_vertex,,,2
8517,7135.0,574.0,sea_point,3968,Bay of Kiel,2
8518,7135.0,1828.0,province_center,47,Dęblin,7
8519,7135.0,3468.0,province_center,1548,At Tallab,7
8520,7135.55,4703.46,path_vertex,,,2
8521,7136.0,2772.0,sea_point,3544,Ionian Sea,6
8522,7136.35,1947.18,path_vertex,,,2
8523,7136.97,1778.74,path_vertex,,,2
8524,7137.0,748.0,province_center,4,Enontekiö,4
8525,7137.0,1415.0,sea_point,3860,Gulf of Riga,2
8526,7137.67,5743.56,path_vertex,,,2
8527,7138.0,1727.0,province_center,83,Łomża,8
8528,7138.4400000000005,2410.31,path_vertex,,,2
8529,7140.38,1591.92,path_vertex,,,2
8530,7141.0,2061.0,province_center,330,Miskolc,6
8531,7141.68,2530.17,path_vertex,,,2
8532,7142.04,4308.6,path_vertex,,,2
8533,7142.43,4473.43,path_vertex,,,2
8534,7143.0,2177.0,province_center,336,Gyula,8
8535,7143.05,1634.3600000000001,path_vertex,,,2
8536,7144.0,3042.0,province_center,1544,Tobruk,4
8537,7144.2300000000005,2208.35,path_vertex,,,2
8538,7144.4400000000005,5298.16,path_vertex,,,2
8539,7144.5,871.5,path_vertex,,,2
8540,7145.0,2260.0,province_center,365,Vršac,4
8541,7145.01,2359.34,path_vertex,,,2
8542,7145.41,1435.27,path_vertex,,,2
8543,7146.0,1197.0,province_center,13,Tampere,3
8544,7146.24,3984.9700000000003,path_vertex,,,2
8545,7146.88,3243.32,path_vertex,,,2
8546,7147.3,5269.06,path_vertex,,,2
8547,7148.360000000001,3021.0,path_vertex,,,2
8548,7149.1900000000005,5195.81,path_vertex,,,2
8549,7149.360000000001,4173.0,path_vertex,,,2
8550,7149.4800000000005,2026.0,path_vertex,,,2
8551,7149.97,3800.07,path_vertex,,,2
8552,7150.0,2453.0,province_center,375,Skopje,7
8553,7150.0,2689.0,sea_point,3548,Ionian Sea,4
8554,7150.110000000001,1871.68,path_vertex,,,2
8555,7150.110000000001,4926.41,path_vertex,,,2
8556,7151.0,1322.0,sea_point,3780,Gulf of Finland,6
8557,7151.0,2999.0,sea_point,3514,Mediterranean Sea,5
8558,7151.08,5560.1,path_vertex,,,2
8559,7151.3,1521.65,path_vertex,,,3
8560,7152.16,2090.36,path_vertex,,,2
8561,7152.21,1533.58,path_vertex,,,2
8562,7153.0,2006.0,province_center,175,Košice,6
8563,7153.82,5407.61,path_vertex,,,2
8564,7153.88,1061.06,path_vertex,,,2
8565,7154.0,4266.0,sea_point,5793,Congo River,2
8566,7154.55,4077.4500000000003,path_vertex,,,3
8567,7154.89,4877.3,path_vertex,,,2
8568,7154.99,4654.16,path_vertex,,,2
8569,7155.24,1178.47,path_vertex,,,2
8570,7156.0,904.0,sea_point,3795,Gulf of Bothnia,5
8571,7156.0,2906.0,sea_point,8333,Mediterranean Sea,6
8572,7156.5,5149.95,path_vertex,,,3
8573,7156.85,2685.64,path_vertex,,,2
8574,7156.92,2138.0,path_vertex,,,2
8575,7157.95,5652.5,path_vertex,,,2
8576,7158.51,1844.8700000000001,path_vertex,,,2
8577,7158.84,4400.27,path_vertex,,,2
8578,7158.96,1216.08,path_vertex,,,2
8579,7159.0,2634.0,province_center,391,Ioannina,5
8580,7159.75,5128.5,path_vertex,,,3
8581,7160.0,1582.0,province_center,67,Kaunas,5
8582,7160.400000000001,4782.7,path_vertex,,,3
8583,7161.0,5013.0,province_center,1384,Mongu,6
8584,7161.0,5707.0,province_center,1425,De Aar,5
8585,7161.05,1222.0,path_vertex,,,2
8586,7161.18,1810.82,path_vertex,,,2
8587,7161.37,5122.0,path_vertex,,,2
8588,7161.63,5157.49,path_vertex,,,2
8589,7162.0,1432.0,sea_point,3762,Gulf of Riga,5
8590,7162.09,1652.6100000000001,path_vertex,,,2
8591,7162.64,5803.4800000000005,path_vertex,,,2
8592,7162.81,4041.12,path_vertex,,,2
8593,7163.1,1600.07,path_vertex,,,2
8594,7163.14,5774.3,path_vertex,,,2
8595,7163.29,4243.52,path_vertex,,,2
8596,7163.6,4829.28,path_vertex,,,2
8597,7164.0,1391.0,sea_point,3766,Gulf of Riga,4
8598,7164.0,2116.0,province_center,335,Debrecen,6
8599,7164.0,4258.0,sea_point,5806,Congo River,2
8600,7164.0,5286.0,province_center,1645,Maun,5
8601,7164.42,1978.3400000000001,path_vertex,,,2
8602,7164.83,2654.17,path_vertex,,,2
8603,7165.76,5316.32,path_vertex,,,2
8604,7165.82,894.12,path_vertex,,,2
8605,7166.39,3729.87,path_vertex,,,2
8606,7166.6,959.8000000000001,path_vertex,,,2
8607,7166.81,3290.1,path_vertex,,,2
8608,7167.2,2187.6,path_vertex,,,2
8609,7167.77,1335.02,path_vertex,,,2
8610,7168.0,1632.0,province_center,66,Alytus,5
8611,7168.0,3614.92,path_vertex,,,2
8612,7168.0,3696.6800000000003,path_vertex,,,2
8613,7168.0,4132.0,province_center,1791,Yalanga,6
8614,7168.13,1468.14,path_vertex,,,2
8615,7168.85,2595.4500000000003,path_vertex,,,2
8616,7168.900000000001,2202.29,path_vertex,,,2
8617,7168.900000000001,2419.0,path_vertex,,,2
8618,7170.81,4736.81,path_vertex,,,2
8619,7171.0,2679.0,province_center,399,Arta,5
8620,7171.03,1746.04,path_vertex,,,2
8621,7171.45,3829.15,path_vertex,,,3
8622,7171.6,837.6800000000001,path_vertex,,,2
8623,7172.0,1722.46,path_vertex,,,2
8624,7172.0,5598.0,province_center,1422,Hopetown,5
8625,7172.72,2596.2200000000003,path_vertex,,,2
8626,7172.900000000001,5268.3,path_vertex,,,2
8627,7172.9400000000005,5732.93,path_vertex,,,2
8628,7173.0,3202.0,province_center,1396,Siwa,6
8629,7174.0,1339.0,province_center,55,Haapsalu,3
8630,7174.0,2729.0,sea_point,3649,Tyrrhenian Sea,2
8631,7174.43,2518.35,path_vertex,,,2
8632,7176.0,6084.0,sea_point,6485,Indian Ocean,4
8633,7176.13,5498.88,path_vertex,,,2
8634,7176.150000000001,5449.41,path_vertex,,,2
8635,7176.76,931.0600000000001,path_vertex,,,2
8636,7176.97,4193.03,path_vertex,,,2
8637,7177.0,1944.0,province_center,148,Przemyśl,7
8638,7177.0,5822.0,province_center,1409,Port Elizabeth,4
8639,7177.54,2620.92,path_vertex,,,2
8640,7177.8,2650.4,path_vertex,,,2
8641,7177.8,5832.16,path_vertex,,,2
8642,7178.0,5846.0,sea_point,3411,Indian Ocean,3
8643,7179.0,5392.0,province_center,1652,Takatokwane,6
8644,7179.06,2240.7200000000003,path_vertex,,,2
8645,7179.42,1264.91,path_vertex,,,2
8646,7179.42,4766.900000000001,path_vertex,,,2
8647,7179.43,1896.29,path_vertex,,,2
8648,7179.49,1531.51,path_vertex,,,2
8649,7180.0,1860.0,province_center,81,Lublin,7
8650,7181.110000000001,2636.65,path_vertex,,,2
8651,7182.59,1489.3500000000001,path_vertex,,,2
8652,7182.66,3154.0,path_vertex,,,2
8653,7183.0,869.0,province_center,5,Rovaniemi,8
8654,7183.0,1438.0,sea_point,3763,Gulf of Riga,4
8655,7183.0,2194.0,province_center,337,Timisoara,3
8656,7183.0,4239.0,province_center,1790,Bangassou,3
8657,7183.05,4347.27,path_vertex,,,2
8658,7183.71,2564.14,path_vertex,,,2
8659,7184.0,2389.0,province_center,374,Niš,7
8660,7184.45,4112.55,path_vertex,,,3
8661,7184.67,3068.1,path_vertex,,,2
8662,7184.71,5540.76,path_vertex,,,2
8663,7185.55,2663.62,path_vertex,,,2
8664,7185.7,708.44,path_vertex,,,2
8665,7186.0,4256.0,sea_point,5871,Congo River,2
8666,7186.860000000001,2205.64,path_vertex,,,2
8667,7187.150000000001,5588.16,path_vertex,,,2
8668,7187.53,3329.23,path_vertex,,,2
8669,7187.7300000000005,1224.88,path_vertex,,,2
8670,7187.92,917.62,path_vertex,,,2
8671,7188.0,2294.5,path_vertex,,,2
8672,7188.85,5796.77,path_vertex,,,2
8673,7189.0,1095.0,province_center,12,Jyväskylä,7
8674,7189.0,2559.0,province_center,396,Kastoria,5
8675,7189.0,2611.0,province_center,397,Grevena,8
8676,7189.33,1458.19,path_vertex,,,2
8677,7190.0,935.0,province_center,6,Oulu,3
8678,7190.0,1405.0,sea_point,3765,Gulf of Riga,4
8679,7190.0,3971.0,province_center,1819,Kafia Kingi,5
8680,7190.29,4076.84,path_vertex,,,2
8681,7190.53,1575.93,path_vertex,,,2
8682,7191.32,2170.93,path_vertex,,,2
8683,7191.54,2624.0,path_vertex,,,2
8684,7191.83,5299.95,path_vertex,,,2
8685,7192.0,750.0,path_vertex,,,2
8686,7192.0,1470.0,province_center,62,Riga,5
8687,7192.26,2674.92,path_vertex,,,2
8688,7192.41,3544.54,path_vertex,,,2
8689,7192.77,1832.1200000000001,path_vertex,,,2
8690,7193.0,2637.0,province_center,398,Kalabaka,5
8691,7193.63,3389.2200000000003,path_vertex,,,2
8692,7193.9400000000005,2640.76,path_vertex,,,2
8693,7194.0,4563.0,path_vertex,,,3
8694,7195.610000000001,1425.8500000000001,path_vertex,,,2
8695,7195.610000000001,1591.9,path_vertex,,,2
8696,7196.0,3470.98,path_vertex,,,2
8697,7196.0,4408.0,province_center,1477,Basoko,5
8698,7196.0,5783.0,province_center,1410,Cradock,5
8699,7196.150000000001,2496.0,path_vertex,,,3
8700,7196.55,3423.46,path_vertex,,,2
8701,7197.0,2230.0,province_center,346,Reșița,5
8702,7197.0,2652.0,province_center,389,Trikala,4
8703,7197.0,3076.0,province_center,1397,Sallum,5
8704,7197.02,1506.38,path_vertex,,,2
8705,7197.85,2577.46,path_vertex,,,2
8706,7198.0,1267.0,province_center,14,Helsinki,4
8707,7198.0,2746.0,sea_point,3542,Ionian Sea,5
8708,7199.0,2663.0,path_vertex,,,2
8709,7199.18,2731.0,path_vertex,,,2
8710,7199.57,5811.41,path_vertex,,,2
8711,7200.0,2718.0,province_center,407,Agrinio,3
8712,7200.53,4105.28,path_vertex,,,2
8713,7200.59,1277.3500000000001,path_vertex,,,2
8714,7200.9800000000005,2016.43,path_vertex,,,2
8715,7201.0,2671.0,province_center,403,Karditsa,6
8716,7201.1,2698.12,path_vertex,,,2
8717,7202.0,1250.0,path_vertex,,,2
8718,7202.0,4572.0,path_vertex,,,2
8719,7202.0,5194.0,province_center,1648,Savuti,5
8720,7202.900000000001,1322.17,path_vertex,,,2
8721,7203.0,1400.0,path_vertex,,,2
8722,7203.0,1721.0,province_center,3281,Białystok,3
8723,7203.0,4665.0,province_center,1486,Lusambo,7
8724,7203.76,1180.76,path_vertex,,,2
8725,7205.0,2036.0,path_vertex,,,2
8726,7205.68,2619.4,path_vertex,,,2
8727,7205.91,2745.63,path_vertex,,,2
8728,7206.0,4997.9800000000005,path_vertex,,,2
8729,7206.47,2648.12,path_vertex,,,2
8730,7207.400000000001,4560.79,path_vertex,,,2
8731,7207.57,2518.52,path_vertex,,,2
8732,7207.77,2662.85,path_vertex,,,2
8733,7207.85,2186.09,path_vertex,,,2
8734,7207.85,2639.77,path_vertex,,,2
8735,7208.02,3244.09,path_vertex,,,2
8736,7208.96,5425.68,path_vertex,,,2
8737,7209.0,1571.0,province_center,65,Vilnius,5
8738,7209.0,1745.0,path_vertex,,,2
8739,7209.360000000001,2552.4500000000003,path_vertex,,,2
8740,7209.66,2357.62,path_vertex,,,2
8741,7209.96,3049.62,path_vertex,,,2
8742,7210.0,1217.0,province_center,164,Lahti,4
8743,7210.02,1445.95,path_vertex,,,2
8744,7210.18,1631.26,path_vertex,,,2
8745,7210.1900000000005,1490.21,path_vertex,,,2
8746,7210.400000000001,5353.12,path_vertex,,,2
8747,7212.51,4522.86,path_vertex,,,2
8748,7212.7,2092.21,path_vertex,,,2
8749,7214.0,4256.0,sea_point,5893,Congo River,2
8750,7215.0,4592.0,path_vertex,,,3
8751,7215.650000000001,2184.0,path_vertex,,,3
8752,7215.76,2067.52,path_vertex,,,2
8753,7215.83,4376.46,path_vertex,,,2
8754,7216.13,1377.8700000000001,path_vertex,,,2
8755,7216.67,3922.4300000000003,path_vertex,,,2
8756,7216.7300000000005,5708.27,path_vertex,,,2
8757,7218.0,1771.0,province_center,41,Brześć,6
8758,7219.0,1291.0,sea_point,3767,Gulf of Finland,4
8759,7219.0,2548.0,province_center,395,Edessa,5
8760,7219.12,1834.29,path_vertex,,,2
8761,7220.26,1256.56,path_vertex,,,2
8762,7222.0,1582.98,path_vertex,,,2
8763,7222.0,4814.0,province_center,1654,Kolwezi,6
8764,7222.24,2700.94,path_vertex,,,2
8765,7222.91,4582.97,path_vertex,,,2
8766,7223.0,1384.0,province_center,58,Pärnu,6
8767,7223.32,5783.68,path_vertex,,,2
8768,7223.45,1300.3600000000001,path_vertex,,,2
8769,7224.0,2728.0,sea_point,3653,Tyrrhenian Sea,2
8770,7224.0,3019.0,sea_point,3515,Mediterranean Sea,4
8771,7224.34,4438.99,path_vertex,,,2
8772,7224.400000000001,1715.2,path_vertex,,,2
8773,7224.54,1406.46,path_vertex,,,2
8774,7224.74,1337.0,path_vertex,,,2
8775,7224.900000000001,1482.1100000000001,path_vertex,,,2
8776,7225.0,1424.0,province_center,61,Cēsis,6
8777,7225.0,1675.5,path_vertex,,,2
8778,7225.12,4876.0,path_vertex,,,2
8779,7225.25,1552.14,path_vertex,,,2
8780,7225.54,2573.69,path_vertex,,,2
8781,7226.0,1307.0,province_center,54,Tallinn,4
8782,7226.0,2643.0,province_center,401,Larissa,6
8783,7226.0,3736.0,province_center,1754,Kutum,6
8784,7227.83,3998.25,path_vertex,,,2
8785,7227.9800000000005,1987.0,path_vertex,,,2
8786,7228.0,565.0,sea_point,3816,Barents Sea,4
8787,7228.0,1642.0,path_vertex,,,2
8788,7228.0,4260.0,sea_point,5919,Congo River,2
8789,7228.0,4562.0,province_center,1485,Lodja,4
8790,7228.29,5250.43,path_vertex,,,2
8791,7228.54,2665.71,path_vertex,,,2
8792,7228.9400000000005,5123.16,path_vertex,,,2
8793,7229.0,2743.0,province_center,405,Patras,3
8794,7229.0,4080.0,province_center,1820,Deim Zubeir,6
8795,7230.0,4989.0,province_center,3287,Mankoya,6
8796,7230.07,5034.63,path_vertex,,,2
8797,7230.47,2586.88,path_vertex,,,2
8798,7230.71,1038.82,path_vertex,,,2
8799,7231.0,5556.0,province_center,1424,Kimberley,5
8800,7231.09,2245.64,path_vertex,,,2
8801,7231.46,5401.31,path_vertex,,,2
8802,7232.34,2210.26,path_vertex,,,2
8803,7232.7300000000005,2125.73,path_vertex,,,2
8804,7233.400000000001,2683.2000000000003,path_vertex,,,2
8805,7233.6900000000005,3786.0,path_vertex,,,2
8806,7234.07,2156.16,path_vertex,,,2
8807,7234.24,2647.3,path_vertex,,,2
8808,7235.0,2842.0,sea_point,3540,Hellenic Trench,6
8809,7235.0,3474.0,province_center,1518,Aṣ-ṣaḥrā,5
8810,7235.07,2569.06,path_vertex,,,2
8811,7235.8,1907.75,path_vertex,,,3
8812,7236.0,3394.0,province_center,1519,Eastern Sand Sea,6
8813,7236.0,5320.0,province_center,1649,Mopipi,8
8814,7236.02,3419.89,path_vertex,,,2
8815,7236.62,4062.1800000000003,path_vertex,,,2
8816,7236.650000000001,3503.0,path_vertex,,,2
8817,7236.79,3653.28,path_vertex,,,2
8818,7236.95,1784.53,path_vertex,,,2
8819,7237.0,2604.0,path_vertex,,,2
8820,7237.0,2954.0,sea_point,8336,Mediterranean Sea,8
8821,7237.62,5514.13,path_vertex,,,2
8822,7237.650000000001,3323.91,path_vertex,,,2
8823,7237.6900000000005,2620.7200000000003,path_vertex,,,2
8824,7238.0,3280.0,province_center,1517,Abu Minqar,6
8825,7238.0,4338.0,province_center,1479,Buta,5
8826,7238.6,1393.78,path_vertex,,,2
8827,7239.0,2686.0,province_center,404,Lamia,5
8828,7239.0,2765.0,path_vertex,,,3
8829,7239.54,1944.31,path_vertex,,,2
8830,7239.74,5742.12,path_vertex,,,2
8831,7240.12,4413.9800000000005,path_vertex,,,2
8832,7240.2,4719.37,path_vertex,,,2
8833,7240.610000000001,4792.11,path_vertex,,,2
8834,7240.99,1749.67,path_vertex,,,2
8835,7241.58,4152.9,path_vertex,,,2
8836,7241.900000000001,4551.3,path_vertex,,,2
8837,7241.9800000000005,5341.13,path_vertex,,,2
8838,7242.0,3178.9300000000003,path_vertex,,,2
8839,7242.0,3610.0,province_center,1750,Darfur,6
8840,7243.0,5830.0,sea_point,3410,Indian Ocean,4
8841,7244.0,2314.0,province_center,372,Negotin,3
8842,7244.0,2579.0,province_center,387,Thessaloniki,5
8843,7244.0,2603.0,sea_point,3333,Thermaic Gulf,5
8844,7244.0,4278.0,sea_point,5926,Congo River,2
8845,7244.0,5465.0,province_center,1643,Kanye,8
8846,7244.2300000000005,2584.88,path_vertex,,,2
8847,7244.49,3075.1,path_vertex,,,2
8848,7244.82,1923.68,path_vertex,,,2
8849,7245.0,1527.0,province_center,64,Daugavpils,7
8850,7246.0,3867.0,province_center,1755,Nyala,7
8851,7246.02,1965.98,path_vertex,,,2
8852,7246.3,3226.6,path_vertex,,,2
8853,7246.85,2697.5,path_vertex,,,2
8854,7246.85,3807.05,path_vertex,,,3
8855,7246.85,5115.5,path_vertex,,,2
8856,7247.0,2026.0,province_center,176,Mukačevo,5
8857,7247.28,958.3100000000001,path_vertex,,,2
8858,7247.42,2809.85,path_vertex,,,2
8859,7247.4400000000005,2786.92,path_vertex,,,2
8860,7248.0,742.0,province_center,3,Ivalo,6
8861,7248.16,3758.12,path_vertex,,,2
8862,7248.1900000000005,2673.68,path_vertex,,,2
8863,7250.1900000000005,1416.55,path_vertex,,,2
8864,7250.5,1545.1200000000001,path_vertex,,,2
8865,7250.7300000000005,2521.04,path_vertex,,,2
8866,7251.0,4015.0,province_center,1844,Raga,5
8867,7251.0,4574.0,path_vertex,,,2
8868,7251.12,2046.96,path_vertex,,,2
8869,7251.37,3131.07,path_vertex,,,2
8870,7251.79,2567.33,path_vertex,,,2
8871,7252.0,2378.1,path_vertex,,,2
8872,7252.0,2731.0,sea_point,3543,Tyrrhenian Sea,2
8873,7252.0,2769.0,path_vertex,,,2
8874,7252.0,2798.0,province_center,390,Sparti,3
8875,7252.02,5434.5,path_vertex,,,2
8876,7253.2,3952.1,path_vertex,,,2
8877,7254.0,5959.0,sea_point,6136,Indian Ocean,6
8878,7254.38,1457.8700000000001,path_vertex,,,2
8879,7254.82,3786.71,path_vertex,,,2
8880,7255.0,2070.0,province_center,348,Satu Mare,6
8881,7255.0,4283.0,sea_point,5937,Congo River,2
8882,7255.3,2561.65,path_vertex,,,3
8883,7255.5,2225.0,path_vertex,,,2
8884,7255.860000000001,2461.1,path_vertex,,,2
8885,7256.16,2644.88,path_vertex,,,2
8886,7256.91,2588.85,path_vertex,,,2
8887,7257.0,1944.0,province_center,79,Lwów,3
8888,7257.0,2539.46,path_vertex,,,2
8889,7257.0,2659.0,province_center,402,Volos,4
8890,7257.0,4394.0,path_vertex,,,2
8891,7257.75,1063.13,path_vertex,,,2
8892,7258.8,5152.2,path_vertex,,,2
8893,7259.0,5406.0,province_center,1651,Molepolole,5
8894,7259.99,2395.4700000000003,path_vertex,,,2
8895,7260.26,2103.08,path_vertex,,,2
8896,7260.7300000000005,2727.73,path_vertex,,,2
8897,7260.8,2806.4,path_vertex,,,2
8898,7261.0,2538.0,province_center,394,Serres,6
8899,7261.0,3770.0,province_center,1507,El Fasher,4
8900,7261.02,2681.11,path_vertex,,,2
8901,7261.62,2705.4900000000002,path_vertex,,,2
8902,7261.96,2326.6,path_vertex,,,2
8903,7262.0,1883.01,path_vertex,,,2
8904,7262.0,2593.0,province_center,393,Kalamaria,3
8905,7262.33,5182.35,path_vertex,,,2
8906,7262.4400000000005,894.51,path_vertex,,,2
8907,7262.5,4134.0,path_vertex,,,2
8908,7262.53,2426.34,path_vertex,,,2
8909,7262.72,3998.13,path_vertex,,,2
8910,7264.0,1803.0,province_center,89,Kowel,5
8911,7264.0,2130.0,province_center,349,Zalău,6
8912,7264.08,2573.51,path_vertex,,,2
8913,7265.0,3074.0,province_center,1522,Sidi Barrani,5
8914,7265.92,786.23,path_vertex,,,2
8915,7266.0,2680.0,sea_point,3686,Aegean Sea,2
8916,7266.0,2772.0,path_vertex,,,3
8917,7266.06,1922.4,path_vertex,,,2
8918,7266.84,1952.88,path_vertex,,,2
8919,7267.0,1411.0,province_center,59,Valga,4
8920,7267.0,2813.0,province_center,406,Githio,4
8921,7267.0,3730.4700000000003,path_vertex,,,2
8922,7267.0,4418.0,province_center,1482,Stanleyville,4
8923,7267.0,4759.0,province_center,1487,Bukama,5
8924,7267.93,1215.94,path_vertex,,,2
8925,7268.46,1512.34,path_vertex,,,2
8926,7269.0,4281.0,sea_point,5942,Congo River,2
8927,7270.07,2818.89,path_vertex,,,2
8928,7270.32,2515.96,path_vertex,,,2
8929,7270.53,4206.0,path_vertex,,,2
8930,7270.75,1527.84,path_vertex,,,2
8931,7271.58,4435.45,path_vertex,,,2
8932,7272.17,3049.61,path_vertex,,,2
8933,7272.28,5017.54,path_vertex,,,2
8934,7272.45,5575.18,path_vertex,,,2
8935,7273.0,2746.58,path_vertex,,,2
8936,7273.5,2761.85,path_vertex,,,2
8937,7273.66,1436.64,path_vertex,,,2
8938,7273.66,3901.19,path_vertex,,,2
8939,7273.79,3254.71,path_vertex,,,2
8940,7274.0,1628.0,province_center,85,Lida,8
8941,7274.25,2002.73,path_vertex,,,2
8942,7274.28,4019.3,path_vertex,,,2
8943,7274.6,4812.8,path_vertex,,,2
8944,7274.88,5452.1,path_vertex,,,2
8945,7275.16,2164.87,path_vertex,,,2
8946,7275.31,3758.54,path_vertex,,,2
8947,7276.02,4064.4300000000003,path_vertex,,,2
8948,7277.0,2718.0,province_center,408,Thiva,4
8949,7277.22,2750.0,path_vertex,,,2
8950,7277.4800000000005,1761.48,path_vertex,,,2
8951,7278.0,2397.0,province_center,379,Sofia,3
8952,7278.0,3029.0,sea_point,3516,Khalig el Salum,5
8953,7278.29,3780.37,path_vertex,,,2
8954,7278.76,3126.28,path_vertex,,,2
8955,7278.9400000000005,5428.91,path_vertex,,,2
8956,7278.99,4836.96,path_vertex,,,2
8957,7279.93,5522.51,path_vertex,,,2
8958,7280.0,2182.0,province_center,344,Deva,6
8959,7280.7,4646.72,path_vertex,,,2
8960,7281.0,5708.0,province_center,1427,Queenstown,5
8961,7281.13,1122.65,path_vertex,,,2
8962,7281.43,5221.0,path_vertex,,,2
8963,7282.0,2671.0,sea_point,3684,Aegean Sea,3
8964,7282.52,2583.79,path_vertex,,,2
8965,7283.09,1101.51,path_vertex,,,2
8966,7283.78,2408.7000000000003,path_vertex,,,2
8967,7283.860000000001,5733.11,path_vertex,,,2
8968,7284.52,1657.21,path_vertex,,,2
8969,7285.21,4788.52,path_vertex,,,2
8970,7286.150000000001,2382.77,path_vertex,,,2
8971,7286.5,2737.8,path_vertex,,,3
8972,7287.150000000001,2420.6,path_vertex,,,3
8973,7288.0,1277.0,sea_point,3776,Gulf of Finland,3
8974,7288.0,3162.0,province_center,1523,Cara,6
8975,7289.0,1498.0,province_center,63,Ludza,6
8976,7289.0,2806.0,path_vertex,,,2
8977,7289.7,3827.86,path_vertex,,,2
8978,7290.0,2463.0,province_center,381,Gorna Dzhumaya,6
8979,7290.64,3289.5,path_vertex,,,2
8980,7291.0,4402.0,path_vertex,,,2
8981,7291.33,3663.35,path_vertex,,,2
8982,7291.95,1572.47,path_vertex,,,2
8983,7292.0,5442.0,province_center,1639,Gaborone,3
8984,7292.22,4345.71,path_vertex,,,2
8985,7292.5,4557.0,path_vertex,,,2
8986,7292.96,1348.77,path_vertex,,,2
8987,7293.0,1048.0,province_center,18,Iisalmi,5
8988,7293.0,2644.0,sea_point,3336,Aegean Sea,7
8989,7293.0,5783.0,province_center,1417,East London,5
8990,7294.0,2865.0,sea_point,3539,Sea of Crete,6
8991,7294.0,4505.0,province_center,1662,Gama,8
8992,7294.08,1000.91,path_vertex,,,2
8993,7295.6,1616.55,path_vertex,,,3
8994,7295.7300000000005,2563.59,path_vertex,,,2
8995,7296.0,905.0,province_center,19,Kuusamo,5
8996,7296.0,4810.0,province_center,1478,Likasi,4
8997,7296.0,5585.0,province_center,1423,Bloemfontein,3
8998,7296.25,2054.65,path_vertex,,,3
8999,7296.4400000000005,5481.49,path_vertex,,,2
9000,7296.900000000001,5308.55,path_vertex,,,3
9001,7297.0,1515.0,path_vertex,,,2
9002,7297.0,1982.0,province_center,86,Stanisławów,7
9003,7297.0,2730.0,path_vertex,,,2
9004,7297.0,4251.0,sea_point,5955,Congo River,2
9005,7298.0,1694.0,province_center,3282,Baranovichi,7
9006,7298.0,2352.0,province_center,380,Vratsa,7
9007,7298.99,5799.75,path_vertex,,,2
9008,7299.39,2193.0,path_vertex,,,2
9009,7299.5,1390.3500000000001,path_vertex,,,3
9010,7300.0,4194.0,province_center,1831,Tambura,5
9011,7301.02,3199.85,path_vertex,,,2
9012,7301.150000000001,5465.77,path_vertex,,,2
9013,7301.45,3456.7000000000003,path_vertex,,,2
9014,7301.91,5681.99,path_vertex,,,2
9015,7302.0,5174.0,province_center,1638,Dete,6
9016,7302.0,5811.0,sea_point,3409,Indian Ocean,3
9017,7302.05,3325.03,path_vertex,,,2
9018,7303.0,2399.0,path_vertex,,,2
9019,7304.0,2759.0,sea_point,3537,Aegean Sea,3
9020,7304.0,3936.0,province_center,1836,Turalei,6
9021,7304.56,2744.0,path_vertex,,,2
9022,7304.93,1249.32,path_vertex,,,2
9023,7305.5,1322.5,path_vertex,,,2
9024,7305.96,1868.01,path_vertex,,,2
9025,7306.0,1529.0,province_center,84,Wilno,5
9026,7306.0,2280.0,province_center,347,Craiova,4
9027,7306.0,2734.0,province_center,388,Athens,2
9028,7306.04,873.44,path_vertex,,,2
9029,7307.3,2009.8,path_vertex,,,2
9030,7307.9400000000005,2043.65,path_vertex,,,2
9031,7308.41,5572.76,path_vertex,,,2
9032,7309.0,2116.9900000000002,path_vertex,,,2
9033,7309.0,2527.3,path_vertex,,,2
9034,7309.07,1061.49,path_vertex,,,2
9035,7310.0,3227.0,province_center,1500,Farafra,6
9036,7310.0,4259.0,sea_point,5960,Congo River,2
9037,7310.0,4828.0,path_vertex,,,2
9038,7310.37,4433.0,path_vertex,,,2
9039,7310.4400000000005,3076.92,path_vertex,,,2
9040,7311.0,1217.0,province_center,15,Lappeenranta,6
9041,7311.0,2605.0,sea_point,3692,Aegean Sea,2
9042,7311.62,2499.0,path_vertex,,,2
9043,7312.16,5722.14,path_vertex,,,2
9044,7312.74,2168.81,path_vertex,,,2
9045,7312.74,5311.92,path_vertex,,,2
9046,7312.84,5439.12,path_vertex,,,2
9047,7313.0,2798.0,sea_point,3538,Aegean Sea,5
9048,7313.6,5414.89,path_vertex,,,2
9049,7313.82,4886.63,path_vertex,,,2
9050,7313.88,4134.95,path_vertex,,,2
9051,7313.89,1370.73,path_vertex,,,2
9052,7314.0,1637.57,path_vertex,,,2
9053,7314.45,4987.47,path_vertex,,,2
9054,7314.54,4792.31,path_vertex,,,2
9055,7314.59,2454.79,path_vertex,,,2
9056,7315.0,1259.0,sea_point,3781,Gulf of Finland,3
9057,7315.7,3868.12,path_vertex,,,2
9058,7315.82,1616.6200000000001,path_vertex,,,2
9059,7315.89,1444.46,path_vertex,,,2
9060,7316.0,468.0,sea_point,5103,Barents Sea,4
9061,7316.2,1518.6000000000001,path_vertex,,,2
9062,7316.66,5587.86,path_vertex,,,2
9063,7317.01,1491.92,path_vertex,,,2
9064,7317.6,2251.14,path_vertex,,,2
9065,7317.77,1798.25,path_vertex,,,2
9066,7318.0,2574.0,sea_point,3331,Aegean Sea,5
9067,7319.0,3723.0,province_center,1759,Surgi,6
9068,7319.29,3379.05,path_vertex,,,2
9069,7319.72,4102.31,path_vertex,,,2
9070,7319.89,4705.6,path_vertex,,,2
9071,7320.0,1585.0,path_vertex,,,2
9072,7320.14,1921.1000000000001,path_vertex,,,2
9073,7321.32,896.33,path_vertex,,,2
9074,7321.39,5344.61,path_vertex,,,2
9075,7321.83,2399.35,path_vertex,,,2
9076,7321.88,2045.45,path_vertex,,,2
9077,7321.95,5298.24,path_vertex,,,2
9078,7322.5,4751.83,path_vertex,,,2
9079,7322.900000000001,1386.83,path_vertex,,,2
9080,7323.0,4260.0,sea_point,5968,Congo River,2
9081,7323.0,5653.0,province_center,1631,Aliwal North,3
9082,7323.21,3273.77,path_vertex,,,2
9083,7323.83,1741.53,path_vertex,,,2
9084,7324.0,1326.0,province_center,2822,Gdov,7
9085,7324.0,2918.0,sea_point,3717,Aegean Sea,2
9086,7324.31,2544.46,path_vertex,,,2
9087,7324.75,1689.25,path_vertex,,,2
9088,7325.0,5490.0,province_center,1414,Mafeking,8
9089,7325.27,4174.79,path_vertex,,,2
9090,7326.0,2523.0,province_center,392,Xanthi,5
9091,7326.0,2760.0,sea_point,3657,Aegean Sea,2
9092,7326.0,2953.0,sea_point,5051,Mediterranean Sea,5
9093,7326.17,5181.68,path_vertex,,,2
9094,7326.38,5764.36,path_vertex,,,2
9095,7326.66,3437.78,path_vertex,,,2
9096,7327.0,1901.0,province_center,87,Brody,7
9097,7327.22,3747.0,path_vertex,,,2
9098,7328.0,3079.0,province_center,1521,Marsa Matruh,3
9099,7328.0,4350.0,province_center,1480,Niangara,4
9100,7328.0,5436.0,path_vertex,,,3
9101,7328.26,5244.42,path_vertex,,,2
9102,7328.42,3106.12,path_vertex,,,2
9103,7329.0,2096.0,path_vertex,,,2
9104,7329.0,3296.0,province_center,1516,El Qasr,7
9105,7329.0,4266.0,sea_point,6003,Congo River,2
9106,7329.38,2382.54,path_vertex,,,2
9107,7330.04,1995.6200000000001,path_vertex,,,2
9108,7330.7,824.2,path_vertex,,,2
9109,7330.99,3984.0,path_vertex,,,2
9110,7331.35,835.25,path_vertex,,,2
9111,7332.0,2211.0,province_center,345,Pitești,5
9112,7332.0,5315.0,province_center,1650,Francistown,3
9113,7332.27,3068.9300000000003,path_vertex,,,2
9114,7332.7,5115.9400000000005,path_vertex,,,2
9115,7333.22,3130.6800000000003,path_vertex,,,2
9116,7333.860000000001,5471.1900000000005,path_vertex,,,2
9117,7334.0,1613.0,province_center,160,Minsk,3
9118,7334.3,800.1,path_vertex,,,2
9119,7334.91,1554.18,path_vertex,,,2
9120,7335.0,2897.0,sea_point,5053,Sea of Crete,5
9121,7335.0,4859.0,province_center,1655,Élisabethville,6
9122,7335.75,3155.28,path_vertex,,,2
9123,7336.38,2497.84,path_vertex,,,2
9124,7336.55,5354.05,path_vertex,,,3
9125,7336.6,5333.8,path_vertex,,,2
9126,7337.0,2158.5,path_vertex,,,2
9127,7337.0,2703.0,sea_point,3679,Aegean Sea,3
9128,7337.02,3902.11,path_vertex,,,2
9129,7337.54,1279.0,path_vertex,,,2
9130,7338.0,4632.0,province_center,1659,Kasongo,6
9131,7338.66,657.0,path_vertex,,,2
9132,7339.0,1273.0,sea_point,3770,Gulf of Finland,4
9133,7339.610000000001,1636.71,path_vertex,,,2
9134,7339.9400000000005,2334.6,path_vertex,,,2
9135,7340.0,3043.0,sea_point,3517,Mediterranean Sea,5
9136,7342.2300000000005,1372.0,path_vertex,,,2
9137,7343.0,1485.0,province_center,159,Polotsk,6
9138,7343.1,817.14,path_vertex,,,2
9139,7343.150000000001,773.77,path_vertex,,,2
9140,7343.84,1454.7,path_vertex,,,2
9141,7343.88,1229.6000000000001,path_vertex,,,2
9142,7343.9400000000005,5701.37,path_vertex,,,2
9143,7344.0,4271.0,sea_point,6005,Congo River,2
9144,7345.0,1383.0,province_center,2820,Pskov,6
9145,7345.0,2746.0,sea_point,3554,Aegean Sea,6
9146,7345.0,4108.0,province_center,1830,Wau,4
9147,7345.150000000001,1826.74,path_vertex,,,2
9148,7345.28,1147.64,path_vertex,,,2
9149,7345.75,5307.03,path_vertex,,,2
9150,7345.88,3924.4,path_vertex,,,2
9151,7346.26,3337.7400000000002,path_vertex,,,2
9152,7348.0,2442.0,province_center,382,Plovdiv,6
9153,7348.31,4808.0,path_vertex,,,2
9154,7348.9400000000005,4090.09,path_vertex,,,2
9155,7349.96,4685.35,path_vertex,,,2
9156,7350.0,2330.0,province_center,383,Pleven,4
9157,7350.0,3573.9700000000003,path_vertex,,,2
9158,7350.0,3813.0,province_center,1508,En Nahud,5
9159,7350.51,3084.94,path_vertex,,,2
9160,7350.77,1900.2,path_vertex,,,2
9161,7351.0,885.0,province_center,20,Loukhi,5
9162,7352.0,1794.0,province_center,88,Sarny,5
9163,7352.35,1720.3500000000001,path_vertex,,,2
9164,7352.92,4132.62,path_vertex,,,2
9165,7353.0,1683.0,province_center,163,Slutsk,8
9166,7353.8,1596.4,path_vertex,,,2
9167,7353.860000000001,1270.19,path_vertex,,,2
9168,7353.88,1983.0,path_vertex,,,2
9169,7354.0,5073.0,province_center,1383,Kalomo,7
9170,7355.0,2103.0,province_center,353,Târgu-Mureș,5
9171,7355.0,5421.0,province_center,1628,Mochudi,7
9172,7355.0,6037.0,sea_point,6480,Indian Ocean,4
9173,7355.5,5553.0,path_vertex,,,2
9174,7355.95,2419.2400000000002,path_vertex,,,2
9175,7356.0,2575.0,sea_point,3694,Aegean Sea,2
9176,7356.58,3828.86,path_vertex,,,2
9177,7356.6900000000005,1635.51,path_vertex,,,2
9178,7357.52,2083.08,path_vertex,,,2
9179,7359.0,3371.0,province_center,1495,Mut,5
9180,7359.0,4035.0,province_center,1829,Meshra' er Req,7
9181,7359.0,4147.0,province_center,1835,Abang,7
9182,7359.12,4252.68,path_vertex,,,2
9183,7359.1900000000005,1547.95,path_vertex,,,2
9184,7361.0,4297.0,sea_point,6026,Congo River,2
9185,7361.0,5743.0,province_center,1426,Mthatha,6
9186,7361.3,4526.1,path_vertex,,,2
9187,7363.0,4746.0,province_center,1663,Manono,7
9188,7364.900000000001,3738.14,path_vertex,,,2
9189,7365.0,1106.0,province_center,16,Joensuu,7
9190,7365.0,2009.0,province_center,352,Suceava,7
9191,7365.7,1005.88,path_vertex,,,2
9192,7366.45,1852.5,path_vertex,,,2
9193,7366.72,1377.14,path_vertex,,,2
9194,7367.21,2353.69,path_vertex,,,2
9195,7367.27,2138.34,path_vertex,,,2
9196,7368.0,1583.0,province_center,162,Barysaw,8
9197,7368.01,2208.52,path_vertex,,,2
9198,7368.17,2230.09,path_vertex,,,2
9199,7369.0,614.0,sea_point,3819,Barents Sea,5
9200,7369.0,3479.83,path_vertex,,,2
9201,7369.0,4471.07,path_vertex,,,2
9202,7369.85,704.84,path_vertex,,,2
9203,7370.0,2249.0,path_vertex,,,2
9204,7371.0,5515.37,path_vertex,,,2
9205,7371.400000000001,3185.4300000000003,path_vertex,,,2
9206,7372.0,1351.1200000000001,path_vertex,,,2
9207,7373.38,5019.92,path_vertex,,,2
9208,7373.400000000001,3217.01,path_vertex,,,2
9209,7374.0,2363.0,province_center,384,Tarnovo,5
9210,7375.0,2608.0,sea_point,3329,Aegean Sea,4
9211,7375.03,3977.64,path_vertex,,,2
9212,7375.55,1262.95,path_vertex,,,3
9213,7375.58,1291.8700000000001,path_vertex,,,2
9214,7375.650000000001,1471.27,path_vertex,,,2
9215,7375.92,3427.4300000000003,path_vertex,,,2
9216,7375.9400000000005,1977.69,path_vertex,,,2
9217,7376.43,1675.18,path_vertex,,,2
9218,7377.18,5332.91,path_vertex,,,2
9219,7377.1900000000005,967.86,path_vertex,,,2
9220,7377.89,4106.6,path_vertex,,,2
9221,7377.93,5146.05,path_vertex,,,2
9222,7379.0,4306.0,sea_point,6035,Congo River,2
9223,7379.0,5477.0,path_vertex,,,2
9224,7379.06,4924.88,path_vertex,,,2
9225,7380.84,4121.87,path_vertex,,,2
9226,7381.0,3875.0,province_center,1757,Kaduqli,6
9227,7381.24,5762.76,path_vertex,,,2
9228,7381.37,1748.0,path_vertex,,,2
9229,7381.900000000001,1613.0,path_vertex,,,2
9230,7382.0,5200.0,province_center,1637,Gokwe,5
9231,7382.64,2428.64,path_vertex,,,2
9232,7382.96,1066.0,path_vertex,,,2
9233,7382.96,1812.56,path_vertex,,,2
9234,7383.18,2006.06,path_vertex,,,2
9235,7383.42,5634.25,path_vertex,,,2
9236,7384.0,1705.6000000000001,path_vertex,,,3
9237,7384.03,3890.1800000000003,path_vertex,,,2
9238,7384.650000000001,4106.05,path_vertex,,,3
9239,7385.0,1898.0,province_center,107,Lviv,6
9240,7385.0,5404.54,path_vertex,,,2
9241,7386.0,2831.0,sea_point,8340,Aegean Sea,7
9242,7386.0,4237.0,path_vertex,,,2
9243,7386.0,5912.0,sea_point,6132,Indian Ocean,6
9244,7386.2300000000005,1848.73,path_vertex,,,2
9245,7387.0,3052.0,sea_point,3518,Mediterranean Sea,4
9246,7387.0,5450.0,path_vertex,,,2
9247,7387.26,4589.92,path_vertex,,,2
9248,7387.72,2505.9500000000003,path_vertex,,,2
9249,7388.0,2240.0,province_center,338,Bucharest,5
9250,7388.0,5772.0,sea_point,3408,Indian Ocean,5
9251,7388.38,2223.92,path_vertex,,,2
9252,7388.85,5239.45,path_vertex,,,2
9253,7390.0,2206.0,province_center,350,Ploiești,6
9254,7390.0,3093.0,province_center,1520,El Alamein,7
9255,7390.16,3084.19,path_vertex,,,2
9256,7390.2,5434.54,path_vertex,,,2
9257,7391.0,3143.0,province_center,1501,Faiyum,5
9258,7391.0,3480.0,province_center,1502,El Sheb,5
9259,7391.0,3626.0,path_vertex,,,3
9260,7391.0,4274.0,province_center,1832,Maridi,4
9261,7391.05,4659.9400000000005,path_vertex,,,2
9262,7391.54,2097.13,path_vertex,,,2
9263,7391.56,3133.0,path_vertex,,,2
9264,7391.72,3790.42,path_vertex,,,2
9265,7391.77,4048.23,path_vertex,,,2
9266,7391.82,3603.2200000000003,path_vertex,,,2
9267,7392.0,698.0,province_center,1,Murmansk,3
9268,7392.0,1281.0,province_center,2816,Leningrad,2
9269,7392.0,3911.0,province_center,1837,Kamil,5
9270,7393.0,1592.6000000000001,path_vertex,,,2
9271,7394.16,880.88,path_vertex,,,2
9272,7394.4800000000005,1419.08,path_vertex,,,2
9273,7395.0,5279.0,province_center,1627,Bulawayo,8
9274,7395.24,2466.03,path_vertex,,,2
9275,7395.31,5660.87,path_vertex,,,2
9276,7396.0,5049.0,path_vertex,,,2
9277,7396.33,4388.42,path_vertex,,,2
9278,7396.34,2046.0,path_vertex,,,2
9279,7397.0,2692.0,sea_point,3339,Aegean Sea,5
9280,7397.5,4851.49,path_vertex,,,2
9281,7398.0,2639.0,sea_point,3338,Aegean Sea,4
9282,7398.0,4304.0,sea_point,6041,Congo River,2
9283,7398.0,5471.0,province_center,1412,Johannesburg,3
9284,7398.8,4011.07,path_vertex,,,2
9285,7399.24,5485.900000000001,path_vertex,,,2
9286,7399.29,2356.18,path_vertex,,,2
9287,7399.78,1870.29,path_vertex,,,2
9288,7399.99,2340.05,path_vertex,,,2
9289,7400.0,2301.0,path_vertex,,,2
9290,7400.77,2392.56,path_vertex,,,2
9291,7400.92,3195.4900000000002,path_vertex,,,2
9292,7401.58,718.88,path_vertex,,,2
9293,7402.0,1366.0,province_center,2821,Veliky Novgorod,4
9294,7402.900000000001,3502.78,path_vertex,,,2
9295,7403.29,2139.65,path_vertex,,,2
9296,7404.0,3211.0,province_center,1524,Bawiti,5
9297,7404.0,5533.0,province_center,1415,Bethlehem,6
9298,7404.21,3821.38,path_vertex,,,2
9299,7404.610000000001,1707.26,path_vertex,,,2
9300,7404.8,3270.11,path_vertex,,,2
9301,7405.0,1664.0,province_center,147,Babruysk,4
9302,7405.77,5456.150000000001,path_vertex,,,2
9303,7406.0,3095.0,path_vertex,,,2
9304,7406.77,952.0,path_vertex,,,2
9305,7406.9400000000005,4144.6,path_vertex,,,2
9306,7407.7,5245.06,path_vertex,,,2
9307,7407.71,2228.8,path_vertex,,,2
9308,7407.87,1899.1000000000001,path_vertex,,,2
9309,7408.2,4723.2,path_vertex,,,2
9310,7408.26,1976.0,path_vertex,,,2
9311,7408.49,5107.25,path_vertex,,,2
9312,7408.6,1270.2,path_vertex,,,2
9313,7409.05,690.6800000000001,path_vertex,,,2
9314,7410.78,1396.06,path_vertex,,,2
9315,7411.860000000001,2243.4900000000002,path_vertex,,,2
9316,7412.0,2226.0,sea_point,5335,Donau,2
9317,7412.0,4212.5,path_vertex,,,2
9318,7412.92,1492.76,path_vertex,,,2
9319,7413.0,5443.0,province_center,1413,Pretoria,7
9320,7413.900000000001,1940.9,path_vertex,,,2
9321,7415.0,1999.0,province_center,343,Botoșani,6
9322,7416.0,2972.0,sea_point,5046,Mediterranean Sea,8
9323,7416.0,4300.0,sea_point,6044,Congo River,2
9324,7416.31,5315.11,path_vertex,,,2
9325,7416.78,5709.67,path_vertex,,,2
9326,7418.0,1833.0,province_center,91,Lutsk,7
9327,7418.400000000001,3091.8,path_vertex,,,2
9328,7419.0,2413.0,province_center,386,Burgas,5
9329,7419.9800000000005,1527.66,path_vertex,,,2
9330,7420.0,2904.0,sea_point,5045,Sea of Crete,6
9331,7420.0,2929.0,province_center,409,Heraklion,2
9332,7420.0,5034.0,province_center,1168,Lusaka,2
9333,7420.2,5270.400000000001,path_vertex,,,2
9334,7420.26,2031.0,path_vertex,,,2
9335,7420.5,2919.0,path_vertex,,,2
9336,7421.0,878.0,sea_point,3853,White Sea,4
9337,7421.02,4257.57,path_vertex,,,2
9338,7423.0,972.0,province_center,17,Kem,6
9339,7423.0,1259.0,province_center,2849,Volkhov,6
9340,7423.0,4292.0,sea_point,6048,Congo River,2
9341,7423.08,5000.38,path_vertex,,,2
9342,7423.57,2947.57,path_vertex,,,2
9343,7423.64,2380.01,path_vertex,,,2
9344,7424.0,2548.0,sea_point,3328,Sea of Marmara,4
9345,7424.0,3059.0,sea_point,3519,Mediterranean Sea,4
9346,7424.0,3773.0,province_center,1509,El Obeid,7
9347,7424.0,5476.0,path_vertex,,,2
9348,7424.400000000001,3616.7400000000002,path_vertex,,,2
9349,7424.47,3335.6,path_vertex,,,2
9350,7425.09,2415.73,path_vertex,,,2
9351,7425.39,2611.66,path_vertex,,,2
9352,7425.860000000001,1741.08,path_vertex,,,2
9353,7426.0,2201.0,sea_point,5332,Donau,2
9354,7426.0,3547.0,province_center,1751,Abri,6
9355,7426.150000000001,3369.09,path_vertex,,,2
9356,7426.24,868.12,path_vertex,,,2
9357,7427.0,2723.0,sea_point,3340,Aegean Sea,6
9358,7427.0,4984.0,province_center,1386,Broken Hill,7
9359,7427.7,4284.25,path_vertex,,,2
9360,7428.0,2270.0,path_vertex,,,3
9361,7428.0,4063.0,province_center,1843,Leer,5
9362,7428.1,2553.4900000000002,path_vertex,,,2
9363,7428.51,1188.77,path_vertex,,,2
9364,7429.08,5202.76,path_vertex,,,2
9365,7429.150000000001,1866.08,path_vertex,,,2
9366,7429.3,5170.95,path_vertex,,,2
9367,7429.38,3899.48,path_vertex,,,2
9368,7429.400000000001,2444.18,path_vertex,,,2
9369,7430.32,3882.36,path_vertex,,,2
9370,7431.0,1446.0,province_center,2823,Nevel,5
9371,7431.0,4551.0,province_center,1658,Bukavu,4
9372,7431.84,5577.17,path_vertex,,,2
9373,7431.88,5404.26,path_vertex,,,2
9374,7432.0,2346.0,province_center,385,Varna,5
9375,7433.33,3078.89,path_vertex,,,2
9376,7433.77,4510.150000000001,path_vertex,,,2
9377,7434.0,645.0,sea_point,3817,Barents Sea,5
9378,7434.0,2089.0,province_center,351,Bacău,7
9379,7434.04,3194.52,path_vertex,,,2
9380,7435.99,4780.01,path_vertex,,,2
9381,7436.0,3086.0,province_center,1496,Alexandria,3
9382,7436.4400000000005,1642.1000000000001,path_vertex,,,2
9383,7436.49,5285.64,path_vertex,,,2
9384,7436.74,4121.0,path_vertex,,,2
9385,7436.95,3133.78,path_vertex,,,2
9386,7437.0,4299.0,sea_point,6053,Congo River,2
9387,7437.06,2671.13,path_vertex,,,2
9388,7439.0,1896.0,province_center,110,Ternopil,5
9389,7439.0,4142.0,province_center,1828,Shambe,5
9390,7439.34,1468.77,path_vertex,,,2
9391,7440.0,5262.0,province_center,1625,Gwelo,3
9392,7440.77,2509.0,path_vertex,,,2
9393,7440.900000000001,1089.9,path_vertex,,,2
9394,7440.91,3582.33,path_vertex,,,2
9395,7441.0,499.0,sea_point,5225,Barents Sea,4
9396,7442.0,3105.0,sea_point,6507,Nile,2
9397,7443.0,2490.0,province_center,437,Çorlu,6
9398,7443.3,1113.1000000000001,path_vertex,,,2
9399,7443.6,2276.0,path_vertex,,,2
9400,7444.2300000000005,1677.28,path_vertex,,,2
9401,7444.37,972.95,path_vertex,,,2
9402,7444.62,3307.64,path_vertex,,,2
9403,7445.16,3413.23,path_vertex,,,2
9404,7445.46,1947.8700000000001,path_vertex,,,2
9405,7446.0,3064.0,sea_point,6502,Mediterranean Sea,3
9406,7446.0,3161.05,path_vertex,,,2
9407,7446.29,3633.1800000000003,path_vertex,,,2
9408,7446.43,2349.85,path_vertex,,,2
9409,7446.9400000000005,4628.06,path_vertex,,,2
9410,7447.0,5369.0,province_center,1626,Tui,5
9411,7447.2,3928.88,path_vertex,,,2
9412,7448.0,3074.0,sea_point,6503,Nile,2
9413,7448.0,3124.0,sea_point,6509,Nile,2
9414,7448.0,5240.0,path_vertex,,,2
9415,7449.0,1496.0,province_center,161,Vitsebsk,6
9416,7449.0,2191.0,sea_point,5330,Donau,2
9417,7449.0,3101.0,sea_point,6506,Nile,2
9418,7449.0,3113.0,sea_point,6508,Nile,2
9419,7449.0,5689.0,province_center,1429,Port Shepstone,4
9420,7450.0,2177.0,sea_point,5328,Donau,2
9421,7450.0,3605.0,province_center,1504,Dongola,4
9422,7450.0,3663.0,path_vertex,,,3
9423,7451.0,4300.0,sea_point,6128,Congo River,2
9424,7451.17,2706.34,path_vertex,,,2
9425,7451.2300000000005,3080.92,path_vertex,,,2
9426,7452.0,2248.0,province_center,340,Constanța,3
9427,7452.16,5639.0,path_vertex,,,2
9428,7452.87,2458.41,path_vertex,,,2
9429,7453.0,2668.0,province_center,414,Izmir,3
9430,7453.0,5611.0,province_center,1629,Pietermaritzburg,8
9431,7453.08,1981.3,path_vertex,,,2
9432,7454.0,810.0,province_center,2,Apatity,6
9433,7454.0,3080.0,sea_point,6504,Nile,4
9434,7454.2,1227.2,path_vertex,,,2
9435,7454.89,2649.68,path_vertex,,,2
9436,7455.0,3092.0,sea_point,6505,Nile,2
9437,7455.08,2042.44,path_vertex,,,2
9438,7456.0,4541.0,sea_point,6227,Lake Tangenyika,2
9439,7456.31,4019.01,path_vertex,,,2
9440,7456.5,2065.5,path_vertex,,,2
9441,7456.74,3080.58,path_vertex,,,2
9442,7458.41,5271.7300000000005,path_vertex,,,2
9443,7459.0,2598.0,province_center,426,Balıkesir,6
9444,7459.3,1580.96,path_vertex,,,2
9445,7459.31,1025.15,path_vertex,,,2
9446,7459.71,5107.53,path_vertex,,,2
9447,7460.0,2431.0,sea_point,3528,Black Sea,5
9448,7460.0,4499.0,sea_point,6225,Lake Tangenyika,2
9449,7460.0,4696.0,province_center,1656,Kalemie,4
9450,7460.0,5204.0,province_center,1635,Kadoma,8
9451,7460.610000000001,1920.67,path_vertex,,,2
9452,7461.0,2792.0,sea_point,5043,Aegean Sea,5
9453,7461.900000000001,5692.64,path_vertex,,,2
9454,7462.0,3047.0,sea_point,3520,Mediterranean Sea,5
9455,7462.0,4577.0,sea_point,6487,Lake Tangenyika,2
9456,7462.87,1453.55,path_vertex,,,2
9457,7462.96,1793.39,path_vertex,,,2
9458,7463.0,1619.0,province_center,141,Mogilev,7
9459,7463.32,2488.2400000000002,path_vertex,,,2
9460,7463.39,2161.4900000000002,path_vertex,,,2
9461,7463.51,5594.0,path_vertex,,,2
9462,7464.0,4311.0,sea_point,6165,Congo River,2
9463,7464.0,4528.0,sea_point,6226,Lake Tangenyika,2
9464,7464.82,1813.97,path_vertex,,,2
9465,7465.0,2055.0,province_center,339,Iași,3
9466,7465.0,3129.0,sea_point,6510,Nile,2
9467,7465.0,4427.0,province_center,1661,Bunia,3
9468,7466.0,2170.0,sea_point,5323,Donau,2
9469,7466.24,1343.9,path_vertex,,,2
9470,7466.25,3060.61,path_vertex,,,2
9471,7466.47,3741.4700000000003,path_vertex,,,2
9472,7466.57,5543.85,path_vertex,,,2
9473,7467.0,2354.0,sea_point,3529,Black Sea,4
9474,7467.0,3887.0,province_center,1756,Talodi,6
9475,7467.13,5161.9800000000005,path_vertex,,,2
9476,7467.38,3843.53,path_vertex,,,2
9477,7467.76,2677.8,path_vertex,,,2
9478,7468.6,2078.59,path_vertex,,,2
9479,7468.6,4118.74,path_vertex,,,2
9480,7468.9400000000005,1889.5,path_vertex,,,2
9481,7469.0,5146.0,province_center,1624,Sinoia,7
9482,7469.21,5333.0,path_vertex,,,2
9483,7469.2300000000005,4071.48,path_vertex,,,2
9484,7469.5,3659.0,path_vertex,,,2
9485,7469.8,3975.4,path_vertex,,,3
9486,7470.0,4489.0,sea_point,6224,Lake Tangenyika,2
9487,7470.0,4583.0,sea_point,6491,Lake Tangenyika,2
9488,7470.650000000001,2139.59,path_vertex,,,2
9489,7472.09,3585.96,path_vertex,,,2
9490,7472.25,1643.0,path_vertex,,,2
9491,7473.0,3084.0,province_center,1497,Damanhur,4
9492,7473.0,3280.0,path_vertex,,,2
9493,7473.58,1296.9,path_vertex,,,2
9494,7474.0,5031.0,path_vertex,,,3
9495,7474.53,5245.29,path_vertex,,,2
9496,7474.56,4925.46,path_vertex,,,2
9497,7475.0,3170.0,province_center,1493,El Minya,4
9498,7475.0,4478.0,sea_point,6174,Lake Tangenyika,3
9499,7475.33,4203.83,path_vertex,,,2
9500,7476.0,5696.0,sea_point,3407,Indian Ocean,5
9501,7477.26,2654.9900000000002,path_vertex,,,2
9502,7478.74,3615.02,path_vertex,,,2
9503,7478.81,2036.8300000000002,path_vertex,,,2
9504,7479.0,1858.1000000000001,path_vertex,,,2
9505,7479.0,2905.0,sea_point,3708,Aegean Sea,2
9506,7480.0,2938.0,sea_point,3713,Aegean Sea,2
9507,7480.0,5620.0,path_vertex,,,2
9508,7480.89,828.49,path_vertex,,,2
9509,7482.0,2153.0,province_center,341,Tulcea,4
9510,7482.0,2986.0,sea_point,8346,Mediterranean Sea,5
9511,7482.0,3367.0,province_center,1399,Kharga,6
9512,7482.0,4626.0,sea_point,6496,Lake Tangenyika,3
9513,7483.0,4322.0,sea_point,6166,Congo River,2
9514,7485.74,3542.17,path_vertex,,,2
9515,7485.81,2057.04,path_vertex,,,2
9516,7486.0,3129.0,sea_point,6511,Nile,2
9517,7486.0,4222.0,province_center,1834,Lui,6
9518,7486.0,4678.0,sea_point,6497,Lake Tangenyika,2
9519,7486.75,2576.75,path_vertex,,,2
9520,7486.87,5473.66,path_vertex,,,2
9521,7487.0,4486.0,sea_point,6175,Congo River,2
9522,7487.1,3770.25,path_vertex,,,2
9523,7487.4800000000005,5636.21,path_vertex,,,2
9524,7487.67,4261.4400000000005,path_vertex,,,2
9525,7487.84,2259.11,path_vertex,,,2
9526,7488.0,1938.0,province_center,106,Vinnytsia,6
9527,7488.0,2485.0,province_center,412,Istanbul,3
9528,7488.0,2691.0,province_center,427,Aydın,5
9529,7488.0,4557.0,province_center,1686,Gitega,3
9530,7489.0,939.0,sea_point,3855,White Sea,5
9531,7489.0,1691.0,province_center,146,Žlobin,5
9532,7489.0,4301.0,province_center,1846,Yei,5
9533,7489.0,4625.13,path_vertex,,,2
9534,7489.0,5547.0,province_center,1416,Ladysmith,5
9535,7489.25,3128.07,path_vertex,,,2
9536,7489.3,1122.55,path_vertex,,,2
9537,7490.0,2180.0,sea_point,5321,Black Sea,3
9538,7490.0,2752.0,sea_point,3341,Mediterranean Sea,4
9539,7490.0,4442.0,sea_point,6172,Lake Tangenyika,2
9540,7490.97,1723.68,path_vertex,,,2
9541,7491.0,4713.0,sea_point,6499,Lake Tangenyika,2
9542,7491.0,5294.0,province_center,1636,Masvingo,7
9543,7492.0,2133.0,path_vertex,,,2
9544,7492.400000000001,3930.12,path_vertex,,,2
9545,7493.0,1766.0,province_center,49,Mazyr,7
9546,7493.78,1920.39,path_vertex,,,2
9547,7494.5,3446.87,path_vertex,,,2
9548,7495.35,4608.59,path_vertex,,,2
9549,7495.91,4014.51,path_vertex,,,2
9550,7496.02,5144.29,path_vertex,,,2
9551,7496.16,2500.44,path_vertex,,,2
9552,7496.17,3104.91,path_vertex,,,2
9553,7497.1,1045.2,path_vertex,,,2
9554,7497.25,5500.38,path_vertex,,,2
9555,7497.72,1651.27,path_vertex,,,2
9556,7497.96,2002.68,path_vertex,,,2
9557,7498.0,3138.0,path_vertex,,,2
9558,7498.0,4624.0,province_center,1682,Kigoma,4
9559,7498.03,5596.8,path_vertex,,,2
9560,7499.0,2519.0,sea_point,3327,Sea of Marmara,4
9561,7499.0,5155.0,path_vertex,,,2
9562,7499.05,1488.5,path_vertex,,,2
9563,7500.66,1697.65,path_vertex,,,2
9564,7500.6900000000005,2473.7200000000003,path_vertex,,,2
9565,7500.89,5359.3,path_vertex,,,2
9566,7501.0,5623.0,province_center,1428,Durban,4
9567,7501.2300000000005,5091.84,path_vertex,,,2
9568,7501.41,1521.1100000000001,path_vertex,,,2
9569,7501.51,1803.46,path_vertex,,,2
9570,7501.78,3835.36,path_vertex,,,2
9571,7502.0,3540.0,province_center,1503,Wadi Halfa,3
9572,7502.0,3946.0,province_center,1838,Tonga,7
9573,7503.0,1022.0,sea_point,3854,White Sea,2
9574,7503.0,2915.0,sea_point,5049,Mediterranean Sea,5
9575,7503.0,5834.0,sea_point,6125,Indian Ocean,6
9576,7504.0,4498.0,sea_point,6177,Congo River,2
9577,7504.25,5497.05,path_vertex,,,3
9578,7504.64,5045.96,path_vertex,,,2
9579,7505.29,2543.59,path_vertex,,,2
9580,7505.650000000001,5217.26,path_vertex,,,2
9581,7506.0,1880.0,province_center,108,Zhytomyr,5
9582,7506.0,2265.0,sea_point,3530,Black Sea,6
9583,7506.52,1868.13,path_vertex,,,2
9584,7507.0,1830.0,province_center,112,Korosten,5
9585,7507.05,4768.0,path_vertex,,,2
9586,7507.13,2666.59,path_vertex,,,2
9587,7507.6,5177.8,path_vertex,,,2
9588,7508.0,1322.0,province_center,2850,Khvoynaya,3
9589,7508.0,2559.0,province_center,424,Bursa,5
9590,7508.0,4409.0,sea_point,6171,Congo River,2
9591,7508.0,4636.0,path_vertex,,,2
9592,7508.13,2770.87,path_vertex,,,2
9593,7508.93,2164.41,path_vertex,,,2
9594,7509.74,3342.3,path_vertex,,,2
9595,7511.01,3575.92,path_vertex,,,2
9596,7511.08,2599.38,path_vertex,,,2
9597,7511.62,5626.38,path_vertex,,,2
9598,7512.05,4639.7,path_vertex,,,2
9599,7512.32,5343.68,path_vertex,,,2
9600,7513.0,4372.0,sea_point,6169,Congo River,2
9601,7513.28,1950.8500000000001,path_vertex,,,2
9602,7513.7,4619.1,path_vertex,,,2
9603,7514.0,2780.0,province_center,410,Rhodes,2
9604,7514.0,3121.0,province_center,1395,Cairo,4
9605,7514.0,4080.0,province_center,1841,Ayod,6
9606,7514.18,1587.5900000000001,path_vertex,,,2
9607,7514.51,1569.1000000000001,path_vertex,,,2
9608,7515.0,4335.0,sea_point,6167,Congo River,2
9609,7515.0,4379.0,sea_point,6170,Congo River,2
9610,7516.0,2830.0,sea_point,3525,Mediterranean Sea,6
9611,7516.0,4485.0,sea_point,6178,Congo River,2
9612,7516.6,5363.8,path_vertex,,,3
9613,7517.0,4729.0,sea_point,6500,Lake Tangenyika,2
9614,7517.62,4247.92,path_vertex,,,2
9615,7518.14,2032.77,path_vertex,,,2
9616,7518.85,2794.08,path_vertex,,,2
9617,7519.0,2169.0,sea_point,3531,Black Sea,6
9618,7519.32,4277.76,path_vertex,,,2
9619,7519.72,1722.66,path_vertex,,,2
9620,7520.0,2061.0,province_center,342,Chișinău,9
9621,7520.0,3242.0,province_center,1401,Asyut,3
9622,7520.34,4330.0,path_vertex,,,2
9623,7520.57,4573.28,path_vertex,,,2
9624,7521.0,1530.0,province_center,3233,Smolensk,4
9625,7521.0,4350.0,sea_point,6168,Congo River,2
9626,7523.0,2452.0,sea_point,3527,Black Sea,5
9627,7523.0,5630.0,sea_point,3406,Indian Ocean,5
9628,7523.58,3949.12,path_vertex,,,2
9629,7524.0,3630.0,province_center,1514,Merowe,5
9630,7525.0,3695.0,province_center,1753,Magrur,4
9631,7525.0,5169.0,province_center,1623,Fort Salisbury,3
9632,7525.21,5551.84,path_vertex,,,2
9633,7525.25,3673.0,path_vertex,,,2
9634,7525.56,5267.56,path_vertex,,,2
9635,7526.81,1927.47,path_vertex,,,2
9636,7527.0,1710.0,province_center,142,Gomel,4
9637,7527.860000000001,2046.16,path_vertex,,,2
9638,7531.4400000000005,3983.23,path_vertex,,,2
9639,7532.2,4306.4,path_vertex,,,2
9640,7533.56,3201.67,path_vertex,,,2
9641,7534.0,5069.0,province_center,1466,Zambezi,5
9642,7534.0,5959.0,sea_point,6476,Indian Ocean,4
9643,7534.360000000001,2060.78,path_vertex,,,2
9644,7534.59,5598.41,path_vertex,,,2
9645,7535.21,2098.79,path_vertex,,,2
9646,7536.0,4481.0,sea_point,6179,Congo River,2
9647,7536.02,3391.4900000000002,path_vertex,,,2
9648,7536.5,4133.5,path_vertex,,,2
9649,7537.2,5155.6,path_vertex,,,2
9650,7537.360000000001,3734.41,path_vertex,,,2
9651,7537.400000000001,1568.45,path_vertex,,,3
9652,7538.0,3316.0,province_center,1525,Girga,3
9653,7538.0,4262.0,province_center,1822,Juba,4
9654,7538.29,5188.18,path_vertex,,,2
9655,7538.38,4539.33,path_vertex,,,2
9656,7538.68,4041.62,path_vertex,,,2
9657,7538.82,1646.64,path_vertex,,,2
9658,7538.95,5457.76,path_vertex,,,2
9659,7539.21,2584.58,path_vertex,,,2
9660,7539.43,1217.99,path_vertex,,,2
9661,7539.8,3123.35,path_vertex,,,2
9662,7541.0,3952.0,province_center,1821,Malakai,3
9663,7541.85,1302.8500000000001,path_vertex,,,2
9664,7542.0,4779.0,sea_point,6501,Lake Tangenyika,2
9665,7542.28,4114.45,path_vertex,,,2
9666,7543.0,1964.0,province_center,111,Uman,5
9667,7543.0,2119.0,sea_point,3532,Black Sea,4
9668,7543.0,3926.0,path_vertex,,,2
9669,7543.650000000001,4793.59,path_vertex,,,2
9670,7544.150000000001,4076.75,path_vertex,,,2
9671,7545.0,4214.0,path_vertex,,,2
9672,7545.33,1259.6000000000001,path_vertex,,,2
9673,7545.33,5104.14,path_vertex,,,2
9674,7546.0,4639.0,province_center,1683,Uvinza,5
9675,7547.0,3766.0,province_center,1510,El Dueim,3
9676,7547.0,3974.0,path_vertex,,,2
9677,7548.0,4279.0,path_vertex,,,2
9678,7548.0,4832.0,province_center,1385,Abercorn,8
9679,7548.110000000001,1880.96,path_vertex,,,2
9680,7548.96,1865.91,path_vertex,,,2
9681,7549.0,4474.0,sea_point,6180,Congo River,2
9682,7551.0,2702.44,path_vertex,,,2
9683,7551.05,1043.3,path_vertex,,,2
9684,7553.0,903.0,sea_point,3859,White Sea,4
9685,7553.360000000001,4628.88,path_vertex,,,2
9686,7554.0,1790.95,path_vertex,,,2
9687,7554.3,5391.1,path_vertex,,,2
9688,7554.360000000001,1462.96,path_vertex,,,2
9689,7554.95,5343.650000000001,path_vertex,,,2
9690,7555.0,679.0,sea_point,3820,Barents Sea,4
9691,7556.0,5140.0,province_center,1633,Mount Darwin,7
9692,7556.900000000001,5458.05,path_vertex,,,3
9693,7557.0,2600.0,province_center,431,Kütahya,6
9694,7557.0,4132.0,province_center,1839,Wernyol,3
9695,7558.0,3125.0,province_center,1529,Madinaty,5
9696,7558.0,4017.0,province_center,1845,Biar,6
9697,7558.08,891.64,path_vertex,,,2
9698,7558.71,3065.1800000000003,path_vertex,,,2
9699,7559.0,573.0,sea_point,8725,Barents Sea,5
9700,7559.0,2061.0,province_center,93,Odessa,3
9701,7559.37,5001.22,path_vertex,,,2
9702,7560.96,1534.68,path_vertex,,,2
9703,7561.0,882.0,province_center,21,Tetrino,2
9704,7561.0,4478.0,sea_point,6181,Congo River,2
9705,7562.0,5556.0,province_center,1630,Richards Bay,4
9706,7562.0,5604.0,sea_point,3405,Indian Ocean,3
9707,7562.27,4107.35,path_vertex,,,2
9708,7562.32,1750.46,path_vertex,,,2
9709,7562.72,5193.01,path_vertex,,,2
9710,7562.900000000001,4787.0,path_vertex,,,2
9711,7563.22,2000.72,path_vertex,,,2
9712,7563.57,3899.41,path_vertex,,,2
9713,7563.610000000001,4686.76,path_vertex,,,2
9714,7564.0,5296.34,path_vertex,,,2
9715,7564.38,1688.72,path_vertex,,,2
9716,7564.71,3367.0,path_vertex,,,2
9717,7565.2,5494.85,path_vertex,,,2
9718,7565.52,3500.87,path_vertex,,,2
9719,7565.52,4045.6,path_vertex,,,2
9720,7566.0,1812.0,province_center,100,Chernihiv,6
9721,7566.0,1882.0,province_center,92,Kiev,4
9722,7566.0,5474.0,province_center,1464,Lourenço Marques,5
9723,7566.29,4253.51,path_vertex,,,2
9724,7567.0,1061.0,province_center,2841,Onega,8
9725,7567.0,3939.0,path_vertex,,,2
9726,7567.0,5234.0,province_center,1634,Umtali,5
9727,7568.0,2139.0,sea_point,3535,Black Sea,5
9728,7568.0,4253.0,sea_point,6219,Nile,2
9729,7568.5,2077.5,path_vertex,,,2
9730,7569.0,1430.0,province_center,3224,Kalinin,5
9731,7570.78,1121.26,path_vertex,,,2
9732,7570.83,2637.04,path_vertex,,,2
9733,7570.88,2039.3500000000001,path_vertex,,,2
9734,7571.41,3969.89,path_vertex,,,2
9735,7571.860000000001,1858.3400000000001,path_vertex,,,2
9736,7572.0,4072.0,province_center,1840,Waat,4
9737,7572.0,4527.0,province_center,1685,Serayombo,4
9738,7573.0,1173.0,province_center,2838,Kargopol,7
9739,7573.0,4307.0,province_center,1823,Nimule,3
9740,7573.0,4569.0,path_vertex,,,2
9741,7573.0,4597.0,province_center,1684,Kirambo,5
9742,7574.0,2087.0,sea_point,3533,Black Sea,3
9743,7574.0,4269.0,sea_point,6218,Nile,2
9744,7575.0,2337.0,sea_point,8359,Black Sea,8
9745,7575.21,5472.05,path_vertex,,,2
9746,7576.0,5554.75,path_vertex,,,2
9747,7577.0,2026.0,province_center,109,Mykolayiv,4
9748,7577.2300000000005,5137.04,path_vertex,,,2
9749,7577.32,1764.06,path_vertex,,,2
9750,7578.0,2234.0,sea_point,8361,Black Sea,6
9751,7578.0,2782.0,sea_point,3342,Mediterranean Sea,5
9752,7579.53,4323.0,path_vertex,,,2
9753,7579.67,4523.33,path_vertex,,,2
9754,7580.0,4269.0,sea_point,6216,Nile,2
9755,7580.0,4732.0,province_center,1689,Kia,5
9756,7581.0,4479.0,sea_point,6183,Congo River,2
9757,7582.0,3931.0,province_center,1833,Kodok,5
9758,7582.25,3274.7000000000003,path_vertex,,,2
9759,7582.900000000001,5450.25,path_vertex,,,2
9760,7584.0,4219.0,province_center,1824,Mongalla,4
9761,7584.2,4636.45,path_vertex,,,3
9762,7584.85,4550.650000000001,path_vertex,,,2
9763,7586.3,3286.85,path_vertex,,,2
9764,7587.0,3367.0,province_center,1530,Luxor,3
9765,7587.31,2558.03,path_vertex,,,2
9766,7587.52,1893.3600000000001,path_vertex,,,2
9767,7587.89,3388.44,path_vertex,,,2
9768,7588.1,4757.35,path_vertex,,,2
9769,7588.2,5096.96,path_vertex,,,2
9770,7588.4400000000005,2500.02,path_vertex,,,2
9771,7589.0,3415.0,province_center,1398,Aswan,4
9772,7589.0,5173.400000000001,path_vertex,,,2
9773,7590.0,4277.0,sea_point,6215,Nile,2
9774,7590.05,1497.24,path_vertex,,,2
9775,7590.76,2571.2000000000003,path_vertex,,,2
9776,7590.78,3688.83,path_vertex,,,2
9777,7592.0,5552.0,sea_point,3404,Indian Ocean,5
9778,7592.37,5235.61,path_vertex,,,2
9779,7593.0,1537.0,province_center,3230,Kaluga,6
9780,7593.0,3005.0,sea_point,3522,Mediterranean Sea,4
9781,7593.5,5306.400000000001,path_vertex,,,2
9782,7594.02,1241.39,path_vertex,,,2
9783,7595.0,4516.0,sea_point,6223,Lake Victoria,5
9784,7595.0,4893.97,path_vertex,,,2
9785,7595.08,3350.7400000000002,path_vertex,,,2
9786,7596.0,2172.0,sea_point,3707,Black Sea,2
9787,7597.0,941.0,sea_point,3850,White Sea,4
9788,7597.0,5740.0,sea_point,6117,Indian Ocean,6
9789,7597.45,1642.02,path_vertex,,,2
9790,7597.91,4701.61,path_vertex,,,2
9791,7598.0,1668.0,province_center,3215,Bryansk,9
9792,7598.0,5469.0,sea_point,3403,Indian Ocean,4
9793,7598.400000000001,4636.8,path_vertex,,,2
9794,7598.92,3088.0,path_vertex,,,2
9795,7599.0,1957.0,path_vertex,,,2
9796,7599.0,2406.0,sea_point,3323,Black Sea,4
9797,7601.0,1267.0,province_center,2848,Cherepovets,5
9798,7601.0,4479.0,sea_point,6184,Lake Victoria,4
9799,7601.0,4552.51,path_vertex,,,2
9800,7601.49,4731.79,path_vertex,,,2
9801,7602.0,3341.0,province_center,1526,Qena,4
9802,7602.13,2609.52,path_vertex,,,2
9803,7602.52,1877.19,path_vertex,,,2
9804,7602.75,4581.2300000000005,path_vertex,,,2
9805,7602.900000000001,4813.34,path_vertex,,,2
9806,7603.0,4315.0,sea_point,6209,Nile,2
9807,7603.37,4627.18,path_vertex,,,2
9808,7604.0,4308.0,sea_point,6210,Nile,2
9809,7604.0,4326.0,sea_point,6207,Nile,2
9810,7605.0,2557.0,province_center,423,Eskişehir,4
9811,7605.0,2712.0,province_center,428,Antalya,5
9812,7606.0,3192.0,path_vertex,,,3
9813,7606.0,4276.0,sea_point,6214,Nile,2
9814,7606.0,4319.0,sea_point,6208,Nile,2
9815,7606.0,4660.59,path_vertex,,,2
9816,7608.02,1475.14,path_vertex,,,2
9817,7608.9400000000005,1978.24,path_vertex,,,2
9818,7609.55,4996.55,path_vertex,,,2
9819,7610.02,1638.06,path_vertex,,,2
9820,7610.68,2447.1,path_vertex,,,2
9821,7610.92,4080.84,path_vertex,,,2
9822,7611.14,4177.64,path_vertex,,,2
9823,7612.0,4331.0,sea_point,6205,Nile,2
9824,7612.26,3993.4,path_vertex,,,2
9825,7613.0,4299.0,sea_point,6211,Nile,2
9826,7614.0,1406.19,path_vertex,,,2
9827,7614.0,4286.0,sea_point,6213,Nile,2
9828,7614.0,4418.0,province_center,1391,Entebbe,3
9829,7615.0,3252.0,path_vertex,,,2
9830,7615.06,3119.06,path_vertex,,,2
9831,7615.2,2538.6,path_vertex,,,2
9832,7615.2,5424.03,path_vertex,,,2
9833,7615.5,2689.5,path_vertex,,,2
9834,7615.87,2725.3,path_vertex,,,2
9835,7616.0,4635.0,province_center,1681,Tabora,3
9836,7616.900000000001,1511.24,path_vertex,,,2
9837,7617.0,4033.51,path_vertex,,,2
9838,7617.7,4255.86,path_vertex,,,2
9839,7618.0,4653.0,path_vertex,,,2
9840,7618.0,4665.0,province_center,1687,Igonda,6
9841,7619.0,2477.0,province_center,422,Bolu,8
9842,7619.49,4430.63,path_vertex,,,2
9843,7619.97,4619.25,path_vertex,,,2
9844,7620.91,3663.23,path_vertex,,,2
9845,7620.99,1940.77,path_vertex,,,2
9846,7621.0,1912.0,province_center,99,Cherkasy,5
9847,7621.0,3686.0,province_center,1513,Khartoum,4
9848,7621.0,4777.42,path_vertex,,,2
9849,7621.25,4609.8,path_vertex,,,3
9850,7622.0,3620.0,province_center,1515,Berber,3
9851,7622.16,1555.72,path_vertex,,,2
9852,7622.55,4034.55,path_vertex,,,3
9853,7622.58,2704.4500000000003,path_vertex,,,2
9854,7622.67,2577.61,path_vertex,,,2
9855,7623.0,1961.0,province_center,105,Kirovohrad,4
9856,7623.0,3842.0,province_center,1758,Rabak,4
9857,7623.0,4480.0,sea_point,8756,Lake Victoria,6
9858,7623.7,3212.69,path_vertex,,,2
9859,7624.0,4441.0,sea_point,6185,Lake Victoria,5
9860,7624.99,4207.99,path_vertex,,,2
9861,7625.0,4509.0,sea_point,6221,Lake Victoria,4
9862,7625.0,4527.0,sea_point,6222,Lake Victoria,3
9863,7625.49,1797.6200000000001,path_vertex,,,2
9864,7626.0,2140.0,province_center,103,Sevastopol,3
9865,7626.0,4331.0,sea_point,6204,Nile,2
9866,7627.75,1608.1000000000001,path_vertex,,,2
9867,7627.8,1259.18,path_vertex,,,2
9868,7628.0,2741.0,sea_point,3343,Antalya Basin,4
9869,7628.0,5865.0,sea_point,6472,Indian Ocean,5
9870,7630.0,2902.0,sea_point,8357,Mediterranean Sea,9
9871,7630.52,3331.03,path_vertex,,,2
9872,7631.0,1496.0,province_center,3214,Moscow,4
9873,7631.0,4147.0,province_center,1826,Akobo,2
9874,7631.0,4271.0,province_center,1825,Torit,4
9875,7632.0,4085.0,province_center,1827,Nasir,2
9876,7632.27,3705.41,path_vertex,,,2
9877,7632.8,1237.91,path_vertex,,,2
9878,7633.0,1512.0,path_vertex,,,2
9879,7633.59,3799.07,path_vertex,,,2
9880,7633.62,4538.36,path_vertex,,,2
9881,7634.7300000000005,2175.59,path_vertex,,,2
9882,7634.900000000001,4651.400000000001,path_vertex,,,2
9883,7635.5,981.5,path_vertex,,,2
9884,7636.09,3204.53,path_vertex,,,2
9885,7636.25,3369.91,path_vertex,,,2
9886,7636.7,1445.1000000000001,path_vertex,,,2
9887,7637.0,1565.0,province_center,3225,Tula,6
9888,7637.39,2550.03,path_vertex,,,2
9889,7637.67,2088.27,path_vertex,,,2
9890,7637.76,3678.1,path_vertex,,,2
9891,7638.0,2195.0,sea_point,3536,Black Sea,6
9892,7639.39,4178.0,path_vertex,,,2
9893,7639.74,950.77,path_vertex,,,2
9894,7641.72,3864.0,path_vertex,,,2
9895,7643.6,1279.27,path_vertex,,,2
9896,7644.0,5126.0,province_center,1474,Tete,5
9897,7645.0,4202.0,province_center,1842,Beh,5
9898,7645.28,4622.0,path_vertex,,,2
9899,7646.51,3100.58,path_vertex,,,2
9900,7647.0,3043.0,province_center,1494,Port Said,4
9901,7647.0,4318.0,sea_point,6203,Nile,2
9902,7647.0,4556.0,province_center,1698,Mwansa,8
9903,7647.38,4240.6900000000005,path_vertex,,,2
9904,7648.0,3115.0,province_center,1499,Ismailia,4
9905,7648.22,5182.16,path_vertex,,,2
9906,7648.400000000001,1960.8,path_vertex,,,2
9907,7649.0,3731.0,province_center,1752,Wad Madani,5
9908,7650.0,962.0,province_center,2818,Arkhangelsk,3
9909,7650.59,1721.58,path_vertex,,,2
9910,7651.0,1255.0,province_center,2817,Vologda,4
9911,7651.0,5238.0,province_center,1468,Sofala,8
9912,7651.4400000000005,1931.95,path_vertex,,,2
9913,7653.0,743.0,sea_point,3821,Barents Sea,4
9914,7655.0,835.0,sea_point,3851,White Sea,4
9915,7655.0,2366.0,sea_point,3322,Black Sea,4
9916,7655.0,2620.0,province_center,430,Konya,7
9917,7656.24,4706.0,path_vertex,,,2
9918,7657.53,1488.88,path_vertex,,,2
9919,7658.0,5442.0,sea_point,3402,Indian Ocean,3
9920,7658.46,1222.31,path_vertex,,,2
9921,7658.9800000000005,3648.83,path_vertex,,,2
9922,7659.150000000001,5344.41,path_vertex,,,2
9923,7660.0,4494.0,sea_point,6220,Lake Victoria,4
9924,7660.78,3027.54,path_vertex,,,2
9925,7660.89,1271.3700000000001,path_vertex,,,2
9926,7660.95,3699.92,path_vertex,,,2
9927,7662.12,5417.9800000000005,path_vertex,,,2
9928,7662.2,1450.15,path_vertex,,,3
9929,7662.41,1057.35,path_vertex,,,2
9930,7663.0,5407.0,province_center,1465,Inhambane,3
9931,7663.5,1436.8500000000001,path_vertex,,,2
9932,7664.0,1378.0,province_center,3218,Yaroslavl,4
9933,7664.17,1910.45,path_vertex,,,2
9934,7665.0,4319.0,sea_point,6202,Nile,2
9935,7665.0,4791.0,province_center,1688,Utengula,6
9936,7665.18,3176.32,path_vertex,,,2
9937,7666.0,5241.0,path_vertex,,,2
9938,7666.1,2106.9,path_vertex,,,2
9939,7666.59,1660.65,path_vertex,,,2
9940,7667.0,2057.0,province_center,104,Melitopol,3
9941,7667.2,946.6,path_vertex,,,2
9942,7667.83,4497.61,path_vertex,,,2
9943,7667.88,1343.42,path_vertex,,,2
9944,7668.0,1283.0,province_center,2852,Gryazovets,5
9945,7668.0,4378.0,sea_point,6195,Nile,2
9946,7668.7,4962.75,path_vertex,,,3
9947,7669.0,987.5,path_vertex,,,2
9948,7669.38,4832.91,path_vertex,,,2
9949,7670.0,1242.0,path_vertex,,,2
9950,7670.0,3194.0,province_center,1498,Hurghada,4
9951,7670.41,5048.74,path_vertex,,,2
9952,7671.0,4363.0,sea_point,6198,Nile,2
9953,7671.08,3217.56,path_vertex,,,2
9954,7671.31,1145.52,path_vertex,,,2
9955,7671.68,4758.28,path_vertex,,,2
9956,7672.27,4536.76,path_vertex,,,2
9957,7673.0,4466.0,sea_point,6190,Lake Victoria,5
9958,7673.900000000001,5006.95,path_vertex,,,2
9959,7673.92,1118.25,path_vertex,,,2
9960,7674.0,4323.0,sea_point,6201,Nile,2
9961,7675.0,3661.0,province_center,1749,Ad-Damir,6
9962,7675.71,1258.3700000000001,path_vertex,,,2
9963,7677.0,2097.0,sea_point,3304,Sea of Azov,3
9964,7677.0,3007.0,sea_point,3354,Suez Channel,7
9965,7677.0,3296.0,province_center,1528,Safaga,6
9966,7677.0,4728.0,province_center,1694,Rungwa,5
9967,7678.0,4438.0,sea_point,6191,Lake Victoria,3
9968,7678.1,3592.94,path_vertex,,,2
9969,7679.0,1236.0,province_center,2851,Sokol,5
9970,7679.0,2281.0,sea_point,8374,Black Sea,6
9971,7679.0,4393.0,sea_point,6193,Nile,2
9972,7679.3,2036.18,path_vertex,,,2
9973,7680.0,4336.0,sea_point,6200,Nile,2
9974,7680.0,4355.0,sea_point,6199,Nile,2
9975,7680.96,1680.19,path_vertex,,,2
9976,7681.08,1527.43,path_vertex,,,2
9977,7682.04,3109.09,path_vertex,,,2
9978,7683.0,3190.0,path_vertex,,,2
9979,7684.79,2056.58,path_vertex,,,2
9980,7685.38,2598.69,path_vertex,,,2
9981,7686.0,3108.0,sea_point,3355,Gulf of Suez,4
9982,7686.0,4415.0,sea_point,6192,Nile,2
9983,7686.0,4506.0,province_center,1699,Usambara,5
9984,7686.03,2423.3,path_vertex,,,2
9985,7686.14,4463.08,path_vertex,,,2
9986,7687.5,4618.5,path_vertex,,,2
9987,7687.51,3292.54,path_vertex,,,2
9988,7687.63,3765.05,path_vertex,,,2
9989,7687.64,4313.95,path_vertex,,,2
9990,7687.8,3799.6,path_vertex,,,2
9991,7688.0,5072.0,path_vertex,,,2
9992,7689.0,1379.0,path_vertex,,,2
9993,7689.18,4693.0,path_vertex,,,2
9994,7689.66,4662.1900000000005,path_vertex,,,2
9995,7691.0,5247.0,sea_point,3399,Mozambique Channel,4
9996,7691.97,3100.6800000000003,path_vertex,,,2
9997,7694.0,2528.0,path_vertex,,,2
9998,7695.43,1177.0,path_vertex,,,2
9999,7695.860000000001,1626.81,path_vertex,,,2
10000,7696.0,1057.0,province_center,2843,Bereznik,4
10001,7696.0,4584.0,path_vertex,,,2
10002,7696.53,3600.86,path_vertex,,,2
10003,7697.2300000000005,2667.63,path_vertex,,,2
10004,7697.42,2510.12,path_vertex,,,2
10005,7697.5,1863.0,path_vertex,,,2
10006,7698.0,2754.0,sea_point,3344,Antalya Basin,4
10007,7698.0,5631.0,sea_point,6111,Indian Ocean,6
10008,7698.6,3989.05,path_vertex,,,2
10009,7699.0,4661.0,province_center,1697,Kilimatinde,7
10010,7700.76,2745.23,path_vertex,,,2
10011,7700.81,3354.0,path_vertex,,,2
10012,7701.0,1092.0,path_vertex,,,2
10013,7701.0,1960.0,province_center,102,Dnipropetrovsk,6
10014,7701.0,3183.0,sea_point,3356,Gulf of Suez,4
10015,7702.04,4150.61,path_vertex,,,2
10016,7703.0,1684.0,province_center,3232,Oryol,3
10017,7703.0,3580.0,province_center,1747,Abu Hamad,6
10018,7703.03,1710.75,path_vertex,,,2
10019,7703.12,1976.91,path_vertex,,,2
10020,7704.0,1990.0,province_center,101,Zaporizhzhia,5
10021,7704.0,2812.0,sea_point,3524,Mediterranean Sea,8
10022,7704.27,4487.7300000000005,path_vertex,,,2
10023,7705.0,1777.0,province_center,3227,Kursk,6
10024,7706.0,530.0,sea_point,5341,Barents Sea,4
10025,7706.0,1135.0,province_center,2842,Shenkursk,7
10026,7706.0,1379.0,province_center,3222,Kostroma,4
10027,7706.13,4572.39,path_vertex,,,2
10028,7706.96,4611.1900000000005,path_vertex,,,2
10029,7707.0,2616.9500000000003,path_vertex,,,2
10030,7707.0,3783.0,province_center,1512,Sennar,4
10031,7707.0,3939.0,province_center,1814,Ad-Damazin,4
10032,7707.53,1931.22,path_vertex,,,2
10033,7707.67,2472.92,path_vertex,,,2
10034,7708.6900000000005,4022.57,path_vertex,,,2
10035,7709.0,4048.0,province_center,1711,Asosa,5
10036,7709.0,5307.0,sea_point,3400,Mozambique Channel,2
10037,7710.0,4592.0,province_center,1815,Mklama,5
10038,7710.0,5042.0,province_center,1387,Zomba,6
10039,7711.0,5399.0,sea_point,3401,Indian Ocean,5
10040,7712.13,1832.72,path_vertex,,,2
10041,7712.17,4832.56,path_vertex,,,2
10042,7712.5,1021.5,path_vertex,,,2
10043,7713.18,3482.41,path_vertex,,,2
10044,7713.7,3035.61,path_vertex,,,2
10045,7714.0,1907.0,province_center,98,Poltava,4
10046,7714.0,2518.0,province_center,411,Ankara,3
10047,7714.0,2686.0,province_center,433,Karaman,6
10048,7715.03,1882.67,path_vertex,,,2
10049,7716.0,1863.0,province_center,95,Kharkiv,4
10050,7717.0,1641.0,path_vertex,,,3
10051,7718.0,4732.0,path_vertex,,,2
10052,7718.88,1797.56,path_vertex,,,2
10053,7720.0,689.0,sea_point,4212,Barents Sea,6
10054,7720.0,754.0,sea_point,3849,White Sea,5
10055,7720.0,3404.0,province_center,1527,Berenice,4
10056,7721.47,4761.82,path_vertex,,,2
10057,7721.52,5181.92,path_vertex,,,2
10058,7722.0,4340.0,province_center,1393,Marsabit,6
10059,7722.35,3599.08,path_vertex,,,2
10060,7723.21,2039.76,path_vertex,,,2
10061,7723.6900000000005,1560.14,path_vertex,,,2
10062,7724.49,1831.0,path_vertex,,,2
10063,7724.75,1038.14,path_vertex,,,2
10064,7725.0,3056.0,province_center,1400,Arish,4
10065,7725.85,3804.83,path_vertex,,,2
10066,7726.400000000001,1980.8,path_vertex,,,2
10067,7726.4800000000005,3748.75,path_vertex,,,2
10068,7727.12,3832.36,path_vertex,,,2
10069,7727.16,4602.14,path_vertex,,,2
10070,7727.31,3389.89,path_vertex,,,2
10071,7727.5,2502.5,path_vertex,,,2
10072,7727.9800000000005,2532.91,path_vertex,,,2
10073,7728.0,792.0,sea_point,3971,Bay of Kiel,2
10074,7728.0,2053.0,sea_point,3303,Sea of Azov,5
10075,7728.0,3278.0,sea_point,3357,Red Sea,5
10076,7728.84,1438.56,path_vertex,,,2
10077,7728.89,4693.76,path_vertex,,,2
10078,7729.0,1400.0,path_vertex,,,3
10079,7729.0,1814.0,province_center,3226,Belgorod,7
10080,7729.0,4082.0,path_vertex,,,2
10081,7729.0,5756.0,sea_point,6467,Indian Ocean,7
10082,7729.49,2647.17,path_vertex,,,2
10083,7730.0,2387.0,province_center,421,Bafra,4
10084,7730.42,4582.12,path_vertex,,,2
10085,7730.8,1964.72,path_vertex,,,2
10086,7731.27,1733.48,path_vertex,,,2
10087,7731.39,1674.8500000000001,path_vertex,,,2
10088,7732.46,3662.46,path_vertex,,,2
10089,7732.79,4419.96,path_vertex,,,2
10090,7733.0,5074.12,path_vertex,,,2
10091,7733.0,5132.33,path_vertex,,,2
10092,7733.18,2373.46,path_vertex,,,2
10093,7735.63,3871.25,path_vertex,,,2
10094,7736.0,2095.0,sea_point,3308,Sea of Azov,3
10095,7736.0,4452.0,province_center,1390,Kisumu,6
10096,7736.0,4640.02,path_vertex,,,2
10097,7736.0,4854.0,province_center,1690,Sabruma,5
10098,7737.6900000000005,1400.28,path_vertex,,,2
10099,7737.860000000001,4201.52,path_vertex,,,2
10100,7738.0,2128.0,sea_point,3309,Black Sea,4
10101,7738.0,2347.0,sea_point,3321,Black Sea,6
10102,7738.0,2797.96,path_vertex,,,2
10103,7739.67,5022.68,path_vertex,,,2
10104,7740.0,3772.0,path_vertex,,,2
10105,7741.2,4667.6,path_vertex,,,2
10106,7741.5,1435.5,path_vertex,,,2
10107,7742.0,2613.0,province_center,435,Aksaray,5
10108,7742.16,4226.78,path_vertex,,,2
10109,7742.21,1574.32,path_vertex,,,2
10110,7743.68,1083.35,path_vertex,,,2
10111,7743.9800000000005,3717.89,path_vertex,,,2
10112,7744.0,1472.0,province_center,3219,Vladimir,7
10113,7744.0,2775.0,sea_point,3722,Aegean Sea,3
10114,7744.14,1761.03,path_vertex,,,2
10115,7745.0,1972.0,province_center,96,Stalino,3
10116,7746.0,3973.4,path_vertex,,,2
10117,7746.0,4111.0,province_center,1712,Metu,4
10118,7746.82,1844.39,path_vertex,,,2
10119,7746.83,2571.02,path_vertex,,,2
10120,7746.92,2678.92,path_vertex,,,2
10121,7748.0,1382.04,path_vertex,,,2
10122,7748.0,2552.0,province_center,434,Kırşehir,7
10123,7748.57,4917.0,path_vertex,,,2
10124,7748.89,1530.6200000000001,path_vertex,,,2
10125,7749.0,2748.0,sea_point,3345,Adana Trough,4
10126,7749.0,3369.0,sea_point,3360,Red Sea,5
10127,7749.0,3662.0,province_center,1748,Haya,5
10128,7749.0,3930.16,path_vertex,,,2
10129,7749.3,737.67,path_vertex,,,2
10130,7749.92,2453.02,path_vertex,,,2
10131,7750.0,2001.0,path_vertex,,,2
10132,7751.22,2520.18,path_vertex,,,2
10133,7752.0,3829.0,province_center,1511,Sinjah,7
10134,7753.0,1560.0,province_center,3217,Ryazan,5
10135,7754.0,1410.0,province_center,3228,Ivanovo,3
10136,7755.0,2470.0,province_center,420,Çorum,6
10137,7755.0,4670.0,province_center,1680,Dodoma,4
10138,7755.0,5211.0,sea_point,3398,Mozambique Channel,2
10139,7756.87,4792.57,path_vertex,,,2
10140,7757.0,3007.0,sea_point,3353,Mediterranean Sea,3
10141,7757.2,4654.6,path_vertex,,,2
10142,7758.0,2033.0,sea_point,3306,Sea of Azov,2
10143,7758.04,4688.72,path_vertex,,,2
10144,7759.0,731.0,province_center,2825,Shoyna,4
10145,7759.0,4977.0,province_center,1473,Lichinga,6
10146,7759.900000000001,2690.3,path_vertex,,,2
10147,7760.72,4063.8,path_vertex,,,2
10148,7760.8,3076.4900000000002,path_vertex,,,2
10149,7761.0,5881.0,sea_point,6744,Indian Ocean,3
10150,7761.2300000000005,2386.15,path_vertex,,,2
10151,7761.33,1956.6100000000001,path_vertex,,,2
10152,7762.0,2791.0,province_center,3296,Nicosia,2
10153,7762.42,4544.28,path_vertex,,,2
10154,7762.64,3026.59,path_vertex,,,2
10155,7764.0,4623.0,province_center,1696,Kondoa,5
10156,7764.18,4088.71,path_vertex,,,2
10157,7765.55,3104.4,path_vertex,,,2
10158,7766.0,2231.0,sea_point,8379,Black Sea,6
10159,7766.1900000000005,3695.69,path_vertex,,,2
10160,7766.3,1930.22,path_vertex,,,2
10161,7767.0,4737.0,province_center,1692,Kwiringa,8
10162,7767.88,1905.46,path_vertex,,,2
10163,7768.0,5522.0,sea_point,6104,Indian Ocean,7
10164,7768.17,3910.0,path_vertex,,,2
10165,7768.31,5052.3,path_vertex,,,2
10166,7769.0,1667.0,province_center,3239,Yefremov,8
10167,7769.400000000001,1422.8,path_vertex,,,2
10168,7769.6,1392.8,path_vertex,,,2
10169,7770.0,3923.0,province_center,1718,Maganan,6
10170,7770.1,4483.05,path_vertex,,,3
10171,7770.47,1462.89,path_vertex,,,2
10172,7770.7300000000005,1565.81,path_vertex,,,2
10173,7771.6900000000005,2799.54,path_vertex,,,2
10174,7771.8,3804.71,path_vertex,,,2
10175,7772.2300000000005,3579.15,path_vertex,,,2
10176,7773.46,1542.79,path_vertex,,,2
10177,7775.0,4116.75,path_vertex,,,2
10178,7776.14,687.46,path_vertex,,,2
10179,7776.67,4584.7,path_vertex,,,2
10180,7777.0,1385.0,province_center,3229,Kineshma,4
10181,7777.0,3086.0,province_center,2045,Aqaba,7
10182,7777.0,4857.05,path_vertex,,,2
10183,7777.0,5136.0,province_center,1472,Quelimane,7
10184,7778.0,2691.0,province_center,432,Mersin,3
10185,7778.0,4070.0,province_center,1702,Nekemte,4
10186,7778.360000000001,4247.85,path_vertex,,,2
10187,7778.360000000001,4507.51,path_vertex,,,2
10188,7778.76,4671.9400000000005,path_vertex,,,2
10189,7779.0,1987.0,path_vertex,,,2
10190,7779.2,1769.4,path_vertex,,,2
10191,7779.54,3110.31,path_vertex,,,2
10192,7780.0,2874.0,sea_point,3350,Mediterranean Sea,5
10193,7780.0,2933.0,sea_point,3351,Mediterranean Sea,5
10194,7780.0,4454.0,path_vertex,,,2
10195,7781.150000000001,1968.8500000000001,path_vertex,,,2
10196,7781.82,3101.35,path_vertex,,,2
10197,7782.6,1798.2,path_vertex,,,2
10198,7783.9400000000005,2642.7200000000003,path_vertex,,,2
10199,7784.0,668.0,sea_point,4211,Barents Sea,5
10200,7784.59,4817.96,path_vertex,,,2
10201,7785.0,4556.0,province_center,1700,Arusha,7
10202,7785.18,3596.29,path_vertex,,,2
10203,7785.7,3114.8,path_vertex,,,3
10204,7785.81,3659.9500000000003,path_vertex,,,2
10205,7786.0,1413.0,path_vertex,,,2
10206,7786.32,2695.36,path_vertex,,,2
10207,7788.33,1497.57,path_vertex,,,2
10208,7789.04,2679.53,path_vertex,,,2
10209,7790.0,1918.0,province_center,97,Luhansk,7
10210,7790.0,3224.0,sea_point,3358,Red Sea,4
10211,7791.39,4696.0,path_vertex,,,2
10212,7791.66,1703.73,path_vertex,,,2
10213,7792.0,4053.0,path_vertex,,,2
10214,7793.76,3998.87,path_vertex,,,2
10215,7793.9400000000005,2422.87,path_vertex,,,2
10216,7794.0,3582.0,province_center,1505,Port Sudan,4
10217,7794.0,5148.0,path_vertex,,,2
10218,7794.150000000001,4089.23,path_vertex,,,2
10219,7795.76,1630.7,path_vertex,,,2
10220,7796.0,785.0,sea_point,3852,White Sea,3
10221,7796.43,4656.1,path_vertex,,,2
10222,7796.4800000000005,3181.0,path_vertex,,,2
10223,7796.68,801.66,path_vertex,,,2
10224,7798.0,839.0,province_center,2840,Mezen,6
10225,7798.0,3163.0,province_center,1985,Maqna,4
10226,7798.88,3524.4700000000003,path_vertex,,,2
10227,7799.0,3597.0,path_vertex,,,2
10228,7800.0,1270.4,path_vertex,,,2
10229,7800.0,2708.0,sea_point,3347,Adana Trough,4
10230,7801.0,1451.0,province_center,3220,Kovrov,6
10231,7801.0,1792.0,province_center,3216,Voronezh,3
10232,7801.0,3765.0,province_center,1818,Kassala,8
10233,7803.88,4271.79,path_vertex,,,2
10234,7804.0,1941.0,sea_point,5206,Volga,2
10235,7804.18,1777.71,path_vertex,,,2
10236,7805.150000000001,4496.32,path_vertex,,,2
10237,7805.78,2691.23,path_vertex,,,2
10238,7806.0,1959.0,sea_point,5202,Volga,2
10239,7806.0,4200.0,province_center,1725,Jinka,4
10240,7806.1900000000005,1820.96,path_vertex,,,2
10241,7807.0,1253.74,path_vertex,,,2
10242,7807.0,2384.0,province_center,419,Ordu,5
10243,7807.0,2757.0,sea_point,3348,Mediterranean Sea,5
10244,7807.0,3583.14,path_vertex,,,2
10245,7807.0,4667.0,province_center,1695,Kitange,6
10246,7807.51,4776.81,path_vertex,,,2
10247,7808.0,1995.0,sea_point,5197,Sea of Azov,2
10248,7808.0,5162.0,sea_point,3397,Mozambique Channel,4
10249,7809.1900000000005,3713.31,path_vertex,,,2
10250,7809.34,4918.0,path_vertex,,,2
10251,7809.74,1665.06,path_vertex,,,2
10252,7809.87,3959.9,path_vertex,,,2
10253,7809.9800000000005,2992.78,path_vertex,,,2
10254,7810.0,1067.5,path_vertex,,,2
10255,7810.400000000001,2548.65,path_vertex,,,3
10256,7812.21,4730.78,path_vertex,,,2
10257,7812.57,2374.82,path_vertex,,,2
10258,7813.0,1738.0,province_center,3231,Lipetsk,6
10259,7813.0,2663.0,province_center,413,Adana,6
10260,7813.56,2620.77,path_vertex,,,2
10261,7814.87,2479.98,path_vertex,,,2
10262,7815.0,2815.0,sea_point,3349,Mediterranean Sea,5
10263,7816.0,3657.0,province_center,1506,Suakin,5
10264,7816.0,3935.0,path_vertex,,,2
10265,7816.0,4618.0,path_vertex,,,2
10266,7816.900000000001,4016.35,path_vertex,,,3
10267,7817.0,1970.0,sea_point,5201,Volga,2
10268,7817.12,1799.16,path_vertex,,,2
10269,7819.0,4457.0,province_center,1388,Nairobi,3
10270,7819.58,3863.71,path_vertex,,,2
10271,7819.92,2553.56,path_vertex,,,2
10272,7820.27,5016.28,path_vertex,,,2
10273,7820.45,4073.67,path_vertex,,,2
10274,7821.0,1939.0,sea_point,5212,Volga,2
10275,7821.84,1916.39,path_vertex,,,2
10276,7821.900000000001,3817.92,path_vertex,,,2
10277,7822.2300000000005,2933.31,path_vertex,,,2
10278,7824.95,1203.09,path_vertex,,,2
10279,7825.0,3499.0,sea_point,3362,Red Sea,5
10280,7825.610000000001,4706.0,path_vertex,,,2
10281,7826.0,2768.0,path_vertex,,,2
10282,7826.0,4125.0,province_center,1713,Jimma,5
10283,7826.57,3899.88,path_vertex,,,2
10284,7827.0,1586.0,province_center,3240,Shivolo,5
10285,7827.64,3202.1800000000003,path_vertex,,,2
10286,7828.0,3302.0,sea_point,3359,Red Sea,5
10287,7829.0,2934.0,province_center,2036,Jaffa,6
10288,7829.0,3978.0,province_center,1715,Bahir Dar,7
10289,7829.12,3019.53,path_vertex,,,2
10290,7829.25,1259.05,path_vertex,,,3
10291,7829.51,900.46,path_vertex,,,2
10292,7830.0,1986.0,province_center,3190,Rostov,3
10293,7830.29,5047.9800000000005,path_vertex,,,2
10294,7830.4400000000005,2871.9700000000003,path_vertex,,,2
10295,7831.0,2341.0,sea_point,3320,Black Sea,4
10296,7831.03,2819.09,path_vertex,,,2
10297,7832.0,4801.0,province_center,1693,Donde,6
10298,7832.33,2512.78,path_vertex,,,2
10299,7832.46,2651.7400000000002,path_vertex,,,2
10300,7832.57,4548.7300000000005,path_vertex,,,2
10301,7832.650000000001,4414.45,path_vertex,,,2
10302,7833.0,4202.77,path_vertex,,,2
10303,7833.31,3642.9900000000002,path_vertex,,,2
10304,7835.0,3952.0,path_vertex,,,2
10305,7835.06,787.41,path_vertex,,,2
10306,7835.8,2908.4,path_vertex,,,2
10307,7836.0,2273.0,sea_point,8378,Black Sea,7
10308,7836.51,4759.49,path_vertex,,,2
10309,7837.0,3939.0,province_center,1703,Gondar,4
10310,7837.03,2049.0,path_vertex,,,2
10311,7838.64,3759.46,path_vertex,,,2
10312,7839.0,4726.0,province_center,1676,Morogoro,7
10313,7839.7300000000005,1477.72,path_vertex,,,2
10314,7839.83,3103.11,path_vertex,,,2
10315,7840.0,2087.0,province_center,3205,Krasnodar,4
10316,7840.3,2694.9,path_vertex,,,3
10317,7840.67,1705.17,path_vertex,,,2
10318,7840.71,2934.18,path_vertex,,,2
10319,7840.85,2129.23,path_vertex,,,2
10320,7841.0,1804.0,path_vertex,,,3
10321,7841.59,1863.0,path_vertex,,,2
10322,7842.0,5029.0,province_center,1471,Nampula,3
10323,7842.900000000001,759.2,path_vertex,,,4
10324,7843.0,715.0,sea_point,4209,Barents Sea,2
10325,7843.0,2164.0,sea_point,3310,Black Sea,5
10326,7843.08,1952.38,path_vertex,,,2
10327,7843.12,2839.81,path_vertex,,,2
10328,7843.56,4429.47,path_vertex,,,2
10329,7844.0,1950.0,sea_point,5215,Volga,4
10330,7844.0,2874.0,province_center,2032,Haifa,5
10331,7844.89,3787.77,path_vertex,,,2
10332,7845.46,3050.18,path_vertex,,,2
10333,7845.89,1947.4,path_vertex,,,2
10334,7846.0,2822.0,province_center,2035,Beirut,4
10335,7846.0,5304.0,sea_point,6086,Mozambique Channel,7
10336,7846.4400000000005,4837.93,path_vertex,,,2
10337,7847.0,1154.2,path_vertex,,,2
10338,7847.2,3917.6,path_vertex,,,2
10339,7847.45,742.95,path_vertex,,,2
10340,7848.09,3719.91,path_vertex,,,2
10341,7849.0,939.0,province_center,2846,Pinega,7
10342,7849.46,4650.09,path_vertex,,,2
10343,7851.0,3587.0,sea_point,3364,Red Sea,6
10344,7851.07,2735.48,path_vertex,,,2
10345,7852.09,4494.2300000000005,path_vertex,,,2
10346,7852.56,3948.69,path_vertex,,,2
10347,7853.0,2703.38,path_vertex,,,2
10348,7853.5,4021.5,path_vertex,,,2
10349,7853.59,2801.9700000000003,path_vertex,,,2
10350,7854.83,2958.02,path_vertex,,,2
10351,7855.0,4862.0,province_center,1691,Nasoro,5
10352,7856.08,2455.41,path_vertex,,,2
10353,7857.0,2935.0,province_center,2034,Jerusalem,3
10354,7857.03,2541.84,path_vertex,,,2
10355,7858.0,2635.0,province_center,436,Gaziantep,6
10356,7858.1,1428.07,path_vertex,,,2
10357,7858.21,4089.61,path_vertex,,,2
10358,7858.62,3936.08,path_vertex,,,2
10359,7859.0,2708.0,province_center,2050,Al Dana,6
10360,7859.05,1544.29,path_vertex,,,2
10361,7859.13,2671.2000000000003,path_vertex,,,2
10362,7859.88,3996.9500000000003,path_vertex,,,2
10363,7860.82,2950.29,path_vertex,,,2
10364,7861.0,3885.0,province_center,1717,Shire,6
10365,7861.24,2909.06,path_vertex,,,2
10366,7861.57,1638.0,path_vertex,,,2
10367,7862.0,530.0,sea_point,5361,Barents Sea,4
10368,7862.39,3271.58,path_vertex,,,2
10369,7862.47,3154.71,path_vertex,,,2
10370,7863.0,2965.0,province_center,2047,Hebron,6
10371,7863.09,4606.31,path_vertex,,,2
10372,7864.820000000001,2737.94,path_vertex,,,2
10373,7865.0,1582.92,path_vertex,,,2
10374,7865.0,2832.0,path_vertex,,,2
10375,7865.0,3755.0,province_center,1731,Karkabat,5
10376,7865.7300000000005,4747.12,path_vertex,,,2
10377,7866.0,1944.0,sea_point,5218,Volga,2
10378,7866.95,3935.1,path_vertex,,,3
10379,7867.49,4680.900000000001,path_vertex,,,2
10380,7867.6,4402.45,path_vertex,,,3
10381,7867.76,5017.38,path_vertex,,,2
10382,7868.2300000000005,2890.88,path_vertex,,,2
10383,7868.54,2856.69,path_vertex,,,2
10384,7869.0,2765.0,province_center,2038,Hama,7
10385,7870.0,5600.0,sea_point,6460,Indian Ocean,6
10386,7870.81,850.44,path_vertex,,,2
10387,7871.18,4295.58,path_vertex,,,2
10388,7872.1,4786.26,path_vertex,,,2
10389,7872.54,1737.83,path_vertex,,,2
10390,7872.88,4345.2,path_vertex,,,2
10391,7873.42,1388.88,path_vertex,,,2
10392,7873.68,1779.66,path_vertex,,,2
10393,7873.76,4978.84,path_vertex,,,2
10394,7874.0,2926.0,path_vertex,,,2
10395,7875.0,4120.88,path_vertex,,,2
10396,7875.900000000001,3784.7000000000003,path_vertex,,,2
10397,7876.0,1661.0,province_center,3236,Morshansk,7
10398,7876.0,3266.0,province_center,1984,Wejh,6
10399,7876.0,4069.0,province_center,1714,Ambo,6
10400,7876.52,4824.85,path_vertex,,,2
10401,7877.02,4024.86,path_vertex,,,2
10402,7877.1900000000005,3839.59,path_vertex,,,2
10403,7877.6,2702.11,path_vertex,,,2
10404,7878.0,4008.0,province_center,1716,Debre Markos,5
10405,7878.0,5428.0,sea_point,6096,Indian Ocean,6
10406,7879.0,2490.0,province_center,425,Malatya,6
10407,7879.52,2403.04,path_vertex,,,2
10408,7879.95,3859.05,path_vertex,,,3
10409,7880.02,2807.65,path_vertex,,,2
10410,7881.0,1911.0,province_center,3213,Millerovo,4
10411,7881.0,4206.0,province_center,1726,Arba Minch,3
10412,7883.12,4913.6,path_vertex,,,2
10413,7883.49,2715.08,path_vertex,,,2
10414,7884.0,3387.0,sea_point,3858,Red Sea,5
10415,7884.070000000001,5040.900000000001,path_vertex,,,2
10416,7884.29,1691.0,path_vertex,,,2
10417,7884.42,3004.7400000000002,path_vertex,,,2
10418,7885.0,1509.0,province_center,3237,Murom,6
10419,7885.0,2751.3,path_vertex,,,2
10420,7885.66,1627.55,path_vertex,,,2
10421,7886.76,2946.32,path_vertex,,,2
10422,7887.54,4719.21,path_vertex,,,2
10423,7887.58,3205.36,path_vertex,,,2
10424,7889.0,2843.0,province_center,2037,Damascus,6
10425,7889.0,3806.0,province_center,1733,Asmara,6
10426,7889.04,4861.93,path_vertex,,,2
10427,7890.7,1539.57,path_vertex,,,2
10428,7891.0,4538.0,province_center,1389,Mwatate,7
10429,7891.650000000001,1460.51,path_vertex,,,2
10430,7892.0,2698.0,province_center,2039,Aleppo,4
10431,7893.0,5865.0,sea_point,6964,Indian Ocean,4
10432,7893.070000000001,2871.91,path_vertex,,,2
10433,7893.320000000001,3713.76,path_vertex,,,2
10434,7893.85,1838.07,path_vertex,,,2
10435,7894.0,2668.0,path_vertex,,,2
10436,7894.0,3023.0,province_center,2046,Ma'an,6
10437,7895.33,4585.51,path_vertex,,,2
10438,7896.0,1737.0,province_center,3234,Tambov,5
10439,7896.13,3083.38,path_vertex,,,2
10440,7897.0,3149.0,province_center,1986,Tabuk,6
10441,7898.0,1580.0,province_center,3238,Sasovo,6
10442,7898.0,2912.0,province_center,2043,Ammam,6
10443,7898.0,4629.0,province_center,1677,Tanga,5
10444,7898.0,4685.79,path_vertex,,,2
10445,7898.17,2520.56,path_vertex,,,2
10446,7898.4800000000005,1767.8500000000001,path_vertex,,,2
10447,7898.72,3798.04,path_vertex,,,2
10448,7899.2,3775.4,path_vertex,,,2
10449,7900.0,1392.0,province_center,3221,Kologriv,6
10450,7900.0,1797.0,province_center,3235,Borisolglebsk,6
10451,7900.16,3902.9500000000003,path_vertex,,,2
10452,7900.400000000001,2682.8,path_vertex,,,2
10453,7900.74,2651.77,path_vertex,,,2
10454,7900.900000000001,3955.05,path_vertex,,,2
10455,7901.0,4774.0,province_center,1679,Molioro,5
10456,7901.0,5725.0,sea_point,6738,Indian Ocean,5
10457,7901.2300000000005,3888.85,path_vertex,,,2
10458,7902.0,5122.0,sea_point,3396,Mozambique Channel,6
10459,7903.31,4733.28,path_vertex,,,2
10460,7903.49,4068.06,path_vertex,,,2
10461,7903.97,2615.43,path_vertex,,,2
10462,7904.0,4717.0,province_center,1675,Dar es Salaam,3
10463,7905.0,4680.0,sea_point,3389,Indian Ocean,3
10464,7905.7300000000005,3835.62,path_vertex,,,2
10465,7906.0,2710.0,path_vertex,,,2
10466,7906.01,4098.83,path_vertex,,,2
10467,7907.0,2337.0,sea_point,3319,Black Sea,5
10468,7907.0,3694.0,sea_point,3365,Red Sea,4
10469,7907.09,4217.53,path_vertex,,,2
10470,7907.63,965.11,path_vertex,,,2
10471,7907.9800000000005,2044.66,path_vertex,,,2
10472,7908.59,1363.6200000000001,path_vertex,,,2
10473,7910.0,680.0,sea_point,4210,Barents Sea,4
10474,7910.0,2698.0,path_vertex,,,2
10475,7910.5,2785.25,path_vertex,,,2
10476,7911.9400000000005,2820.59,path_vertex,,,2
10477,7912.05,3309.0,path_vertex,,,2
10478,7914.0,2111.66,path_vertex,,,2
10479,7914.0,4698.0,sea_point,3739,Red Sea,2
10480,7915.0,2657.0,province_center,2053,Manbij,6
10481,7915.0,3786.0,province_center,1730,Massawa,4
10482,7915.2,3806.4,path_vertex,,,2
10483,7917.0,2721.0,province_center,2054,Meskene,6
10484,7917.0,4629.3,path_vertex,,,2
10485,7917.68,4773.26,path_vertex,,,2
10486,7918.0,3911.0,province_center,1723,Gijet,5
10487,7918.24,2007.8600000000001,path_vertex,,,2
10488,7918.8,3780.4,path_vertex,,,2
10489,7919.54,4811.18,path_vertex,,,2
10490,7920.0,1257.0,province_center,2853,Nikolsk,5
10491,7920.0,1969.0,sea_point,5221,Volga,2
10492,7920.28,2358.4500000000003,path_vertex,,,2
10493,7921.0,4116.0,province_center,1727,Meki,5
10494,7922.85,3801.77,path_vertex,,,2
10495,7924.2300000000005,3061.48,path_vertex,,,2
10496,7927.0,2267.0,sea_point,8364,Black Sea,7
10497,7928.7300000000005,2791.79,path_vertex,,,2
10498,7929.55,3188.1800000000003,path_vertex,,,2
10499,7930.0,3807.0,province_center,1734,Foro,6
10500,7930.0,4067.0,province_center,1701,Addis Ababa,3
10501,7930.28,2626.03,path_vertex,,,2
10502,7930.51,4718.52,path_vertex,,,2
10503,7931.0,2187.0,sea_point,3312,Black Sea,5
10504,7931.0,4092.0,path_vertex,,,2
10505,7931.0,4629.0,sea_point,3388,Indian Ocean,3
10506,7932.17,4428.63,path_vertex,,,2
10507,7932.74,2711.5,path_vertex,,,2
10508,7933.0,4036.0,path_vertex,,,2
10509,7933.38,1221.15,path_vertex,,,2
10510,7933.64,2783.9,path_vertex,,,2
10511,7933.66,2169.0,path_vertex,,,2
10512,7933.99,2678.1,path_vertex,,,2
10513,7938.88,3370.76,path_vertex,,,2
10514,7939.0,2120.0,province_center,3209,Maykop,5
10515,7939.0,4719.0,sea_point,3390,Indian Ocean,5
10516,7940.21,2748.9500000000003,path_vertex,,,2
10517,7941.0,2790.0,province_center,2051,Palmyra,6
10518,7941.0,4771.0,sea_point,3391,Indian Ocean,4
10519,7941.110000000001,2947.35,path_vertex,,,2
10520,7943.0,1963.0,sea_point,5223,Volga,2
10521,7943.0,3981.9500000000003,path_vertex,,,2
10522,7943.0,4027.0,path_vertex,,,2
10523,7943.150000000001,3842.25,path_vertex,,,2
10524,7943.26,3904.08,path_vertex,,,2
10525,7943.49,3934.39,path_vertex,,,2
10526,7944.0,2597.0,province_center,429,Mardin,6
10527,7944.0,4860.0,province_center,1678,Mikindani,5
10528,7944.610000000001,2859.8,path_vertex,,,2
10529,7944.610000000001,2896.73,path_vertex,,,2
10530,7945.81,4888.5,path_vertex,,,2
10531,7946.0,3241.51,path_vertex,,,2
10532,7946.0,4234.0,province_center,1724,Hudat,4
10533,7949.0,3489.0,sea_point,3862,Red Sea,7
10534,7950.0,4744.0,sea_point,3741,Red Sea,2
10535,7950.0,4980.0,province_center,1467,Memba,6
10536,7951.0,1168.0,province_center,2854,Kizema,5
10537,7951.14,4847.57,path_vertex,,,2
10538,7952.0,2016.0,province_center,3212,Salsk,6
10539,7952.0,2698.0,province_center,2040,Al-Raqqah,8
10540,7952.0,3804.0,path_vertex,,,2
10541,7952.89,3304.55,path_vertex,,,2
10542,7953.0,3763.0,sea_point,3366,Red Sea,6
10543,7953.3,2783.3,path_vertex,,,2
10544,7953.78,1476.16,path_vertex,,,2
10545,7954.0,4563.67,path_vertex,,,2
10546,7954.02,2059.13,path_vertex,,,2
10547,7954.43,2444.39,path_vertex,,,2
10548,7954.6900000000005,4295.87,path_vertex,,,2
10549,7955.650000000001,4064.59,path_vertex,,,2
10550,7956.14,4092.13,path_vertex,,,2
10551,7956.47,2725.0,path_vertex,,,2
10552,7957.0,2321.0,sea_point,3318,Black Sea,4
10553,7957.0,5059.0,sea_point,3395,Mozambique Channel,4
10554,7958.0,2068.0,path_vertex,,,2
10555,7959.25,2925.0,path_vertex,,,3
10556,7959.25,2983.5,path_vertex,,,3
10557,7960.0,3367.0,province_center,1983,Yenbo,4
10558,7961.0,1974.0,sea_point,5229,Volga,2
10559,7961.0,4347.0,province_center,1392,Wajir,7
10560,7961.0,4828.0,sea_point,3392,Indian Ocean,5
10561,7961.62,2972.17,path_vertex,,,2
10562,7961.71,3029.26,path_vertex,,,2
10563,7961.85,1495.65,path_vertex,,,3
10564,7962.01,2581.76,path_vertex,,,2
10565,7963.0,785.0,path_vertex,,,2
10566,7963.0,2776.0,province_center,2048,Soukhné,4
10567,7963.0,3894.0,province_center,1719,Mek'ele,5
10568,7963.75,4134.0,path_vertex,,,2
10569,7965.31,4981.56,path_vertex,,,2
10570,7966.85,3915.73,path_vertex,,,2
10571,7967.0,3233.0,province_center,1987,Medain Salih,4
10572,7967.0,4568.0,sea_point,3387,Indian Ocean,6
10573,7967.25,3341.9900000000002,path_vertex,,,2
10574,7968.17,3161.26,path_vertex,,,2
10575,7969.360000000001,3387.75,path_vertex,,,2
10576,7970.0,3328.0,province_center,1988,Hadiya,6
10577,7970.01,3300.42,path_vertex,,,2
10578,7970.72,1384.89,path_vertex,,,2
10579,7971.0,2721.0,path_vertex,,,2
10580,7971.0,5522.0,sea_point,6105,Indian Ocean,6
10581,7972.28,2853.39,path_vertex,,,2
10582,7973.0,2632.86,path_vertex,,,2
10583,7973.9400000000005,2511.68,path_vertex,,,2
10584,7974.0,2708.0,path_vertex,,,2
10585,7975.84,2329.98,path_vertex,,,2
10586,7976.0,3968.0,province_center,1722,Dessie,7
10587,7977.650000000001,2169.53,path_vertex,,,2
10588,7979.0,2429.0,province_center,418,Erzurum,6
10589,7979.0,4140.0,province_center,1729,Goba,4
10590,7979.99,2969.18,path_vertex,,,2
10591,7980.0,5260.0,sea_point,5004,Mozambique Channel,5
10592,7981.0,2226.0,sea_point,3313,Black Sea,4
10593,7982.52,4233.12,path_vertex,,,2
10594,7983.0,3632.0,sea_point,5382,Red Sea,7
10595,7984.87,4005.44,path_vertex,,,2
10596,7984.89,1674.21,path_vertex,,,2
10597,7985.5,2604.37,path_vertex,,,2
10598,7985.55,1742.42,path_vertex,,,2
10599,7986.0,1976.0,sea_point,5233,Volga,2
10600,7986.0,2882.0,province_center,2044,Bādiyat Ash-shām,7
10601,7986.53,1604.7,path_vertex,,,2
10602,7987.0,4109.0,path_vertex,,,2
10603,7987.33,2656.73,path_vertex,,,2
10604,7987.91,2803.83,path_vertex,,,2
10605,7988.0,2930.0,province_center,1992,Kaf,6
10606,7988.0,5324.0,sea_point,5003,Mozambique Channel,3
10607,7988.03,2918.36,path_vertex,,,2
10608,7988.85,3197.78,path_vertex,,,2
10609,7989.0,1627.68,path_vertex,,,2
10610,7989.0,2715.0,province_center,2042,Deir ez Zor,3
10611,7989.0,3445.19,path_vertex,,,2
10612,7989.2300000000005,1546.32,path_vertex,,,2
10613,7990.0,4981.0,sea_point,3394,Mozambique Channel,4
10614,7990.12,1067.81,path_vertex,,,2
10615,7990.24,805.36,path_vertex,,,2
10616,7990.28,1467.72,path_vertex,,,2
10617,7990.650000000001,2694.11,path_vertex,,,2
10618,7991.570000000001,923.63,path_vertex,,,2
10619,7991.91,2203.48,path_vertex,,,2
10620,7992.0,4908.0,sea_point,3393,Indian Ocean,4
10621,7993.0,3441.0,province_center,2017,Qadhima,7
10622,7993.93,2727.68,path_vertex,,,2
10623,7994.66,3483.14,path_vertex,,,2
10624,7995.0,546.0,sea_point,5378,Barents Sea,5
10625,7995.0,2292.0,sea_point,3317,Black Sea,4
10626,7995.4400000000005,5253.13,path_vertex,,,2
10627,7995.650000000001,2735.85,path_vertex,,,3
10628,7995.7,1795.39,path_vertex,,,2
10629,7996.0,2193.0,province_center,3181,Ilori,5
10630,7996.0,3845.12,path_vertex,,,2
10631,7996.52,2775.08,path_vertex,,,2
10632,7997.1900000000005,4225.4,path_vertex,,,2
10633,7998.0,4062.0,province_center,1721,AsbeTeferi,9
10634,7998.0,5386.0,sea_point,5001,Indian Ocean,5
10635,7998.25,3347.5,path_vertex,,,2
10636,7999.87,3265.42,path_vertex,,,2
10637,8000.62,4477.37,path_vertex,,,2
10638,8000.8,4372.63,path_vertex,,,2
10639,8000.820000000001,1694.6200000000001,path_vertex,,,2
10640,8001.2,2703.6,path_vertex,,,2
10641,8001.26,3456.6,path_vertex,,,2
10642,8002.0,5647.0,sea_point,6462,Indian Ocean,6
10643,8002.5,2474.62,path_vertex,,,2
10644,8002.9800000000005,2836.79,path_vertex,,,2
10645,8004.0,2701.0,province_center,2052,Al Suwar,6
10646,8004.21,4290.21,path_vertex,,,2
10647,8005.29,3380.4500000000003,path_vertex,,,2
10648,8006.0,2263.0,sea_point,3315,Black Sea,5
10649,8006.0,3167.0,province_center,2003,Taima,7
10650,8008.320000000001,5313.72,path_vertex,,,2
10651,8009.0,1966.0,sea_point,5235,Volga,2
10652,8009.0,5246.0,province_center,1972,Morombe,6
10653,8009.4400000000005,2039.0800000000002,path_vertex,,,2
10654,8009.75,5374.66,path_vertex,,,2
10655,8009.76,2293.4900000000002,path_vertex,,,2
10656,8011.0,1011.0,province_center,2844,Karpogory,5
10657,8011.25,4232.8,path_vertex,,,3
10658,8011.4800000000005,2671.2200000000003,path_vertex,,,2
10659,8011.52,2408.44,path_vertex,,,2
10660,8011.83,5213.38,path_vertex,,,2
10661,8013.0,5188.0,sea_point,5005,Mozambique Channel,5
10662,8014.28,2162.43,path_vertex,,,2
10663,8015.0,3480.0,province_center,1980,Mecca,3
10664,8015.02,5285.08,path_vertex,,,2
10665,8015.6900000000005,2739.36,path_vertex,,,2
10666,8015.8,2808.65,path_vertex,,,3
10667,8015.96,1175.88,path_vertex,,,2
10668,8016.7,2267.81,path_vertex,,,2
10669,8017.0,1942.0,path_vertex,,,2
10670,8017.0,2249.0,path_vertex,,,2
10671,8018.26,2872.9900000000002,path_vertex,,,2
10672,8018.5,4333.77,path_vertex,,,2
10673,8019.0,4150.05,path_vertex,,,2
10674,8019.0,5307.0,province_center,1959,Tuléar,3
10675,8019.7,1436.5,path_vertex,,,3
10676,8019.7,3855.15,path_vertex,,,2
10677,8020.3,1246.24,path_vertex,,,2
10678,8021.25,3455.66,path_vertex,,,2
10679,8022.0,680.0,sea_point,4207,Barents Sea,3
10680,8022.0,2270.0,province_center,3168,Batumi,3
10681,8022.42,2824.7200000000003,path_vertex,,,2
10682,8024.0,2611.0,province_center,2041,Tell Kotchek,7
10683,8025.0,2773.0,province_center,2049,Abu Kemal,6
10684,8025.79,2581.0,path_vertex,,,2
10685,8027.0,2523.0,province_center,417,Siirt,6
10686,8027.88,1453.09,path_vertex,,,2
10687,8028.0,1968.0,sea_point,5237,Volga,2
10688,8028.8,2696.2000000000003,path_vertex,,,3
10689,8029.5,2997.5,path_vertex,,,2
10690,8029.8,2098.81,path_vertex,,,2
10691,8030.2,3473.4,path_vertex,,,2
10692,8030.81,4105.4,path_vertex,,,2
10693,8031.150000000001,3964.77,path_vertex,,,2
10694,8031.900000000001,5321.92,path_vertex,,,2
10695,8032.0,3326.58,path_vertex,,,2
10696,8033.88,3875.69,path_vertex,,,2
10697,8034.0,5436.0,sea_point,5000,Indian Ocean,5
10698,8034.0,5772.0,sea_point,6961,Indian Ocean,4
10699,8034.400000000001,3257.0,path_vertex,,,2
10700,8035.0,1680.0,province_center,3195,Penza,5
10701,8035.05,5216.03,path_vertex,,,2
10702,8036.21,3377.25,path_vertex,,,2
10703,8037.68,1639.93,path_vertex,,,2
10704,8038.0,1619.0,province_center,3196,Saransk,5
10705,8038.0,2283.0,path_vertex,,,2
10706,8038.0,5073.0,sea_point,5007,Mozambique Channel,5
10707,8038.41,4005.2400000000002,path_vertex,,,2
10708,8039.0,2259.0,path_vertex,,,2
10709,8039.570000000001,2617.43,path_vertex,,,2
10710,8040.9800000000005,5188.36,path_vertex,,,2
10711,8040.99,2774.18,path_vertex,,,2
10712,8041.18,2911.58,path_vertex,,,2
10713,8041.72,1733.32,path_vertex,,,2
10714,8041.820000000001,2736.58,path_vertex,,,2
10715,8042.0,3469.0,province_center,1982,Ashaira,4
10716,8043.0,1964.0,sea_point,5241,Volga,2
10717,8043.0,2958.0,path_vertex,,,3
10718,8045.0,2864.0,province_center,2057,Rutba,6
10719,8045.0,3872.0,province_center,1732,Assab,5
10720,8045.0,5335.0,province_center,1977,Betioky,6
10721,8045.93,2231.84,path_vertex,,,2
10722,8047.0,2688.67,path_vertex,,,2
10723,8047.9800000000005,3093.14,path_vertex,,,2
10724,8048.0,1794.0,province_center,3201,Atarsk,4
10725,8048.0,3427.69,path_vertex,,,2
10726,8048.0,4230.0,province_center,1709,Afder,6
10727,8048.0,5074.33,path_vertex,,,2
10728,8048.3,3895.4500000000003,path_vertex,,,2
10729,8049.42,2703.73,path_vertex,,,2
10730,8049.43,4209.54,path_vertex,,,2
10731,8049.5,5285.5,path_vertex,,,2
10732,8050.33,3888.0,path_vertex,,,2
10733,8050.900000000001,1554.8700000000001,path_vertex,,,2
10734,8051.0,3864.0,path_vertex,,,2
10735,8052.0,4158.0,province_center,1710,Imi,5
10736,8052.85,2458.62,path_vertex,,,2
10737,8054.0,2093.0,province_center,3204,Stavropol,5
10738,8054.0,3326.0,province_center,1989,Khaibar,7
10739,8054.1900000000005,3450.86,path_vertex,,,2
10740,8055.09,2971.15,path_vertex,,,2
10741,8055.33,5362.22,path_vertex,,,2
10742,8055.46,4281.36,path_vertex,,,2
10743,8056.0,2296.0,province_center,3183,Khelvachauri,6
10744,8057.0,1521.0,province_center,3180,Gorky,5
10745,8057.0,4664.0,sea_point,6025,Indian Ocean,7
10746,8057.820000000001,722.65,path_vertex,,,2
10747,8058.0,3602.0,sea_point,3863,Red Sea,4
10748,8058.0,5187.0,province_center,1973,Morondava,6
10749,8058.29,2496.59,path_vertex,,,2
10750,8058.52,2272.2000000000003,path_vertex,,,2
10751,8058.91,3937.01,path_vertex,,,2
10752,8059.0,3840.0,sea_point,3368,Red Sea,6
10753,8059.47,2829.78,path_vertex,,,2
10754,8060.0,2243.0,province_center,3179,Kutaisi,6
10755,8060.63,2327.0,path_vertex,,,2
10756,8061.0,4323.0,province_center,1739,Bardere,7
10757,8061.14,2590.7200000000003,path_vertex,,,2
10758,8061.67,1084.59,path_vertex,,,2
10759,8062.81,3367.32,path_vertex,,,2
10760,8063.0,5012.0,sea_point,5008,Mozambique Channel,3
10761,8064.0,1977.0,sea_point,5247,Volga,2
10762,8065.0,2550.89,path_vertex,,,2
10763,8066.0,1374.0,province_center,3223,Vokhma,4
10764,8066.0,2373.0,province_center,415,Kars,6
10765,8066.1900000000005,1810.42,path_vertex,,,2
10766,8067.0,2986.0,province_center,1990,Jauf,3
10767,8067.0,3387.0,province_center,1994,Medina,2
10768,8067.0,3755.0,sea_point,5392,Red Sea,5
10769,8067.0,4067.0,path_vertex,,,2
10770,8067.34,4362.55,path_vertex,,,2
10771,8068.0,3962.0,province_center,1720,Djibouti,5
10772,8068.38,2959.08,path_vertex,,,2
10773,8071.1,3008.84,path_vertex,,,2
10774,8071.92,3514.89,path_vertex,,,2
10775,8072.0,3411.0,path_vertex,,,2
10776,8073.0,5396.0,province_center,1971,Tsihombe,3
10777,8074.0,3420.0,province_center,1995,Hajariya,7
10778,8075.0,3581.0,path_vertex,,,2
10779,8075.28,1483.0,path_vertex,,,2
10780,8075.68,3899.9500000000003,path_vertex,,,2
10781,8076.0,1980.0,sea_point,5251,Volga,2
10782,8076.0,4420.0,province_center,1737,Jamaame,4
10783,8076.1900000000005,2620.04,path_vertex,,,2
10784,8076.320000000001,2018.15,path_vertex,,,2
10785,8076.860000000001,1550.66,path_vertex,,,2
10786,8076.96,2426.15,path_vertex,,,2
10787,8076.9800000000005,1413.58,path_vertex,,,2
10788,8077.0,1971.0,sea_point,5262,Volga,2
10789,8077.0,1986.0,path_vertex,,,2
10790,8077.59,2070.4900000000002,path_vertex,,,2
10791,8078.0,3038.0,province_center,2002,Jubbah,7
10792,8078.0,3350.0,path_vertex,,,3
10793,8080.0,1873.0,province_center,3199,Baltser,4
10794,8080.0,5342.86,path_vertex,,,2
10795,8080.84,4089.44,path_vertex,,,2
10796,8081.0,2774.0,province_center,2068,Anah,7
10797,8081.29,1625.8700000000001,path_vertex,,,2
10798,8081.820000000001,967.85,path_vertex,,,2
10799,8082.0,4813.0,sea_point,6043,Indian Ocean,6
10800,8083.5,5266.5,path_vertex,,,2
10801,8083.56,3196.2000000000003,path_vertex,,,2
10802,8084.860000000001,4202.0,path_vertex,,,2
10803,8085.2,1848.6000000000001,path_vertex,,,2
10804,8085.45,3095.39,path_vertex,,,2
10805,8085.87,2843.7400000000002,path_vertex,,,2
10806,8086.0,1449.0,province_center,3202,Uren,4
10807,8086.0,2471.0,province_center,416,Van,7
10808,8086.0,4984.0,sea_point,5009,Indian Ocean,6
10809,8086.12,4158.05,path_vertex,,,2
10810,8086.41,4052.0,path_vertex,,,2
10811,8086.71,5215.88,path_vertex,,,2
10812,8087.26,2190.61,path_vertex,,,2
10813,8087.87,2285.7400000000002,path_vertex,,,2
10814,8088.4400000000005,3977.12,path_vertex,,,2
10815,8088.6,2983.2000000000003,path_vertex,,,2
10816,8089.0,1831.0,province_center,3184,Saratov,3
10817,8089.0,4069.0,province_center,1705,Harar,6
10818,8089.91,2887.9,path_vertex,,,2
10819,8090.02,1903.79,path_vertex,,,2
10820,8090.16,5402.0,path_vertex,,,2
10821,8090.42,4432.58,path_vertex,,,2
10822,8091.2,5346.25,path_vertex,,,2
10823,8091.55,2537.59,path_vertex,,,2
10824,8092.13,3010.96,path_vertex,,,2
10825,8092.150000000001,2920.88,path_vertex,,,2
10826,8092.2300000000005,3254.7400000000002,path_vertex,,,2
10827,8094.0,2572.0,province_center,2074,Duhok,6
10828,8095.6,2299.23,path_vertex,,,2
10829,8096.53,5113.31,path_vertex,,,2
10830,8097.0,1989.0,province_center,3206,Stalingrad,3
10831,8097.08,3508.6,path_vertex,,,2
10832,8097.1,2598.3,path_vertex,,,2
10833,8097.97,5301.79,path_vertex,,,2
10834,8098.35,3495.05,path_vertex,,,2
10835,8098.39,2254.18,path_vertex,,,2
10836,8098.9800000000005,2006.78,path_vertex,,,2
10837,8099.0,3201.0,province_center,2006,Hail,6
10838,8099.0,3557.0,province_center,1981,Mendak,5
10839,8099.0,3922.0,province_center,3302,Obock,3
10840,8100.0,2618.0,province_center,2060,Mosul,3
10841,8100.0,4441.0,sea_point,3385,Indian Ocean,5
10842,8100.02,1648.21,path_vertex,,,2
10843,8101.43,2804.0,path_vertex,,,2
10844,8102.01,3951.81,path_vertex,,,2
10845,8102.13,1967.64,path_vertex,,,2
10846,8103.0,1964.0,sea_point,5263,Volga,4
10847,8103.08,2629.44,path_vertex,,,2
10848,8104.0,4227.07,path_vertex,,,2
10849,8104.29,2334.55,path_vertex,,,2
10850,8104.68,3035.93,path_vertex,,,2
10851,8105.0,2980.0,province_center,1991,Sakaka,6
10852,8106.05,1962.71,path_vertex,,,2
10853,8106.52,3931.48,path_vertex,,,2
10854,8107.24,3391.9,path_vertex,,,2
10855,8107.45,3455.4,path_vertex,,,2
10856,8107.95,4099.68,path_vertex,,,2
10857,8108.0,2647.0,province_center,2067,Qal a Sharqat,7
10858,8109.81,1548.8,path_vertex,,,2
10859,8110.7,1498.9,path_vertex,,,3
10860,8110.76,4050.32,path_vertex,,,2
10861,8111.0,3673.0,sea_point,3864,Red Sea,5
10862,8111.0,3903.0,sea_point,3727,Red Sea,3
10863,8111.76,2740.32,path_vertex,,,2
10864,8112.0,5081.0,province_center,1966,Morafenobe,6
10865,8113.0,4080.0,path_vertex,,,2
10866,8113.2,2153.28,path_vertex,,,2
10867,8113.97,5384.78,path_vertex,,,2
10868,8114.39,2080.6,path_vertex,,,2
10869,8115.62,1816.92,path_vertex,,,2
10870,8117.0,2827.0,province_center,2071,Ramadi,6
10871,8117.0,3946.0,sea_point,3370,Gulf of Aden,5
10872,8117.49,2207.5,path_vertex,,,2
10873,8118.0,2037.0,province_center,3211,Elista,5
10874,8118.0,2260.0,province_center,3172,Gori,5
10875,8118.1,2616.7000000000003,path_vertex,,,2
10876,8122.4800000000005,4260.13,path_vertex,,,2
10877,8122.51,2688.32,path_vertex,,,2
10878,8122.81,5195.29,path_vertex,,,2
10879,8123.45,1025.45,path_vertex,,,2
10880,8124.0,2773.0,path_vertex,,,2
10881,8125.0,940.0,province_center,2845,Leshukonskoye,6
10882,8125.17,1454.07,path_vertex,,,2
10883,8125.54,2861.89,path_vertex,,,2
10884,8127.0,5678.0,sea_point,6736,Indian Ocean,4
10885,8127.4800000000005,2784.64,path_vertex,,,2
10886,8128.0,3387.02,path_vertex,,,2
10887,8129.0,1633.0,province_center,3193,Aleksandryia,6
10888,8129.0,5553.0,sea_point,6106,Indian Ocean,7
10889,8129.4400000000005,864.97,path_vertex,,,2
10890,8129.6,3615.2000000000003,path_vertex,,,2
10891,8130.16,3664.86,path_vertex,,,2
10892,8130.71,2590.61,path_vertex,,,2
10893,8130.91,2927.91,path_vertex,,,2
10894,8132.0,2718.0,province_center,2075,Baiji,6
10895,8132.0,5279.0,province_center,1969,Ihosi,6
10896,8132.0,5379.0,province_center,1970,Fort Dauphin,5
10897,8132.1,5138.7,path_vertex,,,2
10898,8133.0,1190.0,province_center,2839,Kotlas,8
10899,8133.52,5044.38,path_vertex,,,2
10900,8133.62,3001.34,path_vertex,,,2
10901,8134.0,1980.0,sea_point,5264,Volga,2
10902,8134.06,5304.29,path_vertex,,,2
10903,8134.9800000000005,2815.23,path_vertex,,,2
10904,8135.0,2369.12,path_vertex,,,2
10905,8135.7300000000005,1829.75,path_vertex,,,2
10906,8136.0,720.0,province_center,2847,Kotkino,6
10907,8136.0,1950.0,province_center,3210,Dubovka,3
10908,8136.6,5394.400000000001,path_vertex,,,2
10909,8136.79,3110.21,path_vertex,,,2
10910,8138.0,2745.0,path_vertex,,,2
10911,8138.0,2913.0,province_center,2058,Al-Nukhib,7
10912,8138.43,5109.42,path_vertex,,,2
10913,8138.95,2210.0,path_vertex,,,2
10914,8139.0,1678.0,province_center,3194,Novospasskoye,4
10915,8139.6900000000005,3573.5,path_vertex,,,2
10916,8140.0,4312.0,path_vertex,,,2
10917,8140.0,5254.0,path_vertex,,,3
10918,8140.4800000000005,1537.02,path_vertex,,,2
10919,8141.0,4158.0,province_center,1706,Kebri Dehar,5
10920,8141.03,5224.38,path_vertex,,,2
10921,8142.27,2628.63,path_vertex,,,2
10922,8143.0,2765.0,province_center,2069,Tikrit,4
10923,8143.0,5420.0,sea_point,4999,Indian Ocean,6
10924,8145.03,672.14,path_vertex,,,2
10925,8145.22,4133.11,path_vertex,,,2
10926,8145.49,5249.61,path_vertex,,,2
10927,8145.8,2515.5,path_vertex,,,2
10928,8145.8,3396.25,path_vertex,,,2
10929,8146.0,4979.0,sea_point,5013,Indian Ocean,4
10930,8146.45,5282.87,path_vertex,,,2
10931,8146.46,2274.31,path_vertex,,,2
10932,8146.53,2956.03,path_vertex,,,2
10933,8147.0,2188.0,province_center,3203,Ordzhonikidze,9
10934,8147.95,2659.81,path_vertex,,,2
10935,8148.0,652.0,sea_point,4206,Barents Sea,5
10936,8148.42,2050.94,path_vertex,,,2
10937,8149.0,3656.0,province_center,1996,Sabiya,6
10938,8149.0,4099.0,province_center,1728,Degeh Bur,6
10939,8149.2,3263.73,path_vertex,,,2
10940,8150.24,4990.24,path_vertex,,,2
10941,8150.860000000001,4065.9500000000003,path_vertex,,,2
10942,8151.0,2831.13,path_vertex,,,2
10943,8151.64,4187.0,path_vertex,,,2
10944,8152.0,4024.0,province_center,1741,Hargeisa,5
10945,8153.0,4878.0,sea_point,3367,Indian Ocean,7
10946,8153.070000000001,3208.2200000000003,path_vertex,,,2
10947,8153.76,3998.25,path_vertex,,,2
10948,8153.83,2528.4700000000003,path_vertex,,,2
10949,8154.0,3978.0,sea_point,3371,Gulf of Aden,5
10950,8154.5,3516.5,path_vertex,,,2
10951,8155.0,5005.0,province_center,1967,Soalala,5
10952,8155.14,2404.33,path_vertex,,,2
10953,8155.18,3318.34,path_vertex,,,2
10954,8155.85,2775.77,path_vertex,,,2
10955,8156.0,2281.0,province_center,3169,Tiflis,5
10956,8157.0,5132.0,province_center,1974,Miarinarivo,4
10957,8157.570000000001,1227.43,path_vertex,,,2
10958,8158.0,499.0,sea_point,5306,Barents Sea,4
10959,8158.0,1454.0,province_center,3178,Yaransk,4
10960,8158.0,3438.89,path_vertex,,,2
10961,8158.68,2941.28,path_vertex,,,2
10962,8159.0,4588.0,sea_point,6014,Indian Ocean,6
10963,8159.16,2690.63,path_vertex,,,2
10964,8159.34,991.26,path_vertex,,,2
10965,8159.56,1114.34,path_vertex,,,2
10966,8159.6,1597.3,path_vertex,,,2
10967,8160.0,4310.0,province_center,1738,Buur Hakaba,4
10968,8160.02,1627.94,path_vertex,,,2
10969,8160.08,5154.62,path_vertex,,,2
10970,8160.4400000000005,2755.25,path_vertex,,,2
10971,8160.47,2319.0,path_vertex,,,2
10972,8162.0,3773.0,sea_point,3865,Red Sea,5
10973,8162.06,4368.96,path_vertex,,,2
10974,8162.51,4263.55,path_vertex,,,2
10975,8163.0,4388.0,sea_point,3384,Indian Ocean,4
10976,8164.0,4223.0,province_center,1707,Mustahil,7
10977,8164.28,2857.94,path_vertex,,,2
10978,8165.0,2367.0,province_center,2081,Gyumri,6
10979,8165.0,5239.0,province_center,1958,Fianarantsoa,4
10980,8165.02,5219.18,path_vertex,,,2
10981,8165.95,1744.56,path_vertex,,,2
10982,8167.0,1974.0,sea_point,5265,Volga,2
10983,8167.0,5200.0,province_center,1975,Ambositra,6
10984,8167.62,2910.96,path_vertex,,,2
10985,8167.75,2726.26,path_vertex,,,2
10986,8168.05,1641.68,path_vertex,,,2
10987,8168.42,5104.13,path_vertex,,,2
10988,8170.0,3029.0,province_center,2004,Qasr al Haiyanya,7
10989,8170.26,1347.28,path_vertex,,,2
10990,8170.5,5320.22,path_vertex,,,2
10991,8170.63,2106.23,path_vertex,,,2
10992,8171.0,2888.71,path_vertex,,,2
10993,8171.92,5253.78,path_vertex,,,2
10994,8172.43,5001.02,path_vertex,,,2
10995,8173.0,2788.0,province_center,2070,Samarra,6
10996,8173.0,5370.0,sea_point,5036,Indian Ocean,2
10997,8175.18,5067.72,path_vertex,,,2
10998,8175.72,2811.33,path_vertex,,,2
10999,8176.0,1950.0,sea_point,5269,Volga,2
11000,8177.0,1596.0,province_center,3185,Buinsk,4
11001,8177.0,2614.0,province_center,2061,Erbil,7
11002,8177.0,2834.0,province_center,2072,Fallujah,5
11003,8177.0,2965.3,path_vertex,,,3
11004,8177.17,1601.02,path_vertex,,,2
11005,8178.0,1625.0,province_center,3191,Ulyanovsk,4
11006,8178.0,1961.0,sea_point,5267,Volga,2
11007,8178.03,2629.0,path_vertex,,,2
11008,8179.0,2774.0,path_vertex,,,2
11009,8179.3,3777.9,path_vertex,,,2
11010,8180.0,2670.0,province_center,2062,Kirkuk,6
11011,8180.42,4335.9400000000005,path_vertex,,,2
11012,8181.33,2260.7200000000003,path_vertex,,,2
11013,8182.0,1785.0,province_center,3197,Balakovo,6
11014,8182.1900000000005,5228.51,path_vertex,,,2
11015,8183.0,4318.0,path_vertex,,,2
11016,8184.0,2055.0,province_center,3208,Yashkul,4
11017,8184.0,3212.0,province_center,2005,Buraida,5
11018,8184.53,2287.8,path_vertex,,,2
11019,8185.0,4953.0,sea_point,5011,Indian Ocean,5
11020,8186.0,1936.0,sea_point,5272,Volga,2
11021,8186.1,3744.0,path_vertex,,,2
11022,8186.2,3000.73,path_vertex,,,2
11023,8187.0,1033.0,province_center,2836,Vazhgort,6
11024,8187.2300000000005,4972.79,path_vertex,,,2
11025,8188.0,1924.0,sea_point,5275,Volga,2
11026,8188.0,5127.0,path_vertex,,,2
11027,8188.0,5291.0,province_center,1978,Farafangana,5
11028,8188.0,5344.0,sea_point,5035,Indian Ocean,4
11029,8188.05,2208.7000000000003,path_vertex,,,2
11030,8188.16,3757.12,path_vertex,,,2
11031,8188.31,1400.8700000000001,path_vertex,,,2
11032,8188.7,4093.7000000000003,path_vertex,,,2
11033,8188.81,2695.0,path_vertex,,,2
11034,8189.0,4163.0,path_vertex,,,2
11035,8189.17,3125.87,path_vertex,,,2
11036,8190.0,3779.0,province_center,2013,Hodeida,4
11037,8190.96,2329.96,path_vertex,,,2
11038,8191.0,4990.0,province_center,1957,Majunga,3
11039,8191.79,5157.2,path_vertex,,,2
11040,8192.0,4287.0,path_vertex,,,3
11041,8193.0,2988.0,province_center,2059,Qasr'Uthaimin,5
11042,8193.15,2220.03,path_vertex,,,2
11043,8193.6,5194.36,path_vertex,,,2
11044,8193.65,4026.58,path_vertex,,,2
11045,8195.26,4085.69,path_vertex,,,2
11046,8195.31,1878.24,path_vertex,,,2
11047,8196.0,1924.0,sea_point,5278,Volga,2
11048,8196.44,1636.26,path_vertex,,,2
11049,8196.98,2437.01,path_vertex,,,2
11050,8197.1,3796.2400000000002,path_vertex,,,2
11051,8197.32,5041.05,path_vertex,,,2
11052,8197.45,2850.14,path_vertex,,,2
11053,8197.56,5289.49,path_vertex,,,2
11054,8197.8,1367.6000000000001,path_vertex,,,2
11055,8198.0,3859.0,sea_point,3866,Red Sea,7
11056,8198.94,2497.05,path_vertex,,,2
11057,8199.880000000001,3022.2000000000003,path_vertex,,,2
11058,8200.86,2831.11,path_vertex,,,2
11059,8201.0,2733.0,province_center,2076,Tuz Khurma,6
11060,8201.0,3448.0,province_center,2011,Qunsuliya,6
11061,8201.03,1674.96,path_vertex,,,2
11062,8202.0,4964.0,path_vertex,,,2
11063,8202.23,2197.13,path_vertex,,,2
11064,8202.35,1567.8,path_vertex,,,2
11065,8202.880000000001,3638.53,path_vertex,,,2
11066,8203.87,2553.85,path_vertex,,,2
11067,8204.0,4330.0,province_center,1736,Mogadishu,3
11068,8206.64,1827.24,path_vertex,,,2
11069,8206.960000000001,3535.5,path_vertex,,,2
11070,8208.0,3571.0,path_vertex,,,3
11071,8208.0,3890.0,sea_point,3733,Red Sea,2
11072,8208.09,1554.83,path_vertex,,,2
11073,8208.92,1219.08,path_vertex,,,2
11074,8209.0,2860.0,province_center,2073,An Najaf,7
11075,8209.58,3781.94,path_vertex,,,2
11076,8209.75,5015.3,path_vertex,,,2
11077,8210.0,5286.0,sea_point,5034,Indian Ocean,3
11078,8210.67,1702.0,path_vertex,,,2
11079,8210.9,3252.9,path_vertex,,,2
11080,8210.92,4189.92,path_vertex,,,2
11081,8211.11,2148.75,path_vertex,,,2
11082,8211.460000000001,2997.54,path_vertex,,,2
11083,8211.76,1468.6000000000001,path_vertex,,,2
11084,8212.0,5122.0,province_center,1968,Tananrive,7
11085,8213.0,3855.78,path_vertex,,,2
11086,8214.0,2294.0,province_center,3188,Signalki,6
11087,8214.0,2839.0,path_vertex,,,2
11088,8214.95,2938.34,path_vertex,,,2
11089,8215.39,2789.33,path_vertex,,,2
11090,8215.42,4997.63,path_vertex,,,2
11091,8215.49,4340.05,path_vertex,,,2
11092,8215.69,5237.0,path_vertex,,,2
11093,8216.0,1938.0,sea_point,5280,Volga,2
11094,8216.0,4131.76,path_vertex,,,2
11095,8217.0,5058.0,province_center,1965,Maevatanana,6
11096,8219.0,1538.0,province_center,3182,Kazan,2
11097,8219.0,1957.0,sea_point,5282,Volga,2
11098,8219.0,2605.78,path_vertex,,,2
11099,8219.0,2827.0,province_center,2064,Baghdad,3
11100,8219.32,2800.76,path_vertex,,,2
11101,8219.92,5018.99,path_vertex,,,2
11102,8220.0,4980.0,path_vertex,,,2
11103,8220.44,3680.26,path_vertex,,,2
11104,8220.49,3743.39,path_vertex,,,2
11105,8221.0,4791.0,sea_point,6030,Indian Ocean,8
11106,8221.0,4999.0,province_center,1962,Marovoay,6
11107,8222.0,3853.0,province_center,2015,Mocha,4
11108,8223.74,728.17,path_vertex,,,2
11109,8223.960000000001,686.28,path_vertex,,,2
11110,8224.0,4347.0,sea_point,3383,Indian Ocean,5
11111,8224.0,4938.0,sea_point,5015,Indian Ocean,4
11112,8224.09,5095.75,path_vertex,,,2
11113,8224.19,4220.85,path_vertex,,,2
11114,8224.41,2895.29,path_vertex,,,2
11115,8225.89,2692.85,path_vertex,,,2
11116,8226.0,1333.0,province_center,3167,Murashi,6
11117,8226.0,2503.0,province_center,2086,Urmia,6
11118,8226.0,3972.0,sea_point,3372,Gulf of Aden,5
11119,8226.880000000001,3981.0,path_vertex,,,2
11120,8228.64,5155.0,path_vertex,,,2
11121,8228.87,2727.7400000000002,path_vertex,,,2
11122,8229.0,2906.0,province_center,2066,Samawa,5
11123,8229.0,4028.0,province_center,1742,Burco,6
11124,8229.99,4253.97,path_vertex,,,2
11125,8230.0,3911.0,sea_point,3868,Gulf of Aden,4
11126,8230.31,1422.93,path_vertex,,,2
11127,8230.8,4952.66,path_vertex,,,2
11128,8231.36,4979.79,path_vertex,,,2
11129,8232.0,3006.0,province_center,2077,Al Jahra,6
11130,8233.04,1789.69,path_vertex,,,2
11131,8233.87,3356.15,path_vertex,,,2
11132,8234.01,2767.89,path_vertex,,,2
11133,8234.710000000001,898.35,path_vertex,,,2
11134,8235.54,2636.54,path_vertex,,,2
11135,8235.87,1305.96,path_vertex,,,2
11136,8236.0,3029.0,path_vertex,,,2
11137,8236.0,5234.0,sea_point,5033,Indian Ocean,4
11138,8236.1,3081.7200000000003,path_vertex,,,2
11139,8236.89,2254.56,path_vertex,,,2
11140,8237.0,1879.0,province_center,3200,Novouzensk,5
11141,8237.0,1990.0,sea_point,5284,Volga,2
11142,8237.0,4967.0,province_center,1963,Ananalava,5
11143,8238.42,1543.82,path_vertex,,,2
11144,8238.92,3011.62,path_vertex,,,2
11145,8239.0,1672.0,province_center,3176,Tolyatti,6
11146,8239.0,1697.0,path_vertex,,,2
11147,8239.0,1707.0,path_vertex,,,3
11148,8239.72,1751.3600000000001,path_vertex,,,2
11149,8240.12,2841.42,path_vertex,,,2
11150,8242.0,5182.0,province_center,1979,Vatomandry,5
11151,8243.11,2822.02,path_vertex,,,2
11152,8243.27,3514.41,path_vertex,,,2
11153,8245.52,1599.0,path_vertex,,,2
11154,8245.9,4092.37,path_vertex,,,2
11155,8246.35,2377.61,path_vertex,,,2
11156,8247.6,1365.8,path_vertex,,,2
11157,8248.0,2332.0,path_vertex,,,2
11158,8248.85,3855.9900000000002,path_vertex,,,2
11159,8249.0,1547.0,province_center,3186,Pestretsy,6
11160,8249.0,3312.0,province_center,2000,Shaqra,8
11161,8250.0,674.0,province_center,2819,Naryan-Mar,3
11162,8250.0,3056.0,path_vertex,,,2
11163,8250.57,3806.05,path_vertex,,,2
11164,8250.87,2074.2400000000002,path_vertex,,,2
11165,8251.7,2000.65,path_vertex,,,2
11166,8251.83,1682.93,path_vertex,,,2
11167,8252.0,648.0,path_vertex,,,2
11168,8252.0,2820.0,path_vertex,,,3
11169,8252.08,5181.79,path_vertex,,,2
11170,8252.53,1183.65,path_vertex,,,2
11171,8252.960000000001,2896.44,path_vertex,,,2
11172,8253.0,624.0,sea_point,4205,Barents Sea,5
11173,8253.0,4891.0,sea_point,5016,Indian Ocean,4
11174,8254.0,3005.0,path_vertex,,,2
11175,8254.11,2528.11,path_vertex,,,2
11176,8254.25,1118.92,path_vertex,,,2
11177,8254.93,1832.96,path_vertex,,,2
11178,8255.0,1998.0,sea_point,5286,Volga,4
11179,8255.0,2960.0,path_vertex,,,2
11180,8255.0,3025.0,province_center,2055,Al Kuwait,2
11181,8255.0,3534.0,province_center,2001,Dam,4
11182,8255.08,3560.4900000000002,path_vertex,,,2
11183,8256.0,3620.0,province_center,2018,Debaba,6
11184,8256.84,5072.26,path_vertex,,,2
11185,8256.880000000001,1083.8700000000001,path_vertex,,,2
11186,8258.0,1238.0,province_center,2835,Kuratovo,5
11187,8258.0,1384.0,province_center,3166,Kirov,3
11188,8258.0,3792.0,province_center,2012,Dhamar,6
11189,8258.0,5609.0,sea_point,6459,Indian Ocean,4
11190,8258.210000000001,2871.16,path_vertex,,,2
11191,8258.36,1996.06,path_vertex,,,2
11192,8259.82,2495.71,path_vertex,,,2
11193,8259.880000000001,2972.2200000000003,path_vertex,,,2
11194,8260.0,4477.0,sea_point,6006,Indian Ocean,7
11195,8260.03,1522.25,path_vertex,,,2
11196,8260.37,3131.37,path_vertex,,,2
11197,8260.62,1406.03,path_vertex,,,2
11198,8261.0,1409.0,province_center,3173,Kumyony,5
11199,8261.0,4153.0,province_center,1708,Dudub,6
11200,8261.380000000001,2944.27,path_vertex,,,2
11201,8262.0,5181.0,sea_point,5032,Indian Ocean,3
11202,8262.710000000001,2347.18,path_vertex,,,2
11203,8262.75,1455.48,path_vertex,,,2
11204,8263.0,1482.0,province_center,3174,Urzhum,6
11205,8263.0,1694.0,province_center,3171,Kuybyshev,3
11206,8263.0,2206.0,province_center,3192,Petrovsk,5
11207,8263.22,5099.6900000000005,path_vertex,,,2
11208,8263.9,2132.08,path_vertex,,,2
11209,8264.6,1663.2,path_vertex,,,2
11210,8264.75,2115.75,path_vertex,,,3
11211,8265.11,4173.66,path_vertex,,,2
11212,8266.0,2462.0,path_vertex,,,2
11213,8267.5,4299.5,path_vertex,,,2
11214,8268.0,5460.0,sea_point,6100,Indian Ocean,7
11215,8268.24,5051.06,path_vertex,,,2
11216,8269.0,1792.0,province_center,3198,Pugachyov,5
11217,8269.0,3023.0,path_vertex,,,2
11218,8269.630000000001,1586.32,path_vertex,,,2
11219,8271.0,2795.0,province_center,2078,Mandali,8
11220,8271.0,2958.0,province_center,2056,Basra,6
11221,8272.0,3442.7200000000003,path_vertex,,,2
11222,8272.69,679.54,path_vertex,,,2
11223,8272.91,1341.57,path_vertex,,,2
11224,8273.0,4218.0,province_center,1740,Galkayo,5
11225,8273.1,1704.1200000000001,path_vertex,,,2
11226,8273.2,2358.85,path_vertex,,,2
11227,8273.460000000001,2769.0,path_vertex,,,2
11228,8274.78,4931.78,path_vertex,,,2
11229,8275.0,3919.0,sea_point,3734,Red Sea,2
11230,8275.69,3510.46,path_vertex,,,2
11231,8276.0,2718.0,province_center,2063,Kalar,5
11232,8276.0,3114.0,province_center,2020,Kahafa,5
11233,8276.2,2939.76,path_vertex,,,2
11234,8276.61,818.84,path_vertex,,,2
11235,8277.0,1376.0,path_vertex,,,2
11236,8277.0,1677.0,path_vertex,,,2
11237,8277.0,2019.0,sea_point,5287,Volga,2
11238,8277.0,4856.0,sea_point,4061,Indian Ocean,2
11239,8277.49,2199.05,path_vertex,,,2
11240,8278.14,5130.1900000000005,path_vertex,,,2
11241,8279.0,5018.78,path_vertex,,,2
11242,8279.12,4156.88,path_vertex,,,2
11243,8279.6,2968.8,path_vertex,,,2
11244,8280.130000000001,4988.0,path_vertex,,,2
11245,8280.65,1761.97,path_vertex,,,2
11246,8281.0,4006.0,path_vertex,,,2
11247,8281.0,4307.0,sea_point,3382,Indian Ocean,4
11248,8281.36,3534.03,path_vertex,,,2
11249,8282.22,4966.49,path_vertex,,,2
11250,8282.84,2945.2000000000003,path_vertex,,,2
11251,8283.51,4045.1800000000003,path_vertex,,,2
11252,8283.73,2695.14,path_vertex,,,2
11253,8284.0,5083.0,province_center,1960,Tamatave,4
11254,8284.0,5131.0,sea_point,5031,Indian Ocean,5
11255,8285.29,2845.0,path_vertex,,,2
11256,8286.6,3800.6,path_vertex,,,2
11257,8286.86,1209.19,path_vertex,,,2
11258,8287.0,2491.0,province_center,2084,Tabriz,4
11259,8289.45,2596.75,path_vertex,,,3
11260,8289.59,1390.03,path_vertex,,,2
11261,8289.92,5059.56,path_vertex,,,2
11262,8290.0,2510.0,path_vertex,,,2
11263,8291.0,483.0,sea_point,5179,Barents Sea,4
11264,8291.57,968.5500000000001,path_vertex,,,2
11265,8292.25,3657.16,path_vertex,,,2
11266,8293.57,2721.06,path_vertex,,,2
11267,8294.0,2879.0,province_center,2065,Amara,5
11268,8295.0,1717.0,province_center,3189,Neftegorsk,6
11269,8295.66,5086.68,path_vertex,,,2
11270,8296.0,4645.0,sea_point,6407,Indian Ocean,5
11271,8296.65,2472.41,path_vertex,,,2
11272,8298.0,3003.0,sea_point,3887,Persian Gulf,6
11273,8298.39,1685.0,path_vertex,,,2
11274,8299.73,1294.22,path_vertex,,,2
11275,8300.92,3367.38,path_vertex,,,2
11276,8301.0,1647.0,province_center,3177,Pokhvistnevo,7
11277,8301.0,5088.0,sea_point,5030,Indian Ocean,3
11278,8301.72,4108.38,path_vertex,,,2
11279,8302.3,2784.2200000000003,path_vertex,,,2
11280,8302.4,3103.5,path_vertex,,,2
11281,8302.5,3523.0,path_vertex,,,2
11282,8302.960000000001,3727.3,path_vertex,,,2
11283,8304.7,3627.1800000000003,path_vertex,,,2
11284,8305.0,2089.0,province_center,3207,Astrakhan,3
11285,8305.16,2359.84,path_vertex,,,2
11286,8306.16,1542.23,path_vertex,,,2
11287,8306.18,3188.12,path_vertex,,,2
11288,8306.35,2781.35,path_vertex,,,2
11289,8306.58,2492.76,path_vertex,,,2
11290,8307.0,2033.0,sea_point,5293,Volga,2
11291,8307.53,2837.84,path_vertex,,,2
11292,8307.83,2103.7200000000003,path_vertex,,,2
11293,8307.93,2884.15,path_vertex,,,2
11294,8308.98,1571.04,path_vertex,,,2
11295,8309.6,2373.15,path_vertex,,,3
11296,8310.0,1122.0,province_center,2826,Knyazhpogost,6
11297,8310.0,3553.0,path_vertex,,,3
11298,8310.0,5029.0,province_center,1964,Mananara,6
11299,8310.49,1134.15,path_vertex,,,2
11300,8310.72,1649.92,path_vertex,,,2
11301,8311.0,1184.0,province_center,2833,Syktyvkar,5
11302,8311.0,3489.0,path_vertex,,,3
11303,8312.0,5065.0,sea_point,5028,Indian Ocean,2
11304,8312.2,1604.8500000000001,path_vertex,,,2
11305,8312.92,1677.15,path_vertex,,,2
11306,8314.0,3862.0,province_center,2025,Aden,5
11307,8314.0,4834.0,sea_point,5017,Indian Ocean,5
11308,8314.14,3342.02,path_vertex,,,2
11309,8314.62,5008.77,path_vertex,,,2
11310,8315.95,1885.75,path_vertex,,,2
11311,8316.0,2724.0,province_center,2089,Kermanshah,7
11312,8316.9,1513.33,path_vertex,,,2
11313,8317.1,2686.9500000000003,path_vertex,,,2
11314,8317.49,1012.35,path_vertex,,,2
11315,8318.0,2585.0,province_center,2087,Zanjan,7
11316,8319.01,3880.4700000000003,path_vertex,,,2
11317,8320.0,4985.0,path_vertex,,,3
11318,8320.56,1600.67,path_vertex,,,2
11319,8320.77,5031.68,path_vertex,,,2
11320,8321.0,2174.0,sea_point,4213,Caspian Sea,7
11321,8321.0,4886.0,province_center,1394,Antsirane,3
11322,8321.36,1718.16,path_vertex,,,2
11323,8321.92,1760.24,path_vertex,,,2
11324,8322.12,4989.47,path_vertex,,,2
11325,8322.73,3213.62,path_vertex,,,2
11326,8323.0,3898.0,sea_point,3867,Gulf of Aden,5
11327,8323.58,4241.49,path_vertex,,,2
11328,8324.0,3690.0,province_center,2016,Maqlaf,5
11329,8325.0,2039.0,sea_point,5294,Volga,2
11330,8325.0,4057.0,province_center,1746,Qardho,5
11331,8325.0,5004.0,sea_point,5025,Indian Ocean,3
11332,8325.0,5032.0,sea_point,5026,Indian Ocean,5
11333,8325.18,2808.0,path_vertex,,,2
11334,8325.79,1452.57,path_vertex,,,2
11335,8327.0,2259.0,sea_point,4215,Caspian Sea,3
11336,8327.0,3093.0,sea_point,3885,Persian Gulf,4
11337,8327.15,2410.85,path_vertex,,,3
11338,8328.06,4174.06,path_vertex,,,2
11339,8329.95,2558.62,path_vertex,,,2
11340,8330.0,5335.0,sea_point,6090,Indian Ocean,6
11341,8330.67,4934.0,path_vertex,,,2
11342,8331.0,2892.0,province_center,2100,Ahvaz,7
11343,8331.44,3164.26,path_vertex,,,2
11344,8334.0,1475.25,path_vertex,,,2
11345,8334.0,2057.0,sea_point,5295,Volga,2
11346,8334.0,3354.0,province_center,1998,Riyadh,3
11347,8336.0,4964.0,province_center,1961,Antalaha,4
11348,8337.0,2071.0,sea_point,5298,Volga,2
11349,8337.130000000001,2937.83,path_vertex,,,2
11350,8337.67,3773.06,path_vertex,,,2
11351,8339.0,1348.0,province_center,3170,Kirs,7
11352,8339.0,2957.0,sea_point,3888,Persian Gulf,4
11353,8339.0,4248.0,sea_point,3381,Indian Ocean,5
11354,8340.0,5019.0,sea_point,5024,Indian Ocean,3
11355,8340.82,3811.56,path_vertex,,,2
11356,8341.0,1244.94,path_vertex,,,2
11357,8343.0,2334.0,sea_point,4214,Caspian Sea,5
11358,8343.0,2390.0,province_center,2082,Baku,6
11359,8343.2,2379.6,path_vertex,,,2
11360,8343.79,3673.19,path_vertex,,,2
11361,8344.05,3380.56,path_vertex,,,2
11362,8344.18,4876.46,path_vertex,,,2
11363,8346.89,4020.79,path_vertex,,,2
11364,8347.0,2602.2000000000003,path_vertex,,,2
11365,8347.0,3179.0,province_center,2021,Qasr es Sabh,6
11366,8347.0,4951.83,path_vertex,,,2
11367,8348.23,3322.15,path_vertex,,,2
11368,8348.81,4093.9700000000003,path_vertex,,,2
11369,8349.0,1406.48,path_vertex,,,2
11370,8350.99,2457.5,path_vertex,,,2
11371,8353.83,2392.93,path_vertex,,,2
11372,8354.08,3748.28,path_vertex,,,2
11373,8354.76,3343.32,path_vertex,,,2
11374,8355.0,2103.0,sea_point,5301,Caspian Sea,3
11375,8355.0,2499.0,province_center,2085,Ardabil,5
11376,8355.0,4871.0,sea_point,5019,Indian Ocean,3
11377,8355.37,1383.66,path_vertex,,,2
11378,8357.0,1537.0,province_center,3175,Naberezhnye Chelny,6
11379,8359.0,1719.0,province_center,3163,Buzuluk,6
11380,8361.0,5553.0,sea_point,6732,Indian Ocean,4
11381,8361.47,1051.51,path_vertex,,,2
11382,8362.0,4932.0,sea_point,5021,Indian Ocean,3
11383,8362.22,3255.78,path_vertex,,,2
11384,8363.0,1677.0,path_vertex,,,2
11385,8363.0,3766.0,province_center,2027,Sakwa,6
11386,8363.57,3178.8,path_vertex,,,2
11387,8364.0,848.0,province_center,2831,Ust-Tsilma,6
11388,8364.0,1662.0,province_center,3165,Buguruslan,6
11389,8364.0,4986.0,sea_point,5023,Indian Ocean,4
11390,8365.0,1405.0,province_center,3161,Glazov,7
11391,8365.55,1214.66,path_vertex,,,2
11392,8366.0,3435.0,province_center,1997,Laila,7
11393,8366.58,1560.0,path_vertex,,,2
11394,8368.0,3948.0,sea_point,3375,Gulf of Aden,5
11395,8368.53,1517.3500000000001,path_vertex,,,2
11396,8370.66,3839.83,path_vertex,,,2
11397,8370.87,1830.81,path_vertex,,,2
11398,8372.960000000001,1450.5,path_vertex,,,2
11399,8374.31,3737.38,path_vertex,,,2
11400,8374.72,3963.0,path_vertex,,,2
11401,8374.93,1618.17,path_vertex,,,2
11402,8375.0,4135.0,province_center,1745,Eyl,5
11403,8375.25,1417.0,path_vertex,,,3
11404,8375.41,896.4200000000001,path_vertex,,,2
11405,8377.0,3968.0,province_center,1743,Bosaso,4
11406,8377.0,4399.0,sea_point,5999,Indian Ocean,7
11407,8377.98,3379.39,path_vertex,,,2
11408,8379.130000000001,1777.23,path_vertex,,,2
11409,8380.45,2571.4,path_vertex,,,2
11410,8382.0,3638.0,province_center,2009,Raydā,6
11411,8382.11,4145.63,path_vertex,,,2
11412,8382.82,2503.36,path_vertex,,,2
11413,8383.0,1600.0,province_center,3187,Bugulma,5
11414,8383.57,2696.34,path_vertex,,,2
11415,8384.0,2579.0,path_vertex,,,2
11416,8385.0,4726.0,sea_point,6029,Indian Ocean,6
11417,8385.36,1429.48,path_vertex,,,2
11418,8388.0,3324.0,province_center,1999,Mubarraz,7
11419,8389.3,3243.7000000000003,path_vertex,,,2
11420,8390.92,1739.23,path_vertex,,,2
11421,8391.0,2090.0,sea_point,4218,Caspian Sea,5
11422,8391.89,2920.87,path_vertex,,,2
11423,8392.0,598.0,sea_point,4204,Barents Sea,5
11424,8392.0,5210.0,sea_point,6079,Indian Ocean,6
11425,8392.39,3471.4900000000002,path_vertex,,,2
11426,8394.0,4166.0,sea_point,3380,Indian Ocean,5
11427,8394.64,2736.44,path_vertex,,,2
11428,8395.0,1439.0,province_center,3159,Igra,3
11429,8396.0,4036.7000000000003,path_vertex,,,2
11430,8396.72,1454.69,path_vertex,,,2
11431,8399.0,999.0,province_center,2829,Ukhta,5
11432,8399.0,1469.0,province_center,3162,Izhevsk,5
11433,8399.0,3176.0,sea_point,3882,Persian Gulf,6
11434,8399.77,3303.62,path_vertex,,,2
11435,8400.02,3790.09,path_vertex,,,2
11436,8401.0,2505.0,sea_point,4225,Caspian Sea,5
11437,8401.9,1066.65,path_vertex,,,3
11438,8402.02,2043.13,path_vertex,,,2
11439,8403.0,2399.0,sea_point,4224,Caspian Sea,5
11440,8405.0,1282.3600000000001,path_vertex,,,2
11441,8405.0,1564.32,path_vertex,,,2
11442,8405.0,3072.0,sea_point,3326,Persian Gulf,7
11443,8405.53,1630.53,path_vertex,,,2
11444,8407.0,2981.0,sea_point,3889,Persian Gulf,4
11445,8407.75,2632.5,path_vertex,,,3
11446,8407.9,1459.8700000000001,path_vertex,,,2
11447,8408.0,4524.0,sea_point,6403,Indian Ocean,7
11448,8408.37,1601.74,path_vertex,,,2
11449,8409.3,1438.1000000000001,path_vertex,,,2
11450,8410.27,3981.3,path_vertex,,,2
11451,8411.0,2574.0,sea_point,4226,Caspian Sea,4
11452,8412.0,2159.0,sea_point,4219,Caspian Sea,5
11453,8412.0,3279.0,province_center,2019,Al Hofuf,5
11454,8412.84,4065.9700000000003,path_vertex,,,2
11455,8413.0,3233.0,sea_point,4094,Persian Gulf,2
11456,8413.08,2584.3,path_vertex,,,2
11457,8413.39,2861.2400000000002,path_vertex,,,2
11458,8414.79,3412.35,path_vertex,,,2
11459,8416.5,1420.0,path_vertex,,,2
11460,8417.02,1345.06,path_vertex,,,2
11461,8418.8,1386.45,path_vertex,,,2
11462,8420.15,3591.76,path_vertex,,,2
11463,8421.960000000001,3748.55,path_vertex,,,2
11464,8422.26,1517.17,path_vertex,,,2
11465,8422.29,1663.82,path_vertex,,,2
11466,8423.0,3262.0,path_vertex,,,2
11467,8423.41,2158.03,path_vertex,,,2
11468,8424.0,2241.0,sea_point,4220,Caspian Sea,5
11469,8424.0,5428.0,sea_point,6453,Indian Ocean,6
11470,8424.48,2973.07,path_vertex,,,2
11471,8426.880000000001,1126.65,path_vertex,,,2
11472,8427.24,641.0,path_vertex,,,2
11473,8427.44,2793.46,path_vertex,,,2
11474,8427.49,1146.25,path_vertex,,,2
11475,8428.4,1006.8000000000001,path_vertex,,,2
11476,8429.0,3248.0,sea_point,3884,Persian Gulf,3
11477,8431.0,1435.0,province_center,3160,Debyosy,6
11478,8431.8,1511.25,path_vertex,,,3
11479,8431.92,976.07,path_vertex,,,2
11480,8433.210000000001,1373.4,path_vertex,,,2
11481,8434.0,1252.0,province_center,3143,Gayny,6
11482,8434.23,1034.45,path_vertex,,,2
11483,8435.0,1894.0,province_center,3085,Uralsk,7
11484,8435.0,3812.0,province_center,2026,Mukalla,4
11485,8435.64,1856.52,path_vertex,,,2
11486,8436.0,1686.0,path_vertex,,,2
11487,8437.0,1768.0,province_center,3156,Sorochinsk,6
11488,8437.09,1537.58,path_vertex,,,2
11489,8437.65,3294.2000000000003,path_vertex,,,2
11490,8438.0,1664.0,province_center,3164,Abdulino,4
11491,8438.0,1698.5,path_vertex,,,2
11492,8438.92,3818.87,path_vertex,,,2
11493,8439.0,468.0,sea_point,5162,Barents Sea,4
11494,8439.7,3381.91,path_vertex,,,2
11495,8439.880000000001,1639.53,path_vertex,,,2
11496,8440.0,1603.0,province_center,3149,Oktyabrsky,7
11497,8440.0,2965.0,province_center,2091,Bandar Busher,5
11498,8440.0,3287.0,path_vertex,,,3
11499,8441.57,3691.4300000000003,path_vertex,,,2
11500,8442.84,1306.2,path_vertex,,,2
11501,8444.0,3828.0,sea_point,3869,Gulf of Aden,6
11502,8445.01,3271.89,path_vertex,,,2
11503,8446.0,3206.0,sea_point,3881,Persian Gulf,5
11504,8446.0,4098.0,sea_point,3379,Indian Ocean,4
11505,8447.0,2155.0,province_center,3106,Fort Shevchenko,3
11506,8447.16,3215.57,path_vertex,,,2
11507,8448.0,1343.0,province_center,3147,Kudymkar,7
11508,8448.02,1432.28,path_vertex,,,2
11509,8450.0,1015.0,province_center,2830,Izhma,4
11510,8450.0,3996.0,province_center,1744,Hordio,5
11511,8450.67,1403.69,path_vertex,,,2
11512,8451.0,3394.0,province_center,2007,Jabrin,5
11513,8451.0,3553.0,province_center,2010,Ash Shalfa,6
11514,8451.3,3479.25,path_vertex,,,2
11515,8452.0,3249.0,province_center,1993,Doha,2
11516,8453.4,1673.2,path_vertex,,,2
11517,8454.55,1792.7,path_vertex,,,3
11518,8454.65,3789.4300000000003,path_vertex,,,2
11519,8455.0,5085.0,sea_point,6070,Indian Ocean,6
11520,8456.5,1974.7,path_vertex,,,3
11521,8456.8,1645.6000000000001,path_vertex,,,2
11522,8457.0,2665.0,province_center,2088,Karaj,6
11523,8458.17,1051.07,path_vertex,,,2
11524,8459.0,2452.0,sea_point,3324,Caspian Sea,5
11525,8459.0,4000.6800000000003,path_vertex,,,2
11526,8459.2,1371.55,path_vertex,,,2
11527,8460.92,2011.49,path_vertex,,,2
11528,8461.0,2698.0,path_vertex,,,2
11529,8462.74,2667.84,path_vertex,,,2
11530,8463.0,3049.0,sea_point,3890,Persian Gulf,4
11531,8463.0,4290.0,sea_point,5988,Indian Ocean,6
11532,8463.2,1755.47,path_vertex,,,2
11533,8463.69,1463.53,path_vertex,,,2
11534,8464.0,2037.0,province_center,3081,Guryev,3
11535,8464.53,788.47,path_vertex,,,2
11536,8465.710000000001,1535.0,path_vertex,,,2
11537,8465.77,1796.8500000000001,path_vertex,,,2
11538,8466.34,1822.75,path_vertex,,,2
11539,8466.72,2046.54,path_vertex,,,2
11540,8468.48,3930.36,path_vertex,,,2
11541,8469.07,1859.25,path_vertex,,,2
11542,8469.26,2887.05,path_vertex,,,2
11543,8469.32,3366.32,path_vertex,,,2
11544,8469.5,1123.2,path_vertex,,,3
11545,8469.98,990.27,path_vertex,,,2
11546,8471.210000000001,1210.8,path_vertex,,,2
11547,8472.0,2076.0,sea_point,4216,Caspian Sea,4
11548,8472.0,3294.0,path_vertex,,,2
11549,8473.83,1599.68,path_vertex,,,2
11550,8474.0,3911.0,sea_point,3376,Gulf of Aden,6
11551,8475.5,2152.0,path_vertex,,,2
11552,8475.94,2162.08,path_vertex,,,2
11553,8476.9,2644.7000000000003,path_vertex,,,2
11554,8477.76,1017.94,path_vertex,,,2
11555,8478.79,2952.34,path_vertex,,,2
11556,8479.0,1426.0,province_center,3148,Nytva,7
11557,8479.0,1847.0,province_center,3158,Sol-Iletsk,6
11558,8480.79,876.1,path_vertex,,,2
11559,8480.92,1820.6200000000001,path_vertex,,,2
11560,8481.0,1803.0,province_center,3087,Orenburg,3
11561,8482.0,2676.0,province_center,2079,Tehran,3
11562,8485.45,3671.91,path_vertex,,,2
11563,8485.5,3000.5,path_vertex,,,2
11564,8486.0,4014.0,sea_point,3378,Arabian Sea,5
11565,8486.0,4836.0,sea_point,6046,Indian Ocean,6
11566,8486.0,5304.0,sea_point,6449,Indian Ocean,6
11567,8486.04,3328.48,path_vertex,,,2
11568,8486.94,2699.89,path_vertex,,,2
11569,8487.18,1455.93,path_vertex,,,2
11570,8488.0,2598.0,sea_point,4227,Caspian Sea,4
11571,8488.37,2040.6100000000001,path_vertex,,,2
11572,8489.0,2714.4,path_vertex,,,4
11573,8489.0,2750.0,province_center,2098,Kashan,5
11574,8489.0,2832.0,province_center,2099,Isfahan,7
11575,8489.72,1789.43,path_vertex,,,2
11576,8490.0,3962.0,sea_point,3737,Red Sea,2
11577,8490.07,2793.51,path_vertex,,,2
11578,8490.2,3372.4,path_vertex,,,2
11579,8490.95,3361.8,path_vertex,,,3
11580,8491.0,2533.0,sea_point,3311,Caspian Sea,8
11581,8491.57,1254.43,path_vertex,,,2
11582,8495.0,2001.01,path_vertex,,,2
11583,8496.0,1491.0,province_center,3151,Birsk,6
11584,8496.0,2066.0,path_vertex,,,2
11585,8496.24,1304.29,path_vertex,,,2
11586,8496.93,2653.81,path_vertex,,,2
11587,8498.76,2922.59,path_vertex,,,2
11588,8498.85,1539.96,path_vertex,,,2
11589,8501.0,1365.0,path_vertex,,,2
11590,8501.83,3436.14,path_vertex,,,2
11591,8502.0,1596.0,province_center,3152,Davlekanovo,8
11592,8502.0,2944.0,province_center,2101,Shiraz,3
11593,8502.5,2622.0,path_vertex,,,2
11594,8503.0,2402.0,sea_point,3386,Indian Ocean,2
11595,8505.0,2355.0,sea_point,4223,Caspian Sea,6
11596,8506.0,3869.0,sea_point,5038,Arabian Sea,5
11597,8506.5,1678.5,path_vertex,,,2
11598,8507.0,3152.0,sea_point,3305,Persian Gulf,8
11599,8507.85,1815.45,path_vertex,,,2
11600,8508.0,3751.0,province_center,2029,Saihut,6
11601,8508.55,3504.53,path_vertex,,,2
11602,8509.0,2634.0,province_center,2080,Amol,5
11603,8510.92,2683.4900000000002,path_vertex,,,2
11604,8513.0,1255.0,province_center,3144,Cherdyn,5
11605,8514.09,3765.96,path_vertex,,,2
11606,8516.0,2153.0,path_vertex,,,2
11607,8516.0,3258.0,sea_point,3880,Persian Gulf,4
11608,8516.39,1189.9,path_vertex,,,2
11609,8517.0,4680.0,sea_point,6411,Indian Ocean,6
11610,8517.0,4960.0,sea_point,6059,Indian Ocean,5
11611,8517.0,5522.0,sea_point,6953,Indian Ocean,4
11612,8519.0,1397.71,path_vertex,,,2
11613,8519.0,3779.0,sea_point,3871,Arabian Sea,5
11614,8520.0,755.0,province_center,2837,Khorey-Ver,6
11615,8520.0,1115.0,province_center,2834,Troitsko-Pechorsk,6
11616,8520.68,1588.05,path_vertex,,,2
11617,8520.83,1900.3400000000001,path_vertex,,,2
11618,8521.02,1084.82,path_vertex,,,2
11619,8521.69,1313.84,path_vertex,,,2
11620,8522.0,1019.0,province_center,2827,Dutovo,6
11621,8523.86,1471.02,path_vertex,,,2
11622,8524.19,1419.96,path_vertex,,,2
11623,8525.01,1654.74,path_vertex,,,2
11624,8526.56,791.0,path_vertex,,,2
11625,8527.0,597.0,sea_point,4203,Barents Sea,4
11626,8527.0,2452.0,sea_point,4233,Caspian Sea,5
11627,8529.5,1545.5,path_vertex,,,2
11628,8530.22,981.8100000000001,path_vertex,,,2
11629,8531.0,1519.6200000000001,path_vertex,,,2
11630,8531.4,1437.6200000000001,path_vertex,,,2
11631,8532.72,1788.0,path_vertex,,,2
11632,8533.0,4399.0,sea_point,6392,Indian Ocean,6
11633,8533.5,2903.0,path_vertex,,,2
11634,8533.55,2446.55,path_vertex,,,2
11635,8534.97,2945.84,path_vertex,,,2
11636,8535.0,1719.0,province_center,3155,Ishimbay,8
11637,8536.23,1611.13,path_vertex,,,2
11638,8536.76,1704.05,path_vertex,,,2
11639,8537.0,1581.0,province_center,3086,Ufa,3
11640,8537.0,2047.0,province_center,3108,Nizhniy Embensk,7
11641,8538.0,1688.0,province_center,3140,Sterlitamak,4
11642,8538.04,1565.13,path_vertex,,,2
11643,8538.28,1277.96,path_vertex,,,2
11644,8539.0,1418.0,province_center,3141,Perm,3
11645,8539.78,3725.34,path_vertex,,,2
11646,8541.0,1528.0,province_center,3150,Mishkinsky,7
11647,8543.06,1400.49,path_vertex,,,2
11648,8546.0,2437.0,province_center,3128,Krasnowodsk,2
11649,8546.0,3472.0,province_center,2008,Rub' al Khali,7
11650,8547.31,2821.03,path_vertex,,,2
11651,8547.69,2784.73,path_vertex,,,2
11652,8548.0,891.0,province_center,2828,Pechora,7
11653,8548.0,1376.0,province_center,3145,Dobryanka,7
11654,8548.0,4180.0,sea_point,5980,Indian Ocean,6
11655,8548.0,5179.0,sea_point,6441,Indian Ocean,6
11656,8548.45,1885.0,path_vertex,,,2
11657,8550.12,1593.53,path_vertex,,,2
11658,8551.86,1229.88,path_vertex,,,2
11659,8552.0,2377.0,sea_point,4222,Caspian Sea,3
11660,8552.55,3615.62,path_vertex,,,2
11661,8553.09,2000.63,path_vertex,,,2
11662,8553.37,732.73,path_vertex,,,2
11663,8553.49,1356.49,path_vertex,,,2
11664,8554.380000000001,1499.05,path_vertex,,,2
11665,8555.0,3886.0,sea_point,3736,Red Sea,2
11666,8555.3,3689.4,path_vertex,,,2
11667,8556.0,1420.0,path_vertex,,,2
11668,8556.0,1577.0,path_vertex,,,2
11669,8558.55,3326.7000000000003,path_vertex,,,3
11670,8558.94,1826.43,path_vertex,,,2
11671,8560.0,1298.0,province_center,3146,Berezniki,5
11672,8562.0,3941.0,sea_point,5037,Arabian Sea,7
11673,8564.0,4524.0,sea_point,6681,Indian Ocean,6
11674,8565.0,2507.0,sea_point,4230,Caspian Sea,4
11675,8565.08,3387.17,path_vertex,,,2
11676,8565.61,2373.05,path_vertex,,,2
11677,8568.0,2595.0,sea_point,4228,Caspian Sea,4
11678,8568.58,2434.88,path_vertex,,,2
11679,8568.6,1189.77,path_vertex,,,2
11680,8569.0,3096.0,sea_point,3891,Persian Gulf,5
11681,8570.33,2394.67,path_vertex,,,2
11682,8570.58,1403.71,path_vertex,,,2
11683,8570.95,1732.05,path_vertex,,,2
11684,8572.2,1610.05,path_vertex,,,3
11685,8574.23,1275.3700000000001,path_vertex,,,2
11686,8575.06,3080.92,path_vertex,,,2
11687,8575.54,2622.63,path_vertex,,,2
11688,8577.4,1652.27,path_vertex,,,2
11689,8577.84,2501.52,path_vertex,,,2
11690,8578.0,3248.0,sea_point,3879,Persian Gulf,4
11691,8579.35,1267.5,path_vertex,,,2
11692,8580.0,5397.0,sea_point,6726,Indian Ocean,6
11693,8580.81,3595.51,path_vertex,,,2
11694,8581.0,1210.0,province_center,3142,Talovo,5
11695,8581.3,1020.5,path_vertex,,,3
11696,8582.16,2117.67,path_vertex,,,2
11697,8583.49,2722.9700000000003,path_vertex,,,2
11698,8584.0,1904.0,province_center,3095,Aktobe,6
11699,8584.0,2561.0,sea_point,4229,Caspian Sea,4
11700,8585.2,1693.9,path_vertex,,,3
11701,8587.0,1424.0,province_center,3157,Lysva,6
11702,8588.81,2600.68,path_vertex,,,2
11703,8593.0,1743.0,province_center,3154,Sibay,5
11704,8594.89,2557.14,path_vertex,,,2
11705,8596.0,2813.0,province_center,2104,Khur,6
11706,8597.0,1633.0,province_center,3153,Beloretsk,5
11707,8597.83,1424.68,path_vertex,,,2
11708,8599.08,1712.51,path_vertex,,,2
11709,8599.54,1783.42,path_vertex,,,2
11710,8599.77,1834.0,path_vertex,,,2
11711,8601.01,3265.28,path_vertex,,,2
11712,8601.09,2036.02,path_vertex,,,2
11713,8602.0,2489.0,province_center,3129,Oboy,4
11714,8604.0,1814.0,province_center,3139,Orsk,6
11715,8604.93,791.0,path_vertex,,,2
11716,8604.95,1312.09,path_vertex,,,2
11717,8605.5,2447.86,path_vertex,,,2
11718,8606.0,2431.0,province_center,3112,Nebit Dag,4
11719,8611.0,468.0,sea_point,5172,Barents Sea,5
11720,8611.0,5054.0,sea_point,6435,Indian Ocean,6
11721,8611.16,2900.81,path_vertex,,,2
11722,8611.630000000001,1406.97,path_vertex,,,2
11723,8612.5,2683.2000000000003,path_vertex,,,3
11724,8612.5,2753.4500000000003,path_vertex,,,2
11725,8615.0,3091.0,sea_point,4091,Persian Gulf,2
11726,8615.0,3276.0,province_center,2023,Sharja,4
11727,8615.97,1262.6200000000001,path_vertex,,,2
11728,8617.0,2607.0,province_center,2097,Gorgan,6
11729,8617.61,3402.16,path_vertex,,,2
11730,8618.87,2398.31,path_vertex,,,2
11731,8619.0,2952.0,province_center,2102,Sirjan,9
11732,8619.0,4040.0,sea_point,5957,Arabian Sea,6
11733,8619.0,4290.0,sea_point,6386,Indian Ocean,6
11734,8619.0,4851.0,sea_point,6421,Indian Ocean,7
11735,8620.0,3194.0,sea_point,4067,Arabian Sea,2
11736,8620.0,3657.0,province_center,2028,Murbat,5
11737,8621.12,3661.0,path_vertex,,,2
11738,8623.0,3692.0,sea_point,3872,Arabian Sea,5
11739,8623.93,1777.25,path_vertex,,,2
11740,8624.0,3844.0,sea_point,5041,Arabian Sea,6
11741,8626.0,1650.92,path_vertex,,,2
11742,8626.15,1425.45,path_vertex,,,3
11743,8626.3,1694.51,path_vertex,,,2
11744,8626.69,910.38,path_vertex,,,2
11745,8626.69,3509.62,path_vertex,,,2
11746,8626.7,1348.68,path_vertex,,,2
11747,8629.0,1713.92,path_vertex,,,2
11748,8631.9,1502.07,path_vertex,,,2
11749,8632.18,858.97,path_vertex,,,2
11750,8633.02,1538.96,path_vertex,,,2
11751,8633.52,1103.47,path_vertex,,,2
11752,8635.0,2201.0,province_center,3107,Usturt,7
11753,8635.68,2303.4900000000002,path_vertex,,,2
11754,8636.0,2351.0,province_center,3130,Gyzylgaya,6
11755,8638.210000000001,1168.8500000000001,path_vertex,,,2
11756,8639.05,3328.59,path_vertex,,,2
11757,8640.1,1046.85,path_vertex,,,2
11758,8641.18,2823.13,path_vertex,,,2
11759,8641.5,2502.5,path_vertex,,,2
11760,8641.93,1938.08,path_vertex,,,2
11761,8642.0,5272.0,sea_point,6721,Indian Ocean,6
11762,8642.06,3025.59,path_vertex,,,2
11763,8645.19,2767.92,path_vertex,,,2
11764,8648.0,3043.0,province_center,2092,Bandar Abbas,3
11765,8648.34,2913.67,path_vertex,,,2
11766,8649.9,3052.63,path_vertex,,,2
11767,8650.0,1011.32,path_vertex,,,2
11768,8650.0,4695.0,sea_point,6690,Indian Ocean,6
11769,8651.0,1695.0,province_center,3077,Magnitogorsk,7
11770,8651.0,3067.0,sea_point,3893,Persian Gulf,4
11771,8651.05,3616.79,path_vertex,,,2
11772,8652.25,2429.78,path_vertex,,,2
11773,8655.0,3365.0,province_center,2024,Ibri,5
11774,8658.0,3177.0,sea_point,3878,Persian Gulf,7
11775,8658.0,3450.15,path_vertex,,,2
11776,8658.58,2553.28,path_vertex,,,2
11777,8659.0,1329.0,province_center,3068,Krasnoturyinsk,7
11778,8659.0,1582.07,path_vertex,,,2
11779,8666.0,2413.0,path_vertex,,,3
11780,8669.49,1641.24,path_vertex,,,2
11781,8673.0,5491.0,sea_point,7144,Indian Ocean,4
11782,8673.130000000001,3037.96,path_vertex,,,2
11783,8674.960000000001,1799.1100000000001,path_vertex,,,2
11784,8678.0,2434.5,path_vertex,,,2
11785,8678.15,2184.0,path_vertex,,,3
11786,8679.0,3250.0,sea_point,4066,Arabian Sea,2
11787,8682.0,2326.0,path_vertex,,,2
11788,8683.56,2616.9700000000003,path_vertex,,,2
11789,8683.64,2985.9700000000003,path_vertex,,,2
11790,8684.0,1822.0,path_vertex,,,2
11791,8685.0,2517.0,province_center,3117,Kyzyl-Arvat,8
11792,8686.52,2691.98,path_vertex,,,2
11793,8686.77,2254.09,path_vertex,,,2
11794,8689.0,4149.0,sea_point,6379,Indian Ocean,6
11795,8689.0,4399.0,sea_point,6674,Indian Ocean,6
11796,8691.0,638.0,province_center,2824,Amderma,5
11797,8691.16,2930.88,path_vertex,,,2
11798,8693.08,2539.02,path_vertex,,,2
11799,8693.26,1416.25,path_vertex,,,2
11800,8696.64,1855.6000000000001,path_vertex,,,2
11801,8696.65,612.98,path_vertex,,,2
11802,8698.2,778.6,path_vertex,,,2
11803,8700.0,592.0,sea_point,4202,Barents Sea,5
11804,8700.0,832.0,province_center,2832,Inta,6
11805,8700.0,1547.0,province_center,3070,Pervouralsk,6
11806,8700.0,3124.0,sea_point,3894,Persian Gulf,5
11807,8700.82,2218.26,path_vertex,,,2
11808,8701.55,1703.8,path_vertex,,,2
11809,8703.11,2393.06,path_vertex,,,2
11810,8703.91,923.09,path_vertex,,,2
11811,8704.0,2837.0,province_center,2105,Tabas,6
11812,8704.0,5148.0,sea_point,6715,Indian Ocean,6
11813,8704.19,3308.35,path_vertex,,,2
11814,8704.380000000001,3118.39,path_vertex,,,2
11815,8707.0,3547.0,province_center,2031,Juwara,4
11816,8707.48,2520.52,path_vertex,,,2
11817,8709.91,2900.77,path_vertex,,,2
11818,8710.210000000001,1507.16,path_vertex,,,2
11819,8710.8,2427.4,path_vertex,,,2
11820,8711.26,3399.96,path_vertex,,,2
11821,8712.0,4945.0,sea_point,6705,Indian Ocean,6
11822,8713.0,2925.0,province_center,2095,Kerman,4
11823,8713.97,1639.79,path_vertex,,,2
11824,8714.19,2487.58,path_vertex,,,2
11825,8714.43,2795.87,path_vertex,,,2
11826,8715.0,426.0,sea_point,8297,Barents Sea,3
11827,8715.01,3561.4,path_vertex,,,2
11828,8715.85,1168.0,path_vertex,,,2
11829,8717.0,1477.0,province_center,3069,Verkhnyaya Salda,7
11830,8717.53,1331.13,path_vertex,,,2
11831,8720.0,4524.0,sea_point,6908,Indian Ocean,6
11832,8720.97,2943.82,path_vertex,,,2
11833,8723.0,3285.0,sea_point,3877,Arabian Sea,5
11834,8723.6,1543.2,path_vertex,,,2
11835,8725.0,2385.0,path_vertex,,,2
11836,8725.2,3507.0,path_vertex,,,2
11837,8726.0,2408.0,province_center,3116,Derweze,5
11838,8729.0,3588.0,sea_point,3873,Arabian Sea,5
11839,8730.4,1575.04,path_vertex,,,2
11840,8730.81,2052.73,path_vertex,,,2
11841,8731.0,2727.0,province_center,2107,Gonabad,6
11842,8732.460000000001,2430.69,path_vertex,,,2
11843,8733.0,2301.0,province_center,3127,Nukus,5
11844,8734.0,2831.02,path_vertex,,,2
11845,8735.15,1516.77,path_vertex,,,2
11846,8736.0,5366.0,sea_point,6944,Indian Ocean,6
11847,8738.800000000001,2684.92,path_vertex,,,2
11848,8739.02,1404.67,path_vertex,,,2
11849,8740.31,2901.48,path_vertex,,,2
11850,8740.710000000001,3348.69,path_vertex,,,2
11851,8742.0,1092.0,province_center,2865,Igrim,7
11852,8743.0,1539.0,province_center,3066,Sverdlovsk,4
11853,8743.960000000001,1558.19,path_vertex,,,2
11854,8744.0,2928.0,path_vertex,,,2
11855,8746.5,2394.5,path_vertex,,,2
11856,8747.0,1599.0,province_center,3076,Chelyabinsk,6
11857,8747.0,2474.0,province_center,3119,Yerbent,7
11858,8748.380000000001,2779.23,path_vertex,,,2
11859,8748.79,2503.52,path_vertex,,,2
11860,8748.960000000001,2571.58,path_vertex,,,2
11861,8749.0,2526.0,province_center,3118,Bäherden,5
11862,8749.0,2626.0,province_center,2096,Mashhad,6
11863,8751.0,4773.0,sea_point,6921,Indian Ocean,6
11864,8752.0,1831.0,province_center,3096,Kostanay,6
11865,8752.880000000001,1663.16,path_vertex,,,2
11866,8753.41,857.88,path_vertex,,,2
11867,8755.0,1771.0,path_vertex,,,2
11868,8757.0,1713.0,province_center,3078,Kartaly,6
11869,8757.0,3024.0,province_center,2103,Gonbaki,6
11870,8757.2,1937.04,path_vertex,,,2
11871,8759.0,527.0,sea_point,8296,Barents Sea,6
11872,8759.0,2555.0,path_vertex,,,2
11873,8759.0,3141.0,sea_point,4075,Arabian Sea,2
11874,8759.0,3430.0,province_center,2030,Sharkh,5
11875,8759.0,4009.0,sea_point,6373,Arabian Sea,6
11876,8759.0,4258.0,sea_point,6667,Indian Ocean,6
11877,8760.0,1332.0,province_center,3079,Zykova,5
11878,8760.0,2007.0,province_center,3109,Aralsk,6
11879,8761.2,3364.4,path_vertex,,,2
11880,8761.4,1524.2,path_vertex,,,2
11881,8761.47,2533.12,path_vertex,,,2
11882,8761.69,1051.56,path_vertex,,,2
11883,8762.0,3346.0,province_center,2022,Muscat,3
11884,8763.0,2824.0,province_center,2106,Birjand,6
11885,8764.18,2335.2200000000003,path_vertex,,,2
11886,8767.0,3712.0,sea_point,5918,Arabian Sea,6
11887,8767.31,2171.77,path_vertex,,,2
11888,8769.0,3515.0,sea_point,3875,Arabian Sea,4
11889,8769.880000000001,3341.58,path_vertex,,,2
11890,8771.0,2569.0,path_vertex,,,2
11891,8772.7,3437.13,path_vertex,,,2
11892,8776.53,2278.04,path_vertex,,,2
11893,8778.9,2934.1,path_vertex,,,3
11894,8780.0,2542.0,province_center,3110,Ashkhabad,3
11895,8782.15,2444.3,path_vertex,,,2
11896,8783.0,2356.0,province_center,3114,Tashauz,6
11897,8784.0,1002.0,province_center,2864,Beryozovo,6
11898,8784.0,3882.0,sea_point,6659,Arabian Sea,7
11899,8784.94,3002.36,path_vertex,,,2
11900,8785.0,3211.0,sea_point,8279,Arabian Sea,6
11901,8785.15,2582.79,path_vertex,,,2
11902,8785.95,1253.43,path_vertex,,,2
11903,8786.0,3332.0,sea_point,3876,Arabian Sea,3
11904,8786.12,2521.42,path_vertex,,,2
11905,8787.17,1470.14,path_vertex,,,2
11906,8788.0,2507.0,path_vertex,,,3
11907,8788.91,1543.33,path_vertex,,,2
11908,8789.0,3446.0,sea_point,3874,Arabian Sea,5
11909,8790.0,4633.0,sea_point,7113,Indian Ocean,6
11910,8790.210000000001,2778.04,path_vertex,,,2
11911,8795.58,3067.15,path_vertex,,,2
11912,8796.61,1160.63,path_vertex,,,2
11913,8797.2,2551.6,path_vertex,,,2
11914,8798.0,5241.0,sea_point,6940,Indian Ocean,6
11915,8798.89,953.21,path_vertex,,,2
11916,8801.06,2894.7400000000002,path_vertex,,,2
11917,8805.0,2558.0,province_center,3111,Anau,7
11918,8806.0,2831.0,path_vertex,,,2
11919,8806.0,5038.0,sea_point,6931,Indian Ocean,6
11920,8806.68,2666.19,path_vertex,,,2
11921,8809.0,3368.0,sea_point,4062,Arabian Sea,2
11922,8809.6,2518.2000000000003,path_vertex,,,2
11923,8809.86,2091.17,path_vertex,,,2
11924,8811.59,1303.8700000000001,path_vertex,,,2
11925,8812.33,2718.0,path_vertex,,,2
11926,8812.95,1107.75,path_vertex,,,2
11927,8813.76,2327.16,path_vertex,,,2
11928,8814.0,374.0,sea_point,4021,Barents Sea,5
11929,8816.6,2476.5,path_vertex,,,2
11930,8817.0,888.0,province_center,2870,Ovgort,4
11931,8819.31,1643.31,path_vertex,,,2
11932,8822.0,2252.0,province_center,3126,Chelkar,5
11933,8822.41,1425.51,path_vertex,,,2
11934,8823.0,3149.0,sea_point,3895,Arabian Sea,4
11935,8823.5,2031.5,path_vertex,,,2
11936,8824.25,1690.75,path_vertex,,,2
11937,8825.7,2304.25,path_vertex,,,2
11938,8828.0,1588.0,path_vertex,,,2
11939,8829.0,4118.0,sea_point,6663,Indian Ocean,5
11940,8829.0,4368.0,sea_point,6904,Indian Ocean,6
11941,8829.0,5460.0,sea_point,7283,Indian Ocean,4
11942,8829.6,3136.0,path_vertex,,,2
11943,8829.95,2470.0,path_vertex,,,2
11944,8830.0,1049.0,path_vertex,,,2
11945,8835.710000000001,1800.0,path_vertex,,,2
11946,8836.0,2960.0,province_center,2094,Zahedan,6
11947,8837.0,610.0,sea_point,4201,Barents Sea,4
11948,8837.44,3015.3,path_vertex,,,2
11949,8837.7,2218.93,path_vertex,,,2
11950,8838.0,3115.0,province_center,2093,Chabahar,6
11951,8845.0,4867.0,sea_point,7121,Indian Ocean,6
11952,8845.51,2870.58,path_vertex,,,2
11953,8847.0,1463.0,province_center,3067,Tyumen,7
11954,8847.34,1980.42,path_vertex,,,2
11955,8849.28,2660.14,path_vertex,,,2
11956,8850.28,1540.07,path_vertex,,,2
11957,8851.0,1584.0,province_center,3075,Kurgan,7
11958,8853.18,2510.9500000000003,path_vertex,,,2
11959,8853.710000000001,739.74,path_vertex,,,2
11960,8854.07,1028.83,path_vertex,,,2
11961,8854.51,2938.0,path_vertex,,,2
11962,8856.0,2176.0,province_center,3125,Marat,5
11963,8859.02,651.08,path_vertex,,,2
11964,8860.0,4492.0,sea_point,7108,Indian Ocean,6
11965,8860.89,2963.26,path_vertex,,,2
11966,8861.050000000001,2145.37,path_vertex,,,2
11967,8863.0,1361.0,path_vertex,,,2
11968,8863.0,2839.0,province_center,2115,Farah,5
11969,8863.19,2537.69,path_vertex,,,2
11970,8866.12,1643.79,path_vertex,,,2
11971,8867.4,2773.51,path_vertex,,,2
11972,8868.0,3603.0,sea_point,5905,Arabian Sea,6
11973,8869.0,516.0,sea_point,4200,Barents Sea,4
11974,8869.0,708.0,path_vertex,,,2
11975,8869.41,2394.33,path_vertex,,,2
11976,8870.36,767.8000000000001,path_vertex,,,2
11977,8871.0,1011.0,path_vertex,,,2
11978,8871.0,2711.0,province_center,2113,Herat,7
11979,8873.0,2050.0,province_center,3093,Kzyl-Orda,6
11980,8877.0,1036.0,province_center,2861,Beloyarsky,5
11981,8879.0,1265.0,province_center,2863,Leushi,8
11982,8881.800000000001,1055.6,path_vertex,,,2
11983,8882.95,2860.05,path_vertex,,,2
11984,8884.0,4726.0,sea_point,7259,Indian Ocean,6
11985,8891.16,3121.37,path_vertex,,,2
11986,8891.24,1195.38,path_vertex,,,2
11987,8892.0,5335.0,sea_point,7141,Indian Ocean,7
11988,8893.0,715.0,province_center,2855,Salekhard,4
11989,8896.0,2525.0,province_center,3113,Mary,7
11990,8896.25,1017.59,path_vertex,,,2
11991,8898.0,1776.0,province_center,3099,Arshaly,7
11992,8899.0,3728.0,sea_point,6356,Arabian Sea,7
11993,8899.0,4227.0,sea_point,6898,Indian Ocean,6
11994,8899.0,5132.0,sea_point,7131,Indian Ocean,6
11995,8900.0,1014.0,sea_point,6782,Ob River,2
11996,8900.26,2643.65,path_vertex,,,2
11997,8901.08,1438.9,path_vertex,,,2
11998,8902.0,1127.0,province_center,2875,Andra,6
11999,8903.0,436.0,sea_point,3973,Bay of Kiel,2
12000,8903.0,2308.03,path_vertex,,,2
12001,8906.68,3070.66,path_vertex,,,2
12002,8909.300000000001,1910.41,path_vertex,,,2
12003,8910.69,2708.5,path_vertex,,,2
12004,8911.06,2748.75,path_vertex,,,2
12005,8911.69,2481.0,path_vertex,,,2
12006,8912.09,2356.25,path_vertex,,,2
12007,8914.28,2006.0,path_vertex,,,2
12008,8915.0,3155.0,sea_point,3896,Arabian Sea,6
12009,8915.0,3291.0,sea_point,5864,Arabian Sea,7
12010,8915.0,3478.0,sea_point,5892,Arabian Sea,7
12011,8915.22,1036.84,path_vertex,,,2
12012,8916.0,2070.0,path_vertex,,,2
12013,8917.630000000001,3137.67,path_vertex,,,2
12014,8919.0,962.0,sea_point,6780,Ob River,2
12015,8919.0,3124.0,province_center,2125,Gwadar,4
12016,8919.2,2114.6,path_vertex,,,2
12017,8919.210000000001,1480.15,path_vertex,,,2
12018,8920.0,993.0,sea_point,6781,Ob River,2
12019,8921.0,941.0,sea_point,6779,Ob River,2
12020,8922.0,2902.0,province_center,2121,Deshu,5
12021,8922.800000000001,2292.2000000000003,path_vertex,,,2
12022,8924.2,3023.6,path_vertex,,,2
12023,8924.5,2208.05,path_vertex,,,3
12024,8926.0,313.0,sea_point,6188,Barents Sea,3
12025,8929.050000000001,2319.2000000000003,path_vertex,,,3
12026,8930.15,2799.15,path_vertex,,,2
12027,8931.0,2421.0,province_center,3115,Chardzhou,5
12028,8931.0,4040.0,sea_point,7093,Arabian Sea,7
12029,8931.0,4602.0,sea_point,7256,Indian Ocean,6
12030,8932.69,2616.59,path_vertex,,,2
12031,8934.45,1335.33,path_vertex,,,2
12032,8936.130000000001,1758.03,path_vertex,,,2
12033,8936.45,2188.82,path_vertex,,,2
12034,8937.0,2081.0,province_center,3083,Turkistan,3
12035,8937.68,1705.74,path_vertex,,,2
12036,8938.0,4960.0,sea_point,7264,Indian Ocean,6
12037,8939.28,1541.22,path_vertex,,,2
12038,8941.14,1872.67,path_vertex,,,2
12039,8941.23,2487.53,path_vertex,,,2
12040,8945.03,2389.71,path_vertex,,,2
12041,8949.18,2061.68,path_vertex,,,2
12042,8949.7,2101.1,path_vertex,,,2
12043,8950.1,3081.3,path_vertex,,,2
12044,8951.0,908.0,sea_point,6778,Ob River,2
12045,8951.0,2786.0,province_center,2120,Zirni,6
12046,8953.82,2841.2400000000002,path_vertex,,,2
12047,8955.67,2944.31,path_vertex,,,2
12048,8957.0,2424.94,path_vertex,,,2
12049,8957.26,1572.57,path_vertex,,,2
12050,8957.65,2042.3,path_vertex,,,3
12051,8958.0,2356.0,province_center,3123,Bukhara,7
12052,8958.18,2752.4700000000003,path_vertex,,,2
12053,8962.0,800.0,sea_point,5069,Ob River,2
12054,8962.0,848.0,sea_point,5255,Ob River,2
12055,8962.0,5475.0,sea_point,7400,Indian Ocean,4
12056,8965.0,2122.0,province_center,3084,Shymkent,6
12057,8966.0,863.0,sea_point,5710,Ob River,2
12058,8966.81,2084.61,path_vertex,,,2
12059,8967.0,751.0,sea_point,5061,Ob River,2
12060,8967.0,827.0,sea_point,5083,Ob River,2
12061,8967.0,881.0,sea_point,6519,Ob River,2
12062,8967.5,1633.5,path_vertex,,,2
12063,8968.0,763.0,sea_point,5063,Ob River,2
12064,8968.0,1038.0,province_center,2876,Verkhnekazymskiy,3
12065,8968.0,2704.0,province_center,2119,Chaghcharān,6
12066,8969.0,406.0,sea_point,4199,Barents Sea,5
12067,8969.0,722.0,sea_point,5048,Ob River,2
12068,8970.0,1491.0,province_center,3073,Aromashevo,6
12069,8970.0,4336.0,sea_point,7099,Indian Ocean,6
12070,8971.0,796.0,sea_point,5072,Ob River,2
12071,8971.0,1942.0,province_center,3100,Dzhezkazgan,8
12072,8971.0,3051.0,province_center,2137,Isai Kalat,6
12073,8973.0,740.0,sea_point,5050,Ob River,2
12074,8974.0,778.0,sea_point,5066,Ob River,2
12075,8977.0,3915.0,sea_point,6893,Arabian Sea,6
12076,8977.0,4820.0,sea_point,7379,Indian Ocean,6
12077,8977.36,3003.0,path_vertex,,,2
12078,8977.52,1442.88,path_vertex,,,2
12079,8978.36,2217.84,path_vertex,,,2
12080,8980.0,2975.0,province_center,2138,Dalbandin,6
12081,8984.0,1398.0,province_center,3071,Tobolsk,5
12082,8984.39,2879.06,path_vertex,,,2
12083,8985.29,1525.2,path_vertex,,,2
12084,8985.5,1192.5,path_vertex,,,2
12085,8987.0,710.0,sea_point,5006,Ob River,2
12086,8987.61,1812.1000000000001,path_vertex,,,2
12087,8989.380000000001,2291.32,path_vertex,,,2
12088,8989.62,1165.73,path_vertex,,,2
12089,8991.11,3127.4900000000002,path_vertex,,,2
12090,8991.95,1304.0,path_vertex,,,2
12091,8993.0,5226.0,sea_point,7276,Indian Ocean,6
12092,8993.89,2410.55,path_vertex,,,2
12093,8995.39,2828.7200000000003,path_vertex,,,2
12094,8996.92,2581.91,path_vertex,,,2
12095,8997.0,3234.0,sea_point,8556,Arabian Sea,5
12096,9001.0,4461.0,sea_point,7251,Indian Ocean,6
12097,9001.03,2381.62,path_vertex,,,2
12098,9001.9,2198.79,path_vertex,,,2
12099,9002.43,2352.43,path_vertex,,,2
12100,9003.0,2767.0,path_vertex,,,2
12101,9004.0,1567.0,province_center,3074,Ishim,4
12102,9006.75,2947.62,path_vertex,,,2
12103,9007.0,1383.0,path_vertex,,,2
12104,9007.0,2431.0,province_center,3121,Qarshi,6
12105,9008.0,3161.0,sea_point,3897,Arabian Sea,4
12106,9008.06,2652.0,path_vertex,,,2
12107,9008.97,858.57,path_vertex,,,2
12108,9009.0,3572.0,sea_point,6340,Arabian Sea,6
12109,9009.19,3110.14,path_vertex,,,2
12110,9009.37,2706.05,path_vertex,,,2
12111,9010.0,3128.0,province_center,2147,Hinglaj,4
12112,9010.210000000001,3137.0,path_vertex,,,2
12113,9010.4,1151.89,path_vertex,,,2
12114,9012.0,1177.0,province_center,2859,Khanty-Mansiysk,3
12115,9012.53,2984.94,path_vertex,,,2
12116,9013.550000000001,842.4,path_vertex,,,2
12117,9014.6,2406.8,path_vertex,,,2
12118,9015.5,1630.2,path_vertex,,,3
12119,9016.15,2935.4,path_vertex,,,3
12120,9017.0,699.0,sea_point,4969,Ob River,2
12121,9017.0,2231.0,province_center,3135,Oktyabrsky (TK),7
12122,9019.0,2388.0,province_center,3120,Samarqand,4
12123,9019.27,1914.29,path_vertex,,,2
12124,9019.64,2950.04,path_vertex,,,2
12125,9020.9,1955.73,path_vertex,,,2
12126,9021.41,2743.0,path_vertex,,,2
12127,9023.0,3106.5,path_vertex,,,2
12128,9023.01,2536.02,path_vertex,,,2
12129,9024.0,4196.0,sea_point,7096,Indian Ocean,6
12130,9024.0,4695.0,sea_point,7377,Indian Ocean,6
12131,9024.0,5350.0,sea_point,7397,Indian Ocean,5
12132,9024.14,3019.41,path_vertex,,,2
12133,9026.86,3118.51,path_vertex,,,2
12134,9028.39,2464.86,path_vertex,,,2
12135,9030.5,2418.5,path_vertex,,,2
12136,9031.0,670.0,sea_point,4951,Ob River,2
12137,9031.0,2861.0,province_center,2114,Kandahar,6
12138,9032.0,5054.0,sea_point,7385,Indian Ocean,6
12139,9032.61,977.0500000000001,path_vertex,,,2
12140,9034.72,2297.61,path_vertex,,,2
12141,9035.2,2369.6,path_vertex,,,2
12142,9036.27,2138.88,path_vertex,,,2
12143,9036.37,2075.7,path_vertex,,,2
12144,9038.74,1176.82,path_vertex,,,2
12145,9039.0,1402.5,path_vertex,,,2
12146,9040.0,3322.0,sea_point,5869,Arabian Sea,7
12147,9040.0,3697.0,sea_point,6649,Arabian Sea,5
12148,9042.0,2607.0,province_center,2112,Mazar-i-Sherif,5
12149,9042.25,1575.5,path_vertex,,,2
12150,9042.800000000001,2209.67,path_vertex,,,2
12151,9043.4,1210.8,path_vertex,,,2
12152,9046.0,2994.0,province_center,2122,Kalat,7
12153,9046.43,2393.25,path_vertex,,,2
12154,9048.0,2348.0,province_center,3134,Jizzakh,5
12155,9051.82,2649.96,path_vertex,,,2
12156,9054.0,1578.0,province_center,3089,Petropavl,5
12157,9055.0,296.0,sea_point,3892,Kara Sea,4
12158,9055.0,4071.0,sea_point,6895,Indian Ocean,6
12159,9056.97,2373.34,path_vertex,,,2
12160,9057.64,1767.98,path_vertex,,,2
12161,9059.0,3149.0,sea_point,56,Arabian Sea,4
12162,9062.0,2792.0,path_vertex,,,2
12163,9063.52,2564.0,path_vertex,,,2
12164,9064.0,2707.0,province_center,2117,Bamyan,7
12165,9065.0,775.0,province_center,2857,Nadym,5
12166,9065.0,2397.0,province_center,3133,Panjakent,7
12167,9066.0,2922.5,path_vertex,,,2
12168,9066.27,2822.27,path_vertex,,,2
12169,9068.09,3134.09,path_vertex,,,2
12170,9068.25,2436.75,path_vertex,,,2
12171,9068.800000000001,2957.4,path_vertex,,,2
12172,9069.73,2893.67,path_vertex,,,2
12173,9070.0,2146.0,province_center,3082,Taras,6
12174,9071.0,1331.0,province_center,3072,Berezovka,7
12175,9071.0,3447.0,sea_point,6333,Arabian Sea,6
12176,9071.0,3822.0,sea_point,6657,Arabian Sea,6
12177,9071.0,4570.0,sea_point,7372,Indian Ocean,6
12178,9072.56,834.3000000000001,path_vertex,,,2
12179,9073.050000000001,1644.71,path_vertex,,,2
12180,9074.0,3151.4700000000003,path_vertex,,,2
12181,9075.0,2540.0,province_center,3122,Termiz,7
12182,9077.15,641.92,path_vertex,,,2
12183,9079.0,452.0,sea_point,4195,Kara Sea,5
12184,9079.0,2404.0,path_vertex,,,2
12185,9079.0,4898.0,sea_point,7476,Indian Ocean,6
12186,9080.300000000001,1530.8,path_vertex,,,2
12187,9081.0,593.0,sea_point,4196,Kara Sea,5
12188,9082.5,2765.5,path_vertex,,,2
12189,9083.0,928.0,province_center,2866,Kasymsk,4
12190,9083.0,2939.0,province_center,2123,Quetta,3
12191,9083.83,2992.57,path_vertex,,,2
12192,9084.0,1685.0,province_center,3091,Kokshetau,6
12193,9086.23,2584.23,path_vertex,,,2
12194,9087.0,3150.0,province_center,2124,Karachi,3
12195,9088.41,3051.7200000000003,path_vertex,,,2
12196,9088.5,1542.0,path_vertex,,,2
12197,9089.0,2709.0,path_vertex,,,2
12198,9089.300000000001,2328.4700000000003,path_vertex,,,2
12199,9091.0,1281.0,path_vertex,,,2
12200,9091.0,2793.0,province_center,2116,Ghazni,9
12201,9091.0,2913.0,path_vertex,,,3
12202,9091.85,3131.77,path_vertex,,,2
12203,9093.23,2650.4900000000002,path_vertex,,,2
12204,9093.85,2960.77,path_vertex,,,2
12205,9094.0,3191.0,sea_point,3898,Arabian Sea,5
12206,9094.0,4305.0,sea_point,7247,Indian Ocean,6
12207,9094.03,2346.51,path_vertex,,,2
12208,9094.83,1370.29,path_vertex,,,2
12209,9097.22,2435.7000000000003,path_vertex,,,2
12210,9098.0,2227.4700000000003,path_vertex,,,2
12211,9100.94,3184.88,path_vertex,,,2
12212,9100.95,1759.88,path_vertex,,,2
12213,9101.0,2419.0,province_center,3131,Stalinabad,3
12214,9101.0,2939.0,path_vertex,,,2
12215,9101.300000000001,2292.8,path_vertex,,,2
12216,9105.81,3147.04,path_vertex,,,2
12217,9107.0,2735.0,path_vertex,,,2
12218,9107.0,2991.0,province_center,2290,Sibi,6
12219,9107.0,3064.0,province_center,2136,Shikarpur,7
12220,9107.0,3206.0,sea_point,4097,East Siberian Sea,3
12221,9107.130000000001,2502.42,path_vertex,,,2
12222,9107.15,3042.9900000000002,path_vertex,,,2
12223,9107.33,2864.7200000000003,path_vertex,,,2
12224,9107.92,1712.6200000000001,path_vertex,,,2
12225,9109.0,1860.0,province_center,3101,Atasu,6
12226,9109.0,2318.0,province_center,3124,Fergana,7
12227,9109.380000000001,2049.6,path_vertex,,,2
12228,9113.0,1462.06,path_vertex,,,2
12229,9113.0,2388.0,path_vertex,,,2
12230,9113.0,2711.0,province_center,2110,Kabul,3
12231,9113.93,2971.92,path_vertex,,,2
12232,9115.6,1523.6000000000001,path_vertex,,,3
12233,9116.77,2426.85,path_vertex,,,2
12234,9117.550000000001,2214.55,path_vertex,,,2
12235,9117.99,2550.9900000000002,path_vertex,,,2
12236,9118.0,5444.0,sea_point,7494,Indian Ocean,4
12237,9118.09,2676.4700000000003,path_vertex,,,2
12238,9119.0,2400.0,path_vertex,,,2
12239,9122.45,567.0,path_vertex,,,2
12240,9124.0,2939.0,province_center,2134,Loralai,6
12241,9124.0,3189.0,sea_point,4133,Indus River,2
12242,9126.0,4430.0,sea_point,7369,Indian Ocean,5
12243,9126.0,4773.0,sea_point,7473,Indian Ocean,6
12244,9126.0,5148.0,sea_point,7482,Indian Ocean,6
12245,9127.0,1733.0,province_center,3080,Astana,3
12246,9127.49,2100.4900000000002,path_vertex,,,2
12247,9128.89,3107.29,path_vertex,,,2
12248,9128.94,1934.01,path_vertex,,,2
12249,9129.0,1183.0,province_center,2874,Muşkino,7
12250,9130.61,2144.2200000000003,path_vertex,,,2
12251,9132.36,2510.0,path_vertex,,,2
12252,9133.75,1833.45,path_vertex,,,2
12253,9134.43,1298.64,path_vertex,,,2
12254,9134.62,2259.7200000000003,path_vertex,,,2
12255,9135.28,2714.69,path_vertex,,,2
12256,9137.050000000001,2433.6,path_vertex,,,3
12257,9137.19,2395.0,path_vertex,,,2
12258,9139.0,1685.45,path_vertex,,,2
12259,9139.0,2556.0,province_center,2118,Faizabad,6
12260,9141.0,3588.0,sea_point,6341,Arabian Sea,6
12261,9141.0,3962.0,sea_point,6660,Arabian Sea,6
12262,9142.0,553.0,province_center,2869,Taran,2
12263,9143.0,1749.0,path_vertex,,,2
12264,9143.0,1989.0,province_center,3103,Birlik,5
12265,9144.0,3138.0,province_center,2139,Hyderabad (PK),5
12266,9144.0,3189.0,sea_point,5143,Indus River,2
12267,9144.0,3235.0,sea_point,3899,Arabian Sea,4
12268,9144.02,2743.88,path_vertex,,,2
12269,9146.0,3100.0,sea_point,5174,Indus River,2
12270,9148.0,634.0,sea_point,4198,Kara Sea,2
12271,9148.880000000001,1135.25,path_vertex,,,2
12272,9151.87,3225.0,path_vertex,,,2
12273,9152.0,3177.0,sea_point,5149,Indus River,2
12274,9152.460000000001,1723.22,path_vertex,,,2
12275,9152.57,2549.34,path_vertex,,,2
12276,9153.75,2843.51,path_vertex,,,2
12277,9154.0,3085.0,sea_point,5181,Indus River,2
12278,9155.0,2445.0,province_center,3132,Murghab,6
12279,9155.14,2639.5,path_vertex,,,2
12280,9155.67,2017.67,path_vertex,,,2
12281,9156.73,2953.46,path_vertex,,,2
12282,9156.87,3159.15,path_vertex,,,2
12283,9157.0,5272.0,sea_point,7564,Indian Ocean,6
12284,9158.0,3064.0,sea_point,5182,Indus River,2
12285,9158.0,3161.0,sea_point,5151,Indus River,4
12286,9158.91,3111.91,path_vertex,,,2
12287,9160.0,3110.0,sea_point,5170,Indus River,4
12288,9161.73,3106.98,path_vertex,,,2
12289,9162.1,3163.63,path_vertex,,,2
12290,9163.7,790.91,path_vertex,,,2
12291,9165.0,1625.65,path_vertex,,,3
12292,9165.41,887.72,path_vertex,,,2
12293,9165.68,1179.15,path_vertex,,,2
12294,9166.0,3274.0,sea_point,8783,Arabian Sea,3
12295,9166.2,2907.8,path_vertex,,,2
12296,9166.92,575.33,path_vertex,,,2
12297,9168.57,2983.11,path_vertex,,,2
12298,9170.0,2720.0,province_center,2111,Jelalabad,7
12299,9170.34,741.99,path_vertex,,,2
12300,9172.0,3712.0,sea_point,6354,Arabian Sea,6
12301,9172.0,4648.0,sea_point,7469,Indian Ocean,6
12302,9172.0,4992.0,sea_point,7558,Indian Ocean,6
12303,9172.6,3049.84,path_vertex,,,2
12304,9172.77,2286.54,path_vertex,,,2
12305,9173.0,3111.0,sea_point,5163,Indus River,2
12306,9174.0,2061.0,province_center,3102,Tole Bi,7
12307,9175.0,1504.0,province_center,2908,Omsk,6
12308,9175.0,3052.0,sea_point,5183,Indus River,4
12309,9176.0,1202.18,path_vertex,,,2
12310,9176.0,1784.0,province_center,3097,Karaganda,6
12311,9176.16,3054.06,path_vertex,,,2
12312,9176.75,2760.75,path_vertex,,,2
12313,9178.0,3033.0,sea_point,5184,Indus River,2
12314,9179.0,3123.0,sea_point,5161,Indus River,2
12315,9180.34,2107.59,path_vertex,,,2
12316,9182.85,1908.56,path_vertex,,,2
12317,9184.0,2141.0,province_center,3136,Frunze,6
12318,9184.0,3023.0,sea_point,5187,Indus River,2
12319,9184.0,3068.0,province_center,2145,Sukkur,6
12320,9185.300000000001,2429.59,path_vertex,,,2
12321,9186.0,1177.0,province_center,2860,Surgut,3
12322,9186.0,3179.0,province_center,2135,Badin,5
12323,9188.0,343.0,sea_point,4015,Kara Sea,5
12324,9188.210000000001,1153.05,path_vertex,,,2
12325,9188.65,2377.48,path_vertex,,,2
12326,9189.0,2790.01,path_vertex,,,2
12327,9189.65,1623.39,path_vertex,,,2
12328,9190.300000000001,2477.28,path_vertex,,,2
12329,9191.0,3147.0,sea_point,5157,Indus River,2
12330,9192.65,938.48,path_vertex,,,2
12331,9194.76,1952.93,path_vertex,,,2
12332,9194.9,2756.65,path_vertex,,,2
12333,9196.0,1196.0,path_vertex,,,2
12334,9197.0,3017.0,sea_point,5188,Indus River,2
12335,9197.04,2610.4500000000003,path_vertex,,,2
12336,9199.0,2971.0,province_center,2148,Dera Ghazi Khan,4
12337,9201.0,3129.0,sea_point,5159,Indus River,2
12338,9204.0,1031.0,province_center,2867,Pokatshena,3
12339,9204.0,3004.0,sea_point,5189,Indus River,2
12340,9204.0,3463.0,sea_point,5887,Arabian Sea,6
12341,9204.0,4212.0,sea_point,6897,Indian Ocean,7
12342,9204.82,1645.94,path_vertex,,,2
12343,9205.0,1214.0,province_center,2868,Yugansk,4
12344,9207.74,2915.65,path_vertex,,,2
12345,9208.18,2731.2400000000002,path_vertex,,,2
12346,9208.73,1891.0,path_vertex,,,2
12347,9209.85,1469.65,path_vertex,,,3
12348,9211.0,489.0,sea_point,4194,Kara Sea,3
12349,9211.0,4071.0,sea_point,6662,Indian Ocean,5
12350,9211.36,3120.26,path_vertex,,,2
12351,9211.5,1754.55,path_vertex,,,2
12352,9211.800000000001,2585.7000000000003,path_vertex,,,3
12353,9212.14,1993.1000000000001,path_vertex,,,2
12354,9214.0,2871.0,province_center,2141,Dera Ismail Khan,4
12355,9218.0,2992.0,sea_point,5190,Indus River,2
12356,9219.0,4867.0,sea_point,7557,Indian Ocean,6
12357,9220.300000000001,2969.34,path_vertex,,,2
12358,9221.0,1933.0,province_center,3098,Balkhash,7
12359,9221.0,2981.0,sea_point,5193,Indus River,2
12360,9221.14,2832.2400000000002,path_vertex,,,2
12361,9222.0,2506.0,province_center,2472,Kargilik,6
12362,9222.89,2978.79,path_vertex,,,2
12363,9223.26,3023.94,path_vertex,,,2
12364,9224.0,636.0,sea_point,4197,Kara Sea,2
12365,9224.73,2605.63,path_vertex,,,2
12366,9225.6,2669.02,path_vertex,,,2
12367,9225.81,2451.0,path_vertex,,,2
12368,9227.0,3337.0,sea_point,3901,Arabian Sea,6
12369,9227.0,3853.0,sea_point,6361,Arabian Sea,6
12370,9227.0,4508.0,sea_point,7468,Indian Ocean,7
12371,9227.03,1543.47,path_vertex,,,2
12372,9228.0,2406.0,province_center,2453,Kashgar,7
12373,9228.0,2788.0,province_center,2142,Bannu,4
12374,9229.62,2072.92,path_vertex,,,2
12375,9231.0,3273.0,sea_point,3900,Arabian Sea,3
12376,9231.26,2769.07,path_vertex,,,2
12377,9232.51,2056.52,path_vertex,,,2
12378,9233.0,2967.0,province_center,2143,Multan,4
12379,9233.07,2197.83,path_vertex,,,2
12380,9234.0,2738.0,province_center,2083,Reshawar,5
12381,9234.0,3110.71,path_vertex,,,2
12382,9235.0,4336.0,sea_point,7100,Indian Ocean,6
12383,9235.380000000001,3330.7000000000003,path_vertex,,,2
12384,9235.45,2522.62,path_vertex,,,2
12385,9236.17,3276.4700000000003,path_vertex,,,2
12386,9236.65,2983.41,path_vertex,,,2
12387,9238.92,2954.9700000000003,path_vertex,,,2
12388,9240.51,648.0,path_vertex,,,2
12389,9241.0,3003.0,province_center,2144,Bahawalpur,5
12390,9243.39,2099.1,path_vertex,,,2
12391,9244.0,2076.0,province_center,3092,Almaty,2
12392,9247.0,2536.0,province_center,2457,Hotien,2
12393,9250.0,5366.0,sea_point,7636,Indian Ocean,4
12394,9253.32,1049.6,path_vertex,,,2
12395,9254.53,3204.23,path_vertex,,,2
12396,9256.94,2977.42,path_vertex,,,2
12397,9257.11,2295.41,path_vertex,,,2
12398,9258.0,2069.0,path_vertex,,,2
12399,9258.460000000001,1355.79,path_vertex,,,2
12400,9259.0,2510.0,path_vertex,,,2
12401,9259.2,3160.4,path_vertex,,,2
12402,9263.800000000001,951.6,path_vertex,,,2
12403,9265.0,3371.0,sea_point,4103,Persian Gulf,2
12404,9265.24,3245.4900000000002,path_vertex,,,2
12405,9265.84,3078.12,path_vertex,,,2
12406,9266.0,2900.0,province_center,2140,Jhang Maghiana,5
12407,9266.0,3619.0,sea_point,5908,Arabian Sea,6
12408,9266.0,4742.0,sea_point,7552,Indian Ocean,6
12409,9266.0,5085.0,sea_point,7629,Indian Ocean,6
12410,9267.28,2540.04,path_vertex,,,2
12411,9267.94,1821.98,path_vertex,,,2
12412,9268.27,2462.6,path_vertex,,,2
12413,9270.0,755.0,path_vertex,,,2
12414,9270.47,1905.48,path_vertex,,,2
12415,9272.0,2236.0,province_center,3138,At-Bashy,5
12416,9273.0,3300.0,province_center,2236,Rajkot,4
12417,9274.050000000001,2016.63,path_vertex,,,2
12418,9276.23,2120.36,path_vertex,,,2
12419,9278.0,1497.0,path_vertex,,,2
12420,9280.300000000001,3276.86,path_vertex,,,2
12421,9281.03,1372.68,path_vertex,,,2
12422,9283.0,3153.0,province_center,2153,Barmer,5
12423,9285.25,3076.4500000000003,path_vertex,,,2
12424,9285.33,2675.67,path_vertex,,,2
12425,9287.0,620.0,path_vertex,,,2
12426,9291.0,1420.05,path_vertex,,,2
12427,9292.0,1685.0,province_center,3090,Pavlodar,7
12428,9292.26,3118.0,path_vertex,,,2
12429,9292.4,2771.6,path_vertex,,,3
12430,9292.41,2201.14,path_vertex,,,2
12431,9292.78,3198.16,path_vertex,,,2
12432,9295.0,2050.0,province_center,3104,Talgar,7
12433,9295.03,3063.69,path_vertex,,,2
12434,9296.0,3219.0,province_center,2240,Patan,7
12435,9297.0,3962.0,sea_point,6366,Arabian Sea,6
12436,9297.0,4617.0,sea_point,7551,Indian Ocean,5
12437,9297.0,5210.0,sea_point,7696,Indian Ocean,6
12438,9299.57,3288.1,path_vertex,,,2
12439,9302.0,392.0,sea_point,8299,Kara Sea,4
12440,9302.0,739.0,province_center,2858,Urengoy,3
12441,9302.0,3072.0,province_center,2154,Kishangarh,6
12442,9302.7,2768.78,path_vertex,,,2
12443,9304.16,721.12,path_vertex,,,2
12444,9305.0,1193.0,province_center,2862,Nizhnevartovsk,2
12445,9305.0,1495.0,province_center,2909,Tatarsk,4
12446,9305.550000000001,2317.66,path_vertex,,,2
12447,9306.0,2549.0,province_center,2458,Yutien,7
12448,9306.0,2650.0,province_center,2131,Gilgit,6
12449,9306.0,2738.4500000000003,path_vertex,,,2
12450,9306.050000000001,2601.68,path_vertex,,,2
12451,9306.44,2880.75,path_vertex,,,2
12452,9306.5,3237.5,path_vertex,,,2
12453,9306.9,758.24,path_vertex,,,2
12454,9307.5,2745.5,path_vertex,,,2
12455,9308.49,2984.9500000000003,path_vertex,,,2
12456,9309.0,697.0,province_center,2873,Khalmer-Sede,6
12457,9309.0,2406.35,path_vertex,,,2
12458,9310.0,312.0,sea_point,8298,Kara Sea,3
12459,9311.04,1468.72,path_vertex,,,2
12460,9311.82,1650.74,path_vertex,,,2
12461,9312.1,2067.0,path_vertex,,,2
12462,9313.0,814.0,province_center,2856,Tarko-Sale,6
12463,9313.0,3744.0,sea_point,5920,Arabian Sea,6
12464,9314.0,1517.0,path_vertex,,,2
12465,9314.42,2668.0,path_vertex,,,2
12466,9315.0,504.0,sea_point,4193,Kara Sea,5
12467,9315.24,1138.64,path_vertex,,,2
12468,9315.66,2261.02,path_vertex,,,2
12469,9316.0,3251.0,province_center,2235,Ahmedabad,2
12470,9317.0,2914.61,path_vertex,,,2
12471,9317.550000000001,2962.9700000000003,path_vertex,,,2
12472,9318.5,1248.22,path_vertex,,,2
12473,9320.51,3058.46,path_vertex,,,2
12474,9321.0,2761.0,province_center,2132,Rawalpindi,3
12475,9321.0,3365.0,sea_point,3903,Arabian Sea,5
12476,9324.53,2782.37,path_vertex,,,2
12477,9324.77,3197.54,path_vertex,,,2
12478,9325.53,3086.12,path_vertex,,,2
12479,9326.0,1077.0,province_center,2880,Nowoagansk,5
12480,9326.65,1498.89,path_vertex,,,2
12481,9328.0,1392.0,province_center,2910,Kyshtovka,4
12482,9330.33,848.07,path_vertex,,,2
12483,9330.5,2752.5,path_vertex,,,2
12484,9331.52,3264.79,path_vertex,,,2
12485,9332.62,743.92,path_vertex,,,2
12486,9334.93,3139.5,path_vertex,,,2
12487,9336.0,4414.0,sea_point,7250,Indian Ocean,6
12488,9336.09,1359.18,path_vertex,,,2
12489,9336.61,2481.0,path_vertex,,,2
12490,9337.0,2977.0,province_center,2150,Bahawalnagar,6
12491,9337.0,3270.0,province_center,2239,Nadiad,6
12492,9337.5,3067.5,path_vertex,,,2
12493,9338.0,2864.0,province_center,2133,Lahore,5
12494,9340.0,3094.0,province_center,2152,Jodhpur,3
12495,9340.9,2963.12,path_vertex,,,2
12496,9341.07,2656.83,path_vertex,,,2
12497,9344.0,4898.0,sea_point,7625,Indian Ocean,6
12498,9344.78,1694.38,path_vertex,,,2
12499,9345.23,2888.4900000000002,path_vertex,,,2
12500,9347.0,1586.0,province_center,2911,Karasuk,6
12501,9347.0,2737.0,province_center,2090,Abbottabad,5
12502,9347.710000000001,2000.42,path_vertex,,,2
12503,9347.800000000001,3242.76,path_vertex,,,2
12504,9348.0,2103.0,province_center,3137,Przhevalsk,6
12505,9351.0,3328.0,sea_point,4106,Persian Gulf,2
12506,9351.6,1951.0,path_vertex,,,2
12507,9352.39,3286.4,path_vertex,,,2
12508,9354.77,3084.52,path_vertex,,,2
12509,9354.800000000001,3242.2000000000003,path_vertex,,,2
12510,9354.95,3030.54,path_vertex,,,2
12511,9355.0,2925.0,province_center,2149,Kasur,5
12512,9355.34,3110.14,path_vertex,,,2
12513,9358.0,3292.0,sea_point,3902,Arabian Sea,4
12514,9359.0,3396.0,sea_point,4107,Persian Gulf,2
12515,9360.0,4243.0,sea_point,6664,Indian Ocean,6
12516,9360.210000000001,1754.96,path_vertex,,,2
12517,9361.0,1249.0,province_center,2901,Alexandrovskoye,4
12518,9361.0,3430.0,sea_point,3904,Arabian Sea,4
12519,9362.5,2982.5,path_vertex,,,2
12520,9364.050000000001,3217.02,path_vertex,,,2
12521,9365.0,3362.0,sea_point,3905,Arabian Sea,4
12522,9366.47,2229.17,path_vertex,,,2
12523,9367.0,4102.0,sea_point,6375,Indian Ocean,7
12524,9367.68,2614.0,path_vertex,,,2
12525,9369.0,2406.0,province_center,2473,Bashi,6
12526,9369.0,3472.0,sea_point,3906,Arabian Sea,5
12527,9370.59,2868.3,path_vertex,,,2
12528,9372.550000000001,2332.14,path_vertex,,,2
12529,9373.18,3430.23,path_vertex,,,2
12530,9374.0,2285.0,province_center,2452,Aqsu,6
12531,9374.0,3128.0,province_center,2175,Marwar,7
12532,9374.95,3181.75,path_vertex,,,3
12533,9375.050000000001,1016.85,path_vertex,,,2
12534,9376.1,716.9,path_vertex,,,2
12535,9377.0,2899.01,path_vertex,,,2
12536,9380.0,3349.01,path_vertex,,,2
12537,9380.800000000001,1422.8500000000001,path_vertex,,,3
12538,9381.16,3469.16,path_vertex,,,2
12539,9381.29,3288.29,path_vertex,,,2
12540,9381.960000000001,3097.48,path_vertex,,,2
12541,9382.92,2962.08,path_vertex,,,2
12542,9383.0,3853.0,sea_point,5935,Arabian Sea,7
12543,9384.04,781.02,path_vertex,,,2
12544,9384.26,2706.2200000000003,path_vertex,,,2
12545,9386.0,3552.0,sea_point,3907,Arabian Sea,3
12546,9387.0,3467.0,province_center,2205,Bombay,4
12547,9387.14,3217.37,path_vertex,,,2
12548,9389.02,3447.57,path_vertex,,,2
12549,9389.59,1901.0,path_vertex,,,2
12550,9390.12,2068.33,path_vertex,,,2
12551,9391.0,3060.0,province_center,2157,Nagaur,6
12552,9391.0,3429.0,province_center,2206,Jawhar,6
12553,9391.0,4773.0,sea_point,7553,Indian Ocean,7
12554,9391.0,5304.0,sea_point,7755,Indian Ocean,5
12555,9391.58,3277.33,path_vertex,,,2
12556,9392.52,3387.0,path_vertex,,,2
12557,9393.0,1956.0,province_center,3105,Taldy-Kurgan,6
12558,9393.0,3336.0,province_center,2237,Surat,5
12559,9393.77,2810.84,path_vertex,,,2
12560,9394.91,3483.11,path_vertex,,,2
12561,9395.78,2538.33,path_vertex,,,2
12562,9397.0,3551.0,path_vertex,,,2
12563,9398.35,2475.65,path_vertex,,,2
12564,9399.0,429.0,sea_point,4190,Kara Sea,5
12565,9399.0,2871.0,province_center,2165,Amritsar,7
12566,9399.0,5038.0,sea_point,7693,Indian Ocean,6
12567,9399.33,3027.67,path_vertex,,,2
12568,9400.0,985.0,province_center,2877,Tolka,5
12569,9400.99,1651.0,path_vertex,,,2
12570,9402.0,489.0,sea_point,4191,Kara Sea,3
12571,9402.39,3146.35,path_vertex,,,2
12572,9403.61,2934.39,path_vertex,,,2
12573,9406.0,4524.0,sea_point,7370,Indian Ocean,6
12574,9406.94,2768.89,path_vertex,,,2
12575,9407.0,2753.0,province_center,2126,Srinagar,2
12576,9407.0,2995.0,province_center,2174,Bikaner,7
12577,9407.0,5171.0,sea_point,8133,Indian Ocean,6
12578,9407.17,3472.07,path_vertex,,,2
12579,9409.0,3452.0,path_vertex,,,2
12580,9410.0,2795.0,province_center,2127,Jammu,4
12581,9411.51,2839.44,path_vertex,,,2
12582,9411.89,2728.2200000000003,path_vertex,,,2
12583,9412.5,2135.02,path_vertex,,,2
12584,9413.01,3294.05,path_vertex,,,2
12585,9413.39,3108.9,path_vertex,,,2
12586,9417.0,3155.0,province_center,2156,Udaipur,5
12587,9418.09,3212.4300000000003,path_vertex,,,2
12588,9418.24,1927.49,path_vertex,,,2
12589,9418.85,1466.68,path_vertex,,,2
12590,9418.86,2273.67,path_vertex,,,2
12591,9419.0,2232.0,path_vertex,,,2
12592,9419.0,3280.0,province_center,2238,Baroda,6
12593,9419.0,3631.0,sea_point,3908,Arabian Sea,5
12594,9421.0,1818.0,province_center,3088,Semipalatinsk,6
12595,9422.0,280.0,sea_point,6196,Kara Sea,5
12596,9423.0,2535.0,province_center,2454,Niya,7
12597,9423.0,2672.0,province_center,2130,Astor,6
12598,9424.74,3076.26,path_vertex,,,2
12599,9425.0,515.0,sea_point,3975,Bay of Kiel,2
12600,9425.01,2613.11,path_vertex,,,2
12601,9425.32,2048.28,path_vertex,,,2
12602,9425.65,1679.6000000000001,path_vertex,,,2
12603,9426.0,3476.0,province_center,2207,Poona,4
12604,9427.460000000001,3037.2400000000002,path_vertex,,,2
12605,9427.97,1035.3600000000001,path_vertex,,,2
12606,9428.04,1557.2,path_vertex,,,2
12607,9428.85,3505.71,path_vertex,,,2
12608,9430.0,3978.0,sea_point,5948,Arabian Sea,6
12609,9430.64,1116.03,path_vertex,,,2
12610,9431.0,3547.0,province_center,2221,Kolhapur,4
12611,9431.92,3625.84,path_vertex,,,2
12612,9432.43,975.3100000000001,path_vertex,,,2
12613,9433.17,2324.29,path_vertex,,,2
12614,9433.19,2910.39,path_vertex,,,2
12615,9433.73,3124.53,path_vertex,,,2
12616,9435.4,2210.65,path_vertex,,,3
12617,9438.0,4648.0,sea_point,7470,Indian Ocean,6
12618,9439.48,837.76,path_vertex,,,2
12619,9442.800000000001,2423.81,path_vertex,,,2
12620,9445.95,2679.4700000000003,path_vertex,,,2
12621,9446.42,2974.81,path_vertex,,,2
12622,9451.08,2009.89,path_vertex,,,2
12623,9452.0,3089.0,province_center,2158,Ajmer,7
12624,9453.0,4336.0,sea_point,6902,Indian Ocean,5
12625,9453.52,1796.44,path_vertex,,,2
12626,9457.6,1826.7,path_vertex,,,2
12627,9458.0,571.0,sea_point,6783,Yunisei,2
12628,9458.49,2229.57,path_vertex,,,2
12629,9459.14,3357.7200000000003,path_vertex,,,2
12630,9461.0,582.0,sea_point,6784,Yunisei,2
12631,9464.0,742.0,province_center,2879,Krasnoselkup,5
12632,9466.18,3588.0,path_vertex,,,2
12633,9467.0,3738.0,sea_point,3909,Arabian Sea,5
12634,9467.03,3402.69,path_vertex,,,2
12635,9468.300000000001,1449.1000000000001,path_vertex,,,2
12636,9469.0,4929.0,sea_point,7690,Indian Ocean,5
12637,9472.91,3022.44,path_vertex,,,2
12638,9473.76,3304.86,path_vertex,,,2
12639,9474.0,2165.0,province_center,2451,Ningyuan,6
12640,9474.57,3083.41,path_vertex,,,2
12641,9475.0,2959.0,province_center,2173,Hissar,6
12642,9475.710000000001,3493.29,path_vertex,,,2
12643,9478.0,3735.65,path_vertex,,,2
12644,9480.0,536.0,sea_point,4192,Kara Sea,3
12645,9480.0,3604.0,province_center,2222,Dharwar,6
12646,9480.08,2792.13,path_vertex,,,2
12647,9480.36,832.26,path_vertex,,,2
12648,9481.83,3456.81,path_vertex,,,2
12649,9484.06,3673.41,path_vertex,,,2
12650,9484.5,3051.5,path_vertex,,,2
12651,9485.0,1456.0,province_center,2904,Novosibirsk,3
12652,9485.0,2256.0,province_center,2459,Kucha,7
12653,9485.210000000001,2816.0,path_vertex,,,2
12654,9485.45,3183.7000000000003,path_vertex,,,2
12655,9486.39,2868.92,path_vertex,,,2
12656,9486.75,3298.75,path_vertex,,,2
12657,9487.960000000001,1477.67,path_vertex,,,2
12658,9488.56,3248.4500000000003,path_vertex,,,2
12659,9490.4,3105.2000000000003,path_vertex,,,2
12660,9491.0,2168.0,path_vertex,,,2
12661,9491.0,3732.0,province_center,2214,Mangalore,4
12662,9491.01,1154.48,path_vertex,,,2
12663,9493.0,3079.0,province_center,2151,Jaipur,3
12664,9493.17,3196.67,path_vertex,,,2
12665,9493.460000000001,2648.69,path_vertex,,,2
12666,9495.85,996.45,path_vertex,,,2
12667,9496.43,1965.7,path_vertex,,,2
12668,9496.67,2477.42,path_vertex,,,2
12669,9497.0,1836.0,province_center,3094,Oskemen,5
12670,9497.14,2226.28,path_vertex,,,2
12671,9498.0,1531.0,province_center,2905,Barnaul,5
12672,9498.45,2155.4,path_vertex,,,2
12673,9498.48,2124.95,path_vertex,,,2
12674,9499.0,3129.9,path_vertex,,,2
12675,9499.01,3000.89,path_vertex,,,2
12676,9499.86,2336.25,path_vertex,,,2
12677,9499.89,1043.22,path_vertex,,,2
12678,9500.84,3336.55,path_vertex,,,2
12679,9501.0,953.0,province_center,2872,Kikkiakki,5
12680,9502.7,3091.9,path_vertex,,,2
12681,9505.75,2153.03,path_vertex,,,2
12682,9506.0,677.0,sea_point,6789,Yunisei,2
12683,9506.81,547.86,path_vertex,,,2
12684,9506.92,3065.38,path_vertex,,,2
12685,9507.0,714.0,sea_point,6790,Yunisei,2
12686,9507.44,1452.08,path_vertex,,,2
12687,9508.0,5109.0,sea_point,7751,Indian Ocean,5
12688,9510.0,611.0,sea_point,6785,Yunisei,2
12689,9510.0,5278.0,sea_point,8132,Indian Ocean,5
12690,9513.0,725.0,sea_point,6791,Yunisei,2
12691,9513.0,740.0,sea_point,6792,Yunisei,2
12692,9513.74,1803.8600000000001,path_vertex,,,2
12693,9514.0,3605.0,path_vertex,,,2
12694,9516.0,3507.0,province_center,2224,Pandhapur,6
12695,9516.0,3823.0,sea_point,3910,Arabian Sea,4
12696,9516.0,4212.0,sea_point,6383,Indian Ocean,6
12697,9517.0,3549.5,path_vertex,,,2
12698,9519.0,750.0,sea_point,6793,Yunisei,2
12699,9519.0,1148.0,province_center,2871,Korliki,5
12700,9519.0,2169.0,province_center,2467,Tsingho,5
12701,9519.550000000001,3183.0,path_vertex,,,2
12702,9519.630000000001,2886.63,path_vertex,,,2
12703,9522.0,2164.0,path_vertex,,,2
12704,9522.0,2791.0,province_center,2128,Chamba,4
12705,9522.02,3451.4300000000003,path_vertex,,,2
12706,9523.0,3232.0,province_center,2164,Ratlam,7
12707,9523.0,4071.0,sea_point,5961,Laccadive Sea,6
12708,9523.0,4446.0,sea_point,7105,Indian Ocean,6
12709,9524.62,975.76,path_vertex,,,2
12710,9524.89,3822.36,path_vertex,,,2
12711,9525.0,2078.0,province_center,2468,Shawan,6
12712,9526.12,2988.18,path_vertex,,,2
12713,9527.0,628.0,sea_point,6786,Yunisei,2
12714,9527.0,2704.0,province_center,2129,Leh,3
12715,9527.0,3045.0,province_center,2155,Alwar,7
12716,9527.85,2126.77,path_vertex,,,2
12717,9528.5,3636.0,path_vertex,,,2
12718,9528.69,3074.13,path_vertex,,,2
12719,9529.0,2960.52,path_vertex,,,2
12720,9529.0,3380.0,province_center,2225,Dhulia,6
12721,9530.0,2145.0,province_center,2466,Wusu,4
12722,9530.0,3120.0,province_center,2169,Kotah,7
12723,9531.9,1655.81,path_vertex,,,2
12724,9533.0,667.0,sea_point,6788,Yunisei,2
12725,9533.0,3888.0,sea_point,4109,Persian Gulf,2
12726,9533.44,3722.13,path_vertex,,,2
12727,9533.76,2319.06,path_vertex,,,2
12728,9533.92,3777.0,path_vertex,,,2
12729,9537.0,651.0,sea_point,6787,Yunisei,2
12730,9537.76,2821.0,path_vertex,,,2
12731,9538.0,3605.0,province_center,2227,Gadag,3
12732,9538.24,2604.8,path_vertex,,,2
12733,9538.32,3013.2400000000002,path_vertex,,,2
12734,9539.0,2444.0,province_center,2464,Charchan,5
12735,9539.0,4726.0,sea_point,7471,Indian Ocean,6
12736,9540.16,1905.0,path_vertex,,,2
12737,9541.62,2096.96,path_vertex,,,2
12738,9543.4,3630.2000000000003,path_vertex,,,2
12739,9545.0,2999.0,province_center,2146,Delhi,4
12740,9546.0,767.0,sea_point,6794,Yunisei,3
12741,9546.0,3649.0,path_vertex,,,3
12742,9546.62,2252.08,path_vertex,,,2
12743,9548.75,2765.5,path_vertex,,,2
12744,9550.76,2147.06,path_vertex,,,2
12745,9551.0,795.0,sea_point,6795,Yunisei,2
12746,9551.0,1729.0,province_center,2907,Onguday,8
12747,9552.380000000001,3231.91,path_vertex,,,2
12748,9552.77,2211.0,path_vertex,,,2
12749,9553.0,1307.0,province_center,2900,Kolpashevo,3
12750,9553.0,2367.0,path_vertex,,,2
12751,9553.19,3159.55,path_vertex,,,2
12752,9554.0,812.0,sea_point,6796,Yunisei,3
12753,9555.0,4570.0,sea_point,7255,Indian Ocean,6
12754,9555.2,2163.4,path_vertex,,,2
12755,9555.65,2984.73,path_vertex,,,2
12756,9557.1,3105.67,path_vertex,,,2
12757,9557.53,1339.97,path_vertex,,,2
12758,9557.56,3405.58,path_vertex,,,2
12759,9557.78,3342.19,path_vertex,,,2
12760,9558.0,2340.0,province_center,2475,Sinping,4
12761,9558.0,3716.0,province_center,2215,Hassan,7
12762,9558.0,3926.0,sea_point,3912,Laccadive Sea,5
12763,9560.14,3448.54,path_vertex,,,2
12764,9561.0,2866.0,province_center,2171,Mandi,7
12765,9563.47,2009.19,path_vertex,,,2
12766,9564.12,2889.0,path_vertex,,,2
12767,9565.56,3924.9700000000003,path_vertex,,,2
12768,9565.57,2999.7000000000003,path_vertex,,,2
12769,9565.630000000001,2534.9700000000003,path_vertex,,,2
12770,9566.0,820.0,sea_point,6797,Yunisei,2
12771,9566.17,3774.9300000000003,path_vertex,,,2
12772,9566.39,3601.14,path_vertex,,,2
12773,9566.62,1198.48,path_vertex,,,2
12774,9567.0,441.0,sea_point,4189,Kara Sea,5
12775,9568.57,455.81,path_vertex,,,2
12776,9569.380000000001,2315.73,path_vertex,,,2
12777,9570.0,296.0,sea_point,3931,Kara Sea,4
12778,9570.0,4851.0,sea_point,7555,Indian Ocean,6
12779,9570.0,5007.0,sea_point,7692,Indian Ocean,7
12780,9570.16,1061.17,path_vertex,,,2
12781,9571.0,856.0,sea_point,6798,Yunisei,2
12782,9571.0,1438.0,province_center,2913,Bolotnoye,5
12783,9571.0,3817.0,province_center,2216,Palghat,6
12784,9572.0,2961.0,province_center,2166,Meerut,3
12785,9572.2,3511.34,path_vertex,,,2
12786,9574.0,3949.0,sea_point,4110,Persian Gulf,2
12787,9574.5,1668.9,path_vertex,,,2
12788,9575.51,3897.92,path_vertex,,,2
12789,9575.81,2683.6,path_vertex,,,2
12790,9576.0,3095.0,province_center,2168,Gwalior,4
12791,9576.0,3923.0,province_center,2212,Trivandrum,3
12792,9577.26,3287.8,path_vertex,,,2
12793,9578.0,3424.0,province_center,2228,Aurangabad,6
12794,9579.0,580.0,province_center,2882,Dudinka,4
12795,9579.15,2360.23,path_vertex,,,2
12796,9581.65,1252.55,path_vertex,,,2
12797,9582.0,1973.0,province_center,2450,Bulun Tokhoi,7
12798,9582.95,3189.55,path_vertex,,,3
12799,9583.29,3124.82,path_vertex,,,2
12800,9583.5,3632.0,path_vertex,,,2
12801,9584.5,3073.5,path_vertex,,,2
12802,9585.0,1034.0,province_center,2878,Ratta,2
12803,9586.0,2148.0,province_center,2465,Suilai,7
12804,9586.0,4321.0,sea_point,6670,Indian Ocean,7
12805,9587.0,2726.0,province_center,2287,Demchok,3
12806,9587.460000000001,2184.0,path_vertex,,,2
12807,9589.0,2796.0,path_vertex,,,2
12808,9591.14,3691.57,path_vertex,,,2
12809,9591.25,3741.51,path_vertex,,,2
12810,9591.48,3722.58,path_vertex,,,2
12811,9591.880000000001,3454.92,path_vertex,,,2
12812,9591.93,3338.23,path_vertex,,,2
12813,9592.0,2259.0,province_center,2460,Qara Shahr,8
12814,9594.0,3231.0,province_center,2170,Ujjain,5
12815,9594.31,3797.44,path_vertex,,,2
12816,9595.32,3105.62,path_vertex,,,2
12817,9597.4,3251.2000000000003,path_vertex,,,2
12818,9597.45,2029.48,path_vertex,,,2
12819,9599.0,907.0,sea_point,6801,Yunisei,2
12820,9599.550000000001,1483.8600000000001,path_vertex,,,2
12821,9600.0,3283.0,province_center,2163,Mhow,5
12822,9600.29,1730.8500000000001,path_vertex,,,2
12823,9600.300000000001,3277.32,path_vertex,,,2
12824,9601.0,3264.0,province_center,2162,Indore,3
12825,9601.0,3970.0,sea_point,3914,Laccadive Sea,6
12826,9601.0,5194.0,sea_point,7799,Indian Ocean,6
12827,9602.0,3910.0,path_vertex,,,2
12828,9603.16,1866.89,path_vertex,,,2
12829,9604.0,870.0,sea_point,6799,Yunisei,2
12830,9607.0,883.0,sea_point,6800,Yunisei,2
12831,9607.2,1400.6000000000001,path_vertex,,,2
12832,9609.0,379.0,sea_point,3980,Bay of Kiel,2
12833,9609.52,3229.61,path_vertex,,,2
12834,9610.25,1344.8500000000001,path_vertex,,,3
12835,9610.67,3256.46,path_vertex,,,2
12836,9610.9,2750.8,path_vertex,,,2
12837,9611.0,3676.0,province_center,2217,Hindupur,5
12838,9611.0,3864.0,path_vertex,,,2
12839,9612.0,1360.0,path_vertex,,,2
12840,9612.0,3707.0,path_vertex,,,2
12841,9612.0,3728.0,province_center,2203,Bangalore,4
12842,9612.15,2148.91,path_vertex,,,2
12843,9612.5,3162.5,path_vertex,,,2
12844,9613.95,2429.27,path_vertex,,,2
12845,9615.72,2333.81,path_vertex,,,2
12846,9616.06,1835.32,path_vertex,,,2
12847,9616.2,3742.6,path_vertex,,,2
12848,9618.0,920.0,sea_point,6802,Yunisei,2
12849,9618.0,3514.0,province_center,2223,Sholapur,4
12850,9620.0,1388.0,province_center,2899,Tomsk,3
12851,9620.0,2202.2000000000003,path_vertex,,,3
12852,9621.380000000001,2757.55,path_vertex,,,2
12853,9623.7,2117.1,path_vertex,,,2
12854,9623.84,682.12,path_vertex,,,2
12855,9624.23,3422.71,path_vertex,,,2
12856,9626.0,3768.0,province_center,2210,Salem,5
12857,9626.68,3627.2400000000002,path_vertex,,,2
12858,9626.77,2810.15,path_vertex,,,2
12859,9627.0,1111.0,sea_point,6977,Yunisei,2
12860,9627.0,1528.0,province_center,2912,Sheregesh,5
12861,9627.41,2170.57,path_vertex,,,2
12862,9628.0,1094.0,sea_point,6976,Yunisei,2
12863,9630.0,2149.0,province_center,2449,Urumchi,3
12864,9630.0,2660.0,province_center,2264,Rudok,5
12865,9631.0,3882.0,province_center,2211,Madura,4
12866,9634.84,3336.0,path_vertex,,,2
12867,9634.97,3515.16,path_vertex,,,2
12868,9635.0,1126.0,sea_point,6980,Yunisei,2
12869,9635.01,3286.9700000000003,path_vertex,,,2
12870,9638.0,3589.0,province_center,2226,Raichur,6
12871,9638.0,3730.0,path_vertex,,,2
12872,9638.550000000001,1416.79,path_vertex,,,2
12873,9639.0,996.0,sea_point,6966,Yunisei,2
12874,9640.0,2765.0,province_center,2265,Gartok,3
12875,9640.06,3757.2200000000003,path_vertex,,,2
12876,9641.0,1007.0,sea_point,6968,Yunisei,2
12877,9641.14,1388.02,path_vertex,,,2
12878,9642.72,3824.41,path_vertex,,,2
12879,9643.0,927.0,sea_point,6804,Yunisei,2
12880,9643.4,3843.4500000000003,path_vertex,,,3
12881,9644.0,2423.0,province_center,2474,Vash Shahri,5
12882,9644.24,1351.17,path_vertex,,,2
12883,9645.83,2593.94,path_vertex,,,2
12884,9647.630000000001,3535.69,path_vertex,,,2
12885,9649.0,3465.0,path_vertex,,,2
12886,9650.0,2948.0,province_center,2172,Kathgodam,3
12887,9651.0,744.0,province_center,2883,Igarka,4
12888,9651.0,987.0,sea_point,6962,Yunisei,2
12889,9651.0,3225.0,province_center,2161,Bhopal,5
12890,9651.0,3517.0,province_center,2204,Hyderabad,4
12891,9651.0,3670.01,path_vertex,,,2
12892,9652.67,3717.05,path_vertex,,,2
12893,9653.0,935.0,sea_point,6805,Yunisei,2
12894,9653.0,1015.0,sea_point,6969,Yunisei,2
12895,9653.0,1135.0,sea_point,6981,Yunisei,2
12896,9653.0,2559.0,province_center,2261,Lungnak,3
12897,9653.36,2169.18,path_vertex,,,2
12898,9654.0,1053.0,sea_point,6975,Yunisei,2
12899,9654.0,2754.5,path_vertex,,,2
12900,9654.0,3942.0,sea_point,4119,Persian Gulf,3
12901,9654.72,3263.64,path_vertex,,,2
12902,9655.03,2017.6100000000001,path_vertex,,,2
12903,9655.18,2968.82,path_vertex,,,2
12904,9655.52,2135.68,path_vertex,,,2
12905,9656.0,1034.0,sea_point,6974,Yunisei,2
12906,9656.0,4149.0,sea_point,5974,Laccadive Sea,6
12907,9656.0,4461.0,sea_point,7106,Indian Ocean,6
12908,9656.0,4648.0,sea_point,7374,Indian Ocean,6
12909,9657.0,3289.0,province_center,2176,Khandwa,7
12910,9657.59,2772.73,path_vertex,,,2
12911,9658.0,968.0,sea_point,6958,Yunisei,2
12912,9658.0,1143.0,sea_point,6982,Yunisei,2
12913,9660.0,5352.0,sea_point,4835,sea,6
12914,9660.380000000001,3799.38,path_vertex,,,2
12915,9661.72,1478.77,path_vertex,,,2
12916,9662.0,3003.0,province_center,2167,Bareilly,4
12917,9663.56,3196.7200000000003,path_vertex,,,2
12918,9664.800000000001,3892.6,path_vertex,,,2
12919,9665.800000000001,3618.07,path_vertex,,,2
12920,9666.0,2776.0,province_center,2288,Djiacham,4
12921,9667.48,1916.22,path_vertex,,,2
12922,9667.550000000001,2674.54,path_vertex,,,2
12923,9668.0,3732.0,province_center,2213,Vellore,7
12924,9668.19,3364.4,path_vertex,,,2
12925,9668.710000000001,3509.1800000000003,path_vertex,,,2
12926,9669.25,3524.6,path_vertex,,,2
12927,9670.0,1989.8600000000001,path_vertex,,,2
12928,9672.0,1141.0,sea_point,6983,Yunisei,2
12929,9672.0,4929.0,sea_point,7626,Indian Ocean,6
12930,9674.24,2634.66,path_vertex,,,2
12931,9675.0,3527.0,sea_point,5140,Krishna River,2
12932,9676.0,3420.0,province_center,2208,Nirmal,5
12933,9676.0,3896.0,sea_point,3915,Laccadive Sea,4
12934,9676.300000000001,3719.28,path_vertex,,,2
12935,9678.76,2213.88,path_vertex,,,2
12936,9682.0,3153.0,province_center,2160,Jhansi,4
12937,9683.210000000001,3582.7200000000003,path_vertex,,,2
12938,9683.56,2868.31,path_vertex,,,2
12939,9684.52,580.45,path_vertex,,,2
12940,9685.65,1854.45,path_vertex,,,3
12941,9686.0,2681.0,province_center,2282,Chamchu,5
12942,9687.0,3731.0,path_vertex,,,2
12943,9687.0,4773.0,sea_point,7474,Indian Ocean,6
12944,9687.66,3228.38,path_vertex,,,2
12945,9689.86,3452.0,path_vertex,,,2
12946,9690.99,3337.03,path_vertex,,,2
12947,9693.23,3157.33,path_vertex,,,2
12948,9693.91,2897.75,path_vertex,,,2
12949,9695.28,1678.51,path_vertex,,,2
12950,9695.460000000001,881.82,path_vertex,,,2
12951,9697.14,3046.71,path_vertex,,,2
12952,9699.76,3254.51,path_vertex,,,2
12953,9700.08,2664.7400000000002,path_vertex,,,2
12954,9702.44,2997.58,path_vertex,,,2
12955,9702.800000000001,2779.6,path_vertex,,,2
12956,9703.0,3354.0,province_center,2183,Nagpur,4
12957,9703.0,3529.0,sea_point,5136,Krishna River,2
12958,9703.0,3972.0,sea_point,5092,Laccadive Sea,5
12959,9703.0,5054.0,sea_point,7694,Indian Ocean,6
12960,9703.11,3292.52,path_vertex,,,2
12961,9703.130000000001,3406.52,path_vertex,,,2
12962,9704.0,2415.0,path_vertex,,,2
12963,9704.11,2815.89,path_vertex,,,2
12964,9704.380000000001,3368.66,path_vertex,,,2
12965,9704.77,3772.85,path_vertex,,,2
12966,9706.0,3939.0,sea_point,5104,Laccadive Sea,4
12967,9706.07,2359.25,path_vertex,,,2
12968,9707.0,2111.0,province_center,2470,Kitai,7
12969,9707.0,3493.0,province_center,2220,Warangal,6
12970,9707.0,3660.0,province_center,2218,Nellore,6
12971,9707.1,3703.05,path_vertex,,,2
12972,9708.0,3855.0,sea_point,3917,Laccadive Sea,3
12973,9708.04,2155.19,path_vertex,,,2
12974,9708.210000000001,3709.52,path_vertex,,,2
12975,9708.41,3618.4500000000003,path_vertex,,,2
12976,9709.0,2197.0,province_center,2461,Turfan,5
12977,9710.0,1214.0,sea_point,6989,Yunisei,2
12978,9710.97,3335.25,path_vertex,,,2
12979,9711.0,1203.0,sea_point,6988,Yunisei,2
12980,9711.0,3729.0,province_center,2202,Madras,3
12981,9712.9,2684.3,path_vertex,,,2
12982,9713.0,3399.0,province_center,2201,Chanda,4
12983,9713.16,2972.68,path_vertex,,,2
12984,9714.0,580.0,province_center,2885,Norilsk,5
12985,9714.0,1222.0,sea_point,6990,Yunisei,2
12986,9714.22,378.28000000000003,path_vertex,,,2
12987,9714.39,3935.19,path_vertex,,,2
12988,9715.0,337.0,sea_point,4188,Kara Sea,5
12989,9715.550000000001,3604.25,path_vertex,,,2
12990,9716.08,3661.31,path_vertex,,,2
12991,9716.65,3730.3,path_vertex,,,2
12992,9717.0,1146.0,sea_point,6984,Yunisei,2
12993,9718.0,1729.0,province_center,2929,Chadan,4
12994,9718.800000000001,3971.6,path_vertex,,,2
12995,9720.22,610.3000000000001,path_vertex,,,2
12996,9722.0,1391.0,province_center,2886,Nazarovo,5
12997,9722.4,2730.2000000000003,path_vertex,,,2
12998,9723.460000000001,3517.69,path_vertex,,,2
12999,9723.5,3354.5,path_vertex,,,2
13000,9724.0,1317.0,sea_point,7001,Yunisei,2
13001,9724.0,3081.0,province_center,2159,Lucknow,4
13002,9725.0,1233.0,sea_point,6991,Yunisei,2
13003,9725.0,1496.0,province_center,2903,Abakan,1
13004,9725.0,3294.0,province_center,2200,Seoni,5
13005,9725.0,3520.0,sea_point,5134,Krishna River,4
13006,9725.0,3806.0,sea_point,3916,Bay of Bengal,5
13007,9725.630000000001,3434.28,path_vertex,,,2
13008,9725.73,2276.76,path_vertex,,,2
13009,9726.0,1162.0,sea_point,6986,Yunisei,2
13010,9726.0,1191.0,sea_point,6987,Yunisei,2
13011,9726.0,1328.0,sea_point,7002,Yunisei,2
13012,9726.0,4258.0,sea_point,6385,Indian Ocean,5
13013,9726.28,3270.57,path_vertex,,,2
13014,9726.28,3523.03,path_vertex,,,2
13015,9727.0,3231.0,province_center,2192,Katni,6
13016,9727.0,3662.0,sea_point,3919,Bay of Bengal,4
13017,9727.0,3972.0,province_center,3289,Colombo,3
13018,9728.0,4042.0,sea_point,5093,Laccadive Sea,7
13019,9729.0,986.0,province_center,2890,Bor,4
13020,9730.0,3622.0,sea_point,4127,Laccadive Sea,2
13021,9730.050000000001,3989.6800000000003,path_vertex,,,2
13022,9731.0,1306.0,sea_point,7000,Yunisei,2
13023,9732.44,3383.96,path_vertex,,,2
13024,9732.45,3413.15,path_vertex,,,3
13025,9733.92,4023.89,path_vertex,,,2
13026,9734.0,1234.0,sea_point,6992,Yunisei,2
13027,9734.0,5179.0,sea_point,7753,Indian Ocean,5
13028,9734.19,3954.34,path_vertex,,,2
13029,9734.61,2576.55,path_vertex,,,2
13030,9735.0,2848.0,province_center,2283,Parka,7
13031,9735.0,4017.0,province_center,3290,Galle,3
13032,9736.45,1783.89,path_vertex,,,2
13033,9737.960000000001,3471.96,path_vertex,,,2
13034,9738.0,1331.0,sea_point,7003,Yunisei,2
13035,9738.54,1720.54,path_vertex,,,2
13036,9739.0,1267.0,sea_point,6996,Yunisei,2
13037,9739.0,1301.0,sea_point,6999,Yunisei,2
13038,9739.94,2070.18,path_vertex,,,2
13039,9740.0,1280.0,sea_point,6997,Yunisei,2
13040,9740.0,2689.0,province_center,2268,Shazia,4
13041,9741.0,3730.0,sea_point,3918,Bay of Bengal,5
13042,9741.6,2706.8,path_vertex,,,2
13043,9742.62,2796.0,path_vertex,,,2
13044,9743.23,2114.15,path_vertex,,,2
13045,9744.0,1255.0,sea_point,6993,Yunisei,2
13046,9744.0,1287.0,sea_point,6998,Yunisei,2
13047,9744.050000000001,3027.02,path_vertex,,,2
13048,9744.98,2666.89,path_vertex,,,2
13049,9744.99,1674.1200000000001,path_vertex,,,2
13050,9746.0,2764.0,province_center,2285,Selipuk,6
13051,9746.0,3522.0,sea_point,5131,Krishna River,2
13052,9747.0,3572.0,province_center,2219,Masulipatam,5
13053,9747.12,3198.13,path_vertex,,,2
13054,9748.0,2408.0,province_center,2456,Chochiang,4
13055,9748.0,3420.1800000000003,path_vertex,,,2
13056,9748.0,3916.0,province_center,3288,Vavuniya,4
13057,9748.710000000001,2232.67,path_vertex,,,2
13058,9748.72,2932.0,path_vertex,,,2
13059,9749.0,1344.0,sea_point,7004,Yunisei,2
13060,9753.880000000001,3586.19,path_vertex,,,2
13061,9755.04,3969.28,path_vertex,,,2
13062,9756.0,3181.0,province_center,2191,Rewah,5
13063,9757.0,2990.0,province_center,2229,Sil Garhi,6
13064,9757.0,3594.0,sea_point,3920,Bay of Bengal,4
13065,9757.0,4383.0,sea_point,6906,Indian Ocean,6
13066,9757.0,4539.0,sea_point,7254,Indian Ocean,6
13067,9757.39,3082.27,path_vertex,,,2
13068,9758.15,3342.9500000000003,path_vertex,,,2
13069,9759.0,1853.0,province_center,2437,Ulgii,7
13070,9762.0,3521.0,sea_point,5130,Krishna River,2
13071,9762.36,2364.51,path_vertex,,,2
13072,9763.0,2582.0,province_center,2262,Lashung,6
13073,9763.0,3498.25,path_vertex,,,2
13074,9763.7,3159.9,path_vertex,,,2
13075,9764.08,2154.14,path_vertex,,,2
13076,9765.1,2687.76,path_vertex,,,2
13077,9766.0,3355.0,province_center,2182,Raipur,6
13078,9768.0,1351.0,sea_point,7005,Yunisei,2
13079,9768.97,3298.2400000000002,path_vertex,,,2
13080,9770.0,3141.0,province_center,2177,Allahbad,3
13081,9771.0,1706.0,province_center,2930,Shagonar,6
13082,9773.89,1939.67,path_vertex,,,2
13083,9774.12,2822.61,path_vertex,,,2
13084,9775.0,1370.0,sea_point,7006,Yunisei,2
13085,9775.0,2652.0,path_vertex,,,2
13086,9775.0,3125.5,path_vertex,,,2
13087,9776.0,2746.4700000000003,path_vertex,,,2
13088,9776.06,3906.28,path_vertex,,,2
13089,9776.45,3535.9,path_vertex,,,2
13090,9778.0,3534.0,sea_point,5125,Krishna River,4
13091,9778.28,3401.4700000000003,path_vertex,,,2
13092,9779.78,3532.94,path_vertex,,,2
13093,9779.880000000001,1401.89,path_vertex,,,2
13094,9779.9,2686.4500000000003,path_vertex,,,3
13095,9780.0,3566.0,sea_point,5124,Krishna River,2
13096,9782.44,3265.26,path_vertex,,,2
13097,9783.19,3208.7200000000003,path_vertex,,,2
13098,9783.95,1781.55,path_vertex,,,2
13099,9785.0,2011.0,province_center,2471,Guntamga,5
13100,9787.0,3436.0,province_center,2184,Jagdalpur,6
13101,9787.52,3166.79,path_vertex,,,2
13102,9789.0,3573.0,sea_point,5119,Bay of Bengal,3
13103,9789.0,4664.0,sea_point,7375,Indian Ocean,7
13104,9789.0,4851.0,sea_point,7556,Indian Ocean,6
13105,9790.0,1380.0,sea_point,7007,Yunisei,2
13106,9790.45,2961.4500000000003,path_vertex,,,2
13107,9791.56,1382.48,path_vertex,,,2
13108,9792.0,2271.0,province_center,2469,Yulghunbulak,7
13109,9792.48,3241.21,path_vertex,,,2
13110,9793.47,3143.34,path_vertex,,,2
13111,9793.880000000001,2898.84,path_vertex,,,2
13112,9794.0,3901.0,sea_point,5100,Bay of Bengal,5
13113,9794.4,2427.62,path_vertex,,,2
13114,9796.300000000001,3336.86,path_vertex,,,2
13115,9796.69,2767.62,path_vertex,,,2
13116,9796.86,2194.06,path_vertex,,,2
13117,9797.0,2733.0,province_center,2284,Nagron,4
13118,9797.6,3037.3,path_vertex,,,2
13119,9799.880000000001,2072.0,path_vertex,,,2
13120,9802.0,1667.25,path_vertex,,,2
13121,9806.98,1377.81,path_vertex,,,2
13122,9807.0,1407.0,province_center,2881,Krasnoyarsk,5
13123,9808.07,3008.1,path_vertex,,,2
13124,9809.0,1344.0,province_center,2902,Maklakovo,3
13125,9810.0,2117.0,province_center,2463,Chensi,5
13126,9810.51,1139.97,path_vertex,,,2
13127,9810.550000000001,3417.55,path_vertex,,,2
13128,9814.04,3472.17,path_vertex,,,2
13129,9814.56,1438.53,path_vertex,,,2
13130,9815.0,3358.75,path_vertex,,,2
13131,9816.0,5376.0,sea_point,4846,sea,3
13132,9817.6,1452.75,path_vertex,,,3
13133,9818.0,3244.0,province_center,2193,Sonhat,7
13134,9818.07,2000.91,path_vertex,,,2
13135,9818.74,1240.26,path_vertex,,,2
13136,9820.0,234.0,sea_point,3755,Kara Sea,4
13137,9820.0,4976.0,sea_point,7628,Indian Ocean,6
13138,9820.78,3436.56,path_vertex,,,2
13139,9821.0,2214.0,path_vertex,,,2
13140,9821.51,3056.59,path_vertex,,,2
13141,9821.84,2164.03,path_vertex,,,2
13142,9822.0,3013.0,province_center,2234,Pokhra,7
13143,9822.0,3084.0,province_center,2189,Gorakhpur,5
13144,9823.0,3999.0,sea_point,5096,Bay of Bengal,5
13145,9823.03,2751.81,path_vertex,,,2
13146,9824.550000000001,3192.0,path_vertex,,,2
13147,9825.0,1168.0,province_center,2893,Poligus,4
13148,9825.25,831.48,path_vertex,,,2
13149,9828.0,4149.0,sea_point,5975,Indian Ocean,7
13150,9828.76,3268.25,path_vertex,,,2
13151,9829.0,2926.0,province_center,2270,Tradum,5
13152,9829.0,3147.0,province_center,2190,Ghazipur,4
13153,9831.0,2190.0,province_center,2462,Hami,4
13154,9831.25,1829.1000000000001,path_vertex,,,3
13155,9832.630000000001,2987.21,path_vertex,,,2
13156,9832.65,1670.5900000000001,path_vertex,,,2
13157,9835.0,3500.0,province_center,2209,Vizagapatam,5
13158,9835.29,1634.63,path_vertex,,,2
13159,9839.36,2605.36,path_vertex,,,2
13160,9839.5,2244.17,path_vertex,,,2
13161,9841.0,3507.2400000000002,path_vertex,,,2
13162,9844.0,3305.0,province_center,2199,Raighar,6
13163,9845.61,1408.8700000000001,path_vertex,,,2
13164,9846.76,2675.55,path_vertex,,,2
13165,9848.98,1443.83,path_vertex,,,2
13166,9849.0,1662.0,province_center,2906,Kyzyl,3
13167,9849.0,2770.0,province_center,2269,Daurakpa,6
13168,9850.0,3519.0,sea_point,3921,Bay of Bengal,5
13169,9850.43,1810.93,path_vertex,,,2
13170,9851.0,5101.0,sea_point,7695,Indian Ocean,6
13171,9852.81,1364.6200000000001,path_vertex,,,2
13172,9855.27,536.41,path_vertex,,,2
13173,9856.0,2198.0,path_vertex,,,2
13174,9857.12,1945.3600000000001,path_vertex,,,2
13175,9858.84,2169.44,path_vertex,,,2
13176,9859.0,4274.0,sea_point,6669,Indian Ocean,6
13177,9859.0,4461.0,sea_point,7107,Indian Ocean,7
13178,9862.0,1705.15,path_vertex,,,2
13179,9865.43,3339.96,path_vertex,,,2
13180,9866.29,1675.82,path_vertex,,,2
13181,9866.36,3064.48,path_vertex,,,2
13182,9866.87,2910.08,path_vertex,,,2
13183,9867.0,3790.0,sea_point,5929,Bay of Bengal,6
13184,9868.94,3080.16,path_vertex,,,2
13185,9871.32,3010.88,path_vertex,,,2
13186,9871.78,1648.08,path_vertex,,,2
13187,9872.78,3036.88,path_vertex,,,2
13188,9874.0,3650.0,sea_point,5910,Bay of Bengal,8
13189,9874.0,4581.0,sea_point,8134,Indian Ocean,5
13190,9875.15,3452.0,path_vertex,,,2
13191,9877.84,2738.18,path_vertex,,,2
13192,9878.0,3362.0,province_center,2194,Baud,6
13193,9878.42,3205.21,path_vertex,,,2
13194,9880.0,2373.81,path_vertex,,,2
13195,9880.7,908.71,path_vertex,,,2
13196,9880.86,2313.33,path_vertex,,,2
13197,9881.95,3393.21,path_vertex,,,2
13198,9882.0,5226.0,sea_point,7754,Indian Ocean,6
13199,9884.4,3306.62,path_vertex,,,2
13200,9886.0,3436.0,province_center,2181,Berhampur,5
13201,9886.93,3176.78,path_vertex,,,2
13202,9887.0,3045.0,province_center,2230,Kathmandu,3
13203,9887.65,3125.63,path_vertex,,,2
13204,9888.85,641.32,path_vertex,,,2
13205,9890.0,1976.0,province_center,2438,Terper Tugrug,5
13206,9892.85,3339.4300000000003,path_vertex,,,2
13207,9893.0,2621.0,province_center,2263,Gomo,5
13208,9895.5,3267.5,path_vertex,,,2
13209,9896.0,2210.0,province_center,2455,Kushui,5
13210,9896.28,3444.37,path_vertex,,,2
13211,9896.61,3061.9,path_vertex,,,2
13212,9899.4,3042.8,path_vertex,,,2
13213,9900.81,3367.38,path_vertex,,,2
13214,9902.75,2962.36,path_vertex,,,2
13215,9903.19,2861.43,path_vertex,,,2
13216,9903.67,3243.12,path_vertex,,,2
13217,9904.0,3075.0,province_center,2232,Hariyon,5
13218,9904.0,3136.0,province_center,2178,Patna,4
13219,9904.380000000001,1816.1200000000001,path_vertex,,,2
13220,9904.61,3151.34,path_vertex,,,2
13221,9906.0,1704.0,province_center,2931,Saryg-Sep,5
13222,9906.0,3186.0,province_center,2197,Gaya,5
13223,9906.0,3452.0,sea_point,3922,Bay of Bengal,5
13224,9907.35,1926.3500000000001,path_vertex,,,2
13225,9909.39,1040.13,path_vertex,,,2
13226,9910.0,3090.4300000000003,path_vertex,,,2
13227,9912.62,1661.0900000000001,path_vertex,,,2
13228,9913.06,2790.04,path_vertex,,,2
13229,9915.0,3043.0,province_center,2233,Bhadgaon,3
13230,9918.89,3220.65,path_vertex,,,2
13231,9919.0,1615.0,province_center,2932,Toora-Chem,6
13232,9921.0,4836.0,sea_point,7380,Indian Ocean,5
13233,9921.08,3142.83,path_vertex,,,2
13234,9922.0,3243.0,province_center,2198,Ranchi,4
13235,9922.01,3393.53,path_vertex,,,2
13236,9922.95,3027.23,path_vertex,,,2
13237,9923.0,3133.0,path_vertex,,,2
13238,9924.0,3144.0,sea_point,6548,Ganga River,2
13239,9925.0,2899.0,province_center,2278,Govo,4
13240,9926.18,1547.19,path_vertex,,,2
13241,9927.0,882.0,province_center,2897,Uchami,7
13242,9929.0,4040.0,sea_point,5958,Bay of Bengal,6
13243,9929.0,4695.0,sea_point,7258,Indian Ocean,6
13244,9932.0,215.0,sea_point,6173,Kara Sea,3
13245,9932.73,2288.83,path_vertex,,,2
13246,9933.0,2455.0,province_center,2625,Wutumeirenxiang,5
13247,9933.94,3259.76,path_vertex,,,2
13248,9934.24,605.0,path_vertex,,,2
13249,9936.0,510.0,province_center,2896,Volochanka,5
13250,9936.0,3160.0,sea_point,6547,Ganga River,2
13251,9936.45,1782.68,path_vertex,,,2
13252,9936.53,2716.37,path_vertex,,,2
13253,9937.0,3900.0,sea_point,5945,Bay of Bengal,7
13254,9939.0,1405.0,province_center,2887,Ilansky,7
13255,9941.58,1115.51,path_vertex,,,2
13256,9942.380000000001,3236.08,path_vertex,,,2
13257,9943.0,2231.65,path_vertex,,,2
13258,9943.0,3376.0,province_center,2180,Cuttack,5
13259,9946.04,2408.0,path_vertex,,,2
13260,9947.47,939.0600000000001,path_vertex,,,2
13261,9947.66,3063.19,path_vertex,,,2
13262,9948.0,2984.0,province_center,2266,Ladse Dzong,6
13263,9948.86,328.0,path_vertex,,,2
13264,9949.0,317.0,sea_point,4187,Kara Sea,6
13265,9949.83,2053.83,path_vertex,,,2
13266,9951.0,1795.0,province_center,2436,Ulaangom,7
13267,9952.0,4960.0,sea_point,7477,Indian Ocean,6
13268,9955.0,2599.0,path_vertex,,,2
13269,9956.0,3141.0,province_center,2188,Monghyr,4
13270,9957.130000000001,3084.04,path_vertex,,,2
13271,9958.51,3395.58,path_vertex,,,2
13272,9958.76,3317.54,path_vertex,,,2
13273,9960.0,4165.0,sea_point,6380,Indian Ocean,7
13274,9960.0,4352.0,sea_point,6903,Indian Ocean,6
13275,9961.0,2351.0,province_center,2626,Lenghuzhen,7
13276,9961.64,1288.92,path_vertex,,,2
13277,9963.0,3302.0,province_center,2196,Daspur,7
13278,9963.0,3402.0,sea_point,3924,Bay of Bengal,4
13279,9964.57,2834.4900000000002,path_vertex,,,2
13280,9967.42,1704.21,path_vertex,,,2
13281,9967.75,1747.2,path_vertex,,,3
13282,9968.0,3160.0,sea_point,6546,Ganga River,2
13283,9969.73,3306.52,path_vertex,,,2
13284,9970.29,3120.0,path_vertex,,,2
13285,9971.03,3039.78,path_vertex,,,2
13286,9973.34,3334.7200000000003,path_vertex,,,2
13287,9976.0,3163.0,sea_point,6545,Ganga River,2
13288,9976.0,4570.0,sea_point,7111,Indian Ocean,6
13289,9977.0,2089.0,province_center,2446,Bugat,3
13290,9977.0,3169.0,sea_point,6544,Ganga River,2
13291,9977.28,3289.23,path_vertex,,,2
13292,9979.0,2809.0,province_center,2277,Darchoi,5
13293,9982.47,2907.58,path_vertex,,,2
13294,9983.0,3175.0,sea_point,6543,Ganga River,2
13295,9984.0,3556.0,sea_point,5900,Bay of Bengal,5
13296,9984.0,5085.0,sea_point,7559,Indian Ocean,6
13297,9985.1,2303.7000000000003,path_vertex,,,2
13298,9986.0,3319.0,province_center,2195,Balasore,4
13299,9989.09,3323.37,path_vertex,,,2
13300,9989.9,3128.84,path_vertex,,,2
13301,9990.0,3088.0,province_center,2231,Dhankuta,6
13302,9990.54,3301.69,path_vertex,,,2
13303,9990.960000000001,2526.11,path_vertex,,,2
13304,9991.0,3370.0,sea_point,4135,Laccadive Sea,2
13305,9991.0,3759.0,sea_point,6357,Bay of Bengal,6
13306,9992.0,3175.0,sea_point,6542,Ganga River,2
13307,9992.26,3183.08,path_vertex,,,2
13308,9997.28,2454.8,path_vertex,,,2
13309,9998.0,3156.0,sea_point,6540,Ganga River,2
13310,9998.0,3164.0,sea_point,6541,Ganga River,2
13311,9998.0,3270.0,province_center,2179,Jamshedpur,3
13312,9998.0,3336.0,sea_point,3925,Bay of Bengal,4
13313,10003.25,2010.92,path_vertex,,,2
13314,10005.35,2989.11,path_vertex,,,2
13315,10006.0,2260.0,province_center,2627,Xihuxiang,4
13316,10006.800000000001,2476.6,path_vertex,,,2
13317,10007.0,1620.07,path_vertex,,,2
13318,10009.0,3156.0,sea_point,6539,Ganga River,2
13319,10009.11,1507.79,path_vertex,,,2
13320,10009.42,1796.81,path_vertex,,,2
13321,10011.51,3223.66,path_vertex,,,2
13322,10012.12,1935.54,path_vertex,,,2
13323,10015.0,3014.0,path_vertex,,,2
13324,10015.0,3298.0,sea_point,6512,Hooghly River,2
13325,10015.0,5210.0,sea_point,7631,Indian Ocean,6
13326,10015.37,2836.63,path_vertex,,,2
13327,10016.37,704.98,path_vertex,,,2
13328,10018.0,3282.0,sea_point,6513,Hooghly River,2
13329,10020.0,3325.0,sea_point,4149,Laccadive Sea,3
13330,10022.06,2967.59,path_vertex,,,2
13331,10022.75,2816.51,path_vertex,,,2
13332,10023.17,3047.39,path_vertex,,,2
13333,10024.0,2990.0,province_center,2279,Shigatse,3
13334,10024.0,3176.0,province_center,2187,Katihar,4
13335,10024.710000000001,1691.95,path_vertex,,,2
13336,10026.0,3156.0,sea_point,6536,Ganga River,2
13337,10026.0,3271.0,sea_point,6514,Hooghly River,2
13338,10029.0,1075.0,province_center,2889,Baykit,6
13339,10029.5,3120.0,path_vertex,,,2
13340,10031.43,2042.51,path_vertex,,,2
13341,10033.0,2484.0,province_center,2635,Golmud,3
13342,10033.0,2915.0,province_center,2289,Namling,5
13343,10033.0,3265.0,sea_point,6515,Hooghly River,2
13344,10033.12,3101.07,path_vertex,,,2
13345,10033.76,2501.32,path_vertex,,,2
13346,10034.050000000001,2093.65,path_vertex,,,3
13347,10035.0,3214.0,sea_point,6517,Padma River,2
13348,10035.0,3236.0,sea_point,6516,Padma River,3
13349,10040.0,3147.0,sea_point,6535,Ganga River,2
13350,10041.0,2587.0,province_center,2636,Qumahexiang,6
13351,10041.0,3202.0,sea_point,6518,Padma River,2
13352,10041.0,4061.0,sea_point,8139,Indian Ocean,5
13353,10041.4,2999.2000000000003,path_vertex,,,2
13354,10041.81,2837.75,path_vertex,,,2
13355,10043.0,2819.0,province_center,2276,Ed Dzong,5
13356,10045.0,3287.0,province_center,2241,Calcutta,2
13357,10045.0,3329.0,sea_point,3926,Bay of Bengal,2
13358,10046.0,218.0,sea_point,3672,Kara Sea,5
13359,10046.0,4461.0,sea_point,6907,Indian Ocean,6
13360,10049.0,3243.0,sea_point,6531,Padma River,2
13361,10049.95,847.5,path_vertex,,,2
13362,10050.0,2025.0,province_center,2430,Sharga,6
13363,10050.0,3105.0,province_center,2185,Gangtok,4
13364,10052.0,3183.0,sea_point,6521,Padma River,2
13365,10052.0,3197.0,sea_point,6520,Padma River,2
13366,10052.16,2413.36,path_vertex,,,2
13367,10054.02,3160.05,path_vertex,,,2
13368,10055.0,3152.0,sea_point,6534,Ganga River,2
13369,10056.0,3006.0,province_center,2280,Gyangtse,7
13370,10056.0,3159.0,sea_point,6532,Ganga River,4
13371,10058.0,2472.0,path_vertex,,,2
13372,10059.24,3157.94,path_vertex,,,2
13373,10059.4,2002.0,path_vertex,,,3
13374,10059.5,3097.5,path_vertex,,,2
13375,10062.0,3166.0,sea_point,6522,Ganga River,2
13376,10062.0,3868.0,sea_point,8135,Bay of Bengal,5
13377,10062.0,3962.0,sea_point,6367,Bay of Bengal,7
13378,10062.0,4144.0,sea_point,8140,Indian Ocean,5
13379,10062.0,4243.0,sea_point,6665,Indian Ocean,5
13380,10062.85,2908.5,path_vertex,,,2
13381,10063.65,1911.72,path_vertex,,,2
13382,10066.800000000001,618.24,path_vertex,,,2
13383,10067.45,3249.59,path_vertex,,,2
13384,10069.0,3247.0,sea_point,6530,Padma River,4
13385,10070.67,3243.41,path_vertex,,,2
13386,10071.0,318.0,sea_point,3982,Kara Sea,2
13387,10072.72,1740.44,path_vertex,,,2
13388,10072.960000000001,2767.13,path_vertex,,,2
13389,10073.0,1623.0,province_center,2915,Nizhneudinsk,6
13390,10074.2,2022.4,path_vertex,,,2
13391,10074.460000000001,1422.73,path_vertex,,,2
13392,10075.36,3119.58,path_vertex,,,2
13393,10075.62,3045.85,path_vertex,,,2
13394,10076.0,1798.0,province_center,2435,Turuun,5
13395,10076.26,2631.79,path_vertex,,,2
13396,10077.0,3463.0,sea_point,5888,Bay of Bengal,7
13397,10077.0,3650.0,sea_point,6348,Bay of Bengal,7
13398,10077.0,4836.0,sea_point,7262,Indian Ocean,7
13399,10082.0,3219.0,province_center,2243,Bogra,3
13400,10082.58,968.79,path_vertex,,,2
13401,10084.0,3245.0,sea_point,6529,Padma River,2
13402,10085.0,4695.0,sea_point,7115,Indian Ocean,5
13403,10085.48,2496.9700000000003,path_vertex,,,2
13404,10086.23,2875.35,path_vertex,,,2
13405,10086.5,3172.0,path_vertex,,,2
13406,10088.0,3071.0,province_center,2245,Punaka,4
13407,10089.0,2273.28,path_vertex,,,2
13408,10091.29,2075.75,path_vertex,,,2
13409,10091.85,2358.73,path_vertex,,,2
13410,10091.960000000001,1941.89,path_vertex,,,2
13411,10092.0,5352.0,sea_point,4839,sea,6
13412,10093.48,2304.52,path_vertex,,,2
13413,10097.17,1888.79,path_vertex,,,2
13414,10097.23,3106.23,path_vertex,,,2
13415,10097.7,2055.78,path_vertex,,,2
13416,10098.0,2020.0,province_center,2421,Altai,2
13417,10101.0,2951.0,province_center,2271,Lhasa,1
13418,10102.33,2928.0,path_vertex,,,2
13419,10103.0,3242.0,sea_point,6528,Padma River,2
13420,10103.0,3249.0,sea_point,6527,Padma River,2
13421,10103.0,3272.0,sea_point,6523,Meghna River,2
13422,10104.0,1916.0,province_center,2447,Durvuljin,4
13423,10104.0,2899.0,province_center,2275,Phondu,4
13424,10104.0,3254.0,sea_point,6526,Padma River,2
13425,10105.0,3324.0,sea_point,4150,Laccadive Sea,3
13426,10107.0,3074.17,path_vertex,,,2
13427,10107.7,3235.3,path_vertex,,,2
13428,10107.81,3257.0,path_vertex,,,2
13429,10108.0,2276.0,province_center,2628,Yumen,3
13430,10108.0,2449.0,province_center,2595,Delhi (CN),6
13431,10108.0,4960.0,sea_point,7383,Indian Ocean,6
13432,10108.18,2558.96,path_vertex,,,2
13433,10112.0,3140.0,province_center,2186,Goalpara,5
13434,10112.0,3255.0,sea_point,6525,Padma River,4
13435,10112.0,3261.0,sea_point,6524,Meghna River,2
13436,10113.72,3253.44,path_vertex,,,2
13437,10114.0,2679.0,province_center,2624,Tanggulazhen,4
13438,10114.29,1772.6000000000001,path_vertex,,,2
13439,10117.0,2980.9,path_vertex,,,2
13440,10118.93,2650.56,path_vertex,,,2
13441,10119.0,3764.0,sea_point,8136,Bay of Bengal,5
13442,10121.49,1939.08,path_vertex,,,2
13443,10121.9,3107.9,path_vertex,,,2
13444,10122.0,3057.0,path_vertex,,,2
13445,10122.75,2018.57,path_vertex,,,2
13446,10123.0,3245.0,province_center,2242,Dacca,3
13447,10125.0,666.0,province_center,2898,Yessey,6
13448,10130.0,3077.0,province_center,2246,Bumtan,5
13449,10130.24,2523.92,path_vertex,,,2
13450,10130.4,1903.42,path_vertex,,,2
13451,10132.0,4352.0,sea_point,6673,Indian Ocean,6
13452,10132.0,4570.0,sea_point,6909,Indian Ocean,6
13453,10134.41,2117.11,path_vertex,,,2
13454,10134.5,3251.5,path_vertex,,,2
13455,10136.0,2546.0,province_center,2634,Madoi,5
13456,10137.27,721.58,path_vertex,,,2
13457,10140.0,5085.0,sea_point,7480,Indian Ocean,6
13458,10144.2,3037.6,path_vertex,,,2
13459,10146.62,3058.92,path_vertex,,,2
13460,10147.0,4071.0,sea_point,6374,Indian Ocean,7
13461,10147.82,1680.97,path_vertex,,,2
13462,10148.0,3274.0,path_vertex,,,2
13463,10149.0,2967.0,province_center,2272,Chetang,2
13464,10149.630000000001,350.42,path_vertex,,,2
13465,10156.0,3295.0,sea_point,3927,Bay of Bengal,5
13466,10156.25,2297.1,path_vertex,,,3
13467,10158.0,816.0,province_center,2894,Tura,4
13468,10158.33,3028.27,path_vertex,,,2
13469,10159.0,3098.0,path_vertex,,,2
13470,10160.0,3245.0,province_center,2244,Chandpur,3
13471,10161.0,3043.0,province_center,2273,Dhirang Dzong,4
13472,10164.04,1120.02,path_vertex,,,2
13473,10165.98,2318.89,path_vertex,,,2
13474,10167.09,361.25,path_vertex,,,2
13475,10169.0,2452.35,path_vertex,,,2
13476,10171.0,3556.0,sea_point,5901,Bay of Bengal,7
13477,10171.0,5210.0,sea_point,7562,Indian Ocean,5
13478,10173.0,322.0,province_center,2888,Syndassko,4
13479,10173.0,3965.0,sea_point,5842,Bay of Bengal,5
13480,10174.0,289.0,sea_point,4186,Kara Sea,4
13481,10174.45,2338.7000000000003,path_vertex,,,3
13482,10174.460000000001,303.51,path_vertex,,,2
13483,10175.300000000001,979.12,path_vertex,,,2
13484,10176.5,3041.0,path_vertex,,,2
13485,10176.67,2848.64,path_vertex,,,2
13486,10178.09,3285.79,path_vertex,,,2
13487,10180.51,3250.08,path_vertex,,,2
13488,10181.82,2305.71,path_vertex,,,2
13489,10183.23,1482.97,path_vertex,,,2
13490,10184.0,2013.0,province_center,2431,Delger,7
13491,10184.69,2886.81,path_vertex,,,2
13492,10186.0,3350.0,sea_point,3929,Bay of Bengal,5
13493,10186.01,2691.17,path_vertex,,,2
13494,10186.6,3303.2000000000003,path_vertex,,,2
13495,10186.86,1819.49,path_vertex,,,2
13496,10190.7,1534.0,path_vertex,,,2
13497,10191.5,2481.0,path_vertex,,,2
13498,10192.0,3303.0,province_center,2259,Chittagong,3
13499,10194.0,3853.0,sea_point,6362,Bay of Bengal,8
13500,10194.89,2067.86,path_vertex,,,2
13501,10195.0,1717.0,province_center,2917,Kyren,6
13502,10196.83,3346.57,path_vertex,,,2
13503,10199.0,2454.0,province_center,2632,Chakazhen,4
13504,10201.89,2430.65,path_vertex,,,2
13505,10202.0,3062.5,path_vertex,,,2
13506,10202.0,4243.0,sea_point,6384,Indian Ocean,7
13507,10202.0,4461.0,sea_point,6676,Indian Ocean,6
13508,10203.0,2106.0,province_center,2432,Erdene,4
13509,10206.0,2311.0,province_center,2591,Jiuquan,3
13510,10206.82,3314.55,path_vertex,,,2
13511,10208.800000000001,3290.4,path_vertex,,,2
13512,10209.880000000001,2332.16,path_vertex,,,2
13513,10211.16,2661.0,path_vertex,,,2
13514,10211.57,1934.8500000000001,path_vertex,,,2
13515,10215.0,2366.0,province_center,2629,Yanglongxiang,6
13516,10216.0,1441.0,province_center,2916,Bratsk,4
13517,10218.0,3681.0,sea_point,6351,Bay of Bengal,6
13518,10218.25,2455.84,path_vertex,,,2
13519,10221.97,1775.0,path_vertex,,,2
13520,10222.12,538.71,path_vertex,,,2
13521,10225.0,4851.0,sea_point,7120,Indian Ocean,5
13522,10226.64,339.01,path_vertex,,,2
13523,10227.0,2986.0,province_center,2274,Tsari,5
13524,10230.12,2937.81,path_vertex,,,2
13525,10231.0,3333.0,province_center,2355,Paletwa,5
13526,10231.67,2320.73,path_vertex,,,2
13527,10232.0,2879.0,province_center,2281,Lhari,5
13528,10232.6,2282.8,path_vertex,,,2
13529,10233.0,4137.0,sea_point,5860,Indian Ocean,5
13530,10233.0,4711.0,sea_point,6916,Indian Ocean,7
13531,10234.91,1726.98,path_vertex,,,2
13532,10236.0,2699.0,province_center,2610,Zadoi,3
13533,10237.0,3142.0,province_center,2248,Shillong,6
13534,10241.65,3303.0,path_vertex,,,2
13535,10247.0,1831.0,province_center,2434,Murun,7
13536,10247.2,3202.6,path_vertex,,,2
13537,10248.0,5376.0,sea_point,4849,sea,3
13538,10249.0,3609.0,sea_point,4151,Laccadive Sea,2
13539,10249.16,2072.95,path_vertex,,,2
13540,10249.79,1522.05,path_vertex,,,2
13541,10252.45,1653.6000000000001,path_vertex,,,2
13542,10253.84,797.54,path_vertex,,,2
13543,10255.49,2398.41,path_vertex,,,2
13544,10256.35,2330.9,path_vertex,,,3
13545,10257.0,4976.0,sea_point,7265,Indian Ocean,6
13546,10258.0,3932.0,sea_point,5870,Bay of Bengal,5
13547,10260.59,3092.35,path_vertex,,,2
13548,10261.0,3248.0,province_center,2249,Aijal,7
13549,10263.44,2020.18,path_vertex,,,2
13550,10265.11,725.98,path_vertex,,,2
13551,10265.630000000001,1391.0,path_vertex,,,2
13552,10266.0,1147.0,province_center,2895,Vanavara,3
13553,10269.27,3136.2000000000003,path_vertex,,,2
13554,10270.0,4043.0,sea_point,5851,Bay of Bengal,7
13555,10270.29,3389.1800000000003,path_vertex,,,2
13556,10270.52,1468.89,path_vertex,,,2
13557,10271.0,3456.0,sea_point,3930,Bay of Bengal,4
13558,10271.1,2629.76,path_vertex,,,2
13559,10271.34,3184.81,path_vertex,,,2
13560,10272.0,4352.0,sea_point,6389,Indian Ocean,6
13561,10275.5,2366.7000000000003,path_vertex,,,2
13562,10276.880000000001,3331.53,path_vertex,,,2
13563,10277.41,1917.27,path_vertex,,,2
13564,10279.76,3274.6800000000003,path_vertex,,,2
13565,10280.0,462.0,province_center,2891,Khatanga,6
13566,10280.0,4586.0,sea_point,6686,Indian Ocean,6
13567,10280.99,3248.36,path_vertex,,,2
13568,10281.5,1635.5,path_vertex,,,2
13569,10282.61,1818.72,path_vertex,,,2
13570,10283.0,391.0,path_vertex,,,3
13571,10283.0,2601.0,province_center,2633,Youyunxiang,5
13572,10283.0,3004.04,path_vertex,,,2
13573,10283.11,2138.42,path_vertex,,,2
13574,10288.0,239.0,sea_point,4185,Kara Sea,4
13575,10288.0,5101.0,sea_point,7386,Indian Ocean,6
13576,10288.02,257.27,path_vertex,,,2
13577,10292.67,2843.67,path_vertex,,,2
13578,10294.0,1858.13,path_vertex,,,2
13579,10295.0,3582.0,sea_point,4158,Laccadive Sea,2
13580,10296.65,3449.9,path_vertex,,,2
13581,10299.0,3530.0,sea_point,3933,Bay of Bengal,4
13582,10300.0,1623.0,province_center,2884,Irkutsk,4
13583,10300.97,2878.56,path_vertex,,,2
13584,10302.25,2625.0,path_vertex,,,2
13585,10302.5,915.2,path_vertex,,,2
13586,10305.41,2935.75,path_vertex,,,2
13587,10307.0,3128.0,province_center,2351,Kohima,5
13588,10309.0,4235.0,sea_point,5906,Indian Ocean,7
13589,10310.800000000001,3165.6,path_vertex,,,2
13590,10311.0,3855.0,sea_point,5876,Bay of Bengal,5
13591,10311.89,1598.65,path_vertex,,,2
13592,10312.0,2366.0,province_center,2592,Zhangye,5
13593,10312.0,3445.0,province_center,2356,Sandoway,7
13594,10314.0,2024.0,province_center,2439,Bayankhongor,8
13595,10314.0,3183.0,province_center,2250,Imphal,3
13596,10315.4,1648.8,path_vertex,,,2
13597,10316.12,1231.93,path_vertex,,,2
13598,10316.34,2383.28,path_vertex,,,2
13599,10316.95,3060.79,path_vertex,,,2
13600,10317.5,3530.5,path_vertex,,,2
13601,10317.58,3366.52,path_vertex,,,2
13602,10318.67,2499.89,path_vertex,,,2
13603,10319.0,5226.0,sea_point,7484,Indian Ocean,8
13604,10320.0,2087.57,path_vertex,,,2
13605,10320.0,3329.0,province_center,2359,Pakokku,6
13606,10320.9,3476.4900000000002,path_vertex,,,2
13607,10322.4,3202.8,path_vertex,,,2
13608,10323.0,2154.0,province_center,2433,Khatansuudal,4
13609,10323.0,3016.0,province_center,2252,Dibrugarh,6
13610,10323.95,2565.55,path_vertex,,,3
13611,10326.01,671.69,path_vertex,,,2
13612,10329.380000000001,2602.62,path_vertex,,,2
13613,10332.0,2460.0,province_center,2638,Niandixiang,7
13614,10333.710000000001,3273.96,path_vertex,,,2
13615,10336.0,3531.0,province_center,2258,Bassein,5
13616,10336.69,1626.51,path_vertex,,,2
13617,10337.62,3187.6,path_vertex,,,2
13618,10338.4,3110.8,path_vertex,,,2
13619,10339.0,4131.0,sea_point,5911,Indian Ocean,5
13620,10340.0,3247.0,province_center,2350,Yeu,7
13621,10342.0,4461.0,sea_point,6399,Indian Ocean,6
13622,10342.29,3045.9,path_vertex,,,2
13623,10344.0,3591.0,path_vertex,,,2
13624,10345.51,3378.81,path_vertex,,,2
13625,10346.0,3606.0,sea_point,3934,Bay of Bengal,7
13626,10346.93,1947.0,path_vertex,,,2
13627,10347.65,3167.41,path_vertex,,,2
13628,10349.0,778.0,province_center,2892,Ekonda,7
13629,10351.0,3942.0,sea_point,5894,Bay of Bengal,6
13630,10353.800000000001,2471.6,path_vertex,,,2
13631,10355.0,1300.0,province_center,2922,Tokma,6
13632,10356.45,3363.75,path_vertex,,,2
13633,10358.0,3744.0,sea_point,5921,Bay of Bengal,8
13634,10358.53,1131.38,path_vertex,,,2
13635,10358.94,3318.08,path_vertex,,,2
13636,10359.0,2694.0,province_center,2609,Yushu,2
13637,10359.17,1439.23,path_vertex,,,2
13638,10359.380000000001,3297.08,path_vertex,,,2
13639,10359.73,2371.59,path_vertex,,,2
13640,10361.0,1515.0,province_center,2923,Zhigalovo,5
13641,10362.0,2801.0,province_center,2541,Qamdo,2
13642,10365.5,3269.5,path_vertex,,,2
13643,10365.800000000001,2655.52,path_vertex,,,2
13644,10366.0,1901.0,province_center,2440,Bulgan,4
13645,10366.26,2556.68,path_vertex,,,2
13646,10366.82,2498.71,path_vertex,,,2
13647,10368.630000000001,3212.19,path_vertex,,,2
13648,10369.0,227.0,sea_point,3985,Kara Sea,3
13649,10369.0,1980.9,path_vertex,,,2
13650,10371.0,3090.0,province_center,2354,Mogaung,5
13651,10371.18,2948.02,path_vertex,,,2
13652,10373.5,2394.5,path_vertex,,,2
13653,10374.0,2603.0,province_center,2630,Golog,4
13654,10374.300000000001,3428.08,path_vertex,,,2
13655,10377.0,2484.0,province_center,2637,Hainan,4
13656,10377.84,3160.7000000000003,path_vertex,,,2
13657,10379.0,3283.0,province_center,2253,Mandalay,4
13658,10379.0,3311.0,province_center,2349,Kyaukse,7
13659,10379.72,3297.96,path_vertex,,,2
13660,10379.94,3005.05,path_vertex,,,2
13661,10380.2,1831.0,path_vertex,,,2
13662,10380.29,2076.82,path_vertex,,,2
13663,10381.0,2103.0,path_vertex,,,2
13664,10381.0,3196.0,province_center,2352,Katha,7
13665,10381.0,4851.0,sea_point,6922,Indian Ocean,6
13666,10381.26,3374.63,path_vertex,,,2
13667,10382.9,3469.15,path_vertex,,,2
13668,10382.97,2439.41,path_vertex,,,2
13669,10385.0,4356.0,sea_point,5943,Indian Ocean,6
13670,10385.58,3263.94,path_vertex,,,2
13671,10388.0,2374.0,province_center,2593,Jinchang,3
13672,10388.98,1543.58,path_vertex,,,2
13673,10389.0,3850.0,sea_point,8486,Bay of Bengal,6
13674,10389.0,4711.0,sea_point,6691,Indian Ocean,6
13675,10390.0,4050.0,sea_point,5132,Bay of Bengal,4
13676,10391.960000000001,2839.33,path_vertex,,,2
13677,10394.61,3053.41,path_vertex,,,2
13678,10396.18,3534.26,path_vertex,,,2
13679,10397.0,2089.0,province_center,2444,Mandal-Ovoo,4
13680,10398.73,2464.62,path_vertex,,,2
13681,10400.51,3283.61,path_vertex,,,2
13682,10401.34,1236.02,path_vertex,,,2
13683,10401.47,2186.25,path_vertex,,,2
13684,10404.2,3513.6,path_vertex,,,2
13685,10404.65,4044.05,path_vertex,,,2
13686,10405.0,3571.0,sea_point,3935,Bay of Bengal,4
13687,10405.15,2390.77,path_vertex,,,2
13688,10405.5,3354.5,path_vertex,,,2
13689,10406.79,2499.75,path_vertex,,,2
13690,10408.0,2341.0,path_vertex,,,3
13691,10408.76,2557.33,path_vertex,,,2
13692,10408.97,2046.55,path_vertex,,,2
13693,10409.06,3543.0,path_vertex,,,2
13694,10409.130000000001,3088.96,path_vertex,,,2
13695,10410.07,2115.25,path_vertex,,,2
13696,10411.0,3417.0,province_center,2260,Pyinmana,7
13697,10411.0,3534.0,province_center,2247,Rangoon,3
13698,10411.0,3646.0,sea_point,5211,Bay of Bengal,6
13699,10411.53,1904.38,path_vertex,,,2
13700,10413.0,4976.0,sea_point,7123,Indian Ocean,6
13701,10414.0,3368.0,province_center,2358,Yamethin,3
13702,10414.0,3383.0,path_vertex,,,2
13703,10414.0,4046.0,province_center,2658,Banda Aceh,3
13704,10414.77,710.01,path_vertex,,,2
13705,10414.77,3241.86,path_vertex,,,2
13706,10415.0,4016.0,sea_point,5133,Bay of Bengal,6
13707,10415.6,1429.48,path_vertex,,,2
13708,10416.0,1771.0,province_center,2920,Kyakhta,7
13709,10416.0,5376.0,sea_point,4855,sea,4
13710,10416.04,3457.32,path_vertex,,,2
13711,10416.56,3155.78,path_vertex,,,2
13712,10416.79,3520.48,path_vertex,,,2
13713,10417.97,3193.9300000000003,path_vertex,,,2
13714,10420.0,2876.0,province_center,2564,Zogang,6
13715,10422.0,3510.0,province_center,2357,Pegu,6
13716,10423.15,563.96,path_vertex,,,2
13717,10424.0,2360.0,path_vertex,,,2
13718,10425.64,776.19,path_vertex,,,2
13719,10426.1,2082.3,path_vertex,,,2
13720,10426.62,2948.05,path_vertex,,,2
13721,10427.0,3939.0,sea_point,8487,Bay of Bengal,5
13722,10427.300000000001,3140.8,path_vertex,,,3
13723,10430.0,3556.0,sea_point,4208,Laccadive Sea,2
13724,10430.2,470.58,path_vertex,,,2
13725,10430.74,1816.01,path_vertex,,,2
13726,10431.0,2994.0,province_center,2251,Fort Hertz,5
13727,10431.06,3371.76,path_vertex,,,2
13728,10431.07,412.13,path_vertex,,,2
13729,10431.85,3303.53,path_vertex,,,2
13730,10432.0,3192.0,province_center,2267,Bhamo,5
13731,10433.0,2428.0,province_center,2594,Wuwei,7
13732,10434.76,3156.35,path_vertex,,,2
13733,10435.0,3526.36,path_vertex,,,2
13734,10435.0,4277.0,sea_point,8507,Indian Ocean,6
13735,10436.0,2483.0,path_vertex,,,2
13736,10436.0,4586.0,sea_point,6406,Indian Ocean,6
13737,10436.34,3055.85,path_vertex,,,2
13738,10437.0,2518.0,province_center,2631,Huangnan,7
13739,10439.0,3087.0,province_center,2353,Myitkyina,5
13740,10441.6,1979.25,path_vertex,,,2
13741,10442.75,2352.2200000000003,path_vertex,,,2
13742,10443.0,3537.0,sea_point,3936,Bay of Bengal,4
13743,10443.19,3239.07,path_vertex,,,2
13744,10444.0,5101.0,sea_point,7268,Indian Ocean,6
13745,10444.44,859.07,path_vertex,,,2
13746,10445.69,2002.47,path_vertex,,,2
13747,10446.15,1967.55,path_vertex,,,2
13748,10447.29,1329.71,path_vertex,,,2
13749,10447.95,3512.1,path_vertex,,,2
13750,10448.0,2205.0,province_center,2443,Bayan-Ovoo,5
13751,10451.79,3394.0,path_vertex,,,2
13752,10452.06,3347.21,path_vertex,,,2
13753,10452.65,4063.15,path_vertex,,,2
13754,10455.0,3294.0,province_center,2360,Mong Kung,7
13755,10457.0,2822.0,path_vertex,,,2
13756,10458.0,4460.0,sea_point,6039,Indian Ocean,6
13757,10458.09,3183.35,path_vertex,,,2
13758,10460.0,1907.0,province_center,2445,Lun,6
13759,10460.0,3575.0,sea_point,3937,Bay of Bengal,4
13760,10465.0,4166.0,sea_point,5129,Indian Ocean,6
13761,10465.23,4109.0,path_vertex,,,2
13762,10466.06,1671.6100000000001,path_vertex,,,2
13763,10469.04,3569.0,path_vertex,,,2
13764,10470.2,1515.8,path_vertex,,,3
13765,10473.99,3470.21,path_vertex,,,2
13766,10475.0,5226.0,sea_point,7390,Indian Ocean,5
13767,10477.050000000001,2120.57,path_vertex,,,2
13768,10478.14,3141.86,path_vertex,,,2
13769,10480.02,3340.44,path_vertex,,,2
13770,10482.0,1638.0,province_center,2918,Ulan-Ude,6
13771,10484.07,1906.9,path_vertex,,,2
13772,10485.0,2789.0,province_center,2566,Derge,5
13773,10486.0,3556.0,province_center,2256,Moulmein,6
13774,10486.04,4149.1900000000005,path_vertex,,,2
13775,10486.64,3438.69,path_vertex,,,2
13776,10486.800000000001,1930.6000000000001,path_vertex,,,2
13777,10489.02,2863.93,path_vertex,,,2
13778,10490.84,4069.76,path_vertex,,,2
13779,10492.0,1108.0,province_center,2921,Yerbogachen,5
13780,10492.0,2903.0,province_center,2555,Daocheng,4
13781,10492.0,3106.16,path_vertex,,,2
13782,10493.0,3895.0,sea_point,3955,Bay of Bengal,5
13783,10493.47,3235.88,path_vertex,,,2
13784,10494.0,2067.0,province_center,2441,Gurvansaikhan,7
13785,10494.0,3368.0,province_center,2255,Maingpan,6
13786,10496.0,3691.0,sea_point,3949,Bay of Bengal,5
13787,10496.0,4147.0,province_center,2672,Tapaktuan,5
13788,10496.93,3300.81,path_vertex,,,2
13789,10497.0,3168.0,province_center,2297,Lungling,6
13790,10497.0,3944.0,sea_point,4231,Laccadive Sea,2
13791,10497.0,4357.0,sea_point,6040,Indian Ocean,6
13792,10498.31,4113.0,path_vertex,,,2
13793,10500.0,4072.0,province_center,2674,Langsa,4
13794,10502.08,3607.59,path_vertex,,,2
13795,10504.42,3333.32,path_vertex,,,2
13796,10505.0,1905.0,province_center,2420,Ulaanbaatar,3
13797,10505.87,3901.05,path_vertex,,,2
13798,10505.880000000001,1423.8,path_vertex,,,2
13799,10506.11,3038.86,path_vertex,,,2
13800,10507.0,773.0,province_center,3028,Baytakh,4
13801,10508.0,3842.0,sea_point,4221,Laccadive Sea,2
13802,10508.550000000001,4067.9,path_vertex,,,2
13803,10509.0,3737.0,sea_point,4217,Laccadive Sea,2
13804,10509.0,3786.0,sea_point,3954,Bay of Bengal,5
13805,10509.9,3687.71,path_vertex,,,2
13806,10511.56,2452.69,path_vertex,,,2
13807,10512.0,3303.0,province_center,2254,Kengtung,5
13808,10513.9,3145.1,path_vertex,,,2
13809,10516.11,2405.89,path_vertex,,,2
13810,10516.37,2377.0,path_vertex,,,2
13811,10516.94,3223.06,path_vertex,,,2
13812,10517.0,4045.0,sea_point,5105,Malacca Strait,5
13813,10517.09,2275.17,path_vertex,,,2
13814,10517.460000000001,3399.75,path_vertex,,,2
13815,10518.04,1701.07,path_vertex,,,2
13816,10518.36,2704.0,path_vertex,,,2
13817,10518.51,1929.92,path_vertex,,,2
13818,10519.83,2018.42,path_vertex,,,2
13819,10520.31,717.61,path_vertex,,,2
13820,10522.0,3908.0,province_center,2367,Phang Nga,3
13821,10523.24,3510.35,path_vertex,,,2
13822,10525.0,3683.0,province_center,2257,Mengui,5
13823,10527.5,2863.5,path_vertex,,,2
13824,10528.0,3803.0,path_vertex,,,2
13825,10530.0,2360.8,path_vertex,,,2
13826,10531.0,3120.0,province_center,2292,Yuangchang,3
13827,10531.6,4139.2,path_vertex,,,2
13828,10533.0,4215.0,sea_point,5128,Indian Ocean,4
13829,10533.39,2611.7000000000003,path_vertex,,,2
13830,10533.550000000001,3553.7000000000003,path_vertex,,,2
13831,10533.85,3851.28,path_vertex,,,2
13832,10533.98,2785.96,path_vertex,,,2
13833,10534.25,304.40000000000003,path_vertex,,,2
13834,10534.28,1634.4,path_vertex,,,2
13835,10534.41,4153.68,path_vertex,,,2
13836,10535.0,182.0,sea_point,3415,Laptev Sea,4
13837,10536.0,644.0,province_center,2936,Olenyok,6
13838,10536.33,1899.3,path_vertex,,,2
13839,10536.5,4122.5,path_vertex,,,2
13840,10537.0,4820.0,sea_point,6696,Indian Ocean,7
13841,10539.0,374.0,province_center,2947,Yuryung-Khaya,4
13842,10539.93,557.28,path_vertex,,,2
13843,10540.0,3978.0,sea_point,3956,Malacca Strait,6
13844,10540.11,3799.56,path_vertex,,,2
13845,10540.83,1298.53,path_vertex,,,2
13846,10541.16,3264.16,path_vertex,,,2
13847,10541.69,437.32,path_vertex,,,2
13848,10542.03,2950.4500000000003,path_vertex,,,2
13849,10542.56,2593.89,path_vertex,,,2
13850,10542.89,4206.27,path_vertex,,,2
13851,10543.0,479.0,province_center,2948,Saskylakh,5
13852,10543.0,1567.8,path_vertex,,,2
13853,10543.0,2611.7000000000003,path_vertex,,,2
13854,10543.0,2726.75,path_vertex,,,2
13855,10543.0,3806.0,province_center,2369,Ranong,5
13856,10544.0,1969.0,province_center,2423,Choir,6
13857,10545.0,4680.0,sea_point,6412,Indian Ocean,6
13858,10547.42,3602.55,path_vertex,,,2
13859,10547.710000000001,1926.2,path_vertex,,,2
13860,10548.960000000001,3807.28,path_vertex,,,2
13861,10549.0,1898.0,province_center,2427,Baganuur,4
13862,10550.0,4134.0,province_center,2657,Medan,4
13863,10551.130000000001,2544.4900000000002,path_vertex,,,2
13864,10552.0,4271.0,sea_point,5127,Indian Ocean,5
13865,10552.87,3201.4300000000003,path_vertex,,,2
13866,10556.0,2603.0,province_center,2554,Gannan,5
13867,10557.0,1365.0,province_center,2914,Kirensk,6
13868,10559.0,3664.2400000000002,path_vertex,,,2
13869,10559.7,2214.8,path_vertex,,,2
13870,10559.91,2154.11,path_vertex,,,2
13871,10560.0,4442.0,sea_point,8482,Indian Ocean,6
13872,10561.0,260.0,sea_point,4183,Laptev Sea,5
13873,10561.61,4130.84,path_vertex,,,2
13874,10563.0,3459.0,province_center,2362,Kiang Mai,6
13875,10563.960000000001,2068.87,path_vertex,,,2
13876,10564.880000000001,4269.43,path_vertex,,,2
13877,10565.08,4146.62,path_vertex,,,2
13878,10566.0,3171.0,path_vertex,,,2
13879,10566.25,3935.06,path_vertex,,,2
13880,10566.91,3973.4300000000003,path_vertex,,,2
13881,10568.300000000001,2864.51,path_vertex,,,2
13882,10568.86,3503.4,path_vertex,,,2
13883,10568.880000000001,1989.49,path_vertex,,,2
13884,10569.0,3680.3,path_vertex,,,3
13885,10569.0,4945.0,sea_point,6926,Indian Ocean,6
13886,10571.0,4547.0,sea_point,5953,Indian Ocean,7
13887,10571.64,3666.12,path_vertex,,,2
13888,10572.0,5352.0,sea_point,4842,sea,7
13889,10572.2,1399.1200000000001,path_vertex,,,2
13890,10573.35,2472.02,path_vertex,,,2
13891,10573.72,686.99,path_vertex,,,2
13892,10574.0,3653.0,province_center,2370,Kanburi,5
13893,10574.880000000001,3599.7200000000003,path_vertex,,,2
13894,10575.0,3550.0,province_center,2366,Sukhothai,7
13895,10576.0,3215.0,province_center,2295,Pu'er,2
13896,10576.0,3811.0,sea_point,3998,Gulf of Thailand,5
13897,10576.0,4001.0,sea_point,4234,Malacca Strait,2
13898,10576.24,2587.0,path_vertex,,,2
13899,10578.54,2661.02,path_vertex,,,2
13900,10579.12,1552.69,path_vertex,,,2
13901,10582.0,2336.0,province_center,2485,Ashan,5
13902,10583.0,2782.0,province_center,2546,Aba,6
13903,10583.0,2829.0,path_vertex,,,2
13904,10583.0,2852.0,province_center,2547,Garze,3
13905,10583.0,2990.0,province_center,2542,Liangshan,2
13906,10583.94,2360.7000000000003,path_vertex,,,2
13907,10584.58,862.4200000000001,path_vertex,,,2
13908,10585.0,2386.0,province_center,2484,Hangkin,6
13909,10585.0,3659.0,path_vertex,,,2
13910,10585.0,4122.0,sea_point,5106,Malacca Strait,5
13911,10585.99,757.97,path_vertex,,,2
13912,10587.0,4161.0,province_center,2673,Tanjungbalai,5
13913,10588.68,2729.63,path_vertex,,,2
13914,10588.73,3670.71,path_vertex,,,2
13915,10591.0,2695.0,province_center,2563,Hongyuan,6
13916,10592.0,4039.0,sea_point,3957,Malacca Strait,5
13917,10594.81,1128.38,path_vertex,,,2
13918,10595.0,2011.0,province_center,2422,Bor-Undur,3
13919,10596.0,4163.75,path_vertex,,,2
13920,10598.0,3666.0,province_center,2361,Bangkok,4
13921,10599.0,3644.0,path_vertex,,,2
13922,10599.0,3669.0,path_vertex,,,2
13923,10600.0,5070.0,sea_point,7127,Indian Ocean,6
13924,10600.380000000001,4037.89,path_vertex,,,2
13925,10602.0,3881.0,sea_point,3995,Gulf of Thailand,3
13926,10603.18,1211.1200000000001,path_vertex,,,2
13927,10604.0,2847.0,path_vertex,,,2
13928,10604.0,3702.0,sea_point,3999,Gulf of Thailand,4
13929,10604.72,1977.28,path_vertex,,,2
13930,10604.84,457.3,path_vertex,,,2
13931,10608.0,3154.0,province_center,2296,Sinhing,2
13932,10608.98,2626.4500000000003,path_vertex,,,2
13933,10609.0,2557.0,province_center,2562,Hezhou,7
13934,10609.0,4105.0,sea_point,4237,Malacca Strait,2
13935,10609.23,2947.41,path_vertex,,,2
13936,10610.0,4351.0,sea_point,5123,Indian Ocean,5
13937,10611.2,3664.6,path_vertex,,,2
13938,10612.14,2040.16,path_vertex,,,2
13939,10612.29,576.25,path_vertex,,,2
13940,10613.74,1846.46,path_vertex,,,2
13941,10614.0,4038.0,province_center,2645,Sungai Petani,4
13942,10615.0,3965.0,province_center,2368,Singora,5
13943,10615.35,3989.26,path_vertex,,,2
13944,10615.61,4215.22,path_vertex,,,2
13945,10616.6,3149.8,path_vertex,,,2
13946,10616.65,1300.2,path_vertex,,,2
13947,10621.0,1515.0,province_center,2928,Bagdarin,6
13948,10621.0,4169.0,sea_point,5108,Malacca Strait,4
13949,10621.710000000001,4341.82,path_vertex,,,2
13950,10622.0,3691.19,path_vertex,,,2
13951,10622.02,2798.78,path_vertex,,,2
13952,10622.4,3500.2000000000003,path_vertex,,,2
13953,10623.52,1568.72,path_vertex,,,2
13954,10624.08,3653.56,path_vertex,,,2
13955,10625.0,1626.0,province_center,2927,Chita,5
13956,10626.0,2067.0,province_center,2424,Sainshand,5
13957,10626.0,2220.0,province_center,2442,Bulan,3
13958,10626.2,2128.0,path_vertex,,,2
13959,10626.35,2003.5900000000001,path_vertex,,,2
13960,10626.59,3955.8,path_vertex,,,2
13961,10628.0,749.0,province_center,2935,Aykhal,7
13962,10628.82,380.63,path_vertex,,,2
13963,10630.0,3450.0,path_vertex,,,2
13964,10630.0,4337.0,province_center,2669,Padang,5
13965,10631.0,5194.0,sea_point,7272,Indian Ocean,5
13966,10633.380000000001,3532.46,path_vertex,,,2
13967,10634.0,503.32,path_vertex,,,2
13968,10634.0,1940.9,path_vertex,,,2
13969,10634.0,3141.0,province_center,2291,Yunnanfu,3
13970,10634.45,2417.33,path_vertex,,,2
13971,10635.050000000001,4297.7,path_vertex,,,2
13972,10635.300000000001,930.8000000000001,path_vertex,,,3
13973,10636.15,2756.16,path_vertex,,,2
13974,10637.0,4139.0,sea_point,3958,Malacca Strait,5
13975,10637.1,2331.92,path_vertex,,,2
13976,10638.01,856.2,path_vertex,,,2
13977,10638.52,3606.91,path_vertex,,,2
13978,10639.0,4259.0,province_center,2666,Pekanbaru,5
13979,10640.0,3154.0,path_vertex,,,2
13980,10640.0,3222.0,path_vertex,,,2
13981,10640.23,3120.85,path_vertex,,,2
13982,10642.45,3612.7000000000003,path_vertex,,,2
13983,10644.0,5496.0,sea_point,4860,sea,4
13984,10644.42,677.35,path_vertex,,,2
13985,10645.0,3162.0,province_center,2293,Chengkiang,5
13986,10645.0,4414.0,sea_point,5122,Indian Ocean,3
13987,10647.0,3095.0,province_center,2294,Tungchwan,3
13988,10647.0,3666.0,province_center,2363,Sa Kaeo,6
13989,10648.0,975.0,province_center,3022,Khaty,6
13990,10650.92,2654.14,path_vertex,,,2
13991,10651.0,3303.0,province_center,2386,Muang Xay,3
13992,10651.56,4133.67,path_vertex,,,2
13993,10653.57,3577.54,path_vertex,,,2
13994,10653.97,2028.05,path_vertex,,,2
13995,10654.0,1258.0,province_center,2942,Peleduy,5
13996,10654.0,4101.0,path_vertex,,,3
13997,10657.41,4115.65,path_vertex,,,2
13998,10657.61,2705.89,path_vertex,,,2
13999,10657.9,3322.83,path_vertex,,,2
14000,10658.83,2594.78,path_vertex,,,2
14001,10660.0,2815.0,province_center,2545,Ya'an,5
14002,10660.0,3953.0,sea_point,3993,Gulf of Thailand,5
14003,10660.35,3997.58,path_vertex,,,2
14004,10661.2,1010.4,path_vertex,,,2
14005,10662.0,4641.0,sea_point,5954,Indian Ocean,6
14006,10662.54,4036.17,path_vertex,,,2
14007,10662.59,3671.69,path_vertex,,,2
14008,10662.6,2521.2000000000003,path_vertex,,,2
14009,10663.0,4128.0,province_center,2646,Kuala Lumpur,3
14010,10664.0,1805.0,province_center,2428,Choibalsan,2
14011,10664.0,4557.0,sea_point,8504,Indian Ocean,5
14012,10666.0,3441.0,province_center,2383,Pak-Lai,3
14013,10667.800000000001,3052.4,path_vertex,,,3
14014,10668.45,1859.0,path_vertex,,,3
14015,10670.7,2355.8,path_vertex,,,2
14016,10672.0,2919.5,path_vertex,,,2
14017,10672.380000000001,1914.67,path_vertex,,,2
14018,10673.0,1046.0,province_center,3025,Sheya,2
14019,10673.06,4286.1900000000005,path_vertex,,,2
14020,10673.59,1660.55,path_vertex,,,2
14021,10673.89,3017.96,path_vertex,,,2
14022,10674.0,1180.0,path_vertex,,,2
14023,10674.0,3373.0,province_center,2373,Luang Prabang,3
14024,10674.31,4402.72,path_vertex,,,2
14025,10674.9,2089.93,path_vertex,,,2
14026,10675.23,4138.15,path_vertex,,,2
14027,10676.0,3744.0,sea_point,4000,Gulf of Thailand,4
14028,10676.76,2542.06,path_vertex,,,2
14029,10677.25,2810.36,path_vertex,,,2
14030,10677.92,1039.38,path_vertex,,,2
14031,10678.0,4194.0,sea_point,5109,Malacca Strait,4
14032,10679.0,515.0,province_center,3032,Eryukkyune,7
14033,10679.0,1149.0,province_center,3023,Mukhtuya,3
14034,10679.68,3469.39,path_vertex,,,2
14035,10680.37,3272.1,path_vertex,,,2
14036,10681.0,4319.24,path_vertex,,,2
14037,10683.84,1005.5600000000001,path_vertex,,,2
14038,10684.0,1987.0,province_center,2426,Baruun-Urt,6
14039,10684.0,3864.0,sea_point,8479,Gulf of Thailand,6
14040,10686.0,4773.0,sea_point,6416,Indian Ocean,6
14041,10686.65,1880.45,path_vertex,,,2
14042,10687.42,4249.89,path_vertex,,,2
14043,10687.5,4117.5,path_vertex,,,2
14044,10689.76,3146.53,path_vertex,,,2
14045,10691.0,4466.0,sea_point,5121,Indian Ocean,6
14046,10692.52,3633.36,path_vertex,,,2
14047,10693.0,2938.0,province_center,2557,Zhaotong,6
14048,10695.0,2622.0,province_center,2559,Lintao,6
14049,10695.0,4150.0,path_vertex,,,3
14050,10695.19,3216.2000000000003,path_vertex,,,2
14051,10696.6,2559.8,path_vertex,,,2
14052,10697.0,2538.0,province_center,2551,Lanzhou,3
14053,10697.0,3167.33,path_vertex,,,2
14054,10697.0,4359.26,path_vertex,,,2
14055,10699.0,1594.6000000000001,path_vertex,,,2
14056,10699.0,3511.0,province_center,2364,Kalasin,6
14057,10699.050000000001,3114.92,path_vertex,,,2
14058,10700.53,492.08,path_vertex,,,2
14059,10700.960000000001,4454.37,path_vertex,,,2
14060,10702.0,1019.0,province_center,2934,Nyurba,3
14061,10703.800000000001,3029.26,path_vertex,,,2
14062,10704.0,4310.0,province_center,2671,Rengat,4
14063,10704.87,3313.83,path_vertex,,,2
14064,10705.0,2799.0,province_center,2544,Chengdu,3
14065,10706.01,3456.07,path_vertex,,,2
14066,10707.0,4446.0,province_center,2670,Bengkulu,5
14067,10707.45,937.45,path_vertex,,,2
14068,10709.0,2515.0,path_vertex,,,2
14069,10709.0,3118.0,province_center,2299,Puanting,5
14070,10709.32,1890.28,path_vertex,,,2
14071,10710.0,4033.0,province_center,2647,Khota Bharn,4
14072,10711.28,842.24,path_vertex,,,2
14073,10713.0,3235.0,province_center,2385,Lao-Kai,7
14074,10713.42,3550.7200000000003,path_vertex,,,2
14075,10714.0,4244.0,sea_point,5110,Malacca Strait,4
14076,10714.92,3357.9,path_vertex,,,2
14077,10717.0,3689.0,province_center,2378,Battambang,5
14078,10717.0,4898.0,sea_point,6701,Indian Ocean,6
14079,10717.64,2774.31,path_vertex,,,2
14080,10720.11,4410.07,path_vertex,,,2
14081,10721.58,2678.4700000000003,path_vertex,,,2
14082,10722.29,1345.82,path_vertex,,,2
14083,10722.36,4031.87,path_vertex,,,2
14084,10724.0,997.0,path_vertex,,,2
14085,10724.5,2816.5,path_vertex,,,2
14086,10725.0,3465.15,path_vertex,,,2
14087,10725.08,1019.62,path_vertex,,,2
14088,10727.1,3632.9700000000003,path_vertex,,,2
14089,10728.16,1407.93,path_vertex,,,2
14090,10728.31,4341.62,path_vertex,,,2
14091,10728.5,4109.0,path_vertex,,,2
14092,10728.74,1298.18,path_vertex,,,2
14093,10729.0,2477.0,province_center,2560,Baiyin,6
14094,10729.22,757.98,path_vertex,,,2
14095,10730.0,523.0600000000001,path_vertex,,,2
14096,10730.17,1980.28,path_vertex,,,2
14097,10732.0,3604.0,province_center,2365,Surin,6
14098,10732.0,5272.0,sea_point,7277,Indian Ocean,5
14099,10732.18,2543.29,path_vertex,,,2
14100,10734.5,3200.1,path_vertex,,,2
14101,10734.82,3719.81,path_vertex,,,2
14102,10735.33,2926.7400000000002,path_vertex,,,2
14103,10738.0,2825.0,province_center,2553,Ziyang,3
14104,10738.380000000001,2792.55,path_vertex,,,2
14105,10739.0,4355.0,province_center,2667,Djambi,5
14106,10741.0,2720.0,province_center,2558,Longnan,7
14107,10741.11,3493.46,path_vertex,,,2
14108,10741.81,3135.09,path_vertex,,,2
14109,10744.07,1207.18,path_vertex,,,2
14110,10744.79,4272.52,path_vertex,,,2
14111,10745.0,4026.0,sea_point,3991,Gulf of Thailand,6
14112,10745.0,4232.0,sea_point,3960,Malacca Strait,5
14113,10745.0,4605.0,sea_point,8505,Indian Ocean,6
14114,10745.79,3285.56,path_vertex,,,2
14115,10746.0,4509.0,sea_point,5120,Indian Ocean,5
14116,10746.07,4219.9,path_vertex,,,2
14117,10746.2,3080.6,path_vertex,,,2
14118,10746.62,3100.34,path_vertex,,,2
14119,10747.0,3390.0,path_vertex,,,2
14120,10748.0,4268.0,sea_point,5111,Malacca Strait,5
14121,10748.0,5023.0,sea_point,6930,Indian Ocean,6
14122,10749.0,4197.0,province_center,2644,Singapore,4
14123,10750.5,731.0,path_vertex,,,2
14124,10751.0,758.0,province_center,3034,Eyik,3
14125,10751.0,1714.0,province_center,2926,Otpor,3
14126,10751.0,3489.0,province_center,2394,Nong Hoi,4
14127,10752.0,782.0,path_vertex,,,2
14128,10754.0,1159.81,path_vertex,,,2
14129,10754.0,3345.0,province_center,2387,Yen-bai,6
14130,10755.0,2643.18,path_vertex,,,2
14131,10755.72,3205.94,path_vertex,,,2
14132,10758.56,3022.66,path_vertex,,,2
14133,10758.92,4418.38,path_vertex,,,2
14134,10760.0,3836.0,sea_point,4003,Gulf of Thailand,4
14135,10762.0,3094.0,province_center,2298,Kweiyang,4
14136,10762.380000000001,4392.92,path_vertex,,,2
14137,10762.800000000001,4505.5,path_vertex,,,2
14138,10762.92,3106.4900000000002,path_vertex,,,2
14139,10763.26,3250.52,path_vertex,,,2
14140,10764.0,901.0,province_center,3026,Usun,6
14141,10765.0,3147.0,province_center,2315,Szecheng,6
14142,10765.04,4180.67,path_vertex,,,2
14143,10765.210000000001,1480.81,path_vertex,,,2
14144,10766.04,3511.38,path_vertex,,,2
14145,10767.0,2191.0,province_center,2033,Sharamuren,3
14146,10767.0,2211.0,path_vertex,,,2
14147,10767.0,2320.0,province_center,2109,Kweihwa,5
14148,10767.0,4222.0,sea_point,4244,Java Sea,2
14149,10768.04,3077.7200000000003,path_vertex,,,2
14150,10768.53,1525.46,path_vertex,,,2
14151,10769.0,4158.0,sea_point,3990,Gulf of Thailand,5
14152,10769.66,3539.31,path_vertex,,,2
14153,10769.78,2546.0,path_vertex,,,2
14154,10770.02,2684.01,path_vertex,,,2
14155,10772.0,4410.0,province_center,2651,Palenbang,4
14156,10773.73,3712.54,path_vertex,,,2
14157,10774.0,529.0,province_center,2949,Bolotistoy-Derevne,5
14158,10774.07,4479.75,path_vertex,,,2
14159,10774.22,3169.9300000000003,path_vertex,,,2
14160,10775.6,3095.8,path_vertex,,,2
14161,10776.44,3561.44,path_vertex,,,2
14162,10776.45,3303.63,path_vertex,,,2
14163,10776.45,3813.82,path_vertex,,,2
14164,10776.67,3626.33,path_vertex,,,2
14165,10777.56,4329.56,path_vertex,,,2
14166,10777.66,3377.6800000000003,path_vertex,,,2
14167,10778.0,658.5,path_vertex,,,2
14168,10778.0,3045.0,province_center,2304,Tsunyi,6
14169,10778.91,2341.81,path_vertex,,,2
14170,10779.0,5148.0,sea_point,7132,Indian Ocean,7
14171,10780.0,3188.0,province_center,2314,Chenan,7
14172,10781.210000000001,472.0,path_vertex,,,2
14173,10781.53,3659.6800000000003,path_vertex,,,2
14174,10782.0,2126.0,province_center,2402,Mangan,4
14175,10782.43,2173.43,path_vertex,,,2
14176,10782.49,752.12,path_vertex,,,2
14177,10783.0,3803.0,province_center,2376,Kampot,4
14178,10784.2,2488.62,path_vertex,,,2
14179,10784.33,4394.0,path_vertex,,,2
14180,10784.89,1647.6100000000001,path_vertex,,,2
14181,10785.460000000001,3340.69,path_vertex,,,2
14182,10786.0,4390.0,sea_point,5114,Java Sea,2
14183,10786.0,4423.5,path_vertex,,,2
14184,10787.0,4693.0,sea_point,5967,Indian Ocean,6
14185,10787.5,1715.5,path_vertex,,,2
14186,10787.6,968.0,path_vertex,,,2
14187,10789.06,3065.46,path_vertex,,,2
14188,10789.460000000001,3212.44,path_vertex,,,2
14189,10790.0,391.0,province_center,2946,Ust-Olenek,8
14190,10790.0,3547.0,province_center,2390,Banlao,5
14191,10791.0,2655.0,province_center,2550,Tianshui,5
14192,10792.800000000001,2208.29,path_vertex,,,2
14193,10793.5,2751.32,path_vertex,,,2
14194,10793.76,606.9300000000001,path_vertex,,,2
14195,10796.0,4313.0,sea_point,5113,Java Sea,5
14196,10796.380000000001,3118.66,path_vertex,,,2
14197,10799.0,3723.0,province_center,2377,Odong,3
14198,10799.0,4369.0,sea_point,4240,Java Sea,2
14199,10800.0,1336.0,province_center,2919,Bodaybo,7
14200,10800.4,3158.35,path_vertex,,,2
14201,10801.19,3763.04,path_vertex,,,2
14202,10802.960000000001,831.4200000000001,path_vertex,,,2
14203,10803.0,2884.0,province_center,2483,Luzhou,3
14204,10803.0,5413.0,sea_point,7282,Indian Ocean,6
14205,10803.93,3733.66,path_vertex,,,2
14206,10804.01,3149.0,path_vertex,,,2
14207,10804.28,3042.04,path_vertex,,,2
14208,10804.28,3814.4300000000003,path_vertex,,,2
14209,10805.65,1224.76,path_vertex,,,2
14210,10805.800000000001,3319.4,path_vertex,,,2
14211,10806.0,1020.0,province_center,2940,Vilyuysk,6
14212,10806.0,3338.0,province_center,2374,Hanoi,4
14213,10806.0,3920.0,sea_point,4005,Gulf of Thailand,6
14214,10806.0,4496.0,province_center,2668,Telukbetung,4
14215,10806.800000000001,336.6,path_vertex,,,2
14216,10807.0,3263.0,province_center,2384,Kao Bang,6
14217,10808.0,1170.0,province_center,2938,Nyuya,5
14218,10808.0,1967.0,province_center,2425,Matad,4
14219,10808.0,2369.0,province_center,2286,Soping,3
14220,10808.0,4228.0,sea_point,3989,Java Sea,6
14221,10808.06,3353.51,path_vertex,,,2
14222,10808.12,3591.35,path_vertex,,,2
14223,10808.31,3673.81,path_vertex,,,2
14224,10809.98,2707.8,path_vertex,,,2
14225,10810.0,3105.0,province_center,2305,Tuyun,6
14226,10811.0,1107.0,path_vertex,,,2
14227,10812.0,3432.0,province_center,2389,Vinh,5
14228,10812.59,2156.91,path_vertex,,,2
14229,10813.0,3644.0,province_center,2393,Meluprey,4
14230,10813.0,3747.0,province_center,2371,Pnom Penh,3
14231,10814.0,313.0,sea_point,4181,Laptev Sea,4
14232,10814.0,4357.0,sea_point,5115,Java Sea,4
14233,10817.0,1736.0,province_center,3037,Old Barag,4
14234,10819.0,4561.0,sea_point,5141,Indian Ocean,5
14235,10820.0,2968.0,path_vertex,,,2
14236,10820.45,2784.05,path_vertex,,,2
14237,10822.300000000001,3438.1,path_vertex,,,2
14238,10822.54,3073.85,path_vertex,,,2
14239,10822.58,3462.4500000000003,path_vertex,,,2
14240,10823.34,3002.37,path_vertex,,,2
14241,10824.92,3344.62,path_vertex,,,2
14242,10825.68,399.18,path_vertex,,,2
14243,10826.54,2869.31,path_vertex,,,2
14244,10826.74,2439.25,path_vertex,,,2
14245,10827.2,3528.76,path_vertex,,,2
14246,10827.460000000001,1388.3,path_vertex,,,2
14247,10828.1,3221.12,path_vertex,,,2
14248,10830.0,4084.0,sea_point,8490,Gulf of Thailand,5
14249,10830.43,3746.03,path_vertex,,,2
14250,10831.0,3919.0,sea_point,4248,Java Sea,2
14251,10831.2,3302.6,path_vertex,,,2
14252,10833.710000000001,4464.82,path_vertex,,,2
14253,10834.5,584.5,path_vertex,,,2
14254,10834.880000000001,3392.88,path_vertex,,,2
14255,10835.0,3445.0,sea_point,4031,South China Sea,4
14256,10836.0,2776.0,province_center,2548,Nanchong,6
14257,10836.02,3257.96,path_vertex,,,2
14258,10837.0,3034.0,province_center,2306,Szenan,7
14259,10837.14,2299.12,path_vertex,,,2
14260,10841.6,1785.2,path_vertex,,,2
14261,10842.41,3153.61,path_vertex,,,2
14262,10843.0,1530.0,province_center,2925,Mogocha,4
14263,10843.0,2501.0,province_center,2405,Qingyang,3
14264,10845.0,2821.5,path_vertex,,,2
14265,10845.0,2855.0,province_center,2543,Chongqing,4
14266,10848.0,4391.0,sea_point,4243,Java Sea,2
14267,10848.73,2998.0,path_vertex,,,2
14268,10849.0,3745.0,province_center,2382,Prey Veng,4
14269,10849.0,4820.0,sea_point,6419,Indian Ocean,6
14270,10849.550000000001,2653.58,path_vertex,,,2
14271,10850.380000000001,438.92,path_vertex,,,2
14272,10850.7,2905.1,path_vertex,,,2
14273,10850.98,1862.25,path_vertex,,,2
14274,10851.16,1757.1200000000001,path_vertex,,,2
14275,10851.4,547.11,path_vertex,,,2
14276,10852.54,907.0600000000001,path_vertex,,,2
14277,10853.0,406.0,province_center,3030,Taymylyr,3
14278,10853.02,2108.57,path_vertex,,,2
14279,10853.4,378.81,path_vertex,,,2
14280,10854.210000000001,1492.1100000000001,path_vertex,,,2
14281,10855.0,737.0,province_center,2937,Zhigansk,7
14282,10857.15,3193.4700000000003,path_vertex,,,2
14283,10858.050000000001,3111.9500000000003,path_vertex,,,2
14284,10858.89,2403.96,path_vertex,,,2
14285,10859.0,3508.0,province_center,2391,Đong Hoi,4
14286,10859.28,2874.35,path_vertex,,,2
14287,10859.99,2837.36,path_vertex,,,2
14288,10861.800000000001,509.6,path_vertex,,,2
14289,10862.0,2835.0,sea_point,6769,Yangtze River,2
14290,10863.0,1457.0,province_center,2924,Chara,4
14291,10863.0,3359.0,province_center,2388,Haiphong,5
14292,10864.0,3845.0,province_center,2379,Bak Lieu,3
14293,10864.0,4643.0,sea_point,8506,Indian Ocean,7
14294,10865.9,3503.96,path_vertex,,,2
14295,10866.050000000001,3343.6,path_vertex,,,3
14296,10866.93,3294.9300000000003,path_vertex,,,2
14297,10867.78,679.5600000000001,path_vertex,,,2
14298,10867.79,425.48,path_vertex,,,2
14299,10868.0,1769.0,province_center,3038,Hulunbuir,3
14300,10868.7,3042.56,path_vertex,,,2
14301,10869.0,3251.0,province_center,2313,Taiping,6
14302,10869.0,4442.0,sea_point,5117,Java Sea,5
14303,10869.32,3725.42,path_vertex,,,2
14304,10869.76,1791.54,path_vertex,,,2
14305,10870.0,4495.0,sea_point,5139,Java Sea,4
14306,10871.0,1844.0,province_center,3042,Yimin Sumu,6
14307,10871.11,1736.02,path_vertex,,,2
14308,10872.0,2652.0,province_center,2549,Xi'an,2
14309,10872.62,3372.38,path_vertex,,,2
14310,10872.82,1181.32,path_vertex,,,2
14311,10873.0,4153.0,sea_point,8491,South China Sea,7
14312,10873.0,4570.0,sea_point,5142,Indian Ocean,4
14313,10874.0,2915.0,province_center,2556,Zunyi,6
14314,10875.18,2702.73,path_vertex,,,2
14315,10875.74,3008.9700000000003,path_vertex,,,2
14316,10875.81,391.14,path_vertex,,,2
14317,10877.0,3496.0,sea_point,4030,South China Sea,4
14318,10877.44,3084.67,path_vertex,,,2
14319,10877.5,3796.0,path_vertex,,,2
14320,10878.0,3380.0,sea_point,4032,South China Sea,5
14321,10878.31,577.28,path_vertex,,,2
14322,10878.39,1259.81,path_vertex,,,2
14323,10878.5,3772.5,path_vertex,,,2
14324,10879.0,553.0,province_center,2933,Siktyah,3
14325,10879.0,625.0,province_center,3033,Ulakhan-Kyuel,6
14326,10879.0,2820.0,sea_point,6768,Yangtze River,2
14327,10879.85,4555.0,path_vertex,,,2
14328,10881.0,4945.0,sea_point,6706,Indian Ocean,6
14329,10882.0,1025.91,path_vertex,,,2
14330,10882.0,3997.0,sea_point,8494,South China Sea,6
14331,10884.130000000001,1965.41,path_vertex,,,2
14332,10884.34,970.09,path_vertex,,,2
14333,10885.0,4291.0,sea_point,8492,Java Sea,9
14334,10885.17,3846.9700000000003,path_vertex,,,2
14335,10886.0,3806.0,sea_point,6777,Mekong River,2
14336,10887.33,3802.67,path_vertex,,,2
14337,10887.7,3222.1,path_vertex,,,2
14338,10888.0,5304.0,sea_point,7139,Indian Ocean,5
14339,10889.460000000001,3246.76,path_vertex,,,2
14340,10890.66,2474.89,path_vertex,,,2
14341,10890.880000000001,2652.4700000000003,path_vertex,,,2
14342,10891.0,2094.0,province_center,2429,Uniket,3
14343,10893.0,4537.0,province_center,2664,Pandeglang,4
14344,10894.0,2822.0,sea_point,6767,Yangtze River,2
14345,10894.0,3697.0,province_center,2395,Kratié,4
14346,10894.0,3786.0,province_center,2372,Saigon,4
14347,10895.27,2207.9700000000003,path_vertex,,,2
14348,10895.72,1765.96,path_vertex,,,2
14349,10896.0,5538.0,sea_point,7150,Indian Ocean,4
14350,10896.1,3276.1800000000003,path_vertex,,,2
14351,10897.62,3536.08,path_vertex,,,2
14352,10898.0,2281.0,province_center,2108,Kalgan,4
14353,10898.0,3801.0,sea_point,6776,Mekong River,2
14354,10898.550000000001,460.85,path_vertex,,,3
14355,10898.800000000001,536.4,path_vertex,,,2
14356,10901.0,2652.0,province_center,2552,Weinan,4
14357,10904.0,3118.0,province_center,2307,Liping,6
14358,10904.0,3196.0,province_center,2319,Liuzhou,7
14359,10904.41,3155.4,path_vertex,,,2
14360,10904.86,3224.34,path_vertex,,,2
14361,10905.0,2815.0,sea_point,6765,Yangtze River,2
14362,10905.0,3241.0,province_center,2300,Nanning,4
14363,10905.630000000001,3305.2000000000003,path_vertex,,,2
14364,10908.0,3759.0,path_vertex,,,2
14365,10908.380000000001,567.92,path_vertex,,,2
14366,10908.58,3259.53,path_vertex,,,2
14367,10910.0,3546.0,province_center,2375,Hue,3
14368,10910.5,4534.5,path_vertex,,,2
14369,10911.56,3781.9500000000003,path_vertex,,,2
14370,10912.0,5070.0,sea_point,6933,Indian Ocean,5
14371,10913.18,3637.41,path_vertex,,,2
14372,10914.0,365.0,province_center,3029,Bykovsky,5
14373,10914.0,3293.0,province_center,2312,Tunghing,6
14374,10915.0,1028.0,province_center,3024,Sayylyk,3
14375,10915.0,3828.0,sea_point,6775,South China Sea,3
14376,10915.960000000001,424.35,path_vertex,,,2
14377,10916.0,4060.0,sea_point,8493,South China Sea,5
14378,10916.300000000001,1886.0,path_vertex,,,2
14379,10916.53,328.0,path_vertex,,,2
14380,10917.0,308.0,sea_point,4180,Laptev Sea,5
14381,10918.0,2942.25,path_vertex,,,2
14382,10918.35,1775.1100000000001,path_vertex,,,2
14383,10918.66,2631.98,path_vertex,,,2
14384,10920.0,3734.0,path_vertex,,,2
14385,10920.36,3532.71,path_vertex,,,2
14386,10920.5,2134.0,path_vertex,,,2
14387,10922.0,2815.0,sea_point,6764,Yangtze River,2
14388,10922.18,3559.71,path_vertex,,,2
14389,10923.0,4511.0,sea_point,5137,Java Sea,3
14390,10924.0,1759.0,province_center,3047,Xuguit Qi,7
14391,10924.42,3104.9300000000003,path_vertex,,,2
14392,10925.0,4524.0,path_vertex,,,2
14393,10925.0,4739.0,sea_point,5972,Indian Ocean,6
14394,10928.0,4533.0,province_center,2655,Batavia,3
14395,10930.0,2617.0,province_center,2418,Yungcheng,6
14396,10930.32,3239.89,path_vertex,,,2
14397,10930.34,2568.07,path_vertex,,,2
14398,10931.0,2452.0,province_center,2403,Kolan,5
14399,10931.0,2552.0,province_center,2419,Lüliang,3
14400,10932.0,3850.0,sea_point,4007,South China Sea,7
14401,10933.0,3529.0,sea_point,4029,South China Sea,5
14402,10933.15,3217.09,path_vertex,,,2
14403,10933.65,1965.6000000000001,path_vertex,,,2
14404,10934.0,3567.0,province_center,2392,Tourane,4
14405,10934.85,1600.0,path_vertex,,,2
14406,10935.15,3310.53,path_vertex,,,2
14407,10936.0,1568.0,province_center,3043,Mohe,2
14408,10937.0,3468.0,sea_point,5339,South China Sea,6
14409,10938.5,2486.5,path_vertex,,,2
14410,10940.0,498.0,province_center,2945,Kryusyur,7
14411,10941.460000000001,4538.6900000000005,path_vertex,,,2
14412,10942.0,2800.0,sea_point,6763,Yangtze River,2
14413,10942.0,3323.0,sea_point,4033,South China Sea,3
14414,10945.54,4553.6900000000005,path_vertex,,,2
14415,10946.0,388.7,path_vertex,,,3
14416,10946.0,1193.0,province_center,2939,Olyokminsk,4
14417,10946.0,1914.0,province_center,3060,Arxan,3
14418,10946.0,3409.0,sea_point,4266,Java Sea,2
14419,10946.44,2688.94,path_vertex,,,2
14420,10947.0,2961.0,province_center,2326,Tungjen,5
14421,10947.0,4417.0,sea_point,8503,Java Sea,7
14422,10948.630000000001,842.79,path_vertex,,,2
14423,10951.0,4515.0,sea_point,5166,Java Sea,5
14424,10952.42,3258.9300000000003,path_vertex,,,2
14425,10953.41,3567.4300000000003,path_vertex,,,2
14426,10953.800000000001,2548.84,path_vertex,,,2
14427,10953.82,4527.0,path_vertex,,,2
14428,10954.18,1278.18,path_vertex,,,2
14429,10955.0,4562.5,path_vertex,,,2
14430,10956.0,2804.0,sea_point,6762,Yangtze River,2
14431,10956.0,4602.0,sea_point,5147,Indian Ocean,5
14432,10957.0,3192.0,path_vertex,,,2
14433,10957.0,4545.0,province_center,2659,Bandung,4
14434,10957.380000000001,981.44,path_vertex,,,2
14435,10958.87,3161.5,path_vertex,,,2
14436,10959.0,2732.77,path_vertex,,,2
14437,10960.0,1343.67,path_vertex,,,2
14438,10961.11,1775.26,path_vertex,,,2
14439,10961.42,1233.19,path_vertex,,,2
14440,10961.800000000001,3699.4,path_vertex,,,2
14441,10961.94,566.0,path_vertex,,,2
14442,10962.53,4594.27,path_vertex,,,2
14443,10964.1,472.2,path_vertex,,,2
14444,10964.380000000001,3026.7200000000003,path_vertex,,,2
14445,10965.0,2559.0,path_vertex,,,2
14446,10966.0,3773.0,province_center,2380,Binh Thuan,5
14447,10966.33,3302.12,path_vertex,,,2
14448,10966.34,417.52,path_vertex,,,2
14449,10966.58,1805.96,path_vertex,,,2
14450,10966.59,2397.39,path_vertex,,,2
14451,10966.89,3137.26,path_vertex,,,2
14452,10966.98,2670.19,path_vertex,,,2
14453,10969.0,2441.64,path_vertex,,,2
14454,10969.0,3237.0,province_center,2320,Guixian,6
14455,10970.0,2803.0,sea_point,6760,Yangtze River,2
14456,10970.67,745.99,path_vertex,,,2
14457,10970.84,3783.16,path_vertex,,,2
14458,10971.35,394.04,path_vertex,,,2
14459,10973.0,1265.0,province_center,2969,Tyanya,6
14460,10973.0,2546.0,province_center,2406,Taiyuan,3
14461,10973.34,4550.81,path_vertex,,,2
14462,10974.0,2797.0,sea_point,6759,Yangtze River,2
14463,10974.0,3978.0,sea_point,5949,South China Sea,6
14464,10975.0,3069.0,province_center,2327,Tsingchow,6
14465,10976.12,3687.4700000000003,path_vertex,,,2
14466,10976.460000000001,3716.69,path_vertex,,,2
14467,10976.83,711.59,path_vertex,,,2
14468,10978.0,3461.0,province_center,2567,Yaxian,2
14469,10978.0,3800.0,sea_point,4008,South China Sea,6
14470,10979.0,3700.0,province_center,2381,Phu-yen,4
14471,10979.29,2630.9500000000003,path_vertex,,,2
14472,10979.92,1931.1200000000001,path_vertex,,,2
14473,10981.0,3258.0,path_vertex,,,3
14474,10981.27,1727.92,path_vertex,,,2
14475,10982.0,2159.0,province_center,3036,Zhèngxiāngbái,4
14476,10982.0,4867.0,sea_point,6424,Indian Ocean,6
14477,10982.0,5428.0,sea_point,6949,Indian Ocean,7
14478,10983.77,2985.2000000000003,path_vertex,,,2
14479,10984.32,1189.51,path_vertex,,,2
14480,10985.0,3571.0,sea_point,4028,South China Sea,6
14481,10987.0,4524.0,sea_point,5165,Java Sea,2
14482,10987.11,2568.89,path_vertex,,,2
14483,10987.22,2545.18,path_vertex,,,2
14484,10988.25,1323.4,path_vertex,,,3
14485,10988.45,3059.36,path_vertex,,,2
14486,10990.0,442.0,province_center,3031,Kyusyur,4
14487,10990.0,4197.0,sea_point,5246,South China Sea,6
14488,10990.0,5226.0,sea_point,6938,Indian Ocean,7
14489,10990.2,605.15,path_vertex,,,3
14490,10990.460000000001,3214.69,path_vertex,,,2
14491,10990.67,3283.0,path_vertex,,,2
14492,10991.210000000001,424.48,path_vertex,,,2
14493,10991.43,2832.3,path_vertex,,,2
14494,10993.0,1874.0,path_vertex,,,2
14495,10993.51,2938.0,path_vertex,,,2
14496,10994.0,402.0,province_center,2941,Tiksi,3
14497,10994.0,2771.0,sea_point,6756,Yangtze River,2
14498,10994.0,2788.0,sea_point,6757,Yangtze River,2
14499,10994.0,4267.0,sea_point,5245,Java Sea,4
14500,10994.0,4557.0,province_center,2660,Cheribon,7
14501,10994.58,3696.42,path_vertex,,,2
14502,10996.79,3473.21,path_vertex,,,2
14503,10998.0,3271.0,path_vertex,,,2
14504,10998.0,3375.0,sea_point,4034,South China Sea,6
14505,10998.6,389.86,path_vertex,,,2
14506,10999.0,2717.0,province_center,2416,Nanyang,5
14507,10999.0,4313.0,sea_point,5288,Java Sea,5
14508,11000.11,553.62,path_vertex,,,2
14509,11002.64,4553.55,path_vertex,,,2
14510,11002.74,3349.87,path_vertex,,,2
14511,11003.0,4595.0,path_vertex,,,2
14512,11004.0,4603.0,sea_point,5148,Indian Ocean,4
14513,11004.29,3079.53,path_vertex,,,2
14514,11004.5,4264.5,path_vertex,,,2
14515,11008.0,4304.08,path_vertex,,,2
14516,11008.2,3421.4,path_vertex,,,2
14517,11009.06,3113.17,path_vertex,,,2
14518,11010.0,3489.0,sea_point,5342,South China Sea,7
14519,11010.0,4681.0,sea_point,5429,Indian Ocean,7
14520,11010.14,4213.43,path_vertex,,,2
14521,11010.44,1639.72,path_vertex,,,2
14522,11011.0,3758.0,sea_point,4010,South China Sea,2
14523,11012.0,2546.0,province_center,2408,Yangquan,4
14524,11013.0,187.0,sea_point,3654,Laptev Sea,5
14525,11013.0,4992.0,sea_point,6709,Indian Ocean,7
14526,11014.0,346.0,sea_point,4179,Laptev Sea,5
14527,11014.0,417.0,sea_point,7009,Lena,2
14528,11014.0,917.0,province_center,2943,Sangar,5
14529,11014.0,2343.0,province_center,2540,Suanhwa,5
14530,11014.0,3691.0,sea_point,4011,South China Sea,5
14531,11014.0,4260.0,province_center,2598,Pontianak,3
14532,11014.98,2221.56,path_vertex,,,2
14533,11015.74,2671.5,path_vertex,,,2
14534,11016.12,3385.88,path_vertex,,,2
14535,11016.29,1575.04,path_vertex,,,2
14536,11017.0,2759.0,sea_point,6753,Yangtze River,2
14537,11017.0,3155.0,province_center,2302,Guilin,2
14538,11017.0,4078.0,sea_point,8498,South China Sea,8
14539,11017.0,4546.0,sea_point,5164,Java Sea,4
14540,11017.86,4247.34,path_vertex,,,2
14541,11018.0,3170.0,path_vertex,,,2
14542,11018.0,3188.0,province_center,2316,Pinglo,5
14543,11018.0,3341.0,province_center,2311,Bayard,5
14544,11018.52,783.6800000000001,path_vertex,,,2
14545,11018.65,2326.17,path_vertex,,,2
14546,11018.92,2593.58,path_vertex,,,2
14547,11019.0,749.0,province_center,3027,Lybalakh,4
14548,11020.0,432.0,sea_point,7010,Lena,2
14549,11020.0,445.0,sea_point,7153,Lena,2
14550,11020.44,1018.63,path_vertex,,,2
14551,11020.62,3241.89,path_vertex,,,2
14552,11021.0,2397.0,path_vertex,,,2
14553,11021.0,5631.0,sea_point,6956,Indian Ocean,4
14554,11021.4,1232.4,path_vertex,,,3
14555,11021.87,2112.0,path_vertex,,,2
14556,11022.0,3342.61,path_vertex,,,2
14557,11022.0,3403.0,province_center,2481,Hǎikou,3
14558,11022.75,3324.62,path_vertex,,,2
14559,11023.2,3141.6,path_vertex,,,2
14560,11024.0,1847.0,province_center,3061,Chaihezhen,7
14561,11024.0,2425.0,province_center,2404,Fuping,4
14562,11025.0,2643.0,province_center,2410,Zhengzhou,6
14563,11025.0,2921.0,province_center,2338,Supu,6
14564,11025.0,4219.0,province_center,2599,Sambas,5
14565,11026.0,398.0,sea_point,7008,Laptev Sea,2
14566,11026.01,1252.95,path_vertex,,,2
14567,11027.0,3128.0,province_center,2303,Ziyuan,6
14568,11027.0,3305.0,province_center,2318,Sunyi,5
14569,11027.300000000001,2938.66,path_vertex,,,2
14570,11028.0,3377.0,sea_point,4254,Java Sea,2
14571,11028.87,2884.71,path_vertex,,,2
14572,11031.0,2100.0,province_center,3035,Beizi Temple,4
14573,11031.06,1319.46,path_vertex,,,2
14574,11032.0,4266.0,path_vertex,,,2
14575,11032.48,3221.83,path_vertex,,,2
14576,11032.91,1203.15,path_vertex,,,2
14577,11033.0,2257.0,province_center,2014,Tolunnoerh,4
14578,11033.0,2718.3,path_vertex,,,2
14579,11034.7,3112.37,path_vertex,,,2
14580,11035.14,2035.0,path_vertex,,,2
14581,11035.960000000001,2176.53,path_vertex,,,2
14582,11036.0,4387.0,sea_point,5285,Java Sea,5
14583,11036.15,1938.8600000000001,path_vertex,,,2
14584,11037.0,2800.0,province_center,2325,Ichang,3
14585,11037.0,3020.0,province_center,2343,Wukang,6
14586,11037.56,1787.76,path_vertex,,,2
14587,11037.57,3272.06,path_vertex,,,2
14588,11038.0,1961.0,province_center,2539,Solun,5
14589,11039.2,3328.6,path_vertex,,,2
14590,11040.460000000001,3043.54,path_vertex,,,2
14591,11041.0,1222.0,path_vertex,,,2
14592,11042.0,4485.0,sea_point,8520,Java Sea,6
14593,11042.1,1392.0,path_vertex,,,2
14594,11043.76,2441.35,path_vertex,,,2
14595,11045.0,474.0,sea_point,7156,Lena,2
14596,11045.0,2547.78,path_vertex,,,2
14597,11045.0,3246.0,province_center,2322,Wuchow,6
14598,11046.0,509.0,sea_point,7159,Lena,2
14599,11046.0,928.0,sea_point,7189,Lena,2
14600,11047.0,947.0,sea_point,7190,Lena,2
14601,11047.95,2596.9700000000003,path_vertex,,,2
14602,11048.0,3094.0,province_center,2342,Yungchow,6
14603,11048.800000000001,2409.6,path_vertex,,,2
14604,11049.0,487.0,sea_point,7158,Lena,2
14605,11049.0,3351.0,sea_point,4035,South China Sea,5
14606,11050.0,2765.0,sea_point,6751,Yangtze River,2
14607,11050.41,4382.82,path_vertex,,,2
14608,11052.0,531.0,sea_point,7160,Lena,2
14609,11052.0,915.0,sea_point,7188,Lena,2
14610,11053.0,595.0,sea_point,7165,Lena,2
14611,11053.02,2383.18,path_vertex,,,2
14612,11053.47,3402.12,path_vertex,,,2
14613,11054.0,612.0,sea_point,7166,Lena,2
14614,11054.0,1578.0,province_center,3044,Tahe,5
14615,11055.0,461.0,province_center,2944,Nayba,3
14616,11055.380000000001,2668.88,path_vertex,,,2
14617,11055.64,1967.63,path_vertex,,,2
14618,11057.0,4765.0,sea_point,5985,Indian Ocean,5
14619,11057.08,2344.5,path_vertex,,,2
14620,11057.31,1634.46,path_vertex,,,2
14621,11057.960000000001,4221.6,path_vertex,,,2
14622,11058.0,948.0,sea_point,7191,Lena,2
14623,11058.0,1215.0,province_center,2965,Aldan,3
14624,11058.0,1229.0,path_vertex,,,2
14625,11059.0,1244.0,province_center,2958,Nizhne-Stalinsk,5
14626,11059.0,1684.0,province_center,3062,Guyuanzhen,5
14627,11059.11,1199.3500000000001,path_vertex,,,2
14628,11059.210000000001,3008.37,path_vertex,,,2
14629,11060.0,3171.2000000000003,path_vertex,,,2
14630,11060.550000000001,4259.34,path_vertex,,,2
14631,11061.0,1185.0,province_center,2955,Nizhny Kuranakh,4
14632,11061.0,4379.0,province_center,2600,Kendawangan,4
14633,11062.130000000001,2805.94,path_vertex,,,2
14634,11062.550000000001,1310.82,path_vertex,,,2
14635,11063.0,4425.0,sea_point,4641,Pacific Ocean,2
14636,11064.0,856.0,sea_point,7185,Lena,2
14637,11064.0,903.0,sea_point,7187,Lena,2
14638,11064.0,1352.0,province_center,2957,Nagorny,4
14639,11064.0,2718.0,province_center,2417,Zhumadian,5
14640,11064.82,2968.37,path_vertex,,,2
14641,11065.0,577.0,sea_point,7164,Lena,2
14642,11065.99,3044.9900000000002,path_vertex,,,2
14643,11066.0,544.0,sea_point,7161,Lena,2
14644,11066.0,2396.0,province_center,2396,Beijing,4
14645,11067.0,956.0,sea_point,7192,Lena,2
14646,11067.0,3288.03,path_vertex,,,2
14647,11067.24,2929.76,path_vertex,,,2
14648,11068.0,3401.0,sea_point,5344,South China Sea,6
14649,11068.0,4565.58,path_vertex,,,2
14650,11069.0,884.0,sea_point,7186,Lena,2
14651,11069.11,2139.48,path_vertex,,,2
14652,11069.26,1906.03,path_vertex,,,2
14653,11069.34,2422.71,path_vertex,,,2
14654,11070.47,3146.1800000000003,path_vertex,,,2
14655,11071.49,1402.49,path_vertex,,,2
14656,11071.5,4584.0,path_vertex,,,2
14657,11072.0,560.0,sea_point,7162,Lena,2
14658,11072.0,822.0,sea_point,7184,Lena,2
14659,11074.44,2227.9500000000003,path_vertex,,,2
14660,11075.28,2867.28,path_vertex,,,2
14661,11076.0,4277.0,province_center,2603,Sanggau,5
14662,11077.29,4312.8,path_vertex,,,2
14663,11077.300000000001,1435.2,path_vertex,,,3
14664,11077.47,3198.0,path_vertex,,,2
14665,11078.0,3996.0,sea_point,8497,South China Sea,5
14666,11079.0,4561.0,province_center,2663,Semarang,5
14667,11080.0,2471.0,province_center,2409,Boading,5
14668,11080.65,2302.44,path_vertex,,,2
14669,11081.0,4174.0,sea_point,5248,South China Sea,4
14670,11081.35,2404.77,path_vertex,,,2
14671,11082.0,628.0,sea_point,7167,Lena,2
14672,11082.6,3264.67,path_vertex,,,2
14673,11082.61,4574.0,path_vertex,,,2
14674,11083.0,812.0,sea_point,7183,Lena,2
14675,11083.0,3884.0,sea_point,5944,South China Sea,7
14676,11083.0,4223.0,province_center,2639,Kuching,4
14677,11083.0,5350.0,sea_point,6723,Indian Ocean,6
14678,11084.0,2994.0,province_center,2345,Hengchow,4
14679,11084.960000000001,4212.1900000000005,path_vertex,,,2
14680,11085.0,4589.0,province_center,2661,Solo,4
14681,11085.08,1504.44,path_vertex,,,2
14682,11086.0,955.0,sea_point,7193,Lena,2
14683,11086.86,2490.89,path_vertex,,,2
14684,11087.0,800.0,sea_point,7182,Lena,2
14685,11087.5,3137.25,path_vertex,,,2
14686,11088.0,645.0,sea_point,7169,Lena,2
14687,11089.0,2977.0,path_vertex,,,2
14688,11090.0,955.0,path_vertex,,,2
14689,11092.0,2763.0,sea_point,6749,Yangtze River,2
14690,11092.0,2915.0,path_vertex,,,2
14691,11092.17,2634.85,path_vertex,,,2
14692,11092.85,3093.51,path_vertex,,,2
14693,11093.0,1476.0,province_center,2974,Tynda,4
14694,11093.1,1846.78,path_vertex,,,2
14695,11094.0,2539.0,province_center,2407,Shijiazhuang,6
14696,11094.0,4623.0,sea_point,5150,Indian Ocean,5
14697,11094.1,4277.42,path_vertex,,,2
14698,11094.880000000001,4534.58,path_vertex,,,2
14699,11095.68,2063.4,path_vertex,,,2
14700,11097.91,2582.13,path_vertex,,,2
14701,11098.0,1011.0,province_center,2964,Pokrovsk,2
14702,11098.460000000001,401.01,path_vertex,,,2
14703,11098.630000000001,4618.0,path_vertex,,,2
14704,11099.0,792.0,sea_point,7181,Lena,2
14705,11099.09,2485.55,path_vertex,,,2
14706,11100.0,2936.0,province_center,2344,Siangtan,6
14707,11100.0,3273.0,province_center,2317,Chaoking,5
14708,11100.6,3221.59,path_vertex,,,2
14709,11101.0,657.0,sea_point,7171,Lena,2
14710,11101.0,2487.0,sea_point,6774,Yellow River,2
14711,11101.82,994.71,path_vertex,,,2
14712,11104.69,2927.54,path_vertex,,,2
14713,11105.0,757.0,sea_point,7179,Lena,2
14714,11105.0,975.0,province_center,2952,Yakutsk,3
14715,11105.0,3645.0,sea_point,5909,South China Sea,6
14716,11105.0,4524.0,sea_point,5160,Java Sea,7
14717,11105.25,4229.55,path_vertex,,,2
14718,11106.0,4264.0,path_vertex,,,2
14719,11107.0,5522.0,sea_point,6731,Indian Ocean,6
14720,11107.02,4314.01,path_vertex,,,2
14721,11108.0,2774.0,sea_point,6554,Yangtze River,2
14722,11108.380000000001,3314.21,path_vertex,,,2
14723,11109.0,739.0,sea_point,7177,Lena,2
14724,11109.0,765.0,sea_point,7180,Lena,2
14725,11109.0,4434.0,sea_point,5283,Java Sea,5
14726,11110.0,2796.0,sea_point,6553,Yangtze River,2
14727,11111.0,2200.0,province_center,2448,Kingpeng,7
14728,11111.0,2912.0,province_center,2329,Changsha,3
14729,11111.0,3328.0,sea_point,4036,South China Sea,5
14730,11111.0,3555.0,sea_point,8559,South China Sea,5
14731,11111.15,3255.77,path_vertex,,,2
14732,11111.53,4252.0,path_vertex,,,2
14733,11111.94,945.5500000000001,path_vertex,,,2
14734,11112.11,2237.7400000000002,path_vertex,,,2
14735,11113.0,223.0,sea_point,8722,Laptev Sea,5
14736,11113.0,2333.0,province_center,1976,Chengteh,6
14737,11113.0,4063.0,sea_point,5993,South China Sea,6
14738,11113.0,4151.0,sea_point,5249,South China Sea,5
14739,11114.08,2655.92,path_vertex,,,2
14740,11115.0,931.0,province_center,2953,Zhataystroy,4
14741,11115.0,4882.0,sea_point,6426,Indian Ocean,6
14742,11116.0,685.0,sea_point,7175,Lena,2
14743,11117.0,2484.0,sea_point,6773,Yellow River,2
14744,11117.15,3269.6800000000003,path_vertex,,,2
14745,11117.300000000001,2129.3,path_vertex,,,2
14746,11118.0,665.0,sea_point,7174,Lena,2
14747,11118.0,2460.41,path_vertex,,,2
14748,11119.0,2819.0,province_center,2337,Kingchow,4
14749,11119.29,4157.71,path_vertex,,,2
14750,11120.19,4383.41,path_vertex,,,2
14751,11121.0,720.0,sea_point,7176,Lena,2
14752,11121.550000000001,2746.09,path_vertex,,,2
14753,11122.0,367.0,sea_point,4178,Laptev Sea,5
14754,11122.0,5148.0,sea_point,6716,Indian Ocean,6
14755,11124.86,3130.79,path_vertex,,,2
14756,11125.210000000001,3044.2000000000003,path_vertex,,,2
14757,11125.84,2369.4700000000003,path_vertex,,,2
14758,11126.89,1690.8400000000001,path_vertex,,,2
14759,11127.710000000001,1156.26,path_vertex,,,2
14760,11127.98,3194.44,path_vertex,,,2
14761,11128.0,2708.7000000000003,path_vertex,,,2
14762,11128.0,4414.0,path_vertex,,,2
14763,11128.44,2869.9,path_vertex,,,2
14764,11130.1,4196.52,path_vertex,,,2
14765,11131.0,4278.0,province_center,2602,Singtang,8
14766,11131.43,1635.94,path_vertex,,,2
14767,11131.49,2561.08,path_vertex,,,2
14768,11131.65,2916.37,path_vertex,,,2
14769,11133.0,3266.0,province_center,2301,Canton,3
14770,11133.48,3249.36,path_vertex,,,2
14771,11134.0,2500.0,sea_point,6772,Yellow River,2
14772,11134.0,3167.0,province_center,2308,Shiuchow,6
14773,11135.0,2629.0,province_center,2411,Jining,8
14774,11135.0,3205.0,province_center,2310,Linping,5
14775,11135.800000000001,4576.650000000001,path_vertex,,,2
14776,11136.630000000001,1763.94,path_vertex,,,2
14777,11137.41,4257.75,path_vertex,,,2
14778,11138.0,3272.0,path_vertex,,,2
14779,11140.0,4446.0,sea_point,4643,Pacific Ocean,2
14780,11140.99,4600.02,path_vertex,,,2
14781,11141.56,1490.95,path_vertex,,,2
14782,11141.84,2929.98,path_vertex,,,2
14783,11142.0,2002.0,province_center,3059,Huolin Gol,8
14784,11144.12,630.99,path_vertex,,,2
14785,11145.0,2579.0,path_vertex,,,2
14786,11146.0,3759.0,sea_point,5923,South China Sea,6
14787,11146.0,4187.0,province_center,2640,Sibu,4
14788,11146.0,5007.0,sea_point,6711,Indian Ocean,5
14789,11146.97,2831.09,path_vertex,,,2
14790,11147.4,4311.03,path_vertex,,,2
14791,11148.0,2565.0,province_center,2398,Jinan,3
14792,11148.0,2814.0,sea_point,6552,Yangtze River,2
14793,11148.66,4587.68,path_vertex,,,2
14794,11149.24,4573.06,path_vertex,,,2
14795,11152.0,3291.0,sea_point,4037,South China Sea,3
14796,11152.5,2540.5,path_vertex,,,2
14797,11153.09,2988.02,path_vertex,,,2
14798,11154.2,2660.4,path_vertex,,,2
14799,11154.39,865.53,path_vertex,,,2
14800,11155.72,2282.73,path_vertex,,,2
14801,11156.17,1392.84,path_vertex,,,2
14802,11157.0,2448.0,province_center,2397,Tianjin,5
14803,11158.210000000001,2239.48,path_vertex,,,2
14804,11159.0,4631.0,sea_point,5152,Indian Ocean,4
14805,11159.460000000001,2645.31,path_vertex,,,2
14806,11160.37,4620.68,path_vertex,,,2
14807,11160.550000000001,2343.77,path_vertex,,,2
14808,11161.0,4603.0,province_center,2665,Malang,6
14809,11161.23,4586.85,path_vertex,,,2
14810,11162.64,1207.8600000000001,path_vertex,,,2
14811,11163.0,4574.0,province_center,2656,Soerabaja,3
14812,11164.0,2766.0,province_center,2324,Teian,4
14813,11165.0,2457.0,path_vertex,,,2
14814,11165.0,2501.0,sea_point,6771,Yellow River,2
14815,11165.0,3092.0,province_center,2331,Kanchow,6
14816,11166.0,2809.0,sea_point,6551,Yangtze River,2
14817,11166.0,4546.0,sea_point,4682,Java Sea,2
14818,11168.0,3005.0,path_vertex,,,3
14819,11168.74,2988.0,path_vertex,,,2
14820,11169.0,2560.0,path_vertex,,,2
14821,11169.0,5678.0,sea_point,6737,Indian Ocean,4
14822,11170.0,4737.0,sea_point,5995,Indian Ocean,9
14823,11170.300000000001,2627.9,path_vertex,,,2
14824,11170.35,2736.42,path_vertex,,,2
14825,11171.0,2653.0,province_center,2413,Xuzhou,3
14826,11171.0,2925.0,province_center,2339,Yuanchow,9
14827,11171.0,4574.650000000001,path_vertex,,,2
14828,11172.14,2788.62,path_vertex,,,2
14829,11173.0,2666.0,path_vertex,,,2
14830,11173.0,2791.0,sea_point,6550,Yangtze River,4
14831,11173.0,3950.0,sea_point,8495,South China Sea,5
14832,11173.4,1901.39,path_vertex,,,2
14833,11174.0,2260.0,province_center,2486,Chihfeng,6
14834,11175.16,4588.16,path_vertex,,,2
14835,11176.53,2793.78,path_vertex,,,2
14836,11177.0,2700.0,province_center,2415,Bengbu,6
14837,11178.56,4162.6900000000005,path_vertex,,,2
14838,11178.59,2886.9,path_vertex,,,2
14839,11178.78,2816.7200000000003,path_vertex,,,2
14840,11179.76,1263.7,path_vertex,,,2
14841,11180.48,3093.08,path_vertex,,,2
14842,11181.35,4415.1,path_vertex,,,2
14843,11182.0,2845.0,province_center,2340,Hanyang,4
14844,11182.0,4125.0,sea_point,5250,South China Sea,4
14845,11182.0,4570.0,sea_point,5158,Java Sea,6
14846,11183.0,2491.0,sea_point,6770,East China Sea,3
14847,11183.0,2568.0,path_vertex,,,2
14848,11183.0,4388.0,province_center,2604,Sampit,6
14849,11184.53,520.41,path_vertex,,,2
14850,11185.0,4439.0,sea_point,5281,Java Sea,5
14851,11187.0,2802.0,province_center,2328,Wuhan,3
14852,11188.0,3485.0,sea_point,8560,South China Sea,6
14853,11188.45,1357.8500000000001,path_vertex,,,2
14854,11189.0,3023.0,path_vertex,,,3
14855,11189.050000000001,4130.05,path_vertex,,,2
14856,11190.0,2977.0,path_vertex,,,2
14857,11190.82,3006.81,path_vertex,,,2
14858,11191.0,4608.52,path_vertex,,,2
14859,11191.6,2642.2000000000003,path_vertex,,,2
14860,11193.0,1296.45,path_vertex,,,2
14861,11193.0,2466.0,sea_point,4065,East China Sea,4
14862,11193.14,2161.07,path_vertex,,,2
14863,11194.0,3259.0,sea_point,4047,South China Sea,3
14864,11194.5,2665.5,path_vertex,,,2
14865,11194.960000000001,4426.76,path_vertex,,,2
14866,11195.6,4239.95,path_vertex,,,3
14867,11196.0,2991.0,province_center,2346,Kian,3
14868,11196.11,2403.04,path_vertex,,,2
14869,11197.0,2555.0,path_vertex,,,3
14870,11200.0,2783.0,sea_point,6549,Yangtze River,2
14871,11200.0,5272.0,sea_point,6445,Indian Ocean,6
14872,11201.04,2043.7,path_vertex,,,2
14873,11202.23,4230.0,path_vertex,,,2
14874,11204.89,4390.22,path_vertex,,,2
14875,11206.0,4141.0,province_center,2641,Bintulu,7
14876,11207.0,4368.03,path_vertex,,,2
14877,11208.0,5444.0,sea_point,6454,Indian Ocean,6
14878,11209.48,2319.01,path_vertex,,,2
14879,11209.5,3014.5,path_vertex,,,2
14880,11210.0,2787.0,sea_point,5118,Yangtze River,2
14881,11210.0,4296.4800000000005,path_vertex,,,2
14882,11210.53,4232.62,path_vertex,,,2
14883,11212.5,3029.5,path_vertex,,,2
14884,11213.0,2629.0,province_center,2414,Linyi,6
14885,11214.0,765.0,province_center,2972,Yunkyur,4
14886,11214.0,1844.0,province_center,3046,Nenjiang,6
14887,11215.0,2800.0,path_vertex,,,2
14888,11215.0,2825.0,path_vertex,,,2
14889,11215.0,3094.0,province_center,2341,Tingchow,4
14890,11215.0,4635.0,sea_point,5153,Indian Ocean,5
14891,11215.77,1746.3700000000001,path_vertex,,,2
14892,11216.0,249.0,sea_point,3837,Laptev Sea,4
14893,11216.0,1699.0,province_center,3063,Beijiangxiang,3
14894,11216.0,2991.0,path_vertex,,,2
14895,11217.09,2909.83,path_vertex,,,2
14896,11222.19,4629.1,path_vertex,,,2
14897,11228.51,1201.91,path_vertex,,,2
14898,11229.83,2592.64,path_vertex,,,2
14899,11230.0,4392.0,province_center,2605,Palangkaraya,5
14900,11231.41,2926.65,path_vertex,,,2
14901,11231.49,3201.92,path_vertex,,,2
14902,11233.0,2359.0,province_center,2487,Qinhuangdao,5
14903,11235.0,3581.0,sea_point,8562,South China Sea,6
14904,11235.0,4615.0,province_center,2662,Banyuwangi,3
14905,11236.0,2785.0,sea_point,5116,Yangtze River,2
14906,11236.0,2899.0,province_center,2330,Nanchang,2
14907,11237.6,2956.4,path_vertex,,,2
14908,11237.69,954.51,path_vertex,,,2
14909,11238.0,2798.0,province_center,2336,Anqing,4
14910,11239.0,1519.0,province_center,2975,Bomnak,5
14911,11239.0,3853.0,sea_point,5936,South China Sea,7
14912,11241.0,2373.0,path_vertex,,,2
14913,11241.0,4458.0,sea_point,5279,Java Sea,6
14914,11241.26,1431.0,path_vertex,,,2
14915,11242.73,3105.63,path_vertex,,,2
14916,11243.630000000001,4597.63,path_vertex,,,2
14917,11245.0,1086.0,province_center,2954,Ust-Maya,6
14918,11245.0,1274.0,province_center,2976,Chagda,8
14919,11245.0,4040.0,sea_point,5253,South China Sea,6
14920,11245.0,4616.0,sea_point,4678,Java Sea,2
14921,11245.14,2172.9700000000003,path_vertex,,,2
14922,11246.0,2498.0,sea_point,4064,East China Sea,4
14923,11246.0,2778.0,sea_point,5112,Yangtze River,2
14924,11246.0,4591.0,sea_point,5156,Java Sea,5
14925,11246.45,852.34,path_vertex,,,2
14926,11246.49,2756.52,path_vertex,,,2
14927,11246.800000000001,4424.6,path_vertex,,,2
14928,11246.95,4222.4,path_vertex,,,2
14929,11247.0,2390.0,sea_point,4068,East China Sea,4
14930,11247.0,4898.0,sea_point,6427,Indian Ocean,6
14931,11248.0,4605.0,sea_point,5155,Java Sea,2
14932,11249.0,3200.0,province_center,2309,Chaochow,3
14933,11249.47,4362.74,path_vertex,,,2
14934,11250.06,2526.9700000000003,path_vertex,,,2
14935,11250.23,2914.85,path_vertex,,,2
14936,11250.54,4445.03,path_vertex,,,2
14937,11252.0,2542.0,province_center,2401,Weifang,6
14938,11252.0,3063.7400000000002,path_vertex,,,2
14939,11253.6,4079.8,path_vertex,,,2
14940,11254.0,3378.0,sea_point,5822,South China Sea,8
14941,11254.0,4639.0,sea_point,5154,Indian Ocean,5
14942,11255.0,2680.7000000000003,path_vertex,,,2
14943,11255.0,5569.0,sea_point,6458,Indian Ocean,6
14944,11256.0,403.0,sea_point,4177,Laptev Sea,5
14945,11256.0,4439.0,province_center,2597,Bandjermasin,3
14946,11256.0,4481.0,sea_point,4645,Pacific Ocean,2
14947,11258.0,2925.0,province_center,2335,Linchwan,6
14948,11259.15,4055.23,path_vertex,,,2
14949,11259.69,3184.57,path_vertex,,,2
14950,11260.0,2880.0,path_vertex,,,2
14951,11260.6,1957.2,path_vertex,,,2
14952,11261.9,838.5,path_vertex,,,2
14953,11261.9,1048.3,path_vertex,,,2
14954,11263.0,5085.0,sea_point,6438,Indian Ocean,7
14955,11264.0,2782.0,sea_point,5107,Yangtze River,2
14956,11264.58,4625.900000000001,path_vertex,,,2
14957,11264.84,1919.88,path_vertex,,,2
14958,11266.0,757.42,path_vertex,,,2
14959,11266.0,4063.0,province_center,2642,Brunei,3
14960,11266.0,4529.0,sea_point,8526,Java Sea,7
14961,11266.08,2600.23,path_vertex,,,2
14962,11266.92,1071.38,path_vertex,,,2
14963,11268.0,4333.0,province_center,2601,Muara Teweh,8
14964,11268.92,3213.77,path_vertex,,,2
14965,11269.5,1998.0,path_vertex,,,2
14966,11270.0,4720.0,sea_point,8509,Indian Ocean,6
14967,11270.32,4431.76,path_vertex,,,2
14968,11271.0,2648.83,path_vertex,,,2
14969,11272.0,2250.65,path_vertex,,,2
14970,11272.56,1100.84,path_vertex,,,2
14971,11273.0,2416.0,sea_point,4071,East China Sea,5
14972,11273.33,435.33,path_vertex,,,2
14973,11274.0,2561.01,path_vertex,,,2
14974,11274.9,2311.4,path_vertex,,,3
14975,11275.0,2779.0,sea_point,5102,Yangtze River,2
14976,11275.0,4613.0,province_center,2615,Singaradja,2
14977,11276.0,2383.0,sea_point,4328,Pacific Ocean,2
14978,11276.12,4608.53,path_vertex,,,2
14979,11276.57,4295.0,path_vertex,,,2
14980,11277.0,2457.0,sea_point,4335,Pacific Ocean,2
14981,11277.47,2533.88,path_vertex,,,2
14982,11277.53,1838.64,path_vertex,,,2
14983,11277.67,4419.33,path_vertex,,,2
14984,11277.77,2204.17,path_vertex,,,2
14985,11279.0,2475.0,sea_point,4341,Pacific Ocean,2
14986,11279.5,4171.5,path_vertex,,,2
14987,11281.0,3222.0,sea_point,4048,South China Sea,6
14988,11281.0,4472.0,sea_point,5277,Java Sea,5
14989,11281.0,4599.0,sea_point,5167,Java Sea,5
14990,11282.0,1935.0,province_center,3065,Qigihar,5
14991,11282.51,4455.83,path_vertex,,,2
14992,11283.07,1611.0,path_vertex,,,2
14993,11283.27,2955.6,path_vertex,,,2
14994,11284.0,2783.0,sea_point,5101,Yangtze River,2
14995,11284.0,4423.0,province_center,2596,Kandagan,5
14996,11288.0,1058.0,province_center,2968,Eldikan,3
14997,11289.06,653.77,path_vertex,,,2
14998,11289.94,1974.22,path_vertex,,,2
14999,11290.0,1034.0,path_vertex,,,2
15000,11290.0,2798.0,sea_point,5099,Yangtze River,2
15001,11290.0,4653.0,sea_point,4674,Indian Ocean,3
15002,11291.0,2348.0,sea_point,4070,East China Sea,3
15003,11291.08,1202.01,path_vertex,,,2
15004,11291.4,4056.2000000000003,path_vertex,,,2
15005,11292.0,4091.0,path_vertex,,,2
15006,11292.15,2551.4700000000003,path_vertex,,,2
15007,11293.5,4373.0,path_vertex,,,2
15008,11293.82,4127.85,path_vertex,,,2
15009,11293.86,2297.89,path_vertex,,,2
15010,11295.0,2111.0,province_center,3058,Tongliao,6
15011,11296.62,1432.69,path_vertex,,,2
15012,11297.0,1639.0,province_center,2980,Oktyabrskiy,4
15013,11297.0,2316.0,path_vertex,,,2
15014,11297.12,2718.44,path_vertex,,,2
15015,11297.41,1914.3500000000001,path_vertex,,,2
15016,11298.0,965.0,province_center,2959,Khandyga,8
15017,11298.0,2581.0,province_center,2399,Rizhao,5
15018,11298.0,2802.0,sea_point,5098,Yangtze River,2
15019,11298.0,3708.0,sea_point,8557,South China Sea,8
15020,11299.800000000001,1079.6,path_vertex,,,2
15021,11300.0,2530.0,province_center,2400,Tsingtao,3
15022,11300.0,3130.0,province_center,2348,Chuanchow,4
15023,11300.0,4180.0,province_center,2611,Long Poera,5
15024,11300.4,2807.8,path_vertex,,,2
15025,11302.5,1552.1200000000001,path_vertex,,,2
15026,11304.0,2795.0,sea_point,5095,Yangtze River,2
15027,11306.48,1366.53,path_vertex,,,2
15028,11306.79,2571.4500000000003,path_vertex,,,2
15029,11307.08,877.25,path_vertex,,,2
15030,11308.35,2542.41,path_vertex,,,2
15031,11309.29,2329.29,path_vertex,,,2
15032,11310.0,4612.0,sea_point,5168,Java Sea,4
15033,11311.0,2991.0,province_center,2347,Kienning,8
15034,11311.04,4296.28,path_vertex,,,2
15035,11311.87,2631.89,path_vertex,,,2
15036,11312.0,2467.0,sea_point,4063,East China Sea,4
15037,11312.0,2749.0,province_center,2323,Nanking,4
15038,11312.23,1593.25,path_vertex,,,2
15039,11313.0,2321.0,province_center,2488,Yingkow,4
15040,11314.0,1952.0,path_vertex,,,2
15041,11314.0,2788.0,sea_point,5086,Yangtze River,2
15042,11315.0,3976.0,sea_point,5254,South China Sea,4
15043,11315.0,4039.0,path_vertex,,,3
15044,11315.87,3108.58,path_vertex,,,2
15045,11317.0,5725.0,sea_point,6466,Indian Ocean,5
15046,11317.34,1285.0,path_vertex,,,2
15047,11317.39,3143.56,path_vertex,,,2
15048,11317.960000000001,4618.28,path_vertex,,,2
15049,11319.0,749.0,province_center,2960,Ese-Khayya,5
15050,11319.0,2298.0,path_vertex,,,2
15051,11319.0,4426.0,path_vertex,,,2
15052,11320.0,2665.0,province_center,2412,Yancheng,5
15053,11320.0,4802.0,sea_point,6004,Indian Ocean,6
15054,11320.74,2854.0,path_vertex,,,2
15055,11321.0,1561.0,province_center,2996,Ogoron,5
15056,11321.06,4164.61,path_vertex,,,2
15057,11323.0,4627.0,province_center,2649,Ampenan,2
15058,11325.0,5366.0,sea_point,6092,Indian Ocean,6
15059,11325.0,5865.0,sea_point,6743,Indian Ocean,3
15060,11325.2,4644.400000000001,path_vertex,,,2
15061,11327.800000000001,3029.01,path_vertex,,,2
15062,11328.0,4607.0,sea_point,4671,Java Sea,2
15063,11329.0,2556.0,sea_point,4060,East China Sea,5
15064,11330.0,3474.0,sea_point,5830,South China Sea,6
15065,11331.0,4655.0,sea_point,5185,Indian Ocean,6
15066,11333.0,5226.0,sea_point,6081,Indian Ocean,6
15067,11334.0,1134.0,province_center,2951,Yugoryonok,7
15068,11334.0,2316.0,path_vertex,,,2
15069,11334.43,2781.79,path_vertex,,,2
15070,11336.0,3158.0,sea_point,4049,South China Sea,6
15071,11336.0,4345.05,path_vertex,,,2
15072,11336.0,4431.0,sea_point,5276,Makassar Strait,5
15073,11336.89,1072.4,path_vertex,,,2
15074,11337.0,2784.0,sea_point,4830,Yangtze River,4
15075,11337.0,3831.0,sea_point,8558,South China Sea,7
15076,11338.880000000001,2786.87,path_vertex,,,2
15077,11338.91,2929.6,path_vertex,,,2
15078,11339.0,2272.0,province_center,2538,Mukden,5
15079,11341.0,2425.0,sea_point,4076,East China Sea,4
15080,11341.4,4204.39,path_vertex,,,2
15081,11342.75,1727.93,path_vertex,,,2
15082,11343.28,4314.04,path_vertex,,,2
15083,11344.0,3068.0,province_center,2332,Foochow,4
15084,11346.0,2771.0,sea_point,4828,Yangtze River,2
15085,11347.0,4347.0,sea_point,5273,Makassar Strait,4
15086,11348.35,687.7,path_vertex,,,3
15087,11349.0,296.0,sea_point,3944,Laptev Sea,4
15088,11349.0,1831.0,province_center,3045,Sunwu,5
15089,11349.0,3933.0,sea_point,4638,Pacific Ocean,2
15090,11349.0,4614.0,sea_point,5199,Java Sea,4
15091,11349.36,644.89,path_vertex,,,2
15092,11349.74,2960.04,path_vertex,,,2
15093,11350.300000000001,4126.2,path_vertex,,,3
15094,11351.09,2152.0,path_vertex,,,2
15095,11351.86,4624.81,path_vertex,,,2
15096,11352.0,4297.0,province_center,2608,Samarinda,3
15097,11352.0,4641.0,province_center,2648,Taliwang,2
15098,11352.61,1790.83,path_vertex,,,2
15099,11356.0,1753.0,province_center,2981,Blagoveshchensk,4
15100,11356.0,2813.0,province_center,2333,Hangchow,6
15101,11356.0,3078.57,path_vertex,,,2
15102,11356.0,5491.0,sea_point,6101,Indian Ocean,6
15103,11356.2,4282.0,path_vertex,,,2
15104,11359.0,3974.0,province_center,2643,Kudat,3
15105,11360.050000000001,2083.42,path_vertex,,,2
15106,11360.83,2223.76,path_vertex,,,2
15107,11361.0,4548.0,sea_point,8532,Flores Sea,5
15108,11362.0,601.0,province_center,2963,Batagay,6
15109,11362.56,2657.56,path_vertex,,,2
15110,11362.800000000001,2112.4,path_vertex,,,2
15111,11363.130000000001,2277.4900000000002,path_vertex,,,2
15112,11363.81,3011.57,path_vertex,,,2
15113,11364.0,2761.0,sea_point,4758,Yangtze River,2
15114,11364.0,2768.0,sea_point,4812,Yangtze River,2
15115,11367.1,1994.3,path_vertex,,,2
15116,11369.300000000001,2812.18,path_vertex,,,2
15117,11370.02,1901.4,path_vertex,,,2
15118,11371.0,2752.0,sea_point,5085,Yangtze River,2
15119,11371.0,3233.0,sea_point,8566,South China Sea,5
15120,11371.02,4089.02,path_vertex,,,2
15121,11371.5,2878.82,path_vertex,,,2
15122,11372.0,3092.0,sea_point,4050,South China Sea,5
15123,11373.0,1983.0,province_center,3064,Sartu,6
15124,11373.0,3946.0,sea_point,5259,South China Sea,4
15125,11373.0,4115.0,province_center,2607,Tarakan,4
15126,11374.4,2724.8,path_vertex,,,2
15127,11375.0,1414.4,path_vertex,,,3
15128,11375.29,520.63,path_vertex,,,2
15129,11375.6,4305.2,path_vertex,,,2
15130,11376.0,3976.56,path_vertex,,,2
15131,11379.0,4466.0,sea_point,8525,Flores Sea,8
15132,11380.0,4648.0,path_vertex,,,2
15133,11380.0,4914.0,sea_point,6428,Indian Ocean,6
15134,11380.15,4172.85,path_vertex,,,2
15135,11382.0,4335.0,sea_point,4647,Makassar Strait,2
15136,11382.04,2784.21,path_vertex,,,2
15137,11382.42,647.1800000000001,path_vertex,,,2
15138,11383.0,2175.0,province_center,3054,Liaoyang,8
15139,11383.0,2744.0,sea_point,5082,Yangtze River,2
15140,11383.0,2932.0,province_center,2334,Wenchow,4
15141,11383.0,3019.0,sea_point,4051,East China Sea,5
15142,11385.0,3319.0,sea_point,8564,South China Sea,6
15143,11386.0,2653.0,sea_point,4058,East China Sea,6
15144,11386.0,4113.65,path_vertex,,,2
15145,11386.0,4231.0,province_center,2606,Kalolokan,6
15146,11387.0,2483.0,sea_point,8660,East China Sea,6
15147,11387.0,4657.0,sea_point,5186,Indian Ocean,5
15148,11387.83,1992.21,path_vertex,,,2
15149,11389.0,4739.0,sea_point,8510,Indian Ocean,7
15150,11389.44,2140.13,path_vertex,,,2
15151,11390.0,2372.0,sea_point,4073,East China Sea,4
15152,11390.0,4310.0,sea_point,5271,Makassar Strait,5
15153,11391.0,501.0,province_center,2956,Nizhneyansk,3
15154,11393.0,4600.0,sea_point,5196,Flores Sea,5
15155,11393.41,602.54,path_vertex,,,2
15156,11394.0,2938.02,path_vertex,,,2
15157,11394.42,1012.02,path_vertex,,,2
15158,11395.0,2114.0,province_center,3041,Hsinking,3
15159,11395.0,3978.0,sea_point,5258,Celebes Sea,3
15160,11395.29,486.28000000000003,path_vertex,,,2
15161,11395.64,2357.84,path_vertex,,,2
15162,11396.0,2767.0,province_center,2321,Shanghai,2
15163,11396.84,4251.0,path_vertex,,,2
15164,11398.73,525.65,path_vertex,,,2
15165,11400.47,1095.6000000000001,path_vertex,,,2
15166,11402.0,4262.0,sea_point,5270,Makassar Strait,4
15167,11403.0,5616.0,sea_point,6110,Indian Ocean,7
15168,11403.16,2086.15,path_vertex,,,2
15169,11404.51,1226.33,path_vertex,,,2
15170,11404.81,2757.08,path_vertex,,,2
15171,11405.550000000001,1955.2,path_vertex,,,3
15172,11405.64,2233.64,path_vertex,,,2
15173,11407.0,441.0,sea_point,4176,Laptev Sea,5
15174,11407.0,4115.0,sea_point,5266,Celebes Sea,5
15175,11409.0,603.0,province_center,2967,Verkhoyansk,6
15176,11409.0,2061.0,province_center,3053,Dehui,10
15177,11410.0,4611.0,sea_point,5195,Flores Sea,2
15178,11411.0,5070.0,sea_point,6068,Indian Ocean,7
15179,11412.49,2038.72,path_vertex,,,2
15180,11413.0,3601.0,sea_point,5371,South China Sea,6
15181,11416.27,4219.18,path_vertex,,,2
15182,11417.0,2013.0,province_center,3039,Harbin,3
15183,11418.0,2951.0,sea_point,4052,East China Sea,5
15184,11419.0,4398.0,sea_point,5304,Makassar Strait,7
15185,11420.0,2740.0,sea_point,4057,East China Sea,6
15186,11420.85,1870.17,path_vertex,,,2
15187,11421.0,3185.0,sea_point,5348,South China Sea,5
15188,11421.58,1606.04,path_vertex,,,2
15189,11423.0,3123.0,sea_point,3314,South China Sea,5
15190,11423.380000000001,1577.76,path_vertex,,,2
15191,11425.0,4215.0,sea_point,5268,Celebes Sea,4
15192,11425.08,1970.38,path_vertex,,,2
15193,11426.0,4017.0,sea_point,5260,Celebes Sea,3
15194,11427.0,2291.0,province_center,2537,Huanren,7
15195,11427.0,5943.0,sea_point,6746,Indian Ocean,5
15196,11428.0,2410.0,sea_point,4077,East China Sea,6
15197,11429.0,2565.0,sea_point,8656,East China Sea,7
15198,11430.0,4603.0,sea_point,5194,Flores Sea,2
15199,11432.27,2122.35,path_vertex,,,2
15200,11433.050000000001,2197.7400000000002,path_vertex,,,2
15201,11435.48,2306.58,path_vertex,,,2
15202,11436.0,3521.0,sea_point,5374,South China Sea,4
15203,11436.0,4518.0,sea_point,5311,Flores Sea,6
15204,11437.0,2806.0,sea_point,4054,East China Sea,6
15205,11437.85,3120.4500000000003,path_vertex,,,2
15206,11438.0,3181.92,path_vertex,,,2
15207,11439.0,3419.0,sea_point,5216,South China Sea,7
15208,11440.0,3065.0,sea_point,3325,East China Sea,5
15209,11440.0,4387.0,path_vertex,,,2
15210,11440.0,4673.0,sea_point,5207,Indian Ocean,4
15211,11440.0,4817.0,sea_point,6013,Indian Ocean,6
15212,11440.11,1476.6000000000001,path_vertex,,,2
15213,11441.0,2376.0,sea_point,4072,East China Sea,4
15214,11441.0,2467.0,sea_point,4081,East China Sea,5
15215,11441.97,2265.16,path_vertex,,,2
15216,11442.0,2885.0,sea_point,4355,Pacific Ocean,2
15217,11442.56,2356.0,path_vertex,,,2
15218,11444.0,2324.0,province_center,2524,Shingishu,4
15219,11444.47,2037.88,path_vertex,,,2
15220,11445.0,4614.0,sea_point,5192,Flores Sea,3
15221,11445.82,1909.8500000000001,path_vertex,,,2
15222,11446.0,4439.0,sea_point,5307,Makassar Strait,5
15223,11447.0,1581.0,province_center,2990,Chegdomyn,5
15224,11447.0,3179.0,province_center,2576,Takow,2
15225,11447.0,4384.0,province_center,2619,Deking,6
15226,11448.0,2002.0,path_vertex,,,2
15227,11448.32,3151.23,path_vertex,,,2
15228,11449.0,3118.0,province_center,2575,Taichū,4
15229,11450.0,4567.0,sea_point,8534,Flores Sea,4
15230,11450.0,4640.0,sea_point,5191,Indian Ocean,2
15231,11450.630000000001,4415.33,path_vertex,,,2
15232,11451.0,2402.29,path_vertex,,,2
15233,11451.0,4485.0,sea_point,5310,Flores Sea,5
15234,11451.06,1937.94,path_vertex,,,2
15235,11452.47,3104.0,path_vertex,,,2
15236,11452.72,3601.91,path_vertex,,,2
15237,11453.23,1513.28,path_vertex,,,2
15238,11453.76,3075.94,path_vertex,,,2
15239,11454.51,2171.7200000000003,path_vertex,,,2
15240,11455.5,4491.5,path_vertex,,,2
15241,11455.77,3437.06,path_vertex,,,2
15242,11456.0,1997.0,province_center,3052,Tonghe,5
15243,11456.0,4297.0,sea_point,5302,Makassar Strait,5
15244,11457.960000000001,1177.3700000000001,path_vertex,,,2
15245,11458.0,5787.0,sea_point,6122,Indian Ocean,7
15246,11458.85,2290.77,path_vertex,,,2
15247,11459.0,3229.0,sea_point,3431,South China Sea,7
15248,11459.0,4483.0,path_vertex,,,2
15249,11459.28,2367.92,path_vertex,,,2
15250,11459.4,3547.6,path_vertex,,,2
15251,11461.9,4435.71,path_vertex,,,2
15252,11462.0,1892.0,province_center,3048,Yichun,7
15253,11462.0,2398.0,province_center,2525,Shinnampo,5
15254,11462.0,4498.0,province_center,2612,Makassar,2
15255,11463.0,3671.0,sea_point,4367,South China Sea,2
15256,11464.0,3445.0,province_center,2565,Laoag,4
15257,11464.0,5308.0,sea_point,4599,Indian Ocean,5
15258,11464.14,4413.91,path_vertex,,,2
15259,11465.0,3082.0,province_center,2574,Taoyuan,3
15260,11465.0,5218.0,sea_point,4600,Indian Ocean,4
15261,11465.58,2099.37,path_vertex,,,2
15262,11465.79,3504.55,path_vertex,,,2
15263,11465.82,4348.9400000000005,path_vertex,,,2
15264,11466.0,1457.0,province_center,2993,Ekimchan,5
15265,11466.0,4488.0,path_vertex,,,2
15266,11466.95,2350.05,path_vertex,,,2
15267,11466.98,1344.66,path_vertex,,,2
15268,11467.0,1307.0,province_center,2995,Nelkan,5
15269,11467.0,3556.0,province_center,2561,Dagupan,4
15270,11467.0,4240.0,sea_point,5300,Celebes Sea,4
15271,11467.0,4654.0,sea_point,5204,Indian Ocean,4
15272,11467.0,5390.0,sea_point,4468,Indian Ocean,2
15273,11467.7,1652.49,path_vertex,,,2
15274,11468.23,2382.26,path_vertex,,,2
15275,11468.710000000001,3569.0,path_vertex,,,2
15276,11469.0,2068.53,path_vertex,,,2
15277,11469.0,2213.0,province_center,3055,Tonghua,6
15278,11469.0,3700.0,sea_point,5379,South China Sea,5
15279,11469.0,4039.0,sea_point,5261,Celebes Sea,5
15280,11469.0,4625.0,sea_point,5198,Flores Sea,2
15281,11470.0,4479.0,province_center,2617,Maros,4
15282,11470.0,4638.0,sea_point,4667,Flores Sea,2
15283,11470.31,3073.54,path_vertex,,,2
15284,11471.0,3591.0,province_center,2482,Angeles,5
15285,11471.0,4681.0,sea_point,5209,Indian Ocean,3
15286,11471.85,4677.2300000000005,path_vertex,,,2
15287,11472.0,3036.0,sea_point,3335,East China Sea,6
15288,11472.0,3634.0,sea_point,5370,South China Sea,4
15289,11473.5,4366.5,path_vertex,,,2
15290,11475.0,1051.0,province_center,2971,Allakh-Yun,5
15291,11475.0,2360.0,province_center,2535,Anshu,7
15292,11475.0,3840.0,sea_point,4813,South China Sea,5
15293,11475.5,2387.5,path_vertex,,,2
15294,11475.74,4294.89,path_vertex,,,2
15295,11476.380000000001,5313.64,path_vertex,,,2
15296,11476.59,4462.0,path_vertex,,,2
15297,11477.0,3064.0,province_center,2573,Taipei,2
15298,11477.0,4670.0,province_center,2652,Waingapu,2
15299,11478.0,3597.0,path_vertex,,,2
15300,11478.0,3660.0,sea_point,5367,South China Sea,4
15301,11479.0,2368.0,path_vertex,,,2
15302,11480.0,3179.0,sea_point,3429,South China Sea,4
15303,11480.0,4933.0,sea_point,8481,Indian Ocean,6
15304,11480.4,3120.2000000000003,path_vertex,,,2
15305,11481.0,312.0,sea_point,3969,Laptev Sea,4
15306,11481.22,2427.78,path_vertex,,,2
15307,11481.630000000001,4665.99,path_vertex,,,2
15308,11482.0,3337.0,sea_point,8623,South China Sea,5
15309,11482.0,3625.0,sea_point,4360,South China Sea,2
15310,11482.0,4446.0,province_center,2620,Singkang,5
15311,11482.0,5452.0,sea_point,4602,Indian Ocean,5
15312,11482.56,1095.63,path_vertex,,,2
15313,11482.85,1246.95,path_vertex,,,2
15314,11483.0,2380.0,province_center,2517,Heijo,3
15315,11483.26,2308.35,path_vertex,,,2
15316,11483.33,1980.14,path_vertex,,,2
15317,11484.51,1544.08,path_vertex,,,2
15318,11485.0,4379.0,path_vertex,,,2
15319,11486.0,3063.0,path_vertex,,,2
15320,11486.0,3121.0,sea_point,3424,Pacific Ocean,5
15321,11486.0,4358.0,province_center,2618,Wono,3
15322,11486.5,878.0,path_vertex,,,2
15323,11486.59,3612.0,path_vertex,,,2
15324,11487.37,2394.9500000000003,path_vertex,,,2
15325,11488.0,3608.0,province_center,1735,Manila,3
15326,11488.0,3911.0,sea_point,8570,South China Sea,8
15327,11488.0,4339.0,path_vertex,,,2
15328,11488.0,4657.0,sea_point,5203,Indian Ocean,4
15329,11488.72,1929.02,path_vertex,,,2
15330,11488.76,2452.92,path_vertex,,,2
15331,11489.0,2440.0,province_center,2526,Kaishu,5
15332,11489.0,4607.0,sea_point,5220,Flores Sea,6
15333,11489.0,4689.0,sea_point,5217,Indian Ocean,4
15334,11490.0,2741.0,sea_point,8668,East China Sea,6
15335,11490.0,4301.0,province_center,2616,Palu,6
15336,11490.15,811.03,path_vertex,,,2
15337,11491.6,2369.2000000000003,path_vertex,,,2
15338,11492.0,4491.0,path_vertex,,,2
15339,11492.11,4271.7,path_vertex,,,2
15340,11492.54,3689.09,path_vertex,,,2
15341,11492.67,2253.67,path_vertex,,,2
15342,11493.0,3407.0,sea_point,4388,South China Sea,2
15343,11493.85,4406.2300000000005,path_vertex,,,2
15344,11494.0,2384.0,path_vertex,,,2
15345,11494.0,3655.0,sea_point,4362,South China Sea,2
15346,11495.0,3461.0,path_vertex,,,2
15347,11495.0,3488.0,path_vertex,,,2
15348,11496.0,2669.0,sea_point,4084,East China Sea,6
15349,11496.62,4368.92,path_vertex,,,2
15350,11496.630000000001,1044.28,path_vertex,,,2
15351,11497.0,1190.0,province_center,2994,Aim,6
15352,11497.0,2936.0,sea_point,8654,East China Sea,6
15353,11497.0,6052.0,sea_point,6971,Indian Ocean,3
15354,11498.0,846.0,path_vertex,,,2
15355,11498.0,3588.0,path_vertex,,,2
15356,11498.0,4537.0,sea_point,5313,Flores Sea,6
15357,11498.91,3617.85,path_vertex,,,2
15358,11499.0,3730.0,sea_point,4366,South China Sea,3
15359,11499.0,4680.0,sea_point,5219,Indian Ocean,2
15360,11499.0,5031.0,sea_point,8480,Indian Ocean,4
15361,11500.0,5324.0,province_center,2704,Carnavon,5
15362,11500.43,1431.8600000000001,path_vertex,,,2
15363,11501.4,2419.0,path_vertex,,,2
15364,11501.5,3650.83,path_vertex,,,2
15365,11502.0,3058.0,sea_point,3374,Pacific Ocean,5
15366,11502.300000000001,4438.1,path_vertex,,,2
15367,11502.7,3505.78,path_vertex,,,2
15368,11503.0,2483.0,sea_point,4080,East China Sea,4
15369,11503.34,1700.69,path_vertex,,,2
15370,11503.53,1466.18,path_vertex,,,2
15371,11504.880000000001,4296.72,path_vertex,,,2
15372,11505.08,4353.62,path_vertex,,,2
15373,11506.0,3467.0,province_center,2477,Tuguegarao,2
15374,11506.0,3646.0,province_center,2479,Batangas City,3
15375,11506.0,4378.0,province_center,2621,Masamba,7
15376,11506.37,958.37,path_vertex,,,2
15377,11506.68,2048.64,path_vertex,,,2
15378,11508.0,3627.0,path_vertex,,,3
15379,11508.53,4385.83,path_vertex,,,2
15380,11509.0,3579.0,path_vertex,,,2
15381,11509.0,4773.0,sea_point,8511,Indian Ocean,7
15382,11509.6,3477.2000000000003,path_vertex,,,2
15383,11510.0,3681.0,province_center,2478,Naujan,2
15384,11510.2,1660.1000000000001,path_vertex,,,2
15385,11510.54,780.69,path_vertex,,,2
15386,11512.0,1961.0,province_center,3051,Yilan,7
15387,11513.0,3490.0,province_center,2577,Cauayan,4
15388,11513.0,3607.0,path_vertex,,,2
15389,11514.0,2533.0,sea_point,4082,East China Sea,5
15390,11514.0,5454.0,path_vertex,,,2
15391,11514.1,4228.25,path_vertex,,,2
15392,11514.86,2190.94,path_vertex,,,2
15393,11515.94,1675.51,path_vertex,,,2
15394,11516.0,2294.0,province_center,2523,Choshin,6
15395,11516.0,4399.0,sea_point,5318,Gulf of Boni,3
15396,11516.0,4438.0,sea_point,5317,Gulf of Boni,3
15397,11516.92,1920.82,path_vertex,,,2
15398,11518.0,2386.0,province_center,2536,Jipyeong-ri,6
15399,11518.0,3576.0,sea_point,5274,Pacific Ocean,3
15400,11518.4,3672.6,path_vertex,,,2
15401,11519.0,822.0,province_center,2973,Khonuu,5
15402,11519.0,4284.0,sea_point,5296,Maluku Sea,4
15403,11519.0,4502.0,sea_point,5315,Gulf of Boni,4
15404,11519.0,5507.0,sea_point,4603,Indian Ocean,5
15405,11520.0,4470.0,sea_point,5316,Gulf of Boni,3
15406,11521.5,2331.0,path_vertex,,,2
15407,11521.800000000001,855.4,path_vertex,,,2
15408,11523.0,2826.0,sea_point,8665,East China Sea,6
15409,11523.0,5454.0,province_center,2692,Geraldton,4
15410,11523.5,5272.39,path_vertex,,,2
15411,11523.85,2440.1,path_vertex,,,4
15412,11524.0,903.0,province_center,2970,Ust-Nera,6
15413,11525.0,1693.0,province_center,2982,Khabarovsk,2
15414,11525.0,4251.0,sea_point,4650,Makassar Strait,2
15415,11525.9,5433.3,path_vertex,,,2
15416,11526.0,3665.0,sea_point,5364,Pacific Ocean,5
15417,11526.32,1322.23,path_vertex,,,2
15418,11527.1,5387.2,path_vertex,,,2
15419,11528.0,1948.0,path_vertex,,,2
15420,11528.0,2603.0,sea_point,4083,East China Sea,4
15421,11528.880000000001,5470.84,path_vertex,,,2
15422,11529.0,3738.0,sea_point,5475,South China Sea,4
15423,11529.02,5501.83,path_vertex,,,2
15424,11529.18,4380.21,path_vertex,,,2
15425,11529.7,4355.65,path_vertex,,,3
15426,11530.0,4187.0,sea_point,5299,Celebes Sea,6
15427,11530.41,2481.88,path_vertex,,,2
15428,11531.0,1752.68,path_vertex,,,2
15429,11532.0,5162.0,sea_point,4597,Indian Ocean,6
15430,11533.47,4391.4400000000005,path_vertex,,,2
15431,11534.0,2542.9700000000003,path_vertex,,,2
15432,11534.0,3642.0,path_vertex,,,2
15433,11534.0,3655.0,sea_point,4363,Pacific Ocean,2
15434,11535.0,4317.0,sea_point,5297,Maluku Sea,3
15435,11535.550000000001,4327.0,path_vertex,,,2
15436,11536.0,3668.0,path_vertex,,,2
15437,11536.31,2446.7200000000003,path_vertex,,,2
15438,11537.79,544.29,path_vertex,,,2
15439,11538.6,1277.4,path_vertex,,,2
15440,11538.78,2028.25,path_vertex,,,2
15441,11538.880000000001,796.29,path_vertex,,,2
15442,11539.0,4389.0,province_center,2613,Lelewaoe,4
15443,11539.29,2377.14,path_vertex,,,2
15444,11540.0,3696.0,sea_point,5383,Pacific Ocean,3
15445,11540.0,4849.0,sea_point,6037,Indian Ocean,6
15446,11540.16,2251.7400000000002,path_vertex,,,2
15447,11540.59,2360.35,path_vertex,,,2
15448,11540.710000000001,2470.59,path_vertex,,,2
15449,11541.11,2602.68,path_vertex,,,2
15450,11541.24,5321.900000000001,path_vertex,,,2
15451,11541.5,756.5,path_vertex,,,2
15452,11542.0,3422.0,sea_point,5242,Pacific Ocean,6
15453,11542.0,3483.0,path_vertex,,,2
15454,11542.0,3669.0,province_center,2480,Boac,2
15455,11542.0,5493.0,province_center,2698,Dongara,6
15456,11542.210000000001,1984.24,path_vertex,,,2
15457,11544.0,426.0,sea_point,4175,Laptev Sea,5
15458,11545.0,2712.0,sea_point,3709,East China Sea,7
15459,11545.0,4070.0,sea_point,8583,Celebes Sea,6
15460,11545.0,5692.0,sea_point,4607,Indian Ocean,4
15461,11545.77,4333.15,path_vertex,,,2
15462,11545.81,1816.71,path_vertex,,,2
15463,11546.0,5452.0,path_vertex,,,2
15464,11546.31,450.0,path_vertex,,,2
15465,11546.460000000001,2410.2000000000003,path_vertex,,,2
15466,11546.73,1079.94,path_vertex,,,2
15467,11547.0,1933.0,province_center,3040,Kiamusze,3
15468,11547.04,2696.81,path_vertex,,,2
15469,11548.0,1716.0,province_center,2983,Bikinskaya,3
15470,11548.0,2455.0,province_center,2516,Keijo,3
15471,11548.0,3482.0,sea_point,5252,Pacific Ocean,3
15472,11548.0,3664.0,path_vertex,,,2
15473,11549.0,2387.0,path_vertex,,,2
15474,11549.0,2549.0,province_center,2531,Kunsan,4
15475,11549.47,5196.04,path_vertex,,,2
15476,11549.800000000001,2436.4,path_vertex,,,2
15477,11550.0,3784.0,sea_point,5472,South China Sea,4
15478,11550.0,4639.0,province_center,2650,Ende,2
15479,11550.2,2466.6,path_vertex,,,2
15480,11550.2,2528.6,path_vertex,,,2
15481,11550.84,4642.0,path_vertex,,,2
15482,11551.0,1476.0,province_center,3005,Zlatoustovsk,5
15483,11551.0,2484.0,province_center,2533,Seikwan,7
15484,11551.0,2689.0,province_center,3295,Jeju,2
15485,11551.0,5881.0,sea_point,6473,Indian Ocean,5
15486,11551.07,2353.69,path_vertex,,,2
15487,11552.0,537.0,province_center,2961,Chokurdakh,6
15488,11552.0,3513.0,sea_point,5257,Pacific Ocean,5
15489,11552.0,3659.0,sea_point,5360,Pacific Ocean,4
15490,11552.0,3728.0,sea_point,4365,South China Sea,2
15491,11552.0,4650.0,sea_point,5228,Indian Ocean,6
15492,11553.0,5204.0,province_center,2713,Onslow,5
15493,11553.880000000001,3655.88,path_vertex,,,2
15494,11554.0,2370.0,province_center,2534,Gensan,5
15495,11554.0,5723.0,sea_point,4465,Indian Ocean,2
15496,11554.04,2291.05,path_vertex,,,2
15497,11554.800000000001,4444.51,path_vertex,,,2
15498,11555.0,3651.0,province_center,2590,Catanauan,3
15499,11555.0,3814.0,sea_point,5476,South China Sea,3
15500,11555.97,2565.2200000000003,path_vertex,,,2
15501,11556.0,3026.0,sea_point,8636,East China Sea,7
15502,11556.0,5612.0,sea_point,4604,Indian Ocean,4
15503,11556.06,3783.29,path_vertex,,,2
15504,11557.0,4290.0,sea_point,5333,Maluku Sea,5
15505,11557.65,4304.9400000000005,path_vertex,,,2
15506,11558.0,2078.0,province_center,3056,Botankou,6
15507,11558.49,2211.14,path_vertex,,,2
15508,11558.92,3045.0,path_vertex,,,2
15509,11559.08,984.47,path_vertex,,,2
15510,11559.800000000001,1904.6000000000001,path_vertex,,,2
15511,11560.0,3052.0,province_center,3276,Ishigaki,2
15512,11560.050000000001,4626.05,path_vertex,,,2
15513,11560.09,2679.0,path_vertex,,,2
15514,11560.17,1957.93,path_vertex,,,2
15515,11560.36,2099.93,path_vertex,,,2
15516,11560.6,3058.0,path_vertex,,,2
15517,11560.62,2451.92,path_vertex,,,2
15518,11561.0,1786.4,path_vertex,,,2
15519,11561.4,5402.24,path_vertex,,,2
15520,11561.710000000001,2471.0,path_vertex,,,2
15521,11561.99,2377.0,path_vertex,,,2
15522,11562.0,3072.0,sea_point,3439,Pacific Ocean,6
15523,11562.0,4312.0,province_center,2622,Ampana,3
15524,11563.0,1800.0,province_center,2987,Vyazemsky,6
15525,11563.41,2357.65,path_vertex,,,2
15526,11564.0,2165.0,province_center,3057,Yanbian,6
15527,11564.0,3840.0,sea_point,5489,South China Sea,5
15528,11564.0,4480.0,province_center,2614,Poleang,3
15529,11564.0,4620.0,sea_point,5222,Flores Sea,4
15530,11565.0,3638.0,path_vertex,,,2
15531,11565.4,1940.2,path_vertex,,,2
15532,11566.0,3684.0,sea_point,5359,Pacific Ocean,3
15533,11567.0,4495.0,path_vertex,,,2
15534,11568.0,4563.0,sea_point,6015,Flores Sea,6
15535,11569.0,2692.0,sea_point,4323,Pacific Ocean,2
15536,11569.0,3971.0,sea_point,5431,Celebes Sea,7
15537,11570.0,5611.86,path_vertex,,,2
15538,11571.0,1217.96,path_vertex,,,2
15539,11571.0,2601.0,province_center,2530,Koshu,5
15540,11571.0,2667.0,sea_point,4085,East China Sea,6
15541,11571.0,4731.0,sea_point,5243,Indian Ocean,6
15542,11572.0,3638.9900000000002,path_vertex,,,2
15543,11573.0,1019.0,province_center,3020,Oymyakon,6
15544,11574.960000000001,1429.07,path_vertex,,,2
15545,11574.960000000001,5590.66,path_vertex,,,2
15546,11575.0,2907.0,sea_point,8666,East China Sea,7
15547,11575.16,5474.66,path_vertex,,,2
15548,11575.25,3965.11,path_vertex,,,2
15549,11576.0,2451.0,province_center,2527,Shunsen,5
15550,11576.54,1879.0900000000001,path_vertex,,,2
15551,11577.0,3924.0,sea_point,5430,South China Sea,4
15552,11577.01,2044.8300000000002,path_vertex,,,2
15553,11578.0,3152.0,sea_point,8637,Pacific Ocean,5
15554,11578.0,4357.0,sea_point,4665,Banda Sea,2
15555,11578.0,4516.0,sea_point,5324,Flores Sea,7
15556,11578.23,4387.59,path_vertex,,,2
15557,11579.16,2428.54,path_vertex,,,2
15558,11580.0,2237.0,path_vertex,,,2
15559,11581.0,2386.0,province_center,2519,Kojo,6
15560,11583.0,3733.0,sea_point,5393,Pacific Ocean,4
15561,11583.0,3751.0,path_vertex,,,2
15562,11583.0,4717.0,sea_point,5244,Indian Ocean,2
15563,11584.0,3780.0,province_center,2585,Iloilo City,3
15564,11584.0,4643.0,sea_point,5227,Indian Ocean,2
15565,11584.0,5610.0,province_center,2689,Perth,4
15566,11584.5,2377.5,path_vertex,,,2
15567,11585.5,2623.25,path_vertex,,,2
15568,11586.0,3669.0,sea_point,5358,Pacific Ocean,4
15569,11586.0,3955.0,province_center,2580,Zamboanga,2
15570,11587.0,1945.0,province_center,3049,Shuangyashan,7
15571,11587.0,3803.0,sea_point,4617,Pacific Ocean,2
15572,11590.0,2020.0,province_center,3050,Qitaihe,5
15573,11590.0,2995.0,sea_point,3547,East China Sea,5
15574,11590.36,4442.36,path_vertex,,,2
15575,11590.73,1979.0,path_vertex,,,2
15576,11590.800000000001,2488.2000000000003,path_vertex,,,3
15577,11591.0,3317.0,sea_point,8624,Pacific Ocean,6
15578,11591.0,5629.0,path_vertex,,,2
15579,11591.08,3661.81,path_vertex,,,2
15580,11592.0,3651.0,province_center,2578,Naga,3
15581,11592.67,2485.33,path_vertex,,,2
15582,11593.0,4386.0,sea_point,5327,Banda Sea,4
15583,11593.17,3642.58,path_vertex,,,2
15584,11593.34,2525.42,path_vertex,,,2
15585,11594.0,4730.0,sea_point,4707,Persian Gulf,2
15586,11595.0,4794.0,sea_point,8512,Indian Ocean,6
15587,11596.65,1329.25,path_vertex,,,3
15588,11596.9,3006.3,path_vertex,,,2
15589,11597.0,3043.0,sea_point,3546,Pacific Ocean,5
15590,11597.0,3615.0,sea_point,3334,Pacific Ocean,5
15591,11597.95,3931.85,path_vertex,,,2
15592,11598.0,2356.0,sea_point,4092,Sea of Japan,5
15593,11598.0,6130.0,sea_point,7170,Indian Ocean,4
15594,11598.09,2488.37,path_vertex,,,2
15595,11598.2,2450.04,path_vertex,,,2
15596,11598.45,3028.82,path_vertex,,,2
15597,11599.0,3794.0,province_center,2588,Bacolod,1
15598,11599.0,4429.0,sea_point,5326,Banda Sea,4
15599,11599.25,2576.6,path_vertex,,,2
15600,11601.0,2286.0,province_center,2522,Joshin,5
15601,11601.0,2643.0,sea_point,4086,Sea of Japan,4
15602,11602.0,3020.0,province_center,3275,Miyakojima,3
15603,11602.11,4338.4400000000005,path_vertex,,,2
15604,11603.0,2548.92,path_vertex,,,2
15605,11603.0,3765.38,path_vertex,,,2
15606,11603.65,2260.41,path_vertex,,,2
15607,11604.0,5457.0,province_center,2708,Yalgoo,6
15608,11604.54,5604.6900000000005,path_vertex,,,2
15609,11604.800000000001,5571.55,path_vertex,,,2
15610,11605.0,2243.0,province_center,2520,Seishin,3
15611,11605.0,4259.0,sea_point,5337,Maluku Sea,4
15612,11605.0,4603.0,sea_point,5224,Banda Sea,5
15613,11605.34,5280.82,path_vertex,,,2
15614,11606.0,4702.0,sea_point,5240,Indian Ocean,4
15615,11608.11,1697.1100000000001,path_vertex,,,2
15616,11609.0,4343.0,sea_point,5329,Banda Sea,4
15617,11609.03,1113.29,path_vertex,,,2
15618,11609.25,2424.19,path_vertex,,,2
15619,11609.4,2287.2000000000003,path_vertex,,,2
15620,11610.0,3760.0,sea_point,5479,Pacific Ocean,4
15621,11610.0,4294.0,sea_point,5334,Maluku Sea,3
15622,11610.4,2231.2000000000003,path_vertex,,,2
15623,11610.44,2561.0,path_vertex,,,2
15624,11610.49,1865.6200000000001,path_vertex,,,2
15625,11611.0,3017.38,path_vertex,,,2
15626,11611.0,3226.0,sea_point,8633,Pacific Ocean,7
15627,11612.0,2794.0,sea_point,8673,East China Sea,6
15628,11612.0,3868.0,sea_point,5428,Pacific Ocean,5
15629,11612.0,5763.0,sea_point,4626,Great Australian Bight,6
15630,11612.9,1290.9,path_vertex,,,2
15631,11612.98,5417.34,path_vertex,,,2
15632,11613.0,4622.0,sea_point,5226,Flores Sea,5
15633,11613.6,2245.2000000000003,path_vertex,,,2
15634,11614.36,1729.6200000000001,path_vertex,,,2
15635,11616.0,1344.0,province_center,2978,Chumikan,6
15636,11616.0,2548.0,province_center,2529,Taikyu,6
15637,11617.880000000001,5752.78,path_vertex,,,2
15638,11618.0,3846.0,sea_point,4595,Pacific Ocean,2
15639,11619.0,3964.0,sea_point,4588,Celebes Sea,2
15640,11619.4,711.6,path_vertex,,,2
15641,11619.68,818.1800000000001,path_vertex,,,2
15642,11619.75,3780.81,path_vertex,,,2
15643,11620.0,3810.0,sea_point,5486,Pacific Ocean,2
15644,11620.11,1340.13,path_vertex,,,2
15645,11620.74,5626.74,path_vertex,,,2
15646,11622.0,312.0,sea_point,3972,Laptev Sea,4
15647,11622.0,4979.0,sea_point,6061,Timor Sea,8
15648,11622.0,5990.0,sea_point,6750,Indian Ocean,7
15649,11623.0,4717.0,sea_point,5239,Indian Ocean,4
15650,11623.11,2053.41,path_vertex,,,2
15651,11623.69,494.68,path_vertex,,,2
15652,11625.0,2089.12,path_vertex,,,2
15653,11625.0,5597.0,province_center,2696,Northam,6
15654,11625.0,5737.0,province_center,2697,Albany,4
15655,11626.0,4684.0,sea_point,5230,Indian Ocean,3
15656,11627.0,2290.0,sea_point,4093,Sea of Japan,4
15657,11627.0,2448.0,province_center,2528,Gangneung,5
15658,11627.0,3775.0,sea_point,5485,Pacific Ocean,4
15659,11627.73,2173.59,path_vertex,,,2
15660,11629.0,3790.0,sea_point,4612,Pacific Ocean,2
15661,11629.0,5317.0,province_center,2709,Abbots,6
15662,11629.6,2024.49,path_vertex,,,2
15663,11630.04,2519.98,path_vertex,,,2
15664,11631.0,1327.0,sea_point,4117,Sea of Okhotsk,4
15665,11631.83,2438.07,path_vertex,,,2
15666,11632.85,2583.77,path_vertex,,,2
15667,11633.0,1688.0,province_center,2992,Vyatskoye,6
15668,11633.0,5122.0,sea_point,4598,Timor Sea,4
15669,11633.01,3787.98,path_vertex,,,2
15670,11634.0,3635.0,sea_point,4386,South China Sea,2
15671,11634.27,3899.27,path_vertex,,,2
15672,11634.82,906.71,path_vertex,,,2
15673,11635.0,1241.0,province_center,2979,Ayan,5
15674,11635.0,2217.0,path_vertex,,,2
15675,11635.0,3843.0,sea_point,4596,Pacific Ocean,3
15676,11636.0,2177.0,province_center,2521,Onjo,6
15677,11636.0,3721.0,sea_point,5400,Pacific Ocean,4
15678,11636.0,4120.0,sea_point,8588,Celebes Sea,7
15679,11636.0,4455.0,sea_point,5325,Banda Sea,5
15680,11636.07,5173.17,path_vertex,,,2
15681,11636.1,5232.12,path_vertex,,,2
15682,11636.48,1935.48,path_vertex,,,2
15683,11636.550000000001,4689.900000000001,path_vertex,,,2
15684,11636.78,2468.73,path_vertex,,,2
15685,11637.0,3701.0,sea_point,5356,Pacific Ocean,4
15686,11637.28,2571.93,path_vertex,,,2
15687,11638.0,3013.0,sea_point,3631,Pacific Ocean,7
15688,11638.0,3800.0,province_center,2589,Cebu,1
15689,11638.0,3813.0,sea_point,4601,Pacific Ocean,2
15690,11639.12,3003.53,path_vertex,,,2
15691,11639.56,1509.71,path_vertex,,,2
15692,11640.31,2125.62,path_vertex,,,2
15693,11641.0,2683.0,sea_point,4315,Pacific Ocean,2
15694,11643.0,2241.0,sea_point,4100,Sea of Japan,5
15695,11643.0,2707.0,sea_point,3773,Sea of Japan,6
15696,11643.0,2990.0,province_center,3273,Naha,2
15697,11643.0,4664.0,sea_point,5231,Indian Ocean,4
15698,11643.0,4691.0,province_center,2653,Kupang,3
15699,11644.0,2580.0,province_center,2518,Fusan,3
15700,11645.0,2486.0,province_center,2532,Uruchin,4
15701,11645.0,4288.0,sea_point,4653,Makassar Strait,2
15702,11647.0,3671.0,sea_point,5355,Pacific Ocean,3
15703,11647.25,2972.66,path_vertex,,,2
15704,11647.35,3905.2000000000003,path_vertex,,,2
15705,11648.0,3891.0,province_center,2579,Misamis,3
15706,11648.65,1416.3500000000001,path_vertex,,,3
15707,11649.0,791.0,province_center,2950,Zyryanka,7
15708,11649.0,3102.0,sea_point,8641,Pacific Ocean,7
15709,11649.06,2588.0,path_vertex,,,2
15710,11649.15,5145.2300000000005,path_vertex,,,2
15711,11650.14,1260.09,path_vertex,,,2
15712,11650.19,3706.71,path_vertex,,,2
15713,11650.5,2700.5,path_vertex,,,2
15714,11651.0,3888.0,path_vertex,,,2
15715,11651.29,1991.22,path_vertex,,,2
15716,11652.0,2427.0,sea_point,4090,Sea of Japan,5
15717,11652.0,5532.01,path_vertex,,,2
15718,11652.12,2161.36,path_vertex,,,2
15719,11652.710000000001,4706.18,path_vertex,,,2
15720,11653.0,2660.0,sea_point,3783,Sea of Japan,6
15721,11653.0,2939.0,sea_point,3608,East China Sea,5
15722,11653.0,3765.0,sea_point,5408,Pacific Ocean,4
15723,11653.960000000001,2486.87,path_vertex,,,2
15724,11654.0,3801.0,sea_point,4605,Pacific Ocean,2
15725,11655.0,3961.0,sea_point,4587,Celebes Sea,2
15726,11655.0,4542.0,sea_point,6036,Banda Sea,7
15727,11657.0,1269.0,sea_point,4120,Sea of Okhotsk,4
15728,11657.0,1931.0,province_center,3001,Iman,6
15729,11659.0,3764.9,path_vertex,,,2
15730,11659.45,1421.1200000000001,path_vertex,,,2
15731,11660.0,2600.0,sea_point,4087,Sea of Japan,5
15732,11661.0,2696.0,province_center,2491,Nagasaki,3
15733,11661.0,5164.0,province_center,2690,Roebourne,4
15734,11662.0,1452.0,path_vertex,,,2
15735,11662.0,3711.0,province_center,2586,Calbayog,3
15736,11662.0,4590.0,sea_point,8537,Banda Sea,5
15737,11663.0,4400.0,sea_point,8551,Banda Sea,7
15738,11665.4,2668.8,path_vertex,,,2
15739,11665.77,2553.4,path_vertex,,,2
15740,11666.0,2788.0,sea_point,3740,East China Sea,5
15741,11666.0,3904.0,path_vertex,,,3
15742,11666.0,3944.0,sea_point,5441,Celebes Sea,3
15743,11666.0,4309.0,sea_point,5331,Banda Sea,5
15744,11667.0,4004.0,sea_point,5444,Celebes Sea,6
15745,11668.0,3864.0,sea_point,5425,Pacific Ocean,5
15746,11668.0,4723.0,sea_point,5238,Timor Sea,6
15747,11668.98,1063.06,path_vertex,,,2
15748,11669.0,2486.0,sea_point,4089,Sea of Japan,5
15749,11669.0,4265.0,sea_point,4663,Makassar Strait,2
15750,11669.5,2683.5,path_vertex,,,2
15751,11670.0,3763.0,province_center,2587,Ormoc,3
15752,11671.0,3563.0,sea_point,8625,Pacific Ocean,5
15753,11671.0,3900.0,path_vertex,,,2
15754,11671.49,3938.32,path_vertex,,,2
15755,11672.0,586.8000000000001,path_vertex,,,2
15756,11672.0,1818.66,path_vertex,,,2
15757,11672.77,2689.85,path_vertex,,,2
15758,11673.62,5188.4400000000005,path_vertex,,,2
15759,11673.86,5585.91,path_vertex,,,2
15760,11674.0,4237.35,path_vertex,,,2
15761,11675.0,2106.0,province_center,3002,Voroshilov,7
15762,11675.0,2675.0,province_center,2501,Fukuoka,3
15763,11676.08,2121.38,path_vertex,,,2
15764,11677.0,1338.0,sea_point,4001,Sea of Okhotsk,2
15765,11677.0,4209.0,sea_point,5289,Celebes Sea,4
15766,11679.27,1973.3700000000001,path_vertex,,,2
15767,11679.36,5480.1,path_vertex,,,2
15768,11679.5,3903.5,path_vertex,,,2
15769,11680.0,1430.0,province_center,2977,Tugur,4
15770,11680.0,2138.0,province_center,2998,Vladivostok,3
15771,11681.0,3450.0,sea_point,8631,Pacific Ocean,6
15772,11681.68,1657.38,path_vertex,,,2
15773,11681.960000000001,1450.09,path_vertex,,,2
15774,11682.0,2634.0,sea_point,4026,Sea of Japan,4
15775,11682.0,2890.0,sea_point,3665,Pacific Ocean,8
15776,11682.0,3891.0,province_center,2476,Cagayan de Oro,4
15777,11682.15,831.38,path_vertex,,,2
15778,11682.6,3885.8,path_vertex,,,2
15779,11682.83,2145.0,path_vertex,,,2
15780,11683.0,2555.0,sea_point,4088,Sea of Japan,5
15781,11683.0,2919.0,province_center,3274,Amami,2
15782,11683.0,5754.0,sea_point,4628,Great Australian Bight,4
15783,11683.1,2072.85,path_vertex,,,2
15784,11683.15,3745.0,path_vertex,,,2
15785,11683.17,2786.34,path_vertex,,,2
15786,11683.31,5277.62,path_vertex,,,2
15787,11683.880000000001,2910.07,path_vertex,,,2
15788,11685.0,5718.92,path_vertex,,,2
15789,11685.44,5157.31,path_vertex,,,2
15790,11687.0,2787.0,province_center,2499,Kagoshima,2
15791,11687.1,2685.4500000000003,path_vertex,,,2
15792,11687.6,3766.2000000000003,path_vertex,,,2
15793,11687.62,2928.54,path_vertex,,,2
15794,11687.65,3725.8,path_vertex,,,2
15795,11688.0,3235.0,sea_point,8638,Pacific Ocean,5
15796,11688.2,4224.4,path_vertex,,,2
15797,11688.800000000001,2112.61,path_vertex,,,2
15798,11689.23,5422.6900000000005,path_vertex,,,2
15799,11689.29,2065.88,path_vertex,,,2
15800,11689.300000000001,1431.96,path_vertex,,,2
15801,11690.0,2831.0,sea_point,4306,Pacific Ocean,2
15802,11690.58,3697.88,path_vertex,,,2
15803,11690.880000000001,1881.46,path_vertex,,,2
15804,11691.4,536.99,path_vertex,,,2
15805,11692.0,1529.0,province_center,2991,Imeni Poliny Osipenko,5
15806,11692.0,3883.0,path_vertex,,,2
15807,11692.0,3896.0,path_vertex,,,2
15808,11694.0,2136.0,path_vertex,,,2
15809,11694.0,3687.0,sea_point,5468,Pacific Ocean,6
15810,11694.61,5645.82,path_vertex,,,2
15811,11695.76,1442.68,path_vertex,,,2
15812,11696.0,2601.0,sea_point,4025,Sea of Japan,2
15813,11696.0,4234.0,province_center,2623,Menado,3
15814,11697.0,1372.0,sea_point,4118,Sea of Okhotsk,3
15815,11697.61,1784.3400000000001,path_vertex,,,2
15816,11698.47,1622.0,path_vertex,,,2
15817,11699.0,2957.0,sea_point,3652,Pacific Ocean,6
15818,11700.0,1644.0,province_center,2984,Komsomolsk,2
15819,11700.0,3841.0,sea_point,5418,Pacific Ocean,4
15820,11701.0,2912.0,sea_point,4287,Pacific Ocean,2
15821,11701.0,3900.0,province_center,2581,Malaybalay,7
15822,11701.0,4650.77,path_vertex,,,2
15823,11702.0,447.0,sea_point,4174,East Siberian Sea,6
15824,11702.0,2191.0,sea_point,4101,Sea of Japan,4
15825,11702.39,4248.35,path_vertex,,,2
15826,11703.82,3953.12,path_vertex,,,2
15827,11704.800000000001,2729.4,path_vertex,,,2
15828,11705.0,2647.0,sea_point,3818,Sea of Japan,2
15829,11707.0,4257.0,sea_point,5292,Maluku Sea,6
15830,11707.0,5881.0,sea_point,6129,Great Australian Bight,6
15831,11707.67,5607.66,path_vertex,,,2
15832,11708.0,928.0,path_vertex,,,2
15833,11708.0,3819.0,sea_point,4618,Pacific Ocean,2
15834,11708.82,3889.09,path_vertex,,,2
15835,11709.0,2033.0,province_center,2999,Semyonovka,6
15836,11710.0,2710.0,province_center,2500,Kumamoto,4
15837,11710.36,5133.4800000000005,path_vertex,,,2
15838,11711.0,3317.0,sea_point,8632,Pacific Ocean,6
15839,11711.0,4619.0,sea_point,5232,Banda Sea,6
15840,11711.0,5140.0,province_center,2702,Port Hedland,5
15841,11711.0,5257.0,province_center,2703,Newman,6
15842,11711.050000000001,5185.400000000001,path_vertex,,,2
15843,11712.0,4865.0,sea_point,6019,Timor Sea,8
15844,11713.0,1416.0,sea_point,4114,Sea of Okhotsk,3
15845,11713.0,5070.0,sea_point,5169,Timor Sea,4
15846,11713.94,3944.76,path_vertex,,,2
15847,11714.0,1387.0,sea_point,4002,Sea of Okhotsk,2
15848,11714.0,3731.0,sea_point,4621,Pacific Ocean,2
15849,11714.0,3764.0,sea_point,5465,Pacific Ocean,4
15850,11716.0,1188.0,sea_point,4121,Sea of Okhotsk,3
15851,11716.0,4628.0,path_vertex,,,2
15852,11717.0,4069.0,sea_point,8589,Celebes Sea,5
15853,11717.35,3901.9500000000003,path_vertex,,,2
15854,11717.51,2070.0,path_vertex,,,2
15855,11718.0,3956.0,province_center,1894,Davao City,3
15856,11718.0,4631.0,province_center,2654,Dili,3
15857,11718.66,685.12,path_vertex,,,2
15858,11719.04,3969.81,path_vertex,,,2
15859,11719.47,3855.53,path_vertex,,,2
15860,11720.0,5575.0,province_center,2695,Southern Cross,7
15861,11720.81,1136.3,path_vertex,,,2
15862,11723.0,6068.0,sea_point,6972,Indian Ocean,5
15863,11723.9,3961.3,path_vertex,,,2
15864,11726.0,1827.0,province_center,3003,Vostok,5
15865,11726.0,2584.0,sea_point,4012,Sea of Japan,4
15866,11726.0,3862.0,province_center,2584,Butuan,5
15867,11726.0,4563.0,sea_point,8538,Banda Sea,6
15868,11727.0,2637.0,sea_point,3823,Sea of Japan,2
15869,11727.0,3809.0,sea_point,5463,Pacific Ocean,4
15870,11727.0,3964.0,sea_point,5451,Davao Gulf,3
15871,11728.0,2596.0,path_vertex,,,2
15872,11728.62,4652.92,path_vertex,,,2
15873,11729.0,4000.0,province_center,2583,Glan,4
15874,11729.0,4436.0,sea_point,8550,Banda Sea,7
15875,11729.61,990.9200000000001,path_vertex,,,2
15876,11730.0,2132.0,province_center,2997,Nakhodka,5
15877,11731.0,4657.0,sea_point,5236,Timor Sea,5
15878,11732.0,2319.0,sea_point,8726,Sea of Japan,10
15879,11732.0,2811.0,sea_point,3828,Pacific Ocean,5
15880,11734.0,2614.0,province_center,2508,Hiroshima,3
15881,11734.34,5321.02,path_vertex,,,2
15882,11735.0,4011.07,path_vertex,,,2
15883,11735.0,4190.0,sea_point,5290,Celebes Sea,6
15884,11735.42,5498.89,path_vertex,,,2
15885,11735.45,5383.25,path_vertex,,,2
15886,11736.0,3973.0,sea_point,4585,Davao Gulf,2
15887,11736.710000000001,1907.82,path_vertex,,,2
15888,11737.0,3942.0,sea_point,5453,Davao Gulf,3
15889,11737.76,5302.8,path_vertex,,,2
15890,11738.41,1954.93,path_vertex,,,2
15891,11740.0,2707.05,path_vertex,,,2
15892,11740.0,3992.98,path_vertex,,,2
15893,11740.0,4021.0,sea_point,5448,Celebes Sea,5
15894,11740.210000000001,3937.0,path_vertex,,,2
15895,11741.92,2145.62,path_vertex,,,2
15896,11742.0,5015.0,sea_point,4470,Timor Sea,2
15897,11742.04,5581.55,path_vertex,,,2
15898,11743.97,3887.0,path_vertex,,,2
15899,11744.0,2660.0,sea_point,3831,Sea of Japan,3
15900,11744.0,4212.0,sea_point,5291,Celebes Sea,2
15901,11748.0,1340.0,sea_point,4115,Sea of Okhotsk,4
15902,11748.0,5321.0,province_center,2714,Kumarina,6
15903,11748.31,2624.46,path_vertex,,,2
15904,11748.800000000001,5565.400000000001,path_vertex,,,2
15905,11750.0,1100.0,province_center,3006,Okhotsk,5
15906,11752.0,2678.0,sea_point,3832,Sea of Japan,3
15907,11752.58,3861.12,path_vertex,,,2
15908,11753.35,5373.9400000000005,path_vertex,,,2
15909,11753.95,751.0500000000001,path_vertex,,,2
15910,11754.0,4349.0,sea_point,8575,Banda Sea,7
15911,11754.0,6193.0,sea_point,7172,Southern Ocean,4
15912,11755.0,3903.0,province_center,2582,Bislig,4
15913,11755.0,3982.0,sea_point,5449,Davao Gulf,7
15914,11755.0,5395.0,province_center,2705,Wiluna,7
15915,11756.0,1862.55,path_vertex,,,2
15916,11757.0,3116.0,sea_point,8640,Pacific Ocean,6
15917,11757.19,2607.04,path_vertex,,,2
15918,11759.0,622.0,province_center,2966,Srednekolymsk,4
15919,11759.0,2008.22,path_vertex,,,2
15920,11760.0,3903.23,path_vertex,,,2
15921,11761.0,2630.0,sea_point,3835,Sea of Japan,3
15922,11761.0,3861.0,sea_point,5462,Pacific Ocean,5
15923,11761.800000000001,2673.6,path_vertex,,,2
15924,11762.25,478.51,path_vertex,,,2
15925,11763.0,1700.0,path_vertex,,,2
15926,11763.0,2710.0,sea_point,3825,Pacific Ocean,5
15927,11765.64,1494.04,path_vertex,,,2
15928,11766.0,2539.0,sea_point,4009,Sea of Japan,5
15929,11766.960000000001,5223.92,path_vertex,,,2
15930,11767.6,1749.53,path_vertex,,,2
15931,11768.0,2434.0,sea_point,4153,Sea of Japan,7
15932,11768.300000000001,5167.46,path_vertex,,,2
15933,11771.72,2062.39,path_vertex,,,2
15934,11775.4,1800.24,path_vertex,,,2
15935,11775.460000000001,5525.55,path_vertex,,,2
15936,11776.0,2160.0,sea_point,4102,Sea of Japan,6
15937,11776.0,2877.0,sea_point,8649,Pacific Ocean,6
15938,11776.0,5558.0,province_center,2691,Kalgoorlie,3
15939,11776.0,5591.0,province_center,2712,Higginsville,5
15940,11777.72,5579.9800000000005,path_vertex,,,2
15941,11778.76,5632.0,path_vertex,,,2
15942,11779.0,2614.0,sea_point,3836,Sea of Japan,2
15943,11779.0,3552.0,sea_point,8621,Pacific Ocean,7
15944,11780.87,1112.77,path_vertex,,,2
15945,11781.0,4984.0,sea_point,5146,Timor Sea,5
15946,11782.0,4640.0,sea_point,4711,Persian Gulf,2
15947,11782.0,5688.0,province_center,2693,Esperance,5
15948,11783.0,1894.0,province_center,3004,Ternistryy,5
15949,11784.15,5700.66,path_vertex,,,2
15950,11785.0,4125.0,sea_point,8590,Celebes Sea,5
15951,11785.550000000001,5065.38,path_vertex,,,2
15952,11786.0,3905.0,sea_point,5461,Pacific Ocean,4
15953,11786.0,5718.0,sea_point,4668,Great Australian Bight,4
15954,11786.64,5253.0,path_vertex,,,2
15955,11787.0,3952.0,sea_point,4582,Davao Gulf,2
15956,11789.0,2613.0,sea_point,4392,South China Sea,2
15957,11789.03,1004.02,path_vertex,,,2
15958,11791.0,2710.0,sea_point,4390,South China Sea,2
15959,11791.0,3014.0,sea_point,8645,Pacific Ocean,8
15960,11794.06,596.01,path_vertex,,,2
15961,11796.0,1347.0,sea_point,4004,Sea of Okhotsk,2
15962,11796.16,5037.84,path_vertex,,,2
15963,11798.0,3704.0,sea_point,8619,Pacific Ocean,6
15964,11799.0,978.0,province_center,3021,Kholodny,6
15965,11800.0,5050.0,province_center,2700,Derby,5
15966,11800.49,5579.59,path_vertex,,,2
15967,11801.0,327.0,sea_point,4014,East Siberian Sea,4
15968,11801.0,3416.0,sea_point,6330,Pacific Ocean,6
15969,11801.0,4731.0,sea_point,8515,Timor Sea,6
15970,11802.97,5557.74,path_vertex,,,2
15971,11804.050000000001,1941.44,path_vertex,,,2
15972,11805.0,2656.0,province_center,2502,Kochi,3
15973,11805.0,3782.0,sea_point,8618,Pacific Ocean,5
15974,11805.0,4602.0,sea_point,5234,Banda Sea,6
15975,11805.15,683.61,path_vertex,,,2
15976,11805.47,5071.88,path_vertex,,,2
15977,11806.31,2659.0,path_vertex,,,2
15978,11809.0,5959.0,sea_point,6477,Great Australian Bight,7
15979,11809.79,1852.74,path_vertex,,,2
15980,11809.98,2644.46,path_vertex,,,2
15981,11810.0,1251.0,sea_point,8744,Sea of Okhotsk,7
15982,11811.0,1125.0,sea_point,4122,Sea of Okhotsk,5
15983,11813.0,4267.0,sea_point,8581,Maluku Sea,6
15984,11814.75,5033.3,path_vertex,,,2
15985,11815.0,3224.0,sea_point,6318,Pacific Ocean,7
15986,11816.0,2677.0,sea_point,3848,Pacific Ocean,5
15987,11817.0,4042.0,sea_point,8591,Celebes Sea,8
15988,11818.0,4522.0,sea_point,8574,Banda Sea,7
15989,11820.0,1979.0,province_center,3000,Tetyukhe,6
15990,11820.0,2616.0,province_center,2504,Takamatsu,4
15991,11820.0,5192.0,province_center,2710,Telfer,6
15992,11821.11,5398.29,path_vertex,,,2
15993,11822.2,5059.6,path_vertex,,,2
15994,11822.99,5512.75,path_vertex,,,2
15995,11828.29,2607.29,path_vertex,,,2
15996,11834.0,2796.0,sea_point,8650,Pacific Ocean,7
15997,11834.0,4930.0,sea_point,5145,Timor Sea,4
15998,11836.0,2597.0,sea_point,3838,Sea of Japan,3
15999,11837.0,1387.0,sea_point,4113,Sea of Okhotsk,6
16000,11837.0,1459.0,province_center,2985,Nikolayevsk-on-Amur,3
16001,11837.0,2612.0,sea_point,4394,Sea of Ja,2
16002,11838.0,2579.0,path_vertex,,,2
16003,11840.0,2527.0,sea_point,3997,Sea of Japan,4
16004,11840.0,5834.0,sea_point,6126,Great Australian Bight,6
16005,11841.42,5638.93,path_vertex,,,2
16006,11842.39,2641.54,path_vertex,,,2
16007,11842.43,2535.29,path_vertex,,,2
16008,11843.0,2621.0,path_vertex,,,2
16009,11844.0,4666.0,sea_point,6010,Timor Sea,5
16010,11845.800000000001,2011.4,path_vertex,,,2
16011,11846.0,4817.0,sea_point,6028,Timor Sea,6
16012,11846.0,5552.0,province_center,2711,Rawanna,7
16013,11848.0,2304.0,sea_point,8730,Sea of Japan,5
16014,11849.0,4413.0,sea_point,8576,Banda Sea,5
16015,11850.12,1472.16,path_vertex,,,2
16016,11856.0,2025.0,sea_point,4104,Sea of Japan,4
16017,11856.0,2585.0,province_center,2507,Kobe,5
16018,11856.0,2624.0,sea_point,3840,Sea of Japan,5
16019,11856.0,6084.0,sea_point,6973,Great Australian Bight,7
16020,11858.0,2657.0,sea_point,3845,Pacific Ocean,4
16021,11858.2,2590.4,path_vertex,,,2
16022,11859.0,2865.0,sea_point,8646,Pacific Ocean,5
16023,11859.0,3981.0,sea_point,8608,Pacific Ocean,6
16024,11859.34,5367.28,path_vertex,,,2
16025,11859.76,5156.650000000001,path_vertex,,,2
16026,11860.0,2573.0,path_vertex,,,2
16027,11860.35,2586.11,path_vertex,,,2
16028,11861.0,2601.0,sea_point,3842,Sea of Japan,3
16029,11863.0,2619.62,path_vertex,,,2
16030,11864.0,1703.0,province_center,2989,Vanino,4
16031,11866.0,3619.0,sea_point,8622,Pacific Ocean,5
16032,11867.130000000001,1939.68,path_vertex,,,2
16033,11868.0,4157.0,sea_point,8582,Banda Sea,8
16034,11869.6,2590.87,path_vertex,,,2
16035,11870.0,1597.0,path_vertex,,,2
16036,11870.0,2614.0,province_center,2505,Wakayama,4
16037,11870.0,3853.0,sea_point,8610,Pacific Ocean,6
16038,11871.0,1433.0,sea_point,4006,Sea of Okhotsk,2
16039,11871.300000000001,2566.9,path_vertex,,,2
16040,11871.300000000001,5503.71,path_vertex,,,2
16041,11872.0,536.0,province_center,2962,Nizhniye Kresty,6
16042,11872.0,2587.0,province_center,2490,Osaka,4
16043,11873.2,985.57,path_vertex,,,2
16044,11874.0,4095.0,sea_point,8592,Celebes Sea,4
16045,11874.62,1917.79,path_vertex,,,2
16046,11874.7,5549.76,path_vertex,,,2
16047,11876.0,1729.0,path_vertex,,,2
16048,11876.0,2530.0,sea_point,3987,Sea of Japan,3
16049,11876.0,5697.0,sea_point,4670,Great Australian Bight,5
16050,11877.64,1026.47,path_vertex,,,2
16051,11877.800000000001,2599.4,path_vertex,,,2
16052,11878.18,570.36,path_vertex,,,2
16053,11878.19,5265.88,path_vertex,,,2
16054,11879.0,1547.0,province_center,2988,De-Kastri,2
16055,11879.14,2539.86,path_vertex,,,2
16056,11880.0,1559.0,path_vertex,,,2
16057,11880.0,1740.0,province_center,2986,Sovetskaya Gavan,5
16058,11880.0,4344.0,sea_point,8580,Banda Sea,7
16059,11881.0,2474.0,sea_point,3986,Sea of Japan,4
16060,11881.22,498.71000000000004,path_vertex,,,2
16061,11882.85,2574.68,path_vertex,,,2
16062,11883.0,4603.0,sea_point,8539,Banda Sea,6
16063,11883.0,5377.0,province_center,2706,Warburton,6
16064,11884.76,5188.9400000000005,path_vertex,,,2
16065,11885.0,1472.0,sea_point,4112,Strait of Tartary,4
16066,11887.0,6208.0,sea_point,7173,Southern Ocean,4
16067,11888.0,2569.0,province_center,2506,Kyoto,7
16068,11889.0,1736.64,path_vertex,,,2
16069,11889.23,1724.53,path_vertex,,,2
16070,11890.300000000001,1540.1000000000001,path_vertex,,,2
16071,11890.67,880.44,path_vertex,,,2
16072,11891.0,1076.0,sea_point,4123,Sea of Okhotsk,4
16073,11891.0,2655.0,path_vertex,,,2
16074,11892.0,2198.0,sea_point,8732,Sea of Japan,5
16075,11892.0,3726.0,sea_point,8616,Pacific Ocean,7
16076,11892.08,5649.28,path_vertex,,,2
16077,11893.0,449.0,sea_point,4173,East Siberian Sea,6
16078,11895.0,3073.0,sea_point,6311,Pacific Ocean,6
16079,11895.93,2586.17,path_vertex,,,2
16080,11896.02,5440.95,path_vertex,,,2
16081,11897.0,5659.0,sea_point,4672,Great Australian Bight,3
16082,11898.0,1528.0,sea_point,4111,Strait of Tartary,4
16083,11898.69,2528.35,path_vertex,,,2
16084,11899.0,1936.0,sea_point,4105,Sea of Japan,8
16085,11899.0,2676.0,sea_point,3938,Pacific Ocean,7
16086,11900.89,2482.94,path_vertex,,,2
16087,11902.0,4883.0,sea_point,5144,Timor Sea,5
16088,11903.0,2418.0,sea_point,3984,Sea of Japan,6
16089,11903.68,553.47,path_vertex,,,2
16090,11906.0,1728.0,sea_point,4108,Strait of Tartary,6
16091,11906.0,4252.0,sea_point,5748,Banda Sea,5
16092,11908.0,2488.0,province_center,2512,Kanazawa,5
16093,11908.64,5311.9400000000005,path_vertex,,,2
16094,11914.0,4694.0,sea_point,6031,Timor Sea,7
16095,11915.0,1423.0,sea_point,4467,Sea of Okhotsk,6
16096,11915.0,5545.0,province_center,2694,Loongana,5
16097,11916.23,2582.15,path_vertex,,,2
16098,11917.0,4002.0,sea_point,5932,Pacific Ocean,7
16099,11917.07,2565.43,path_vertex,,,2
16100,11917.25,2526.87,path_vertex,,,2
16101,11921.0,1554.0,sea_point,4027,Sea of Okhotsk,2
16102,11921.0,2583.0,sea_point,3941,Pacific Ocean,3
16103,11923.9,2570.9500000000003,path_vertex,,,2
16104,11924.0,1373.0,sea_point,4460,Sea of Okhotsk,4
16105,11924.0,1531.0,sea_point,4016,Sea of Okhotsk,2
16106,11925.0,843.0,province_center,3019,Sasyr,8
16107,11925.0,2564.0,province_center,2511,Nagoya,4
16108,11926.0,1201.0,sea_point,5506,Sea of Okhotsk,7
16109,11926.0,3198.0,sea_point,6626,Pacific Ocean,5
16110,11926.0,3447.0,sea_point,6634,Pacific Ocean,6
16111,11927.99,1425.03,path_vertex,,,2
16112,11928.0,4514.0,sea_point,8577,Banda Sea,6
16113,11929.050000000001,887.59,path_vertex,,,2
16114,11933.0,2438.0,sea_point,3983,Sea of Japan,3
16115,11937.0,320.0,sea_point,6189,East Siberian Sea,4
16116,11937.0,991.0,province_center,3017,Talon,6
16117,11937.0,5086.0,province_center,2701,Halls Creek,5
16118,11938.82,5030.82,path_vertex,,,2
16119,11939.0,1587.0,sea_point,4498,Strait of Tartary,3
16120,11939.0,2103.0,sea_point,4042,Sea of Japan,6
16121,11939.0,4421.0,sea_point,8579,Banda Sea,6
16122,11940.0,4970.0,province_center,2699,Wyndham,5
16123,11940.62,2458.48,path_vertex,,,2
16124,11941.0,3603.0,sea_point,6342,Pacific Ocean,7
16125,11941.0,5974.0,sea_point,6748,Great Australian Bight,5
16126,11942.1,4960.3,path_vertex,,,2
16127,11943.0,1870.0,sea_point,4593,Sea of Japan,4
16128,11943.0,2484.9900000000002,path_vertex,,,2
16129,11944.0,1348.0,sea_point,4417,Sea of Okhotsk,2
16130,11944.0,2606.0,sea_point,3942,Pacific Ocean,4
16131,11948.0,4945.0,sea_point,4472,Timor Sea,2
16132,11952.0,4931.0,sea_point,5138,Timor Sea,3
16133,11952.880000000001,5161.0,path_vertex,,,2
16134,11953.0,2250.0,sea_point,3979,Sea of Japan,5
16135,11953.0,4624.0,sea_point,8540,Timor Sea,5
16136,11956.0,1675.0,sea_point,4516,Strait of Tartary,4
16137,11956.0,2483.0,province_center,2515,Nagano,5
16138,11957.0,2917.0,sea_point,6301,Pacific Ocean,7
16139,11957.0,5182.0,province_center,2707,Tanami,6
16140,11958.0,4122.0,sea_point,8593,Pacific Ocean,6
16141,11958.5,5624.5,path_vertex,,,2
16142,11963.0,5632.0,sea_point,4698,Great Australian Bight,4
16143,11963.25,2153.45,path_vertex,,,2
16144,11963.81,1028.0,path_vertex,,,2
16145,11965.0,2357.0,sea_point,3981,Sea of Japan,5
16146,11966.0,1597.29,path_vertex,,,2
16147,11967.0,2207.0,province_center,2497,Fukuyama,2
16148,11967.44,2525.23,path_vertex,,,2
16149,11968.0,1672.47,path_vertex,,,2
16150,11969.0,1333.0,sea_point,4458,Sea of Okhotsk,5
16151,11969.0,2802.0,sea_point,5817,Pacific Ocean,7
16152,11970.23,2260.15,path_vertex,,,2
16153,11971.0,1931.0,sea_point,4038,Sea of Okhotsk,2
16154,11971.59,2557.06,path_vertex,,,2
16155,11972.0,4893.0,sea_point,5135,Timor Sea,4
16156,11973.0,1430.0,province_center,2570,Okha,3
16157,11973.0,4290.0,sea_point,5749,Banda Sea,4
16158,11973.0,5850.0,sea_point,6471,Great Australian Bight,7
16159,11974.0,3827.0,sea_point,8615,Pacific Ocean,5
16160,11975.0,1599.0,province_center,2569,Alexandrovsk,2
16161,11975.5,2211.5,path_vertex,,,2
16162,11978.0,3907.0,sea_point,8609,Pacific Ocean,7
16163,11979.31,4277.9,path_vertex,,,2
16164,11980.0,5046.91,path_vertex,,,2
16165,11980.0,5097.6900000000005,path_vertex,,,2
16166,11980.210000000001,5169.03,path_vertex,,,2
16167,11981.0,2089.0,sea_point,4044,Sea of Japan,4
16168,11981.0,5267.66,path_vertex,,,2
16169,11981.48,4968.24,path_vertex,,,2
16170,11981.52,5347.34,path_vertex,,,2
16171,11982.0,5402.61,path_vertex,,,2
16172,11982.59,5540.650000000001,path_vertex,,,2
16173,11982.93,955.08,path_vertex,,,2
16174,11983.41,4904.7300000000005,path_vertex,,,2
16175,11983.960000000001,2519.02,path_vertex,,,2
16176,11984.0,2214.0,sea_point,3978,Tsugaru Strait,4
16177,11985.0,1980.0,sea_point,4039,Sea of Okhotsk,2
16178,11985.2,1523.6000000000001,path_vertex,,,2
16179,11987.0,2682.0,sea_point,8775,Pacific Ocean,6
16180,11987.0,4208.0,sea_point,5693,Banda Sea,6
16181,11987.37,2368.53,path_vertex,,,2
16182,11987.42,2226.0,path_vertex,,,2
16183,11987.550000000001,1760.22,path_vertex,,,2
16184,11987.95,2132.65,path_vertex,,,3
16185,11989.0,3727.0,sea_point,8614,Pacific Ocean,5
16186,11989.37,1611.29,path_vertex,,,2
16187,11991.0,2597.0,sea_point,3946,Pacific Ocean,4
16188,11991.22,4237.4400000000005,path_vertex,,,2
16189,11992.0,4248.0,province_center,2769,Sorong,3
16190,11993.36,1424.72,path_vertex,,,2
16191,11994.0,1378.0,sea_point,4415,Pacific Ocean,2
16192,11994.0,4332.0,sea_point,5746,Banda Sea,4
16193,11995.0,1070.0,sea_point,4124,Sea of Okhotsk,5
16194,11995.0,2078.51,path_vertex,,,2
16195,11995.26,2435.4500000000003,path_vertex,,,2
16196,11995.34,1008.14,path_vertex,,,2
16197,11995.75,1823.9,path_vertex,,,2
16198,11996.0,1617.0,province_center,2572,Palevo,4
16199,11996.0,1959.0,sea_point,4055,La Pérouse Strait,6
16200,11996.0,3307.0,sea_point,6872,Pacific Ocean,6
16201,11996.710000000001,2489.0,path_vertex,,,2
16202,11997.0,2016.0,sea_point,4045,Sea of Japan,5
16203,11997.0,4818.0,sea_point,5126,Timor Sea,7
16204,11998.08,2119.62,path_vertex,,,2
16205,11999.0,2265.0,province_center,2509,Hirosaki,4
16206,11999.25,2096.9700000000003,path_vertex,,,2
16207,11999.48,866.47,path_vertex,,,2
16208,12000.0,2522.0,path_vertex,,,2
16209,12000.17,1638.82,path_vertex,,,2
16210,12002.0,1590.0,path_vertex,,,2
16211,12004.0,1662.0,province_center,2571,Keton,3
16212,12004.0,2201.0,sea_point,4040,Sea of Okhotsk,2
16213,12006.78,2015.76,path_vertex,,,2
16214,12008.0,1420.0,sea_point,4457,Sea of Okhotsk,5
16215,12008.0,2551.0,province_center,2510,Yokohama,6
16216,12009.0,2104.0,province_center,2492,Sapporo,4
16217,12011.0,2594.0,sea_point,4395,Pacific Ocean,2
16218,12013.0,1914.0,sea_point,4594,Sea of Japan,2
16219,12013.75,2278.2400000000002,path_vertex,,,2
16220,12014.0,2545.0,path_vertex,,,2
16221,12014.0,2558.5,path_vertex,,,2
16222,12015.41,1893.1000000000001,path_vertex,,,2
16223,12015.48,2342.32,path_vertex,,,2
16224,12018.0,1860.0,province_center,2568,Toyohara,3
16225,12019.0,1522.0,sea_point,4456,Sea of Okhotsk,3
16226,12019.2,703.91,path_vertex,,,2
16227,12020.68,2093.2400000000002,path_vertex,,,2
16228,12021.24,1030.85,path_vertex,,,2
16229,12023.31,2514.54,path_vertex,,,2
16230,12023.54,4841.1900000000005,path_vertex,,,2
16231,12025.0,2087.0,province_center,2496,Iwamizawa,5
16232,12025.0,2492.0,province_center,2514,Kiryu,6
16233,12025.0,2533.0,province_center,2489,Tokyo,4
16234,12026.0,2139.03,path_vertex,,,2
16235,12026.800000000001,2113.4,path_vertex,,,2
16236,12027.0,374.0,sea_point,4022,East Siberian Sea,4
16237,12027.0,6208.0,sea_point,6979,Southern Ocean,5
16238,12027.45,2453.94,path_vertex,,,2
16239,12027.61,2061.0,path_vertex,,,2
16240,12028.0,2574.0,sea_point,3951,Pacific Ocean,5
16241,12028.0,4052.0,sea_point,5492,Pacific Ocean,6
16242,12028.630000000001,1852.9,path_vertex,,,2
16243,12029.06,2099.42,path_vertex,,,2
16244,12030.0,1017.0,province_center,3016,Magadan,3
16245,12030.130000000001,2537.87,path_vertex,,,2
16246,12031.0,2390.0,province_center,2498,Sendai,6
16247,12032.0,1609.0,path_vertex,,,2
16248,12032.0,2012.0,province_center,2495,Nayoro,4
16249,12034.0,4435.0,sea_point,5743,Arafura Sea,5
16250,12035.0,3073.0,sea_point,6863,Pacific Ocean,6
16251,12036.0,2543.0,sea_point,3962,Pacific Ocean,2
16252,12036.0,2564.0,sea_point,4399,Pacific Ocean,2
16253,12036.0,4015.0,sea_point,5493,Pacific Ocean,3
16254,12036.0,4844.0,province_center,2675,Darwin,3
16255,12037.0,2518.0,path_vertex,,,2
16256,12037.460000000001,2501.54,path_vertex,,,2
16257,12038.0,2118.0,path_vertex,,,3
16258,12038.380000000001,992.9200000000001,path_vertex,,,2
16259,12041.0,2512.0,province_center,2513,Ishioka,3
16260,12042.0,2579.0,sea_point,4398,Pacific Ocean,2
16261,12042.61,2394.87,path_vertex,,,2
16262,12043.0,5740.0,sea_point,6118,Great Australian Bight,7
16263,12044.0,1606.0,sea_point,4455,Sea of Okhotsk,5
16264,12044.0,2190.0,sea_point,3976,Pacific Ocean,5
16265,12045.0,4146.0,sea_point,8594,Pacific Ocean,5
16266,12045.800000000001,2000.24,path_vertex,,,2
16267,12047.0,4796.0,sea_point,4476,Timor Sea,2
16268,12049.0,5258.0,province_center,2681,Kintore,7
16269,12049.1,2343.54,path_vertex,,,2
16270,12050.0,1835.0,sea_point,4408,Sea of Okhotsk,4
16271,12053.95,4247.27,path_vertex,,,2
16272,12054.65,2483.03,path_vertex,,,2
16273,12055.76,2506.9,path_vertex,,,2
16274,12056.0,3981.0,sea_point,5495,Pacific Ocean,5
16275,12056.93,5205.42,path_vertex,,,2
16276,12058.0,1185.0,sea_point,5494,Sea of Okhotsk,7
16277,12058.0,2317.0,province_center,2503,Miyako,3
16278,12059.12,2158.93,path_vertex,,,2
16279,12060.0,2481.0,sea_point,3967,Pacific Ocean,5
16280,12060.07,5382.55,path_vertex,,,2
16281,12060.69,3985.46,path_vertex,,,2
16282,12061.0,2504.0,sea_point,3966,Pacific Ocean,3
16283,12061.0,2643.0,sea_point,3330,Pacific Ocean,6
16284,12062.0,640.0,province_center,3012,Keperveyem,4
16285,12062.0,2153.0,province_center,2493,Urakawa,4
16286,12062.0,4041.0,sea_point,5491,Pacific Ocean,4
16287,12063.0,1987.0,sea_point,4059,Pacific Ocean,4
16288,12063.0,2576.0,sea_point,3964,Pacific Ocean,5
16289,12064.0,3967.0,sea_point,4581,Pacific Ocean,2
16290,12065.0,3671.0,sea_point,8612,Pacific Ocean,5
16291,12066.0,3198.0,sea_point,7070,Pacific Ocean,6
16292,12067.0,4673.0,sea_point,6021,Timor Sea,6
16293,12068.0,2403.0,sea_point,3970,Pacific Ocean,5
16294,12068.0,2714.0,sea_point,5812,Pacific Ocean,6
16295,12068.0,3996.0,province_center,3241,Palau,2
16296,12068.0,5120.0,province_center,2684,Lajamanu,6
16297,12068.5,2316.51,path_vertex,,,2
16298,12069.0,888.0,province_center,3018,Atka,5
16299,12071.0,2530.0,sea_point,4402,Pacific Ocean,2
16300,12074.0,2839.0,sea_point,6295,Pacific Ocean,6
16301,12076.0,5609.0,sea_point,4702,Great Australian Bight,4
16302,12077.0,3995.7000000000003,path_vertex,,,2
16303,12078.0,3840.0,sea_point,8611,Pacific Ocean,7
16304,12078.0,3963.0,sea_point,5496,Pacific Ocean,4
16305,12078.65,2052.35,path_vertex,,,2
16306,12079.68,5597.0,path_vertex,,,2
16307,12080.0,4542.0,sea_point,8549,Arafura Sea,8
16308,12080.61,2089.18,path_vertex,,,2
16309,12084.9,5041.84,path_vertex,,,2
16310,12087.0,3995.0,sea_point,5490,Pacific Ocean,6
16311,12090.0,6084.0,sea_point,6754,Great Australian Bight,6
16312,12090.36,4940.84,path_vertex,,,2
16313,12093.0,4399.0,sea_point,5742,Arafura Sea,4
16314,12094.0,2306.0,sea_point,3974,Pacific Ocean,5
16315,12094.0,4219.0,sea_point,5694,Pacific Ocean,6
16316,12095.94,4234.0,path_vertex,,,2
16317,12096.0,4790.0,sea_point,5097,Timor Sea,4
16318,12096.35,5310.68,path_vertex,,,2
16319,12097.0,4246.0,province_center,2782,Manokwari,3
16320,12097.0,5531.0,province_center,2679,Maralinga,7
16321,12097.27,736.84,path_vertex,,,2
16322,12099.12,4385.0,path_vertex,,,2
16323,12101.0,4961.0,province_center,2683,Katherine,6
16324,12103.0,1914.0,sea_point,8739,Pacific Ocean,5
16325,12103.0,4374.0,province_center,2770,Kaimana,3
16326,12105.0,1310.0,sea_point,5555,Sea of Okhotsk,6
16327,12105.0,2964.0,sea_point,6617,Pacific Ocean,6
16328,12105.0,3400.0,sea_point,6876,Pacific Ocean,8
16329,12105.12,4324.4400000000005,path_vertex,,,2
16330,12110.0,2174.0,sea_point,4041,Sea of Okhotsk,2
16331,12111.11,2105.05,path_vertex,,,2
16332,12112.0,1730.0,sea_point,4453,Sea of Okhotsk,6
16333,12115.98,5411.0,path_vertex,,,2
16334,12120.0,6336.0,sea_point,5039,sea,5
16335,12121.0,4248.0,sea_point,4529,Arafura Sea,2
16336,12124.0,2091.0,province_center,2494,Kushiro,5
16337,12124.0,4308.0,sea_point,5698,Pacific Ocean,3
16338,12126.0,5344.0,province_center,2682,Urluru,4
16339,12129.69,659.32,path_vertex,,,2
16340,12130.0,2100.0,path_vertex,,,2
16341,12133.0,336.0,sea_point,6197,East Siberian Sea,4
16342,12134.95,491.61,path_vertex,,,2
16343,12136.0,1435.0,sea_point,5593,Sea of Okhotsk,7
16344,12136.0,3556.0,sea_point,6644,Pacific Ocean,5
16345,12136.0,4123.0,sea_point,8595,Pacific Ocean,6
16346,12137.0,2541.0,sea_point,8779,Pacific Ocean,5
16347,12137.44,5123.17,path_vertex,,,2
16348,12143.0,473.0,sea_point,4172,East Siberian Sea,6
16349,12147.0,2121.0,sea_point,4116,Pacific Ocean,5
16350,12150.91,5553.28,path_vertex,,,2
16351,12152.0,3712.0,sea_point,6355,Pacific Ocean,7
16352,12152.0,5959.0,sea_point,6478,Great Australian Bight,6
16353,12153.0,1069.0,sea_point,4125,Sea of Okhotsk,5
16354,12156.0,2251.0,sea_point,8777,Pacific Ocean,5
16355,12157.0,4035.0,sea_point,8596,Pacific Ocean,5
16356,12158.39,5205.0,path_vertex,,,2
16357,12160.0,3104.0,sea_point,7068,Pacific Ocean,6
16358,12163.37,5060.6900000000005,path_vertex,,,2
16359,12164.75,5476.4400000000005,path_vertex,,,2
16360,12166.01,955.0,path_vertex,,,2
16361,12168.0,1560.0,sea_point,5639,Sea of Okhotsk,6
16362,12170.0,1197.0,sea_point,8745,Sea of Okhotsk,5
16363,12171.0,4371.42,path_vertex,,,2
16364,12171.25,677.3000000000001,path_vertex,,,2
16365,12174.0,2037.0,sea_point,4407,Pacific Ocean,2
16366,12175.94,2066.83,path_vertex,,,2
16367,12177.0,5649.0,sea_point,4709,Great Australian Bight,3
16368,12177.880000000001,762.03,path_vertex,,,2
16369,12178.0,2631.0,sea_point,5808,Pacific Ocean,7
16370,12179.0,4953.92,path_vertex,,,2
16371,12181.0,2002.0,sea_point,4079,Pacific Ocean,3
16372,12182.050000000001,5392.87,path_vertex,,,2
16373,12183.0,2060.0,sea_point,4095,Pacific Ocean,3
16374,12183.0,3868.0,sea_point,5939,Pacific Ocean,5
16375,12183.0,5834.0,sea_point,6127,Great Australian Bight,6
16376,12183.0,6177.0,sea_point,6758,Southern Ocean,5
16377,12183.87,4985.88,path_vertex,,,2
16378,12185.0,1857.0,sea_point,8742,Pacific Ocean,6
16379,12187.0,4810.0,sea_point,5094,Arafura Sea,4
16380,12197.050000000001,5260.2,path_vertex,,,2
16381,12199.0,2464.0,sea_point,5798,Pacific Ocean,6
16382,12199.0,2870.0,sea_point,6612,Pacific Ocean,6
16383,12200.34,5283.97,path_vertex,,,2
16384,12203.0,4551.0,sea_point,3337,Arafura Sea,5
16385,12207.0,2012.0,province_center,3277,Kunashiri,2
16386,12207.0,2324.0,sea_point,5777,Pacific Ocean,6
16387,12207.0,4299.0,sea_point,5700,Pacific Ocean,4
16388,12208.0,4346.0,province_center,2787,Botawa,5
16389,12208.050000000001,4322.9400000000005,path_vertex,,,2
16390,12209.47,2020.18,path_vertex,,,2
16391,12211.22,1996.78,path_vertex,,,2
16392,12212.0,4191.0,sea_point,8597,Pacific Ocean,7
16393,12212.0,5126.0,province_center,2685,Three Ways,7
16394,12213.0,1003.0,sea_point,4126,Sea of Okhotsk,5
16395,12214.0,4694.0,sea_point,8543,Arafura Sea,8
16396,12215.0,2055.0,sea_point,4154,Pacific Ocean,5
16397,12215.85,5184.2300000000005,path_vertex,,,2
16398,12216.0,1979.0,sea_point,4155,Pacific Ocean,6
16399,12216.0,4451.0,sea_point,5740,Arafura Sea,6
16400,12216.43,5070.49,path_vertex,,,2
16401,12217.2,4406.56,path_vertex,,,2
16402,12219.91,4432.91,path_vertex,,,2
16403,12220.0,5260.0,province_center,2677,Alice Springs,7
16404,12221.0,4997.0,province_center,2686,Borroloola,5
16405,12222.0,2730.0,sea_point,6289,Pacific Ocean,6
16406,12223.0,5428.0,province_center,2678,Marla,6
16407,12226.0,4819.0,sea_point,4478,Arafura Sea,2
16408,12227.0,4423.0,province_center,2774,Timika,3
16409,12227.0,4852.0,sea_point,5087,Arafura Sea,4
16410,12228.0,2101.0,sea_point,4099,Pacific Ocean,4
16411,12230.0,2995.0,sea_point,6858,Pacific Ocean,5
16412,12230.0,3213.0,sea_point,6869,Pacific Ocean,6
16413,12230.06,4966.76,path_vertex,,,2
16414,12232.0,5711.0,sea_point,4715,Great Australian Bight,5
16415,12232.29,5508.05,path_vertex,,,2
16416,12237.82,4325.76,path_vertex,,,2
16417,12240.0,4936.0,sea_point,5079,Arafura Sea,5
16418,12241.45,5566.6,path_vertex,,,2
16419,12241.7,4409.6900000000005,path_vertex,,,2
16420,12243.0,1984.0,sea_point,4412,Pacific Ocean,2
16421,12244.210000000001,4379.9800000000005,path_vertex,,,2
16422,12245.85,5347.74,path_vertex,,,2
16423,12246.0,6052.0,sea_point,6481,Great Australian Bight,6
16424,12247.0,2007.0,sea_point,4238,Pacific Ocean,5
16425,12248.0,4447.0,path_vertex,,,2
16426,12253.0,2199.0,sea_point,5751,Pacific Ocean,7
16427,12257.0,1676.0,sea_point,5648,Sea of Okhotsk,5
16428,12257.0,4087.0,sea_point,8598,Pacific Ocean,6
16429,12258.0,1932.0,sea_point,4396,Pacific Ocean,4
16430,12259.0,4394.0,province_center,2788,Tembagapura,6
16431,12261.0,374.0,sea_point,4023,East Siberian Sea,4
16432,12261.0,1466.0,sea_point,6249,Sea of Okhotsk,5
16433,12261.0,3369.0,sea_point,6633,Pacific Ocean,5
16434,12261.0,3967.0,sea_point,8679,Pacific Ocean,7
16435,12268.0,1936.0,path_vertex,,,2
16436,12272.0,4619.0,sea_point,5734,Arafura Sea,5
16437,12276.64,4353.0,path_vertex,,,2
16438,12277.0,1123.0,sea_point,5457,Sea of Okhotsk,6
16439,12277.0,1310.0,sea_point,5560,Sea of Okhotsk,8
16440,12277.0,1941.0,province_center,3278,Etorofu,2
16441,12277.0,3775.0,sea_point,6358,Pacific Ocean,5
16442,12282.0,5673.0,sea_point,4724,Great Australian Bight,2
16443,12286.0,1900.0,sea_point,4414,Pacific Ocean,2
16444,12286.5,5655.5,path_vertex,,,2
16445,12287.73,5469.55,path_vertex,,,2
16446,12288.0,1940.0,path_vertex,,,2
16447,12288.0,4990.0,sea_point,5054,Arafura Sea,3
16448,12288.0,6336.0,sea_point,5040,sea,4
16449,12290.0,4256.0,sea_point,5701,Pacific Ocean,5
16450,12290.0,4505.0,sea_point,5737,Arafura Sea,4
16451,12290.0,5723.0,sea_point,4726,Great Australian Bight,3
16452,12292.0,3525.0,sea_point,6337,Pacific Ocean,7
16453,12292.960000000001,4444.400000000001,path_vertex,,,2
16454,12293.0,984.0,sea_point,3996,Sea of Okhotsk,2
16455,12297.0,2536.0,sea_point,6281,Pacific Ocean,6
16456,12298.57,4278.78,path_vertex,,,2
16457,12299.0,5613.0,province_center,2687,Port Augusta,5
16458,12300.0,5912.0,sea_point,6133,Great Australian Bight,7
16459,12301.0,1935.0,sea_point,4298,Pacific Ocean,3
16460,12303.0,4291.0,province_center,2768,Sarmi,6
16461,12303.0,4768.0,sea_point,8541,Arafura Sea,6
16462,12305.0,4494.96,path_vertex,,,2
16463,12306.0,715.0,province_center,3014,Ilirney,6
16464,12308.42,4397.6,path_vertex,,,2
16465,12309.0,5051.35,path_vertex,,,2
16466,12309.0,5078.93,path_vertex,,,2
16467,12309.0,5163.16,path_vertex,,,2
16468,12309.0,5195.17,path_vertex,,,2
16469,12309.0,5266.22,path_vertex,,,2
16470,12309.0,5316.26,path_vertex,,,2
16471,12309.0,5389.0,path_vertex,,,2
16472,12313.0,1802.0,sea_point,5652,Pacific Ocean,6
16473,12313.37,5622.27,path_vertex,,,2
16474,12314.0,518.0,sea_point,4171,East Siberian Sea,4
16475,12314.960000000001,5572.66,path_vertex,,,2
16476,12316.0,6162.0,sea_point,6486,Southern Ocean,7
16477,12318.0,4481.0,province_center,2775,Agats,7
16478,12323.0,1900.0,sea_point,4304,Pacific Ocean,5
16479,12325.0,4352.0,path_vertex,,,2
16480,12326.75,4424.28,path_vertex,,,2
16481,12326.94,5704.9400000000005,path_vertex,,,2
16482,12328.0,5018.0,sea_point,5052,Arafura Sea,3
16483,12329.720000000001,5029.0,path_vertex,,,2
16484,12330.0,4399.0,province_center,2778,Tiom,4
16485,12331.0,2386.0,sea_point,6276,Pacific Ocean,7
16486,12331.0,3073.0,sea_point,7066,Pacific Ocean,7
16487,12331.0,4134.0,sea_point,5973,Pacific Ocean,6
16488,12331.0,5123.0,path_vertex,,,2
16489,12331.44,4510.26,path_vertex,,,2
16490,12332.07,4371.29,path_vertex,,,2
16491,12333.0,5066.0,province_center,2745,Floraville,8
16492,12335.0,5701.0,province_center,2676,Adelaide,2
16493,12337.0,5174.0,province_center,2746,Dutches,6
16494,12341.0,2069.0,sea_point,5716,Pacific Ocean,7
16495,12341.0,5503.0,province_center,2680,The Sill,8
16496,12341.960000000001,5207.16,path_vertex,,,2
16497,12343.31,893.22,path_vertex,,,2
16498,12343.85,5392.0,path_vertex,,,2
16499,12344.0,5377.0,province_center,2753,Birdsville,5
16500,12346.0,5736.0,sea_point,4740,Great Australian Bight,5
16501,12346.75,4537.650000000001,path_vertex,,,2
16502,12347.0,2792.0,sea_point,6849,Pacific Ocean,6
16503,12347.83,5103.95,path_vertex,,,2
16504,12348.51,5296.57,path_vertex,,,2
16505,12349.51,5692.59,path_vertex,,,2
16506,12350.0,5268.0,province_center,2754,Boulia,6
16507,12351.18,5147.4800000000005,path_vertex,,,2
16508,12352.970000000001,5728.4800000000005,path_vertex,,,2
16509,12355.0,2652.0,sea_point,6600,Pacific Ocean,7
16510,12355.0,2932.0,sea_point,7059,Pacific Ocean,6
16511,12357.0,921.0,sea_point,4128,Sea of Okhotsk,4
16512,12359.0,5131.0,province_center,2741,Cloncurry,3
16513,12360.0,4859.0,sea_point,5027,Arafura Sea,6
16514,12362.0,4698.0,sea_point,8607,Arafura Sea,6
16515,12363.0,1544.0,sea_point,6252,Sea of Okhotsk,6
16516,12363.0,3666.0,sea_point,5914,Pacific Ocean,6
16517,12364.0,4339.0,path_vertex,,,2
16518,12364.0,4592.0,province_center,2786,Kumbe,4
16519,12366.4,4319.2,path_vertex,,,2
16520,12367.15,4601.2300000000005,path_vertex,,,2
16521,12368.68,5593.77,path_vertex,,,2
16522,12369.0,5797.0,sea_point,4454,Great Australian Bight,2
16523,12370.0,6021.0,sea_point,6141,Great Australian Bight,6
16524,12372.0,4570.0,path_vertex,,,2
16525,12372.28,4591.49,path_vertex,,,2
16526,12373.0,4295.0,sea_point,5702,Pacific Ocean,3
16527,12374.0,1022.0,sea_point,8746,Sea of Okhotsk,6
16528,12374.41,4377.35,path_vertex,,,2
16529,12377.0,4933.0,sea_point,5029,Arafura Sea,5
16530,12379.0,5158.99,path_vertex,,,2
16531,12380.0,4619.0,sea_point,5732,Arafura Sea,5
16532,12380.56,4313.22,path_vertex,,,2
16533,12380.76,5132.9400000000005,path_vertex,,,2
16534,12382.16,4862.97,path_vertex,,,2
16535,12383.0,1366.0,sea_point,3994,Kara Sea,2
16536,12384.550000000001,5218.07,path_vertex,,,2
16537,12385.0,4326.0,province_center,2785,Jayapura,3
16538,12385.54,4935.92,path_vertex,,,2
16539,12386.0,3244.0,sea_point,6627,Pacific Ocean,6
16540,12386.970000000001,4599.97,path_vertex,,,2
16541,12387.0,1412.0,sea_point,4139,Sea of Okhotsk,7
16542,12387.0,4350.0,path_vertex,,,2
16543,12387.76,5102.54,path_vertex,,,2
16544,12390.0,4590.0,province_center,2715,Merauke,4
16545,12390.0,4776.0,sea_point,5022,Arafura Sea,3
16546,12390.5,4562.5,path_vertex,,,2
16547,12394.0,2230.0,sea_point,6270,Pacific Ocean,6
16548,12394.0,4433.0,path_vertex,,,2
16549,12396.0,5674.0,province_center,2688,Renmark,6
16550,12400.0,4020.0,sea_point,6369,Pacific Ocean,8
16551,12402.0,3400.0,sea_point,6329,Pacific Ocean,6
16552,12402.0,3868.0,sea_point,6363,Pacific Ocean,6
16553,12402.0,5922.0,sea_point,8682,Great Australian Bight,5
16554,12404.300000000001,4332.1,path_vertex,,,2
16555,12405.0,1306.0,sea_point,4136,Sea of Okhotsk,4
16556,12407.04,4577.1900000000005,path_vertex,,,2
16557,12407.5,4598.5,path_vertex,,,2
16558,12408.5,4485.0,path_vertex,,,2
16559,12408.89,4998.06,path_vertex,,,2
16560,12409.0,4867.0,province_center,2748,MCDonnell,3
16561,12409.0,5574.0,path_vertex,,,2
16562,12409.0,5626.55,path_vertex,,,2
16563,12409.0,5693.29,path_vertex,,,2
16564,12409.5,5369.24,path_vertex,,,2
16565,12409.87,5515.81,path_vertex,,,2
16566,12410.960000000001,5461.6,path_vertex,,,2
16567,12412.0,4767.0,sea_point,5020,Coral Sea,5
16568,12412.0,5402.17,path_vertex,,,2
16569,12415.78,4459.02,path_vertex,,,2
16570,12416.0,1355.0,sea_point,3988,Kara Sea,2
16571,12416.0,5601.0,province_center,2726,Silverton,7
16572,12417.0,405.0,sea_point,4096,East Siberian Sea,4
16573,12417.0,1684.0,sea_point,6255,Pacific Ocean,7
16574,12417.2,760.8100000000001,path_vertex,,,2
16575,12418.0,1396.0,sea_point,3992,Kara Sea,2
16576,12419.800000000001,5674.6,path_vertex,,,2
16577,12423.0,4655.0,sea_point,4527,Coral Sea,2
16578,12425.0,1981.0,sea_point,5690,Pacific Ocean,6
16579,12427.0,5297.5,path_vertex,,,2
16580,12428.0,5824.0,sea_point,4808,Great Australian Bight,6
16581,12429.98,5814.21,path_vertex,,,2
16582,12431.0,3601.0,sea_point,5902,Pacific Ocean,7
16583,12433.0,1840.0,sea_point,5661,Pacific Ocean,6
16584,12433.0,4315.0,sea_point,5703,Pacific Ocean,5
16585,12435.0,4457.0,province_center,2780,Tabubil,4
16586,12435.95,5559.56,path_vertex,,,2
16587,12436.0,4471.0,path_vertex,,,2
16588,12436.0,5665.0,path_vertex,,,2
16589,12436.5,4440.5,path_vertex,,,2
16590,12436.76,4325.29,path_vertex,,,2
16591,12437.0,1125.0,sea_point,4134,Sea of Okhotsk,6
16592,12437.0,4561.0,province_center,2779,Aiambak,7
16593,12439.0,5136.0,province_center,2747,Richmond (QLD),7
16594,12439.0,5675.0,province_center,2719,Mildura,3
16595,12439.0,5738.0,province_center,2725,Yaapeet,7
16596,12439.14,4925.86,path_vertex,,,2
16597,12439.9,5687.7,path_vertex,,,2
16598,12440.24,5032.6,path_vertex,,,2
16599,12441.0,6130.0,sea_point,6147,Southern Ocean,6
16600,12442.0,4342.0,province_center,2767,Aitape,8
16601,12444.0,2857.0,sea_point,8661,Pacific Ocean,5
16602,12445.0,4856.0,path_vertex,,,2
16603,12446.0,1358.0,sea_point,4138,Pacific Ocean,4
16604,12448.0,2974.0,sea_point,8137,Pacific Ocean,6
16605,12451.52,5267.36,path_vertex,,,2
16606,12452.0,4854.0,sea_point,5018,Coral Sea,3
16607,12452.0,5523.0,province_center,2727,Tibooburra,5
16608,12454.0,4956.0,province_center,2752,Palmerville,5
16609,12454.0,5675.0,path_vertex,,,2
16610,12456.0,2480.0,sea_point,6597,Pacific Ocean,6
16611,12456.0,4165.0,sea_point,5979,Pacific Ocean,6
16612,12457.0,4459.0,path_vertex,,,2
16613,12457.0,5363.0,province_center,2755,Windorah,7
16614,12457.0,5724.38,path_vertex,,,2
16615,12457.99,5508.0,path_vertex,,,2
16616,12458.960000000001,4584.99,path_vertex,,,2
16617,12460.16,1143.65,path_vertex,,,2
16618,12463.0,4892.0,sea_point,4480,Coral Sea,2
16619,12463.5,4449.5,path_vertex,,,2
16620,12464.0,2340.0,sea_point,6593,Pacific Ocean,6
16621,12465.64,5247.4800000000005,path_vertex,,,2
16622,12465.800000000001,5740.400000000001,path_vertex,,,2
16623,12469.36,5090.0,path_vertex,,,2
16624,12472.0,6255.0,sea_point,6489,Southern Ocean,5
16625,12473.300000000001,5281.900000000001,path_vertex,,,2
16626,12474.0,5265.0,province_center,2743,Longreach,5
16627,12475.32,5648.150000000001,path_vertex,,,2
16628,12478.0,552.0,path_vertex,,,2
16629,12478.0,4896.0,sea_point,5012,Coral Sea,3
16630,12480.0,2745.0,sea_point,7053,Pacific Ocean,6
16631,12480.0,3120.0,sea_point,6866,Pacific Ocean,6
16632,12480.18,5129.82,path_vertex,,,2
16633,12480.79,5765.07,path_vertex,,,2
16634,12481.0,5887.0,sea_point,5173,Great Australian Bight,6
16635,12482.970000000001,5401.02,path_vertex,,,2
16636,12483.0,880.0,sea_point,4129,Sea of Okhotsk,4
16637,12484.130000000001,4593.57,path_vertex,,,2
16638,12484.85,5246.1900000000005,path_vertex,,,2
16639,12485.98,5613.05,path_vertex,,,2
16640,12486.5,4603.3,path_vertex,,,2
16641,12487.0,2605.0,sea_point,6844,Pacific Ocean,6
16642,12487.0,3755.0,sea_point,5498,Pacific Ocean,6
16643,12487.0,5835.0,sea_point,4820,Great Australian Bight,4
16644,12489.460000000001,5536.37,path_vertex,,,2
16645,12490.970000000001,5827.0,path_vertex,,,2
16646,12491.0,5413.0,province_center,2756,Eromanga,6
16647,12491.43,5574.57,path_vertex,,,2
16648,12492.6,3741.73,path_vertex,,,2
16649,12495.0,1497.0,sea_point,5622,Pacific Ocean,6
16650,12495.95,5508.0,path_vertex,,,2
16651,12496.25,5371.01,path_vertex,,,2
16652,12497.0,4667.0,sea_point,5730,Coral Sea,7
16653,12497.0,5539.0,province_center,2737,Wanaaring,5
16654,12498.92,4987.62,path_vertex,,,2
16655,12499.0,5960.0,sea_point,5171,Great Australian Bight,6
16656,12500.0,3499.0,sea_point,5889,Pacific Ocean,6
16657,12500.17,5264.07,path_vertex,,,2
16658,12503.0,3719.0,province_center,3242,Guam,2
16659,12503.26,4509.75,path_vertex,,,2
16660,12504.220000000001,4654.32,path_vertex,,,2
16661,12504.24,4360.7300000000005,path_vertex,,,2
16662,12505.92,4533.27,path_vertex,,,2
16663,12507.0,534.0,sea_point,4170,East Siberian Sea,5
16664,12507.0,5782.0,province_center,2720,Ballarat,4
16665,12508.880000000001,4948.83,path_vertex,,,2
16666,12509.14,5571.52,path_vertex,,,2
16667,12510.0,4641.0,province_center,2766,Daru,4
16668,12510.34,5408.72,path_vertex,,,2
16669,12512.0,4920.0,sea_point,4481,Coral Sea,2
16670,12514.0,5880.0,sea_point,4447,Great Australian Bight,2
16671,12514.460000000001,5439.150000000001,path_vertex,,,2
16672,12514.54,5774.31,path_vertex,,,2
16673,12515.16,5324.8,path_vertex,,,2
16674,12516.0,4947.0,sea_point,5010,Coral Sea,4
16675,12518.0,5838.0,sea_point,4850,Tasman Sea,5
16676,12519.0,2074.0,sea_point,6265,Pacific Ocean,7
16677,12519.0,5959.67,path_vertex,,,2
16678,12519.220000000001,3704.44,path_vertex,,,2
16679,12519.74,5508.29,path_vertex,,,2
16680,12522.0,5006.0,province_center,2744,Cairns,6
16681,12525.0,5619.0,province_center,2733,Ivanhoe,6
16682,12525.68,5789.05,path_vertex,,,2
16683,12526.0,3307.0,sea_point,6322,Pacific Ocean,6
16684,12529.0,6019.0,sea_point,5214,Great Australian Bight,3
16685,12530.0,3695.0,sea_point,5499,Pacific Ocean,5
16686,12530.0,5959.0,province_center,2791,Strahan,3
16687,12530.61,5647.3,path_vertex,,,2
16688,12531.85,4999.0,path_vertex,,,2
16689,12532.0,1199.0,province_center,3008,Petropavlovsk-Kamchatsky,3
16690,12533.0,4369.0,province_center,2777,Wewak,4
16691,12534.0,1762.0,sea_point,6576,Pacific Ocean,6
16692,12534.45,4356.54,path_vertex,,,2
16693,12535.0,949.0,sea_point,4132,Sea of Okhotsk,4
16694,12535.0,4347.0,sea_point,5704,Pacific Ocean,6
16695,12535.0,4995.0,sea_point,5002,Coral Sea,3
16696,12535.0,5675.0,province_center,2728,Hay,7
16697,12536.34,5097.09,path_vertex,,,2
16698,12538.0,5793.0,province_center,2716,Melbourne,4
16699,12538.050000000001,5714.58,path_vertex,,,2
16700,12538.6,5777.8,path_vertex,,,2
16701,12539.0,5119.0,province_center,2751,Charters Towers,6
16702,12539.0,5746.0,province_center,2721,Bendigo,6
16703,12540.0,4104.0,sea_point,8599,Pacific Ocean,5
16704,12540.1,5971.14,path_vertex,,,2
16705,12540.5,5229.0,path_vertex,,,2
16706,12542.0,1622.0,sea_point,6572,Pacific Ocean,5
16707,12542.29,6017.88,path_vertex,,,2
16708,12543.0,4517.0,province_center,2776,Mendi,7
16709,12543.050000000001,5081.05,path_vertex,,,2
16710,12543.050000000001,5801.900000000001,path_vertex,,,2
16711,12543.6,1226.96,path_vertex,,,2
16712,12545.0,4645.0,sea_point,4526,Coral Sea,2
16713,12545.0,5473.0,province_center,2757,Eulo,6
16714,12547.0,5810.0,sea_point,4831,Tasman Sea,2
16715,12547.5,5084.5,path_vertex,,,2
16716,12547.710000000001,4439.82,path_vertex,,,2
16717,12548.1,4491.54,path_vertex,,,2
16718,12550.0,2199.0,sea_point,6587,Pacific Ocean,5
16719,12550.0,3640.0,sea_point,5503,Pacific Ocean,7
16720,12550.0,5109.0,path_vertex,,,2
16721,12552.0,4463.0,province_center,2781,Wabag,6
16722,12553.0,5034.0,sea_point,4968,Coral Sea,4
16723,12555.0,1255.0,sea_point,4137,Pacific Ocean,5
16724,12555.43,3667.0,path_vertex,,,2
16725,12556.0,5792.0,path_vertex,,,2
16726,12557.0,3671.0,province_center,3243,Songsong,2
16727,12558.0,1903.0,sea_point,6261,Pacific Ocean,6
16728,12558.0,2870.0,sea_point,7226,Pacific Ocean,7
16729,12558.0,3868.0,sea_point,5940,Pacific Ocean,7
16730,12560.65,5686.650000000001,path_vertex,,,2
16731,12563.24,5759.06,path_vertex,,,2
16732,12564.0,5097.0,province_center,2740,Townsville,4
16733,12566.0,5655.0,path_vertex,,,2
16734,12566.14,5432.0,path_vertex,,,2
16735,12566.92,5618.92,path_vertex,,,2
16736,12567.0,6049.0,sea_point,5213,Tasman Sea,5
16737,12568.0,3671.1800000000003,path_vertex,,,2
16738,12570.26,5086.86,path_vertex,,,2
16739,12571.24,5929.9400000000005,path_vertex,,,2
16740,12571.6,5572.2,path_vertex,,,2
16741,12571.720000000001,5595.04,path_vertex,,,2
16742,12572.61,5133.91,path_vertex,,,2
16743,12573.0,6177.0,sea_point,6149,Southern Ocean,6
16744,12573.0,6333.0,sea_point,6492,Southern Ocean,5
16745,12573.15,5730.43,path_vertex,,,2
16746,12574.0,5078.0,sea_point,4967,Coral Sea,3
16747,12574.300000000001,844.77,path_vertex,,,2
16748,12577.93,4496.0,path_vertex,,,2
16749,12578.0,5901.0,sea_point,5175,Tasman Sea,5
16750,12580.15,5109.38,path_vertex,,,2
16751,12580.4,5908.6,path_vertex,,,2
16752,12581.0,1388.0,sea_point,5585,Pacific Ocean,7
16753,12581.0,4227.0,sea_point,5982,Pacific Ocean,5
16754,12582.0,4456.81,path_vertex,,,2
16755,12584.0,5920.0,province_center,2790,Devonport,4
16756,12586.51,5971.49,path_vertex,,,2
16757,12587.0,3533.0,sea_point,5504,Pacific Ocean,7
16758,12587.0,5389.0,province_center,2763,Charleville,6
16759,12588.0,6013.0,province_center,2789,Hobart,4
16760,12589.0,2433.0,sea_point,6838,Pacific Ocean,6
16761,12589.0,3026.0,sea_point,7063,Pacific Ocean,6
16762,12589.0,3993.0,sea_point,6370,Pacific Ocean,5
16763,12589.0,4789.0,sea_point,8605,Coral Sea,7
16764,12590.2,4564.0,path_vertex,,,2
16765,12591.77,5511.03,path_vertex,,,2
16766,12592.0,3610.0,sea_point,5507,Pacific Ocean,6
16767,12594.0,6016.8,path_vertex,,,2
16768,12598.0,5583.0,province_center,2732,Byrock,6
16769,12599.59,4416.95,path_vertex,,,2
16770,12599.83,5347.13,path_vertex,,,2
16771,12601.0,833.0,province_center,3015,Gizhiga,4
16772,12601.0,5844.0,sea_point,4867,Tasman Sea,4
16773,12601.0,6045.0,sea_point,4444,Tasman Sea,2
16774,12602.41,1055.73,path_vertex,,,2
16775,12603.0,4577.0,sea_point,5726,Coral Sea,4
16776,12603.11,5599.37,path_vertex,,,2
16777,12604.0,436.0,sea_point,4337,East Siberian Sea,5
16778,12604.0,4379.0,sea_point,5705,Bismarck Sea,2
16779,12604.04,5484.1900000000005,path_vertex,,,2
16780,12605.0,3670.0,sea_point,5501,Pacific Ocean,7
16781,12606.0,4673.0,sea_point,5205,Coral Sea,5
16782,12607.0,6025.0,sea_point,5200,Tasman Sea,3
16783,12607.76,4514.21,path_vertex,,,2
16784,12608.0,5617.0,province_center,2735,Nymagee,7
16785,12609.79,5659.95,path_vertex,,,2
16786,12611.0,5090.0,sea_point,4966,Coral Sea,3
16787,12611.0,5711.0,province_center,2724,Wagga Wagga,6
16788,12612.0,2698.0,sea_point,7220,Pacific Ocean,6
16789,12612.54,3630.46,path_vertex,,,2
16790,12613.73,4538.7300000000005,path_vertex,,,2
16791,12616.49,5749.0,path_vertex,,,2
16792,12619.0,3634.0,province_center,3246,Aguigan,2
16793,12620.0,2308.0,sea_point,6835,Pacific Ocean,6
16794,12620.0,2558.0,sea_point,7049,Pacific Ocean,6
16795,12620.0,3182.0,sea_point,6625,Pacific Ocean,6
16796,12621.0,5792.0,province_center,2723,Bairnsdale,6
16797,12621.960000000001,5438.26,path_vertex,,,2
16798,12625.94,3604.66,path_vertex,,,2
16799,12626.0,5252.0,province_center,2749,Emerald,7
16800,12626.25,3637.67,path_vertex,,,2
16801,12627.300000000001,5393.38,path_vertex,,,2
16802,12628.0,1513.0,sea_point,6250,Pacific Ocean,6
16803,12629.08,5236.0,path_vertex,,,2
16804,12629.95,5807.81,path_vertex,,,2
16805,12631.0,625.0,path_vertex,,,2
16806,12632.1,5347.37,path_vertex,,,2
16807,12634.0,3599.0,province_center,3244,Tinian,2
16808,12634.0,5815.0,sea_point,4872,Tasman Sea,5
16809,12635.0,907.0,sea_point,4131,Sea of Okhotsk,3
16810,12636.0,588.0,sea_point,4169,East Siberian Sea,4
16811,12636.0,5884.0,sea_point,5176,Tasman Sea,5
16812,12636.9,5521.3,path_vertex,,,2
16813,12637.0,4444.0,province_center,2771,Madang,5
16814,12637.15,5578.77,path_vertex,,,2
16815,12639.0,3564.0,sea_point,5500,Pacific Ocean,4
16816,12641.0,5164.0,province_center,2750,Mackay,5
16817,12641.380000000001,3609.09,path_vertex,,,2
16818,12642.300000000001,5651.0,path_vertex,,,2
16819,12643.24,5590.9400000000005,path_vertex,,,2
16820,12644.0,6021.0,sea_point,4446,Tasman Sea,2
16821,12646.5,4465.01,path_vertex,,,2
16822,12647.0,5937.0,path_vertex,,,2
16823,12648.0,3780.0,sea_point,5927,Pacific Ocean,6
16824,12648.14,4447.01,path_vertex,,,2
16825,12650.03,5716.16,path_vertex,,,2
16826,12650.460000000001,5158.6900000000005,path_vertex,,,2
16827,12650.61,918.85,path_vertex,,,2
16828,12651.0,1996.0,sea_point,6581,Pacific Ocean,6
16829,12651.0,4929.0,sea_point,6055,Coral Sea,5
16830,12651.0,5939.0,sea_point,5180,Tasman Sea,7
16831,12651.6,5577.650000000001,path_vertex,,,3
16832,12652.0,4417.0,sea_point,5706,Bismarck Sea,4
16833,12652.720000000001,5698.72,path_vertex,,,2
16834,12654.58,5612.84,path_vertex,,,2
16835,12658.0,4449.0,sea_point,5707,Bismarck Sea,3
16836,12658.0,4605.0,sea_point,5725,Coral Sea,3
16837,12658.0,5907.0,sea_point,5178,Tasman Sea,2
16838,12659.0,1794.0,sea_point,6820,Pacific Ocean,6
16839,12659.0,3385.0,sea_point,5872,Pacific Ocean,7
16840,12659.0,4102.0,sea_point,6376,Pacific Ocean,7
16841,12660.0,5151.0,sea_point,4965,Coral Sea,3
16842,12660.0,5270.67,path_vertex,,,2
16843,12660.53,5731.88,path_vertex,,,2
16844,12665.0,3542.92,path_vertex,,,2
16845,12666.0,5210.0,path_vertex,,,2
16846,12666.0,5719.0,province_center,2722,Canberra,3
16847,12667.0,923.0,province_center,3013,Palana,4
16848,12673.0,3636.0,sea_point,5505,Pacific Ocean,6
16849,12674.0,3582.0,sea_point,4576,Pacific Ocean,2
16850,12674.85,5708.26,path_vertex,,,2
16851,12675.0,1638.0,sea_point,6817,Pacific Ocean,7
16852,12675.0,3547.0,province_center,3245,Saipan,3
16853,12675.0,4290.0,sea_point,8602,Bismarck Sea,7
16854,12677.62,5250.08,path_vertex,,,2
16855,12679.0,1145.0,sea_point,4140,Bering Sea,4
16856,12679.78,3526.53,path_vertex,,,2
16857,12682.0,1279.0,sea_point,5548,Bering Sea,6
16858,12682.0,2121.0,sea_point,6828,Pacific Ocean,7
16859,12682.0,5499.0,province_center,2761,Dirranbandi,5
16860,12682.0,5689.0,province_center,2734,Bathurst,7
16861,12682.800000000001,5229.6,path_vertex,,,2
16862,12683.53,5647.07,path_vertex,,,2
16863,12684.0,5609.0,province_center,2731,Dubbo,6
16864,12684.1,3543.19,path_vertex,,,2
16865,12684.12,5517.7300000000005,path_vertex,,,2
16866,12685.0,5296.0,province_center,2759,Rannes,6
16867,12685.76,5724.2,path_vertex,,,2
16868,12687.49,5590.83,path_vertex,,,2
16869,12688.0,2971.0,sea_point,8662,Pacific Ocean,5
16870,12689.0,5573.0,province_center,2736,Walgett,5
16871,12689.39,5460.0,path_vertex,,,2
16872,12691.0,3478.0,sea_point,5509,Pacific Ocean,6
16873,12691.0,4637.0,sea_point,5724,Coral Sea,6
16874,12691.0,5716.0,path_vertex,,,3
16875,12691.470000000001,5356.0,path_vertex,,,2
16876,12693.62,5263.92,path_vertex,,,2
16877,12696.02,4634.51,path_vertex,,,2
16878,12696.18,5695.88,path_vertex,,,2
16879,12698.0,6396.0,sea_point,6494,Southern Ocean,3
16880,12699.0,5250.0,province_center,2742,Rockhampton,4
16881,12702.0,5390.0,province_center,2762,Roma,7
16882,12702.050000000001,4533.9800000000005,path_vertex,,,2
16883,12704.1,5680.5,path_vertex,,,2
16884,12705.57,812.29,path_vertex,,,2
16885,12706.0,5190.0,sea_point,4964,Coral Sea,4
16886,12706.0,6255.0,sea_point,6153,Southern Ocean,6
16887,12708.0,4509.0,province_center,2772,Lae,4
16888,12709.0,4625.0,province_center,2764,Port Moresby,3
16889,12710.0,4479.0,path_vertex,,,2
16890,12711.0,4472.0,sea_point,5708,Bismarck Sea,4
16891,12711.4,4555.85,path_vertex,,,2
16892,12713.880000000001,5247.88,path_vertex,,,2
16893,12714.0,1404.0,sea_point,6246,Pacific Ocean,6
16894,12714.9,5648.7,path_vertex,,,2
16895,12715.0,5705.0,province_center,2717,Sydney,3
16896,12717.1,4609.7,path_vertex,,,2
16897,12717.5,5728.5,path_vertex,,,2
16898,12719.92,5590.2300000000005,path_vertex,,,2
16899,12719.970000000001,5500.24,path_vertex,,,2
16900,12721.0,2386.0,sea_point,7043,Pacific Ocean,7
16901,12721.0,3978.0,sea_point,5950,Pacific Ocean,6
16902,12721.0,4820.0,sea_point,6045,Coral Sea,6
16903,12721.0,5707.6900000000005,path_vertex,,,2
16904,12721.710000000001,5260.18,path_vertex,,,2
16905,12723.0,5792.0,sea_point,4881,Tasman Sea,4
16906,12723.0,5874.0,sea_point,8688,Tasman Sea,7
16907,12724.2,5691.6,path_vertex,,,2
16908,12725.0,5627.0,path_vertex,,,2
16909,12727.84,4631.97,path_vertex,,,2
16910,12729.0,3088.0,sea_point,6864,Pacific Ocean,7
16911,12729.0,6115.0,sea_point,6145,Tasman Sea,8
16912,12729.2,5380.6,path_vertex,,,2
16913,12729.86,945.84,path_vertex,,,2
16914,12730.0,4574.0,province_center,2773,Morobe,5
16915,12731.0,5669.0,province_center,2729,Gosford,5
16916,12732.0,846.0,sea_point,4130,Sea of Okhotsk,2
16917,12732.75,5455.35,path_vertex,,,2
16918,12732.82,5324.53,path_vertex,,,2
16919,12733.0,5717.0,sea_point,4901,Tasman Sea,5
16920,12733.68,5565.84,path_vertex,,,2
16921,12734.0,4368.0,sea_point,5986,Bismarck Sea,6
16922,12734.0,5245.0,sea_point,4962,Coral Sea,5
16923,12734.82,5513.62,path_vertex,,,2
16924,12736.25,4567.3,path_vertex,,,2
16925,12737.0,2792.0,sea_point,7350,Pacific Ocean,7
16926,12737.74,5651.14,path_vertex,,,2
16927,12738.0,1066.0,sea_point,4142,Bering Sea,4
16928,12740.0,4562.0,sea_point,5712,Solomon Sea,4
16929,12740.35,5662.27,path_vertex,,,2
16930,12743.0,5635.0,province_center,2718,Newcastle,4
16931,12743.0,6004.0,sea_point,8687,Tasman Sea,4
16932,12744.0,3546.0,sea_point,5508,Pacific Ocean,6
16933,12744.0,4702.0,sea_point,4523,Coral Sea,2
16934,12745.0,2652.0,sea_point,7347,Pacific Ocean,6
16935,12745.0,5023.0,sea_point,6064,Coral Sea,8
16936,12746.800000000001,4599.400000000001,path_vertex,,,2
16937,12747.0,5418.14,path_vertex,,,2
16938,12748.0,585.0,sea_point,4168,East Siberian Sea,5
16939,12748.4,5641.2,path_vertex,,,2
16940,12752.19,5615.04,path_vertex,,,2
16941,12753.0,1887.0,sea_point,7028,Pacific Ocean,5
16942,12753.0,2230.0,sea_point,7040,Pacific Ocean,5
16943,12753.0,2511.0,sea_point,7217,Pacific Ocean,5
16944,12753.0,3260.0,sea_point,6320,Pacific Ocean,6
16945,12755.69,600.9,path_vertex,,,2
16946,12756.0,5651.0,sea_point,4903,Tasman Sea,6
16947,12758.0,4461.0,sea_point,4537,Arafura Sea,2
16948,12759.0,956.0,sea_point,4141,Bering Sea,4
16949,12760.0,1528.0,sea_point,6569,Pacific Ocean,6
16950,12763.0,825.0,path_vertex,,,2
16951,12766.0,4491.0,sea_point,5709,Solomon Sea,4
16952,12768.0,452.0,sea_point,4938,East Siberian Sea,4
16953,12768.0,3666.0,sea_point,5915,Pacific Ocean,8
16954,12768.0,3853.0,sea_point,5938,Pacific Ocean,7
16955,12773.0,4446.0,sea_point,5783,Bismarck Sea,4
16956,12776.54,5466.31,path_vertex,,,2
16957,12777.15,5532.62,path_vertex,,,2
16958,12779.0,5557.0,province_center,2730,Lismore,5
16959,12779.65,4649.45,path_vertex,,,3
16960,12780.0,5502.0,province_center,2739,Warwick,7
16961,12782.0,4291.0,sea_point,8601,Bismarck Sea,5
16962,12782.0,5354.0,province_center,2758,Maryborough,4
16963,12784.0,1762.0,sea_point,7204,Pacific Ocean,6
16964,12784.0,2012.0,sea_point,7032,Pacific Ocean,6
16965,12784.0,2948.0,sea_point,7061,Pacific Ocean,5
16966,12784.0,3416.0,sea_point,5881,Pacific Ocean,6
16967,12784.0,5437.0,province_center,2760,Sandgate,5
16968,12786.84,5326.46,path_vertex,,,2
16969,12787.58,5394.21,path_vertex,,,2
16970,12789.2,5494.400000000001,path_vertex,,,2
16971,12789.6,842.2,path_vertex,,,2
16972,12789.61,5573.71,path_vertex,,,2
16973,12790.0,5307.0,sea_point,4961,Coral Sea,5
16974,12792.0,4087.0,sea_point,5963,Pacific Ocean,5
16975,12794.0,5941.0,sea_point,8689,Tasman Sea,6
16976,12795.0,5582.0,sea_point,4926,Tasman Sea,4
16977,12795.1,5457.3,path_vertex,,,2
16978,12803.0,4372.0,sea_point,8600,Bismarck Sea,6
16979,12803.0,5478.0,province_center,2738,Brisbane,3
16980,12806.89,5503.77,path_vertex,,,2
16981,12807.78,5417.78,path_vertex,,,2
16982,12809.24,5476.9400000000005,path_vertex,,,2
16983,12815.0,1294.0,sea_point,6241,Bering Sea,6
16984,12815.0,5863.0,sea_point,8683,Tasman Sea,5
16985,12818.0,5536.0,sea_point,4931,Tasman Sea,4
16986,12819.0,4525.0,sea_point,5780,Solomon Sea,6
16987,12821.0,4622.0,sea_point,5717,Solomon Sea,4
16988,12825.0,4197.0,sea_point,8681,Bismarck Sea,6
16989,12825.0,5506.0,sea_point,4936,Tasman Sea,4
16990,12826.0,5405.0,sea_point,4950,Coral Sea,6
16991,12830.0,5473.0,sea_point,4946,Tasman Sea,4
16992,12831.0,1638.0,sea_point,7024,Pacific Ocean,6
16993,12831.0,3541.0,sea_point,5899,Pacific Ocean,6
16994,12838.0,1154.0,sea_point,5471,Bering Sea,6
16995,12838.0,2719.0,sea_point,8663,Pacific Ocean,5
16996,12838.0,6396.0,sea_point,6157,Southern Ocean,5
16997,12839.0,5754.0,sea_point,6119,Tasman Sea,8
16998,12842.0,4730.0,sea_point,5720,Coral Sea,5
16999,12842.0,6051.0,sea_point,8685,Tasman Sea,5
17000,12842.970000000001,4494.0,path_vertex,,,2
17001,12843.0,3978.0,sea_point,5519,Pacific Ocean,6
17002,12844.0,588.0,sea_point,4167,East Siberian Sea,4
17003,12846.0,1419.0,sea_point,6565,Pacific Ocean,6
17004,12847.0,803.0,province_center,3009,Slautnoye,7
17005,12848.0,6213.0,sea_point,4420,Southern Ocean,2
17006,12848.02,869.15,path_vertex,,,2
17007,12849.0,891.0,sea_point,4143,Bering Sea,4
17008,12850.0,5169.0,sea_point,6072,Coral Sea,8
17009,12854.0,2121.0,sea_point,7211,Pacific Ocean,6
17010,12854.0,2308.0,sea_point,7214,Pacific Ocean,6
17011,12854.0,4463.0,province_center,2783,Kimbe,2
17012,12855.380000000001,4459.0,path_vertex,,,2
17013,12855.82,4710.71,path_vertex,,,2
17014,12857.0,3960.0,sea_point,4561,Arafura Sea,2
17015,12860.0,4422.0,sea_point,5768,Bismarck Sea,4
17016,12862.0,3166.0,sea_point,6624,Pacific Ocean,6
17017,12862.0,6261.0,sea_point,5621,Southern Ocean,5
17018,12863.0,4995.0,sea_point,8604,Coral Sea,4
17019,12866.0,4691.0,province_center,2765,Alotau,3
17020,12872.87,3976.13,path_vertex,,,2
17021,12876.0,3975.0,province_center,3248,Tol,3
17022,12876.0,4311.0,sea_point,5787,Bismarck Sea,7
17023,12877.0,2605.0,sea_point,7455,Pacific Ocean,6
17024,12878.1,3991.2400000000002,path_vertex,,,2
17025,12878.14,3966.05,path_vertex,,,2
17026,12879.0,4004.0,sea_point,5523,Pacific Ocean,4
17027,12880.91,4693.62,path_vertex,,,2
17028,12881.0,3957.0,sea_point,5524,Pacific Ocean,5
17029,12884.0,4871.0,sea_point,6049,Coral Sea,8
17030,12885.0,1903.0,sea_point,7205,Pacific Ocean,6
17031,12885.0,2433.0,sea_point,7343,Pacific Ocean,6
17032,12885.0,2839.0,sea_point,7224,Pacific Ocean,6
17033,12887.56,4317.4400000000005,path_vertex,,,2
17034,12893.0,3790.0,sea_point,5930,Pacific Ocean,6
17035,12899.0,5651.0,sea_point,6112,Tasman Sea,7
17036,12900.0,4324.0,province_center,2784,Kavieng,1
17037,12901.0,3312.0,sea_point,8138,Pacific Ocean,6
17038,12901.0,5241.0,sea_point,6082,Coral Sea,6
17039,12901.0,6148.0,sea_point,5625,Tasman Sea,6
17040,12903.0,3948.0,sea_point,5530,Pacific Ocean,4
17041,12904.0,4374.0,sea_point,5773,Bismarck Sea,4
17042,12913.0,6163.0,path_vertex,,,2
17043,12916.0,1528.0,sea_point,6814,Pacific Ocean,5
17044,12916.0,1747.0,sea_point,7335,Pacific Ocean,6
17045,12916.0,4118.0,sea_point,5969,Pacific Ocean,7
17046,12919.0,3947.4,path_vertex,,,2
17047,12920.0,3935.0,sea_point,4572,Pacific Ocean,2
17048,12920.0,5842.0,sea_point,6140,Tasman Sea,5
17049,12924.0,421.0,sea_point,4232,East Siberian Sea,5
17050,12924.0,3010.0,sea_point,6859,Pacific Ocean,7
17051,12924.0,3634.0,sea_point,6346,Pacific Ocean,7
17052,12924.59,3962.8,path_vertex,,,2
17053,12925.0,3946.0,province_center,3247,Weno,3
17054,12925.0,3968.0,sea_point,5528,Pacific Ocean,3
17055,12929.0,4308.0,sea_point,5788,Pacific Ocean,5
17056,12931.0,4690.0,sea_point,5719,Solomon Sea,8
17057,12931.24,3945.8,path_vertex,,,2
17058,12932.0,5959.0,sea_point,6137,Tasman Sea,8
17059,12936.0,6191.0,province_center,2812,Te Anau,4
17060,12940.0,982.0,sea_point,5433,Bering Sea,8
17061,12943.59,715.58,path_vertex,,,2
17062,12944.0,577.0,sea_point,4166,East Siberian Sea,3
17063,12945.0,4482.0,sea_point,5753,Solomon Sea,5
17064,12947.0,6214.27,path_vertex,,,2
17065,12948.0,1310.0,sea_point,6812,Bering Sea,6
17066,12948.0,4594.0,sea_point,5755,Solomon Sea,6
17067,12948.0,5366.0,sea_point,6093,Coral Sea,5
17068,12955.0,2012.0,sea_point,7341,Pacific Ocean,7
17069,12955.0,2199.0,sea_point,7342,Pacific Ocean,6
17070,12955.0,3478.0,sea_point,6637,Pacific Ocean,7
17071,12955.0,3928.0,sea_point,5526,Pacific Ocean,4
17072,12955.0,4382.0,sea_point,5775,Bismarck Sea,2
17073,12955.0,5506.0,sea_point,6103,Tasman Sea,9
17074,12955.51,768.9,path_vertex,,,2
17075,12957.0,3222.0,sea_point,8664,Pacific Ocean,5
17076,12961.0,3999.0,sea_point,5532,Pacific Ocean,3
17077,12961.0,4496.38,path_vertex,,,2
17078,12963.0,6427.0,sea_point,6158,Southern Ocean,3
17079,12963.86,6283.72,path_vertex,,,2
17080,12968.0,6312.0,sea_point,5620,Foveaux Strait,6
17081,12970.0,6102.0,sea_point,5626,Tasman Sea,4
17082,12971.0,1170.0,sea_point,6562,Bering Sea,6
17083,12971.0,4439.0,sea_point,5776,Solomon Sea,5
17084,12971.01,6182.96,path_vertex,,,2
17085,12972.0,6266.0,province_center,2796,Invercargill,4
17086,12975.0,4528.0,province_center,3262,Arawa,2
17087,12979.0,2527.0,sea_point,7452,Pacific Ocean,6
17088,12982.78,4547.4400000000005,path_vertex,,,2
17089,12987.0,1638.0,sea_point,7201,Pacific Ocean,6
17090,12987.0,2324.0,sea_point,7450,Pacific Ocean,6
17091,12987.0,3354.0,sea_point,6325,Pacific Ocean,5
17092,12987.0,4559.0,sea_point,5754,Solomon Sea,4
17093,12988.0,5768.0,sea_point,8690,Tasman Sea,6
17094,12988.24,6233.83,path_vertex,,,2
17095,12990.74,6112.7,path_vertex,,,2
17096,12996.0,4506.0,sea_point,5752,Solomon Sea,4
17097,12996.09,6151.32,path_vertex,,,2
17098,12998.0,4559.0,path_vertex,,,2
17099,13002.0,4559.0,province_center,3263,Polo,2
17100,13006.07,4558.14,path_vertex,,,2
17101,13007.52,4594.7,path_vertex,,,2
17102,13010.0,2683.0,sea_point,7348,Pacific Ocean,7
17103,13010.0,4600.0,province_center,3268,Munda,2
17104,13013.0,4383.0,sea_point,5790,Pacific Ocean,5
17105,13013.26,4590.45,path_vertex,,,2
17106,13016.0,3868.0,sea_point,8715,Pacific Ocean,5
17107,13016.0,5616.0,sea_point,8691,Tasman Sea,5
17108,13017.0,4998.0,sea_point,6065,Coral Sea,7
17109,13018.0,1825.0,sea_point,7448,Pacific Ocean,6
17110,13018.0,3135.0,sea_point,6314,Pacific Ocean,6
17111,13019.0,6170.0,province_center,2797,Cromwell,5
17112,13021.0,4555.0,sea_point,5757,Solomon Sea,7
17113,13023.65,6149.0,path_vertex,,,2
17114,13027.0,6130.0,province_center,2814,Wanaka,7
17115,13030.0,4624.0,sea_point,5765,Solomon Sea,5
17116,13031.73,6089.32,path_vertex,,,2
17117,13033.0,537.0,sea_point,4164,East Siberian Sea,5
17118,13033.0,5163.0,sea_point,6075,Coral Sea,7
17119,13033.0,5881.0,sea_point,6130,Tasman Sea,7
17120,13033.0,6076.0,sea_point,5627,Tasman Sea,5
17121,13033.960000000001,4579.39,path_vertex,,,2
17122,13035.0,883.0,sea_point,4144,Bering Sea,5
17123,13039.0,4590.0,province_center,3267,Buala,2
17124,13039.0,4674.0,sea_point,5766,Solomon Sea,5
17125,13040.03,861.34,path_vertex,,,2
17126,13041.0,1060.0,sea_point,6236,Bering Sea,5
17127,13041.0,1466.0,sea_point,7200,Pacific Ocean,7
17128,13041.0,2839.0,sea_point,7057,Pacific Ocean,6
17129,13041.0,4149.0,sea_point,5976,Pacific Ocean,6
17130,13046.0,4590.0,path_vertex,,,2
17131,13048.0,4004.0,sea_point,5536,Pacific Ocean,4
17132,13051.26,6147.32,path_vertex,,,2
17133,13053.0,4615.0,sea_point,4522,Solomon Sea,2
17134,13054.94,4653.9400000000005,path_vertex,,,2
17135,13055.62,6169.92,path_vertex,,,2
17136,13056.0,4017.0,sea_point,4543,Arafura Sea,2
17137,13056.0,4647.0,province_center,3264,Honiara,1
17138,13057.0,2090.0,sea_point,7449,Pacific Ocean,5
17139,13060.0,4000.73,path_vertex,,,2
17140,13062.0,3968.0,sea_point,5534,Pacific Ocean,5
17141,13063.07,6239.66,path_vertex,,,2
17142,13065.0,5288.0,sea_point,6447,Coral Sea,6
17143,13065.0,6224.0,path_vertex,,,2
17144,13066.0,4590.0,sea_point,5763,Pacific Ocean,6
17145,13068.0,732.0,province_center,3010,Markovo,4
17146,13069.0,3998.0,province_center,3249,Palikir,3
17147,13070.82,715.22,path_vertex,,,2
17148,13072.0,1341.0,sea_point,7020,Bering Sea,6
17149,13072.0,2995.0,sea_point,6619,Pacific Ocean,6
17150,13072.0,4274.0,sea_point,5987,Pacific Ocean,6
17151,13072.7,574.02,path_vertex,,,2
17152,13072.89,4009.59,path_vertex,,,2
17153,13073.0,4629.0,province_center,3266,Auki,1
17154,13075.0,6232.0,province_center,2795,Dunedin,5
17155,13075.01,6086.26,path_vertex,,,2
17156,13076.0,4020.0,sea_point,5533,Pacific Ocean,5
17157,13079.4,6221.8,path_vertex,,,2
17158,13079.98,6243.0,path_vertex,,,2
17159,13081.0,4662.0,sea_point,5762,Solomon Sea,3
17160,13082.0,4635.07,path_vertex,,,2
17161,13083.0,4484.0,sea_point,5896,Pacific Ocean,7
17162,13084.0,3994.58,path_vertex,,,2
17163,13085.0,585.0,province_center,3007,Pevek,4
17164,13085.5,6230.5,path_vertex,,,2
17165,13086.470000000001,4676.16,path_vertex,,,2
17166,13087.0,6035.0,sea_point,5628,Tasman Sea,3
17167,13088.0,1716.0,sea_point,7447,Pacific Ocean,7
17168,13088.0,1934.0,sea_point,7539,Pacific Ocean,6
17169,13088.0,2215.0,sea_point,7540,Pacific Ocean,6
17170,13088.0,2402.0,sea_point,7542,Pacific Ocean,6
17171,13088.0,3276.0,sea_point,5861,Pacific Ocean,6
17172,13088.0,3525.0,sea_point,6643,Pacific Ocean,5
17173,13088.0,4683.0,province_center,3265,Namuga,2
17174,13090.0,4657.0,sea_point,4515,Solomon Sea,2
17175,13090.0,6271.0,sea_point,5618,Pacific Ocean,6
17176,13093.0,3992.0,sea_point,5535,Pacific Ocean,7
17177,13093.0,4641.0,sea_point,5764,Pacific Ocean,5
17178,13093.85,4693.61,path_vertex,,,2
17179,13096.0,421.0,sea_point,4241,East Siberian Sea,4
17180,13096.0,1201.0,sea_point,6811,Bering Sea,6
17181,13096.0,6442.0,sea_point,6495,Southern Ocean,4
17182,13097.050000000001,6044.95,path_vertex,,,2
17183,13098.0,4728.0,sea_point,5767,Solomon Sea,7
17184,13098.48,6123.6,path_vertex,,,2
17185,13100.0,6182.0,province_center,2801,Oamaru,6
17186,13103.380000000001,6197.87,path_vertex,,,2
17187,13104.0,2558.0,sea_point,7454,Pacific Ocean,6
17188,13104.0,5772.0,sea_point,6120,Tasman Sea,7
17189,13106.0,4678.0,sea_point,4513,Solomon Sea,2
17190,13106.0,6215.0,sea_point,5655,Pacific Ocean,5
17191,13108.0,6055.0,province_center,2813,Hokitika,5
17192,13111.0,1575.0,sea_point,7333,Pacific Ocean,5
17193,13111.0,3759.0,sea_point,5924,Pacific Ocean,6
17194,13111.0,4406.0,sea_point,6000,Pacific Ocean,6
17195,13113.34,6186.4400000000005,path_vertex,,,2
17196,13115.0,6020.0,sea_point,5629,Tasman Sea,4
17197,13118.0,5038.0,sea_point,5610,Pacific Ocean,4
17198,13119.0,5428.0,sea_point,6097,Coral Sea,6
17199,13119.9,6150.0,path_vertex,,,2
17200,13120.0,6188.0,sea_point,5646,Pacific Ocean,4
17201,13120.12,6040.53,path_vertex,,,2
17202,13121.1,6026.0,path_vertex,,,2
17203,13121.84,6097.4400000000005,path_vertex,,,2
17204,13126.42,729.32,path_vertex,,,2
17205,13127.0,5569.0,sea_point,6107,Tasman Sea,7
17206,13127.0,6032.0,province_center,2799,Greymouth,4
17207,13131.0,6129.0,province_center,2800,Timaru,7
17208,13133.2,6040.400000000001,path_vertex,,,2
17209,13134.0,3909.0,sea_point,5542,Pacific Ocean,5
17210,13134.43,6056.32,path_vertex,,,2
17211,13135.0,967.0,sea_point,5423,Bering Sea,6
17212,13135.0,3400.0,sea_point,5877,Pacific Ocean,7
17213,13136.5,6019.5,path_vertex,,,2
17214,13141.16,6136.88,path_vertex,,,2
17215,13143.0,6056.0,province_center,2794,Otira,5
17216,13143.5,6078.5,path_vertex,,,2
17217,13146.0,5023.0,sea_point,4484,Pacific Ocean,2
17218,13146.0,5960.0,sea_point,5630,Tasman Sea,5
17219,13148.0,6142.0,sea_point,5645,Canterbury Bight,4
17220,13150.0,4195.0,sea_point,8711,Pacific Ocean,5
17221,13150.0,5210.0,sea_point,8699,Pacific Ocean,5
17222,13152.59,5964.7300000000005,path_vertex,,,2
17223,13153.39,6022.87,path_vertex,,,2
17224,13153.67,3910.9300000000003,path_vertex,,,2
17225,13154.0,5090.0,sea_point,5609,Pacific Ocean,3
17226,13156.0,4859.0,sea_point,4496,Solomon Sea,2
17227,13158.0,1825.0,sea_point,7538,Pacific Ocean,6
17228,13159.0,562.0,sea_point,4163,East Siberian Sea,4
17229,13162.5,5077.25,path_vertex,,,2
17230,13163.800000000001,5066.16,path_vertex,,,2
17231,13164.0,4823.0,sea_point,5583,Pacific Ocean,7
17232,13164.0,5073.0,province_center,3250,Nouméa,2
17233,13165.23,4837.150000000001,path_vertex,,,2
17234,13165.39,608.67,path_vertex,,,2
17235,13166.0,1092.0,sea_point,6561,Bering Sea,6
17236,13166.0,1435.0,sea_point,7330,Pacific Ocean,6
17237,13166.0,2714.0,sea_point,7221,Pacific Ocean,6
17238,13166.0,3151.0,sea_point,5850,Pacific Ocean,6
17239,13166.0,3900.0,path_vertex,,,2
17240,13166.0,3909.0,province_center,3271,Enewetak,4
17241,13167.0,4896.0,sea_point,5594,Solomon Sea,4
17242,13167.0,5037.0,sea_point,4483,Pacific Ocean,2
17243,13167.0,5058.0,sea_point,5614,Pacific Ocean,4
17244,13167.0,5975.0,province_center,2802,Westport,7
17245,13167.6,3919.0,path_vertex,,,2
17246,13168.0,3874.0,sea_point,5538,Pacific Ocean,5
17247,13169.0,3938.0,sea_point,5540,Pacific Ocean,5
17248,13171.84,5950.89,path_vertex,,,2
17249,13173.0,4853.0,province_center,3254,Luganville,2
17250,13174.0,3634.0,sea_point,6347,Pacific Ocean,6
17251,13174.52,5054.900000000001,path_vertex,,,2
17252,13177.0,4936.0,sea_point,4491,Solomon Sea,2
17253,13177.08,4851.75,path_vertex,,,2
17254,13178.0,3911.06,path_vertex,,,2
17255,13178.32,4880.32,path_vertex,,,2
17256,13180.0,4878.0,province_center,3255,Lakatoro,2
17257,13181.77,5037.89,path_vertex,,,2
17258,13182.0,2059.0,sea_point,7616,Pacific Ocean,7
17259,13182.0,4305.0,sea_point,8707,Pacific Ocean,5
17260,13182.0,5032.0,sea_point,5615,Pacific Ocean,5
17261,13182.0,5048.0,province_center,3251,Wé,2
17262,13182.0,5895.0,sea_point,5631,Tasman Sea,4
17263,13183.0,4883.0,path_vertex,,,2
17264,13186.0,4898.0,sea_point,4495,Solomon Sea,2
17265,13188.0,6230.0,sea_point,5210,Pacific Ocean,7
17266,13189.0,5319.0,sea_point,6088,Pacific Ocean,6
17267,13189.0,6349.0,sea_point,6156,Pacific Ocean,4
17268,13189.5,4884.5,path_vertex,,,2
17269,13193.0,3912.0,sea_point,5543,Pacific Ocean,5
17270,13193.54,6042.27,path_vertex,,,2
17271,13195.0,5093.0,sea_point,5613,Pacific Ocean,8
17272,13195.970000000001,6100.62,path_vertex,,,2
17273,13196.0,3294.0,sea_point,5517,Pacific Ocean,6
17274,13197.0,2870.0,sea_point,6851,Pacific Ocean,6
17275,13197.0,4087.0,sea_point,5964,Pacific Ocean,6
17276,13197.0,4524.0,sea_point,6008,Pacific Ocean,7
17277,13197.0,4916.0,sea_point,5603,Solomon Sea,5
17278,13197.0,5071.0,province_center,3252,La Roche,2
17279,13197.0,5078.0,path_vertex,,,2
17280,13197.0,5678.0,sea_point,6114,Tasman Sea,5
17281,13199.0,4927.0,path_vertex,,,2
17282,13199.0,4937.0,province_center,3253,Port Vila,2
17283,13201.49,4945.17,path_vertex,,,2
17284,13201.94,5068.42,path_vertex,,,2
17285,13203.0,4955.0,sea_point,5601,Solomon Sea,7
17286,13203.220000000001,6066.41,path_vertex,,,2
17287,13203.86,5961.86,path_vertex,,,2
17288,13205.0,4890.0,sea_point,5597,Solomon Sea,6
17289,13207.0,4841.0,sea_point,5581,Pacific Ocean,5
17290,13207.23,5999.26,path_vertex,,,2
17291,13208.0,6095.0,province_center,2815,Christchurch,2
17292,13211.0,6094.54,path_vertex,,,2
17293,13213.0,1731.0,sea_point,8716,Pacific Ocean,5
17294,13213.0,2277.0,sea_point,7617,Pacific Ocean,7
17295,13216.9,5972.7,path_vertex,,,2
17296,13217.0,6094.0,sea_point,5640,Pegasus Bay,4
17297,13219.0,3968.0,sea_point,5553,Pacific Ocean,4
17298,13219.0,4933.0,sea_point,4490,Solomon Sea,2
17299,13219.0,6079.0,sea_point,5638,Pegasus Bay,2
17300,13221.0,5876.0,sea_point,4443,Tasman Sea,2
17301,13222.0,854.0,sea_point,4145,Bering Sea,5
17302,13224.0,6116.0,sea_point,5641,Pacific Ocean,4
17303,13225.09,3299.64,path_vertex,,,2
17304,13226.0,4993.0,sea_point,4486,Pacific Ocean,2
17305,13228.0,1216.0,sea_point,7018,Bering Sea,6
17306,13228.0,1934.0,sea_point,7615,Pacific Ocean,5
17307,13228.0,2433.0,sea_point,7543,Pacific Ocean,6
17308,13228.0,3026.0,sea_point,6307,Pacific Ocean,6
17309,13231.0,5050.0,sea_point,5616,Pacific Ocean,6
17310,13235.0,3805.0,sea_point,5928,Pacific Ocean,6
17311,13235.0,4718.0,sea_point,6022,Pacific Ocean,8
17312,13236.0,1606.0,sea_point,7446,Pacific Ocean,7
17313,13238.0,5451.0,sea_point,5669,Pacific Ocean,7
17314,13244.0,436.0,sea_point,4383,East Siberian Sea,4
17315,13245.0,3298.0,province_center,3272,Wake Island,3
17316,13250.710000000001,3289.84,path_vertex,,,2
17317,13251.0,6025.0,province_center,2811,Kaikoura,5
17318,13252.0,3963.19,path_vertex,,,2
17319,13254.5,6034.25,path_vertex,,,2
17320,13258.0,3262.0,sea_point,5516,Pacific Ocean,5
17321,13258.0,5941.0,province_center,2798,Nelson,3
17322,13259.0,3310.94,path_vertex,,,2
17323,13260.0,1341.0,sea_point,7198,Bering Sea,6
17324,13260.0,2589.0,sea_point,7346,Pacific Ocean,6
17325,13260.0,3463.0,sea_point,6334,Pacific Ocean,7
17326,13260.0,3991.0,sea_point,5549,Pacific Ocean,4
17327,13260.0,6240.0,sea_point,6152,Pacific Ocean,4
17328,13261.0,6054.0,sea_point,5636,Pacific Ocean,3
17329,13264.57,6003.29,path_vertex,,,2
17330,13265.59,3967.03,path_vertex,,,2
17331,13267.0,982.0,sea_point,6235,Bering Sea,6
17332,13267.0,3961.0,province_center,3269,Kwajalein,4
17333,13267.0,4196.0,sea_point,6381,Pacific Ocean,7
17334,13267.0,4383.0,sea_point,6391,Pacific Ocean,7
17335,13267.0,5194.0,sea_point,6078,Pacific Ocean,6
17336,13267.0,5547.0,sea_point,4442,Pacific Ocean,2
17337,13268.61,3950.39,path_vertex,,,2
17338,13268.77,5952.2300000000005,path_vertex,,,2
17339,13272.0,3928.0,sea_point,5551,Pacific Ocean,6
17340,13272.0,5804.0,sea_point,5658,Tasman Sea,5
17341,13275.0,5921.0,path_vertex,,,2
17342,13279.0,705.0,path_vertex,,,3
17343,13280.0,3331.0,sea_point,5518,Pacific Ocean,6
17344,13280.12,3963.79,path_vertex,,,2
17345,13283.0,2137.0,sea_point,7683,Pacific Ocean,5
17346,13283.0,5854.0,sea_point,5657,Tasman Sea,3
17347,13284.0,5968.0,province_center,2810,Blenheim,4
17348,13286.0,5907.0,sea_point,5633,Cook Strait,5
17349,13291.0,1466.0,sea_point,7331,Pacific Ocean,6
17350,13294.58,5987.21,path_vertex,,,2
17351,13297.0,585.0,sea_point,4162,East Siberian Sea,4
17352,13299.0,1107.0,sea_point,6810,Bering Sea,6
17353,13299.0,1825.0,sea_point,7614,Pacific Ocean,7
17354,13299.0,2792.0,sea_point,7054,Pacific Ocean,6
17355,13299.0,3166.0,sea_point,5852,Pacific Ocean,5
17356,13299.0,4828.0,sea_point,8704,Pacific Ocean,7
17357,13301.0,6000.0,sea_point,5635,Pacific Ocean,6
17358,13305.0,776.0,sea_point,4146,Bering Sea,3
17359,13305.0,5460.0,sea_point,4426,Pacific Ocean,2
17360,13314.0,3971.0,sea_point,5552,Pacific Ocean,6
17361,13314.0,4960.0,sea_point,5571,Pacific Ocean,8
17362,13314.0,5939.0,sea_point,5634,Fitzroy Bay,5
17363,13321.0,5633.0,sea_point,5664,Tasman Sea,5
17364,13322.0,4742.0,sea_point,6032,Pacific Ocean,5
17365,13322.0,5335.0,sea_point,6091,Pacific Ocean,6
17366,13326.0,5595.0,sea_point,5666,Tasman Sea,2
17367,13328.0,5762.0,sea_point,5662,Tasman Sea,3
17368,13329.01,5936.99,path_vertex,,,2
17369,13330.0,1700.0,sea_point,7537,Pacific Ocean,6
17370,13330.0,2355.0,sea_point,7618,Pacific Ocean,5
17371,13330.0,2948.0,sea_point,6616,Pacific Ocean,6
17372,13332.0,5555.0,province_center,3299,Whangarei,2
17373,13333.0,5590.0,path_vertex,,,2
17374,13337.59,5572.35,path_vertex,,,2
17375,13338.0,3681.0,sea_point,6352,Pacific Ocean,7
17376,13338.0,4087.0,sea_point,5965,Pacific Ocean,5
17377,13338.0,4524.0,sea_point,6404,Pacific Ocean,6
17378,13339.0,5701.0,sea_point,5663,Tasman Sea,4
17379,13339.0,5762.900000000001,path_vertex,,,2
17380,13340.0,5585.0,province_center,2792,Auckland,4
17381,13341.0,5126.0,sea_point,6071,Pacific Ocean,7
17382,13341.0,5935.0,province_center,2793,Wellington,2
17383,13341.12,5605.53,path_vertex,,,2
17384,13344.0,5894.0,sea_point,5656,Cook Strait,5
17385,13344.220000000001,5543.83,path_vertex,,,2
17386,13348.300000000001,5582.91,path_vertex,,,2
17387,13349.7,5630.95,path_vertex,,,2
17388,13350.0,5701.0,path_vertex,,,2
17389,13351.77,5930.150000000001,path_vertex,,,2
17390,13353.0,1248.0,sea_point,7019,Bering Sea,6
17391,13353.0,1965.0,sea_point,7682,Pacific Ocean,7
17392,13353.0,4941.87,path_vertex,,,2
17393,13353.0,6146.0,sea_point,6148,Pacific Ocean,4
17394,13355.0,5532.0,sea_point,5675,Pacific Ocean,5
17395,13355.16,5898.93,path_vertex,,,2
17396,13357.0,5976.0,sea_point,5692,Pacific Ocean,3
17397,13358.73,5862.45,path_vertex,,,2
17398,13361.0,1575.0,sea_point,7445,Pacific Ocean,5
17399,13361.0,2511.0,sea_point,7451,Pacific Ocean,6
17400,13361.0,4965.0,sea_point,4489,Pacific Ocean,2
17401,13362.0,4943.0,province_center,3256,Suva,2
17402,13362.0,5763.0,province_center,2806,Ohura,4
17403,13363.0,5577.0,sea_point,5676,Pacific Ocean,4
17404,13364.0,4903.0,sea_point,5574,Pacific Ocean,5
17405,13364.300000000001,5814.6,path_vertex,,,2
17406,13365.0,5847.0,province_center,2803,Ohakune,5
17407,13369.0,3837.0,sea_point,5934,Pacific Ocean,6
17408,13369.93,5725.88,path_vertex,,,2
17409,13370.0,4905.0,path_vertex,,,2
17410,13373.0,4944.62,path_vertex,,,2
17411,13375.0,5699.0,province_center,2809,Hamilton,5
17412,13377.0,483.0,sea_point,5208,East Siberian Sea,4
17413,13377.0,889.0,sea_point,5401,Bering Sea,7
17414,13377.0,3385.0,sea_point,5873,Pacific Ocean,6
17415,13378.68,5878.42,path_vertex,,,2
17416,13382.0,4898.0,province_center,3257,Labasa,2
17417,13384.0,1372.0,sea_point,7199,Bering Sea,6
17418,13386.0,4877.0,sea_point,4504,Solomon Sea,2
17419,13391.0,4892.0,path_vertex,,,2
17420,13392.0,2667.0,sea_point,7219,Pacific Ocean,6
17421,13392.0,4258.0,sea_point,6668,Pacific Ocean,5
17422,13393.0,5913.0,province_center,2808,Masterton,5
17423,13393.98,5760.36,path_vertex,,,2
17424,13395.0,634.0,sea_point,4161,East Siberian Sea,4
17425,13395.11,5810.150000000001,path_vertex,,,2
17426,13400.0,3088.0,sea_point,6312,Pacific Ocean,7
17427,13400.0,3244.0,sea_point,5857,Pacific Ocean,6
17428,13400.0,4399.0,sea_point,6675,Pacific Ocean,6
17429,13403.0,4953.0,sea_point,5569,Pacific Ocean,7
17430,13405.0,5953.0,sea_point,4421,Pacific Ocean,2
17431,13408.0,1014.0,sea_point,6560,Bering Sea,6
17432,13408.0,3510.0,sea_point,6642,Pacific Ocean,6
17433,13408.17,5838.03,path_vertex,,,2
17434,13408.34,5728.75,path_vertex,,,2
17435,13413.0,4895.0,sea_point,5575,Pacific Ocean,6
17436,13413.86,5674.02,path_vertex,,,2
17437,13419.0,5556.0,sea_point,8694,Pacific Ocean,6
17438,13420.050000000001,5869.45,path_vertex,,,2
17439,13423.0,1856.0,sea_point,7681,Pacific Ocean,5
17440,13423.0,2074.0,sea_point,7743,Pacific Ocean,5
17441,13423.0,2230.0,sea_point,7684,Pacific Ocean,7
17442,13423.0,2823.0,sea_point,7056,Pacific Ocean,6
17443,13423.0,5413.0,sea_point,6095,Pacific Ocean,7
17444,13426.75,5913.05,path_vertex,,,2
17445,13430.0,3997.0,sea_point,5547,Pacific Ocean,5
17446,13431.0,4648.0,sea_point,6023,Pacific Ocean,6
17447,13431.0,5179.0,sea_point,6442,Pacific Ocean,6
17448,13434.0,716.0,path_vertex,,,2
17449,13434.0,5648.0,sea_point,5680,Pacific Ocean,5
17450,13435.0,6068.0,sea_point,6144,Pacific Ocean,4
17451,13438.0,5755.0,province_center,2805,Mokai,6
17452,13440.0,5913.0,sea_point,5689,Pacific Ocean,4
17453,13441.45,5807.13,path_vertex,,,2
17454,13442.0,5830.0,province_center,2807,Napier,5
17455,13451.0,4001.65,path_vertex,,,2
17456,13455.0,1482.0,sea_point,7332,Pacific Ocean,7
17457,13455.0,1731.0,sea_point,7613,Pacific Ocean,7
17458,13455.0,2386.0,sea_point,7541,Pacific Ocean,7
17459,13462.0,3712.0,sea_point,6650,Pacific Ocean,6
17460,13462.0,4149.0,sea_point,5977,Pacific Ocean,6
17461,13463.0,4029.0,sea_point,5544,Pacific Ocean,5
17462,13463.0,4804.0,sea_point,5558,Pacific Ocean,6
17463,13463.34,5718.0,path_vertex,,,2
17464,13465.550000000001,5760.39,path_vertex,,,2
17465,13466.0,4007.0,province_center,3270,Majuro,4
17466,13466.0,5854.0,path_vertex,,,2
17467,13466.84,4016.0,path_vertex,,,2
17468,13469.0,798.0,sea_point,4147,Bering Sea,6
17469,13469.0,4820.0,sea_point,4506,Solomon Sea,2
17470,13469.04,5807.7,path_vertex,,,2
17471,13469.09,4806.09,path_vertex,,,2
17472,13469.78,4001.59,path_vertex,,,2
17473,13470.0,2948.0,sea_point,6855,Pacific Ocean,6
17474,13470.0,4508.0,sea_point,6679,Pacific Ocean,7
17475,13471.0,5699.0,sea_point,5681,Pacific Ocean,4
17476,13473.0,3986.0,sea_point,5545,Pacific Ocean,4
17477,13475.460000000001,771.39,path_vertex,,,2
17478,13476.0,4011.81,path_vertex,,,2
17479,13478.0,5054.0,sea_point,6067,Pacific Ocean,7
17480,13479.0,4808.0,province_center,3259,Salelologa,2
17481,13480.89,4799.97,path_vertex,,,2
17482,13481.0,4791.0,sea_point,5557,Pacific Ocean,5
17483,13482.0,1142.0,sea_point,7017,Bering Sea,6
17484,13482.0,1266.0,sea_point,6994,Bering Sea,6
17485,13483.0,4728.0,sea_point,8705,Pacific Ocean,6
17486,13483.0,5861.0,sea_point,5687,Pacific Ocean,3
17487,13486.0,1606.0,sea_point,7536,Pacific Ocean,5
17488,13486.0,2542.0,sea_point,7453,Pacific Ocean,6
17489,13487.0,670.0,sea_point,4156,East Siberian Sea,4
17490,13493.0,931.0,sea_point,7015,Bering Sea,5
17491,13493.0,3428.0,sea_point,8713,Pacific Ocean,5
17492,13493.0,4018.0,sea_point,5546,Pacific Ocean,5
17493,13494.0,1965.0,sea_point,7742,Pacific Ocean,7
17494,13495.0,2728.0,sea_point,7349,Pacific Ocean,7
17495,13496.26,689.0,path_vertex,,,2
17496,13497.0,4306.0,sea_point,7097,Pacific Ocean,7
17497,13501.0,3322.0,sea_point,7074,Pacific Ocean,6
17498,13501.0,5288.0,sea_point,7138,Pacific Ocean,6
17499,13501.0,5508.0,sea_point,8696,Pacific Ocean,6
17500,13503.0,518.0,sea_point,7011,East Siberian Sea,5
17501,13503.0,5617.0,sea_point,7147,Pacific Ocean,6
17502,13504.0,705.0,province_center,3011,Uelen,4
17503,13504.0,1388.0,sea_point,7021,Bering Sea,5
17504,13505.0,4816.0,province_center,3258,Apia,1
17505,13505.0,4944.0,sea_point,8703,Pacific Ocean,6
17506,13506.0,3178.0,sea_point,7228,Pacific Ocean,6
17507,13506.89,4813.54,path_vertex,,,2
17508,13507.0,4414.0,sea_point,7103,Pacific Ocean,4
17509,13509.0,3602.0,sea_point,7081,Pacific Ocean,5
17510,13513.0,4801.0,sea_point,5563,Pacific Ocean,5
17511,13513.0,4837.0,sea_point,4505,Solomon Sea,2
17512,13514.0,5768.0,province_center,2804,Gisborne,4
17513,13520.0,3061.0,sea_point,7064,Pacific Ocean,5
17514,13521.0,5396.0,sea_point,8698,Pacific Ocean,5
17515,13522.1,4821.3,path_vertex,,,2
17516,13523.93,5699.83,path_vertex,,,2
17517,13524.0,4824.0,province_center,3261,Pago Pago,2
17518,13525.0,3870.0,sea_point,7090,Pacific Ocean,6
17519,13525.0,5691.0,sea_point,5682,Pacific Ocean,5
17520,13526.0,774.0,sea_point,4160,Bering Sea,3
17521,13526.0,1031.0,sea_point,8717,Bering Sea,5
17522,13526.0,1833.0,sea_point,7741,Pacific Ocean,5
17523,13527.0,2148.0,sea_point,7792,Pacific Ocean,6
17524,13527.0,4827.0,path_vertex,,,2
17525,13530.32,5771.14,path_vertex,,,2
17526,13534.0,4603.0,sea_point,7112,Pacific Ocean,5
17527,13534.0,4834.0,sea_point,5567,Pacific Ocean,6
17528,13540.0,4765.0,sea_point,8709,Pacific Ocean,5
17529,13542.0,2874.0,sea_point,7225,Pacific Ocean,5
17530,13543.0,4818.0,sea_point,4512,Solomon Sea,2
17531,13547.0,5782.0,sea_point,5685,Pacific Ocean,4
17532,13548.0,2262.0,sea_point,7744,Pacific Ocean,5
17533,13550.0,736.0,path_vertex,,,2
17534,13556.0,700.0,sea_point,4749,Bering Sea,2
17535,13556.0,1177.0,sea_point,6995,Bering Sea,6
17536,13559.0,744.0,sea_point,4159,Bering Sea,5
17537,13559.0,5697.0,sea_point,5683,Pacific Ocean,4
17538,13562.0,1283.0,path_vertex,,,1
17539,13563.0,715.0,path_vertex,,,3
17540,13565.0,1270.0,path_vertex,,,2
17541,13569.0,790.0,path_vertex,,,3
17542,13569.0,889.0,path_vertex,,,3
17543,13569.0,1419.0,path_vertex,,,2
17544,13569.0,3260.0,path_vertex,,,2
17545,13569.0,3510.0,path_vertex,,,3
17546,13569.0,4134.0,path_vertex,,,3
17547,13569.0,4290.0,path_vertex,,,1
17548,13569.0,4446.0,path_vertex,,,3
17549,13569.0,4695.0,path_vertex,,,3
17550,13573.0,5616.0,path_vertex,,,4
17551,13575.0,4960.0,path_vertex,,,2
17552,13577.0,1996.0,path_vertex,,,2
17553,13578.0,1747.0,path_vertex,,,2
17554,13580.0,734.0,path_vertex,,,1
17555,13584.0,2659.0,path_vertex,,,1
17556,13585.0,5475.0,path_vertex,,,2
17557,13590.0,2813.0,path_vertex,,,2
17558,13593.0,2627.0,path_vertex,,,2
17559,13593.0,3120.0,path_vertex,,,2
17560,13593.0,5335.0,path_vertex,,,2
17561,13601.0,4009.0,path_vertex,,,2
17562,13601.0,4570.0,path_vertex,,,2
17563,13608.0,1622.0,path_vertex,,,3
17564,13608.0,2152.0,path_vertex,,,2
17565,13616.0,1014.0,path_vertex,,,3
17566,13616.0,3759.0,path_vertex,,,2
17567,13616.0,5194.0,path_vertex,,,3
17568,13632.0,4851.0,path_vertex,,,3
17569,13635.0,642.0,path_vertex,,,2
17570,13640.0,2308.0,path_vertex,,,2
17571,13640.0,2995.0,path_vertex,,,3
17572,13640.0,3400.0,path_vertex,,,2
17573,13647.0,483.0,path_vertex,,,1
17574,13647.0,3884.0,path_vertex,,,1
17575,13647.0,5070.0,path_vertex,,,1
17576,13663.0,3634.0,path_vertex,,,2
17577,13671.0,1872.0,path_vertex,,,2
17578,13671.0,2464.0,path_vertex,,,2
17579,13671.0,5772.0,path_vertex,,,3
17580,13691.0,1171.0,path_vertex,,,1
