province_id,name,resource_1_food,resource_3_manpower,resource_4_metal,resource_5_oil,resource_20_money
0,Las Palmas,0,450.0,0,0,600.0
1,Murmansk,6000.0,600.0,0,0,6000.0
2,Apatity,0,450.0,0,0,600.0
3,Ivalo,0,150.0,0,1500.0,900.0
4,Enontekiö,0,450.0,0,0,600.0
5,Rovaniemi,0,450.0,0,0,600.0
6,Oulu,6000.0,600.0,0,0,6000.0
7,Kokkola,0,450.0,0,0,600.0
8,Vaasa,0,600.0,6000.0,0,6000.0
9,Pori,0,150.0,0,1500.0,900.0
10,Manchester,6000.0,600.0,0,0,6000.0
11,Turku,1500.0,150.0,0,0,900.0
12,Jyväskylä,0,150.0,0,1500.0,900.0
13,Tampere,0,600.0,6000.0,0,6000.0
14,Helsinki,0,600.0,0,6000.0,6000.0
15,Lappeenranta,0,150.0,0,1500.0,900.0
16,Joensuu,0,450.0,0,0,600.0
17,Kem,0,450.0,0,0,600.0
18,Iisalmi,0,150.0,1500.0,0,900.0
19,Kuusamo,0,450.0,0,0,600.0
20,Loukhi,0,450.0,0,0,600.0
21,Tetrino,0,450.0,0,0,600.0
22,Kiruna,0,450.0,0,0,600.0
23,Luleå,6000.0,600.0,0,0,6000.0
24,Arjeborg,0,150.0,0,1500.0,900.0
25,Umeå,1500.0,150.0,0,0,900.0
26,Vilhelmina,0,600.0,6000.0,0,6000.0
27,Östersund,0,600.0,0,6000.0,6000.0
28,Stockholm,0,600.0,0,6000.0,6000.0
29,Malmö,6000.0,600.0,0,0,6000.0
30,Härnösand,0,450.0,0,0,600.0
31,Falun,0,450.0,0,0,600.0
32,Lofsdalen,0,450.0,0,0,600.0
33,Mora,0,150.0,1500.0,0,900.0
34,Karlstad,0,450.0,0,0,600.0
35,Gothenburg,0,450.0,0,0,600.0
36,Linköping,0,150.0,1500.0,0,900.0
37,Växjö,0,150.0,1500.0,0,900.0
38,Visby,0,450.0,0,0,600.0
39,Rosenheim,0,450.0,0,0,600.0
40,Narvik,0,450.0,0,0,600.0
41,Brześć,1500.0,150.0,0,0,900.0
42,Alta,0,450.0,0,0,600.0
43,Bodø,0,450.0,0,0,600.0
44,Steinkjer,0,450.0,0,0,600.0
45,Trondheim,0,450.0,0,0,600.0
46,Oslo,0,600.0,0,6000.0,6000.0
47,Dęblin,0,450.0,0,0,600.0
48,Hamar,0,450.0,0,0,600.0
49,Mazyr,1500.0,150.0,0,0,900.0
50,Bergen,0,450.0,0,0,600.0
51,Stryn,0,450.0,0,0,600.0
52,Rjukan,0,450.0,0,0,600.0
53,Kristiansand,0,450.0,0,0,600.0
54,Tallinn,0,450.0,0,0,600.0
55,Haapsalu,0,450.0,0,0,600.0
57,Bern,0,450.0,0,0,600.0
58,Pärnu,0,450.0,0,0,600.0
59,Valga,0,450.0,0,0,600.0
60,London,0,600.0,6000.0,0,6000.0
61,Cēsis,0,450.0,0,0,600.0
62,Riga,0,600.0,0,6000.0,6000.0
63,Ludza,0,150.0,0,1500.0,900.0
64,Daugavpils,1500.0,150.0,0,0,900.0
65,Vilnius,0,450.0,0,0,600.0
66,Alytus,0,150.0,1500.0,0,900.0
67,Kaunas,0,450.0,0,0,600.0
68,Tauragė,1500.0,150.0,0,0,900.0
69,Klaipėda,0,450.0,0,0,600.0
70,Talsi,0,150.0,1500.0,0,900.0
71,Athlone,0,450.0,0,0,600.0
72,Danzig,0,600.0,6000.0,0,6000.0
73,Bydgoszcz,0,150.0,0,1500.0,900.0
74,Poznań,0,150.0,0,1500.0,900.0
75,Warsaw,6000.0,600.0,0,0,6000.0
76,Łódź,0,450.0,0,0,600.0
77,Płock,0,150.0,1500.0,0,900.0
78,Kraków,0,600.0,6000.0,0,6000.0
79,Lwów,6000.0,600.0,0,0,6000.0
80,Tarnów,0,450.0,0,0,600.0
81,Lublin,0,450.0,0,0,600.0
82,Kielce,0,450.0,0,0,600.0
83,Łomża,0,150.0,0,1500.0,900.0
84,Wilno,0,450.0,0,0,600.0
85,Lida,0,450.0,0,0,600.0
86,Stanisławów,0,150.0,0,1500.0,900.0
87,Brody,0,450.0,0,0,600.0
88,Sarny,0,450.0,0,0,600.0
89,Kowel,0,450.0,0,0,600.0
90,Edinburgh,0,600.0,6000.0,0,6000.0
91,Lutsk,0,150.0,1500.0,0,900.0
92,Kiev,0,600.0,0,6000.0,6000.0
93,Odessa,6000.0,600.0,0,0,6000.0
94,Salisbury,0,450.0,0,0,600.0
95,Kharkiv,6000.0,600.0,0,0,6000.0
96,Stalino,0,600.0,6000.0,0,6000.0
97,Luhansk,0,450.0,0,0,600.0
98,Poltava,0,450.0,0,0,600.0
99,Cherkasy,0,450.0,0,0,600.0
100,Chernihiv,0,450.0,0,0,600.0
101,Zaporizhzhia,0,450.0,0,0,600.0
102,Dnipropetrovsk,0,150.0,0,1500.0,900.0
103,Sevastopol,1500.0,150.0,0,0,900.0
104,Melitopol,0,450.0,0,0,600.0
105,Kirovohrad,0,600.0,6000.0,0,6000.0
106,Vinnytsia,0,450.0,0,0,600.0
107,Lviv,0,450.0,0,0,600.0
108,Zhytomyr,0,450.0,0,0,600.0
109,Mykolayiv,0,150.0,0,1500.0,900.0
110,Ternopil,0,150.0,0,1500.0,900.0
111,Uman,0,450.0,0,0,600.0
112,Korosten,0,150.0,0,1500.0,900.0
113,Hamburg,6000.0,600.0,0,0,6000.0
114,Kiel,0,450.0,0,0,600.0
115,Dresden,0,450.0,0,0,600.0
116,Berlin,0,600.0,6000.0,0,6000.0
117,Cologne,0,600.0,0,6000.0,6000.0
118,Munich,0,600.0,0,6000.0,6000.0
119,Osnabrück,1500.0,150.0,0,0,900.0
120,Bremen,0,450.0,0,0,600.0
121,Hannover,0,450.0,0,0,600.0
122,Rostock,0,450.0,0,0,600.0
123,Stettin,0,450.0,0,0,600.0
124,Kolberg,1500.0,150.0,0,0,900.0
125,Königsberg,1500.0,150.0,0,0,900.0
126,Küstrin,1500.0,150.0,0,0,900.0
127,Magdeburg,0,450.0,0,0,600.0
128,Oppeln,0,450.0,0,0,600.0
129,Breslau,0,450.0,0,0,600.0
130,Leipzig,0,450.0,0,0,600.0
131,Düsseldorf,0,150.0,1500.0,0,900.0
132,Frankfurt,0,450.0,0,0,600.0
133,Stuttgart,0,600.0,6000.0,0,6000.0
134,Saarbrücken,0,450.0,0,0,600.0
135,Freiburg,0,450.0,0,0,600.0
136,Augsburg,0,450.0,0,0,600.0
137,Nuremberg,0,450.0,0,0,600.0
138,Würzburg,0,450.0,0,0,600.0
139,Kassel,0,450.0,0,0,600.0
140,Erfurt,0,150.0,0,1500.0,900.0
141,Mogilev,0,450.0,0,0,600.0
142,Gomel,0,450.0,0,0,600.0
143,Esbjerg,0,450.0,0,0,600.0
144,Rock Springs,0,600.0,6000.0,0,6000.0
145,Frederikshavn,0,450.0,0,0,600.0
146,Žlobin,0,450.0,0,0,600.0
147,Babruysk,0,150.0,0,1500.0,900.0
148,Przemyśl,0,450.0,0,0,600.0
149,Zürich,0,600.0,0,6000.0,6000.0
150,Viborg,0,150.0,1500.0,0,900.0
151,Aarhus,0,450.0,0,0,600.0
152,Chur,0,450.0,0,0,600.0
153,Lugano,0,450.0,0,0,600.0
154,Odense,1500.0,150.0,0,0,900.0
155,Copenhagen,0,600.0,0,6000.0,6000.0
156,Lausanne,0,450.0,0,0,600.0
157,Næstved,0,450.0,0,0,600.0
158,Vienna,6000.0,600.0,0,0,6000.0
159,Polotsk,1500.0,150.0,0,0,900.0
160,Minsk,0,600.0,0,6000.0,6000.0
161,Vitsebsk,0,150.0,1500.0,0,900.0
162,Barysaw,0,150.0,1500.0,0,900.0
163,Slutsk,0,450.0,0,0,600.0
164,Lahti,0,450.0,0,0,600.0
165,Sankt Pölten,0,450.0,0,0,600.0
166,Graz,0,450.0,0,0,600.0
167,Salzburg,0,150.0,0,1500.0,900.0
168,Innsbruck,0,150.0,1500.0,0,900.0
169,Prague,0,600.0,0,6000.0,6000.0
170,Liberec,0,450.0,0,0,600.0
171,Pilsen,0,150.0,1500.0,0,900.0
172,Ostrava,0,450.0,0,0,600.0
173,Brno,0,450.0,0,0,600.0
174,Žilina,1500.0,150.0,0,0,900.0
175,Košice,0,150.0,1500.0,0,900.0
176,Mukačevo,1500.0,150.0,0,0,900.0
177,Bratislava,0,150.0,0,1500.0,900.0
178,Banská Bystrica,0,450.0,0,0,600.0
179,Amsterdam,0,600.0,0,6000.0,6000.0
180,Rotterdam,0,450.0,0,0,600.0
181,Den Helder,0,450.0,0,0,600.0
182,Groningen,0,450.0,0,0,600.0
183,Eindhoven,0,450.0,0,0,600.0
184,Brussels,0,600.0,6000.0,0,6000.0
185,Brugge,0,450.0,0,0,600.0
186,Antwerpen,0,150.0,1500.0,0,900.0
187,Namur,0,150.0,0,1500.0,900.0
188,Bastogne,1500.0,150.0,0,0,900.0
189,Luxemburg,6000.0,600.0,0,0,6000.0
190,Cork,0,450.0,0,0,600.0
191,Dublin,0,600.0,0,6000.0,6000.0
192,Waterford,0,450.0,0,0,600.0
193,Galway,0,450.0,0,0,600.0
194,Belfast,0,450.0,0,0,600.0
195,Lisbon,0,600.0,0,6000.0,6000.0
196,Oporto,0,150.0,1500.0,0,900.0
197,Coimbra,0,450.0,0,0,600.0
198,Viseu,0,450.0,0,0,600.0
199,Beja,1500.0,150.0,0,0,900.0
200,Faro,0,450.0,0,0,600.0
201,Reykjavík,6000.0,600.0,0,0,6000.0
202,Akureyri,0,450.0,0,0,600.0
203,Höfn,0,450.0,0,0,600.0
204,Tirana,6000.0,600.0,0,0,6000.0
205,Vlore,0,150.0,1500.0,0,900.0
206,Tucson,0,150.0,0,1500.0,900.0
207,Phoenix,6000.0,600.0,0,0,6000.0
208,Flagstaff,0,450.0,0,0,600.0
209,Chinle,0,150.0,0,1500.0,900.0
210,Kingman,0,450.0,0,0,600.0
211,Safford,0,150.0,1500.0,0,900.0
212,Prescott,0,150.0,1500.0,0,900.0
213,Yuma,1500.0,150.0,0,0,900.0
214,Billings,6000.0,600.0,0,0,6000.0
215,Great Falls,0,450.0,0,0,600.0
216,Broadus,0,450.0,0,0,600.0
217,Miles City,0,450.0,0,0,600.0
218,Plentywood,0,450.0,0,0,600.0
219,Havre,0,450.0,0,0,600.0
220,Missoula,0,150.0,0,1500.0,900.0
221,Bozeman,1500.0,150.0,0,0,900.0
222,Helena,0,450.0,0,0,600.0
223,Taunton,0,150.0,1500.0,0,900.0
224,Bristol,0,600.0,0,6000.0,6000.0
225,Plymouth,0,600.0,0,6000.0,6000.0
226,Portsmouth,1500.0,150.0,0,0,900.0
227,Ashford,0,450.0,0,0,600.0
228,Ipswich,0,450.0,0,0,600.0
229,Cambridge,0,150.0,0,1500.0,900.0
230,Birmingham,1500.0,150.0,0,0,900.0
231,Cardiff,0,450.0,0,0,600.0
232,Liverpool,1500.0,150.0,0,0,900.0
233,Shrewsbury,0,450.0,0,0,600.0
234,Sheffield,0,450.0,0,0,600.0
235,Leeds,0,450.0,0,0,600.0
236,Carlisle,0,450.0,0,0,600.0
237,York,0,450.0,0,0,600.0
238,Glasgow,0,450.0,0,0,600.0
239,Aberdeen,1500.0,150.0,0,0,900.0
240,St. John's,0,150.0,1500.0,0,900.0
241,Inverness,0,450.0,0,0,600.0
242,Thurso,0,450.0,0,0,600.0
243,Venice,0,600.0,0,6000.0,6000.0
244,Turin,0,450.0,0,0,600.0
245,Rome,0,600.0,6000.0,0,6000.0
246,Naples,6000.0,600.0,0,0,6000.0
247,Verona,0,450.0,0,0,600.0
248,Genoa,6000.0,600.0,0,0,6000.0
249,Bologna,1500.0,150.0,0,0,900.0
250,Milan,0,450.0,0,0,600.0
251,Cuneo,0,150.0,0,1500.0,900.0
252,Parma,0,150.0,1500.0,0,900.0
253,Florence,0,150.0,0,1500.0,900.0
254,San Marino,0,600.0,6000.0,0,6000.0
255,Cagliari,0,450.0,0,0,600.0
256,Palermo,0,450.0,0,0,600.0
257,Civitavecchia,0,450.0,0,0,600.0
258,Perugia,0,450.0,0,0,600.0
259,Pescara,0,450.0,0,0,600.0
260,Latina,0,450.0,0,0,600.0
261,Cassino,0,150.0,0,1500.0,900.0
262,Bari,0,150.0,0,1500.0,900.0
263,Foggia,0,450.0,0,0,600.0
264,Salerno,0,450.0,0,0,600.0
265,Potenza,0,450.0,0,0,600.0
266,Catanzaro,0,450.0,0,0,600.0
267,Paris,6000.0,600.0,0,0,6000.0
268,Bordeaux,0,600.0,6000.0,0,6000.0
269,Marseille,6000.0,600.0,0,0,6000.0
270,Lyon,0,600.0,0,6000.0,6000.0
271,Brest,1500.0,150.0,0,0,900.0
272,Le Havre,0,450.0,0,0,600.0
273,Ajaccio,0,450.0,0,0,600.0
274,Lille,0,450.0,0,0,600.0
275,Nantes,0,600.0,0,6000.0,6000.0
276,La Rochelle,0,150.0,1500.0,0,900.0
277,Toulouse,0,450.0,0,0,600.0
278,Bayonne,0,450.0,0,0,600.0
279,Tarbes,0,450.0,0,0,600.0
280,Orléans,0,450.0,0,0,600.0
281,Bourges,0,150.0,1500.0,0,900.0
282,Mâcon,0,450.0,0,0,600.0
283,Dijon,0,450.0,0,0,600.0
284,Strasbourg,0,450.0,0,0,600.0
285,Nancy,0,450.0,0,0,600.0
286,Reims,0,450.0,0,0,600.0
287,Auxerre,0,450.0,0,0,600.0
288,Le Mans,0,150.0,1500.0,0,900.0
289,Poitiers,0,150.0,1500.0,0,900.0
290,Limoges,0,150.0,0,1500.0,900.0
291,Saint Étienne,0,450.0,0,0,600.0
292,Avignon,0,450.0,0,0,600.0
293,Grenoble,0,450.0,0,0,600.0
294,Madrid,0,600.0,0,6000.0,6000.0
295,Murcia,0,450.0,0,0,600.0
296,Sevilla,6000.0,600.0,0,0,6000.0
297,Bilbao,0,600.0,6000.0,0,6000.0
298,Barcelona,0,600.0,6000.0,0,6000.0
299,Lugo,0,450.0,0,0,600.0
300,Vigo,0,450.0,0,0,600.0
301,León,0,450.0,0,0,600.0
302,Pamplona,0,450.0,0,0,600.0
303,Zaragoza,1500.0,150.0,0,0,900.0
304,Lleida,0,450.0,0,0,600.0
305,Valencia,6000.0,600.0,0,0,6000.0
306,Cuenca,0,150.0,0,1500.0,900.0
307,Malaga,0,450.0,0,0,600.0
308,Cádiz,0,150.0,1500.0,0,900.0
309,Cáceres,0,450.0,0,0,600.0
310,Budapest,6000.0,600.0,0,0,6000.0
311,Córdoba,0,150.0,0,1500.0,900.0
312,Huelva,0,450.0,0,0,600.0
313,Granada,0,450.0,0,0,600.0
314,Toledo,0,450.0,0,0,600.0
315,Jaén,0,450.0,0,0,600.0
316,Salamanca,0,150.0,0,1500.0,900.0
317,Ávila,0,450.0,0,0,600.0
318,Valladolid,0,450.0,0,0,600.0
319,Zamora,0,150.0,0,1500.0,900.0
320,Guymon,0,450.0,0,0,600.0
321,Woodward,0,450.0,0,0,600.0
322,Oklahoma City,6000.0,600.0,0,0,6000.0
323,Lawton,1500.0,150.0,0,0,900.0
324,Tulsa,0,150.0,1500.0,0,900.0
325,McAlester,0,150.0,0,1500.0,900.0
326,Norman,0,150.0,1500.0,0,900.0
327,Durant,0,450.0,0,0,600.0
328,Enid,0,450.0,0,0,600.0
329,Ponca City,0,150.0,0,1500.0,900.0
330,Miskolc,0,450.0,0,0,600.0
331,Vác,0,450.0,0,0,600.0
332,Györ,0,150.0,0,1500.0,900.0
333,Pécs,0,450.0,0,0,600.0
334,Keszthely,0,450.0,0,0,600.0
335,Debrecen,0,450.0,0,0,600.0
336,Gyula,0,450.0,0,0,600.0
337,Timisoara,0,600.0,0,6000.0,6000.0
338,Bucharest,0,600.0,6000.0,0,6000.0
339,Iași,6000.0,600.0,0,0,6000.0
340,Constanța,0,150.0,0,1500.0,900.0
341,Tulcea,0,600.0,6000.0,0,6000.0
342,Chișinău,0,450.0,0,0,600.0
343,Botoșani,0,450.0,0,0,600.0
344,Deva,0,150.0,0,1500.0,900.0
345,Pitești,1500.0,150.0,0,0,900.0
346,Reșița,0,450.0,0,0,600.0
347,Craiova,0,150.0,1500.0,0,900.0
348,Satu Mare,0,450.0,0,0,600.0
349,Zalău,0,450.0,0,0,600.0
350,Ploiești,0,450.0,0,0,600.0
351,Bacău,0,450.0,0,0,600.0
352,Suceava,0,150.0,0,1500.0,900.0
353,Târgu-Mureș,0,450.0,0,0,600.0
354,Zagreb,6000.0,600.0,0,0,6000.0
355,Dubrovnik,0,600.0,0,6000.0,6000.0
356,Seattle,0,600.0,6000.0,0,6000.0
357,Sarajevo,6000.0,600.0,0,0,6000.0
358,Belgrad,0,600.0,0,6000.0,6000.0
359,Mostar,0,150.0,0,1500.0,900.0
360,Tuzla,0,450.0,0,0,600.0
361,Zenica,0,450.0,0,0,600.0
362,Banja Luka,0,450.0,0,0,600.0
363,Šibenik,0,450.0,0,0,600.0
364,Novi Sad,0,450.0,0,0,600.0
365,Vršac,1500.0,150.0,0,0,900.0
366,Šabac,0,450.0,0,0,600.0
367,Slavonski Brod,0,450.0,0,0,600.0
368,Maribor,0,450.0,0,0,600.0
369,Ljubljana,0,150.0,1500.0,0,900.0
370,Rijeka,0,450.0,0,0,600.0
371,Zadar,0,600.0,6000.0,0,6000.0
372,Negotin,0,150.0,1500.0,0,900.0
373,Kragujevac,0,150.0,1500.0,0,900.0
374,Niš,0,450.0,0,0,600.0
375,Skopje,0,450.0,0,0,600.0
376,Pristina,0,450.0,0,0,600.0
377,Podgorica,0,150.0,1500.0,0,900.0
378,Užice,0,450.0,0,0,600.0
379,Sofia,0,600.0,0,6000.0,6000.0
380,Vratsa,1500.0,150.0,0,0,900.0
381,Gorna Dzhumaya,0,150.0,1500.0,0,900.0
382,Plovdiv,0,450.0,0,0,600.0
383,Pleven,0,150.0,1500.0,0,900.0
384,Tarnovo,0,450.0,0,0,600.0
385,Varna,0,150.0,0,1500.0,900.0
386,Burgas,1500.0,150.0,0,0,900.0
387,Thessaloniki,6000.0,600.0,0,0,6000.0
388,Athens,0,600.0,6000.0,0,6000.0
389,Trikala,0,600.0,6000.0,0,6000.0
390,Sparti,0,600.0,0,6000.0,6000.0
391,Ioannina,0,450.0,0,0,600.0
392,Xanthi,0,450.0,0,0,600.0
393,Kalamaria,0,450.0,0,0,600.0
394,Serres,0,450.0,0,0,600.0
395,Edessa,0,450.0,0,0,600.0
396,Kastoria,0,450.0,0,0,600.0
397,Grevena,0,450.0,0,0,600.0
398,Kalabaka,1500.0,150.0,0,0,900.0
399,Arta,0,450.0,0,0,600.0
400,Corfu,0,450.0,0,0,600.0
401,Larissa,0,150.0,0,1500.0,900.0
402,Volos,0,150.0,1500.0,0,900.0
403,Karditsa,0,450.0,0,0,600.0
404,Lamia,1500.0,150.0,0,0,900.0
405,Patras,0,450.0,0,0,600.0
406,Githio,1500.0,150.0,0,0,900.0
407,Agrinio,0,450.0,0,0,600.0
408,Thiva,1500.0,150.0,0,0,900.0
409,Heraklion,0,600.0,0,6000.0,6000.0
410,Rhodes,0,450.0,0,0,600.0
411,Ankara,0,600.0,0,6000.0,6000.0
412,Istanbul,0,600.0,0,6000.0,6000.0
413,Adana,0,450.0,0,0,600.0
414,Izmir,6000.0,600.0,0,0,6000.0
415,Kars,0,450.0,0,0,600.0
416,Van,0,450.0,0,0,600.0
417,Siirt,0,450.0,0,0,600.0
418,Erzurum,0,150.0,0,1500.0,900.0
419,Ordu,0,450.0,0,0,600.0
420,Çorum,0,450.0,0,0,600.0
421,Bafra,0,450.0,0,0,600.0
422,Bolu,0,450.0,0,0,600.0
423,Eskişehir,0,600.0,6000.0,0,6000.0
424,Bursa,1500.0,150.0,0,0,900.0
425,Malatya,0,150.0,1500.0,0,900.0
426,Balıkesir,0,450.0,0,0,600.0
427,Aydın,0,150.0,1500.0,0,900.0
428,Antalya,0,450.0,0,0,600.0
429,Mardin,0,450.0,0,0,600.0
430,Konya,0,150.0,1500.0,0,900.0
431,Kütahya,0,450.0,0,0,600.0
432,Mersin,6000.0,600.0,0,0,6000.0
433,Karaman,0,450.0,0,0,600.0
434,Kırşehir,0,450.0,0,0,600.0
435,Aksaray,0,450.0,0,0,600.0
436,Gaziantep,0,450.0,0,0,600.0
437,Çorlu,0,150.0,1500.0,0,900.0
438,Portland,6000.0,600.0,0,0,6000.0
439,Spokane,6000.0,600.0,0,0,6000.0
440,Boise,0,600.0,6000.0,0,6000.0
441,Nampa,0,450.0,0,0,600.0
442,Idaho Falls,0,150.0,0,1500.0,900.0
443,Pocatello,0,450.0,0,0,600.0
444,Burley,0,450.0,0,0,600.0
445,Carey,0,450.0,0,0,600.0
446,Stanley,0,450.0,0,0,600.0
447,Baker City,1500.0,150.0,0,0,900.0
448,Bend,0,150.0,0,1500.0,900.0
449,Eugene,0,450.0,0,0,600.0
450,Medford,0,600.0,0,6000.0,6000.0
451,Salem (OR),0,450.0,0,0,600.0
452,Tacoma,0,450.0,0,0,600.0
453,Burns,0,450.0,0,0,600.0
454,Klamath Falls,0,150.0,1500.0,0,900.0
455,Yakima,0,150.0,0,1500.0,900.0
456,Everett,0,150.0,0,1500.0,900.0
457,Lewiston,0,450.0,0,0,600.0
458,Kennewick,0,450.0,0,0,600.0
459,Coeur d'Alene,0,450.0,0,0,600.0
460,Omak,0,450.0,0,0,600.0
461,Vancouver,0,600.0,0,6000.0,6000.0
462,Bismarck,0,600.0,0,6000.0,6000.0
463,Sioux Falls,6000.0,600.0,0,0,6000.0
464,Minneapolis,0,600.0,0,6000.0,6000.0
465,Fargo,6000.0,600.0,0,0,6000.0
466,Rochester (MN),0,150.0,1500.0,0,900.0
467,Mankato,0,150.0,1500.0,0,900.0
468,St. Cloud,0,450.0,0,0,600.0
469,Duluth,0,450.0,0,0,600.0
470,Bemidji,0,450.0,0,0,600.0
471,Alexandria (MN),0,150.0,1500.0,0,900.0
472,Grand Forks,0,450.0,0,0,600.0
473,Rugby,0,150.0,1500.0,0,900.0
474,Williston,0,450.0,0,0,600.0
475,Dickinson,1500.0,150.0,0,0,900.0
476,Jamestown (ND),0,450.0,0,0,600.0
477,Ipswich (SD),0,600.0,6000.0,0,6000.0
478,Mobridge,0,450.0,0,0,600.0
479,Mitchell,0,150.0,0,1500.0,900.0
480,Murdo,0,450.0,0,0,600.0
481,Redig,0,450.0,0,0,600.0
482,Rapid City,0,450.0,0,0,600.0
483,Las Vegas,0,600.0,0,6000.0,6000.0
484,Los Angeles,0,600.0,0,6000.0,6000.0
485,San Francisco,6000.0,600.0,0,0,6000.0
486,Sacramento,0,150.0,1500.0,0,900.0
487,San Diego,6000.0,600.0,0,0,6000.0
488,Anaheim,0,150.0,1500.0,0,900.0
489,Bakersfield,0,450.0,0,0,600.0
490,El Centro,0,150.0,1500.0,0,900.0
491,Palm Springs,0,150.0,0,1500.0,900.0
492,Henderson,0,450.0,0,0,600.0
493,Crystal Springs,0,450.0,0,0,600.0
494,Ely,0,450.0,0,0,600.0
495,Elko,0,450.0,0,0,600.0
496,Battle Mountain,0,450.0,0,0,600.0
497,Reno,0,600.0,6000.0,0,6000.0
498,Eureka,0,450.0,0,0,600.0
499,Salinas,0,450.0,0,0,600.0
500,Redding,0,450.0,0,0,600.0
501,Santa Rosa (CA),0,450.0,0,0,600.0
502,Chico,1500.0,150.0,0,0,900.0
503,Merced,0,450.0,0,0,600.0
504,Fresno,0,450.0,0,0,600.0
505,Tonopah,0,450.0,0,0,600.0
506,Austin (NV),0,450.0,0,0,600.0
507,Olancha,0,450.0,0,0,600.0
508,Bishop,0,150.0,1500.0,0,900.0
509,Salt Lake City,0,600.0,6000.0,0,6000.0
510,Denver,6000.0,600.0,0,0,6000.0
511,Cheyenne,0,600.0,0,6000.0,6000.0
512,Ogden,0,450.0,0,0,600.0
513,Provo,0,450.0,0,0,600.0
514,Cedar City,0,450.0,0,0,600.0
515,Richfield,0,450.0,0,0,600.0
516,Delta,0,150.0,0,1500.0,900.0
517,Vernal,0,450.0,0,0,600.0
518,Fort Collins,0,150.0,1500.0,0,900.0
519,Casper,0,450.0,0,0,600.0
520,Gilette,1500.0,150.0,0,0,900.0
521,Sheridan,0,450.0,0,0,600.0
522,Jackson (WY),0,450.0,0,0,600.0
523,Afton,0,450.0,0,0,600.0
524,Riverton,0,450.0,0,0,600.0
525,Glenwood Springs,1500.0,150.0,0,0,900.0
526,Sterling,0,450.0,0,0,600.0
527,Colorado Springs,0,450.0,0,0,600.0
528,Pueblo,0,450.0,0,0,600.0
529,Durango (CO),1500.0,150.0,0,0,900.0
530,Blanding,0,450.0,0,0,600.0
531,Grand Junction,0,600.0,0,6000.0,6000.0
532,Kingsport,0,450.0,0,0,600.0
533,Pritchett,1500.0,150.0,0,0,900.0
534,Aspen,0,450.0,0,0,600.0
535,Scottsbluff,0,450.0,0,0,600.0
536,Chadron,0,450.0,0,0,600.0
537,Valentine,0,450.0,0,0,600.0
538,Omaha,6000.0,600.0,0,0,6000.0
539,Lincoln,0,150.0,0,1500.0,900.0
540,Wichita,0,600.0,6000.0,0,6000.0
541,Davenport,0,600.0,0,6000.0,6000.0
542,Des Moines,1500.0,150.0,0,0,900.0
543,Cedar Rapids,0,150.0,0,1500.0,900.0
544,Mason City,0,150.0,0,1500.0,900.0
545,Fort Dodge,0,450.0,0,0,600.0
546,Red Oak,0,450.0,0,0,600.0
547,Ottumwa,0,450.0,0,0,600.0
548,Fremont,0,150.0,1500.0,0,900.0
549,Avoca,0,150.0,0,1500.0,900.0
550,Kearney,0,450.0,0,0,600.0
551,North Platte,0,600.0,6000.0,0,6000.0
552,Colby,0,450.0,0,0,600.0
553,Garden City,0,450.0,0,0,600.0
554,Hugoton,0,450.0,0,0,600.0
555,Hutchinson,0,450.0,0,0,600.0
556,Emporia,0,450.0,0,0,600.0
557,Wellington (KS),0,450.0,0,0,600.0
558,Parsons,0,450.0,0,0,600.0
559,Salina,6000.0,600.0,0,0,6000.0
560,Topeka,0,450.0,0,0,600.0
561,Milwaukee,0,600.0,0,6000.0,6000.0
562,Chicago,0,600.0,6000.0,0,6000.0
563,Indianapolis,0,600.0,0,6000.0,6000.0
564,Cleveland,6000.0,600.0,0,0,6000.0
565,Detroit,0,150.0,1500.0,0,900.0
566,Traverse City,0,450.0,0,0,600.0
567,Grand Rapids (MI),0,450.0,0,0,600.0
568,Toledo (IL),0,150.0,0,1500.0,900.0
569,South Bend,0,450.0,0,0,600.0
570,Fort Wayne,1500.0,150.0,0,0,900.0
571,Cincinnati,0,450.0,0,0,600.0
572,Columbus (OH),0,600.0,6000.0,0,6000.0
573,Nashville,0,600.0,0,6000.0,6000.0
574,Youngstown,0,450.0,0,0,600.0
575,Zanesville,0,450.0,0,0,600.0
576,Lancaster,0,450.0,0,0,600.0
577,Bloomington,0,450.0,0,0,600.0
578,Madison,0,450.0,0,0,600.0
579,Green Bay,0,450.0,0,0,600.0
580,Eau Claire,0,450.0,0,0,600.0
581,Wausau,0,450.0,0,0,600.0
582,Marquette,0,450.0,0,0,600.0
583,St Louis,6000.0,600.0,0,0,6000.0
584,Lafayette (IN),1500.0,150.0,0,0,900.0
585,Evansville,1500.0,150.0,0,0,900.0
586,Kansas City,0,600.0,0,6000.0,6000.0
587,Champaign,0,450.0,0,0,600.0
588,Peoria,1500.0,150.0,0,0,900.0
589,Springfield (IL),0,450.0,0,0,600.0
590,Rockford,0,450.0,0,0,600.0
591,Memphis,6000.0,600.0,0,0,6000.0
592,Jackson (TN),0,450.0,0,0,600.0
593,Knoxville,0,450.0,0,0,600.0
594,Chattanooga,0,150.0,1500.0,0,900.0
595,Bowling Green,0,450.0,0,0,600.0
596,Louisville,0,450.0,0,0,600.0
597,El Paso,0,450.0,0,0,600.0
598,Prestonsburg,0,450.0,0,0,600.0
599,Maryville,0,450.0,0,0,600.0
600,Columbia,0,450.0,0,0,600.0
601,Jefferson City,0,150.0,1500.0,0,900.0
602,Farmington (MO),1500.0,150.0,0,0,900.0
603,Springfield (MO),0,600.0,6000.0,0,6000.0
604,Fayetteville (AR),0,450.0,0,0,600.0
605,Conway,0,450.0,0,0,600.0
606,Jonesboro,0,150.0,1500.0,0,900.0
607,Little Rock,0,450.0,0,0,600.0
608,Fort Smith,0,450.0,0,0,600.0
609,Crosset,0,150.0,1500.0,0,900.0
610,Harrison,0,150.0,0,1500.0,900.0
611,Warrensburg,0,450.0,0,0,600.0
612,El Dorado,0,450.0,0,0,600.0
613,Richmond,6000.0,600.0,0,0,6000.0
614,Charleston (WV),0,450.0,0,0,600.0
615,Abingdon,0,450.0,0,0,600.0
616,Norfolk,0,450.0,0,0,600.0
617,Charlottesville,0,450.0,0,0,600.0
618,Parkersburg,0,450.0,0,0,600.0
619,Harrisonburg,0,450.0,0,0,600.0
620,Lynchburg,0,450.0,0,0,600.0
621,Blacksburg,0,150.0,0,1500.0,900.0
622,Lexington (VA),0,450.0,0,0,600.0
623,Danville,0,150.0,1500.0,0,900.0
624,Asheville,1500.0,150.0,0,0,900.0
625,Charlotte,0,600.0,6000.0,0,6000.0
626,Charleston (SC),0,150.0,1500.0,0,900.0
627,Wilmington,0,450.0,0,0,600.0
628,Durham,0,450.0,0,0,600.0
629,Greensboro,0,450.0,0,0,600.0
630,Hickory,0,150.0,0,1500.0,900.0
631,Greenville (SC),0,450.0,0,0,600.0
632,Fayetteville (NC),0,150.0,0,1500.0,900.0
633,Florence (SC),1500.0,150.0,0,0,900.0
634,Albuquerque,0,600.0,6000.0,0,6000.0
635,Van Horn,0,450.0,0,0,600.0
636,Del Rio,0,450.0,0,0,600.0
637,Mc Allen,0,450.0,0,0,600.0
638,Houston,0,600.0,0,6000.0,6000.0
639,Santa Fe,0,450.0,0,0,600.0
640,Farmington (NM),0,450.0,0,0,600.0
641,Santa Rosa (NM),0,450.0,0,0,600.0
642,Amarillo,0,450.0,0,0,600.0
643,Hot Springs,0,150.0,0,1500.0,900.0
644,Dallas,6000.0,600.0,0,0,6000.0
645,Jasper,0,450.0,0,0,600.0
646,Fort Worth,0,150.0,0,1500.0,900.0
647,Lubbock,0,600.0,6000.0,0,6000.0
648,Midland,0,450.0,0,0,600.0
649,Austin,6000.0,600.0,0,0,6000.0
650,Victoria (TX),0,150.0,1500.0,0,900.0
651,Huntsville (TX),0,450.0,0,0,600.0
652,Coro,1500.0,150.0,0,0,900.0
653,Tyler,0,450.0,0,0,600.0
654,Wichita Falls,0,450.0,0,0,600.0
655,Roswell,0,450.0,0,0,600.0
656,Dalhart,0,150.0,0,1500.0,900.0
657,San Antonio,0,450.0,0,0,600.0
658,Corpus Christi,0,150.0,0,1500.0,900.0
659,Brownwood,0,450.0,0,0,600.0
660,Anchorage,0,600.0,0,6000.0,6000.0
661,Fairbanks,0,150.0,1500.0,0,900.0
662,McCarthy,0,450.0,0,0,600.0
663,Prudhoe Bay,0,150.0,0,1500.0,900.0
664,Barrow,1500.0,150.0,0,0,900.0
665,Nome,0,450.0,0,0,600.0
666,Aniak,0,150.0,1500.0,0,900.0
667,Perryville,1500.0,150.0,0,0,900.0
668,Fort St. John,1500.0,150.0,0,0,900.0
669,Prince George,0,450.0,0,0,600.0
670,Kelowna,0,450.0,0,0,600.0
671,Skagway,6000.0,600.0,0,0,6000.0
672,Fort Nelson,0,150.0,1500.0,0,900.0
673,Kamloops,0,600.0,6000.0,0,6000.0
674,Whistler,0,450.0,0,0,600.0
675,Terrace,0,150.0,1500.0,0,900.0
676,Smithers,0,450.0,0,0,600.0
677,Iskut,0,450.0,0,0,600.0
678,Cassiar,0,150.0,1500.0,0,900.0
679,Toad River,0,150.0,0,1500.0,900.0
680,Nanaimo,0,450.0,0,0,600.0
681,Victoria (BC),0,600.0,0,6000.0,6000.0
682,Prince Rupert,6000.0,600.0,0,0,6000.0
683,Kitimat,0,450.0,0,0,600.0
684,Hazelton,0,450.0,0,0,600.0
685,Mackenzie,0,450.0,0,0,600.0
686,Wonowon,0,450.0,0,0,600.0
687,Cranbrook,0,150.0,1500.0,0,900.0
688,Vernon,0,450.0,0,0,600.0
689,Golden,0,450.0,0,0,600.0
690,Williams Lake,0,450.0,0,0,600.0
691,Calgary,0,600.0,6000.0,0,6000.0
692,Edmonton,6000.0,600.0,0,0,6000.0
693,Red Deer,0,450.0,0,0,600.0
694,Lethbridge,0,600.0,0,6000.0,6000.0
695,Medicine Hat,0,450.0,0,0,600.0
696,Brooks,0,450.0,0,0,600.0
697,Hanna,0,150.0,1500.0,0,900.0
698,Vegreville,0,450.0,0,0,600.0
699,Vermilion,0,450.0,0,0,600.0
700,Fort McMurray,0,600.0,0,6000.0,6000.0
701,Lac la Biche,1500.0,150.0,0,0,900.0
702,Iquitos,0,450.0,0,0,600.0
703,Peerless Lake,0,450.0,0,0,600.0
704,Peace River,0,450.0,0,0,600.0
705,Grand Prairie,0,600.0,6000.0,0,6000.0
706,Whitecourt,0,450.0,0,0,600.0
707,Banff,0,450.0,0,0,600.0
708,Grand Cache,0,450.0,0,0,600.0
709,Worsley,0,150.0,0,1500.0,900.0
710,Boyle,1500.0,150.0,0,0,900.0
711,Cardston,1500.0,150.0,0,0,900.0
712,Claresholm,1500.0,150.0,0,0,900.0
713,Taber,0,450.0,0,0,600.0
714,Regina,6000.0,600.0,0,0,6000.0
715,Saskatoon,6000.0,600.0,0,0,6000.0
716,Prince Albert,0,600.0,6000.0,0,6000.0
717,N. Battleford,0,600.0,6000.0,0,6000.0
718,La Ronge,0,150.0,0,1500.0,900.0
719,Tisdale,0,450.0,0,0,600.0
720,Nipawin,0,450.0,0,0,600.0
721,Estevan,0,450.0,0,0,600.0
722,Yorkton,0,600.0,0,6000.0,6000.0
723,Moose Jaw,0,450.0,0,0,600.0
724,Swift Current,0,450.0,0,0,600.0
725,Kindersley,1500.0,150.0,0,0,900.0
726,Rosetown,0,450.0,0,0,600.0
727,Meadow Lake,0,450.0,0,0,600.0
728,Rosthern,0,450.0,0,0,600.0
729,Humboldt,0,150.0,0,1500.0,900.0
730,Archerwill,0,450.0,0,0,600.0
731,Davidson,0,450.0,0,0,600.0
732,Radisson,0,450.0,0,0,600.0
733,Shellbrook,0,450.0,0,0,600.0
734,Shell Lake,0,150.0,0,1500.0,900.0
735,Beauval,0,150.0,1500.0,0,900.0
736,La Loche,0,150.0,0,1500.0,900.0
737,Dawson,0,450.0,0,0,600.0
738,Whitehorse,6000.0,600.0,0,0,6000.0
739,Destruction Bay,0,150.0,0,1500.0,900.0
740,Ross River,0,450.0,0,0,600.0
741,Nahanni Butte,0,450.0,0,0,600.0
742,Yellowknife,0,450.0,0,0,600.0
743,Winnipeg,0,600.0,0,6000.0,6000.0
744,Brandon,0,150.0,0,1500.0,900.0
745,Dauphin,1500.0,150.0,0,0,900.0
746,Swan River,0,150.0,1500.0,0,900.0
747,Peguis,0,450.0,0,0,600.0
748,Steinbach,0,450.0,0,0,600.0
749,Snow Lake,1500.0,150.0,0,0,900.0
750,Shamattawa,0,450.0,0,0,600.0
751,Thompson,0,150.0,1500.0,0,900.0
752,Grand Rapids,0,450.0,0,0,600.0
753,La Brochet,0,450.0,0,0,600.0
754,Whale Cove,0,450.0,0,0,600.0
755,Baker Lake,0,450.0,0,0,600.0
756,Toronto,6000.0,600.0,0,0,6000.0
757,Sudbury,0,600.0,6000.0,0,6000.0
758,Thunder Bay,0,600.0,6000.0,0,6000.0
759,Moosonee,0,450.0,0,0,600.0
760,Timmins,6000.0,600.0,0,0,6000.0
761,New York,0,600.0,0,6000.0,6000.0
762,Boston,6000.0,600.0,0,0,6000.0
763,Fort Severn,1500.0,150.0,0,0,900.0
764,Winisk,0,600.0,0,6000.0,6000.0
765,Wabitigweyaang,0,450.0,0,0,600.0
766,Ignance,0,450.0,0,0,600.0
767,Kenora,0,150.0,0,1500.0,900.0
768,Nipigon,0,450.0,0,0,600.0
769,Sault Ste. Marie,0,450.0,0,0,600.0
770,North Bay,0,450.0,0,0,600.0
771,Kawartha Lakes,0,150.0,0,1500.0,900.0
772,Ottawa,0,450.0,0,0,600.0
773,Huntsville,0,150.0,0,1500.0,900.0
774,Hamilton (ON),0,450.0,0,0,600.0
775,Montréal,0,600.0,6000.0,0,6000.0
776,Engelhart,0,150.0,0,1500.0,900.0
777,Gogama,0,450.0,0,0,600.0
778,Cochrane,0,450.0,0,0,600.0
779,Wawa,0,450.0,0,0,600.0
780,Hearst,0,450.0,0,0,600.0
781,Geraldton (ON),0,450.0,0,0,600.0
782,Fort Hope,0,150.0,1500.0,0,900.0
783,Sioux Lookout,0,450.0,0,0,600.0
784,Québec,0,600.0,0,6000.0,6000.0
785,Saguenay,0,450.0,0,0,600.0
786,Sherbrooke,1500.0,150.0,0,0,900.0
787,Victoriaville,0,450.0,0,0,600.0
788,Shawinigan,0,450.0,0,0,600.0
789,Rouyn-Noranda,0,450.0,0,0,600.0
790,Saint-Jérôme,0,450.0,0,0,600.0
791,La Tuque,0,450.0,0,0,600.0
792,Rimouski,0,600.0,6000.0,0,6000.0
793,Val-d'Or,6000.0,600.0,0,0,6000.0
794,Kipawa,0,150.0,0,1500.0,900.0
795,La Sarre,0,150.0,1500.0,0,900.0
796,Kitcisakik,0,450.0,0,0,600.0
797,Salluit,1500.0,150.0,0,0,900.0
798,Sakami,0,450.0,0,0,600.0
799,Happy Valley-Goose Bay,1500.0,150.0,0,0,900.0
800,Sept-Îles,0,450.0,0,0,600.0
801,Kuujjuaq,0,450.0,0,0,600.0
802,Mistissini,0,600.0,0,6000.0,6000.0
803,Eastmain,0,450.0,0,0,600.0
804,Caniapiscau,0,450.0,0,0,600.0
805,Aklavik,0,450.0,0,0,600.0
806,Old Crow,1500.0,150.0,0,0,900.0
807,Fort Reliance,0,150.0,1500.0,0,900.0
808,Snowdrift,0,450.0,0,0,600.0
809,Bathurst Inlet,0,450.0,0,0,600.0
810,Coppermine,0,450.0,0,0,600.0
811,Philadelphia,6000.0,600.0,0,0,6000.0
812,Washington,0,600.0,0,6000.0,6000.0
813,Pittsburgh,0,150.0,0,1500.0,900.0
814,Rochester (NY),0,150.0,1500.0,0,900.0
815,Baltimore,0,450.0,0,0,600.0
816,Johnstown,0,450.0,0,0,600.0
817,Princeton,0,450.0,0,0,600.0
818,Harrisburg,0,450.0,0,0,600.0
819,Scranton,0,450.0,0,0,600.0
820,Syracuse,1500.0,150.0,0,0,900.0
821,Binghamton,0,450.0,0,0,600.0
822,Providence,0,450.0,0,0,600.0
823,Worcester,0,150.0,1500.0,0,900.0
824,Hartford,0,450.0,0,0,600.0
825,New Haven,0,450.0,0,0,600.0
826,Atlantic City,0,150.0,1500.0,0,900.0
827,Erie,0,450.0,0,0,600.0
828,Lewisburg,0,450.0,0,0,600.0
829,State College,0,450.0,0,0,600.0
830,Bangor,0,450.0,0,0,600.0
831,Portland (ME),0,450.0,0,0,600.0
832,Manchester (NH),0,450.0,0,0,600.0
833,Albany (NY),0,600.0,6000.0,0,6000.0
834,Kingston (NY),0,450.0,0,0,600.0
835,Burlington,0,150.0,1500.0,0,900.0
836,Watertown,0,450.0,0,0,600.0
837,Miami,6000.0,600.0,0,0,6000.0
838,Atlanta,0,600.0,0,6000.0,6000.0
839,Jacksonville,0,600.0,6000.0,0,6000.0
840,New Orleans,0,600.0,0,6000.0,6000.0
841,Lafayette (LA),0,450.0,0,0,600.0
842,Shreveport,0,450.0,0,0,600.0
843,Jackson,0,450.0,0,0,600.0
844,Oxford,0,450.0,0,0,600.0
845,Hattiesburg,0,450.0,0,0,600.0
846,Huntsville (AL),0,450.0,0,0,600.0
847,Birmingham (AL),1500.0,150.0,0,0,900.0
848,Montgomery,0,600.0,6000.0,0,6000.0
849,Meridian,0,450.0,0,0,600.0
850,Athens (GA),0,450.0,0,0,600.0
851,Marietta,0,450.0,0,0,600.0
852,Macon,0,450.0,0,0,600.0
853,Savannah,0,450.0,0,0,600.0
854,Columbus (GA),1500.0,150.0,0,0,900.0
855,Dothan,0,450.0,0,0,600.0
856,Tallahassee,0,450.0,0,0,600.0
857,Fredericton,0,450.0,0,0,600.0
858,Moncton,0,450.0,0,0,600.0
859,Yarmouth,0,450.0,0,0,600.0
860,New Glasgow,0,600.0,0,6000.0,6000.0
861,Valdosta,0,450.0,0,0,600.0
862,Albany (GA),0,450.0,0,0,600.0
863,Gainesville,0,450.0,0,0,600.0
864,Orlando,0,150.0,0,1500.0,900.0
865,Tampa,0,450.0,0,0,600.0
866,Fort Myers,0,150.0,1500.0,0,900.0
867,Mobile,1500.0,150.0,0,0,900.0
868,Panama City,1500.0,150.0,0,0,900.0
869,Tijuana,0,600.0,6000.0,0,6000.0
870,Ensenada,0,450.0,0,0,600.0
871,La Suerte,0,150.0,1500.0,0,900.0
872,San Ignacio,0,150.0,0,1500.0,900.0
873,Punta Prieta,1500.0,150.0,0,0,900.0
874,La Paz (MX),0,150.0,1500.0,0,900.0
875,Loreto,1500.0,150.0,0,0,900.0
876,Chihuahua,0,600.0,6000.0,0,6000.0
877,Hermosillo,0,600.0,0,6000.0,6000.0
878,Monterey,6000.0,600.0,0,0,6000.0
879,Mazatlan,0,600.0,0,6000.0,6000.0
880,Mérida,0,600.0,0,6000.0,6000.0
881,Veracruz,0,600.0,0,6000.0,6000.0
882,Mexico City,6000.0,600.0,0,0,6000.0
883,Acapulco,0,600.0,6000.0,0,6000.0
884,Tepic,0,450.0,0,0,600.0
885,San Luis Potosi,6000.0,600.0,0,0,6000.0
886,Tampico,0,450.0,0,0,600.0
887,Puerto Vallarta,0,450.0,0,0,600.0
888,Guadalajara,0,600.0,6000.0,0,6000.0
889,Irapuato,0,450.0,0,0,600.0
890,Poza Rica,0,450.0,0,0,600.0
891,Xalapa Enríquez,0,450.0,0,0,600.0
892,Escárcega,1500.0,150.0,0,0,900.0
893,Chilpancingo,0,450.0,0,0,600.0
894,San Juan del Río,0,450.0,0,0,600.0
895,Morelia,0,450.0,0,0,600.0
896,Colima,1500.0,150.0,0,0,900.0
897,Petatlán,1500.0,150.0,0,0,900.0
898,San Marcos,0,450.0,0,0,600.0
899,Córdoba (MX),0,450.0,0,0,600.0
900,Oaxaca,1500.0,150.0,0,0,900.0
901,Villahermosa,0,450.0,0,0,600.0
902,Coatzacoalcos,0,450.0,0,0,600.0
903,Tuxtepec,0,450.0,0,0,600.0
904,Tuxtla Gutiérrez,0,450.0,0,0,600.0
905,Palenque,0,150.0,0,1500.0,900.0
906,Campeche,0,450.0,0,0,600.0
907,Cancún,0,450.0,0,0,600.0
908,Valladolid (MX),0,450.0,0,0,600.0
909,Chetumal,0,150.0,1500.0,0,900.0
910,Elfin Cove,0,450.0,0,0,600.0
911,Benito Juárez,0,450.0,0,0,600.0
912,Caborca,0,450.0,0,0,600.0
913,Navojoa,0,450.0,0,0,600.0
914,Los Mochis,0,450.0,0,0,600.0
915,Culiacán Rosales,0,450.0,0,0,600.0
916,Delicias,0,450.0,0,0,600.0
917,Ures,0,450.0,0,0,600.0
918,Ciudad Cuauhtémoc,0,150.0,0,1500.0,900.0
919,Creel,0,150.0,1500.0,0,900.0
920,Piedras Negras,0,450.0,0,0,600.0
921,Monclova,0,150.0,1500.0,0,900.0
922,Reynosa,0,450.0,0,0,600.0
923,Ciudad Victoria,0,450.0,0,0,600.0
924,Saltillo,0,450.0,0,0,600.0
925,Matehuala,0,450.0,0,0,600.0
926,Fresnillo,0,150.0,1500.0,0,900.0
927,Torreón,0,150.0,1500.0,0,900.0
928,Durango,0,450.0,0,0,600.0
929,Hidalgo del Parral,1500.0,150.0,0,0,900.0
930,El Hundido,0,450.0,0,0,600.0
931,Rodeo,0,450.0,0,0,600.0
932,Belize City,0,600.0,0,6000.0,6000.0
933,Belmopan,0,450.0,0,0,600.0
934,Guatemala,0,450.0,0,0,600.0
935,San Pedro Sula,1500.0,150.0,0,0,900.0
936,San Miguel,0,150.0,1500.0,0,900.0
937,San Jose,0,450.0,0,0,600.0
938,Managua,0,150.0,0,1500.0,900.0
939,Tegucigalpa,0,450.0,0,0,600.0
940,La Palma,0,450.0,0,0,600.0
941,David,1500.0,150.0,0,0,900.0
942,Havanna,0,600.0,6000.0,0,6000.0
943,Pinar del Río,0,450.0,0,0,600.0
944,Cienfuegos,0,150.0,1500.0,0,900.0
945,Camagüey,0,450.0,0,0,600.0
946,Santa Clara,0,450.0,0,0,600.0
947,Santiago d. C.,6000.0,600.0,0,0,6000.0
948,Rio Branco,0,450.0,0,0,600.0
949,Guantánamo,0,450.0,0,0,600.0
950,Bayamo,0,450.0,0,0,600.0
951,Santo Domingo,6000.0,600.0,0,0,6000.0
952,Higüey,0,150.0,1500.0,0,900.0
953,Azua,0,450.0,0,0,600.0
954,Port-au-Prince,0,450.0,0,0,600.0
955,San Juan,0,600.0,0,6000.0,6000.0
956,Kingston,0,600.0,0,6000.0,6000.0
957,Montego Bay,0,450.0,0,0,600.0
958,Bogota,0,600.0,6000.0,0,6000.0
959,Barranquilla,0,600.0,0,6000.0,6000.0
960,Medellín,6000.0,600.0,0,0,6000.0
961,Pasto,6000.0,600.0,0,0,6000.0
962,La Pedrera,0,450.0,0,0,600.0
963,Pacoa,0,450.0,0,0,600.0
964,Mitú,0,450.0,0,0,600.0
965,Puerto Iñírida,0,600.0,6000.0,0,6000.0
966,La Primavera,0,150.0,0,1500.0,900.0
967,Valledupar,0,150.0,0,1500.0,900.0
968,Manizales,0,450.0,0,0,600.0
969,Cali,0,450.0,0,0,600.0
970,Tumaco,0,450.0,0,0,600.0
971,Florencia,0,450.0,0,0,600.0
972,Puerto Leguizamo,0,450.0,0,0,600.0
973,Neiva,0,150.0,0,1500.0,900.0
974,Tunja,0,450.0,0,0,600.0
975,San José del Guaviare,0,450.0,0,0,600.0
976,Montería,0,450.0,0,0,600.0
977,Bucaramanga,0,450.0,0,0,600.0
978,Turbo,0,150.0,0,1500.0,900.0
979,Puerto Berrio,0,150.0,1500.0,0,900.0
980,Yopal,0,450.0,0,0,600.0
981,Espinar,0,450.0,0,0,600.0
982,Cumaribo,0,450.0,0,0,600.0
983,Boavita,1500.0,150.0,0,0,900.0
984,Quito,0,600.0,6000.0,0,6000.0
985,Nueva Loja,0,150.0,1500.0,0,900.0
986,Guayaquil,0,450.0,0,0,600.0
987,Manta,1500.0,150.0,0,0,900.0
988,Ambato,0,450.0,0,0,600.0
989,Esmeraldas,0,450.0,0,0,600.0
990,Cuenca (EC),0,150.0,0,1500.0,900.0
991,Lononaco,0,450.0,0,0,600.0
992,Puerto Pardo,0,450.0,0,0,600.0
993,Boca,0,450.0,0,0,600.0
994,Merritt,0,450.0,0,0,600.0
995,Carcross,0,450.0,0,0,600.0
996,Tarapoto,0,450.0,0,0,600.0
997,Lima,0,600.0,0,6000.0,6000.0
998,Piura,0,150.0,1500.0,0,900.0
999,Chiclayo,0,150.0,1500.0,0,900.0
1000,Trujillo,6000.0,600.0,0,0,6000.0
1001,Chincha Alta,0,150.0,0,1500.0,900.0
1002,Tacna,0,450.0,0,0,600.0
1003,Arequipa,0,600.0,0,6000.0,6000.0
1004,Puno,1500.0,150.0,0,0,900.0
1005,P. Maldonado,0,600.0,6000.0,0,6000.0
1006,Cusco,6000.0,600.0,0,0,6000.0
1007,Ayacucho,0,450.0,0,0,600.0
1008,Huancayo,0,450.0,0,0,600.0
1009,Alerta,0,450.0,0,0,600.0
1010,Tocache,0,450.0,0,0,600.0
1011,Jaén (PE),0,450.0,0,0,600.0
1012,Lagunas,0,450.0,0,0,600.0
1013,Nauta,0,450.0,0,0,600.0
1014,Pucallpa,0,450.0,0,0,600.0
1015,Pebas,0,450.0,0,0,600.0
1016,Nasca,0,150.0,1500.0,0,900.0
1017,Maracaibo,0,600.0,6000.0,0,6000.0
1018,Valera,0,450.0,0,0,600.0
1019,San Cristóbal,0,600.0,0,6000.0,6000.0
1020,Barquisimeto,0,600.0,6000.0,0,6000.0
1021,Valencia (VE),0,450.0,0,0,600.0
1022,Caracas,0,600.0,0,6000.0,6000.0
1023,Cumaná,0,150.0,1500.0,0,900.0
1024,Maturín,6000.0,600.0,0,0,6000.0
1025,Ciudad Bolívar,0,450.0,0,0,600.0
1026,Calabozo,0,450.0,0,0,600.0
1027,Canaima,0,450.0,0,0,600.0
1028,Urimán,1500.0,150.0,0,0,900.0
1029,Firiña,0,450.0,0,0,600.0
1030,Zaraza,0,450.0,0,0,600.0
1031,Guarataro,0,450.0,0,0,600.0
1032,San Juan de Manapiare,0,450.0,0,0,600.0
1033,Tamatama,0,450.0,0,0,600.0
1034,La Esmeralda,1500.0,150.0,0,0,900.0
1035,Bruno,0,450.0,0,0,600.0
1036,Machiques,0,450.0,0,0,600.0
1037,Barinas,0,450.0,0,0,600.0
1038,Arismendi,0,150.0,0,1500.0,900.0
1039,Elorza,1500.0,150.0,0,0,900.0
1040,Maripa,0,450.0,0,0,600.0
1041,Parguaza,0,450.0,0,0,600.0
1042,Paramaribo,6000.0,600.0,0,0,6000.0
1043,Georgetown,0,450.0,0,0,600.0
1044,Cayenne,0,450.0,0,0,600.0
1045,Bienvenue,0,150.0,0,1500.0,900.0
1046,Lelydorp,1500.0,150.0,0,0,900.0
1047,Apetina,0,150.0,1500.0,0,900.0
1048,Kwakwani,0,150.0,1500.0,0,900.0
1049,Kumaka,0,150.0,0,1500.0,900.0
1050,Baramita,0,450.0,0,0,600.0
1051,Dadanawa,0,450.0,0,0,600.0
1052,Nuuk,1500.0,150.0,0,0,900.0
1053,Nicholls Town,0,150.0,0,1500.0,900.0
1054,Congo Town,1500.0,150.0,0,0,900.0
1055,Nueva Gerona,0,150.0,1500.0,0,900.0
1056,Nassau,0,150.0,1500.0,0,900.0
1057,Hilo,0,450.0,0,0,600.0
1058,Lahaina,1500.0,150.0,0,0,900.0
1059,Honululu,0,600.0,6000.0,0,6000.0
1060,Lihue,0,450.0,0,0,600.0
1061,Johnston Atoll,0,150.0,0,1500.0,900.0
1062,Sand Island,0,150.0,1500.0,0,900.0
1063,Eastern Island,0,450.0,0,0,600.0
1064,La Paz,6000.0,600.0,0,0,6000.0
1065,Coarí,0,450.0,0,0,600.0
1066,Içana,0,450.0,0,0,600.0
1067,Taraquá,6000.0,600.0,0,0,6000.0
1068,Benjamin Constant,0,450.0,0,0,600.0
1069,Eirunepé,0,150.0,0,1500.0,900.0
1070,Envira,1500.0,150.0,0,0,900.0
1071,Jutaí,0,450.0,0,0,600.0
1072,Pauini,0,450.0,0,0,600.0
1073,Boca do Acre,0,150.0,1500.0,0,900.0
1074,Concórdia,0,150.0,0,1500.0,900.0
1075,São Paulo de Olivença,0,450.0,0,0,600.0
1076,Manaus,0,600.0,0,6000.0,6000.0
1077,Manicoré,6000.0,600.0,0,0,6000.0
1078,Itacoatiara,0,450.0,0,0,600.0
1079,Urucará,0,450.0,0,0,600.0
1080,Moura,0,450.0,0,0,600.0
1081,Barcelos,1500.0,150.0,0,0,900.0
1082,Maraã,0,450.0,0,0,600.0
1083,Tefé,0,600.0,6000.0,0,6000.0
1084,Coari,0,450.0,0,0,600.0
1085,Borba,0,450.0,0,0,600.0
1086,Novo Aripuanã,0,150.0,0,1500.0,900.0
1087,Humaitá,0,450.0,0,0,600.0
1088,Canutama,0,150.0,0,1500.0,900.0
1089,Sumaúma,0,600.0,6000.0,0,6000.0
1090,Prainha,0,450.0,0,0,600.0
1091,Miriti,0,450.0,0,0,600.0
1092,Sucundurí,0,450.0,0,0,600.0
1093,Codajás,0,150.0,0,1500.0,900.0
1094,Boa Vista,6000.0,600.0,0,0,6000.0
1095,Tomar,0,450.0,0,0,600.0
1096,Porto Velho,6000.0,600.0,0,0,6000.0
1097,Cujubim,0,450.0,0,0,600.0
1098,Jaru,0,150.0,1500.0,0,900.0
1099,Cacoal,0,450.0,0,0,600.0
1100,São Francisco do Guaporé,0,450.0,0,0,600.0
1101,Abunã,0,150.0,0,1500.0,900.0
1102,Caracaraí,0,450.0,0,0,600.0
1103,Macapá,6000.0,600.0,0,0,6000.0
1104,Belém,0,600.0,0,6000.0,6000.0
1105,Santarém,0,600.0,0,6000.0,6000.0
1106,Marabá,0,600.0,6000.0,0,6000.0
1107,Parauapebas,0,450.0,0,0,600.0
1108,Itaituba,0,450.0,0,0,600.0
1109,Matane,1500.0,150.0,0,0,900.0
1110,Rivière-du-Loup,0,450.0,0,0,600.0
1111,Cap-Haïtien,0,450.0,0,0,600.0
1112,Lisboa,0,450.0,0,0,600.0
1113,Cajamarca,0,450.0,0,0,600.0
1114,Chimbote,0,150.0,1500.0,0,900.0
1115,Shintuya,0,450.0,0,0,600.0
1116,Camaná,0,450.0,0,0,600.0
1117,São Luís,6000.0,600.0,0,0,6000.0
1118,Fortaleza,0,600.0,0,6000.0,6000.0
1119,Teresina,0,600.0,6000.0,0,6000.0
1120,Natal,6000.0,600.0,0,0,6000.0
1121,Pinheiro,0,450.0,0,0,600.0
1122,Imperatriz,0,450.0,0,0,600.0
1123,Balsas,0,450.0,0,0,600.0
1124,Corrente,0,450.0,0,0,600.0
1125,Floriano,0,450.0,0,0,600.0
1126,Canto do Buriti,0,450.0,0,0,600.0
1127,Uruçuí,0,450.0,0,0,600.0
1128,São Raimundo Nonato,0,450.0,0,0,600.0
1129,Barra do Corda,0,450.0,0,0,600.0
1130,Bacabal,0,450.0,0,0,600.0
1131,Grajaú,0,450.0,0,0,600.0
1132,Buriticupu,0,450.0,0,0,600.0
1133,Sobral,0,450.0,0,0,600.0
1134,Parnaíba,0,150.0,0,1500.0,900.0
1135,Piripiri,0,450.0,0,0,600.0
1136,Maracanaú,0,150.0,1500.0,0,900.0
1137,Mossoró,0,150.0,0,1500.0,900.0
1138,Caicó,0,450.0,0,0,600.0
1139,Parnamirim,0,150.0,0,1500.0,900.0
1140,Crateús,0,150.0,0,1500.0,900.0
1141,Picos,0,450.0,0,0,600.0
1142,Iguatu,0,450.0,0,0,600.0
1143,Juazeiro d. N.,0,600.0,6000.0,0,6000.0
1144,Morros,0,450.0,0,0,600.0
1145,Araguaína,0,450.0,0,0,600.0
1146,Miracema,0,600.0,0,6000.0,6000.0
1147,Alvorada,0,450.0,0,0,600.0
1148,Guarai,0,450.0,0,0,600.0
1149,Arraias,0,450.0,0,0,600.0
1150,Pium,0,450.0,0,0,600.0
1151,Estrema,0,450.0,0,0,600.0
1152,Recife,0,600.0,6000.0,0,6000.0
1153,Campina Grande,1500.0,150.0,0,0,900.0
1154,Maceió,0,450.0,0,0,600.0
1155,Ouricuri,0,450.0,0,0,600.0
1156,Salta,0,600.0,6000.0,0,6000.0
1157,Córdoba (AR),0,600.0,0,6000.0,6000.0
1158,Buenos Aires,0,600.0,0,6000.0,6000.0
1159,Mendoza,6000.0,600.0,0,0,6000.0
1160,Bahía Blanca,0,600.0,6000.0,0,6000.0
1161,Mar del Plata,0,450.0,0,0,600.0
1162,Tandil,0,450.0,0,0,600.0
1163,Calilegua,0,150.0,0,1500.0,900.0
1164,Cafayate,0,450.0,0,0,600.0
1165,San Rafael,0,450.0,0,0,600.0
1166,La Reforma,0,450.0,0,0,600.0
1167,Santa Rosa,0,600.0,6000.0,0,6000.0
1168,Lusaka,0,600.0,0,6000.0,6000.0
1169,Urucu,0,450.0,0,0,600.0
1170,Lábrea,0,450.0,0,0,600.0
1171,Meditação,0,450.0,0,0,600.0
1172,Bragança,0,150.0,1500.0,0,900.0
1173,Boate,1500.0,150.0,0,0,900.0
1174,Tucuruí,0,450.0,0,0,600.0
1175,Primavera,0,450.0,0,0,600.0
1176,Cachimbo,0,450.0,0,0,600.0
1177,Airi,0,450.0,0,0,600.0
1178,Vitória (BR),0,450.0,0,0,600.0
1179,São Félix,0,450.0,0,0,600.0
1180,Natal (BR),0,450.0,0,0,600.0
1181,Alenquer,0,450.0,0,0,600.0
1182,Amapá,0,150.0,1500.0,0,900.0
1183,Cachorrinho,0,150.0,0,1500.0,900.0
1184,Tacalé,0,450.0,0,0,600.0
1185,Estrela,0,150.0,1500.0,0,900.0
1186,Samaumeira,0,450.0,0,0,600.0
1187,Santa Maria do Boiaçu,0,450.0,0,0,600.0
1188,Monte Alegre,0,450.0,0,0,600.0
1189,São Marcos,0,450.0,0,0,600.0
1190,Fondlándia,0,450.0,0,0,600.0
1191,Muaná,0,450.0,0,0,600.0
1192,Sousel,0,450.0,0,0,600.0
1193,Akotipa,0,450.0,0,0,600.0
1194,Mazagão,0,150.0,1500.0,0,900.0
1195,Amajari,0,450.0,0,0,600.0
1196,Cochabamba,0,600.0,0,6000.0,6000.0
1197,Santa Cruz S.,6000.0,600.0,0,0,6000.0
1198,Trinidad,0,600.0,0,6000.0,6000.0
1199,Tarija,0,450.0,0,0,600.0
1200,Oruro,0,150.0,1500.0,0,900.0
1201,Uyuni,1500.0,150.0,0,0,900.0
1202,San Pablo,0,150.0,1500.0,0,900.0
1203,Patacamaya,0,150.0,0,1500.0,900.0
1204,Caranavi,0,150.0,1500.0,0,900.0
1205,Rurrenabaque,0,450.0,0,0,600.0
1206,Sena,0,450.0,0,0,600.0
1207,Riberalta,0,450.0,0,0,600.0
1208,San Ramon,0,450.0,0,0,600.0
1209,Casarabe,0,450.0,0,0,600.0
1210,El Puente,0,450.0,0,0,600.0
1211,San José de Chiquitos,0,450.0,0,0,600.0
1212,Camiri,0,450.0,0,0,600.0
1213,Curichi,0,600.0,6000.0,0,6000.0
1214,Valle Grande,0,450.0,0,0,600.0
1215,Sucre,0,450.0,0,0,600.0
1216,Potosí,0,450.0,0,0,600.0
1217,Arcopongo,0,150.0,1500.0,0,900.0
1218,Chimoré,0,450.0,0,0,600.0
1219,Felicidad,0,450.0,0,0,600.0
1220,San Juan (BO),0,450.0,0,0,600.0
1221,Goiânia,0,600.0,0,6000.0,6000.0
1222,Cuiabá,0,600.0,6000.0,0,6000.0
1223,Sinop,6000.0,600.0,0,0,6000.0
1224,Formosa,0,600.0,6000.0,0,6000.0
1225,Rodonópolis,0,450.0,0,0,600.0
1226,Cáceres (BR),0,450.0,0,0,600.0
1227,Nova Mutum,0,450.0,0,0,600.0
1228,Colíder,0,150.0,0,1500.0,900.0
1229,Aripuanã,1500.0,150.0,0,0,900.0
1230,Brasnorte,0,150.0,1500.0,0,900.0
1231,Comodoro,0,450.0,0,0,600.0
1232,Tangará da Serra,1500.0,150.0,0,0,900.0
1233,Xingu,0,450.0,0,0,600.0
1234,Confresa,0,450.0,0,0,600.0
1235,Sorriso,0,450.0,0,0,600.0
1236,Primavera do Leste,0,450.0,0,0,600.0
1237,Barra do Garças,0,450.0,0,0,600.0
1238,Rio Verde,0,450.0,0,0,600.0
1239,Catalão,1500.0,150.0,0,0,900.0
1240,Porangatu,0,450.0,0,0,600.0
1241,Anápolis,1500.0,150.0,0,0,900.0
1242,Quirinópolis,0,450.0,0,0,600.0
1243,Tanguro,0,600.0,0,6000.0,6000.0
1244,Queréncia,0,450.0,0,0,600.0
1245,Apiacás,0,450.0,0,0,600.0
1246,Juína,0,450.0,0,0,600.0
1247,Porto Alegre,6000.0,600.0,0,0,6000.0
1248,Curitiba,0,600.0,0,6000.0,6000.0
1249,Londrina,6000.0,600.0,0,0,6000.0
1250,Cascavel,0,600.0,0,6000.0,6000.0
1251,Pelotas,0,150.0,1500.0,0,900.0
1252,Gramado,0,450.0,0,0,600.0
1253,Florianópolis,0,450.0,0,0,600.0
1254,Maringá,0,450.0,0,0,600.0
1255,Umuarama,0,450.0,0,0,600.0
1256,Ponta Grossa,0,150.0,1500.0,0,900.0
1257,Guarapuava,0,150.0,1500.0,0,900.0
1258,Pato Branco,0,450.0,0,0,600.0
1259,Apucarana,0,450.0,0,0,600.0
1260,Caçador,0,450.0,0,0,600.0
1261,Chapecó,0,450.0,0,0,600.0
1262,Santa Cruz do Sul,0,450.0,0,0,600.0
1263,Santa Maria,0,150.0,0,1500.0,900.0
1264,Alegrete,0,150.0,1500.0,0,900.0
1265,Passo Fundo,0,600.0,6000.0,0,6000.0
1266,Santo Ângelo,1500.0,150.0,0,0,900.0
1267,Lages,0,450.0,0,0,600.0
1268,Montevideo,0,600.0,0,6000.0,6000.0
1269,Melo,0,150.0,1500.0,0,900.0
1270,Rocha,0,450.0,0,0,600.0
1271,Durazno,0,450.0,0,0,600.0
1272,Tacuarembó,1500.0,150.0,0,0,900.0
1273,Campo Grande,0,600.0,6000.0,0,6000.0
1274,Dourados,0,450.0,0,0,600.0
1275,Miranda,0,450.0,0,0,600.0
1276,Coxim,0,450.0,0,0,600.0
1277,Água Clara,0,450.0,0,0,600.0
1278,Asunción,6000.0,600.0,0,0,6000.0
1279,San Ignacio (PY),0,150.0,0,1500.0,900.0
1280,Caaguazú,0,450.0,0,0,600.0
1281,Concepción,0,450.0,0,0,600.0
1282,Loma Plata,0,450.0,0,0,600.0
1283,São Paulo,6000.0,600.0,0,0,6000.0
1284,Campinas,0,450.0,0,0,600.0
1285,Rio de Janeiro,0,600.0,6000.0,0,6000.0
1286,Montes Claros,0,600.0,0,6000.0,6000.0
1287,Vitória,6000.0,600.0,0,0,6000.0
1288,Belo Horizonte,0,450.0,0,0,600.0
1289,Ipatinga,0,450.0,0,0,600.0
1290,Bocaiúva,0,150.0,0,1500.0,900.0
1291,Linhares,0,450.0,0,0,600.0
1292,Eunápolis,0,150.0,0,1500.0,900.0
1293,Janaúba,0,450.0,0,0,600.0
1294,Unaí,0,450.0,0,0,600.0
1295,Paracatu,0,450.0,0,0,600.0
1296,Uberlândia,0,600.0,6000.0,0,6000.0
1297,Bauru,0,150.0,0,1500.0,900.0
1298,Araçatuba,0,450.0,0,0,600.0
1299,Jales,0,450.0,0,0,600.0
1300,Uberaba,1500.0,150.0,0,0,900.0
1301,Ribeirão Preto,0,450.0,0,0,600.0
1302,Ipateruna,0,150.0,0,1500.0,900.0
1303,Juiz de fora,0,450.0,0,0,600.0
1304,Taubaté,0,450.0,0,0,600.0
1305,Volta Redonda,0,450.0,0,0,600.0
1306,Lavras,0,450.0,0,0,600.0
1307,Divinópolis,0,450.0,0,0,600.0
1308,Itaobim,0,450.0,0,0,600.0
1309,Arinos,0,150.0,1500.0,0,900.0
1310,Salvador,0,600.0,0,6000.0,6000.0
1311,Barreiras,6000.0,600.0,0,0,6000.0
1312,Vitória d. C.,0,600.0,0,6000.0,6000.0
1313,Feira de Santana,1500.0,150.0,0,0,900.0
1314,Jacobina,0,600.0,6000.0,0,6000.0
1315,Irecê,0,450.0,0,0,600.0
1316,Ibotirama,0,450.0,0,0,600.0
1317,Formosa do Rio Preto,0,450.0,0,0,600.0
1318,Correntina,0,150.0,1500.0,0,900.0
1319,Guanambi,0,450.0,0,0,600.0
1320,Tremedal,0,450.0,0,0,600.0
1321,Brumado,0,450.0,0,0,600.0
1322,Itapetinga,0,450.0,0,0,600.0
1323,Belmonte,0,150.0,1500.0,0,900.0
1324,Ilhéus,6000.0,600.0,0,0,6000.0
1325,Valença,0,450.0,0,0,600.0
1326,Jequié,0,150.0,1500.0,0,900.0
1327,Remanso,0,150.0,0,1500.0,900.0
1328,Senhor do Bonfim,0,450.0,0,0,600.0
1329,Serrinha,0,450.0,0,0,600.0
1330,Monte Santo,0,150.0,1500.0,0,900.0
1331,Tilcara,0,450.0,0,0,600.0
1332,Las Lajitas,1500.0,150.0,0,0,900.0
1333,San Juan (AR),0,450.0,0,0,600.0
1334,Oberá,0,450.0,0,0,600.0
1335,Resistencia,0,450.0,0,0,600.0
1336,San Luis,0,450.0,0,0,600.0
1337,Río Cuarto,0,450.0,0,0,600.0
1338,La Toma,1500.0,150.0,0,0,900.0
1339,La Rioja,0,150.0,1500.0,0,900.0
1340,Necochea,0,450.0,0,0,600.0
1341,Parana,0,450.0,0,0,600.0
1342,Villaguay,0,450.0,0,0,600.0
1343,Rosario,0,450.0,0,0,600.0
1344,Santiago del Estero,0,450.0,0,0,600.0
1345,Junín,0,450.0,0,0,600.0
1346,Huinca Renancó,1500.0,150.0,0,0,900.0
1347,Monte Quemado,1500.0,150.0,0,0,900.0
1348,Zapala,0,600.0,0,6000.0,6000.0
1349,Neuquén,6000.0,600.0,0,0,6000.0
1350,Lamarque,0,450.0,0,0,600.0
1351,San Carlos da Bariloche,0,450.0,0,0,600.0
1352,Río Gallegos,0,450.0,0,0,600.0
1353,Tres Lagos,0,450.0,0,0,600.0
1354,Puerto Deseado,0,450.0,0,0,600.0
1355,Perito Moreno,0,450.0,0,0,600.0
1356,Comodoro Riva.,0,600.0,6000.0,0,6000.0
1357,Río Mayo,0,450.0,0,0,600.0
1358,Garayalda,0,450.0,0,0,600.0
1359,Trelew,6000.0,600.0,0,0,6000.0
1360,Canguel,1500.0,150.0,0,0,900.0
1361,Las Plumas,0,450.0,0,0,600.0
1362,San Antonio Oeste,0,450.0,0,0,600.0
1363,Esquel,0,450.0,0,0,600.0
1364,Tecka,0,150.0,0,1500.0,900.0
1365,Cutral-Có,0,150.0,1500.0,0,900.0
1366,Viedma,0,450.0,0,0,600.0
1367,Los Menucos,0,450.0,0,0,600.0
1368,Los Altares,0,150.0,0,1500.0,900.0
1369,Boliche,0,150.0,0,1500.0,900.0
1370,Rio Grande,0,450.0,0,0,600.0
1371,Santiago,0,600.0,6000.0,0,6000.0
1372,Temuco,0,450.0,0,0,600.0
1373,Punta Arenas,0,450.0,0,0,600.0
1374,Copiapó,1500.0,150.0,0,0,900.0
1375,Iquique,0,150.0,1500.0,0,900.0
1376,Puerto Aysen,0,450.0,0,0,600.0
1377,Tortel,0,450.0,0,0,600.0
1378,West Falkland,0,150.0,0,1500.0,900.0
1379,East Falkland,1500.0,150.0,0,0,900.0
1380,Isla Isabela,0,150.0,0,1500.0,900.0
1381,Santa Cruz,1500.0,150.0,0,0,900.0
1382,Fernandina,0,450.0,0,0,600.0
1383,Kalomo,0,450.0,0,0,600.0
1384,Mongu,0,450.0,0,0,600.0
1385,Abercorn,0,450.0,0,0,600.0
1386,Broken Hill,0,450.0,0,0,600.0
1387,Zomba,0,450.0,0,0,600.0
1388,Nairobi,6000.0,600.0,0,0,6000.0
1389,Mwatate,0,150.0,1500.0,0,900.0
1390,Kisumu,0,450.0,0,0,600.0
1391,Entebbe,0,150.0,0,1500.0,900.0
1392,Wajir,0,450.0,0,0,600.0
1393,Marsabit,0,450.0,0,0,600.0
1394,Antsirane,0,450.0,0,0,600.0
1395,Cairo,6000.0,600.0,0,0,6000.0
1396,Siwa,0,450.0,0,0,600.0
1397,Sallum,0,150.0,0,1500.0,900.0
1398,Aswan,0,150.0,0,1500.0,900.0
1399,Kharga,0,450.0,0,0,600.0
1400,Arish,0,450.0,0,0,600.0
1401,Asyut,0,150.0,0,1500.0,900.0
1402,Papeete,1500.0,150.0,0,0,900.0
1403,Mo'orea,0,450.0,0,0,600.0
1404,Cavalcante,0,450.0,0,0,600.0
1405,Morrinhos,0,450.0,0,0,600.0
1406,La Victoria,0,450.0,0,0,600.0
1407,Puerto Santa Cruz,0,150.0,0,1500.0,900.0
1408,Capetown,0,600.0,0,6000.0,6000.0
1409,Port Elizabeth,6000.0,600.0,0,0,6000.0
1410,Cradock,0,450.0,0,0,600.0
1411,Worcester (ZA),0,450.0,0,0,600.0
1412,Johannesburg,6000.0,600.0,0,0,6000.0
1413,Pretoria,0,450.0,0,0,600.0
1414,Mafeking,1500.0,150.0,0,0,900.0
1415,Bethlehem,0,150.0,1500.0,0,900.0
1416,Ladysmith,0,450.0,0,0,600.0
1417,East London,0,450.0,0,0,600.0
1418,Springbok,0,450.0,0,0,600.0
1419,Calvinia,1500.0,150.0,0,0,900.0
1420,Mossel Bay,0,450.0,0,0,600.0
1421,Victoria West,0,450.0,0,0,600.0
1422,Hopetown,0,150.0,0,1500.0,900.0
1423,Bloemfontein,0,600.0,6000.0,0,6000.0
1424,Kimberley,0,450.0,0,0,600.0
1425,De Aar,0,450.0,0,0,600.0
1426,Mthatha,0,450.0,0,0,600.0
1427,Queenstown,0,450.0,0,0,600.0
1428,Durban,0,600.0,0,6000.0,6000.0
1429,Port Shepstone,0,450.0,0,0,600.0
1430,Windhoek,0,600.0,0,6000.0,6000.0
1431,Rehoboth,0,450.0,0,0,600.0
1432,Gobabis,0,450.0,0,0,600.0
1433,Otavi,6000.0,600.0,0,0,6000.0
1434,Grootfontein,0,450.0,0,0,600.0
1435,Outjo,0,600.0,0,6000.0,6000.0
1436,Kalkfontein,0,450.0,0,0,600.0
1437,Keetmanshoop,1500.0,150.0,0,0,900.0
1438,Bethanie,0,600.0,6000.0,0,6000.0
1439,Lüderitz,0,450.0,0,0,600.0
1440,Walvis Bay,0,450.0,0,0,600.0
1441,Solitaire,0,450.0,0,0,600.0
1442,Oshakati,0,150.0,0,1500.0,900.0
1443,Torra Bay,0,450.0,0,0,600.0
1444,Opuwo,1500.0,150.0,0,0,900.0
1445,Kapako,1500.0,150.0,0,0,900.0
1446,Okongo,0,150.0,1500.0,0,900.0
1447,Otjinene,0,450.0,0,0,600.0
1448,Osire,0,450.0,0,0,600.0
1449,Tsumeb,1500.0,150.0,0,0,900.0
1450,Otjimbingwe,0,450.0,0,0,600.0
1451,Swakopmund,0,600.0,6000.0,0,6000.0
1452,Luanda,0,600.0,0,6000.0,6000.0
1453,Lobito,6000.0,600.0,0,0,6000.0
1454,Cazombo,0,150.0,0,1500.0,900.0
1455,Humbe,6000.0,600.0,0,0,6000.0
1456,Nova Lisboa,0,600.0,6000.0,0,6000.0
1457,Silva Porto,0,450.0,0,0,600.0
1458,Cassinga,0,450.0,0,0,600.0
1459,Sá da Bandeira,0,450.0,0,0,600.0
1460,Moçâmedes,0,450.0,0,0,600.0
1461,Barraca,0,450.0,0,0,600.0
1462,Ambriz,0,150.0,0,1500.0,900.0
1463,Malanje,0,600.0,6000.0,0,6000.0
1464,Lourenço Marques,0,450.0,0,0,600.0
1465,Inhambane,1500.0,150.0,0,0,900.0
1466,Zambezi,0,450.0,0,0,600.0
1467,Memba,0,150.0,0,1500.0,900.0
1468,Sofala,0,150.0,1500.0,0,900.0
1469,Igarassu,0,150.0,0,1500.0,900.0
1470,Serra Talhada,0,450.0,0,0,600.0
1471,Nampula,0,600.0,6000.0,0,6000.0
1472,Quelimane,0,450.0,0,0,600.0
1473,Lichinga,0,450.0,0,0,600.0
1474,Tete,0,450.0,0,0,600.0
1475,Léopoldville,0,600.0,0,6000.0,6000.0
1476,Ponta Delgada,0,450.0,0,0,600.0
1477,Basoko,0,450.0,0,0,600.0
1478,Likasi,6000.0,600.0,0,0,6000.0
1479,Buta,1500.0,150.0,0,0,900.0
1480,Niangara,0,450.0,0,0,600.0
1481,Menonge,0,150.0,0,1500.0,900.0
1482,Stanleyville,0,600.0,0,6000.0,6000.0
1483,Gemena,0,450.0,0,0,600.0
1484,Mbandaka,0,450.0,0,0,600.0
1485,Lodja,0,600.0,6000.0,0,6000.0
1486,Lusambo,0,450.0,0,0,600.0
1487,Bukama,0,150.0,1500.0,0,900.0
1488,Kapanga,0,450.0,0,0,600.0
1489,Kikwit,0,450.0,0,0,600.0
1490,Matadi,0,450.0,0,0,600.0
1491,Luebo,0,150.0,1500.0,0,900.0
1492,Bandundu,0,450.0,0,0,600.0
1493,El Minya,0,450.0,0,0,600.0
1494,Port Said,0,450.0,0,0,600.0
1495,Mut,0,450.0,0,0,600.0
1496,Alexandria,0,600.0,6000.0,0,6000.0
1497,Damanhur,0,450.0,0,0,600.0
1498,Hurghada,0,600.0,0,6000.0,6000.0
1499,Ismailia,0,450.0,0,0,600.0
1500,Farafra,0,450.0,0,0,600.0
1501,Faiyum,0,450.0,0,0,600.0
1502,El Sheb,0,450.0,0,0,600.0
1503,Wadi Halfa,0,450.0,0,0,600.0
1504,Dongola,0,600.0,6000.0,0,6000.0
1505,Port Sudan,0,600.0,0,6000.0,6000.0
1506,Suakin,0,450.0,0,0,600.0
1507,El Fasher,6000.0,600.0,0,0,6000.0
1508,En Nahud,0,150.0,1500.0,0,900.0
1509,El Obeid,1500.0,150.0,0,0,900.0
1510,El Dueim,0,150.0,1500.0,0,900.0
1511,Sinjah,0,450.0,0,0,600.0
1512,Sennar,0,600.0,0,6000.0,6000.0
1513,Khartoum,6000.0,600.0,0,0,6000.0
1514,Merowe,0,450.0,0,0,600.0
1515,Berber,0,150.0,0,1500.0,900.0
1516,El Qasr,0,450.0,0,0,600.0
1517,Abu Minqar,0,450.0,0,0,600.0
1518,Aṣ-ṣaḥrā,0,450.0,0,0,600.0
1519,Eastern Sand Sea,0,150.0,0,1500.0,900.0
1520,El Alamein,0,150.0,1500.0,0,900.0
1521,Marsa Matruh,6000.0,600.0,0,0,6000.0
1522,Sidi Barrani,0,450.0,0,0,600.0
1523,Cara,0,450.0,0,0,600.0
1524,Bawiti,1500.0,150.0,0,0,900.0
1525,Girga,0,450.0,0,0,600.0
1526,Qena,0,450.0,0,0,600.0
1527,Berenice,0,450.0,0,0,600.0
1528,Safaga,0,450.0,0,0,600.0
1529,Madinaty,0,450.0,0,0,600.0
1530,Luxor,0,600.0,6000.0,0,6000.0
1531,Tripoli,0,600.0,0,6000.0,6000.0
1532,Gharyan,0,150.0,1500.0,0,900.0
1533,Misrata,1500.0,150.0,0,0,900.0
1534,Sirte,0,450.0,0,0,600.0
1535,Benghazi,0,600.0,6000.0,0,6000.0
1536,Socna,0,450.0,0,0,600.0
1537,Qatrun,0,450.0,0,0,600.0
1538,Wath,0,450.0,0,0,600.0
1539,Al-Jawf,0,450.0,0,0,600.0
1540,Buzaymah,0,600.0,6000.0,0,6000.0
1541,Zaltan,0,450.0,0,0,600.0
1542,Jalu,0,450.0,0,0,600.0
1543,Giarabub,0,450.0,0,0,600.0
1544,Tobruk,0,450.0,0,0,600.0
1545,Derna,0,450.0,0,0,600.0
1546,Ajdabiya,0,150.0,0,1500.0,900.0
1547,Marsa al Brega,0,450.0,0,0,600.0
1548,At Tallab,0,450.0,0,0,600.0
1549,Timassah,0,450.0,0,0,600.0
1550,Ghat,0,450.0,0,0,600.0
1551,Sabha,6000.0,600.0,0,0,6000.0
1552,Ghadames,1500.0,150.0,0,0,900.0
1553,Nalut,0,450.0,0,0,600.0
1554,Tabonieh,0,450.0,0,0,600.0
1555,Zillah,0,450.0,0,0,600.0
1556,Waddan,0,600.0,0,6000.0,6000.0
1557,Bin Jawad,1500.0,150.0,0,0,900.0
1558,Kufra,0,450.0,0,0,600.0
1559,Adiri,1500.0,150.0,0,0,900.0
1560,Tunis,0,600.0,0,6000.0,6000.0
1561,Gabes,0,450.0,0,0,600.0
1562,Sfax,0,450.0,0,0,600.0
1563,Tozeur,0,450.0,0,0,600.0
1564,Tataouine,0,450.0,0,0,600.0
1565,El Kef,0,450.0,0,0,600.0
1566,Oran,6000.0,600.0,0,0,6000.0
1567,Algiers,6000.0,600.0,0,0,6000.0
1568,Bedouaram,0,450.0,0,0,600.0
1569,Tamanrasset,0,600.0,0,6000.0,6000.0
1570,In Guezzam,0,150.0,1500.0,0,900.0
1571,Idlès,0,450.0,0,0,600.0
1572,Tinzouatine,0,450.0,0,0,600.0
1573,Silet,0,150.0,1500.0,0,900.0
1574,Tazrouk,0,450.0,0,0,600.0
1575,Illizi,0,450.0,0,0,600.0
1576,El Borma,0,450.0,0,0,600.0
1577,El Qued,0,450.0,0,0,600.0
1578,Bône,0,450.0,0,0,600.0
1579,Setif,0,450.0,0,0,600.0
1580,Constantine,0,600.0,0,6000.0,6000.0
1581,Aougrout,0,450.0,0,0,600.0
1582,Benoud,0,450.0,0,0,600.0
1583,Tlemcen,0,450.0,0,0,600.0
1584,Orléansville,0,450.0,0,0,600.0
1585,Djelfa,0,450.0,0,0,600.0
1586,Bordj Le Prieur,0,150.0,1500.0,0,900.0
1587,Tinduf,0,150.0,1500.0,0,900.0
1588,Ouargla,0,600.0,6000.0,0,6000.0
1589,El Menia,0,150.0,0,1500.0,900.0
1590,Béchar,0,450.0,0,0,600.0
1591,Reggane,0,450.0,0,0,600.0
1592,Ain Salah,0,450.0,0,0,600.0
1593,Amquid,0,450.0,0,0,600.0
1594,Hassi Messaoud,1500.0,150.0,0,0,900.0
1595,Saida,0,450.0,0,0,600.0
1596,Laghouat,0,450.0,0,0,600.0
1597,Biskra,0,450.0,0,0,600.0
1598,Djado,0,450.0,0,0,600.0
1599,Zinder,0,450.0,0,0,600.0
1600,Niamey,0,450.0,0,0,600.0
1601,Tahoua,0,450.0,0,0,600.0
1602,Aguella,0,150.0,1500.0,0,900.0
1603,Agadez,0,600.0,6000.0,0,6000.0
1604,Fachi,0,150.0,0,1500.0,900.0
1605,Bilma,1500.0,150.0,0,0,900.0
1606,Yaoundé,6000.0,600.0,0,0,6000.0
1607,Douala,0,150.0,1500.0,0,900.0
1608,Lomié,0,150.0,0,1500.0,900.0
1609,Doumé,0,150.0,1500.0,0,900.0
1610,Garoua,0,450.0,0,0,600.0
1611,Bamenda,0,150.0,0,1500.0,900.0
1612,Nanga Eboko,0,450.0,0,0,600.0
1613,Tibati,1500.0,150.0,0,0,900.0
1614,Tangier,0,450.0,0,0,600.0
1615,Fèz,0,450.0,0,0,600.0
1616,Agadir,0,450.0,0,0,600.0
1617,Marrakech,6000.0,600.0,0,0,6000.0
1618,Rabat,0,450.0,0,0,600.0
1619,Oujda,0,450.0,0,0,600.0
1620,Taouz,0,150.0,1500.0,0,900.0
1621,Guelmim,0,150.0,0,1500.0,900.0
1622,Pofadder,1500.0,150.0,0,0,900.0
1623,Fort Salisbury,6000.0,600.0,0,0,6000.0
1624,Sinoia,1500.0,150.0,0,0,900.0
1625,Gwelo,0,600.0,0,6000.0,6000.0
1626,Tui,0,450.0,0,0,600.0
1627,Bulawayo,0,150.0,0,1500.0,900.0
1628,Mochudi,0,450.0,0,0,600.0
1629,Pietermaritzburg,0,450.0,0,0,600.0
1630,Richards Bay,0,450.0,0,0,600.0
1631,Aliwal North,1500.0,150.0,0,0,900.0
1632,Carnarvon,0,450.0,0,0,600.0
1633,Mount Darwin,0,150.0,0,1500.0,900.0
1634,Umtali,0,450.0,0,0,600.0
1635,Kadoma,0,450.0,0,0,600.0
1636,Masvingo,0,450.0,0,0,600.0
1637,Gokwe,0,150.0,0,1500.0,900.0
1638,Dete,0,450.0,0,0,600.0
1639,Gaborone,0,600.0,6000.0,0,6000.0
1640,Tshabong,0,450.0,0,0,600.0
1641,Two Rivers,0,450.0,0,0,600.0
1642,Kang,0,450.0,0,0,600.0
1643,Kanye,0,450.0,0,0,600.0
1644,Kule,0,150.0,1500.0,0,900.0
1645,Maun,0,600.0,6000.0,0,6000.0
1646,Dekar,0,450.0,0,0,600.0
1647,Shakawe,0,450.0,0,0,600.0
1648,Savuti,0,450.0,0,0,600.0
1649,Mopipi,0,450.0,0,0,600.0
1650,Francistown,6000.0,600.0,0,0,6000.0
1651,Molepolole,0,450.0,0,0,600.0
1652,Takatokwane,0,150.0,0,1500.0,900.0
1653,Jamba,0,450.0,0,0,600.0
1654,Kolwezi,0,450.0,0,0,600.0
1655,Élisabethville,0,150.0,1500.0,0,900.0
1656,Kalemie,0,450.0,0,0,600.0
1657,Malonga,0,450.0,0,0,600.0
1658,Bukavu,0,150.0,0,1500.0,900.0
1659,Kasongo,0,450.0,0,0,600.0
1660,Oshwe,0,450.0,0,0,600.0
1661,Bunia,0,150.0,1500.0,0,900.0
1662,Gama,0,450.0,0,0,600.0
1663,Manono,0,450.0,0,0,600.0
1664,Lisala,0,450.0,0,0,600.0
1665,Dundo,0,450.0,0,0,600.0
1666,Uíge,0,450.0,0,0,600.0
1667,Cacolo,0,150.0,0,1500.0,900.0
1668,Novo Redondo,0,450.0,0,0,600.0
1669,Benguela,0,450.0,0,0,600.0
1670,Lumbala,0,450.0,0,0,600.0
1671,Luso,0,450.0,0,0,600.0
1672,Lúbia,1500.0,150.0,0,0,900.0
1673,Minendunda,0,150.0,1500.0,0,900.0
1674,Lumeje,0,450.0,0,0,600.0
1675,Dar es Salaam,0,600.0,0,6000.0,6000.0
1676,Morogoro,0,150.0,0,1500.0,900.0
1677,Tanga,0,450.0,0,0,600.0
1678,Mikindani,0,450.0,0,0,600.0
1679,Molioro,0,450.0,0,0,600.0
1680,Dodoma,6000.0,600.0,0,0,6000.0
1681,Tabora,0,600.0,0,6000.0,6000.0
1682,Kigoma,0,600.0,6000.0,0,6000.0
1683,Uvinza,0,450.0,0,0,600.0
1684,Kirambo,1500.0,150.0,0,0,900.0
1685,Serayombo,0,450.0,0,0,600.0
1686,Gitega,0,450.0,0,0,600.0
1687,Igonda,0,150.0,1500.0,0,900.0
1688,Utengula,0,450.0,0,0,600.0
1689,Kia,0,450.0,0,0,600.0
1690,Sabruma,0,450.0,0,0,600.0
1691,Nasoro,0,450.0,0,0,600.0
1692,Kwiringa,1500.0,150.0,0,0,900.0
1693,Donde,0,450.0,0,0,600.0
1694,Rungwa,1500.0,150.0,0,0,900.0
1695,Kitange,0,450.0,0,0,600.0
1696,Kondoa,1500.0,150.0,0,0,900.0
1697,Kilimatinde,0,450.0,0,0,600.0
1698,Mwansa,0,450.0,0,0,600.0
1699,Usambara,0,450.0,0,0,600.0
1700,Arusha,0,450.0,0,0,600.0
1701,Addis Ababa,0,600.0,0,6000.0,6000.0
1702,Nekemte,0,600.0,6000.0,0,6000.0
1703,Gondar,6000.0,600.0,0,0,6000.0
1704,Banana,6000.0,600.0,0,0,6000.0
1705,Harar,0,600.0,6000.0,0,6000.0
1706,Kebri Dehar,0,450.0,0,0,600.0
1707,Mustahil,0,150.0,0,1500.0,900.0
1708,Dudub,0,450.0,0,0,600.0
1709,Afder,0,450.0,0,0,600.0
1710,Imi,1500.0,150.0,0,0,900.0
1711,Asosa,1500.0,150.0,0,0,900.0
1712,Metu,0,450.0,0,0,600.0
1713,Jimma,1500.0,150.0,0,0,900.0
1714,Ambo,0,450.0,0,0,600.0
1715,Bahir Dar,0,450.0,0,0,600.0
1716,Debre Markos,0,450.0,0,0,600.0
1717,Shire,0,450.0,0,0,600.0
1718,Maganan,0,450.0,0,0,600.0
1719,Mek'ele,0,450.0,0,0,600.0
1720,Djibouti,0,150.0,1500.0,0,900.0
1721,AsbeTeferi,0,450.0,0,0,600.0
1722,Dessie,0,450.0,0,0,600.0
1723,Gijet,0,450.0,0,0,600.0
1724,Hudat,1500.0,150.0,0,0,900.0
1725,Jinka,0,450.0,0,0,600.0
1726,Arba Minch,0,450.0,0,0,600.0
1727,Meki,0,450.0,0,0,600.0
1728,Degeh Bur,0,450.0,0,0,600.0
1729,Goba,0,450.0,0,0,600.0
1730,Massawa,0,600.0,6000.0,0,6000.0
1731,Karkabat,1500.0,150.0,0,0,900.0
1732,Assab,0,450.0,0,0,600.0
1733,Asmara,0,150.0,0,1500.0,900.0
1734,Foro,0,450.0,0,0,600.0
1735,Manila,0,600.0,0,6000.0,6000.0
1736,Mogadishu,0,600.0,0,6000.0,6000.0
1737,Jamaame,0,450.0,0,0,600.0
1738,Buur Hakaba,0,450.0,0,0,600.0
1739,Bardere,0,450.0,0,0,600.0
1740,Galkayo,0,450.0,0,0,600.0
1741,Hargeisa,0,450.0,0,0,600.0
1742,Burco,0,150.0,1500.0,0,900.0
1743,Bosaso,1500.0,150.0,0,0,900.0
1744,Hordio,0,450.0,0,0,600.0
1745,Eyl,0,450.0,0,0,600.0
1746,Qardho,0,450.0,0,0,600.0
1747,Abu Hamad,0,450.0,0,0,600.0
1748,Haya,0,450.0,0,0,600.0
1749,Ad-Damir,0,150.0,1500.0,0,900.0
1750,Darfur,0,450.0,0,0,600.0
1751,Abri,0,450.0,0,0,600.0
1752,Wad Madani,0,450.0,0,0,600.0
1753,Magrur,0,450.0,0,0,600.0
1754,Kutum,0,450.0,0,0,600.0
1755,Nyala,0,450.0,0,0,600.0
1756,Talodi,0,450.0,0,0,600.0
1757,Kaduqli,0,450.0,0,0,600.0
1758,Rabak,0,450.0,0,0,600.0
1759,Surgi,0,450.0,0,0,600.0
1760,Lagos,6000.0,600.0,0,0,6000.0
1761,Dikwa,0,150.0,1500.0,0,900.0
1762,Maiduguri,6000.0,600.0,0,0,6000.0
1763,Kano,0,600.0,6000.0,0,6000.0
1764,Sokoto,0,450.0,0,0,600.0
1765,Garko,0,450.0,0,0,600.0
1766,Auyo,1500.0,150.0,0,0,900.0
1767,Katsina,0,450.0,0,0,600.0
1768,Kaduna,0,600.0,0,6000.0,6000.0
1769,Minna,0,450.0,0,0,600.0
1770,Jos,0,150.0,0,1500.0,900.0
1771,Ibadan,0,450.0,0,0,600.0
1772,Kukawa,0,150.0,0,1500.0,900.0
1773,Libreville,0,600.0,6000.0,0,6000.0
1774,Sindara,0,450.0,0,0,600.0
1775,Loango,0,600.0,0,6000.0,6000.0
1776,Brazzaville,1500.0,150.0,0,0,900.0
1777,Bonga,0,450.0,0,0,600.0
1778,Makokou,0,450.0,0,0,600.0
1779,Mayoumba,1500.0,150.0,0,0,900.0
1780,Loudima,0,450.0,0,0,600.0
1781,Tsinguedi,0,150.0,1500.0,0,900.0
1782,Franceville,6000.0,600.0,0,0,6000.0
1783,Ouesso,0,450.0,0,0,600.0
1784,Makoua,0,450.0,0,0,600.0
1785,Gamboma,0,450.0,0,0,600.0
1786,Nola,0,450.0,0,0,600.0
1787,Dongou,0,450.0,0,0,600.0
1788,Bambari,0,450.0,0,0,600.0
1789,Mobaye,0,450.0,0,0,600.0
1790,Bangassou,0,450.0,0,0,600.0
1791,Yalanga,0,450.0,0,0,600.0
1792,Mouka,1500.0,150.0,0,0,900.0
1793,Ouanda Djale,0,450.0,0,0,600.0
1794,Ndélé,0,450.0,0,0,600.0
1795,Bangui,0,600.0,0,6000.0,6000.0
1796,Ft. Sibut,1500.0,150.0,0,0,900.0
1797,Carnot,0,450.0,0,0,600.0
1798,Brussaux,0,450.0,0,0,600.0
1799,Koundé,0,450.0,0,0,600.0
1800,Epéna,0,450.0,0,0,600.0
1801,Archambault,0,450.0,0,0,600.0
1802,Mao,0,450.0,0,0,600.0
1803,Laï,0,450.0,0,0,600.0
1804,Haraze,0,450.0,0,0,600.0
1805,Faya,0,150.0,0,1500.0,900.0
1806,Ain Galakka,0,150.0,1500.0,0,900.0
1807,Bardaï,0,450.0,0,0,600.0
1808,Fada,1500.0,150.0,0,0,900.0
1809,Fort-Lamy,0,600.0,0,6000.0,6000.0
1810,Moussoro,0,150.0,1500.0,0,900.0
1811,Arada,1500.0,150.0,0,0,900.0
1812,Ziguei,0,450.0,0,0,600.0
1813,Bossangoa,0,600.0,6000.0,0,6000.0
1814,Ad-Damazin,0,450.0,0,0,600.0
1815,Mklama,0,600.0,6000.0,0,6000.0
1816,Lastoursville,0,450.0,0,0,600.0
1817,Sembé,0,150.0,0,1500.0,900.0
1818,Kassala,0,150.0,1500.0,0,900.0
1819,Kafia Kingi,0,150.0,0,1500.0,900.0
1820,Deim Zubeir,0,150.0,0,1500.0,900.0
1821,Malakai,6000.0,600.0,0,0,6000.0
1822,Juba,6000.0,600.0,0,0,6000.0
1823,Nimule,0,450.0,0,0,600.0
1824,Mongalla,0,450.0,0,0,600.0
1825,Torit,0,450.0,0,0,600.0
1826,Akobo,0,150.0,0,1500.0,900.0
1827,Nasir,0,450.0,0,0,600.0
1828,Shambe,1500.0,150.0,0,0,900.0
1829,Meshra' er Req,0,450.0,0,0,600.0
1830,Wau,0,600.0,6000.0,0,6000.0
1831,Tambura,0,450.0,0,0,600.0
1832,Maridi,0,600.0,0,6000.0,6000.0
1833,Kodok,0,150.0,1500.0,0,900.0
1834,Lui,0,450.0,0,0,600.0
1835,Abang,0,450.0,0,0,600.0
1836,Turalei,0,450.0,0,0,600.0
1837,Kamil,0,450.0,0,0,600.0
1838,Tonga,0,450.0,0,0,600.0
1839,Wernyol,0,600.0,6000.0,0,6000.0
1840,Waat,0,450.0,0,0,600.0
1841,Ayod,0,450.0,0,0,600.0
1842,Beh,0,450.0,0,0,600.0
1843,Leer,0,150.0,0,1500.0,900.0
1844,Raga,0,450.0,0,0,600.0
1845,Biar,0,450.0,0,0,600.0
1846,Yei,0,450.0,0,0,600.0
1847,Yola,0,150.0,0,1500.0,900.0
1848,Bauchi,0,450.0,0,0,600.0
1849,Kontagora,0,150.0,0,1500.0,900.0
1850,Abeoukuta,0,450.0,0,0,600.0
1851,Calabar,0,600.0,6000.0,0,6000.0
1852,Abakaliki,0,450.0,0,0,600.0
1853,Port Harcourt,0,450.0,0,0,600.0
1854,Wukari,0,450.0,0,0,600.0
1855,Jalingo,0,450.0,0,0,600.0
1856,Gombe,0,450.0,0,0,600.0
1857,Damaturu,0,450.0,0,0,600.0
1858,Gusau,0,450.0,0,0,600.0
1859,Kaiama,0,450.0,0,0,600.0
1860,Monrovia,0,600.0,0,6000.0,6000.0
1861,Loma,0,450.0,0,0,600.0
1862,Freetown,0,450.0,0,0,600.0
1863,Greenville,0,450.0,0,0,600.0
1864,Buchanan,0,450.0,0,0,600.0
1865,Ouagadougou,0,600.0,0,6000.0,6000.0
1866,Dori,0,450.0,0,0,600.0
1867,Kumasi,6000.0,600.0,0,0,6000.0
1868,Abidjan,0,600.0,6000.0,0,6000.0
1869,Koudougou,0,450.0,0,0,600.0
1870,Bobo-Dioulasso,1500.0,150.0,0,0,900.0
1871,Odienne,0,450.0,0,0,600.0
1872,Korhogo,0,150.0,1500.0,0,900.0
1873,Logouale,0,450.0,0,0,600.0
1874,Mankono,0,600.0,0,6000.0,6000.0
1875,Tabou,0,450.0,0,0,600.0
1876,Sassandra,0,450.0,0,0,600.0
1877,Dimbokro,0,450.0,0,0,600.0
1878,Prestea,0,450.0,0,0,600.0
1879,Ashanti,0,450.0,0,0,600.0
1880,Bondoukou,1500.0,150.0,0,0,900.0
1881,Accra,0,450.0,0,0,600.0
1882,Lome,0,600.0,6000.0,0,6000.0
1883,Palime,0,450.0,0,0,600.0
1884,Savé,0,450.0,0,0,600.0
1885,Tamale,0,450.0,0,0,600.0
1886,Navrongo,1500.0,150.0,0,0,900.0
1887,Malanville,0,450.0,0,0,600.0
1888,Djougou,0,150.0,0,1500.0,900.0
1889,Fada N' Gourma,0,450.0,0,0,600.0
1890,Tenkodogo,0,450.0,0,0,600.0
1891,Wa,0,450.0,0,0,600.0
1892,Gaoua,0,450.0,0,0,600.0
1893,Kankan,1500.0,150.0,0,0,900.0
1894,Davao City,0,600.0,6000.0,0,6000.0
1895,Bissau,6000.0,600.0,0,0,6000.0
1896,Kedougou,0,450.0,0,0,600.0
1897,Haute Casamance,0,150.0,0,1500.0,900.0
1898,St. Louis,0,600.0,0,6000.0,6000.0
1899,Dakar,1500.0,150.0,0,0,900.0
1900,Bakel,0,450.0,0,0,600.0
1901,Kiffa,0,450.0,0,0,600.0
1902,Tichit,0,450.0,0,0,600.0
1903,El Merayer,0,450.0,0,0,600.0
1904,Tagoujalet,0,450.0,0,0,600.0
1905,Merijinat,0,450.0,0,0,600.0
1906,Port Etienne,0,600.0,6000.0,0,6000.0
1907,Tintan,0,450.0,0,0,600.0
1908,Atar,0,450.0,0,0,600.0
1909,Ouadane,0,150.0,1500.0,0,900.0
1910,Nouakchott,0,600.0,6000.0,0,6000.0
1911,Aleg,0,600.0,0,6000.0,6000.0
1912,Tamba,0,450.0,0,0,600.0
1913,Chinguetti,6000.0,600.0,0,0,6000.0
1914,Tidjikja,0,450.0,0,0,600.0
1915,Moudjeria,0,450.0,0,0,600.0
1916,Bourjeimat,1500.0,150.0,0,0,900.0
1917,Kaédi,1500.0,150.0,0,0,900.0
1918,Tanezroft Tutrimt,1500.0,150.0,0,0,900.0
1919,Fort Trinquet,0,450.0,0,0,600.0
1920,Taoudeni,0,450.0,0,0,600.0
1921,Aṣ-Ṣaḥrā’ al-Gharbīyah,0,450.0,0,0,600.0
1922,Kidai,0,450.0,0,0,600.0
1923,Mabrouk,0,150.0,0,1500.0,900.0
1924,Araouan,0,450.0,0,0,600.0
1925,Néma,0,450.0,0,0,600.0
1926,Timbedra,0,450.0,0,0,600.0
1927,Conakry,0,600.0,6000.0,0,6000.0
1928,Mamou,0,450.0,0,0,600.0
1929,Koumbia,0,450.0,0,0,600.0
1930,Dinguiray,0,150.0,0,1500.0,900.0
1931,Bamako,0,600.0,0,6000.0,6000.0
1932,Bougouni,1500.0,150.0,0,0,900.0
1933,Djenné,0,450.0,0,0,600.0
1934,San,0,450.0,0,0,600.0
1935,Kayes,6000.0,600.0,0,0,6000.0
1936,Kita,0,450.0,0,0,600.0
1937,Banamba,0,450.0,0,0,600.0
1938,Segou,0,450.0,0,0,600.0
1939,Koutiala,0,450.0,0,0,600.0
1940,Homobori,0,150.0,1500.0,0,900.0
1941,Bamba,6000.0,600.0,0,0,6000.0
1942,Bandiagara,0,150.0,0,1500.0,900.0
1943,Niafounke,0,450.0,0,0,600.0
1944,Sokolo,0,450.0,0,0,600.0
1945,Mopti,0,600.0,6000.0,0,6000.0
1946,El Djouf,0,450.0,0,0,600.0
1947,Tanezrouft,0,150.0,0,1500.0,900.0
1948,Villa Cisneros,0,450.0,0,0,600.0
1949,Auadi,0,450.0,0,0,600.0
1950,Laâyoune,0,600.0,6000.0,0,6000.0
1951,Smara,0,150.0,0,1500.0,900.0
1952,Bir Lehlu,0,450.0,0,0,600.0
1953,Mijek,0,450.0,0,0,600.0
1954,Bojador,0,450.0,0,0,600.0
1955,Victoria,0,450.0,0,0,600.0
1956,Valletta,0,600.0,0,6000.0,6000.0
1957,Majunga,6000.0,600.0,0,0,6000.0
1958,Fianarantsoa,0,600.0,0,6000.0,6000.0
1959,Tuléar,0,600.0,0,6000.0,6000.0
1960,Tamatave,6000.0,600.0,0,0,6000.0
1961,Antalaha,0,450.0,0,0,600.0
1962,Marovoay,0,450.0,0,0,600.0
1963,Ananalava,0,150.0,0,1500.0,900.0
1964,Mananara,0,150.0,1500.0,0,900.0
1965,Maevatanana,0,450.0,0,0,600.0
1966,Morafenobe,0,450.0,0,0,600.0
1967,Soalala,0,450.0,0,0,600.0
1968,Tananrive,0,150.0,1500.0,0,900.0
1969,Ihosi,1500.0,150.0,0,0,900.0
1970,Fort Dauphin,0,450.0,0,0,600.0
1971,Tsihombe,0,150.0,1500.0,0,900.0
1972,Morombe,0,450.0,0,0,600.0
1973,Morondava,0,450.0,0,0,600.0
1974,Miarinarivo,0,600.0,6000.0,0,6000.0
1975,Ambositra,0,150.0,1500.0,0,900.0
1976,Chengteh,0,450.0,0,0,600.0
1977,Betioky,0,450.0,0,0,600.0
1978,Farafangana,0,450.0,0,0,600.0
1979,Vatomandry,0,450.0,0,0,600.0
1980,Mecca,0,600.0,6000.0,0,6000.0
1981,Mendak,0,150.0,0,1500.0,900.0
1982,Ashaira,1500.0,150.0,0,0,900.0
1983,Yenbo,0,450.0,0,0,600.0
1984,Wejh,0,450.0,0,0,600.0
1985,Maqna,0,450.0,0,0,600.0
1986,Tabuk,0,150.0,0,1500.0,900.0
1987,Medain Salih,0,450.0,0,0,600.0
1988,Hadiya,0,450.0,0,0,600.0
1989,Khaibar,0,450.0,0,0,600.0
1990,Jauf,6000.0,600.0,0,0,6000.0
1991,Sakaka,0,450.0,0,0,600.0
1992,Kaf,0,150.0,1500.0,0,900.0
1993,Doha,0,600.0,0,6000.0,6000.0
1994,Medina,6000.0,600.0,0,0,6000.0
1995,Hajariya,0,450.0,0,0,600.0
1996,Sabiya,0,450.0,0,0,600.0
1997,Laila,0,450.0,0,0,600.0
1998,Riyadh,0,600.0,0,6000.0,6000.0
1999,Mubarraz,1500.0,150.0,0,0,900.0
2000,Shaqra,0,450.0,0,0,600.0
2001,Dam,0,600.0,6000.0,0,6000.0
2002,Jubbah,0,450.0,0,0,600.0
2003,Taima,0,450.0,0,0,600.0
2004,Qasr al Haiyanya,0,150.0,1500.0,0,900.0
2005,Buraida,0,450.0,0,0,600.0
2006,Hail,0,150.0,1500.0,0,900.0
2007,Jabrin,0,150.0,1500.0,0,900.0
2008,Rub' al Khali,0,450.0,0,0,600.0
2009,Raydā,0,150.0,0,1500.0,900.0
2010,Ash Shalfa,0,450.0,0,0,600.0
2011,Qunsuliya,0,450.0,0,0,600.0
2012,Dhamar,0,450.0,0,0,600.0
2013,Hodeida,0,600.0,0,6000.0,6000.0
2014,Tolunnoerh,0,450.0,0,0,600.0
2015,Mocha,0,450.0,0,0,600.0
2016,Maqlaf,0,450.0,0,0,600.0
2017,Qadhima,0,150.0,1500.0,0,900.0
2018,Debaba,0,450.0,0,0,600.0
2019,Al Hofuf,0,450.0,0,0,600.0
2020,Kahafa,0,450.0,0,0,600.0
2021,Qasr es Sabh,0,450.0,0,0,600.0
2022,Muscat,6000.0,600.0,0,0,6000.0
2023,Sharja,0,450.0,0,0,600.0
2024,Ibri,0,150.0,0,1500.0,900.0
2025,Aden,0,450.0,0,0,600.0
2026,Mukalla,0,450.0,0,0,600.0
2027,Sakwa,0,450.0,0,0,600.0
2028,Murbat,0,450.0,0,0,600.0
2029,Saihut,0,450.0,0,0,600.0
2030,Sharkh,0,150.0,1500.0,0,900.0
2031,Juwara,1500.0,150.0,0,0,900.0
2032,Haifa,0,450.0,0,0,600.0
2033,Sharamuren,0,600.0,6000.0,0,6000.0
2034,Jerusalem,0,600.0,6000.0,0,6000.0
2035,Beirut,0,600.0,0,6000.0,6000.0
2036,Jaffa,1500.0,150.0,0,0,900.0
2037,Damascus,0,450.0,0,0,600.0
2038,Hama,0,450.0,0,0,600.0
2039,Aleppo,0,600.0,6000.0,0,6000.0
2040,Al-Raqqah,0,450.0,0,0,600.0
2041,Tell Kotchek,0,450.0,0,0,600.0
2042,Deir ez Zor,6000.0,600.0,0,0,6000.0
2043,Ammam,0,450.0,0,0,600.0
2044,Bādiyat Ash-shām,0,450.0,0,0,600.0
2045,Aqaba,1500.0,150.0,0,0,900.0
2046,Ma'an,0,450.0,0,0,600.0
2047,Hebron,0,150.0,1500.0,0,900.0
2048,Soukhné,0,450.0,0,0,600.0
2049,Abu Kemal,0,150.0,0,1500.0,900.0
2050,Al Dana,0,450.0,0,0,600.0
2051,Palmyra,1500.0,150.0,0,0,900.0
2052,Al Suwar,0,450.0,0,0,600.0
2053,Manbij,0,450.0,0,0,600.0
2054,Meskene,1500.0,150.0,0,0,900.0
2055,Al Kuwait,0,600.0,6000.0,0,6000.0
2056,Basra,0,600.0,0,6000.0,6000.0
2057,Rutba,0,450.0,0,0,600.0
2058,Al-Nukhib,0,150.0,1500.0,0,900.0
2059,Qasr'Uthaimin,0,450.0,0,0,600.0
2060,Mosul,6000.0,600.0,0,0,6000.0
2061,Erbil,0,150.0,0,1500.0,900.0
2062,Kirkuk,0,450.0,0,0,600.0
2063,Kalar,0,450.0,0,0,600.0
2064,Baghdad,0,600.0,6000.0,0,6000.0
2065,Amara,0,450.0,0,0,600.0
2066,Samawa,0,450.0,0,0,600.0
2067,Qal a Sharqat,0,450.0,0,0,600.0
2068,Anah,0,450.0,0,0,600.0
2069,Tikrit,6000.0,600.0,0,0,6000.0
2070,Samarra,0,450.0,0,0,600.0
2071,Ramadi,1500.0,150.0,0,0,900.0
2072,Fallujah,0,450.0,0,0,600.0
2073,An Najaf,0,150.0,0,1500.0,900.0
2074,Duhok,0,450.0,0,0,600.0
2075,Baiji,0,450.0,0,0,600.0
2076,Tuz Khurma,0,150.0,0,1500.0,900.0
2077,Al Jahra,0,150.0,0,1500.0,900.0
2078,Mandali,0,450.0,0,0,600.0
2079,Tehran,0,600.0,6000.0,0,6000.0
2080,Amol,0,450.0,0,0,600.0
2081,Gyumri,0,450.0,0,0,600.0
2082,Baku,0,450.0,0,0,600.0
2083,Reshawar,0,450.0,0,0,600.0
2084,Tabriz,6000.0,600.0,0,0,6000.0
2085,Ardabil,0,450.0,0,0,600.0
2086,Urmia,0,450.0,0,0,600.0
2087,Zanjan,0,450.0,0,0,600.0
2088,Karaj,0,150.0,0,1500.0,900.0
2089,Kermanshah,0,150.0,0,1500.0,900.0
2090,Abbottabad,0,450.0,0,0,600.0
2091,Bandar Busher,0,450.0,0,0,600.0
2092,Bandar Abbas,0,600.0,0,6000.0,6000.0
2093,Chabahar,0,150.0,0,1500.0,900.0
2094,Zahedan,0,150.0,1500.0,0,900.0
2095,Kerman,6000.0,600.0,0,0,6000.0
2096,Mashhad,0,450.0,0,0,600.0
2097,Gorgan,0,450.0,0,0,600.0
2098,Kashan,0,450.0,0,0,600.0
2099,Isfahan,1500.0,150.0,0,0,900.0
2100,Ahvaz,0,150.0,0,1500.0,900.0
2101,Shiraz,0,600.0,6000.0,0,6000.0
2102,Sirjan,0,450.0,0,0,600.0
2103,Gonbaki,0,450.0,0,0,600.0
2104,Khur,0,450.0,0,0,600.0
2105,Tabas,0,450.0,0,0,600.0
2106,Birjand,0,450.0,0,0,600.0
2107,Gonabad,0,450.0,0,0,600.0
2108,Kalgan,0,450.0,0,0,600.0
2109,Kweihwa,0,450.0,0,0,600.0
2110,Kabul,0,600.0,0,6000.0,6000.0
2111,Jelalabad,1500.0,150.0,0,0,900.0
2112,Mazar-i-Sherif,0,450.0,0,0,600.0
2113,Herat,0,450.0,0,0,600.0
2114,Kandahar,0,450.0,0,0,600.0
2115,Farah,0,450.0,0,0,600.0
2116,Ghazni,0,150.0,0,1500.0,900.0
2117,Bamyan,0,450.0,0,0,600.0
2118,Faizabad,0,150.0,1500.0,0,900.0
2119,Chaghcharān,1500.0,150.0,0,0,900.0
2120,Zirni,0,450.0,0,0,600.0
2121,Deshu,0,150.0,1500.0,0,900.0
2122,Kalat,0,450.0,0,0,600.0
2123,Quetta,0,600.0,0,6000.0,6000.0
2124,Karachi,0,600.0,0,6000.0,6000.0
2125,Gwadar,1500.0,150.0,0,0,900.0
2126,Srinagar,0,600.0,0,6000.0,6000.0
2127,Jammu,1500.0,150.0,0,0,900.0
2128,Chamba,0,450.0,0,0,600.0
2129,Leh,0,150.0,1500.0,0,900.0
2130,Astor,0,450.0,0,0,600.0
2131,Gilgit,0,450.0,0,0,600.0
2132,Rawalpindi,0,600.0,6000.0,0,6000.0
2133,Lahore,0,450.0,0,0,600.0
2134,Loralai,0,450.0,0,0,600.0
2135,Badin,0,450.0,0,0,600.0
2136,Shikarpur,0,450.0,0,0,600.0
2137,Isai Kalat,0,450.0,0,0,600.0
2138,Dalbandin,0,450.0,0,0,600.0
2139,Hyderabad (PK),1500.0,150.0,0,0,900.0
2140,Jhang Maghiana,1500.0,150.0,0,0,900.0
2141,Dera Ismail Khan,1500.0,150.0,0,0,900.0
2142,Bannu,0,450.0,0,0,600.0
2143,Multan,6000.0,600.0,0,0,6000.0
2144,Bahawalpur,0,150.0,0,1500.0,900.0
2145,Sukkur,0,450.0,0,0,600.0
2146,Delhi,0,600.0,6000.0,0,6000.0
2147,Hinglaj,0,600.0,6000.0,0,6000.0
2148,Dera Ghazi Khan,0,450.0,0,0,600.0
2149,Kasur,0,450.0,0,0,600.0
2150,Bahawalnagar,0,450.0,0,0,600.0
2151,Jaipur,6000.0,600.0,0,0,6000.0
2152,Jodhpur,0,600.0,0,6000.0,6000.0
2153,Barmer,0,150.0,0,1500.0,900.0
2154,Kishangarh,0,450.0,0,0,600.0
2155,Alwar,1500.0,150.0,0,0,900.0
2156,Udaipur,0,150.0,1500.0,0,900.0
2157,Nagaur,0,450.0,0,0,600.0
2158,Ajmer,0,150.0,0,1500.0,900.0
2159,Lucknow,0,450.0,0,0,600.0
2160,Jhansi,0,450.0,0,0,600.0
2161,Bhopal,0,450.0,0,0,600.0
2162,Indore,6000.0,600.0,0,0,6000.0
2163,Mhow,0,450.0,0,0,600.0
2164,Ratlam,0,150.0,0,1500.0,900.0
2165,Amritsar,0,450.0,0,0,600.0
2166,Meerut,0,450.0,0,0,600.0
2167,Bareilly,0,450.0,0,0,600.0
2168,Gwalior,0,600.0,6000.0,0,6000.0
2169,Kotah,0,450.0,0,0,600.0
2170,Ujjain,0,150.0,0,1500.0,900.0
2171,Mandi,0,450.0,0,0,600.0
2172,Kathgodam,0,450.0,0,0,600.0
2173,Hissar,0,450.0,0,0,600.0
2174,Bikaner,0,450.0,0,0,600.0
2175,Marwar,0,450.0,0,0,600.0
2176,Khandwa,0,450.0,0,0,600.0
2177,Allahbad,6000.0,600.0,0,0,6000.0
2178,Patna,0,600.0,0,6000.0,6000.0
2179,Jamshedpur,0,450.0,0,0,600.0
2180,Cuttack,0,150.0,0,1500.0,900.0
2181,Berhampur,0,450.0,0,0,600.0
2182,Raipur,0,150.0,1500.0,0,900.0
2183,Nagpur,0,600.0,0,6000.0,6000.0
2184,Jagdalpur,0,450.0,0,0,600.0
2185,Gangtok,0,450.0,0,0,600.0
2186,Goalpara,0,450.0,0,0,600.0
2187,Katihar,0,450.0,0,0,600.0
2188,Monghyr,0,450.0,0,0,600.0
2189,Gorakhpur,0,450.0,0,0,600.0
2190,Ghazipur,0,150.0,1500.0,0,900.0
2191,Rewah,0,450.0,0,0,600.0
2192,Katni,1500.0,150.0,0,0,900.0
2193,Sonhat,0,450.0,0,0,600.0
2194,Baud,0,450.0,0,0,600.0
2195,Balasore,6000.0,600.0,0,0,6000.0
2196,Daspur,0,450.0,0,0,600.0
2197,Gaya,0,450.0,0,0,600.0
2198,Ranchi,0,600.0,6000.0,0,6000.0
2199,Raighar,0,150.0,1500.0,0,900.0
2200,Seoni,0,450.0,0,0,600.0
2201,Chanda,0,150.0,1500.0,0,900.0
2202,Madras,0,600.0,6000.0,0,6000.0
2203,Bangalore,0,600.0,0,6000.0,6000.0
2204,Hyderabad,6000.0,600.0,0,0,6000.0
2205,Bombay,0,600.0,0,6000.0,6000.0
2206,Jawhar,0,450.0,0,0,600.0
2207,Poona,0,450.0,0,0,600.0
2208,Nirmal,0,450.0,0,0,600.0
2209,Vizagapatam,0,450.0,0,0,600.0
2210,Salem,0,450.0,0,0,600.0
2211,Madura,0,450.0,0,0,600.0
2212,Trivandrum,0,450.0,0,0,600.0
2213,Vellore,0,450.0,0,0,600.0
2214,Mangalore,0,450.0,0,0,600.0
2215,Hassan,0,150.0,0,1500.0,900.0
2216,Palghat,0,450.0,0,0,600.0
2217,Hindupur,1500.0,150.0,0,0,900.0
2218,Nellore,0,450.0,0,0,600.0
2219,Masulipatam,0,450.0,0,0,600.0
2220,Warangal,0,150.0,1500.0,0,900.0
2221,Kolhapur,0,450.0,0,0,600.0
2222,Dharwar,1500.0,150.0,0,0,900.0
2223,Sholapur,0,450.0,0,0,600.0
2224,Pandhapur,0,450.0,0,0,600.0
2225,Dhulia,1500.0,150.0,0,0,900.0
2226,Raichur,0,450.0,0,0,600.0
2227,Gadag,0,600.0,6000.0,0,6000.0
2228,Aurangabad,1500.0,150.0,0,0,900.0
2229,Sil Garhi,0,450.0,0,0,600.0
2230,Kathmandu,6000.0,600.0,0,0,6000.0
2231,Dhankuta,0,150.0,1500.0,0,900.0
2232,Hariyon,0,450.0,0,0,600.0
2233,Bhadgaon,0,450.0,0,0,600.0
2234,Pokhra,0,450.0,0,0,600.0
2235,Ahmedabad,6000.0,600.0,0,0,6000.0
2236,Rajkot,0,450.0,0,0,600.0
2237,Surat,0,150.0,1500.0,0,900.0
2238,Baroda,0,450.0,0,0,600.0
2239,Nadiad,0,150.0,0,1500.0,900.0
2240,Patan,0,450.0,0,0,600.0
2241,Calcutta,0,150.0,0,1500.0,900.0
2242,Dacca,0,600.0,6000.0,0,6000.0
2243,Bogra,1500.0,150.0,0,0,900.0
2244,Chandpur,0,450.0,0,0,600.0
2245,Punaka,0,600.0,0,6000.0,6000.0
2246,Bumtan,0,450.0,0,0,600.0
2247,Rangoon,6000.0,600.0,0,0,6000.0
2248,Shillong,0,450.0,0,0,600.0
2249,Aijal,0,150.0,0,1500.0,900.0
2250,Imphal,0,600.0,6000.0,0,6000.0
2251,Fort Hertz,0,450.0,0,0,600.0
2252,Dibrugarh,0,450.0,0,0,600.0
2253,Mandalay,6000.0,600.0,0,0,6000.0
2254,Kengtung,0,450.0,0,0,600.0
2255,Maingpan,0,450.0,0,0,600.0
2256,Moulmein,0,450.0,0,0,600.0
2257,Mengui,0,450.0,0,0,600.0
2258,Bassein,0,450.0,0,0,600.0
2259,Chittagong,0,600.0,0,6000.0,6000.0
2260,Pyinmana,0,150.0,0,1500.0,900.0
2261,Lungnak,0,450.0,0,0,600.0
2262,Lashung,1500.0,150.0,0,0,900.0
2263,Gomo,0,450.0,0,0,600.0
2264,Rudok,0,150.0,0,1500.0,900.0
2265,Gartok,0,600.0,6000.0,0,6000.0
2266,Ladse Dzong,0,450.0,0,0,600.0
2267,Bhamo,0,450.0,0,0,600.0
2268,Shazia,0,600.0,0,6000.0,6000.0
2269,Daurakpa,0,450.0,0,0,600.0
2270,Tradum,0,450.0,0,0,600.0
2271,Lhasa,6000.0,600.0,0,0,6000.0
2272,Chetang,0,450.0,0,0,600.0
2273,Dhirang Dzong,0,600.0,6000.0,0,6000.0
2274,Tsari,0,450.0,0,0,600.0
2275,Phondu,1500.0,150.0,0,0,900.0
2276,Ed Dzong,0,450.0,0,0,600.0
2277,Darchoi,0,450.0,0,0,600.0
2278,Govo,0,450.0,0,0,600.0
2279,Shigatse,0,600.0,0,6000.0,6000.0
2280,Gyangtse,0,450.0,0,0,600.0
2281,Lhari,0,450.0,0,0,600.0
2282,Chamchu,1500.0,150.0,0,0,900.0
2283,Parka,0,450.0,0,0,600.0
2284,Nagron,0,150.0,1500.0,0,900.0
2285,Selipuk,0,450.0,0,0,600.0
2286,Soping,0,450.0,0,0,600.0
2287,Demchok,1500.0,150.0,0,0,900.0
2288,Djiacham,0,450.0,0,0,600.0
2289,Namling,0,450.0,0,0,600.0
2290,Sibi,0,150.0,1500.0,0,900.0
2291,Yunnanfu,6000.0,600.0,0,0,6000.0
2292,Yuangchang,0,450.0,0,0,600.0
2293,Chengkiang,0,450.0,0,0,600.0
2294,Tungchwan,0,450.0,0,0,600.0
2295,Pu'er,0,450.0,0,0,600.0
2296,Sinhing,0,150.0,0,1500.0,900.0
2297,Lungling,0,150.0,1500.0,0,900.0
2298,Kweiyang,6000.0,600.0,0,0,6000.0
2299,Puanting,0,150.0,1500.0,0,900.0
2300,Nanning,0,600.0,6000.0,0,6000.0
2301,Canton,0,600.0,0,6000.0,6000.0
2302,Guilin,0,600.0,0,6000.0,6000.0
2303,Ziyuan,1500.0,150.0,0,0,900.0
2304,Tsunyi,0,450.0,0,0,600.0
2305,Tuyun,0,450.0,0,0,600.0
2306,Szenan,0,450.0,0,0,600.0
2307,Liping,0,150.0,0,1500.0,900.0
2308,Shiuchow,0,450.0,0,0,600.0
2309,Chaochow,0,600.0,6000.0,0,6000.0
2310,Linping,0,450.0,0,0,600.0
2311,Bayard,1500.0,150.0,0,0,900.0
2312,Tunghing,0,450.0,0,0,600.0
2313,Taiping,0,450.0,0,0,600.0
2314,Chenan,1500.0,150.0,0,0,900.0
2315,Szecheng,0,450.0,0,0,600.0
2316,Pinglo,0,450.0,0,0,600.0
2317,Chaoking,1500.0,150.0,0,0,900.0
2318,Sunyi,0,450.0,0,0,600.0
2319,Liuzhou,0,450.0,0,0,600.0
2320,Guixian,0,450.0,0,0,600.0
2321,Shanghai,6000.0,600.0,0,0,6000.0
2322,Wuchow,0,450.0,0,0,600.0
2323,Nanking,0,450.0,0,0,600.0
2324,Teian,0,450.0,0,0,600.0
2325,Ichang,0,150.0,0,1500.0,900.0
2326,Tungjen,0,450.0,0,0,600.0
2327,Tsingchow,0,450.0,0,0,600.0
2328,Wuhan,0,600.0,0,6000.0,6000.0
2329,Changsha,0,600.0,6000.0,0,6000.0
2330,Nanchang,0,600.0,6000.0,0,6000.0
2331,Kanchow,0,150.0,0,1500.0,900.0
2332,Foochow,0,450.0,0,0,600.0
2333,Hangchow,0,450.0,0,0,600.0
2334,Wenchow,0,450.0,0,0,600.0
2335,Linchwan,0,450.0,0,0,600.0
2336,Anqing,0,150.0,1500.0,0,900.0
2337,Kingchow,0,150.0,0,1500.0,900.0
2338,Supu,0,450.0,0,0,600.0
2339,Yuanchow,0,450.0,0,0,600.0
2340,Hanyang,1500.0,150.0,0,0,900.0
2341,Tingchow,0,450.0,0,0,600.0
2342,Yungchow,0,450.0,0,0,600.0
2343,Wukang,0,450.0,0,0,600.0
2344,Siangtan,0,150.0,0,1500.0,900.0
2345,Hengchow,0,450.0,0,0,600.0
2346,Kian,6000.0,600.0,0,0,6000.0
2347,Kienning,0,450.0,0,0,600.0
2348,Chuanchow,0,450.0,0,0,600.0
2349,Kyaukse,0,450.0,0,0,600.0
2350,Yeu,0,450.0,0,0,600.0
2351,Kohima,0,450.0,0,0,600.0
2352,Katha,0,150.0,0,1500.0,900.0
2353,Myitkyina,0,450.0,0,0,600.0
2354,Mogaung,0,450.0,0,0,600.0
2355,Paletwa,1500.0,150.0,0,0,900.0
2356,Sandoway,0,450.0,0,0,600.0
2357,Pegu,0,450.0,0,0,600.0
2358,Yamethin,0,600.0,6000.0,0,6000.0
2359,Pakokku,0,150.0,1500.0,0,900.0
2360,Mong Kung,0,150.0,0,1500.0,900.0
2361,Bangkok,0,600.0,0,6000.0,6000.0
2362,Kiang Mai,0,450.0,0,0,600.0
2363,Sa Kaeo,0,150.0,1500.0,0,900.0
2364,Kalasin,0,450.0,0,0,600.0
2365,Surin,0,450.0,0,0,600.0
2366,Sukhothai,0,450.0,0,0,600.0
2367,Phang Nga,0,450.0,0,0,600.0
2368,Singora,0,450.0,0,0,600.0
2369,Ranong,0,150.0,1500.0,0,900.0
2370,Kanburi,1500.0,150.0,0,0,900.0
2371,Pnom Penh,6000.0,600.0,0,0,6000.0
2372,Saigon,0,600.0,0,6000.0,6000.0
2373,Luang Prabang,0,450.0,0,0,600.0
2374,Hanoi,6000.0,600.0,0,0,6000.0
2375,Hue,0,600.0,0,6000.0,6000.0
2376,Kampot,0,150.0,0,1500.0,900.0
2377,Odong,0,450.0,0,0,600.0
2378,Battambang,0,450.0,0,0,600.0
2379,Bak Lieu,0,150.0,1500.0,0,900.0
2380,Binh Thuan,0,450.0,0,0,600.0
2381,Phu-yen,0,600.0,6000.0,0,6000.0
2382,Prey Veng,0,150.0,1500.0,0,900.0
2383,Pak-Lai,0,450.0,0,0,600.0
2384,Kao Bang,0,450.0,0,0,600.0
2385,Lao-Kai,1500.0,150.0,0,0,900.0
2386,Muang Xay,0,450.0,0,0,600.0
2387,Yen-bai,0,450.0,0,0,600.0
2388,Haiphong,0,150.0,1500.0,0,900.0
2389,Vinh,0,450.0,0,0,600.0
2390,Banlao,0,450.0,0,0,600.0
2391,Đong Hoi,0,150.0,1500.0,0,900.0
2392,Tourane,0,450.0,0,0,600.0
2393,Meluprey,0,450.0,0,0,600.0
2394,Nong Hoi,0,450.0,0,0,600.0
2395,Kratié,0,450.0,0,0,600.0
2396,Beijing,0,600.0,6000.0,0,6000.0
2397,Tianjin,1500.0,150.0,0,0,900.0
2398,Jinan,0,600.0,6000.0,0,6000.0
2399,Rizhao,0,450.0,0,0,600.0
2400,Tsingtao,6000.0,600.0,0,0,6000.0
2401,Weifang,1500.0,150.0,0,0,900.0
2402,Mangan,0,150.0,0,1500.0,900.0
2403,Kolan,0,450.0,0,0,600.0
2404,Fuping,0,450.0,0,0,600.0
2405,Qingyang,0,450.0,0,0,600.0
2406,Taiyuan,0,600.0,0,6000.0,6000.0
2407,Shijiazhuang,0,450.0,0,0,600.0
2408,Yangquan,0,450.0,0,0,600.0
2409,Boading,0,150.0,0,1500.0,900.0
2410,Zhengzhou,0,450.0,0,0,600.0
2411,Jining,0,450.0,0,0,600.0
2412,Yancheng,0,450.0,0,0,600.0
2413,Xuzhou,0,600.0,0,6000.0,6000.0
2414,Linyi,0,150.0,1500.0,0,900.0
2415,Bengbu,0,450.0,0,0,600.0
2416,Nanyang,0,450.0,0,0,600.0
2417,Zhumadian,1500.0,150.0,0,0,900.0
2418,Yungcheng,0,450.0,0,0,600.0
2419,Lüliang,1500.0,150.0,0,0,900.0
2420,Ulaanbaatar,0,600.0,6000.0,0,6000.0
2421,Altai,0,600.0,6000.0,0,6000.0
2422,Bor-Undur,0,600.0,0,6000.0,6000.0
2423,Choir,0,450.0,0,0,600.0
2424,Sainshand,0,450.0,0,0,600.0
2425,Matad,0,450.0,0,0,600.0
2426,Baruun-Urt,0,450.0,0,0,600.0
2427,Baganuur,0,450.0,0,0,600.0
2428,Choibalsan,0,450.0,0,0,600.0
2429,Uniket,0,450.0,0,0,600.0
2430,Sharga,1500.0,150.0,0,0,900.0
2431,Delger,1500.0,150.0,0,0,900.0
2432,Erdene,0,150.0,0,1500.0,900.0
2433,Khatansuudal,0,450.0,0,0,600.0
2434,Murun,0,450.0,0,0,600.0
2435,Turuun,0,450.0,0,0,600.0
2436,Ulaangom,0,450.0,0,0,600.0
2437,Ulgii,0,450.0,0,0,600.0
2438,Terper Tugrug,0,450.0,0,0,600.0
2439,Bayankhongor,1500.0,150.0,0,0,900.0
2440,Bulgan,0,450.0,0,0,600.0
2441,Gurvansaikhan,0,150.0,1500.0,0,900.0
2442,Bulan,0,450.0,0,0,600.0
2443,Bayan-Ovoo,1500.0,150.0,0,0,900.0
2444,Mandal-Ovoo,6000.0,600.0,0,0,6000.0
2445,Lun,0,450.0,0,0,600.0
2446,Bugat,0,450.0,0,0,600.0
2447,Durvuljin,0,600.0,0,6000.0,6000.0
2448,Kingpeng,0,450.0,0,0,600.0
2449,Urumchi,6000.0,600.0,0,0,6000.0
2450,Bulun Tokhoi,0,150.0,1500.0,0,900.0
2451,Ningyuan,0,450.0,0,0,600.0
2452,Aqsu,0,150.0,1500.0,0,900.0
2453,Kashgar,0,450.0,0,0,600.0
2454,Niya,0,450.0,0,0,600.0
2455,Kushui,0,450.0,0,0,600.0
2456,Chochiang,0,450.0,0,0,600.0
2457,Hotien,6000.0,600.0,0,0,6000.0
2458,Yutien,0,450.0,0,0,600.0
2459,Kucha,1500.0,150.0,0,0,900.0
2460,Qara Shahr,0,450.0,0,0,600.0
2461,Turfan,0,150.0,1500.0,0,900.0
2462,Hami,0,600.0,0,6000.0,6000.0
2463,Chensi,0,150.0,1500.0,0,900.0
2464,Charchan,0,450.0,0,0,600.0
2465,Suilai,0,450.0,0,0,600.0
2466,Wusu,0,600.0,0,6000.0,6000.0
2467,Tsingho,0,450.0,0,0,600.0
2468,Shawan,0,150.0,0,1500.0,900.0
2469,Yulghunbulak,0,450.0,0,0,600.0
2470,Kitai,0,450.0,0,0,600.0
2471,Guntamga,0,450.0,0,0,600.0
2472,Kargilik,0,450.0,0,0,600.0
2473,Bashi,0,450.0,0,0,600.0
2474,Vash Shahri,0,450.0,0,0,600.0
2475,Sinping,0,600.0,6000.0,0,6000.0
2476,Cagayan de Oro,0,600.0,0,6000.0,6000.0
2477,Tuguegarao,6000.0,600.0,0,0,6000.0
2478,Naujan,0,450.0,0,0,600.0
2479,Batangas City,0,450.0,0,0,600.0
2480,Boac,0,450.0,0,0,600.0
2481,Hǎikou,6000.0,600.0,0,0,6000.0
2482,Angeles,1500.0,150.0,0,0,900.0
2483,Luzhou,0,450.0,0,0,600.0
2484,Hangkin,1500.0,150.0,0,0,900.0
2485,Ashan,0,450.0,0,0,600.0
2486,Chihfeng,0,450.0,0,0,600.0
2487,Qinhuangdao,1500.0,150.0,0,0,900.0
2488,Yingkow,0,600.0,6000.0,0,6000.0
2489,Tokyo,0,600.0,0,6000.0,6000.0
2490,Osaka,6000.0,600.0,0,0,6000.0
2491,Nagasaki,0,600.0,0,6000.0,6000.0
2492,Sapporo,6000.0,600.0,0,0,6000.0
2493,Urakawa,0,450.0,0,0,600.0
2494,Kushiro,0,450.0,0,0,600.0
2495,Nayoro,0,450.0,0,0,600.0
2496,Iwamizawa,0,450.0,0,0,600.0
2497,Fukuyama,0,150.0,1500.0,0,900.0
2498,Sendai,0,450.0,0,0,600.0
2499,Kagoshima,0,150.0,1500.0,0,900.0
2500,Kumamoto,0,450.0,0,0,600.0
2501,Fukuoka,0,450.0,0,0,600.0
2502,Kochi,0,450.0,0,0,600.0
2503,Miyako,0,450.0,0,0,600.0
2504,Takamatsu,0,450.0,0,0,600.0
2505,Wakayama,0,150.0,1500.0,0,900.0
2506,Kyoto,0,450.0,0,0,600.0
2507,Kobe,0,450.0,0,0,600.0
2508,Hiroshima,0,600.0,6000.0,0,6000.0
2509,Hirosaki,0,150.0,0,1500.0,900.0
2510,Yokohama,0,150.0,1500.0,0,900.0
2511,Nagoya,0,450.0,0,0,600.0
2512,Kanazawa,0,450.0,0,0,600.0
2513,Ishioka,0,450.0,0,0,600.0
2514,Kiryu,0,450.0,0,0,600.0
2515,Nagano,1500.0,150.0,0,0,900.0
2516,Keijo,6000.0,600.0,0,0,6000.0
2517,Heijo,0,600.0,0,6000.0,6000.0
2518,Fusan,0,600.0,0,6000.0,6000.0
2519,Kojo,0,450.0,0,0,600.0
2520,Seishin,0,600.0,6000.0,0,6000.0
2521,Onjo,0,450.0,0,0,600.0
2522,Joshin,0,450.0,0,0,600.0
2523,Choshin,0,450.0,0,0,600.0
2524,Shingishu,0,450.0,0,0,600.0
2525,Shinnampo,1500.0,150.0,0,0,900.0
2526,Kaishu,0,150.0,1500.0,0,900.0
2527,Shunsen,0,150.0,0,1500.0,900.0
2528,Gangneung,0,450.0,0,0,600.0
2529,Taikyu,0,450.0,0,0,600.0
2530,Koshu,0,450.0,0,0,600.0
2531,Kunsan,1500.0,150.0,0,0,900.0
2532,Uruchin,0,450.0,0,0,600.0
2533,Seikwan,0,450.0,0,0,600.0
2534,Gensan,0,600.0,6000.0,0,6000.0
2535,Anshu,1500.0,150.0,0,0,900.0
2536,Jipyeong-ri,0,450.0,0,0,600.0
2537,Huanren,1500.0,150.0,0,0,900.0
2538,Mukden,0,150.0,0,1500.0,900.0
2539,Solun,0,150.0,0,1500.0,900.0
2540,Suanhwa,0,450.0,0,0,600.0
2541,Qamdo,0,450.0,0,0,600.0
2542,Liangshan,0,450.0,0,0,600.0
2543,Chongqing,0,600.0,0,6000.0,6000.0
2544,Chengdu,6000.0,600.0,0,0,6000.0
2545,Ya'an,0,150.0,0,1500.0,900.0
2546,Aba,0,450.0,0,0,600.0
2547,Garze,0,600.0,6000.0,0,6000.0
2548,Nanchong,1500.0,150.0,0,0,900.0
2549,Xi'an,0,600.0,0,6000.0,6000.0
2550,Tianshui,0,450.0,0,0,600.0
2551,Lanzhou,6000.0,600.0,0,0,6000.0
2552,Weinan,0,150.0,1500.0,0,900.0
2553,Ziyang,0,450.0,0,0,600.0
2554,Gannan,0,150.0,1500.0,0,900.0
2555,Daocheng,0,450.0,0,0,600.0
2556,Zunyi,0,450.0,0,0,600.0
2557,Zhaotong,0,450.0,0,0,600.0
2558,Longnan,0,150.0,1500.0,0,900.0
2559,Lintao,0,150.0,1500.0,0,900.0
2560,Baiyin,0,450.0,0,0,600.0
2561,Dagupan,0,450.0,0,0,600.0
2562,Hezhou,0,450.0,0,0,600.0
2563,Hongyuan,0,450.0,0,0,600.0
2564,Zogang,0,450.0,0,0,600.0
2565,Laoag,0,450.0,0,0,600.0
2566,Derge,0,450.0,0,0,600.0
2567,Yaxian,0,150.0,1500.0,0,900.0
2568,Toyohara,0,450.0,0,0,600.0
2569,Alexandrovsk,0,600.0,0,6000.0,6000.0
2570,Okha,0,450.0,0,0,600.0
2571,Keton,0,150.0,1500.0,0,900.0
2572,Palevo,0,450.0,0,0,600.0
2573,Taipei,0,600.0,0,6000.0,6000.0
2574,Taoyuan,0,450.0,0,0,600.0
2575,Taichū,0,450.0,0,0,600.0
2576,Takow,0,450.0,0,0,600.0
2577,Cauayan,0,450.0,0,0,600.0
2578,Naga,0,600.0,6000.0,0,6000.0
2579,Misamis,0,450.0,0,0,600.0
2580,Zamboanga,0,450.0,0,0,600.0
2581,Malaybalay,1500.0,150.0,0,0,900.0
2582,Bislig,1500.0,150.0,0,0,900.0
2583,Glan,0,450.0,0,0,600.0
2584,Butuan,0,150.0,1500.0,0,900.0
2585,Iloilo City,0,450.0,0,0,600.0
2586,Calbayog,0,450.0,0,0,600.0
2587,Ormoc,0,450.0,0,0,600.0
2588,Bacolod,1500.0,150.0,0,0,900.0
2589,Cebu,0,150.0,0,1500.0,900.0
2590,Catanauan,0,450.0,0,0,600.0
2591,Jiuquan,6000.0,600.0,0,0,6000.0
2592,Zhangye,0,450.0,0,0,600.0
2593,Jinchang,6000.0,600.0,0,0,6000.0
2594,Wuwei,0,150.0,0,1500.0,900.0
2595,Delhi (CN),0,450.0,0,0,600.0
2596,Kandagan,0,450.0,0,0,600.0
2597,Bandjermasin,6000.0,600.0,0,0,6000.0
2598,Pontianak,0,600.0,0,6000.0,6000.0
2599,Sambas,0,450.0,0,0,600.0
2600,Kendawangan,0,150.0,0,1500.0,900.0
2601,Muara Teweh,0,450.0,0,0,600.0
2602,Singtang,0,450.0,0,0,600.0
2603,Sanggau,0,450.0,0,0,600.0
2604,Sampit,0,450.0,0,0,600.0
2605,Palangkaraya,0,150.0,0,1500.0,900.0
2606,Kalolokan,0,450.0,0,0,600.0
2607,Tarakan,0,450.0,0,0,600.0
2608,Samarinda,0,600.0,6000.0,0,6000.0
2609,Yushu,0,450.0,0,0,600.0
2610,Zadoi,0,150.0,1500.0,0,900.0
2611,Long Poera,1500.0,150.0,0,0,900.0
2612,Makassar,6000.0,600.0,0,0,6000.0
2613,Lelewaoe,0,450.0,0,0,600.0
2614,Poleang,0,150.0,0,1500.0,900.0
2615,Singaradja,0,450.0,0,0,600.0
2616,Palu,0,450.0,0,0,600.0
2617,Maros,0,150.0,1500.0,0,900.0
2618,Wono,0,600.0,6000.0,0,6000.0
2619,Deking,0,450.0,0,0,600.0
2620,Singkang,0,450.0,0,0,600.0
2621,Masamba,0,150.0,0,1500.0,900.0
2622,Ampana,0,450.0,0,0,600.0
2623,Menado,0,450.0,0,0,600.0
2624,Tanggulazhen,0,450.0,0,0,600.0
2625,Wutumeirenxiang,0,450.0,0,0,600.0
2626,Lenghuzhen,0,450.0,0,0,600.0
2627,Xihuxiang,0,150.0,0,1500.0,900.0
2628,Yumen,0,450.0,0,0,600.0
2629,Yanglongxiang,0,150.0,0,1500.0,900.0
2630,Golog,0,450.0,0,0,600.0
2631,Huangnan,0,450.0,0,0,600.0
2632,Chakazhen,0,600.0,6000.0,0,6000.0
2633,Youyunxiang,0,450.0,0,0,600.0
2634,Madoi,1500.0,150.0,0,0,900.0
2635,Golmud,0,600.0,0,6000.0,6000.0
2636,Qumahexiang,0,450.0,0,0,600.0
2637,Hainan,0,600.0,6000.0,0,6000.0
2638,Niandixiang,0,150.0,0,1500.0,900.0
2639,Kuching,1500.0,150.0,0,0,900.0
2640,Sibu,0,450.0,0,0,600.0
2641,Bintulu,0,150.0,1500.0,0,900.0
2642,Brunei,0,600.0,0,6000.0,6000.0
2643,Kudat,0,150.0,1500.0,0,900.0
2644,Singapore,0,450.0,0,0,600.0
2645,Sungai Petani,0,450.0,0,0,600.0
2646,Kuala Lumpur,6000.0,600.0,0,0,6000.0
2647,Khota Bharn,0,450.0,0,0,600.0
2648,Taliwang,0,450.0,0,0,600.0
2649,Ampenan,0,600.0,6000.0,0,6000.0
2650,Ende,0,450.0,0,0,600.0
2651,Palenbang,6000.0,600.0,0,0,6000.0
2652,Waingapu,0,450.0,0,0,600.0
2653,Kupang,0,450.0,0,0,600.0
2654,Dili,0,450.0,0,0,600.0
2655,Batavia,0,600.0,6000.0,0,6000.0
2656,Soerabaja,6000.0,600.0,0,0,6000.0
2657,Medan,0,600.0,0,6000.0,6000.0
2658,Banda Aceh,0,150.0,1500.0,0,900.0
2659,Bandung,0,600.0,0,6000.0,6000.0
2660,Cheribon,1500.0,150.0,0,0,900.0
2661,Solo,0,450.0,0,0,600.0
2662,Banyuwangi,0,450.0,0,0,600.0
2663,Semarang,0,450.0,0,0,600.0
2664,Pandeglang,0,450.0,0,0,600.0
2665,Malang,0,150.0,1500.0,0,900.0
2666,Pekanbaru,0,450.0,0,0,600.0
2667,Djambi,0,150.0,0,1500.0,900.0
2668,Telukbetung,0,150.0,1500.0,0,900.0
2669,Padang,0,450.0,0,0,600.0
2670,Bengkulu,0,450.0,0,0,600.0
2671,Rengat,0,450.0,0,0,600.0
2672,Tapaktuan,0,450.0,0,0,600.0
2673,Tanjungbalai,0,450.0,0,0,600.0
2674,Langsa,0,150.0,1500.0,0,900.0
2675,Darwin,0,450.0,0,0,600.0
2676,Adelaide,0,600.0,0,6000.0,6000.0
2677,Alice Springs,0,450.0,0,0,600.0
2678,Marla,0,450.0,0,0,600.0
2679,Maralinga,0,150.0,0,1500.0,900.0
2680,The Sill,1500.0,150.0,0,0,900.0
2681,Kintore,0,150.0,1500.0,0,900.0
2682,Urluru,0,450.0,0,0,600.0
2683,Katherine,0,150.0,1500.0,0,900.0
2684,Lajamanu,1500.0,150.0,0,0,900.0
2685,Three Ways,0,450.0,0,0,600.0
2686,Borroloola,0,450.0,0,0,600.0
2687,Port Augusta,0,450.0,0,0,600.0
2688,Renmark,0,450.0,0,0,600.0
2689,Perth,0,600.0,6000.0,0,6000.0
2690,Roebourne,0,600.0,0,6000.0,6000.0
2691,Kalgoorlie,6000.0,600.0,0,0,6000.0
2692,Geraldton,6000.0,600.0,0,0,6000.0
2693,Esperance,0,150.0,0,1500.0,900.0
2694,Loongana,0,450.0,0,0,600.0
2695,Southern Cross,0,450.0,0,0,600.0
2696,Northam,0,450.0,0,0,600.0
2697,Albany,0,450.0,0,0,600.0
2698,Dongara,0,150.0,0,1500.0,900.0
2699,Wyndham,0,450.0,0,0,600.0
2700,Derby,0,600.0,6000.0,0,6000.0
2701,Halls Creek,0,450.0,0,0,600.0
2702,Port Hedland,0,450.0,0,0,600.0
2703,Newman,0,150.0,1500.0,0,900.0
2704,Carnavon,1500.0,150.0,0,0,900.0
2705,Wiluna,0,450.0,0,0,600.0
2706,Warburton,0,450.0,0,0,600.0
2707,Tanami,0,450.0,0,0,600.0
2708,Yalgoo,0,450.0,0,0,600.0
2709,Abbots,0,450.0,0,0,600.0
2710,Telfer,0,450.0,0,0,600.0
2711,Rawanna,0,450.0,0,0,600.0
2712,Higginsville,0,150.0,0,1500.0,900.0
2713,Onslow,0,450.0,0,0,600.0
2714,Kumarina,0,150.0,0,1500.0,900.0
2715,Merauke,6000.0,600.0,0,0,6000.0
2716,Melbourne,0,600.0,0,6000.0,6000.0
2717,Sydney,6000.0,600.0,0,0,6000.0
2718,Newcastle,6000.0,600.0,0,0,6000.0
2719,Mildura,0,600.0,6000.0,0,6000.0
2720,Ballarat,1500.0,150.0,0,0,900.0
2721,Bendigo,0,150.0,1500.0,0,900.0
2722,Canberra,0,600.0,0,6000.0,6000.0
2723,Bairnsdale,0,450.0,0,0,600.0
2724,Wagga Wagga,0,450.0,0,0,600.0
2725,Yaapeet,0,450.0,0,0,600.0
2726,Silverton,0,450.0,0,0,600.0
2727,Tibooburra,0,450.0,0,0,600.0
2728,Hay,0,450.0,0,0,600.0
2729,Gosford,0,450.0,0,0,600.0
2730,Lismore,0,450.0,0,0,600.0
2731,Dubbo,0,150.0,1500.0,0,900.0
2732,Byrock,0,450.0,0,0,600.0
2733,Ivanhoe,0,150.0,1500.0,0,900.0
2734,Bathurst,0,150.0,1500.0,0,900.0
2735,Nymagee,0,450.0,0,0,600.0
2736,Walgett,0,150.0,0,1500.0,900.0
2737,Wanaaring,0,450.0,0,0,600.0
2738,Brisbane,0,600.0,6000.0,0,6000.0
2739,Warwick,0,450.0,0,0,600.0
2740,Townsville,0,600.0,6000.0,0,6000.0
2741,Cloncurry,6000.0,600.0,0,0,6000.0
2742,Rockhampton,6000.0,600.0,0,0,6000.0
2743,Longreach,0,600.0,0,6000.0,6000.0
2744,Cairns,0,450.0,0,0,600.0
2745,Floraville,0,450.0,0,0,600.0
2746,Dutches,0,450.0,0,0,600.0
2747,Richmond (QLD),0,450.0,0,0,600.0
2748,MCDonnell,0,450.0,0,0,600.0
2749,Emerald,0,150.0,1500.0,0,900.0
2750,Mackay,0,450.0,0,0,600.0
2751,Charters Towers,0,450.0,0,0,600.0
2752,Palmerville,0,450.0,0,0,600.0
2753,Birdsville,0,150.0,0,1500.0,900.0
2754,Boulia,1500.0,150.0,0,0,900.0
2755,Windorah,0,450.0,0,0,600.0
2756,Eromanga,0,150.0,0,1500.0,900.0
2757,Eulo,0,450.0,0,0,600.0
2758,Maryborough,0,150.0,0,1500.0,900.0
2759,Rannes,0,150.0,0,1500.0,900.0
2760,Sandgate,0,450.0,0,0,600.0
2761,Dirranbandi,0,450.0,0,0,600.0
2762,Roma,0,450.0,0,0,600.0
2763,Charleville,0,450.0,0,0,600.0
2764,Port Moresby,6000.0,600.0,0,0,6000.0
2765,Alotau,0,450.0,0,0,600.0
2766,Daru,0,450.0,0,0,600.0
2767,Aitape,0,450.0,0,0,600.0
2768,Sarmi,0,450.0,0,0,600.0
2769,Sorong,0,150.0,1500.0,0,900.0
2770,Kaimana,0,450.0,0,0,600.0
2771,Madang,0,150.0,1500.0,0,900.0
2772,Lae,0,150.0,0,1500.0,900.0
2773,Morobe,0,150.0,1500.0,0,900.0
2774,Timika,0,600.0,0,6000.0,6000.0
2775,Agats,0,450.0,0,0,600.0
2776,Mendi,0,450.0,0,0,600.0
2777,Wewak,0,450.0,0,0,600.0
2778,Tiom,1500.0,150.0,0,0,900.0
2779,Aiambak,0,450.0,0,0,600.0
2780,Tabubil,0,600.0,0,6000.0,6000.0
2781,Wabag,0,150.0,1500.0,0,900.0
2782,Manokwari,0,450.0,0,0,600.0
2783,Kimbe,0,450.0,0,0,600.0
2784,Kavieng,0,450.0,0,0,600.0
2785,Jayapura,0,600.0,6000.0,0,6000.0
2786,Kumbe,0,450.0,0,0,600.0
2787,Botawa,0,450.0,0,0,600.0
2788,Tembagapura,0,450.0,0,0,600.0
2789,Hobart,0,450.0,0,0,600.0
2790,Devonport,0,600.0,6000.0,0,6000.0
2791,Strahan,0,450.0,0,0,600.0
2792,Auckland,6000.0,600.0,0,0,6000.0
2793,Wellington,0,600.0,0,6000.0,6000.0
2794,Otira,0,450.0,0,0,600.0
2795,Dunedin,0,600.0,6000.0,0,6000.0
2796,Invercargill,0,150.0,0,1500.0,900.0
2797,Cromwell,0,450.0,0,0,600.0
2798,Nelson,0,450.0,0,0,600.0
2799,Greymouth,0,600.0,6000.0,0,6000.0
2800,Timaru,0,450.0,0,0,600.0
2801,Oamaru,0,150.0,0,1500.0,900.0
2802,Westport,0,450.0,0,0,600.0
2803,Ohakune,1500.0,150.0,0,0,900.0
2804,Gisborne,0,450.0,0,0,600.0
2805,Mokai,0,450.0,0,0,600.0
2806,Ohura,0,450.0,0,0,600.0
2807,Napier,0,150.0,0,1500.0,900.0
2808,Masterton,0,450.0,0,0,600.0
2809,Hamilton,0,150.0,1500.0,0,900.0
2810,Blenheim,0,450.0,0,0,600.0
2811,Kaikoura,0,450.0,0,0,600.0
2812,Te Anau,0,450.0,0,0,600.0
2813,Hokitika,0,450.0,0,0,600.0
2814,Wanaka,0,450.0,0,0,600.0
2815,Christchurch,6000.0,600.0,0,0,6000.0
2816,Leningrad,0,600.0,0,6000.0,6000.0
2817,Vologda,0,600.0,6000.0,0,6000.0
2818,Arkhangelsk,0,600.0,6000.0,0,6000.0
2819,Naryan-Mar,6000.0,600.0,0,0,6000.0
2820,Pskov,1500.0,150.0,0,0,900.0
2821,Veliky Novgorod,0,450.0,0,0,600.0
2822,Gdov,0,450.0,0,0,600.0
2823,Nevel,0,450.0,0,0,600.0
2824,Amderma,1500.0,150.0,0,0,900.0
2825,Shoyna,0,450.0,0,0,600.0
2826,Knyazhpogost,0,450.0,0,0,600.0
2827,Dutovo,0,150.0,1500.0,0,900.0
2828,Pechora,0,450.0,0,0,600.0
2829,Ukhta,0,150.0,1500.0,0,900.0
2830,Izhma,0,600.0,0,6000.0,6000.0
2831,Ust-Tsilma,0,450.0,0,0,600.0
2832,Inta,1500.0,150.0,0,0,900.0
2833,Syktyvkar,0,150.0,0,1500.0,900.0
2834,Troitsko-Pechorsk,1500.0,150.0,0,0,900.0
2835,Kuratovo,0,450.0,0,0,600.0
2836,Vazhgort,0,450.0,0,0,600.0
2837,Khorey-Ver,0,450.0,0,0,600.0
2838,Kargopol,0,150.0,1500.0,0,900.0
2839,Kotlas,0,450.0,0,0,600.0
2840,Mezen,1500.0,150.0,0,0,900.0
2841,Onega,0,450.0,0,0,600.0
2842,Shenkursk,0,450.0,0,0,600.0
2843,Bereznik,0,600.0,0,6000.0,6000.0
2844,Karpogory,1500.0,150.0,0,0,900.0
2845,Leshukonskoye,0,450.0,0,0,600.0
2846,Pinega,0,450.0,0,0,600.0
2847,Kotkino,0,150.0,0,1500.0,900.0
2848,Cherepovets,0,450.0,0,0,600.0
2849,Volkhov,0,450.0,0,0,600.0
2850,Khvoynaya,0,450.0,0,0,600.0
2851,Sokol,0,450.0,0,0,600.0
2852,Gryazovets,0,450.0,0,0,600.0
2853,Nikolsk,0,450.0,0,0,600.0
2854,Kizema,0,450.0,0,0,600.0
2855,Salekhard,0,450.0,0,0,600.0
2856,Tarko-Sale,0,450.0,0,0,600.0
2857,Nadym,0,450.0,0,0,600.0
2858,Urengoy,6000.0,600.0,0,0,6000.0
2859,Khanty-Mansiysk,6000.0,600.0,0,0,6000.0
2860,Surgut,0,600.0,0,6000.0,6000.0
2861,Beloyarsky,0,600.0,6000.0,0,6000.0
2862,Nizhnevartovsk,0,150.0,1500.0,0,900.0
2863,Leushi,0,450.0,0,0,600.0
2864,Beryozovo,0,450.0,0,0,600.0
2865,Igrim,0,450.0,0,0,600.0
2866,Kasymsk,0,150.0,0,1500.0,900.0
2867,Pokatshena,0,450.0,0,0,600.0
2868,Yugansk,0,450.0,0,0,600.0
2869,Taran,0,600.0,6000.0,0,6000.0
2870,Ovgort,0,450.0,0,0,600.0
2871,Korliki,1500.0,150.0,0,0,900.0
2872,Kikkiakki,0,450.0,0,0,600.0
2873,Khalmer-Sede,0,150.0,0,1500.0,900.0
2874,Muşkino,0,450.0,0,0,600.0
2875,Andra,0,450.0,0,0,600.0
2876,Verkhnekazymskiy,0,450.0,0,0,600.0
2877,Tolka,0,450.0,0,0,600.0
2878,Ratta,0,450.0,0,0,600.0
2879,Krasnoselkup,0,150.0,0,1500.0,900.0
2880,Nowoagansk,0,150.0,0,1500.0,900.0
2881,Krasnoyarsk,6000.0,600.0,0,0,6000.0
2882,Dudinka,0,450.0,0,0,600.0
2883,Igarka,0,450.0,0,0,600.0
2884,Irkutsk,6000.0,600.0,0,0,6000.0
2885,Norilsk,1500.0,150.0,0,0,900.0
2886,Nazarovo,0,450.0,0,0,600.0
2887,Ilansky,0,450.0,0,0,600.0
2888,Syndassko,0,600.0,0,6000.0,6000.0
2889,Baykit,1500.0,150.0,0,0,900.0
2890,Bor,0,450.0,0,0,600.0
2891,Khatanga,0,450.0,0,0,600.0
2892,Ekonda,0,450.0,0,0,600.0
2893,Poligus,0,450.0,0,0,600.0
2894,Tura,0,450.0,0,0,600.0
2895,Vanavara,0,150.0,0,1500.0,900.0
2896,Volochanka,0,450.0,0,0,600.0
2897,Uchami,0,450.0,0,0,600.0
2898,Yessey,0,450.0,0,0,600.0
2899,Tomsk,0,600.0,6000.0,0,6000.0
2900,Kolpashevo,0,450.0,0,0,600.0
2901,Alexandrovskoye,1500.0,150.0,0,0,900.0
2902,Maklakovo,0,450.0,0,0,600.0
2903,Abakan,0,150.0,1500.0,0,900.0
2904,Novosibirsk,0,600.0,0,6000.0,6000.0
2905,Barnaul,0,450.0,0,0,600.0
2906,Kyzyl,0,600.0,6000.0,0,6000.0
2907,Onguday,0,450.0,0,0,600.0
2908,Omsk,0,450.0,0,0,600.0
2909,Tatarsk,0,600.0,6000.0,0,6000.0
2910,Kyshtovka,0,450.0,0,0,600.0
2911,Karasuk,0,450.0,0,0,600.0
2912,Sheregesh,0,450.0,0,0,600.0
2913,Bolotnoye,1500.0,150.0,0,0,900.0
2914,Kirensk,0,450.0,0,0,600.0
2915,Nizhneudinsk,0,450.0,0,0,600.0
2916,Bratsk,0,150.0,1500.0,0,900.0
2917,Kyren,0,450.0,0,0,600.0
2918,Ulan-Ude,0,450.0,0,0,600.0
2919,Bodaybo,0,450.0,0,0,600.0
2920,Kyakhta,0,150.0,0,1500.0,900.0
2921,Yerbogachen,0,150.0,0,1500.0,900.0
2922,Tokma,0,450.0,0,0,600.0
2923,Zhigalovo,0,450.0,0,0,600.0
2924,Chara,0,450.0,0,0,600.0
2925,Mogocha,0,450.0,0,0,600.0
2926,Otpor,0,450.0,0,0,600.0
2927,Chita,0,450.0,0,0,600.0
2928,Bagdarin,0,150.0,1500.0,0,900.0
2929,Chadan,0,450.0,0,0,600.0
2930,Shagonar,0,450.0,0,0,600.0
2931,Saryg-Sep,0,450.0,0,0,600.0
2932,Toora-Chem,0,450.0,0,0,600.0
2933,Siktyah,6000.0,600.0,0,0,6000.0
2934,Nyurba,0,600.0,0,6000.0,6000.0
2935,Aykhal,0,450.0,0,0,600.0
2936,Olenyok,0,450.0,0,0,600.0
2937,Zhigansk,0,150.0,1500.0,0,900.0
2938,Nyuya,0,450.0,0,0,600.0
2939,Olyokminsk,0,450.0,0,0,600.0
2940,Vilyuysk,0,450.0,0,0,600.0
2941,Tiksi,0,600.0,0,6000.0,6000.0
2942,Peleduy,0,450.0,0,0,600.0
2943,Sangar,0,450.0,0,0,600.0
2944,Nayba,0,450.0,0,0,600.0
2945,Kryusyur,0,450.0,0,0,600.0
2946,Ust-Olenek,0,450.0,0,0,600.0
2947,Yuryung-Khaya,0,450.0,0,0,600.0
2948,Saskylakh,0,450.0,0,0,600.0
2949,Bolotistoy-Derevne,0,150.0,1500.0,0,900.0
2950,Zyryanka,0,450.0,0,0,600.0
2951,Yugoryonok,0,150.0,1500.0,0,900.0
2952,Yakutsk,0,600.0,6000.0,0,6000.0
2953,Zhataystroy,0,150.0,0,1500.0,900.0
2954,Ust-Maya,0,450.0,0,0,600.0
2955,Nizhny Kuranakh,1500.0,150.0,0,0,900.0
2956,Nizhneyansk,0,600.0,0,6000.0,6000.0
2957,Nagorny,1500.0,150.0,0,0,900.0
2958,Nizhne-Stalinsk,0,450.0,0,0,600.0
2959,Khandyga,0,450.0,0,0,600.0
2960,Ese-Khayya,0,450.0,0,0,600.0
2961,Chokurdakh,0,450.0,0,0,600.0
2962,Nizhniye Kresty,0,450.0,0,0,600.0
2963,Batagay,0,450.0,0,0,600.0
2964,Pokrovsk,0,450.0,0,0,600.0
2965,Aldan,0,600.0,0,6000.0,6000.0
2966,Srednekolymsk,0,450.0,0,0,600.0
2967,Verkhoyansk,0,450.0,0,0,600.0
2968,Eldikan,6000.0,600.0,0,0,6000.0
2969,Tyanya,0,450.0,0,0,600.0
2970,Ust-Nera,1500.0,150.0,0,0,900.0
2971,Allakh-Yun,0,450.0,0,0,600.0
2972,Yunkyur,0,450.0,0,0,600.0
2973,Khonuu,0,600.0,6000.0,0,6000.0
2974,Tynda,0,450.0,0,0,600.0
2975,Bomnak,1500.0,150.0,0,0,900.0
2976,Chagda,0,450.0,0,0,600.0
2977,Tugur,0,600.0,0,6000.0,6000.0
2978,Chumikan,0,450.0,0,0,600.0
2979,Ayan,0,450.0,0,0,600.0
2980,Oktyabrskiy,0,450.0,0,0,600.0
2981,Blagoveshchensk,1500.0,150.0,0,0,900.0
2982,Khabarovsk,0,600.0,6000.0,0,6000.0
2983,Bikinskaya,0,150.0,1500.0,0,900.0
2984,Komsomolsk,0,600.0,6000.0,0,6000.0
2985,Nikolayevsk-on-Amur,0,150.0,1500.0,0,900.0
2986,Sovetskaya Gavan,0,450.0,0,0,600.0
2987,Vyazemsky,0,450.0,0,0,600.0
2988,De-Kastri,6000.0,600.0,0,0,6000.0
2989,Vanino,0,450.0,0,0,600.0
2990,Chegdomyn,0,450.0,0,0,600.0
2991,Imeni Poliny Osipenko,0,450.0,0,0,600.0
2992,Vyatskoye,0,450.0,0,0,600.0
2993,Ekimchan,0,450.0,0,0,600.0
2994,Aim,0,150.0,1500.0,0,900.0
2995,Nelkan,0,450.0,0,0,600.0
2996,Ogoron,0,450.0,0,0,600.0
2997,Nakhodka,0,150.0,0,1500.0,900.0
2998,Vladivostok,6000.0,600.0,0,0,6000.0
2999,Semyonovka,0,450.0,0,0,600.0
3000,Tetyukhe,0,450.0,0,0,600.0
3001,Iman,0,450.0,0,0,600.0
3002,Voroshilov,0,450.0,0,0,600.0
3003,Vostok,0,450.0,0,0,600.0
3004,Ternistryy,0,150.0,1500.0,0,900.0
3005,Zlatoustovsk,0,450.0,0,0,600.0
3006,Okhotsk,0,450.0,0,0,600.0
3007,Pevek,0,450.0,0,0,600.0
3008,Petropavlovsk-Kamchatsky,0,450.0,0,0,600.0
3009,Slautnoye,0,450.0,0,0,600.0
3010,Markovo,0,150.0,0,1500.0,900.0
3011,Uelen,1500.0,150.0,0,0,900.0
3012,Keperveyem,0,450.0,0,0,600.0
3013,Palana,0,150.0,1500.0,0,900.0
3014,Ilirney,0,150.0,1500.0,0,900.0
3015,Gizhiga,1500.0,150.0,0,0,900.0
3016,Magadan,0,600.0,0,6000.0,6000.0
3017,Talon,0,450.0,0,0,600.0
3018,Atka,0,450.0,0,0,600.0
3019,Sasyr,0,450.0,0,0,600.0
3020,Oymyakon,0,450.0,0,0,600.0
3021,Kholodny,0,450.0,0,0,600.0
3022,Khaty,0,150.0,1500.0,0,900.0
3023,Mukhtuya,1500.0,150.0,0,0,900.0
3024,Sayylyk,0,450.0,0,0,600.0
3025,Sheya,0,450.0,0,0,600.0
3026,Usun,0,450.0,0,0,600.0
3027,Lybalakh,0,450.0,0,0,600.0
3028,Baytakh,0,450.0,0,0,600.0
3029,Bykovsky,0,150.0,0,1500.0,900.0
3030,Taymylyr,6000.0,600.0,0,0,6000.0
3031,Kyusyur,0,150.0,1500.0,0,900.0
3032,Eryukkyune,0,450.0,0,0,600.0
3033,Ulakhan-Kyuel,0,450.0,0,0,600.0
3034,Eyik,0,600.0,6000.0,0,6000.0
3035,Beizi Temple,0,450.0,0,0,600.0
3036,Zhèngxiāngbái,0,450.0,0,0,600.0
3037,Old Barag,0,450.0,0,0,600.0
3038,Hulunbuir,6000.0,600.0,0,0,6000.0
3039,Harbin,0,600.0,0,6000.0,6000.0
3040,Kiamusze,6000.0,600.0,0,0,6000.0
3041,Hsinking,0,600.0,0,6000.0,6000.0
3042,Yimin Sumu,0,450.0,0,0,600.0
3043,Mohe,0,450.0,0,0,600.0
3044,Tahe,0,450.0,0,0,600.0
3045,Sunwu,0,450.0,0,0,600.0
3046,Nenjiang,0,450.0,0,0,600.0
3047,Xuguit Qi,0,450.0,0,0,600.0
3048,Yichun,0,450.0,0,0,600.0
3049,Shuangyashan,0,450.0,0,0,600.0
3050,Qitaihe,0,450.0,0,0,600.0
3051,Yilan,0,450.0,0,0,600.0
3052,Tonghe,0,150.0,1500.0,0,900.0
3053,Dehui,1500.0,150.0,0,0,900.0
3054,Liaoyang,0,450.0,0,0,600.0
3055,Tonghua,0,450.0,0,0,600.0
3056,Botankou,0,150.0,1500.0,0,900.0
3057,Yanbian,0,450.0,0,0,600.0
3058,Tongliao,0,450.0,0,0,600.0
3059,Huolin Gol,0,150.0,1500.0,0,900.0
3060,Arxan,0,150.0,1500.0,0,900.0
3061,Chaihezhen,0,150.0,0,1500.0,900.0
3062,Guyuanzhen,0,450.0,0,0,600.0
3063,Beijiangxiang,0,450.0,0,0,600.0
3064,Sartu,0,450.0,0,0,600.0
3065,Qigihar,0,600.0,6000.0,0,6000.0
3066,Sverdlovsk,6000.0,600.0,0,0,6000.0
3067,Tyumen,0,450.0,0,0,600.0
3068,Krasnoturyinsk,0,450.0,0,0,600.0
3069,Verkhnyaya Salda,0,450.0,0,0,600.0
3070,Pervouralsk,0,450.0,0,0,600.0
3071,Tobolsk,0,450.0,0,0,600.0
3072,Berezovka,0,450.0,0,0,600.0
3073,Aromashevo,1500.0,150.0,0,0,900.0
3074,Ishim,0,150.0,1500.0,0,900.0
3075,Kurgan,0,450.0,0,0,600.0
3076,Chelyabinsk,0,450.0,0,0,600.0
3077,Magnitogorsk,0,150.0,0,1500.0,900.0
3078,Kartaly,0,150.0,1500.0,0,900.0
3079,Zykova,0,450.0,0,0,600.0
3080,Astana,0,600.0,0,6000.0,6000.0
3081,Guryev,6000.0,600.0,0,0,6000.0
3082,Taras,0,450.0,0,0,600.0
3083,Turkistan,0,600.0,6000.0,0,6000.0
3084,Shymkent,0,450.0,0,0,600.0
3085,Uralsk,0,450.0,0,0,600.0
3086,Ufa,0,600.0,0,6000.0,6000.0
3087,Orenburg,6000.0,600.0,0,0,6000.0
3088,Semipalatinsk,0,450.0,0,0,600.0
3089,Petropavl,0,450.0,0,0,600.0
3090,Pavlodar,0,450.0,0,0,600.0
3091,Kokshetau,1500.0,150.0,0,0,900.0
3092,Almaty,6000.0,600.0,0,0,6000.0
3093,Kzyl-Orda,0,450.0,0,0,600.0
3094,Oskemen,0,450.0,0,0,600.0
3095,Aktobe,0,450.0,0,0,600.0
3096,Kostanay,0,150.0,0,1500.0,900.0
3097,Karaganda,0,450.0,0,0,600.0
3098,Balkhash,0,150.0,1500.0,0,900.0
3099,Arshaly,0,450.0,0,0,600.0
3100,Dzhezkazgan,0,450.0,0,0,600.0
3101,Atasu,0,150.0,0,1500.0,900.0
3102,Tole Bi,0,450.0,0,0,600.0
3103,Birlik,0,150.0,0,1500.0,900.0
3104,Talgar,0,450.0,0,0,600.0
3105,Taldy-Kurgan,0,450.0,0,0,600.0
3106,Fort Shevchenko,0,600.0,6000.0,0,6000.0
3107,Usturt,0,150.0,0,1500.0,900.0
3108,Nizhniy Embensk,0,450.0,0,0,600.0
3109,Aralsk,0,450.0,0,0,600.0
3110,Ashkhabad,0,600.0,6000.0,0,6000.0
3111,Anau,1500.0,150.0,0,0,900.0
3112,Nebit Dag,0,450.0,0,0,600.0
3113,Mary,0,450.0,0,0,600.0
3114,Tashauz,0,450.0,0,0,600.0
3115,Chardzhou,0,450.0,0,0,600.0
3116,Derweze,0,600.0,0,6000.0,6000.0
3117,Kyzyl-Arvat,0,450.0,0,0,600.0
3118,Bäherden,0,150.0,0,1500.0,900.0
3119,Yerbent,0,450.0,0,0,600.0
3120,Samarqand,0,600.0,0,6000.0,6000.0
3121,Qarshi,0,450.0,0,0,600.0
3122,Termiz,0,450.0,0,0,600.0
3123,Bukhara,1500.0,150.0,0,0,900.0
3124,Fergana,1500.0,150.0,0,0,900.0
3125,Marat,0,450.0,0,0,600.0
3126,Chelkar,0,450.0,0,0,600.0
3127,Nukus,0,450.0,0,0,600.0
3128,Krasnowodsk,6000.0,600.0,0,0,6000.0
3129,Oboy,1500.0,150.0,0,0,900.0
3130,Gyzylgaya,0,450.0,0,0,600.0
3131,Stalinabad,0,600.0,6000.0,0,6000.0
3132,Murghab,0,450.0,0,0,600.0
3133,Panjakent,0,450.0,0,0,600.0
3134,Jizzakh,0,450.0,0,0,600.0
3135,Oktyabrsky (TK),0,450.0,0,0,600.0
3136,Frunze,0,150.0,1500.0,0,900.0
3137,Przhevalsk,0,450.0,0,0,600.0
3138,At-Bashy,0,450.0,0,0,600.0
3139,Orsk,0,450.0,0,0,600.0
3140,Sterlitamak,0,450.0,0,0,600.0
3141,Perm,6000.0,600.0,0,0,6000.0
3142,Talovo,0,450.0,0,0,600.0
3143,Gayny,0,150.0,1500.0,0,900.0
3144,Cherdyn,0,450.0,0,0,600.0
3145,Dobryanka,0,150.0,0,1500.0,900.0
3146,Berezniki,0,450.0,0,0,600.0
3147,Kudymkar,0,450.0,0,0,600.0
3148,Nytva,0,450.0,0,0,600.0
3149,Oktyabrsky,0,450.0,0,0,600.0
3150,Mishkinsky,0,450.0,0,0,600.0
3151,Birsk,1500.0,150.0,0,0,900.0
3152,Davlekanovo,0,450.0,0,0,600.0
3153,Beloretsk,0,450.0,0,0,600.0
3154,Sibay,0,450.0,0,0,600.0
3155,Ishimbay,0,450.0,0,0,600.0
3156,Sorochinsk,0,450.0,0,0,600.0
3157,Lysva,0,450.0,0,0,600.0
3158,Sol-Iletsk,0,150.0,1500.0,0,900.0
3159,Igra,0,600.0,0,6000.0,6000.0
3160,Debyosy,0,450.0,0,0,600.0
3161,Glazov,0,150.0,1500.0,0,900.0
3162,Izhevsk,0,150.0,1500.0,0,900.0
3163,Buzuluk,0,450.0,0,0,600.0
3164,Abdulino,0,600.0,6000.0,0,6000.0
3165,Buguruslan,0,450.0,0,0,600.0
3166,Kirov,0,600.0,6000.0,0,6000.0
3167,Murashi,0,450.0,0,0,600.0
3168,Batumi,0,600.0,6000.0,0,6000.0
3169,Tiflis,0,450.0,0,0,600.0
3170,Kirs,0,150.0,0,1500.0,900.0
3171,Kuybyshev,0,600.0,0,6000.0,6000.0
3172,Gori,0,450.0,0,0,600.0
3173,Kumyony,0,450.0,0,0,600.0
3174,Urzhum,0,450.0,0,0,600.0
3175,Naberezhnye Chelny,0,450.0,0,0,600.0
3176,Tolyatti,0,150.0,1500.0,0,900.0
3177,Pokhvistnevo,0,450.0,0,0,600.0
3178,Yaransk,0,150.0,0,1500.0,900.0
3179,Kutaisi,0,150.0,0,1500.0,900.0
3180,Gorky,0,450.0,0,0,600.0
3181,Ilori,1500.0,150.0,0,0,900.0
3182,Kazan,0,600.0,6000.0,0,6000.0
3183,Khelvachauri,0,450.0,0,0,600.0
3184,Saratov,6000.0,600.0,0,0,6000.0
3185,Buinsk,1500.0,150.0,0,0,900.0
3186,Pestretsy,0,450.0,0,0,600.0
3187,Bugulma,0,150.0,0,1500.0,900.0
3188,Signalki,0,450.0,0,0,600.0
3189,Neftegorsk,0,450.0,0,0,600.0
3190,Rostov,0,450.0,0,0,600.0
3191,Ulyanovsk,6000.0,600.0,0,0,6000.0
3192,Petrovsk,0,150.0,1500.0,0,900.0
3193,Aleksandryia,0,450.0,0,0,600.0
3194,Novospasskoye,0,450.0,0,0,600.0
3195,Penza,0,450.0,0,0,600.0
3196,Saransk,0,450.0,0,0,600.0
3197,Balakovo,0,450.0,0,0,600.0
3198,Pugachyov,0,450.0,0,0,600.0
3199,Baltser,0,150.0,0,1500.0,900.0
3200,Novouzensk,0,450.0,0,0,600.0
3201,Atarsk,0,450.0,0,0,600.0
3202,Uren,0,450.0,0,0,600.0
3203,Ordzhonikidze,0,450.0,0,0,600.0
3204,Stavropol,0,450.0,0,0,600.0
3205,Krasnodar,0,450.0,0,0,600.0
3206,Stalingrad,6000.0,600.0,0,0,6000.0
3207,Astrakhan,0,150.0,0,1500.0,900.0
3208,Yashkul,1500.0,150.0,0,0,900.0
3209,Maykop,0,450.0,0,0,600.0
3210,Dubovka,0,150.0,1500.0,0,900.0
3211,Elista,0,450.0,0,0,600.0
3212,Salsk,0,450.0,0,0,600.0
3213,Millerovo,0,150.0,0,1500.0,900.0
3214,Moscow,6000.0,600.0,0,0,6000.0
3215,Bryansk,0,450.0,0,0,600.0
3216,Voronezh,6000.0,600.0,0,0,6000.0
3217,Ryazan,0,600.0,6000.0,0,6000.0
3218,Yaroslavl,0,450.0,0,0,600.0
3219,Vladimir,0,450.0,0,0,600.0
3220,Kovrov,0,450.0,0,0,600.0
3221,Kologriv,0,150.0,1500.0,0,900.0
3222,Kostroma,0,450.0,0,0,600.0
3223,Vokhma,0,450.0,0,0,600.0
3224,Kalinin,0,150.0,1500.0,0,900.0
3225,Tula,0,450.0,0,0,600.0
3226,Belgorod,0,450.0,0,0,600.0
3227,Kursk,0,150.0,1500.0,0,900.0
3228,Ivanovo,0,600.0,0,6000.0,6000.0
3229,Kineshma,0,450.0,0,0,600.0
3230,Kaluga,0,450.0,0,0,600.0
3231,Lipetsk,1500.0,150.0,0,0,900.0
3232,Oryol,0,600.0,0,6000.0,6000.0
3233,Smolensk,0,450.0,0,0,600.0
3234,Tambov,0,450.0,0,0,600.0
3235,Borisolglebsk,0,450.0,0,0,600.0
3236,Morshansk,0,150.0,1500.0,0,900.0
3237,Murom,0,150.0,0,1500.0,900.0
3238,Sasovo,0,450.0,0,0,600.0
3239,Yefremov,0,450.0,0,0,600.0
3240,Shivolo,0,450.0,0,0,600.0
3241,Palau,0,150.0,1500.0,0,900.0
3242,Guam,0,450.0,0,0,600.0
3243,Songsong,0,600.0,0,6000.0,6000.0
3244,Tinian,0,150.0,1500.0,0,900.0
3245,Saipan,0,450.0,0,0,600.0
3246,Aguigan,1500.0,150.0,0,0,900.0
3247,Weno,0,450.0,0,0,600.0
3248,Tol,0,150.0,0,1500.0,900.0
3249,Palikir,0,600.0,6000.0,0,6000.0
3250,Nouméa,0,150.0,0,1500.0,900.0
3251,Wé,0,450.0,0,0,600.0
3252,La Roche,0,450.0,0,0,600.0
3253,Port Vila,0,450.0,0,0,600.0
3254,Luganville,1500.0,150.0,0,0,900.0
3255,Lakatoro,0,450.0,0,0,600.0
3256,Suva,0,600.0,6000.0,0,6000.0
3257,Labasa,1500.0,150.0,0,0,900.0
3258,Apia,0,450.0,0,0,600.0
3259,Salelologa,0,150.0,0,1500.0,900.0
3260,Jamestown,0,150.0,0,1500.0,900.0
3261,Pago Pago,0,450.0,0,0,600.0
3262,Arawa,0,450.0,0,0,600.0
3263,Polo,0,450.0,0,0,600.0
3264,Honiara,0,150.0,0,1500.0,900.0
3265,Namuga,0,450.0,0,0,600.0
3266,Auki,0,450.0,0,0,600.0
3267,Buala,6000.0,600.0,0,0,6000.0
3268,Munda,0,150.0,1500.0,0,900.0
3269,Kwajalein,0,450.0,0,0,600.0
3270,Majuro,1500.0,150.0,0,0,900.0
3271,Enewetak,0,450.0,0,0,600.0
3272,Wake Island,0,450.0,0,0,600.0
3273,Naha,0,600.0,6000.0,0,6000.0
3274,Amami,0,450.0,0,0,600.0
3275,Miyakojima,0,450.0,0,0,600.0
3276,Ishigaki,0,450.0,0,0,600.0
3277,Kunashiri,0,450.0,0,0,600.0
3278,Etorofu,0,150.0,1500.0,0,900.0
3279,Przasnysz,0,450.0,0,0,600.0
3280,Katowice,0,450.0,0,0,600.0
3281,Białystok,0,600.0,0,6000.0,6000.0
3282,Baranovichi,0,450.0,0,0,600.0
3283,Lexington,0,450.0,0,0,600.0
3284,Barraute,0,450.0,0,0,600.0
3285,Kerrville,0,450.0,0,0,600.0
3286,Itabuna,0,450.0,0,0,600.0
3287,Mankoya,0,450.0,0,0,600.0
3288,Vavuniya,0,450.0,0,0,600.0
3289,Colombo,0,600.0,0,6000.0,6000.0
3290,Galle,1500.0,150.0,0,0,900.0
3291,Sveg,0,150.0,1500.0,0,900.0
3292,Hammerdal,0,450.0,0,0,600.0
3293,Jönköping,0,450.0,0,0,600.0
3294,Jokkmokk,0,450.0,0,0,600.0
3295,Jeju,1500.0,150.0,0,0,900.0
3296,Nicosia,0,600.0,0,6000.0,6000.0
3297,São Tomé,0,450.0,0,0,600.0
3298,College Station,1500.0,150.0,0,0,900.0
3299,Whangarei,0,150.0,0,1500.0,900.0
3300,Santa Cruz de Tenerife,0,450.0,0,0,600.0
3301,Panamá,6000.0,600.0,0,0,6000.0
3302,Obock,0,600.0,0,6000.0,6000.0
3332,Trieste,0,450.0,0,0,600.0
