province_id,name,center_x,center_y,component_count,core_country_ids,initial_owner_id,initial_owner_name,initial_owner_color,terrain_type_id,terrain_type,visual_terrain_tag,population,victory_points,coastal_flag,region_ids,region_names,raw_resource_code_r,raw_resource_field_bp,explicit_terrain_marker_count
0,Las Palmas,6140.0,2667.0,1,24,24,Spain,#CCA373,10,Plains,Mediterranean,5000,0,True,0,Europe,1,,0
1,Murmansk,7392.0,698.0,1,1,1,Finland,#6E8F93,14,Urban,Boreal,366762,10,True,0,Europe,2,1558,0
2,Apatity,7454.0,810.0,1,1,1,Finland,#6E8F93,11,Hills,Tundra,58040,0,True,0,Europe,1,,0
3,Ivalo,7248.0,742.0,1,1,1,Finland,#6E8F93,11,Hills,Boreal,81766,0,True,0,Europe,6,1747,0
4,Enontekiö,7137.0,748.0,1,1,1,Finland,#6E8F93,13,Forest,Boreal,60405,0,False,0,Europe,1,,0
5,Rovaniemi,7183.0,869.0,1,1,1,Finland,#6E8F93,13,Forest,Boreal,38722,0,True,0,Europe,1,,0
6,Oulu,7190.0,935.0,1,1,1,Finland,#6E8F93,14,Urban,Boreal,174085,10,True,0,Europe,2,3282,0
7,Kokkola,7114.0,1023.0,1,1,1,Finland,#6E8F93,13,Forest,Boreal,88662,0,True,0,Europe,1,,0
8,Vaasa,7069.0,1085.0,1,1,1,Finland,#6E8F93,14,Urban,Boreal,194162,10,True,0,Europe,5,2943,0
9,Pori,7076.0,1158.0,1,1,1,Finland,#6E8F93,10,Plains,Boreal,65365,0,True,0,Europe,6,2186,0
10,Manchester,5955.0,1604.0,1,21,21,United Kingdom,#7A8054,14,Urban,,258336,10,False,0,Europe,2,2212,0
11,Turku,7090.0,1256.0,2,1,1,Finland,#6E8F93,10,Plains,,47965,0,True,0,Europe,2,2978,0
12,Jyväskylä,7189.0,1095.0,1,1,1,Finland,#6E8F93,10,Plains,Boreal,43119,0,False,0,Europe,6,3313,0
13,Tampere,7146.0,1197.0,1,1,1,Finland,#6E8F93,14,Urban,,58750,10,False,0,Europe,5,9726,0
14,Helsinki,7198.0,1267.0,1,1,1,Finland,#6E8F93,14,Urban,,307562,10,True,0,Europe,6,1858,0
15,Lappeenranta,7311.0,1217.0,1,1,1,Finland,#6E8F93,10,Plains,Boreal,57221,0,True,0,Europe,6,2497,0
16,Joensuu,7365.0,1106.0,1,1,1,Finland,#6E8F93,13,Forest,Boreal,71934,0,False,0,Europe,1,,0
17,Kem,7423.0,972.0,1,1,1,Finland,#6E8F93,13,Forest,Boreal,61452,0,True,0,Europe,1,,0
18,Iisalmi,7293.0,1048.0,1,1,1,Finland,#6E8F93,11,Hills,Boreal,71778,0,False,0,Europe,5,1990,0
19,Kuusamo,7296.0,905.0,1,1,1,Finland,#6E8F93,13,Forest,Boreal,84394,0,False,0,Europe,1,,0
20,Loukhi,7351.0,885.0,1,1,1,Finland,#6E8F93,10,Plains,Boreal,75189,0,True,0,Europe,1,,0
21,Tetrino,7561.0,882.0,1,1,1,Finland,#6E8F93,10,Plains,Tundra,82864,0,True,0,Europe,1,,0
22,Kiruna,7040.0,767.0,1,180,180,Sweden,#5D758B,13,Forest,Boreal,57216,0,False,0,Europe,1,,0
23,Luleå,7082.0,871.0,1,180,180,Sweden,#5D758B,14,Urban,Boreal,366049,10,True,0,Europe,2,1561,0
24,Arjeborg,6945.0,869.0,1,180,180,Sweden,#5D758B,12,Mountain,Boreal,57505,0,False,0,Europe,6,2484,14
25,Umeå,7038.0,992.0,1,180,180,Sweden,#5D758B,10,Plains,Boreal,73619,0,True,0,Europe,2,1940,0
26,Vilhelmina,6926.0,957.0,1,180,180,Sweden,#5D758B,14,Urban,Boreal,75259,10,False,0,Europe,5,7593,0
27,Östersund,6872.0,1051.0,1,180,180,Sweden,#5D758B,14,Urban,Boreal,193277,10,False,0,Europe,6,2957,0
28,Stockholm,6971.0,1322.0,1,180,180,Sweden,#5D758B,14,Urban,,181515,10,True,0,Europe,6,3148,0
29,Malmö,6770.0,1568.0,1,180,180,Sweden,#5D758B,14,Urban,,332025,10,True,0,Europe,2,1721,0
30,Härnösand,6956.0,1099.0,1,180,180,Sweden,#5D758B,13,Forest,Boreal,89048,0,True,0,Europe,1,,0
31,Falun,6910.0,1217.0,1,180,180,Sweden,#5D758B,13,Forest,Boreal,51883,0,True,0,Europe,1,,0
32,Lofsdalen,6797.0,1119.0,1,180,180,Sweden,#5D758B,11,Hills,Boreal,59059,0,False,0,Europe,1,,0
33,Mora,6848.0,1199.0,1,180,180,Sweden,#5D758B,10,Plains,Boreal,43791,0,False,0,Europe,5,3262,0
34,Karlstad,6794.0,1333.0,1,180,180,Sweden,#5D758B,13,Forest,Boreal,92965,0,True,0,Europe,1,,0
35,Gothenburg,6741.0,1451.0,1,180,180,Sweden,#5D758B,10,Plains,,89495,0,True,0,Europe,1,,0
36,Linköping,6873.0,1397.0,1,180,180,Sweden,#5D758B,10,Plains,,40005,0,True,0,Europe,5,3571,0
37,Växjö,6841.0,1493.0,2,180,180,Sweden,#5D758B,10,Plains,,69507,0,True,0,Europe,5,2055,0
38,Visby,6988.0,1452.0,1,180,180,Sweden,#5D758B,13,Forest,,60833,0,True,0,Europe,1,,0
39,Rosenheim,6689.0,2098.0,1,15,15,Germany,#93412F,11,Hills,,50905,0,False,0,Europe,1,,0
40,Narvik,6916.0,768.0,1,2,2,Norway,#678C6D,12,Mountain,Boreal,31258,0,True,0,Europe,1,,17
41,Brześć,7218.0,1771.0,1,5,5,Poland,#7D9081,10,Plains,,46676,0,False,0,Europe,2,3061,0
42,Alta,7101.0,663.0,1,2,2,Norway,#678C6D,12,Mountain,Boreal,59977,0,True,0,Europe,1,,16
43,Bodø,6838.0,838.0,1,2,2,Norway,#678C6D,13,Forest,Boreal,50604,0,True,0,Europe,1,,0
44,Steinkjer,6719.0,1014.0,1,2,2,Norway,#678C6D,12,Mountain,Boreal,55884,0,True,0,Europe,1,,20
45,Trondheim,6696.0,1062.0,1,2,2,Norway,#678C6D,13,Forest,Boreal,60735,0,True,0,Europe,1,,0
46,Oslo,6710.0,1308.0,1,2,2,Norway,#678C6D,14,Urban,,361584,10,True,0,Europe,6,1580,0
47,Dęblin,7135.0,1828.0,1,5,5,Poland,#7D9081,13,Forest,,39214,0,False,0,Europe,1,,0
48,Hamar,6722.0,1213.0,1,2,2,Norway,#678C6D,13,Forest,Boreal,66310,0,False,0,Europe,1,,0
49,Mazyr,7493.0,1766.0,1,3,3,Belarus,#608367,11,Hills,,39761,0,False,0,Europe,2,3593,0
50,Bergen,6516.0,1236.0,1,2,2,Norway,#678C6D,12,Mountain,,52914,0,True,0,Europe,1,,16
51,Stryn,6582.0,1145.0,1,2,2,Norway,#678C6D,12,Mountain,Boreal,40186,0,True,0,Europe,1,,21
52,Rjukan,6613.0,1287.0,1,2,2,Norway,#678C6D,13,Forest,,34643,0,True,0,Europe,1,,0
53,Kristiansand,6594.0,1384.0,1,2,2,Norway,#678C6D,10,Plains,,45566,0,True,0,Europe,1,,0
54,Tallinn,7226.0,1307.0,1,4,4,Lithuania,#B7B079,13,Forest,,57558,0,True,0,Europe,1,,0
55,Haapsalu,7174.0,1339.0,3,4,4,Lithuania,#B7B079,13,Forest,,55448,0,True,0,Europe,1,,0
57,Bern,6440.0,2151.0,1,14,14,Switzerland,#8E6941,12,Mountain,,55030,0,False,0,Europe,1,,10
58,Pärnu,7223.0,1384.0,1,4,4,Lithuania,#B7B079,10,Plains,,28740,0,True,0,Europe,1,,0
59,Valga,7267.0,1411.0,1,4,4,Lithuania,#B7B079,10,Plains,,58471,0,False,0,Europe,1,,0
60,London,6085.0,1779.0,1,21,21,United Kingdom,#7A8054,14,Urban,,328251,10,True,0,Europe,5,1741,0
61,Cēsis,7225.0,1424.0,1,4,4,Lithuania,#B7B079,10,Plains,,57808,0,True,0,Europe,1,,0
62,Riga,7192.0,1470.0,1,4,4,Lithuania,#B7B079,14,Urban,,510486,10,True,0,Europe,6,1119,0
63,Ludza,7289.0,1498.0,1,4,4,Lithuania,#B7B079,10,Plains,,34024,0,False,0,Europe,6,4199,0
64,Daugavpils,7245.0,1527.0,1,4,4,Lithuania,#B7B079,10,Plains,,46285,0,False,0,Europe,2,3086,0
65,Vilnius,7209.0,1571.0,1,4,4,Lithuania,#B7B079,13,Forest,,39521,0,False,0,Europe,1,,0
66,Alytus,7168.0,1632.0,1,4,4,Lithuania,#B7B079,10,Plains,,41911,0,False,0,Europe,5,3409,0
67,Kaunas,7160.0,1582.0,1,4,4,Lithuania,#B7B079,13,Forest,,34022,0,False,0,Europe,1,,0
68,Tauragė,7099.0,1537.0,1,4,4,Lithuania,#B7B079,10,Plains,,51549,0,True,0,Europe,2,2771,0
69,Klaipėda,7082.0,1498.0,1,4,4,Lithuania,#B7B079,13,Forest,,55909,0,True,0,Europe,1,,0
70,Talsi,7131.0,1439.0,1,4,4,Lithuania,#B7B079,10,Plains,,41892,0,True,0,Europe,5,3410,0
71,Athlone,5684.0,1591.0,1,22,22,Ireland,#90613D,11,Hills,,,0,False,0,Europe,1,,0
72,Danzig,6984.0,1636.0,1,5,5,Poland,#7D9081,14,Urban,,37837,10,True,0,Europe,5,15102,0
73,Bydgoszcz,6965.0,1723.0,1,5,5,Poland,#7D9081,10,Plains,,65091,0,False,0,Europe,6,2195,0
74,Poznań,6880.0,1779.0,1,5,5,Poland,#7D9081,10,Plains,,53100,0,False,0,Europe,6,2690,0
75,Warsaw,7073.0,1795.0,1,5,5,Poland,#7D9081,14,Urban,,385543,10,False,0,Europe,2,1482,0
76,Łódź,6991.0,1836.0,1,5,5,Poland,#7D9081,11,Hills,Boreal,58013,0,False,0,Europe,1,,0
77,Płock,7036.0,1768.0,1,5,5,Poland,#7D9081,10,Plains,Boreal,69776,0,False,0,Europe,5,2047,0
78,Kraków,7033.0,1948.0,1,5,5,Poland,#7D9081,14,Urban,,333506,10,False,0,Europe,5,1713,0
79,Lwów,7257.0,1944.0,1,5,5,Poland,#7D9081,14,Urban,,134061,10,False,0,Europe,2,4262,0
80,Tarnów,7079.0,1951.0,1,5,5,Poland,#7D9081,12,Mountain,,53812,0,False,0,Europe,1,,8
81,Lublin,7180.0,1860.0,1,5,5,Poland,#7D9081,10,Plains,,70847,0,False,0,Europe,1,,0
82,Kielce,7075.0,1893.0,1,5,5,Poland,#7D9081,13,Forest,,66439,0,False,0,Europe,1,,0
83,Łomża,7138.0,1727.0,1,5,5,Poland,#7D9081,10,Plains,,59555,0,False,0,Europe,6,2399,0
84,Wilno,7306.0,1529.0,1,5,5,Poland,#7D9081,13,Forest,,332033,0,False,0,Europe,1,,0
85,Lida,7274.0,1628.0,1,5,5,Poland,#7D9081,13,Forest,,38845,0,False,0,Europe,1,,0
86,Stanisławów,7297.0,1982.0,1,5,5,Poland,#7D9081,10,Plains,,77319,0,False,0,Europe,6,1848,0
87,Brody,7327.0,1901.0,1,5,5,Poland,#7D9081,13,Forest,,37949,0,False,0,Europe,1,,0
88,Sarny,7352.0,1794.0,1,5,5,Poland,#7D9081,11,Hills,,34529,0,False,0,Europe,1,,0
89,Kowel,7264.0,1803.0,1,5,5,Poland,#7D9081,10,Plains,,35706,0,False,0,Europe,1,,0
90,Edinburgh,5911.0,1388.0,1,21,21,United Kingdom,#7A8054,14,Urban,,350927,10,True,0,Europe,5,1628,0
91,Lutsk,7418.0,1833.0,1,6,6,Ukraine,#F0CE8E,10,Plains,,71462,0,False,6,Russia,5,1999,0
92,Kiev,7566.0,1882.0,1,6,6,Ukraine,#F0CE8E,14,Urban,,209526,10,False,6,Russia,6,2727,0
93,Odessa,7559.0,2061.0,1,6,6,Ukraine,#F0CE8E,14,Urban,,351733,10,True,6,Russia,2,1625,0
94,Salisbury,5970.0,1827.0,1,21,21,United Kingdom,#7A8054,11,Hills,,70319,0,True,0,Europe,1,,0
95,Kharkiv,7716.0,1863.0,1,6,6,Ukraine,#F0CE8E,14,Urban,,200219,10,False,6,Russia,2,2854,0
96,Stalino,7745.0,1972.0,1,6,6,Ukraine,#F0CE8E,14,Urban,Mediterranean,462874,10,False,6,Russia,5,1235,0
97,Luhansk,7790.0,1918.0,1,6,6,Ukraine,#F0CE8E,11,Hills,,52366,0,False,6,Russia,1,,0
98,Poltava,7714.0,1907.0,1,6,6,Ukraine,#F0CE8E,13,Forest,,49265,0,False,6,Russia,1,,0
99,Cherkasy,7621.0,1912.0,1,6,6,Ukraine,#F0CE8E,13,Forest,,71884,0,False,6,Russia,1,,0
100,Chernihiv,7566.0,1812.0,1,6,6,Ukraine,#F0CE8E,10,Plains,,48495,0,False,6,Russia,1,,0
101,Zaporizhzhia,7704.0,1990.0,1,6,6,Ukraine,#F0CE8E,10,Plains,Grassland,89880,0,True,6,Russia,1,,0
102,Dnipropetrovsk,7701.0,1960.0,1,6,6,Ukraine,#F0CE8E,10,Plains,,51908,0,False,6,Russia,6,2752,0
103,Sevastopol,7626.0,2140.0,1,6,6,Ukraine,#F0CE8E,10,Plains,Grassland,89957,0,True,6,Russia,2,1588,0
104,Melitopol,7667.0,2057.0,1,6,6,Ukraine,#F0CE8E,10,Plains,Grassland,56681,0,True,6,Russia,1,,0
105,Kirovohrad,7623.0,1961.0,1,6,6,Ukraine,#F0CE8E,14,Urban,,50894,10,False,6,Russia,5,11228,0
106,Vinnytsia,7488.0,1938.0,1,6,6,Ukraine,#F0CE8E,10,Plains,,79947,0,False,6,Russia,1,,0
107,Lviv,7385.0,1898.0,1,6,6,Ukraine,#F0CE8E,10,Plains,,68748,0,False,6,Russia,1,,0
108,Zhytomyr,7506.0,1880.0,1,6,6,Ukraine,#F0CE8E,11,Hills,,93311,0,False,6,Russia,1,,0
109,Mykolayiv,7577.0,2026.0,1,6,6,Ukraine,#F0CE8E,10,Plains,,62913,0,False,6,Russia,6,2271,0
110,Ternopil,7439.0,1896.0,1,6,6,Ukraine,#F0CE8E,10,Plains,,55878,0,False,6,Russia,6,2557,0
111,Uman,7543.0,1964.0,1,6,6,Ukraine,#F0CE8E,13,Forest,,41871,0,False,6,Russia,1,,0
112,Korosten,7507.0,1830.0,1,6,6,Ukraine,#F0CE8E,10,Plains,,82662,0,False,6,Russia,6,1728,0
113,Hamburg,6617.0,1688.0,1,15,15,Germany,#93412F,14,Urban,,198254,10,True,0,Europe,2,2882,0
114,Kiel,6625.0,1643.0,1,15,15,Germany,#93412F,10,Plains,,46502,0,True,0,Europe,1,,0
115,Dresden,6748.0,1873.0,1,15,15,Germany,#93412F,13,Forest,,58935,0,False,0,Europe,1,,0
116,Berlin,6751.0,1759.0,1,15,15,Germany,#93412F,14,Urban,,366036,10,False,0,Europe,5,1561,0
117,Cologne,6448.0,1885.0,1,15,15,Germany,#93412F,14,Urban,,409480,10,False,0,Europe,6,1395,0
118,Munich,6661.0,2071.0,1,15,15,Germany,#93412F,14,Urban,,217170,10,False,0,Europe,6,2631,0
119,Osnabrück,6513.0,1781.0,1,15,15,Germany,#93412F,10,Plains,,36460,0,False,0,Europe,2,3918,0
120,Bremen,6555.0,1703.0,1,15,15,Germany,#93412F,13,Forest,,59590,0,True,0,Europe,1,,0
121,Hannover,6618.0,1759.0,1,15,15,Germany,#93412F,10,Plains,,40863,0,False,0,Europe,1,,0
122,Rostock,6721.0,1676.0,1,15,15,Germany,#93412F,10,Plains,,46514,0,True,0,Europe,1,,0
123,Stettin,6826.0,1712.0,1,15,15,Germany,#93412F,13,Forest,,56034,0,True,0,Europe,1,,0
124,Kolberg,6901.0,1667.0,1,15,15,Germany,#93412F,10,Plains,,27983,0,True,0,Europe,2,5105,0
125,Königsberg,7063.0,1639.0,1,15,15,Germany,#93412F,10,Plains,,38174,0,True,0,Europe,2,3742,0
126,Küstrin,6809.0,1781.0,1,15,15,Germany,#93412F,10,Plains,,65532,0,False,0,Europe,2,2180,0
127,Magdeburg,6695.0,1775.0,1,15,15,Germany,#93412F,10,Plains,,49105,0,False,0,Europe,1,,0
128,Oppeln,6951.0,1909.0,1,15,15,Germany,#93412F,10,Plains,Boreal,47280,0,False,0,Europe,1,,0
129,Breslau,6906.0,1870.0,1,15,15,Germany,#93412F,13,Forest,Boreal,55087,0,False,0,Europe,1,,0
130,Leipzig,6712.0,1862.0,1,15,15,Germany,#93412F,11,Hills,Boreal,39975,0,False,0,Europe,1,,0
131,Düsseldorf,6443.0,1844.0,1,15,15,Germany,#93412F,10,Plains,,33936,0,False,0,Europe,5,4210,0
132,Frankfurt,6467.0,1924.0,1,15,15,Germany,#93412F,11,Hills,,34564,0,False,0,Europe,1,,0
133,Stuttgart,6487.0,2020.0,1,15,15,Germany,#93412F,14,Urban,,53135,10,False,0,Europe,5,10754,0
134,Saarbrücken,6410.0,1974.0,1,15,15,Germany,#93412F,11,Hills,,47250,0,False,0,Europe,1,,0
135,Freiburg,6435.0,2099.0,1,15,15,Germany,#93412F,13,Forest,,35066,0,False,0,Europe,1,,0
136,Augsburg,6612.0,2058.0,1,15,15,Germany,#93412F,11,Hills,,55386,0,False,0,Europe,1,,0
137,Nuremberg,6641.0,2007.0,1,15,15,Germany,#93412F,13,Forest,,57063,0,False,0,Europe,1,,0
138,Würzburg,6540.0,1963.0,1,15,15,Germany,#93412F,10,Plains,,54470,0,False,0,Europe,1,,0
139,Kassel,6526.0,1888.0,1,15,15,Germany,#93412F,11,Hills,,41739,0,False,0,Europe,1,,0
140,Erfurt,6634.0,1922.0,1,15,15,Germany,#93412F,10,Plains,Boreal,43876,0,False,0,Europe,6,3256,0
141,Mogilev,7463.0,1619.0,1,3,3,Belarus,#608367,10,Plains,,42640,0,False,0,Europe,1,,0
142,Gomel,7527.0,1710.0,1,3,3,Belarus,#608367,11,Hills,,49651,0,False,0,Europe,1,,0
143,Esbjerg,6568.0,1541.0,1,181,181,Denmark,#BE8C28,10,Plains,,73583,0,True,0,Europe,1,,0
144,Rock Springs,1943.0,1955.0,1,45,45,Colorado,#6990A4,14,Urban,Mediterranean,260030,10,False,1,North America,5,2198,0
145,Frederikshavn,6658.0,1438.0,1,181,181,Denmark,#BE8C28,11,Hills,,60971,0,True,0,Europe,1,,0
146,Žlobin,7489.0,1691.0,1,3,3,Belarus,#608367,10,Plains,,202490,0,False,0,Europe,1,,0
147,Babruysk,7405.0,1664.0,1,3,3,Belarus,#608367,10,Plains,,74818,0,False,0,Europe,6,1909,0
148,Przemyśl,7177.0,1944.0,1,5,5,Poland,#7D9081,11,Hills,,89590,0,False,0,Europe,1,,0
149,Zürich,6510.0,2119.0,1,14,14,Switzerland,#8E6941,14,Urban,,200592,10,False,0,Europe,6,2849,0
150,Viborg,6605.0,1504.0,1,181,181,Denmark,#BE8C28,10,Plains,,43736,0,True,0,Europe,5,3266,0
151,Aarhus,6624.0,1538.0,1,181,181,Denmark,#BE8C28,11,Hills,,49423,0,True,0,Europe,1,,0
152,Chur,6542.0,2174.0,1,14,14,Switzerland,#8E6941,12,Mountain,,62339,0,False,0,Europe,1,,10
153,Lugano,6503.0,2232.0,1,14,14,Switzerland,#8E6941,12,Mountain,,43513,0,False,0,Europe,1,,8
154,Odense,6648.0,1567.0,3,181,181,Denmark,#BE8C28,10,Plains,,27835,0,True,0,Europe,2,5132,0
155,Copenhagen,6727.0,1556.0,1,181,181,Denmark,#BE8C28,14,Urban,,436060,10,True,0,Europe,6,1310,0
156,Lausanne,6386.0,2193.0,1,14,14,Switzerland,#8E6941,12,Mountain,,78391,0,False,0,Europe,1,,10
157,Næstved,6696.0,1587.0,1,181,181,Denmark,#BE8C28,10,Plains,,37120,0,True,0,Europe,1,,0
158,Vienna,6910.0,2060.0,1,13,13,Austria,#CAA473,14,Urban,,299062,10,False,0,Europe,2,1911,0
159,Polotsk,7343.0,1485.0,1,3,3,Belarus,#608367,10,Plains,,71504,0,False,0,Europe,2,1998,0
160,Minsk,7334.0,1613.0,1,3,3,Belarus,#608367,14,Urban,,172850,10,False,0,Europe,6,3306,0
161,Vitsebsk,7449.0,1496.0,1,3,3,Belarus,#608367,10,Plains,,64400,0,False,0,Europe,5,2218,0
162,Barysaw,7368.0,1583.0,1,3,3,Belarus,#608367,10,Plains,,50421,0,False,0,Europe,5,2833,0
163,Slutsk,7353.0,1683.0,1,3,3,Belarus,#608367,13,Forest,,44073,0,False,0,Europe,1,,0
164,Lahti,7210.0,1217.0,1,1,1,Finland,#6E8F93,13,Forest,Boreal,35293,0,False,0,Europe,1,,0
165,Sankt Pölten,6849.0,2072.0,1,13,13,Austria,#CAA473,11,Hills,,49988,0,False,0,Europe,1,,0
166,Graz,6838.0,2159.0,1,13,13,Austria,#CAA473,12,Mountain,,78928,0,False,0,Europe,1,,16
167,Salzburg,6744.0,2111.0,1,13,13,Austria,#CAA473,12,Mountain,,47968,0,False,0,Europe,6,2978,13
168,Innsbruck,6650.0,2163.0,1,13,13,Austria,#CAA473,12,Mountain,,39699,0,False,0,Europe,5,3599,21
169,Prague,6799.0,1959.0,1,12,12,Czechoslovakia,#9B6A28,14,Urban,,506866,10,False,0,Europe,6,1127,0
170,Liberec,6818.0,1912.0,1,12,12,Czechoslovakia,#9B6A28,13,Forest,Boreal,30739,0,False,0,Europe,1,,0
171,Pilsen,6760.0,1982.0,1,12,12,Czechoslovakia,#9B6A28,11,Hills,Boreal,43896,0,False,0,Europe,5,3254,0
172,Ostrava,6942.0,1973.0,1,12,12,Czechoslovakia,#9B6A28,10,Plains,,70012,0,False,0,Europe,1,,0
173,Brno,6871.0,2011.0,1,12,12,Czechoslovakia,#9B6A28,10,Plains,,41192,0,False,0,Europe,1,,0
174,Žilina,7014.0,1994.0,1,12,12,Czechoslovakia,#9B6A28,12,Mountain,,29921,0,False,0,Europe,2,4774,7
175,Košice,7153.0,2006.0,1,12,12,Czechoslovakia,#9B6A28,12,Mountain,,73071,0,False,0,Europe,5,1955,8
176,Mukačevo,7247.0,2026.0,1,12,12,Czechoslovakia,#9B6A28,12,Mountain,,30420,0,False,0,Europe,2,4696,7
177,Bratislava,6943.0,2059.0,1,12,12,Czechoslovakia,#9B6A28,10,Plains,,67209,0,False,0,Europe,6,2126,0
178,Banská Bystrica,7036.0,2035.0,1,12,12,Czechoslovakia,#9B6A28,11,Hills,,38441,0,False,0,Europe,1,,0
179,Amsterdam,6361.0,1745.0,1,20,20,Netherlands,#B65D2C,14,Urban,,159819,10,True,0,Europe,6,3575,0
180,Rotterdam,6332.0,1764.0,1,20,20,Netherlands,#B65D2C,10,Plains,,63167,0,True,0,Europe,1,,0
181,Den Helder,6344.0,1724.0,1,20,20,Netherlands,#B65D2C,10,Plains,,67416,0,True,0,Europe,1,,0
182,Groningen,6430.0,1697.0,1,20,20,Netherlands,#B65D2C,10,Plains,,45163,0,True,0,Europe,1,,0
183,Eindhoven,6383.0,1801.0,1,20,20,Netherlands,#B65D2C,13,Forest,,28117,0,True,0,Europe,1,,0
184,Brussels,6319.0,1838.0,1,19,19,Belgium,#E5BB5F,14,Urban,,207902,10,False,0,Europe,5,2749,0
185,Brugge,6270.0,1821.0,1,19,19,Belgium,#E5BB5F,10,Plains,,74407,0,True,0,Europe,1,,0
186,Antwerpen,6303.0,1805.0,1,19,19,Belgium,#E5BB5F,10,Plains,,62021,0,True,0,Europe,5,2303,0
187,Namur,6332.0,1873.0,1,19,19,Belgium,#E5BB5F,13,Forest,,54111,0,False,0,Europe,6,2640,0
188,Bastogne,6360.0,1879.0,1,19,19,Belgium,#E5BB5F,10,Plains,,19482,0,False,0,Europe,2,7333,0
189,Luxemburg,6371.0,1908.0,1,200,200,Luxembourg,#5D758B,14,Urban,,,10,False,0,Europe,2,5714,0
190,Cork,5655.0,1714.0,1,22,22,Ireland,#90613D,10,Plains,,34705,0,True,0,Europe,1,,0
191,Dublin,5764.0,1590.0,1,22,22,Ireland,#90613D,14,Urban,,175748,10,True,0,Europe,6,3251,0
192,Waterford,5736.0,1675.0,1,22,22,Ireland,#90613D,10,Plains,,46951,0,True,0,Europe,1,,0
193,Galway,5630.0,1605.0,1,22,22,Ireland,#90613D,10,Plains,,54345,0,True,0,Europe,1,,0
194,Belfast,5769.0,1489.0,1,21,21,United Kingdom,#7A8054,11,Hills,,78565,0,True,0,Europe,1,,0
195,Lisbon,5469.0,2601.0,1,25,25,Portugal,#8F7B44,14,Urban,Mediterranean,327972,10,True,0,Europe,6,1742,0
196,Oporto,5539.0,2419.0,1,25,25,Portugal,#8F7B44,11,Hills,Mediterranean,57168,0,True,0,Europe,5,2499,0
197,Coimbra,5531.0,2540.0,1,25,25,Portugal,#8F7B44,13,Forest,Mediterranean,53588,0,True,0,Europe,1,,0
198,Viseu,5599.0,2506.0,1,25,25,Portugal,#8F7B44,10,Plains,Mediterranean,66869,0,False,0,Europe,1,,0
199,Beja,5541.0,2642.0,1,25,25,Portugal,#8F7B44,10,Plains,Mediterranean,38679,0,True,0,Europe,2,3693,0
200,Faro,5513.0,2741.0,1,25,25,Portugal,#8F7B44,13,Forest,Mediterranean,46687,0,True,0,Europe,1,,0
201,Reykjavík,5335.0,1034.0,1,23,23,Iceland,#7DA68E,14,Urban,Tundra,148933,10,True,0,Europe,2,3837,3
202,Akureyri,5430.0,956.0,1,23,23,Iceland,#7DA68E,12,Mountain,Tundra,85145,0,True,0,Europe,1,,39
203,Höfn,5547.0,1019.0,1,23,23,Iceland,#7DA68E,11,Hills,Arctic,62579,0,True,0,Europe,1,,0
204,Tirana,7115.0,2530.0,1,11,11,Albania,#CCA373,14,Urban,Mediterranean,109784,10,True,0,Europe,2,5205,0
205,Vlore,7112.0,2616.0,1,11,11,Albania,#CCA373,11,Hills,Mediterranean,47858,0,True,0,Europe,5,2985,0
206,Tucson,1886.0,2564.0,1,53,53,Arizona,#B19249,11,Hills,Desert,39366,0,False,1,North America,6,3629,0
207,Phoenix,1828.0,2468.0,1,53,53,Arizona,#B19249,14,Urban,Mediterranean,468280,10,False,1,North America,2,1220,0
208,Flagstaff,1876.0,2377.0,1,53,53,Arizona,#B19249,10,Plains,Desert,41489,0,False,1,North America,1,,0
209,Chinle,1947.0,2308.0,1,53,53,Arizona,#B19249,10,Plains,Desert,37725,0,False,1,North America,6,3787,0
210,Kingman,1772.0,2329.0,1,53,53,Arizona,#B19249,11,Hills,Desert,43238,0,True,1,North America,1,,0
211,Safford,1932.0,2509.0,1,53,53,Arizona,#B19249,12,Mountain,Desert,82061,0,False,1,North America,5,1741,6
212,Prescott,1779.0,2404.0,1,53,53,Arizona,#B19249,12,Mountain,Desert,60243,0,True,1,North America,5,2371,8
213,Yuma,1709.0,2518.0,1,53,53,Arizona,#B19249,10,Plains,Desert,45683,0,False,1,North America,2,3127,0
214,Billings,2023.0,1671.0,1,44,44,Montana,#C15C4C,14,Urban,Mediterranean,423769,10,False,1,North America,2,1348,0
215,Great Falls,1846.0,1528.0,1,44,44,Montana,#C15C4C,11,Hills,,43620,0,False,1,North America,1,,0
216,Broadus,2161.0,1701.0,1,44,44,Montana,#C15C4C,10,Plains,Mediterranean,36376,0,False,1,North America,1,,0
217,Miles City,2114.0,1604.0,1,44,44,Montana,#C15C4C,10,Plains,,65867,0,False,1,North America,1,,0
218,Plentywood,2184.0,1482.0,1,44,44,Montana,#C15C4C,11,Hills,,35249,0,False,1,North America,1,,0
219,Havre,1931.0,1491.0,1,44,44,Montana,#C15C4C,11,Hills,,74350,0,False,1,North America,1,,0
220,Missoula,1722.0,1557.0,1,44,44,Montana,#C15C4C,12,Mountain,Boreal,49945,0,False,1,North America,6,2860,13
221,Bozeman,1873.0,1687.0,1,44,44,Montana,#C15C4C,12,Mountain,Mediterranean,42138,0,False,1,North America,2,3390,8
222,Helena,1799.0,1613.0,1,44,44,Montana,#C15C4C,12,Mountain,Boreal,47993,0,False,1,North America,1,,12
223,Taunton,5890.0,1821.0,1,21,21,United Kingdom,#7A8054,10,Plains,,72247,0,True,0,Europe,5,1977,0
224,Bristol,5954.0,1776.0,1,21,21,United Kingdom,#7A8054,14,Urban,,57034,10,True,0,Europe,6,10019,0
225,Plymouth,5853.0,1870.0,1,21,21,United Kingdom,#7A8054,14,Urban,,253515,10,True,0,Europe,6,2254,0
226,Portsmouth,6028.0,1833.0,2,21,21,United Kingdom,#7A8054,10,Plains,,61201,0,True,0,Europe,2,2334,0
227,Ashford,6106.0,1820.0,1,21,21,United Kingdom,#7A8054,11,Hills,,56707,0,True,0,Europe,1,,0
228,Ipswich,6152.0,1725.0,1,21,21,United Kingdom,#7A8054,10,Plains,,52542,0,True,0,Europe,1,,0
229,Cambridge,6087.0,1717.0,1,21,21,United Kingdom,#7A8054,10,Plains,,73638,0,False,0,Europe,6,1940,0
230,Birmingham,5970.0,1681.0,1,21,21,United Kingdom,#7A8054,10,Plains,,42497,0,False,0,Europe,2,3362,0
231,Cardiff,5909.0,1768.0,1,21,21,United Kingdom,#7A8054,13,Forest,,61018,0,True,0,Europe,1,,0
232,Liverpool,5931.0,1615.0,1,21,21,United Kingdom,#7A8054,10,Plains,,54305,0,True,0,Europe,2,2631,0
233,Shrewsbury,5905.0,1667.0,2,21,21,United Kingdom,#7A8054,11,Hills,,45550,0,True,0,Europe,1,,0
234,Sheffield,6020.0,1623.0,1,21,21,United Kingdom,#7A8054,10,Plains,,61275,0,True,0,Europe,1,,0
235,Leeds,6017.0,1581.0,1,21,21,United Kingdom,#7A8054,10,Plains,,75833,0,True,0,Europe,1,,0
236,Carlisle,5928.0,1470.0,1,21,21,United Kingdom,#7A8054,13,Forest,,44384,0,True,0,Europe,1,,0
237,York,6046.0,1548.0,1,21,21,United Kingdom,#7A8054,11,Hills,,70262,0,True,0,Europe,1,,0
238,Glasgow,5843.0,1397.0,1,21,21,United Kingdom,#7A8054,10,Plains,,63118,0,True,0,Europe,1,,0
239,Aberdeen,5959.0,1278.0,1,21,21,United Kingdom,#7A8054,10,Plains,Boreal,48791,0,True,0,Europe,2,2928,0
240,St. John's,4774.0,1555.0,1,39,39,New Foundland,#CF7762,10,Plains,Boreal,116183,0,True,1,North America,5,1230,0
241,Inverness,5840.0,1268.0,6,21,21,United Kingdom,#7A8054,12,Mountain,Tundra,61457,0,True,0,Europe,1,,14
242,Thurso,5848.0,1147.0,4,21,21,United Kingdom,#7A8054,12,Mountain,Tundra,29762,0,True,0,Europe,1,,18
243,Venice,6683.0,2256.0,1,16,16,Italy,#90AE77,14,Urban,,235814,10,True,0,Europe,6,2423,0
244,Turin,6449.0,2301.0,1,16,16,Italy,#90AE77,12,Mountain,,42281,0,False,0,Europe,1,,13
245,Rome,6698.0,2541.0,1,16,16,Italy,#90AE77,14,Urban,Mediterranean,418900,10,True,0,Europe,5,1364,0
246,Naples,6810.0,2619.0,1,16,16,Italy,#90AE77,14,Urban,Mediterranean,341476,10,True,0,Europe,2,1673,0
247,Verona,6602.0,2260.0,1,16,16,Italy,#90AE77,11,Hills,,71883,0,False,0,Europe,1,,0
248,Genoa,6507.0,2358.0,1,16,16,Italy,#90AE77,14,Urban,Mediterranean,258426,10,True,0,Europe,2,2211,0
249,Bologna,6626.0,2330.0,1,16,16,Italy,#90AE77,10,Plains,,58453,0,True,0,Europe,2,2444,0
250,Milan,6507.0,2262.0,1,16,16,Italy,#90AE77,11,Hills,,73003,0,False,0,Europe,1,,0
251,Cuneo,6432.0,2360.0,1,16,16,Italy,#90AE77,10,Plains,Mediterranean,71344,0,True,0,Europe,6,2002,0
252,Parma,6565.0,2314.0,1,16,16,Italy,#90AE77,10,Plains,Mediterranean,72254,0,True,0,Europe,5,1977,0
253,Florence,6615.0,2400.0,1,16,16,Italy,#90AE77,10,Plains,Mediterranean,59341,0,True,0,Europe,6,2407,0
254,San Marino,6688.0,2374.0,1,16,16,Italy,#90AE77,14,Urban,Mediterranean,54686,10,True,0,Europe,5,10449,0
255,Cagliari,6514.0,2653.0,1,16,16,Italy,#90AE77,11,Hills,Mediterranean,45405,0,True,0,Europe,1,,0
256,Palermo,6761.0,2835.0,1,16,16,Italy,#90AE77,11,Hills,Mediterranean,66096,0,True,0,Europe,1,,0
257,Civitavecchia,6669.0,2513.0,1,16,16,Italy,#90AE77,11,Hills,Mediterranean,34821,0,True,0,Europe,1,,0
258,Perugia,6704.0,2462.0,1,16,16,Italy,#90AE77,10,Plains,Mediterranean,73024,0,True,0,Europe,1,,0
259,Pescara,6790.0,2494.0,1,16,16,Italy,#90AE77,10,Plains,Mediterranean,64083,0,True,0,Europe,1,,0
260,Latina,6726.0,2568.0,1,16,16,Italy,#90AE77,11,Hills,Mediterranean,37730,0,True,0,Europe,1,,0
261,Cassino,6789.0,2574.0,1,16,16,Italy,#90AE77,10,Plains,Mediterranean,38445,0,True,0,Europe,6,3716,0
262,Bari,6958.0,2616.0,1,16,16,Italy,#90AE77,10,Plains,Mediterranean,67122,0,True,0,Europe,6,2128,0
263,Foggia,6869.0,2572.0,1,16,16,Italy,#90AE77,11,Hills,Mediterranean,67470,0,True,0,Europe,1,,0
264,Salerno,6836.0,2626.0,1,16,16,Italy,#90AE77,10,Plains,Mediterranean,62892,0,True,0,Europe,1,,0
265,Potenza,6901.0,2643.0,1,16,16,Italy,#90AE77,13,Forest,Mediterranean,80523,0,True,0,Europe,1,,0
266,Catanzaro,6936.0,2763.0,1,16,16,Italy,#90AE77,13,Forest,Mediterranean,56507,0,True,0,Europe,1,,0
267,Paris,6208.0,1982.0,1,18,18,France,#6C9093,14,Urban,,232278,10,False,0,Europe,2,2460,0
268,Bordeaux,6014.0,2242.0,1,18,18,France,#6C9093,14,Urban,,368978,10,True,0,Europe,5,1549,0
269,Marseille,6325.0,2416.0,1,18,18,France,#6C9093,14,Urban,Mediterranean,210898,10,True,0,Europe,2,2710,0
270,Lyon,6303.0,2231.0,1,18,18,France,#6C9093,14,Urban,,259444,10,False,0,Europe,6,2203,0
271,Brest,5867.0,1971.0,2,18,18,France,#6C9093,10,Plains,,37029,0,True,0,Europe,2,3858,0
272,Le Havre,6131.0,1918.0,1,18,18,France,#6C9093,13,Forest,,65786,0,True,0,Europe,1,,0
273,Ajaccio,6507.0,2497.0,1,18,18,France,#6C9093,12,Mountain,Mediterranean,58786,0,True,0,Europe,1,,2
274,Lille,6241.0,1849.0,1,18,18,France,#6C9093,10,Plains,,31526,0,True,0,Europe,1,,0
275,Nantes,5994.0,2065.0,1,18,18,France,#6C9093,14,Urban,,53298,10,True,0,Europe,6,10721,0
276,La Rochelle,6019.0,2165.0,2,18,18,France,#6C9093,10,Plains,,48429,0,True,0,Europe,5,2950,0
277,Toulouse,6150.0,2373.0,1,18,18,France,#6C9093,11,Hills,Mediterranean,44779,0,True,0,Europe,1,,0
278,Bayonne,5961.0,2325.0,1,18,18,France,#6C9093,13,Forest,,60743,0,True,0,Europe,1,,0
279,Tarbes,6059.0,2369.0,1,18,18,France,#6C9093,13,Forest,,49105,0,False,0,Europe,1,,0
280,Orléans,6179.0,2028.0,1,18,18,France,#6C9093,10,Plains,,39224,0,False,0,Europe,1,,0
281,Bourges,6207.0,2107.0,1,18,18,France,#6C9093,10,Plains,,46724,0,False,0,Europe,5,3057,0
282,Mâcon,6306.0,2192.0,1,18,18,France,#6C9093,11,Hills,,44530,0,False,0,Europe,1,,0
283,Dijon,6334.0,2116.0,1,18,18,France,#6C9093,11,Hills,,41831,0,False,0,Europe,1,,0
284,Strasbourg,6394.0,2036.0,1,18,18,France,#6C9093,11,Hills,,61732,0,False,0,Europe,1,,0
285,Nancy,6338.0,1990.0,1,18,18,France,#6C9093,13,Forest,,34341,0,False,0,Europe,1,,0
286,Reims,6263.0,1958.0,1,18,18,France,#6C9093,10,Plains,,64183,0,False,0,Europe,1,,0
287,Auxerre,6275.0,2047.0,1,18,18,France,#6C9093,11,Hills,,63875,0,False,0,Europe,1,,0
288,Le Mans,6074.0,2009.0,1,18,18,France,#6C9093,10,Plains,,36988,0,True,0,Europe,5,3862,0
289,Poitiers,6126.0,2141.0,1,18,18,France,#6C9093,10,Plains,,44666,0,False,0,Europe,5,3198,0
290,Limoges,6147.0,2211.0,1,18,18,France,#6C9093,10,Plains,,50853,0,False,0,Europe,6,2809,0
291,Saint Étienne,6273.0,2271.0,1,18,18,France,#6C9093,12,Mountain,,53331,0,False,0,Europe,1,,19
292,Avignon,6285.0,2359.0,1,18,18,France,#6C9093,10,Plains,Mediterranean,45692,0,True,0,Europe,1,,0
293,Grenoble,6368.0,2324.0,1,18,18,France,#6C9093,12,Mountain,Mediterranean,34242,0,True,0,Europe,1,,9
294,Madrid,5822.0,2564.0,1,24,24,Spain,#CCA373,14,Urban,Mediterranean,264355,10,False,0,Europe,6,2162,0
295,Murcia,5907.0,2751.0,1,24,24,Spain,#CCA373,11,Hills,Mediterranean,46327,0,True,0,Europe,1,,0
296,Sevilla,5643.0,2743.0,1,24,24,Spain,#CCA373,14,Urban,Mediterranean,215237,10,False,0,Europe,2,2655,0
297,Bilbao,5872.0,2351.0,1,24,24,Spain,#CCA373,14,Urban,,254660,10,True,0,Europe,5,2244,0
298,Barcelona,6115.0,2539.0,1,24,24,Spain,#CCA373,14,Urban,Mediterranean,320221,10,True,0,Europe,5,1784,0
299,Lugo,5619.0,2301.0,1,24,24,Spain,#CCA373,12,Mountain,,47365,0,True,0,Europe,1,,4
300,Vigo,5554.0,2327.0,1,24,24,Spain,#CCA373,11,Hills,,36316,0,True,0,Europe,1,,0
301,León,5783.0,2382.0,1,24,24,Spain,#CCA373,11,Hills,,81200,0,True,0,Europe,1,,0
302,Pamplona,5935.0,2398.0,1,24,24,Spain,#CCA373,12,Mountain,,69840,0,True,0,Europe,1,,9
303,Zaragoza,5976.0,2523.0,1,24,24,Spain,#CCA373,10,Plains,Mediterranean,35677,0,True,0,Europe,2,4004,0
304,Lleida,6051.0,2507.0,1,24,24,Spain,#CCA373,12,Mountain,,61087,0,True,0,Europe,1,,10
305,Valencia,5945.0,2681.0,1,24,24,Spain,#CCA373,14,Urban,Mediterranean,39020,10,True,0,Europe,2,14645,0
306,Cuenca,5883.0,2606.0,1,24,24,Spain,#CCA373,10,Plains,Mediterranean,55133,0,False,0,Europe,6,2591,0
307,Malaga,5689.0,2812.0,1,24,24,Spain,#CCA373,11,Hills,Mediterranean,79435,0,True,0,Europe,1,,0
308,Cádiz,5617.0,2822.0,1,24,24,Spain,#CCA373,10,Plains,Mediterranean,42072,0,True,0,Europe,5,3396,0
309,Cáceres,5638.0,2613.0,1,24,24,Spain,#CCA373,11,Hills,Mediterranean,82664,0,False,0,Europe,1,,0
310,Budapest,7036.0,2119.0,1,7,7,Romania,#82441D,14,Urban,,300981,10,False,0,Europe,2,1899,0
311,Córdoba,5695.0,2711.0,1,24,24,Spain,#CCA373,10,Plains,Mediterranean,47187,0,False,0,Europe,6,3027,0
312,Huelva,5574.0,2731.0,1,24,24,Spain,#CCA373,10,Plains,Mediterranean,54886,0,True,0,Europe,1,,0
313,Granada,5764.0,2776.0,1,24,24,Spain,#CCA373,12,Mountain,Mediterranean,60790,0,True,0,Europe,1,,3
314,Toledo,5811.0,2611.0,1,24,24,Spain,#CCA373,13,Forest,Mediterranean,52320,0,False,0,Europe,1,,0
315,Jaén,5772.0,2727.0,1,24,24,Spain,#CCA373,10,Plains,Mediterranean,40340,0,False,0,Europe,1,,0
316,Salamanca,5687.0,2514.0,1,24,24,Spain,#CCA373,10,Plains,Mediterranean,44357,0,False,0,Europe,6,3221,0
317,Ávila,5757.0,2571.0,1,24,24,Spain,#CCA373,11,Hills,Mediterranean,76317,0,False,0,Europe,1,,0
318,Valladolid,5781.0,2487.0,1,24,24,Spain,#CCA373,11,Hills,Mediterranean,57178,0,False,0,Europe,1,,0
319,Zamora,5714.0,2458.0,1,24,24,Spain,#CCA373,10,Plains,,102707,0,False,0,Europe,6,1391,0
320,Guymon,2366.0,2286.0,1,51,51,Oklahoma,#9B6A28,10,Plains,Grassland,61919,0,False,1,North America,1,,0
321,Woodward,2462.0,2310.0,1,51,51,Oklahoma,#9B6A28,13,Forest,,48712,0,False,1,North America,1,,0
322,Oklahoma City,2555.0,2362.0,1,51,51,Oklahoma,#9B6A28,14,Urban,,271842,10,False,1,North America,2,2102,0
323,Lawton,2487.0,2410.0,1,51,51,Oklahoma,#9B6A28,11,Hills,,28858,0,False,1,North America,2,4950,0
324,Tulsa,2638.0,2320.0,1,51,51,Oklahoma,#9B6A28,11,Hills,,65662,0,False,1,North America,5,2176,0
325,McAlester,2636.0,2387.0,1,51,51,Oklahoma,#9B6A28,11,Hills,,41446,0,False,1,North America,6,3447,0
326,Norman,2559.0,2389.0,1,51,51,Oklahoma,#9B6A28,11,Hills,,45644,0,False,1,North America,5,3130,0
327,Durant,2609.0,2450.0,1,51,51,Oklahoma,#9B6A28,11,Hills,,54010,0,False,1,North America,1,,0
328,Enid,2518.0,2308.0,1,51,51,Oklahoma,#9B6A28,10,Plains,,43289,0,False,1,North America,1,,0
329,Ponca City,2579.0,2283.0,1,51,51,Oklahoma,#9B6A28,10,Plains,,42222,0,False,1,North America,6,3383,0
330,Miskolc,7141.0,2061.0,1,7,7,Romania,#82441D,13,Forest,,65146,0,False,0,Europe,1,,0
331,Vác,7057.0,2080.0,1,7,7,Romania,#82441D,13,Forest,,77850,0,False,0,Europe,1,,0
332,Györ,6966.0,2104.0,1,7,7,Romania,#82441D,10,Plains,,74424,0,False,0,Europe,6,1920,0
333,Pécs,7002.0,2200.0,1,7,7,Romania,#82441D,10,Plains,,68719,0,False,0,Europe,1,,0
334,Keszthely,6939.0,2155.0,1,7,7,Romania,#82441D,11,Hills,,64109,0,False,0,Europe,1,,0
335,Debrecen,7164.0,2116.0,1,7,7,Romania,#82441D,13,Forest,,64924,0,False,0,Europe,1,,0
336,Gyula,7143.0,2177.0,1,7,7,Romania,#82441D,11,Hills,,54086,0,False,0,Europe,1,,0
337,Timisoara,7183.0,2194.0,1,7,7,Romania,#82441D,14,Urban,,302962,10,False,0,Europe,6,1886,0
338,Bucharest,7388.0,2240.0,1,7,7,Romania,#82441D,14,Urban,,310006,10,True,0,Europe,5,1843,0
339,Iași,7465.0,2055.0,1,7,7,Romania,#82441D,14,Urban,,373051,10,False,0,Europe,2,1532,0
340,Constanța,7452.0,2248.0,1,7,7,Romania,#82441D,10,Plains,Mediterranean,63883,0,True,0,Europe,6,2236,0
341,Tulcea,7482.0,2153.0,1,7,7,Romania,#82441D,14,Urban,Mediterranean,46628,10,True,0,Europe,5,12255,0
342,Chișinău,7520.0,2061.0,1,7,7,Romania,#82441D,13,Forest,Mediterranean,31477,0,True,0,Europe,1,,0
343,Botoșani,7415.0,1999.0,1,7,7,Romania,#82441D,11,Hills,,61237,0,False,0,Europe,1,,0
344,Deva,7280.0,2182.0,1,7,7,Romania,#82441D,12,Mountain,,45130,0,False,0,Europe,6,3165,12
345,Pitești,7332.0,2211.0,1,7,7,Romania,#82441D,10,Plains,,54719,0,False,0,Europe,2,2611,0
346,Reșița,7197.0,2230.0,1,7,7,Romania,#82441D,12,Mountain,,67712,0,False,0,Europe,1,,7
347,Craiova,7306.0,2280.0,1,7,7,Romania,#82441D,10,Plains,,47473,0,False,0,Europe,5,3009,0
348,Satu Mare,7255.0,2070.0,1,7,7,Romania,#82441D,12,Mountain,,56760,0,False,0,Europe,1,,8
349,Zalău,7264.0,2130.0,1,7,7,Romania,#82441D,12,Mountain,,40353,0,False,0,Europe,1,,11
350,Ploiești,7390.0,2206.0,1,7,7,Romania,#82441D,13,Forest,Mediterranean,63177,0,False,0,Europe,1,,0
351,Bacău,7434.0,2089.0,1,7,7,Romania,#82441D,11,Hills,Mediterranean,54913,0,False,0,Europe,1,,0
352,Suceava,7365.0,2009.0,1,7,7,Romania,#82441D,10,Plains,,44688,0,False,0,Europe,6,3197,0
353,Târgu-Mureș,7355.0,2103.0,1,7,7,Romania,#82441D,12,Mountain,,60271,0,False,0,Europe,1,,7
354,Zagreb,6895.0,2267.0,1,17,17,Yugoslavia,#7A8150,14,Urban,,292690,10,False,0,Europe,2,1952,0
355,Dubrovnik,7027.0,2474.0,1,17,17,Yugoslavia,#7A8150,14,Urban,Mediterranean,321188,10,True,0,Europe,6,1779,0
356,Seattle,1329.0,1565.0,1,31,31,Northwest USA,#80A37E,14,Urban,Boreal,234504,10,True,1,North America,5,2437,0
357,Sarajevo,7001.0,2382.0,1,17,17,Yugoslavia,#7A8150,14,Urban,,392098,10,False,0,Europe,2,1457,0
358,Belgrad,7073.0,2285.0,1,17,17,Yugoslavia,#7A8150,14,Urban,,156036,10,False,0,Europe,6,3662,0
359,Mostar,6981.0,2432.0,1,17,17,Yugoslavia,#7A8150,12,Mountain,,43281,0,True,0,Europe,6,3301,6
360,Tuzla,7014.0,2330.0,1,17,17,Yugoslavia,#7A8150,11,Hills,,61302,0,False,0,Europe,1,,0
361,Zenica,6971.0,2358.0,1,17,17,Yugoslavia,#7A8150,11,Hills,,47505,0,False,0,Europe,1,,0
362,Banja Luka,6940.0,2317.0,1,17,17,Yugoslavia,#7A8150,11,Hills,,76281,0,False,0,Europe,1,,0
363,Šibenik,6901.0,2403.0,1,17,17,Yugoslavia,#7A8150,11,Hills,Mediterranean,62065,0,True,0,Europe,1,,0
364,Novi Sad,7062.0,2241.0,1,17,17,Yugoslavia,#7A8150,13,Forest,,82408,0,False,0,Europe,1,,0
365,Vršac,7145.0,2260.0,1,17,17,Yugoslavia,#7A8150,10,Plains,,63100,0,False,0,Europe,2,2264,0
366,Šabac,7027.0,2278.0,1,17,17,Yugoslavia,#7A8150,10,Plains,,61206,0,False,0,Europe,1,,0
367,Slavonski Brod,6978.0,2281.0,1,17,17,Yugoslavia,#7A8150,13,Forest,,74923,0,False,0,Europe,1,,0
368,Maribor,6875.0,2200.0,1,17,17,Yugoslavia,#7A8150,11,Hills,,63012,0,False,0,Europe,1,,0
369,Ljubljana,6797.0,2231.0,1,17,17,Yugoslavia,#7A8150,12,Mountain,,65511,0,False,0,Europe,5,2181,10
370,Rijeka,6816.0,2308.0,1,17,17,Yugoslavia,#7A8150,11,Hills,,52500,0,True,0,Europe,1,,0
371,Zadar,6861.0,2353.0,1,17,17,Yugoslavia,#7A8150,14,Urban,Mediterranean,47890,10,True,0,Europe,5,11932,0
372,Negotin,7244.0,2314.0,1,17,17,Yugoslavia,#7A8150,12,Mountain,,58402,0,False,0,Europe,5,2446,10
373,Kragujevac,7118.0,2335.0,1,17,17,Yugoslavia,#7A8150,10,Plains,,33940,0,False,0,Europe,5,4209,0
374,Niš,7184.0,2389.0,1,17,17,Yugoslavia,#7A8150,13,Forest,,52169,0,False,0,Europe,1,,0
375,Skopje,7150.0,2453.0,1,17,17,Yugoslavia,#7A8150,11,Hills,,43899,0,False,0,Europe,1,,0
376,Pristina,7112.0,2421.0,1,17,17,Yugoslavia,#7A8150,11,Hills,,41613,0,False,0,Europe,1,,0
377,Podgorica,7066.0,2481.0,1,17,17,Yugoslavia,#7A8150,12,Mountain,Mediterranean,82184,0,True,0,Europe,5,1738,5
378,Užice,7065.0,2382.0,1,17,17,Yugoslavia,#7A8150,11,Hills,,76277,0,False,0,Europe,1,,0
379,Sofia,7278.0,2397.0,1,8,8,Bulgaria,#728476,14,Urban,,244625,10,False,0,Europe,6,2336,0
380,Vratsa,7298.0,2352.0,1,8,8,Bulgaria,#728476,12,Mountain,,44578,0,False,0,Europe,2,3205,11
381,Gorna Dzhumaya,7290.0,2463.0,1,8,8,Bulgaria,#728476,11,Hills,,46625,0,False,0,Europe,5,3064,0
382,Plovdiv,7348.0,2442.0,1,8,8,Bulgaria,#728476,10,Plains,Mediterranean,41872,0,False,0,Europe,1,,0
383,Pleven,7350.0,2330.0,1,8,8,Bulgaria,#728476,12,Mountain,Mediterranean,74231,0,False,0,Europe,5,1924,7
384,Tarnovo,7374.0,2363.0,1,8,8,Bulgaria,#728476,10,Plains,Mediterranean,37093,0,False,0,Europe,1,,0
385,Varna,7432.0,2346.0,1,8,8,Bulgaria,#728476,10,Plains,Mediterranean,73186,0,True,0,Europe,6,1952,0
386,Burgas,7419.0,2413.0,1,8,8,Bulgaria,#728476,13,Forest,,40228,0,True,0,Europe,2,3551,0
387,Thessaloniki,7244.0,2579.0,1,10,10,Greece,#6D8F93,14,Urban,Mediterranean,273640,10,True,0,Europe,2,2088,0
388,Athens,7306.0,2734.0,1,10,10,Greece,#6D8F93,14,Urban,Mediterranean,278013,10,True,0,Europe,5,2055,0
389,Trikala,7197.0,2652.0,1,10,10,Greece,#6D8F93,14,Urban,,443354,10,False,0,Europe,5,1289,0
390,Sparti,7252.0,2798.0,1,10,10,Greece,#6D8F93,14,Urban,Mediterranean,187764,10,True,0,Europe,6,3043,0
391,Ioannina,7159.0,2634.0,1,10,10,Greece,#6D8F93,12,Mountain,Mediterranean,36430,0,True,0,Europe,1,,4
392,Xanthi,7326.0,2523.0,1,10,10,Greece,#6D8F93,12,Mountain,Mediterranean,58460,0,True,0,Europe,1,,7
393,Kalamaria,7262.0,2593.0,1,10,10,Greece,#6D8F93,13,Forest,Mediterranean,72251,0,True,0,Europe,1,,0
394,Serres,7261.0,2538.0,1,10,10,Greece,#6D8F93,12,Mountain,Mediterranean,65687,0,True,0,Europe,1,,5
395,Edessa,7219.0,2548.0,1,10,10,Greece,#6D8F93,11,Hills,,76769,0,False,0,Europe,1,,0
396,Kastoria,7189.0,2559.0,1,10,10,Greece,#6D8F93,11,Hills,,64096,0,False,0,Europe,1,,0
397,Grevena,7189.0,2611.0,1,10,10,Greece,#6D8F93,13,Forest,,72315,0,True,0,Europe,1,,0
398,Kalabaka,7193.0,2637.0,1,10,10,Greece,#6D8F93,10,Plains,,53382,0,False,0,Europe,2,2676,0
399,Arta,7171.0,2679.0,1,10,10,Greece,#6D8F93,10,Plains,Mediterranean,51115,0,True,0,Europe,1,,0
400,Corfu,7117.0,2669.0,1,10,10,Greece,#6D8F93,11,Hills,Mediterranean,74443,0,True,0,Europe,1,,0
401,Larissa,7226.0,2643.0,1,10,10,Greece,#6D8F93,10,Plains,Mediterranean,75608,0,True,0,Europe,6,1889,0
402,Volos,7257.0,2659.0,1,10,10,Greece,#6D8F93,10,Plains,Mediterranean,35039,0,True,0,Europe,5,4077,0
403,Karditsa,7201.0,2671.0,1,10,10,Greece,#6D8F93,13,Forest,Mediterranean,61030,0,False,0,Europe,1,,0
404,Lamia,7239.0,2686.0,1,10,10,Greece,#6D8F93,10,Plains,Mediterranean,53868,0,True,0,Europe,2,2652,0
405,Patras,7229.0,2743.0,2,10,10,Greece,#6D8F93,11,Hills,Mediterranean,66671,0,True,0,Europe,1,,0
406,Githio,7267.0,2813.0,2,10,10,Greece,#6D8F93,10,Plains,Mediterranean,67682,0,True,0,Europe,2,2111,0
407,Agrinio,7200.0,2718.0,2,10,10,Greece,#6D8F93,10,Plains,Mediterranean,44696,0,True,0,Europe,1,,0
408,Thiva,7277.0,2718.0,2,10,10,Greece,#6D8F93,10,Plains,Mediterranean,39652,0,True,0,Europe,2,3603,0
409,Heraklion,7420.0,2929.0,1,10,10,Greece,#6D8F93,14,Urban,Mediterranean,74543,10,True,0,Europe,6,7666,0
410,Rhodes,7514.0,2780.0,2,16,16,Italy,#90AE77,12,Mountain,Mediterranean,55654,0,True,0,Europe,1,,0
411,Ankara,7714.0,2518.0,1,9,9,Turkey,#8F7B44,14,Urban,Mediterranean,394754,10,False,0,Europe,6,1448,0
412,Istanbul,7488.0,2485.0,1,9,9,Turkey,#8F7B44,14,Urban,,198301,10,True,0,Europe,6,2882,0
413,Adana,7813.0,2663.0,1,9,9,Turkey,#8F7B44,11,Hills,,53800,0,True,8,Asia,1,,0
414,Izmir,7453.0,2668.0,1,9,9,Turkey,#8F7B44,14,Urban,Mediterranean,265669,10,True,8,Asia,2,2151,0
415,Kars,8066.0,2373.0,1,9,9,Turkey,#8F7B44,12,Mountain,,36557,0,True,8,Asia,1,,15
416,Van,8086.0,2471.0,1,9,9,Turkey,#8F7B44,11,Hills,,33973,0,False,8,Asia,1,,0
417,Siirt,8027.0,2523.0,1,9,9,Turkey,#8F7B44,11,Hills,Mediterranean,62388,0,False,8,Asia,1,,0
418,Erzurum,7979.0,2429.0,1,9,9,Turkey,#8F7B44,12,Mountain,,58885,0,True,8,Asia,6,2426,9
419,Ordu,7807.0,2384.0,1,9,9,Turkey,#8F7B44,13,Forest,,46153,0,True,8,Asia,1,,0
420,Çorum,7755.0,2470.0,1,9,9,Turkey,#8F7B44,11,Hills,Mediterranean,52646,0,False,8,Asia,1,,0
421,Bafra,7730.0,2387.0,1,9,9,Turkey,#8F7B44,10,Plains,,36739,0,True,8,Asia,1,,0
422,Bolu,7619.0,2477.0,1,9,9,Turkey,#8F7B44,11,Hills,,46126,0,True,8,Asia,1,,0
423,Eskişehir,7605.0,2557.0,1,9,9,Turkey,#8F7B44,14,Urban,Mediterranean,64067,10,False,8,Asia,5,8919,0
424,Bursa,7508.0,2559.0,1,9,9,Turkey,#8F7B44,10,Plains,,46105,0,True,8,Asia,2,3099,0
425,Malatya,7879.0,2490.0,1,9,9,Turkey,#8F7B44,12,Mountain,Mediterranean,58595,0,False,8,Asia,5,2438,7
426,Balıkesir,7459.0,2598.0,1,9,9,Turkey,#8F7B44,13,Forest,Mediterranean,47755,0,True,8,Asia,1,,0
427,Aydın,7488.0,2691.0,1,9,9,Turkey,#8F7B44,10,Plains,Mediterranean,55053,0,True,8,Asia,5,2595,0
428,Antalya,7605.0,2712.0,1,9,9,Turkey,#8F7B44,11,Hills,Mediterranean,63478,0,True,8,Asia,1,,0
429,Mardin,7944.0,2597.0,1,9,9,Turkey,#8F7B44,11,Hills,Mediterranean,33389,0,False,8,Asia,1,,0
430,Konya,7655.0,2620.0,1,9,9,Turkey,#8F7B44,10,Plains,Mediterranean,33999,0,False,8,Asia,5,4202,0
431,Kütahya,7557.0,2600.0,1,9,9,Turkey,#8F7B44,11,Hills,Mediterranean,58577,0,False,8,Asia,1,,0
432,Mersin,7778.0,2691.0,1,9,9,Turkey,#8F7B44,14,Urban,,370685,10,True,8,Asia,2,1542,0
433,Karaman,7714.0,2686.0,1,9,9,Turkey,#8F7B44,13,Forest,,46674,0,True,8,Asia,1,,0
434,Kırşehir,7748.0,2552.0,1,9,9,Turkey,#8F7B44,11,Hills,Mediterranean,51897,0,False,8,Asia,1,,0
435,Aksaray,7742.0,2613.0,1,9,9,Turkey,#8F7B44,11,Hills,Mediterranean,63464,0,False,8,Asia,1,,0
436,Gaziantep,7858.0,2635.0,1,9,9,Turkey,#8F7B44,11,Hills,Mediterranean,51595,0,False,8,Asia,1,,0
437,Çorlu,7443.0,2490.0,1,9,9,Turkey,#8F7B44,10,Plains,Mediterranean,40272,0,True,0,Europe,5,3547,0
438,Portland,1271.0,1645.0,1,31,31,Northwest USA,#80A37E,14,Urban,,196099,10,False,1,North America,2,2914,0
439,Spokane,1534.0,1537.0,1,31,31,Northwest USA,#80A37E,14,Urban,,222349,10,True,1,North America,2,2570,0
440,Boise,1617.0,1833.0,1,31,31,Northwest USA,#80A37E,14,Urban,Mediterranean,617362,10,False,1,North America,5,926,0
441,Nampa,1586.0,1856.0,1,31,31,Northwest USA,#80A37E,13,Forest,Mediterranean,36484,0,False,1,North America,1,,0
442,Idaho Falls,1801.0,1829.0,1,31,31,Northwest USA,#80A37E,12,Mountain,Mediterranean,64169,0,False,1,North America,6,2226,3
443,Pocatello,1789.0,1896.0,1,31,31,Northwest USA,#80A37E,12,Mountain,Mediterranean,56486,0,False,1,North America,1,,4
444,Burley,1684.0,1909.0,1,31,31,Northwest USA,#80A37E,11,Hills,Desert,53647,0,False,1,North America,1,,0
445,Carey,1678.0,1844.0,1,31,31,Northwest USA,#80A37E,11,Hills,Mediterranean,54344,0,False,1,North America,1,,0
446,Stanley,1683.0,1753.0,1,31,31,Northwest USA,#80A37E,11,Hills,Boreal,57786,0,False,1,North America,1,,0
447,Baker City,1525.0,1765.0,1,31,31,Northwest USA,#80A37E,10,Plains,Mediterranean,43686,0,False,1,North America,2,3270,0
448,Bend,1415.0,1787.0,1,31,31,Northwest USA,#80A37E,12,Mountain,Mediterranean,70675,0,False,1,North America,6,2021,8
449,Eugene,1275.0,1784.0,1,31,31,Northwest USA,#80A37E,13,Forest,,67615,0,True,1,North America,1,,4
450,Medford,1296.0,1927.0,1,31,31,Northwest USA,#80A37E,14,Urban,,53522,10,False,1,North America,6,10677,0
451,Salem (OR),1271.0,1691.0,1,31,31,Northwest USA,#80A37E,13,Forest,,63268,0,True,1,North America,1,,0
452,Tacoma,1298.0,1606.0,1,31,31,Northwest USA,#80A37E,13,Forest,Boreal,47469,0,True,1,North America,1,,0
453,Burns,1506.0,1840.0,1,31,31,Northwest USA,#80A37E,10,Plains,Mediterranean,80606,0,False,1,North America,1,,0
454,Klamath Falls,1386.0,1917.0,1,31,31,Northwest USA,#80A37E,10,Plains,Mediterranean,38114,0,False,1,North America,5,3748,2
455,Yakima,1405.0,1602.0,1,31,31,Northwest USA,#80A37E,12,Mountain,Boreal,50328,0,True,1,North America,6,2839,5
456,Everett,1335.0,1530.0,1,31,31,Northwest USA,#80A37E,12,Mountain,Boreal,84804,0,True,1,North America,6,1685,5
457,Lewiston,1573.0,1632.0,1,31,31,Northwest USA,#80A37E,11,Hills,Boreal,69822,0,False,1,North America,1,,0
458,Kennewick,1501.0,1649.0,1,31,31,Northwest USA,#80A37E,13,Forest,Mediterranean,49605,0,True,1,North America,1,,0
459,Coeur d'Alene,1586.0,1535.0,1,31,31,Northwest USA,#80A37E,11,Hills,Boreal,63957,0,False,1,North America,1,,0
460,Omak,1470.0,1489.0,1,31,31,Northwest USA,#80A37E,13,Forest,Boreal,37312,0,False,1,North America,1,,0
461,Vancouver,1279.0,1430.0,1,30,30,British Columbia,#ADA365,14,Urban,Boreal,229982,10,True,1,North America,6,2485,0
462,Bismarck,2396.0,1606.0,1,43,43,North USA,#F0CE8E,14,Urban,,377545,10,False,1,North America,6,1514,0
463,Sioux Falls,2588.0,1827.0,1,43,43,North USA,#F0CE8E,14,Urban,,277188,10,False,1,North America,2,2062,0
464,Minneapolis,2767.0,1725.0,1,43,43,North USA,#F0CE8E,14,Urban,,260519,10,False,1,North America,6,2193,0
465,Fargo,2583.0,1592.0,1,43,43,North USA,#F0CE8E,14,Urban,,279057,10,False,1,North America,2,2048,0
466,Rochester (MN),2791.0,1807.0,1,43,43,North USA,#F0CE8E,10,Plains,,86003,0,False,1,North America,5,1661,0
467,Mankato,2663.0,1805.0,1,43,43,North USA,#F0CE8E,10,Plains,,77599,0,False,1,North America,5,1841,0
468,St. Cloud,2686.0,1685.0,1,43,43,North USA,#F0CE8E,11,Hills,,87370,0,False,1,North America,1,,0
469,Duluth,2818.0,1599.0,1,43,43,North USA,#F0CE8E,13,Forest,Boreal,83754,0,True,1,North America,1,,0
470,Bemidji,2687.0,1561.0,1,43,43,North USA,#F0CE8E,13,Forest,Boreal,61576,0,False,1,North America,1,,0
471,Alexandria (MN),2622.0,1638.0,1,43,43,North USA,#F0CE8E,10,Plains,,48686,0,False,1,North America,5,2934,0
472,Grand Forks,2580.0,1512.0,1,43,43,North USA,#F0CE8E,13,Forest,Boreal,80447,0,False,1,North America,1,,0
473,Rugby,2440.0,1513.0,1,43,43,North USA,#F0CE8E,10,Plains,,78884,0,False,1,North America,5,1811,0
474,Williston,2269.0,1519.0,1,43,43,North USA,#F0CE8E,10,Plains,,60740,0,False,1,North America,1,,0
475,Dickinson,2309.0,1616.0,1,43,43,North USA,#F0CE8E,10,Plains,,74203,0,False,1,North America,2,1925,0
476,Jamestown (ND),2486.0,1609.0,1,43,43,North USA,#F0CE8E,10,Plains,,40301,0,False,1,North America,1,,0
477,Ipswich (SD),2508.0,1719.0,1,43,43,North USA,#F0CE8E,14,Urban,,39255,10,False,1,North America,5,14557,0
478,Mobridge,2401.0,1704.0,1,43,43,North USA,#F0CE8E,11,Hills,,68462,0,False,1,North America,1,,0
479,Mitchell,2512.0,1827.0,1,43,43,North USA,#F0CE8E,10,Plains,,37169,0,False,1,North America,6,3843,0
480,Murdo,2399.0,1818.0,1,43,43,North USA,#F0CE8E,11,Hills,,42351,0,False,1,North America,1,,0
481,Redig,2263.0,1729.0,1,43,43,North USA,#F0CE8E,10,Plains,,71911,0,False,1,North America,1,,0
482,Rapid City,2297.0,1803.0,1,43,43,North USA,#F0CE8E,13,Forest,Mediterranean,94880,0,False,1,North America,1,,0
483,Las Vegas,1684.0,2304.0,1,32,32,California,#BF794E,14,Urban,Mediterranean,343485,10,True,1,North America,6,1664,0
484,Los Angeles,1518.0,2430.0,1,32,32,California,#BF794E,14,Urban,Mediterranean,189958,10,True,1,North America,6,3008,0
485,San Francisco,1309.0,2247.0,1,32,32,California,#BF794E,14,Urban,Mediterranean,328854,10,True,1,North America,2,1738,0
486,Sacramento,1362.0,2197.0,1,32,32,California,#BF794E,10,Plains,,56512,0,False,1,North America,5,2528,0
487,San Diego,1576.0,2501.0,1,32,32,California,#BF794E,14,Urban,Mediterranean,171636,10,True,1,North America,2,3329,0
488,Anaheim,1538.0,2455.0,1,32,32,California,#BF794E,10,Plains,Mediterranean,46895,0,True,1,North America,5,3046,0
489,Bakersfield,1460.0,2373.0,1,32,32,California,#BF794E,12,Mountain,Mediterranean,42694,0,True,1,North America,1,,8
490,El Centro,1658.0,2512.0,1,32,32,California,#BF794E,10,Plains,Desert,42168,0,True,1,North America,5,3388,0
491,Palm Springs,1646.0,2437.0,1,32,32,California,#BF794E,10,Plains,Desert,50779,0,True,1,North America,6,2813,0
492,Henderson,1675.0,2340.0,1,32,32,California,#BF794E,11,Hills,Desert,38061,0,True,1,North America,1,,0
493,Crystal Springs,1675.0,2234.0,1,32,32,California,#BF794E,11,Hills,Desert,37481,0,False,1,North America,1,,0
494,Ely,1671.0,2119.0,1,32,32,California,#BF794E,10,Plains,Desert,39609,0,False,1,North America,1,,0
495,Elko,1605.0,2009.0,1,32,32,California,#BF794E,11,Hills,Desert,38591,0,False,1,North America,1,,0
496,Battle Mountain,1548.0,2023.0,1,32,32,California,#BF794E,11,Hills,Mediterranean,47986,0,False,1,North America,1,,0
497,Reno,1461.0,2123.0,1,32,32,California,#BF794E,14,Urban,Mediterranean,41799,10,False,1,North America,5,13671,7
498,Eureka,1223.0,2026.0,1,32,32,California,#BF794E,12,Mountain,,60873,0,True,1,North America,1,,11
499,Salinas,1340.0,2282.0,1,32,32,California,#BF794E,12,Mountain,Mediterranean,74722,0,True,1,North America,1,,5
500,Redding,1340.0,2052.0,1,32,32,California,#BF794E,12,Mountain,,54614,0,False,1,North America,1,,12
501,Santa Rosa (CA),1277.0,2158.0,1,32,32,California,#BF794E,12,Mountain,,53409,0,True,1,North America,1,,9
502,Chico,1340.0,2111.0,1,32,32,California,#BF794E,10,Plains,,47420,0,False,1,North America,2,3013,0
503,Merced,1402.0,2239.0,1,32,32,California,#BF794E,10,Plains,Mediterranean,68991,0,False,1,North America,1,,0
504,Fresno,1412.0,2334.0,1,32,32,California,#BF794E,12,Mountain,Mediterranean,69671,0,True,1,North America,1,,7
505,Tonopah,1580.0,2233.0,1,32,32,California,#BF794E,12,Mountain,Mediterranean,31236,0,False,1,North America,1,,7
506,Austin (NV),1553.0,2119.0,1,32,32,California,#BF794E,11,Hills,Mediterranean,37731,0,False,1,North America,1,,2
507,Olancha,1547.0,2322.0,1,32,32,California,#BF794E,12,Mountain,Mediterranean,76174,0,False,1,North America,1,,7
508,Bishop,1502.0,2227.0,1,32,32,California,#BF794E,10,Plains,Mediterranean,45323,0,False,1,North America,5,3152,2
509,Salt Lake City,1836.0,2019.0,1,45,45,Colorado,#6990A4,14,Urban,Mediterranean,254335,10,False,1,North America,5,2247,0
510,Denver,2166.0,2076.0,1,45,45,Colorado,#6990A4,14,Urban,Mediterranean,462893,10,False,1,North America,2,1234,0
511,Cheyenne,2171.0,1979.0,1,45,45,Colorado,#6990A4,14,Urban,Mediterranean,215373,10,False,1,North America,6,2653,0
512,Ogden,1827.0,1976.0,1,45,45,Colorado,#6990A4,12,Mountain,Grassland,62543,0,False,1,North America,1,,6
513,Provo,1838.0,2062.0,1,45,45,Colorado,#6990A4,11,Hills,Desert,68711,0,False,1,North America,1,,0
514,Cedar City,1792.0,2214.0,1,45,45,Colorado,#6990A4,11,Hills,Desert,61144,0,True,1,North America,1,,0
515,Richfield,1826.0,2132.0,1,45,45,Colorado,#6990A4,10,Plains,Desert,51778,0,False,1,North America,1,,0
516,Delta,1766.0,2104.0,1,45,45,Colorado,#6990A4,10,Plains,Desert,38868,0,False,1,North America,6,3675,0
517,Vernal,1922.0,2037.0,1,45,45,Colorado,#6990A4,12,Mountain,Mediterranean,66425,0,False,1,North America,1,,7
518,Fort Collins,2164.0,2009.0,1,45,45,Colorado,#6990A4,10,Plains,Grassland,41785,0,False,1,North America,5,3419,0
519,Casper,2100.0,1918.0,1,45,45,Colorado,#6990A4,10,Plains,Grassland,69891,0,False,1,North America,1,,0
520,Gilette,2161.0,1792.0,1,45,45,Colorado,#6990A4,10,Plains,Grassland,43862,0,False,1,North America,2,3257,0
521,Sheridan,2047.0,1762.0,1,45,45,Colorado,#6990A4,11,Hills,Mediterranean,67967,0,False,1,North America,1,,0
522,Jackson (WY),1909.0,1820.0,1,45,45,Colorado,#6990A4,12,Mountain,Mediterranean,60622,0,False,1,North America,1,,7
523,Afton,1898.0,1905.0,1,45,45,Colorado,#6990A4,11,Hills,Mediterranean,58019,0,False,1,North America,1,,0
524,Riverton,2029.0,1899.0,1,45,45,Colorado,#6990A4,10,Plains,Grassland,66826,0,False,1,North America,1,,0
525,Glenwood Springs,2047.0,2064.0,1,45,45,Colorado,#6990A4,10,Plains,Grassland,63087,0,False,1,North America,2,2264,0
526,Sterling,2286.0,2047.0,1,45,45,Colorado,#6990A4,11,Hills,Mediterranean,57651,0,False,1,North America,1,,0
527,Colorado Springs,2167.0,2151.0,1,45,45,Colorado,#6990A4,12,Mountain,Mediterranean,44498,0,False,1,North America,1,,5
528,Pueblo,2185.0,2210.0,1,45,45,Colorado,#6990A4,12,Mountain,Mediterranean,57186,0,False,1,North America,1,,6
529,Durango (CO),2012.0,2237.0,1,45,45,Colorado,#6990A4,10,Plains,Desert,38264,0,False,1,North America,2,3733,0
530,Blanding,1915.0,2217.0,1,45,45,Colorado,#6990A4,11,Hills,Desert,56284,0,True,1,North America,1,,0
531,Grand Junction,1973.0,2139.0,1,45,45,Colorado,#6990A4,14,Urban,Mediterranean,40633,10,True,1,North America,6,14063,0
532,Kingsport,3293.0,2304.0,1,50,50,Kentucky,#7DA68E,13,Forest,,61647,0,False,1,North America,1,,0
533,Pritchett,2266.0,2233.0,1,45,45,Colorado,#6990A4,10,Plains,Grassland,33868,0,False,1,North America,2,4218,0
534,Aspen,2087.0,2153.0,1,45,45,Colorado,#6990A4,12,Mountain,Mediterranean,26230,0,False,1,North America,1,,9
535,Scottsbluff,2242.0,1964.0,1,46,46,Kansas,#CF7762,11,Hills,Mediterranean,71818,0,False,1,North America,1,,0
536,Chadron,2260.0,1901.0,1,46,46,Kansas,#CF7762,10,Plains,Grassland,36762,0,False,1,North America,1,,0
537,Valentine,2405.0,1902.0,1,46,46,Kansas,#CF7762,10,Plains,Grassland,51221,0,False,1,North America,1,,0
538,Omaha,2616.0,1977.0,1,46,46,Kansas,#CF7762,14,Urban,,387148,10,False,1,North America,2,1476,0
539,Lincoln,2569.0,2009.0,1,46,46,Kansas,#CF7762,10,Plains,,72353,0,False,1,North America,6,1974,0
540,Wichita,2531.0,2211.0,1,46,46,Kansas,#CF7762,14,Urban,,209401,10,False,1,North America,5,2729,0
541,Davenport,2884.0,1970.0,1,46,46,Kansas,#CF7762,14,Urban,,263048,10,False,1,North America,6,2172,0
542,Des Moines,2760.0,1953.0,1,46,46,Kansas,#CF7762,10,Plains,,43320,0,False,1,North America,2,3298,0
543,Cedar Rapids,2843.0,1918.0,1,46,46,Kansas,#CF7762,10,Plains,,34954,0,False,1,North America,6,4087,0
544,Mason City,2774.0,1867.0,1,46,46,Kansas,#CF7762,10,Plains,,59917,0,False,1,North America,6,2384,0
545,Fort Dodge,2707.0,1892.0,1,46,46,Kansas,#CF7762,11,Hills,,56428,0,False,1,North America,1,,0
546,Red Oak,2666.0,2010.0,1,46,46,Kansas,#CF7762,11,Hills,,41731,0,False,1,North America,1,,0
547,Ottumwa,2805.0,2011.0,1,46,46,Kansas,#CF7762,11,Hills,,56429,0,False,1,North America,1,,0
548,Fremont,2570.0,1954.0,1,46,46,Kansas,#CF7762,10,Plains,,31844,0,False,1,North America,5,4486,0
549,Avoca,2653.0,1953.0,1,46,46,Kansas,#CF7762,10,Plains,,36760,0,False,1,North America,6,3886,0
550,Kearney,2502.0,2016.0,1,46,46,Kansas,#CF7762,13,Forest,,67955,0,False,1,North America,1,,0
551,North Platte,2400.0,1986.0,1,46,46,Kansas,#CF7762,14,Urban,Mediterranean,295651,10,False,1,North America,5,1933,0
552,Colby,2395.0,2076.0,1,46,46,Kansas,#CF7762,11,Hills,Mediterranean,51250,0,False,1,North America,1,,0
553,Garden City,2403.0,2156.0,1,46,46,Kansas,#CF7762,10,Plains,Grassland,56882,0,False,1,North America,1,,0
554,Hugoton,2376.0,2244.0,1,46,46,Kansas,#CF7762,10,Plains,Grassland,64335,0,False,1,North America,1,,0
555,Hutchinson,2523.0,2164.0,1,46,46,Kansas,#CF7762,10,Plains,,31408,0,False,1,North America,1,,0
556,Emporia,2600.0,2153.0,1,46,46,Kansas,#CF7762,10,Plains,,58164,0,False,1,North America,1,,0
557,Wellington (KS),2533.0,2249.0,1,46,46,Kansas,#CF7762,11,Hills,,61968,0,False,1,North America,1,,0
558,Parsons,2655.0,2240.0,1,46,46,Kansas,#CF7762,10,Plains,,68932,0,False,1,North America,1,,0
559,Salina,2504.0,2087.0,1,46,46,Kansas,#CF7762,14,Urban,,36857,10,False,1,North America,2,15504,0
560,Topeka,2621.0,2083.0,1,46,46,Kansas,#CF7762,10,Plains,,40575,0,False,1,North America,1,,0
561,Milwaukee,3031.0,1833.0,1,42,42,Illinois,#A1562A,14,Urban,,350274,10,True,1,North America,6,1631,0
562,Chicago,3037.0,1942.0,1,42,42,Illinois,#A1562A,14,Urban,,352191,10,True,1,North America,5,1622,0
563,Indianapolis,3127.0,2086.0,1,42,42,Illinois,#A1562A,14,Urban,,244846,10,False,1,North America,6,2334,0
564,Cleveland,3316.0,1984.0,1,42,42,Illinois,#A1562A,14,Urban,,125143,10,True,1,North America,2,4566,0
565,Detroit,3270.0,1894.0,1,42,42,Illinois,#A1562A,10,Plains,,60948,0,True,1,North America,5,2344,0
566,Traverse City,3160.0,1740.0,1,42,42,Illinois,#A1562A,13,Forest,Boreal,44630,0,True,1,North America,1,,0
567,Grand Rapids (MI),3146.0,1881.0,1,42,42,Illinois,#A1562A,10,Plains,,55888,0,True,1,North America,1,,0
568,Toledo (IL),3255.0,1963.0,1,42,42,Illinois,#A1562A,10,Plains,,39644,0,True,1,North America,6,3603,0
569,South Bend,3115.0,1962.0,1,42,42,Illinois,#A1562A,10,Plains,,35656,0,True,1,North America,1,,0
570,Fort Wayne,3168.0,2012.0,1,42,42,Illinois,#A1562A,10,Plains,,51720,0,False,1,North America,2,2762,0
571,Cincinnati,3176.0,2132.0,1,42,42,Illinois,#A1562A,11,Hills,,51881,0,False,1,North America,1,,0
572,Columbus (OH),3233.0,2056.0,1,42,42,Illinois,#A1562A,14,Urban,,52515,10,False,1,North America,5,10881,0
573,Nashville,3060.0,2317.0,1,50,50,Kentucky,#7DA68E,14,Urban,,265796,10,False,1,North America,6,2150,0
574,Youngstown,3372.0,2003.0,1,42,42,Illinois,#A1562A,10,Plains,,52642,0,True,1,North America,1,,0
575,Zanesville,3294.0,2078.0,1,42,42,Illinois,#A1562A,10,Plains,,39159,0,False,1,North America,1,,0
576,Lancaster,3248.0,2109.0,1,42,42,Illinois,#A1562A,11,Hills,,61031,0,False,1,North America,1,,0
577,Bloomington,3115.0,2119.0,1,42,42,Illinois,#A1562A,11,Hills,,55352,0,False,1,North America,1,,0
578,Madison,2960.0,1835.0,1,42,42,Illinois,#A1562A,13,Forest,,48267,0,False,1,North America,1,,0
579,Green Bay,3036.0,1743.0,1,42,42,Illinois,#A1562A,10,Plains,,43165,0,True,1,North America,1,,0
580,Eau Claire,2835.0,1727.0,1,42,42,Illinois,#A1562A,13,Forest,Boreal,67632,0,True,1,North America,1,,0
581,Wausau,2933.0,1734.0,1,42,42,Illinois,#A1562A,13,Forest,Boreal,41419,0,True,1,North America,1,,0
582,Marquette,3051.0,1612.0,1,42,42,Illinois,#A1562A,13,Forest,,28434,0,True,1,North America,1,,0
583,St Louis,2905.0,2172.0,1,50,50,Kentucky,#7DA68E,14,Urban,,231467,10,False,1,North America,2,2469,0
584,Lafayette (IN),3093.0,2057.0,1,42,42,Illinois,#A1562A,10,Plains,,35576,0,False,1,North America,2,4016,0
585,Evansville,2977.0,2234.0,1,42,42,Illinois,#A1562A,10,Plains,,65501,0,False,1,North America,2,2181,0
586,Kansas City,2705.0,2143.0,1,50,50,Kentucky,#7DA68E,14,Urban,,343263,10,False,1,North America,6,1665,0
587,Champaign,3025.0,2062.0,1,42,42,Illinois,#A1562A,11,Hills,,43499,0,False,1,North America,1,,0
588,Peoria,2936.0,1998.0,1,42,42,Illinois,#A1562A,10,Plains,,31740,0,False,1,North America,2,4501,0
589,Springfield (IL),2936.0,2086.0,1,42,42,Illinois,#A1562A,13,Forest,,52249,0,False,1,North America,1,,0
590,Rockford,2969.0,1911.0,1,42,42,Illinois,#A1562A,11,Hills,,93392,0,True,1,North America,1,,0
591,Memphis,2939.0,2369.0,1,50,50,Kentucky,#7DA68E,14,Urban,,384114,10,True,1,North America,2,1488,0
592,Jackson (TN),3001.0,2340.0,1,50,50,Kentucky,#7DA68E,11,Hills,,63822,0,False,1,North America,1,,0
593,Knoxville,3140.0,2316.0,1,50,50,Kentucky,#7DA68E,10,Plains,,38082,0,False,1,North America,1,,0
594,Chattanooga,3119.0,2376.0,1,50,50,Kentucky,#7DA68E,10,Plains,,45808,0,False,1,North America,5,3119,0
595,Bowling Green,3059.0,2289.0,1,50,50,Kentucky,#7DA68E,13,Forest,,58080,0,False,1,North America,1,,0
596,Louisville,3130.0,2215.0,1,50,50,Kentucky,#7DA68E,10,Plains,,46238,0,False,1,North America,1,,0
597,El Paso,2079.0,2558.0,1,52,52,Texas,#CEC074,12,Mountain,Desert,50108,0,False,1,North America,1,,6
598,Prestonsburg,3278.0,2228.0,1,50,50,Kentucky,#7DA68E,11,Hills,,54738,0,False,1,North America,1,,0
599,Maryville,2692.0,2069.0,1,50,50,Kentucky,#7DA68E,10,Plains,,50853,0,False,1,North America,1,,0
600,Columbia,2783.0,2117.0,1,50,50,Kentucky,#7DA68E,13,Forest,,42761,0,False,1,North America,1,,0
601,Jefferson City,2818.0,2175.0,1,50,50,Kentucky,#7DA68E,10,Plains,,45481,0,False,1,North America,5,3141,0
602,Farmington (MO),2899.0,2237.0,1,50,50,Kentucky,#7DA68E,10,Plains,,71506,0,False,1,North America,2,1998,0
603,Springfield (MO),2783.0,2246.0,1,50,50,Kentucky,#7DA68E,14,Urban,,57216,10,False,1,North America,5,9987,0
604,Fayetteville (AR),2733.0,2310.0,1,50,50,Kentucky,#7DA68E,10,Plains,,53076,0,False,1,North America,1,,0
605,Conway,2804.0,2382.0,1,50,50,Kentucky,#7DA68E,11,Hills,,37518,0,False,1,North America,1,,0
606,Jonesboro,2883.0,2319.0,1,50,50,Kentucky,#7DA68E,10,Plains,,42770,0,False,1,North America,5,3340,0
607,Little Rock,2832.0,2403.0,1,50,50,Kentucky,#7DA68E,13,Forest,,76296,0,True,1,North America,1,,0
608,Fort Smith,2711.0,2366.0,1,50,50,Kentucky,#7DA68E,11,Hills,,83858,0,False,1,North America,1,,0
609,Crosset,2834.0,2494.0,1,50,50,Kentucky,#7DA68E,10,Plains,,51002,0,False,1,North America,5,2801,0
610,Harrison,2789.0,2305.0,1,50,50,Kentucky,#7DA68E,10,Plains,,44370,0,False,1,North America,6,3220,0
611,Warrensburg,2748.0,2174.0,1,50,50,Kentucky,#7DA68E,11,Hills,,72706,0,False,1,North America,1,,0
612,El Dorado,2776.0,2487.0,1,50,50,Kentucky,#7DA68E,13,Forest,,67967,0,False,1,North America,1,,0
613,Richmond,3567.0,2241.0,1,47,47,Virginia,#8A8E74,14,Urban,,511628,10,False,1,North America,2,1117,0
614,Charleston (WV),3339.0,2172.0,1,47,47,Virginia,#8A8E74,10,Plains,,57905,0,False,1,North America,1,,0
615,Abingdon,3315.0,2284.0,1,47,47,Virginia,#8A8E74,11,Hills,,43461,0,False,1,North America,1,,0
616,Norfolk,3617.0,2260.0,1,47,47,Virginia,#8A8E74,10,Plains,,37595,0,True,1,North America,1,,0
617,Charlottesville,3524.0,2178.0,1,47,47,Virginia,#8A8E74,10,Plains,,30564,0,True,1,North America,1,,0
618,Parkersburg,3374.0,2123.0,1,47,47,Virginia,#8A8E74,10,Plains,,67117,0,False,1,North America,1,,0
619,Harrisonburg,3495.0,2148.0,1,47,47,Virginia,#8A8E74,11,Hills,Boreal,31065,0,False,1,North America,1,,0
620,Lynchburg,3494.0,2240.0,1,47,47,Virginia,#8A8E74,10,Plains,,50049,0,False,1,North America,1,,0
621,Blacksburg,3399.0,2232.0,1,47,47,Virginia,#8A8E74,12,Mountain,,37277,0,False,1,North America,6,3832,4
622,Lexington (VA),3476.0,2213.0,1,47,47,Virginia,#8A8E74,13,Forest,,85819,0,False,1,North America,1,,0
623,Danville,3462.0,2288.0,1,47,47,Virginia,#8A8E74,10,Plains,,32978,0,False,1,North America,5,4332,0
624,Asheville,3283.0,2373.0,1,48,48,Carolina,#735D2D,12,Mountain,,41399,0,False,1,North America,2,3451,3
625,Charlotte,3355.0,2390.0,1,48,48,Carolina,#735D2D,14,Urban,,338271,10,False,1,North America,5,1689,0
626,Charleston (SC),3426.0,2507.0,1,48,48,Carolina,#735D2D,13,Forest,,67439,0,True,1,North America,5,2118,0
627,Wilmington,3529.0,2424.0,1,48,48,Carolina,#735D2D,10,Plains,,50569,0,True,1,North America,1,,0
628,Durham,3513.0,2315.0,1,48,48,Carolina,#735D2D,10,Plains,,42211,0,True,1,North America,1,,0
629,Greensboro,3452.0,2312.0,1,48,48,Carolina,#735D2D,10,Plains,,59399,0,False,1,North America,1,,0
630,Hickory,3339.0,2363.0,1,48,48,Carolina,#735D2D,12,Mountain,,27804,0,False,1,North America,6,5138,4
631,Greenville (SC),3295.0,2416.0,1,48,48,Carolina,#735D2D,13,Forest,,56609,0,False,1,North America,1,,0
632,Fayetteville (NC),3533.0,2384.0,1,48,48,Carolina,#735D2D,10,Plains,,59180,0,True,1,North America,6,2414,0
633,Florence (SC),3436.0,2413.0,1,48,48,Carolina,#735D2D,10,Plains,,33249,0,False,1,North America,2,4297,0
634,Albuquerque,2104.0,2413.0,1,52,52,Texas,#CEC074,14,Urban,Mediterranean,178049,10,False,1,North America,5,3209,0
635,Van Horn,2151.0,2611.0,1,52,52,Texas,#CEC074,12,Mountain,Desert,37577,0,False,1,North America,1,,7
636,Del Rio,2308.0,2655.0,1,52,52,Texas,#CEC074,11,Hills,Mediterranean,44353,0,False,1,North America,1,,0
637,Mc Allen,2412.0,2864.0,1,52,52,Texas,#CEC074,10,Plains,Mediterranean,35415,0,True,1,North America,1,,0
638,Houston,2670.0,2698.0,1,52,52,Texas,#CEC074,14,Urban,,284919,10,True,1,North America,6,2006,0
639,Santa Fe,2130.0,2354.0,1,52,52,Texas,#CEC074,12,Mountain,Mediterranean,36109,0,False,1,North America,1,,9
640,Farmington (NM),2012.0,2301.0,1,52,52,Texas,#CEC074,11,Hills,Mediterranean,57340,0,False,1,North America,1,,2
641,Santa Rosa (NM),2187.0,2418.0,1,52,52,Texas,#CEC074,11,Hills,Mediterranean,49251,0,False,1,North America,1,,0
642,Amarillo,2351.0,2403.0,1,52,52,Texas,#CEC074,11,Hills,Mediterranean,64250,0,False,1,North America,1,,0
643,Hot Springs,2057.0,2458.0,1,52,52,Texas,#CEC074,10,Plains,Desert,52389,0,False,1,North America,6,2727,0
644,Dallas,2564.0,2539.0,1,52,52,Texas,#CEC074,14,Urban,,274953,10,False,1,North America,2,2078,0
645,Jasper,2710.0,2633.0,1,52,52,Texas,#CEC074,13,Forest,,65238,0,True,1,North America,1,,0
646,Fort Worth,2536.0,2562.0,1,52,52,Texas,#CEC074,10,Plains,,44552,0,False,1,North America,6,3207,0
647,Lubbock,2342.0,2491.0,1,52,52,Texas,#CEC074,14,Urban,Mediterranean,54420,10,False,1,North America,5,10500,0
648,Midland,2312.0,2574.0,1,52,52,Texas,#CEC074,10,Plains,Grassland,34381,0,False,1,North America,1,,0
649,Austin,2497.0,2653.0,1,52,52,Texas,#CEC074,14,Urban,,55877,10,False,1,North America,2,10227,0
650,Victoria (TX),2557.0,2733.0,1,52,52,Texas,#CEC074,10,Plains,,50402,0,True,1,North America,5,2834,0
651,Huntsville (TX),2620.0,2627.0,1,52,52,Texas,#CEC074,11,Hills,,67697,0,False,1,North America,1,,0
652,Coro,3489.0,3646.0,1,59,59,Venezuela,#74798B,10,Plains,Desert,72793,0,True,3,South America,2,1963,0
653,Tyler,2640.0,2555.0,1,52,52,Texas,#CEC074,13,Forest,,61272,0,False,1,North America,1,,0
654,Wichita Falls,2483.0,2477.0,1,52,52,Texas,#CEC074,10,Plains,Grassland,44413,0,False,1,North America,1,,0
655,Roswell,2195.0,2484.0,1,52,52,Texas,#CEC074,11,Hills,Desert,45008,0,False,1,North America,1,,0
656,Dalhart,2283.0,2330.0,1,52,52,Texas,#CEC074,10,Plains,Grassland,39230,0,False,1,North America,6,3642,0
657,San Antonio,2451.0,2702.0,1,52,52,Texas,#CEC074,10,Plains,,476928,0,False,1,North America,1,,0
658,Corpus Christi,2484.0,2774.0,1,52,52,Texas,#CEC074,10,Plains,Mediterranean,51891,0,True,1,North America,6,2753,0
659,Brownwood,2442.0,2603.0,1,52,52,Texas,#CEC074,11,Hills,Mediterranean,42178,0,False,1,North America,1,,0
660,Anchorage,780.0,981.0,1,26,26,Alaska,#5E7F82,14,Urban,Boreal,489672,10,True,1,North America,6,1167,0
661,Fairbanks,793.0,703.0,1,26,26,Alaska,#5E7F82,11,Hills,Boreal,34562,0,True,1,North America,5,4133,0
662,McCarthy,904.0,941.0,1,26,26,Alaska,#5E7F82,12,Mountain,Boreal,46459,0,True,1,North America,1,,8
663,Prudhoe Bay,784.0,419.0,1,26,26,Alaska,#5E7F82,12,Mountain,Tundra,41530,0,True,1,North America,6,3440,16
664,Barrow,456.0,404.0,1,26,26,Alaska,#5E7F82,12,Mountain,Tundra,65707,0,True,1,North America,2,2174,13
665,Nome,214.0,721.0,1,26,26,Alaska,#5E7F82,11,Hills,Tundra,41534,0,True,1,North America,1,,0
666,Aniak,553.0,863.0,1,26,26,Alaska,#5E7F82,12,Mountain,Tundra,83102,0,True,1,North America,5,1719,10
667,Perryville,330.0,1142.0,1,26,26,Alaska,#5E7F82,12,Mountain,Tundra,54697,0,True,1,North America,2,2612,11
668,Fort St. John,1420.0,1077.0,1,30,30,British Columbia,#ADA365,12,Mountain,Boreal,52083,0,False,1,North America,2,2743,4
669,Prince George,1379.0,1219.0,1,30,30,British Columbia,#ADA365,13,Forest,Boreal,40547,0,False,1,North America,1,,0
670,Kelowna,1444.0,1398.0,1,30,30,British Columbia,#ADA365,11,Hills,Boreal,34135,0,False,1,North America,1,,0
671,Skagway,1037.0,958.0,1,30,30,British Columbia,#ADA365,14,Urban,Boreal,386093,10,False,1,North America,2,1480,0
672,Fort Nelson,1366.0,937.0,1,30,30,British Columbia,#ADA365,12,Mountain,Boreal,69503,0,False,1,North America,5,2055,6
673,Kamloops,1354.0,1337.0,1,30,30,British Columbia,#ADA365,14,Urban,Boreal,34851,10,False,1,North America,5,16396,0
674,Whistler,1248.0,1376.0,1,30,30,British Columbia,#ADA365,12,Mountain,Boreal,70738,0,True,1,North America,1,,5
675,Terrace,1183.0,1227.0,1,30,30,British Columbia,#ADA365,12,Mountain,Boreal,55173,0,False,1,North America,5,2589,7
676,Smithers,1290.0,1194.0,1,30,30,British Columbia,#ADA365,11,Hills,Boreal,53168,0,False,1,North America,1,,0
677,Iskut,1145.0,1085.0,1,30,30,British Columbia,#ADA365,12,Mountain,Boreal,65864,0,True,1,North America,1,,6
678,Cassiar,1144.0,952.0,1,30,30,British Columbia,#ADA365,12,Mountain,Boreal,53355,0,False,1,North America,5,2677,6
679,Toad River,1249.0,946.0,1,30,30,British Columbia,#ADA365,12,Mountain,Boreal,57121,0,False,1,North America,6,2501,7
680,Nanaimo,1203.0,1446.0,1,30,30,British Columbia,#ADA365,11,Hills,Boreal,41806,0,True,1,North America,1,,0
681,Victoria (BC),1236.0,1472.0,1,30,30,British Columbia,#ADA365,14,Urban,Boreal,175147,10,True,1,North America,6,3263,0
682,Prince Rupert,1127.0,1222.0,1,30,30,British Columbia,#ADA365,14,Urban,Boreal,303664,10,True,1,North America,2,1882,0
683,Kitimat,1176.0,1282.0,1,30,30,British Columbia,#ADA365,12,Mountain,Boreal,39786,0,True,1,North America,1,,5
684,Hazelton,1268.0,1132.0,1,30,30,British Columbia,#ADA365,11,Hills,Boreal,35661,0,False,1,North America,1,,0
685,Mackenzie,1365.0,1123.0,1,30,30,British Columbia,#ADA365,11,Hills,Boreal,63869,0,False,1,North America,1,,0
686,Wonowon,1366.0,1041.0,1,30,30,British Columbia,#ADA365,11,Hills,Boreal,40490,0,False,1,North America,1,,0
687,Cranbrook,1567.0,1398.0,1,30,30,British Columbia,#ADA365,12,Mountain,Boreal,43793,0,False,1,North America,5,3262,8
688,Vernon,1459.0,1359.0,1,30,30,British Columbia,#ADA365,13,Forest,Boreal,70519,0,False,1,North America,1,,0
689,Golden,1553.0,1318.0,1,30,30,British Columbia,#ADA365,12,Mountain,Boreal,33988,0,False,1,North America,1,,6
690,Williams Lake,1379.0,1277.0,1,30,30,British Columbia,#ADA365,13,Forest,Boreal,70706,0,False,1,North America,1,,0
691,Calgary,1671.0,1291.0,1,34,34,Alberta,#849493,14,Urban,Boreal,318401,10,False,1,North America,5,1795,0
692,Edmonton,1683.0,1137.0,1,34,34,Alberta,#849493,14,Urban,Boreal,229975,10,False,1,North America,2,2485,0
693,Red Deer,1675.0,1220.0,1,34,34,Alberta,#849493,10,Plains,Boreal,76718,0,False,1,North America,1,,0
694,Lethbridge,1729.0,1382.0,1,34,34,Alberta,#849493,14,Urban,Boreal,261915,10,False,1,North America,6,2182,0
695,Medicine Hat,1889.0,1346.0,1,34,34,Alberta,#849493,13,Forest,,75304,0,False,1,North America,1,,0
696,Brooks,1790.0,1295.0,1,34,34,Alberta,#849493,10,Plains,,48808,0,False,1,North America,1,,0
697,Hanna,1829.0,1225.0,1,34,34,Alberta,#849493,10,Plains,Boreal,64637,0,False,1,North America,5,2210,0
698,Vegreville,1782.0,1115.0,1,34,34,Alberta,#849493,13,Forest,Boreal,52545,0,False,1,North America,1,,0
699,Vermilion,1862.0,1113.0,1,34,34,Alberta,#849493,13,Forest,Boreal,58122,0,False,1,North America,1,,0
700,Fort McMurray,1883.0,947.0,1,34,34,Alberta,#849493,14,Urban,Boreal,218371,10,False,1,North America,6,2617,0
701,Lac la Biche,1857.0,1017.0,1,34,34,Alberta,#849493,10,Plains,Boreal,48709,0,False,1,North America,2,2933,0
702,Iquitos,3329.0,4321.0,1,62,62,Peru,#9B6A28,13,Forest,Jungle,36622,0,False,3,South America,1,,0
703,Peerless Lake,1734.0,953.0,1,34,34,Alberta,#849493,10,Plains,Boreal,72467,0,False,1,North America,1,,0
704,Peace River,1583.0,975.0,1,34,34,Alberta,#849493,13,Forest,Boreal,80037,0,False,1,North America,1,,0
705,Grand Prairie,1487.0,1104.0,1,34,34,Alberta,#849493,14,Urban,Boreal,51306,10,False,1,North America,5,11138,0
706,Whitecourt,1606.0,1129.0,1,34,34,Alberta,#849493,10,Plains,Boreal,48344,0,False,1,North America,1,,0
707,Banff,1606.0,1275.0,1,34,34,Alberta,#849493,12,Mountain,Boreal,71498,0,False,1,North America,1,,9
708,Grand Cache,1491.0,1160.0,1,34,34,Alberta,#849493,12,Mountain,Boreal,67776,0,False,1,North America,1,,8
709,Worsley,1479.0,963.0,1,34,34,Alberta,#849493,10,Plains,Boreal,56081,0,False,1,North America,6,2547,0
710,Boyle,1722.0,1048.0,1,34,34,Alberta,#849493,10,Plains,Boreal,47619,0,False,1,North America,2,3000,0
711,Cardston,1710.0,1424.0,1,34,34,Alberta,#849493,10,Plains,Boreal,48686,0,False,1,North America,2,2934,0
712,Claresholm,1697.0,1342.0,1,34,34,Alberta,#849493,10,Plains,Boreal,51942,0,False,1,North America,2,2750,0
713,Taber,1782.0,1369.0,1,34,34,Alberta,#849493,11,Hills,,93073,0,False,1,North America,1,,0
714,Regina,2223.0,1337.0,1,35,35,Saskatchewan,#5D758B,14,Urban,,284964,10,False,1,North America,2,2005,0
715,Saskatoon,2117.0,1217.0,1,35,35,Saskatchewan,#5D758B,14,Urban,Boreal,299388,10,False,1,North America,2,1909,0
716,Prince Albert,2165.0,1110.0,1,35,35,Saskatchewan,#5D758B,14,Urban,Boreal,354724,10,False,1,North America,5,1611,0
717,N. Battleford,1996.0,1144.0,1,35,35,Saskatchewan,#5D758B,14,Urban,Boreal,223654,10,False,1,North America,5,2555,0
718,La Ronge,2172.0,1032.0,1,35,35,Saskatchewan,#5D758B,10,Plains,Boreal,38019,0,False,1,North America,6,3758,0
719,Tisdale,2250.0,1132.0,1,35,35,Saskatchewan,#5D758B,10,Plains,Boreal,71384,0,False,1,North America,1,,0
720,Nipawin,2252.0,1069.0,1,35,35,Saskatchewan,#5D758B,13,Forest,Boreal,41058,0,False,1,North America,1,,0
721,Estevan,2276.0,1398.0,1,35,35,Saskatchewan,#5D758B,13,Forest,,41205,0,False,1,North America,1,,0
722,Yorkton,2304.0,1264.0,1,35,35,Saskatchewan,#5D758B,14,Urban,,76157,10,False,1,North America,6,7503,0
723,Moose Jaw,2152.0,1346.0,1,35,35,Saskatchewan,#5D758B,10,Plains,,49864,0,False,1,North America,1,,0
724,Swift Current,2028.0,1363.0,1,35,35,Saskatchewan,#5D758B,11,Hills,,40774,0,False,1,North America,1,,0
725,Kindersley,1976.0,1248.0,1,35,35,Saskatchewan,#5D758B,10,Plains,Boreal,50911,0,False,1,North America,2,2806,0
726,Rosetown,2039.0,1251.0,1,35,35,Saskatchewan,#5D758B,11,Hills,,46424,0,False,1,North America,1,,0
727,Meadow Lake,1985.0,1066.0,1,35,35,Saskatchewan,#5D758B,13,Forest,Boreal,48480,0,False,1,North America,1,,0
728,Rosthern,2135.0,1166.0,1,35,35,Saskatchewan,#5D758B,10,Plains,Boreal,89771,0,False,1,North America,1,,0
729,Humboldt,2210.0,1212.0,1,35,35,Saskatchewan,#5D758B,10,Plains,Boreal,89675,0,False,1,North America,6,1593,0
730,Archerwill,2285.0,1170.0,1,35,35,Saskatchewan,#5D758B,10,Plains,Boreal,59387,0,False,1,North America,1,,0
731,Davidson,2158.0,1277.0,1,35,35,Saskatchewan,#5D758B,10,Plains,Boreal,65670,0,False,1,North America,1,,0
732,Radisson,2052.0,1166.0,1,35,35,Saskatchewan,#5D758B,10,Plains,Boreal,44531,0,False,1,North America,1,,0
733,Shellbrook,2097.0,1108.0,1,35,35,Saskatchewan,#5D758B,10,Plains,Boreal,78272,0,False,1,North America,1,,0
734,Shell Lake,2044.0,1096.0,1,35,35,Saskatchewan,#5D758B,10,Plains,Boreal,43405,0,False,1,North America,6,3291,0
735,Beauval,2052.0,1001.0,1,35,35,Saskatchewan,#5D758B,10,Plains,Boreal,60092,0,False,1,North America,5,2377,0
736,La Loche,1976.0,955.0,1,35,35,Saskatchewan,#5D758B,10,Plains,Boreal,78301,0,False,1,North America,6,1824,0
737,Dawson,1024.0,687.0,1,182,182,Yukon,#9CAE8D,12,Mountain,Boreal,45235,0,True,1,North America,1,,16
738,Whitehorse,1134.0,866.0,1,182,182,Yukon,#9CAE8D,14,Urban,Boreal,726978,10,True,1,North America,2,786,0
739,Destruction Bay,1032.0,848.0,1,182,182,Yukon,#9CAE8D,11,Hills,Boreal,53146,0,True,1,North America,6,2688,0
740,Ross River,1278.0,793.0,1,182,182,Yukon,#9CAE8D,12,Mountain,Boreal,28987,0,False,1,North America,1,,9
741,Nahanni Butte,1384.0,806.0,1,182,182,Yukon,#9CAE8D,13,Forest,Boreal,46376,0,False,1,North America,1,,0
742,Yellowknife,1669.0,729.0,1,182,182,Yukon,#9CAE8D,10,Plains,Boreal,52756,0,False,1,North America,1,,0
743,Winnipeg,2559.0,1353.0,1,36,36,Manitoba,#99654E,14,Urban,,523762,10,False,1,North America,6,1091,0
744,Brandon,2432.0,1355.0,1,36,36,Manitoba,#99654E,10,Plains,,46734,0,False,1,North America,6,3057,0
745,Dauphin,2439.0,1255.0,1,36,36,Manitoba,#99654E,10,Plains,Boreal,35357,0,False,1,North America,2,4040,0
746,Swan River,2395.0,1137.0,1,36,36,Manitoba,#99654E,10,Plains,Boreal,44726,0,False,1,North America,5,3194,0
747,Peguis,2566.0,1252.0,1,36,36,Manitoba,#99654E,11,Hills,Boreal,59887,0,False,1,North America,1,,0
748,Steinbach,2607.0,1382.0,1,36,36,Manitoba,#99654E,13,Forest,Boreal,34500,0,False,1,North America,1,,0
749,Snow Lake,2468.0,967.0,1,36,36,Manitoba,#99654E,10,Plains,Boreal,58887,0,False,1,North America,2,2426,0
750,Shamattawa,2895.0,980.0,1,36,36,Manitoba,#99654E,11,Hills,Tundra,46874,0,True,1,North America,1,,0
751,Thompson,2652.0,943.0,1,36,36,Manitoba,#99654E,10,Plains,Tundra,59680,0,False,1,North America,5,2394,0
752,Grand Rapids,2569.0,1089.0,1,36,36,Manitoba,#99654E,10,Plains,Boreal,65895,0,False,1,North America,1,,0
753,La Brochet,2393.0,839.0,1,36,36,Manitoba,#99654E,10,Plains,Tundra,42695,0,True,1,North America,1,,0
754,Whale Cove,3190.0,869.0,10,36,36,Manitoba,#99654E,10,Plains,Tundra,50584,0,True,1,North America,1,,0
755,Baker Lake,2763.0,755.0,5,36,36,Manitoba,#99654E,10,Plains,Tundra,50170,0,True,1,North America,1,,0
756,Toronto,3465.0,1811.0,1,37,37,Ontario,#D29166,14,Urban,Boreal,400624,10,True,1,North America,2,1426,0
757,Sudbury,3378.0,1613.0,1,37,37,Ontario,#D29166,14,Urban,Boreal,342271,10,False,1,North America,5,1670,0
758,Thunder Bay,2943.0,1495.0,1,37,37,Ontario,#D29166,14,Urban,Boreal,274284,10,True,1,North America,5,2083,0
759,Moosonee,3354.0,1337.0,1,37,37,Ontario,#D29166,11,Hills,Boreal,53238,0,True,1,North America,1,,0
760,Timmins,3350.0,1472.0,1,37,37,Ontario,#D29166,14,Urban,Boreal,189316,10,False,1,North America,2,3018,0
761,New York,3742.0,2012.0,2,41,41,New England,#7A8150,14,Urban,,279382,10,True,1,North America,6,2045,0
762,Boston,3883.0,1901.0,1,41,41,New England,#7A8150,14,Urban,,326539,10,True,1,North America,2,1750,0
763,Fort Severn,3027.0,1119.0,1,37,37,Ontario,#D29166,10,Plains,Tundra,70501,0,True,1,North America,2,2026,0
764,Winisk,3212.0,1160.0,1,37,37,Ontario,#D29166,14,Urban,Boreal,50335,10,True,1,North America,6,11353,0
765,Wabitigweyaang,2806.0,1235.0,1,37,37,Ontario,#D29166,11,Hills,Boreal,53453,0,False,1,North America,1,,0
766,Ignance,2899.0,1444.0,1,37,37,Ontario,#D29166,13,Forest,Boreal,48592,0,False,1,North America,1,,0
767,Kenora,2733.0,1355.0,1,37,37,Ontario,#D29166,10,Plains,Boreal,62295,0,False,1,North America,6,2293,0
768,Nipigon,3036.0,1435.0,1,37,37,Ontario,#D29166,13,Forest,Boreal,48614,0,True,1,North America,1,,0
769,Sault Ste. Marie,3237.0,1615.0,1,37,37,Ontario,#D29166,13,Forest,Boreal,50379,0,True,1,North America,1,,0
770,North Bay,3429.0,1634.0,1,37,37,Ontario,#D29166,13,Forest,Boreal,56266,0,True,1,North America,1,,0
771,Kawartha Lakes,3487.0,1764.0,1,37,37,Ontario,#D29166,11,Hills,Boreal,76521,0,True,1,North America,6,1867,0
772,Ottawa,3627.0,1726.0,1,37,37,Ontario,#D29166,11,Hills,Boreal,52803,0,True,1,North America,1,,0
773,Huntsville,3484.0,1700.0,1,37,37,Ontario,#D29166,11,Hills,Boreal,48594,0,True,1,North America,6,2940,0
774,Hamilton (ON),3430.0,1844.0,1,37,37,Ontario,#D29166,10,Plains,Boreal,42548,0,True,1,North America,1,,0
775,Montréal,3725.0,1696.0,1,38,38,Quebec,#E5BB5F,14,Urban,Boreal,226376,10,True,1,North America,5,2524,0
776,Engelhart,3427.0,1530.0,1,37,37,Ontario,#D29166,11,Hills,Boreal,45507,0,False,1,North America,6,3139,0
777,Gogama,3345.0,1541.0,1,37,37,Ontario,#D29166,13,Forest,Boreal,68153,0,False,1,North America,1,,0
778,Cochrane,3359.0,1430.0,1,37,37,Ontario,#D29166,13,Forest,Boreal,61882,0,False,1,North America,1,,0
779,Wawa,3218.0,1544.0,1,37,37,Ontario,#D29166,13,Forest,Boreal,76737,0,True,1,North America,1,,0
780,Hearst,3264.0,1389.0,1,37,37,Ontario,#D29166,13,Forest,Boreal,61565,0,False,1,North America,1,,0
781,Geraldton (ON),3147.0,1404.0,1,37,37,Ontario,#D29166,13,Forest,Boreal,39825,0,True,1,North America,1,,0
782,Fort Hope,3056.0,1314.0,1,37,37,Ontario,#D29166,11,Hills,Boreal,40826,0,False,1,North America,5,3499,0
783,Sioux Lookout,2884.0,1329.0,1,37,37,Ontario,#D29166,13,Forest,Boreal,75209,0,False,1,North America,1,,0
784,Québec,3851.0,1583.0,1,38,38,Quebec,#E5BB5F,14,Urban,Boreal,299761,10,True,1,North America,6,1906,0
785,Saguenay,3888.0,1470.0,1,38,38,Quebec,#E5BB5F,13,Forest,Boreal,65242,0,True,1,North America,1,,0
786,Sherbrooke,3819.0,1711.0,1,38,38,Quebec,#E5BB5F,10,Plains,Boreal,63623,0,False,1,North America,2,2245,0
787,Victoriaville,3827.0,1651.0,1,38,38,Quebec,#E5BB5F,13,Forest,Boreal,34570,0,False,1,North America,1,,0
788,Shawinigan,3786.0,1602.0,1,38,38,Quebec,#E5BB5F,11,Hills,Boreal,50769,0,False,1,North America,1,,0
789,Rouyn-Noranda,3458.0,1502.0,1,38,38,Quebec,#E5BB5F,11,Hills,Boreal,42366,0,False,1,North America,1,,0
790,Saint-Jérôme,3690.0,1671.0,1,38,38,Quebec,#E5BB5F,13,Forest,Boreal,71738,0,False,1,North America,1,,0
791,La Tuque,3771.0,1531.0,1,38,38,Quebec,#E5BB5F,13,Forest,Boreal,33136,0,False,1,North America,1,,0
792,Rimouski,4031.0,1475.0,1,38,38,Quebec,#E5BB5F,14,Urban,Boreal,285919,10,True,1,North America,5,1999,0
793,Val-d'Or,3617.0,1495.0,1,38,38,Quebec,#E5BB5F,14,Urban,Boreal,365885,10,False,1,North America,2,1562,0
794,Kipawa,3495.0,1602.0,1,38,38,Quebec,#E5BB5F,10,Plains,Boreal,63058,0,False,1,North America,6,2265,0
795,La Sarre,3495.0,1420.0,1,38,38,Quebec,#E5BB5F,10,Plains,Boreal,64525,0,True,1,North America,5,2214,0
796,Kitcisakik,3640.0,1560.0,1,38,38,Quebec,#E5BB5F,13,Forest,Boreal,57290,0,False,1,North America,1,,0
797,Salluit,3961.0,900.0,1,38,38,Quebec,#E5BB5F,10,Plains,Tundra,41534,0,True,1,North America,2,3440,0
798,Sakami,3729.0,1200.0,1,38,38,Quebec,#E5BB5F,10,Plains,Boreal,72932,0,True,1,North America,1,,0
799,Happy Valley-Goose Bay,4408.0,1229.0,1,38,38,Quebec,#E5BB5F,10,Plains,Boreal,47041,0,True,1,North America,2,3037,0
800,Sept-Îles,4135.0,1371.0,1,38,38,Quebec,#E5BB5F,13,Forest,Boreal,61519,0,True,1,North America,1,,0
801,Kuujjuaq,4163.0,1060.0,1,38,38,Quebec,#E5BB5F,10,Plains,Tundra,41915,0,True,1,North America,1,,0
802,Mistissini,3939.0,1301.0,1,38,38,Quebec,#E5BB5F,14,Urban,Boreal,52722,10,False,1,North America,6,10839,0
803,Eastmain,3543.0,1287.0,1,38,38,Quebec,#E5BB5F,13,Forest,Boreal,45395,0,True,1,North America,1,,0
804,Caniapiscau,4028.0,1155.0,1,38,38,Quebec,#E5BB5F,11,Hills,Boreal,57431,0,False,1,North America,1,,0
805,Aklavik,1394.0,573.0,1,182,182,Yukon,#9CAE8D,10,Plains,Tundra,45368,0,True,1,North America,1,,0
806,Old Crow,1034.0,482.0,1,182,182,Yukon,#9CAE8D,11,Hills,Tundra,55043,0,True,1,North America,2,2595,0
807,Fort Reliance,1985.0,754.0,1,182,182,Yukon,#9CAE8D,10,Plains,Boreal,46462,0,True,1,North America,5,3075,0
808,Snowdrift,1843.0,748.0,1,182,182,Yukon,#9CAE8D,10,Plains,Boreal,34125,0,False,1,North America,1,,0
809,Bathurst Inlet,2189.0,699.0,1,182,182,Yukon,#9CAE8D,11,Hills,Boreal,56926,0,True,1,North America,1,,0
810,Coppermine,1719.0,604.0,1,182,182,Yukon,#9CAE8D,11,Hills,Tundra,55417,0,True,1,North America,1,,0
811,Philadelphia,3649.0,2096.0,1,41,41,New England,#7A8150,14,Urban,,249315,10,False,1,North America,2,2292,0
812,Washington,3598.0,2147.0,1,41,41,New England,#7A8150,14,Urban,,196537,10,True,1,North America,6,2907,0
813,Pittsburgh,3430.0,2054.0,1,41,41,New England,#7A8150,10,Plains,,60064,0,False,1,North America,6,2378,0
814,Rochester (NY),3543.0,1875.0,1,41,41,New England,#7A8150,10,Plains,Boreal,45581,0,True,1,North America,5,3134,0
815,Baltimore,3604.0,2117.0,1,41,41,New England,#7A8150,11,Hills,,60668,0,True,1,North America,1,,0
816,Johnstown,3504.0,2054.0,1,41,41,New England,#7A8150,11,Hills,Boreal,47783,0,False,1,North America,1,,0
817,Princeton,3693.0,2057.0,1,41,41,New England,#7A8150,13,Forest,,55976,0,True,1,North America,1,,0
818,Harrisburg,3602.0,2049.0,1,41,41,New England,#7A8150,11,Hills,,36173,0,False,1,North America,1,,0
819,Scranton,3671.0,1983.0,1,41,41,New England,#7A8150,10,Plains,,47795,0,False,1,North America,1,,0
820,Syracuse,3634.0,1862.0,1,41,41,New England,#7A8150,10,Plains,Boreal,30770,0,True,1,North America,2,4643,0
821,Binghamton,3640.0,1918.0,1,41,41,New England,#7A8150,11,Hills,Boreal,46637,0,False,1,North America,1,,0
822,Providence,3862.0,1948.0,1,41,41,New England,#7A8150,11,Hills,,29901,0,True,1,North America,1,,0
823,Worcester,3835.0,1896.0,1,41,41,New England,#7A8150,10,Plains,,50801,0,False,1,North America,5,2812,0
824,Hartford,3787.0,1940.0,1,41,41,New England,#7A8150,13,Forest,,63860,0,False,1,North America,1,,0
825,New Haven,3779.0,1986.0,1,41,41,New England,#7A8150,11,Hills,,43658,0,True,1,North America,1,,0
826,Atlantic City,3664.0,2158.0,1,41,41,New England,#7A8150,10,Plains,,48695,0,True,1,North America,5,2934,0
827,Erie,3423.0,1953.0,1,41,41,New England,#7A8150,10,Plains,,43790,0,True,1,North America,1,,0
828,Lewisburg,3594.0,1990.0,1,41,41,New England,#7A8150,11,Hills,Boreal,53357,0,False,1,North America,1,,0
829,State College,3537.0,1990.0,1,41,41,New England,#7A8150,13,Forest,Boreal,48625,0,False,1,North America,1,,0
830,Bangor,3978.0,1742.0,1,41,41,New England,#7A8150,11,Hills,,59104,0,True,1,North America,1,,0
831,Portland (ME),3916.0,1798.0,1,41,41,New England,#7A8150,13,Forest,,40693,0,True,1,North America,1,,0
832,Manchester (NH),3851.0,1853.0,1,41,41,New England,#7A8150,11,Hills,,56428,0,True,1,North America,1,,0
833,Albany (NY),3734.0,1861.0,1,41,41,New England,#7A8150,14,Urban,Boreal,34874,10,False,1,North America,5,16386,0
834,Kingston (NY),3723.0,1928.0,1,41,41,New England,#7A8150,11,Hills,,37925,0,False,1,North America,1,,0
835,Burlington,3761.0,1784.0,1,41,41,New England,#7A8150,10,Plains,Boreal,36077,0,False,1,North America,5,3960,0
836,Watertown,3640.0,1803.0,1,41,41,New England,#7A8150,10,Plains,Boreal,59798,0,True,1,North America,1,,0
837,Miami,3422.0,2882.0,1,49,49,South USA,#6E8F93,14,Urban,,331001,10,True,1,North America,2,1726,0
838,Atlanta,3221.0,2452.0,1,49,49,South USA,#6E8F93,14,Urban,,293847,10,False,1,North America,6,1945,0
839,Jacksonville,3347.0,2645.0,1,49,49,South USA,#6E8F93,14,Urban,,258226,10,True,1,North America,5,2213,0
840,New Orleans,2935.0,2679.0,1,49,49,South USA,#6E8F93,14,Urban,,290255,10,True,1,North America,6,1969,0
841,Lafayette (LA),2824.0,2659.0,1,49,49,South USA,#6E8F93,10,Plains,,45677,0,True,1,North America,1,,0
842,Shreveport,2762.0,2542.0,1,49,49,South USA,#6E8F93,10,Plains,,38913,0,True,1,North America,1,,0
843,Jackson,2906.0,2553.0,1,49,49,South USA,#6E8F93,10,Plains,,69956,0,True,1,North America,1,,0
844,Oxford,2951.0,2437.0,1,49,49,South USA,#6E8F93,11,Hills,,50295,0,True,1,North America,1,,0
845,Hattiesburg,2939.0,2616.0,1,49,49,South USA,#6E8F93,13,Forest,,47308,0,True,1,North America,1,,0
846,Huntsville (AL),3060.0,2427.0,1,49,49,South USA,#6E8F93,11,Hills,,66620,0,False,1,North America,1,,0
847,Birmingham (AL),3040.0,2486.0,1,49,49,South USA,#6E8F93,10,Plains,,37445,0,False,1,North America,2,3815,0
848,Montgomery,3055.0,2557.0,1,49,49,South USA,#6E8F93,14,Urban,,47980,10,False,1,North America,5,11910,0
849,Meridian,2971.0,2553.0,1,49,49,South USA,#6E8F93,13,Forest,,40484,0,False,1,North America,1,,0
850,Athens (GA),3257.0,2448.0,1,49,49,South USA,#6E8F93,11,Hills,,63993,0,False,1,North America,1,,0
851,Marietta,3198.0,2435.0,1,49,49,South USA,#6E8F93,11,Hills,,45103,0,False,1,North America,1,,0
852,Macon,3260.0,2529.0,1,49,49,South USA,#6E8F93,13,Forest,,33202,0,False,1,North America,1,,0
853,Savannah,3354.0,2562.0,1,49,49,South USA,#6E8F93,10,Plains,,41921,0,True,1,North America,1,,0
854,Columbus (GA),3173.0,2529.0,1,49,49,South USA,#6E8F93,10,Plains,,71960,0,False,1,North America,2,1985,0
855,Dothan,3121.0,2588.0,1,49,49,South USA,#6E8F93,13,Forest,,40665,0,False,1,North America,1,,0
856,Tallahassee,3199.0,2646.0,1,49,49,South USA,#6E8F93,10,Plains,,55641,0,True,1,North America,1,,0
857,Fredericton,4093.0,1675.0,1,40,40,New Brunswick,#C0574B,11,Hills,,52322,0,True,1,North America,1,,0
858,Moncton,4191.0,1639.0,1,40,40,New Brunswick,#C0574B,13,Forest,,115551,0,True,1,North America,1,,0
859,Yarmouth,4147.0,1792.0,1,40,40,New Brunswick,#C0574B,13,Forest,,87758,0,True,1,North America,1,,0
860,New Glasgow,4326.0,1691.0,1,40,40,New Brunswick,#C0574B,14,Urban,,92200,10,True,1,North America,6,6198,0
861,Valdosta,3283.0,2618.0,1,49,49,South USA,#6E8F93,10,Plains,,35516,0,False,1,North America,1,,0
862,Albany (GA),3218.0,2570.0,1,49,49,South USA,#6E8F93,11,Hills,,68979,0,False,1,North America,1,,0
863,Gainesville,3322.0,2687.0,1,49,49,South USA,#6E8F93,10,Plains,,58783,0,True,1,North America,1,,0
864,Orlando,3365.0,2765.0,1,49,49,South USA,#6E8F93,10,Plains,,59947,0,True,1,North America,6,2383,0
865,Tampa,3311.0,2785.0,1,49,49,South USA,#6E8F93,13,Forest,,61775,0,True,1,North America,1,,0
866,Fort Myers,3350.0,2873.0,1,49,49,South USA,#6E8F93,10,Plains,,28964,0,True,1,North America,5,4932,0
867,Mobile,3011.0,2623.0,1,49,49,South USA,#6E8F93,10,Plains,,30730,0,True,1,North America,2,4649,0
868,Panama City,3131.0,2637.0,1,49,49,South USA,#6E8F93,10,Plains,,47995,0,True,1,North America,2,2977,0
869,Tijuana,1582.0,2548.0,1,33,33,Baja California Mexico,#E5BB5F,14,Urban,Mediterranean,343913,10,True,2,Central America,5,1662,0
870,Ensenada,1597.0,2593.0,1,33,33,Baja California Mexico,#E5BB5F,10,Plains,Desert,34311,0,True,2,Central America,1,,0
871,La Suerte,1643.0,2649.0,1,33,33,Baja California Mexico,#E5BB5F,11,Hills,Desert,52904,0,True,2,Central America,5,2700,0
872,San Ignacio,1765.0,2842.0,1,33,33,Baja California Mexico,#E5BB5F,10,Plains,Desert,69985,0,True,2,Central America,6,2041,0
873,Punta Prieta,1684.0,2720.0,2,33,33,Baja California Mexico,#E5BB5F,10,Plains,Desert,64007,0,True,2,Central America,2,2232,0
874,La Paz (MX),1902.0,3027.0,1,33,33,Baja California Mexico,#E5BB5F,12,Mountain,,43084,0,True,2,Central America,5,3316,2
875,Loreto,1833.0,2900.0,1,33,33,Baja California Mexico,#E5BB5F,11,Hills,Desert,42087,0,True,2,Central America,2,3394,0
876,Chihuahua,2100.0,2707.0,1,54,54,North Mexico,#637D52,14,Urban,Mediterranean,234821,10,False,2,Central America,5,2433,0
877,Hermosillo,1890.0,2704.0,1,54,54,North Mexico,#637D52,14,Urban,Mediterranean,305619,10,False,2,Central America,6,1870,0
878,Monterey,2343.0,2897.0,1,54,54,North Mexico,#637D52,14,Urban,Mediterranean,294092,10,False,2,Central America,2,1943,0
879,Mazatlan,2037.0,3056.0,1,54,54,North Mexico,#637D52,14,Urban,,329701,10,True,2,Central America,6,1733,0
880,Mérida,2821.0,3186.0,1,55,55,South Mexico,#C15C4C,14,Urban,,388471,10,True,2,Central America,6,1471,0
881,Veracruz,2520.0,3322.0,1,55,55,South Mexico,#C15C4C,14,Urban,,338889,10,True,2,Central America,6,1686,0
882,Mexico City,2390.0,3276.0,1,55,55,South Mexico,#C15C4C,14,Urban,Mediterranean,172715,10,False,2,Central America,2,3309,0
883,Acapulco,2360.0,3422.0,1,55,55,South Mexico,#C15C4C,14,Urban,,240887,10,True,2,Central America,5,2372,0
884,Tepic,2098.0,3157.0,1,54,54,North Mexico,#637D52,11,Hills,Mediterranean,57534,0,True,2,Central America,1,,0
885,San Luis Potosi,2255.0,3092.0,1,54,54,North Mexico,#637D52,14,Urban,Mediterranean,41963,10,False,2,Central America,2,13617,0
886,Tampico,2390.0,3089.0,1,54,54,North Mexico,#637D52,12,Mountain,Mediterranean,56291,0,True,2,Central America,1,,8
887,Puerto Vallarta,2087.0,3225.0,1,55,55,South Mexico,#C15C4C,11,Hills,,56352,0,True,2,Central America,1,,0
888,Guadalajara,2197.0,3207.0,1,55,55,South Mexico,#C15C4C,14,Urban,Mediterranean,70346,10,False,2,Central America,5,8123,0
889,Irapuato,2272.0,3186.0,1,55,55,South Mexico,#C15C4C,12,Mountain,Mediterranean,46042,0,False,2,Central America,1,,7
890,Poza Rica,2418.0,3192.0,1,55,55,South Mexico,#C15C4C,10,Plains,,55782,0,True,2,Central America,1,,0
891,Xalapa Enríquez,2465.0,3272.0,1,55,55,South Mexico,#C15C4C,13,Forest,Jungle,40528,0,True,2,Central America,1,,0
892,Escárcega,2766.0,3352.0,1,55,55,South Mexico,#C15C4C,10,Plains,,36350,0,True,2,Central America,2,3930,0
893,Chilpancingo,2374.0,3368.0,1,55,55,South Mexico,#C15C4C,10,Plains,Mediterranean,48119,0,False,2,Central America,1,,0
894,San Juan del Río,2334.0,3196.0,1,55,55,South Mexico,#C15C4C,12,Mountain,Mediterranean,37322,0,False,2,Central America,1,,8
895,Morelia,2269.0,3274.0,1,55,55,South Mexico,#C15C4C,13,Forest,Mediterranean,34655,0,False,2,Central America,1,,0
896,Colima,2187.0,3316.0,1,55,55,South Mexico,#C15C4C,10,Plains,,56354,0,True,2,Central America,2,2535,0
897,Petatlán,2287.0,3383.0,1,55,55,South Mexico,#C15C4C,10,Plains,,39768,0,True,2,Central America,2,3592,0
898,San Marcos,2403.0,3426.0,1,55,55,South Mexico,#C15C4C,13,Forest,Jungle,67611,0,True,2,Central America,1,,0
899,Córdoba (MX),2471.0,3339.0,1,55,55,South Mexico,#C15C4C,12,Mountain,Mediterranean,61291,0,False,2,Central America,1,,5
900,Oaxaca,2486.0,3430.0,1,55,55,South Mexico,#C15C4C,10,Plains,,37763,0,True,2,Central America,2,3783,0
901,Villahermosa,2653.0,3365.0,1,55,55,South Mexico,#C15C4C,10,Plains,,53581,0,True,2,Central America,1,,0
902,Coatzacoalcos,2575.0,3358.0,1,55,55,South Mexico,#C15C4C,13,Forest,Jungle,34578,0,True,2,Central America,1,,0
903,Tuxtepec,2533.0,3390.0,1,55,55,South Mexico,#C15C4C,12,Mountain,,57004,0,False,2,Central America,1,,4
904,Tuxtla Gutiérrez,2627.0,3484.0,1,55,55,South Mexico,#C15C4C,12,Mountain,,46956,0,True,2,Central America,1,,6
905,Palenque,2694.0,3416.0,1,55,55,South Mexico,#C15C4C,10,Plains,,52232,0,False,2,Central America,6,2735,0
906,Campeche,2780.0,3251.0,1,55,55,South Mexico,#C15C4C,13,Forest,Jungle,65113,0,True,2,Central America,1,,0
907,Cancún,2929.0,3175.0,1,55,55,South Mexico,#C15C4C,13,Forest,Jungle,63245,0,True,2,Central America,1,,0
908,Valladolid (MX),2871.0,3211.0,1,55,55,South Mexico,#C15C4C,13,Forest,Jungle,33860,0,True,2,Central America,1,,0
909,Chetumal,2850.0,3337.0,1,55,55,South Mexico,#C15C4C,10,Plains,,87407,0,True,2,Central America,5,1634,0
910,Elfin Cove,1012.0,1034.0,1,30,30,British Columbia,#ADA365,12,Mountain,Boreal,44323,0,True,1,North America,1,,6
911,Benito Juárez,2059.0,2653.0,1,54,54,North Mexico,#637D52,12,Mountain,Desert,30370,0,False,2,Central America,1,,7
912,Caborca,1791.0,2620.0,1,54,54,North Mexico,#637D52,11,Hills,Desert,53933,0,True,2,Central America,1,,0
913,Navojoa,1896.0,2824.0,1,54,54,North Mexico,#637D52,11,Hills,Mediterranean,48724,0,True,2,Central America,1,,0
914,Los Mochis,1935.0,2915.0,1,54,54,North Mexico,#637D52,11,Hills,Mediterranean,34013,0,True,2,Central America,1,,0
915,Culiacán Rosales,1993.0,2977.0,1,54,54,North Mexico,#637D52,11,Hills,,57073,0,True,2,Central America,1,,0
916,Delicias,2126.0,2746.0,1,54,54,North Mexico,#637D52,12,Mountain,Desert,37921,0,False,2,Central America,1,,5
917,Ures,1918.0,2668.0,1,54,54,North Mexico,#637D52,12,Mountain,Desert,31876,0,False,2,Central America,1,,7
918,Ciudad Cuauhtémoc,2057.0,2724.0,1,54,54,North Mexico,#637D52,10,Plains,Desert,58359,0,False,2,Central America,6,2448,0
919,Creel,1983.0,2778.0,1,54,54,North Mexico,#637D52,10,Plains,Desert,64902,0,False,2,Central America,5,2201,0
920,Piedras Negras,2297.0,2698.0,1,54,54,North Mexico,#637D52,13,Forest,Mediterranean,45992,0,False,2,Central America,1,,0
921,Monclova,2275.0,2809.0,1,54,54,North Mexico,#637D52,10,Plains,Mediterranean,38626,0,False,2,Central America,5,3698,0
922,Reynosa,2392.0,2889.0,1,54,54,North Mexico,#637D52,11,Hills,Mediterranean,46285,0,True,2,Central America,1,,0
923,Ciudad Victoria,2373.0,2978.0,1,54,54,North Mexico,#637D52,11,Hills,,36498,0,True,2,Central America,1,,0
924,Saltillo,2289.0,2907.0,1,54,54,North Mexico,#637D52,12,Mountain,Mediterranean,60794,0,False,2,Central America,1,,4
925,Matehuala,2291.0,2980.0,1,54,54,North Mexico,#637D52,12,Mountain,Mediterranean,42746,0,False,2,Central America,1,,4
926,Fresnillo,2190.0,2996.0,1,54,54,North Mexico,#637D52,10,Plains,Desert,41780,0,False,2,Central America,5,3419,0
927,Torreón,2181.0,2908.0,1,54,54,North Mexico,#637D52,10,Plains,Desert,56565,0,False,2,Central America,5,2526,0
928,Durango,2098.0,3012.0,1,54,54,North Mexico,#637D52,11,Hills,Mediterranean,61344,0,False,2,Central America,1,,0
929,Hidalgo del Parral,2094.0,2811.0,1,54,54,North Mexico,#637D52,10,Plains,Desert,33543,0,False,2,Central America,2,4259,0
930,El Hundido,2223.0,2831.0,1,54,54,North Mexico,#637D52,12,Mountain,Desert,53525,0,False,2,Central America,1,,6
931,Rodeo,2101.0,2918.0,1,54,54,North Mexico,#637D52,10,Plains,Mediterranean,22962,0,False,2,Central America,1,,0
932,Belize City,2811.0,3464.0,1,56,56,Central America,#9CAE8D,14,Urban,,416231,10,True,2,Central America,6,1373,0
933,Belmopan,2774.0,3477.0,1,56,56,Central America,#9CAE8D,10,Plains,,58727,0,True,2,Central America,1,,0
934,Guatemala,2733.0,3585.0,1,56,56,Central America,#9CAE8D,12,Mountain,,57763,0,True,2,Central America,1,,5
935,San Pedro Sula,2835.0,3539.0,1,56,56,Central America,#9CAE8D,10,Plains,,41958,0,True,2,Central America,2,3405,0
936,San Miguel,2798.0,3620.0,1,56,56,Central America,#9CAE8D,10,Plains,,46589,0,True,2,Central America,5,3066,0
937,San Jose,2920.0,3787.0,1,56,56,Central America,#9CAE8D,11,Hills,,41624,0,True,2,Central America,1,,0
938,Managua,2876.0,3699.0,1,56,56,Central America,#9CAE8D,10,Plains,,53761,0,True,2,Central America,6,2657,0
939,Tegucigalpa,2874.0,3601.0,1,56,56,Central America,#9CAE8D,13,Forest,Jungle,74742,0,True,2,Central America,1,,0
940,La Palma,3101.0,3846.0,1,57,57,Panama,#5C7A87,13,Forest,Jungle,7203,0,True,2,Central America,1,,0
941,David,2965.0,3848.0,1,57,57,Panama,#5C7A87,11,Hills,,62501,0,True,2,Central America,2,2286,0
942,Havanna,3359.0,3068.0,1,58,58,Caribbean,#7A8150,14,Urban,,187885,10,True,2,Central America,5,3041,0
943,Pinar del Río,3299.0,3088.0,1,58,58,Caribbean,#7A8150,13,Forest,Jungle,65779,0,True,2,Central America,1,,0
944,Cienfuegos,3440.0,3101.0,1,58,58,Caribbean,#7A8150,10,Plains,,97058,0,True,2,Central America,5,1472,0
945,Camagüey,3554.0,3162.0,1,58,58,Caribbean,#7A8150,10,Plains,,44704,0,True,2,Central America,1,,0
946,Santa Clara,3458.0,3088.0,1,58,58,Caribbean,#7A8150,10,Plains,,102250,0,True,2,Central America,1,,0
947,Santiago d. C.,3602.0,3205.0,1,58,58,Caribbean,#7A8150,14,Urban,,265909,10,True,2,Central America,2,2149,0
948,Rio Branco,3569.0,4564.0,1,63,63,West Amazonas,#819254,13,Forest,Jungle,45077,0,False,3,South America,1,,0
949,Guantánamo,3632.0,3202.0,1,58,58,Caribbean,#7A8150,11,Hills,,95652,0,True,2,Central America,1,,0
950,Bayamo,3581.0,3183.0,1,58,58,Caribbean,#7A8150,12,Mountain,,71935,0,True,2,Central America,1,,2
951,Santo Domingo,3871.0,3290.0,1,58,58,Caribbean,#7A8150,14,Urban,,369369,10,True,2,Central America,2,1547,0
952,Higüey,3908.0,3287.0,1,58,58,Caribbean,#7A8150,10,Plains,,60580,0,True,2,Central America,5,2358,0
953,Azua,3827.0,3290.0,1,58,58,Caribbean,#7A8150,12,Mountain,,97104,0,True,2,Central America,1,,2
954,Port-au-Prince,3770.0,3298.0,2,58,58,Caribbean,#7A8150,11,Hills,,47513,0,True,2,Central America,1,,0
955,San Juan,4020.0,3309.0,1,58,58,Caribbean,#7A8150,14,Urban,,82262,10,True,2,Central America,6,6946,0
956,Kingston,3585.0,3308.0,1,58,58,Caribbean,#7A8150,14,Urban,,290494,10,True,2,Central America,6,1967,0
957,Montego Bay,3534.0,3293.0,1,58,58,Caribbean,#7A8150,13,Forest,Jungle,43618,0,True,2,Central America,1,,0
958,Bogota,3247.0,3965.0,1,60,60,Colombia,#EECA71,14,Urban,,211834,10,False,3,South America,5,2698,0
959,Barranquilla,3254.0,3673.0,1,60,60,Colombia,#EECA71,14,Urban,,383787,10,True,3,South America,6,1489,0
960,Medellín,3179.0,3885.0,1,60,60,Colombia,#EECA71,14,Urban,,172682,10,False,3,South America,2,3309,0
961,Pasto,3136.0,4076.0,1,60,60,Colombia,#EECA71,14,Urban,,409273,10,False,3,South America,2,1396,0
962,La Pedrera,3478.0,4173.0,1,60,60,Colombia,#EECA71,11,Hills,,69866,0,False,3,South America,1,,0
963,Pacoa,3409.0,4135.0,1,60,60,Colombia,#EECA71,13,Forest,Jungle,75218,0,False,3,South America,1,,0
964,Mitú,3445.0,4059.0,1,60,60,Colombia,#EECA71,13,Forest,Jungle,70658,0,False,3,South America,1,,0
965,Puerto Iñírida,3571.0,4016.0,1,60,60,Colombia,#EECA71,14,Urban,,39968,10,False,3,South America,5,14297,0
966,La Primavera,3452.0,3895.0,1,60,60,Colombia,#EECA71,10,Plains,Grassland,58520,0,False,3,South America,6,2441,0
967,Valledupar,3305.0,3696.0,1,60,60,Colombia,#EECA71,10,Plains,,55677,0,True,3,South America,6,2566,0
968,Manizales,3178.0,3918.0,1,60,60,Colombia,#EECA71,12,Mountain,,69096,0,True,3,South America,1,,7
969,Cali,3164.0,4002.0,1,60,60,Colombia,#EECA71,12,Mountain,,58301,0,True,3,South America,1,,6
970,Tumaco,3081.0,4069.0,1,60,60,Colombia,#EECA71,10,Plains,,64202,0,True,3,South America,1,,0
971,Florencia,3193.0,4073.0,1,60,60,Colombia,#EECA71,12,Mountain,,60208,0,False,3,South America,1,,4
972,Puerto Leguizamo,3281.0,4141.0,1,60,60,Colombia,#EECA71,13,Forest,Jungle,57590,0,False,3,South America,1,,0
973,Neiva,3218.0,4015.0,1,60,60,Colombia,#EECA71,10,Plains,,31846,0,False,3,South America,6,4486,0
974,Tunja,3268.0,3917.0,1,60,60,Colombia,#EECA71,12,Mountain,,38311,0,False,3,South America,1,,4
975,San José del Guaviare,3339.0,4033.0,1,60,60,Colombia,#EECA71,13,Forest,Jungle,57315,0,False,3,South America,1,,0
976,Montería,3212.0,3755.0,1,60,60,Colombia,#EECA71,13,Forest,Jungle,65117,0,True,3,South America,1,,0
977,Bucaramanga,3306.0,3797.0,1,60,60,Colombia,#EECA71,12,Mountain,,31598,0,False,3,South America,1,,6
978,Turbo,3150.0,3838.0,1,60,60,Colombia,#EECA71,10,Plains,,33563,0,True,3,South America,6,4256,0
979,Puerto Berrio,3234.0,3859.0,1,60,60,Colombia,#EECA71,10,Plains,,58701,0,False,3,South America,5,2434,0
980,Yopal,3341.0,3947.0,1,60,60,Colombia,#EECA71,10,Plains,Grassland,61061,0,False,3,South America,1,,0
981,Espinar,3365.0,4719.0,1,62,62,Peru,#9B6A28,10,Plains,Desert,52222,0,False,3,South America,1,,0
982,Cumaribo,3488.0,3946.0,1,60,60,Colombia,#EECA71,11,Hills,,51480,0,False,3,South America,1,,0
983,Boavita,3326.0,3878.0,1,60,60,Colombia,#EECA71,10,Plains,Grassland,65185,0,False,3,South America,2,2192,0
984,Quito,3081.0,4142.0,1,61,61,Ecuador,#AF5244,14,Urban,,373330,10,False,3,South America,5,1531,0
985,Nueva Loja,3149.0,4157.0,1,61,61,Ecuador,#AF5244,12,Mountain,,57799,0,False,3,South America,5,2472,5
986,Guayaquil,3029.0,4246.0,1,61,61,Ecuador,#AF5244,10,Plains,,47838,0,True,3,South America,1,,0
987,Manta,2997.0,4202.0,1,61,61,Ecuador,#AF5244,10,Plains,,28883,0,True,3,South America,2,4946,0
988,Ambato,3081.0,4197.0,1,61,61,Ecuador,#AF5244,12,Mountain,,41674,0,False,3,South America,1,,5
989,Esmeraldas,3040.0,4121.0,1,61,61,Ecuador,#AF5244,11,Hills,,44725,0,True,3,South America,1,,0
990,Cuenca (EC),3069.0,4301.0,1,61,61,Ecuador,#AF5244,12,Mountain,,54120,0,True,3,South America,6,2640,6
991,Lononaco,3222.0,4182.0,1,61,61,Ecuador,#AF5244,13,Forest,Jungle,41759,0,False,3,South America,1,,0
992,Puerto Pardo,3140.0,4295.0,1,61,61,Ecuador,#AF5244,12,Mountain,,45682,0,False,3,South America,1,,4
993,Boca,3290.0,4221.0,1,61,61,Ecuador,#AF5244,13,Forest,Jungle,39460,0,False,3,South America,1,,0
994,Merritt,1348.0,1381.0,1,30,30,British Columbia,#ADA365,11,Hills,Boreal,57190,0,False,1,North America,1,,0
995,Carcross,1123.0,895.0,1,182,182,Yukon,#9CAE8D,12,Mountain,Boreal,49573,0,False,1,North America,1,,3
996,Tarapoto,3221.0,4418.0,1,62,62,Peru,#9B6A28,13,Forest,Jungle,68475,0,False,3,South America,1,,0
997,Lima,3163.0,4632.0,1,62,62,Peru,#9B6A28,14,Urban,Desert,243155,10,True,3,South America,6,2350,0
998,Piura,3005.0,4392.0,1,62,62,Peru,#9B6A28,12,Mountain,Mediterranean,40420,0,True,3,South America,5,3534,6
999,Chiclayo,3062.0,4441.0,1,62,62,Peru,#9B6A28,12,Mountain,Desert,67983,0,True,3,South America,5,2101,7
1000,Trujillo,3101.0,4525.0,1,62,62,Peru,#9B6A28,14,Urban,Desert,199653,10,True,3,South America,2,2862,0
1001,Chincha Alta,3221.0,4698.0,1,62,62,Peru,#9B6A28,12,Mountain,Desert,63451,0,True,3,South America,6,2251,6
1002,Tacna,3454.0,4838.0,1,62,62,Peru,#9B6A28,12,Mountain,Desert,36144,0,True,3,South America,1,,10
1003,Arequipa,3375.0,4772.0,1,62,62,Peru,#9B6A28,14,Urban,Desert,460730,10,False,3,South America,6,1240,0
1004,Puno,3473.0,4754.0,1,62,62,Peru,#9B6A28,12,Mountain,Mediterranean,62263,0,False,3,South America,2,2294,7
1005,P. Maldonado,3476.0,4668.0,1,62,62,Peru,#9B6A28,14,Urban,Mediterranean,63343,10,False,3,South America,5,9021,0
1006,Cusco,3348.0,4681.0,1,62,62,Peru,#9B6A28,14,Urban,Mediterranean,285081,10,False,3,South America,2,2004,0
1007,Ayacucho,3299.0,4653.0,1,62,62,Peru,#9B6A28,13,Forest,Jungle,40461,0,False,3,South America,1,,0
1008,Huancayo,3250.0,4620.0,1,62,62,Peru,#9B6A28,11,Hills,,49969,0,False,3,South America,1,,0
1009,Alerta,3378.0,4595.0,1,62,62,Peru,#9B6A28,11,Hills,,58753,0,False,3,South America,1,,0
1010,Tocache,3222.0,4513.0,1,62,62,Peru,#9B6A28,11,Hills,,58885,0,False,3,South America,1,,0
1011,Jaén (PE),3116.0,4386.0,1,62,62,Peru,#9B6A28,11,Hills,Mediterranean,54408,0,False,3,South America,1,,0
1012,Lagunas,3240.0,4334.0,1,62,62,Peru,#9B6A28,13,Forest,Jungle,31215,0,False,3,South America,1,,0
1013,Nauta,3292.0,4414.0,1,62,62,Peru,#9B6A28,11,Hills,,56123,0,False,3,South America,1,,0
1014,Pucallpa,3283.0,4515.0,1,62,62,Peru,#9B6A28,13,Forest,Jungle,34051,0,False,3,South America,1,,0
1015,Pebas,3404.0,4275.0,1,62,62,Peru,#9B6A28,13,Forest,Jungle,29177,0,False,3,South America,1,,0
1016,Nasca,3286.0,4748.0,1,62,62,Peru,#9B6A28,12,Mountain,Desert,39467,0,True,3,South America,5,3620,6
1017,Maracaibo,3393.0,3679.0,1,59,59,Venezuela,#74798B,14,Urban,,295341,10,True,3,South America,5,1935,0
1018,Valera,3432.0,3742.0,1,59,59,Venezuela,#74798B,12,Mountain,,61462,0,True,3,South America,1,,4
1019,San Cristóbal,3374.0,3768.0,1,59,59,Venezuela,#74798B,14,Urban,,51230,10,False,3,South America,6,11154,1
1020,Barquisimeto,3499.0,3692.0,1,59,59,Venezuela,#74798B,14,Urban,,221296,10,False,3,South America,5,2582,0
1021,Valencia (VE),3564.0,3697.0,1,59,59,Venezuela,#74798B,13,Forest,Jungle,70760,0,True,3,South America,1,,0
1022,Caracas,3622.0,3684.0,1,59,59,Venezuela,#74798B,14,Urban,,395200,10,True,3,South America,6,1446,0
1023,Cumaná,3731.0,3697.0,1,59,59,Venezuela,#74798B,10,Plains,Desert,31436,0,True,3,South America,5,4544,0
1024,Maturín,3796.0,3721.0,1,59,59,Venezuela,#74798B,14,Urban,,314069,10,False,3,South America,2,1819,0
1025,Ciudad Bolívar,3835.0,3788.0,1,59,59,Venezuela,#74798B,13,Forest,Jungle,36513,0,True,3,South America,1,,0
1026,Calabozo,3599.0,3770.0,1,59,59,Venezuela,#74798B,13,Forest,Mediterranean,64645,0,False,3,South America,1,,0
1027,Canaima,3823.0,3844.0,1,59,59,Venezuela,#74798B,13,Forest,Jungle,64548,0,False,3,South America,1,,0
1028,Urimán,3831.0,3925.0,1,59,59,Venezuela,#74798B,12,Mountain,,66907,0,False,3,South America,2,2135,4
1029,Firiña,3706.0,3904.0,1,59,59,Venezuela,#74798B,13,Forest,Jungle,32661,0,False,3,South America,1,,0
1030,Zaraza,3677.0,3751.0,1,59,59,Venezuela,#74798B,10,Plains,Desert,39501,0,True,3,South America,1,,0
1031,Guarataro,3755.0,3794.0,1,59,59,Venezuela,#74798B,11,Hills,,43798,0,False,3,South America,1,,0
1032,San Juan de Manapiare,3614.0,3903.0,1,59,59,Venezuela,#74798B,11,Hills,,49348,0,False,3,South America,1,,0
1033,Tamatama,3646.0,3992.0,1,59,59,Venezuela,#74798B,13,Forest,Jungle,34769,0,False,3,South America,1,,0
1034,La Esmeralda,3671.0,3996.0,1,59,59,Venezuela,#74798B,10,Plains,,35050,0,False,3,South America,2,4076,0
1035,Bruno,3641.0,4032.0,1,59,59,Venezuela,#74798B,13,Forest,Jungle,51818,0,False,3,South America,1,,0
1036,Machiques,3357.0,3701.0,1,59,59,Venezuela,#74798B,13,Forest,Jungle,59666,0,True,3,South America,1,,1
1037,Barinas,3465.0,3761.0,1,59,59,Venezuela,#74798B,13,Forest,Jungle,47546,0,False,3,South America,1,,2
1038,Arismendi,3560.0,3785.0,1,59,59,Venezuela,#74798B,10,Plains,Grassland,57020,0,False,3,South America,6,2505,0
1039,Elorza,3499.0,3814.0,1,59,59,Venezuela,#74798B,10,Plains,Grassland,63435,0,False,3,South America,2,2252,0
1040,Maripa,3679.0,3810.0,1,59,59,Venezuela,#74798B,13,Forest,Mediterranean,45318,0,False,3,South America,1,,0
1041,Parguaza,3600.0,3852.0,1,59,59,Venezuela,#74798B,13,Forest,Jungle,109670,0,False,3,South America,1,,0
1042,Paramaribo,4137.0,3891.0,1,66,66,Guyana,#BF794E,14,Urban,,271369,10,True,3,South America,2,2106,0
1043,Georgetown,4002.0,3848.0,1,66,66,Guyana,#BF794E,10,Plains,,56432,0,True,3,South America,1,,0
1044,Cayenne,4240.0,3909.0,1,66,66,Guyana,#BF794E,13,Forest,Jungle,34802,0,True,3,South America,1,,0
1045,Bienvenue,4239.0,4005.0,1,66,66,Guyana,#BF794E,13,Forest,Jungle,67277,0,False,3,South America,6,2123,0
1046,Lelydorp,4134.0,3920.0,1,66,66,Guyana,#BF794E,13,Forest,Jungle,57591,0,False,3,South America,2,2481,0
1047,Apetina,4155.0,3991.0,1,66,66,Guyana,#BF794E,13,Forest,Jungle,32155,0,False,3,South America,5,4443,0
1048,Kwakwani,4036.0,3924.0,1,66,66,Guyana,#BF794E,13,Forest,Jungle,63029,0,True,3,South America,5,2267,0
1049,Kumaka,4017.0,3972.0,1,66,66,Guyana,#BF794E,13,Forest,Jungle,29664,0,False,3,South America,6,4816,0
1050,Baramita,3909.0,3858.0,1,66,66,Guyana,#BF794E,13,Forest,Jungle,60890,0,False,3,South America,1,,0
1051,Dadanawa,3975.0,4013.0,1,66,66,Guyana,#BF794E,13,Forest,Jungle,33873,0,False,3,South America,1,,0
1052,Nuuk,4775.0,856.0,1,183,183,Greenland,#87A89D,11,Hills,Arctic,85587,0,True,1,North America,2,1669,29
1053,Nicholls Town,3490.0,2970.0,1,58,58,Caribbean,#7A8150,10,Plains,,56215,0,True,2,Central America,6,2541,0
1054,Congo Town,3515.0,2990.0,2,58,58,Caribbean,#7A8150,10,Plains,,65090,0,True,2,Central America,2,2195,0
1055,Nueva Gerona,3337.0,3121.0,1,58,58,Caribbean,#7A8150,10,Plains,,72737,0,True,2,Central America,5,1964,0
1056,Nassau,3507.0,2954.0,1,58,58,Caribbean,#7A8150,10,Plains,,55200,0,True,2,Central America,5,2588,0
1057,Hilo,817.0,3281.0,1,28,28,Hawaii,#6990A4,11,Hills,,55830,0,True,1,North America,1,,0
1058,Lahaina,763.0,3192.0,4,28,28,Hawaii,#6990A4,13,Forest,,64119,0,True,1,North America,2,2228,0
1059,Honululu,689.0,3153.0,1,28,28,Hawaii,#6990A4,14,Urban,,153507,10,True,1,North America,5,3722,0
1060,Lihue,614.0,3108.0,2,28,28,Hawaii,#6990A4,13,Forest,,80624,0,True,1,North America,1,,0
1061,Johnston Atoll,185.0,3277.0,1,29,29,Johnston Atoll,#BF794E,11,Hills,,56640,0,True,10,Oceania,6,2522,0
1062,Sand Island,46.0,2644.0,1,27,27,Midway,#6D9368,10,Plains,,101869,0,True,1,North America,5,1402,0
1063,Eastern Island,91.0,2642.0,1,27,27,Midway,#6D9368,10,Plains,,83185,0,True,1,North America,1,,0
1064,La Paz,3543.0,4799.0,1,184,184,Bolivia,#C25E53,14,Urban,Desert,230496,10,False,3,South America,2,2479,0
1065,Coarí,3560.0,4087.0,1,63,63,West Amazonas,#819254,10,Plains,,46204,0,False,3,South America,1,,0
1066,Içana,3615.0,4111.0,1,63,63,West Amazonas,#819254,13,Forest,Jungle,38572,0,False,3,South America,1,,0
1067,Taraquá,3540.0,4127.0,1,63,63,West Amazonas,#819254,14,Urban,,673059,10,False,3,South America,2,849,0
1068,Benjamin Constant,3476.0,4346.0,1,63,63,West Amazonas,#819254,13,Forest,Jungle,51016,0,False,3,South America,1,,0
1069,Eirunepé,3419.0,4444.0,1,63,63,West Amazonas,#819254,13,Forest,Jungle,49568,0,False,3,South America,6,2882,0
1070,Envira,3489.0,4514.0,1,63,63,West Amazonas,#819254,13,Forest,Jungle,48443,0,False,3,South America,2,2949,0
1071,Jutaí,3577.0,4353.0,1,63,63,West Amazonas,#819254,13,Forest,Jungle,62221,0,False,3,South America,1,,0
1072,Pauini,3595.0,4451.0,1,63,63,West Amazonas,#819254,13,Forest,Jungle,51640,0,False,3,South America,1,,0
1073,Boca do Acre,3634.0,4529.0,1,63,63,West Amazonas,#819254,13,Forest,Jungle,48183,0,False,3,South America,5,2965,0
1074,Concórdia,3653.0,4305.0,1,63,63,West Amazonas,#819254,13,Forest,Jungle,26121,0,False,3,South America,6,5469,0
1075,São Paulo de Olivença,3537.0,4239.0,1,63,63,West Amazonas,#819254,13,Forest,Jungle,43965,0,False,3,South America,1,,0
1076,Manaus,3913.0,4264.0,1,64,64,East Amazonas,#85ACBE,14,Urban,,354348,10,True,3,South America,6,1613,0
1077,Manicoré,3840.0,4375.0,1,64,64,East Amazonas,#85ACBE,14,Urban,,314544,10,False,3,South America,2,1817,0
1078,Itacoatiara,3976.0,4286.0,1,64,64,East Amazonas,#85ACBE,13,Forest,Jungle,38128,0,False,3,South America,1,,0
1079,Urucará,3976.0,4203.0,1,64,64,East Amazonas,#85ACBE,13,Forest,Jungle,34312,0,False,3,South America,1,,0
1080,Moura,3849.0,4233.0,1,64,64,East Amazonas,#85ACBE,13,Forest,Jungle,37905,0,False,3,South America,1,,0
1081,Barcelos,3767.0,4166.0,1,64,64,East Amazonas,#85ACBE,11,Hills,,51573,0,False,3,South America,2,2770,0
1082,Maraã,3675.0,4199.0,1,63,63,West Amazonas,#819254,13,Forest,Jungle,31828,0,False,3,South America,1,,0
1083,Tefé,3728.0,4286.0,1,64,64,East Amazonas,#85ACBE,14,Urban,,180977,10,False,3,South America,5,3157,0
1084,Coari,3803.0,4312.0,1,64,64,East Amazonas,#85ACBE,13,Forest,Jungle,31313,0,False,3,South America,1,,0
1085,Borba,3914.0,4319.0,1,64,64,East Amazonas,#85ACBE,13,Forest,Jungle,55818,0,True,3,South America,1,,0
1086,Novo Aripuanã,3893.0,4353.0,1,64,64,East Amazonas,#85ACBE,11,Hills,,40425,0,False,3,South America,6,3534,0
1087,Humaitá,3802.0,4485.0,1,64,64,East Amazonas,#85ACBE,13,Forest,Jungle,66723,0,False,3,South America,1,,0
1088,Canutama,3764.0,4427.0,1,64,64,East Amazonas,#85ACBE,13,Forest,Jungle,53973,0,False,3,South America,6,2647,0
1089,Sumaúma,3936.0,4499.0,1,64,64,East Amazonas,#85ACBE,14,Urban,,50279,10,False,3,South America,5,11365,0
1090,Prainha,3885.0,4429.0,1,64,64,East Amazonas,#85ACBE,13,Forest,,36653,0,False,3,South America,1,,0
1091,Miriti,3972.0,4394.0,1,64,64,East Amazonas,#85ACBE,13,Forest,Jungle,58278,0,False,3,South America,1,,0
1092,Sucundurí,3949.0,4433.0,1,64,64,East Amazonas,#85ACBE,13,Forest,Jungle,47790,0,False,3,South America,1,,0
1093,Codajás,3777.0,4243.0,1,64,64,East Amazonas,#85ACBE,13,Forest,Jungle,38539,0,False,3,South America,6,3707,0
1094,Boa Vista,3935.0,3959.0,1,65,65,North Brazil,#96AC80,14,Urban,Mediterranean,266018,10,False,3,South America,2,2148,0
1095,Tomar,3717.0,4154.0,1,64,64,East Amazonas,#85ACBE,13,Forest,Jungle,64247,0,False,3,South America,1,,0
1096,Porto Velho,3758.0,4548.0,1,64,64,East Amazonas,#85ACBE,14,Urban,,201698,10,False,3,South America,2,2833,0
1097,Cujubim,3820.0,4573.0,1,64,64,East Amazonas,#85ACBE,13,Forest,Jungle,36344,0,False,3,South America,1,,0
1098,Jaru,3775.0,4602.0,1,64,64,East Amazonas,#85ACBE,11,Hills,,50280,0,False,3,South America,5,2841,0
1099,Cacoal,3840.0,4645.0,1,64,64,East Amazonas,#85ACBE,10,Plains,,60950,0,False,3,South America,1,,0
1100,São Francisco do Guaporé,3772.0,4655.0,1,64,64,East Amazonas,#85ACBE,13,Forest,Jungle,36054,0,False,3,South America,1,,0
1101,Abunã,3712.0,4565.0,1,64,64,East Amazonas,#85ACBE,11,Hills,,71860,0,False,3,South America,6,1988,0
1102,Caracaraí,3897.0,4033.0,1,65,65,North Brazil,#96AC80,13,Forest,Jungle,32471,0,False,3,South America,1,,0
1103,Macapá,4301.0,4145.0,1,65,65,North Brazil,#96AC80,14,Urban,,425260,10,True,3,South America,2,1344,0
1104,Belém,4427.0,4245.0,1,65,65,North Brazil,#96AC80,14,Urban,,180502,10,True,3,South America,6,3166,0
1105,Santarém,4158.0,4255.0,1,65,65,North Brazil,#96AC80,14,Urban,,278391,10,True,3,South America,6,2053,0
1106,Marabá,4364.0,4384.0,1,65,65,North Brazil,#96AC80,14,Urban,,34919,10,False,3,South America,5,16364,0
1107,Parauapebas,4316.0,4442.0,1,65,65,North Brazil,#96AC80,13,Forest,Jungle,35625,0,False,3,South America,1,,0
1108,Itaituba,4090.0,4355.0,1,65,65,North Brazil,#96AC80,13,Forest,Jungle,57251,0,False,3,South America,1,,0
1109,Matane,4109.0,1447.0,1,38,38,Quebec,#E5BB5F,10,Plains,Boreal,47613,0,True,1,North America,2,3000,0
1110,Rivière-du-Loup,3971.0,1529.0,1,38,38,Quebec,#E5BB5F,11,Hills,Boreal,45153,0,True,1,North America,1,,0
1111,Cap-Haïtien,3771.0,3248.0,1,58,58,Caribbean,#7A8150,13,Forest,Jungle,113814,0,True,2,Central America,1,,0
1112,Lisboa,3220.0,4261.0,1,61,61,Ecuador,#AF5244,13,Forest,Jungle,106579,0,False,3,South America,1,,0
1113,Cajamarca,3134.0,4466.0,1,62,62,Peru,#9B6A28,11,Hills,,54370,0,False,3,South America,1,,0
1114,Chimbote,3123.0,4570.0,1,62,62,Peru,#9B6A28,12,Mountain,Desert,46175,0,True,3,South America,5,3094,6
1115,Shintuya,3386.0,4654.0,1,62,62,Peru,#9B6A28,13,Forest,Mediterranean,36711,0,False,3,South America,1,,0
1116,Camaná,3331.0,4804.0,1,62,62,Peru,#9B6A28,12,Mountain,Desert,46669,0,True,3,South America,1,,6
1117,São Luís,4646.0,4269.0,1,70,70,Maranhão,#C14858,14,Urban,,189643,10,True,3,South America,2,3013,0
1118,Fortaleza,4889.0,4332.0,1,70,70,Maranhão,#C14858,14,Urban,Mediterranean,243332,10,True,3,South America,6,2348,0
1119,Teresina,4696.0,4388.0,1,70,70,Maranhão,#C14858,14,Urban,,234811,10,False,3,South America,5,2434,0
1120,Natal,5033.0,4432.0,1,70,70,Maranhão,#C14858,14,Urban,Mediterranean,436390,10,True,3,South America,2,1309,0
1121,Pinheiro,4579.0,4251.0,1,70,70,Maranhão,#C14858,10,Plains,,49682,0,True,3,South America,1,,0
1122,Imperatriz,4470.0,4393.0,1,70,70,Maranhão,#C14858,13,Forest,Jungle,61407,0,False,3,South America,1,,0
1123,Balsas,4535.0,4485.0,1,70,70,Maranhão,#C14858,11,Hills,,52238,0,False,3,South America,1,,0
1124,Corrente,4548.0,4609.0,1,70,70,Maranhão,#C14858,13,Forest,Mediterranean,45256,0,False,3,South America,1,,0
1125,Floriano,4690.0,4444.0,1,70,70,Maranhão,#C14858,11,Hills,,40097,0,False,3,South America,1,,0
1126,Canto do Buriti,4739.0,4485.0,1,70,70,Maranhão,#C14858,13,Forest,,63044,0,False,3,South America,1,,0
1127,Uruçuí,4622.0,4463.0,1,70,70,Maranhão,#C14858,13,Forest,,57955,0,False,3,South America,1,,0
1128,São Raimundo Nonato,4661.0,4546.0,1,70,70,Maranhão,#C14858,11,Hills,Mediterranean,52700,0,False,3,South America,1,,0
1129,Barra do Corda,4613.0,4391.0,1,70,70,Maranhão,#C14858,10,Plains,,35147,0,False,3,South America,1,,0
1130,Bacabal,4632.0,4330.0,1,70,70,Maranhão,#C14858,13,Forest,Jungle,60015,0,False,3,South America,1,,0
1131,Grajaú,4532.0,4406.0,1,70,70,Maranhão,#C14858,13,Forest,,37772,0,False,3,South America,1,,0
1132,Buriticupu,4521.0,4320.0,1,70,70,Maranhão,#C14858,13,Forest,Jungle,30549,0,False,3,South America,1,,0
1133,Sobral,4806.0,4327.0,1,70,70,Maranhão,#C14858,10,Plains,Grassland,48788,0,True,3,South America,1,,0
1134,Parnaíba,4728.0,4284.0,1,70,70,Maranhão,#C14858,10,Plains,,38981,0,True,3,South America,6,3665,0
1135,Piripiri,4737.0,4363.0,1,70,70,Maranhão,#C14858,13,Forest,,45174,0,False,3,South America,1,,0
1136,Maracanaú,4885.0,4361.0,1,70,70,Maranhão,#C14858,10,Plains,Desert,44642,0,True,3,South America,5,3200,0
1137,Mossoró,4967.0,4413.0,1,70,70,Maranhão,#C14858,10,Plains,Desert,43863,0,True,3,South America,6,3257,0
1138,Caicó,4963.0,4472.0,1,70,70,Maranhão,#C14858,11,Hills,Desert,31969,0,False,3,South America,1,,0
1139,Parnamirim,5031.0,4466.0,1,70,70,Maranhão,#C14858,10,Plains,Grassland,29281,0,True,3,South America,6,4879,0
1140,Crateús,4806.0,4397.0,1,70,70,Maranhão,#C14858,10,Plains,Grassland,40893,0,False,3,South America,6,3493,0
1141,Picos,4787.0,4461.0,1,70,70,Maranhão,#C14858,13,Forest,Mediterranean,37008,0,False,3,South America,1,,0
1142,Iguatu,4872.0,4446.0,1,70,70,Maranhão,#C14858,11,Hills,Desert,38315,0,False,3,South America,1,,0
1143,Juazeiro d. N.,4872.0,4498.0,1,70,70,Maranhão,#C14858,14,Urban,Mediterranean,74754,10,False,3,South America,5,7644,0
1144,Morros,4503.0,4582.0,1,70,70,Maranhão,#C14858,13,Forest,,49752,0,False,3,South America,1,,0
1145,Araguaína,4395.0,4476.0,1,67,67,North Goiás,#9EB1A3,10,Plains,,68289,0,False,3,South America,1,,0
1146,Miracema,4392.0,4607.0,1,67,67,North Goiás,#9EB1A3,14,Urban,,203365,10,False,3,South America,6,2810,0
1147,Alvorada,4346.0,4694.0,1,67,67,North Goiás,#9EB1A3,10,Plains,,49858,0,False,3,South America,1,,0
1148,Guarai,4401.0,4557.0,1,67,67,North Goiás,#9EB1A3,10,Plains,,65334,0,False,3,South America,1,,0
1149,Arraias,4436.0,4707.0,1,67,67,North Goiás,#9EB1A3,10,Plains,,37593,0,False,3,South America,1,,0
1150,Pium,4345.0,4623.0,1,67,67,North Goiás,#9EB1A3,10,Plains,,49419,0,False,3,South America,1,,0
1151,Estrema,4439.0,4626.0,1,67,67,North Goiás,#9EB1A3,10,Plains,,52723,0,False,3,South America,1,,0
1152,Recife,4979.0,4610.0,1,69,69,Pernambuco,#6C989C,14,Urban,Mediterranean,302326,10,True,3,South America,5,1890,0
1153,Campina Grande,5006.0,4509.0,1,70,70,Maranhão,#C14858,10,Plains,Grassland,48239,0,True,3,South America,2,2961,0
1154,Maceió,4911.0,4671.0,1,69,69,Pernambuco,#6C989C,10,Plains,Desert,72101,0,True,3,South America,1,,0
1155,Ouricuri,4791.0,4548.0,1,69,69,Pernambuco,#6C989C,10,Plains,Grassland,39295,0,False,3,South America,1,,0
1156,Salta,3690.0,5208.0,1,77,77,North Argentina,#96A87D,14,Urban,Mediterranean,313329,10,False,3,South America,5,1824,0
1157,Córdoba (AR),3788.0,5445.0,1,77,77,North Argentina,#96A87D,14,Urban,,409603,10,False,3,South America,6,1395,0
1158,Buenos Aires,3968.0,5612.0,1,77,77,North Argentina,#96A87D,14,Urban,,241300,10,True,3,South America,6,2368,0
1159,Mendoza,3550.0,5500.0,1,77,77,North Argentina,#96A87D,14,Urban,Mediterranean,190437,10,False,3,South America,2,3001,0
1160,Bahía Blanca,3828.0,5779.0,1,78,78,South Argentina,#CCB084,14,Urban,Mediterranean,253359,10,True,3,South America,5,2255,0
1161,Mar del Plata,3989.0,5746.0,1,77,77,North Argentina,#96A87D,13,Forest,,55230,0,True,3,South America,1,,0
1162,Tandil,3924.0,5673.0,1,77,77,North Argentina,#96A87D,13,Forest,,64509,0,False,3,South America,1,,0
1163,Calilegua,3755.0,5161.0,1,77,77,North Argentina,#96A87D,10,Plains,Mediterranean,55644,0,False,3,South America,6,2567,0
1164,Cafayate,3619.0,5282.0,1,77,77,North Argentina,#96A87D,12,Mountain,Mediterranean,68800,0,False,3,South America,1,,7
1165,San Rafael,3583.0,5564.0,1,77,77,North Argentina,#96A87D,11,Hills,Mediterranean,37814,0,False,3,South America,1,,0
1166,La Reforma,3663.0,5647.0,1,77,77,North Argentina,#96A87D,11,Hills,Mediterranean,33830,0,False,3,South America,1,,0
1167,Santa Rosa,3766.0,5679.0,1,77,77,North Argentina,#96A87D,14,Urban,,40235,10,False,3,South America,5,14202,0
1168,Lusaka,7420.0,5034.0,1,107,107,Northern Rhodesia,#EAD993,14,Urban,,260573,10,False,5,South Africa,6,2193,0
1169,Urucu,3729.0,4342.0,1,64,64,East Amazonas,#85ACBE,13,Forest,Jungle,43038,0,False,3,South America,1,,0
1170,Lábrea,3742.0,4483.0,1,64,64,East Amazonas,#85ACBE,13,Forest,Jungle,50107,0,False,3,South America,1,,0
1171,Meditação,3810.0,4411.0,1,64,64,East Amazonas,#85ACBE,13,Forest,Jungle,48455,0,False,3,South America,1,,0
1172,Bragança,4485.0,4192.0,1,65,65,North Brazil,#96AC80,11,Hills,,41085,0,True,3,South America,5,3477,0
1173,Boate,4466.0,4274.0,1,65,65,North Brazil,#96AC80,11,Hills,,36869,0,False,3,South America,2,3875,0
1174,Tucuruí,4358.0,4304.0,1,65,65,North Brazil,#96AC80,13,Forest,Jungle,43318,0,False,3,South America,1,,0
1175,Primavera,4320.0,4518.0,1,65,65,North Brazil,#96AC80,13,Forest,Jungle,56995,0,False,3,South America,1,,0
1176,Cachimbo,4174.0,4518.0,1,65,65,North Brazil,#96AC80,13,Forest,Jungle,44446,0,False,3,South America,1,,0
1177,Airi,4020.0,4460.0,1,65,65,North Brazil,#96AC80,13,Forest,Jungle,26477,0,False,3,South America,1,,0
1178,Vitória (BR),4212.0,4293.0,1,65,65,North Brazil,#96AC80,13,Forest,Jungle,45762,0,False,3,South America,1,,0
1179,São Félix,4220.0,4439.0,1,65,65,North Brazil,#96AC80,13,Forest,Jungle,52538,0,False,3,South America,1,,0
1180,Natal (BR),4135.0,4423.0,1,65,65,North Brazil,#96AC80,13,Forest,Jungle,55700,0,False,3,South America,1,,0
1181,Alenquer,4141.0,4199.0,1,65,65,North Brazil,#96AC80,13,Forest,Jungle,42737,0,False,3,South America,1,,0
1182,Amapá,4339.0,4056.0,1,65,65,North Brazil,#96AC80,13,Forest,Jungle,46378,0,True,3,South America,5,3080,0
1183,Cachorrinho,4254.0,4104.0,1,65,65,North Brazil,#96AC80,13,Forest,Jungle,56119,0,False,3,South America,6,2546,2
1184,Tacalé,4157.0,4080.0,1,65,65,North Brazil,#96AC80,13,Forest,Jungle,25867,0,False,3,South America,1,,0
1185,Estrela,3983.0,4108.0,1,65,65,North Brazil,#96AC80,13,Forest,Jungle,57817,0,False,3,South America,5,2471,0
1186,Samaumeira,4046.0,4166.0,1,65,65,North Brazil,#96AC80,13,Forest,Jungle,33847,0,False,3,South America,1,,0
1187,Santa Maria do Boiaçu,3851.0,4160.0,1,65,65,North Brazil,#96AC80,13,Forest,Jungle,55448,0,False,3,South America,1,,0
1188,Monte Alegre,4212.0,4216.0,1,65,65,North Brazil,#96AC80,13,Forest,Jungle,27772,0,True,3,South America,1,,0
1189,São Marcos,3911.0,3935.0,1,65,65,North Brazil,#96AC80,12,Mountain,Mediterranean,25761,0,False,3,South America,1,,3
1190,Fondlándia,4124.0,4293.0,1,65,65,North Brazil,#96AC80,13,Forest,Jungle,44355,0,True,3,South America,1,,0
1191,Muaná,4388.0,4195.0,1,65,65,North Brazil,#96AC80,13,Forest,Jungle,51637,0,True,3,South America,1,,0
1192,Sousel,4269.0,4280.0,1,65,65,North Brazil,#96AC80,13,Forest,Jungle,27001,0,True,3,South America,1,,0
1193,Akotipa,4080.0,4079.0,1,65,65,North Brazil,#96AC80,13,Forest,Jungle,43294,0,False,3,South America,1,,0
1194,Mazagão,4320.0,4199.0,1,65,65,North Brazil,#96AC80,13,Forest,Jungle,28888,0,True,3,South America,5,4945,0
1195,Amajari,3770.0,3984.0,1,65,65,North Brazil,#96AC80,13,Forest,Jungle,63997,0,False,3,South America,1,,0
1196,Cochabamba,3641.0,4871.0,1,184,184,Bolivia,#C25E53,14,Urban,Mediterranean,393427,10,False,3,South America,6,1452,0
1197,Santa Cruz S.,3830.0,4922.0,1,184,184,Bolivia,#C25E53,14,Urban,,314393,10,False,3,South America,2,1818,0
1198,Trinidad,3700.0,4736.0,1,184,184,Bolivia,#C25E53,14,Urban,,119025,10,False,3,South America,6,4801,0
1199,Tarija,3711.0,5022.0,1,184,184,Bolivia,#C25E53,11,Hills,Mediterranean,68730,0,False,3,South America,1,,0
1200,Oruro,3608.0,4885.0,1,184,184,Bolivia,#C25E53,12,Mountain,Desert,40138,0,False,3,South America,5,3559,10
1201,Uyuni,3621.0,4995.0,1,184,184,Bolivia,#C25E53,12,Mountain,Desert,61757,0,False,3,South America,2,2313,8
1202,San Pablo,3632.0,5047.0,1,184,184,Bolivia,#C25E53,12,Mountain,Desert,65491,0,False,3,South America,5,2181,4
1203,Patacamaya,3558.0,4834.0,1,184,184,Bolivia,#C25E53,12,Mountain,Desert,48864,0,False,3,South America,6,2924,4
1204,Caranavi,3562.0,4771.0,1,184,184,Bolivia,#C25E53,12,Mountain,Mediterranean,36508,0,False,3,South America,5,3913,4
1205,Rurrenabaque,3572.0,4715.0,1,184,184,Bolivia,#C25E53,11,Hills,Mediterranean,48179,0,False,3,South America,1,,0
1206,Sena,3579.0,4642.0,1,184,184,Bolivia,#C25E53,11,Hills,,48719,0,False,3,South America,1,,0
1207,Riberalta,3649.0,4609.0,1,184,184,Bolivia,#C25E53,11,Hills,,39282,0,False,3,South America,1,,0
1208,San Ramon,3703.0,4687.0,1,184,184,Bolivia,#C25E53,13,Forest,Jungle,29621,0,False,3,South America,1,,0
1209,Casarabe,3747.0,4745.0,1,184,184,Bolivia,#C25E53,11,Hills,,44765,0,False,3,South America,1,,0
1210,El Puente,3846.0,4863.0,1,184,184,Bolivia,#C25E53,11,Hills,,48872,0,False,3,South America,1,,0
1211,San José de Chiquitos,3909.0,4930.0,1,184,184,Bolivia,#C25E53,13,Forest,,39999,0,False,3,South America,1,,0
1212,Camiri,3854.0,5036.0,1,184,184,Bolivia,#C25E53,13,Forest,,60400,0,False,3,South America,1,,0
1213,Curichi,3929.0,4996.0,1,184,184,Bolivia,#C25E53,14,Urban,,62010,10,False,3,South America,5,9215,0
1214,Valle Grande,3796.0,4960.0,1,184,184,Bolivia,#C25E53,11,Hills,,38298,0,False,3,South America,1,,0
1215,Sucre,3701.0,4893.0,1,184,184,Bolivia,#C25E53,11,Hills,Mediterranean,32842,0,False,3,South America,1,,0
1216,Potosí,3660.0,4947.0,1,184,184,Bolivia,#C25E53,10,Plains,Mediterranean,49757,0,False,3,South America,1,,0
1217,Arcopongo,3608.0,4807.0,1,184,184,Bolivia,#C25E53,11,Hills,Mediterranean,53176,0,False,3,South America,5,2686,0
1218,Chimoré,3673.0,4820.0,1,184,184,Bolivia,#C25E53,11,Hills,Mediterranean,41994,0,False,3,South America,1,,0
1219,Felicidad,3857.0,4756.0,1,184,184,Bolivia,#C25E53,13,Forest,,64215,0,False,3,South America,1,,0
1220,San Juan (BO),3943.0,4849.0,1,184,184,Bolivia,#C25E53,11,Hills,,45867,0,False,3,South America,1,,0
1221,Goiânia,4304.0,4840.0,1,71,71,Goiás,#CEC06C,14,Urban,,348929,10,False,3,South America,6,1638,0
1222,Cuiabá,4109.0,4769.0,1,71,71,Goiás,#CEC06C,14,Urban,,295191,10,False,3,South America,5,1936,0
1223,Sinop,4108.0,4639.0,1,71,71,Goiás,#CEC06C,14,Urban,,373211,10,False,3,South America,2,1531,0
1224,Formosa,4417.0,4819.0,1,71,71,Goiás,#CEC06C,14,Urban,,180198,10,False,3,South America,5,3171,0
1225,Rodonópolis,4167.0,4834.0,1,71,71,Goiás,#CEC06C,13,Forest,,42011,0,False,3,South America,1,,0
1226,Cáceres (BR),4034.0,4798.0,1,71,71,Goiás,#CEC06C,13,Forest,,59998,0,False,3,South America,1,,0
1227,Nova Mutum,4109.0,4732.0,1,71,71,Goiás,#CEC06C,11,Hills,,42953,0,False,3,South America,1,,0
1228,Colíder,4103.0,4594.0,1,71,71,Goiás,#CEC06C,10,Plains,,51985,0,False,3,South America,6,2748,0
1229,Aripuanã,3903.0,4556.0,1,71,71,Goiás,#CEC06C,10,Plains,,39737,0,False,3,South America,2,3595,0
1230,Brasnorte,4025.0,4662.0,1,71,71,Goiás,#CEC06C,10,Plains,,61654,0,False,3,South America,5,2317,0
1231,Comodoro,3963.0,4757.0,1,71,71,Goiás,#CEC06C,13,Forest,,57922,0,False,3,South America,1,,0
1232,Tangará da Serra,4044.0,4732.0,1,71,71,Goiás,#CEC06C,10,Plains,,63453,0,False,3,South America,2,2251,0
1233,Xingu,4194.0,4602.0,1,71,71,Goiás,#CEC06C,11,Hills,,40631,0,False,3,South America,1,,0
1234,Confresa,4269.0,4616.0,1,71,71,Goiás,#CEC06C,10,Plains,,32623,0,False,3,South America,1,,0
1235,Sorriso,4104.0,4677.0,1,71,71,Goiás,#CEC06C,10,Plains,,49443,0,False,3,South America,1,,0
1236,Primavera do Leste,4180.0,4762.0,1,71,71,Goiás,#CEC06C,10,Plains,,63651,0,False,3,South America,1,,0
1237,Barra do Garças,4251.0,4777.0,1,71,71,Goiás,#CEC06C,11,Hills,,55066,0,False,3,South America,1,,0
1238,Rio Verde,4252.0,4868.0,1,71,71,Goiás,#CEC06C,13,Forest,,33851,0,False,3,South America,1,,0
1239,Catalão,4369.0,4923.0,1,71,71,Goiás,#CEC06C,10,Plains,,45698,0,False,3,South America,2,3126,0
1240,Porangatu,4343.0,4764.0,1,71,71,Goiás,#CEC06C,10,Plains,,40070,0,False,3,South America,1,,0
1241,Anápolis,4349.0,4832.0,1,71,71,Goiás,#CEC06C,10,Plains,,51987,0,False,3,South America,2,2748,0
1242,Quirinópolis,4258.0,4945.0,1,71,71,Goiás,#CEC06C,11,Hills,,47747,0,False,3,South America,1,,0
1243,Tanguro,4202.0,4684.0,1,71,71,Goiás,#CEC06C,14,Urban,,42467,10,False,3,South America,6,13456,0
1244,Queréncia,4258.0,4685.0,1,71,71,Goiás,#CEC06C,11,Hills,,70633,0,False,3,South America,1,,0
1245,Apiacás,4013.0,4553.0,1,71,71,Goiás,#CEC06C,13,Forest,Jungle,41167,0,False,3,South America,1,,0
1246,Juína,3933.0,4621.0,1,71,71,Goiás,#CEC06C,13,Forest,Jungle,69222,0,False,3,South America,1,,0
1247,Porto Alegre,4271.0,5417.0,1,75,75,South Brazil,#8CBF78,14,Urban,,386675,10,True,3,South America,2,1478,0
1248,Curitiba,4362.0,5289.0,1,75,75,South Brazil,#8CBF78,14,Urban,,198698,10,False,3,South America,6,2876,0
1249,Londrina,4250.0,5152.0,1,75,75,South Brazil,#8CBF78,14,Urban,,390114,10,False,3,South America,2,1465,0
1250,Cascavel,4187.0,5213.0,1,75,75,South Brazil,#8CBF78,14,Urban,,146894,10,False,3,South America,6,3890,0
1251,Pelotas,4222.0,5484.0,1,75,75,South Brazil,#8CBF78,10,Plains,,91993,0,True,3,South America,5,1553,0
1252,Gramado,4291.0,5398.0,1,75,75,South Brazil,#8CBF78,13,Forest,,41131,0,True,3,South America,1,,0
1253,Florianópolis,4364.0,5338.0,1,75,75,South Brazil,#8CBF78,11,Hills,,69069,0,True,3,South America,1,,0
1254,Maringá,4222.0,5162.0,1,75,75,South Brazil,#8CBF78,10,Plains,,94337,0,False,3,South America,1,,0
1255,Umuarama,4182.0,5185.0,1,75,75,South Brazil,#8CBF78,13,Forest,,89209,0,False,3,South America,1,,0
1256,Ponta Grossa,4325.0,5263.0,1,75,75,South Brazil,#8CBF78,10,Plains,,44139,0,True,3,South America,5,3237,0
1257,Guarapuava,4258.0,5278.0,1,75,75,South Brazil,#8CBF78,10,Plains,,70270,0,False,3,South America,5,2033,0
1258,Pato Branco,4197.0,5278.0,1,75,75,South Brazil,#8CBF78,10,Plains,,58248,0,False,3,South America,1,,0
1259,Apucarana,4245.0,5177.0,1,75,75,South Brazil,#8CBF78,11,Hills,,90860,0,False,3,South America,1,,0
1260,Caçador,4304.0,5298.0,1,75,75,South Brazil,#8CBF78,10,Plains,,70340,0,False,3,South America,1,,0
1261,Chapecó,4212.0,5307.0,1,75,75,South Brazil,#8CBF78,11,Hills,,41538,0,False,3,South America,1,,0
1262,Santa Cruz do Sul,4233.0,5406.0,1,75,75,South Brazil,#8CBF78,10,Plains,,67469,0,True,3,South America,1,,0
1263,Santa Maria,4177.0,5402.0,1,75,75,South Brazil,#8CBF78,10,Plains,,53854,0,False,3,South America,6,2653,0
1264,Alegrete,4087.0,5395.0,1,75,75,South Brazil,#8CBF78,10,Plains,,65530,0,False,3,South America,5,2180,0
1265,Passo Fundo,4215.0,5353.0,1,75,75,South Brazil,#8CBF78,14,Urban,,47101,10,False,3,South America,5,12132,0
1266,Santo Ângelo,4147.0,5346.0,1,75,75,South Brazil,#8CBF78,10,Plains,,104832,0,False,3,South America,2,1363,0
1267,Lages,4296.0,5343.0,1,75,75,South Brazil,#8CBF78,13,Forest,,51060,0,False,3,South America,1,,0
1268,Montevideo,4064.0,5601.0,1,76,76,Uruguay,#6DB3AF,14,Urban,,257893,10,True,3,South America,6,2216,0
1269,Melo,4150.0,5523.0,1,76,76,Uruguay,#6DB3AF,11,Hills,,60267,0,False,3,South America,5,2370,0
1270,Rocha,4125.0,5604.0,1,76,76,Uruguay,#6DB3AF,10,Plains,,55127,0,True,3,South America,1,,0
1271,Durazno,4044.0,5551.0,1,76,76,Uruguay,#6DB3AF,13,Forest,,46391,0,True,3,South America,1,,0
1272,Tacuarembó,4059.0,5474.0,1,76,76,Uruguay,#6DB3AF,10,Plains,,62818,0,False,3,South America,2,2274,0
1273,Campo Grande,4134.0,5013.0,1,72,72,Mato Grosso,#CAA473,14,Urban,,259610,10,False,3,South America,5,2201,0
1274,Dourados,4139.0,5084.0,1,72,72,Mato Grosso,#CAA473,10,Plains,,49311,0,False,3,South America,1,,0
1275,Miranda,4064.0,5009.0,1,72,72,Mato Grosso,#CAA473,10,Plains,,39601,0,False,3,South America,1,,0
1276,Coxim,4137.0,4967.0,1,72,72,Mato Grosso,#CAA473,10,Plains,,69834,0,False,3,South America,1,,0
1277,Água Clara,4200.0,5025.0,1,72,72,Mato Grosso,#CAA473,11,Hills,,89734,0,False,3,South America,1,,0
1278,Asunción,4035.0,5194.0,1,74,74,Paraguay,#619591,14,Urban,,348913,10,False,3,South America,2,1638,0
1279,San Ignacio (PY),4050.0,5261.0,1,74,74,Paraguay,#619591,13,Forest,,46510,0,False,3,South America,6,3072,0
1280,Caaguazú,4096.0,5201.0,1,74,74,Paraguay,#619591,13,Forest,,36443,0,False,3,South America,1,,0
1281,Concepción,4038.0,5142.0,1,74,74,Paraguay,#619591,10,Plains,,56470,0,False,3,South America,1,,0
1282,Loma Plata,3960.0,5107.0,1,74,74,Paraguay,#619591,13,Forest,,63404,0,False,3,South America,1,,0
1283,São Paulo,4403.0,5208.0,1,73,73,São Paulo,#A07F40,14,Urban,,339355,10,True,3,South America,2,1684,0
1284,Campinas,4381.0,5181.0,1,73,73,São Paulo,#A07F40,11,Hills,,35034,0,True,3,South America,1,,0
1285,Rio de Janeiro,4534.0,5135.0,1,73,73,São Paulo,#A07F40,14,Urban,,354367,10,True,3,South America,5,1613,0
1286,Montes Claros,4574.0,4928.0,1,73,73,São Paulo,#A07F40,14,Urban,,327447,10,False,3,South America,6,1745,0
1287,Vitória,4675.0,5100.0,1,73,73,São Paulo,#A07F40,14,Urban,,172678,10,True,3,South America,2,3309,0
1288,Belo Horizonte,4531.0,5028.0,1,73,73,São Paulo,#A07F40,11,Hills,,35907,0,False,3,South America,1,,0
1289,Ipatinga,4615.0,5036.0,1,73,73,São Paulo,#A07F40,11,Hills,,55483,0,False,3,South America,1,,0
1290,Bocaiúva,4566.0,4963.0,1,73,73,São Paulo,#A07F40,10,Plains,,63442,0,False,3,South America,6,2252,0
1291,Linhares,4704.0,5081.0,1,73,73,São Paulo,#A07F40,10,Plains,,48279,0,True,3,South America,1,,0
1292,Eunápolis,4739.0,5003.0,1,73,73,São Paulo,#A07F40,10,Plains,,72075,0,True,3,South America,6,1982,0
1293,Janaúba,4621.0,4894.0,1,73,73,São Paulo,#A07F40,10,Plains,,35906,0,False,3,South America,1,,0
1294,Unaí,4483.0,4847.0,1,73,73,São Paulo,#A07F40,13,Forest,Jungle,64851,0,False,3,South America,1,,0
1295,Paracatu,4473.0,4909.0,1,73,73,São Paulo,#A07F40,10,Plains,,54943,0,False,3,South America,1,,0
1296,Uberlândia,4373.0,4995.0,1,73,73,São Paulo,#A07F40,14,Urban,,42092,10,False,3,South America,5,13576,0
1297,Bauru,4304.0,5120.0,1,73,73,São Paulo,#A07F40,10,Plains,,56536,0,False,3,South America,6,2527,0
1298,Araçatuba,4236.0,5088.0,1,73,73,São Paulo,#A07F40,13,Forest,Jungle,64053,0,False,3,South America,1,,0
1299,Jales,4280.0,5026.0,1,73,73,São Paulo,#A07F40,10,Plains,,51864,0,False,3,South America,1,,0
1300,Uberaba,4375.0,5040.0,1,73,73,São Paulo,#A07F40,10,Plains,,62867,0,False,3,South America,2,2272,0
1301,Ribeirão Preto,4379.0,5090.0,1,73,73,São Paulo,#A07F40,11,Hills,,29101,0,False,3,South America,1,,0
1302,Ipateruna,4609.0,5084.0,1,73,73,São Paulo,#A07F40,10,Plains,,65449,0,True,3,South America,6,2183,0
1303,Juiz de fora,4527.0,5086.0,1,73,73,São Paulo,#A07F40,10,Plains,,35166,0,True,3,South America,1,,0
1304,Taubaté,4436.0,5174.0,1,73,73,São Paulo,#A07F40,10,Plains,,37055,0,True,3,South America,1,,0
1305,Volta Redonda,4493.0,5136.0,1,73,73,São Paulo,#A07F40,10,Plains,,48099,0,True,3,South America,1,,0
1306,Lavras,4453.0,5070.0,1,73,73,São Paulo,#A07F40,10,Plains,,62752,0,False,3,South America,1,,0
1307,Divinópolis,4456.0,5013.0,1,73,73,São Paulo,#A07F40,10,Plains,,66812,0,False,3,South America,1,,0
1308,Itaobim,4655.0,4964.0,1,73,73,São Paulo,#A07F40,13,Forest,Jungle,46600,0,False,3,South America,1,,0
1309,Arinos,4551.0,4862.0,1,73,73,São Paulo,#A07F40,10,Plains,,56399,0,False,3,South America,5,2533,0
1310,Salvador,4828.0,4770.0,1,68,68,East Brazil,#6C989C,14,Urban,,381773,10,True,3,South America,6,1497,0
1311,Barreiras,4541.0,4712.0,1,68,68,East Brazil,#6C989C,14,Urban,Mediterranean,244386,10,False,3,South America,2,2338,0
1312,Vitória d. C.,4717.0,4855.0,1,68,68,East Brazil,#6C989C,14,Urban,,243189,10,False,3,South America,6,2350,0
1313,Feira de Santana,4795.0,4756.0,1,68,68,East Brazil,#6C989C,10,Plains,Grassland,69813,0,False,3,South America,2,2046,0
1314,Jacobina,4723.0,4689.0,1,68,68,East Brazil,#6C989C,14,Urban,Mediterranean,73423,10,False,3,South America,5,7783,0
1315,Irecê,4639.0,4676.0,1,68,68,East Brazil,#6C989C,13,Forest,Mediterranean,53303,0,False,3,South America,1,,0
1316,Ibotirama,4590.0,4717.0,1,68,68,East Brazil,#6C989C,11,Hills,Mediterranean,76868,0,False,3,South America,1,,0
1317,Formosa do Rio Preto,4518.0,4673.0,1,68,68,East Brazil,#6C989C,11,Hills,Mediterranean,50639,0,False,3,South America,1,,0
1318,Correntina,4516.0,4759.0,1,68,68,East Brazil,#6C989C,10,Plains,Grassland,83771,0,False,3,South America,5,1705,0
1319,Guanambi,4607.0,4793.0,1,68,68,East Brazil,#6C989C,10,Plains,Grassland,39693,0,False,3,South America,1,,0
1320,Tremedal,4685.0,4847.0,1,68,68,East Brazil,#6C989C,10,Plains,,42765,0,False,3,South America,1,,0
1321,Brumado,4687.0,4787.0,1,68,68,East Brazil,#6C989C,13,Forest,Mediterranean,92078,0,False,3,South America,1,,0
1322,Itapetinga,4743.0,4883.0,1,68,68,East Brazil,#6C989C,10,Plains,,56863,0,False,3,South America,1,,0
1323,Belmonte,4784.0,4951.0,1,68,68,East Brazil,#6C989C,10,Plains,,90848,0,True,3,South America,5,1572,0
1324,Ilhéus,4820.0,4862.0,1,68,68,East Brazil,#6C989C,14,Urban,,257010,10,True,3,South America,2,2223,0
1325,Valença,4821.0,4797.0,1,68,68,East Brazil,#6C989C,10,Plains,,81800,0,True,3,South America,1,,0
1326,Jequié,4743.0,4828.0,1,68,68,East Brazil,#6C989C,10,Plains,,73698,0,False,3,South America,5,1938,0
1327,Remanso,4634.0,4621.0,1,68,68,East Brazil,#6C989C,10,Plains,Grassland,76895,0,False,3,South America,6,1858,0
1328,Senhor do Bonfim,4722.0,4618.0,1,68,68,East Brazil,#6C989C,13,Forest,Mediterranean,50810,0,False,3,South America,1,,0
1329,Serrinha,4797.0,4724.0,1,68,68,East Brazil,#6C989C,13,Forest,Jungle,57157,0,True,3,South America,1,,0
1330,Monte Santo,4793.0,4621.0,1,68,68,East Brazil,#6C989C,10,Plains,Grassland,53181,0,False,3,South America,5,2686,0
1331,Tilcara,3673.0,5149.0,1,77,77,North Argentina,#96A87D,12,Mountain,Mediterranean,52943,0,False,3,South America,1,,7
1332,Las Lajitas,3771.0,5239.0,1,77,77,North Argentina,#96A87D,10,Plains,Mediterranean,32720,0,False,3,South America,2,4366,0
1333,San Juan (AR),3569.0,5448.0,1,77,77,North Argentina,#96A87D,12,Mountain,Mediterranean,35443,0,False,3,South America,1,,7
1334,Oberá,4078.0,5315.0,1,77,77,North Argentina,#96A87D,10,Plains,,73784,0,False,3,South America,1,,0
1335,Resistencia,3959.0,5305.0,1,77,77,North Argentina,#96A87D,13,Forest,,45035,0,False,3,South America,1,,0
1336,San Luis,3634.0,5506.0,1,77,77,North Argentina,#96A87D,11,Hills,Mediterranean,72748,0,False,3,South America,1,,0
1337,Río Cuarto,3783.0,5506.0,1,77,77,North Argentina,#96A87D,10,Plains,,55554,0,False,3,South America,1,,0
1338,La Toma,3703.0,5480.0,1,77,77,North Argentina,#96A87D,10,Plains,,50155,0,False,3,South America,2,2848,0
1339,La Rioja,3641.0,5366.0,1,77,77,North Argentina,#96A87D,10,Plains,Mediterranean,57602,0,False,3,South America,5,2480,0
1340,Necochea,3880.0,5759.0,1,78,78,South Argentina,#CCB084,10,Plains,Grassland,67245,0,True,3,South America,1,,0
1341,Parana,3882.0,5450.0,1,77,77,North Argentina,#96A87D,13,Forest,,46920,0,False,3,South America,1,,0
1342,Villaguay,3965.0,5457.0,1,77,77,North Argentina,#96A87D,10,Plains,,66084,0,False,3,South America,1,,0
1343,Rosario,3882.0,5520.0,1,77,77,North Argentina,#96A87D,10,Plains,,57698,0,False,3,South America,1,,0
1344,Santiago del Estero,3793.0,5349.0,1,77,77,North Argentina,#96A87D,10,Plains,,51049,0,False,3,South America,1,,0
1345,Junín,3890.0,5601.0,1,77,77,North Argentina,#96A87D,10,Plains,,60919,0,False,3,South America,1,,0
1346,Huinca Renancó,3781.0,5585.0,1,77,77,North Argentina,#96A87D,10,Plains,,26550,0,False,3,South America,2,5381,0
1347,Monte Quemado,3875.0,5250.0,1,77,77,North Argentina,#96A87D,10,Plains,,45699,0,False,3,South America,2,3126,0
1348,Zapala,3551.0,5647.0,1,78,78,South Argentina,#CCB084,14,Urban,Mediterranean,58756,10,False,3,South America,6,9725,0
1349,Neuquén,3662.0,5730.0,1,78,78,South Argentina,#CCB084,14,Urban,Mediterranean,290102,10,False,3,South America,2,1970,0
1350,Lamarque,3754.0,5776.0,1,78,78,South Argentina,#CCB084,10,Plains,Grassland,66977,0,False,3,South America,1,,0
1351,San Carlos da Bariloche,3557.0,5831.0,1,78,78,South Argentina,#CCB084,11,Hills,Mediterranean,49287,0,False,3,South America,1,,0
1352,Río Gallegos,3630.0,6308.0,1,78,78,South Argentina,#CCB084,10,Plains,Tundra,51676,0,True,3,South America,1,,0
1353,Tres Lagos,3562.0,6208.0,1,78,78,South Argentina,#CCB084,10,Plains,Tundra,44270,0,False,3,South America,1,,0
1354,Puerto Deseado,3715.0,6151.0,1,78,78,South Argentina,#CCB084,10,Plains,Grassland,44169,0,True,3,South America,1,,0
1355,Perito Moreno,3578.0,6124.0,1,78,78,South Argentina,#CCB084,11,Hills,Tundra,32051,0,False,3,South America,1,,0
1356,Comodoro Riva.,3667.0,6064.0,1,78,78,South Argentina,#CCB084,14,Urban,Mediterranean,359517,10,True,3,South America,5,1589,0
1357,Río Mayo,3608.0,6056.0,1,78,78,South Argentina,#CCB084,11,Hills,Mediterranean,65959,0,False,3,South America,1,,0
1358,Garayalda,3699.0,6028.0,1,78,78,South Argentina,#CCB084,10,Plains,Grassland,64945,0,True,3,South America,1,,0
1359,Trelew,3745.0,5964.0,1,78,78,South Argentina,#CCB084,14,Urban,Mediterranean,306775,10,True,3,South America,2,1863,0
1360,Canguel,3650.0,6016.0,1,78,78,South Argentina,#CCB084,10,Plains,Grassland,42131,0,False,3,South America,2,3391,0
1361,Las Plumas,3676.0,5945.0,1,78,78,South Argentina,#CCB084,10,Plains,Grassland,64416,0,True,3,South America,1,,0
1362,San Antonio Oeste,3726.0,5868.0,1,78,78,South Argentina,#CCB084,10,Plains,Grassland,33702,0,True,3,South America,1,,0
1363,Esquel,3529.0,5909.0,1,78,78,South Argentina,#CCB084,13,Forest,Mediterranean,38547,0,False,3,South America,1,,0
1364,Tecka,3547.0,5974.0,1,78,78,South Argentina,#CCB084,10,Plains,Grassland,69669,0,False,3,South America,6,2051,0
1365,Cutral-Có,3619.0,5718.0,1,78,78,South Argentina,#CCB084,10,Plains,Grassland,75094,0,False,3,South America,5,1902,0
1366,Viedma,3814.0,5872.0,1,78,78,South Argentina,#CCB084,13,Forest,Mediterranean,70769,0,True,3,South America,1,,0
1367,Los Menucos,3641.0,5859.0,1,78,78,South Argentina,#CCB084,13,Forest,Mediterranean,48128,0,False,3,South America,1,,0
1368,Los Altares,3624.0,5941.0,1,78,78,South Argentina,#CCB084,10,Plains,Grassland,40328,0,False,3,South America,6,3542,0
1369,Boliche,3669.0,5785.0,1,78,78,South Argentina,#CCB084,10,Plains,Grassland,56087,0,False,3,South America,6,2547,0
1370,Rio Grande,3712.0,6427.0,1,78,78,South Argentina,#CCB084,10,Plains,Tundra,46786,0,True,3,South America,1,,0
1371,Santiago,3515.0,5528.0,1,79,79,Chile,#6691B1,14,Urban,Mediterranean,306878,10,True,3,South America,5,1862,0
1372,Temuco,3492.0,5679.0,1,79,79,Chile,#6691B1,12,Mountain,,61742,0,True,3,South America,1,,11
1373,Punta Arenas,3602.0,6387.0,2,79,79,Chile,#6691B1,12,Mountain,Tundra,55322,0,True,3,South America,1,,8
1374,Copiapó,3523.0,5321.0,1,79,79,Chile,#6691B1,12,Mountain,Mediterranean,57909,0,True,3,South America,2,2467,9
1375,Iquique,3517.0,4973.0,1,79,79,Chile,#6691B1,12,Mountain,Desert,64647,0,True,3,South America,5,2210,23
1376,Puerto Aysen,3495.0,6017.0,1,79,79,Chile,#6691B1,12,Mountain,Boreal,35723,0,True,3,South America,1,,6
1377,Tortel,3504.0,6162.0,1,79,79,Chile,#6691B1,12,Mountain,Boreal,47260,0,True,3,South America,1,,5
1378,West Falkland,3883.0,6286.0,1,80,80,Falkland,#C08132,11,Hills,Tundra,71594,0,True,3,South America,6,1995,0
1379,East Falkland,3961.0,6297.0,1,80,80,Falkland,#C08132,11,Hills,Tundra,80234,0,True,3,South America,2,1781,0
1380,Isla Isabela,2774.0,4167.0,2,81,81,Galápagos,#C3B35B,10,Plains,,62302,0,True,3,South America,6,2293,0
1381,Santa Cruz,2801.0,4181.0,3,81,81,Galápagos,#C3B35B,12,Mountain,,69377,0,True,3,South America,2,2059,0
1382,Fernandina,2757.0,4167.0,1,81,81,Galápagos,#C3B35B,13,Forest,,179081,0,True,3,South America,1,,0
1383,Kalomo,7354.0,5073.0,1,107,107,Northern Rhodesia,#EAD993,10,Plains,,63882,0,False,5,South Africa,1,,0
1384,Mongu,7161.0,5013.0,1,107,107,Northern Rhodesia,#EAD993,10,Plains,,54520,0,False,5,South Africa,1,,0
1385,Abercorn,7548.0,4832.0,1,107,107,Northern Rhodesia,#EAD993,10,Plains,,42448,0,True,5,South Africa,1,,0
1386,Broken Hill,7427.0,4984.0,1,107,107,Northern Rhodesia,#EAD993,10,Plains,,63648,0,False,5,South Africa,1,,0
1387,Zomba,7710.0,5042.0,1,107,107,Northern Rhodesia,#EAD993,10,Plains,,28325,0,False,5,South Africa,1,,0
1388,Nairobi,7819.0,4457.0,1,110,110,Kenya,#B19168,14,Urban,,318057,10,False,5,South Africa,2,1797,0
1389,Mwatate,7891.0,4538.0,1,110,110,Kenya,#B19168,10,Plains,Mediterranean,55546,0,True,5,South Africa,5,2572,0
1390,Kisumu,7736.0,4452.0,1,110,110,Kenya,#B19168,11,Hills,,49717,0,True,5,South Africa,1,,0
1391,Entebbe,7614.0,4418.0,1,110,110,Kenya,#B19168,10,Plains,,33143,0,True,5,South Africa,6,4310,0
1392,Wajir,7961.0,4347.0,1,110,110,Kenya,#B19168,11,Hills,Mediterranean,57222,0,False,5,South Africa,1,,0
1393,Marsabit,7722.0,4340.0,1,110,110,Kenya,#B19168,13,Forest,,74857,0,False,5,South Africa,1,,0
1394,Antsirane,8321.0,4886.0,1,108,108,Madagascar,#B03A47,13,Forest,Jungle,43852,0,True,5,South Africa,1,,0
1395,Cairo,7514.0,3121.0,1,97,97,Egypt,#CEC074,14,Urban,Desert,325425,10,True,4,North Africa,2,1756,0
1396,Siwa,7173.0,3202.0,1,97,97,Egypt,#CEC074,11,Hills,Sand Dunes,26540,0,False,4,North Africa,1,,0
1397,Sallum,7197.0,3076.0,1,97,97,Egypt,#CEC074,10,Plains,Desert,30756,0,True,4,North Africa,6,4645,0
1398,Aswan,7589.0,3415.0,1,97,97,Egypt,#CEC074,10,Plains,Desert,38569,0,False,4,North Africa,6,3704,0
1399,Kharga,7482.0,3367.0,1,97,97,Egypt,#CEC074,10,Plains,Desert,33483,0,False,4,North Africa,1,,0
1400,Arish,7725.0,3056.0,1,97,97,Egypt,#CEC074,12,Mountain,Desert,45962,0,True,4,North Africa,1,,6
1401,Asyut,7520.0,3242.0,1,97,97,Egypt,#CEC074,10,Plains,Desert,37839,0,False,4,North Africa,6,3775,0
1402,Papeete,1571.0,4725.0,1,185,185,Tahiti,#C15C4C,11,Hills,,116609,0,True,10,Oceania,2,1225,0
1403,Mo'orea,1482.0,4702.0,1,185,185,Tahiti,#C15C4C,10,Plains,,73823,0,True,10,Oceania,1,,0
1404,Cavalcante,4427.0,4779.0,1,71,71,Goiás,#CEC06C,11,Hills,,58194,0,False,3,South America,1,,0
1405,Morrinhos,4320.0,4889.0,1,71,71,Goiás,#CEC06C,10,Plains,,38885,0,False,3,South America,1,,0
1406,La Victoria,4008.0,5071.0,1,74,74,Paraguay,#619591,11,Hills,,73413,0,False,3,South America,1,,0
1407,Puerto Santa Cruz,3656.0,6251.0,1,78,78,South Argentina,#CCB084,10,Plains,Grassland,34932,0,True,3,South America,6,4090,0
1408,Capetown,6935.0,5824.0,1,105,105,South Africa,#9E7C29,14,Urban,Mediterranean,308557,10,True,5,South Africa,6,1852,0
1409,Port Elizabeth,7177.0,5822.0,1,105,105,South Africa,#9E7C29,14,Urban,Mediterranean,331575,10,True,5,South Africa,2,1723,0
1410,Cradock,7196.0,5783.0,1,105,105,South Africa,#9E7C29,10,Plains,Mediterranean,33653,0,False,5,South Africa,1,,0
1411,Worcester (ZA),6973.0,5809.0,1,105,105,South Africa,#9E7C29,12,Mountain,Mediterranean,50246,0,True,5,South Africa,1,,3
1412,Johannesburg,7398.0,5471.0,1,105,105,South Africa,#9E7C29,14,Urban,Mediterranean,276394,10,False,5,South Africa,2,2067,0
1413,Pretoria,7413.0,5443.0,1,105,105,South Africa,#9E7C29,10,Plains,,62324,0,False,5,South Africa,1,,0
1414,Mafeking,7325.0,5490.0,1,105,105,South Africa,#9E7C29,10,Plains,Grassland,69137,0,False,5,South Africa,2,2066,0
1415,Bethlehem,7404.0,5533.0,1,105,105,South Africa,#9E7C29,10,Plains,Grassland,54278,0,False,5,South Africa,5,2632,0
1416,Ladysmith,7489.0,5547.0,1,105,105,South Africa,#9E7C29,13,Forest,,67124,0,True,5,South Africa,1,,0
1417,East London,7293.0,5783.0,1,105,105,South Africa,#9E7C29,11,Hills,Mediterranean,48707,0,True,5,South Africa,1,,0
1418,Springbok,6919.0,5656.0,1,105,105,South Africa,#9E7C29,11,Hills,Desert,32909,0,True,5,South Africa,1,,0
1419,Calvinia,6962.0,5744.0,1,105,105,South Africa,#9E7C29,10,Plains,Mediterranean,38219,0,False,5,South Africa,2,3738,0
1420,Mossel Bay,7049.0,5831.0,1,105,105,South Africa,#9E7C29,13,Forest,Mediterranean,31078,0,True,5,South Africa,1,,0
1421,Victoria West,7124.0,5763.0,1,105,105,South Africa,#9E7C29,10,Plains,Mediterranean,65165,0,True,5,South Africa,1,,0
1422,Hopetown,7172.0,5598.0,1,105,105,South Africa,#9E7C29,10,Plains,Desert,61043,0,False,5,South Africa,6,2340,0
1423,Bloemfontein,7296.0,5585.0,1,105,105,South Africa,#9E7C29,14,Urban,Mediterranean,54687,10,False,5,South Africa,5,10449,2
1424,Kimberley,7231.0,5556.0,1,105,105,South Africa,#9E7C29,11,Hills,Mediterranean,53590,0,False,5,South Africa,1,,0
1425,De Aar,7161.0,5707.0,1,105,105,South Africa,#9E7C29,11,Hills,Mediterranean,40023,0,False,5,South Africa,1,,0
1426,Mthatha,7361.0,5743.0,1,105,105,South Africa,#9E7C29,10,Plains,,64361,0,True,5,South Africa,1,,0
1427,Queenstown,7281.0,5708.0,1,105,105,South Africa,#9E7C29,10,Plains,Grassland,34287,0,False,5,South Africa,1,,0
1428,Durban,7501.0,5623.0,1,105,105,South Africa,#9E7C29,14,Urban,,217318,10,True,5,South Africa,6,2629,0
1429,Port Shepstone,7449.0,5689.0,1,105,105,South Africa,#9E7C29,13,Forest,,47076,0,True,5,South Africa,1,,0
1430,Windhoek,6903.0,5369.0,1,102,102,South West Africa,#64A273,14,Urban,Mediterranean,289396,10,False,5,South Africa,6,1975,0
1431,Rehoboth,6896.0,5418.0,1,102,102,South West Africa,#64A273,10,Plains,Desert,44828,0,False,5,South Africa,1,,0
1432,Gobabis,6953.0,5376.0,1,102,102,South West Africa,#64A273,11,Hills,Mediterranean,59679,0,False,5,South Africa,1,,0
1433,Otavi,6879.0,5261.0,1,102,102,South West Africa,#64A273,14,Urban,Mediterranean,153760,10,False,5,South Africa,2,3716,0
1434,Grootfontein,6934.0,5234.0,1,102,102,South West Africa,#64A273,11,Hills,Mediterranean,59632,0,False,5,South Africa,1,,0
1435,Outjo,6821.0,5285.0,1,102,102,South West Africa,#64A273,14,Urban,Mediterranean,76169,10,False,5,South Africa,6,7502,0
1436,Kalkfontein,6905.0,5570.0,1,102,102,South West Africa,#64A273,11,Hills,Desert,66990,0,False,5,South Africa,1,,0
1437,Keetmanshoop,6918.0,5497.0,1,102,102,South West Africa,#64A273,10,Plains,Desert,95993,0,False,5,South Africa,2,1488,0
1438,Bethanie,6840.0,5483.0,1,102,102,South West Africa,#64A273,14,Urban,Desert,281462,10,False,5,South Africa,5,2030,0
1439,Lüderitz,6796.0,5536.0,1,102,102,South West Africa,#64A273,10,Plains,Desert,80950,0,True,5,South Africa,1,,0
1440,Walvis Bay,6767.0,5375.0,1,102,102,South West Africa,#64A273,10,Plains,Desert,64366,0,True,5,South Africa,1,,0
1441,Solitaire,6832.0,5438.0,1,102,102,South West Africa,#64A273,10,Plains,Desert,89017,0,True,5,South Africa,1,,0
1442,Oshakati,6817.0,5159.0,1,102,102,South West Africa,#64A273,10,Plains,Grassland,63895,0,False,5,South Africa,6,2236,0
1443,Torra Bay,6718.0,5287.0,1,102,102,South West Africa,#64A273,10,Plains,Desert,54657,0,True,5,South Africa,1,,0
1444,Opuwo,6719.0,5178.0,1,102,102,South West Africa,#64A273,10,Plains,Desert,76990,0,True,5,South Africa,2,1856,0
1445,Kapako,7031.0,5144.0,1,102,102,South West Africa,#64A273,10,Plains,Grassland,79992,0,False,5,South Africa,2,1786,0
1446,Okongo,6929.0,5155.0,1,102,102,South West Africa,#64A273,10,Plains,Grassland,53443,0,False,5,South Africa,5,2673,0
1447,Otjinene,6961.0,5314.0,1,102,102,South West Africa,#64A273,10,Plains,Grassland,59192,0,False,5,South Africa,1,,0
1448,Osire,6907.0,5315.0,1,102,102,South West Africa,#64A273,11,Hills,Mediterranean,52246,0,False,5,South Africa,1,,0
1449,Tsumeb,6887.0,5224.0,1,102,102,South West Africa,#64A273,10,Plains,Grassland,86775,0,False,5,South Africa,2,1646,0
1450,Otjimbingwe,6839.0,5342.0,1,102,102,South West Africa,#64A273,10,Plains,Desert,51064,0,False,5,South Africa,1,,0
1451,Swakopmund,6759.0,5346.0,1,102,102,South West Africa,#64A273,14,Urban,Desert,152073,10,True,5,South Africa,5,3758,0
1452,Luanda,6709.0,4805.0,1,101,101,Angola,#A9663A,14,Urban,,254194,10,True,5,South Africa,6,2248,0
1453,Lobito,6735.0,4936.0,1,101,101,Angola,#A9663A,14,Urban,,211655,10,True,5,South Africa,2,2700,0
1454,Cazombo,7083.0,4910.0,1,101,101,Angola,#A9663A,10,Plains,,53916,0,False,5,South Africa,6,2650,0
1455,Humbe,6757.0,5103.0,1,101,101,Angola,#A9663A,14,Urban,,438823,10,False,5,South Africa,2,1302,0
1456,Nova Lisboa,6791.0,4988.0,1,101,101,Angola,#A9663A,14,Urban,,197502,10,False,5,South Africa,5,2893,0
1457,Silva Porto,6841.0,4993.0,1,101,101,Angola,#A9663A,11,Hills,,62803,0,False,5,South Africa,1,,0
1458,Cassinga,6838.0,5072.0,1,101,101,Angola,#A9663A,11,Hills,Mediterranean,45504,0,False,5,South Africa,1,,0
1459,Sá da Bandeira,6735.0,5053.0,1,101,101,Angola,#A9663A,10,Plains,Desert,70577,0,False,5,South Africa,1,,0
1460,Moçâmedes,6657.0,5066.0,1,101,101,Angola,#A9663A,10,Plains,Desert,62806,0,True,5,South Africa,1,,0
1461,Barraca,6757.0,4821.0,1,101,101,Angola,#A9663A,11,Hills,,53702,0,True,5,South Africa,1,,0
1462,Ambriz,6710.0,4732.0,1,101,101,Angola,#A9663A,10,Plains,,41327,0,True,5,South Africa,6,3457,0
1463,Malanje,6861.0,4812.0,1,101,101,Angola,#A9663A,14,Urban,,43918,10,False,5,South Africa,5,13011,0
1464,Lourenço Marques,7566.0,5474.0,1,106,106,Mozambique,#6D7447,13,Forest,Jungle,57723,0,True,5,South Africa,1,,0
1465,Inhambane,7663.0,5407.0,1,106,106,Mozambique,#6D7447,13,Forest,Jungle,40971,0,True,5,South Africa,2,3487,0
1466,Zambezi,7534.0,5069.0,1,106,106,Mozambique,#6D7447,11,Hills,,46445,0,False,5,South Africa,1,,0
1467,Memba,7950.0,4980.0,1,106,106,Mozambique,#6D7447,13,Forest,Jungle,35930,0,True,5,South Africa,6,3976,0
1468,Sofala,7651.0,5238.0,1,106,106,Mozambique,#6D7447,13,Forest,Jungle,34975,0,True,5,South Africa,5,4085,0
1469,Igarassu,4982.0,4586.0,1,69,69,Pernambuco,#6C989C,10,Plains,Grassland,53450,0,True,3,South America,6,2673,0
1470,Serra Talhada,4869.0,4563.0,1,69,69,Pernambuco,#6C989C,13,Forest,Mediterranean,32988,0,False,3,South America,1,,0
1471,Nampula,7842.0,5029.0,1,106,106,Mozambique,#6D7447,14,Urban,,294065,10,False,5,South Africa,5,1943,0
1472,Quelimane,7777.0,5136.0,1,106,106,Mozambique,#6D7447,13,Forest,Jungle,34041,0,True,5,South Africa,1,,0
1473,Lichinga,7759.0,4977.0,1,106,106,Mozambique,#6D7447,10,Plains,,87785,0,False,5,South Africa,1,,0
1474,Tete,7644.0,5126.0,1,106,106,Mozambique,#6D7447,13,Forest,Jungle,50964,0,False,5,South Africa,1,,0
1475,Léopoldville,6884.0,4628.0,1,100,100,Belgian Congo,#88BAC4,14,Urban,,400366,10,False,5,South Africa,6,1427,0
1476,Ponta Delgada,4947.0,2626.0,4,25,25,Portugal,#8F7B44,10,Plains,Mediterranean,26931,0,True,0,Europe,1,,0
1477,Basoko,7196.0,4408.0,1,100,100,Belgian Congo,#88BAC4,13,Forest,,36050,0,False,5,South Africa,1,,0
1478,Likasi,7296.0,4810.0,1,100,100,Belgian Congo,#88BAC4,14,Urban,,286534,10,False,5,South Africa,2,1994,0
1479,Buta,7238.0,4338.0,1,100,100,Belgian Congo,#88BAC4,13,Forest,Jungle,36128,0,False,5,South Africa,2,3954,0
1480,Niangara,7328.0,4350.0,1,100,100,Belgian Congo,#88BAC4,13,Forest,,63014,0,False,5,South Africa,1,,0
1481,Menonge,6929.0,5065.0,1,101,101,Angola,#A9663A,10,Plains,Grassland,74524,0,False,5,South Africa,6,1917,0
1482,Stanleyville,7267.0,4418.0,1,100,100,Belgian Congo,#88BAC4,14,Urban,,307057,10,False,5,South Africa,6,1861,0
1483,Gemena,7077.0,4330.0,1,100,100,Belgian Congo,#88BAC4,13,Forest,Jungle,64198,0,False,5,South Africa,1,,0
1484,Mbandaka,6994.0,4412.0,1,100,100,Belgian Congo,#88BAC4,13,Forest,,54128,0,False,5,South Africa,1,,0
1485,Lodja,7228.0,4562.0,1,100,100,Belgian Congo,#88BAC4,14,Urban,,44167,10,False,5,South Africa,5,12938,0
1486,Lusambo,7203.0,4665.0,1,100,100,Belgian Congo,#88BAC4,13,Forest,,41653,0,False,5,South Africa,1,,0
1487,Bukama,7267.0,4759.0,1,100,100,Belgian Congo,#88BAC4,13,Forest,,50397,0,False,5,South Africa,5,2835,0
1488,Kapanga,7078.0,4735.0,1,100,100,Belgian Congo,#88BAC4,13,Forest,,53766,0,False,5,South Africa,1,,0
1489,Kikwit,6973.0,4639.0,1,100,100,Belgian Congo,#88BAC4,13,Forest,,48137,0,False,5,South Africa,1,,0
1490,Matadi,6748.0,4658.0,1,100,100,Belgian Congo,#88BAC4,10,Plains,,33046,0,False,5,South Africa,1,,0
1491,Luebo,7099.0,4641.0,1,100,100,Belgian Congo,#88BAC4,13,Forest,,35964,0,False,5,South Africa,5,3972,0
1492,Bandundu,6936.0,4576.0,1,100,100,Belgian Congo,#88BAC4,13,Forest,,45583,0,False,5,South Africa,1,,0
1493,El Minya,7475.0,3170.0,1,97,97,Egypt,#CEC074,10,Plains,Desert,32152,0,False,4,North Africa,1,,0
1494,Port Said,7647.0,3043.0,1,97,97,Egypt,#CEC074,10,Plains,Desert,39005,0,True,4,North Africa,1,,0
1495,Mut,7359.0,3371.0,1,97,97,Egypt,#CEC074,11,Hills,Sand Dunes,50382,0,False,4,North Africa,1,,0
1496,Alexandria,7436.0,3086.0,1,97,97,Egypt,#CEC074,14,Urban,Desert,180086,10,True,4,North Africa,5,3173,0
1497,Damanhur,7473.0,3084.0,1,97,97,Egypt,#CEC074,13,Forest,Mediterranean,44728,0,True,4,North Africa,1,,0
1498,Hurghada,7670.0,3194.0,1,97,97,Egypt,#CEC074,14,Urban,Desert,27323,10,True,4,North Africa,6,20914,0
1499,Ismailia,7648.0,3115.0,1,97,97,Egypt,#CEC074,11,Hills,Sand Dunes,49287,0,True,4,North Africa,1,,0
1500,Farafra,7310.0,3227.0,1,97,97,Egypt,#CEC074,10,Plains,Desert,25764,0,False,4,North Africa,1,,0
1501,Faiyum,7391.0,3143.0,1,97,97,Egypt,#CEC074,10,Plains,Desert,46678,0,False,4,North Africa,1,,0
1502,El Sheb,7391.0,3480.0,1,97,97,Egypt,#CEC074,10,Plains,Desert,26717,0,False,4,North Africa,1,,0
1503,Wadi Halfa,7502.0,3540.0,1,98,98,North Sudan,#60A26B,11,Hills,Sand Dunes,51153,0,False,4,North Africa,1,,0
1504,Dongola,7450.0,3605.0,1,98,98,North Sudan,#60A26B,14,Urban,Desert,54744,10,False,4,North Africa,5,10438,0
1505,Port Sudan,7794.0,3582.0,1,98,98,North Sudan,#60A26B,14,Urban,Mediterranean,214531,10,True,4,North Africa,6,2664,0
1506,Suakin,7816.0,3657.0,1,98,98,North Sudan,#60A26B,11,Hills,Mediterranean,29892,0,True,4,North Africa,1,,0
1507,El Fasher,7261.0,3770.0,1,98,98,North Sudan,#60A26B,14,Urban,Desert,361905,10,False,4,North Africa,2,1579,0
1508,En Nahud,7350.0,3813.0,1,98,98,North Sudan,#60A26B,10,Plains,Desert,57221,0,False,4,North Africa,5,2497,0
1509,El Obeid,7424.0,3773.0,1,98,98,North Sudan,#60A26B,10,Plains,Desert,67661,0,False,4,North Africa,2,2111,0
1510,El Dueim,7547.0,3766.0,1,98,98,North Sudan,#60A26B,10,Plains,Grassland,48537,0,False,4,North Africa,5,2943,0
1511,Sinjah,7752.0,3829.0,1,98,98,North Sudan,#60A26B,10,Plains,Grassland,41164,0,False,4,North Africa,1,,0
1512,Sennar,7707.0,3783.0,1,98,98,North Sudan,#60A26B,14,Urban,Mediterranean,400520,10,False,4,North Africa,6,1427,0
1513,Khartoum,7621.0,3686.0,1,98,98,North Sudan,#60A26B,14,Urban,Desert,175758,10,False,4,North Africa,2,3251,0
1514,Merowe,7524.0,3630.0,1,98,98,North Sudan,#60A26B,10,Plains,Desert,45781,0,False,4,North Africa,1,,0
1515,Berber,7622.0,3620.0,1,98,98,North Sudan,#60A26B,10,Plains,Desert,55871,0,False,4,North Africa,6,2557,0
1516,El Qasr,7329.0,3296.0,1,97,97,Egypt,#CEC074,10,Plains,Desert,33672,0,False,4,North Africa,1,,0
1517,Abu Minqar,7238.0,3280.0,1,97,97,Egypt,#CEC074,11,Hills,Sand Dunes,59486,0,False,4,North Africa,1,,0
1518,Aṣ-ṣaḥrā,7235.0,3474.0,1,97,97,Egypt,#CEC074,11,Hills,Sand Dunes,31252,0,False,4,North Africa,1,,0
1519,Eastern Sand Sea,7236.0,3394.0,1,97,97,Egypt,#CEC074,10,Plains,Desert,45627,0,False,4,North Africa,6,3131,0
1520,El Alamein,7390.0,3093.0,1,97,97,Egypt,#CEC074,10,Plains,Desert,35948,0,True,4,North Africa,5,3974,0
1521,Marsa Matruh,7328.0,3079.0,1,97,97,Egypt,#CEC074,14,Urban,Desert,386483,10,True,4,North Africa,2,1479,0
1522,Sidi Barrani,7265.0,3074.0,1,97,97,Egypt,#CEC074,10,Plains,Desert,56560,0,True,4,North Africa,1,,0
1523,Cara,7288.0,3162.0,1,97,97,Egypt,#CEC074,11,Hills,Sand Dunes,67193,0,False,4,North Africa,1,,0
1524,Bawiti,7404.0,3211.0,1,97,97,Egypt,#CEC074,10,Plains,Desert,45024,0,False,4,North Africa,2,3173,0
1525,Girga,7538.0,3316.0,1,97,97,Egypt,#CEC074,10,Plains,Desert,34747,0,False,4,North Africa,1,,0
1526,Qena,7602.0,3341.0,1,97,97,Egypt,#CEC074,10,Plains,Desert,46529,0,False,4,North Africa,1,,0
1527,Berenice,7720.0,3404.0,1,97,97,Egypt,#CEC074,11,Hills,Sand Dunes,56669,0,True,4,North Africa,1,,0
1528,Safaga,7677.0,3296.0,1,97,97,Egypt,#CEC074,11,Hills,Sand Dunes,39519,0,True,4,North Africa,1,,0
1529,Madinaty,7558.0,3125.0,1,97,97,Egypt,#CEC074,10,Plains,Desert,47358,0,False,4,North Africa,1,,0
1530,Luxor,7587.0,3367.0,1,97,97,Egypt,#CEC074,14,Urban,Desert,166599,10,False,4,North Africa,5,3430,0
1531,Tripoli,6650.0,3078.0,1,93,93,Libya,#7B9B9D,14,Urban,Mediterranean,239033,10,True,4,North Africa,6,2391,0
1532,Gharyan,6654.0,3105.0,1,93,93,Libya,#7B9B9D,10,Plains,Desert,59435,0,False,4,North Africa,5,2404,0
1533,Misrata,6737.0,3099.0,1,93,93,Libya,#7B9B9D,10,Plains,Desert,38959,0,True,4,North Africa,2,3667,0
1534,Sirte,6787.0,3153.0,1,93,93,Libya,#7B9B9D,10,Plains,Desert,48832,0,True,4,North Africa,1,,0
1535,Benghazi,6975.0,3050.0,1,93,93,Libya,#7B9B9D,14,Urban,Mediterranean,366005,10,True,4,North Africa,5,1561,0
1536,Socna,6750.0,3231.0,1,93,93,Libya,#7B9B9D,10,Plains,Desert,58724,0,False,4,North Africa,1,,0
1537,Qatrun,6737.0,3386.0,1,93,93,Libya,#7B9B9D,10,Plains,Desert,51126,0,False,4,North Africa,1,,0
1538,Wath,6955.0,3458.0,1,93,93,Libya,#7B9B9D,11,Hills,Desert,38876,0,False,4,North Africa,1,,0
1539,Al-Jawf,7132.0,3381.0,1,93,93,Libya,#7B9B9D,10,Plains,Desert,59223,0,False,4,North Africa,1,,0
1540,Buzaymah,7008.0,3370.0,1,93,93,Libya,#7B9B9D,14,Urban,Desert,60744,10,False,4,North Africa,5,9407,0
1541,Zaltan,6943.0,3277.0,1,93,93,Libya,#7B9B9D,10,Plains,Desert,51765,0,False,4,North Africa,1,,0
1542,Jalu,7034.0,3264.0,1,93,93,Libya,#7B9B9D,11,Hills,Desert,46919,0,False,4,North Africa,1,,0
1543,Giarabub,7096.0,3176.0,1,93,93,Libya,#7B9B9D,10,Plains,Desert,45706,0,False,4,North Africa,1,,0
1544,Tobruk,7144.0,3042.0,1,93,93,Libya,#7B9B9D,11,Hills,Sand Dunes,28637,0,True,4,North Africa,1,,0
1545,Derna,7070.0,3017.0,1,93,93,Libya,#7B9B9D,11,Hills,Mediterranean,58585,0,True,4,North Africa,1,,0
1546,Ajdabiya,6979.0,3111.0,1,93,93,Libya,#7B9B9D,10,Plains,Desert,45580,0,True,4,North Africa,6,3134,0
1547,Marsa al Brega,6939.0,3199.0,1,93,93,Libya,#7B9B9D,10,Plains,Desert,46170,0,True,4,North Africa,1,,0
1548,At Tallab,7135.0,3468.0,1,93,93,Libya,#7B9B9D,11,Hills,Sand Dunes,27541,0,False,4,North Africa,1,,0
1549,Timassah,6841.0,3359.0,1,93,93,Libya,#7B9B9D,11,Hills,Sand Dunes,30970,0,False,4,North Africa,1,,0
1550,Ghat,6625.0,3333.0,1,93,93,Libya,#7B9B9D,10,Plains,Desert,50552,0,False,4,North Africa,1,,0
1551,Sabha,6722.0,3305.0,1,93,93,Libya,#7B9B9D,14,Urban,Desert,179493,10,False,4,North Africa,2,3184,0
1552,Ghadames,6562.0,3205.0,1,93,93,Libya,#7B9B9D,10,Plains,Desert,31811,0,False,4,North Africa,2,4491,0
1553,Nalut,6546.0,3120.0,1,93,93,Libya,#7B9B9D,11,Hills,Desert,57746,0,True,4,North Africa,1,,0
1554,Tabonieh,6706.0,3166.0,1,93,93,Libya,#7B9B9D,11,Hills,Sand Dunes,43344,0,False,4,North Africa,1,,0
1555,Zillah,6854.0,3261.0,1,93,93,Libya,#7B9B9D,10,Plains,Desert,42493,0,False,4,North Africa,1,,0
1556,Waddan,6810.0,3209.0,1,93,93,Libya,#7B9B9D,14,Urban,Desert,315319,10,False,4,North Africa,6,1812,0
1557,Bin Jawad,6864.0,3172.0,1,93,93,Libya,#7B9B9D,10,Plains,Desert,68819,0,True,4,North Africa,2,2076,0
1558,Kufra,7111.0,3297.0,1,93,93,Libya,#7B9B9D,10,Plains,Desert,33035,0,False,4,North Africa,1,,0
1559,Adiri,6648.0,3250.0,1,93,93,Libya,#7B9B9D,10,Plains,Desert,63884,0,False,4,North Africa,2,2236,0
1560,Tunis,6503.0,2893.0,1,85,85,Tunisia,#8F7B44,14,Urban,Mediterranean,366517,10,True,4,North Africa,6,1559,0
1561,Gabes,6504.0,3020.0,2,85,85,Tunisia,#8F7B44,10,Plains,Desert,50980,0,True,4,North Africa,1,,0
1562,Sfax,6516.0,2983.0,1,85,85,Tunisia,#8F7B44,10,Plains,Mediterranean,62083,0,True,4,North Africa,1,,0
1563,Tozeur,6416.0,3020.0,1,85,85,Tunisia,#8F7B44,12,Mountain,Desert,48657,0,False,4,North Africa,1,,5
1564,Tataouine,6500.0,3081.0,1,85,85,Tunisia,#8F7B44,10,Plains,Desert,75494,0,False,4,North Africa,1,,0
1565,El Kef,6439.0,2918.0,1,85,85,Tunisia,#8F7B44,13,Forest,Mediterranean,35705,0,True,4,North Africa,1,,0
1566,Oran,6006.0,2935.0,1,84,84,Algeria,#F0CE8E,14,Urban,Mediterranean,217286,10,True,4,North Africa,2,2630,0
1567,Algiers,6157.0,2891.0,1,84,84,Algeria,#F0CE8E,14,Urban,Mediterranean,201073,10,True,4,North Africa,2,2842,0
1568,Bedouaram,6656.0,3740.0,1,92,92,French Niger,#9FA2A0,11,Hills,Sand Dunes,51843,0,False,4,North Africa,1,,0
1569,Tamanrasset,6357.0,3469.0,1,84,84,Algeria,#F0CE8E,14,Urban,Desert,442664,10,False,4,North Africa,6,1291,0
1570,In Guezzam,6364.0,3579.0,1,84,84,Algeria,#F0CE8E,10,Plains,Desert,37135,0,False,4,North Africa,5,3847,0
1571,Idlès,6392.0,3410.0,1,84,84,Algeria,#F0CE8E,12,Mountain,Desert,29883,0,False,4,North Africa,1,,4
1572,Tinzouatine,6286.0,3523.0,1,84,84,Algeria,#F0CE8E,11,Hills,Desert,44370,0,False,4,North Africa,1,,0
1573,Silet,6271.0,3426.0,1,84,84,Algeria,#F0CE8E,10,Plains,Desert,26274,0,False,4,North Africa,5,5437,0
1574,Tazrouk,6417.0,3438.0,1,84,84,Algeria,#F0CE8E,12,Mountain,Desert,27156,0,False,4,North Africa,1,,5
1575,Illizi,6484.0,3336.0,1,84,84,Algeria,#F0CE8E,11,Hills,Sand Dunes,27279,0,False,4,North Africa,1,,0
1576,El Borma,6405.0,3159.0,1,84,84,Algeria,#F0CE8E,10,Plains,Desert,44893,0,False,4,North Africa,1,,0
1577,El Qued,6329.0,3066.0,1,84,84,Algeria,#F0CE8E,11,Hills,Sand Dunes,46748,0,False,4,North Africa,1,,0
1578,Bône,6363.0,2884.0,1,84,84,Algeria,#F0CE8E,11,Hills,Mediterranean,48856,0,True,4,North Africa,1,,0
1579,Setif,6227.0,2933.0,1,84,84,Algeria,#F0CE8E,11,Hills,Mediterranean,28729,0,True,4,North Africa,1,,0
1580,Constantine,6308.0,2932.0,1,84,84,Algeria,#F0CE8E,14,Urban,Mediterranean,339139,10,False,4,North Africa,6,1685,0
1581,Aougrout,6041.0,3196.0,1,84,84,Algeria,#F0CE8E,10,Plains,Desert,47268,0,False,4,North Africa,1,,0
1582,Benoud,6017.0,3081.0,1,84,84,Algeria,#F0CE8E,12,Mountain,Desert,44084,0,False,4,North Africa,1,,7
1583,Tlemcen,5965.0,2982.0,1,84,84,Algeria,#F0CE8E,11,Hills,Mediterranean,35598,0,True,4,North Africa,1,,0
1584,Orléansville,6081.0,2918.0,1,84,84,Algeria,#F0CE8E,13,Forest,Mediterranean,37189,0,True,4,North Africa,1,,0
1585,Djelfa,6169.0,2968.0,1,84,84,Algeria,#F0CE8E,12,Mountain,Mediterranean,55110,0,False,4,North Africa,1,,5
1586,Bordj Le Prieur,6072.0,3414.0,1,84,84,Algeria,#F0CE8E,10,Plains,Desert,33973,0,False,4,North Africa,5,4205,0
1587,Tinduf,5770.0,3244.0,1,84,84,Algeria,#F0CE8E,10,Plains,Desert,47031,0,False,4,North Africa,5,3038,0
1588,Ouargla,6225.0,3098.0,1,84,84,Algeria,#F0CE8E,14,Urban,Desert,58466,10,False,4,North Africa,5,9774,0
1589,El Menia,6152.0,3160.0,1,84,84,Algeria,#F0CE8E,10,Plains,Desert,51944,0,False,4,North Africa,6,2750,0
1590,Béchar,5909.0,3144.0,1,84,84,Algeria,#F0CE8E,11,Hills,Sand Dunes,38401,0,False,4,North Africa,1,,0
1591,Reggane,5973.0,3308.0,1,84,84,Algeria,#F0CE8E,11,Hills,Sand Dunes,55986,0,False,4,North Africa,1,,0
1592,Ain Salah,6154.0,3274.0,1,84,84,Algeria,#F0CE8E,11,Hills,Sand Dunes,26464,0,False,4,North Africa,1,,0
1593,Amquid,6306.0,3320.0,1,84,84,Algeria,#F0CE8E,11,Hills,Sand Dunes,50913,0,False,4,North Africa,1,,0
1594,Hassi Messaoud,6260.0,3177.0,1,84,84,Algeria,#F0CE8E,10,Plains,Desert,28742,0,False,4,North Africa,2,4970,0
1595,Saida,6050.0,2993.0,1,84,84,Algeria,#F0CE8E,11,Hills,Mediterranean,27936,0,False,4,North Africa,1,,0
1596,Laghouat,6127.0,3037.0,1,84,84,Algeria,#F0CE8E,12,Mountain,Desert,71181,0,False,4,North Africa,1,,8
1597,Biskra,6290.0,2984.0,1,84,84,Algeria,#F0CE8E,12,Mountain,Mediterranean,30211,0,False,4,North Africa,1,,8
1598,Djado,6689.0,3518.0,1,92,92,French Niger,#9FA2A0,11,Hills,Sand Dunes,68198,0,False,4,North Africa,1,,0
1599,Zinder,6517.0,3810.0,1,92,92,French Niger,#9FA2A0,10,Plains,Desert,61640,0,False,4,North Africa,1,,0
1600,Niamey,6254.0,3842.0,1,92,92,French Niger,#9FA2A0,10,Plains,Desert,59113,0,False,4,North Africa,1,,0
1601,Tahoua,6397.0,3755.0,1,92,92,French Niger,#9FA2A0,11,Hills,Sand Dunes,38975,0,False,4,North Africa,1,,0
1602,Aguella,6484.0,3598.0,1,92,92,French Niger,#9FA2A0,10,Plains,Desert,37043,0,False,4,North Africa,5,3857,0
1603,Agadez,6498.0,3693.0,1,92,92,French Niger,#9FA2A0,14,Urban,Desert,406865,10,False,4,North Africa,5,1404,0
1604,Fachi,6601.0,3709.0,1,92,92,French Niger,#9FA2A0,10,Plains,Desert,50287,0,False,4,North Africa,6,2841,0
1605,Bilma,6667.0,3620.0,1,92,92,French Niger,#9FA2A0,10,Plains,Desert,39272,0,False,4,North Africa,2,3638,0
1606,Yaoundé,6656.0,4287.0,1,94,94,Cameroon,#528375,14,Urban,,312926,10,False,5,South Africa,2,1826,0
1607,Douala,6552.0,4270.0,1,94,94,Cameroon,#528375,13,Forest,Jungle,40262,0,True,5,South Africa,5,3548,0
1608,Lomié,6753.0,4319.0,1,94,94,Cameroon,#528375,13,Forest,Jungle,48943,0,False,5,South Africa,6,2919,0
1609,Doumé,6802.0,4208.0,1,94,94,Cameroon,#528375,13,Forest,Jungle,63885,0,False,5,South Africa,5,2236,0
1610,Garoua,6758.0,4067.0,1,94,94,Cameroon,#528375,10,Plains,Grassland,28359,0,False,5,South Africa,1,,0
1611,Bamenda,6584.0,4186.0,1,94,94,Cameroon,#528375,12,Mountain,,61198,0,False,5,South Africa,6,2334,4
1612,Nanga Eboko,6696.0,4223.0,1,94,94,Cameroon,#528375,13,Forest,Jungle,39945,0,False,5,South Africa,1,,0
1613,Tibati,6712.0,4140.0,1,94,94,Cameroon,#528375,11,Hills,,75821,0,False,5,South Africa,2,1884,0
1614,Tangier,5636.0,2899.0,1,24,24,Spain,#CCA373,13,Forest,Mediterranean,37028,0,True,0,Europe,1,,0
1615,Fèz,5715.0,3023.0,1,82,82,Morocco,#6B8775,11,Hills,Mediterranean,40675,0,False,4,North Africa,1,,0
1616,Agadir,5585.0,3105.0,1,82,82,Morocco,#6B8775,11,Hills,Mediterranean,36837,0,True,4,North Africa,1,,0
1617,Marrakech,5684.0,3076.0,1,82,82,Morocco,#6B8775,14,Urban,Mediterranean,277058,10,False,4,North Africa,2,2062,0
1618,Rabat,5624.0,2994.0,1,82,82,Morocco,#6B8775,10,Plains,Mediterranean,65317,0,True,4,North Africa,1,,0
1619,Oujda,5874.0,2996.0,1,82,82,Morocco,#6B8775,10,Plains,Mediterranean,70464,0,True,4,North Africa,1,,0
1620,Taouz,5779.0,3124.0,1,82,82,Morocco,#6B8775,12,Mountain,Desert,48529,0,False,4,North Africa,5,2944,7
1621,Guelmim,5575.0,3160.0,1,82,82,Morocco,#6B8775,12,Mountain,Desert,33193,0,True,4,North Africa,6,4304,4
1622,Pofadder,7029.0,5642.0,1,105,105,South Africa,#9E7C29,10,Plains,Desert,50084,0,False,5,South Africa,2,2852,0
1623,Fort Salisbury,7525.0,5169.0,1,104,104,Bechuanaland,#6A8F93,14,Urban,,247800,10,False,5,South Africa,2,2306,0
1624,Sinoia,7469.0,5146.0,1,104,104,Bechuanaland,#6A8F93,10,Plains,,36103,0,False,5,South Africa,2,3957,0
1625,Gwelo,7440.0,5262.0,1,104,104,Bechuanaland,#6A8F93,14,Urban,Mediterranean,349054,10,False,5,South Africa,6,1637,0
1626,Tui,7447.0,5369.0,1,104,104,Bechuanaland,#6A8F93,10,Plains,Grassland,50954,0,False,5,South Africa,1,,0
1627,Bulawayo,7395.0,5279.0,1,104,104,Bechuanaland,#6A8F93,10,Plains,Grassland,52705,0,False,5,South Africa,6,2711,0
1628,Mochudi,7355.0,5421.0,1,104,104,Bechuanaland,#6A8F93,10,Plains,Grassland,52766,0,False,5,South Africa,1,,0
1629,Pietermaritzburg,7453.0,5611.0,1,105,105,South Africa,#9E7C29,10,Plains,Grassland,27951,0,False,5,South Africa,1,,4
1630,Richards Bay,7562.0,5556.0,1,105,105,South Africa,#9E7C29,11,Hills,,46085,0,True,5,South Africa,1,,0
1631,Aliwal North,7323.0,5653.0,1,105,105,South Africa,#9E7C29,10,Plains,Grassland,32605,0,False,5,South Africa,2,4381,1
1632,Carnarvon,7054.0,5723.0,1,105,105,South Africa,#9E7C29,11,Hills,Mediterranean,86363,0,False,5,South Africa,1,,0
1633,Mount Darwin,7556.0,5140.0,1,104,104,Bechuanaland,#6A8F93,10,Plains,,39487,0,False,5,South Africa,6,3618,0
1634,Umtali,7567.0,5234.0,1,104,104,Bechuanaland,#6A8F93,10,Plains,Grassland,62270,0,False,5,South Africa,1,,0
1635,Kadoma,7460.0,5204.0,1,104,104,Bechuanaland,#6A8F93,13,Forest,,44624,0,False,5,South Africa,1,,0
1636,Masvingo,7491.0,5294.0,1,104,104,Bechuanaland,#6A8F93,13,Forest,Mediterranean,58351,0,False,5,South Africa,1,,0
1637,Gokwe,7382.0,5200.0,1,104,104,Bechuanaland,#6A8F93,10,Plains,,57266,0,False,5,South Africa,6,2495,0
1638,Dete,7302.0,5174.0,1,104,104,Bechuanaland,#6A8F93,10,Plains,,30793,0,False,5,South Africa,1,,0
1639,Gaborone,7292.0,5442.0,1,104,104,Bechuanaland,#6A8F93,14,Urban,Mediterranean,261848,10,False,5,South Africa,5,2182,0
1640,Tshabong,7128.0,5522.0,1,104,104,Bechuanaland,#6A8F93,10,Plains,Desert,49641,0,False,5,South Africa,1,,0
1641,Two Rivers,7008.0,5505.0,1,104,104,Bechuanaland,#6A8F93,10,Plains,Desert,55244,0,False,5,South Africa,1,,0
1642,Kang,7109.0,5434.0,1,104,104,Bechuanaland,#6A8F93,11,Hills,Desert,39988,0,False,5,South Africa,1,,0
1643,Kanye,7244.0,5465.0,1,104,104,Bechuanaland,#6A8F93,11,Hills,Mediterranean,72094,0,False,5,South Africa,1,,0
1644,Kule,7005.0,5402.0,1,104,104,Bechuanaland,#6A8F93,10,Plains,Grassland,58056,0,False,5,South Africa,5,2461,0
1645,Maun,7164.0,5286.0,1,104,104,Bechuanaland,#6A8F93,14,Urban,Mediterranean,32221,10,False,5,South Africa,5,17735,0
1646,Dekar,7077.0,5336.0,1,104,104,Bechuanaland,#6A8F93,10,Plains,Grassland,44941,0,False,5,South Africa,1,,0
1647,Shakawe,7064.0,5197.0,1,104,104,Bechuanaland,#6A8F93,10,Plains,Grassland,47839,0,False,5,South Africa,1,,0
1648,Savuti,7202.0,5194.0,1,104,104,Bechuanaland,#6A8F93,11,Hills,Mediterranean,61263,0,False,5,South Africa,1,,0
1649,Mopipi,7236.0,5320.0,1,104,104,Bechuanaland,#6A8F93,10,Plains,Grassland,46637,0,False,5,South Africa,1,,0
1650,Francistown,7332.0,5315.0,1,104,104,Bechuanaland,#6A8F93,14,Urban,Mediterranean,156666,10,False,5,South Africa,2,3647,0
1651,Molepolole,7259.0,5406.0,1,104,104,Bechuanaland,#6A8F93,10,Plains,Grassland,43111,0,False,5,South Africa,1,,0
1652,Takatokwane,7179.0,5392.0,1,104,104,Bechuanaland,#6A8F93,10,Plains,Grassland,91384,0,False,5,South Africa,6,1563,0
1653,Jamba,7067.0,5096.0,1,101,101,Angola,#A9663A,13,Forest,Mediterranean,70625,0,False,5,South Africa,1,,0
1654,Kolwezi,7222.0,4814.0,1,100,100,Belgian Congo,#88BAC4,13,Forest,,69818,0,False,5,South Africa,1,,0
1655,Élisabethville,7335.0,4859.0,1,100,100,Belgian Congo,#88BAC4,13,Forest,,63343,0,False,5,South Africa,5,2255,0
1656,Kalemie,7460.0,4696.0,1,100,100,Belgian Congo,#88BAC4,13,Forest,,64558,0,False,5,South Africa,1,,0
1657,Malonga,7124.0,4839.0,1,100,100,Belgian Congo,#88BAC4,13,Forest,,32356,0,False,5,South Africa,1,,0
1658,Bukavu,7431.0,4551.0,1,100,100,Belgian Congo,#88BAC4,13,Forest,,59771,0,False,5,South Africa,6,2390,0
1659,Kasongo,7338.0,4632.0,1,100,100,Belgian Congo,#88BAC4,13,Forest,,42731,0,False,5,South Africa,1,,0
1660,Oshwe,7075.0,4553.0,1,100,100,Belgian Congo,#88BAC4,13,Forest,,50015,0,False,5,South Africa,1,,0
1661,Bunia,7465.0,4427.0,1,100,100,Belgian Congo,#88BAC4,11,Hills,,28277,0,False,5,South Africa,5,5052,0
1662,Gama,7294.0,4505.0,1,100,100,Belgian Congo,#88BAC4,13,Forest,,30410,0,False,5,South Africa,1,,0
1663,Manono,7363.0,4746.0,1,100,100,Belgian Congo,#88BAC4,13,Forest,,72761,0,False,5,South Africa,1,,0
1664,Lisala,7107.0,4389.0,1,100,100,Belgian Congo,#88BAC4,13,Forest,,30685,0,False,5,South Africa,1,,0
1665,Dundo,6994.0,4737.0,1,101,101,Angola,#A9663A,11,Hills,,68277,0,False,5,South Africa,1,,0
1666,Uíge,6804.0,4735.0,1,101,101,Angola,#A9663A,13,Forest,,45204,0,False,5,South Africa,1,,0
1667,Cacolo,6936.0,4828.0,1,101,101,Angola,#A9663A,10,Plains,,46371,0,False,5,South Africa,6,3081,0
1668,Novo Redondo,6740.0,4892.0,1,101,101,Angola,#A9663A,10,Plains,,72329,0,True,5,South Africa,1,,0
1669,Benguela,6703.0,4972.0,1,101,101,Angola,#A9663A,10,Plains,Desert,34543,0,True,5,South Africa,1,,0
1670,Lumbala,7038.0,5015.0,1,101,101,Angola,#A9663A,13,Forest,,60708,0,False,5,South Africa,1,,0
1671,Luso,6971.0,4918.0,1,101,101,Angola,#A9663A,13,Forest,,42571,0,False,5,South Africa,1,,0
1672,Lúbia,6867.0,4899.0,1,101,101,Angola,#A9663A,10,Plains,,55947,0,False,5,South Africa,2,2553,0
1673,Minendunda,6958.0,5023.0,1,101,101,Angola,#A9663A,10,Plains,,74978,0,False,5,South Africa,5,1905,0
1674,Lumeje,7007.0,4860.0,1,101,101,Angola,#A9663A,13,Forest,,41804,0,False,5,South Africa,1,,0
1675,Dar es Salaam,7904.0,4717.0,1,109,109,Tanganyika,#9E979A,14,Urban,,324647,10,True,5,South Africa,6,1760,0
1676,Morogoro,7839.0,4726.0,2,109,109,Tanganyika,#9E979A,10,Plains,,46771,0,True,5,South Africa,6,3054,0
1677,Tanga,7898.0,4629.0,2,109,109,Tanganyika,#9E979A,13,Forest,Jungle,59695,0,True,5,South Africa,1,,0
1678,Mikindani,7944.0,4860.0,1,109,109,Tanganyika,#9E979A,10,Plains,,48228,0,True,5,South Africa,1,,0
1679,Molioro,7901.0,4774.0,2,109,109,Tanganyika,#9E979A,13,Forest,Jungle,46605,0,True,5,South Africa,1,,0
1680,Dodoma,7755.0,4670.0,1,109,109,Tanganyika,#9E979A,14,Urban,,212261,10,False,5,South Africa,2,2692,0
1681,Tabora,7616.0,4635.0,1,109,109,Tanganyika,#9E979A,14,Urban,,402984,10,False,5,South Africa,6,1418,0
1682,Kigoma,7498.0,4624.0,1,109,109,Tanganyika,#9E979A,14,Urban,,221544,10,True,5,South Africa,5,2579,0
1683,Uvinza,7546.0,4639.0,1,109,109,Tanganyika,#9E979A,10,Plains,,52289,0,False,5,South Africa,1,,0
1684,Kirambo,7573.0,4597.0,1,109,109,Tanganyika,#9E979A,10,Plains,,37202,0,False,5,South Africa,2,3840,0
1685,Serayombo,7572.0,4527.0,1,109,109,Tanganyika,#9E979A,11,Hills,,43905,0,True,5,South Africa,1,,0
1686,Gitega,7488.0,4557.0,1,109,109,Tanganyika,#9E979A,11,Hills,,33728,0,False,5,South Africa,1,,0
1687,Igonda,7618.0,4665.0,1,109,109,Tanganyika,#9E979A,10,Plains,,31238,0,False,5,South Africa,5,4573,0
1688,Utengula,7665.0,4791.0,1,109,109,Tanganyika,#9E979A,11,Hills,,57361,0,False,5,South Africa,1,,0
1689,Kia,7580.0,4732.0,1,109,109,Tanganyika,#9E979A,11,Hills,,61153,0,False,5,South Africa,1,,0
1690,Sabruma,7736.0,4854.0,1,109,109,Tanganyika,#9E979A,10,Plains,,53187,0,False,5,South Africa,1,,0
1691,Nasoro,7855.0,4862.0,1,109,109,Tanganyika,#9E979A,11,Hills,,68028,0,False,5,South Africa,1,,0
1692,Kwiringa,7767.0,4737.0,1,109,109,Tanganyika,#9E979A,10,Plains,,32946,0,False,5,South Africa,2,4336,0
1693,Donde,7832.0,4801.0,1,109,109,Tanganyika,#9E979A,11,Hills,,57984,0,False,5,South Africa,1,,0
1694,Rungwa,7677.0,4728.0,1,109,109,Tanganyika,#9E979A,10,Plains,,64570,0,False,5,South Africa,2,2212,0
1695,Kitange,7807.0,4667.0,1,109,109,Tanganyika,#9E979A,13,Forest,,36845,0,False,5,South Africa,1,,0
1696,Kondoa,7764.0,4623.0,1,109,109,Tanganyika,#9E979A,10,Plains,,58906,0,False,5,South Africa,2,2425,0
1697,Kilimatinde,7699.0,4661.0,1,109,109,Tanganyika,#9E979A,13,Forest,,29727,0,False,5,South Africa,1,,0
1698,Mwansa,7647.0,4556.0,1,109,109,Tanganyika,#9E979A,13,Forest,,71946,0,True,5,South Africa,1,,0
1699,Usambara,7686.0,4506.0,1,109,109,Tanganyika,#9E979A,11,Hills,,39363,0,True,5,South Africa,1,,0
1700,Arusha,7785.0,4556.0,1,109,109,Tanganyika,#9E979A,12,Mountain,,35326,0,False,5,South Africa,1,,6
1701,Addis Ababa,7930.0,4067.0,1,111,111,Ethiopia,#C47535,14,Urban,Mediterranean,464811,10,False,4,North Africa,6,1229,1
1702,Nekemte,7778.0,4070.0,1,111,111,Ethiopia,#C47535,14,Urban,,303652,10,False,4,North Africa,5,1882,0
1703,Gondar,7837.0,3939.0,1,111,111,Ethiopia,#C47535,14,Urban,,182721,10,False,4,North Africa,2,3127,0
1704,Banana,6661.0,4664.0,1,100,100,Belgian Congo,#88BAC4,14,Urban,,157389,10,True,5,South Africa,2,3631,0
1705,Harar,8089.0,4069.0,1,111,111,Ethiopia,#C47535,14,Urban,Mediterranean,29816,10,False,4,North Africa,5,19165,0
1706,Kebri Dehar,8141.0,4158.0,1,111,111,Ethiopia,#C47535,13,Forest,Mediterranean,46638,0,False,4,North Africa,1,,0
1707,Mustahil,8164.0,4223.0,1,111,111,Ethiopia,#C47535,10,Plains,Desert,64447,0,False,4,North Africa,6,2217,0
1708,Dudub,8261.0,4153.0,1,111,111,Ethiopia,#C47535,10,Plains,Desert,62489,0,False,4,North Africa,1,,0
1709,Afder,8048.0,4230.0,1,111,111,Ethiopia,#C47535,11,Hills,Mediterranean,62421,0,False,4,North Africa,1,,0
1710,Imi,8052.0,4158.0,1,111,111,Ethiopia,#C47535,10,Plains,,39919,0,False,4,North Africa,2,3579,0
1711,Asosa,7709.0,4048.0,1,111,111,Ethiopia,#C47535,10,Plains,,51430,0,False,4,North Africa,2,2778,0
1712,Metu,7746.0,4111.0,1,111,111,Ethiopia,#C47535,13,Forest,,46473,0,False,4,North Africa,1,,0
1713,Jimma,7826.0,4125.0,1,111,111,Ethiopia,#C47535,10,Plains,,51367,0,False,4,North Africa,2,2781,0
1714,Ambo,7876.0,4069.0,1,111,111,Ethiopia,#C47535,12,Mountain,,40649,0,False,4,North Africa,1,,5
1715,Bahir Dar,7829.0,3978.0,1,111,111,Ethiopia,#C47535,12,Mountain,,34734,0,False,4,North Africa,1,,8
1716,Debre Markos,7878.0,4008.0,1,111,111,Ethiopia,#C47535,12,Mountain,,44212,0,False,4,North Africa,1,,6
1717,Shire,7861.0,3885.0,1,111,111,Ethiopia,#C47535,11,Hills,,44453,0,False,4,North Africa,1,,0
1718,Maganan,7770.0,3923.0,1,111,111,Ethiopia,#C47535,10,Plains,,33549,0,False,4,North Africa,1,,0
1719,Mek'ele,7963.0,3894.0,1,111,111,Ethiopia,#C47535,12,Mountain,Mediterranean,30628,0,False,4,North Africa,1,,7
1720,Djibouti,8068.0,3962.0,1,111,111,Ethiopia,#C47535,10,Plains,Mediterranean,29614,0,True,4,North Africa,5,4824,0
1721,AsbeTeferi,7998.0,4062.0,1,111,111,Ethiopia,#C47535,11,Hills,Mediterranean,70039,0,False,4,North Africa,1,,0
1722,Dessie,7976.0,3968.0,1,111,111,Ethiopia,#C47535,11,Hills,Mediterranean,36186,0,False,4,North Africa,1,,0
1723,Gijet,7918.0,3911.0,1,111,111,Ethiopia,#C47535,12,Mountain,,30211,0,False,4,North Africa,1,,3
1724,Hudat,7946.0,4234.0,1,111,111,Ethiopia,#C47535,10,Plains,Desert,60078,0,False,4,North Africa,2,2378,0
1725,Jinka,7806.0,4200.0,1,111,111,Ethiopia,#C47535,10,Plains,,65856,0,False,4,North Africa,1,,0
1726,Arba Minch,7881.0,4206.0,1,111,111,Ethiopia,#C47535,13,Forest,,55859,0,False,4,North Africa,1,,0
1727,Meki,7921.0,4116.0,1,111,111,Ethiopia,#C47535,12,Mountain,,37655,0,False,4,North Africa,1,,5
1728,Degeh Bur,8149.0,4099.0,1,111,111,Ethiopia,#C47535,11,Hills,Desert,63241,0,False,4,North Africa,1,,0
1729,Goba,7979.0,4140.0,1,111,111,Ethiopia,#C47535,13,Forest,Jungle,23469,0,False,4,North Africa,1,,0
1730,Massawa,7915.0,3786.0,1,113,113,Eritrea,#6D7447,14,Urban,Mediterranean,287016,10,True,4,North Africa,5,1991,0
1731,Karkabat,7865.0,3755.0,1,113,113,Eritrea,#6D7447,11,Hills,Mediterranean,40030,0,True,4,North Africa,2,3569,0
1732,Assab,8045.0,3872.0,1,113,113,Eritrea,#6D7447,10,Plains,Mediterranean,70851,0,True,4,North Africa,1,,0
1733,Asmara,7889.0,3806.0,1,113,113,Eritrea,#6D7447,12,Mountain,Mediterranean,73023,0,False,4,North Africa,6,1956,2
1734,Foro,7930.0,3807.0,1,113,113,Eritrea,#6D7447,11,Hills,Mediterranean,27083,0,True,4,North Africa,1,,0
1735,Manila,11488.0,3608.0,1,151,151,Philippines,#D0C788,14,Urban,,194989,10,True,9,South East Asia,6,2931,0
1736,Mogadishu,8204.0,4330.0,1,112,112,Somalia,#90AE77,14,Urban,Desert,537417,10,True,5,South Africa,6,1063,0
1737,Jamaame,8076.0,4420.0,1,112,112,Somalia,#90AE77,13,Forest,Mediterranean,40584,0,True,5,South Africa,1,,0
1738,Buur Hakaba,8160.0,4310.0,1,112,112,Somalia,#90AE77,10,Plains,Desert,67850,0,True,5,South Africa,1,,0
1739,Bardere,8061.0,4323.0,1,112,112,Somalia,#90AE77,10,Plains,Desert,38846,0,True,5,South Africa,1,,0
1740,Galkayo,8273.0,4218.0,1,112,112,Somalia,#90AE77,10,Plains,Desert,30084,0,True,5,South Africa,1,,0
1741,Hargeisa,8152.0,4024.0,1,112,112,Somalia,#90AE77,11,Hills,Desert,41217,0,True,5,South Africa,1,,0
1742,Burco,8229.0,4028.0,1,112,112,Somalia,#90AE77,11,Hills,Desert,47732,0,True,5,South Africa,5,2993,0
1743,Bosaso,8377.0,3968.0,1,112,112,Somalia,#90AE77,11,Hills,Desert,50995,0,True,5,South Africa,2,2801,0
1744,Hordio,8450.0,3996.0,2,112,112,Somalia,#90AE77,11,Hills,Desert,70112,0,True,5,South Africa,1,,0
1745,Eyl,8375.0,4135.0,1,112,112,Somalia,#90AE77,11,Hills,Desert,64385,0,True,5,South Africa,1,,0
1746,Qardho,8325.0,4057.0,1,112,112,Somalia,#90AE77,10,Plains,Desert,25807,0,False,5,South Africa,1,,0
1747,Abu Hamad,7703.0,3580.0,1,98,98,North Sudan,#60A26B,11,Hills,Sand Dunes,43571,0,True,4,North Africa,1,,0
1748,Haya,7749.0,3662.0,1,98,98,North Sudan,#60A26B,11,Hills,Mediterranean,30766,0,False,4,North Africa,1,,0
1749,Ad-Damir,7675.0,3661.0,1,98,98,North Sudan,#60A26B,10,Plains,Desert,50713,0,False,4,North Africa,5,2817,0
1750,Darfur,7242.0,3610.0,1,98,98,North Sudan,#60A26B,11,Hills,Sand Dunes,59041,0,False,4,North Africa,1,,0
1751,Abri,7426.0,3547.0,1,98,98,North Sudan,#60A26B,10,Plains,Desert,40035,0,False,4,North Africa,1,,0
1752,Wad Madani,7649.0,3731.0,1,98,98,North Sudan,#60A26B,10,Plains,Desert,65262,0,False,4,North Africa,1,,0
1753,Magrur,7525.0,3695.0,1,98,98,North Sudan,#60A26B,11,Hills,Desert,56278,0,False,4,North Africa,1,,0
1754,Kutum,7226.0,3736.0,1,98,98,North Sudan,#60A26B,10,Plains,Grassland,40186,0,False,4,North Africa,1,,0
1755,Nyala,7246.0,3867.0,1,98,98,North Sudan,#60A26B,10,Plains,Grassland,35018,0,False,4,North Africa,1,,0
1756,Talodi,7467.0,3887.0,1,98,98,North Sudan,#60A26B,10,Plains,Grassland,33727,0,False,4,North Africa,1,,0
1757,Kaduqli,7381.0,3875.0,1,98,98,North Sudan,#60A26B,11,Hills,Mediterranean,56949,0,False,4,North Africa,1,,0
1758,Rabak,7623.0,3842.0,1,98,98,North Sudan,#60A26B,10,Plains,Grassland,61291,0,False,4,North Africa,1,,0
1759,Surgi,7319.0,3723.0,1,98,98,North Sudan,#60A26B,10,Plains,Desert,38711,0,False,4,North Africa,1,,0
1760,Lagos,6298.0,4160.0,1,91,91,Nigeria,#CAB579,14,Urban,,172345,10,True,4,North Africa,2,3316,0
1761,Dikwa,6763.0,3927.0,1,91,91,Nigeria,#CAB579,10,Plains,Grassland,55803,0,False,4,North Africa,5,2560,0
1762,Maiduguri,6689.0,3923.0,1,91,91,Nigeria,#CAB579,14,Urban,,244605,10,False,4,North Africa,2,2336,0
1763,Kano,6520.0,3931.0,1,91,91,Nigeria,#CAB579,14,Urban,Mediterranean,231984,10,False,4,North Africa,5,2463,0
1764,Sokoto,6361.0,3877.0,1,91,91,Nigeria,#CAB579,10,Plains,Desert,56076,0,False,4,North Africa,1,,0
1765,Garko,6546.0,3971.0,1,91,91,Nigeria,#CAB579,10,Plains,Grassland,32288,0,False,4,North Africa,1,,0
1766,Auyo,6584.0,3906.0,1,91,91,Nigeria,#CAB579,10,Plains,Desert,45362,0,False,4,North Africa,2,3149,0
1767,Katsina,6485.0,3880.0,1,91,91,Nigeria,#CAB579,10,Plains,Grassland,64456,0,False,4,North Africa,1,,0
1768,Kaduna,6474.0,4015.0,1,91,91,Nigeria,#CAB579,14,Urban,,613680,10,False,4,North Africa,6,931,0
1769,Minna,6405.0,4044.0,1,91,91,Nigeria,#CAB579,13,Forest,Jungle,42005,0,False,4,North Africa,1,,0
1770,Jos,6482.0,4069.0,1,91,91,Nigeria,#CAB579,10,Plains,,35278,0,False,4,North Africa,6,4049,0
1771,Ibadan,6336.0,4119.0,1,91,91,Nigeria,#CAB579,11,Hills,,69563,0,False,4,North Africa,1,,0
1772,Kukawa,6725.0,3884.0,1,91,91,Nigeria,#CAB579,10,Plains,Grassland,61057,0,False,4,North Africa,6,2340,0
1773,Libreville,6551.0,4379.0,1,95,95,Equatorial Gabon,#896D36,14,Urban,,305490,10,True,5,South Africa,5,1871,0
1774,Sindara,6579.0,4446.0,1,95,95,Equatorial Gabon,#896D36,13,Forest,,34409,0,True,5,South Africa,1,,0
1775,Loango,6637.0,4616.0,1,95,95,Equatorial Gabon,#896D36,14,Urban,,294069,10,True,5,South Africa,6,1943,0
1776,Brazzaville,6810.0,4611.0,1,95,95,Equatorial Gabon,#896D36,10,Plains,,49954,0,False,5,South Africa,2,2860,0
1777,Bonga,6891.0,4502.0,1,95,95,Equatorial Gabon,#896D36,13,Forest,,49003,0,False,5,South Africa,1,,0
1778,Makokou,6649.0,4384.0,1,95,95,Equatorial Gabon,#896D36,11,Hills,,28481,0,True,5,South Africa,1,,0
1779,Mayoumba,6596.0,4537.0,1,95,95,Equatorial Gabon,#896D36,10,Plains,,27069,0,True,5,South Africa,2,5278,0
1780,Loudima,6731.0,4600.0,1,95,95,Equatorial Gabon,#896D36,11,Hills,,57562,0,False,5,South Africa,1,,0
1781,Tsinguedi,6698.0,4525.0,1,95,95,Equatorial Gabon,#896D36,10,Plains,,42656,0,False,5,South Africa,5,3349,0
1782,Franceville,6754.0,4512.0,1,95,95,Equatorial Gabon,#896D36,14,Urban,,160668,10,False,5,South Africa,2,3557,0
1783,Ouesso,6812.0,4373.0,1,95,95,Equatorial Gabon,#896D36,11,Hills,,43497,0,False,5,South Africa,1,,0
1784,Makoua,6777.0,4440.0,1,95,95,Equatorial Gabon,#896D36,13,Forest,,27631,0,False,5,South Africa,1,,0
1785,Gamboma,6844.0,4534.0,1,95,95,Equatorial Gabon,#896D36,13,Forest,,33101,0,False,5,South Africa,1,,0
1786,Nola,6891.0,4285.0,1,95,95,Equatorial Gabon,#896D36,13,Forest,Jungle,40557,0,False,5,South Africa,1,,0
1787,Dongou,6951.0,4345.0,1,95,95,Equatorial Gabon,#896D36,13,Forest,,32079,0,False,5,South Africa,1,,0
1788,Bambari,7046.0,4212.0,1,95,95,Equatorial Gabon,#896D36,13,Forest,Jungle,51388,0,False,5,South Africa,1,,0
1789,Mobaye,7112.0,4252.0,1,95,95,Equatorial Gabon,#896D36,11,Hills,,33374,0,False,5,South Africa,1,,0
1790,Bangassou,7183.0,4239.0,1,95,95,Equatorial Gabon,#896D36,13,Forest,Jungle,58856,0,False,5,South Africa,1,,0
1791,Yalanga,7168.0,4132.0,1,95,95,Equatorial Gabon,#896D36,13,Forest,,25399,0,False,5,South Africa,1,,0
1792,Mouka,7079.0,4080.0,1,95,95,Equatorial Gabon,#896D36,10,Plains,,30786,0,False,5,South Africa,2,4640,0
1793,Ouanda Djale,7111.0,3995.0,1,95,95,Equatorial Gabon,#896D36,13,Forest,Mediterranean,31608,0,False,5,South Africa,1,,0
1794,Ndélé,7011.0,4007.0,1,95,95,Equatorial Gabon,#896D36,10,Plains,Grassland,61512,0,False,5,South Africa,1,,0
1795,Bangui,6977.0,4267.0,1,95,95,Equatorial Gabon,#896D36,14,Urban,,261668,10,False,5,South Africa,6,2184,0
1796,Ft. Sibut,6981.0,4203.0,1,95,95,Equatorial Gabon,#896D36,10,Plains,,47626,0,False,5,South Africa,2,3000,0
1797,Carnot,6880.0,4225.0,1,95,95,Equatorial Gabon,#896D36,13,Forest,Jungle,49936,0,False,5,South Africa,1,,0
1798,Brussaux,6910.0,4044.0,1,95,95,Equatorial Gabon,#896D36,11,Hills,Mediterranean,47387,0,False,5,South Africa,1,,0
1799,Koundé,6865.0,4161.0,1,95,95,Equatorial Gabon,#896D36,13,Forest,Jungle,40225,0,False,5,South Africa,1,,0
1800,Epéna,6936.0,4408.0,1,95,95,Equatorial Gabon,#896D36,13,Forest,,29303,0,False,5,South Africa,1,,0
1801,Archambault,6942.0,3926.0,1,96,96,Equatorial Chad,#CC8451,10,Plains,Grassland,39934,0,False,4,North Africa,1,,0
1802,Mao,6794.0,3832.0,1,96,96,Equatorial Chad,#CC8451,10,Plains,Desert,56384,0,False,4,North Africa,1,,0
1803,Laï,6854.0,3953.0,1,96,96,Equatorial Chad,#CC8451,11,Hills,Mediterranean,47002,0,False,4,North Africa,1,,0
1804,Haraze,7014.0,3796.0,1,96,96,Equatorial Chad,#CC8451,11,Hills,Mediterranean,39137,0,False,4,North Africa,1,,0
1805,Faya,6952.0,3605.0,1,96,96,Equatorial Chad,#CC8451,10,Plains,Desert,48038,0,False,4,North Africa,6,2974,0
1806,Ain Galakka,6858.0,3556.0,1,96,96,Equatorial Chad,#CC8451,12,Mountain,Desert,53344,0,False,4,North Africa,5,2678,12
1807,Bardaï,6825.0,3491.0,1,96,96,Equatorial Chad,#CC8451,12,Mountain,Desert,70726,0,False,4,North Africa,1,,8
1808,Fada,7057.0,3621.0,1,96,96,Equatorial Chad,#CC8451,10,Plains,Desert,61953,0,False,4,North Africa,2,2306,0
1809,Fort-Lamy,6813.0,3930.0,1,96,96,Equatorial Chad,#CC8451,14,Urban,Mediterranean,379842,10,False,4,North Africa,6,1504,0
1810,Moussoro,6888.0,3826.0,1,96,96,Equatorial Chad,#CC8451,10,Plains,Desert,50272,0,False,4,North Africa,5,2842,0
1811,Arada,7066.0,3719.0,1,96,96,Equatorial Chad,#CC8451,10,Plains,Desert,32011,0,False,4,North Africa,2,4463,0
1812,Ziguei,6832.0,3724.0,1,96,96,Equatorial Chad,#CC8451,11,Hills,Sand Dunes,45322,0,False,4,North Africa,1,,0
1813,Bossangoa,6975.0,4120.0,1,95,95,Equatorial Gabon,#896D36,14,Urban,,43652,10,False,5,South Africa,5,13091,0
1814,Ad-Damazin,7707.0,3939.0,1,98,98,North Sudan,#60A26B,13,Forest,,57986,0,False,4,North Africa,1,,0
1815,Mklama,7710.0,4592.0,1,109,109,Tanganyika,#9E979A,14,Urban,,43607,10,False,5,South Africa,5,13104,0
1816,Lastoursville,6674.0,4462.0,1,95,95,Equatorial Gabon,#896D36,13,Forest,,35092,0,False,5,South Africa,1,,0
1817,Sembé,6730.0,4394.0,1,95,95,Equatorial Gabon,#896D36,10,Plains,,68736,0,False,5,South Africa,6,2078,0
1818,Kassala,7801.0,3765.0,1,98,98,North Sudan,#60A26B,10,Plains,,53921,0,False,4,North Africa,5,2649,0
1819,Kafia Kingi,7190.0,3971.0,1,99,99,South Sudan,#C54149,10,Plains,Grassland,50104,0,False,4,North Africa,6,2851,0
1820,Deim Zubeir,7229.0,4080.0,1,99,99,South Sudan,#C54149,10,Plains,,61143,0,False,4,North Africa,6,2336,0
1821,Malakai,7541.0,3952.0,1,99,99,South Sudan,#C54149,14,Urban,,360368,10,False,4,North Africa,2,1586,0
1822,Juba,7538.0,4262.0,1,99,99,South Sudan,#C54149,14,Urban,,63179,10,True,4,North Africa,2,9045,0
1823,Nimule,7573.0,4307.0,1,99,99,South Sudan,#C54149,11,Hills,,58217,0,False,4,North Africa,1,,0
1824,Mongalla,7584.0,4219.0,1,99,99,South Sudan,#C54149,10,Plains,,34298,0,False,4,North Africa,1,,0
1825,Torit,7631.0,4271.0,1,99,99,South Sudan,#C54149,11,Hills,,27980,0,False,4,North Africa,1,,0
1826,Akobo,7631.0,4147.0,1,99,99,South Sudan,#C54149,10,Plains,,58589,0,False,4,North Africa,6,2438,0
1827,Nasir,7632.0,4085.0,1,99,99,South Sudan,#C54149,11,Hills,,47574,0,False,4,North Africa,1,,0
1828,Shambe,7439.0,4142.0,1,99,99,South Sudan,#C54149,10,Plains,,34641,0,False,4,North Africa,2,4124,0
1829,Meshra' er Req,7359.0,4035.0,1,99,99,South Sudan,#C54149,13,Forest,Mediterranean,40785,0,False,4,North Africa,1,,0
1830,Wau,7345.0,4108.0,1,99,99,South Sudan,#C54149,14,Urban,,50947,10,False,4,North Africa,5,11216,0
1831,Tambura,7300.0,4194.0,1,99,99,South Sudan,#C54149,10,Plains,,32641,0,False,4,North Africa,1,,0
1832,Maridi,7391.0,4274.0,1,99,99,South Sudan,#C54149,14,Urban,,37487,10,False,4,North Africa,6,15243,0
1833,Kodok,7582.0,3931.0,1,99,99,South Sudan,#C54149,10,Plains,,52682,0,False,4,North Africa,5,2712,0
1834,Lui,7486.0,4222.0,1,99,99,South Sudan,#C54149,10,Plains,,47705,0,False,4,North Africa,1,,0
1835,Abang,7359.0,4147.0,1,99,99,South Sudan,#C54149,11,Hills,,32716,0,False,4,North Africa,1,,0
1836,Turalei,7304.0,3936.0,1,99,99,South Sudan,#C54149,10,Plains,Grassland,42363,0,False,4,North Africa,1,,0
1837,Kamil,7392.0,3911.0,1,99,99,South Sudan,#C54149,13,Forest,Mediterranean,46150,0,False,4,North Africa,1,,0
1838,Tonga,7502.0,3946.0,1,99,99,South Sudan,#C54149,10,Plains,,52286,0,False,4,North Africa,1,,0
1839,Wernyol,7557.0,4132.0,1,99,99,South Sudan,#C54149,14,Urban,,41073,10,False,4,North Africa,5,13913,0
1840,Waat,7572.0,4072.0,1,99,99,South Sudan,#C54149,10,Plains,,54005,0,False,4,North Africa,1,,0
1841,Ayod,7514.0,4080.0,1,99,99,South Sudan,#C54149,10,Plains,,33462,0,False,4,North Africa,1,,0
1842,Beh,7645.0,4202.0,1,99,99,South Sudan,#C54149,13,Forest,,50416,0,False,4,North Africa,1,,0
1843,Leer,7428.0,4063.0,1,99,99,South Sudan,#C54149,10,Plains,,52875,0,False,4,North Africa,6,2702,0
1844,Raga,7251.0,4015.0,1,99,99,South Sudan,#C54149,10,Plains,,38898,0,False,4,North Africa,1,,0
1845,Biar,7558.0,4017.0,1,99,99,South Sudan,#C54149,13,Forest,,62682,0,False,4,North Africa,1,,0
1846,Yei,7489.0,4301.0,1,99,99,South Sudan,#C54149,10,Plains,,34376,0,False,4,North Africa,1,,0
1847,Yola,6711.0,4008.0,1,91,91,Nigeria,#CAB579,10,Plains,Grassland,56337,0,False,4,North Africa,6,2536,0
1848,Bauchi,6559.0,4023.0,1,91,91,Nigeria,#CAB579,11,Hills,,53533,0,False,4,North Africa,1,,0
1849,Kontagora,6397.0,3988.0,1,91,91,Nigeria,#CAB579,10,Plains,Grassland,63483,0,False,4,North Africa,6,2250,0
1850,Abeoukuta,6280.0,4129.0,1,91,91,Nigeria,#CAB579,13,Forest,Jungle,47641,0,False,4,North Africa,1,,0
1851,Calabar,6483.0,4225.0,1,91,91,Nigeria,#CAB579,14,Urban,,55090,10,True,4,North Africa,5,10373,0
1852,Abakaliki,6412.0,4177.0,1,91,91,Nigeria,#CAB579,13,Forest,Jungle,48642,0,False,4,North Africa,1,,0
1853,Port Harcourt,6388.0,4243.0,1,91,91,Nigeria,#CAB579,13,Forest,Jungle,35426,0,True,4,North Africa,1,,0
1854,Wukari,6536.0,4124.0,1,91,91,Nigeria,#CAB579,11,Hills,,40626,0,False,4,North Africa,1,,0
1855,Jalingo,6615.0,4067.0,1,91,91,Nigeria,#CAB579,13,Forest,,38635,0,False,4,North Africa,1,,0
1856,Gombe,6637.0,4005.0,1,91,91,Nigeria,#CAB579,13,Forest,Mediterranean,51583,0,False,4,North Africa,1,,0
1857,Damaturu,6649.0,3923.0,1,91,91,Nigeria,#CAB579,11,Hills,Mediterranean,40399,0,False,4,North Africa,1,,0
1858,Gusau,6455.0,3942.0,1,91,91,Nigeria,#CAB579,13,Forest,Mediterranean,40662,0,False,4,North Africa,1,,0
1859,Kaiama,6290.0,4043.0,1,91,91,Nigeria,#CAB579,13,Forest,Mediterranean,66271,0,False,4,North Africa,1,,0
1860,Monrovia,5610.0,4150.0,1,89,89,Liberia,#CD832C,14,Urban,,247350,10,True,4,North Africa,6,2310,0
1861,Loma,5663.0,4101.0,1,89,89,Liberia,#CD832C,10,Plains,,69042,0,False,4,North Africa,1,,0
1862,Freetown,5547.0,4102.0,1,89,89,Liberia,#CD832C,13,Forest,Jungle,55701,0,True,4,North Africa,1,,0
1863,Greenville,5705.0,4220.0,1,89,89,Liberia,#CD832C,13,Forest,Jungle,28166,0,True,4,North Africa,1,,0
1864,Buchanan,5661.0,4169.0,1,89,89,Liberia,#CD832C,10,Plains,,83578,0,True,4,North Africa,1,,0
1865,Ouagadougou,6043.0,3885.0,1,90,90,Upper Volta,#697D55,14,Urban,Grassland,290495,10,False,4,North Africa,6,1967,0
1866,Dori,6108.0,3819.0,1,90,90,Upper Volta,#697D55,11,Hills,Mediterranean,45524,0,False,4,North Africa,1,,0
1867,Kumasi,6061.0,4147.0,1,90,90,Upper Volta,#697D55,14,Urban,,366167,10,False,4,North Africa,2,1561,0
1868,Abidjan,5923.0,4212.0,1,90,90,Upper Volta,#697D55,14,Urban,,216924,10,True,4,North Africa,5,2634,0
1869,Koudougou,5993.0,3894.0,1,90,90,Upper Volta,#697D55,10,Plains,Grassland,32324,0,False,4,North Africa,1,,0
1870,Bobo-Dioulasso,5889.0,3934.0,1,90,90,Upper Volta,#697D55,10,Plains,Grassland,43111,0,False,4,North Africa,2,3314,0
1871,Odienne,5740.0,4013.0,1,90,90,Upper Volta,#697D55,13,Forest,Mediterranean,46497,0,False,4,North Africa,1,,0
1872,Korhogo,5848.0,4015.0,1,90,90,Upper Volta,#697D55,10,Plains,Grassland,40579,0,False,4,North Africa,5,3520,0
1873,Logouale,5739.0,4140.0,1,90,90,Upper Volta,#697D55,13,Forest,Jungle,33536,0,False,4,North Africa,1,,0
1874,Mankono,5827.0,4089.0,1,90,90,Upper Volta,#697D55,14,Urban,,305676,10,False,4,North Africa,6,1869,0
1875,Tabou,5783.0,4226.0,1,90,90,Upper Volta,#697D55,13,Forest,Jungle,53462,0,True,4,North Africa,1,,0
1876,Sassandra,5853.0,4219.0,1,90,90,Upper Volta,#697D55,13,Forest,Jungle,50140,0,False,4,North Africa,1,,0
1877,Dimbokro,5908.0,4158.0,1,90,90,Upper Volta,#697D55,13,Forest,Jungle,62146,0,False,4,North Africa,1,,0
1878,Prestea,5997.0,4215.0,1,90,90,Upper Volta,#697D55,13,Forest,Jungle,32766,0,True,4,North Africa,1,,0
1879,Ashanti,6026.0,4096.0,1,90,90,Upper Volta,#697D55,13,Forest,Jungle,57425,0,False,4,North Africa,1,,0
1880,Bondoukou,5939.0,4089.0,1,90,90,Upper Volta,#697D55,10,Plains,,53286,0,False,4,North Africa,2,2681,0
1881,Accra,6101.0,4193.0,1,90,90,Upper Volta,#697D55,13,Forest,Jungle,58888,0,True,4,North Africa,1,,0
1882,Lome,6165.0,4173.0,1,90,90,Upper Volta,#697D55,14,Urban,,58086,10,True,4,North Africa,5,9838,0
1883,Palime,6118.0,4115.0,1,90,90,Upper Volta,#697D55,13,Forest,Jungle,30361,0,False,4,North Africa,1,,0
1884,Savé,6228.0,4069.0,1,90,90,Upper Volta,#697D55,13,Forest,Jungle,30621,0,False,4,North Africa,1,,0
1885,Tamale,6103.0,4043.0,1,90,90,Upper Volta,#697D55,13,Forest,Jungle,40940,0,False,4,North Africa,1,,0
1886,Navrongo,6069.0,3943.0,1,90,90,Upper Volta,#697D55,10,Plains,Grassland,49009,0,False,4,North Africa,2,2915,0
1887,Malanville,6258.0,3924.0,1,90,90,Upper Volta,#697D55,13,Forest,Mediterranean,33403,0,False,4,North Africa,1,,0
1888,Djougou,6178.0,4010.0,1,90,90,Upper Volta,#697D55,10,Plains,Grassland,49721,0,False,4,North Africa,6,2873,0
1889,Fada N' Gourma,6130.0,3880.0,1,90,90,Upper Volta,#697D55,11,Hills,Mediterranean,33072,0,False,4,North Africa,1,,0
1890,Tenkodogo,6095.0,3894.0,1,90,90,Upper Volta,#697D55,13,Forest,Mediterranean,57951,0,False,4,North Africa,1,,0
1891,Wa,6016.0,3992.0,1,90,90,Upper Volta,#697D55,11,Hills,Mediterranean,31183,0,False,4,North Africa,1,,0
1892,Gaoua,5944.0,3971.0,1,90,90,Upper Volta,#697D55,13,Forest,Mediterranean,59028,0,False,4,North Africa,1,,0
1893,Kankan,5658.0,4002.0,1,90,90,Upper Volta,#697D55,10,Plains,Grassland,27700,0,False,4,North Africa,2,5157,0
1894,Davao City,11718.0,3956.0,1,151,151,Philippines,#D0C788,14,Urban,,320839,10,True,9,South East Asia,5,1781,0
1895,Bissau,5395.0,3900.0,1,87,87,Portuguese Guinea,#6F90A7,14,Urban,Mediterranean,112442,10,True,4,North Africa,2,5082,0
1896,Kedougou,5508.0,3855.0,1,86,86,Mauritania,#9B6A28,10,Plains,Grassland,38779,0,False,4,North Africa,1,,0
1897,Haute Casamance,5404.0,3870.0,1,86,86,Mauritania,#9B6A28,10,Plains,Grassland,44253,0,True,4,North Africa,6,3228,0
1898,St. Louis,5367.0,3774.0,1,86,86,Mauritania,#9B6A28,14,Urban,Mediterranean,222410,10,True,4,North Africa,6,2569,0
1899,Dakar,5351.0,3809.0,1,86,86,Mauritania,#9B6A28,10,Plains,Grassland,55123,0,True,4,North Africa,2,2592,0
1900,Bakel,5503.0,3773.0,1,86,86,Mauritania,#9B6A28,11,Hills,Desert,62045,0,False,4,North Africa,1,,0
1901,Kiffa,5557.0,3705.0,1,86,86,Mauritania,#9B6A28,11,Hills,Desert,66430,0,False,4,North Africa,1,,0
1902,Tichit,5622.0,3663.0,1,86,86,Mauritania,#9B6A28,10,Plains,Desert,45429,0,False,4,North Africa,1,,0
1903,El Merayer,5757.0,3542.0,1,86,86,Mauritania,#9B6A28,11,Hills,Sand Dunes,47015,0,False,4,North Africa,1,,0
1904,Tagoujalet,5834.0,3433.0,1,86,86,Mauritania,#9B6A28,11,Hills,Sand Dunes,40719,0,False,4,North Africa,1,,0
1905,Merijinat,5750.0,3361.0,1,86,86,Mauritania,#9B6A28,11,Hills,Sand Dunes,39375,0,False,4,North Africa,1,,0
1906,Port Etienne,5358.0,3526.0,1,86,86,Mauritania,#9B6A28,14,Urban,Desert,299821,10,True,4,North Africa,5,1906,0
1907,Tintan,5378.0,3536.0,1,86,86,Mauritania,#9B6A28,11,Hills,Desert,70090,0,True,4,North Africa,1,,0
1908,Atar,5483.0,3541.0,1,86,86,Mauritania,#9B6A28,11,Hills,Sand Dunes,34379,0,False,4,North Africa,1,,0
1909,Ouadane,5578.0,3526.0,1,86,86,Mauritania,#9B6A28,10,Plains,Desert,53215,0,False,4,North Africa,5,2685,0
1910,Nouakchott,5392.0,3690.0,1,86,86,Mauritania,#9B6A28,14,Urban,Desert,82496,10,True,4,North Africa,5,6927,0
1911,Aleg,5461.0,3721.0,1,86,86,Mauritania,#9B6A28,14,Urban,Desert,242281,10,False,4,North Africa,6,2359,0
1912,Tamba,5460.0,3831.0,1,86,86,Mauritania,#9B6A28,10,Plains,Grassland,59579,0,False,4,North Africa,1,,0
1913,Chinguetti,5510.0,3569.0,1,86,86,Mauritania,#9B6A28,14,Urban,Desert,426102,10,False,4,North Africa,2,1341,0
1914,Tidjikja,5545.0,3615.0,1,86,86,Mauritania,#9B6A28,10,Plains,Desert,43470,0,False,4,North Africa,1,,0
1915,Moudjeria,5497.0,3644.0,1,86,86,Mauritania,#9B6A28,11,Hills,Sand Dunes,44612,0,False,4,North Africa,1,,0
1916,Bourjeimat,5406.0,3601.0,1,86,86,Mauritania,#9B6A28,10,Plains,Desert,58010,0,True,4,North Africa,2,2463,0
1917,Kaédi,5464.0,3751.0,1,86,86,Mauritania,#9B6A28,10,Plains,Grassland,44405,0,True,4,North Africa,2,3217,0
1918,Tanezroft Tutrimt,5718.0,3490.0,1,86,86,Mauritania,#9B6A28,10,Plains,Desert,71358,0,False,4,North Africa,2,2002,0
1919,Fort Trinquet,5642.0,3417.0,1,86,86,Mauritania,#9B6A28,11,Hills,Sand Dunes,49724,0,False,4,North Africa,1,,0
1920,Taoudeni,5918.0,3484.0,1,88,88,French Sudan,#E3AF5C,11,Hills,Sand Dunes,32421,0,False,4,North Africa,1,,0
1921,Aṣ-Ṣaḥrā’ al-Gharbīyah,5554.0,3443.0,1,86,86,Mauritania,#9B6A28,10,Plains,Desert,78864,0,False,4,North Africa,1,,0
1922,Kidai,6238.0,3649.0,1,88,88,French Sudan,#E3AF5C,11,Hills,Desert,30717,0,False,4,North Africa,1,,0
1923,Mabrouk,6076.0,3591.0,1,88,88,French Sudan,#E3AF5C,10,Plains,Desert,34805,0,False,4,North Africa,6,4105,0
1924,Araouan,5923.0,3612.0,1,88,88,French Sudan,#E3AF5C,10,Plains,Desert,44712,0,False,4,North Africa,1,,0
1925,Néma,5655.0,3738.0,1,88,88,French Sudan,#E3AF5C,11,Hills,Sand Dunes,55203,0,False,4,North Africa,1,,0
1926,Timbedra,5611.0,3757.0,1,88,88,French Sudan,#E3AF5C,10,Plains,Desert,31289,0,False,4,North Africa,1,,0
1927,Conakry,5442.0,3963.0,1,88,88,French Sudan,#E3AF5C,14,Urban,Mediterranean,218440,10,True,4,North Africa,5,2616,0
1928,Mamou,5551.0,3986.0,1,88,88,French Sudan,#E3AF5C,13,Forest,Mediterranean,41632,0,True,4,North Africa,1,,0
1929,Koumbia,5450.0,3904.0,1,88,88,French Sudan,#E3AF5C,13,Forest,Mediterranean,72322,0,True,4,North Africa,1,,0
1930,Dinguiray,5557.0,3918.0,1,88,88,French Sudan,#E3AF5C,10,Plains,Grassland,70878,0,False,4,North Africa,6,2016,0
1931,Bamako,5658.0,3888.0,1,88,88,French Sudan,#E3AF5C,14,Urban,Mediterranean,241279,10,False,4,North Africa,6,2368,0
1932,Bougouni,5678.0,3940.0,1,88,88,French Sudan,#E3AF5C,10,Plains,Grassland,43512,0,False,4,North Africa,2,3283,0
1933,Djenné,5909.0,3814.0,1,88,88,French Sudan,#E3AF5C,11,Hills,Mediterranean,49131,0,False,4,North Africa,1,,0
1934,San,5840.0,3885.0,1,88,88,French Sudan,#E3AF5C,11,Hills,Mediterranean,64943,0,False,4,North Africa,1,,0
1935,Kayes,5573.0,3810.0,1,88,88,French Sudan,#E3AF5C,14,Urban,Mediterranean,197285,10,False,4,North Africa,2,2896,0
1936,Kita,5626.0,3867.0,1,88,88,French Sudan,#E3AF5C,10,Plains,Grassland,66179,0,False,4,North Africa,1,,0
1937,Banamba,5684.0,3846.0,1,88,88,French Sudan,#E3AF5C,11,Hills,Desert,48411,0,False,4,North Africa,1,,0
1938,Segou,5754.0,3862.0,1,88,88,French Sudan,#E3AF5C,10,Plains,Grassland,49983,0,False,4,North Africa,1,,0
1939,Koutiala,5780.0,3927.0,1,88,88,French Sudan,#E3AF5C,10,Plains,Grassland,41949,0,False,4,North Africa,1,,0
1940,Homobori,6085.0,3734.0,1,88,88,French Sudan,#E3AF5C,10,Plains,Grassland,49475,0,False,4,North Africa,5,2887,0
1941,Bamba,6103.0,3660.0,1,88,88,French Sudan,#E3AF5C,14,Urban,Desert,38816,10,False,4,North Africa,2,14721,0
1942,Bandiagara,6000.0,3747.0,1,88,88,French Sudan,#E3AF5C,10,Plains,Grassland,40652,0,False,4,North Africa,6,3514,0
1943,Niafounke,5926.0,3682.0,1,88,88,French Sudan,#E3AF5C,10,Plains,Desert,44105,0,False,4,North Africa,1,,0
1944,Sokolo,5765.0,3786.0,1,88,88,French Sudan,#E3AF5C,10,Plains,Desert,66556,0,False,4,North Africa,1,,0
1945,Mopti,5859.0,3779.0,1,88,88,French Sudan,#E3AF5C,14,Urban,Desert,399999,10,False,4,North Africa,5,1429,0
1946,El Djouf,5794.0,3602.0,1,88,88,French Sudan,#E3AF5C,10,Plains,Desert,51942,0,False,4,North Africa,1,,0
1947,Tanezrouft,6066.0,3510.0,1,88,88,French Sudan,#E3AF5C,10,Plains,Desert,33943,0,False,4,North Africa,6,4209,0
1948,Villa Cisneros,5412.0,3373.0,1,83,83,Río de Oro,#8BAC78,10,Plains,Desert,48164,0,True,4,North Africa,1,,0
1949,Auadi,5452.0,3485.0,1,83,83,Río de Oro,#8BAC78,10,Plains,Desert,34014,0,True,4,North Africa,1,,0
1950,Laâyoune,5480.0,3231.0,1,83,83,Río de Oro,#8BAC78,14,Urban,Desert,299714,10,True,4,North Africa,5,1907,0
1951,Smara,5562.0,3248.0,1,83,83,Río de Oro,#8BAC78,10,Plains,Desert,44305,0,True,4,North Africa,6,3224,0
1952,Bir Lehlu,5688.0,3277.0,1,83,83,Río de Oro,#8BAC78,10,Plains,Desert,57739,0,False,4,North Africa,1,,0
1953,Mijek,5529.0,3347.0,1,83,83,Río de Oro,#8BAC78,11,Hills,Sand Dunes,55862,0,False,4,North Africa,1,,0
1954,Bojador,5429.0,3299.0,1,83,83,Río de Oro,#8BAC78,11,Hills,Sand Dunes,43481,0,True,4,North Africa,1,,0
1955,Victoria,6789.0,2937.0,1,186,186,Malta,#B83338,11,Hills,Mediterranean,108988,0,True,0,Europe,1,,0
1956,Valletta,6797.0,2956.0,1,186,186,Malta,#B83338,14,Urban,Mediterranean,44708,10,True,0,Europe,6,12781,0
1957,Majunga,8191.0,4990.0,1,108,108,Madagascar,#B03A47,14,Urban,Mediterranean,168324,10,True,5,South Africa,2,3395,0
1958,Fianarantsoa,8165.0,5239.0,1,108,108,Madagascar,#B03A47,14,Urban,,334555,10,False,5,South Africa,6,1708,0
1959,Tuléar,8019.0,5307.0,1,108,108,Madagascar,#B03A47,14,Urban,Mediterranean,300951,10,True,5,South Africa,6,1899,0
1960,Tamatave,8284.0,5083.0,1,108,108,Madagascar,#B03A47,14,Urban,,406688,10,True,5,South Africa,2,1405,0
1961,Antalaha,8336.0,4964.0,1,108,108,Madagascar,#B03A47,13,Forest,Jungle,66146,0,True,5,South Africa,1,,0
1962,Marovoay,8221.0,4999.0,1,108,108,Madagascar,#B03A47,13,Forest,Jungle,70996,0,True,5,South Africa,1,,0
1963,Ananalava,8237.0,4967.0,1,108,108,Madagascar,#B03A47,12,Mountain,,48044,0,True,5,South Africa,6,2973,4
1964,Mananara,8310.0,5029.0,1,108,108,Madagascar,#B03A47,10,Plains,,50934,0,True,5,South Africa,5,2805,0
1965,Maevatanana,8217.0,5058.0,1,108,108,Madagascar,#B03A47,11,Hills,,73553,0,False,5,South Africa,1,,0
1966,Morafenobe,8112.0,5081.0,1,108,108,Madagascar,#B03A47,10,Plains,Mediterranean,37662,0,True,5,South Africa,1,,0
1967,Soalala,8155.0,5005.0,1,108,108,Madagascar,#B03A47,13,Forest,Mediterranean,37970,0,True,5,South Africa,1,,0
1968,Tananrive,8212.0,5122.0,1,108,108,Madagascar,#B03A47,11,Hills,,37545,0,True,5,South Africa,5,3805,0
1969,Ihosi,8132.0,5279.0,1,108,108,Madagascar,#B03A47,11,Hills,Mediterranean,89049,0,False,5,South Africa,2,1604,0
1970,Fort Dauphin,8132.0,5379.0,1,108,108,Madagascar,#B03A47,13,Forest,Jungle,75680,0,True,5,South Africa,1,,0
1971,Tsihombe,8073.0,5396.0,1,108,108,Madagascar,#B03A47,10,Plains,Mediterranean,41221,0,True,5,South Africa,5,3466,0
1972,Morombe,8009.0,5246.0,1,108,108,Madagascar,#B03A47,13,Forest,Mediterranean,73375,0,True,5,South Africa,1,,0
1973,Morondava,8058.0,5187.0,1,108,108,Madagascar,#B03A47,11,Hills,Mediterranean,79572,0,True,5,South Africa,1,,0
1974,Miarinarivo,8157.0,5132.0,1,108,108,Madagascar,#B03A47,14,Urban,Mediterranean,38154,10,False,5,South Africa,5,14977,0
1975,Ambositra,8167.0,5200.0,1,108,108,Madagascar,#B03A47,12,Mountain,Mediterranean,54797,0,False,5,South Africa,5,2607,6
1976,Chengteh,11113.0,2333.0,1,140,140,Mukden,#59797C,11,Hills,,38577,0,False,8,Asia,1,,0
1977,Betioky,8045.0,5335.0,1,108,108,Madagascar,#B03A47,11,Hills,Mediterranean,56469,0,True,5,South Africa,1,,0
1978,Farafangana,8188.0,5291.0,1,108,108,Madagascar,#B03A47,11,Hills,,88736,0,True,5,South Africa,1,,0
1979,Vatomandry,8242.0,5182.0,1,108,108,Madagascar,#B03A47,11,Hills,,48903,0,True,5,South Africa,1,,0
1980,Mecca,8015.0,3480.0,1,114,114,Hejaz,#8EA1B5,14,Urban,Desert,362381,10,True,7,Middle East,5,1577,0
1981,Mendak,8099.0,3557.0,1,114,114,Hejaz,#8EA1B5,12,Mountain,Desert,63726,0,True,7,Middle East,6,2242,4
1982,Ashaira,8042.0,3469.0,1,114,114,Hejaz,#8EA1B5,12,Mountain,Desert,39973,0,False,7,Middle East,2,3574,2
1983,Yenbo,7960.0,3367.0,1,114,114,Hejaz,#8EA1B5,10,Plains,Desert,47798,0,True,7,Middle East,1,,0
1984,Wejh,7876.0,3266.0,1,114,114,Hejaz,#8EA1B5,10,Plains,Desert,30341,0,True,7,Middle East,1,,0
1985,Maqna,7798.0,3163.0,1,114,114,Hejaz,#8EA1B5,10,Plains,Desert,47313,0,True,7,Middle East,1,,0
1986,Tabuk,7897.0,3149.0,1,114,114,Hejaz,#8EA1B5,11,Hills,Desert,45259,0,False,7,Middle East,6,3156,0
1987,Medain Salih,7967.0,3233.0,1,114,114,Hejaz,#8EA1B5,11,Hills,Desert,44806,0,False,7,Middle East,1,,0
1988,Hadiya,7970.0,3328.0,1,114,114,Hejaz,#8EA1B5,12,Mountain,Desert,51743,0,False,7,Middle East,1,,3
1989,Khaibar,8054.0,3326.0,1,117,117,Saudi Arabia,#A4493E,12,Mountain,Desert,50607,0,False,7,Middle East,1,,6
1990,Jauf,8067.0,2986.0,1,117,117,Saudi Arabia,#A4493E,14,Urban,Desert,336461,10,False,7,Middle East,2,1698,0
1991,Sakaka,8105.0,2980.0,1,117,117,Saudi Arabia,#A4493E,10,Plains,Desert,60134,0,False,7,Middle East,1,,0
1992,Kaf,7988.0,2930.0,1,117,117,Saudi Arabia,#A4493E,10,Plains,Desert,53661,0,False,7,Middle East,5,2662,0
1993,Doha,8452.0,3249.0,1,118,118,Qatar,#78826B,14,Urban,Desert,189064,10,True,7,Middle East,6,3022,0
1994,Medina,8067.0,3387.0,1,117,117,Saudi Arabia,#A4493E,14,Urban,Desert,278727,10,False,7,Middle East,2,2050,0
1995,Hajariya,8074.0,3420.0,1,117,117,Saudi Arabia,#A4493E,12,Mountain,Desert,58123,0,False,7,Middle East,1,,5
1996,Sabiya,8149.0,3656.0,1,117,117,Saudi Arabia,#A4493E,12,Mountain,Desert,59252,0,True,7,Middle East,1,,6
1997,Laila,8366.0,3435.0,1,117,117,Saudi Arabia,#A4493E,11,Hills,Sand Dunes,33296,0,False,7,Middle East,1,,0
1998,Riyadh,8334.0,3354.0,1,117,117,Saudi Arabia,#A4493E,14,Urban,Desert,213866,10,False,7,Middle East,6,2672,0
1999,Mubarraz,8388.0,3324.0,1,117,117,Saudi Arabia,#A4493E,10,Plains,Desert,64579,0,False,7,Middle East,2,2212,0
2000,Shaqra,8249.0,3312.0,1,117,117,Saudi Arabia,#A4493E,10,Plains,Desert,55508,0,False,7,Middle East,1,,0
2001,Dam,8255.0,3534.0,1,117,117,Saudi Arabia,#A4493E,14,Urban,Desert,47125,10,False,7,Middle East,5,12126,0
2002,Jubbah,8078.0,3038.0,1,117,117,Saudi Arabia,#A4493E,10,Plains,Desert,63684,0,False,7,Middle East,1,,0
2003,Taima,8006.0,3167.0,1,117,117,Saudi Arabia,#A4493E,11,Hills,Sand Dunes,38346,0,False,7,Middle East,1,,0
2004,Qasr al Haiyanya,8170.0,3029.0,1,117,117,Saudi Arabia,#A4493E,10,Plains,Desert,36468,0,False,7,Middle East,5,3917,0
2005,Buraida,8184.0,3212.0,1,117,117,Saudi Arabia,#A4493E,11,Hills,Sand Dunes,51641,0,False,7,Middle East,1,,0
2006,Hail,8099.0,3201.0,1,117,117,Saudi Arabia,#A4493E,10,Plains,Desert,33783,0,False,7,Middle East,5,4229,0
2007,Jabrin,8451.0,3394.0,1,117,117,Saudi Arabia,#A4493E,10,Plains,Desert,59504,0,False,7,Middle East,5,2401,0
2008,Rub' al Khali,8546.0,3472.0,1,117,117,Saudi Arabia,#A4493E,11,Hills,Sand Dunes,55119,0,False,7,Middle East,1,,0
2009,Raydā,8382.0,3638.0,1,117,117,Saudi Arabia,#A4493E,10,Plains,Desert,63399,0,False,7,Middle East,6,2253,0
2010,Ash Shalfa,8451.0,3553.0,1,117,117,Saudi Arabia,#A4493E,11,Hills,Sand Dunes,61561,0,False,7,Middle East,1,,0
2011,Qunsuliya,8201.0,3448.0,1,117,117,Saudi Arabia,#A4493E,11,Hills,Sand Dunes,47529,0,False,7,Middle East,1,,0
2012,Dhamar,8258.0,3792.0,1,117,117,Saudi Arabia,#A4493E,12,Mountain,Desert,44526,0,False,7,Middle East,1,,4
2013,Hodeida,8190.0,3779.0,1,117,117,Saudi Arabia,#A4493E,14,Urban,Desert,392506,10,True,7,Middle East,6,1456,0
2014,Tolunnoerh,11033.0,2257.0,1,140,140,Mukden,#59797C,10,Plains,,47437,0,False,8,Asia,1,,0
2015,Mocha,8222.0,3853.0,1,117,117,Saudi Arabia,#A4493E,12,Mountain,Desert,51691,0,True,7,Middle East,1,,2
2016,Maqlaf,8324.0,3690.0,1,117,117,Saudi Arabia,#A4493E,11,Hills,Sand Dunes,27391,0,False,7,Middle East,1,,0
2017,Qadhima,7993.0,3441.0,1,114,114,Hejaz,#8EA1B5,12,Mountain,Desert,54208,0,True,7,Middle East,5,2635,3
2018,Debaba,8256.0,3620.0,1,117,117,Saudi Arabia,#A4493E,10,Plains,Desert,39031,0,False,7,Middle East,1,,0
2019,Al Hofuf,8412.0,3279.0,2,118,118,Qatar,#78826B,11,Hills,Desert,41830,0,True,7,Middle East,1,,0
2020,Kahafa,8276.0,3114.0,1,118,118,Qatar,#78826B,10,Plains,Desert,96094,0,True,7,Middle East,1,,0
2021,Qasr es Sabh,8347.0,3179.0,1,118,118,Qatar,#78826B,10,Plains,Desert,58794,0,True,7,Middle East,1,,0
2022,Muscat,8762.0,3346.0,1,119,119,Oman,#D7AB4C,14,Urban,Desert,541598,10,True,7,Middle East,2,1055,0
2023,Sharja,8615.0,3276.0,1,119,119,Oman,#D7AB4C,11,Hills,Desert,65783,0,True,7,Middle East,1,,0
2024,Ibri,8655.0,3365.0,1,119,119,Oman,#D7AB4C,11,Hills,Desert,28990,0,True,7,Middle East,6,4928,0
2025,Aden,8314.0,3862.0,1,119,119,Oman,#D7AB4C,12,Mountain,Desert,53406,0,True,7,Middle East,1,,4
2026,Mukalla,8435.0,3812.0,4,119,119,Oman,#D7AB4C,10,Plains,Desert,41764,0,True,7,Middle East,1,,0
2027,Sakwa,8363.0,3766.0,1,119,119,Oman,#D7AB4C,12,Mountain,Desert,50939,0,False,7,Middle East,1,,4
2028,Murbat,8620.0,3657.0,1,119,119,Oman,#D7AB4C,10,Plains,Desert,42489,0,True,7,Middle East,1,,0
2029,Saihut,8508.0,3751.0,1,119,119,Oman,#D7AB4C,11,Hills,Desert,36980,0,True,7,Middle East,1,,0
2030,Sharkh,8759.0,3430.0,1,119,119,Oman,#D7AB4C,10,Plains,Desert,80296,0,True,7,Middle East,5,1779,0
2031,Juwara,8707.0,3547.0,1,119,119,Oman,#D7AB4C,10,Plains,Desert,50498,0,True,7,Middle East,2,2829,0
2032,Haifa,7844.0,2874.0,1,115,115,Syria,#CAA473,13,Forest,Mediterranean,56509,0,True,7,Middle East,1,,0
2033,Sharamuren,10767.0,2191.0,1,147,147,Mengjiang,#E7D262,14,Urban,,183420,10,False,8,Asia,5,3115,0
2034,Jerusalem,7857.0,2935.0,1,115,115,Syria,#CAA473,14,Urban,Desert,291135,10,False,7,Middle East,5,1963,0
2035,Beirut,7846.0,2822.0,1,115,115,Syria,#CAA473,14,Urban,Mediterranean,318021,10,True,7,Middle East,6,1797,0
2036,Jaffa,7829.0,2934.0,1,115,115,Syria,#CAA473,10,Plains,Mediterranean,59194,0,True,7,Middle East,2,2413,0
2037,Damascus,7889.0,2843.0,1,115,115,Syria,#CAA473,12,Mountain,Desert,74471,0,False,7,Middle East,1,,2
2038,Hama,7869.0,2765.0,1,115,115,Syria,#CAA473,11,Hills,Mediterranean,64695,0,True,7,Middle East,1,,0
2039,Aleppo,7892.0,2698.0,1,115,115,Syria,#CAA473,14,Urban,Mediterranean,194279,10,False,7,Middle East,5,2941,0
2040,Al-Raqqah,7952.0,2698.0,1,115,115,Syria,#CAA473,10,Plains,Desert,73122,0,False,7,Middle East,1,,0
2041,Tell Kotchek,8024.0,2611.0,1,115,115,Syria,#CAA473,11,Hills,Mediterranean,63264,0,False,7,Middle East,1,,0
2042,Deir ez Zor,7989.0,2715.0,1,115,115,Syria,#CAA473,14,Urban,Desert,231528,10,False,7,Middle East,2,2468,0
2043,Ammam,7898.0,2912.0,1,115,115,Syria,#CAA473,10,Plains,Desert,76771,0,False,7,Middle East,1,,0
2044,Bādiyat Ash-shām,7986.0,2882.0,1,115,115,Syria,#CAA473,10,Plains,Desert,68740,0,False,7,Middle East,1,,0
2045,Aqaba,7777.0,3086.0,1,115,115,Syria,#CAA473,10,Plains,Desert,48111,0,True,7,Middle East,2,2969,0
2046,Ma'an,7894.0,3023.0,1,115,115,Syria,#CAA473,10,Plains,Desert,68656,0,False,7,Middle East,1,,0
2047,Hebron,7863.0,2965.0,1,115,115,Syria,#CAA473,10,Plains,Desert,44936,0,False,7,Middle East,5,3179,0
2048,Soukhné,7963.0,2776.0,1,115,115,Syria,#CAA473,10,Plains,Desert,39251,0,False,7,Middle East,1,,0
2049,Abu Kemal,8025.0,2773.0,1,115,115,Syria,#CAA473,10,Plains,Desert,61608,0,False,7,Middle East,6,2319,0
2050,Al Dana,7859.0,2708.0,1,115,115,Syria,#CAA473,11,Hills,Mediterranean,68692,0,False,7,Middle East,1,,0
2051,Palmyra,7941.0,2790.0,1,115,115,Syria,#CAA473,10,Plains,Desert,98608,0,False,7,Middle East,2,1449,0
2052,Al Suwar,8004.0,2701.0,1,115,115,Syria,#CAA473,11,Hills,Desert,52970,0,False,7,Middle East,1,,0
2053,Manbij,7915.0,2657.0,1,115,115,Syria,#CAA473,10,Plains,Mediterranean,57390,0,False,7,Middle East,1,,0
2054,Meskene,7917.0,2721.0,1,115,115,Syria,#CAA473,10,Plains,Desert,77527,0,False,7,Middle East,2,1843,0
2055,Al Kuwait,8255.0,3025.0,1,116,116,Iraq,#4C704E,14,Urban,Desert,192999,10,True,7,Middle East,5,2961,0
2056,Basra,8271.0,2958.0,1,116,116,Iraq,#4C704E,14,Urban,Desert,63689,10,True,7,Middle East,6,8972,0
2057,Rutba,8045.0,2864.0,1,116,116,Iraq,#4C704E,10,Plains,Desert,51722,0,False,7,Middle East,1,,0
2058,Al-Nukhib,8138.0,2913.0,1,116,116,Iraq,#4C704E,10,Plains,Desert,57880,0,False,7,Middle East,5,2468,0
2059,Qasr'Uthaimin,8193.0,2988.0,1,116,116,Iraq,#4C704E,10,Plains,Desert,57265,0,False,7,Middle East,1,,0
2060,Mosul,8100.0,2618.0,1,116,116,Iraq,#4C704E,14,Urban,Mediterranean,356894,10,False,7,Middle East,2,1601,0
2061,Erbil,8177.0,2614.0,1,116,116,Iraq,#4C704E,10,Plains,Mediterranean,36928,0,False,7,Middle East,6,3869,0
2062,Kirkuk,8180.0,2670.0,1,116,116,Iraq,#4C704E,11,Hills,Desert,61924,0,False,7,Middle East,1,,0
2063,Kalar,8276.0,2718.0,1,116,116,Iraq,#4C704E,11,Hills,Desert,77538,0,False,7,Middle East,1,,0
2064,Baghdad,8219.0,2827.0,1,116,116,Iraq,#4C704E,14,Urban,Desert,218473,10,False,7,Middle East,5,2616,0
2065,Amara,8294.0,2879.0,1,116,116,Iraq,#4C704E,13,Forest,,74321,0,False,7,Middle East,1,,0
2066,Samawa,8229.0,2906.0,1,116,116,Iraq,#4C704E,10,Plains,Desert,41354,0,False,7,Middle East,1,,0
2067,Qal a Sharqat,8108.0,2647.0,1,116,116,Iraq,#4C704E,13,Forest,Mediterranean,53335,0,False,7,Middle East,1,,0
2068,Anah,8081.0,2774.0,1,116,116,Iraq,#4C704E,10,Plains,Desert,47224,0,False,7,Middle East,1,,0
2069,Tikrit,8143.0,2765.0,1,116,116,Iraq,#4C704E,14,Urban,Desert,274467,10,False,7,Middle East,2,2082,0
2070,Samarra,8173.0,2788.0,1,116,116,Iraq,#4C704E,10,Plains,Desert,67244,0,False,7,Middle East,1,,0
2071,Ramadi,8117.0,2827.0,1,116,116,Iraq,#4C704E,10,Plains,Desert,65256,0,False,7,Middle East,2,2189,0
2072,Fallujah,8177.0,2834.0,1,116,116,Iraq,#4C704E,11,Hills,Desert,35823,0,False,7,Middle East,1,,0
2073,An Najaf,8209.0,2860.0,1,116,116,Iraq,#4C704E,10,Plains,Desert,56481,0,False,7,Middle East,6,2529,0
2074,Duhok,8094.0,2572.0,1,116,116,Iraq,#4C704E,11,Hills,Mediterranean,50120,0,False,7,Middle East,1,,0
2075,Baiji,8132.0,2718.0,1,116,116,Iraq,#4C704E,10,Plains,Desert,36777,0,False,7,Middle East,1,,0
2076,Tuz Khurma,8201.0,2733.0,1,116,116,Iraq,#4C704E,10,Plains,Desert,71109,0,False,7,Middle East,6,2009,0
2077,Al Jahra,8232.0,3006.0,1,116,116,Iraq,#4C704E,10,Plains,Desert,44893,0,True,7,Middle East,6,3182,0
2078,Mandali,8271.0,2795.0,1,116,116,Iraq,#4C704E,10,Plains,Desert,40712,0,False,7,Middle East,1,,0
2079,Tehran,8482.0,2676.0,1,120,120,Persia,#85A1A0,14,Urban,Mediterranean,325908,10,False,7,Middle East,5,1753,0
2080,Amol,8509.0,2634.0,1,120,120,Persia,#85A1A0,12,Mountain,Mediterranean,32779,0,True,7,Middle East,1,,7
2081,Gyumri,8165.0,2367.0,1,120,120,Persia,#85A1A0,12,Mountain,,41122,0,False,7,Middle East,1,,11
2082,Baku,8343.0,2390.0,1,120,120,Persia,#85A1A0,13,Forest,Mediterranean,51966,0,True,7,Middle East,1,,0
2083,Reshawar,9234.0,2738.0,1,122,122,Pakistan,#735D2D,11,Hills,Mediterranean,65981,0,False,8,Asia,1,,0
2084,Tabriz,8287.0,2491.0,1,120,120,Persia,#85A1A0,14,Urban,,329686,10,False,7,Middle East,2,1733,0
2085,Ardabil,8355.0,2499.0,1,120,120,Persia,#85A1A0,13,Forest,Mediterranean,73694,0,True,7,Middle East,1,,0
2086,Urmia,8226.0,2503.0,1,120,120,Persia,#85A1A0,12,Mountain,,43964,0,False,7,Middle East,1,,9
2087,Zanjan,8318.0,2585.0,1,120,120,Persia,#85A1A0,11,Hills,Mediterranean,69522,0,False,7,Middle East,1,,0
2088,Karaj,8457.0,2665.0,1,120,120,Persia,#85A1A0,10,Plains,Mediterranean,42912,0,True,7,Middle East,6,3329,0
2089,Kermanshah,8316.0,2724.0,1,120,120,Persia,#85A1A0,10,Plains,Mediterranean,37179,0,False,7,Middle East,6,3842,0
2090,Abbottabad,9347.0,2737.0,1,122,122,Pakistan,#735D2D,11,Hills,Mediterranean,50554,0,False,8,Asia,1,,0
2091,Bandar Busher,8440.0,2965.0,1,120,120,Persia,#85A1A0,13,Forest,,41266,0,True,7,Middle East,1,,0
2092,Bandar Abbas,8648.0,3043.0,1,120,120,Persia,#85A1A0,14,Urban,Desert,282621,10,True,7,Middle East,6,2022,0
2093,Chabahar,8838.0,3115.0,1,120,120,Persia,#85A1A0,10,Plains,Desert,40040,0,True,7,Middle East,6,3568,0
2094,Zahedan,8836.0,2960.0,1,120,120,Persia,#85A1A0,10,Plains,Desert,61754,0,False,7,Middle East,5,2313,0
2095,Kerman,8713.0,2925.0,1,120,120,Persia,#85A1A0,14,Urban,Desert,179103,10,False,7,Middle East,2,3191,0
2096,Mashhad,8749.0,2626.0,1,120,120,Persia,#85A1A0,12,Mountain,Desert,44757,0,False,7,Middle East,1,,10
2097,Gorgan,8617.0,2607.0,1,120,120,Persia,#85A1A0,12,Mountain,Mediterranean,66941,0,True,7,Middle East,1,,13
2098,Kashan,8489.0,2750.0,1,120,120,Persia,#85A1A0,10,Plains,Desert,41363,0,False,7,Middle East,1,,0
2099,Isfahan,8489.0,2832.0,1,120,120,Persia,#85A1A0,10,Plains,Mediterranean,72386,0,False,7,Middle East,2,1974,0
2100,Ahvaz,8331.0,2892.0,1,120,120,Persia,#85A1A0,10,Plains,Desert,55525,0,True,7,Middle East,6,2573,0
2101,Shiraz,8502.0,2944.0,1,120,120,Persia,#85A1A0,14,Urban,Desert,37738,10,False,7,Middle East,5,15142,0
2102,Sirjan,8619.0,2952.0,1,120,120,Persia,#85A1A0,11,Hills,Desert,36479,0,True,7,Middle East,1,,0
2103,Gonbaki,8757.0,3024.0,1,120,120,Persia,#85A1A0,11,Hills,Sand Dunes,52031,0,True,7,Middle East,1,,0
2104,Khur,8596.0,2813.0,1,120,120,Persia,#85A1A0,10,Plains,Desert,54104,0,False,7,Middle East,1,,0
2105,Tabas,8704.0,2837.0,1,120,120,Persia,#85A1A0,11,Hills,Sand Dunes,51021,0,False,7,Middle East,1,,0
2106,Birjand,8763.0,2824.0,1,120,120,Persia,#85A1A0,11,Hills,Sand Dunes,46085,0,False,7,Middle East,1,,0
2107,Gonabad,8731.0,2727.0,1,120,120,Persia,#85A1A0,10,Plains,Desert,119353,0,False,7,Middle East,1,,0
2108,Kalgan,10898.0,2281.0,1,147,147,Mengjiang,#E7D262,13,Forest,,68676,0,False,8,Asia,1,,0
2109,Kweihwa,10767.0,2320.0,1,147,147,Mengjiang,#E7D262,10,Plains,Desert,61719,0,False,8,Asia,1,,0
2110,Kabul,9113.0,2711.0,1,121,121,Afghanistan,#759353,14,Urban,,701332,10,False,8,Asia,6,815,0
2111,Jelalabad,9170.0,2720.0,1,121,121,Afghanistan,#759353,12,Mountain,Desert,29209,0,False,8,Asia,2,4891,15
2112,Mazar-i-Sherif,9042.0,2607.0,1,121,121,Afghanistan,#759353,13,Forest,,58812,0,False,8,Asia,1,,0
2113,Herat,8871.0,2711.0,1,121,121,Afghanistan,#759353,11,Hills,Desert,46662,0,False,8,Asia,1,,0
2114,Kandahar,9031.0,2861.0,1,121,121,Afghanistan,#759353,13,Forest,,47366,0,False,8,Asia,1,,0
2115,Farah,8863.0,2839.0,1,121,121,Afghanistan,#759353,10,Plains,Desert,52024,0,False,8,Asia,1,,0
2116,Ghazni,9091.0,2793.0,1,121,121,Afghanistan,#759353,10,Plains,,47211,0,False,8,Asia,6,3026,0
2117,Bamyan,9064.0,2707.0,1,121,121,Afghanistan,#759353,13,Forest,,50102,0,False,8,Asia,1,,0
2118,Faizabad,9139.0,2556.0,1,121,121,Afghanistan,#759353,12,Mountain,Desert,62456,0,False,8,Asia,5,2287,13
2119,Chaghcharān,8968.0,2704.0,1,121,121,Afghanistan,#759353,10,Plains,Desert,50960,0,False,8,Asia,2,2803,0
2120,Zirni,8951.0,2786.0,1,121,121,Afghanistan,#759353,13,Forest,,42926,0,False,8,Asia,1,,0
2121,Deshu,8922.0,2902.0,1,121,121,Afghanistan,#759353,10,Plains,Desert,26424,0,False,8,Asia,5,5406,0
2122,Kalat,9046.0,2994.0,1,122,122,Pakistan,#735D2D,13,Forest,,52239,0,False,8,Asia,1,,0
2123,Quetta,9083.0,2939.0,1,122,122,Pakistan,#735D2D,14,Urban,Desert,364192,10,False,8,Asia,6,1569,0
2124,Karachi,9087.0,3150.0,1,122,122,Pakistan,#735D2D,14,Urban,,179332,10,True,8,Asia,6,3186,0
2125,Gwadar,8919.0,3124.0,1,122,122,Pakistan,#735D2D,10,Plains,Desert,55524,0,True,8,Asia,2,2573,0
2126,Srinagar,9407.0,2753.0,1,131,131,Kashmir,#E8D462,14,Urban,,179027,10,False,8,Asia,6,3192,0
2127,Jammu,9410.0,2795.0,1,131,131,Kashmir,#E8D462,10,Plains,,44680,0,False,8,Asia,2,3197,0
2128,Chamba,9522.0,2791.0,1,131,131,Kashmir,#E8D462,11,Hills,,57387,0,False,8,Asia,1,,0
2129,Leh,9527.0,2704.0,1,131,131,Kashmir,#E8D462,12,Mountain,,79441,0,False,8,Asia,5,1798,13
2130,Astor,9423.0,2672.0,1,131,131,Kashmir,#E8D462,11,Hills,,24891,0,False,8,Asia,1,,0
2131,Gilgit,9306.0,2650.0,1,122,122,Pakistan,#735D2D,12,Mountain,Mediterranean,63721,0,False,8,Asia,1,,18
2132,Rawalpindi,9321.0,2761.0,1,122,122,Pakistan,#735D2D,14,Urban,Mediterranean,349841,10,False,8,Asia,5,1633,0
2133,Lahore,9338.0,2864.0,1,122,122,Pakistan,#735D2D,11,Hills,Mediterranean,35797,0,False,8,Asia,1,,0
2134,Loralai,9124.0,2939.0,1,122,122,Pakistan,#735D2D,11,Hills,Desert,55854,0,False,8,Asia,1,,0
2135,Badin,9186.0,3179.0,1,122,122,Pakistan,#735D2D,13,Forest,,76004,0,True,8,Asia,1,,0
2136,Shikarpur,9107.0,3064.0,1,122,122,Pakistan,#735D2D,10,Plains,Desert,37700,0,True,8,Asia,1,,0
2137,Isai Kalat,8971.0,3051.0,1,122,122,Pakistan,#735D2D,13,Forest,,48301,0,False,8,Asia,1,,0
2138,Dalbandin,8980.0,2975.0,1,122,122,Pakistan,#735D2D,10,Plains,Desert,70168,0,False,8,Asia,1,,0
2139,Hyderabad (PK),9144.0,3138.0,1,122,122,Pakistan,#735D2D,10,Plains,Desert,36310,0,True,8,Asia,2,3934,0
2140,Jhang Maghiana,9266.0,2900.0,1,122,122,Pakistan,#735D2D,10,Plains,Mediterranean,63262,0,False,8,Asia,2,2258,0
2141,Dera Ismail Khan,9214.0,2871.0,1,122,122,Pakistan,#735D2D,10,Plains,Desert,68860,0,False,8,Asia,2,2075,0
2142,Bannu,9228.0,2788.0,1,122,122,Pakistan,#735D2D,10,Plains,Mediterranean,42344,0,False,8,Asia,1,,0
2143,Multan,9233.0,2967.0,1,122,122,Pakistan,#735D2D,14,Urban,Mediterranean,281229,10,True,8,Asia,2,2032,0
2144,Bahawalpur,9241.0,3003.0,1,122,122,Pakistan,#735D2D,10,Plains,,74186,0,False,8,Asia,6,1926,0
2145,Sukkur,9184.0,3068.0,1,122,122,Pakistan,#735D2D,11,Hills,,56362,0,True,8,Asia,1,,0
2146,Delhi,9545.0,2999.0,1,123,123,North India,#A9663A,14,Urban,,289243,10,False,8,Asia,5,1976,0
2147,Hinglaj,9010.0,3128.0,1,122,122,Pakistan,#735D2D,14,Urban,,41296,10,True,8,Asia,5,13837,0
2148,Dera Ghazi Khan,9199.0,2971.0,1,122,122,Pakistan,#735D2D,10,Plains,Mediterranean,41756,0,False,8,Asia,1,,0
2149,Kasur,9355.0,2925.0,1,122,122,Pakistan,#735D2D,10,Plains,,72650,0,False,8,Asia,1,,0
2150,Bahawalnagar,9337.0,2977.0,1,122,122,Pakistan,#735D2D,11,Hills,,58887,0,False,8,Asia,1,,0
2151,Jaipur,9493.0,3079.0,1,123,123,North India,#A9663A,14,Urban,,183593,10,False,8,Asia,2,3112,0
2152,Jodhpur,9340.0,3094.0,1,123,123,North India,#A9663A,14,Urban,,319439,10,False,8,Asia,6,1789,0
2153,Barmer,9283.0,3153.0,1,123,123,North India,#A9663A,10,Plains,Desert,51317,0,False,8,Asia,6,2784,0
2154,Kishangarh,9302.0,3072.0,1,123,123,North India,#A9663A,11,Hills,,60154,0,False,8,Asia,1,,0
2155,Alwar,9527.0,3045.0,1,123,123,North India,#A9663A,10,Plains,,66788,0,False,8,Asia,2,2139,0
2156,Udaipur,9417.0,3155.0,1,123,123,North India,#A9663A,10,Plains,,32121,0,False,8,Asia,5,4447,0
2157,Nagaur,9391.0,3060.0,1,123,123,North India,#A9663A,10,Plains,,40426,0,False,8,Asia,1,,0
2158,Ajmer,9452.0,3089.0,1,123,123,North India,#A9663A,10,Plains,,48807,0,False,8,Asia,6,2927,0
2159,Lucknow,9724.0,3081.0,1,123,123,North India,#A9663A,13,Forest,Jungle,49687,0,False,8,Asia,1,,0
2160,Jhansi,9682.0,3153.0,1,123,123,North India,#A9663A,10,Plains,,46194,0,False,8,Asia,1,,0
2161,Bhopal,9651.0,3225.0,1,123,123,North India,#A9663A,13,Forest,Jungle,58291,0,False,8,Asia,1,,0
2162,Indore,9601.0,3264.0,1,123,123,North India,#A9663A,14,Urban,,550622,10,False,8,Asia,2,1038,0
2163,Mhow,9600.0,3283.0,1,123,123,North India,#A9663A,11,Hills,,53599,0,False,8,Asia,1,,0
2164,Ratlam,9523.0,3232.0,1,123,123,North India,#A9663A,10,Plains,,39400,0,False,8,Asia,6,3626,0
2165,Amritsar,9399.0,2871.0,1,123,123,North India,#A9663A,11,Hills,,65064,0,False,8,Asia,1,,0
2166,Meerut,9572.0,2961.0,1,123,123,North India,#A9663A,11,Hills,,60906,0,False,8,Asia,1,,0
2167,Bareilly,9662.0,3003.0,1,123,123,North India,#A9663A,11,Hills,,47980,0,False,8,Asia,1,,0
2168,Gwalior,9576.0,3095.0,1,123,123,North India,#A9663A,14,Urban,,41093,10,False,8,Asia,5,13906,0
2169,Kotah,9530.0,3120.0,1,123,123,North India,#A9663A,13,Forest,,70213,0,False,8,Asia,1,,0
2170,Ujjain,9594.0,3231.0,1,123,123,North India,#A9663A,10,Plains,,67195,0,False,8,Asia,6,2126,0
2171,Mandi,9561.0,2866.0,1,123,123,North India,#A9663A,11,Hills,,70702,0,False,8,Asia,1,,0
2172,Kathgodam,9650.0,2948.0,1,123,123,North India,#A9663A,11,Hills,,34458,0,False,8,Asia,1,,0
2173,Hissar,9475.0,2959.0,1,123,123,North India,#A9663A,13,Forest,,81545,0,False,8,Asia,1,,0
2174,Bikaner,9407.0,2995.0,1,123,123,North India,#A9663A,11,Hills,,38240,0,False,8,Asia,1,,0
2175,Marwar,9374.0,3128.0,1,123,123,North India,#A9663A,13,Forest,,89862,0,False,8,Asia,1,,0
2176,Khandwa,9657.0,3289.0,1,124,124,British Odisha,#788E5D,10,Plains,,52787,0,False,8,Asia,1,,0
2177,Allahbad,9770.0,3141.0,1,124,124,British Odisha,#788E5D,14,Urban,,238371,10,False,8,Asia,2,2397,0
2178,Patna,9904.0,3136.0,1,124,124,British Odisha,#788E5D,14,Urban,,216116,10,True,8,Asia,6,2644,0
2179,Jamshedpur,9998.0,3270.0,1,124,124,British Odisha,#788E5D,11,Hills,,39884,0,False,8,Asia,1,,0
2180,Cuttack,9943.0,3376.0,1,124,124,British Odisha,#788E5D,10,Plains,Desert,71770,0,True,8,Asia,6,1990,0
2181,Berhampur,9886.0,3436.0,1,124,124,British Odisha,#788E5D,11,Hills,,63456,0,True,8,Asia,1,,0
2182,Raipur,9766.0,3355.0,1,124,124,British Odisha,#788E5D,10,Plains,,56689,0,False,8,Asia,5,2520,0
2183,Nagpur,9703.0,3354.0,1,124,124,British Odisha,#788E5D,14,Urban,,323645,10,False,8,Asia,6,1766,0
2184,Jagdalpur,9787.0,3436.0,1,124,124,British Odisha,#788E5D,10,Plains,Desert,64964,0,False,8,Asia,1,,0
2185,Gangtok,10050.0,3105.0,1,124,124,British Odisha,#788E5D,11,Hills,,33027,0,False,8,Asia,1,,0
2186,Goalpara,10112.0,3140.0,1,124,124,British Odisha,#788E5D,13,Forest,Jungle,65529,0,True,8,Asia,1,,0
2187,Katihar,10024.0,3176.0,1,124,124,British Odisha,#788E5D,10,Plains,,40415,0,True,8,Asia,1,,0
2188,Monghyr,9956.0,3141.0,1,124,124,British Odisha,#788E5D,10,Plains,,33662,0,False,8,Asia,1,,0
2189,Gorakhpur,9822.0,3084.0,1,124,124,British Odisha,#788E5D,10,Plains,,50701,0,False,8,Asia,1,,0
2190,Ghazipur,9829.0,3147.0,1,124,124,British Odisha,#788E5D,10,Plains,,50387,0,False,8,Asia,5,2835,0
2191,Rewah,9756.0,3181.0,1,124,124,British Odisha,#788E5D,10,Plains,,49950,0,False,8,Asia,1,,0
2192,Katni,9727.0,3231.0,1,124,124,British Odisha,#788E5D,10,Plains,,66134,0,False,8,Asia,2,2160,0
2193,Sonhat,9818.0,3244.0,1,124,124,British Odisha,#788E5D,11,Hills,,66053,0,False,8,Asia,1,,0
2194,Baud,9878.0,3362.0,1,124,124,British Odisha,#788E5D,11,Hills,,37393,0,False,8,Asia,1,,0
2195,Balasore,9986.0,3319.0,1,124,124,British Odisha,#788E5D,14,Urban,,502116,10,True,8,Asia,2,1138,0
2196,Daspur,9963.0,3302.0,1,124,124,British Odisha,#788E5D,11,Hills,,51739,0,False,8,Asia,1,,0
2197,Gaya,9906.0,3186.0,1,124,124,British Odisha,#788E5D,11,Hills,,52813,0,False,8,Asia,1,,0
2198,Ranchi,9922.0,3243.0,1,124,124,British Odisha,#788E5D,14,Urban,,35120,10,False,8,Asia,5,16271,0
2199,Raighar,9844.0,3305.0,1,124,124,British Odisha,#788E5D,10,Plains,,41630,0,False,8,Asia,5,3432,0
2200,Seoni,9725.0,3294.0,1,124,124,British Odisha,#788E5D,10,Plains,,99012,0,False,8,Asia,1,,0
2201,Chanda,9713.0,3399.0,1,124,124,British Odisha,#788E5D,10,Plains,,54779,0,False,8,Asia,5,2608,0
2202,Madras,9711.0,3729.0,1,125,125,South India,#FFD38D,14,Urban,,356660,10,True,8,Asia,5,1602,0
2203,Bangalore,9612.0,3728.0,1,125,125,South India,#FFD38D,14,Urban,,289165,10,False,8,Asia,6,1976,0
2204,Hyderabad,9651.0,3517.0,1,125,125,South India,#FFD38D,14,Urban,,323620,10,True,8,Asia,2,1766,0
2205,Bombay,9387.0,3467.0,1,125,125,South India,#FFD38D,14,Urban,,189894,10,True,8,Asia,6,3009,0
2206,Jawhar,9391.0,3429.0,1,125,125,South India,#FFD38D,10,Plains,Desert,66312,0,True,8,Asia,1,,0
2207,Poona,9426.0,3476.0,1,125,125,South India,#FFD38D,10,Plains,Desert,55445,0,False,8,Asia,1,,0
2208,Nirmal,9676.0,3420.0,1,125,125,South India,#FFD38D,10,Plains,,40311,0,False,8,Asia,1,,0
2209,Vizagapatam,9835.0,3500.0,1,125,125,South India,#FFD38D,11,Hills,,37556,0,True,8,Asia,1,,0
2210,Salem,9626.0,3768.0,1,125,125,South India,#FFD38D,13,Forest,,62046,0,False,8,Asia,1,,0
2211,Madura,9631.0,3882.0,1,125,125,South India,#FFD38D,11,Hills,,41264,0,True,8,Asia,1,,0
2212,Trivandrum,9576.0,3923.0,1,125,125,South India,#FFD38D,10,Plains,,51446,0,True,8,Asia,1,,0
2213,Vellore,9668.0,3732.0,1,125,125,South India,#FFD38D,10,Plains,Desert,45276,0,True,8,Asia,1,,0
2214,Mangalore,9491.0,3732.0,1,125,125,South India,#FFD38D,11,Hills,,53984,0,True,8,Asia,1,,0
2215,Hassan,9558.0,3716.0,1,125,125,South India,#FFD38D,10,Plains,Desert,34820,0,False,8,Asia,6,4103,0
2216,Palghat,9571.0,3817.0,1,125,125,South India,#FFD38D,10,Plains,,51095,0,True,8,Asia,1,,0
2217,Hindupur,9611.0,3676.0,1,125,125,South India,#FFD38D,10,Plains,Desert,44999,0,False,8,Asia,2,3175,0
2218,Nellore,9707.0,3660.0,1,125,125,South India,#FFD38D,11,Hills,,57465,0,True,8,Asia,1,,0
2219,Masulipatam,9747.0,3572.0,1,125,125,South India,#FFD38D,11,Hills,,30165,0,True,8,Asia,1,,0
2220,Warangal,9707.0,3493.0,1,125,125,South India,#FFD38D,10,Plains,Desert,63545,0,True,8,Asia,5,2248,0
2221,Kolhapur,9431.0,3547.0,1,125,125,South India,#FFD38D,10,Plains,Desert,37851,0,True,8,Asia,1,,0
2222,Dharwar,9480.0,3604.0,1,125,125,South India,#FFD38D,10,Plains,Desert,39814,0,True,8,Asia,2,3588,0
2223,Sholapur,9618.0,3514.0,1,125,125,South India,#FFD38D,13,Forest,,36400,0,False,8,Asia,1,,0
2224,Pandhapur,9516.0,3507.0,1,125,125,South India,#FFD38D,13,Forest,,67957,0,False,8,Asia,1,,0
2225,Dhulia,9529.0,3380.0,1,125,125,South India,#FFD38D,10,Plains,Desert,39354,0,False,8,Asia,2,3630,0
2226,Raichur,9638.0,3589.0,1,125,125,South India,#FFD38D,10,Plains,Desert,37665,0,False,8,Asia,1,,0
2227,Gadag,9538.0,3605.0,1,125,125,South India,#FFD38D,14,Urban,,78297,10,False,8,Asia,5,7298,0
2228,Aurangabad,9578.0,3424.0,1,125,125,South India,#FFD38D,10,Plains,,45794,0,False,8,Asia,2,3120,0
2229,Sil Garhi,9757.0,2990.0,1,127,127,Nepal,#B58F4A,12,Mountain,,74919,0,False,8,Asia,1,,9
2230,Kathmandu,9887.0,3045.0,1,127,127,Nepal,#B58F4A,14,Urban,,184321,10,False,8,Asia,2,3100,0
2231,Dhankuta,9990.0,3088.0,1,127,127,Nepal,#B58F4A,12,Mountain,,56682,0,False,8,Asia,5,2520,10
2232,Hariyon,9904.0,3075.0,1,127,127,Nepal,#B58F4A,11,Hills,,37625,0,False,8,Asia,1,,0
2233,Bhadgaon,9915.0,3043.0,1,127,127,Nepal,#B58F4A,12,Mountain,,62257,0,False,8,Asia,1,,4
2234,Pokhra,9822.0,3013.0,1,127,127,Nepal,#B58F4A,11,Hills,,31423,0,False,8,Asia,1,,0
2235,Ahmedabad,9316.0,3251.0,1,126,126,Kathiawar,#BA9A50,14,Urban,,202266,10,False,8,Asia,2,2825,0
2236,Rajkot,9273.0,3300.0,1,126,126,Kathiawar,#BA9A50,13,Forest,,64404,0,True,8,Asia,1,,0
2237,Surat,9393.0,3336.0,1,126,126,Kathiawar,#BA9A50,11,Hills,,57488,0,True,8,Asia,5,2485,0
2238,Baroda,9419.0,3280.0,1,126,126,Kathiawar,#BA9A50,10,Plains,,56189,0,True,8,Asia,1,,0
2239,Nadiad,9337.0,3270.0,1,126,126,Kathiawar,#BA9A50,11,Hills,,24840,0,True,8,Asia,6,5751,0
2240,Patan,9296.0,3219.0,1,126,126,Kathiawar,#BA9A50,10,Plains,Desert,66689,0,True,8,Asia,1,,0
2241,Calcutta,10045.0,3287.0,1,129,129,Bangladesh,#E19857,11,Hills,,77791,0,True,8,Asia,6,1836,0
2242,Dacca,10123.0,3245.0,1,129,129,Bangladesh,#E19857,14,Urban,,240790,10,True,8,Asia,5,2373,0
2243,Bogra,10082.0,3219.0,1,129,129,Bangladesh,#E19857,13,Forest,Jungle,52292,0,True,8,Asia,2,2732,0
2244,Chandpur,10160.0,3245.0,1,129,129,Bangladesh,#E19857,10,Plains,,44727,0,True,8,Asia,1,,0
2245,Punaka,10088.0,3071.0,1,128,128,Bhutan,#667B7E,14,Urban,,58395,10,False,8,Asia,6,9786,4
2246,Bumtan,10130.0,3077.0,1,128,128,Bhutan,#667B7E,12,Mountain,,140716,0,False,8,Asia,1,,4
2247,Rangoon,10411.0,3534.0,1,134,134,Burma,#91896A,14,Urban,,202426,10,True,9,South East Asia,2,2823,0
2248,Shillong,10237.0,3142.0,1,134,134,Burma,#91896A,13,Forest,Jungle,43490,0,False,9,South East Asia,1,,0
2249,Aijal,10261.0,3248.0,1,134,134,Burma,#91896A,11,Hills,,33895,0,True,9,South East Asia,6,4215,0
2250,Imphal,10314.0,3183.0,1,134,134,Burma,#91896A,14,Urban,,308415,10,False,9,South East Asia,5,1853,0
2251,Fort Hertz,10431.0,2994.0,1,134,134,Burma,#91896A,11,Hills,,41677,0,False,9,South East Asia,1,,0
2252,Dibrugarh,10323.0,3016.0,1,134,134,Burma,#91896A,13,Forest,Jungle,40431,0,False,9,South East Asia,1,,0
2253,Mandalay,10379.0,3283.0,1,134,134,Burma,#91896A,14,Urban,,408781,10,False,9,South East Asia,2,1398,0
2254,Kengtung,10512.0,3303.0,1,134,134,Burma,#91896A,13,Forest,Jungle,49655,0,False,9,South East Asia,1,,0
2255,Maingpan,10494.0,3368.0,1,134,134,Burma,#91896A,13,Forest,Jungle,46266,0,False,9,South East Asia,1,,0
2256,Moulmein,10486.0,3556.0,1,134,134,Burma,#91896A,13,Forest,Jungle,54797,0,True,9,South East Asia,1,,0
2257,Mengui,10525.0,3683.0,1,134,134,Burma,#91896A,11,Hills,,44500,0,True,9,South East Asia,1,,0
2258,Bassein,10336.0,3531.0,1,134,134,Burma,#91896A,10,Plains,,58062,0,True,9,South East Asia,1,,0
2259,Chittagong,10192.0,3303.0,1,134,134,Burma,#91896A,14,Urban,,208775,10,True,9,South East Asia,6,2737,0
2260,Pyinmana,10411.0,3417.0,1,134,134,Burma,#91896A,10,Plains,,34592,0,False,9,South East Asia,6,4130,0
2261,Lungnak,9653.0,2559.0,1,132,132,Tibet,#BEB88D,12,Mountain,Desert,57426,0,False,8,Asia,1,,11
2262,Lashung,9763.0,2582.0,1,132,132,Tibet,#BEB88D,12,Mountain,Desert,56716,0,False,8,Asia,2,2519,11
2263,Gomo,9893.0,2621.0,1,132,132,Tibet,#BEB88D,11,Hills,Desert,55811,0,False,8,Asia,1,,0
2264,Rudok,9630.0,2660.0,1,132,132,Tibet,#BEB88D,12,Mountain,Desert,49722,0,False,8,Asia,6,2873,11
2265,Gartok,9640.0,2765.0,1,132,132,Tibet,#BEB88D,14,Urban,,212477,10,False,8,Asia,5,2689,0
2266,Ladse Dzong,9948.0,2984.0,1,132,132,Tibet,#BEB88D,12,Mountain,Desert,64326,0,False,8,Asia,1,,18
2267,Bhamo,10432.0,3192.0,1,134,134,Burma,#91896A,13,Forest,Jungle,66710,0,False,9,South East Asia,1,,0
2268,Shazia,9740.0,2689.0,1,132,132,Tibet,#BEB88D,14,Urban,Desert,385128,10,False,8,Asia,6,1484,0
2269,Daurakpa,9849.0,2770.0,1,132,132,Tibet,#BEB88D,11,Hills,Desert,62346,0,False,8,Asia,1,,0
2270,Tradum,9829.0,2926.0,1,132,132,Tibet,#BEB88D,12,Mountain,Desert,69424,0,False,8,Asia,1,,19
2271,Lhasa,10101.0,2951.0,1,132,132,Tibet,#BEB88D,14,Urban,,343142,10,False,8,Asia,2,1665,0
2272,Chetang,10149.0,2967.0,1,132,132,Tibet,#BEB88D,12,Mountain,,55039,0,False,8,Asia,1,,15
2273,Dhirang Dzong,10161.0,3043.0,1,132,132,Tibet,#BEB88D,14,Urban,,62657,10,False,8,Asia,5,9120,4
2274,Tsari,10227.0,2986.0,1,132,132,Tibet,#BEB88D,12,Mountain,,51150,0,False,8,Asia,1,,22
2275,Phondu,10104.0,2899.0,1,132,132,Tibet,#BEB88D,12,Mountain,Desert,32441,0,False,8,Asia,2,4404,6
2276,Ed Dzong,10043.0,2819.0,1,132,132,Tibet,#BEB88D,12,Mountain,Desert,50937,0,False,8,Asia,1,,7
2277,Darchoi,9979.0,2809.0,1,132,132,Tibet,#BEB88D,11,Hills,Desert,39419,0,False,8,Asia,1,,0
2278,Govo,9925.0,2899.0,1,132,132,Tibet,#BEB88D,11,Hills,Desert,55667,0,False,8,Asia,1,,0
2279,Shigatse,10024.0,2990.0,1,132,132,Tibet,#BEB88D,14,Urban,,347482,10,False,8,Asia,6,1644,0
2280,Gyangtse,10056.0,3006.0,1,132,132,Tibet,#BEB88D,12,Mountain,Desert,52810,0,False,8,Asia,1,,14
2281,Lhari,10232.0,2879.0,1,132,132,Tibet,#BEB88D,12,Mountain,,39263,0,False,8,Asia,1,,24
2282,Chamchu,9686.0,2681.0,1,132,132,Tibet,#BEB88D,12,Mountain,Desert,60860,0,False,8,Asia,2,2347,4
2283,Parka,9735.0,2848.0,1,132,132,Tibet,#BEB88D,12,Mountain,Desert,48143,0,False,8,Asia,1,,22
2284,Nagron,9797.0,2733.0,1,132,132,Tibet,#BEB88D,12,Mountain,Desert,40686,0,False,8,Asia,5,3511,6
2285,Selipuk,9746.0,2764.0,1,132,132,Tibet,#BEB88D,12,Mountain,Desert,35779,0,False,8,Asia,1,,2
2286,Soping,10808.0,2369.0,1,138,138,Communist China,#CEC8A5,10,Plains,,49263,0,False,8,Asia,1,,0
2287,Demchok,9587.0,2726.0,1,132,132,Tibet,#BEB88D,12,Mountain,Desert,66388,0,False,8,Asia,2,2152,13
2288,Djiacham,9666.0,2776.0,1,132,132,Tibet,#BEB88D,12,Mountain,Desert,29078,0,False,8,Asia,1,,10
2289,Namling,10033.0,2915.0,1,132,132,Tibet,#BEB88D,12,Mountain,Desert,60048,0,False,8,Asia,1,,5
2290,Sibi,9107.0,2991.0,1,122,122,Pakistan,#735D2D,10,Plains,Mediterranean,19832,0,True,8,Asia,5,7203,0
2291,Yunnanfu,10634.0,3141.0,1,136,136,Yunnan,#96746B,14,Urban,,397647,10,False,8,Asia,2,1437,0
2292,Yuangchang,10531.0,3120.0,1,136,136,Yunnan,#96746B,12,Mountain,,33182,0,False,8,Asia,1,,14
2293,Chengkiang,10645.0,3162.0,1,136,136,Yunnan,#96746B,13,Forest,Jungle,63344,0,False,8,Asia,1,,0
2294,Tungchwan,10647.0,3095.0,1,136,136,Yunnan,#96746B,12,Mountain,,34750,0,False,8,Asia,1,,12
2295,Pu'er,10576.0,3215.0,1,136,136,Yunnan,#96746B,13,Forest,Jungle,66320,0,False,8,Asia,1,,0
2296,Sinhing,10608.0,3154.0,1,136,136,Yunnan,#96746B,12,Mountain,,46718,0,False,8,Asia,6,3058,10
2297,Lungling,10497.0,3168.0,1,136,136,Yunnan,#96746B,12,Mountain,,78978,0,False,8,Asia,5,1809,9
2298,Kweiyang,10762.0,3094.0,1,139,139,South China,#D3B374,14,Urban,,259655,10,False,8,Asia,2,2201,0
2299,Puanting,10709.0,3118.0,1,139,139,South China,#D3B374,10,Plains,,57972,0,False,8,Asia,5,2464,0
2300,Nanning,10905.0,3241.0,1,139,139,South China,#D3B374,14,Urban,,250602,10,False,8,Asia,5,2280,0
2301,Canton,11133.0,3266.0,1,139,139,South China,#D3B374,14,Urban,,270013,10,True,8,Asia,6,2116,0
2302,Guilin,11017.0,3155.0,1,139,139,South China,#D3B374,14,Urban,,472167,10,False,8,Asia,6,1210,0
2303,Ziyuan,11027.0,3128.0,1,139,139,South China,#D3B374,10,Plains,,37383,0,False,8,Asia,2,3821,0
2304,Tsunyi,10778.0,3045.0,1,139,139,South China,#D3B374,11,Hills,,79460,0,False,8,Asia,1,,0
2305,Tuyun,10810.0,3105.0,1,139,139,South China,#D3B374,11,Hills,,48300,0,False,8,Asia,1,,0
2306,Szenan,10837.0,3034.0,1,139,139,South China,#D3B374,10,Plains,,62193,0,False,8,Asia,1,,0
2307,Liping,10904.0,3118.0,1,139,139,South China,#D3B374,10,Plains,,69943,0,False,8,Asia,6,2042,0
2308,Shiuchow,11134.0,3167.0,1,139,139,South China,#D3B374,10,Plains,,47607,0,False,8,Asia,1,,1
2309,Chaochow,11249.0,3200.0,1,139,139,South China,#D3B374,14,Urban,,34563,10,True,8,Asia,5,16533,2
2310,Linping,11135.0,3205.0,1,139,139,South China,#D3B374,11,Hills,,46549,0,False,8,Asia,1,,1
2311,Bayard,11018.0,3341.0,1,139,139,South China,#D3B374,10,Plains,,47360,0,True,8,Asia,2,3016,0
2312,Tunghing,10914.0,3293.0,1,139,139,South China,#D3B374,11,Hills,,42409,0,True,8,Asia,1,,0
2313,Taiping,10869.0,3251.0,1,139,139,South China,#D3B374,11,Hills,,58452,0,False,8,Asia,1,,0
2314,Chenan,10780.0,3188.0,1,139,139,South China,#D3B374,10,Plains,,41702,0,False,8,Asia,2,3426,0
2315,Szecheng,10765.0,3147.0,1,139,139,South China,#D3B374,10,Plains,,85366,0,False,8,Asia,1,,0
2316,Pinglo,11018.0,3188.0,1,139,139,South China,#D3B374,13,Forest,Jungle,70000,0,False,8,Asia,1,,0
2317,Chaoking,11100.0,3273.0,1,139,139,South China,#D3B374,10,Plains,,39592,0,True,8,Asia,2,3608,0
2318,Sunyi,11027.0,3305.0,1,139,139,South China,#D3B374,10,Plains,,75511,0,True,8,Asia,1,,0
2319,Liuzhou,10904.0,3196.0,1,139,139,South China,#D3B374,12,Mountain,,87217,0,False,8,Asia,1,,4
2320,Guixian,10969.0,3237.0,1,139,139,South China,#D3B374,11,Hills,,60761,0,False,8,Asia,1,,0
2321,Shanghai,11396.0,2767.0,1,137,137,Nationalist China,#8F9D78,14,Urban,,272883,10,True,8,Asia,2,2094,0
2322,Wuchow,11045.0,3246.0,1,139,139,South China,#D3B374,11,Hills,,41229,0,False,8,Asia,1,,0
2323,Nanking,11312.0,2749.0,1,137,137,Nationalist China,#8F9D78,11,Hills,,49717,0,True,8,Asia,1,,0
2324,Teian,11164.0,2766.0,1,137,137,Nationalist China,#8F9D78,11,Hills,,60648,0,True,8,Asia,1,,0
2325,Ichang,11037.0,2800.0,1,137,137,Nationalist China,#8F9D78,10,Plains,,46011,0,False,8,Asia,6,3105,0
2326,Tungjen,10947.0,2961.0,1,137,137,Nationalist China,#8F9D78,13,Forest,Jungle,54757,0,False,8,Asia,1,,0
2327,Tsingchow,10975.0,3069.0,1,137,137,Nationalist China,#8F9D78,13,Forest,Jungle,49999,0,False,8,Asia,1,,0
2328,Wuhan,11187.0,2802.0,1,137,137,Nationalist China,#8F9D78,14,Urban,,266644,10,True,8,Asia,6,2143,0
2329,Changsha,11111.0,2912.0,1,137,137,Nationalist China,#8F9D78,14,Urban,,214162,10,False,8,Asia,5,2668,0
2330,Nanchang,11236.0,2899.0,1,137,137,Nationalist China,#8F9D78,14,Urban,,295860,10,False,8,Asia,5,1931,0
2331,Kanchow,11165.0,3092.0,1,137,137,Nationalist China,#8F9D78,10,Plains,,66902,0,False,8,Asia,6,2135,0
2332,Foochow,11344.0,3068.0,1,137,137,Nationalist China,#8F9D78,11,Hills,,46609,0,True,8,Asia,1,,0
2333,Hangchow,11356.0,2813.0,1,137,137,Nationalist China,#8F9D78,13,Forest,Jungle,52916,0,True,8,Asia,1,,0
2334,Wenchow,11383.0,2932.0,1,137,137,Nationalist China,#8F9D78,12,Mountain,,30836,0,True,8,Asia,1,,4
2335,Linchwan,11258.0,2925.0,1,137,137,Nationalist China,#8F9D78,11,Hills,,64431,0,False,8,Asia,1,,0
2336,Anqing,11238.0,2798.0,1,137,137,Nationalist China,#8F9D78,10,Plains,,42953,0,False,8,Asia,5,3326,0
2337,Kingchow,11119.0,2819.0,1,137,137,Nationalist China,#8F9D78,10,Plains,,36196,0,False,8,Asia,6,3947,0
2338,Supu,11025.0,2921.0,1,137,137,Nationalist China,#8F9D78,10,Plains,,34585,0,False,8,Asia,1,,0
2339,Yuanchow,11171.0,2925.0,1,137,137,Nationalist China,#8F9D78,10,Plains,,45278,0,False,8,Asia,1,,0
2340,Hanyang,11182.0,2845.0,1,137,137,Nationalist China,#8F9D78,10,Plains,,63051,0,False,8,Asia,2,2266,0
2341,Tingchow,11215.0,3094.0,1,137,137,Nationalist China,#8F9D78,10,Plains,,62053,0,False,8,Asia,1,,0
2342,Yungchow,11048.0,3094.0,1,137,137,Nationalist China,#8F9D78,10,Plains,,41216,0,False,8,Asia,1,,0
2343,Wukang,11037.0,3020.0,1,137,137,Nationalist China,#8F9D78,13,Forest,Jungle,36832,0,False,8,Asia,1,,0
2344,Siangtan,11100.0,2936.0,1,137,137,Nationalist China,#8F9D78,10,Plains,,65686,0,False,8,Asia,6,2175,0
2345,Hengchow,11084.0,2994.0,1,137,137,Nationalist China,#8F9D78,11,Hills,,52398,0,False,8,Asia,1,,0
2346,Kian,11196.0,2991.0,1,137,137,Nationalist China,#8F9D78,14,Urban,,70957,10,False,8,Asia,2,8053,0
2347,Kienning,11311.0,2991.0,1,137,137,Nationalist China,#8F9D78,11,Hills,,54016,0,True,8,Asia,1,,0
2348,Chuanchow,11300.0,3130.0,1,137,137,Nationalist China,#8F9D78,12,Mountain,,27260,0,True,8,Asia,1,,3
2349,Kyaukse,10379.0,3311.0,1,134,134,Burma,#91896A,13,Forest,Jungle,67251,0,False,9,South East Asia,1,,0
2350,Yeu,10340.0,3247.0,1,134,134,Burma,#91896A,13,Forest,Jungle,37565,0,False,9,South East Asia,1,,0
2351,Kohima,10307.0,3128.0,1,134,134,Burma,#91896A,13,Forest,Jungle,31711,0,False,9,South East Asia,1,,0
2352,Katha,10381.0,3196.0,1,134,134,Burma,#91896A,10,Plains,,67153,0,False,9,South East Asia,6,2127,0
2353,Myitkyina,10439.0,3087.0,1,134,134,Burma,#91896A,13,Forest,Jungle,48064,0,False,9,South East Asia,1,,0
2354,Mogaung,10371.0,3090.0,1,134,134,Burma,#91896A,11,Hills,,60813,0,False,9,South East Asia,1,,0
2355,Paletwa,10231.0,3333.0,1,134,134,Burma,#91896A,10,Plains,,42267,0,True,9,South East Asia,2,3380,0
2356,Sandoway,10312.0,3445.0,1,134,134,Burma,#91896A,13,Forest,Jungle,32739,0,True,9,South East Asia,1,,0
2357,Pegu,10422.0,3510.0,1,134,134,Burma,#91896A,13,Forest,Jungle,52450,0,True,9,South East Asia,1,,0
2358,Yamethin,10414.0,3368.0,1,134,134,Burma,#91896A,14,Urban,,71930,10,False,9,South East Asia,5,7944,0
2359,Pakokku,10320.0,3329.0,1,134,134,Burma,#91896A,10,Plains,,34542,0,False,9,South East Asia,5,4136,0
2360,Mong Kung,10455.0,3294.0,1,134,134,Burma,#91896A,10,Plains,,59941,0,False,9,South East Asia,6,2383,0
2361,Bangkok,10598.0,3666.0,1,133,133,Siam,#D5AD46,14,Urban,,520291,10,True,9,South East Asia,6,1098,0
2362,Kiang Mai,10563.0,3459.0,1,133,133,Siam,#D5AD46,11,Hills,,45707,0,False,9,South East Asia,1,,0
2363,Sa Kaeo,10647.0,3666.0,1,133,133,Siam,#D5AD46,13,Forest,Jungle,33801,0,True,9,South East Asia,5,4226,0
2364,Kalasin,10699.0,3511.0,1,133,133,Siam,#D5AD46,13,Forest,,52597,0,False,9,South East Asia,1,,0
2365,Surin,10732.0,3604.0,1,133,133,Siam,#D5AD46,13,Forest,,58181,0,False,9,South East Asia,1,,0
2366,Sukhothai,10575.0,3550.0,1,133,133,Siam,#D5AD46,10,Plains,,63274,0,False,9,South East Asia,1,,0
2367,Phang Nga,10522.0,3908.0,1,133,133,Siam,#D5AD46,11,Hills,,68912,0,True,9,South East Asia,1,,0
2368,Singora,10615.0,3965.0,1,133,133,Siam,#D5AD46,10,Plains,,39082,0,True,9,South East Asia,1,,0
2369,Ranong,10543.0,3806.0,1,133,133,Siam,#D5AD46,10,Plains,,57898,0,True,9,South East Asia,5,2467,0
2370,Kanburi,10574.0,3653.0,1,133,133,Siam,#D5AD46,10,Plains,,28085,0,False,9,South East Asia,2,5087,0
2371,Pnom Penh,10813.0,3747.0,1,135,135,Indochina,#90AE77,14,Urban,,380751,10,False,9,South East Asia,2,1501,0
2372,Saigon,10894.0,3786.0,1,135,135,Indochina,#90AE77,14,Urban,,221115,10,True,9,South East Asia,6,2584,0
2373,Luang Prabang,10674.0,3373.0,1,135,135,Indochina,#90AE77,13,Forest,Jungle,69929,0,False,9,South East Asia,1,,0
2374,Hanoi,10806.0,3338.0,1,135,135,Indochina,#90AE77,14,Urban,,192998,10,False,9,South East Asia,2,2961,0
2375,Hue,10910.0,3546.0,1,135,135,Indochina,#90AE77,14,Urban,,274876,10,True,9,South East Asia,6,2079,0
2376,Kampot,10783.0,3803.0,1,135,135,Indochina,#90AE77,10,Plains,,37950,0,True,9,South East Asia,6,3764,0
2377,Odong,10799.0,3723.0,1,135,135,Indochina,#90AE77,13,Forest,Jungle,36945,0,False,9,South East Asia,1,,0
2378,Battambang,10717.0,3689.0,1,135,135,Indochina,#90AE77,13,Forest,Jungle,65740,0,False,9,South East Asia,1,,0
2379,Bak Lieu,10864.0,3845.0,1,135,135,Indochina,#90AE77,10,Plains,,37130,0,True,9,South East Asia,5,3847,0
2380,Binh Thuan,10966.0,3773.0,1,135,135,Indochina,#90AE77,13,Forest,Jungle,59337,0,True,9,South East Asia,1,,0
2381,Phu-yen,10979.0,3700.0,1,135,135,Indochina,#90AE77,14,Urban,,39192,10,True,9,South East Asia,5,14580,0
2382,Prey Veng,10849.0,3745.0,1,135,135,Indochina,#90AE77,11,Hills,,52571,0,False,9,South East Asia,5,2717,0
2383,Pak-Lai,10666.0,3441.0,1,135,135,Indochina,#90AE77,11,Hills,,73763,0,False,9,South East Asia,1,,0
2384,Kao Bang,10807.0,3263.0,1,135,135,Indochina,#90AE77,13,Forest,Jungle,37227,0,False,9,South East Asia,1,,0
2385,Lao-Kai,10713.0,3235.0,1,135,135,Indochina,#90AE77,12,Mountain,,64934,0,False,9,South East Asia,2,2200,6
2386,Muang Xay,10651.0,3303.0,1,135,135,Indochina,#90AE77,11,Hills,,43629,0,False,9,South East Asia,1,,0
2387,Yen-bai,10754.0,3345.0,1,135,135,Indochina,#90AE77,10,Plains,,79976,0,False,9,South East Asia,1,,0
2388,Haiphong,10863.0,3359.0,1,135,135,Indochina,#90AE77,10,Plains,,61988,0,True,9,South East Asia,5,2305,0
2389,Vinh,10812.0,3432.0,1,135,135,Indochina,#90AE77,11,Hills,,44539,0,True,9,South East Asia,1,,0
2390,Banlao,10790.0,3547.0,1,135,135,Indochina,#90AE77,13,Forest,,57214,0,False,9,South East Asia,1,,0
2391,Đong Hoi,10859.0,3508.0,1,135,135,Indochina,#90AE77,10,Plains,,36532,0,True,9,South East Asia,5,3910,0
2392,Tourane,10934.0,3567.0,1,135,135,Indochina,#90AE77,11,Hills,,73253,0,True,9,South East Asia,1,,1
2393,Meluprey,10813.0,3644.0,1,135,135,Indochina,#90AE77,13,Forest,,50850,0,False,9,South East Asia,1,,0
2394,Nong Hoi,10751.0,3489.0,1,135,135,Indochina,#90AE77,13,Forest,,76486,0,False,9,South East Asia,1,,0
2395,Kratié,10894.0,3697.0,1,135,135,Indochina,#90AE77,13,Forest,,52946,0,False,9,South East Asia,1,,2
2396,Beijing,11066.0,2396.0,1,138,138,Communist China,#CEC8A5,14,Urban,,358213,10,False,8,Asia,5,1595,0
2397,Tianjin,11157.0,2448.0,1,138,138,Communist China,#CEC8A5,10,Plains,,59642,0,True,8,Asia,2,2395,0
2398,Jinan,11148.0,2565.0,1,138,138,Communist China,#CEC8A5,14,Urban,,60786,10,False,8,Asia,5,9401,0
2399,Rizhao,11298.0,2581.0,1,138,138,Communist China,#CEC8A5,10,Plains,,50800,0,True,8,Asia,1,,0
2400,Tsingtao,11300.0,2530.0,1,138,138,Communist China,#CEC8A5,14,Urban,,341505,10,True,8,Asia,2,1673,0
2401,Weifang,11252.0,2542.0,1,138,138,Communist China,#CEC8A5,10,Plains,,70929,0,True,8,Asia,2,2014,0
2402,Mangan,10782.0,2126.0,1,147,147,Mengjiang,#E7D262,11,Hills,Desert,47495,0,False,8,Asia,6,3008,0
2403,Kolan,10931.0,2452.0,1,138,138,Communist China,#CEC8A5,13,Forest,,41954,0,False,8,Asia,1,,0
2404,Fuping,11024.0,2425.0,1,138,138,Communist China,#CEC8A5,13,Forest,,64139,0,False,8,Asia,1,,0
2405,Qingyang,10843.0,2501.0,1,138,138,Communist China,#CEC8A5,10,Plains,,42761,0,False,8,Asia,1,,0
2406,Taiyuan,10973.0,2546.0,1,138,138,Communist China,#CEC8A5,14,Urban,,138859,10,False,8,Asia,6,4115,0
2407,Shijiazhuang,11094.0,2539.0,1,138,138,Communist China,#CEC8A5,10,Plains,,51807,0,False,8,Asia,1,,0
2408,Yangquan,11012.0,2546.0,1,138,138,Communist China,#CEC8A5,13,Forest,,46598,0,False,8,Asia,1,,0
2409,Boading,11080.0,2471.0,1,138,138,Communist China,#CEC8A5,10,Plains,,47322,0,True,8,Asia,6,3019,0
2410,Zhengzhou,11025.0,2643.0,1,138,138,Communist China,#CEC8A5,11,Hills,,60253,0,False,8,Asia,1,,0
2411,Jining,11135.0,2629.0,1,138,138,Communist China,#CEC8A5,10,Plains,,41842,0,False,8,Asia,1,,0
2412,Yancheng,11320.0,2665.0,1,138,138,Communist China,#CEC8A5,11,Hills,,31904,0,True,8,Asia,1,,0
2413,Xuzhou,11171.0,2653.0,1,138,138,Communist China,#CEC8A5,14,Urban,,262749,10,False,8,Asia,6,2175,0
2414,Linyi,11213.0,2629.0,1,138,138,Communist China,#CEC8A5,10,Plains,,44857,0,False,8,Asia,5,3185,0
2415,Bengbu,11177.0,2700.0,1,138,138,Communist China,#CEC8A5,13,Forest,,67937,0,False,8,Asia,1,,0
2416,Nanyang,10999.0,2717.0,1,138,138,Communist China,#CEC8A5,10,Plains,,43751,0,False,8,Asia,1,,0
2417,Zhumadian,11064.0,2718.0,1,138,138,Communist China,#CEC8A5,10,Plains,,56981,0,False,8,Asia,2,2507,0
2418,Yungcheng,10930.0,2617.0,1,138,138,Communist China,#CEC8A5,10,Plains,,59987,0,False,8,Asia,1,,0
2419,Lüliang,10931.0,2552.0,1,138,138,Communist China,#CEC8A5,10,Plains,,45249,0,False,8,Asia,2,3157,0
2420,Ulaanbaatar,10505.0,1905.0,1,130,130,Mongolia,#9C8850,14,Urban,,191158,10,False,8,Asia,5,2989,0
2421,Altai,10098.0,2020.0,1,130,130,Mongolia,#9C8850,14,Urban,Desert,297392,10,False,8,Asia,5,1921,0
2422,Bor-Undur,10595.0,2011.0,1,130,130,Mongolia,#9C8850,14,Urban,,398848,10,False,8,Asia,6,1433,0
2423,Choir,10544.0,1969.0,1,130,130,Mongolia,#9C8850,10,Plains,Desert,45082,0,False,8,Asia,1,,0
2424,Sainshand,10626.0,2067.0,1,130,130,Mongolia,#9C8850,13,Forest,,69212,0,False,8,Asia,1,,0
2425,Matad,10808.0,1967.0,1,130,130,Mongolia,#9C8850,10,Plains,Desert,45685,0,False,8,Asia,1,,0
2426,Baruun-Urt,10684.0,1987.0,1,130,130,Mongolia,#9C8850,13,Forest,,47736,0,False,8,Asia,1,,0
2427,Baganuur,10549.0,1898.0,1,130,130,Mongolia,#9C8850,13,Forest,,66780,0,False,8,Asia,1,,0
2428,Choibalsan,10664.0,1805.0,1,130,130,Mongolia,#9C8850,11,Hills,,41224,0,False,8,Asia,1,,0
2429,Uniket,10891.0,2094.0,1,147,147,Mengjiang,#E7D262,10,Plains,Desert,27463,0,False,8,Asia,1,,0
2430,Sharga,10050.0,2025.0,1,130,130,Mongolia,#9C8850,10,Plains,Desert,36240,0,False,8,Asia,2,3942,0
2431,Delger,10184.0,2013.0,1,130,130,Mongolia,#9C8850,10,Plains,Desert,61244,0,False,8,Asia,2,2333,0
2432,Erdene,10203.0,2106.0,1,130,130,Mongolia,#9C8850,10,Plains,Desert,56487,0,False,8,Asia,6,2529,0
2433,Khatansuudal,10323.0,2154.0,1,130,130,Mongolia,#9C8850,11,Hills,Desert,38612,0,False,8,Asia,1,,0
2434,Murun,10247.0,1831.0,1,130,130,Mongolia,#9C8850,12,Mountain,Desert,48457,0,False,8,Asia,1,,6
2435,Turuun,10076.0,1798.0,1,130,130,Mongolia,#9C8850,10,Plains,Desert,64210,0,False,8,Asia,1,,0
2436,Ulaangom,9951.0,1795.0,1,130,130,Mongolia,#9C8850,10,Plains,Desert,50476,0,False,8,Asia,1,,0
2437,Ulgii,9759.0,1853.0,1,130,130,Mongolia,#9C8850,12,Mountain,Desert,49978,0,False,8,Asia,1,,7
2438,Terper Tugrug,9890.0,1976.0,1,130,130,Mongolia,#9C8850,11,Hills,Desert,37807,0,False,8,Asia,1,,0
2439,Bayankhongor,10314.0,2024.0,1,130,130,Mongolia,#9C8850,10,Plains,Desert,47363,0,False,8,Asia,2,3016,0
2440,Bulgan,10366.0,1901.0,1,130,130,Mongolia,#9C8850,11,Hills,Desert,58331,0,False,8,Asia,1,,0
2441,Gurvansaikhan,10494.0,2067.0,1,130,130,Mongolia,#9C8850,10,Plains,Desert,35093,0,False,8,Asia,5,4071,0
2442,Bulan,10626.0,2220.0,1,130,130,Mongolia,#9C8850,11,Hills,Desert,48198,0,False,8,Asia,1,,0
2443,Bayan-Ovoo,10448.0,2205.0,1,130,130,Mongolia,#9C8850,10,Plains,Desert,31505,0,False,8,Asia,2,4534,0
2444,Mandal-Ovoo,10397.0,2089.0,1,130,130,Mongolia,#9C8850,14,Urban,Desert,237791,10,False,8,Asia,2,2403,0
2445,Lun,10460.0,1907.0,1,130,130,Mongolia,#9C8850,10,Plains,Desert,45430,0,False,8,Asia,1,,0
2446,Bugat,9977.0,2089.0,1,130,130,Mongolia,#9C8850,13,Forest,,64895,0,False,8,Asia,1,,0
2447,Durvuljin,10104.0,1916.0,1,130,130,Mongolia,#9C8850,14,Urban,Desert,50086,10,False,8,Asia,6,11409,0
2448,Kingpeng,11111.0,2200.0,1,140,140,Mukden,#59797C,10,Plains,,51934,0,False,8,Asia,1,,0
2449,Urumchi,9630.0,2149.0,1,150,150,Xinjiang,#BB5444,14,Urban,,242714,10,False,8,Asia,2,2354,0
2450,Bulun Tokhoi,9582.0,1973.0,1,150,150,Xinjiang,#BB5444,10,Plains,Desert,36255,0,False,8,Asia,5,3940,0
2451,Ningyuan,9474.0,2165.0,1,150,150,Xinjiang,#BB5444,10,Plains,,35475,0,False,8,Asia,1,,0
2452,Aqsu,9374.0,2285.0,1,150,150,Xinjiang,#BB5444,10,Plains,Mediterranean,60535,0,False,8,Asia,5,2360,0
2453,Kashgar,9228.0,2406.0,1,150,150,Xinjiang,#BB5444,10,Plains,,43479,0,False,8,Asia,1,,0
2454,Niya,9423.0,2535.0,1,150,150,Xinjiang,#BB5444,12,Mountain,Desert,41522,0,False,8,Asia,1,,32
2455,Kushui,9896.0,2210.0,1,150,150,Xinjiang,#BB5444,10,Plains,Desert,36751,0,False,8,Asia,1,,0
2456,Chochiang,9748.0,2408.0,1,150,150,Xinjiang,#BB5444,12,Mountain,,40668,0,False,8,Asia,1,,15
2457,Hotien,9247.0,2536.0,1,150,150,Xinjiang,#BB5444,14,Urban,Desert,400535,10,False,8,Asia,2,1427,0
2458,Yutien,9306.0,2549.0,1,150,150,Xinjiang,#BB5444,12,Mountain,Desert,36014,0,False,8,Asia,1,,24
2459,Kucha,9485.0,2256.0,1,150,150,Xinjiang,#BB5444,10,Plains,Mediterranean,57035,0,False,8,Asia,2,2505,0
2460,Qara Shahr,9592.0,2259.0,1,150,150,Xinjiang,#BB5444,10,Plains,Desert,37072,0,False,8,Asia,1,,0
2461,Turfan,9709.0,2197.0,1,150,150,Xinjiang,#BB5444,10,Plains,Desert,34833,0,False,8,Asia,5,4101,0
2462,Hami,9831.0,2190.0,1,150,150,Xinjiang,#BB5444,14,Urban,,312555,10,False,8,Asia,6,1828,0
2463,Chensi,9810.0,2117.0,1,150,150,Xinjiang,#BB5444,10,Plains,Desert,58761,0,False,8,Asia,5,2431,0
2464,Charchan,9539.0,2444.0,1,150,150,Xinjiang,#BB5444,11,Hills,,50799,0,False,8,Asia,1,,0
2465,Suilai,9586.0,2148.0,1,150,150,Xinjiang,#BB5444,10,Plains,,48437,0,False,8,Asia,1,,0
2466,Wusu,9530.0,2145.0,1,150,150,Xinjiang,#BB5444,14,Urban,,305110,10,False,8,Asia,6,1873,0
2467,Tsingho,9519.0,2169.0,1,150,150,Xinjiang,#BB5444,10,Plains,,58235,0,False,8,Asia,1,,0
2468,Shawan,9525.0,2078.0,1,150,150,Xinjiang,#BB5444,10,Plains,,39696,0,False,8,Asia,6,3599,0
2469,Yulghunbulak,9792.0,2271.0,1,150,150,Xinjiang,#BB5444,13,Forest,,67796,0,False,8,Asia,1,,0
2470,Kitai,9707.0,2111.0,1,150,150,Xinjiang,#BB5444,10,Plains,Desert,58406,0,False,8,Asia,1,,0
2471,Guntamga,9785.0,2011.0,1,150,150,Xinjiang,#BB5444,13,Forest,,54489,0,False,8,Asia,1,,0
2472,Kargilik,9222.0,2506.0,1,150,150,Xinjiang,#BB5444,12,Mountain,Desert,62556,0,False,8,Asia,1,,20
2473,Bashi,9369.0,2406.0,1,150,150,Xinjiang,#BB5444,11,Hills,Mediterranean,66991,0,False,8,Asia,1,,0
2474,Vash Shahri,9644.0,2423.0,1,150,150,Xinjiang,#BB5444,12,Mountain,,59743,0,False,8,Asia,1,,11
2475,Sinping,9558.0,2340.0,1,150,150,Xinjiang,#BB5444,14,Urban,Mediterranean,102911,10,False,8,Asia,5,5553,0
2476,Cagayan de Oro,11682.0,3891.0,1,151,151,Philippines,#D0C788,14,Urban,,254352,10,True,9,South East Asia,6,2247,0
2477,Tuguegarao,11506.0,3467.0,1,151,151,Philippines,#D0C788,14,Urban,,445777,10,False,9,South East Asia,2,1282,0
2478,Naujan,11510.0,3681.0,4,151,151,Philippines,#D0C788,10,Plains,,59780,0,True,9,South East Asia,1,,0
2479,Batangas City,11506.0,3646.0,1,151,151,Philippines,#D0C788,13,Forest,Jungle,52384,0,True,9,South East Asia,1,,0
2480,Boac,11542.0,3669.0,1,151,151,Philippines,#D0C788,13,Forest,,78801,0,True,9,South East Asia,1,,0
2481,Hǎikou,11022.0,3403.0,1,146,146,Hainan,#807E97,14,Urban,,79077,10,True,8,Asia,2,7226,0
2482,Angeles,11471.0,3591.0,1,151,151,Philippines,#D0C788,10,Plains,,52255,0,True,9,South East Asia,2,2734,0
2483,Luzhou,10803.0,2884.0,1,149,149,Sichuan,#6DB3AF,11,Hills,,77057,0,False,8,Asia,1,,0
2484,Hangkin,10585.0,2386.0,1,147,147,Mengjiang,#E7D262,11,Hills,Desert,43754,0,False,8,Asia,2,3265,0
2485,Ashan,10582.0,2336.0,1,147,147,Mengjiang,#E7D262,13,Forest,,34309,0,False,8,Asia,1,,0
2486,Chihfeng,11174.0,2260.0,1,140,140,Mukden,#59797C,13,Forest,,59241,0,False,8,Asia,1,,0
2487,Qinhuangdao,11233.0,2359.0,1,140,140,Mukden,#59797C,11,Hills,,41274,0,True,8,Asia,2,3461,0
2488,Yingkow,11313.0,2321.0,1,140,140,Mukden,#59797C,14,Urban,,444323,10,True,8,Asia,5,1286,0
2489,Tokyo,12025.0,2533.0,1,143,143,Japan,#CD555E,14,Urban,,386974,10,True,8,Asia,6,1477,0
2490,Osaka,11872.0,2587.0,1,143,143,Japan,#CD555E,14,Urban,,503960,10,True,8,Asia,2,1134,0
2491,Nagasaki,11661.0,2696.0,1,143,143,Japan,#CD555E,14,Urban,,61466,10,True,8,Asia,6,9297,0
2492,Sapporo,12009.0,2104.0,1,143,143,Japan,#CD555E,14,Urban,,161550,10,True,8,Asia,2,3537,0
2493,Urakawa,12062.0,2153.0,1,143,143,Japan,#CD555E,11,Hills,,51332,0,True,8,Asia,1,,0
2494,Kushiro,12124.0,2091.0,1,143,143,Japan,#CD555E,11,Hills,,48311,0,True,8,Asia,1,,0
2495,Nayoro,12032.0,2012.0,1,143,143,Japan,#CD555E,11,Hills,Boreal,37546,0,True,8,Asia,1,,0
2496,Iwamizawa,12025.0,2087.0,1,143,143,Japan,#CD555E,12,Mountain,Boreal,40997,0,True,8,Asia,1,,2
2497,Fukuyama,11967.0,2207.0,1,143,143,Japan,#CD555E,10,Plains,,29681,0,True,8,Asia,5,4813,0
2498,Sendai,12031.0,2390.0,1,143,143,Japan,#CD555E,13,Forest,,60347,0,True,8,Asia,1,,0
2499,Kagoshima,11687.0,2787.0,1,143,143,Japan,#CD555E,10,Plains,,37326,0,True,8,Asia,5,3827,0
2500,Kumamoto,11710.0,2710.0,1,143,143,Japan,#CD555E,11,Hills,,42857,0,True,8,Asia,1,,0
2501,Fukuoka,11675.0,2675.0,1,143,143,Japan,#CD555E,10,Plains,,65574,0,True,8,Asia,1,,0
2502,Kochi,11805.0,2656.0,1,143,143,Japan,#CD555E,12,Mountain,,49045,0,True,8,Asia,1,,2
2503,Miyako,12058.0,2317.0,1,143,143,Japan,#CD555E,11,Hills,,53742,0,True,8,Asia,1,,0
2504,Takamatsu,11820.0,2616.0,2,143,143,Japan,#CD555E,11,Hills,,33062,0,True,8,Asia,1,,0
2505,Wakayama,11870.0,2614.0,1,143,143,Japan,#CD555E,10,Plains,,56652,0,True,8,Asia,5,2522,0
2506,Kyoto,11888.0,2569.0,1,143,143,Japan,#CD555E,11,Hills,,47777,0,True,8,Asia,1,,0
2507,Kobe,11856.0,2585.0,1,143,143,Japan,#CD555E,11,Hills,,66221,0,True,8,Asia,1,,0
2508,Hiroshima,11734.0,2614.0,1,143,143,Japan,#CD555E,14,Urban,,40024,10,True,8,Asia,5,14277,0
2509,Hirosaki,11999.0,2265.0,1,143,143,Japan,#CD555E,10,Plains,,27936,0,True,8,Asia,6,5114,0
2510,Yokohama,12008.0,2551.0,1,143,143,Japan,#CD555E,12,Mountain,,57874,0,True,8,Asia,5,2468,2
2511,Nagoya,11925.0,2564.0,1,143,143,Japan,#CD555E,12,Mountain,,61095,0,True,8,Asia,1,,3
2512,Kanazawa,11908.0,2488.0,1,143,143,Japan,#CD555E,11,Hills,,34977,0,True,8,Asia,1,,0
2513,Ishioka,12041.0,2512.0,1,143,143,Japan,#CD555E,13,Forest,,39702,0,True,8,Asia,1,,0
2514,Kiryu,12025.0,2492.0,1,143,143,Japan,#CD555E,13,Forest,,42282,0,True,8,Asia,1,,0
2515,Nagano,11956.0,2483.0,1,143,143,Japan,#CD555E,10,Plains,,56529,0,True,8,Asia,2,2527,0
2516,Keijo,11548.0,2455.0,1,142,142,Korea,#667F6C,14,Urban,,283642,10,False,8,Asia,2,2015,0
2517,Heijo,11483.0,2380.0,1,142,142,Korea,#667F6C,14,Urban,,376340,10,False,8,Asia,6,1518,0
2518,Fusan,11644.0,2580.0,1,142,142,Korea,#667F6C,14,Urban,,343612,10,True,8,Asia,6,1663,0
2519,Kojo,11581.0,2386.0,1,142,142,Korea,#667F6C,10,Plains,,96111,0,True,8,Asia,1,,0
2520,Seishin,11605.0,2243.0,1,142,142,Korea,#667F6C,14,Urban,,181064,10,True,8,Asia,5,3156,0
2521,Onjo,11636.0,2177.0,1,142,142,Korea,#667F6C,12,Mountain,,56299,0,True,8,Asia,1,,3
2522,Joshin,11601.0,2286.0,1,142,142,Korea,#667F6C,12,Mountain,,80178,0,True,8,Asia,1,,2
2523,Choshin,11516.0,2294.0,1,142,142,Korea,#667F6C,12,Mountain,,45115,0,False,8,Asia,1,,3
2524,Shingishu,11444.0,2324.0,1,142,142,Korea,#667F6C,11,Hills,,83830,0,True,8,Asia,1,,0
2525,Shinnampo,11462.0,2398.0,1,142,142,Korea,#667F6C,10,Plains,,56273,0,True,8,Asia,2,2539,0
2526,Kaishu,11489.0,2440.0,1,142,142,Korea,#667F6C,10,Plains,,61616,0,True,8,Asia,5,2319,0
2527,Shunsen,11576.0,2451.0,1,142,142,Korea,#667F6C,10,Plains,,62142,0,False,8,Asia,6,2299,0
2528,Gangneung,11627.0,2448.0,1,142,142,Korea,#667F6C,11,Hills,,48814,0,True,8,Asia,1,,0
2529,Taikyu,11616.0,2548.0,1,142,142,Korea,#667F6C,11,Hills,,81500,0,True,8,Asia,1,,0
2530,Koshu,11571.0,2601.0,1,142,142,Korea,#667F6C,11,Hills,,99707,0,True,8,Asia,1,,0
2531,Kunsan,11549.0,2549.0,1,142,142,Korea,#667F6C,10,Plains,,51688,0,True,8,Asia,2,2764,0
2532,Uruchin,11645.0,2486.0,1,142,142,Korea,#667F6C,13,Forest,,50544,0,True,8,Asia,1,,0
2533,Seikwan,11551.0,2484.0,1,142,142,Korea,#667F6C,13,Forest,,107254,0,True,8,Asia,1,,0
2534,Gensan,11554.0,2370.0,1,142,142,Korea,#667F6C,14,Urban,,74535,10,True,8,Asia,5,7667,0
2535,Anshu,11475.0,2360.0,1,142,142,Korea,#667F6C,10,Plains,,71591,0,True,8,Asia,2,1995,0
2536,Jipyeong-ri,11518.0,2386.0,1,142,142,Korea,#667F6C,11,Hills,,62823,0,False,8,Asia,1,,0
2537,Huanren,11427.0,2291.0,1,140,140,Mukden,#59797C,11,Hills,,64884,0,True,8,Asia,2,2202,0
2538,Mukden,11339.0,2272.0,1,140,140,Mukden,#59797C,13,Forest,,53762,0,False,8,Asia,6,2657,0
2539,Solun,11038.0,1961.0,1,140,140,Mukden,#59797C,11,Hills,Desert,49477,0,False,8,Asia,6,2887,0
2540,Suanhwa,11014.0,2343.0,1,138,138,Communist China,#CEC8A5,13,Forest,,44907,0,False,8,Asia,1,,0
2541,Qamdo,10362.0,2801.0,1,149,149,Sichuan,#6DB3AF,13,Forest,,74148,0,False,8,Asia,1,,0
2542,Liangshan,10583.0,2990.0,1,149,149,Sichuan,#6DB3AF,12,Mountain,,75784,0,False,8,Asia,1,,23
2543,Chongqing,10845.0,2855.0,1,149,149,Sichuan,#6DB3AF,14,Urban,,178303,10,True,8,Asia,6,3205,0
2544,Chengdu,10705.0,2799.0,1,149,149,Sichuan,#6DB3AF,14,Urban,,361206,10,False,8,Asia,2,1582,0
2545,Ya'an,10660.0,2815.0,1,149,149,Sichuan,#6DB3AF,10,Plains,,38573,0,False,8,Asia,6,3704,2
2546,Aba,10583.0,2782.0,1,149,149,Sichuan,#6DB3AF,11,Hills,,69378,0,False,8,Asia,1,,0
2547,Garze,10583.0,2852.0,1,149,149,Sichuan,#6DB3AF,14,Urban,,53268,10,False,8,Asia,5,10727,4
2548,Nanchong,10836.0,2776.0,1,149,149,Sichuan,#6DB3AF,10,Plains,,35651,0,False,8,Asia,2,4007,0
2549,Xi'an,10872.0,2652.0,1,149,149,Sichuan,#6DB3AF,14,Urban,,212769,10,False,8,Asia,6,2686,0
2550,Tianshui,10791.0,2655.0,1,149,149,Sichuan,#6DB3AF,10,Plains,,63155,0,False,8,Asia,1,,0
2551,Lanzhou,10697.0,2538.0,1,149,149,Sichuan,#6DB3AF,14,Urban,,458002,10,False,8,Asia,2,1248,0
2552,Weinan,10901.0,2652.0,1,149,149,Sichuan,#6DB3AF,10,Plains,,45658,0,False,8,Asia,5,3129,0
2553,Ziyang,10738.0,2825.0,1,149,149,Sichuan,#6DB3AF,10,Plains,,43313,0,False,8,Asia,1,,0
2554,Gannan,10556.0,2603.0,1,149,149,Sichuan,#6DB3AF,10,Plains,,33363,0,False,8,Asia,5,4282,0
2555,Daocheng,10492.0,2903.0,1,149,149,Sichuan,#6DB3AF,12,Mountain,,79433,0,False,8,Asia,1,,13
2556,Zunyi,10874.0,2915.0,1,149,149,Sichuan,#6DB3AF,10,Plains,,41041,0,False,8,Asia,1,,0
2557,Zhaotong,10693.0,2938.0,1,149,149,Sichuan,#6DB3AF,10,Plains,,36428,0,False,8,Asia,1,,0
2558,Longnan,10741.0,2720.0,1,149,149,Sichuan,#6DB3AF,10,Plains,,51391,0,False,8,Asia,5,2780,0
2559,Lintao,10695.0,2622.0,1,149,149,Sichuan,#6DB3AF,10,Plains,,57193,0,False,8,Asia,5,2498,0
2560,Baiyin,10729.0,2477.0,1,149,149,Sichuan,#6DB3AF,13,Forest,,84305,0,False,8,Asia,1,,0
2561,Dagupan,11467.0,3556.0,1,151,151,Philippines,#D0C788,13,Forest,Jungle,67430,0,True,9,South East Asia,1,,0
2562,Hezhou,10609.0,2557.0,1,149,149,Sichuan,#6DB3AF,11,Hills,,43965,0,False,8,Asia,1,,0
2563,Hongyuan,10591.0,2695.0,1,149,149,Sichuan,#6DB3AF,13,Forest,,48897,0,False,8,Asia,1,,0
2564,Zogang,10420.0,2876.0,1,149,149,Sichuan,#6DB3AF,12,Mountain,,56509,0,False,8,Asia,1,,22
2565,Laoag,11464.0,3445.0,1,151,151,Philippines,#D0C788,11,Hills,,59915,0,True,9,South East Asia,1,,0
2566,Derge,10485.0,2789.0,1,149,149,Sichuan,#6DB3AF,13,Forest,,83220,0,False,8,Asia,1,,0
2567,Yaxian,10978.0,3461.0,1,146,146,Hainan,#807E97,11,Hills,,101601,0,True,8,Asia,5,1406,0
2568,Toyohara,12018.0,1860.0,1,144,144,Sakhalin,#AEC399,10,Plains,Boreal,34262,0,True,8,Asia,1,,0
2569,Alexandrovsk,11975.0,1599.0,1,144,144,Sakhalin,#AEC399,14,Urban,Boreal,226007,10,True,8,Asia,6,2528,0
2570,Okha,11973.0,1430.0,1,144,144,Sakhalin,#AEC399,10,Plains,Boreal,82171,0,True,8,Asia,1,,0
2571,Keton,12004.0,1662.0,1,144,144,Sakhalin,#AEC399,10,Plains,Boreal,71169,0,True,8,Asia,5,2007,0
2572,Palevo,11996.0,1617.0,1,144,144,Sakhalin,#AEC399,11,Hills,Boreal,30845,0,True,8,Asia,1,,0
2573,Taipei,11477.0,3064.0,1,145,145,Taiwan,#759353,14,Urban,,243143,10,True,8,Asia,6,2350,0
2574,Taoyuan,11465.0,3082.0,1,145,145,Taiwan,#759353,13,Forest,Jungle,58571,0,True,8,Asia,1,,0
2575,Taichū,11449.0,3118.0,1,145,145,Taiwan,#759353,13,Forest,Jungle,51638,0,True,8,Asia,1,,0
2576,Takow,11447.0,3179.0,1,145,145,Taiwan,#759353,10,Plains,,48512,0,True,8,Asia,1,,0
2577,Cauayan,11513.0,3490.0,1,151,151,Philippines,#D0C788,11,Hills,,81113,0,True,9,South East Asia,1,,0
2578,Naga,11592.0,3651.0,2,151,151,Philippines,#D0C788,14,Urban,,57314,10,True,9,South East Asia,5,9970,0
2579,Misamis,11648.0,3891.0,1,151,151,Philippines,#D0C788,10,Plains,,79210,0,True,9,South East Asia,1,,0
2580,Zamboanga,11586.0,3955.0,1,151,151,Philippines,#D0C788,10,Plains,,41559,0,True,9,South East Asia,1,,0
2581,Malaybalay,11701.0,3900.0,3,151,151,Philippines,#D0C788,10,Plains,,50233,0,True,9,South East Asia,2,2844,0
2582,Bislig,11755.0,3903.0,1,151,151,Philippines,#D0C788,10,Plains,,38702,0,True,9,South East Asia,2,3691,0
2583,Glan,11729.0,4000.0,1,151,151,Philippines,#D0C788,13,Forest,Jungle,80692,0,True,9,South East Asia,1,,0
2584,Butuan,11726.0,3862.0,1,151,151,Philippines,#D0C788,10,Plains,,55380,0,True,9,South East Asia,5,2580,0
2585,Iloilo City,11584.0,3780.0,5,151,151,Philippines,#D0C788,13,Forest,Jungle,34777,0,True,9,South East Asia,1,,0
2586,Calbayog,11662.0,3711.0,1,151,151,Philippines,#D0C788,10,Plains,,52140,0,True,9,South East Asia,1,,0
2587,Ormoc,11670.0,3763.0,2,151,151,Philippines,#D0C788,10,Plains,,55006,0,True,9,South East Asia,1,,0
2588,Bacolod,11599.0,3794.0,1,151,151,Philippines,#D0C788,10,Plains,,59927,0,True,9,South East Asia,2,2384,0
2589,Cebu,11638.0,3800.0,2,151,151,Philippines,#D0C788,10,Plains,,76179,0,True,9,South East Asia,6,1875,0
2590,Catanauan,11555.0,3651.0,1,151,151,Philippines,#D0C788,11,Hills,,74832,0,True,9,South East Asia,1,,0
2591,Jiuquan,10206.0,2311.0,1,148,148,Ma-Clique,#E0A972,14,Urban,,269217,10,False,8,Asia,2,2123,0
2592,Zhangye,10312.0,2366.0,1,148,148,Ma-Clique,#E0A972,13,Forest,,62360,0,False,8,Asia,1,,0
2593,Jinchang,10388.0,2374.0,1,148,148,Ma-Clique,#E0A972,14,Urban,,401877,10,False,8,Asia,2,1422,0
2594,Wuwei,10433.0,2428.0,1,148,148,Ma-Clique,#E0A972,10,Plains,Desert,77243,0,False,8,Asia,6,1849,0
2595,Delhi (CN),10108.0,2449.0,1,148,148,Ma-Clique,#E0A972,11,Hills,,79427,0,False,8,Asia,1,,0
2596,Kandagan,11284.0,4423.0,1,153,153,Borneo,#718E90,11,Hills,,42832,0,True,9,South East Asia,1,,0
2597,Bandjermasin,11256.0,4439.0,1,153,153,Borneo,#718E90,14,Urban,,271711,10,True,9,South East Asia,2,2103,0
2598,Pontianak,11014.0,4260.0,1,153,153,Borneo,#718E90,14,Urban,,277925,10,True,9,South East Asia,6,2056,0
2599,Sambas,11025.0,4219.0,1,153,153,Borneo,#718E90,13,Forest,Jungle,33583,0,True,9,South East Asia,1,,0
2600,Kendawangan,11061.0,4379.0,1,153,153,Borneo,#718E90,10,Plains,,51881,0,True,9,South East Asia,6,2754,0
2601,Muara Teweh,11268.0,4333.0,1,153,153,Borneo,#718E90,13,Forest,Jungle,62703,0,True,9,South East Asia,1,,0
2602,Singtang,11131.0,4278.0,1,153,153,Borneo,#718E90,13,Forest,Jungle,67424,0,False,9,South East Asia,1,,0
2603,Sanggau,11076.0,4277.0,1,153,153,Borneo,#718E90,10,Plains,,52154,0,True,9,South East Asia,1,,0
2604,Sampit,11183.0,4388.0,1,153,153,Borneo,#718E90,13,Forest,Jungle,36994,0,True,9,South East Asia,1,,0
2605,Palangkaraya,11230.0,4392.0,1,153,153,Borneo,#718E90,10,Plains,,63631,0,True,9,South East Asia,6,2245,0
2606,Kalolokan,11386.0,4231.0,1,153,153,Borneo,#718E90,13,Forest,Jungle,55877,0,True,9,South East Asia,1,,0
2607,Tarakan,11373.0,4115.0,1,153,153,Borneo,#718E90,11,Hills,,65644,0,True,9,South East Asia,1,,0
2608,Samarinda,11352.0,4297.0,1,153,153,Borneo,#718E90,14,Urban,,31932,10,True,9,South East Asia,5,17895,0
2609,Yushu,10359.0,2694.0,1,148,148,Ma-Clique,#E0A972,11,Hills,Desert,57460,0,False,8,Asia,1,,0
2610,Zadoi,10236.0,2699.0,1,148,148,Ma-Clique,#E0A972,12,Mountain,,55219,0,False,8,Asia,5,2587,15
2611,Long Poera,11300.0,4180.0,1,153,153,Borneo,#718E90,12,Mountain,,62421,0,False,9,South East Asia,2,2289,3
2612,Makassar,11462.0,4498.0,1,153,153,Borneo,#718E90,14,Urban,,240157,10,True,9,South East Asia,2,2379,0
2613,Lelewaoe,11539.0,4389.0,1,153,153,Borneo,#718E90,13,Forest,Jungle,33754,0,True,9,South East Asia,1,,0
2614,Poleang,11564.0,4480.0,1,153,153,Borneo,#718E90,10,Plains,,45752,0,True,9,South East Asia,6,3122,0
2615,Singaradja,11275.0,4613.0,1,155,155,Nusa Tenggara,#6DB3AF,11,Hills,,68720,0,True,9,South East Asia,1,,0
2616,Palu,11490.0,4301.0,1,153,153,Borneo,#718E90,13,Forest,Jungle,42046,0,True,9,South East Asia,1,,0
2617,Maros,11470.0,4479.0,1,153,153,Borneo,#718E90,10,Plains,,41348,0,True,9,South East Asia,5,3455,0
2618,Wono,11486.0,4358.0,1,153,153,Borneo,#718E90,14,Urban,,419874,10,False,9,South East Asia,5,1361,0
2619,Deking,11447.0,4384.0,1,153,153,Borneo,#718E90,11,Hills,,43445,0,True,9,South East Asia,1,,0
2620,Singkang,11482.0,4446.0,1,153,153,Borneo,#718E90,13,Forest,Jungle,62363,0,True,9,South East Asia,1,,0
2621,Masamba,11506.0,4378.0,1,153,153,Borneo,#718E90,12,Mountain,,68643,0,True,9,South East Asia,6,2081,1
2622,Ampana,11562.0,4312.0,1,153,153,Borneo,#718E90,13,Forest,Jungle,75858,0,True,9,South East Asia,1,,0
2623,Menado,11696.0,4234.0,1,153,153,Borneo,#718E90,13,Forest,Jungle,56833,0,True,9,South East Asia,1,,0
2624,Tanggulazhen,10114.0,2679.0,1,148,148,Ma-Clique,#E0A972,11,Hills,,41624,0,False,8,Asia,1,,0
2625,Wutumeirenxiang,9933.0,2455.0,1,148,148,Ma-Clique,#E0A972,12,Mountain,,73826,0,False,8,Asia,1,,15
2626,Lenghuzhen,9961.0,2351.0,1,148,148,Ma-Clique,#E0A972,13,Forest,,82031,0,False,8,Asia,1,,0
2627,Xihuxiang,10006.0,2260.0,1,148,148,Ma-Clique,#E0A972,10,Plains,,66558,0,False,8,Asia,6,2146,0
2628,Yumen,10108.0,2276.0,1,148,148,Ma-Clique,#E0A972,11,Hills,,49699,0,False,8,Asia,1,,0
2629,Yanglongxiang,10215.0,2366.0,1,148,148,Ma-Clique,#E0A972,10,Plains,,59805,0,False,8,Asia,6,2389,0
2630,Golog,10374.0,2603.0,1,148,148,Ma-Clique,#E0A972,11,Hills,Desert,84699,0,False,8,Asia,1,,0
2631,Huangnan,10437.0,2518.0,1,148,148,Ma-Clique,#E0A972,10,Plains,Desert,80684,0,False,8,Asia,1,,0
2632,Chakazhen,10199.0,2454.0,1,148,148,Ma-Clique,#E0A972,14,Urban,,69986,10,False,8,Asia,5,8165,0
2633,Youyunxiang,10283.0,2601.0,1,148,148,Ma-Clique,#E0A972,13,Forest,,41456,0,False,8,Asia,1,,0
2634,Madoi,10136.0,2546.0,1,148,148,Ma-Clique,#E0A972,12,Mountain,,52015,0,False,8,Asia,2,2746,11
2635,Golmud,10033.0,2484.0,1,148,148,Ma-Clique,#E0A972,14,Urban,,149435,10,False,8,Asia,6,3824,0
2636,Qumahexiang,10041.0,2587.0,1,148,148,Ma-Clique,#E0A972,11,Hills,,34572,0,False,8,Asia,1,,0
2637,Hainan,10377.0,2484.0,1,148,148,Ma-Clique,#E0A972,14,Urban,,369924,10,False,8,Asia,5,1545,0
2638,Niandixiang,10332.0,2460.0,1,148,148,Ma-Clique,#E0A972,10,Plains,Desert,67269,0,False,8,Asia,6,2124,0
2639,Kuching,11083.0,4223.0,1,188,188,Brunei,#CB5843,13,Forest,Jungle,56609,0,True,9,South East Asia,2,2524,0
2640,Sibu,11146.0,4187.0,1,188,188,Brunei,#CB5843,10,Plains,,43586,0,True,9,South East Asia,1,,0
2641,Bintulu,11206.0,4141.0,1,188,188,Brunei,#CB5843,13,Forest,Jungle,59748,0,True,9,South East Asia,5,2391,0
2642,Brunei,11266.0,4063.0,1,188,188,Brunei,#CB5843,14,Urban,,196887,10,True,9,South East Asia,6,2902,0
2643,Kudat,11359.0,3974.0,3,188,188,Brunei,#CB5843,13,Forest,Jungle,40500,0,True,9,South East Asia,5,3527,0
2644,Singapore,10749.0,4197.0,3,187,187,Malaysia,#60A495,10,Plains,,60552,0,True,9,South East Asia,1,,0
2645,Sungai Petani,10614.0,4038.0,1,187,187,Malaysia,#60A495,10,Plains,,36428,0,True,9,South East Asia,1,,0
2646,Kuala Lumpur,10663.0,4128.0,1,187,187,Malaysia,#60A495,14,Urban,,117885,10,True,9,South East Asia,2,4847,0
2647,Khota Bharn,10710.0,4033.0,1,187,187,Malaysia,#60A495,11,Hills,,85176,0,True,9,South East Asia,1,,0
2648,Taliwang,11352.0,4641.0,3,155,155,Nusa Tenggara,#6DB3AF,13,Forest,Jungle,55988,0,True,9,South East Asia,1,,0
2649,Ampenan,11323.0,4627.0,1,155,155,Nusa Tenggara,#6DB3AF,14,Urban,,101022,10,True,9,South East Asia,5,5656,0
2650,Ende,11550.0,4639.0,2,155,155,Nusa Tenggara,#6DB3AF,13,Forest,Jungle,117893,0,True,9,South East Asia,1,,0
2651,Palenbang,10772.0,4410.0,1,154,154,Sumatra,#D48B48,14,Urban,,247833,10,True,9,South East Asia,2,2306,0
2652,Waingapu,11477.0,4670.0,1,155,155,Nusa Tenggara,#6DB3AF,10,Plains,,98940,0,True,9,South East Asia,1,,0
2653,Kupang,11643.0,4691.0,3,155,155,Nusa Tenggara,#6DB3AF,10,Plains,,84823,0,True,9,South East Asia,1,,0
2654,Dili,11718.0,4631.0,1,155,155,Nusa Tenggara,#6DB3AF,10,Plains,,75339,0,True,9,South East Asia,1,,0
2655,Batavia,10928.0,4533.0,1,154,154,Sumatra,#D48B48,14,Urban,,306875,10,True,9,South East Asia,5,1862,0
2656,Soerabaja,11163.0,4574.0,1,154,154,Sumatra,#D48B48,14,Urban,,329378,10,True,9,South East Asia,2,1735,0
2657,Medan,10550.0,4134.0,1,154,154,Sumatra,#D48B48,14,Urban,,212650,10,True,9,South East Asia,6,2687,0
2658,Banda Aceh,10414.0,4046.0,1,154,154,Sumatra,#D48B48,10,Plains,,46298,0,True,9,South East Asia,5,3086,0
2659,Bandung,10957.0,4545.0,1,154,154,Sumatra,#D48B48,14,Urban,,72046,10,True,9,South East Asia,6,7931,0
2660,Cheribon,10994.0,4557.0,1,154,154,Sumatra,#D48B48,10,Plains,,78837,0,True,9,South East Asia,2,1812,0
2661,Solo,11085.0,4589.0,1,154,154,Sumatra,#D48B48,10,Plains,,54718,0,True,9,South East Asia,1,,0
2662,Banyuwangi,11235.0,4615.0,1,154,154,Sumatra,#D48B48,11,Hills,,75409,0,True,9,South East Asia,1,,0
2663,Semarang,11079.0,4561.0,1,154,154,Sumatra,#D48B48,11,Hills,,46466,0,True,9,South East Asia,1,,0
2664,Pandeglang,10893.0,4537.0,1,154,154,Sumatra,#D48B48,10,Plains,,44376,0,True,9,South East Asia,1,,0
2665,Malang,11161.0,4603.0,1,154,154,Sumatra,#D48B48,10,Plains,,99224,0,True,9,South East Asia,5,1440,0
2666,Pekanbaru,10639.0,4259.0,1,154,154,Sumatra,#D48B48,13,Forest,Jungle,82206,0,True,9,South East Asia,1,,0
2667,Djambi,10739.0,4355.0,1,154,154,Sumatra,#D48B48,10,Plains,,86665,0,True,9,South East Asia,6,1648,0
2668,Telukbetung,10806.0,4496.0,1,154,154,Sumatra,#D48B48,10,Plains,,76416,0,True,9,South East Asia,5,1869,0
2669,Padang,10630.0,4337.0,1,154,154,Sumatra,#D48B48,12,Mountain,,63098,0,True,9,South East Asia,1,,2
2670,Bengkulu,10707.0,4446.0,1,154,154,Sumatra,#D48B48,13,Forest,Jungle,77655,0,True,9,South East Asia,1,,0
2671,Rengat,10704.0,4310.0,1,154,154,Sumatra,#D48B48,10,Plains,,69105,0,True,9,South East Asia,1,,0
2672,Tapaktuan,10496.0,4147.0,1,154,154,Sumatra,#D48B48,11,Hills,,55271,0,True,9,South East Asia,1,,0
2673,Tanjungbalai,10587.0,4161.0,1,154,154,Sumatra,#D48B48,11,Hills,,49660,0,True,9,South East Asia,1,,0
2674,Langsa,10500.0,4072.0,1,154,154,Sumatra,#D48B48,10,Plains,,36837,0,True,9,South East Asia,5,3878,0
2675,Darwin,12036.0,4844.0,1,176,176,Central Australia,#A9662D,11,Hills,Mediterranean,59459,0,True,10,Oceania,1,,0
2676,Adelaide,12335.0,5701.0,1,176,176,Central Australia,#A9662D,14,Urban,,615336,10,True,10,Oceania,6,929,0
2677,Alice Springs,12220.0,5260.0,1,176,176,Central Australia,#A9662D,10,Plains,Desert,37561,0,False,10,Oceania,1,,0
2678,Marla,12223.0,5428.0,1,176,176,Central Australia,#A9662D,10,Plains,Desert,54432,0,False,10,Oceania,1,,0
2679,Maralinga,12097.0,5531.0,1,176,176,Central Australia,#A9662D,10,Plains,Desert,58584,0,True,10,Oceania,6,2439,0
2680,The Sill,12341.0,5503.0,1,176,176,Central Australia,#A9662D,10,Plains,Grassland,42945,0,False,10,Oceania,2,3327,0
2681,Kintore,12049.0,5258.0,1,176,176,Central Australia,#A9662D,10,Plains,Desert,39441,0,False,10,Oceania,5,3622,0
2682,Urluru,12126.0,5344.0,1,176,176,Central Australia,#A9662D,11,Hills,Desert,31917,0,False,10,Oceania,1,,0
2683,Katherine,12101.0,4961.0,1,176,176,Central Australia,#A9662D,10,Plains,Grassland,46553,0,True,10,Oceania,5,3069,0
2684,Lajamanu,12068.0,5120.0,1,176,176,Central Australia,#A9662D,10,Plains,Desert,55431,0,False,10,Oceania,2,2577,0
2685,Three Ways,12212.0,5126.0,1,176,176,Central Australia,#A9662D,10,Plains,Grassland,39884,0,False,10,Oceania,1,,0
2686,Borroloola,12221.0,4997.0,1,176,176,Central Australia,#A9662D,10,Plains,Grassland,43787,0,True,10,Oceania,1,,0
2687,Port Augusta,12299.0,5613.0,1,176,176,Central Australia,#A9662D,11,Hills,Mediterranean,40550,0,True,10,Oceania,1,,0
2688,Renmark,12396.0,5674.0,1,176,176,Central Australia,#A9662D,13,Forest,,76503,0,True,10,Oceania,1,,0
2689,Perth,11584.0,5610.0,1,175,175,Western Australia,#90AE77,14,Urban,Mediterranean,273355,10,True,10,Oceania,5,2090,0
2690,Roebourne,11661.0,5164.0,1,175,175,Western Australia,#90AE77,14,Urban,Desert,407781,10,True,10,Oceania,6,1401,0
2691,Kalgoorlie,11776.0,5558.0,1,175,175,Western Australia,#90AE77,14,Urban,Desert,292509,10,False,10,Oceania,2,1954,0
2692,Geraldton,11523.0,5454.0,1,175,175,Western Australia,#90AE77,14,Urban,Mediterranean,244299,10,True,10,Oceania,2,2339,0
2693,Esperance,11782.0,5688.0,1,175,175,Western Australia,#90AE77,10,Plains,Mediterranean,74466,0,True,10,Oceania,6,1918,0
2694,Loongana,11915.0,5545.0,1,175,175,Western Australia,#90AE77,11,Hills,Desert,73616,0,True,10,Oceania,1,,0
2695,Southern Cross,11720.0,5575.0,1,175,175,Western Australia,#90AE77,11,Hills,Desert,68572,0,False,10,Oceania,1,,0
2696,Northam,11625.0,5597.0,1,175,175,Western Australia,#90AE77,13,Forest,Mediterranean,37085,0,False,10,Oceania,1,,0
2697,Albany,11625.0,5737.0,1,175,175,Western Australia,#90AE77,13,Forest,Mediterranean,66881,0,True,10,Oceania,1,,0
2698,Dongara,11542.0,5493.0,1,175,175,Western Australia,#90AE77,10,Plains,Mediterranean,37772,0,True,10,Oceania,6,3782,0
2699,Wyndham,11940.0,4970.0,1,175,175,Western Australia,#90AE77,11,Hills,Mediterranean,70823,0,True,10,Oceania,1,,0
2700,Derby,11800.0,5050.0,1,175,175,Western Australia,#90AE77,14,Urban,Mediterranean,42030,10,True,10,Oceania,5,13596,0
2701,Halls Creek,11937.0,5086.0,1,175,175,Western Australia,#90AE77,11,Hills,Mediterranean,57064,0,False,10,Oceania,1,,0
2702,Port Hedland,11711.0,5140.0,1,175,175,Western Australia,#90AE77,11,Hills,Mediterranean,32115,0,True,10,Oceania,1,,0
2703,Newman,11711.0,5257.0,1,175,175,Western Australia,#90AE77,10,Plains,Desert,71583,0,False,10,Oceania,5,1996,0
2704,Carnavon,11500.0,5324.0,1,175,175,Western Australia,#90AE77,10,Plains,Desert,35028,0,True,10,Oceania,2,4078,0
2705,Wiluna,11755.0,5395.0,1,175,175,Western Australia,#90AE77,10,Plains,Desert,36029,0,False,10,Oceania,1,,0
2706,Warburton,11883.0,5377.0,1,175,175,Western Australia,#90AE77,11,Hills,Desert,53420,0,False,10,Oceania,1,,0
2707,Tanami,11957.0,5182.0,1,175,175,Western Australia,#90AE77,10,Plains,Desert,60779,0,False,10,Oceania,1,,0
2708,Yalgoo,11604.0,5457.0,1,175,175,Western Australia,#90AE77,10,Plains,Desert,44244,0,False,10,Oceania,1,,0
2709,Abbots,11629.0,5317.0,1,175,175,Western Australia,#90AE77,11,Hills,Desert,54595,0,False,10,Oceania,1,,0
2710,Telfer,11820.0,5192.0,1,175,175,Western Australia,#90AE77,11,Hills,Mediterranean,48408,0,False,10,Oceania,1,,0
2711,Rawanna,11846.0,5552.0,1,175,175,Western Australia,#90AE77,10,Plains,Desert,38100,0,True,10,Oceania,1,,0
2712,Higginsville,11776.0,5591.0,1,175,175,Western Australia,#90AE77,10,Plains,Desert,51435,0,False,10,Oceania,6,2777,0
2713,Onslow,11553.0,5204.0,1,175,175,Western Australia,#90AE77,10,Plains,Desert,90675,0,True,10,Oceania,1,,0
2714,Kumarina,11748.0,5321.0,1,175,175,Western Australia,#90AE77,10,Plains,Desert,59898,0,False,10,Oceania,6,2385,0
2715,Merauke,12390.0,4590.0,1,152,152,Papua New Guinea,#D5AD46,14,Urban,,369907,10,True,9,South East Asia,2,1545,0
2716,Melbourne,12538.0,5793.0,1,178,178,New South Wales,#E8D462,14,Urban,,338117,10,True,10,Oceania,6,1690,0
2717,Sydney,12715.0,5705.0,1,178,178,New South Wales,#E8D462,14,Urban,,366132,10,True,10,Oceania,2,1561,0
2718,Newcastle,12743.0,5635.0,1,178,178,New South Wales,#E8D462,14,Urban,,153124,10,True,10,Oceania,2,3732,0
2719,Mildura,12439.0,5675.0,1,178,178,New South Wales,#E8D462,14,Urban,Mediterranean,359454,10,False,10,Oceania,5,1590,0
2720,Ballarat,12507.0,5782.0,1,178,178,New South Wales,#E8D462,10,Plains,,74450,0,True,10,Oceania,2,1919,0
2721,Bendigo,12539.0,5746.0,1,178,178,New South Wales,#E8D462,10,Plains,,49080,0,False,10,Oceania,5,2911,0
2722,Canberra,12666.0,5719.0,1,178,178,New South Wales,#E8D462,14,Urban,,86291,10,False,10,Oceania,6,6622,0
2723,Bairnsdale,12621.0,5792.0,1,178,178,New South Wales,#E8D462,13,Forest,,80470,0,True,10,Oceania,1,,3
2724,Wagga Wagga,12611.0,5711.0,1,178,178,New South Wales,#E8D462,11,Hills,,78230,0,False,10,Oceania,1,,0
2725,Yaapeet,12439.0,5738.0,1,178,178,New South Wales,#E8D462,12,Mountain,,44261,0,True,10,Oceania,1,,3
2726,Silverton,12416.0,5601.0,1,178,178,New South Wales,#E8D462,11,Hills,Mediterranean,64576,0,False,10,Oceania,1,,0
2727,Tibooburra,12452.0,5523.0,1,178,178,New South Wales,#E8D462,10,Plains,Grassland,53331,0,False,10,Oceania,1,,0
2728,Hay,12535.0,5675.0,1,178,178,New South Wales,#E8D462,10,Plains,Mediterranean,71847,0,False,10,Oceania,1,,0
2729,Gosford,12731.0,5669.0,1,178,178,New South Wales,#E8D462,10,Plains,,73399,0,True,10,Oceania,1,,0
2730,Lismore,12779.0,5557.0,1,178,178,New South Wales,#E8D462,12,Mountain,,62767,0,True,10,Oceania,1,,3
2731,Dubbo,12684.0,5609.0,1,178,178,New South Wales,#E8D462,10,Plains,,64637,0,False,10,Oceania,5,2210,0
2732,Byrock,12598.0,5583.0,1,178,178,New South Wales,#E8D462,10,Plains,Mediterranean,71521,0,False,10,Oceania,1,,0
2733,Ivanhoe,12525.0,5619.0,1,178,178,New South Wales,#E8D462,10,Plains,Mediterranean,50058,0,False,10,Oceania,5,2854,0
2734,Bathurst,12682.0,5689.0,1,178,178,New South Wales,#E8D462,10,Plains,,60382,0,True,10,Oceania,5,2366,0
2735,Nymagee,12608.0,5617.0,1,178,178,New South Wales,#E8D462,11,Hills,Mediterranean,54388,0,False,10,Oceania,1,,0
2736,Walgett,12689.0,5573.0,1,178,178,New South Wales,#E8D462,10,Plains,Mediterranean,37152,0,False,10,Oceania,6,3845,0
2737,Wanaaring,12497.0,5539.0,1,178,178,New South Wales,#E8D462,10,Plains,Mediterranean,97152,0,False,10,Oceania,1,,0
2738,Brisbane,12803.0,5478.0,1,177,177,Queensland,#718E90,14,Urban,,204979,10,True,10,Oceania,5,2788,0
2739,Warwick,12780.0,5502.0,1,177,177,Queensland,#718E90,13,Forest,,62964,0,True,10,Oceania,1,,0
2740,Townsville,12564.0,5097.0,1,177,177,Queensland,#718E90,14,Urban,,358242,10,True,10,Oceania,5,1595,0
2741,Cloncurry,12359.0,5131.0,1,177,177,Queensland,#718E90,14,Urban,Mediterranean,380945,10,False,10,Oceania,2,1500,0
2742,Rockhampton,12699.0,5250.0,1,177,177,Queensland,#718E90,14,Urban,,182390,10,True,10,Oceania,2,3133,0
2743,Longreach,12474.0,5265.0,1,177,177,Queensland,#718E90,14,Urban,Mediterranean,71832,10,False,10,Oceania,6,7955,0
2744,Cairns,12522.0,5006.0,1,177,177,Queensland,#718E90,12,Mountain,,49452,0,True,10,Oceania,1,,4
2745,Floraville,12333.0,5066.0,1,177,177,Queensland,#718E90,10,Plains,,60094,0,True,10,Oceania,1,,0
2746,Dutches,12337.0,5174.0,1,177,177,Queensland,#718E90,11,Hills,Mediterranean,56489,0,False,10,Oceania,1,,0
2747,Richmond (QLD),12439.0,5136.0,1,177,177,Queensland,#718E90,10,Plains,Grassland,48858,0,False,10,Oceania,1,,0
2748,MCDonnell,12409.0,4867.0,1,177,177,Queensland,#718E90,13,Forest,,38486,0,True,10,Oceania,1,,0
2749,Emerald,12626.0,5252.0,1,177,177,Queensland,#718E90,10,Plains,Grassland,67413,0,False,10,Oceania,5,2119,0
2750,Mackay,12641.0,5164.0,1,177,177,Queensland,#718E90,11,Hills,,64487,0,True,10,Oceania,1,,0
2751,Charters Towers,12539.0,5119.0,1,177,177,Queensland,#718E90,11,Hills,Mediterranean,43341,0,False,10,Oceania,1,,0
2752,Palmerville,12454.0,4956.0,1,177,177,Queensland,#718E90,13,Forest,,37086,0,True,10,Oceania,1,,0
2753,Birdsville,12344.0,5377.0,1,177,177,Queensland,#718E90,10,Plains,Desert,49212,0,False,10,Oceania,6,2903,0
2754,Boulia,12350.0,5268.0,1,177,177,Queensland,#718E90,10,Plains,Desert,43507,0,False,10,Oceania,2,3284,0
2755,Windorah,12457.0,5363.0,1,177,177,Queensland,#718E90,10,Plains,Desert,58518,0,False,10,Oceania,1,,0
2756,Eromanga,12491.0,5413.0,1,177,177,Queensland,#718E90,10,Plains,Grassland,44394,0,False,10,Oceania,6,3218,0
2757,Eulo,12545.0,5473.0,1,177,177,Queensland,#718E90,10,Plains,Grassland,50819,0,False,10,Oceania,1,,0
2758,Maryborough,12782.0,5354.0,1,177,177,Queensland,#718E90,10,Plains,,52645,0,True,10,Oceania,6,2714,0
2759,Rannes,12685.0,5296.0,1,177,177,Queensland,#718E90,10,Plains,,43648,0,True,10,Oceania,6,3273,0
2760,Sandgate,12784.0,5437.0,1,177,177,Queensland,#718E90,10,Plains,,32374,0,True,10,Oceania,1,,0
2761,Dirranbandi,12682.0,5499.0,1,177,177,Queensland,#718E90,11,Hills,Mediterranean,74008,0,False,10,Oceania,1,,0
2762,Roma,12702.0,5390.0,1,177,177,Queensland,#718E90,13,Forest,Mediterranean,47576,0,False,10,Oceania,1,,0
2763,Charleville,12587.0,5389.0,1,177,177,Queensland,#718E90,10,Plains,Grassland,73481,0,False,10,Oceania,1,,0
2764,Port Moresby,12709.0,4625.0,1,152,152,Papua New Guinea,#D5AD46,14,Urban,,321513,10,True,9,South East Asia,2,1777,0
2765,Alotau,12866.0,4691.0,1,152,152,Papua New Guinea,#D5AD46,11,Hills,,61962,0,True,9,South East Asia,1,,0
2766,Daru,12510.0,4641.0,1,152,152,Papua New Guinea,#D5AD46,13,Forest,Jungle,47244,0,True,9,South East Asia,1,,0
2767,Aitape,12442.0,4342.0,1,152,152,Papua New Guinea,#D5AD46,13,Forest,Jungle,53912,0,True,9,South East Asia,1,,0
2768,Sarmi,12303.0,4291.0,1,152,152,Papua New Guinea,#D5AD46,13,Forest,Jungle,59382,0,True,9,South East Asia,1,,0
2769,Sorong,11992.0,4248.0,1,152,152,Papua New Guinea,#D5AD46,10,Plains,,40090,0,True,9,South East Asia,5,3563,0
2770,Kaimana,12103.0,4374.0,1,152,152,Papua New Guinea,#D5AD46,13,Forest,Jungle,70171,0,True,9,South East Asia,1,,0
2771,Madang,12637.0,4444.0,1,152,152,Papua New Guinea,#D5AD46,12,Mountain,,42000,0,True,9,South East Asia,5,3401,4
2772,Lae,12708.0,4509.0,1,152,152,Papua New Guinea,#D5AD46,12,Mountain,,64318,0,True,9,South East Asia,6,2221,5
2773,Morobe,12730.0,4574.0,1,152,152,Papua New Guinea,#D5AD46,12,Mountain,,34423,0,True,9,South East Asia,5,4150,5
2774,Timika,12227.0,4423.0,1,152,152,Papua New Guinea,#D5AD46,14,Urban,,221131,10,True,9,South East Asia,6,2584,0
2775,Agats,12318.0,4481.0,1,152,152,Papua New Guinea,#D5AD46,13,Forest,Jungle,32653,0,True,9,South East Asia,1,,1
2776,Mendi,12543.0,4517.0,1,152,152,Papua New Guinea,#D5AD46,13,Forest,Jungle,58238,0,True,9,South East Asia,1,,0
2777,Wewak,12533.0,4369.0,1,152,152,Papua New Guinea,#D5AD46,13,Forest,Jungle,64253,0,True,9,South East Asia,1,,0
2778,Tiom,12330.0,4399.0,1,152,152,Papua New Guinea,#D5AD46,12,Mountain,,65252,0,False,9,South East Asia,2,2189,6
2779,Aiambak,12437.0,4561.0,1,152,152,Papua New Guinea,#D5AD46,13,Forest,Jungle,37531,0,False,9,South East Asia,1,,1
2780,Tabubil,12435.0,4457.0,1,152,152,Papua New Guinea,#D5AD46,14,Urban,,55733,10,False,9,South East Asia,6,10253,3
2781,Wabag,12552.0,4463.0,1,152,152,Papua New Guinea,#D5AD46,12,Mountain,,65213,0,False,9,South East Asia,5,2191,4
2782,Manokwari,12097.0,4246.0,1,152,152,Papua New Guinea,#D5AD46,13,Forest,Jungle,46591,0,True,9,South East Asia,1,,0
2783,Kimbe,12854.0,4463.0,1,152,152,Papua New Guinea,#D5AD46,13,Forest,Jungle,46694,0,True,9,South East Asia,1,,0
2784,Kavieng,12900.0,4324.0,1,152,152,Papua New Guinea,#D5AD46,10,Plains,,38254,0,True,9,South East Asia,1,,0
2785,Jayapura,12385.0,4326.0,1,152,152,Papua New Guinea,#D5AD46,14,Urban,,214498,10,True,9,South East Asia,5,2664,0
2786,Kumbe,12364.0,4592.0,1,152,152,Papua New Guinea,#D5AD46,13,Forest,Jungle,31177,0,True,9,South East Asia,1,,0
2787,Botawa,12208.0,4346.0,1,152,152,Papua New Guinea,#D5AD46,13,Forest,Jungle,63484,0,True,9,South East Asia,1,,0
2788,Tembagapura,12259.0,4394.0,1,152,152,Papua New Guinea,#D5AD46,13,Forest,Jungle,70201,0,True,9,South East Asia,1,,0
2789,Hobart,12588.0,6013.0,3,179,179,Tasmania,#8F7B44,11,Hills,,90899,0,True,10,Oceania,1,,0
2790,Devonport,12584.0,5920.0,1,179,179,Tasmania,#8F7B44,14,Urban,,52686,10,True,10,Oceania,5,10846,0
2791,Strahan,12530.0,5959.0,1,179,179,Tasmania,#8F7B44,10,Plains,,145562,0,True,10,Oceania,1,,0
2792,Auckland,13340.0,5585.0,1,174,174,New Zealand,#4C704E,14,Urban,,281525,10,True,10,Oceania,2,2030,0
2793,Wellington,13341.0,5935.0,1,174,174,New Zealand,#4C704E,14,Urban,,350283,10,True,10,Oceania,6,1631,0
2794,Otira,13143.0,6056.0,1,174,174,New Zealand,#4C704E,12,Mountain,,42557,0,False,10,Oceania,1,,5
2795,Dunedin,13075.0,6232.0,1,174,174,New Zealand,#4C704E,14,Urban,,65132,10,True,10,Oceania,5,8773,0
2796,Invercargill,12972.0,6266.0,1,174,174,New Zealand,#4C704E,10,Plains,,58565,0,True,10,Oceania,6,2439,0
2797,Cromwell,13019.0,6170.0,1,174,174,New Zealand,#4C704E,11,Hills,,33475,0,False,10,Oceania,1,,0
2798,Nelson,13258.0,5941.0,1,174,174,New Zealand,#4C704E,13,Forest,,64346,0,True,10,Oceania,1,,0
2799,Greymouth,13127.0,6032.0,1,174,174,New Zealand,#4C704E,14,Urban,,191878,10,True,10,Oceania,5,2978,0
2800,Timaru,13131.0,6129.0,1,174,174,New Zealand,#4C704E,10,Plains,,45938,0,True,10,Oceania,1,,2
2801,Oamaru,13100.0,6182.0,1,174,174,New Zealand,#4C704E,10,Plains,,72318,0,True,10,Oceania,6,1975,0
2802,Westport,13167.0,5975.0,1,174,174,New Zealand,#4C704E,13,Forest,,53447,0,True,10,Oceania,1,,0
2803,Ohakune,13365.0,5847.0,1,174,174,New Zealand,#4C704E,10,Plains,,86610,0,True,10,Oceania,2,1649,0
2804,Gisborne,13514.0,5768.0,1,174,174,New Zealand,#4C704E,13,Forest,,78635,0,True,10,Oceania,1,,0
2805,Mokai,13438.0,5755.0,1,174,174,New Zealand,#4C704E,12,Mountain,,69265,0,True,10,Oceania,1,,4
2806,Ohura,13362.0,5763.0,1,174,174,New Zealand,#4C704E,11,Hills,,39054,0,True,10,Oceania,1,,0
2807,Napier,13442.0,5830.0,1,174,174,New Zealand,#4C704E,10,Plains,,55781,0,True,10,Oceania,6,2561,0
2808,Masterton,13393.0,5913.0,1,174,174,New Zealand,#4C704E,11,Hills,,55791,0,True,10,Oceania,1,,0
2809,Hamilton,13375.0,5699.0,1,174,174,New Zealand,#4C704E,10,Plains,,47213,0,True,10,Oceania,5,3026,0
2810,Blenheim,13284.0,5968.0,1,174,174,New Zealand,#4C704E,12,Mountain,,46947,0,True,10,Oceania,1,,6
2811,Kaikoura,13251.0,6025.0,1,174,174,New Zealand,#4C704E,11,Hills,,88123,0,True,10,Oceania,1,,0
2812,Te Anau,12936.0,6191.0,1,174,174,New Zealand,#4C704E,12,Mountain,,38823,0,True,10,Oceania,1,,5
2813,Hokitika,13108.0,6055.0,1,174,174,New Zealand,#4C704E,12,Mountain,,92759,0,True,10,Oceania,1,,6
2814,Wanaka,13027.0,6130.0,1,174,174,New Zealand,#4C704E,12,Mountain,,29391,0,True,10,Oceania,1,,7
2815,Christchurch,13208.0,6095.0,1,174,174,New Zealand,#4C704E,14,Urban,,267175,10,True,10,Oceania,2,2139,0
2816,Leningrad,7392.0,1281.0,1,157,157,Arkhangelsk,#D1B04D,14,Urban,,383084,10,False,6,Russia,6,1492,0
2817,Vologda,7651.0,1255.0,1,157,157,Arkhangelsk,#D1B04D,14,Urban,Boreal,307861,10,False,6,Russia,5,1856,0
2818,Arkhangelsk,7650.0,962.0,1,157,157,Arkhangelsk,#D1B04D,14,Urban,Boreal,263607,10,True,6,Russia,5,2168,0
2819,Naryan-Mar,8250.0,674.0,1,157,157,Arkhangelsk,#D1B04D,14,Urban,Tundra,131420,10,True,6,Russia,2,4348,0
2820,Pskov,7345.0,1383.0,1,157,157,Arkhangelsk,#D1B04D,10,Plains,,49405,0,False,6,Russia,2,2892,0
2821,Veliky Novgorod,7402.0,1366.0,1,157,157,Arkhangelsk,#D1B04D,10,Plains,,64284,0,False,6,Russia,1,,0
2822,Gdov,7324.0,1326.0,1,157,157,Arkhangelsk,#D1B04D,13,Forest,,42393,0,True,6,Russia,1,,0
2823,Nevel,7431.0,1446.0,1,157,157,Arkhangelsk,#D1B04D,10,Plains,,62896,0,False,6,Russia,1,,0
2824,Amderma,8691.0,638.0,1,157,157,Arkhangelsk,#D1B04D,10,Plains,Tundra,55923,0,True,6,Russia,2,2555,0
2825,Shoyna,7759.0,731.0,1,157,157,Arkhangelsk,#D1B04D,11,Hills,Tundra,33130,0,True,6,Russia,1,,0
2826,Knyazhpogost,8310.0,1122.0,1,158,158,Komi Republic,#7A8054,10,Plains,Boreal,41634,0,False,6,Russia,1,,0
2827,Dutovo,8522.0,1019.0,1,158,158,Komi Republic,#7A8054,11,Hills,Boreal,63275,0,False,6,Russia,5,2258,0
2828,Pechora,8548.0,891.0,1,158,158,Komi Republic,#7A8054,10,Plains,Boreal,54456,0,False,6,Russia,1,,0
2829,Ukhta,8399.0,999.0,1,158,158,Komi Republic,#7A8054,11,Hills,Boreal,31299,0,False,6,Russia,5,4564,0
2830,Izhma,8450.0,1015.0,1,158,158,Komi Republic,#7A8054,14,Urban,Boreal,315324,10,False,6,Russia,6,1812,0
2831,Ust-Tsilma,8364.0,848.0,1,158,158,Komi Republic,#7A8054,13,Forest,Boreal,60591,0,False,6,Russia,1,,0
2832,Inta,8700.0,832.0,1,158,158,Komi Republic,#7A8054,12,Mountain,Boreal,37073,0,False,6,Russia,2,3853,13
2833,Syktyvkar,8311.0,1184.0,1,158,158,Komi Republic,#7A8054,10,Plains,Boreal,69303,0,False,6,Russia,6,2061,0
2834,Troitsko-Pechorsk,8520.0,1115.0,1,158,158,Komi Republic,#7A8054,11,Hills,Boreal,55267,0,False,6,Russia,2,2585,0
2835,Kuratovo,8258.0,1238.0,1,158,158,Komi Republic,#7A8054,11,Hills,Boreal,29544,0,False,6,Russia,1,,0
2836,Vazhgort,8187.0,1033.0,1,158,158,Komi Republic,#7A8054,13,Forest,Boreal,48803,0,False,6,Russia,1,,0
2837,Khorey-Ver,8520.0,755.0,1,157,157,Arkhangelsk,#D1B04D,11,Hills,Tundra,38491,0,True,6,Russia,1,,0
2838,Kargopol,7573.0,1173.0,1,157,157,Arkhangelsk,#D1B04D,10,Plains,Boreal,32116,0,False,6,Russia,5,4448,0
2839,Kotlas,8133.0,1190.0,1,157,157,Arkhangelsk,#D1B04D,11,Hills,Boreal,66802,0,False,6,Russia,1,,0
2840,Mezen,7798.0,839.0,1,157,157,Arkhangelsk,#D1B04D,10,Plains,Tundra,55051,0,True,6,Russia,2,2595,0
2841,Onega,7567.0,1061.0,1,157,157,Arkhangelsk,#D1B04D,13,Forest,Boreal,55696,0,True,6,Russia,1,,0
2842,Shenkursk,7706.0,1135.0,1,157,157,Arkhangelsk,#D1B04D,10,Plains,Boreal,47871,0,False,6,Russia,1,,0
2843,Bereznik,7696.0,1057.0,1,157,157,Arkhangelsk,#D1B04D,14,Urban,Boreal,60931,10,False,6,Russia,6,9378,0
2844,Karpogory,8011.0,1011.0,1,157,157,Arkhangelsk,#D1B04D,10,Plains,Boreal,30619,0,False,6,Russia,2,4666,0
2845,Leshukonskoye,8125.0,940.0,1,157,157,Arkhangelsk,#D1B04D,13,Forest,Boreal,53014,0,False,6,Russia,1,,0
2846,Pinega,7849.0,939.0,1,157,157,Arkhangelsk,#D1B04D,10,Plains,Boreal,46338,0,False,6,Russia,1,,0
2847,Kotkino,8136.0,720.0,1,157,157,Arkhangelsk,#D1B04D,10,Plains,Tundra,46960,0,True,6,Russia,6,3042,0
2848,Cherepovets,7601.0,1267.0,1,157,157,Arkhangelsk,#D1B04D,11,Hills,,41788,0,False,6,Russia,1,,0
2849,Volkhov,7423.0,1259.0,1,157,157,Arkhangelsk,#D1B04D,13,Forest,Boreal,34830,0,True,6,Russia,1,,0
2850,Khvoynaya,7508.0,1322.0,1,157,157,Arkhangelsk,#D1B04D,13,Forest,Boreal,61263,0,False,6,Russia,1,,0
2851,Sokol,7679.0,1236.0,1,157,157,Arkhangelsk,#D1B04D,11,Hills,Boreal,62107,0,False,6,Russia,1,,0
2852,Gryazovets,7668.0,1283.0,1,157,157,Arkhangelsk,#D1B04D,13,Forest,Boreal,34330,0,False,6,Russia,1,,0
2853,Nikolsk,7920.0,1257.0,1,157,157,Arkhangelsk,#D1B04D,10,Plains,Boreal,47008,0,False,6,Russia,1,,0
2854,Kizema,7951.0,1168.0,1,157,157,Arkhangelsk,#D1B04D,13,Forest,Boreal,40878,0,False,6,Russia,1,,0
2855,Salekhard,8893.0,715.0,1,161,161,North Ural,#729093,11,Hills,Tundra,37444,0,True,6,Russia,1,,0
2856,Tarko-Sale,9313.0,814.0,1,161,161,North Ural,#729093,10,Plains,Boreal,43674,0,False,6,Russia,1,,0
2857,Nadym,9065.0,775.0,1,161,161,North Ural,#729093,10,Plains,Tundra,60948,0,True,6,Russia,1,,0
2858,Urengoy,9302.0,739.0,1,161,161,North Ural,#729093,14,Urban,Boreal,382574,10,False,6,Russia,2,1494,0
2859,Khanty-Mansiysk,9012.0,1177.0,1,161,161,North Ural,#729093,14,Urban,Boreal,148761,10,False,6,Russia,2,3841,0
2860,Surgut,9186.0,1177.0,1,161,161,North Ural,#729093,14,Urban,Boreal,323174,10,False,6,Russia,6,1768,0
2861,Beloyarsky,8877.0,1036.0,1,161,161,North Ural,#729093,14,Urban,Boreal,352186,10,True,6,Russia,5,1623,0
2862,Nizhnevartovsk,9305.0,1193.0,1,161,161,North Ural,#729093,10,Plains,Boreal,45979,0,False,6,Russia,5,3107,0
2863,Leushi,8879.0,1265.0,1,161,161,North Ural,#729093,11,Hills,Boreal,54472,0,False,6,Russia,1,,0
2864,Beryozovo,8784.0,1002.0,1,161,161,North Ural,#729093,12,Mountain,Boreal,46912,0,False,6,Russia,1,,9
2865,Igrim,8742.0,1092.0,1,161,161,North Ural,#729093,12,Mountain,Boreal,55586,0,False,6,Russia,1,,14
2866,Kasymsk,9083.0,928.0,1,161,161,North Ural,#729093,10,Plains,Boreal,52952,0,False,6,Russia,6,2698,0
2867,Pokatshena,9204.0,1031.0,1,161,161,North Ural,#729093,10,Plains,Boreal,68401,0,False,6,Russia,1,,0
2868,Yugansk,9205.0,1214.0,1,161,161,North Ural,#729093,10,Plains,Boreal,65979,0,False,6,Russia,1,,0
2869,Taran,9142.0,553.0,1,161,161,North Ural,#729093,14,Urban,Tundra,35753,10,True,6,Russia,5,15983,0
2870,Ovgort,8817.0,888.0,1,161,161,North Ural,#729093,11,Hills,Boreal,48338,0,False,6,Russia,1,,0
2871,Korliki,9519.0,1148.0,1,161,161,North Ural,#729093,10,Plains,Boreal,63889,0,False,6,Russia,2,2236,0
2872,Kikkiakki,9501.0,953.0,1,161,161,North Ural,#729093,10,Plains,Boreal,34120,0,False,6,Russia,1,,0
2873,Khalmer-Sede,9309.0,697.0,1,161,161,North Ural,#729093,10,Plains,Tundra,59238,0,True,6,Russia,6,2412,0
2874,Muşkino,9129.0,1183.0,1,161,161,North Ural,#729093,11,Hills,Boreal,45819,0,False,6,Russia,1,,0
2875,Andra,8902.0,1127.0,1,161,161,North Ural,#729093,11,Hills,Boreal,65386,0,False,6,Russia,1,,0
2876,Verkhnekazymskiy,8968.0,1038.0,1,161,161,North Ural,#729093,11,Hills,Boreal,30345,0,False,6,Russia,1,,0
2877,Tolka,9400.0,985.0,1,161,161,North Ural,#729093,10,Plains,Boreal,48591,0,False,6,Russia,1,,0
2878,Ratta,9585.0,1034.0,1,161,161,North Ural,#729093,11,Hills,Boreal,64207,0,False,6,Russia,1,,0
2879,Krasnoselkup,9464.0,742.0,1,161,161,North Ural,#729093,10,Plains,Tundra,53301,0,False,6,Russia,6,2680,0
2880,Nowoagansk,9326.0,1077.0,1,161,161,North Ural,#729093,10,Plains,Boreal,35166,0,False,6,Russia,6,4062,0
2881,Krasnoyarsk,9807.0,1407.0,1,163,163,Siberia,#6B8775,14,Urban,,286242,10,True,6,Russia,2,1996,0
2882,Dudinka,9579.0,580.0,1,163,163,Siberia,#6B8775,11,Hills,Tundra,54047,0,True,6,Russia,1,,0
2883,Igarka,9651.0,744.0,1,163,163,Siberia,#6B8775,10,Plains,Tundra,52185,0,False,6,Russia,1,,0
2884,Irkutsk,10300.0,1623.0,1,164,164,East Siberia,#9B6A28,14,Urban,,465810,10,False,6,Russia,2,1227,0
2885,Norilsk,9714.0,580.0,1,163,163,Siberia,#6B8775,10,Plains,Tundra,48667,0,True,6,Russia,2,2935,0
2886,Nazarovo,9722.0,1391.0,1,163,163,Siberia,#6B8775,10,Plains,,43479,0,False,6,Russia,1,,0
2887,Ilansky,9939.0,1405.0,1,163,163,Siberia,#6B8775,10,Plains,Boreal,46488,0,False,6,Russia,1,,0
2888,Syndassko,10173.0,322.0,1,163,163,Siberia,#6B8775,14,Urban,Tundra,248475,10,True,6,Russia,6,2300,0
2889,Baykit,10029.0,1075.0,1,163,163,Siberia,#6B8775,10,Plains,Boreal,44072,0,False,6,Russia,2,3241,0
2890,Bor,9729.0,986.0,1,163,163,Siberia,#6B8775,13,Forest,Boreal,54383,0,False,6,Russia,1,,0
2891,Khatanga,10280.0,462.0,1,163,163,Siberia,#6B8775,11,Hills,Tundra,34980,0,True,6,Russia,1,,0
2892,Ekonda,10349.0,778.0,1,163,163,Siberia,#6B8775,10,Plains,Boreal,25902,0,False,6,Russia,1,,0
2893,Poligus,9825.0,1168.0,1,163,163,Siberia,#6B8775,13,Forest,Boreal,36847,0,False,6,Russia,1,,0
2894,Tura,10158.0,816.0,1,163,163,Siberia,#6B8775,11,Hills,Boreal,35963,0,False,6,Russia,1,,0
2895,Vanavara,10266.0,1147.0,1,163,163,Siberia,#6B8775,10,Plains,Boreal,30166,0,False,6,Russia,6,4736,0
2896,Volochanka,9936.0,510.0,1,163,163,Siberia,#6B8775,11,Hills,Tundra,52532,0,True,6,Russia,1,,0
2897,Uchami,9927.0,882.0,1,163,163,Siberia,#6B8775,12,Mountain,Boreal,31985,0,False,6,Russia,1,,18
2898,Yessey,10125.0,666.0,1,163,163,Siberia,#6B8775,10,Plains,Tundra,51680,0,False,6,Russia,1,,0
2899,Tomsk,9620.0,1388.0,1,163,163,Siberia,#6B8775,14,Urban,,305834,10,False,6,Russia,5,1868,0
2900,Kolpashevo,9553.0,1307.0,1,163,163,Siberia,#6B8775,10,Plains,,53127,0,False,6,Russia,1,,0
2901,Alexandrovskoye,9361.0,1249.0,1,163,163,Siberia,#6B8775,10,Plains,,25196,0,False,6,Russia,2,5670,0
2902,Maklakovo,9809.0,1344.0,1,163,163,Siberia,#6B8775,11,Hills,Boreal,51602,0,False,6,Russia,1,,0
2903,Abakan,9725.0,1496.0,1,163,163,Siberia,#6B8775,10,Plains,,51710,0,False,6,Russia,5,2763,0
2904,Novosibirsk,9485.0,1456.0,1,163,163,Siberia,#6B8775,14,Urban,,298753,10,False,6,Russia,6,1913,0
2905,Barnaul,9498.0,1531.0,1,163,163,Siberia,#6B8775,11,Hills,,48291,0,False,6,Russia,1,,0
2906,Kyzyl,9849.0,1662.0,1,165,165,Tannu Tuva,#A64A4C,14,Urban,,240323,10,False,6,Russia,5,2378,0
2907,Onguday,9551.0,1729.0,1,163,163,Siberia,#6B8775,10,Plains,,25044,0,False,6,Russia,1,,0
2908,Omsk,9175.0,1504.0,1,163,163,Siberia,#6B8775,10,Plains,,37430,0,False,6,Russia,1,,0
2909,Tatarsk,9305.0,1495.0,1,163,163,Siberia,#6B8775,14,Urban,,38269,10,False,6,Russia,5,14932,0
2910,Kyshtovka,9328.0,1392.0,1,163,163,Siberia,#6B8775,10,Plains,,57907,0,False,6,Russia,1,,0
2911,Karasuk,9347.0,1586.0,1,163,163,Siberia,#6B8775,10,Plains,,26920,0,False,6,Russia,1,,0
2912,Sheregesh,9627.0,1528.0,1,163,163,Siberia,#6B8775,11,Hills,,48654,0,False,6,Russia,1,,0
2913,Bolotnoye,9571.0,1438.0,1,163,163,Siberia,#6B8775,10,Plains,,38875,0,False,6,Russia,2,3675,0
2914,Kirensk,10557.0,1365.0,1,164,164,East Siberia,#9B6A28,13,Forest,,52245,0,False,6,Russia,1,,0
2915,Nizhneudinsk,10073.0,1623.0,1,164,164,East Siberia,#9B6A28,10,Plains,,35155,0,False,6,Russia,1,,0
2916,Bratsk,10216.0,1441.0,1,164,164,East Siberia,#9B6A28,11,Hills,,42712,0,False,6,Russia,5,3345,0
2917,Kyren,10195.0,1717.0,1,164,164,East Siberia,#9B6A28,13,Forest,,30180,0,False,6,Russia,1,,0
2918,Ulan-Ude,10482.0,1638.0,1,164,164,East Siberia,#9B6A28,11,Hills,,48675,0,False,6,Russia,1,,0
2919,Bodaybo,10800.0,1336.0,1,164,164,East Siberia,#9B6A28,10,Plains,,49214,0,False,6,Russia,1,,0
2920,Kyakhta,10416.0,1771.0,1,164,164,East Siberia,#9B6A28,10,Plains,,54690,0,False,6,Russia,6,2612,0
2921,Yerbogachen,10492.0,1108.0,1,164,164,East Siberia,#9B6A28,10,Plains,Boreal,52453,0,False,6,Russia,6,2724,0
2922,Tokma,10355.0,1300.0,1,164,164,East Siberia,#9B6A28,11,Hills,Boreal,45745,0,False,6,Russia,1,,0
2923,Zhigalovo,10361.0,1515.0,1,164,164,East Siberia,#9B6A28,13,Forest,,43652,0,False,6,Russia,1,,0
2924,Chara,10863.0,1457.0,1,164,164,East Siberia,#9B6A28,11,Hills,,46030,0,False,6,Russia,1,,0
2925,Mogocha,10843.0,1530.0,1,164,164,East Siberia,#9B6A28,10,Plains,,39762,0,False,6,Russia,1,,0
2926,Otpor,10751.0,1714.0,1,164,164,East Siberia,#9B6A28,10,Plains,Desert,76335,0,False,6,Russia,1,,0
2927,Chita,10625.0,1626.0,1,164,164,East Siberia,#9B6A28,11,Hills,,35684,0,False,6,Russia,1,,0
2928,Bagdarin,10621.0,1515.0,1,164,164,East Siberia,#9B6A28,10,Plains,,81309,0,False,6,Russia,5,1757,0
2929,Chadan,9718.0,1729.0,1,165,165,Tannu Tuva,#A64A4C,10,Plains,Desert,45691,0,False,6,Russia,1,,0
2930,Shagonar,9771.0,1706.0,1,165,165,Tannu Tuva,#A64A4C,11,Hills,,44725,0,False,6,Russia,1,,0
2931,Saryg-Sep,9906.0,1704.0,1,165,165,Tannu Tuva,#A64A4C,13,Forest,,70499,0,False,6,Russia,1,,0
2932,Toora-Chem,9919.0,1615.0,1,165,165,Tannu Tuva,#A64A4C,10,Plains,,58240,0,False,6,Russia,1,,0
2933,Siktyah,10879.0,553.0,1,167,167,West Yakutia,#F0CE8E,14,Urban,Tundra,280639,10,False,6,Russia,2,2036,0
2934,Nyurba,10702.0,1019.0,1,167,167,West Yakutia,#F0CE8E,14,Urban,Boreal,270442,10,False,6,Russia,6,2113,0
2935,Aykhal,10628.0,749.0,1,167,167,West Yakutia,#F0CE8E,13,Forest,Boreal,29376,0,False,6,Russia,1,,0
2936,Olenyok,10536.0,644.0,1,167,167,West Yakutia,#F0CE8E,10,Plains,Tundra,18712,0,False,6,Russia,1,,0
2937,Zhigansk,10855.0,737.0,1,167,167,West Yakutia,#F0CE8E,10,Plains,Boreal,18678,0,False,6,Russia,5,7648,0
2938,Nyuya,10808.0,1170.0,1,167,167,West Yakutia,#F0CE8E,10,Plains,Boreal,28385,0,False,6,Russia,1,,0
2939,Olyokminsk,10946.0,1193.0,1,167,167,West Yakutia,#F0CE8E,11,Hills,Boreal,23649,0,False,6,Russia,1,,0
2940,Vilyuysk,10806.0,1020.0,1,167,167,West Yakutia,#F0CE8E,13,Forest,Boreal,25163,0,False,6,Russia,1,,0
2941,Tiksi,10994.0,402.0,1,167,167,West Yakutia,#F0CE8E,14,Urban,Tundra,167936,10,True,6,Russia,6,3403,0
2942,Peleduy,10654.0,1258.0,1,167,167,West Yakutia,#F0CE8E,10,Plains,Boreal,34993,0,False,6,Russia,1,,0
2943,Sangar,11014.0,917.0,1,167,167,West Yakutia,#F0CE8E,10,Plains,Boreal,31115,0,False,6,Russia,1,,0
2944,Nayba,11055.0,461.0,1,167,167,West Yakutia,#F0CE8E,11,Hills,Tundra,29067,0,True,6,Russia,1,,0
2945,Kryusyur,10940.0,498.0,1,167,167,West Yakutia,#F0CE8E,10,Plains,Tundra,34126,0,False,6,Russia,1,,0
2946,Ust-Olenek,10790.0,391.0,1,167,167,West Yakutia,#F0CE8E,10,Plains,Tundra,30704,0,True,6,Russia,1,,0
2947,Yuryung-Khaya,10539.0,374.0,1,167,167,West Yakutia,#F0CE8E,10,Plains,Tundra,17070,0,True,6,Russia,1,,0
2948,Saskylakh,10543.0,479.0,1,167,167,West Yakutia,#F0CE8E,10,Plains,Tundra,28582,0,False,6,Russia,1,,0
2949,Bolotistoy-Derevne,10774.0,529.0,1,167,167,West Yakutia,#F0CE8E,10,Plains,Tundra,19523,0,False,6,Russia,5,7317,0
2950,Zyryanka,11649.0,791.0,1,166,166,East Yakutia,#577779,12,Mountain,Boreal,60971,0,False,6,Russia,1,,9
2951,Yugoryonok,11334.0,1134.0,1,166,166,East Yakutia,#577779,10,Plains,Boreal,48850,0,False,6,Russia,5,2924,0
2952,Yakutsk,11105.0,975.0,1,166,166,East Yakutia,#577779,14,Urban,Boreal,330524,10,True,6,Russia,5,1729,0
2953,Zhataystroy,11115.0,931.0,1,166,166,East Yakutia,#577779,10,Plains,Boreal,61619,0,False,6,Russia,6,2318,0
2954,Ust-Maya,11245.0,1086.0,1,166,166,East Yakutia,#577779,13,Forest,Boreal,44574,0,False,6,Russia,1,,0
2955,Nizhny Kuranakh,11061.0,1185.0,1,166,166,East Yakutia,#577779,10,Plains,Boreal,70430,0,False,6,Russia,2,2028,0
2956,Nizhneyansk,11391.0,501.0,1,166,166,East Yakutia,#577779,14,Urban,Tundra,192197,10,True,6,Russia,6,2973,0
2957,Nagorny,11064.0,1352.0,1,166,166,East Yakutia,#577779,10,Plains,Boreal,58008,0,False,6,Russia,2,2463,0
2958,Nizhne-Stalinsk,11059.0,1244.0,1,166,166,East Yakutia,#577779,13,Forest,Boreal,47860,0,False,6,Russia,1,,0
2959,Khandyga,11298.0,965.0,1,166,166,East Yakutia,#577779,13,Forest,Boreal,64638,0,False,6,Russia,1,,0
2960,Ese-Khayya,11319.0,749.0,1,166,166,East Yakutia,#577779,12,Mountain,Tundra,60693,0,False,6,Russia,1,,9
2961,Chokurdakh,11552.0,537.0,1,166,166,East Yakutia,#577779,10,Plains,Tundra,35109,0,True,6,Russia,1,,0
2962,Nizhniye Kresty,11872.0,536.0,1,166,166,East Yakutia,#577779,11,Hills,Tundra,46007,0,True,6,Russia,1,,0
2963,Batagay,11362.0,601.0,1,166,166,East Yakutia,#577779,10,Plains,Tundra,42764,0,True,6,Russia,1,,0
2964,Pokrovsk,11098.0,1011.0,1,166,166,East Yakutia,#577779,10,Plains,Boreal,52344,0,False,6,Russia,1,,0
2965,Aldan,11058.0,1215.0,1,166,166,East Yakutia,#577779,14,Urban,Boreal,385977,10,False,6,Russia,6,1480,0
2966,Srednekolymsk,11759.0,622.0,1,166,166,East Yakutia,#577779,10,Plains,Tundra,46960,0,False,6,Russia,1,,0
2967,Verkhoyansk,11409.0,603.0,1,166,166,East Yakutia,#577779,10,Plains,Tundra,62455,0,False,6,Russia,1,,0
2968,Eldikan,11288.0,1058.0,1,166,166,East Yakutia,#577779,14,Urban,Boreal,286491,10,False,6,Russia,2,1995,0
2969,Tyanya,10973.0,1265.0,1,166,166,East Yakutia,#577779,10,Plains,,39386,0,False,6,Russia,1,,0
2970,Ust-Nera,11524.0,903.0,1,166,166,East Yakutia,#577779,10,Plains,Boreal,50818,0,False,6,Russia,2,2811,0
2971,Allakh-Yun,11475.0,1051.0,1,166,166,East Yakutia,#577779,12,Mountain,Boreal,47954,0,False,6,Russia,1,,9
2972,Yunkyur,11214.0,765.0,1,166,166,East Yakutia,#577779,12,Mountain,Tundra,58242,0,False,6,Russia,1,,11
2973,Khonuu,11519.0,822.0,1,166,166,East Yakutia,#577779,14,Urban,Boreal,49489,10,False,6,Russia,5,11547,0
2974,Tynda,11093.0,1476.0,1,166,166,East Yakutia,#577779,11,Hills,,54274,0,False,6,Russia,1,,0
2975,Bomnak,11239.0,1519.0,1,166,166,East Yakutia,#577779,10,Plains,Boreal,41340,0,False,6,Russia,2,3456,0
2976,Chagda,11245.0,1274.0,1,166,166,East Yakutia,#577779,13,Forest,Boreal,53662,0,False,6,Russia,1,,0
2977,Tugur,11680.0,1430.0,1,169,169,Khabarovsk,#CEB779,14,Urban,Boreal,386539,10,True,6,Russia,6,1478,0
2978,Chumikan,11616.0,1344.0,1,169,169,Khabarovsk,#CEB779,13,Forest,Boreal,53692,0,True,6,Russia,1,,0
2979,Ayan,11635.0,1241.0,1,169,169,Khabarovsk,#CEB779,12,Mountain,Boreal,29661,0,True,6,Russia,1,,11
2980,Oktyabrskiy,11297.0,1639.0,1,169,169,Khabarovsk,#CEB779,13,Forest,,62794,0,False,6,Russia,1,,0
2981,Blagoveshchensk,11356.0,1753.0,1,169,169,Khabarovsk,#CEB779,10,Plains,,38468,0,False,6,Russia,2,3714,0
2982,Khabarovsk,11525.0,1693.0,1,169,169,Khabarovsk,#CEB779,14,Urban,,196537,10,False,6,Russia,5,2907,0
2983,Bikinskaya,11548.0,1716.0,1,169,169,Khabarovsk,#CEB779,10,Plains,,47651,0,False,6,Russia,5,2998,0
2984,Komsomolsk,11700.0,1644.0,1,169,169,Khabarovsk,#CEB779,14,Urban,,53499,10,False,6,Russia,5,10681,0
2985,Nikolayevsk-on-Amur,11837.0,1459.0,1,169,169,Khabarovsk,#CEB779,10,Plains,Boreal,41654,0,True,6,Russia,5,3430,0
2986,Sovetskaya Gavan,11880.0,1740.0,1,169,169,Khabarovsk,#CEB779,10,Plains,Boreal,48490,0,True,6,Russia,1,,0
2987,Vyazemsky,11563.0,1800.0,1,169,169,Khabarovsk,#CEB779,10,Plains,,56907,0,False,6,Russia,1,,0
2988,De-Kastri,11879.0,1547.0,1,169,169,Khabarovsk,#CEB779,14,Urban,Boreal,352025,10,True,6,Russia,2,1623,0
2989,Vanino,11864.0,1703.0,1,169,169,Khabarovsk,#CEB779,13,Forest,Boreal,55653,0,True,6,Russia,1,,0
2990,Chegdomyn,11447.0,1581.0,1,169,169,Khabarovsk,#CEB779,10,Plains,,52713,0,False,6,Russia,1,,0
2991,Imeni Poliny Osipenko,11692.0,1529.0,1,169,169,Khabarovsk,#CEB779,13,Forest,Boreal,43741,0,False,6,Russia,1,,0
2992,Vyatskoye,11633.0,1688.0,1,169,169,Khabarovsk,#CEB779,13,Forest,,41156,0,False,6,Russia,1,,0
2993,Ekimchan,11466.0,1457.0,1,169,169,Khabarovsk,#CEB779,12,Mountain,Boreal,37714,0,False,6,Russia,1,,6
2994,Aim,11497.0,1190.0,1,169,169,Khabarovsk,#CEB779,10,Plains,Boreal,37951,0,False,6,Russia,5,3764,0
2995,Nelkan,11467.0,1307.0,1,169,169,Khabarovsk,#CEB779,11,Hills,Boreal,45523,0,False,6,Russia,1,,0
2996,Ogoron,11321.0,1561.0,1,169,169,Khabarovsk,#CEB779,13,Forest,,56618,0,False,6,Russia,1,,0
2997,Nakhodka,11730.0,2132.0,1,169,169,Khabarovsk,#CEB779,10,Plains,,59582,0,True,6,Russia,6,2398,0
2998,Vladivostok,11680.0,2138.0,1,169,169,Khabarovsk,#CEB779,14,Urban,,282468,10,True,6,Russia,2,2023,0
2999,Semyonovka,11709.0,2033.0,1,169,169,Khabarovsk,#CEB779,10,Plains,,29370,0,False,6,Russia,1,,0
3000,Tetyukhe,11820.0,1979.0,1,169,169,Khabarovsk,#CEB779,11,Hills,,37624,0,True,6,Russia,1,,0
3001,Iman,11657.0,1931.0,1,169,169,Khabarovsk,#CEB779,11,Hills,,49215,0,False,6,Russia,1,,0
3002,Voroshilov,11675.0,2106.0,1,169,169,Khabarovsk,#CEB779,13,Forest,,47263,0,False,6,Russia,1,,0
3003,Vostok,11726.0,1827.0,1,169,169,Khabarovsk,#CEB779,11,Hills,,61281,0,False,6,Russia,1,,0
3004,Ternistryy,11783.0,1894.0,1,169,169,Khabarovsk,#CEB779,10,Plains,,48096,0,True,6,Russia,5,2970,0
3005,Zlatoustovsk,11551.0,1476.0,1,169,169,Khabarovsk,#CEB779,10,Plains,Boreal,17502,0,False,6,Russia,1,,0
3006,Okhotsk,11750.0,1100.0,1,168,168,Kamchatka,#7DA68E,12,Mountain,Boreal,36629,0,True,6,Russia,1,,8
3007,Pevek,13085.0,585.0,1,168,168,Kamchatka,#7DA68E,12,Mountain,Tundra,21257,0,True,6,Russia,1,,12
3008,Petropavlovsk-Kamchatsky,12532.0,1199.0,4,168,168,Kamchatka,#7DA68E,12,Mountain,Tundra,29048,0,True,6,Russia,1,,8
3009,Slautnoye,12847.0,803.0,1,168,168,Kamchatka,#7DA68E,12,Mountain,Tundra,39709,0,True,6,Russia,1,,16
3010,Markovo,13068.0,732.0,1,168,168,Kamchatka,#7DA68E,12,Mountain,Tundra,19668,0,True,6,Russia,6,7263,6
3011,Uelen,13504.0,705.0,1,168,168,Kamchatka,#7DA68E,12,Mountain,Tundra,18173,0,True,6,Russia,2,7861,10
3012,Keperveyem,12062.0,640.0,1,168,168,Kamchatka,#7DA68E,11,Hills,Tundra,39116,0,True,6,Russia,1,,0
3013,Palana,12667.0,923.0,1,168,168,Kamchatka,#7DA68E,12,Mountain,Tundra,36997,0,True,6,Russia,5,3861,9
3014,Ilirney,12306.0,715.0,1,168,168,Kamchatka,#7DA68E,12,Mountain,Tundra,34915,0,True,6,Russia,5,4092,20
3015,Gizhiga,12601.0,833.0,1,168,168,Kamchatka,#7DA68E,12,Mountain,Tundra,26978,0,True,6,Russia,2,5295,23
3016,Magadan,12030.0,1017.0,1,168,168,Kamchatka,#7DA68E,14,Urban,Boreal,183991,10,True,6,Russia,6,3106,0
3017,Talon,11937.0,991.0,1,168,168,Kamchatka,#7DA68E,12,Mountain,Boreal,37711,0,True,6,Russia,1,,9
3018,Atka,12069.0,888.0,1,168,168,Kamchatka,#7DA68E,12,Mountain,Tundra,28670,0,True,6,Russia,1,,13
3019,Sasyr,11925.0,843.0,1,168,168,Kamchatka,#7DA68E,11,Hills,Tundra,31897,0,False,6,Russia,1,,0
3020,Oymyakon,11573.0,1019.0,1,168,168,Kamchatka,#7DA68E,12,Mountain,Boreal,27099,0,False,6,Russia,1,,15
3021,Kholodny,11799.0,978.0,1,168,168,Kamchatka,#7DA68E,12,Mountain,Boreal,30956,0,False,6,Russia,1,,16
3022,Khaty,10648.0,975.0,1,167,167,West Yakutia,#F0CE8E,10,Plains,Boreal,28228,0,False,6,Russia,5,5061,0
3023,Mukhtuya,10679.0,1149.0,1,167,167,West Yakutia,#F0CE8E,10,Plains,Boreal,16645,0,False,6,Russia,2,8583,0
3024,Sayylyk,10915.0,1028.0,1,167,167,West Yakutia,#F0CE8E,10,Plains,Boreal,31645,0,False,6,Russia,1,,0
3025,Sheya,10673.0,1046.0,1,167,167,West Yakutia,#F0CE8E,11,Hills,Boreal,35397,0,False,6,Russia,1,,0
3026,Usun,10764.0,901.0,1,167,167,West Yakutia,#F0CE8E,11,Hills,Boreal,33044,0,False,6,Russia,1,,0
3027,Lybalakh,11019.0,749.0,1,167,167,West Yakutia,#F0CE8E,12,Mountain,Tundra,14577,0,False,6,Russia,1,,9
3028,Baytakh,10507.0,773.0,1,167,167,West Yakutia,#F0CE8E,11,Hills,Boreal,26116,0,False,6,Russia,1,,0
3029,Bykovsky,10914.0,365.0,1,167,167,West Yakutia,#F0CE8E,10,Plains,Tundra,24165,0,True,6,Russia,6,5912,0
3030,Taymylyr,10853.0,406.0,1,167,167,West Yakutia,#F0CE8E,14,Urban,Tundra,214489,10,False,6,Russia,2,2664,0
3031,Kyusyur,10990.0,442.0,1,167,167,West Yakutia,#F0CE8E,10,Plains,Tundra,32204,0,False,6,Russia,5,4436,0
3032,Eryukkyune,10679.0,515.0,1,167,167,West Yakutia,#F0CE8E,10,Plains,Tundra,23097,0,False,6,Russia,1,,0
3033,Ulakhan-Kyuel,10879.0,625.0,1,167,167,West Yakutia,#F0CE8E,10,Plains,Tundra,29600,0,False,6,Russia,1,,0
3034,Eyik,10751.0,758.0,1,167,167,West Yakutia,#F0CE8E,14,Urban,Boreal,14325,10,False,6,Russia,5,39890,0
3035,Beizi Temple,11031.0,2100.0,1,140,140,Mukden,#59797C,13,Forest,,28587,0,False,8,Asia,1,,0
3036,Zhèngxiāngbái,10982.0,2159.0,1,140,140,Mukden,#59797C,13,Forest,,61277,0,False,8,Asia,1,,0
3037,Old Barag,10817.0,1736.0,1,141,141,Manchukuo,#A44937,10,Plains,Desert,55756,0,False,8,Asia,1,,0
3038,Hulunbuir,10868.0,1769.0,1,141,141,Manchukuo,#A44937,14,Urban,,243009,10,False,8,Asia,2,2351,0
3039,Harbin,11417.0,2013.0,1,141,141,Manchukuo,#A44937,14,Urban,,280684,10,False,8,Asia,6,2036,0
3040,Kiamusze,11547.0,1933.0,1,141,141,Manchukuo,#A44937,14,Urban,,189687,10,False,8,Asia,2,3012,0
3041,Hsinking,11395.0,2114.0,1,141,141,Manchukuo,#A44937,14,Urban,,565035,10,False,8,Asia,6,1011,0
3042,Yimin Sumu,10871.0,1844.0,1,141,141,Manchukuo,#A44937,13,Forest,,53304,0,False,8,Asia,1,,0
3043,Mohe,10936.0,1568.0,1,141,141,Manchukuo,#A44937,13,Forest,,44273,0,False,8,Asia,1,,0
3044,Tahe,11054.0,1578.0,1,141,141,Manchukuo,#A44937,10,Plains,,54868,0,False,8,Asia,1,,0
3045,Sunwu,11349.0,1831.0,1,141,141,Manchukuo,#A44937,10,Plains,,57394,0,False,8,Asia,1,,0
3046,Nenjiang,11214.0,1844.0,1,141,141,Manchukuo,#A44937,10,Plains,,33233,0,False,8,Asia,1,,0
3047,Xuguit Qi,10924.0,1759.0,1,141,141,Manchukuo,#A44937,10,Plains,Desert,40992,0,False,8,Asia,1,,0
3048,Yichun,11462.0,1892.0,1,141,141,Manchukuo,#A44937,11,Hills,,54871,0,False,8,Asia,1,,0
3049,Shuangyashan,11587.0,1945.0,1,141,141,Manchukuo,#A44937,10,Plains,,27874,0,False,8,Asia,1,,0
3050,Qitaihe,11590.0,2020.0,1,141,141,Manchukuo,#A44937,10,Plains,,40311,0,False,8,Asia,1,,0
3051,Yilan,11512.0,1961.0,1,141,141,Manchukuo,#A44937,10,Plains,,37526,0,False,8,Asia,1,,0
3052,Tonghe,11456.0,1997.0,1,141,141,Manchukuo,#A44937,10,Plains,,35928,0,False,8,Asia,5,3976,0
3053,Dehui,11409.0,2061.0,1,141,141,Manchukuo,#A44937,10,Plains,,41112,0,False,8,Asia,2,3475,0
3054,Liaoyang,11383.0,2175.0,1,141,141,Manchukuo,#A44937,10,Plains,,46647,0,False,8,Asia,1,,0
3055,Tonghua,11469.0,2213.0,1,141,141,Manchukuo,#A44937,11,Hills,,65059,0,False,8,Asia,1,,0
3056,Botankou,11558.0,2078.0,1,141,141,Manchukuo,#A44937,10,Plains,,47523,0,False,8,Asia,5,3006,0
3057,Yanbian,11564.0,2165.0,1,141,141,Manchukuo,#A44937,11,Hills,,57839,0,False,8,Asia,1,,0
3058,Tongliao,11295.0,2111.0,1,141,141,Manchukuo,#A44937,11,Hills,,32472,0,False,8,Asia,1,,0
3059,Huolin Gol,11142.0,2002.0,1,141,141,Manchukuo,#A44937,10,Plains,Desert,43840,0,False,8,Asia,5,3259,0
3060,Arxan,10946.0,1914.0,1,141,141,Manchukuo,#A44937,10,Plains,,63355,0,False,8,Asia,5,2255,0
3061,Chaihezhen,11024.0,1847.0,1,141,141,Manchukuo,#A44937,10,Plains,Desert,36498,0,False,8,Asia,6,3914,0
3062,Guyuanzhen,11059.0,1684.0,1,141,141,Manchukuo,#A44937,10,Plains,Desert,43728,0,False,8,Asia,1,,0
3063,Beijiangxiang,11216.0,1699.0,1,141,141,Manchukuo,#A44937,11,Hills,,42559,0,False,8,Asia,1,,0
3064,Sartu,11373.0,1983.0,1,141,141,Manchukuo,#A44937,11,Hills,,31741,0,False,8,Asia,1,,0
3065,Qigihar,11282.0,1935.0,1,141,141,Manchukuo,#A44937,14,Urban,,48831,10,False,8,Asia,5,11702,0
3066,Sverdlovsk,8743.0,1539.0,1,162,162,South Ural,#C15C4C,14,Urban,,805885,10,False,6,Russia,2,709,0
3067,Tyumen,8847.0,1463.0,1,162,162,South Ural,#C15C4C,10,Plains,,50047,0,False,6,Russia,1,,0
3068,Krasnoturyinsk,8659.0,1329.0,1,162,162,South Ural,#C15C4C,12,Mountain,Boreal,62088,0,False,6,Russia,1,,13
3069,Verkhnyaya Salda,8717.0,1477.0,1,162,162,South Ural,#C15C4C,12,Mountain,Boreal,36553,0,False,6,Russia,1,,6
3070,Pervouralsk,8700.0,1547.0,1,162,162,South Ural,#C15C4C,10,Plains,,61945,0,False,6,Russia,1,,0
3071,Tobolsk,8984.0,1398.0,1,162,162,South Ural,#C15C4C,10,Plains,Boreal,34435,0,False,6,Russia,1,,0
3072,Berezovka,9071.0,1331.0,1,162,162,South Ural,#C15C4C,10,Plains,Boreal,63496,0,False,6,Russia,1,,0
3073,Aromashevo,8970.0,1491.0,1,162,162,South Ural,#C15C4C,10,Plains,Boreal,64707,0,False,6,Russia,2,2208,0
3074,Ishim,9004.0,1567.0,1,162,162,South Ural,#C15C4C,11,Hills,,32665,0,False,6,Russia,5,4373,0
3075,Kurgan,8851.0,1584.0,1,162,162,South Ural,#C15C4C,13,Forest,,65049,0,False,6,Russia,1,,0
3076,Chelyabinsk,8747.0,1599.0,1,162,162,South Ural,#C15C4C,13,Forest,,26658,0,False,6,Russia,1,,0
3077,Magnitogorsk,8651.0,1695.0,1,162,162,South Ural,#C15C4C,11,Hills,,29157,0,False,6,Russia,6,4900,0
3078,Kartaly,8757.0,1713.0,1,162,162,South Ural,#C15C4C,10,Plains,,49405,0,False,6,Russia,5,2892,0
3079,Zykova,8760.0,1332.0,1,162,162,South Ural,#C15C4C,11,Hills,,80166,0,False,6,Russia,1,,0
3080,Astana,9127.0,1733.0,1,173,173,Kazakhstan,#E5BB5F,14,Urban,Mediterranean,252575,10,False,6,Russia,6,2262,0
3081,Guryev,8464.0,2037.0,1,173,173,Kazakhstan,#E5BB5F,14,Urban,Mediterranean,189532,10,True,6,Russia,2,3015,0
3082,Taras,9070.0,2146.0,1,173,173,Kazakhstan,#E5BB5F,10,Plains,Mediterranean,47799,0,False,6,Russia,1,,0
3083,Turkistan,8937.0,2081.0,1,173,173,Kazakhstan,#E5BB5F,14,Urban,Desert,391131,10,False,6,Russia,5,1461,0
3084,Shymkent,8965.0,2122.0,1,173,173,Kazakhstan,#E5BB5F,10,Plains,Desert,54209,0,False,6,Russia,1,,0
3085,Uralsk,8435.0,1894.0,1,173,173,Kazakhstan,#E5BB5F,10,Plains,Grassland,31805,0,True,6,Russia,1,,0
3086,Ufa,8537.0,1581.0,1,160,160,Volga Perm,#9CAE8D,14,Urban,Boreal,202268,10,False,6,Russia,6,2825,0
3087,Orenburg,8481.0,1803.0,1,160,160,Volga Perm,#9CAE8D,14,Urban,,421229,10,False,6,Russia,2,1357,0
3088,Semipalatinsk,9421.0,1818.0,1,173,173,Kazakhstan,#E5BB5F,13,Forest,Mediterranean,57142,0,False,6,Russia,1,,0
3089,Petropavl,9054.0,1578.0,1,173,173,Kazakhstan,#E5BB5F,13,Forest,,42547,0,False,6,Russia,1,,0
3090,Pavlodar,9292.0,1685.0,1,173,173,Kazakhstan,#E5BB5F,11,Hills,,52751,0,False,6,Russia,1,,0
3091,Kokshetau,9084.0,1685.0,1,173,173,Kazakhstan,#E5BB5F,10,Plains,Grassland,37035,0,False,6,Russia,2,3857,0
3092,Almaty,9244.0,2076.0,1,173,173,Kazakhstan,#E5BB5F,14,Urban,Mediterranean,382872,10,False,6,Russia,2,1492,0
3093,Kzyl-Orda,8873.0,2050.0,1,173,173,Kazakhstan,#E5BB5F,10,Plains,Desert,31550,0,False,6,Russia,1,,0
3094,Oskemen,9497.0,1836.0,1,173,173,Kazakhstan,#E5BB5F,11,Hills,Mediterranean,36583,0,False,6,Russia,1,,0
3095,Aktobe,8584.0,1904.0,1,173,173,Kazakhstan,#E5BB5F,13,Forest,,46938,0,False,6,Russia,1,,0
3096,Kostanay,8752.0,1831.0,1,173,173,Kazakhstan,#E5BB5F,10,Plains,,55001,0,False,6,Russia,6,2597,0
3097,Karaganda,9176.0,1784.0,1,173,173,Kazakhstan,#E5BB5F,11,Hills,Mediterranean,51699,0,False,6,Russia,1,,0
3098,Balkhash,9221.0,1933.0,1,173,173,Kazakhstan,#E5BB5F,10,Plains,Grassland,62045,0,False,6,Russia,5,2302,0
3099,Arshaly,8898.0,1776.0,1,173,173,Kazakhstan,#E5BB5F,11,Hills,Mediterranean,46603,0,False,6,Russia,1,,0
3100,Dzhezkazgan,8971.0,1942.0,1,173,173,Kazakhstan,#E5BB5F,10,Plains,Grassland,66367,0,False,6,Russia,1,,0
3101,Atasu,9109.0,1860.0,1,173,173,Kazakhstan,#E5BB5F,10,Plains,Grassland,32939,0,False,6,Russia,6,4337,0
3102,Tole Bi,9174.0,2061.0,1,173,173,Kazakhstan,#E5BB5F,10,Plains,Mediterranean,68671,0,False,6,Russia,1,,0
3103,Birlik,9143.0,1989.0,1,173,173,Kazakhstan,#E5BB5F,10,Plains,Grassland,61768,0,False,6,Russia,6,2313,0
3104,Talgar,9295.0,2050.0,1,173,173,Kazakhstan,#E5BB5F,10,Plains,Grassland,49784,0,False,6,Russia,1,,0
3105,Taldy-Kurgan,9393.0,1956.0,1,173,173,Kazakhstan,#E5BB5F,10,Plains,Grassland,41044,0,False,6,Russia,1,,0
3106,Fort Shevchenko,8447.0,2155.0,1,173,173,Kazakhstan,#E5BB5F,14,Urban,Mediterranean,71933,10,True,6,Russia,5,7944,0
3107,Usturt,8635.0,2201.0,1,173,173,Kazakhstan,#E5BB5F,10,Plains,Desert,32212,0,False,6,Russia,6,4435,0
3108,Nizhniy Embensk,8537.0,2047.0,1,173,173,Kazakhstan,#E5BB5F,13,Forest,Mediterranean,44374,0,True,6,Russia,1,,0
3109,Aralsk,8760.0,2007.0,1,173,173,Kazakhstan,#E5BB5F,10,Plains,Grassland,59611,0,False,6,Russia,1,,0
3110,Ashkhabad,8780.0,2542.0,1,172,172,Turkestan,#78826B,14,Urban,Desert,340870,10,False,8,Asia,5,1676,0
3111,Anau,8805.0,2558.0,1,172,172,Turkestan,#78826B,10,Plains,Desert,56981,0,False,8,Asia,2,2507,0
3112,Nebit Dag,8606.0,2431.0,1,172,172,Turkestan,#78826B,10,Plains,Desert,32296,0,True,8,Asia,1,,0
3113,Mary,8896.0,2525.0,1,172,172,Turkestan,#78826B,11,Hills,Desert,63852,0,False,8,Asia,1,,0
3114,Tashauz,8783.0,2356.0,1,172,172,Turkestan,#78826B,13,Forest,,52185,0,False,8,Asia,1,,0
3115,Chardzhou,8931.0,2421.0,1,172,172,Turkestan,#78826B,13,Forest,,38729,0,False,8,Asia,1,,0
3116,Derweze,8726.0,2408.0,1,172,172,Turkestan,#78826B,14,Urban,,39677,10,False,8,Asia,6,14402,0
3117,Kyzyl-Arvat,8685.0,2517.0,1,172,172,Turkestan,#78826B,11,Hills,Desert,40234,0,True,8,Asia,1,,0
3118,Bäherden,8749.0,2526.0,1,172,172,Turkestan,#78826B,10,Plains,Desert,57532,0,False,8,Asia,6,2483,0
3119,Yerbent,8747.0,2474.0,1,172,172,Turkestan,#78826B,10,Plains,Desert,42928,0,False,8,Asia,1,,0
3120,Samarqand,9019.0,2388.0,1,172,172,Turkestan,#78826B,14,Urban,,254537,10,False,8,Asia,6,2245,0
3121,Qarshi,9007.0,2431.0,1,172,172,Turkestan,#78826B,13,Forest,,61504,0,False,8,Asia,1,,0
3122,Termiz,9075.0,2540.0,1,172,172,Turkestan,#78826B,11,Hills,Desert,27632,0,False,8,Asia,1,,0
3123,Bukhara,8958.0,2356.0,1,172,172,Turkestan,#78826B,10,Plains,Desert,64038,0,False,8,Asia,2,2231,0
3124,Fergana,9109.0,2318.0,1,172,172,Turkestan,#78826B,10,Plains,Desert,30845,0,False,8,Asia,2,4631,0
3125,Marat,8856.0,2176.0,1,172,172,Turkestan,#78826B,10,Plains,Desert,28479,0,False,8,Asia,1,,0
3126,Chelkar,8822.0,2252.0,1,172,172,Turkestan,#78826B,11,Hills,Desert,65211,0,False,8,Asia,1,,0
3127,Nukus,8733.0,2301.0,1,172,172,Turkestan,#78826B,13,Forest,,47930,0,False,8,Asia,1,,0
3128,Krasnowodsk,8546.0,2437.0,1,172,172,Turkestan,#78826B,14,Urban,Desert,212774,10,True,8,Asia,2,2686,0
3129,Oboy,8602.0,2489.0,1,172,172,Turkestan,#78826B,10,Plains,Desert,62793,0,True,8,Asia,2,2275,0
3130,Gyzylgaya,8636.0,2351.0,1,172,172,Turkestan,#78826B,13,Forest,,41300,0,True,8,Asia,1,,0
3131,Stalinabad,9101.0,2419.0,1,172,172,Turkestan,#78826B,14,Urban,,255747,10,False,8,Asia,5,2234,0
3132,Murghab,9155.0,2445.0,1,172,172,Turkestan,#78826B,12,Mountain,,44042,0,False,8,Asia,1,,10
3133,Panjakent,9065.0,2397.0,1,172,172,Turkestan,#78826B,12,Mountain,,40534,0,False,8,Asia,1,,5
3134,Jizzakh,9048.0,2348.0,1,172,172,Turkestan,#78826B,11,Hills,Desert,37482,0,False,8,Asia,1,,0
3135,Oktyabrsky (TK),9017.0,2231.0,1,172,172,Turkestan,#78826B,10,Plains,Desert,58040,0,False,8,Asia,1,,0
3136,Frunze,9184.0,2141.0,1,172,172,Turkestan,#78826B,10,Plains,Desert,60305,0,False,8,Asia,5,2369,0
3137,Przhevalsk,9348.0,2103.0,1,172,172,Turkestan,#78826B,12,Mountain,Desert,46949,0,False,8,Asia,1,,6
3138,At-Bashy,9272.0,2236.0,1,172,172,Turkestan,#78826B,13,Forest,,37934,0,False,8,Asia,1,,0
3139,Orsk,8604.0,1814.0,1,160,160,Volga Perm,#9CAE8D,11,Hills,,60219,0,False,6,Russia,1,,0
3140,Sterlitamak,8538.0,1688.0,1,160,160,Volga Perm,#9CAE8D,11,Hills,,49962,0,False,6,Russia,1,,0
3141,Perm,8539.0,1418.0,1,160,160,Volga Perm,#9CAE8D,14,Urban,Boreal,298344,10,False,6,Russia,2,1915,0
3142,Talovo,8581.0,1210.0,1,160,160,Volga Perm,#9CAE8D,12,Mountain,Boreal,28499,0,False,6,Russia,1,,3
3143,Gayny,8434.0,1252.0,1,160,160,Volga Perm,#9CAE8D,10,Plains,Boreal,29346,0,False,6,Russia,5,4868,0
3144,Cherdyn,8513.0,1255.0,1,160,160,Volga Perm,#9CAE8D,10,Plains,Boreal,28253,0,False,6,Russia,1,,0
3145,Dobryanka,8548.0,1376.0,1,160,160,Volga Perm,#9CAE8D,10,Plains,Boreal,63886,0,False,6,Russia,6,2236,0
3146,Berezniki,8560.0,1298.0,1,160,160,Volga Perm,#9CAE8D,13,Forest,Boreal,46176,0,False,6,Russia,1,,0
3147,Kudymkar,8448.0,1343.0,1,160,160,Volga Perm,#9CAE8D,10,Plains,Boreal,36476,0,False,6,Russia,1,,0
3148,Nytva,8479.0,1426.0,1,160,160,Volga Perm,#9CAE8D,11,Hills,Boreal,58174,0,False,6,Russia,1,,0
3149,Oktyabrsky,8440.0,1603.0,1,160,160,Volga Perm,#9CAE8D,13,Forest,Boreal,27700,0,False,6,Russia,1,,0
3150,Mishkinsky,8541.0,1528.0,1,160,160,Volga Perm,#9CAE8D,13,Forest,Boreal,27780,0,False,6,Russia,1,,0
3151,Birsk,8496.0,1491.0,1,160,160,Volga Perm,#9CAE8D,10,Plains,Boreal,62710,0,False,6,Russia,2,2278,0
3152,Davlekanovo,8502.0,1596.0,1,160,160,Volga Perm,#9CAE8D,10,Plains,Boreal,53510,0,False,6,Russia,1,,0
3153,Beloretsk,8597.0,1633.0,1,160,160,Volga Perm,#9CAE8D,11,Hills,Boreal,62886,0,False,6,Russia,1,,0
3154,Sibay,8593.0,1743.0,1,160,160,Volga Perm,#9CAE8D,10,Plains,,35240,0,False,6,Russia,1,,0
3155,Ishimbay,8535.0,1719.0,1,160,160,Volga Perm,#9CAE8D,11,Hills,Boreal,34542,0,False,6,Russia,1,,0
3156,Sorochinsk,8437.0,1768.0,1,160,160,Volga Perm,#9CAE8D,10,Plains,,51925,0,False,6,Russia,1,,0
3157,Lysva,8587.0,1424.0,1,160,160,Volga Perm,#9CAE8D,11,Hills,Boreal,55537,0,False,6,Russia,1,,0
3158,Sol-Iletsk,8479.0,1847.0,1,160,160,Volga Perm,#9CAE8D,10,Plains,,30440,0,False,6,Russia,5,4693,0
3159,Igra,8395.0,1439.0,1,160,160,Volga Perm,#9CAE8D,14,Urban,Boreal,185670,10,False,6,Russia,6,3078,0
3160,Debyosy,8431.0,1435.0,1,160,160,Volga Perm,#9CAE8D,13,Forest,Boreal,61532,0,False,6,Russia,1,,0
3161,Glazov,8365.0,1405.0,1,160,160,Volga Perm,#9CAE8D,10,Plains,Boreal,53699,0,False,6,Russia,5,2660,0
3162,Izhevsk,8399.0,1469.0,1,160,160,Volga Perm,#9CAE8D,10,Plains,Boreal,47661,0,False,6,Russia,5,2997,0
3163,Buzuluk,8359.0,1719.0,1,160,160,Volga Perm,#9CAE8D,13,Forest,,28048,0,False,6,Russia,1,,0
3164,Abdulino,8438.0,1664.0,1,160,160,Volga Perm,#9CAE8D,14,Urban,,34839,10,False,6,Russia,5,16402,0
3165,Buguruslan,8364.0,1662.0,1,160,160,Volga Perm,#9CAE8D,13,Forest,,63501,0,False,6,Russia,1,,0
3166,Kirov,8258.0,1384.0,1,159,159,Volga Nzhny,#CCA373,14,Urban,Boreal,237353,10,False,6,Russia,5,2408,0
3167,Murashi,8226.0,1333.0,1,159,159,Volga Nzhny,#CCA373,11,Hills,Boreal,58122,0,False,6,Russia,1,,0
3168,Batumi,8022.0,2270.0,1,171,171,Georgia,#D2C363,14,Urban,,267629,10,True,6,Russia,5,2135,0
3169,Tiflis,8156.0,2281.0,1,171,171,Georgia,#D2C363,12,Mountain,Mediterranean,47495,0,False,6,Russia,1,,8
3170,Kirs,8339.0,1348.0,1,159,159,Volga Nzhny,#CCA373,10,Plains,Boreal,30364,0,False,6,Russia,6,4705,0
3171,Kuybyshev,8263.0,1694.0,1,159,159,Volga Nzhny,#CCA373,14,Urban,,199769,10,False,6,Russia,6,2860,0
3172,Gori,8118.0,2260.0,1,171,171,Georgia,#D2C363,12,Mountain,,52600,0,False,6,Russia,1,,8
3173,Kumyony,8261.0,1409.0,1,159,159,Volga Nzhny,#CCA373,11,Hills,Boreal,44041,0,False,6,Russia,1,,0
3174,Urzhum,8263.0,1482.0,1,159,159,Volga Nzhny,#CCA373,10,Plains,Boreal,67593,0,False,6,Russia,1,,0
3175,Naberezhnye Chelny,8357.0,1537.0,1,159,159,Volga Nzhny,#CCA373,10,Plains,Boreal,58607,0,False,6,Russia,1,,0
3176,Tolyatti,8239.0,1672.0,1,159,159,Volga Nzhny,#CCA373,10,Plains,,34844,0,False,6,Russia,5,4100,0
3177,Pokhvistnevo,8301.0,1647.0,1,159,159,Volga Nzhny,#CCA373,13,Forest,,39113,0,False,6,Russia,1,,0
3178,Yaransk,8158.0,1454.0,1,159,159,Volga Nzhny,#CCA373,10,Plains,Boreal,62641,0,False,6,Russia,6,2281,0
3179,Kutaisi,8060.0,2243.0,1,171,171,Georgia,#D2C363,12,Mountain,,54396,0,True,6,Russia,6,2626,6
3180,Gorky,8057.0,1521.0,1,159,159,Volga Nzhny,#CCA373,10,Plains,,46948,0,False,6,Russia,1,,0
3181,Ilori,7996.0,2193.0,1,171,171,Georgia,#D2C363,12,Mountain,,49071,0,True,6,Russia,2,2911,5
3182,Kazan,8219.0,1538.0,1,159,159,Volga Nzhny,#CCA373,14,Urban,,295774,10,False,6,Russia,5,1932,0
3183,Khelvachauri,8056.0,2296.0,1,171,171,Georgia,#D2C363,13,Forest,,31969,0,True,6,Russia,1,,0
3184,Saratov,8089.0,1831.0,1,159,159,Volga Nzhny,#CCA373,14,Urban,,195216,10,False,6,Russia,2,2927,0
3185,Buinsk,8177.0,1596.0,1,159,159,Volga Nzhny,#CCA373,10,Plains,,48729,0,False,6,Russia,2,2932,0
3186,Pestretsy,8249.0,1547.0,1,159,159,Volga Nzhny,#CCA373,10,Plains,,44431,0,False,6,Russia,1,,0
3187,Bugulma,8383.0,1600.0,1,159,159,Volga Nzhny,#CCA373,10,Plains,,45850,0,False,6,Russia,6,3116,0
3188,Signalki,8214.0,2294.0,1,171,171,Georgia,#D2C363,12,Mountain,Mediterranean,84081,0,False,6,Russia,1,,10
3189,Neftegorsk,8295.0,1717.0,1,159,159,Volga Nzhny,#CCA373,11,Hills,,64093,0,False,6,Russia,1,,0
3190,Rostov,7830.0,1986.0,1,170,170,Caucasus,#556769,10,Plains,Grassland,47852,0,True,6,Russia,1,,0
3191,Ulyanovsk,8178.0,1625.0,1,159,159,Volga Nzhny,#CCA373,14,Urban,,149373,10,False,6,Russia,2,3826,0
3192,Petrovsk,8263.0,2206.0,1,170,170,Caucasus,#556769,11,Hills,Mediterranean,65019,0,True,6,Russia,5,2197,0
3193,Aleksandryia,8129.0,1633.0,1,159,159,Volga Nzhny,#CCA373,13,Forest,,47524,0,False,6,Russia,1,,0
3194,Novospasskoye,8139.0,1678.0,1,159,159,Volga Nzhny,#CCA373,10,Plains,,55985,0,False,6,Russia,1,,0
3195,Penza,8035.0,1680.0,1,159,159,Volga Nzhny,#CCA373,11,Hills,,56734,0,False,6,Russia,1,,0
3196,Saransk,8038.0,1619.0,1,159,159,Volga Nzhny,#CCA373,13,Forest,,60969,0,False,6,Russia,1,,0
3197,Balakovo,8182.0,1785.0,1,159,159,Volga Nzhny,#CCA373,11,Hills,,51601,0,False,6,Russia,1,,0
3198,Pugachyov,8269.0,1792.0,1,159,159,Volga Nzhny,#CCA373,13,Forest,,58960,0,False,6,Russia,1,,0
3199,Baltser,8080.0,1873.0,1,159,159,Volga Nzhny,#CCA373,10,Plains,,30306,0,False,6,Russia,6,4714,0
3200,Novouzensk,8237.0,1879.0,1,159,159,Volga Nzhny,#CCA373,10,Plains,Desert,48406,0,False,6,Russia,1,,0
3201,Atarsk,8048.0,1794.0,1,159,159,Volga Nzhny,#CCA373,11,Hills,,51003,0,False,6,Russia,1,,0
3202,Uren,8086.0,1449.0,1,159,159,Volga Nzhny,#CCA373,10,Plains,,25901,0,False,6,Russia,1,,0
3203,Ordzhonikidze,8147.0,2188.0,1,170,170,Caucasus,#556769,13,Forest,Mediterranean,50559,0,False,6,Russia,1,,0
3204,Stavropol,8054.0,2093.0,1,170,170,Caucasus,#556769,10,Plains,Grassland,47528,0,False,6,Russia,1,,0
3205,Krasnodar,7840.0,2087.0,1,170,170,Caucasus,#556769,10,Plains,,57488,0,True,6,Russia,1,,0
3206,Stalingrad,8097.0,1989.0,1,170,170,Caucasus,#556769,14,Urban,,404323,10,True,6,Russia,2,1413,0
3207,Astrakhan,8305.0,2089.0,1,170,170,Caucasus,#556769,10,Plains,Grassland,55266,0,True,6,Russia,6,2585,0
3208,Yashkul,8184.0,2055.0,1,170,170,Caucasus,#556769,10,Plains,Grassland,25861,0,True,6,Russia,2,5524,0
3209,Maykop,7939.0,2120.0,1,170,170,Caucasus,#556769,13,Forest,,63286,0,True,6,Russia,1,,0
3210,Dubovka,8136.0,1950.0,1,170,170,Caucasus,#556769,10,Plains,,58121,0,True,6,Russia,5,2458,0
3211,Elista,8118.0,2037.0,1,170,170,Caucasus,#556769,10,Plains,Grassland,23472,0,False,6,Russia,1,,0
3212,Salsk,7952.0,2016.0,1,170,170,Caucasus,#556769,11,Hills,Mediterranean,42387,0,False,6,Russia,1,,0
3213,Millerovo,7881.0,1911.0,1,170,170,Caucasus,#556769,10,Plains,,32295,0,True,6,Russia,6,4424,0
3214,Moscow,7631.0,1496.0,1,156,156,Central Russia,#735D2D,14,Urban,,205813,10,False,6,Russia,2,2776,0
3215,Bryansk,7598.0,1668.0,1,156,156,Central Russia,#735D2D,13,Forest,,33992,0,False,6,Russia,1,,0
3216,Voronezh,7801.0,1792.0,1,156,156,Central Russia,#735D2D,14,Urban,,439898,10,False,6,Russia,2,1299,0
3217,Ryazan,7753.0,1560.0,1,156,156,Central Russia,#735D2D,14,Urban,,71925,10,False,6,Russia,5,7945,0
3218,Yaroslavl,7664.0,1378.0,1,156,156,Central Russia,#735D2D,10,Plains,,39465,0,False,6,Russia,1,,0
3219,Vladimir,7744.0,1472.0,1,156,156,Central Russia,#735D2D,10,Plains,,57218,0,False,6,Russia,1,,0
3220,Kovrov,7801.0,1451.0,1,156,156,Central Russia,#735D2D,11,Hills,,43902,0,False,6,Russia,1,,0
3221,Kologriv,7900.0,1392.0,1,156,156,Central Russia,#735D2D,10,Plains,Boreal,64205,0,False,6,Russia,5,2225,0
3222,Kostroma,7706.0,1379.0,1,156,156,Central Russia,#735D2D,10,Plains,,56220,0,False,6,Russia,1,,0
3223,Vokhma,8066.0,1374.0,1,156,156,Central Russia,#735D2D,11,Hills,Boreal,39382,0,False,6,Russia,1,,0
3224,Kalinin,7569.0,1430.0,1,156,156,Central Russia,#735D2D,10,Plains,,51195,0,False,6,Russia,5,2790,0
3225,Tula,7637.0,1565.0,1,156,156,Central Russia,#735D2D,10,Plains,,32302,0,False,6,Russia,1,,0
3226,Belgorod,7729.0,1814.0,1,156,156,Central Russia,#735D2D,11,Hills,,41182,0,False,6,Russia,1,,0
3227,Kursk,7705.0,1777.0,1,156,156,Central Russia,#735D2D,10,Plains,,72283,0,False,6,Russia,5,1976,0
3228,Ivanovo,7754.0,1410.0,1,156,156,Central Russia,#735D2D,14,Urban,,336355,10,False,6,Russia,6,1699,0
3229,Kineshma,7777.0,1385.0,1,156,156,Central Russia,#735D2D,10,Plains,,72481,0,False,6,Russia,1,,0
3230,Kaluga,7593.0,1537.0,1,156,156,Central Russia,#735D2D,13,Forest,,37156,0,False,6,Russia,1,,0
3231,Lipetsk,7813.0,1738.0,1,156,156,Central Russia,#735D2D,10,Plains,,69752,0,False,6,Russia,2,2048,0
3232,Oryol,7703.0,1684.0,1,156,156,Central Russia,#735D2D,14,Urban,,201989,10,False,6,Russia,6,2829,0
3233,Smolensk,7521.0,1530.0,1,156,156,Central Russia,#735D2D,10,Plains,,35722,0,False,6,Russia,1,,0
3234,Tambov,7896.0,1737.0,1,156,156,Central Russia,#735D2D,13,Forest,,58378,0,False,6,Russia,1,,0
3235,Borisolglebsk,7900.0,1797.0,1,156,156,Central Russia,#735D2D,13,Forest,,52321,0,False,6,Russia,1,,0
3236,Morshansk,7876.0,1661.0,1,156,156,Central Russia,#735D2D,10,Plains,,42520,0,False,6,Russia,5,3360,0
3237,Murom,7885.0,1509.0,1,156,156,Central Russia,#735D2D,10,Plains,,49231,0,False,6,Russia,6,2902,0
3238,Sasovo,7898.0,1580.0,1,156,156,Central Russia,#735D2D,10,Plains,Boreal,40667,0,False,6,Russia,1,,0
3239,Yefremov,7769.0,1667.0,1,156,156,Central Russia,#735D2D,13,Forest,,68745,0,False,6,Russia,1,,0
3240,Shivolo,7827.0,1586.0,1,156,156,Central Russia,#735D2D,10,Plains,,56758,0,False,6,Russia,1,,0
3241,Palau,12068.0,3996.0,5,189,189,Palau,#7FAC55,11,Hills,,62834,0,True,10,Oceania,5,2274,0
3242,Guam,12503.0,3719.0,1,190,190,Mariana,#9B7E39,10,Plains,,101730,0,True,10,Oceania,1,,0
3243,Songsong,12557.0,3671.0,1,190,190,Mariana,#9B7E39,14,Urban,,93686,10,True,10,Oceania,6,6099,0
3244,Tinian,12634.0,3599.0,1,190,190,Mariana,#9B7E39,10,Plains,,104388,0,True,10,Oceania,5,1369,0
3245,Saipan,12675.0,3547.0,1,190,190,Mariana,#9B7E39,13,Forest,,71752,0,True,10,Oceania,1,,0
3246,Aguigan,12619.0,3634.0,1,190,190,Mariana,#9B7E39,11,Hills,,43721,0,True,10,Oceania,2,3267,0
3247,Weno,12925.0,3946.0,5,191,191,Micronesia,#608367,10,Plains,,113052,0,True,10,Oceania,1,,0
3248,Tol,12876.0,3975.0,4,191,191,Micronesia,#608367,10,Plains,,96401,0,True,10,Oceania,6,1482,0
3249,Palikir,13069.0,3998.0,1,191,191,Micronesia,#608367,14,Urban,,68610,10,True,10,Oceania,5,8329,0
3250,Nouméa,13164.0,5073.0,1,192,192,New Caledonia,#CAA473,10,Plains,,126775,0,True,10,Oceania,6,1127,0
3251,Wé,13182.0,5048.0,1,192,192,New Caledonia,#CAA473,10,Plains,,91536,0,True,10,Oceania,1,,0
3252,La Roche,13197.0,5071.0,1,192,192,New Caledonia,#CAA473,11,Hills,,46802,0,True,10,Oceania,1,,0
3253,Port Vila,13199.0,4937.0,3,193,193,Vanuatu,#78826B,13,Forest,Jungle,64607,0,True,10,Oceania,1,,0
3254,Luganville,13173.0,4853.0,6,193,193,Vanuatu,#78826B,11,Hills,,93262,0,True,10,Oceania,2,1532,0
3255,Lakatoro,13180.0,4878.0,4,193,193,Vanuatu,#78826B,11,Hills,,106288,0,True,10,Oceania,1,,0
3256,Suva,13362.0,4943.0,3,194,194,Fiji,#80A37E,14,Urban,,99795,10,True,10,Oceania,5,5726,0
3257,Labasa,13382.0,4898.0,3,194,194,Fiji,#80A37E,13,Forest,Jungle,92311,0,True,10,Oceania,2,1548,0
3258,Apia,13505.0,4816.0,1,195,195,Samoa,#537548,10,Plains,,81748,0,True,10,Oceania,1,,0
3259,Salelologa,13479.0,4808.0,1,195,195,Samoa,#537548,11,Hills,,100084,0,True,10,Oceania,6,1427,0
3260,Jamestown,5939.0,5102.0,1,103,103,Saint Helena,#735D2D,11,Hills,,70735,0,True,5,South Africa,6,2020,0
3261,Pago Pago,13524.0,4824.0,1,195,195,Samoa,#537548,10,Plains,,98438,0,True,10,Oceania,1,,0
3262,Arawa,12975.0,4528.0,1,196,196,Solomon,#AC962F,10,Plains,,122325,0,True,10,Oceania,1,,0
3263,Polo,13002.0,4559.0,1,196,196,Solomon,#AC962F,10,Plains,,64800,0,True,10,Oceania,1,,0
3264,Honiara,13056.0,4647.0,1,196,196,Solomon,#AC962F,10,Plains,,112129,0,True,10,Oceania,6,1274,0
3265,Namuga,13088.0,4683.0,1,196,196,Solomon,#AC962F,13,Forest,,55238,0,True,10,Oceania,1,,0
3266,Auki,13073.0,4629.0,1,196,196,Solomon,#AC962F,13,Forest,Jungle,87951,0,True,10,Oceania,1,,0
3267,Buala,13039.0,4590.0,1,196,196,Solomon,#AC962F,14,Urban,,104675,10,True,10,Oceania,2,5459,0
3268,Munda,13010.0,4600.0,6,196,196,Solomon,#AC962F,10,Plains,,109404,0,True,10,Oceania,5,1306,0
3269,Kwajalein,13267.0,3961.0,1,191,191,Micronesia,#608367,11,Hills,,97483,0,True,10,Oceania,1,,0
3270,Majuro,13466.0,4007.0,1,191,191,Micronesia,#608367,10,Plains,,83523,0,True,10,Oceania,2,1710,0
3271,Enewetak,13166.0,3909.0,1,191,191,Micronesia,#608367,10,Plains,,104804,0,True,10,Oceania,1,,0
3272,Wake Island,13245.0,3298.0,1,191,191,Micronesia,#608367,10,Plains,,55051,0,True,10,Oceania,1,,0
3273,Naha,11643.0,2990.0,1,197,197,Okinawa,#FFF000,14,Urban,,118035,10,True,8,Asia,5,4841,0
3274,Amami,11683.0,2919.0,3,197,197,Okinawa,#FFF000,10,Plains,,72065,0,True,8,Asia,1,,0
3275,Miyakojima,11602.0,3020.0,2,197,197,Okinawa,#FFF000,10,Plains,,69689,0,True,8,Asia,1,,0
3276,Ishigaki,11560.0,3052.0,3,197,197,Okinawa,#FFF000,13,Forest,Jungle,63676,0,True,8,Asia,1,,0
3277,Kunashiri,12207.0,2012.0,2,198,198,Kuril,#E5BB5F,10,Plains,,80142,0,True,8,Asia,1,,0
3278,Etorofu,12277.0,1941.0,1,198,198,Kuril,#E5BB5F,11,Hills,,88966,0,True,8,Asia,5,1606,0
3279,Przasnysz,7072.0,1755.0,1,5,5,Poland,#7D9081,11,Hills,,77629,0,False,0,Europe,1,,0
3280,Katowice,7014.0,1945.0,1,5,5,Poland,#7D9081,11,Hills,,69841,0,False,0,Europe,1,,0
3281,Białystok,7203.0,1721.0,1,5,5,Poland,#7D9081,14,Urban,,38331,10,False,0,Europe,6,14908,0
3282,Baranovichi,7298.0,1694.0,1,5,5,Poland,#7D9081,11,Hills,,28563,0,False,0,Europe,1,,0
3283,Lexington,2461.0,2002.0,1,46,46,Kansas,#CF7762,13,Forest,,41102,0,False,1,North America,1,,0
3284,Barraute,3630.0,1460.0,1,38,38,Quebec,#E5BB5F,13,Forest,Boreal,64547,0,False,1,North America,1,,0
3285,Kerrville,2419.0,2673.0,1,52,52,Texas,#CEC074,10,Plains,Grassland,45893,0,False,1,North America,1,,0
3286,Itabuna,4800.0,4859.0,1,68,68,East Brazil,#6C989C,10,Plains,,73119,0,True,3,South America,1,,0
3287,Mankoya,7230.0,4989.0,1,107,107,Northern Rhodesia,#EAD993,11,Hills,,50589,0,False,5,South Africa,1,,0
3288,Vavuniya,9748.0,3916.0,1,199,199,Ceylon,#4C704E,10,Plains,,76725,0,True,8,Asia,1,,0
3289,Colombo,9727.0,3972.0,1,199,199,Ceylon,#4C704E,14,Urban,,145833,10,True,8,Asia,6,3918,0
3290,Galle,9735.0,4017.0,1,199,199,Ceylon,#4C704E,11,Hills,,63252,0,True,8,Asia,2,2259,0
3291,Sveg,6848.0,1127.0,1,180,180,Sweden,#5D758B,10,Plains,Boreal,87980,0,False,0,Europe,5,1624,0
3292,Hammerdal,6897.0,1004.0,1,180,180,Sweden,#5D758B,13,Forest,Boreal,47043,0,False,0,Europe,1,,0
3293,Jönköping,6813.0,1450.0,1,180,180,Sweden,#5D758B,13,Forest,,71728,0,False,0,Europe,1,,0
3294,Jokkmokk,7020.0,843.0,1,180,180,Sweden,#5D758B,11,Hills,Boreal,65342,0,False,0,Europe,1,,0
3295,Jeju,11551.0,2689.0,1,142,142,Korea,#667F6C,10,Plains,,,0,True,8,Asia,2,1429,0
3296,Nicosia,7762.0,2791.0,1,115,115,Syria,#CAA473,14,Urban,Mediterranean,25681,10,True,7,Middle East,6,22251,0
3297,São Tomé,6465.0,4374.0,1,94,94,Cameroon,#528375,10,Plains,,9698,0,True,5,South Africa,1,,0
3298,College Station,2568.0,2633.0,1,52,52,Texas,#CEC074,10,Plains,,,0,False,1,North America,2,1429,0
3299,Whangarei,13332.0,5555.0,1,174,174,New Zealand,#4C704E,10,Plains,,56921,0,True,10,Oceania,6,2510,0
3300,Santa Cruz de Tenerife,5399.0,3208.0,5,24,24,Spain,#CCA373,10,Plains,Desert,2756,0,True,0,Europe,1,,0
3301,Panamá,3076.0,3832.0,1,57,57,Panama,#5C7A87,14,Urban,,82153,10,True,2,Central America,2,6956,0
3302,Obock,8099.0,3922.0,1,111,111,Ethiopia,#C47535,14,Urban,Mediterranean,256396,10,True,4,North Africa,6,2229,0
3332,Trieste,6750.0,2235.0,1,16,16,Italy,#90AE77,11,Hills,,,0,True,0,Europe,1,,0
