province_a_id,province_a_name,province_b_id,province_b_name,same_initial_core_country,initial_country_a,initial_country_b,directed_edge_piece_count,summed_directed_edge_length
1,Murmansk,2,Apatity,True,1,1,8,120.19053247977017
1,Murmansk,3,Ivalo,True,1,1,10,169.75775723254142
2,Apatity,3,Ivalo,True,1,1,8,172.1404430411642
2,Apatity,5,Rovaniemi,True,1,1,4,55.70596575926838
2,Apatity,20,Loukhi,True,1,1,6,51.22571360383871
2,Apatity,21,Tetrino,True,1,1,18,403.5733865007188
3,Ivalo,4,Enontekiö,True,1,1,16,250.26233428014885
3,Ivalo,5,Rovaniemi,True,1,1,2,162.60381299342276
3,Ivalo,42,Alta,False,1,2,30,276.39666711389225
4,Enontekiö,5,Rovaniemi,True,1,1,20,289.9643034583995
4,Enontekiö,22,Kiruna,False,1,180,20,382.6139523534146
4,Enontekiö,42,Alta,False,1,2,16,248.9282713917741
5,Rovaniemi,6,Oulu,True,1,1,12,112.62434905759261
5,Rovaniemi,19,Kuusamo,True,1,1,14,217.23730121041677
5,Rovaniemi,20,Loukhi,True,1,1,8,159.76555013516483
5,Rovaniemi,22,Kiruna,False,1,180,8,29.63826381932152
6,Oulu,7,Kokkola,True,1,1,24,191.29596292765416
7,Kokkola,8,Vaasa,True,1,1,9,64.41175410046455
7,Kokkola,9,Pori,True,1,1,4,75.59434321893755
7,Kokkola,12,Jyväskylä,True,1,1,24,261.41463501938074
7,Kokkola,18,Iisalmi,True,1,1,12,119.10564592145106
7,Kokkola,19,Kuusamo,True,1,1,8,96.66806632598573
8,Vaasa,9,Pori,True,1,1,10,83.40738700216845
9,Pori,11,Turku,True,1,1,6,99.2435405660559
9,Pori,12,Jyväskylä,True,1,1,16,163.90770777528513
9,Pori,13,Tampere,True,1,1,12,95.25539178215413
10,Manchester,232,Liverpool,True,21,21,6,124.01124119581104
10,Manchester,234,Sheffield,True,21,21,6,95.66027611636137
10,Manchester,235,Leeds,True,21,21,2,41.23105625617661
11,Turku,13,Tampere,True,1,1,5,85.14306975993908
11,Turku,14,Helsinki,True,1,1,8,67.36770816286949
11,Turku,164,Lahti,True,1,1,10,103.15936089490307
12,Jyväskylä,13,Tampere,True,1,1,8,99.66273328720834
12,Jyväskylä,15,Lappeenranta,True,1,1,2,46.8187996428785
12,Jyväskylä,16,Joensuu,True,1,1,2,44.721359549995796
12,Jyväskylä,18,Iisalmi,True,1,1,14,111.78462239341093
12,Jyväskylä,164,Lahti,True,1,1,8,142.36832466966138
14,Helsinki,15,Lappeenranta,True,1,1,8,38.1108302662501
14,Helsinki,164,Lahti,True,1,1,10,69.4181842528294
15,Lappeenranta,16,Joensuu,True,1,1,22,273.32274594297627
15,Lappeenranta,164,Lahti,True,1,1,20,270.2411658647364
15,Lappeenranta,2849,Volkhov,False,1,157,8,106.39667015621602
16,Joensuu,17,Kem,True,1,1,10,207.708125406808
16,Joensuu,18,Iisalmi,True,1,1,16,125.24303185356237
16,Joensuu,2838,Kargopol,False,1,157,14,110.46134796452611
16,Joensuu,2841,Onega,False,1,157,8,51.17392169058626
16,Joensuu,2849,Volkhov,False,1,157,16,120.60821251874303
17,Kem,18,Iisalmi,True,1,1,8,140.67535307643126
17,Kem,19,Kuusamo,True,1,1,6,86.35085070365189
17,Kem,20,Loukhi,True,1,1,6,122.99272049383302
17,Kem,2841,Onega,False,1,157,16,145.8351146423645
18,Iisalmi,19,Kuusamo,True,1,1,14,241.07983549563716
19,Kuusamo,20,Loukhi,True,1,1,20,237.94498710365787
22,Kiruna,23,Luleå,True,180,180,8,103.85040611482069
22,Kiruna,24,Arjeborg,True,180,180,12,184.53759030409458
22,Kiruna,40,Narvik,False,180,2,12,214.07159445180383
22,Kiruna,42,Alta,False,180,2,10,129.93761172021834
22,Kiruna,3294,Jokkmokk,True,180,180,20,205.71409401396323
23,Luleå,25,Umeå,True,180,180,8,85.69365723449567
23,Luleå,3294,Jokkmokk,True,180,180,10,96.49446441443055
24,Arjeborg,26,Vilhelmina,True,180,180,10,67.5846300753882
24,Arjeborg,40,Narvik,False,180,2,4,83.81696335305111
24,Arjeborg,43,Bodø,False,180,2,10,261.7319311507891
24,Arjeborg,44,Steinkjer,False,180,2,2,36.49657518178932
24,Arjeborg,3292,Hammerdal,True,180,180,8,106.09310716439597
24,Arjeborg,3294,Jokkmokk,True,180,180,20,287.62337465961247
25,Umeå,26,Vilhelmina,True,180,180,8,41.959288759992134
25,Umeå,30,Härnösand,True,180,180,12,166.83965213749573
25,Umeå,3292,Hammerdal,True,180,180,12,83.95852776637994
25,Umeå,3294,Jokkmokk,True,180,180,18,280.20711662175427
26,Vilhelmina,3292,Hammerdal,True,180,180,14,99.13948889500418
26,Vilhelmina,3294,Jokkmokk,True,180,180,12,56.19959120179871
27,Östersund,30,Härnösand,True,180,180,10,66.08447190767022
27,Östersund,32,Lofsdalen,True,180,180,8,66.57111878751198
27,Östersund,3291,Sveg,True,180,180,10,70.72631172575018
27,Östersund,3292,Hammerdal,True,180,180,6,50.004200082282495
28,Stockholm,31,Falun,True,180,180,10,149.93581714671902
28,Stockholm,36,Linköping,True,180,180,10,101.86848527298281
29,Malmö,35,Gothenburg,True,180,180,4,31.356061708324916
29,Malmö,37,Växjö,True,180,180,12,94.45773254420155
30,Härnösand,31,Falun,True,180,180,10,109.77133561888773
30,Härnösand,3291,Sveg,True,180,180,12,164.41025561142064
30,Härnösand,3292,Hammerdal,True,180,180,16,226.11597849632983
31,Falun,33,Mora,True,180,180,8,185.3948405598294
31,Falun,34,Karlstad,True,180,180,4,134.24303665618615
31,Falun,36,Linköping,True,180,180,6,82.26395980239703
31,Falun,3291,Sveg,True,180,180,8,77.30462087161717
32,Lofsdalen,33,Mora,True,180,180,4,100.6887591492872
32,Lofsdalen,44,Steinkjer,False,180,2,14,197.38413048506763
32,Lofsdalen,45,Trondheim,False,180,2,8,137.53969564890417
32,Lofsdalen,48,Hamar,False,180,2,6,69.86718833828053
32,Lofsdalen,3291,Sveg,True,180,180,22,274.1806105013258
32,Lofsdalen,3292,Hammerdal,True,180,180,10,121.94410209958187
33,Mora,34,Karlstad,True,180,180,16,323.8870725481286
33,Mora,48,Hamar,False,180,2,12,186.8589876664851
33,Mora,3291,Sveg,True,180,180,10,143.31779881534922
34,Karlstad,35,Gothenburg,True,180,180,10,97.58031782223887
34,Karlstad,36,Linköping,True,180,180,8,223.50156541072275
34,Karlstad,46,Oslo,False,180,2,10,133.66845680927068
34,Karlstad,48,Hamar,False,180,2,8,80.24248646234105
35,Gothenburg,37,Växjö,True,180,180,10,151.07129294861306
35,Gothenburg,3293,Jönköping,True,180,180,16,159.5822974128244
36,Linköping,37,Växjö,True,180,180,10,87.5124192360139
36,Linköping,3293,Jönköping,True,180,180,18,206.18747882345795
37,Växjö,3293,Jönköping,True,180,180,18,191.86338116916468
39,Rosenheim,118,Munich,True,15,15,10,89.34230088463947
39,Rosenheim,136,Augsburg,True,15,15,4,72.80666469098225
39,Rosenheim,137,Nuremberg,True,15,15,18,193.2825829327031
39,Rosenheim,167,Salzburg,False,15,13,20,232.97585455038404
39,Rosenheim,168,Innsbruck,False,15,13,10,110.15132440790367
40,Narvik,42,Alta,True,2,2,4,79.5968680668691
40,Narvik,43,Bodø,True,2,2,12,191.22564060685926
41,Brześć,47,Dęblin,True,5,5,8,129.49284309757672
41,Brześć,81,Lublin,True,5,5,4,80.52926356786277
41,Brześć,83,Łomża,True,5,5,6,113.84770716237264
41,Brześć,89,Kowel,True,5,5,18,184.76899335951182
41,Brześć,3281,Białystok,True,5,5,8,84.02928609587231
41,Brześć,3282,Baranovichi,True,5,5,10,93.99792074841619
43,Bodø,44,Steinkjer,True,2,2,20,223.8083900798708
44,Steinkjer,45,Trondheim,True,2,2,16,146.1528191191341
44,Steinkjer,3292,Hammerdal,False,2,180,6,107.76836565330973
45,Trondheim,48,Hamar,True,2,2,20,230.42289000838386
45,Trondheim,51,Stryn,True,2,2,14,157.95082211419214
46,Oslo,48,Hamar,True,2,2,8,80.67591942725596
47,Dęblin,75,Warsaw,True,5,5,10,68.2304672372244
47,Dęblin,77,Płock,True,5,5,8,105.64261253880915
47,Dęblin,81,Lublin,True,5,5,2,74.02702209328699
47,Dęblin,82,Kielce,True,5,5,8,209.08662119899853
47,Dęblin,83,Łomża,True,5,5,2,46.17358552246078
47,Dęblin,3279,Przasnysz,True,5,5,18,87.6191750762896
48,Hamar,50,Bergen,True,2,2,14,150.36892594162424
48,Hamar,51,Stryn,True,2,2,2,31.11269837220809
48,Hamar,52,Rjukan,True,2,2,4,118.45766881066868
48,Hamar,53,Kristiansand,True,2,2,4,39.416407864998746
49,Mazyr,91,Lutsk,False,3,6,10,177.65003202685813
49,Mazyr,100,Chernihiv,False,3,6,6,84.96968717791022
49,Mazyr,112,Korosten,False,3,6,12,154.33400465288645
49,Mazyr,142,Gomel,True,3,3,6,138.35204043973246
49,Mazyr,146,Žlobin,True,3,3,8,135.15601503552824
49,Mazyr,163,Slutsk,True,3,3,4,56.98766474690015
49,Mazyr,3215,Bryansk,False,3,156,2,36.87817782917155
50,Bergen,51,Stryn,True,2,2,12,208.61695246509774
50,Bergen,52,Rjukan,True,2,2,12,291.09681432914925
52,Rjukan,53,Kristiansand,True,2,2,18,335.36343978093083
54,Tallinn,55,Haapsalu,True,4,4,10,73.47233271991249
54,Tallinn,58,Pärnu,True,4,4,16,155.8109114303581
54,Tallinn,2822,Gdov,False,4,157,16,108.67154830599135
55,Haapsalu,58,Pärnu,True,4,4,16,120.88809684919343
57,Bern,149,Zürich,True,14,14,10,49.26908439498972
57,Bern,152,Chur,True,14,14,6,53.01518651100221
57,Bern,156,Lausanne,True,14,14,6,109.95743765414765
57,Bern,283,Dijon,False,14,18,8,123.07964828325493
58,Pärnu,59,Valga,True,4,4,12,166.7760857448074
58,Pärnu,61,Cēsis,True,4,4,14,95.84671937048307
58,Pärnu,2822,Gdov,False,4,157,6,68.13299686521975
59,Valga,61,Cēsis,True,4,4,10,79.94093755080416
59,Valga,63,Ludza,True,4,4,10,151.41781304968143
59,Valga,2820,Pskov,False,4,157,8,77.85140913484932
59,Valga,2822,Gdov,False,4,157,6,35.93302961791351
60,London,226,Portsmouth,True,21,21,6,67.16785803852058
60,London,227,Ashford,True,21,21,4,71.42185611639161
60,London,228,Ipswich,True,21,21,6,47.832551486409926
60,London,229,Cambridge,True,21,21,10,80.50765709967403
61,Cēsis,62,Riga,True,4,4,6,107.25336162689901
61,Cēsis,63,Ludza,True,4,4,12,127.29219887682274
61,Cēsis,64,Daugavpils,True,4,4,2,16.1245154965971
62,Riga,64,Daugavpils,True,4,4,6,61.83862024688261
62,Riga,69,Klaipėda,True,4,4,4,44.86446680791922
62,Riga,70,Talsi,True,4,4,4,56.90985703792846
63,Ludza,64,Daugavpils,True,4,4,8,128.72640222592798
63,Ludza,84,Wilno,False,4,5,12,68.27425676000037
63,Ludza,159,Polotsk,False,4,3,10,127.56609276731126
63,Ludza,2820,Pskov,False,4,157,6,71.92218728285155
64,Daugavpils,65,Vilnius,True,4,4,12,124.02620545618724
64,Daugavpils,69,Klaipėda,True,4,4,4,34.552104127167134
64,Daugavpils,84,Wilno,False,4,5,2,49.51767361255979
64,Daugavpils,85,Lida,False,4,5,4,66.83281572999748
65,Vilnius,66,Alytus,True,4,4,12,78.86488636592684
65,Vilnius,67,Kaunas,True,4,4,16,131.06968930351516
65,Vilnius,69,Klaipėda,True,4,4,4,58.43570679026186
65,Vilnius,85,Lida,False,4,5,12,122.23450936282475
66,Alytus,67,Kaunas,True,4,4,18,119.64028275372247
66,Alytus,83,Łomża,False,4,5,12,158.7233550252167
66,Alytus,85,Lida,False,4,5,2,41.23105625617661
66,Alytus,125,Königsberg,False,4,15,12,109.92220518585194
67,Kaunas,68,Tauragė,True,4,4,10,108.03825376414049
67,Kaunas,69,Klaipėda,True,4,4,8,59.52024089459467
67,Kaunas,125,Königsberg,False,4,15,8,59.219120557995325
68,Tauragė,69,Klaipėda,True,4,4,10,164.17169151266648
68,Tauragė,125,Königsberg,False,4,15,12,118.7792841961039
69,Klaipėda,70,Talsi,True,4,4,20,194.05696151306873
71,Athlone,190,Cork,True,22,22,8,90.74780135610163
71,Athlone,191,Dublin,True,22,22,14,110.76328680558399
71,Athlone,192,Waterford,True,22,22,12,136.00586859018526
71,Athlone,193,Galway,True,22,22,22,245.05926679586378
71,Athlone,194,Belfast,False,22,21,22,245.60723812900864
72,Danzig,73,Bydgoszcz,True,5,5,4,67.73043709409394
72,Danzig,124,Kolberg,False,5,15,14,117.22650930045918
72,Danzig,125,Königsberg,False,5,15,8,69.02470347706205
73,Bydgoszcz,74,Poznań,True,5,5,12,133.5142918067396
73,Bydgoszcz,76,Łódź,True,5,5,8,71.42671423494387
73,Bydgoszcz,77,Płock,True,5,5,22,161.24014530353145
73,Bydgoszcz,124,Kolberg,False,5,15,16,198.8654354698863
73,Bydgoszcz,125,Königsberg,False,5,15,10,167.40198872189097
73,Bydgoszcz,3279,Przasnysz,True,5,5,6,39.71460152426816
74,Poznań,76,Łódź,True,5,5,20,152.72113594863023
74,Poznań,123,Stettin,False,5,15,2,35.77708763999664
74,Poznań,124,Kolberg,False,5,15,8,106.7606211550611
74,Poznań,126,Küstrin,False,5,15,10,135.5045415283062
74,Poznań,129,Breslau,False,5,15,10,111.82504574481722
75,Warsaw,77,Płock,True,5,5,10,78.19962415980184
75,Warsaw,3279,Przasnysz,True,5,5,10,113.90458485490447
76,Łódź,77,Płock,True,5,5,18,173.07766115782835
76,Łódź,82,Kielce,True,5,5,10,63.541164168682535
76,Łódź,128,Oppeln,False,5,15,6,95.0501484962295
76,Łódź,129,Breslau,False,5,15,8,107.27495446589336
76,Łódź,3280,Katowice,True,5,5,14,76.60046717235903
77,Płock,82,Kielce,True,5,5,2,29.120439557122072
77,Płock,3279,Przasnysz,True,5,5,20,116.28176921076144
78,Kraków,80,Tarnów,True,5,5,6,44.60689102623322
78,Kraków,82,Kielce,True,5,5,10,44.46160130421457
78,Kraków,174,Žilina,False,5,12,8,41.96081277550349
78,Kraków,3280,Katowice,True,5,5,12,73.85450262786323
79,Lwów,81,Lublin,True,5,5,10,69.5664060980155
79,Lwów,86,Stanisławów,True,5,5,12,89.32764137062303
79,Lwów,148,Przemyśl,True,5,5,10,58.00080755629537
80,Tarnów,82,Kielce,True,5,5,12,177.52847879127208
80,Tarnów,148,Przemyśl,True,5,5,4,82.00229838305805
80,Tarnów,174,Žilina,False,5,12,8,105.4540111537505
80,Tarnów,175,Košice,False,5,12,8,104.21523753097162
81,Lublin,82,Kielce,True,5,5,12,78.85120984543234
81,Lublin,86,Stanisławów,True,5,5,8,38.529860590110964
81,Lublin,87,Brody,True,5,5,4,56.0
81,Lublin,89,Kowel,True,5,5,6,141.14659166878425
81,Lublin,148,Przemyśl,True,5,5,14,208.46314334779794
82,Kielce,148,Przemyśl,True,5,5,8,78.02810850588124
82,Kielce,3280,Katowice,True,5,5,18,124.41223975432123
83,Łomża,85,Lida,True,5,5,4,70.6476151587624
83,Łomża,125,Königsberg,False,5,15,18,241.35238074165665
83,Łomża,3279,Przasnysz,True,5,5,12,136.67077960983914
83,Łomża,3281,Białystok,True,5,5,16,159.65281789464098
83,Łomża,3282,Baranovichi,True,5,5,8,119.30579516381084
84,Wilno,85,Lida,True,5,5,12,164.3156377625025
84,Wilno,159,Polotsk,False,5,3,12,97.70886301730488
84,Wilno,162,Barysaw,False,5,3,4,59.63525466371093
85,Lida,160,Minsk,False,5,3,8,59.38709067745012
85,Lida,162,Barysaw,False,5,3,4,42.43908891458577
85,Lida,163,Slutsk,False,5,3,2,40.0
85,Lida,3282,Baranovichi,True,5,5,18,184.7043182405032
86,Stanisławów,87,Brody,True,5,5,20,247.75058128293944
86,Stanisławów,148,Przemyśl,True,5,5,10,81.01429447011273
86,Stanisławów,176,Mukačevo,False,5,12,18,222.2914315279046
86,Stanisławów,348,Satu Mare,False,5,7,4,34.205212172738094
86,Stanisławów,352,Suceava,False,5,7,10,131.19076575349737
87,Brody,88,Sarny,True,5,5,8,113.81847796396313
87,Brody,89,Kowel,True,5,5,14,178.65562402467214
87,Brody,91,Lutsk,False,5,6,8,61.28421199496077
87,Brody,107,Lviv,False,5,6,24,303.88978479295315
87,Brody,352,Suceava,False,5,7,8,61.9128633620313
88,Sarny,89,Kowel,True,5,5,6,156.01689351254612
88,Sarny,91,Lutsk,False,5,6,14,168.9952649349087
88,Sarny,163,Slutsk,False,5,3,10,119.97065439046608
88,Sarny,3282,Baranovichi,True,5,5,16,144.5420356551814
89,Kowel,3282,Baranovichi,True,5,5,12,89.42553135020279
90,Edinburgh,238,Glasgow,True,21,21,18,188.23203583981808
91,Lutsk,107,Lviv,True,6,6,6,110.37965444464366
91,Lutsk,110,Ternopil,True,6,6,8,197.3556557261403
91,Lutsk,112,Korosten,True,6,6,2,46.647615158762406
91,Lutsk,163,Slutsk,False,6,3,2,54.0
92,Kiev,99,Cherkasy,True,6,6,10,106.71101170678428
92,Kiev,100,Chernihiv,True,6,6,8,83.52215043430361
92,Kiev,108,Zhytomyr,True,6,6,6,62.01031789380194
92,Kiev,112,Korosten,True,6,6,6,48.13680451817798
93,Odessa,109,Mykolayiv,True,6,6,10,129.82159766557
93,Odessa,342,Chișinău,False,6,7,12,91.38834364200798
94,Salisbury,223,Taunton,True,21,21,24,171.24839222913658
94,Salisbury,224,Bristol,True,21,21,6,72.61747063122661
94,Salisbury,225,Plymouth,True,21,21,6,45.211504411015525
94,Salisbury,226,Portsmouth,True,21,21,18,150.3135033672714
95,Kharkiv,97,Luhansk,True,6,6,4,59.77114041453157
95,Kharkiv,98,Poltava,True,6,6,8,93.51069810981343
95,Kharkiv,100,Chernihiv,True,6,6,10,83.62677163290228
95,Kharkiv,3226,Belgorod,False,6,156,6,63.40462998227295
95,Kharkiv,3227,Kursk,False,6,156,4,21.85994281687617
96,Stalino,97,Luhansk,True,6,6,6,55.27192885662616
96,Stalino,101,Zaporizhzhia,True,6,6,20,135.04430601016736
96,Stalino,102,Dnipropetrovsk,True,6,6,6,73.99798068406794
97,Luhansk,98,Poltava,True,6,6,14,119.15675416712364
97,Luhansk,101,Zaporizhzhia,True,6,6,14,75.36730087737894
97,Luhansk,102,Dnipropetrovsk,True,6,6,8,101.46015325159948
97,Luhansk,3213,Millerovo,False,6,170,20,201.66062703800156
97,Luhansk,3226,Belgorod,False,6,156,10,123.61446558603868
97,Luhansk,3235,Borisolglebsk,False,6,156,8,110.43055056855877
98,Poltava,99,Cherkasy,True,6,6,6,103.54018069275111
98,Poltava,100,Chernihiv,True,6,6,2,41.617304093369626
98,Poltava,102,Dnipropetrovsk,True,6,6,18,215.95969047697275
99,Cherkasy,100,Chernihiv,True,6,6,22,229.0342911892121
99,Cherkasy,102,Dnipropetrovsk,True,6,6,2,85.90692637965812
99,Cherkasy,105,Kirovohrad,True,6,6,4,56.86228123383556
100,Chernihiv,3215,Bryansk,False,6,156,6,114.07240766642092
100,Chernihiv,3227,Kursk,False,6,156,26,272.9135159774695
101,Zaporizhzhia,102,Dnipropetrovsk,True,6,6,14,169.93938485412647
101,Zaporizhzhia,104,Melitopol,True,6,6,12,262.02361221880517
102,Dnipropetrovsk,105,Kirovohrad,True,6,6,12,93.38940757239139
103,Sevastopol,104,Melitopol,True,6,6,6,84.09830042073743
105,Kirovohrad,109,Mykolayiv,True,6,6,8,87.6936212036881
105,Kirovohrad,111,Uman,True,6,6,2,31.622776601683793
106,Vinnytsia,107,Lviv,True,6,6,4,78.25991513808717
106,Vinnytsia,108,Zhytomyr,True,6,6,6,119.52969610520478
106,Vinnytsia,110,Ternopil,True,6,6,2,50.99019513592785
106,Vinnytsia,111,Uman,True,6,6,12,139.28035325929324
106,Vinnytsia,342,Chișinău,False,6,7,4,51.85677655436824
106,Vinnytsia,343,Botoșani,False,6,7,4,86.98725219825826
107,Lviv,110,Ternopil,True,6,6,6,143.99548405006047
107,Lviv,343,Botoșani,False,6,7,6,112.22532478131555
107,Lviv,352,Suceava,False,6,7,4,30.759880916948354
108,Zhytomyr,110,Ternopil,True,6,6,6,111.6389988523377
108,Zhytomyr,111,Uman,True,6,6,2,68.11754546370561
108,Zhytomyr,112,Korosten,True,6,6,10,129.80744157133677
109,Mykolayiv,111,Uman,True,6,6,16,248.4541283948491
109,Mykolayiv,342,Chișinău,False,6,7,6,52.109724040899366
110,Ternopil,112,Korosten,True,6,6,4,110.40588203494178
111,Uman,342,Chișinău,False,6,7,8,72.63396473564327
113,Hamburg,120,Bremen,True,15,15,6,44.968043213209256
113,Hamburg,121,Hannover,True,15,15,8,71.78239172610263
113,Hamburg,122,Rostock,True,15,15,6,50.90236613767746
114,Kiel,143,Esbjerg,False,15,181,6,84.86446680791921
115,Dresden,126,Küstrin,True,15,15,22,202.09188584393092
115,Dresden,127,Magdeburg,True,15,15,4,58.05037987974272
115,Dresden,128,Oppeln,True,15,15,2,25.059928172283335
115,Dresden,129,Breslau,True,15,15,16,150.8229499334426
115,Dresden,130,Leipzig,True,15,15,2,10.198039027185569
116,Berlin,123,Stettin,True,15,15,12,80.88934679990814
116,Berlin,126,Küstrin,True,15,15,6,89.61695017957976
116,Berlin,127,Magdeburg,True,15,15,12,111.55359255174176
117,Cologne,131,Düsseldorf,True,15,15,12,76.64598238123946
117,Cologne,132,Frankfurt,True,15,15,12,87.35839016419813
117,Cologne,139,Kassel,True,15,15,6,33.299917075508525
118,Munich,136,Augsburg,True,15,15,12,98.86364283177417
118,Munich,137,Nuremberg,True,15,15,10,87.55922481453153
119,Osnabrück,120,Bremen,True,15,15,16,217.76573385939707
119,Osnabrück,121,Hannover,True,15,15,6,117.06714513133136
119,Osnabrück,131,Düsseldorf,True,15,15,2,6.324555320336759
119,Osnabrück,139,Kassel,True,15,15,10,97.91234780430885
119,Osnabrück,182,Groningen,False,15,20,10,141.37341270600695
120,Bremen,121,Hannover,True,15,15,4,129.9955956316599
120,Bremen,182,Groningen,False,15,20,6,68.73092159973469
121,Hannover,127,Magdeburg,True,15,15,2,8.246211251235321
121,Hannover,130,Leipzig,True,15,15,2,82.46211251235322
121,Hannover,139,Kassel,True,15,15,10,105.47803538825103
121,Hannover,140,Erfurt,True,15,15,2,40.496913462633174
122,Rostock,123,Stettin,True,15,15,10,136.3849487200795
122,Rostock,127,Magdeburg,True,15,15,12,137.82898543421828
123,Stettin,124,Kolberg,True,15,15,14,206.85316222546822
123,Stettin,126,Küstrin,True,15,15,18,196.9773046887272
123,Stettin,127,Magdeburg,True,15,15,8,71.16784198277206
125,Königsberg,3279,Przasnysz,False,15,5,8,126.95690391834137
126,Küstrin,127,Magdeburg,True,15,15,2,34.52535300326414
126,Küstrin,129,Breslau,True,15,15,6,92.93738823907802
128,Oppeln,129,Breslau,True,15,15,10,289.89717744806234
128,Oppeln,172,Ostrava,False,15,12,10,190.44425712191855
128,Oppeln,3280,Katowice,False,15,5,16,142.1340967872511
130,Leipzig,140,Erfurt,True,15,15,20,334.5817993044077
130,Leipzig,170,Liberec,False,15,12,2,41.23105625617661
130,Leipzig,171,Pilsen,False,15,12,8,96.12821554900816
131,Düsseldorf,132,Frankfurt,True,15,15,2,58.137767414994535
131,Düsseldorf,183,Eindhoven,False,15,20,20,190.95401317761713
131,Düsseldorf,188,Bastogne,False,15,19,6,74.3459624934771
132,Frankfurt,133,Stuttgart,True,15,15,12,88.00637108454916
132,Frankfurt,134,Saarbrücken,True,15,15,22,299.15501961092014
132,Frankfurt,138,Würzburg,True,15,15,2,12.0
132,Frankfurt,188,Bastogne,False,15,19,2,25.612496949731394
132,Frankfurt,189,Luxemburg,False,15,200,2,17.08800749063506
133,Stuttgart,134,Saarbrücken,True,15,15,2,23.40939982143925
133,Stuttgart,135,Freiburg,True,15,15,10,107.33016714488946
133,Stuttgart,136,Augsburg,True,15,15,6,38.95677132500091
133,Stuttgart,138,Würzburg,True,15,15,12,56.21807785794394
134,Saarbrücken,189,Luxemburg,False,15,200,6,69.63632423198024
134,Saarbrücken,284,Strasbourg,False,15,18,12,137.8294479819818
134,Saarbrücken,285,Nancy,False,15,18,6,84.87366791535418
135,Freiburg,136,Augsburg,True,15,15,16,282.47036501324027
135,Freiburg,149,Zürich,False,15,14,12,109.08673702849525
135,Freiburg,168,Innsbruck,False,15,13,6,108.64392630774867
135,Freiburg,283,Dijon,False,15,18,2,16.492422502470642
136,Augsburg,137,Nuremberg,True,15,15,12,167.80332204763246
136,Augsburg,138,Würzburg,True,15,15,10,146.61291879184486
136,Augsburg,168,Innsbruck,False,15,13,10,147.1285961401386
137,Nuremberg,140,Erfurt,True,15,15,2,8.246211251235321
138,Würzburg,139,Kassel,True,15,15,2,78.10249675906654
138,Würzburg,140,Erfurt,True,15,15,10,150.91703114264385
139,Kassel,140,Erfurt,True,15,15,14,194.56795149292475
140,Erfurt,171,Pilsen,False,15,12,8,68.41514582457822
141,Mogilev,142,Gomel,True,3,3,12,116.53063174348038
141,Mogilev,146,Žlobin,True,3,3,10,94.10797187327879
141,Mogilev,147,Babruysk,True,3,3,10,143.31061081191268
141,Mogilev,161,Vitsebsk,True,3,3,10,154.47005131553735
141,Mogilev,162,Barysaw,True,3,3,16,186.59471709486624
141,Mogilev,3215,Bryansk,False,3,156,4,34.97655131063338
141,Mogilev,3230,Kaluga,False,3,156,12,122.28386789656452
142,Gomel,146,Žlobin,True,3,3,16,155.7371448721475
142,Gomel,3215,Bryansk,False,3,156,12,181.54092079167185
143,Esbjerg,150,Viborg,True,181,181,10,78.19367351360472
143,Esbjerg,151,Aarhus,True,181,181,8,87.38444633338447
144,Rock Springs,517,Vernal,True,45,45,18,92.2774126608017
144,Rock Springs,523,Afton,True,45,45,20,134.05946449049176
144,Rock Springs,524,Riverton,True,45,45,6,41.50449168856019
146,Žlobin,147,Babruysk,True,3,3,16,173.10869504142886
146,Žlobin,163,Slutsk,True,3,3,6,94.3072332697189
147,Babruysk,162,Barysaw,True,3,3,8,85.461616742877
147,Babruysk,163,Slutsk,True,3,3,12,181.49914191918373
148,Przemyśl,175,Košice,False,5,12,14,181.42294935251678
148,Przemyśl,176,Mukačevo,False,5,12,2,14.0
149,Zürich,152,Chur,True,14,14,10,103.0556123309481
150,Viborg,151,Aarhus,True,181,181,28,184.6583649050165
152,Chur,153,Lugano,True,14,14,10,150.21985905540552
152,Chur,156,Lausanne,True,14,14,8,47.290923165237245
153,Lugano,156,Lausanne,True,14,14,14,141.77903883790043
153,Lugano,244,Turin,False,14,16,14,119.16054729537197
153,Lugano,250,Milan,False,14,16,10,64.10257733066459
155,Copenhagen,157,Næstved,True,181,181,6,65.12248562511904
156,Lausanne,244,Turin,False,14,16,12,114.36200623833494
156,Lausanne,291,Saint Étienne,False,14,18,28,223.07311729061416
158,Vienna,165,Sankt Pölten,True,13,13,8,66.64335972930591
158,Vienna,166,Graz,True,13,13,8,71.92239781787144
158,Vienna,177,Bratislava,False,13,12,14,129.61352588532475
159,Polotsk,161,Vitsebsk,True,3,3,8,95.26793191118702
159,Polotsk,162,Barysaw,True,3,3,14,165.61734223153059
159,Polotsk,2820,Pskov,False,3,157,10,103.06450828227617
159,Polotsk,2823,Nevel,False,3,157,8,98.8423987522107
160,Minsk,162,Barysaw,True,3,3,12,152.42879204218985
160,Minsk,163,Slutsk,True,3,3,6,84.01640874209892
161,Vitsebsk,162,Barysaw,True,3,3,6,116.262656791844
161,Vitsebsk,2823,Nevel,False,3,157,8,104.92348694188145
161,Vitsebsk,3230,Kaluga,False,3,156,6,44.37072674783242
161,Vitsebsk,3233,Smolensk,False,3,156,16,257.20810427266804
162,Barysaw,163,Slutsk,True,3,3,2,17.08800749063506
163,Slutsk,3282,Baranovichi,False,3,5,8,149.6441499443751
165,Sankt Pölten,166,Graz,True,13,13,18,215.89921652618588
165,Sankt Pölten,167,Salzburg,True,13,13,10,144.92486429055128
166,Graz,167,Salzburg,True,13,13,14,129.8879694102028
166,Graz,168,Innsbruck,True,13,13,4,34.28122818477016
166,Graz,332,Györ,False,13,7,2,24.0
166,Graz,334,Keszthely,False,13,7,16,178.51221167576256
166,Graz,368,Maribor,False,13,17,16,159.82716264770318
166,Graz,369,Ljubljana,False,13,17,4,22.847149667859085
167,Salzburg,168,Innsbruck,True,13,13,16,284.10670334987253
168,Innsbruck,247,Verona,False,13,16,26,309.31018604944603
168,Innsbruck,369,Ljubljana,False,13,17,4,61.20294101747089
168,Innsbruck,3332,Trieste,False,13,16,10,143.90662171281517
169,Prague,170,Liberec,True,12,12,10,86.68012561489765
169,Prague,171,Pilsen,True,12,12,8,84.72681166508261
169,Prague,173,Brno,True,12,12,10,91.22673580856063
170,Liberec,171,Pilsen,True,12,12,14,140.17664327251623
170,Liberec,172,Ostrava,True,12,12,8,105.8302301471296
170,Liberec,173,Brno,True,12,12,4,70.93695056102436
171,Pilsen,173,Brno,True,12,12,16,176.0800487739204
172,Ostrava,173,Brno,True,12,12,8,128.62481836273827
172,Ostrava,174,Žilina,True,12,12,4,96.21326703534137
172,Ostrava,177,Bratislava,True,12,12,6,154.63901305628184
172,Ostrava,3280,Katowice,False,12,5,6,31.661903789690598
173,Brno,177,Bratislava,True,12,12,10,113.2598726559461
174,Žilina,175,Košice,True,12,12,8,74.40367802351162
174,Žilina,177,Bratislava,True,12,12,6,78.1355823526634
174,Žilina,178,Banská Bystrica,True,12,12,14,223.8092873115237
174,Žilina,3280,Katowice,False,12,5,10,59.59315206335818
175,Košice,176,Mukačevo,True,12,12,14,119.03588534013592
175,Košice,178,Banská Bystrica,True,12,12,6,70.50122410557496
175,Košice,330,Miskolc,False,12,7,14,175.06891655090217
176,Mukačevo,330,Miskolc,False,12,7,4,31.346786157816204
176,Mukačevo,348,Satu Mare,False,12,7,14,200.94080367585457
177,Bratislava,178,Banská Bystrica,True,12,12,10,147.06552176749355
178,Banská Bystrica,330,Miskolc,False,12,7,8,75.39399534986455
178,Banská Bystrica,331,Vác,False,12,7,10,161.32465618767895
179,Amsterdam,180,Rotterdam,True,20,20,4,47.2602916254693
179,Amsterdam,181,Den Helder,True,20,20,6,47.632539395277604
179,Amsterdam,182,Groningen,True,20,20,8,78.4667469497139
180,Rotterdam,181,Den Helder,True,20,20,2,56.142675390472796
182,Groningen,183,Eindhoven,True,20,20,6,53.84971769034255
183,Eindhoven,186,Antwerpen,False,20,19,18,215.69132296827775
183,Eindhoven,188,Bastogne,False,20,19,8,59.124560504147944
184,Brussels,185,Brugge,True,19,19,6,57.02223345143094
184,Brussels,186,Antwerpen,True,19,19,6,84.11961262281027
184,Brussels,187,Namur,True,19,19,6,61.829480793983805
184,Brussels,188,Bastogne,True,19,19,6,49.120090031726136
185,Brugge,186,Antwerpen,True,19,19,10,81.58163249887946
185,Brugge,187,Namur,True,19,19,10,84.73976186700415
185,Brugge,274,Lille,False,19,18,14,124.30669366779071
186,Antwerpen,188,Bastogne,True,19,19,6,82.89246941770165
187,Namur,188,Bastogne,True,19,19,8,95.049833505058
187,Namur,189,Luxemburg,False,19,200,8,63.93790051689484
187,Namur,274,Lille,False,19,18,24,177.2545815843721
187,Namur,285,Nancy,False,19,18,8,44.986976363668425
188,Bastogne,189,Luxemburg,False,19,200,10,79.83872260987995
189,Luxemburg,285,Nancy,False,200,18,10,72.91571079428783
190,Cork,192,Waterford,True,22,22,14,161.11358631559438
190,Cork,193,Galway,True,22,22,8,67.33453401733138
191,Dublin,192,Waterford,True,22,22,8,88.8783561617812
193,Galway,194,Belfast,False,22,21,12,144.24822821402623
195,Lisbon,197,Coimbra,True,25,25,6,54.78133820737523
195,Lisbon,199,Beja,True,25,25,4,20.0
196,Oporto,197,Coimbra,True,25,25,10,124.14583505165052
196,Oporto,198,Viseu,True,25,25,8,159.76022279341007
196,Oporto,300,Vigo,False,25,24,22,375.07963079814476
196,Oporto,316,Salamanca,False,25,24,4,62.29086012005568
196,Oporto,319,Zamora,False,25,24,6,50.064361941725295
197,Coimbra,198,Viseu,True,25,25,16,258.12091255107083
197,Coimbra,199,Beja,True,25,25,22,156.86961980057353
198,Viseu,199,Beja,True,25,25,6,74.85484173231018
198,Viseu,309,Cáceres,False,25,24,10,111.62591961073142
198,Viseu,316,Salamanca,False,25,24,16,158.12505164495388
199,Beja,200,Faro,True,25,25,14,186.86745238344207
199,Beja,309,Cáceres,False,25,24,12,172.8220943310671
199,Beja,312,Huelva,False,25,24,10,75.92411820405452
200,Faro,312,Huelva,False,25,24,10,125.27432441849864
201,Reykjavík,202,Akureyri,True,23,23,8,169.07171719988992
201,Reykjavík,203,Höfn,True,23,23,6,59.62639346013777
202,Akureyri,203,Höfn,True,23,23,44,535.2573179753813
204,Tirana,205,Vlore,True,11,11,8,81.13417033662452
204,Tirana,375,Skopje,False,11,17,6,44.2122080406014
204,Tirana,377,Podgorica,False,11,17,14,107.84673648722784
204,Tirana,396,Kastoria,False,11,10,2,20.09975124224178
205,Vlore,391,Ioannina,False,11,10,14,133.90374836181581
205,Vlore,396,Kastoria,False,11,10,18,172.65152483538722
205,Vlore,397,Grevena,False,11,10,6,42.86902908202144
206,Tucson,211,Safford,True,53,53,10,281.12188264113996
206,Tucson,213,Yuma,True,53,53,12,178.8807172842372
206,Tucson,597,El Paso,False,53,52,2,76.0
206,Tucson,912,Caborca,False,53,54,4,106.40801900397892
206,Tucson,917,Ures,False,53,54,4,238.3036847936176
207,Phoenix,208,Flagstaff,True,53,53,4,50.786020582101685
207,Phoenix,211,Safford,True,53,53,10,107.20866893290929
207,Phoenix,212,Prescott,True,53,53,6,68.58314453684517
207,Phoenix,213,Yuma,True,53,53,12,95.2213190194444
208,Flagstaff,209,Chinle,True,53,53,6,251.28485367908536
208,Flagstaff,211,Safford,True,53,53,14,257.71279120635955
208,Flagstaff,212,Prescott,True,53,53,14,161.9702969471567
208,Flagstaff,640,Farmington (NM),False,53,52,2,104.0768946500615
208,Flagstaff,643,Hot Springs,False,53,52,2,156.05127362504928
209,Chinle,530,Blanding,False,53,45,2,280.0
209,Chinle,640,Farmington (NM),False,53,52,2,160.0
210,Kingman,493,Crystal Springs,False,53,32,4,55.19661274886822
210,Kingman,514,Cedar City,False,53,45,2,190.0
211,Safford,213,Yuma,True,53,53,6,58.51467480822218
211,Safford,597,El Paso,False,53,52,2,62.0
211,Safford,643,Hot Springs,False,53,52,2,70.0
212,Prescott,213,Yuma,True,53,53,16,219.59126397036857
213,Yuma,912,Caborca,False,53,54,2,213.02582003128165
214,Billings,216,Broadus,True,44,44,8,72.10379288698607
214,Billings,217,Miles City,True,44,44,6,101.76113567633982
214,Billings,221,Bozeman,True,44,44,8,151.44868726563294
215,Great Falls,219,Havre,True,44,44,24,361.45308295319865
215,Great Falls,220,Missoula,True,44,44,20,205.4654060836076
215,Great Falls,221,Bozeman,True,44,44,12,127.60893248424459
215,Great Falls,222,Helena,True,44,44,18,217.49777628535784
215,Great Falls,695,Medicine Hat,False,44,34,2,96.0
215,Great Falls,711,Cardston,False,44,34,2,98.0
216,Broadus,217,Miles City,True,44,44,14,353.6047126723872
216,Broadus,221,Bozeman,True,44,44,14,118.26410430530943
216,Broadus,475,Dickinson,False,44,43,2,22.0
216,Broadus,481,Redig,False,44,43,2,158.0
216,Broadus,520,Gilette,False,44,45,2,228.0
216,Broadus,521,Sheridan,False,44,45,2,142.01408380861386
217,Miles City,218,Plentywood,True,44,44,10,325.5135995148088
217,Miles City,219,Havre,True,44,44,10,212.9661630112981
217,Miles City,221,Bozeman,True,44,44,8,99.53328350537542
217,Miles City,475,Dickinson,False,44,43,2,190.0
218,Plentywood,219,Havre,True,44,44,18,303.4914498082007
218,Plentywood,474,Williston,False,44,43,2,188.0
218,Plentywood,475,Dickinson,False,44,43,2,16.0
218,Plentywood,721,Estevan,False,44,35,2,32.0
218,Plentywood,723,Moose Jaw,False,44,35,2,218.0
218,Plentywood,724,Swift Current,False,44,35,2,174.0
219,Havre,221,Bozeman,True,44,44,8,128.88651232346075
219,Havre,695,Medicine Hat,False,44,34,2,106.01886624558857
219,Havre,724,Swift Current,False,44,35,2,176.0
220,Missoula,222,Helena,True,44,44,12,262.5869663730753
220,Missoula,446,Stanley,False,44,31,4,46.331050121192874
220,Missoula,457,Lewiston,False,44,31,6,109.16065665464083
220,Missoula,459,Coeur d'Alene,False,44,31,20,283.7605250878997
220,Missoula,687,Cranbrook,False,44,30,2,60.0
220,Missoula,711,Cardston,False,44,34,2,238.00840321299583
221,Bozeman,222,Helena,True,44,44,20,318.8455832560708
221,Bozeman,521,Sheridan,False,44,45,2,92.0
221,Bozeman,522,Jackson (WY),False,44,45,2,226.00884938426637
222,Helena,442,Idaho Falls,False,44,31,26,254.55953670237625
222,Helena,446,Stanley,False,44,31,32,412.1014929079009
222,Helena,522,Jackson (WY),False,44,45,2,21.2602916254693
223,Taunton,225,Plymouth,True,21,21,20,146.84115422617404
224,Bristol,226,Portsmouth,True,21,21,8,74.53288257254911
224,Bristol,230,Birmingham,True,21,21,10,92.4739868825422
224,Bristol,231,Cardiff,True,21,21,6,34.40011603271487
226,Portsmouth,227,Ashford,True,21,21,10,99.87032377041575
226,Portsmouth,229,Cambridge,True,21,21,8,89.27701299331521
226,Portsmouth,230,Birmingham,True,21,21,2,84.09518416651456
228,Ipswich,229,Cambridge,True,21,21,22,248.60149443868457
228,Ipswich,234,Sheffield,True,21,21,8,74.50174646448212
229,Cambridge,230,Birmingham,True,21,21,24,247.3708076490626
229,Cambridge,234,Sheffield,True,21,21,2,53.14132102234569
230,Birmingham,231,Cardiff,True,21,21,12,132.0765510849379
230,Birmingham,232,Liverpool,True,21,21,6,80.6632614308964
230,Birmingham,233,Shrewsbury,True,21,21,8,57.26735397316096
230,Birmingham,234,Sheffield,True,21,21,14,248.76383306585532
231,Cardiff,233,Shrewsbury,True,21,21,10,151.79339801683219
232,Liverpool,233,Shrewsbury,True,21,21,12,113.31864496540545
232,Liverpool,234,Sheffield,True,21,21,8,28.466690944067707
232,Liverpool,235,Leeds,True,21,21,10,87.43125806548643
234,Sheffield,235,Leeds,True,21,21,14,173.64323933183
234,Sheffield,237,York,True,21,21,4,43.72326722600623
235,Leeds,236,Carlisle,True,21,21,4,37.00364040730858
235,Leeds,237,York,True,21,21,26,291.1306093469564
236,Carlisle,237,York,True,21,21,14,203.72175218396475
236,Carlisle,238,Glasgow,True,21,21,16,215.94656227100288
238,Glasgow,239,Aberdeen,True,21,21,4,41.2602916254693
238,Glasgow,241,Inverness,True,21,21,10,116.14526696198352
239,Aberdeen,241,Inverness,True,21,21,36,496.9164800580919
241,Inverness,242,Thurso,True,21,21,14,188.24104090113386
243,Venice,247,Verona,True,16,16,10,116.45969897269862
243,Venice,249,Bologna,True,16,16,8,33.46510762842762
243,Venice,3332,Trieste,True,16,16,4,34.60319277874548
244,Turin,250,Milan,True,16,16,14,186.13691741113067
244,Turin,251,Cuneo,True,16,16,8,157.34818380790944
244,Turin,291,Saint Étienne,False,16,18,14,149.08559539332
244,Turin,293,Grenoble,False,16,18,12,82.85923733588511
245,Rome,257,Civitavecchia,True,16,16,10,85.89015617163612
245,Rome,260,Latina,True,16,16,10,96.28909626204482
246,Naples,261,Cassino,True,16,16,10,73.96840404203324
246,Naples,264,Salerno,True,16,16,12,80.33655823125159
247,Verona,249,Bologna,True,16,16,14,201.7110077851508
247,Verona,250,Milan,True,16,16,6,168.0053866515373
247,Verona,252,Parma,True,16,16,4,51.6080788268431
247,Verona,3332,Trieste,True,16,16,8,106.17993031032447
248,Genoa,250,Milan,True,16,16,12,80.01222412003592
248,Genoa,251,Cuneo,True,16,16,8,71.14625270905553
248,Genoa,252,Parma,True,16,16,12,94.67028838738099
249,Bologna,252,Parma,True,16,16,4,83.23922612912204
249,Bologna,253,Florence,True,16,16,2,122.2620137246234
249,Bologna,254,San Marino,True,16,16,8,79.24378846160813
250,Milan,251,Cuneo,True,16,16,8,53.36697152308691
250,Milan,252,Parma,True,16,16,12,162.01471200987044
251,Cuneo,293,Grenoble,False,16,18,18,201.91950226490013
252,Parma,253,Florence,True,16,16,14,171.16671884229666
253,Florence,254,San Marino,True,16,16,6,86.86305939032637
253,Florence,257,Civitavecchia,True,16,16,18,251.23598734137386
253,Florence,258,Perugia,True,16,16,6,69.24495505371917
254,San Marino,258,Perugia,True,16,16,2,34.0
257,Civitavecchia,258,Perugia,True,16,16,14,190.53254915506517
257,Civitavecchia,260,Latina,True,16,16,4,53.84971769034255
258,Perugia,259,Pescara,True,16,16,12,160.00576474242135
258,Perugia,260,Latina,True,16,16,2,26.0
259,Pescara,260,Latina,True,16,16,8,99.19283612449178
259,Pescara,261,Cassino,True,16,16,6,90.07880147278968
259,Pescara,263,Foggia,True,16,16,6,78.46444465001645
260,Latina,261,Cassino,True,16,16,14,146.25447212545444
261,Cassino,263,Foggia,True,16,16,6,65.61355255852342
261,Cassino,264,Salerno,True,16,16,6,88.55476230659806
262,Bari,263,Foggia,True,16,16,2,28.635642126552707
262,Bari,265,Potenza,True,16,16,10,146.46379630751642
263,Foggia,264,Salerno,True,16,16,12,188.3906596840164
263,Foggia,265,Potenza,True,16,16,4,73.91358156338606
264,Salerno,265,Potenza,True,16,16,12,160.62258496725525
265,Potenza,266,Catanzaro,True,16,16,6,94.726390066307
267,Paris,272,Le Havre,True,18,18,10,72.44576950159775
267,Paris,280,Orléans,True,18,18,14,100.7806111615198
267,Paris,286,Reims,True,18,18,10,63.94855941205043
268,Bordeaux,276,La Rochelle,True,18,18,8,61.79591081605926
268,Bordeaux,278,Bayonne,True,18,18,10,120.66269601650545
268,Bordeaux,279,Tarbes,True,18,18,2,12.806248474865697
269,Marseille,292,Avignon,True,18,18,12,87.30860095158198
270,Lyon,282,Mâcon,True,18,18,16,141.31860749763288
270,Lyon,291,Saint Étienne,True,18,18,10,164.94372593640824
271,Brest,288,Le Mans,True,18,18,14,213.54520008398825
272,Le Havre,274,Lille,True,18,18,10,175.79543097253566
272,Le Havre,280,Orléans,True,18,18,4,118.61457797616333
272,Le Havre,286,Reims,True,18,18,6,42.22995910438062
272,Le Havre,288,Le Mans,True,18,18,8,135.91653869641834
274,Lille,285,Nancy,True,18,18,10,157.0337355877567
274,Lille,286,Reims,True,18,18,4,106.75089134815138
275,Nantes,276,La Rochelle,True,18,18,10,127.79324700079655
276,La Rochelle,279,Tarbes,True,18,18,4,61.63330765278394
276,La Rochelle,288,Le Mans,True,18,18,2,12.649110640673518
276,La Rochelle,289,Poitiers,True,18,18,14,333.9996983377572
276,La Rochelle,290,Limoges,True,18,18,6,150.06589158997056
277,Toulouse,279,Tarbes,True,18,18,14,259.85924398749216
277,Toulouse,290,Limoges,True,18,18,2,18.0
277,Toulouse,292,Avignon,True,18,18,16,305.4205247522974
277,Toulouse,304,Lleida,False,18,24,12,201.63745883256712
278,Bayonne,279,Tarbes,True,18,18,18,330.839211386307
278,Bayonne,302,Pamplona,False,18,24,14,195.3462709148717
279,Tarbes,290,Limoges,True,18,18,12,284.0117896784661
279,Tarbes,302,Pamplona,False,18,24,4,51.24152784829923
279,Tarbes,304,Lleida,False,18,24,12,150.59388222689836
280,Orléans,286,Reims,True,18,18,4,45.16418827698065
280,Orléans,287,Auxerre,True,18,18,10,138.40308363963382
280,Orléans,288,Le Mans,True,18,18,6,134.0724433574975
280,Orléans,289,Poitiers,True,18,18,2,10.0
281,Bourges,283,Dijon,True,18,18,2,10.0
281,Bourges,289,Poitiers,True,18,18,8,255.3910727264113
281,Bourges,290,Limoges,True,18,18,8,102.7695510703306
282,Mâcon,283,Dijon,True,18,18,18,267.63522458128756
283,Dijon,284,Strasbourg,True,18,18,12,146.7299174348098
283,Dijon,287,Auxerre,True,18,18,8,116.38109037333616
284,Strasbourg,285,Nancy,True,18,18,18,181.81157044753547
284,Strasbourg,286,Reims,True,18,18,4,34.56360441118287
284,Strasbourg,287,Auxerre,True,18,18,10,124.34528539966522
285,Nancy,286,Reims,True,18,18,10,151.08221934326855
286,Reims,287,Auxerre,True,18,18,10,145.916861663293
289,Poitiers,290,Limoges,True,18,18,8,150.66161499683676
290,Limoges,291,Saint Étienne,True,18,18,2,28.844410203711913
290,Limoges,292,Avignon,True,18,18,2,37.73592452822641
291,Saint Étienne,292,Avignon,True,18,18,2,12.0
291,Saint Étienne,293,Grenoble,True,18,18,4,185.88706968472604
294,Madrid,306,Cuenca,True,24,24,6,67.10020151584739
294,Madrid,314,Toledo,True,24,24,10,101.70081259597279
294,Madrid,317,Ávila,True,24,24,6,50.662729174699194
294,Madrid,318,Valladolid,True,24,24,10,90.62010202680926
295,Murcia,305,Valencia,True,24,24,10,96.25631658576256
295,Murcia,306,Cuenca,True,24,24,8,102.92270211388609
295,Murcia,313,Granada,True,24,24,12,165.97171992732737
295,Murcia,314,Toledo,True,24,24,4,75.60252829959566
295,Murcia,315,Jaén,True,24,24,6,120.80886495449403
296,Sevilla,307,Malaga,True,24,24,10,54.707092484735256
296,Sevilla,308,Cádiz,True,24,24,10,76.18948674179185
296,Sevilla,311,Córdoba,True,24,24,10,81.28704433524923
296,Sevilla,312,Huelva,True,24,24,8,49.55659711676804
297,Bilbao,301,León,True,24,24,12,108.60341430760107
297,Bilbao,302,Pamplona,True,24,24,10,57.59585641771689
298,Barcelona,303,Zaragoza,True,24,24,8,55.71286978089094
298,Barcelona,304,Lleida,True,24,24,12,118.61459248578294
299,Lugo,300,Vigo,True,24,24,18,355.52036267444845
299,Lugo,301,León,True,24,24,8,157.54017115754533
299,Lugo,319,Zamora,True,24,24,4,82.46211251235322
300,Vigo,319,Zamora,True,24,24,12,174.07352920773675
301,León,302,Pamplona,True,24,24,6,135.11535108030114
301,León,318,Valladolid,True,24,24,6,124.54005113503945
301,León,319,Zamora,True,24,24,10,164.1339528138094
302,Pamplona,303,Zaragoza,True,24,24,6,164.92909587436532
302,Pamplona,304,Lleida,True,24,24,8,143.55587615356353
302,Pamplona,318,Valladolid,True,24,24,12,179.26044676229904
303,Zaragoza,304,Lleida,True,24,24,20,294.55551315579766
303,Zaragoza,305,Valencia,True,24,24,6,51.626221168737146
303,Zaragoza,306,Cuenca,True,24,24,14,354.19026734311217
303,Zaragoza,318,Valladolid,True,24,24,4,71.18405702385535
305,Valencia,306,Cuenca,True,24,24,6,63.1003087892597
306,Cuenca,314,Toledo,True,24,24,10,182.11228507709362
306,Cuenca,318,Valladolid,True,24,24,8,140.36130445463522
307,Malaga,308,Cádiz,True,24,24,14,161.43915318217358
307,Malaga,311,Córdoba,True,24,24,16,167.1453046389733
307,Malaga,313,Granada,True,24,24,14,185.3813155933331
308,Cádiz,312,Huelva,True,24,24,14,106.64822220760742
309,Cáceres,311,Córdoba,True,24,24,8,126.44058035982758
309,Cáceres,312,Huelva,True,24,24,14,176.05176797668577
309,Cáceres,316,Salamanca,True,24,24,6,128.08326112068522
309,Cáceres,317,Ávila,True,24,24,8,120.99221614836829
310,Budapest,331,Vác,True,7,7,12,94.79466109870316
310,Budapest,332,Györ,True,7,7,10,55.60427102795672
310,Budapest,333,Pécs,True,7,7,8,52.97561228867536
311,Córdoba,312,Huelva,True,24,24,6,98.10111527421981
311,Córdoba,313,Granada,True,24,24,4,50.85675218281712
311,Córdoba,315,Jaén,True,24,24,18,248.79557566694498
311,Córdoba,317,Ávila,True,24,24,8,143.03986870714107
313,Granada,315,Jaén,True,24,24,10,183.4236247074271
314,Toledo,315,Jaén,True,24,24,10,161.54979789723873
314,Toledo,317,Ávila,True,24,24,14,164.20819808081882
315,Jaén,317,Ávila,True,24,24,4,70.0421630616195
316,Salamanca,317,Ávila,True,24,24,12,241.7802693271005
316,Salamanca,318,Valladolid,True,24,24,4,68.83199170546327
316,Salamanca,319,Zamora,True,24,24,22,320.7707880138216
317,Ávila,318,Valladolid,True,24,24,8,101.9531152325531
318,Valladolid,319,Zamora,True,24,24,8,130.80803633547077
320,Guymon,321,Woodward,True,51,51,12,82.53339838422973
320,Guymon,533,Pritchett,False,51,45,4,106.87339742040263
320,Guymon,554,Hugoton,False,51,46,4,206.08810832129268
320,Guymon,557,Wellington (KS),False,51,46,2,12.649110640673518
320,Guymon,642,Amarillo,False,51,52,2,182.04395073717774
320,Guymon,656,Dalhart,False,51,52,4,184.03224967708329
321,Woodward,323,Lawton,True,51,51,12,124.58454649208028
321,Woodward,328,Enid,True,51,51,14,231.18819827185604
321,Woodward,557,Wellington (KS),False,51,46,2,114.0
321,Woodward,642,Amarillo,False,51,52,6,128.770329614269
322,Oklahoma City,326,Norman,True,51,51,14,113.39251401400833
322,Oklahoma City,328,Enid,True,51,51,6,41.89425596550076
322,Oklahoma City,329,Ponca City,True,51,51,14,119.78123076997058
323,Lawton,326,Norman,True,51,51,12,165.49051564359627
323,Lawton,328,Enid,True,51,51,6,71.03449922265997
323,Lawton,642,Amarillo,False,51,52,6,121.15148006053505
323,Lawton,654,Wichita Falls,False,51,52,10,184.57016942240892
324,Tulsa,325,McAlester,True,51,51,10,156.9436715075905
324,Tulsa,329,Ponca City,True,51,51,12,203.6553515274469
324,Tulsa,558,Parsons,False,51,46,2,162.01234520862909
324,Tulsa,604,Fayetteville (AR),False,51,50,6,143.6834194277498
324,Tulsa,608,Fort Smith,False,51,50,2,12.165525060596439
325,McAlester,326,Norman,True,51,51,10,152.41101565678932
325,McAlester,327,Durant,True,51,51,10,217.8248198023217
325,McAlester,329,Ponca City,True,51,51,2,68.0
325,McAlester,608,Fort Smith,False,51,50,4,130.29925372672534
325,McAlester,612,El Dorado,False,51,50,4,46.396078054371145
326,Norman,327,Durant,True,51,51,8,120.08842509936954
326,Norman,328,Enid,True,51,51,8,63.57276854798246
326,Norman,329,Ponca City,True,51,51,10,43.76124973280656
326,Norman,654,Wichita Falls,False,51,52,8,63.712248191973174
327,Durant,612,El Dorado,False,51,50,4,88.20511447423559
327,Durant,653,Tyler,False,51,52,10,231.84820843438
327,Durant,654,Wichita Falls,False,51,52,6,94.21745632936613
328,Enid,329,Ponca City,True,51,51,14,170.37234148362856
328,Enid,557,Wellington (KS),False,51,46,2,108.0
328,Enid,558,Parsons,False,51,46,2,12.0
329,Ponca City,558,Parsons,False,51,46,2,108.0
330,Miskolc,331,Vác,True,7,7,12,100.94159721692354
330,Miskolc,335,Debrecen,True,7,7,10,208.3114325628472
330,Miskolc,348,Satu Mare,True,7,7,10,107.73251386399497
331,Vác,333,Pécs,True,7,7,2,7.211102550927978
331,Vác,335,Debrecen,True,7,7,6,102.5684344058983
331,Vác,336,Gyula,True,7,7,8,131.67526671777892
332,Györ,333,Pécs,True,7,7,8,115.8118943005975
332,Györ,334,Keszthely,True,7,7,14,169.25159189319928
333,Pécs,334,Keszthely,True,7,7,10,147.3479999193263
333,Pécs,336,Gyula,True,7,7,2,15.231546211727817
333,Pécs,366,Šabac,False,7,17,10,130.23522730712352
333,Pécs,367,Slavonski Brod,False,7,17,2,24.08318915758459
333,Pécs,368,Maribor,False,7,17,2,46.69047011971501
334,Keszthely,368,Maribor,False,7,17,12,167.35661582449742
335,Debrecen,336,Gyula,True,7,7,12,147.39732403193787
335,Debrecen,344,Deva,True,7,7,6,109.68066416565698
335,Debrecen,348,Satu Mare,True,7,7,6,53.42054589244987
335,Debrecen,349,Zalău,True,7,7,6,106.94420335436865
336,Gyula,337,Timisoara,True,7,7,12,95.66067420279994
336,Gyula,344,Deva,True,7,7,4,22.911224869585354
336,Gyula,346,Reșița,True,7,7,10,62.789464875861974
336,Gyula,364,Novi Sad,False,7,17,6,114.32441083033093
336,Gyula,365,Vršac,False,7,17,6,82.52746215524647
337,Timisoara,344,Deva,True,7,7,10,78.09761057995246
337,Timisoara,346,Reșița,True,7,7,8,77.37144803603263
338,Bucharest,340,Constanța,True,7,7,10,93.41252867606774
338,Bucharest,345,Pitești,True,7,7,10,64.46657189592634
338,Bucharest,347,Craiova,True,7,7,8,58.26992663685235
338,Bucharest,350,Ploiești,True,7,7,8,42.57968102350568
339,Iași,342,Chișinău,True,7,7,12,93.64671607870063
339,Iași,343,Botoșani,True,7,7,6,48.94564412571371
339,Iași,351,Bacău,True,7,7,18,107.03189495242687
340,Constanța,383,Pleven,False,7,8,2,32.0
340,Constanța,385,Varna,False,7,8,6,102.54146795012552
341,Tulcea,342,Chișinău,True,7,7,4,18.77032961426901
341,Tulcea,350,Ploiești,True,7,7,4,37.612496949731394
341,Tulcea,351,Bacău,True,7,7,12,74.71630390835013
342,Chișinău,343,Botoșani,True,7,7,6,87.23829918734393
342,Chișinău,351,Bacău,True,7,7,4,123.59263127806939
343,Botoșani,351,Bacău,True,7,7,10,110.18440831847866
343,Botoșani,352,Suceava,True,7,7,12,140.88503056717622
344,Deva,345,Pitești,True,7,7,10,150.68308276410917
344,Deva,346,Reșița,True,7,7,8,105.70751467299462
344,Deva,347,Craiova,True,7,7,6,50.79976868958367
344,Deva,349,Zalău,True,7,7,8,144.40180461084586
345,Pitești,347,Craiova,True,7,7,12,200.94528384768515
345,Pitești,349,Zalău,True,7,7,4,61.08671018117536
345,Pitești,350,Ploiești,True,7,7,12,158.17668580380646
346,Reșița,347,Craiova,True,7,7,12,127.48340843129904
346,Reșița,365,Vršac,False,7,17,10,134.37232444920812
348,Satu Mare,349,Zalău,True,7,7,14,178.12819838139177
348,Satu Mare,352,Suceava,True,7,7,8,114.77023106742521
348,Satu Mare,353,Târgu-Mureș,True,7,7,2,32.0
349,Zalău,350,Ploiești,True,7,7,2,21.2602916254693
349,Zalău,353,Târgu-Mureș,True,7,7,10,148.03140707944743
350,Ploiești,351,Bacău,True,7,7,12,163.20040312517057
350,Ploiești,353,Târgu-Mureș,True,7,7,8,107.71794353876331
351,Bacău,352,Suceava,True,7,7,10,120.75864507872689
351,Bacău,353,Târgu-Mureș,True,7,7,12,120.19545194058387
352,Suceava,353,Târgu-Mureș,True,7,7,10,114.8223718164745
354,Zagreb,362,Banja Luka,True,17,17,14,92.64687566419472
354,Zagreb,367,Slavonski Brod,True,17,17,10,65.73066336296893
354,Zagreb,368,Maribor,True,17,17,12,91.9822142648679
355,Dubrovnik,359,Mostar,True,17,17,8,82.9430521015839
355,Dubrovnik,377,Podgorica,True,17,17,12,87.05403655024689
356,Seattle,452,Tacoma,True,31,31,10,95.39153414734075
356,Seattle,455,Yakima,True,31,31,12,80.83318101952054
356,Seattle,456,Everett,True,31,31,8,88.31327301944948
357,Sarajevo,359,Mostar,True,17,17,12,70.49247517462943
357,Sarajevo,360,Tuzla,True,17,17,12,73.07308215012442
357,Sarajevo,361,Zenica,True,17,17,8,50.984845004941285
357,Sarajevo,378,Užice,True,17,17,8,43.21076970870555
358,Belgrad,364,Novi Sad,True,17,17,6,77.00388991618946
358,Belgrad,365,Vršac,True,17,17,2,16.97056274847714
358,Belgrad,366,Šabac,True,17,17,8,69.98207560893263
358,Belgrad,373,Kragujevac,True,17,17,8,90.19475226174521
359,Mostar,361,Zenica,True,17,17,12,44.16620067713523
359,Mostar,363,Šibenik,True,17,17,6,87.49290011274513
359,Mostar,377,Podgorica,True,17,17,14,86.40251320452106
359,Mostar,378,Užice,True,17,17,10,108.59350026241006
360,Tuzla,361,Zenica,True,17,17,10,103.432944924426
360,Tuzla,366,Šabac,True,17,17,8,123.71216904829916
360,Tuzla,367,Slavonski Brod,True,17,17,4,44.880613017821105
360,Tuzla,373,Kragujevac,True,17,17,6,82.93589645298033
360,Tuzla,378,Užice,True,17,17,10,110.35689938233436
361,Zenica,362,Banja Luka,True,17,17,8,186.3983380193866
361,Zenica,363,Šibenik,True,17,17,10,190.4904276747927
361,Zenica,367,Slavonski Brod,True,17,17,4,41.36004286771108
361,Zenica,371,Zadar,True,17,17,6,25.90811504092592
362,Banja Luka,367,Slavonski Brod,True,17,17,18,195.01972840116952
362,Banja Luka,368,Maribor,True,17,17,6,38.76075206614983
362,Banja Luka,370,Rijeka,True,17,17,8,135.1257785136593
362,Banja Luka,371,Zadar,True,17,17,6,52.687390334443535
363,Šibenik,371,Zadar,True,17,17,8,68.71051443836001
364,Novi Sad,365,Vršac,True,17,17,14,190.6362403709827
365,Vršac,372,Negotin,True,17,17,2,7.211102550927978
366,Šabac,367,Slavonski Brod,True,17,17,14,167.54111307258117
366,Šabac,373,Kragujevac,True,17,17,4,29.76263497554426
367,Slavonski Brod,368,Maribor,True,17,17,10,148.97779268879566
368,Maribor,369,Ljubljana,True,17,17,12,171.24914919463535
368,Maribor,370,Rijeka,True,17,17,2,24.331050121192877
369,Ljubljana,370,Rijeka,True,17,17,20,175.75679283071133
369,Ljubljana,3332,Trieste,False,17,16,8,161.8185608247084
370,Rijeka,371,Zadar,True,17,17,4,43.177722668291736
370,Rijeka,3332,Trieste,False,17,16,8,116.20885312109787
372,Negotin,374,Niš,True,17,17,6,112.59526009026894
372,Negotin,380,Vratsa,False,17,8,14,167.85681637808605
373,Kragujevac,374,Niš,True,17,17,6,125.0935764941602
373,Kragujevac,376,Pristina,True,17,17,2,41.7612260356422
373,Kragujevac,378,Užice,True,17,17,12,126.35578075891254
374,Niš,375,Skopje,True,17,17,10,251.1143075438764
374,Niš,376,Pristina,True,17,17,10,146.8619810119659
374,Niš,379,Sofia,False,17,8,4,38.03308173100866
374,Niš,380,Vratsa,False,17,8,4,44.07680962081059
374,Niš,381,Gorna Dzhumaya,False,17,8,4,48.66748862699509
375,Skopje,376,Pristina,True,17,17,6,103.7271262126337
375,Skopje,377,Podgorica,True,17,17,2,105.54619841567009
375,Skopje,381,Gorna Dzhumaya,False,17,8,8,174.7472893830836
375,Skopje,394,Serres,False,17,10,2,24.331050121192877
375,Skopje,395,Edessa,False,17,10,2,86.37129152675674
375,Skopje,396,Kastoria,False,17,10,6,122.36210885757444
376,Pristina,377,Podgorica,True,17,17,16,160.07437222215995
376,Pristina,378,Užice,True,17,17,18,161.7348702609781
377,Podgorica,378,Užice,True,17,17,4,33.83985122732316
379,Sofia,380,Vratsa,True,8,8,18,112.19533645602846
379,Sofia,381,Gorna Dzhumaya,True,8,8,12,74.88992091136457
380,Vratsa,381,Gorna Dzhumaya,True,8,8,8,34.0654476830829
380,Vratsa,382,Plovdiv,True,8,8,2,20.8806130178211
380,Vratsa,383,Pleven,True,8,8,16,158.21702915676096
380,Vratsa,384,Tarnovo,True,8,8,6,47.09319515669183
381,Gorna Dzhumaya,382,Plovdiv,True,8,8,16,215.34777951785378
381,Gorna Dzhumaya,392,Xanthi,False,8,10,2,52.0
381,Gorna Dzhumaya,394,Serres,False,8,10,8,105.65598678235425
382,Plovdiv,384,Tarnovo,True,8,8,14,149.67996033710546
382,Plovdiv,386,Burgas,True,8,8,16,133.50390492829519
382,Plovdiv,392,Xanthi,False,8,10,12,129.47470020435316
382,Plovdiv,437,Çorlu,False,8,9,6,57.71741654433049
383,Pleven,384,Tarnovo,True,8,8,20,151.59127573816133
383,Pleven,385,Varna,True,8,8,14,101.16810679945381
384,Tarnovo,385,Varna,True,8,8,8,83.43980623649907
384,Tarnovo,386,Burgas,True,8,8,10,96.66479715940868
385,Varna,386,Burgas,True,8,8,6,37.59511029950983
386,Burgas,437,Çorlu,False,8,9,4,71.49336353027921
387,Thessaloniki,393,Kalamaria,True,10,10,8,53.9461750371525
387,Thessaloniki,394,Serres,True,10,10,4,36.853230365284254
387,Thessaloniki,395,Edessa,True,10,10,6,41.458330652654865
387,Thessaloniki,397,Grevena,True,10,10,6,41.977480879323466
388,Athens,408,Thiva,True,10,10,8,48.10495476338923
389,Trikala,398,Kalabaka,True,10,10,12,58.866583922727614
389,Trikala,399,Arta,True,10,10,6,31.738698255723587
389,Trikala,401,Larissa,True,10,10,10,43.617667024995875
389,Trikala,403,Karditsa,True,10,10,8,33.733696898450305
390,Sparti,405,Patras,True,10,10,8,53.995896798489724
390,Sparti,406,Githio,True,10,10,10,87.27650756082502
391,Ioannina,397,Grevena,True,10,10,10,75.80069948202693
391,Ioannina,398,Kalabaka,True,10,10,10,73.98753817076621
391,Ioannina,399,Arta,True,10,10,10,62.61561338815212
392,Xanthi,394,Serres,True,10,10,14,112.86110757173348
392,Xanthi,437,Çorlu,False,10,9,10,174.97608224766188
393,Kalamaria,394,Serres,True,10,10,6,33.13389370205102
394,Serres,395,Edessa,True,10,10,16,104.221864552318
395,Edessa,396,Kastoria,True,10,10,16,129.8695118480471
395,Edessa,397,Grevena,True,10,10,2,14.422205101855956
396,Kastoria,397,Grevena,True,10,10,20,100.49457282946084
397,Grevena,398,Kalabaka,True,10,10,4,32.110770276274835
397,Grevena,401,Larissa,True,10,10,8,80.61352980012823
398,Kalabaka,399,Arta,True,10,10,10,24.94427190999916
398,Kalabaka,401,Larissa,True,10,10,12,59.56138114845643
399,Arta,403,Karditsa,True,10,10,6,63.06353186003811
401,Larissa,402,Volos,True,10,10,10,73.54623104908705
401,Larissa,403,Karditsa,True,10,10,8,47.43156121160323
402,Volos,403,Karditsa,True,10,10,10,40.86821400937072
402,Volos,404,Lamia,True,10,10,8,44.520849999133866
403,Karditsa,404,Lamia,True,10,10,12,65.26678954583609
403,Karditsa,407,Agrinio,True,10,10,10,61.31194818637866
404,Lamia,407,Agrinio,True,10,10,12,76.6860392869997
404,Lamia,408,Thiva,True,10,10,6,63.855081214745134
405,Patras,406,Githio,True,10,10,12,105.01921040876371
405,Patras,408,Thiva,True,10,10,4,12.32455532033676
406,Githio,408,Thiva,True,10,10,4,18.32455532033676
411,Ankara,420,Çorum,True,9,9,6,73.73119101406292
411,Ankara,422,Bolu,True,9,9,10,105.03820680323652
411,Ankara,434,Kırşehir,True,9,9,6,65.64213992989374
412,Istanbul,437,Çorlu,True,9,9,14,76.50384699211853
413,Adana,432,Mersin,True,9,9,10,85.74645312531206
413,Adana,433,Karaman,True,9,9,20,111.7718734656108
413,Adana,435,Aksaray,True,9,9,10,170.09779930757782
413,Adana,436,Gaziantep,True,9,9,14,133.2883749529953
413,Adana,2038,Hama,False,9,115,10,77.59987698036664
413,Adana,2050,Al Dana,False,9,115,12,131.9611163279755
414,Izmir,426,Balıkesir,True,9,9,10,118.76298107300745
414,Izmir,427,Aydın,True,9,9,12,105.19785616019722
415,Kars,416,Van,True,9,9,12,209.52517013787332
415,Kars,418,Erzurum,True,9,9,16,328.30308881978124
415,Kars,2081,Gyumri,False,9,120,10,144.5840000266214
415,Kars,3169,Tiflis,False,9,171,8,81.73785254213364
415,Kars,3183,Khelvachauri,False,9,171,14,218.3277280187355
416,Van,417,Siirt,True,9,9,12,123.06937317996804
416,Van,418,Erzurum,True,9,9,10,112.8876174297126
416,Van,2061,Erbil,False,9,116,2,12.165525060596439
416,Van,2074,Duhok,False,9,116,20,187.0659921629719
416,Van,2081,Gyumri,False,9,120,10,119.19549657186172
416,Van,2086,Urmia,False,9,120,10,227.83733465863492
417,Siirt,418,Erzurum,True,9,9,14,191.78820873370037
417,Siirt,425,Malatya,True,9,9,4,64.79215610874228
417,Siirt,429,Mardin,True,9,9,14,256.3772101992175
417,Siirt,2041,Tell Kotchek,False,9,115,14,182.85719384968144
417,Siirt,2074,Duhok,False,9,116,8,68.1962045043257
418,Erzurum,419,Ordu,True,9,9,12,178.01685030912913
418,Erzurum,425,Malatya,True,9,9,12,187.22010174987875
419,Ordu,420,Çorum,True,9,9,16,184.4796955671823
419,Ordu,421,Bafra,True,9,9,8,120.11523544121795
419,Ordu,425,Malatya,True,9,9,10,168.06312041981698
420,Çorum,421,Bafra,True,9,9,16,213.54811442548626
420,Çorum,422,Bolu,True,9,9,6,91.62835132721528
420,Çorum,425,Malatya,True,9,9,12,129.61624172246297
420,Çorum,434,Kırşehir,True,9,9,12,215.9459692417109
421,Bafra,422,Bolu,True,9,9,10,179.30673188909896
422,Bolu,423,Eskişehir,True,9,9,4,52.09281726963491
422,Bolu,424,Bursa,True,9,9,10,130.54584362117993
422,Bolu,430,Konya,True,9,9,6,71.02809753564384
422,Bolu,434,Kırşehir,True,9,9,12,96.08351899739841
423,Eskişehir,424,Bursa,True,9,9,8,90.95088014680346
423,Eskişehir,430,Konya,True,9,9,8,81.58038086704802
423,Eskişehir,431,Kütahya,True,9,9,8,82.46199838022
424,Bursa,426,Balıkesir,True,9,9,12,132.7147196963187
424,Bursa,431,Kütahya,True,9,9,8,153.37916014596934
425,Malatya,429,Mardin,True,9,9,12,245.20328477234207
425,Malatya,434,Kırşehir,True,9,9,4,85.52344579761021
426,Balıkesir,427,Aydın,True,9,9,12,63.35142638707652
426,Balıkesir,431,Kütahya,True,9,9,18,153.55143781122038
427,Aydın,428,Antalya,True,9,9,20,224.55137207156605
427,Aydın,431,Kütahya,True,9,9,10,139.42454504376906
428,Antalya,430,Konya,True,9,9,10,149.84289946136445
428,Antalya,431,Kütahya,True,9,9,6,96.24329877705208
428,Antalya,433,Karaman,True,9,9,6,34.37057979686704
429,Mardin,434,Kırşehir,True,9,9,2,42.190046219457976
429,Mardin,436,Gaziantep,True,9,9,12,207.46821817894713
429,Mardin,2041,Tell Kotchek,False,9,115,6,61.30254886391769
429,Mardin,2053,Manbij,False,9,115,12,116.52805689399226
430,Konya,431,Kütahya,True,9,9,6,121.85363373916209
430,Konya,433,Karaman,True,9,9,12,243.01411799741308
430,Konya,434,Kırşehir,True,9,9,10,193.2892250362628
430,Konya,435,Aksaray,True,9,9,10,122.82891106484908
432,Mersin,433,Karaman,True,9,9,8,62.86626128556247
433,Karaman,435,Aksaray,True,9,9,2,50.15974481593781
434,Kırşehir,435,Aksaray,True,9,9,12,217.24084502431774
434,Kırşehir,436,Gaziantep,True,9,9,6,96.73365617346954
435,Aksaray,436,Gaziantep,True,9,9,12,146.09342924864274
436,Gaziantep,2050,Al Dana,False,9,115,8,78.9231206403633
436,Gaziantep,2053,Manbij,False,9,115,8,77.10339164955036
438,Portland,451,Salem (OR),True,31,31,12,110.69497029353481
438,Portland,452,Tacoma,True,31,31,16,157.85068602340988
439,Spokane,458,Kennewick,True,31,31,4,44.27188724235731
439,Spokane,459,Coeur d'Alene,True,31,31,12,148.28380773117482
439,Spokane,460,Omak,True,31,31,12,110.34813457546412
440,Boise,441,Nampa,True,31,31,14,120.12822295159089
440,Boise,445,Carey,True,31,31,10,85.70834729554007
440,Boise,447,Baker City,True,31,31,10,115.18626910363562
441,Nampa,444,Burley,True,31,31,10,168.64695142718466
441,Nampa,445,Carey,True,31,31,6,75.02904301321944
441,Nampa,447,Baker City,True,31,31,4,50.721359549995796
441,Nampa,453,Burns,True,31,31,14,236.70688897788824
441,Nampa,454,Klamath Falls,True,31,31,6,84.69748353737307
441,Nampa,495,Elko,False,31,32,2,174.0
441,Nampa,496,Battle Mountain,False,31,32,2,64.0
442,Idaho Falls,443,Pocatello,True,31,31,14,205.827995048841
442,Idaho Falls,445,Carey,True,31,31,14,159.96385912153315
442,Idaho Falls,446,Stanley,True,31,31,6,61.56259633292069
442,Idaho Falls,522,Jackson (WY),False,31,45,2,214.00934559032697
443,Pocatello,444,Burley,True,31,31,12,161.0438878932412
443,Pocatello,445,Carey,True,31,31,6,59.44868726563296
443,Pocatello,512,Ogden,False,31,45,2,182.0
443,Pocatello,522,Jackson (WY),False,31,45,2,18.0
443,Pocatello,523,Afton,False,31,45,2,172.01162751395617
444,Burley,445,Carey,True,31,31,10,231.0346473945884
444,Burley,495,Elko,False,31,32,2,158.0
444,Burley,512,Ogden,False,31,45,2,102.0
445,Carey,446,Stanley,True,31,31,14,212.69816866934946
445,Carey,447,Baker City,True,31,31,8,83.30271544438799
446,Stanley,447,Baker City,True,31,31,14,209.65213357967573
446,Stanley,457,Lewiston,True,31,31,16,242.41976008767404
447,Baker City,448,Bend,True,31,31,8,174.39359997644948
447,Baker City,453,Burns,True,31,31,6,138.40024747606108
447,Baker City,457,Lewiston,True,31,31,12,186.5573043862909
447,Baker City,458,Kennewick,True,31,31,14,197.74278840275795
448,Bend,449,Eugene,True,31,31,12,381.4507724196368
448,Bend,450,Medford,True,31,31,4,22.97561228867536
448,Bend,453,Burns,True,31,31,8,162.57746499204237
448,Bend,454,Klamath Falls,True,31,31,4,275.70815588961506
448,Bend,458,Kennewick,True,31,31,2,40.24922359499622
449,Eugene,450,Medford,True,31,31,10,156.37014476267785
449,Eugene,498,Eureka,False,31,32,2,106.0
450,Medford,454,Klamath Falls,True,31,31,8,91.91661781477876
450,Medford,498,Eureka,False,31,32,2,50.0
450,Medford,500,Redding,False,31,32,2,52.0
451,Salem (OR),452,Tacoma,True,31,31,10,139.13224060448394
451,Salem (OR),455,Yakima,True,31,31,16,219.25635428528935
452,Tacoma,455,Yakima,True,31,31,10,95.96987997244503
453,Burns,454,Klamath Falls,True,31,31,12,293.78917435401837
454,Klamath Falls,496,Battle Mountain,False,31,32,2,280.0
454,Klamath Falls,500,Redding,False,31,32,2,134.01492454200763
455,Yakima,456,Everett,True,31,31,14,205.30755192268361
455,Yakima,460,Omak,True,31,31,8,119.39987907308705
456,Everett,460,Omak,True,31,31,18,208.13880561875152
456,Everett,670,Kelowna,False,31,30,2,100.0199980003999
456,Everett,994,Merritt,False,31,30,2,176.0
457,Lewiston,458,Kennewick,True,31,31,16,234.80855663030144
457,Lewiston,459,Coeur d'Alene,True,31,31,12,251.17497067835382
458,Kennewick,459,Coeur d'Alene,True,31,31,2,16.492422502470642
459,Coeur d'Alene,687,Cranbrook,False,31,30,2,206.0
460,Omak,670,Kelowna,False,31,30,2,200.0099997500125
461,Vancouver,674,Whistler,True,30,30,20,121.889873977273
461,Vancouver,994,Merritt,True,30,30,18,109.42011655905884
462,Bismarck,473,Rugby,True,43,43,4,102.22519456113633
462,Bismarck,475,Dickinson,True,43,43,6,96.94365075350728
462,Bismarck,476,Jamestown (ND),True,43,43,6,80.69172989619076
462,Bismarck,478,Mobridge,True,43,43,8,86.68406138453545
463,Sioux Falls,467,Mankato,True,43,43,6,131.40013464807316
463,Sioux Falls,479,Mitchell,True,43,43,12,194.42242055510687
463,Sioux Falls,545,Fort Dodge,False,43,46,8,46.66216995726893
464,Minneapolis,466,Rochester (MN),True,43,43,10,116.20332458789136
464,Minneapolis,468,St. Cloud,True,43,43,16,110.12017113926932
464,Minneapolis,469,Duluth,True,43,43,2,24.0
464,Minneapolis,580,Eau Claire,False,43,42,6,51.88959360992257
465,Fargo,471,Alexandria (MN),True,43,43,8,128.66559544015595
465,Fargo,472,Grand Forks,True,43,43,8,105.96048796661738
465,Fargo,476,Jamestown (ND),True,43,43,6,60.28759404698896
466,Rochester (MN),467,Mankato,True,43,43,24,229.62785056637014
466,Rochester (MN),468,St. Cloud,True,43,43,12,123.46584768111512
466,Rochester (MN),544,Mason City,False,43,46,2,310.00645154577023
466,Rochester (MN),545,Fort Dodge,False,43,46,2,18.0
467,Mankato,468,St. Cloud,True,43,43,24,254.31188782344782
467,Mankato,471,Alexandria (MN),True,43,43,2,20.09975124224178
467,Mankato,479,Mitchell,True,43,43,12,178.95564559289645
467,Mankato,545,Fort Dodge,False,43,46,2,174.0
468,St. Cloud,471,Alexandria (MN),True,43,43,28,353.4758522524917
469,Duluth,470,Bemidji,True,43,43,12,315.82834980024995
469,Duluth,580,Eau Claire,False,43,42,16,218.47441604435423
469,Duluth,758,Thunder Bay,False,43,37,8,61.326015090089356
469,Duluth,766,Ignance,False,43,37,8,115.79708915956458
470,Bemidji,471,Alexandria (MN),True,43,43,2,17.204650534085253
470,Bemidji,472,Grand Forks,True,43,43,12,224.82565520537793
470,Bemidji,766,Ignance,False,43,37,16,208.8287395769706
470,Bemidji,767,Kenora,False,43,37,12,180.45221374438665
471,Alexandria (MN),472,Grand Forks,True,43,43,10,83.30743607127388
471,Alexandria (MN),476,Jamestown (ND),True,43,43,30,230.65986423766276
471,Alexandria (MN),477,Ipswich (SD),True,43,43,6,35.09175940332931
471,Alexandria (MN),479,Mitchell,True,43,43,4,65.88482695905878
472,Grand Forks,473,Rugby,True,43,43,20,307.45648958997475
472,Grand Forks,476,Jamestown (ND),True,43,43,4,26.105443607783517
472,Grand Forks,748,Steinbach,False,43,36,8,343.17872952500954
472,Grand Forks,767,Kenora,False,43,37,10,112.02968341088032
473,Rugby,474,Williston,True,43,43,16,360.0767294409857
473,Rugby,475,Dickinson,True,43,43,6,66.53218759724473
473,Rugby,476,Jamestown (ND),True,43,43,10,242.72529667516665
473,Rugby,744,Brandon,False,43,36,2,294.00680264238787
473,Rugby,748,Steinbach,False,43,36,2,26.0
474,Williston,475,Dickinson,True,43,43,36,345.8287868658014
474,Williston,721,Estevan,False,43,35,2,234.0
474,Williston,744,Brandon,False,43,36,2,50.0
475,Dickinson,478,Mobridge,True,43,43,10,87.6679826989544
475,Dickinson,481,Redig,True,43,43,20,295.7453050778975
476,Jamestown (ND),477,Ipswich (SD),True,43,43,26,135.41260473351534
476,Jamestown (ND),478,Mobridge,True,43,43,30,279.35590699158524
477,Ipswich (SD),478,Mobridge,True,43,43,12,113.91011194187095
477,Ipswich (SD),479,Mitchell,True,43,43,22,148.26174689907282
477,Ipswich (SD),480,Murdo,True,43,43,4,33.67438827398266
478,Mobridge,480,Murdo,True,43,43,36,284.7703367046315
478,Mobridge,481,Redig,True,43,43,8,115.6235325834662
479,Mitchell,480,Murdo,True,43,43,18,301.39563541848787
479,Mitchell,537,Valentine,False,43,46,6,107.01009788784415
479,Mitchell,545,Fort Dodge,False,43,46,12,110.50193689319997
479,Mitchell,548,Fremont,False,43,46,12,170.01421759898204
480,Murdo,481,Redig,True,43,43,12,118.64478112183646
480,Murdo,482,Rapid City,True,43,43,22,313.6329467761961
480,Murdo,536,Chadron,False,43,46,2,52.0
480,Murdo,537,Valentine,False,43,46,2,212.03773249117714
481,Redig,482,Rapid City,True,43,43,20,264.3409929634617
481,Redig,520,Gilette,False,43,45,2,28.0
482,Rapid City,519,Casper,False,43,45,2,50.0
482,Rapid City,520,Gilette,False,43,45,2,208.0
482,Rapid City,536,Chadron,False,43,46,2,218.0
483,Las Vegas,492,Henderson,True,32,32,14,109.38358551378732
483,Las Vegas,493,Crystal Springs,True,32,32,22,135.69870797955687
484,Los Angeles,488,Anaheim,True,32,32,16,117.00869540662289
484,Los Angeles,489,Bakersfield,True,32,32,14,88.14718770436018
485,San Francisco,486,Sacramento,True,32,32,4,29.653751313583776
485,San Francisco,499,Salinas,True,32,32,2,45.65084884205331
486,Sacramento,497,Reno,True,32,32,8,71.39254661967702
486,Sacramento,499,Salinas,True,32,32,2,18.0
486,Sacramento,501,Santa Rosa (CA),True,32,32,8,116.42809392728279
486,Sacramento,502,Chico,True,32,32,22,235.29147198634016
486,Sacramento,503,Merced,True,32,32,34,272.0028109003649
486,Sacramento,508,Bishop,True,32,32,12,99.85064494118528
487,San Diego,488,Anaheim,True,32,32,6,78.72151949789352
487,San Diego,490,El Centro,True,32,32,8,113.026364771945
488,Anaheim,489,Bakersfield,True,32,32,8,38.02546787747261
488,Anaheim,490,El Centro,True,32,32,12,93.08615151359119
488,Anaheim,491,Palm Springs,True,32,32,18,197.11299152735327
488,Anaheim,492,Henderson,True,32,32,18,188.89855762618754
488,Anaheim,507,Olancha,True,32,32,8,96.13070740328072
489,Bakersfield,504,Fresno,True,32,32,18,219.29162223474816
489,Bakersfield,507,Olancha,True,32,32,16,104.78674071652252
490,El Centro,491,Palm Springs,True,32,32,12,145.4547231712196
490,El Centro,869,Tijuana,False,32,33,2,66.75327707311455
490,El Centro,870,Ensenada,False,32,33,2,178.2133552795637
491,Palm Springs,492,Henderson,True,32,32,40,247.03162623667524
492,Henderson,493,Crystal Springs,True,32,32,6,115.14494804929137
492,Henderson,505,Tonopah,True,32,32,4,56.80301991576131
492,Henderson,507,Olancha,True,32,32,22,178.09534978302574
493,Crystal Springs,494,Ely,True,32,32,16,230.49849476750057
493,Crystal Springs,505,Tonopah,True,32,32,30,218.30406803067766
493,Crystal Springs,506,Austin (NV),True,32,32,22,251.4582803619494
493,Crystal Springs,514,Cedar City,False,32,45,2,160.0
493,Crystal Springs,516,Delta,False,32,45,2,90.0
494,Ely,495,Elko,True,32,32,18,215.8906303598915
494,Ely,506,Austin (NV),True,32,32,18,213.37288805128821
494,Ely,512,Ogden,False,32,45,2,44.0
494,Ely,513,Provo,False,32,45,2,110.0
494,Ely,516,Delta,False,32,45,2,92.0
495,Elko,496,Battle Mountain,True,32,32,22,225.43080411350343
495,Elko,506,Austin (NV),True,32,32,6,80.68640140175731
495,Elko,512,Ogden,False,32,45,2,154.0
496,Battle Mountain,497,Reno,True,32,32,16,114.19478870069317
496,Battle Mountain,500,Redding,True,32,32,30,373.39247756362636
496,Battle Mountain,502,Chico,True,32,32,10,76.82382444067981
496,Battle Mountain,506,Austin (NV),True,32,32,20,235.951522110995
497,Reno,502,Chico,True,32,32,10,88.78876195039363
497,Reno,506,Austin (NV),True,32,32,12,95.53920684345401
497,Reno,508,Bishop,True,32,32,12,68.04696696255169
498,Eureka,500,Redding,True,32,32,24,253.18553992921886
498,Eureka,501,Santa Rosa (CA),True,32,32,14,119.17955008193876
498,Eureka,502,Chico,True,32,32,4,51.42909528336217
499,Salinas,503,Merced,True,32,32,14,198.18491728467785
499,Salinas,504,Fresno,True,32,32,20,209.2972134995196
500,Redding,502,Chico,True,32,32,26,278.96768498815925
501,Santa Rosa (CA),502,Chico,True,32,32,20,179.71763218030935
503,Merced,504,Fresno,True,32,32,4,34.3606797749979
503,Merced,508,Bishop,True,32,32,22,264.25686778911
504,Fresno,507,Olancha,True,32,32,4,74.87817782917155
504,Fresno,508,Bishop,True,32,32,10,105.35729603669289
505,Tonopah,506,Austin (NV),True,32,32,18,154.8779579207827
505,Tonopah,507,Olancha,True,32,32,14,123.21053460835367
505,Tonopah,508,Bishop,True,32,32,20,192.7659065647711
506,Austin (NV),508,Bishop,True,32,32,14,175.08006604033818
507,Olancha,508,Bishop,True,32,32,10,104.84839804395564
509,Salt Lake City,512,Ogden,True,45,45,14,99.08799804588413
509,Salt Lake City,513,Provo,True,45,45,18,148.598499348426
509,Salt Lake City,517,Vernal,True,45,45,8,85.94386223017966
510,Denver,518,Fort Collins,True,45,45,6,26.246211251235323
510,Denver,525,Glenwood Springs,True,45,45,14,100.16912272438043
510,Denver,526,Sterling,True,45,45,10,46.7960452710991
510,Denver,527,Colorado Springs,True,45,45,12,76.64121322332954
511,Cheyenne,518,Fort Collins,True,45,45,20,197.69308147198797
511,Cheyenne,519,Casper,True,45,45,12,98.36973583584762
512,Ogden,513,Provo,True,45,45,12,202.59222145391604
512,Ogden,517,Vernal,True,45,45,12,140.9848748937873
512,Ogden,523,Afton,True,45,45,14,118.11460430740411
513,Provo,515,Richfield,True,45,45,16,144.10146382825238
513,Provo,516,Delta,True,45,45,14,190.40906819133434
513,Provo,517,Vernal,True,45,45,12,94.95142926954814
514,Cedar City,515,Richfield,True,45,45,4,29.697715603592208
514,Cedar City,516,Delta,True,45,45,24,200.34254047642872
515,Richfield,516,Delta,True,45,45,20,228.67240301293086
515,Richfield,517,Vernal,True,45,45,14,175.990949920193
515,Richfield,531,Grand Junction,True,45,45,20,105.17786174498943
517,Vernal,523,Afton,True,45,45,4,24.37072674783242
517,Vernal,524,Riverton,True,45,45,16,130.24141184450815
517,Vernal,525,Glenwood Springs,True,45,45,2,24.331050121192877
517,Vernal,531,Grand Junction,True,45,45,8,71.79298823865076
518,Fort Collins,519,Casper,True,45,45,18,145.99555835738875
518,Fort Collins,524,Riverton,True,45,45,10,105.10314181615931
518,Fort Collins,525,Glenwood Springs,True,45,45,34,294.8345380023817
518,Fort Collins,526,Sterling,True,45,45,12,128.2309626378396
518,Fort Collins,535,Scottsbluff,False,45,46,2,156.0
519,Casper,520,Gilette,True,45,45,22,275.13305315791416
519,Casper,521,Sheridan,True,45,45,22,166.5124622488545
519,Casper,524,Riverton,True,45,45,22,333.527799056247
519,Casper,535,Scottsbluff,False,45,46,2,30.0
519,Casper,536,Chadron,False,45,46,2,92.0
520,Gilette,521,Sheridan,True,45,45,12,167.47922515295522
521,Sheridan,522,Jackson (WY),True,45,45,16,213.24829410068526
521,Sheridan,524,Riverton,True,45,45,20,179.47081239835782
522,Jackson (WY),523,Afton,True,45,45,18,253.8560961500164
522,Jackson (WY),524,Riverton,True,45,45,6,78.27355125629092
523,Afton,524,Riverton,True,45,45,18,205.71418284070774
525,Glenwood Springs,527,Colorado Springs,True,45,45,6,56.0585702391122
525,Glenwood Springs,531,Grand Junction,True,45,45,10,52.946147735995986
525,Glenwood Springs,534,Aspen,True,45,45,26,322.7732169320167
526,Sterling,527,Colorado Springs,True,45,45,12,153.58412661835393
526,Sterling,533,Pritchett,True,45,45,20,235.27298488886214
526,Sterling,535,Scottsbluff,False,45,46,2,220.0
526,Sterling,552,Colby,False,45,46,2,178.0
526,Sterling,553,Garden City,False,45,46,2,76.0
527,Colorado Springs,528,Pueblo,True,45,45,20,182.23975739007872
527,Colorado Springs,533,Pritchett,True,45,45,16,158.23805134309546
527,Colorado Springs,534,Aspen,True,45,45,18,195.62589857049764
528,Pueblo,529,Durango (CO),True,45,45,4,18.77032961426901
528,Pueblo,533,Pritchett,True,45,45,14,211.02080631860156
528,Pueblo,534,Aspen,True,45,45,4,49.52860844513525
528,Pueblo,639,Santa Fe,False,45,52,2,142.0
528,Pueblo,656,Dalhart,False,45,52,2,80.0
529,Durango (CO),530,Blanding,True,45,45,20,228.78280511891825
529,Durango (CO),531,Grand Junction,True,45,45,6,33.56359302892791
529,Durango (CO),640,Farmington (NM),False,45,52,2,278.0
530,Blanding,531,Grand Junction,True,45,45,16,90.456292624759
530,Blanding,640,Farmington (NM),False,45,52,2,16.0
531,Grand Junction,534,Aspen,True,45,45,10,54.68332040142414
532,Kingsport,593,Knoxville,True,50,50,16,155.43368431288573
532,Kingsport,594,Chattanooga,True,50,50,8,91.81180343574304
532,Kingsport,598,Prestonsburg,True,50,50,6,91.84774564590822
532,Kingsport,615,Abingdon,False,50,47,12,175.59233540359344
532,Kingsport,624,Asheville,False,50,48,14,124.41625854215064
532,Kingsport,630,Hickory,False,50,48,14,170.07570332819145
533,Pritchett,553,Garden City,False,45,46,2,80.0
533,Pritchett,554,Hugoton,False,45,46,2,164.0
533,Pritchett,656,Dalhart,False,45,52,2,90.0
535,Scottsbluff,536,Chadron,True,46,46,30,326.6394450351545
535,Scottsbluff,537,Valentine,True,46,46,12,85.10437967890805
535,Scottsbluff,551,North Platte,True,46,46,12,50.19848359788256
535,Scottsbluff,552,Colby,True,46,46,10,124.14492299401545
536,Chadron,537,Valentine,True,46,46,14,144.13613434074108
537,Valentine,548,Fremont,True,46,46,18,134.72481943260112
537,Valentine,550,Kearney,True,46,46,8,59.40281728957887
537,Valentine,551,North Platte,True,46,46,6,44.04565164546104
537,Valentine,3283,Lexington,True,46,46,18,177.05134372582253
538,Omaha,539,Lincoln,True,46,46,10,63.69733149188045
538,Omaha,546,Red Oak,True,46,46,8,51.143372050049734
538,Omaha,548,Fremont,True,46,46,12,60.38980827320262
538,Omaha,549,Avoca,True,46,46,14,75.24809737659695
539,Lincoln,546,Red Oak,True,46,46,12,102.42658137271121
539,Lincoln,548,Fremont,True,46,46,10,124.04084661330052
539,Lincoln,550,Kearney,True,46,46,16,183.29893370338195
539,Lincoln,560,Topeka,True,46,46,16,173.8906595626201
539,Lincoln,599,Maryville,False,46,50,4,36.88079097728261
540,Wichita,555,Hutchinson,True,46,46,18,109.89154517390311
540,Wichita,557,Wellington (KS),True,46,46,10,90.5111997046498
540,Wichita,558,Parsons,True,46,46,8,31.367457846908422
541,Davenport,543,Cedar Rapids,True,46,46,12,88.09004445284145
541,Davenport,547,Ottumwa,True,46,46,8,49.23532997781453
541,Davenport,588,Peoria,False,46,42,10,74.99175963716031
542,Des Moines,543,Cedar Rapids,True,46,46,24,148.87913564327397
542,Des Moines,544,Mason City,True,46,46,14,126.23823979773134
542,Des Moines,545,Fort Dodge,True,46,46,10,122.85504294889839
542,Des Moines,546,Red Oak,True,46,46,8,84.1917698434944
542,Des Moines,547,Ottumwa,True,46,46,12,185.56712961168853
542,Des Moines,549,Avoca,True,46,46,20,136.15750906012246
543,Cedar Rapids,544,Mason City,True,46,46,14,138.47868618222498
543,Cedar Rapids,547,Ottumwa,True,46,46,12,93.75125141036229
544,Mason City,545,Fort Dodge,True,46,46,24,195.3189070629544
545,Fort Dodge,548,Fremont,True,46,46,10,53.61046320174103
545,Fort Dodge,549,Avoca,True,46,46,24,201.0073464913788
546,Red Oak,547,Ottumwa,True,46,46,12,125.18745005023574
546,Red Oak,549,Avoca,True,46,46,24,179.3818026643439
546,Red Oak,599,Maryville,False,46,50,2,200.0099997500125
547,Ottumwa,599,Maryville,False,46,50,2,18.0
547,Ottumwa,600,Columbia,False,46,50,2,204.0
548,Fremont,549,Avoca,True,46,46,20,128.6607380329235
548,Fremont,550,Kearney,True,46,46,14,105.88169503862952
550,Kearney,559,Salina,True,46,46,12,74.27719463010504
550,Kearney,560,Topeka,True,46,46,16,151.26164425755593
550,Kearney,3283,Lexington,True,46,46,20,252.32299389623125
551,North Platte,552,Colby,True,46,46,10,47.388522188420055
551,North Platte,3283,Lexington,True,46,46,10,68.49049034229299
552,Colby,553,Garden City,True,46,46,16,305.8526209592012
552,Colby,559,Salina,True,46,46,8,41.015016849992975
552,Colby,3283,Lexington,True,46,46,24,253.8364923164027
553,Garden City,554,Hugoton,True,46,46,22,231.91133488370662
553,Garden City,555,Hutchinson,True,46,46,16,210.77325773572014
553,Garden City,559,Salina,True,46,46,12,39.87912347758217
554,Hugoton,555,Hutchinson,True,46,46,12,112.15911738507991
554,Hugoton,557,Wellington (KS),True,46,46,18,164.70856309227685
555,Hutchinson,556,Emporia,True,46,46,20,180.1490725034402
555,Hutchinson,557,Wellington (KS),True,46,46,8,74.85395076157226
555,Hutchinson,558,Parsons,True,46,46,12,86.97728137143905
555,Hutchinson,559,Salina,True,46,46,14,89.18250572887291
555,Hutchinson,560,Topeka,True,46,46,8,86.6962401289201
556,Emporia,558,Parsons,True,46,46,24,273.3814590397085
556,Emporia,560,Topeka,True,46,46,28,259.25955527111773
556,Emporia,586,Kansas City,False,46,50,4,44.42220510185595
556,Emporia,599,Maryville,False,46,50,4,18.68332040142414
556,Emporia,611,Warrensburg,False,46,50,2,86.0
557,Wellington (KS),558,Parsons,True,46,46,12,106.01202204069268
558,Parsons,604,Fayetteville (AR),False,46,50,2,54.0
558,Parsons,611,Warrensburg,False,46,50,2,90.0
559,Salina,560,Topeka,True,46,46,10,49.07532873374506
559,Salina,3283,Lexington,True,46,46,8,43.081078536123286
560,Topeka,599,Maryville,False,46,50,20,182.59421942798036
561,Milwaukee,578,Madison,True,42,42,12,78.54364146693217
561,Milwaukee,579,Green Bay,True,42,42,10,60.16081832795029
561,Milwaukee,590,Rockford,True,42,42,8,57.056440874854594
562,Chicago,569,South Bend,True,42,42,2,14.142135623730951
562,Chicago,587,Champaign,True,42,42,10,89.22886186711979
562,Chicago,590,Rockford,True,42,42,14,80.24095257628352
563,Indianapolis,570,Fort Wayne,True,42,42,12,62.73646787229674
563,Indianapolis,571,Cincinnati,True,42,42,12,68.44635097757127
563,Indianapolis,577,Bloomington,True,42,42,8,71.74052226188243
563,Indianapolis,584,Lafayette (IN),True,42,42,8,45.55620169033096
564,Cleveland,568,Toledo (IL),True,42,42,4,37.586259423590526
564,Cleveland,574,Youngstown,True,42,42,8,62.049727840865316
564,Cleveland,575,Zanesville,True,42,42,8,65.07008180184513
565,Detroit,566,Traverse City,True,42,42,12,172.79890811412255
565,Detroit,567,Grand Rapids (MI),True,42,42,12,181.83151508823602
565,Detroit,568,Toledo (IL),True,42,42,14,118.35008497657851
566,Traverse City,567,Grand Rapids (MI),True,42,42,10,165.7259627400069
567,Grand Rapids (MI),568,Toledo (IL),True,42,42,8,99.43284999840301
567,Grand Rapids (MI),569,South Bend,True,42,42,24,205.16227899854877
568,Toledo (IL),569,South Bend,True,42,42,10,86.5072967277689
568,Toledo (IL),570,Fort Wayne,True,42,42,20,165.8235809774333
568,Toledo (IL),572,Columbus (OH),True,42,42,14,47.949673720419284
568,Toledo (IL),575,Zanesville,True,42,42,18,154.60855871387508
569,South Bend,570,Fort Wayne,True,42,42,12,158.24164419843913
569,South Bend,584,Lafayette (IN),True,42,42,16,208.88097656737077
569,South Bend,587,Champaign,True,42,42,10,73.36137180455125
570,Fort Wayne,571,Cincinnati,True,42,42,18,162.39543515976263
570,Fort Wayne,572,Columbus (OH),True,42,42,26,80.15529884600328
570,Fort Wayne,584,Lafayette (IN),True,42,42,12,160.79432768024049
571,Cincinnati,572,Columbus (OH),True,42,42,8,28.020939245503307
571,Cincinnati,576,Lancaster,True,42,42,24,188.93765192711717
571,Cincinnati,577,Bloomington,True,42,42,24,183.09685537559682
571,Cincinnati,596,Louisville,False,42,50,4,23.323807579381203
571,Cincinnati,598,Prestonsburg,False,42,50,16,172.68123213270545
572,Columbus (OH),575,Zanesville,True,42,42,14,58.24968069223705
572,Columbus (OH),576,Lancaster,True,42,42,8,39.52184660656677
573,Nashville,592,Jackson (TN),True,50,50,10,47.60695846184066
573,Nashville,594,Chattanooga,True,50,50,22,99.13007555999414
573,Nashville,595,Bowling Green,True,50,50,10,59.40268956127082
574,Youngstown,575,Zanesville,True,42,42,24,251.29721833289983
574,Youngstown,618,Parkersburg,False,42,47,12,86.47117523822307
574,Youngstown,813,Pittsburgh,False,42,41,4,126.51942809610924
574,Youngstown,827,Erie,False,42,41,6,166.52456582318325
575,Zanesville,576,Lancaster,True,42,42,24,247.34970263604367
575,Zanesville,614,Charleston (WV),False,42,47,4,31.62685563594121
575,Zanesville,618,Parkersburg,False,42,47,6,39.931513782177426
576,Lancaster,598,Prestonsburg,False,42,50,24,221.92104520965586
576,Lancaster,614,Charleston (WV),False,42,47,8,100.09887715739825
577,Bloomington,584,Lafayette (IN),True,42,42,10,118.32542385218085
577,Bloomington,585,Evansville,True,42,42,30,303.9527469960419
577,Bloomington,587,Champaign,True,42,42,12,146.2042450826574
577,Bloomington,596,Louisville,False,42,50,18,148.2376883855602
578,Madison,579,Green Bay,True,42,42,14,153.25132352887272
578,Madison,580,Eau Claire,True,42,42,8,40.89332109535475
578,Madison,581,Wausau,True,42,42,14,200.70458933437695
578,Madison,590,Rockford,True,42,42,36,339.34920613206805
579,Green Bay,581,Wausau,True,42,42,22,359.8109511167933
579,Green Bay,582,Marquette,True,42,42,20,168.550109974823
580,Eau Claire,581,Wausau,True,42,42,32,383.0751943843414
581,Wausau,582,Marquette,True,42,42,4,136.12863694979387
583,St Louis,601,Jefferson City,True,50,50,8,70.90076139386004
583,St Louis,602,Farmington (MO),True,50,50,16,112.79701446913027
584,Lafayette (IN),587,Champaign,True,42,42,20,226.231671486425
585,Evansville,587,Champaign,True,42,42,6,62.36822199650457
585,Evansville,589,Springfield (IL),True,42,42,12,119.88904096455823
585,Evansville,595,Bowling Green,False,42,50,26,268.79565798859306
585,Evansville,596,Louisville,False,42,50,4,35.098181457607375
585,Evansville,602,Farmington (MO),False,42,50,2,38.0
586,Kansas City,599,Maryville,True,50,50,10,68.8148647031994
586,Kansas City,600,Columbia,True,50,50,4,26.948384098596648
586,Kansas City,611,Warrensburg,True,50,50,8,67.6396866406198
587,Champaign,588,Peoria,True,42,42,12,185.54997041764057
587,Champaign,589,Springfield (IL),True,42,42,24,255.47343680642177
587,Champaign,590,Rockford,True,42,42,4,20.147185163929173
588,Peoria,589,Springfield (IL),True,42,42,22,254.43162077157578
588,Peoria,590,Rockford,True,42,42,24,216.4886595251696
589,Springfield (IL),600,Columbia,False,42,50,2,22.80350850198276
591,Memphis,592,Jackson (TN),True,50,50,10,78.24220693815283
591,Memphis,606,Jonesboro,True,50,50,8,43.05954381076321
591,Memphis,607,Little Rock,True,50,50,8,46.094511132809714
592,Jackson (TN),594,Chattanooga,True,50,50,18,166.39248350724236
592,Jackson (TN),595,Bowling Green,True,50,50,12,172.96159053324004
592,Jackson (TN),844,Oxford,False,50,49,2,90.0
592,Jackson (TN),846,Huntsville (AL),False,50,49,2,166.04818577750254
593,Knoxville,594,Chattanooga,True,50,50,20,208.37256151423523
593,Knoxville,595,Bowling Green,True,50,50,16,136.35051838373792
593,Knoxville,596,Louisville,True,50,50,22,259.773122922716
593,Knoxville,598,Prestonsburg,True,50,50,4,59.31676149026468
594,Chattanooga,595,Bowling Green,True,50,50,12,100.55899257266256
594,Chattanooga,624,Asheville,False,50,48,10,76.33103546932534
594,Chattanooga,846,Huntsville (AL),False,50,49,2,62.0
594,Chattanooga,851,Marietta,False,50,49,2,178.01123560045303
595,Bowling Green,596,Louisville,True,50,50,14,113.25429051555605
595,Bowling Green,606,Jonesboro,True,50,50,2,12.165525060596439
596,Louisville,598,Prestonsburg,True,50,50,16,157.74744355291048
597,El Paso,635,Van Horn,True,52,52,2,10.0
597,El Paso,643,Hot Springs,True,52,52,36,345.5910402756616
597,El Paso,911,Benito Juárez,False,52,54,4,190.53839344118558
597,El Paso,917,Ures,False,52,54,2,74.0
598,Prestonsburg,614,Charleston (WV),False,50,47,14,112.33609600842411
598,Prestonsburg,615,Abingdon,False,50,47,10,169.05411065524342
599,Maryville,600,Columbia,True,50,50,32,271.8742857543598
600,Columbia,601,Jefferson City,True,50,50,28,249.27599338940004
600,Columbia,611,Warrensburg,True,50,50,10,105.23571853784267
601,Jefferson City,602,Farmington (MO),True,50,50,24,191.46938598787406
601,Jefferson City,611,Warrensburg,True,50,50,12,118.50554285209745
602,Farmington (MO),603,Springfield (MO),True,50,50,12,71.5957856394241
602,Farmington (MO),606,Jonesboro,True,50,50,32,303.17808886851725
602,Farmington (MO),610,Harrison,True,50,50,8,61.43057419455352
602,Farmington (MO),611,Warrensburg,True,50,50,6,59.59831321696434
603,Springfield (MO),604,Fayetteville (AR),True,50,50,14,116.81396628135796
603,Springfield (MO),610,Harrison,True,50,50,8,50.88235106811089
603,Springfield (MO),611,Warrensburg,True,50,50,8,80.9052122973672
604,Fayetteville (AR),605,Conway,True,50,50,4,31.088199555259294
604,Fayetteville (AR),608,Fort Smith,True,50,50,16,139.84982244686913
604,Fayetteville (AR),610,Harrison,True,50,50,16,182.0235519081836
604,Fayetteville (AR),611,Warrensburg,True,50,50,8,147.7899600931165
605,Conway,607,Little Rock,True,50,50,16,159.0044774615507
605,Conway,608,Fort Smith,True,50,50,18,149.29402235868008
605,Conway,609,Crosset,True,50,50,8,53.85834656014174
605,Conway,610,Harrison,True,50,50,18,157.21841503299382
605,Conway,612,El Dorado,True,50,50,8,38.155374460927135
606,Jonesboro,607,Little Rock,True,50,50,12,93.32527258404797
606,Jonesboro,610,Harrison,True,50,50,20,229.40188044226284
607,Little Rock,609,Crosset,True,50,50,20,144.26154974199517
607,Little Rock,610,Harrison,True,50,50,6,75.33174215074624
608,Fort Smith,612,El Dorado,True,50,50,20,157.4210118097134
609,Crosset,612,El Dorado,True,50,50,26,186.1701864762831
609,Crosset,842,Shreveport,False,50,49,6,128.99604380918223
612,El Dorado,653,Tyler,False,50,52,8,80.90065662106309
612,El Dorado,842,Shreveport,False,50,49,2,134.0
613,Richmond,616,Norfolk,True,47,47,8,62.1376735532714
613,Richmond,617,Charlottesville,True,47,47,14,64.05161868923257
613,Richmond,620,Lynchburg,True,47,47,12,88.25057018434525
614,Charleston (WV),615,Abingdon,True,47,47,12,117.68261514468577
614,Charleston (WV),618,Parkersburg,True,47,47,22,133.97548160831482
614,Charleston (WV),621,Blacksburg,True,47,47,18,181.38692804952572
615,Abingdon,621,Blacksburg,True,47,47,8,48.15807400864849
615,Abingdon,623,Danville,True,47,47,10,93.52500738315116
615,Abingdon,630,Hickory,False,47,48,6,79.71187257869218
616,Norfolk,617,Charlottesville,True,47,47,6,57.18990476955198
616,Norfolk,620,Lynchburg,True,47,47,12,91.07638245717051
616,Norfolk,628,Durham,False,47,48,4,101.0119987781716
617,Charlottesville,619,Harrisonburg,True,47,47,16,172.008770564423
617,Charlottesville,620,Lynchburg,True,47,47,16,134.43925745241032
617,Charlottesville,622,Lexington (VA),True,47,47,6,28.873721667162037
617,Charlottesville,812,Washington,False,47,41,12,65.27493703452703
617,Charlottesville,815,Baltimore,False,47,41,6,60.7823830192043
618,Parkersburg,619,Harrisonburg,True,47,47,18,134.1374810041308
618,Parkersburg,621,Blacksburg,True,47,47,8,102.2591070701586
618,Parkersburg,622,Lexington (VA),True,47,47,2,13.416407864998739
618,Parkersburg,813,Pittsburgh,False,47,41,10,150.88484967341702
619,Harrisonburg,622,Lexington (VA),True,47,47,22,137.0229474644491
619,Harrisonburg,813,Pittsburgh,False,47,41,2,32.0
619,Harrisonburg,815,Baltimore,False,47,41,6,21.535657871264736
619,Harrisonburg,816,Johnstown,False,47,41,12,158.84822033953296
620,Lynchburg,622,Lexington (VA),True,47,47,18,124.4664452307022
620,Lynchburg,623,Danville,True,47,47,12,88.641134835018
620,Lynchburg,628,Durham,False,47,48,2,190.0
620,Lynchburg,629,Greensboro,False,47,48,2,18.0
621,Blacksburg,622,Lexington (VA),True,47,47,18,195.96730003303452
621,Blacksburg,623,Danville,True,47,47,14,90.53981025407869
622,Lexington (VA),623,Danville,True,47,47,12,109.61947345125618
623,Danville,629,Greensboro,False,47,48,2,176.0
623,Danville,630,Hickory,False,47,48,2,42.0
624,Asheville,625,Charlotte,True,48,48,6,36.888500556841784
624,Asheville,630,Hickory,True,48,48,16,159.29134090763512
624,Asheville,631,Greenville (SC),True,48,48,14,147.89775136598573
624,Asheville,850,Athens (GA),False,48,49,2,108.0
624,Asheville,851,Marietta,False,48,49,2,16.0
625,Charlotte,630,Hickory,True,48,48,8,74.6835182223929
625,Charlotte,631,Greenville (SC),True,48,48,10,52.74542168210701
625,Charlotte,633,Florence (SC),True,48,48,10,57.683464943780166
626,Charleston (SC),627,Wilmington,True,48,48,20,113.65553693696832
626,Charleston (SC),631,Greenville (SC),True,48,48,14,132.84358214995012
626,Charleston (SC),633,Florence (SC),True,48,48,18,157.09574743235405
626,Charleston (SC),852,Macon,False,48,49,2,34.0
626,Charleston (SC),853,Savannah,False,48,49,16,149.6058747279547
627,Wilmington,632,Fayetteville (NC),True,48,48,12,159.6261054200342
627,Wilmington,633,Florence (SC),True,48,48,18,135.15665167432888
628,Durham,629,Greensboro,True,48,48,20,163.69790799575094
628,Durham,632,Fayetteville (NC),True,48,48,20,198.43681002005297
629,Greensboro,630,Hickory,True,48,48,16,140.28716671199527
629,Greensboro,632,Fayetteville (NC),True,48,48,6,44.94838409859665
629,Greensboro,633,Florence (SC),True,48,48,20,187.90141790803003
630,Hickory,633,Florence (SC),True,48,48,10,64.17269416844648
631,Greenville (SC),633,Florence (SC),True,48,48,10,115.33976317014026
631,Greenville (SC),850,Athens (GA),False,48,49,22,243.4916437360822
631,Greenville (SC),852,Macon,False,48,49,2,38.8329756778952
632,Fayetteville (NC),633,Florence (SC),True,48,48,10,93.83639793107744
634,Albuquerque,639,Santa Fe,True,52,52,4,48.3606797749979
634,Albuquerque,640,Farmington (NM),True,52,52,4,48.123056410695995
634,Albuquerque,641,Santa Rosa (NM),True,52,52,8,105.85363656379454
634,Albuquerque,643,Hot Springs,True,52,52,6,74.93101330954272
635,Van Horn,648,Midland,True,52,52,2,27.202941017470888
635,Van Horn,655,Roswell,True,52,52,8,243.81587245651227
635,Van Horn,911,Benito Juárez,False,52,54,2,17.08800749063506
636,Del Rio,637,Mc Allen,True,52,52,10,120.21073877592434
636,Del Rio,648,Midland,True,52,52,10,209.77528846658595
636,Del Rio,658,Corpus Christi,True,52,52,6,51.73436161045666
636,Del Rio,659,Brownwood,True,52,52,8,54.85753069846754
636,Del Rio,920,Piedras Negras,False,52,54,2,15.231546211727817
636,Del Rio,3285,Kerrville,True,52,52,20,213.09031609129718
637,Mc Allen,658,Corpus Christi,True,52,52,22,244.75259950737063
637,Mc Allen,922,Reynosa,False,52,54,2,23.40939982143925
638,Houston,645,Jasper,True,52,52,10,67.86522353688055
638,Houston,650,Victoria (TX),True,52,52,12,74.23616400735632
638,Houston,651,Huntsville (TX),True,52,52,6,33.0455011527996
639,Santa Fe,641,Santa Rosa (NM),True,52,52,8,120.9373386327803
639,Santa Fe,656,Dalhart,True,52,52,22,278.54790050166787
640,Farmington (NM),643,Hot Springs,True,52,52,28,234.6127705223517
641,Santa Rosa (NM),642,Amarillo,True,52,52,10,116.3221133679595
641,Santa Rosa (NM),655,Roswell,True,52,52,18,300.06440950836463
641,Santa Rosa (NM),656,Dalhart,True,52,52,16,192.8167275612459
642,Amarillo,647,Lubbock,True,52,52,20,106.58520916659161
642,Amarillo,654,Wichita Falls,True,52,52,18,195.01779975158306
642,Amarillo,655,Roswell,True,52,52,8,133.67412110577985
642,Amarillo,656,Dalhart,True,52,52,26,257.503515249051
644,Dallas,646,Fort Worth,True,52,52,14,77.61307181427182
644,Dallas,651,Huntsville (TX),True,52,52,8,54.72424386277991
644,Dallas,653,Tyler,True,52,52,8,63.102554403689
644,Dallas,654,Wichita Falls,True,52,52,18,103.47608588900547
645,Jasper,651,Huntsville (TX),True,52,52,12,180.70663198477015
645,Jasper,653,Tyler,True,52,52,12,155.5333485697569
645,Jasper,841,Lafayette (LA),False,52,49,14,171.81357214645396
645,Jasper,842,Shreveport,False,52,49,10,107.35225443248505
646,Fort Worth,651,Huntsville (TX),True,52,52,8,80.82622131815151
646,Fort Worth,654,Wichita Falls,True,52,52,12,206.21257896196977
646,Fort Worth,659,Brownwood,True,52,52,22,227.31504842968394
646,Fort Worth,3298,College Station,True,52,52,14,120.3388305504382
647,Lubbock,648,Midland,True,52,52,14,112.1152997785271
647,Lubbock,654,Wichita Falls,True,52,52,14,74.56246251864046
647,Lubbock,655,Roswell,True,52,52,14,51.34886741673756
648,Midland,654,Wichita Falls,True,52,52,6,78.41874542459709
648,Midland,655,Roswell,True,52,52,18,228.18861805176013
648,Midland,659,Brownwood,True,52,52,20,217.66940283762335
649,Austin,657,San Antonio,True,52,52,14,107.14860058023166
649,Austin,659,Brownwood,True,52,52,8,58.40450463796617
649,Austin,3298,College Station,True,52,52,8,66.94176866539384
650,Victoria (TX),651,Huntsville (TX),True,52,52,8,123.88474458590794
650,Victoria (TX),657,San Antonio,True,52,52,6,40.89283132204959
650,Victoria (TX),658,Corpus Christi,True,52,52,16,126.30278959239203
650,Victoria (TX),3298,College Station,True,52,52,14,129.507629721222
651,Huntsville (TX),653,Tyler,True,52,52,14,171.74165848720799
651,Huntsville (TX),3298,College Station,True,52,52,14,196.0612610821979
652,Coro,1018,Valera,True,59,59,16,140.4702732705368
652,Coro,1020,Barquisimeto,True,59,59,18,107.61655521703278
652,Coro,1021,Valencia (VE),True,59,59,10,83.77412610219973
653,Tyler,654,Wichita Falls,True,52,52,14,125.90827709856363
653,Tyler,842,Shreveport,False,52,49,8,119.17979541029305
654,Wichita Falls,659,Brownwood,True,52,52,8,112.94935211995652
657,San Antonio,658,Corpus Christi,True,52,52,26,257.7724945927871
657,San Antonio,659,Brownwood,True,52,52,6,56.36755928669653
657,San Antonio,3285,Kerrville,True,52,52,20,169.50017312270884
657,San Antonio,3298,College Station,True,52,52,10,75.78524453153562
658,Corpus Christi,3285,Kerrville,True,52,52,4,31.855496779584513
659,Brownwood,3285,Kerrville,True,52,52,16,205.68443084042386
659,Brownwood,3298,College Station,True,52,52,6,47.77132232948901
660,Anchorage,662,McCarthy,True,26,26,12,126.89948443540013
660,Anchorage,666,Aniak,True,26,26,10,115.38310033825502
660,Anchorage,667,Perryville,True,26,26,14,131.67283433329044
661,Fairbanks,663,Prudhoe Bay,True,26,26,44,691.2155273889389
661,Fairbanks,664,Barrow,True,26,26,14,190.25342546934786
661,Fairbanks,665,Nome,True,26,26,20,421.0330982831076
661,Fairbanks,737,Dawson,False,26,182,2,192.01041638411183
662,McCarthy,666,Aniak,True,26,26,14,340.39037333402985
662,McCarthy,739,Destruction Bay,False,26,182,2,260.0076921939041
662,McCarthy,910,Elfin Cove,False,26,30,6,176.92437822928633
663,Prudhoe Bay,664,Barrow,True,26,26,24,494.8021462839826
663,Prudhoe Bay,737,Dawson,False,26,182,2,34.0
663,Prudhoe Bay,806,Old Crow,False,26,182,2,380.0
664,Barrow,665,Nome,True,26,26,26,452.794600187433
666,Aniak,667,Perryville,True,26,26,34,486.3783468298234
668,Fort St. John,672,Fort Nelson,True,30,30,12,154.46294059942232
668,Fort St. John,685,Mackenzie,True,30,30,14,143.2465937317486
668,Fort St. John,686,Wonowon,True,30,30,24,248.7747244663098
668,Fort St. John,705,Grand Prairie,False,30,34,2,62.0
668,Fort St. John,709,Worsley,False,30,34,2,172.0
669,Prince George,676,Smithers,True,30,30,22,174.26173128415377
669,Prince George,685,Mackenzie,True,30,30,16,202.46541100617148
669,Prince George,690,Williams Lake,True,30,30,22,218.6805953842466
669,Prince George,708,Grand Cache,False,30,34,2,158.01265772082945
670,Kelowna,687,Cranbrook,True,30,30,2,14.142135623730951
670,Kelowna,688,Vernon,True,30,30,20,272.72146388918577
670,Kelowna,994,Merritt,True,30,30,14,180.81602141899208
671,Skagway,678,Cassiar,True,30,30,6,70.49242250247065
671,Skagway,739,Destruction Bay,False,30,182,8,66.1245154965971
671,Skagway,910,Elfin Cove,True,30,30,16,160.72165743268093
672,Fort Nelson,679,Toad River,True,30,30,2,16.1245154965971
672,Fort Nelson,709,Worsley,False,30,34,2,116.0
672,Fort Nelson,741,Nahanni Butte,False,30,182,2,266.03007348794233
673,Kamloops,674,Whistler,True,30,30,14,69.72529123720238
673,Kamloops,676,Smithers,True,30,30,6,27.556101532064577
673,Kamloops,688,Vernon,True,30,30,12,83.91286476808573
673,Kamloops,690,Williams Lake,True,30,30,14,76.397597277548
673,Kamloops,994,Merritt,True,30,30,12,87.71116437886522
674,Whistler,676,Smithers,True,30,30,6,54.79704630359191
674,Whistler,683,Kitimat,True,30,30,26,332.92189349056196
674,Whistler,994,Merritt,True,30,30,18,186.9896720204993
675,Terrace,676,Smithers,True,30,30,14,188.59374531829138
675,Terrace,677,Iskut,True,30,30,26,272.39110085764787
675,Terrace,682,Prince Rupert,True,30,30,12,95.12924215167698
675,Terrace,683,Kitimat,True,30,30,22,239.41806002271233
675,Terrace,684,Hazelton,True,30,30,12,122.5328803562918
676,Smithers,683,Kitimat,True,30,30,10,192.21284310116525
676,Smithers,684,Hazelton,True,30,30,16,172.64213847927766
676,Smithers,685,Mackenzie,True,30,30,12,101.17511928982111
676,Smithers,690,Williams Lake,True,30,30,10,140.98417300378534
677,Iskut,678,Cassiar,True,30,30,8,84.11939939268152
677,Iskut,679,Toad River,True,30,30,6,84.4804592138446
677,Iskut,682,Prince Rupert,True,30,30,6,76.01853173095107
677,Iskut,684,Hazelton,True,30,30,16,153.4750688933098
677,Iskut,910,Elfin Cove,True,30,30,14,183.9299996179874
678,Cassiar,679,Toad River,True,30,30,22,226.46955612888908
678,Cassiar,739,Destruction Bay,False,30,182,2,56.0
678,Cassiar,910,Elfin Cove,True,30,30,18,233.963622282576
678,Cassiar,995,Carcross,False,30,182,2,180.0
679,Toad River,684,Hazelton,True,30,30,16,163.80998347686887
679,Toad River,686,Wonowon,True,30,30,8,109.10990210455502
679,Toad River,995,Carcross,False,30,182,2,146.0
680,Nanaimo,681,Victoria (BC),True,30,30,10,67.6805728465537
682,Prince Rupert,683,Kitimat,True,30,30,6,58.581224538316725
684,Hazelton,685,Mackenzie,True,30,30,10,114.52690850666204
684,Hazelton,686,Wonowon,True,30,30,22,205.50945198900843
685,Mackenzie,686,Wonowon,True,30,30,10,80.55366498194726
685,Mackenzie,705,Grand Prairie,False,30,34,2,48.0
685,Mackenzie,708,Grand Cache,False,30,34,2,38.0
687,Cranbrook,689,Golden,True,30,30,18,249.95982266565636
687,Cranbrook,711,Cardston,False,30,34,4,101.74020274629663
688,Vernon,689,Golden,True,30,30,2,20.8806130178211
688,Vernon,690,Williams Lake,True,30,30,8,224.21789060261517
688,Vernon,994,Merritt,True,30,30,2,40.0
689,Golden,707,Banff,False,30,34,2,22.360679774997898
690,Williams Lake,708,Grand Cache,False,30,34,2,118.1185844818672
691,Calgary,693,Red Deer,True,34,34,8,48.29779026942735
691,Calgary,696,Brooks,True,34,34,12,63.1953288637266
691,Calgary,707,Banff,True,34,34,14,74.2243703083613
691,Calgary,712,Claresholm,True,34,34,12,105.24833968634101
692,Edmonton,693,Red Deer,True,34,34,14,105.25032911477689
692,Edmonton,698,Vegreville,True,34,34,14,96.6782058668352
692,Edmonton,706,Whitecourt,True,34,34,8,75.84500556902789
692,Edmonton,710,Boyle,True,34,34,12,75.36078544944023
693,Red Deer,696,Brooks,True,34,34,12,120.75314742984864
693,Red Deer,697,Hanna,True,34,34,10,151.321058669087
693,Red Deer,698,Vegreville,True,34,34,18,200.17681358228478
693,Red Deer,706,Whitecourt,True,34,34,8,93.69770077914504
693,Red Deer,707,Banff,True,34,34,26,257.35157505455595
694,Lethbridge,711,Cardston,True,34,34,10,100.41338241528075
694,Lethbridge,712,Claresholm,True,34,34,14,118.60846863955013
694,Lethbridge,713,Taber,True,34,34,10,43.54132932004922
695,Medicine Hat,696,Brooks,True,34,34,14,93.2236993659075
695,Medicine Hat,697,Hanna,True,34,34,14,170.87251776170112
695,Medicine Hat,711,Cardston,True,34,34,10,120.13848307245594
695,Medicine Hat,713,Taber,True,34,34,14,198.12103963574398
695,Medicine Hat,724,Swift Current,False,34,35,4,298.03007348794233
695,Medicine Hat,725,Kindersley,False,34,35,2,58.0
696,Brooks,697,Hanna,True,34,34,16,233.92239674028954
696,Brooks,712,Claresholm,True,34,34,12,116.59742013179125
696,Brooks,713,Taber,True,34,34,12,163.01573460787662
697,Hanna,698,Vegreville,True,34,34,8,100.83805370165446
697,Hanna,699,Vermilion,True,34,34,14,208.3657450998005
697,Hanna,725,Kindersley,False,34,35,2,170.0470523119998
698,Vegreville,699,Vermilion,True,34,34,22,279.43400321053355
698,Vegreville,701,Lac la Biche,True,34,34,12,143.2924194518904
698,Vegreville,703,Peerless Lake,True,34,34,4,35.99931409627315
698,Vegreville,710,Boyle,True,34,34,24,255.21240198729515
699,Vermilion,701,Lac la Biche,True,34,34,20,199.60996764426386
699,Vermilion,725,Kindersley,False,34,35,2,32.0
699,Vermilion,727,Meadow Lake,False,34,35,2,254.00787389370433
700,Fort McMurray,701,Lac la Biche,True,34,34,18,143.62936163947379
700,Fort McMurray,703,Peerless Lake,True,34,34,10,63.51022892822159
700,Fort McMurray,808,Snowdrift,False,34,182,2,72.0
701,Lac la Biche,703,Peerless Lake,True,34,34,18,243.3406491344132
701,Lac la Biche,727,Meadow Lake,False,34,35,2,24.0
701,Lac la Biche,736,La Loche,False,34,35,2,206.0
701,Lac la Biche,808,Snowdrift,False,34,182,2,34.0
702,Iquitos,993,Boca,False,62,61,10,133.24465137494008
702,Iquitos,1012,Lagunas,True,62,62,14,169.92484099577499
702,Iquitos,1013,Nauta,True,62,62,12,103.11699761405465
702,Iquitos,1015,Pebas,True,62,62,12,218.25391415351262
702,Iquitos,1068,Benjamin Constant,False,62,63,2,33.28663395418648
702,Iquitos,1112,Lisboa,False,62,61,2,17.204650534085253
703,Peerless Lake,704,Peace River,True,34,34,12,172.4262562789578
703,Peerless Lake,710,Boyle,True,34,34,12,124.61936734440053
703,Peerless Lake,742,Yellowknife,False,34,182,2,170.0
703,Peerless Lake,808,Snowdrift,False,34,182,2,180.0
704,Peace River,706,Whitecourt,True,34,34,8,142.5658241641463
704,Peace River,709,Worsley,True,34,34,18,257.0325802181236
704,Peace River,710,Boyle,True,34,34,10,168.3783539064474
704,Peace River,741,Nahanni Butte,False,34,182,2,40.0
704,Peace River,742,Yellowknife,False,34,182,2,254.0
705,Grand Prairie,706,Whitecourt,True,34,34,6,60.089865899027835
705,Grand Prairie,708,Grand Cache,True,34,34,10,123.17707050152164
705,Grand Prairie,709,Worsley,True,34,34,14,161.117611381117
706,Whitecourt,707,Banff,True,34,34,8,88.8470229815625
706,Whitecourt,708,Grand Cache,True,34,34,12,167.86940203262677
706,Whitecourt,709,Worsley,True,34,34,6,158.82676762951687
706,Whitecourt,710,Boyle,True,34,34,16,167.00152291479716
707,Banff,708,Grand Cache,True,34,34,20,243.98473317254013
707,Banff,712,Claresholm,True,34,34,14,103.49668059875117
709,Worsley,741,Nahanni Butte,False,34,182,2,198.04039991880444
711,Cardston,712,Claresholm,True,34,34,12,83.72091971237637
711,Cardston,713,Taber,True,34,34,18,176.79093974810883
712,Claresholm,713,Taber,True,34,34,12,107.92153549550959
714,Regina,721,Estevan,True,35,35,20,120.08318526322797
714,Regina,723,Moose Jaw,True,35,35,16,94.35453032372969
714,Regina,731,Davidson,True,35,35,16,112.70181934954212
715,Saskatoon,726,Rosetown,True,35,35,14,81.93935423947133
715,Saskatoon,728,Rosthern,True,35,35,8,83.40282467599582
715,Saskatoon,729,Humboldt,True,35,35,8,47.352551024557876
715,Saskatoon,731,Davidson,True,35,35,10,61.225713644449236
715,Saskatoon,732,Radisson,True,35,35,12,65.71583603123175
716,Prince Albert,719,Tisdale,True,35,35,6,49.07865204500667
716,Prince Albert,728,Rosthern,True,35,35,10,75.75755246278733
716,Prince Albert,733,Shellbrook,True,35,35,14,98.34171969744872
717,N. Battleford,725,Kindersley,True,35,35,8,66.37914196876196
717,N. Battleford,727,Meadow Lake,True,35,35,18,137.73451128888115
717,N. Battleford,732,Radisson,True,35,35,10,66.17591827999335
718,La Ronge,719,Tisdale,True,35,35,2,39.84971769034255
718,La Ronge,720,Nipawin,True,35,35,14,299.88697558098113
718,La Ronge,733,Shellbrook,True,35,35,8,156.60622535133518
718,La Ronge,735,Beauval,True,35,35,28,268.9854291898228
718,La Ronge,809,Bathurst Inlet,False,35,182,2,228.0
719,Tisdale,720,Nipawin,True,35,35,16,169.78161495024386
719,Tisdale,728,Rosthern,True,35,35,8,91.90312447830112
719,Tisdale,729,Humboldt,True,35,35,10,128.0913842265274
719,Tisdale,730,Archerwill,True,35,35,20,163.43486833297592
719,Tisdale,733,Shellbrook,True,35,35,18,91.94791998934515
720,Nipawin,730,Archerwill,True,35,35,12,128.69310297873514
720,Nipawin,746,Swan River,False,35,36,2,74.0
720,Nipawin,749,Snow Lake,False,35,36,2,218.03669415949233
720,Nipawin,809,Bathurst Inlet,False,35,182,2,130.01538370516005
721,Estevan,723,Moose Jaw,True,35,35,16,191.46982316620787
721,Estevan,744,Brandon,False,35,36,4,336.0319979522621
722,Yorkton,729,Humboldt,True,35,35,8,49.40268956127082
722,Yorkton,730,Archerwill,True,35,35,8,108.61110669822571
722,Yorkton,731,Davidson,True,35,35,16,77.03318339220333
722,Yorkton,745,Dauphin,False,35,36,2,84.02380615040002
723,Moose Jaw,724,Swift Current,True,35,35,12,241.56120091551236
725,Kindersley,726,Rosetown,True,35,35,20,194.5506664328113
725,Kindersley,727,Meadow Lake,True,35,35,10,131.58040993693146
725,Kindersley,732,Radisson,True,35,35,8,71.3459428727883
726,Rosetown,731,Davidson,True,35,35,12,160.78931909604555
726,Rosetown,732,Radisson,True,35,35,16,192.17303655800364
727,Meadow Lake,732,Radisson,True,35,35,6,33.88106940577787
727,Meadow Lake,734,Shell Lake,True,35,35,20,197.17481477788394
727,Meadow Lake,736,La Loche,True,35,35,10,163.74901222240345
728,Rosthern,729,Humboldt,True,35,35,14,156.66318267197784
728,Rosthern,732,Radisson,True,35,35,16,143.36919483935037
728,Rosthern,733,Shellbrook,True,35,35,12,93.29967626977268
729,Humboldt,730,Archerwill,True,35,35,18,170.75485544440542
729,Humboldt,731,Davidson,True,35,35,28,279.7258836012108
730,Archerwill,745,Dauphin,False,35,36,4,96.0
730,Archerwill,746,Swan River,False,35,36,2,218.0
732,Radisson,733,Shellbrook,True,35,35,10,84.4410904190567
732,Radisson,734,Shell Lake,True,35,35,14,103.64803315645688
733,Shellbrook,734,Shell Lake,True,35,35,16,162.94293868821984
733,Shellbrook,735,Beauval,True,35,35,12,95.88904717396785
734,Shell Lake,735,Beauval,True,35,35,18,186.43361276068657
734,Shell Lake,736,La Loche,True,35,35,2,31.240998703626616
735,Beauval,736,La Loche,True,35,35,18,248.57957338459315
735,Beauval,807,Fort Reliance,False,35,182,2,144.01388821915754
735,Beauval,809,Bathurst Inlet,False,35,182,2,84.0
736,La Loche,807,Fort Reliance,False,35,182,2,204.0
736,La Loche,808,Snowdrift,False,35,182,2,54.037024344425184
737,Dawson,740,Ross River,True,182,182,10,224.99439380813283
737,Dawson,805,Aklavik,True,182,182,6,176.16588783136768
737,Dawson,806,Old Crow,True,182,182,22,527.6765306851613
738,Whitehorse,739,Destruction Bay,True,182,182,14,128.8369186907209
738,Whitehorse,740,Ross River,True,182,182,4,32.616937999067744
738,Whitehorse,995,Carcross,True,182,182,16,88.84327096215372
739,Destruction Bay,910,Elfin Cove,False,182,30,2,104.0
739,Destruction Bay,995,Carcross,True,182,182,12,148.1980186321129
740,Ross River,741,Nahanni Butte,True,182,182,12,288.0383027674986
740,Ross River,805,Aklavik,True,182,182,14,216.24686037267338
741,Nahanni Butte,742,Yellowknife,True,182,182,24,549.6855189709142
741,Nahanni Butte,805,Aklavik,True,182,182,24,550.3643203687616
741,Nahanni Butte,810,Coppermine,True,182,182,2,27.202941017470888
742,Yellowknife,808,Snowdrift,True,182,182,16,509.1355962185406
742,Yellowknife,810,Coppermine,True,182,182,24,477.86343465579995
743,Winnipeg,744,Brandon,True,36,36,10,74.11436647147292
743,Winnipeg,747,Peguis,True,36,36,10,58.524943162854775
743,Winnipeg,748,Steinbach,True,36,36,20,148.84363051704491
744,Brandon,748,Steinbach,True,36,36,12,223.99672268288992
745,Dauphin,746,Swan River,True,36,36,20,390.67765686995074
745,Dauphin,747,Peguis,True,36,36,14,203.26433228080526
746,Swan River,747,Peguis,True,36,36,4,74.4093010681705
746,Swan River,749,Snow Lake,True,36,36,14,365.3848872156997
746,Swan River,752,Grand Rapids,True,36,36,18,298.84747875671854
747,Peguis,752,Grand Rapids,True,36,36,14,445.77828917320085
747,Peguis,765,Wabitigweyaang,False,36,37,8,274.90833794064247
748,Steinbach,767,Kenora,False,36,37,2,244.07375934335914
749,Snow Lake,751,Thompson,True,36,36,12,302.2598461573202
749,Snow Lake,752,Grand Rapids,True,36,36,14,233.77478808736265
749,Snow Lake,753,La Brochet,True,36,36,12,589.1026139103235
749,Snow Lake,755,Baker Lake,True,36,36,4,71.62360368615632
749,Snow Lake,809,Bathurst Inlet,False,36,182,2,108.0
750,Shamattawa,751,Thompson,True,36,36,20,457.30135639074416
750,Shamattawa,752,Grand Rapids,True,36,36,4,145.81209808087414
750,Shamattawa,754,Whale Cove,True,36,36,18,347.9485489174121
750,Shamattawa,755,Baker Lake,True,36,36,18,312.353069355664
750,Shamattawa,763,Fort Severn,False,36,37,10,397.19169258599493
750,Shamattawa,765,Wabitigweyaang,False,36,37,2,75.17978451685
751,Thompson,752,Grand Rapids,True,36,36,14,453.52214532402
751,Thompson,755,Baker Lake,True,36,36,18,366.8436325677554
752,Grand Rapids,765,Wabitigweyaang,False,36,37,2,100.57832768544127
753,La Brochet,755,Baker Lake,True,36,36,8,263.70224489464886
753,La Brochet,809,Bathurst Inlet,False,36,182,2,494.064773081425
754,Whale Cove,755,Baker Lake,True,36,36,12,389.1545846593306
756,Toronto,771,Kawartha Lakes,True,37,37,14,91.96186256542774
756,Toronto,774,Hamilton (ON),True,37,37,14,116.99220497758746
757,Sudbury,769,Sault Ste. Marie,True,37,37,12,71.60586878598701
757,Sudbury,770,North Bay,True,37,37,18,152.99297494705058
757,Sudbury,777,Gogama,True,37,37,8,59.21271505185639
758,Thunder Bay,766,Ignance,True,37,37,12,155.83070279789968
758,Thunder Bay,768,Nipigon,True,37,37,6,40.096410377142014
759,Moosonee,764,Winisk,True,37,37,6,112.98448744633578
759,Moosonee,778,Cochrane,True,37,37,16,270.3143052152768
759,Moosonee,780,Hearst,True,37,37,10,416.1450972446065
759,Moosonee,795,La Sarre,False,37,38,2,172.0
760,Timmins,776,Engelhart,True,37,37,8,42.978787066670456
760,Timmins,777,Gogama,True,37,37,10,70.8571685091811
760,Timmins,778,Cochrane,True,37,37,14,157.1047995723883
760,Timmins,779,Wawa,True,37,37,6,40.560219778561034
761,New York,817,Princeton,True,41,41,8,54.8215848201668
761,New York,819,Scranton,True,41,41,8,60.604974710441695
761,New York,825,New Haven,True,41,41,6,70.29093163642759
762,Boston,822,Providence,True,41,41,8,78.46837501045808
762,Boston,823,Worcester,True,41,41,8,61.622776601683796
762,Boston,832,Manchester (NH),True,41,41,6,51.375030902157626
763,Fort Severn,764,Winisk,True,37,37,10,133.11819595894264
763,Fort Severn,765,Wabitigweyaang,True,37,37,14,290.1252352284482
763,Fort Severn,782,Fort Hope,True,37,37,10,362.99925770193227
763,Fort Severn,783,Sioux Lookout,True,37,37,8,111.6230574731565
764,Winisk,780,Hearst,True,37,37,4,50.661569955214254
764,Winisk,782,Fort Hope,True,37,37,6,73.99775653299565
765,Wabitigweyaang,767,Kenora,True,37,37,2,48.041648597857254
765,Wabitigweyaang,783,Sioux Lookout,True,37,37,18,426.2089802997361
766,Ignance,767,Kenora,True,37,37,10,271.1371913149472
766,Ignance,768,Nipigon,True,37,37,12,172.63303810402587
766,Ignance,783,Sioux Lookout,True,37,37,2,10.198039027185569
768,Nipigon,781,Geraldton (ON),True,37,37,18,247.9569732585196
768,Nipigon,782,Fort Hope,True,37,37,2,29.5296461204668
769,Sault Ste. Marie,770,North Bay,True,37,37,6,52.36137213974553
769,Sault Ste. Marie,777,Gogama,True,37,37,20,212.47340544618618
769,Sault Ste. Marie,779,Wawa,True,37,37,12,153.65340224679935
770,North Bay,773,Huntsville,True,37,37,14,212.60547259012145
770,North Bay,776,Engelhart,True,37,37,10,133.7653321868439
770,North Bay,777,Gogama,True,37,37,4,23.419687406720193
770,North Bay,794,Kipawa,False,37,38,10,205.60578379372942
771,Kawartha Lakes,772,Ottawa,True,37,37,14,182.40959523513075
771,Kawartha Lakes,773,Huntsville,True,37,37,16,183.51562837497391
771,Kawartha Lakes,774,Hamilton (ON),True,37,37,8,77.8349947935051
772,Ottawa,773,Huntsville,True,37,37,14,132.07208585243302
775,Montréal,788,Shawinigan,True,38,38,8,61.503204038011305
775,Montréal,790,Saint-Jérôme,True,38,38,14,123.39351662960725
776,Engelhart,777,Gogama,True,37,37,18,236.2811599655423
776,Engelhart,778,Cochrane,True,37,37,20,134.0996920871676
776,Engelhart,789,Rouyn-Noranda,False,37,38,2,130.0
776,Engelhart,794,Kipawa,False,37,38,2,52.03844732503075
777,Gogama,779,Wawa,True,37,37,16,188.91122132890482
778,Cochrane,779,Wawa,True,37,37,10,82.9356921455526
778,Cochrane,780,Hearst,True,37,37,14,151.1129006902556
778,Cochrane,789,Rouyn-Noranda,False,37,38,2,48.041648597857254
778,Cochrane,795,La Sarre,False,37,38,2,72.0
779,Wawa,780,Hearst,True,37,37,14,109.90557969407934
779,Wawa,781,Geraldton (ON),True,37,37,22,233.42753592693853
780,Hearst,781,Geraldton (ON),True,37,37,22,280.1304202449014
780,Hearst,782,Fort Hope,True,37,37,2,10.0
782,Fort Hope,783,Sioux Lookout,True,37,37,24,263.26454020088255
784,Québec,785,Saguenay,True,38,38,12,133.45762527501532
784,Québec,788,Shawinigan,True,38,38,10,90.07607563058252
784,Québec,791,La Tuque,True,38,38,10,102.30759025256691
785,Saguenay,791,La Tuque,True,38,38,22,402.29798742967654
785,Saguenay,798,Sakami,True,38,38,16,161.25483992308614
785,Saguenay,800,Sept-Îles,True,38,38,16,262.7210255830467
785,Saguenay,802,Mistissini,True,38,38,26,216.34353957560342
785,Saguenay,803,Eastmain,True,38,38,2,48.82622246293481
786,Sherbrooke,787,Victoriaville,True,38,38,12,207.3805535034447
786,Sherbrooke,831,Portland (ME),False,38,41,14,193.69788095183
786,Sherbrooke,835,Burlington,False,38,41,6,166.20020649875732
786,Sherbrooke,836,Watertown,False,38,41,2,88.09086218218096
787,Victoriaville,830,Bangor,False,38,41,8,142.41941968973958
787,Victoriaville,831,Portland (ME),False,38,41,4,44.42220510185595
787,Victoriaville,1110,Rivière-du-Loup,True,38,38,12,94.76386462996386
788,Shawinigan,790,Saint-Jérôme,True,38,38,14,159.82831162559458
788,Shawinigan,791,La Tuque,True,38,38,18,204.77027399782133
788,Shawinigan,796,Kitcisakik,True,38,38,8,82.85769331895253
789,Rouyn-Noranda,793,Val-d'Or,True,38,38,12,117.54702133950157
789,Rouyn-Noranda,794,Kipawa,True,38,38,14,261.85403878040233
789,Rouyn-Noranda,795,La Sarre,True,38,38,16,278.36266182827933
789,Rouyn-Noranda,796,Kitcisakik,True,38,38,8,99.31412938370556
789,Rouyn-Noranda,3284,Barraute,True,38,38,10,138.5591030150683
790,Saint-Jérôme,794,Kipawa,True,38,38,12,125.12229638559734
790,Saint-Jérôme,796,Kitcisakik,True,38,38,22,256.84458508050835
791,La Tuque,796,Kitcisakik,True,38,38,28,162.07941794232892
791,La Tuque,803,Eastmain,True,38,38,18,206.60751306366114
791,La Tuque,3284,Barraute,True,38,38,14,237.18496413247385
792,Rimouski,1109,Matane,True,38,38,10,138.4963891327747
792,Rimouski,1110,Rivière-du-Loup,True,38,38,10,132.73706519563854
793,Val-d'Or,796,Kitcisakik,True,38,38,14,127.2745826810722
793,Val-d'Or,3284,Barraute,True,38,38,14,113.22980985877051
794,Kipawa,796,Kitcisakik,True,38,38,12,217.7906710615327
795,La Sarre,803,Eastmain,True,38,38,16,330.14947003871043
795,La Sarre,3284,Barraute,True,38,38,12,231.64918419510406
796,Kitcisakik,3284,Barraute,True,38,38,12,133.10936286456754
797,Salluit,798,Sakami,True,38,38,16,430.2294407312233
797,Salluit,801,Kuujjuaq,True,38,38,10,202.62591672629097
797,Salluit,804,Caniapiscau,True,38,38,12,206.38529567978026
798,Sakami,802,Mistissini,True,38,38,22,212.91791203144078
798,Sakami,803,Eastmain,True,38,38,30,570.8114119532537
798,Sakami,804,Caniapiscau,True,38,38,28,522.8278006817504
799,Happy Valley-Goose Bay,800,Sept-Îles,True,38,38,12,285.08274093424933
799,Happy Valley-Goose Bay,801,Kuujjuaq,True,38,38,16,492.1272102900864
800,Sept-Îles,801,Kuujjuaq,True,38,38,8,167.85023923142538
800,Sept-Îles,802,Mistissini,True,38,38,8,69.79547876227083
800,Sept-Îles,804,Caniapiscau,True,38,38,22,471.389849673293
801,Kuujjuaq,804,Caniapiscau,True,38,38,22,607.2980703860189
802,Mistissini,804,Caniapiscau,True,38,38,16,131.50294641057926
803,Eastmain,3284,Barraute,True,38,38,18,235.5476869490935
805,Aklavik,806,Old Crow,True,182,182,16,616.5445496638156
805,Aklavik,810,Coppermine,True,182,182,14,396.7255430626442
807,Fort Reliance,808,Snowdrift,True,182,182,28,552.3968120140518
807,Fort Reliance,809,Bathurst Inlet,True,182,182,26,833.4199695505549
807,Fort Reliance,810,Coppermine,True,182,182,6,189.443586907839
808,Snowdrift,810,Coppermine,True,182,182,12,314.4950750099136
811,Philadelphia,815,Baltimore,True,41,41,12,72.43998969820508
811,Philadelphia,817,Princeton,True,41,41,10,43.43727628791269
811,Philadelphia,818,Harrisburg,True,41,41,8,53.31751486236517
811,Philadelphia,826,Atlantic City,True,41,41,8,65.31011590600158
812,Washington,815,Baltimore,True,41,41,14,100.03422661115718
813,Pittsburgh,816,Johnstown,True,41,41,16,144.82168383315772
813,Pittsburgh,827,Erie,True,41,41,20,171.124937294368
813,Pittsburgh,829,State College,True,41,41,8,50.41575308501323
814,Rochester (NY),820,Syracuse,True,41,41,16,111.9329851687665
814,Rochester (NY),821,Binghamton,True,41,41,6,43.927180092528815
814,Rochester (NY),827,Erie,True,41,41,12,173.74272585276174
814,Rochester (NY),828,Lewisburg,True,41,41,8,81.85374196306451
814,Rochester (NY),829,State College,True,41,41,18,159.07795000008176
815,Baltimore,816,Johnstown,True,41,41,14,155.1185113022772
815,Baltimore,818,Harrisburg,True,41,41,14,153.58496001491918
815,Baltimore,826,Atlantic City,True,41,41,4,29.73395514177601
816,Johnstown,818,Harrisburg,True,41,41,6,40.59266776115339
816,Johnstown,829,State College,True,41,41,16,155.7046092030132
817,Princeton,818,Harrisburg,True,41,41,18,129.59141885653094
817,Princeton,819,Scranton,True,41,41,14,102.89408519872285
817,Princeton,826,Atlantic City,True,41,41,8,108.07384464893806
818,Harrisburg,819,Scranton,True,41,41,8,63.82268266549312
818,Harrisburg,828,Lewisburg,True,41,41,12,140.96465446165107
818,Harrisburg,829,State College,True,41,41,6,60.17214780961149
819,Scranton,821,Binghamton,True,41,41,8,72.73682924768538
819,Scranton,825,New Haven,True,41,41,12,72.7638990202459
819,Scranton,828,Lewisburg,True,41,41,10,96.87983727832618
819,Scranton,834,Kingston (NY),True,41,41,10,102.97766282711233
820,Syracuse,821,Binghamton,True,41,41,14,157.66930190306664
820,Syracuse,833,Albany (NY),True,41,41,8,49.85549677958451
820,Syracuse,834,Kingston (NY),True,41,41,8,121.41351597268711
820,Syracuse,835,Burlington,True,41,41,6,37.865214548874775
820,Syracuse,836,Watertown,True,41,41,12,169.59922221375285
821,Binghamton,828,Lewisburg,True,41,41,18,142.99035184383902
821,Binghamton,834,Kingston (NY),True,41,41,16,143.50712996965441
822,Providence,823,Worcester,True,41,41,6,53.54435021970895
822,Providence,824,Hartford,True,41,41,12,92.37926358941243
822,Providence,825,New Haven,True,41,41,10,67.9347257329961
823,Worcester,824,Hartford,True,41,41,24,223.13855861013698
823,Worcester,832,Manchester (NH),True,41,41,16,216.32727889476604
823,Worcester,833,Albany (NY),True,41,41,4,10.47213595499958
823,Worcester,835,Burlington,True,41,41,8,34.79916518667711
824,Hartford,825,New Haven,True,41,41,14,136.09219714932178
824,Hartford,833,Albany (NY),True,41,41,12,57.819627110246735
824,Hartford,834,Kingston (NY),True,41,41,22,155.07030467617548
825,New Haven,834,Kingston (NY),True,41,41,8,64.29169352539759
827,Erie,829,State College,True,41,41,12,125.68391420142929
828,Lewisburg,829,State College,True,41,41,12,172.54302325129325
830,Bangor,831,Portland (ME),True,41,41,20,273.88316299676967
830,Bangor,857,Fredericton,False,41,40,26,412.37644237784156
830,Bangor,1110,Rivière-du-Loup,False,41,38,14,167.85049881812057
831,Portland (ME),832,Manchester (NH),True,41,41,22,201.287341154111
831,Portland (ME),835,Burlington,True,41,41,14,125.23346639364406
832,Manchester (NH),835,Burlington,True,41,41,16,162.5501275118549
833,Albany (NY),834,Kingston (NY),True,41,41,8,49.5453980694907
833,Albany (NY),835,Burlington,True,41,41,22,109.68115608082394
835,Burlington,836,Watertown,True,41,41,12,212.21889707441068
837,Miami,864,Orlando,True,49,49,8,55.07454496810932
837,Miami,866,Fort Myers,True,49,49,14,107.41890032446335
838,Atlanta,850,Athens (GA),True,49,49,18,87.1064773855592
838,Atlanta,851,Marietta,True,49,49,12,75.2685742016568
838,Atlanta,852,Macon,True,49,49,8,35.96081277550349
838,Atlanta,854,Columbus (GA),True,49,49,10,47.472505261350186
839,Jacksonville,853,Savannah,True,49,49,8,50.82347262366352
839,Jacksonville,861,Valdosta,True,49,49,10,63.169162359684734
839,Jacksonville,863,Gainesville,True,49,49,8,72.17368409666445
840,New Orleans,845,Hattiesburg,True,49,49,12,64.74518159593725
841,Lafayette (LA),842,Shreveport,True,49,49,12,226.42295298831112
843,Jackson,844,Oxford,True,49,49,12,161.8082111564216
843,Jackson,845,Hattiesburg,True,49,49,20,171.81422437975772
843,Jackson,849,Meridian,True,49,49,22,175.34026884556113
844,Oxford,846,Huntsville (AL),True,49,49,14,149.79481316145677
844,Oxford,847,Birmingham (AL),True,49,49,8,72.9427986528242
844,Oxford,849,Meridian,True,49,49,6,97.79898987322332
845,Hattiesburg,849,Meridian,True,49,49,6,63.48208631856872
845,Hattiesburg,867,Mobile,True,49,49,10,115.42498330495616
846,Huntsville (AL),847,Birmingham (AL),True,49,49,22,257.210294722683
846,Huntsville (AL),851,Marietta,True,49,49,16,169.66137335196916
847,Birmingham (AL),848,Montgomery,True,49,49,10,68.05818106919224
847,Birmingham (AL),849,Meridian,True,49,49,14,145.81070979953864
847,Birmingham (AL),851,Marietta,True,49,49,2,13.416407864998739
847,Birmingham (AL),854,Columbus (GA),True,49,49,16,128.07294447037188
847,Birmingham (AL),855,Dothan,True,49,49,10,97.0641665091255
848,Montgomery,849,Meridian,True,49,49,10,75.27615243416173
848,Montgomery,855,Dothan,True,49,49,14,81.02247254324467
848,Montgomery,867,Mobile,True,49,49,12,72.13689596338612
849,Meridian,867,Mobile,True,49,49,10,111.35748067286481
850,Athens (GA),851,Marietta,True,49,49,10,75.23837483213022
850,Athens (GA),852,Macon,True,49,49,16,196.5656561309355
851,Marietta,854,Columbus (GA),True,49,49,18,179.68463033956743
852,Macon,853,Savannah,True,49,49,18,154.32336597449995
852,Macon,854,Columbus (GA),True,49,49,12,138.05100366432566
852,Macon,861,Valdosta,True,49,49,6,64.33897460694047
852,Macon,862,Albany (GA),True,49,49,10,94.38064314123612
853,Savannah,861,Valdosta,True,49,49,14,183.08773228367508
854,Columbus (GA),855,Dothan,True,49,49,14,135.25881504861366
854,Columbus (GA),862,Albany (GA),True,49,49,20,156.81738010811625
855,Dothan,856,Tallahassee,True,49,49,6,60.02928609587231
855,Dothan,862,Albany (GA),True,49,49,10,76.30472564885449
855,Dothan,867,Mobile,True,49,49,6,46.31974576698711
855,Dothan,868,Panama City,True,49,49,20,161.52972179666534
856,Tallahassee,861,Valdosta,True,49,49,14,112.27077977709057
856,Tallahassee,862,Albany (GA),True,49,49,14,138.28879136901358
856,Tallahassee,863,Gainesville,True,49,49,6,23.733696898450305
856,Tallahassee,868,Panama City,True,49,49,12,133.90511957113506
857,Fredericton,858,Moncton,True,40,40,20,421.68801040867635
857,Fredericton,1109,Matane,False,40,38,10,189.39678328421945
857,Fredericton,1110,Rivière-du-Loup,False,40,38,12,184.38924359434927
858,Moncton,859,Yarmouth,True,40,40,4,22.847149667859085
858,Moncton,860,New Glasgow,True,40,40,6,26.606175699689757
859,Yarmouth,860,New Glasgow,True,40,40,12,238.12124683037686
861,Valdosta,862,Albany (GA),True,49,49,20,150.51025138728153
861,Valdosta,863,Gainesville,True,49,49,14,173.48315894406025
863,Gainesville,864,Orlando,True,49,49,12,116.06203710615446
863,Gainesville,865,Tampa,True,49,49,10,87.79023836862918
864,Orlando,865,Tampa,True,49,49,18,177.3085375789919
864,Orlando,866,Fort Myers,True,49,49,20,124.45404234766701
865,Tampa,866,Fort Myers,True,49,49,16,106.65952932120967
867,Mobile,868,Panama City,True,49,49,14,98.6002615577843
869,Tijuana,870,Ensenada,True,33,33,18,100.0004980040262
870,Ensenada,871,La Suerte,True,33,33,10,143.11519516715973
871,La Suerte,873,Punta Prieta,True,33,33,8,110.29344239163973
872,San Ignacio,873,Punta Prieta,True,33,33,12,71.50134401958536
872,San Ignacio,875,Loreto,True,33,33,12,106.398032706567
874,La Paz (MX),875,Loreto,True,33,33,16,122.78436520300366
876,Chihuahua,911,Benito Juárez,True,54,54,12,84.22076379969522
876,Chihuahua,916,Delicias,True,54,54,20,110.93564456888961
876,Chihuahua,918,Ciudad Cuauhtémoc,True,54,54,18,101.03309321304754
877,Hermosillo,912,Caborca,True,54,54,10,95.03129741137681
877,Hermosillo,913,Navojoa,True,54,54,12,113.72186090053933
877,Hermosillo,917,Ures,True,54,54,12,86.88876069627062
877,Hermosillo,919,Creel,True,54,54,10,55.853090064519336
878,Monterey,921,Monclova,True,54,54,8,60.3736366712681
878,Monterey,922,Reynosa,True,54,54,8,50.56664708780929
878,Monterey,923,Ciudad Victoria,True,54,54,8,56.190138106062854
878,Monterey,924,Saltillo,True,54,54,10,53.968838330947875
879,Mazatlan,884,Tepic,True,54,54,12,76.66081137434873
879,Mazatlan,915,Culiacán Rosales,True,54,54,10,76.95619549820317
879,Mazatlan,928,Durango,True,54,54,16,75.669621278423
880,Mérida,906,Campeche,True,55,55,6,62.33281533728029
880,Mérida,907,Cancún,True,55,55,6,33.32187282720281
880,Mérida,908,Valladolid (MX),True,55,55,10,58.356790983981824
881,Veracruz,891,Xalapa Enríquez,True,55,55,6,40.03247146525845
881,Veracruz,899,Córdoba (MX),True,55,55,10,68.90266242249898
881,Veracruz,902,Coatzacoalcos,True,55,55,8,45.238664433755964
882,Mexico City,891,Xalapa Enríquez,True,55,55,12,93.5601700163445
882,Mexico City,894,San Juan del Río,True,55,55,8,58.98924485511053
882,Mexico City,895,Morelia,True,55,55,8,52.66019220455512
882,Mexico City,899,Córdoba (MX),True,55,55,8,71.41957310671181
883,Acapulco,893,Chilpancingo,True,55,55,10,61.08915366370278
883,Acapulco,897,Petatlán,True,55,55,10,51.05575278494577
883,Acapulco,898,San Marcos,True,55,55,10,51.36002499501239
884,Tepic,886,Tampico,True,54,54,6,58.421272246359116
884,Tepic,887,Puerto Vallarta,False,54,55,18,213.59390679178048
884,Tepic,888,Guadalajara,False,54,55,6,59.07341720325206
884,Tepic,926,Fresnillo,True,54,54,8,162.93993561014764
884,Tepic,928,Durango,True,54,54,22,210.32575638679748
885,San Luis Potosi,886,Tampico,True,54,54,14,136.02737719223722
885,San Luis Potosi,925,Matehuala,True,54,54,2,27.202941017470888
885,San Luis Potosi,926,Fresnillo,True,54,54,16,176.1431458562908
886,Tampico,888,Guadalajara,False,54,55,4,30.560219778561034
886,Tampico,889,Irapuato,False,54,55,22,198.11407086331823
886,Tampico,890,Poza Rica,False,54,55,8,88.87256121245784
886,Tampico,894,San Juan del Río,False,54,55,10,116.14460549452767
886,Tampico,923,Ciudad Victoria,True,54,54,14,159.14947922978124
886,Tampico,925,Matehuala,True,54,54,18,183.62635498163434
886,Tampico,926,Fresnillo,True,54,54,6,73.516825644573
887,Puerto Vallarta,888,Guadalajara,True,55,55,16,176.81125010974299
887,Puerto Vallarta,896,Colima,True,55,55,20,247.46606080787984
888,Guadalajara,889,Irapuato,True,55,55,12,130.46361953613314
888,Guadalajara,896,Colima,True,55,55,2,24.08318915758459
889,Irapuato,894,San Juan del Río,True,55,55,12,191.02673233638123
889,Irapuato,895,Morelia,True,55,55,12,155.01127551105648
889,Irapuato,896,Colima,True,55,55,6,79.15180331626095
890,Poza Rica,891,Xalapa Enríquez,True,55,55,20,223.43435497740006
890,Poza Rica,894,San Juan del Río,True,55,55,20,242.02310916210166
891,Xalapa Enríquez,894,San Juan del Río,True,55,55,4,27.976627643559773
891,Xalapa Enríquez,899,Córdoba (MX),True,55,55,14,214.60226262138025
892,Escárcega,901,Villahermosa,True,55,55,10,110.92443621552835
892,Escárcega,905,Palenque,True,55,55,8,105.31289369894013
892,Escárcega,906,Campeche,True,55,55,8,77.42615299035073
892,Escárcega,909,Chetumal,True,55,55,28,242.0302600725997
892,Escárcega,933,Belmopan,False,55,56,8,159.1795774022504
893,Chilpancingo,895,Morelia,True,55,55,8,109.9533893030247
893,Chilpancingo,897,Petatlán,True,55,55,16,202.7538534505588
893,Chilpancingo,898,San Marcos,True,55,55,18,144.62583500325914
893,Chilpancingo,899,Córdoba (MX),True,55,55,12,138.81135018048252
894,San Juan del Río,895,Morelia,True,55,55,14,142.0277389625558
895,Morelia,896,Colima,True,55,55,32,197.11665482174783
895,Morelia,897,Petatlán,True,55,55,8,105.37966863043629
895,Morelia,899,Córdoba (MX),True,55,55,6,35.612679504662054
896,Colima,897,Petatlán,True,55,55,16,122.16294186333052
898,San Marcos,899,Córdoba (MX),True,55,55,16,149.22493492428774
898,San Marcos,900,Oaxaca,True,55,55,12,170.56450648673683
898,San Marcos,903,Tuxtepec,True,55,55,8,69.06311035847993
899,Córdoba (MX),902,Coatzacoalcos,True,55,55,10,55.404804222541166
899,Córdoba (MX),903,Tuxtepec,True,55,55,12,124.78680899993991
900,Oaxaca,903,Tuxtepec,True,55,55,12,144.59398493454447
900,Oaxaca,904,Tuxtla Gutiérrez,True,55,55,8,61.00296908060436
901,Villahermosa,902,Coatzacoalcos,True,55,55,14,110.69791394474096
901,Villahermosa,903,Tuxtepec,True,55,55,2,24.0
901,Villahermosa,905,Palenque,True,55,55,14,261.6391185913376
902,Coatzacoalcos,903,Tuxtepec,True,55,55,20,223.67852562901356
903,Tuxtepec,904,Tuxtla Gutiérrez,True,55,55,18,168.02457050252983
903,Tuxtepec,905,Palenque,True,55,55,8,49.58193292559518
904,Tuxtla Gutiérrez,905,Palenque,True,55,55,10,111.07539796050958
904,Tuxtla Gutiérrez,933,Belmopan,False,55,56,10,146.74093883074892
904,Tuxtla Gutiérrez,934,Guatemala,False,55,56,12,182.07506382609387
905,Palenque,933,Belmopan,False,55,56,16,255.19969130960266
906,Campeche,908,Valladolid (MX),True,55,55,18,167.92490730339557
906,Campeche,909,Chetumal,True,55,55,12,100.8439731866672
907,Cancún,908,Valladolid (MX),True,55,55,22,183.25706776100614
908,Valladolid (MX),909,Chetumal,True,55,55,12,150.08423654898053
909,Chetumal,933,Belmopan,False,55,56,4,42.0
911,Benito Juárez,916,Delicias,True,54,54,18,71.92363191516175
911,Benito Juárez,917,Ures,True,54,54,10,187.76857908074211
911,Benito Juárez,918,Ciudad Cuauhtémoc,True,54,54,14,131.95621228040352
912,Caborca,913,Navojoa,True,54,54,12,157.15167125055396
912,Caborca,917,Ures,True,54,54,16,227.35638697521847
913,Navojoa,914,Los Mochis,True,54,54,18,164.60434233516577
913,Navojoa,919,Creel,True,54,54,18,228.40840556148527
914,Los Mochis,915,Culiacán Rosales,True,54,54,22,219.305973469619
914,Los Mochis,919,Creel,True,54,54,16,110.87505792468353
914,Los Mochis,929,Hidalgo del Parral,True,54,54,18,148.60390590967467
914,Los Mochis,931,Rodeo,True,54,54,6,52.770329614269
915,Culiacán Rosales,928,Durango,True,54,54,14,164.97256776811705
915,Culiacán Rosales,931,Rodeo,True,54,54,14,154.86519775918154
916,Delicias,918,Ciudad Cuauhtémoc,True,54,54,12,92.02938570715507
916,Delicias,920,Piedras Negras,True,54,54,16,176.54462120578927
916,Delicias,929,Hidalgo del Parral,True,54,54,8,87.28455868885962
916,Delicias,930,El Hundido,True,54,54,18,176.76262987976256
917,Ures,918,Ciudad Cuauhtémoc,True,54,54,6,63.75648833544501
917,Ures,919,Creel,True,54,54,12,154.06288151040064
918,Ciudad Cuauhtémoc,919,Creel,True,54,54,20,222.10132884671762
918,Ciudad Cuauhtémoc,929,Hidalgo del Parral,True,54,54,20,174.87786101296655
919,Creel,929,Hidalgo del Parral,True,54,54,12,120.76605871587333
920,Piedras Negras,921,Monclova,True,54,54,20,201.25448394046703
920,Piedras Negras,930,El Hundido,True,54,54,6,53.54065922853802
921,Monclova,922,Reynosa,True,54,54,12,73.53654739377984
921,Monclova,924,Saltillo,True,54,54,20,143.39541729984433
921,Monclova,930,El Hundido,True,54,54,22,232.16004050053434
922,Reynosa,923,Ciudad Victoria,True,54,54,16,196.0639360813433
923,Ciudad Victoria,924,Saltillo,True,54,54,12,93.41107826396403
923,Ciudad Victoria,925,Matehuala,True,54,54,16,187.5792958911793
924,Saltillo,925,Matehuala,True,54,54,16,178.0304416200171
924,Saltillo,926,Fresnillo,True,54,54,4,22.165525060596437
924,Saltillo,927,Torreón,True,54,54,20,179.62885183268253
924,Saltillo,930,El Hundido,True,54,54,6,70.73491399256983
925,Matehuala,926,Fresnillo,True,54,54,10,219.77154864429647
926,Fresnillo,927,Torreón,True,54,54,14,208.61580460571216
926,Fresnillo,928,Durango,True,54,54,16,254.06781948016138
927,Torreón,928,Durango,True,54,54,2,18.973665961010276
927,Torreón,930,El Hundido,True,54,54,20,199.62516304370791
927,Torreón,931,Rodeo,True,54,54,16,206.74279905809425
928,Durango,931,Rodeo,True,54,54,14,169.05401735346453
929,Hidalgo del Parral,930,El Hundido,True,54,54,12,151.25943547038872
929,Hidalgo del Parral,931,Rodeo,True,54,54,18,234.81666541632364
930,El Hundido,931,Rodeo,True,54,54,4,37.484085545006195
932,Belize City,933,Belmopan,True,56,56,10,129.88503540623478
932,Belize City,935,San Pedro Sula,True,56,56,12,59.72401703005326
933,Belmopan,934,Guatemala,True,56,56,10,123.31705192765949
933,Belmopan,935,San Pedro Sula,True,56,56,16,177.5766669563509
934,Guatemala,935,San Pedro Sula,True,56,56,12,118.28741971534008
934,Guatemala,936,San Miguel,True,56,56,12,131.85357925766644
935,San Pedro Sula,936,San Miguel,True,56,56,12,145.70402902116265
935,San Pedro Sula,939,Tegucigalpa,True,56,56,10,124.49678325380764
936,San Miguel,939,Tegucigalpa,True,56,56,16,143.38145635527061
937,San Jose,938,Managua,True,56,56,16,212.08914149228696
937,San Jose,941,David,False,56,57,6,133.0724247111615
938,Managua,939,Tegucigalpa,True,56,56,38,384.92332820962463
940,La Palma,968,Manizales,False,57,60,4,37.74601268123716
940,La Palma,978,Turbo,False,57,60,16,173.882426416759
940,La Palma,3301,Panamá,True,57,57,12,63.69629782252297
942,Havanna,943,Pinar del Río,True,58,58,8,51.93944678321805
942,Havanna,944,Cienfuegos,True,58,58,2,38.2099463490856
944,Cienfuegos,946,Santa Clara,True,58,58,18,156.53176561696736
945,Camagüey,946,Santa Clara,True,58,58,12,79.03654885073887
945,Camagüey,949,Guantánamo,True,58,58,6,36.923783866343044
945,Camagüey,950,Bayamo,True,58,58,12,91.00845090912364
947,Santiago d. C.,949,Guantánamo,True,58,58,12,60.68125140489138
947,Santiago d. C.,950,Bayamo,True,58,58,10,67.94929254549399
948,Rio Branco,1070,Envira,True,63,63,22,269.97751062243753
948,Rio Branco,1072,Pauini,True,63,63,10,151.06868843751766
948,Rio Branco,1073,Boca do Acre,True,63,63,14,179.49486182921427
948,Rio Branco,1206,Sena,False,63,184,12,182.05978779824238
948,Rio Branco,1207,Riberalta,False,63,184,8,89.7957126343757
949,Guantánamo,950,Bayamo,True,58,58,12,36.934851567583
951,Santo Domingo,952,Higüey,True,58,58,16,101.82655762261562
951,Santo Domingo,953,Azua,True,58,58,12,72.17065912891532
952,Higüey,953,Azua,True,58,58,10,68.19764837837084
952,Higüey,1111,Cap-Haïtien,True,58,58,8,65.41948922503664
953,Azua,954,Port-au-Prince,True,58,58,16,109.08416588360356
953,Azua,1111,Cap-Haïtien,True,58,58,18,111.98529131540867
954,Port-au-Prince,1111,Cap-Haïtien,True,58,58,10,65.99193555075993
956,Kingston,957,Montego Bay,True,58,58,8,76.53275931326343
958,Bogota,968,Manizales,True,60,60,20,79.35601752621693
958,Bogota,973,Neiva,True,60,60,14,86.58119343465273
958,Bogota,974,Tunja,True,60,60,18,65.89706790351579
959,Barranquilla,967,Valledupar,True,60,60,8,59.99807654700637
959,Barranquilla,976,Montería,True,60,60,10,61.45194832595744
960,Medellín,968,Manizales,True,60,60,16,111.98215918302874
960,Medellín,978,Turbo,True,60,60,10,74.93573798684682
960,Medellín,979,Puerto Berrio,True,60,60,10,48.74188507796615
961,Pasto,969,Cali,True,60,60,12,51.12221908687036
961,Pasto,970,Tumaco,True,60,60,16,116.73699556508868
961,Pasto,971,Florencia,True,60,60,12,96.07465414135817
962,La Pedrera,963,Pacoa,True,60,60,14,217.84666127430353
962,La Pedrera,964,Mitú,True,60,60,12,106.45520213985343
962,La Pedrera,1015,Pebas,False,60,62,18,269.20603693966854
962,La Pedrera,1075,São Paulo de Olivença,False,60,63,20,274.2750808951044
963,Pacoa,964,Mitú,True,60,60,12,124.33473606605658
963,Pacoa,972,Puerto Leguizamo,True,60,60,16,260.26227066382404
963,Pacoa,975,San José del Guaviare,True,60,60,8,79.0232777522083
963,Pacoa,1015,Pebas,False,60,62,12,139.64627747736245
964,Mitú,965,Puerto Iñírida,True,60,60,2,18.973665961010276
964,Mitú,975,San José del Guaviare,True,60,60,22,198.2111155459274
964,Mitú,980,Yopal,True,60,60,2,12.806248474865697
964,Mitú,982,Cumaribo,True,60,60,10,255.1197014161781
964,Mitú,1065,Coarí,False,60,63,8,83.69888469111892
964,Mitú,1067,Taraquá,False,60,63,8,59.36985288604856
964,Mitú,1075,São Paulo de Olivença,False,60,63,8,77.45293317296601
965,Puerto Iñírida,982,Cumaribo,True,60,60,18,154.56424922354228
965,Puerto Iñírida,1033,Tamatama,False,60,59,8,78.65252906214485
965,Puerto Iñírida,1035,Bruno,False,60,59,4,27.7864192862877
965,Puerto Iñírida,1065,Coarí,False,60,63,8,89.11350885048276
966,La Primavera,977,Bucaramanga,True,60,60,6,46.782884876853856
966,La Primavera,980,Yopal,True,60,60,6,79.73384919325194
966,La Primavera,982,Cumaribo,True,60,60,24,307.7894958936841
966,La Primavera,983,Boavita,True,60,60,10,145.55483480836693
966,La Primavera,1037,Barinas,False,60,59,6,70.67279023187605
966,La Primavera,1039,Elorza,False,60,59,18,197.6236098742115
966,La Primavera,1041,Parguaza,False,60,59,14,154.84018636120902
967,Valledupar,976,Montería,True,60,60,8,90.91700310068438
967,Valledupar,977,Bucaramanga,True,60,60,22,203.9592705000739
967,Valledupar,1036,Machiques,False,60,59,16,289.1179772013647
968,Manizales,969,Cali,True,60,60,20,153.91911219011894
968,Manizales,973,Neiva,True,60,60,10,87.21627405094367
968,Manizales,974,Tunja,True,60,60,14,121.70625744580165
968,Manizales,978,Turbo,True,60,60,12,55.84164535679848
968,Manizales,979,Puerto Berrio,True,60,60,10,56.94911761249128
969,Cali,970,Tumaco,True,60,60,16,96.62068984182301
969,Cali,971,Florencia,True,60,60,6,49.908018152182706
969,Cali,973,Neiva,True,60,60,14,152.70530209890856
970,Tumaco,971,Florencia,True,60,60,6,44.81633149543145
970,Tumaco,985,Nueva Loja,False,60,61,12,97.12422064438778
970,Tumaco,989,Esmeraldas,False,60,61,8,77.67496310628601
971,Florencia,972,Puerto Leguizamo,True,60,60,16,181.50163295546025
971,Florencia,973,Neiva,True,60,60,10,121.46650393447311
971,Florencia,985,Nueva Loja,False,60,61,10,114.98217950943726
972,Puerto Leguizamo,973,Neiva,True,60,60,6,35.77132232948901
972,Puerto Leguizamo,975,San José del Guaviare,True,60,60,28,314.2057754330885
972,Puerto Leguizamo,985,Nueva Loja,False,60,61,2,16.0
972,Puerto Leguizamo,991,Lononaco,False,60,61,22,219.32574712039445
972,Puerto Leguizamo,993,Boca,False,60,61,6,99.42560710666439
972,Puerto Leguizamo,1015,Pebas,False,60,62,6,42.30766068432739
973,Neiva,974,Tunja,True,60,60,10,55.078311654689344
973,Neiva,975,San José del Guaviare,True,60,60,18,229.18408537324268
973,Neiva,980,Yopal,True,60,60,8,56.26570341265889
974,Tunja,979,Puerto Berrio,True,60,60,18,195.03307609376392
974,Tunja,980,Yopal,True,60,60,18,131.83644430791043
974,Tunja,983,Boavita,True,60,60,14,95.17728902927486
975,San José del Guaviare,980,Yopal,True,60,60,24,289.26641923295784
976,Montería,977,Bucaramanga,True,60,60,16,146.80628575693012
976,Montería,978,Turbo,True,60,60,22,123.70495663442057
976,Montería,979,Puerto Berrio,True,60,60,14,130.23317045797356
977,Bucaramanga,979,Puerto Berrio,True,60,60,14,127.28648923780287
977,Bucaramanga,983,Boavita,True,60,60,12,215.12097901322707
977,Bucaramanga,1019,San Cristóbal,False,60,59,8,64.98517380138787
977,Bucaramanga,1036,Machiques,False,60,59,18,189.4468257444285
977,Bucaramanga,1037,Barinas,False,60,59,2,29.5296461204668
978,Turbo,979,Puerto Berrio,True,60,60,12,109.64657633521834
979,Puerto Berrio,983,Boavita,True,60,60,8,43.51303768501715
980,Yopal,982,Cumaribo,True,60,60,18,202.01546218947578
980,Yopal,983,Boavita,True,60,60,18,211.72892087355288
981,Espinar,1003,Arequipa,True,62,62,12,95.75654576522749
981,Espinar,1004,Puno,True,62,62,2,22.0
981,Espinar,1006,Cusco,True,62,62,10,77.44990910971843
981,Espinar,1007,Ayacucho,True,62,62,2,16.1245154965971
981,Espinar,1016,Nasca,True,62,62,10,130.49361716238025
981,Espinar,1116,Camaná,True,62,62,12,100.23705385994481
982,Cumaribo,1032,San Juan de Manapiare,False,60,59,10,160.05587798830402
982,Cumaribo,1033,Tamatama,False,60,59,8,91.46484049486604
982,Cumaribo,1041,Parguaza,False,60,59,4,26.587730162452395
984,Quito,985,Nueva Loja,True,61,61,12,92.32606782566718
984,Quito,988,Ambato,True,61,61,8,52.099972425994096
984,Quito,989,Esmeraldas,True,61,61,10,90.26902795483187
985,Nueva Loja,988,Ambato,True,61,61,22,183.6650972708889
985,Nueva Loja,989,Esmeraldas,True,61,61,10,72.68596580924623
985,Nueva Loja,991,Lononaco,True,61,61,16,139.30606019414824
986,Guayaquil,987,Manta,True,61,61,16,198.03766888798495
986,Guayaquil,988,Ambato,True,61,61,10,86.80104311634622
986,Guayaquil,990,Cuenca (EC),True,61,61,10,141.14417952296304
986,Guayaquil,992,Puerto Pardo,True,61,61,6,64.37547140968204
987,Manta,988,Ambato,True,61,61,14,110.64998526087004
987,Manta,989,Esmeraldas,True,61,61,16,105.45250045710654
988,Ambato,989,Esmeraldas,True,61,61,10,60.23235711791101
988,Ambato,991,Lononaco,True,61,61,6,35.69461179347312
988,Ambato,992,Puerto Pardo,True,61,61,12,109.86768321477251
988,Ambato,1112,Lisboa,True,61,61,4,35.03053608495115
990,Cuenca (EC),992,Puerto Pardo,True,61,61,12,150.95287114624932
990,Cuenca (EC),998,Piura,False,61,62,12,163.1235032266124
990,Cuenca (EC),1011,Jaén (PE),False,61,62,18,194.08856815457227
991,Lononaco,993,Boca,True,61,61,14,167.79190270440964
991,Lononaco,1112,Lisboa,True,61,61,14,200.70887048815942
992,Puerto Pardo,1011,Jaén (PE),False,61,62,2,41.7612260356422
992,Puerto Pardo,1012,Lagunas,False,61,62,4,74.31400271530904
992,Puerto Pardo,1112,Lisboa,True,61,61,18,193.1006404818679
993,Boca,1015,Pebas,False,61,62,14,149.2090862466934
993,Boca,1112,Lisboa,True,61,61,14,114.16711039921391
996,Tarapoto,1010,Tocache,True,62,62,8,102.75545072737674
996,Tarapoto,1011,Jaén (PE),True,62,62,10,113.33765646667632
996,Tarapoto,1012,Lagunas,True,62,62,16,221.63867437834188
996,Tarapoto,1013,Nauta,True,62,62,14,161.35623547817409
996,Tarapoto,1014,Pucallpa,True,62,62,4,37.363728280543796
996,Tarapoto,1113,Cajamarca,True,62,62,10,120.93659916734963
997,Lima,1001,Chincha Alta,True,62,62,6,66.68837001935951
997,Lima,1008,Huancayo,True,62,62,10,56.73625270528766
997,Lima,1114,Chimbote,True,62,62,10,82.09176416168712
998,Piura,999,Chiclayo,True,62,62,10,107.55126179805828
998,Piura,1011,Jaén (PE),True,62,62,10,105.45747234732706
999,Chiclayo,1000,Trujillo,True,62,62,10,52.969887864631445
999,Chiclayo,1011,Jaén (PE),True,62,62,14,149.90470852820042
999,Chiclayo,1113,Cajamarca,True,62,62,20,182.8553471727407
1000,Trujillo,1113,Cajamarca,True,62,62,8,68.94828769505062
1000,Trujillo,1114,Chimbote,True,62,62,8,74.50055868753836
1001,Chincha Alta,1007,Ayacucho,True,62,62,12,136.6509058723657
1001,Chincha Alta,1008,Huancayo,True,62,62,14,124.79580679173668
1001,Chincha Alta,1016,Nasca,True,62,62,24,220.787608581188
1002,Tacna,1003,Arequipa,True,62,62,8,46.82357004300331
1002,Tacna,1004,Puno,True,62,62,16,212.73168275044577
1002,Tacna,1116,Camaná,True,62,62,12,112.25783428152576
1002,Tacna,1203,Patacamaya,False,62,184,18,219.25531446017698
1002,Tacna,1375,Iquique,False,62,79,12,132.91572508071656
1003,Arequipa,1004,Puno,True,62,62,6,63.0665059125553
1003,Arequipa,1116,Camaná,True,62,62,4,48.880318122793355
1004,Puno,1005,P. Maldonado,True,62,62,16,89.29729886312883
1004,Puno,1115,Shintuya,True,62,62,6,79.17679399607779
1004,Puno,1203,Patacamaya,False,62,184,10,84.7896068371879
1004,Puno,1204,Caranavi,False,62,184,10,74.54473818638498
1004,Puno,1205,Rurrenabaque,False,62,184,12,182.71349358747315
1005,P. Maldonado,1070,Envira,False,62,63,8,24.007793826264315
1005,P. Maldonado,1115,Shintuya,True,62,62,18,83.04063248148654
1005,P. Maldonado,1205,Rurrenabaque,False,62,184,6,32.02573825219793
1005,P. Maldonado,1206,Sena,False,62,184,12,58.32816027396322
1006,Cusco,1007,Ayacucho,True,62,62,8,61.08603982653734
1006,Cusco,1115,Shintuya,True,62,62,8,74.88690158851492
1007,Ayacucho,1008,Huancayo,True,62,62,14,179.06482764771394
1007,Ayacucho,1014,Pucallpa,True,62,62,4,76.0831891575846
1007,Ayacucho,1016,Nasca,True,62,62,6,59.25546936724764
1008,Huancayo,1010,Tocache,True,62,62,16,186.67798575855807
1008,Huancayo,1014,Pucallpa,True,62,62,8,69.87400410862455
1008,Huancayo,1114,Chimbote,True,62,62,14,80.85153715534214
1009,Alerta,1069,Eirunepé,False,62,63,12,151.9628704067257
1009,Alerta,1070,Envira,False,62,63,14,262.8827437144921
1009,Alerta,1115,Shintuya,True,62,62,22,225.37656274343553
1010,Tocache,1014,Pucallpa,True,62,62,18,230.33457231139283
1010,Tocache,1113,Cajamarca,True,62,62,18,152.2920158658365
1010,Tocache,1114,Chimbote,True,62,62,14,125.88109801251235
1011,Jaén (PE),1012,Lagunas,True,62,62,10,123.55573774424786
1011,Jaén (PE),1113,Cajamarca,True,62,62,6,55.050475581820876
1012,Lagunas,1013,Nauta,True,62,62,12,106.96933224159207
1012,Lagunas,1112,Lisboa,False,62,61,10,135.76170127647237
1013,Nauta,1014,Pucallpa,True,62,62,12,92.98430272489597
1014,Pucallpa,1069,Eirunepé,False,62,63,2,22.090722034374522
1016,Nasca,1116,Camaná,True,62,62,20,163.08035763415006
1017,Maracaibo,1036,Machiques,True,59,59,14,131.98676611462244
1018,Valera,1020,Barquisimeto,True,59,59,10,76.68556648442076
1018,Valera,1021,Valencia (VE),True,59,59,8,44.612971648830765
1018,Valera,1036,Machiques,True,59,59,4,27.957862973120697
1018,Valera,1037,Barinas,True,59,59,16,226.6243703884501
1018,Valera,1038,Arismendi,True,59,59,6,42.86031735546045
1019,San Cristóbal,1036,Machiques,True,59,59,20,207.93698441836543
1020,Barquisimeto,1021,Valencia (VE),True,59,59,10,54.204271059992074
1021,Valencia (VE),1022,Caracas,True,59,59,14,90.2542821697808
1021,Valencia (VE),1026,Calabozo,True,59,59,14,128.97264130580183
1021,Valencia (VE),1030,Zaraza,True,59,59,8,39.086439488405766
1021,Valencia (VE),1038,Arismendi,True,59,59,10,92.94199019990998
1022,Caracas,1030,Zaraza,True,59,59,6,62.224022548280644
1023,Cumaná,1024,Maturín,True,59,59,12,107.35696823076721
1023,Cumaná,1025,Ciudad Bolívar,True,59,59,4,24.73863375370596
1023,Cumaná,1030,Zaraza,True,59,59,16,175.5260580955068
1023,Cumaná,1031,Guarataro,True,59,59,6,98.69699512016477
1024,Maturín,1025,Ciudad Bolívar,True,59,59,6,58.78888441836284
1024,Maturín,1031,Guarataro,True,59,59,8,73.8482036830444
1025,Ciudad Bolívar,1027,Canaima,True,59,59,16,221.73198352657488
1025,Ciudad Bolívar,1031,Guarataro,True,59,59,10,137.65800915889338
1025,Ciudad Bolívar,1043,Georgetown,False,59,66,12,148.24350054116178
1026,Calabozo,1030,Zaraza,True,59,59,16,143.67458675597803
1026,Calabozo,1038,Arismendi,True,59,59,18,183.5133592484945
1026,Calabozo,1040,Maripa,True,59,59,10,100.25202290337299
1026,Calabozo,1041,Parguaza,True,59,59,8,67.28247526447069
1027,Canaima,1028,Urimán,True,59,59,14,173.83180921798382
1027,Canaima,1029,Firiña,True,59,59,10,85.58254889910657
1027,Canaima,1031,Guarataro,True,59,59,18,190.76298920695925
1027,Canaima,1043,Georgetown,False,59,66,8,62.28047037261612
1027,Canaima,1050,Baramita,False,59,66,16,158.2971555128251
1028,Urimán,1029,Firiña,True,59,59,12,153.52008235146928
1028,Urimán,1050,Baramita,False,59,66,10,106.45000091807017
1028,Urimán,1189,São Marcos,False,59,65,20,230.93838176580203
1028,Urimán,1195,Amajari,False,59,65,8,136.00797913845662
1029,Firiña,1031,Guarataro,True,59,59,8,120.54307944314579
1029,Firiña,1032,San Juan de Manapiare,True,59,59,12,126.85006142791622
1029,Firiña,1034,La Esmeralda,True,59,59,6,69.64564868283448
1029,Firiña,1040,Maripa,True,59,59,6,103.32231834779222
1029,Firiña,1041,Parguaza,True,59,59,6,62.30334979576524
1029,Firiña,1195,Amajari,False,59,65,12,135.94528810652952
1030,Zaraza,1031,Guarataro,True,59,59,6,83.53979555178658
1030,Zaraza,1040,Maripa,True,59,59,20,173.02689261403702
1031,Guarataro,1040,Maripa,True,59,59,12,152.1262502894313
1032,San Juan de Manapiare,1033,Tamatama,True,59,59,16,166.1949393998856
1032,San Juan de Manapiare,1034,La Esmeralda,True,59,59,4,25.581932925595176
1032,San Juan de Manapiare,1041,Parguaza,True,59,59,18,178.4333373226042
1033,Tamatama,1034,La Esmeralda,True,59,59,10,120.19830054704664
1033,Tamatama,1035,Bruno,True,59,59,10,144.88975331816266
1034,La Esmeralda,1035,Bruno,True,59,59,14,184.4795572446128
1034,La Esmeralda,1195,Amajari,False,59,65,18,213.2226080924388
1035,Bruno,1095,Tomar,False,59,64,2,32.31098884280702
1036,Machiques,1037,Barinas,True,59,59,12,124.07095406907641
1037,Barinas,1038,Arismendi,True,59,59,18,124.71352921197285
1037,Barinas,1039,Elorza,True,59,59,18,233.1766793378352
1038,Arismendi,1039,Elorza,True,59,59,8,82.4121959105619
1038,Arismendi,1041,Parguaza,True,59,59,4,48.31098884280702
1039,Elorza,1041,Parguaza,True,59,59,14,113.84750093803771
1040,Maripa,1041,Parguaza,True,59,59,14,164.30037186979146
1042,Paramaribo,1044,Cayenne,True,66,66,8,62.44876359855935
1042,Paramaribo,1046,Lelydorp,True,66,66,12,100.1348945847812
1042,Paramaribo,1048,Kwakwani,True,66,66,6,52.07680962081059
1043,Georgetown,1048,Kwakwani,True,66,66,10,152.21620770064794
1043,Georgetown,1050,Baramita,True,66,66,16,234.81343542217084
1044,Cayenne,1045,Bienvenue,True,66,66,10,205.00590276034262
1044,Cayenne,1046,Lelydorp,True,66,66,10,130.55738732880843
1044,Cayenne,1182,Amapá,False,66,65,4,37.08368278444465
1045,Bienvenue,1046,Lelydorp,True,66,66,8,100.11718620628523
1045,Bienvenue,1047,Apetina,True,66,66,12,122.71262000593563
1045,Bienvenue,1182,Amapá,False,66,65,14,176.40594000409882
1045,Bienvenue,1183,Cachorrinho,False,66,65,12,152.66713165106054
1045,Bienvenue,1184,Tacalé,False,66,65,8,84.17328226533978
1046,Lelydorp,1047,Apetina,True,66,66,14,192.04798989717818
1046,Lelydorp,1048,Kwakwani,True,66,66,8,88.27360903635596
1046,Lelydorp,1049,Kumaka,True,66,66,6,84.75714367668297
1047,Apetina,1049,Kumaka,True,66,66,8,67.26062697929078
1047,Apetina,1051,Dadanawa,True,66,66,10,98.57914603368614
1047,Apetina,1184,Tacalé,False,66,65,14,162.26911119941653
1047,Apetina,1193,Akotipa,False,66,65,6,79.50712989937327
1048,Kwakwani,1049,Kumaka,True,66,66,16,235.1615955069413
1048,Kwakwani,1050,Baramita,True,66,66,8,54.89892096630139
1049,Kumaka,1050,Baramita,True,66,66,8,109.06700475673844
1049,Kumaka,1051,Dadanawa,True,66,66,14,277.8552583822663
1049,Kumaka,1094,Boa Vista,False,66,65,10,87.56816281301566
1049,Kumaka,1102,Caracaraí,False,66,65,6,28.246211251235323
1049,Kumaka,1189,São Marcos,False,66,65,2,21.2602916254693
1050,Baramita,1189,São Marcos,False,66,65,10,117.1161854328692
1051,Dadanawa,1102,Caracaraí,False,66,65,10,102.01877146209785
1051,Dadanawa,1185,Estrela,False,66,65,8,120.8835918475807
1051,Dadanawa,1193,Akotipa,False,66,65,12,160.42872282480596
1064,La Paz,1203,Patacamaya,True,184,184,14,120.94378798588532
1064,La Paz,1204,Caranavi,True,184,184,12,115.2731072039983
1065,Coarí,1066,Içana,True,63,63,10,138.65951401450738
1065,Coarí,1067,Taraquá,True,63,63,10,102.00705283482917
1065,Coarí,1075,São Paulo de Olivença,True,63,63,8,47.07131574252947
1066,Içana,1075,São Paulo de Olivença,True,63,63,10,156.18672681910235
1066,Içana,1082,Maraã,True,63,63,22,273.74561688930436
1066,Içana,1093,Codajás,False,63,64,4,23.004287502051266
1066,Içana,1095,Tomar,False,63,64,18,201.23196209141753
1067,Taraquá,1075,São Paulo de Olivença,True,63,63,16,144.1858594926764
1068,Benjamin Constant,1069,Eirunepé,True,63,63,14,242.27125840423233
1068,Benjamin Constant,1071,Jutaí,True,63,63,16,268.0980345708848
1068,Benjamin Constant,1072,Pauini,True,63,63,6,97.6635319066931
1069,Eirunepé,1070,Envira,True,63,63,12,311.13949543886304
1069,Eirunepé,1072,Pauini,True,63,63,8,110.91460597935892
1070,Envira,1072,Pauini,True,63,63,8,159.78426398342452
1070,Envira,1115,Shintuya,False,63,62,6,59.86594688959394
1070,Envira,1206,Sena,False,63,184,8,119.83640061293119
1071,Jutaí,1072,Pauini,True,63,63,26,295.54193276547113
1071,Jutaí,1074,Concórdia,True,63,63,28,389.14290467309456
1071,Jutaí,1075,São Paulo de Olivença,True,63,63,2,16.0
1072,Pauini,1073,Boca do Acre,True,63,63,10,155.01468018781094
1072,Pauini,1074,Concórdia,True,63,63,2,36.87817782917155
1073,Boca do Acre,1074,Concórdia,True,63,63,8,126.58784756897045
1073,Boca do Acre,1088,Canutama,False,63,64,6,110.74860786303879
1073,Boca do Acre,1101,Abunã,False,63,64,6,50.31877400267621
1073,Boca do Acre,1170,Lábrea,False,63,64,10,137.74675226108906
1073,Boca do Acre,1207,Riberalta,False,63,184,10,128.69096350032333
1074,Concórdia,1083,Tefé,False,63,64,6,83.01269466436143
1074,Concórdia,1088,Canutama,False,63,64,6,67.34231648800265
1074,Concórdia,1169,Urucu,False,63,64,10,155.11677321542012
1075,São Paulo de Olivença,1082,Maraã,True,63,63,4,40.82347262366352
1076,Manaus,1079,Urucará,True,64,64,2,7.211102550927978
1076,Manaus,1080,Moura,True,64,64,6,77.40965166306292
1077,Manicoré,1084,Coari,True,64,64,8,56.38038026876166
1077,Manicoré,1086,Novo Aripuanã,True,64,64,14,99.15322786947931
1077,Manicoré,1171,Meditação,True,64,64,16,136.52974019794738
1078,Itacoatiara,1085,Borba,True,64,64,12,85.51994298337083
1078,Itacoatiara,1091,Miriti,True,64,64,12,165.76075870309708
1078,Itacoatiara,1190,Fondlándia,False,64,65,2,10.0
1079,Urucará,1185,Estrela,False,64,65,14,190.03284297641687
1079,Urucará,1186,Samaumeira,False,64,65,12,210.15081946295535
1080,Moura,1081,Barcelos,True,64,64,8,84.12164268385756
1080,Moura,1085,Borba,True,64,64,4,30.852045563541125
1080,Moura,1093,Codajás,True,64,64,12,123.16118791561699
1081,Barcelos,1093,Codajás,True,64,64,8,124.243305725559
1081,Barcelos,1095,Tomar,True,64,64,12,263.5376345755313
1081,Barcelos,1187,Santa Maria do Boiaçu,False,64,65,2,28.635642126552707
1082,Maraã,1093,Codajás,False,63,64,8,126.1552101139856
1083,Tefé,1084,Coari,True,64,64,6,61.44116860557489
1083,Tefé,1169,Urucu,True,64,64,10,64.25654948929834
1084,Coari,1085,Borba,True,64,64,6,66.38701663765056
1084,Coari,1086,Novo Aripuanã,True,64,64,8,56.67076516842373
1084,Coari,1093,Codajás,True,64,64,2,14.0
1084,Coari,1169,Urucu,True,64,64,22,185.62072973323734
1084,Coari,1171,Meditação,True,64,64,6,21.429553284237727
1085,Borba,1086,Novo Aripuanã,True,64,64,10,193.23304585061453
1085,Borba,1091,Miriti,True,64,64,16,140.0692459842658
1086,Novo Aripuanã,1090,Prainha,True,64,64,8,104.05839537859009
1086,Novo Aripuanã,1091,Miriti,True,64,64,8,69.05264228103168
1086,Novo Aripuanã,1092,Sucundurí,True,64,64,6,59.322485709487346
1086,Novo Aripuanã,1171,Meditação,True,64,64,8,63.59166082906532
1087,Humaitá,1088,Canutama,True,64,64,10,71.05502804218628
1087,Humaitá,1090,Prainha,True,64,64,20,170.22761386142173
1087,Humaitá,1170,Lábrea,True,64,64,20,151.21477919308458
1087,Humaitá,1171,Meditação,True,64,64,6,82.15361924162119
1088,Canutama,1169,Urucu,True,64,64,14,145.38206184315862
1088,Canutama,1170,Lábrea,True,64,64,10,118.10298780560356
1088,Canutama,1171,Meditação,True,64,64,12,132.31857319260044
1089,Sumaúma,1090,Prainha,True,64,64,6,71.23597531733532
1089,Sumaúma,1092,Sucundurí,True,64,64,16,126.95282130616167
1090,Prainha,1092,Sucundurí,True,64,64,12,147.85110037274399
1090,Prainha,1171,Meditação,True,64,64,12,85.49268373444325
1091,Miriti,1092,Sucundurí,True,64,64,12,119.23260148002572
1091,Miriti,1177,Airi,False,64,65,2,23.323807579381203
1093,Codajás,1095,Tomar,True,64,64,8,81.44290395413512
1094,Boa Vista,1102,Caracaraí,True,65,65,8,42.10594766179408
1094,Boa Vista,1189,São Marcos,True,65,65,18,114.02270910902395
1096,Porto Velho,1097,Cujubim,True,64,64,6,37.41275487559605
1096,Porto Velho,1098,Jaru,True,64,64,10,54.93502576355466
1096,Porto Velho,1101,Abunã,True,64,64,8,84.03043066124795
1096,Porto Velho,1170,Lábrea,True,64,64,8,73.0777250689287
1097,Cujubim,1098,Jaru,True,64,64,12,157.10977266058262
1097,Cujubim,1099,Cacoal,True,64,64,6,35.74210314973114
1097,Cujubim,1229,Aripuanã,False,64,71,8,114.71472551838382
1098,Jaru,1099,Cacoal,True,64,64,6,54.225306086693635
1098,Jaru,1100,São Francisco do Guaporé,True,64,64,12,187.50266725227723
1099,Cacoal,1100,São Francisco do Guaporé,True,64,64,14,113.2605850945599
1099,Cacoal,1209,Casarabe,False,64,184,6,79.39229420806686
1099,Cacoal,1219,Felicidad,False,64,184,8,79.85775698152409
1099,Cacoal,1229,Aripuanã,False,64,71,12,133.0392017467776
1099,Cacoal,1231,Comodoro,False,64,71,2,38.0
1099,Cacoal,1246,Juína,False,64,71,24,202.08714824421452
1100,São Francisco do Guaporé,1209,Casarabe,False,64,184,12,134.83953898059463
1101,Abunã,1170,Lábrea,True,64,64,10,77.77887025715454
1101,Abunã,1207,Riberalta,False,64,184,20,233.60609073318662
1101,Abunã,1208,San Ramon,False,64,184,2,48.41487374764082
1102,Caracaraí,1185,Estrela,True,65,65,8,91.01767646468508
1102,Caracaraí,1187,Santa Maria do Boiaçu,True,65,65,22,227.1841924719294
1102,Caracaraí,1189,São Marcos,True,65,65,20,176.23742713933254
1102,Caracaraí,1195,Amajari,True,65,65,16,142.6012510107463
1103,Macapá,1182,Amapá,True,65,65,6,46.71565074100852
1103,Macapá,1183,Cachorrinho,True,65,65,20,120.40774741880371
1104,Belém,1172,Bragança,True,65,65,6,70.29064887631058
1104,Belém,1173,Boate,True,65,65,12,78.31665313198094
1104,Belém,1174,Tucuruí,True,65,65,8,45.83911702086527
1105,Santarém,1181,Alenquer,True,65,65,10,57.5813998517705
1105,Santarém,1188,Monte Alegre,True,65,65,10,56.4533697516385
1106,Marabá,1107,Parauapebas,True,65,65,18,152.73880749292368
1106,Marabá,1122,Imperatriz,False,65,70,2,29.5296461204668
1106,Marabá,1145,Araguaína,False,65,67,8,67.90940226614282
1106,Marabá,1173,Boate,True,65,65,10,93.54147276100593
1106,Marabá,1174,Tucuruí,True,65,65,12,89.98413251439035
1106,Marabá,1179,São Félix,True,65,65,6,36.25097133104909
1107,Parauapebas,1145,Araguaína,False,65,67,26,272.0579155772808
1107,Parauapebas,1148,Guarai,False,65,67,2,36.05551275463989
1107,Parauapebas,1175,Primavera,True,65,65,16,217.31417283707123
1107,Parauapebas,1179,São Félix,True,65,65,28,376.4459094318334
1108,Itaituba,1177,Airi,True,65,65,16,229.1558703950302
1108,Itaituba,1180,Natal (BR),True,65,65,14,296.3680307686492
1108,Itaituba,1190,Fondlándia,True,65,65,14,195.08596187676633
1109,Matane,1110,Rivière-du-Loup,True,38,38,8,56.930338825443684
1113,Cajamarca,1114,Chimbote,True,62,62,10,90.96935677634357
1117,São Luís,1121,Pinheiro,True,70,70,4,21.134392014912088
1117,São Luís,1130,Bacabal,True,70,70,8,41.96081277550349
1117,São Luís,1134,Parnaíba,True,70,70,10,80.15513673633541
1118,Fortaleza,1133,Sobral,True,70,70,8,44.444250278420895
1118,Fortaleza,1136,Maracanaú,True,70,70,18,91.57104322687015
1119,Teresina,1125,Floriano,True,70,70,10,95.61220318669093
1119,Teresina,1129,Barra do Corda,True,70,70,8,74.34984027791265
1119,Teresina,1135,Piripiri,True,70,70,8,66.16637831516918
1120,Natal,1137,Mossoró,True,70,70,6,63.255020831853436
1120,Natal,1139,Parnamirim,True,70,70,10,71.51794917916664
1121,Pinheiro,1130,Bacabal,True,70,70,14,107.43778303959614
1121,Pinheiro,1132,Buriticupu,True,70,70,18,209.69796497489497
1121,Pinheiro,1172,Bragança,False,70,65,12,133.1902036515036
1122,Imperatriz,1123,Balsas,True,70,70,12,133.37420229196266
1122,Imperatriz,1131,Grajaú,True,70,70,18,194.96128114045547
1122,Imperatriz,1132,Buriticupu,True,70,70,14,159.1475321432986
1122,Imperatriz,1145,Araguaína,False,70,67,12,169.01151351192897
1122,Imperatriz,1173,Boate,False,70,65,6,119.39530946534416
1123,Balsas,1127,Uruçuí,True,70,70,14,122.72356926030963
1123,Balsas,1131,Grajaú,True,70,70,16,159.00786276020278
1123,Balsas,1144,Morros,True,70,70,16,203.07324743707457
1123,Balsas,1145,Araguaína,False,70,67,12,108.6852765355031
1123,Balsas,1148,Guarai,False,70,67,12,141.5279884240431
1124,Corrente,1127,Uruçuí,True,70,70,6,69.90133900353592
1124,Corrente,1128,São Raimundo Nonato,True,70,70,8,77.52709640522083
1124,Corrente,1144,Morros,True,70,70,26,258.362333660149
1124,Corrente,1151,Estrema,False,70,67,2,11.313708498984761
1125,Floriano,1126,Canto do Buriti,True,70,70,14,169.13445367522056
1125,Floriano,1127,Uruçuí,True,70,70,10,87.03298429152143
1125,Floriano,1129,Barra do Corda,True,70,70,8,95.65790682443556
1125,Floriano,1135,Piripiri,True,70,70,12,70.55794642753919
1125,Floriano,1140,Crateús,True,70,70,8,72.43550433940412
1126,Canto do Buriti,1127,Uruçuí,True,70,70,14,103.0773901481686
1126,Canto do Buriti,1128,São Raimundo Nonato,True,70,70,10,114.96769670417706
1126,Canto do Buriti,1140,Crateús,True,70,70,8,70.51313396809604
1126,Canto do Buriti,1141,Picos,True,70,70,14,127.01546292700687
1126,Canto do Buriti,1155,Ouricuri,False,70,69,12,110.1975027944844
1127,Uruçuí,1128,São Raimundo Nonato,True,70,70,16,149.94539000562648
1127,Uruçuí,1129,Barra do Corda,True,70,70,10,114.97520194501317
1127,Uruçuí,1131,Grajaú,True,70,70,8,88.70299470103605
1127,Uruçuí,1144,Morros,True,70,70,8,68.93468057943309
1128,São Raimundo Nonato,1155,Ouricuri,False,70,69,12,115.39485581009846
1128,São Raimundo Nonato,1327,Remanso,False,70,68,2,19.697715603592208
1129,Barra do Corda,1130,Bacabal,True,70,70,16,198.61911134024385
1129,Barra do Corda,1131,Grajaú,True,70,70,18,138.5409135399458
1129,Barra do Corda,1132,Buriticupu,True,70,70,4,23.96281913965828
1129,Barra do Corda,1135,Piripiri,True,70,70,8,42.38697061347588
1130,Bacabal,1132,Buriticupu,True,70,70,20,168.80226228311514
1130,Bacabal,1134,Parnaíba,True,70,70,10,123.59267790596247
1130,Bacabal,1135,Piripiri,True,70,70,6,55.54755811490617
1131,Grajaú,1132,Buriticupu,True,70,70,10,151.2861341570653
1132,Buriticupu,1172,Bragança,False,70,65,4,47.27458841022667
1132,Buriticupu,1173,Boate,False,70,65,14,174.41943975331154
1133,Sobral,1134,Parnaíba,True,70,70,8,80.8724905774473
1133,Sobral,1135,Piripiri,True,70,70,8,72.62930032930916
1133,Sobral,1136,Maracanaú,True,70,70,10,88.83212982627064
1133,Sobral,1140,Crateús,True,70,70,12,150.62615043415386
1134,Parnaíba,1135,Piripiri,True,70,70,18,153.2670896112048
1135,Piripiri,1140,Crateús,True,70,70,14,161.2035328169327
1136,Maracanaú,1137,Mossoró,True,70,70,6,44.818283156227096
1136,Maracanaú,1140,Crateús,True,70,70,16,107.34260252414515
1136,Maracanaú,1142,Iguatu,True,70,70,20,208.79078259932604
1137,Mossoró,1138,Caicó,True,70,70,6,52.87817782917155
1137,Mossoró,1139,Parnamirim,True,70,70,12,96.37082241659466
1137,Mossoró,1142,Iguatu,True,70,70,20,119.27436258313506
1138,Caicó,1139,Parnamirim,True,70,70,6,67.2432759534971
1138,Caicó,1142,Iguatu,True,70,70,12,147.5362104068347
1138,Caicó,1143,Juazeiro d. N.,True,70,70,16,133.33971817855382
1138,Caicó,1153,Campina Grande,True,70,70,10,139.0792973937821
1138,Caicó,1469,Igarassu,False,70,69,14,209.557539469727
1138,Caicó,1470,Serra Talhada,False,70,69,6,51.581932925595176
1139,Parnamirim,1153,Campina Grande,True,70,70,14,138.95496252891996
1140,Crateús,1141,Picos,True,70,70,14,129.83821867699592
1140,Crateús,1142,Iguatu,True,70,70,10,67.5544519798396
1141,Picos,1142,Iguatu,True,70,70,14,126.13662754976295
1141,Picos,1143,Juazeiro d. N.,True,70,70,14,98.05533323403913
1141,Picos,1155,Ouricuri,False,70,69,16,113.56807452088744
1141,Picos,1470,Serra Talhada,False,70,69,8,65.4570549097007
1142,Iguatu,1143,Juazeiro d. N.,True,70,70,10,61.98285005130823
1143,Juazeiro d. N.,1470,Serra Talhada,False,70,69,8,73.38729791491787
1144,Morros,1148,Guarai,False,70,67,10,102.1579388407419
1144,Morros,1151,Estrema,False,70,67,12,113.66690900695278
1145,Araguaína,1148,Guarai,True,67,67,12,144.64361951860536
1146,Miracema,1148,Guarai,True,67,67,6,51.79881584690884
1146,Miracema,1150,Pium,True,67,67,12,103.80181819949516
1146,Miracema,1151,Estrema,True,67,67,8,94.68470254276473
1147,Alvorada,1149,Arraias,True,67,67,12,174.37506377561408
1147,Alvorada,1150,Pium,True,67,67,16,208.66911344416752
1147,Alvorada,1234,Confresa,False,67,71,4,34.09072203437452
1147,Alvorada,1240,Porangatu,False,67,71,14,151.0499601619119
1147,Alvorada,1244,Queréncia,False,67,71,10,157.4311069576401
1147,Alvorada,1404,Cavalcante,False,67,71,4,38.09975124224178
1148,Guarai,1150,Pium,True,67,67,16,148.44740602373636
1148,Guarai,1151,Estrema,True,67,67,20,133.08518543581417
1148,Guarai,1175,Primavera,False,67,65,4,29.036907216812047
1149,Arraias,1150,Pium,True,67,67,4,27.88854381999832
1149,Arraias,1151,Estrema,True,67,67,18,137.61090131784587
1149,Arraias,1404,Cavalcante,False,67,71,10,131.18233702369633
1150,Pium,1151,Estrema,True,67,67,6,53.99931409627315
1150,Pium,1175,Primavera,False,67,65,8,98.27721130416151
1150,Pium,1234,Confresa,False,67,71,16,145.123120944437
1151,Estrema,1317,Formosa do Rio Preto,False,67,68,2,17.204650534085253
1152,Recife,1154,Maceió,True,69,69,8,40.746760422192715
1152,Recife,1469,Igarassu,True,69,69,10,87.30418404521747
1153,Campina Grande,1469,Igarassu,False,70,69,10,124.47325047901676
1154,Maceió,1469,Igarassu,True,69,69,20,173.48071405133254
1154,Maceió,1470,Serra Talhada,True,69,69,14,175.9671437259622
1155,Ouricuri,1470,Serra Talhada,True,69,69,8,106.9421791661919
1156,Salta,1164,Cafayate,True,77,77,6,27.2198772122456
1156,Salta,1331,Tilcara,True,77,77,8,62.899311479409214
1156,Salta,1332,Las Lajitas,True,77,77,20,169.166463417286
1157,Córdoba (AR),1337,Río Cuarto,True,77,77,12,81.56751834508813
1157,Córdoba (AR),1338,La Toma,True,77,77,6,77.28185790653511
1157,Córdoba (AR),1341,Parana,True,77,77,6,48.06167345164533
1157,Córdoba (AR),1344,Santiago del Estero,True,77,77,8,76.99868584550609
1158,Buenos Aires,1161,Mar del Plata,True,77,77,6,47.08915177549965
1158,Buenos Aires,1162,Tandil,True,77,77,10,63.66252218319428
1158,Buenos Aires,1345,Junín,True,77,77,12,102.40094751095855
1159,Mendoza,1165,San Rafael,True,77,77,12,89.8182854471483
1159,Mendoza,1333,San Juan (AR),True,77,77,12,94.69600950790392
1159,Mendoza,1336,San Luis,True,77,77,2,42.0
1159,Mendoza,1374,Copiapó,False,77,79,6,32.847149667859085
1160,Bahía Blanca,1340,Necochea,True,78,78,12,93.51235178129028
1160,Bahía Blanca,1350,Lamarque,True,78,78,10,62.59940396833292
1160,Bahía Blanca,1366,Viedma,True,78,78,8,46.904158814302406
1161,Mar del Plata,1162,Tandil,True,77,77,26,300.06109446307096
1162,Tandil,1167,Santa Rosa,True,77,77,12,89.30763834039462
1162,Tandil,1340,Necochea,False,77,78,2,17.204650534085253
1162,Tandil,1345,Junín,True,77,77,18,255.54911164098513
1162,Tandil,1346,Huinca Renancó,True,77,77,16,166.99529694601597
1163,Calilegua,1199,Tarija,False,77,184,20,261.32813786475526
1163,Calilegua,1212,Camiri,False,77,184,10,184.1747016054114
1163,Calilegua,1282,Loma Plata,False,77,74,8,118.64904256753104
1163,Calilegua,1331,Tilcara,True,77,77,12,177.57851461994358
1163,Calilegua,1332,Las Lajitas,True,77,77,28,335.0105684367974
1163,Calilegua,1347,Monte Quemado,True,77,77,16,218.03622689776006
1164,Cafayate,1331,Tilcara,True,77,77,16,189.15367396994577
1164,Cafayate,1332,Las Lajitas,True,77,77,8,91.68808669273291
1164,Cafayate,1333,San Juan (AR),True,77,77,10,151.74130448437933
1164,Cafayate,1339,La Rioja,True,77,77,12,155.24413271614898
1164,Cafayate,1374,Copiapó,False,77,79,10,124.2921594658173
1164,Cafayate,1375,Iquique,False,77,79,16,193.20534846460282
1165,San Rafael,1166,La Reforma,True,77,77,12,247.486293665201
1165,San Rafael,1336,San Luis,True,77,77,16,210.55591177200427
1165,San Rafael,1371,Santiago,False,77,79,8,69.13088437098223
1165,San Rafael,1372,Temuco,False,77,79,8,93.1380354802985
1165,San Rafael,1374,Copiapó,False,77,79,2,12.649110640673518
1166,La Reforma,1346,Huinca Renancó,True,77,77,2,25.059928172283335
1166,La Reforma,1348,Zapala,False,77,78,8,89.01009788784415
1166,La Reforma,1372,Temuco,False,77,79,10,92.8351720834335
1167,Santa Rosa,1346,Huinca Renancó,True,77,77,10,82.17517366157648
1168,Lusaka,1383,Kalomo,True,107,107,16,126.30654039346933
1168,Lusaka,1386,Broken Hill,True,107,107,20,264.81946999945507
1169,Urucu,1171,Meditação,True,64,64,8,81.82389603665217
1172,Bragança,1173,Boate,True,65,65,22,132.52899885365375
1173,Boate,1174,Tucuruí,True,65,65,22,250.68565228776217
1174,Tucuruí,1179,São Félix,True,65,65,10,110.05501967011557
1174,Tucuruí,1191,Muaná,True,65,65,8,106.65281094631268
1174,Tucuruí,1192,Sousel,True,65,65,16,172.3470107188231
1174,Tucuruí,1194,Mazagão,True,65,65,8,83.9213694727432
1175,Primavera,1176,Cachimbo,True,65,65,14,146.74845662571926
1175,Primavera,1179,São Félix,True,65,65,10,111.89565591112867
1175,Primavera,1233,Xingu,False,65,71,6,82.13377677899919
1175,Primavera,1234,Confresa,False,65,71,8,157.11929420235768
1176,Cachimbo,1177,Airi,True,65,65,14,177.12605615925918
1176,Cachimbo,1179,São Félix,True,65,65,10,115.01046526330272
1176,Cachimbo,1180,Natal (BR),True,65,65,16,163.65978058846787
1176,Cachimbo,1228,Colíder,False,65,71,12,159.2089416262828
1176,Cachimbo,1233,Xingu,False,65,71,8,110.97314658280729
1176,Cachimbo,1245,Apiacás,False,65,71,2,18.973665961010276
1177,Airi,1180,Natal (BR),True,65,65,4,38.13680451817798
1177,Airi,1245,Apiacás,False,65,71,22,241.04679604927435
1178,Vitória (BR),1179,São Félix,True,65,65,12,135.87555759598618
1178,Vitória (BR),1180,Natal (BR),True,65,65,18,152.32080699642643
1178,Vitória (BR),1190,Fondlándia,True,65,65,8,125.00305461025046
1178,Vitória (BR),1192,Sousel,True,65,65,16,204.03853508073325
1179,São Félix,1180,Natal (BR),True,65,65,12,246.85823355868237
1179,São Félix,1192,Sousel,True,65,65,6,90.81456665163445
1180,Natal (BR),1190,Fondlándia,True,65,65,2,30.066592756745816
1181,Alenquer,1184,Tacalé,True,65,65,16,149.1766849707232
1181,Alenquer,1186,Samaumeira,True,65,65,20,218.8490480186474
1181,Alenquer,1188,Monte Alegre,True,65,65,16,184.0956024065221
1182,Amapá,1183,Cachorrinho,True,65,65,20,210.78283857851153
1183,Cachorrinho,1184,Tacalé,True,65,65,20,218.4858725174003
1183,Cachorrinho,1188,Monte Alegre,True,65,65,10,195.91446618034968
1184,Tacalé,1186,Samaumeira,True,65,65,6,35.3238075793812
1184,Tacalé,1188,Monte Alegre,True,65,65,6,48.94350427021958
1184,Tacalé,1193,Akotipa,True,65,65,22,206.38538494412362
1185,Estrela,1186,Samaumeira,True,65,65,10,85.32912209460547
1185,Estrela,1187,Santa Maria do Boiaçu,True,65,65,18,213.8563608409239
1185,Estrela,1193,Akotipa,True,65,65,14,110.22581333162823
1186,Samaumeira,1193,Akotipa,True,65,65,18,211.79539364859153
1187,Santa Maria do Boiaçu,1195,Amajari,True,65,65,4,22.198039027185573
1189,São Marcos,1195,Amajari,True,65,65,12,112.1135733309637
1191,Muaná,1194,Mazagão,True,65,65,14,177.3873292475096
1192,Sousel,1194,Mazagão,True,65,65,8,100.65325540458714
1196,Cochabamba,1200,Oruro,True,184,184,10,94.17643200343848
1196,Cochabamba,1215,Sucre,True,184,184,8,45.851437169910355
1196,Cochabamba,1216,Potosí,True,184,184,6,47.83920866028684
1196,Cochabamba,1218,Chimoré,True,184,184,10,58.80519206918512
1197,Santa Cruz S.,1210,El Puente,True,184,184,14,79.44908831198605
1197,Santa Cruz S.,1211,San José de Chiquitos,True,184,184,10,87.40420962955211
1197,Santa Cruz S.,1214,Valle Grande,True,184,184,16,147.0068763911481
1198,Trinidad,1208,San Ramon,True,184,184,10,142.99603876118718
1198,Trinidad,1209,Casarabe,True,184,184,4,81.6227766016838
1198,Trinidad,1218,Chimoré,True,184,184,10,106.2973157130075
1199,Tarija,1201,Uyuni,True,184,184,4,31.088007490635064
1199,Tarija,1202,San Pablo,True,184,184,12,104.30688128814339
1199,Tarija,1212,Camiri,True,184,184,8,94.5372103464516
1199,Tarija,1214,Valle Grande,True,184,184,8,95.35032501562537
1199,Tarija,1216,Potosí,True,184,184,16,185.46889218254134
1199,Tarija,1331,Tilcara,False,184,77,10,98.29793757951401
1200,Oruro,1201,Uyuni,True,184,184,14,157.10235751917375
1200,Oruro,1203,Patacamaya,True,184,184,8,115.9545364007684
1200,Oruro,1216,Potosí,True,184,184,14,119.54422387413602
1200,Oruro,1217,Arcopongo,True,184,184,12,134.50231707436942
1200,Oruro,1218,Chimoré,True,184,184,4,24.868214009370718
1200,Oruro,1375,Iquique,False,184,79,16,173.5450920287841
1201,Uyuni,1202,San Pablo,True,184,184,14,204.7960088981631
1201,Uyuni,1216,Potosí,True,184,184,12,136.4316648745739
1201,Uyuni,1375,Iquique,False,184,79,18,176.70077155219056
1202,San Pablo,1331,Tilcara,False,184,77,14,134.9896176375588
1202,San Pablo,1375,Iquique,False,184,79,16,132.43481557512547
1203,Patacamaya,1204,Caranavi,True,184,184,10,82.50087846040546
1203,Patacamaya,1217,Arcopongo,True,184,184,14,113.03256832368251
1203,Patacamaya,1375,Iquique,False,184,79,8,120.72334505202458
1204,Caranavi,1205,Rurrenabaque,True,184,184,12,151.84845240244542
1204,Caranavi,1217,Arcopongo,True,184,184,14,176.5898442755178
1205,Rurrenabaque,1206,Sena,True,184,184,16,254.73013220473217
1205,Rurrenabaque,1208,San Ramon,True,184,184,14,158.6454202876236
1205,Rurrenabaque,1217,Arcopongo,True,184,184,6,82.2457273122127
1205,Rurrenabaque,1218,Chimoré,True,184,184,4,31.08800749063506
1206,Sena,1207,Riberalta,True,184,184,12,158.98424809560768
1206,Sena,1208,San Ramon,True,184,184,2,16.1245154965971
1207,Riberalta,1208,San Ramon,True,184,184,12,172.33172103468854
1208,San Ramon,1218,Chimoré,True,184,184,6,31.093360919094412
1209,Casarabe,1210,El Puente,True,184,184,6,82.18556470281816
1209,Casarabe,1215,Sucre,True,184,184,6,49.0051285144182
1209,Casarabe,1219,Felicidad,True,184,184,20,215.35097040513702
1210,El Puente,1211,San José de Chiquitos,True,184,184,16,111.32715037287669
1210,El Puente,1214,Valle Grande,True,184,184,6,66.95439579091268
1210,El Puente,1215,Sucre,True,184,184,24,194.10427497755023
1210,El Puente,1219,Felicidad,True,184,184,18,201.23645773502122
1210,El Puente,1220,San Juan (BO),True,184,184,10,126.64297586919
1211,San José de Chiquitos,1212,Camiri,True,184,184,6,88.23113464030813
1211,San José de Chiquitos,1213,Curichi,True,184,184,12,140.18433449646363
1211,San José de Chiquitos,1214,Valle Grande,True,184,184,10,103.8007388336372
1211,San José de Chiquitos,1220,San Juan (BO),True,184,184,28,260.8751966096366
1211,San José de Chiquitos,1275,Miranda,False,184,72,14,132.88713687145005
1211,San José de Chiquitos,1406,La Victoria,False,184,74,8,95.5747510349593
1212,Camiri,1213,Curichi,True,184,184,10,95.64317639346066
1212,Camiri,1214,Valle Grande,True,184,184,14,185.93266867853856
1212,Camiri,1282,Loma Plata,False,184,74,8,199.31892773310696
1213,Curichi,1282,Loma Plata,False,184,74,2,22.360679774997898
1213,Curichi,1406,La Victoria,False,184,74,14,131.92713194119298
1214,Valle Grande,1215,Sucre,True,184,184,6,119.71780043479654
1214,Valle Grande,1216,Potosí,True,184,184,12,120.9870116125708
1215,Sucre,1216,Potosí,True,184,184,20,189.08684883852885
1215,Sucre,1218,Chimoré,True,184,184,4,38.0
1217,Arcopongo,1218,Chimoré,True,184,184,12,189.86114315146895
1219,Felicidad,1220,San Juan (BO),True,184,184,8,75.85420144080356
1219,Felicidad,1231,Comodoro,False,184,71,16,230.34058589401002
1220,San Juan (BO),1226,Cáceres (BR),False,184,71,24,231.8987289725725
1220,San Juan (BO),1231,Comodoro,False,184,71,10,116.6846661359913
1220,San Juan (BO),1275,Miranda,False,184,72,4,38.473185744923825
1220,San Juan (BO),1276,Coxim,False,184,72,10,80.54023205474266
1221,Goiânia,1237,Barra do Garças,True,71,71,6,78.20339667823146
1221,Goiânia,1238,Rio Verde,True,71,71,12,61.77143223222972
1221,Goiânia,1241,Anápolis,True,71,71,12,74.81341889226061
1221,Goiânia,1405,Morrinhos,True,71,71,12,96.66211064485786
1222,Cuiabá,1225,Rodonópolis,True,71,71,8,85.81711741049727
1222,Cuiabá,1226,Cáceres (BR),True,71,71,8,55.440806601067294
1222,Cuiabá,1227,Nova Mutum,True,71,71,14,116.28200279553462
1222,Cuiabá,1236,Primavera do Leste,True,71,71,6,59.13375482629227
1223,Sinop,1228,Colíder,True,71,71,6,71.40626121504958
1223,Sinop,1230,Brasnorte,True,71,71,6,62.051809666040754
1223,Sinop,1233,Xingu,True,71,71,6,81.05212472545118
1223,Sinop,1235,Sorriso,True,71,71,12,115.76006635812098
1224,Formosa,1240,Porangatu,True,71,71,6,39.078311654689344
1224,Formosa,1241,Anápolis,True,71,71,8,117.53855884636614
1224,Formosa,1294,Unaí,False,71,73,6,62.06505668670154
1224,Formosa,1404,Cavalcante,True,71,71,8,106.11947062199054
1225,Rodonópolis,1226,Cáceres (BR),True,71,71,18,225.12366533612914
1225,Rodonópolis,1236,Primavera do Leste,True,71,71,14,185.84683639929102
1225,Rodonópolis,1238,Rio Verde,True,71,71,12,191.8051695670412
1225,Rodonópolis,1276,Coxim,False,71,72,24,215.2048019350329
1226,Cáceres (BR),1227,Nova Mutum,True,71,71,6,63.1798605420642
1226,Cáceres (BR),1231,Comodoro,True,71,71,8,89.99236014472537
1226,Cáceres (BR),1232,Tangará da Serra,True,71,71,10,132.21213637453036
1226,Cáceres (BR),1276,Coxim,False,71,72,6,51.74447334795829
1227,Nova Mutum,1230,Brasnorte,True,71,71,4,34.1245154965971
1227,Nova Mutum,1232,Tangará da Serra,True,71,71,28,181.1008079670549
1227,Nova Mutum,1235,Sorriso,True,71,71,20,215.2821127305221
1227,Nova Mutum,1236,Primavera do Leste,True,71,71,6,54.851295626303575
1228,Colíder,1230,Brasnorte,True,71,71,14,122.7591772992842
1228,Colíder,1233,Xingu,True,71,71,16,124.62817134720176
1228,Colíder,1245,Apiacás,True,71,71,10,95.52623365662154
1229,Aripuanã,1245,Apiacás,True,71,71,10,145.9760894364602
1229,Aripuanã,1246,Juína,True,71,71,8,116.35568486117457
1230,Brasnorte,1232,Tangará da Serra,True,71,71,16,150.71573275942237
1230,Brasnorte,1235,Sorriso,True,71,71,6,71.05441028324056
1230,Brasnorte,1245,Apiacás,True,71,71,10,129.45959492187885
1230,Brasnorte,1246,Juína,True,71,71,8,137.74068626428556
1231,Comodoro,1232,Tangará da Serra,True,71,71,14,176.79462833604302
1231,Comodoro,1246,Juína,True,71,71,10,174.00337163213246
1232,Tangará da Serra,1246,Juína,True,71,71,6,77.55246266168423
1233,Xingu,1234,Confresa,True,71,71,22,183.91040379251308
1233,Xingu,1235,Sorriso,True,71,71,10,97.26390655239348
1233,Xingu,1243,Tanguro,True,71,71,6,69.51614385825015
1234,Confresa,1243,Tanguro,True,71,71,8,29.63330765278393
1234,Confresa,1244,Queréncia,True,71,71,18,156.72256753365207
1235,Sorriso,1236,Primavera do Leste,True,71,71,8,114.51818018293358
1235,Sorriso,1243,Tanguro,True,71,71,14,95.02868989279908
1236,Primavera do Leste,1237,Barra do Garças,True,71,71,20,209.87449836003495
1236,Primavera do Leste,1238,Rio Verde,True,71,71,4,47.612496949731394
1236,Primavera do Leste,1243,Tanguro,True,71,71,6,73.19851698808459
1236,Primavera do Leste,1244,Queréncia,True,71,71,12,101.9379550091387
1237,Barra do Garças,1238,Rio Verde,True,71,71,12,132.63132581853446
1237,Barra do Garças,1240,Porangatu,True,71,71,14,137.8141701681253
1237,Barra do Garças,1241,Anápolis,True,71,71,2,14.422205101855956
1237,Barra do Garças,1244,Queréncia,True,71,71,14,134.8951311814975
1238,Rio Verde,1242,Quirinópolis,True,71,71,20,197.8254301977128
1238,Rio Verde,1276,Coxim,False,71,72,6,78.95629783293218
1238,Rio Verde,1405,Morrinhos,True,71,71,14,123.81546938493408
1239,Catalão,1241,Anápolis,True,71,71,6,82.83212982627063
1239,Catalão,1242,Quirinópolis,True,71,71,10,100.37566859332725
1239,Catalão,1307,Divinópolis,False,71,73,2,14.142135623730951
1239,Catalão,1405,Morrinhos,True,71,71,18,155.0234082554226
1240,Porangatu,1241,Anápolis,True,71,71,22,166.47490365501153
1240,Porangatu,1244,Queréncia,True,71,71,8,53.590458699709245
1240,Porangatu,1404,Cavalcante,True,71,71,18,133.28330866081052
1241,Anápolis,1405,Morrinhos,True,71,71,10,102.43614623488641
1242,Quirinópolis,1276,Coxim,False,71,72,6,64.72273557972318
1242,Quirinópolis,1277,Água Clara,False,71,72,12,178.0799557735821
1242,Quirinópolis,1405,Morrinhos,True,71,71,12,158.32737064034555
1243,Tanguro,1244,Queréncia,True,71,71,10,63.85990031554549
1245,Apiacás,1246,Juína,True,71,71,10,78.28886204596041
1247,Porto Alegre,1252,Gramado,True,75,75,8,66.55500129180376
1247,Porto Alegre,1262,Santa Cruz do Sul,True,75,75,18,98.32658877334141
1248,Curitiba,1253,Florianópolis,True,75,75,8,70.66517454195026
1248,Curitiba,1256,Ponta Grossa,True,75,75,8,53.01796549801551
1248,Curitiba,1260,Caçador,True,75,75,10,65.10048836017137
1249,Londrina,1254,Maringá,True,75,75,6,61.1987777669099
1249,Londrina,1259,Apucarana,True,75,75,16,89.9189610784842
1249,Londrina,1298,Araçatuba,False,75,73,6,46.328095081432465
1250,Cascavel,1255,Umuarama,True,75,75,12,103.30937090866598
1250,Cascavel,1258,Pato Branco,True,75,75,10,70.48273816527437
1250,Cascavel,1334,Oberá,False,75,77,8,40.61400247739036
1251,Pelotas,1262,Santa Cruz do Sul,True,75,75,14,168.54820166754854
1251,Pelotas,1263,Santa Maria,True,75,75,10,102.64087684346808
1251,Pelotas,1269,Melo,False,75,76,10,146.67039541609356
1251,Pelotas,1270,Rocha,False,75,76,6,26.94427190999916
1252,Gramado,1253,Florianópolis,True,75,75,10,50.57757956278309
1252,Gramado,1262,Santa Cruz do Sul,True,75,75,12,109.06197427041371
1252,Gramado,1267,Lages,True,75,75,22,164.63468506875705
1253,Florianópolis,1256,Ponta Grossa,True,75,75,6,18.64911064067352
1253,Florianópolis,1260,Caçador,True,75,75,10,58.67199621384191
1253,Florianópolis,1267,Lages,True,75,75,10,62.980502086849754
1254,Maringá,1255,Umuarama,True,75,75,12,138.5518842244326
1254,Maringá,1259,Apucarana,True,75,75,8,30.635569750700874
1254,Maringá,1274,Dourados,False,75,72,6,83.75557813077965
1254,Maringá,1280,Caaguazú,False,75,74,12,95.75370458626361
1254,Maringá,1298,Araçatuba,False,75,73,16,148.9845706928655
1255,Umuarama,1257,Guarapuava,True,75,75,6,27.81727825061774
1255,Umuarama,1258,Pato Branco,True,75,75,6,56.13087850140535
1255,Umuarama,1259,Apucarana,True,75,75,8,54.69472471576046
1255,Umuarama,1279,San Ignacio (PY),False,75,74,6,29.211102550927976
1255,Umuarama,1280,Caaguazú,False,75,74,12,111.7440847221617
1255,Umuarama,1334,Oberá,False,75,77,6,51.77681122334283
1256,Ponta Grossa,1257,Guarapuava,True,75,75,12,112.54064352510353
1256,Ponta Grossa,1259,Apucarana,True,75,75,8,74.50200308997468
1256,Ponta Grossa,1260,Caçador,True,75,75,12,119.75738669545943
1256,Ponta Grossa,1284,Campinas,False,75,73,22,218.8482703809393
1257,Guarapuava,1258,Pato Branco,True,75,75,20,169.6896532219499
1257,Guarapuava,1259,Apucarana,True,75,75,12,96.91548860097502
1257,Guarapuava,1260,Caçador,True,75,75,12,86.00153651861238
1257,Guarapuava,1261,Chapecó,True,75,75,10,122.78716919226542
1258,Pato Branco,1261,Chapecó,True,75,75,16,84.8243616448425
1258,Pato Branco,1266,Santo Ângelo,True,75,75,10,84.6343352598609
1258,Pato Branco,1334,Oberá,False,75,77,12,179.46603432338048
1259,Apucarana,1284,Campinas,False,75,73,6,48.426747826679005
1259,Apucarana,1297,Bauru,False,75,73,10,114.42062545251186
1259,Apucarana,1298,Araçatuba,False,75,73,2,29.120439557122072
1260,Caçador,1261,Chapecó,True,75,75,6,49.85376117475877
1260,Caçador,1267,Lages,True,75,75,12,132.59871292147594
1261,Chapecó,1265,Passo Fundo,True,75,75,6,33.211102550927976
1261,Chapecó,1266,Santo Ângelo,True,75,75,12,81.86043522623432
1261,Chapecó,1267,Lages,True,75,75,14,114.92415878082471
1262,Santa Cruz do Sul,1263,Santa Maria,True,75,75,18,200.00442054538541
1262,Santa Cruz do Sul,1265,Passo Fundo,True,75,75,8,51.316546158711496
1262,Santa Cruz do Sul,1267,Lages,True,75,75,6,45.19524324104825
1263,Santa Maria,1264,Alegrete,True,75,75,18,188.34930959885682
1263,Santa Maria,1265,Passo Fundo,True,75,75,8,52.432176180924486
1263,Santa Maria,1266,Santo Ângelo,True,75,75,14,136.74657773473228
1263,Santa Maria,1269,Melo,False,75,76,6,57.65576642759157
1263,Santa Maria,1272,Tacuarembó,False,75,76,2,28.42534080710379
1264,Alegrete,1266,Santo Ângelo,True,75,75,10,124.17442804931545
1264,Alegrete,1272,Tacuarembó,False,75,76,20,210.2811780011106
1264,Alegrete,1334,Oberá,False,75,77,8,147.6345119656768
1264,Alegrete,1342,Villaguay,False,75,77,4,32.41230319842447
1265,Passo Fundo,1266,Santo Ângelo,True,75,75,8,42.77241608682966
1265,Passo Fundo,1267,Lages,True,75,75,12,22.45354552482872
1266,Santo Ângelo,1334,Oberá,False,75,77,14,179.3984098729123
1268,Montevideo,1270,Rocha,True,76,76,8,81.07144095666816
1268,Montevideo,1271,Durazno,True,76,76,8,75.96632361464412
1269,Melo,1270,Rocha,True,76,76,12,146.98935946355465
1269,Melo,1271,Durazno,True,76,76,10,84.98748626154182
1269,Melo,1272,Tacuarembó,True,76,76,12,153.96317833105314
1270,Rocha,1271,Durazno,True,76,76,14,118.86513621122616
1271,Durazno,1272,Tacuarembó,True,76,76,22,185.98259764052014
1271,Durazno,1343,Rosario,False,76,77,8,70.84688007368045
1272,Tacuarembó,1342,Villaguay,False,76,77,10,160.4261402753143
1272,Tacuarembó,1343,Rosario,False,76,77,2,46.0
1273,Campo Grande,1274,Dourados,True,72,72,8,77.77950647092109
1273,Campo Grande,1275,Miranda,True,72,72,8,93.0951005322232
1273,Campo Grande,1276,Coxim,True,72,72,8,75.36289032872732
1273,Campo Grande,1277,Água Clara,True,72,72,10,81.0053138816796
1274,Dourados,1275,Miranda,True,72,72,14,82.02291835120802
1274,Dourados,1277,Água Clara,True,72,72,14,160.12190022159078
1274,Dourados,1280,Caaguazú,False,72,74,10,93.3175309292712
1274,Dourados,1281,Concepción,False,72,74,12,127.3034370862309
1275,Miranda,1276,Coxim,True,72,72,22,241.15564796951378
1275,Miranda,1281,Concepción,False,72,74,8,99.382623881814
1275,Miranda,1406,La Victoria,False,72,74,20,226.4697308966824
1276,Coxim,1277,Água Clara,True,72,72,14,124.58318299875555
1277,Água Clara,1299,Jales,False,72,73,2,12.649110640673518
1278,Asunción,1279,San Ignacio (PY),True,74,74,8,107.31887911756337
1278,Asunción,1280,Caaguazú,True,74,74,4,65.91228707085575
1278,Asunción,1281,Concepción,True,74,74,10,105.41654492683186
1278,Asunción,1347,Monte Quemado,False,74,77,14,87.02742114773882
1279,San Ignacio (PY),1280,Caaguazú,True,74,74,16,174.91053931539577
1279,San Ignacio (PY),1334,Oberá,False,74,77,30,422.36610902484676
1279,San Ignacio (PY),1335,Resistencia,False,74,77,10,91.95561371578823
1279,San Ignacio (PY),1347,Monte Quemado,False,74,77,8,76.58818638854817
1280,Caaguazú,1281,Concepción,True,74,74,22,174.10337546286914
1281,Concepción,1282,Loma Plata,True,74,74,10,118.5572585641143
1281,Concepción,1347,Monte Quemado,False,74,77,6,54.37155572739342
1281,Concepción,1406,La Victoria,True,74,74,18,143.33956657949904
1282,Loma Plata,1347,Monte Quemado,False,74,77,10,171.91583423143584
1282,Loma Plata,1406,La Victoria,True,74,74,14,265.86017019134067
1283,São Paulo,1284,Campinas,True,73,73,12,112.3200329694645
1283,São Paulo,1304,Taubaté,True,73,73,10,85.28906308478906
1284,Campinas,1297,Bauru,True,73,73,18,146.3121007287599
1284,Campinas,1301,Ribeirão Preto,True,73,73,2,24.331050121192877
1284,Campinas,1304,Taubaté,True,73,73,16,94.18762486330348
1285,Rio de Janeiro,1303,Juiz de fora,True,73,73,8,85.43795151044347
1285,Rio de Janeiro,1305,Volta Redonda,True,73,73,10,78.31124218831167
1286,Montes Claros,1290,Bocaiúva,True,73,73,12,120.03430829120765
1286,Montes Claros,1308,Itaobim,True,73,73,10,66.50786493892707
1286,Montes Claros,1309,Arinos,True,73,73,16,98.95979235071185
1287,Vitória,1291,Linhares,True,73,73,18,103.44162148633062
1287,Vitória,1302,Ipateruna,True,73,73,10,76.3970713642296
1288,Belo Horizonte,1289,Ipatinga,True,73,73,10,89.85975737900145
1288,Belo Horizonte,1290,Bocaiúva,True,73,73,12,129.0492500607349
1288,Belo Horizonte,1302,Ipateruna,True,73,73,4,28.269609992486828
1288,Belo Horizonte,1303,Juiz de fora,True,73,73,22,180.05327070346155
1288,Belo Horizonte,1305,Volta Redonda,True,73,73,2,12.165525060596439
1288,Belo Horizonte,1306,Lavras,True,73,73,12,75.99719405799382
1288,Belo Horizonte,1307,Divinópolis,True,73,73,12,126.33994662722132
1289,Ipatinga,1290,Bocaiúva,True,73,73,18,150.15363731923094
1289,Ipatinga,1291,Linhares,True,73,73,12,130.01709866708217
1289,Ipatinga,1292,Eunápolis,True,73,73,10,118.96571547144654
1289,Ipatinga,1302,Ipateruna,True,73,73,10,75.13916554645962
1289,Ipatinga,1308,Itaobim,True,73,73,10,104.4928826077888
1290,Bocaiúva,1295,Paracatu,True,73,73,10,106.47983932160416
1290,Bocaiúva,1307,Divinópolis,True,73,73,12,95.45604780111971
1290,Bocaiúva,1308,Itaobim,True,73,73,8,88.85190550413151
1290,Bocaiúva,1309,Arinos,True,73,73,6,36.22212356825163
1291,Linhares,1292,Eunápolis,True,73,73,10,118.72010782194697
1291,Linhares,1302,Ipateruna,True,73,73,10,93.08921414651347
1292,Eunápolis,1308,Itaobim,True,73,73,8,101.9109347828848
1292,Eunápolis,1323,Belmonte,False,73,68,12,128.03815035421508
1293,Janaúba,1308,Itaobim,True,73,73,22,246.95003677077636
1293,Janaúba,1309,Arinos,True,73,73,14,170.12561142843506
1293,Janaúba,1312,Vitória d. C.,False,73,68,6,38.00602169457089
1293,Janaúba,1319,Guanambi,False,73,68,10,117.02280752111848
1293,Janaúba,1320,Tremedal,False,73,68,16,143.9612682863815
1293,Janaúba,1322,Itapetinga,False,73,68,8,86.17251012068303
1294,Unaí,1295,Paracatu,True,73,73,16,170.03755965183146
1294,Unaí,1309,Arinos,True,73,73,14,149.51219547434897
1294,Unaí,1318,Correntina,False,73,68,6,77.92596994860436
1295,Paracatu,1307,Divinópolis,True,73,73,12,213.56581488050256
1295,Paracatu,1309,Arinos,True,73,73,18,115.11098498650804
1296,Uberlândia,1299,Jales,True,73,73,4,45.85677655436824
1296,Uberlândia,1300,Uberaba,True,73,73,18,101.45667315652149
1296,Uberlândia,1307,Divinópolis,True,73,73,12,89.60294676713576
1297,Bauru,1298,Araçatuba,True,73,73,18,147.49136168348363
1297,Bauru,1299,Jales,True,73,73,6,69.47448422607397
1297,Bauru,1300,Uberaba,True,73,73,10,108.1701263478055
1297,Bauru,1301,Ribeirão Preto,True,73,73,16,162.92310393047413
1298,Araçatuba,1299,Jales,True,73,73,8,106.88782545970537
1299,Jales,1300,Uberaba,True,73,73,14,153.1422087872751
1300,Uberaba,1301,Ribeirão Preto,True,73,73,14,153.04902291306036
1300,Uberaba,1306,Lavras,True,73,73,14,99.70024659476037
1300,Uberaba,1307,Divinópolis,True,73,73,6,53.30751839176284
1301,Ribeirão Preto,1304,Taubaté,True,73,73,20,173.09845458280688
1301,Ribeirão Preto,1305,Volta Redonda,True,73,73,4,32.16552506059644
1301,Ribeirão Preto,1306,Lavras,True,73,73,6,73.53959829964609
1302,Ipateruna,1303,Juiz de fora,True,73,73,16,134.32545599813605
1303,Juiz de fora,1305,Volta Redonda,True,73,73,10,119.7894026987569
1304,Taubaté,1305,Volta Redonda,True,73,73,16,147.74329876203396
1305,Volta Redonda,1306,Lavras,True,73,73,12,132.2597479902258
1306,Lavras,1307,Divinópolis,True,73,73,10,168.9797227974501
1308,Itaobim,1309,Arinos,True,73,73,6,35.267516039331966
1308,Itaobim,1322,Itapetinga,False,73,68,8,84.60617569968976
1308,Itaobim,1323,Belmonte,False,73,68,6,40.8546318605806
1309,Arinos,1318,Correntina,False,73,68,10,122.69012874144468
1309,Arinos,1319,Guanambi,False,73,68,10,97.17330707999069
1310,Salvador,1313,Feira de Santana,True,68,68,6,53.06783736981159
1310,Salvador,1325,Valença,True,68,68,4,43.03405421130235
1310,Salvador,1329,Serrinha,True,68,68,6,63.603277191566434
1311,Barreiras,1316,Ibotirama,True,68,68,12,94.57578821414066
1311,Barreiras,1317,Formosa do Rio Preto,True,68,68,10,78.32662445680205
1311,Barreiras,1318,Correntina,True,68,68,8,89.78343820988498
1312,Vitória d. C.,1320,Tremedal,True,68,68,8,61.85889075589738
1312,Vitória d. C.,1322,Itapetinga,True,68,68,2,48.33218389437829
1312,Vitória d. C.,1326,Jequié,True,68,68,8,69.662505801219
1313,Feira de Santana,1314,Jacobina,True,68,68,10,33.7409631853355
1313,Feira de Santana,1315,Irecê,True,68,68,10,57.48789982793537
1313,Feira de Santana,1321,Brumado,True,68,68,16,163.89698094139638
1313,Feira de Santana,1325,Valença,True,68,68,6,91.8507883262335
1313,Feira de Santana,1326,Jequié,True,68,68,10,87.0252112579089
1313,Feira de Santana,1329,Serrinha,True,68,68,26,207.03800090296065
1314,Jacobina,1315,Irecê,True,68,68,14,46.34208934482704
1314,Jacobina,1328,Senhor do Bonfim,True,68,68,20,105.19585993108458
1314,Jacobina,1329,Serrinha,True,68,68,12,36.493075200502886
1315,Irecê,1316,Ibotirama,True,68,68,12,133.08545817693482
1315,Irecê,1319,Guanambi,True,68,68,6,44.06049698023817
1315,Irecê,1321,Brumado,True,68,68,12,123.23404281645061
1315,Irecê,1327,Remanso,True,68,68,18,179.6030573475338
1315,Irecê,1328,Senhor do Bonfim,True,68,68,16,132.83618095277873
1316,Ibotirama,1317,Formosa do Rio Preto,True,68,68,10,66.1249147074471
1316,Ibotirama,1318,Correntina,True,68,68,12,50.37057979686704
1316,Ibotirama,1319,Guanambi,True,68,68,16,175.29545617106737
1316,Ibotirama,1327,Remanso,True,68,68,6,76.26208229667897
1317,Formosa do Rio Preto,1318,Correntina,True,68,68,12,84.31732629438964
1317,Formosa do Rio Preto,1327,Remanso,True,68,68,8,66.49524224442952
1318,Correntina,1319,Guanambi,True,68,68,10,85.50524530808583
1319,Guanambi,1320,Tremedal,True,68,68,8,84.64920072619395
1319,Guanambi,1321,Brumado,True,68,68,6,91.69807080852691
1320,Tremedal,1321,Brumado,True,68,68,18,151.2420944048125
1320,Tremedal,1326,Jequié,True,68,68,8,70.58831116938927
1321,Brumado,1326,Jequié,True,68,68,6,64.73274635043491
1322,Itapetinga,1323,Belmonte,True,68,68,14,176.8684736904503
1322,Itapetinga,1326,Jequié,True,68,68,10,92.7393710423456
1322,Itapetinga,3286,Itabuna,True,68,68,16,127.59298229956599
1323,Belmonte,3286,Itabuna,True,68,68,6,42.58811285319459
1324,Ilhéus,1325,Valença,True,68,68,6,40.8948451108661
1324,Ilhéus,3286,Itabuna,True,68,68,10,94.13340285859056
1325,Valença,1326,Jequié,True,68,68,10,90.26011926872013
1325,Valença,3286,Itabuna,True,68,68,10,62.90200920382827
1326,Jequié,3286,Itabuna,True,68,68,6,71.03034919655977
1327,Remanso,1328,Senhor do Bonfim,True,68,68,10,144.1696852236557
1328,Senhor do Bonfim,1329,Serrinha,True,68,68,2,14.142135623730951
1328,Senhor do Bonfim,1330,Monte Santo,True,68,68,22,255.8367995860373
1329,Serrinha,1330,Monte Santo,True,68,68,14,137.95919521084744
1331,Tilcara,1332,Las Lajitas,True,77,77,12,79.22492492902197
1331,Tilcara,1375,Iquique,False,77,79,30,275.50220084612755
1332,Las Lajitas,1344,Santiago del Estero,True,77,77,22,449.8131801637172
1332,Las Lajitas,1347,Monte Quemado,True,77,77,10,138.65463566300525
1333,San Juan (AR),1336,San Luis,True,77,77,12,125.54142948750432
1333,San Juan (AR),1339,La Rioja,True,77,77,18,233.15769360896525
1333,San Juan (AR),1374,Copiapó,False,77,79,28,331.575487338531
1334,Oberá,1335,Resistencia,True,77,77,20,165.7127319156054
1334,Oberá,1342,Villaguay,True,77,77,8,101.36904670804307
1335,Resistencia,1341,Parana,True,77,77,16,209.06016797876902
1335,Resistencia,1342,Villaguay,True,77,77,14,122.52187417087373
1335,Resistencia,1344,Santiago del Estero,True,77,77,8,79.59150779295048
1335,Resistencia,1347,Monte Quemado,True,77,77,22,266.1850974690003
1336,San Luis,1338,La Toma,True,77,77,2,22.360679774997898
1336,San Luis,1339,La Rioja,True,77,77,4,88.16637831516918
1337,Río Cuarto,1338,La Toma,True,77,77,20,220.72273789853548
1337,Río Cuarto,1341,Parana,True,77,77,6,80.84725107632028
1337,Río Cuarto,1343,Rosario,True,77,77,6,89.79863989582603
1337,Río Cuarto,1346,Huinca Renancó,True,77,77,16,317.4443684388192
1338,La Toma,1344,Santiago del Estero,True,77,77,12,175.03796723522717
1340,Necochea,1350,Lamarque,True,78,78,12,100.78955206409599
1341,Parana,1342,Villaguay,True,77,77,14,215.31638349892538
1341,Parana,1343,Rosario,True,77,77,14,158.48675815611148
1341,Parana,1344,Santiago del Estero,True,77,77,24,327.5331316959993
1342,Villaguay,1343,Rosario,True,77,77,16,165.50801117233223
1343,Rosario,1345,Junín,True,77,77,16,263.16483243269425
1343,Rosario,1346,Huinca Renancó,True,77,77,8,98.32667981063969
1344,Santiago del Estero,1347,Monte Quemado,True,77,77,4,41.54065922853802
1345,Junín,1346,Huinca Renancó,True,77,77,10,122.35827421382972
1348,Zapala,1351,San Carlos da Bariloche,True,78,78,6,59.698193331177606
1348,Zapala,1365,Cutral-Có,True,78,78,8,94.44149237548599
1348,Zapala,1372,Temuco,False,78,79,6,78.15999877839519
1349,Neuquén,1350,Lamarque,True,78,78,6,42.85026033575457
1349,Neuquén,1365,Cutral-Có,True,78,78,18,130.0027205672824
1349,Neuquén,1369,Boliche,True,78,78,10,64.70727510004485
1350,Lamarque,1365,Cutral-Có,True,78,78,10,102.22046851105522
1350,Lamarque,1366,Viedma,True,78,78,12,139.45605182182453
1350,Lamarque,1369,Boliche,True,78,78,18,183.83175320480737
1351,San Carlos da Bariloche,1363,Esquel,True,78,78,12,182.748344345117
1351,San Carlos da Bariloche,1365,Cutral-Có,True,78,78,20,251.66395261793926
1351,San Carlos da Bariloche,1367,Los Menucos,True,78,78,14,155.75602506374335
1351,San Carlos da Bariloche,1369,Boliche,True,78,78,10,70.17993031032447
1351,San Carlos da Bariloche,1372,Temuco,False,78,79,24,331.7044895676037
1351,San Carlos da Bariloche,1376,Puerto Aysen,False,78,79,6,87.82968282087754
1352,Río Gallegos,1353,Tres Lagos,True,78,78,12,155.0922488172755
1352,Río Gallegos,1373,Punta Arenas,False,78,79,22,319.654802247926
1352,Río Gallegos,1407,Puerto Santa Cruz,True,78,78,8,89.60539731561924
1353,Tres Lagos,1355,Perito Moreno,True,78,78,12,162.12122482101404
1353,Tres Lagos,1373,Punta Arenas,False,78,79,14,145.40517291670966
1353,Tres Lagos,1377,Tortel,False,78,79,14,144.05468447443536
1353,Tres Lagos,1407,Puerto Santa Cruz,True,78,78,20,210.5963996125727
1354,Puerto Deseado,1355,Perito Moreno,True,78,78,14,105.48524027914584
1354,Puerto Deseado,1356,Comodoro Riva.,True,78,78,8,32.8062484748657
1354,Puerto Deseado,1357,Río Mayo,True,78,78,16,115.54359214596896
1354,Puerto Deseado,1407,Puerto Santa Cruz,True,78,78,22,168.0130867144145
1355,Perito Moreno,1357,Río Mayo,True,78,78,16,166.72857670454812
1355,Perito Moreno,1377,Tortel,False,78,79,12,107.04576537868368
1355,Perito Moreno,1407,Puerto Santa Cruz,True,78,78,6,53.41358839595189
1356,Comodoro Riva.,1357,Río Mayo,True,78,78,12,54.70780781127872
1356,Comodoro Riva.,1358,Garayalda,True,78,78,10,58.06926295037266
1356,Comodoro Riva.,1360,Canguel,True,78,78,4,34.29265802472031
1357,Río Mayo,1360,Canguel,True,78,78,18,167.31947534046358
1357,Río Mayo,1364,Tecka,True,78,78,12,88.17014915943147
1357,Río Mayo,1376,Puerto Aysen,False,78,79,4,38.110770276274835
1357,Río Mayo,1377,Tortel,False,78,79,14,112.9543672773228
1358,Garayalda,1359,Trelew,True,78,78,6,66.60662056977088
1358,Garayalda,1360,Canguel,True,78,78,18,148.96503789881953
1358,Garayalda,1361,Las Plumas,True,78,78,6,74.34296579800161
1359,Trelew,1361,Las Plumas,True,78,78,12,97.14903546079631
1360,Canguel,1361,Las Plumas,True,78,78,4,45.60701700396552
1360,Canguel,1364,Tecka,True,78,78,16,106.17356035571832
1360,Canguel,1368,Los Altares,True,78,78,10,137.03425654986864
1361,Las Plumas,1362,San Antonio Oeste,True,78,78,12,139.48598969098987
1361,Las Plumas,1367,Los Menucos,True,78,78,4,46.931528934130974
1361,Las Plumas,1368,Los Altares,True,78,78,14,158.39596349326402
1362,San Antonio Oeste,1366,Viedma,True,78,78,20,157.19113835633343
1362,San Antonio Oeste,1367,Los Menucos,True,78,78,14,153.84950497230759
1362,San Antonio Oeste,1369,Boliche,True,78,78,14,152.81031395322458
1363,Esquel,1364,Tecka,True,78,78,10,135.73406929529546
1363,Esquel,1367,Los Menucos,True,78,78,10,81.87033858094321
1363,Esquel,1368,Los Altares,True,78,78,10,108.5405410580061
1363,Esquel,1376,Puerto Aysen,False,78,79,14,187.65716270274504
1364,Tecka,1368,Los Altares,True,78,78,10,90.81222102498175
1364,Tecka,1376,Puerto Aysen,False,78,79,18,219.66087401200113
1365,Cutral-Có,1369,Boliche,True,78,78,10,86.24907880307528
1366,Viedma,1369,Boliche,True,78,78,4,24.175818121726977
1367,Los Menucos,1368,Los Altares,True,78,78,14,103.3008619279876
1367,Los Menucos,1369,Boliche,True,78,78,12,143.60689112292025
1370,Rio Grande,1373,Punta Arenas,False,78,79,12,181.24227499077824
1371,Santiago,1372,Temuco,True,79,79,16,122.91899014505256
1371,Santiago,1374,Copiapó,True,79,79,8,91.46411221689702
1372,Temuco,1376,Puerto Aysen,True,79,79,14,142.528702507959
1373,Punta Arenas,1377,Tortel,True,79,79,10,74.01917250890432
1374,Copiapó,1375,Iquique,True,79,79,16,188.79642427994727
1376,Puerto Aysen,1377,Tortel,True,79,79,14,128.39580251546795
1383,Kalomo,1384,Mongu,True,107,107,12,212.75302089867364
1383,Kalomo,1386,Broken Hill,True,107,107,30,263.9647235647195
1383,Kalomo,1445,Kapako,False,107,102,12,178.03770130405272
1383,Kalomo,1624,Sinoia,False,107,104,10,114.65299401083381
1383,Kalomo,1638,Dete,False,107,104,14,227.6265108230265
1383,Kalomo,3287,Mankoya,True,107,107,16,200.25299084303757
1384,Mongu,1445,Kapako,False,107,102,6,66.43908891458577
1384,Mongu,1454,Cazombo,False,107,101,10,196.5981976648773
1384,Mongu,1653,Jamba,False,107,101,10,204.5487459346984
1384,Mongu,1670,Lumbala,False,107,101,4,172.20488379560481
1384,Mongu,3287,Mankoya,True,107,107,20,294.37626746471926
1385,Abercorn,1386,Broken Hill,True,107,107,18,234.3433192714
1385,Abercorn,1387,Zomba,True,107,107,24,324.991888548011
1385,Abercorn,1655,Élisabethville,False,107,100,30,330.71451384354236
1385,Abercorn,1656,Kalemie,False,107,100,10,153.94141969988647
1385,Abercorn,1663,Manono,False,107,100,18,147.48008774698943
1385,Abercorn,1688,Utengula,False,107,109,6,62.40171878438079
1385,Abercorn,1689,Kia,False,107,109,10,113.3768670891849
1386,Broken Hill,1387,Zomba,True,107,107,18,212.5885571571516
1386,Broken Hill,1466,Zambezi,False,107,106,12,225.52427382235794
1386,Broken Hill,1624,Sinoia,False,107,104,16,161.684964209972
1386,Broken Hill,1655,Élisabethville,False,107,100,18,202.62431932515761
1386,Broken Hill,3287,Mankoya,True,107,107,22,207.78469008416636
1387,Zomba,1466,Zambezi,False,107,106,28,357.1064644194551
1387,Zomba,1472,Quelimane,False,107,106,10,88.67351943212572
1387,Zomba,1473,Lichinga,False,107,106,6,77.2639867569701
1387,Zomba,1474,Tete,False,107,106,10,116.29653689717831
1387,Zomba,1688,Utengula,False,107,109,6,94.10929437377146
1388,Nairobi,1389,Mwatate,True,110,110,18,210.35548586735274
1388,Nairobi,1390,Kisumu,True,110,110,18,215.83037244894336
1388,Nairobi,1392,Wajir,True,110,110,4,84.6555805076649
1389,Mwatate,1390,Kisumu,True,110,110,8,49.03963416267183
1389,Mwatate,1392,Wajir,True,110,110,28,367.5931745296692
1389,Mwatate,1677,Tanga,False,110,109,10,151.7822489655669
1389,Mwatate,1700,Arusha,False,110,109,14,189.42828046518895
1389,Mwatate,1737,Jamaame,False,110,112,10,82.1762079869348
1390,Kisumu,1392,Wajir,True,110,110,12,93.0803193279861
1390,Kisumu,1393,Marsabit,True,110,110,30,374.1023573646513
1390,Kisumu,1699,Usambara,False,110,109,18,195.35407219034795
1390,Kisumu,1700,Arusha,False,110,109,6,58.36557068237069
1391,Entebbe,1823,Nimule,False,110,99,12,152.5931056745131
1391,Entebbe,1846,Yei,False,110,99,4,22.485281374238568
1392,Wajir,1393,Marsabit,True,110,110,16,236.9409573426534
1392,Wajir,1709,Afder,False,110,111,10,114.24452830726274
1392,Wajir,1724,Hudat,False,110,111,16,169.31266069750026
1392,Wajir,1737,Jamaame,False,110,112,12,256.2812277781437
1392,Wajir,1739,Bardere,False,110,112,6,108.1361220008938
1393,Marsabit,1724,Hudat,False,110,111,6,92.7891216205856
1393,Marsabit,1725,Jinka,False,110,111,8,79.08422564169202
1393,Marsabit,1726,Arba Minch,False,110,111,10,154.2567636333274
1393,Marsabit,1825,Torit,False,110,99,24,243.09248370205918
1394,Antsirane,1961,Antalaha,True,108,108,12,91.96936135667458
1394,Antsirane,1963,Ananalava,True,108,108,12,98.05110550783219
1395,Cairo,1493,El Minya,True,97,97,14,83.48270332372164
1395,Cairo,1497,Damanhur,True,97,97,16,125.33749513670101
1395,Cairo,1529,Madinaty,True,97,97,10,71.88396967212192
1396,Siwa,1397,Sallum,True,97,97,20,226.73139530910106
1396,Siwa,1500,Farafra,True,97,97,8,37.12374310238171
1396,Siwa,1517,Abu Minqar,True,97,97,20,210.3429553665525
1396,Siwa,1523,Cara,True,97,97,16,190.84689725724598
1396,Siwa,1543,Giarabub,False,97,93,18,206.10292723538254
1396,Siwa,1558,Kufra,False,97,93,6,75.0513402358997
1397,Sallum,1522,Sidi Barrani,True,97,97,28,195.67816921428766
1397,Sallum,1523,Cara,True,97,97,4,43.49901708686911
1397,Sallum,1543,Giarabub,False,97,93,6,41.03348732470965
1397,Sallum,1544,Tobruk,False,97,93,12,135.6875764363085
1398,Aswan,1399,Kharga,True,97,97,14,185.84740182522515
1398,Aswan,1502,El Sheb,True,97,97,20,245.8416151867298
1398,Aswan,1503,Wadi Halfa,False,97,98,2,128.01562404644207
1398,Aswan,1530,Luxor,True,97,97,10,97.47158881973434
1399,Kharga,1495,Mut,True,97,97,16,157.71909243904707
1399,Kharga,1502,El Sheb,True,97,97,10,124.05568185292128
1399,Kharga,1516,El Qasr,True,97,97,12,79.71979155020074
1399,Kharga,1525,Girga,True,97,97,14,203.65720536929805
1399,Kharga,1530,Luxor,True,97,97,8,58.554807992204715
1400,Arish,1985,Maqna,False,97,114,2,16.1245154965971
1400,Arish,2045,Aqaba,False,97,115,24,192.57744158852267
1401,Asyut,1526,Qena,True,97,97,10,101.56917419509146
1401,Asyut,1528,Safaga,True,97,97,14,104.45005638933236
1401,Asyut,1529,Madinaty,True,97,97,18,196.2153909506558
1408,Capetown,1411,Worcester (ZA),True,105,105,8,73.83929731630883
1408,Capetown,1419,Calvinia,True,105,105,10,91.07736988302102
1409,Port Elizabeth,1410,Cradock,True,105,105,6,46.561603114967575
1409,Port Elizabeth,1417,East London,True,105,105,10,54.52923722553812
1409,Port Elizabeth,1421,Victoria West,True,105,105,10,69.91846541038856
1410,Cradock,1417,East London,True,105,105,18,159.593496244656
1410,Cradock,1421,Victoria West,True,105,105,14,118.17931255485517
1410,Cradock,1425,De Aar,True,105,105,10,128.93805928854772
1410,Cradock,1427,Queenstown,True,105,105,14,85.54264465897802
1411,Worcester (ZA),1419,Calvinia,True,105,105,20,152.4457609223737
1411,Worcester (ZA),1420,Mossel Bay,True,105,105,18,187.09048649645322
1411,Worcester (ZA),1632,Carnarvon,True,105,105,12,101.64324801185943
1412,Johannesburg,1413,Pretoria,True,105,105,10,91.31069478270999
1412,Johannesburg,1414,Mafeking,True,105,105,14,68.1097387950776
1412,Johannesburg,1415,Bethlehem,True,105,105,14,90.44122745198457
1413,Pretoria,1414,Mafeking,True,105,105,4,33.62049935181331
1413,Pretoria,1415,Bethlehem,True,105,105,18,144.42960018606067
1413,Pretoria,1464,Lourenço Marques,False,105,106,12,220.06133439163972
1413,Pretoria,1626,Tui,False,105,104,8,219.1926084432293
1413,Pretoria,1628,Mochudi,False,105,104,2,59.464274989274024
1413,Pretoria,1630,Richards Bay,True,105,105,10,126.39108239376402
1414,Mafeking,1415,Bethlehem,True,105,105,16,148.42696441090322
1414,Mafeking,1423,Bloemfontein,True,105,105,4,39.7740712504599
1414,Mafeking,1424,Kimberley,True,105,105,26,199.32013848021944
1414,Mafeking,1628,Mochudi,False,105,104,12,174.3674919832428
1414,Mafeking,1629,Pietermaritzburg,True,105,105,14,120.4574112478562
1414,Mafeking,1643,Kanye,False,105,104,6,65.65106462604864
1415,Bethlehem,1416,Ladysmith,True,105,105,16,187.7428766879842
1415,Bethlehem,1629,Pietermaritzburg,True,105,105,22,180.8829858444701
1415,Bethlehem,1630,Richards Bay,True,105,105,6,61.40446855799178
1416,Ladysmith,1428,Durban,True,105,105,6,76.16115015601756
1416,Ladysmith,1629,Pietermaritzburg,True,105,105,14,127.5230011994981
1416,Ladysmith,1630,Richards Bay,True,105,105,22,216.26986614941788
1417,East London,1426,Mthatha,True,105,105,16,147.21144696367057
1417,East London,1427,Queenstown,True,105,105,18,149.8117108394595
1418,Springbok,1436,Kalkfontein,False,105,102,18,230.8706814766166
1418,Springbok,1439,Lüderitz,False,105,102,8,75.39061152277523
1418,Springbok,1622,Pofadder,True,105,105,20,196.98468563338912
1419,Calvinia,1632,Carnarvon,True,105,105,12,134.5977627910984
1420,Mossel Bay,1421,Victoria West,True,105,105,20,165.07567824554823
1420,Mossel Bay,1632,Carnarvon,True,105,105,10,111.64134123356885
1421,Victoria West,1425,De Aar,True,105,105,12,87.47573433485937
1421,Victoria West,1632,Carnarvon,True,105,105,8,49.89425596550076
1422,Hopetown,1424,Kimberley,True,105,105,20,226.2794554463841
1422,Hopetown,1425,De Aar,True,105,105,2,20.09975124224178
1422,Hopetown,1622,Pofadder,True,105,105,12,156.89986520410667
1422,Hopetown,1640,Tshabong,False,105,104,12,159.00101996778255
1422,Hopetown,1641,Two Rivers,False,105,104,2,28.844410203711913
1423,Bloemfontein,1424,Kimberley,True,105,105,16,140.8740536843736
1423,Bloemfontein,1629,Pietermaritzburg,True,105,105,2,24.08318915758459
1424,Kimberley,1640,Tshabong,False,105,104,8,81.93995904074976
1424,Kimberley,1643,Kanye,False,105,104,12,145.519020648805
1425,De Aar,1427,Queenstown,True,105,105,12,130.15142028286044
1425,De Aar,1632,Carnarvon,True,105,105,10,142.5043784763095
1426,Mthatha,1427,Queenstown,True,105,105,6,56.56256946810396
1426,Mthatha,1429,Port Shepstone,True,105,105,18,164.14633795955686
1426,Mthatha,1629,Pietermaritzburg,True,105,105,6,41.3465753906803
1426,Mthatha,1631,Aliwal North,True,105,105,14,177.40051801383356
1427,Queenstown,1631,Aliwal North,True,105,105,26,249.92483801610194
1428,Durban,1429,Port Shepstone,True,105,105,6,59.266630003321
1428,Durban,1629,Pietermaritzburg,True,105,105,10,68.18484007740022
1429,Port Shepstone,1629,Pietermaritzburg,True,105,105,22,193.0576015993167
1430,Windhoek,1431,Rehoboth,True,102,102,12,76.02468027152659
1430,Windhoek,1432,Gobabis,True,102,102,10,74.11124300490985
1430,Windhoek,1448,Osire,True,102,102,6,52.252905900005786
1430,Windhoek,1450,Otjimbingwe,True,102,102,12,71.64037835094287
1431,Rehoboth,1432,Gobabis,True,102,102,16,176.35006803648142
1431,Rehoboth,1437,Keetmanshoop,True,102,102,12,162.83313661427027
1431,Rehoboth,1438,Bethanie,True,102,102,10,48.20702402673881
1431,Rehoboth,1440,Walvis Bay,True,102,102,6,54.42220510185596
1431,Rehoboth,1441,Solitaire,True,102,102,14,146.0123835812774
1431,Rehoboth,1450,Otjimbingwe,True,102,102,10,67.19517872919018
1432,Gobabis,1437,Keetmanshoop,True,102,102,8,113.37408433809182
1432,Gobabis,1447,Otjinene,True,102,102,12,134.36348828589766
1432,Gobabis,1448,Osire,True,102,102,10,83.4831872466481
1432,Gobabis,1644,Kule,False,102,104,12,202.99634474830094
1432,Gobabis,1646,Dekar,False,102,104,4,66.26549190084312
1433,Otavi,1448,Osire,True,102,102,12,105.11679762671585
1433,Otavi,1449,Tsumeb,True,102,102,16,122.07869897017711
1434,Grootfontein,1445,Kapako,True,102,102,6,72.60175834488582
1434,Grootfontein,1446,Okongo,True,102,102,10,127.56600400339993
1434,Grootfontein,1447,Otjinene,True,102,102,16,192.4140570582013
1434,Grootfontein,1448,Osire,True,102,102,4,40.86314925030306
1434,Grootfontein,1449,Tsumeb,True,102,102,12,130.87114871024517
1434,Grootfontein,1647,Shakawe,False,102,104,6,142.5616031149676
1435,Outjo,1443,Torra Bay,True,102,102,12,112.61181297817888
1435,Outjo,1448,Osire,True,102,102,6,47.55854348872969
1435,Outjo,1449,Tsumeb,True,102,102,6,69.79940721887947
1435,Outjo,1450,Otjimbingwe,True,102,102,10,97.79507877467705
1436,Kalkfontein,1437,Keetmanshoop,True,102,102,18,247.0517827297628
1436,Kalkfontein,1439,Lüderitz,True,102,102,12,156.87657611032807
1436,Kalkfontein,1622,Pofadder,False,102,105,2,13.416407864998739
1436,Kalkfontein,1641,Two Rivers,False,102,104,8,189.36605634119744
1437,Keetmanshoop,1438,Bethanie,True,102,102,4,40.51432518954829
1437,Keetmanshoop,1439,Lüderitz,True,102,102,10,67.20343372507591
1437,Keetmanshoop,1641,Two Rivers,False,102,104,4,51.42909528336217
1437,Keetmanshoop,1644,Kule,False,102,104,6,80.06659275674582
1438,Bethanie,1439,Lüderitz,True,102,102,14,79.22196503301123
1438,Bethanie,1441,Solitaire,True,102,102,12,63.151472665980435
1439,Lüderitz,1441,Solitaire,True,102,102,12,97.09471573359858
1440,Walvis Bay,1441,Solitaire,True,102,102,22,189.06100154910766
1440,Walvis Bay,1450,Otjimbingwe,True,102,102,18,161.5701456552003
1440,Walvis Bay,1451,Swakopmund,True,102,102,8,60.82743578955204
1442,Oshakati,1444,Opuwo,True,102,102,16,186.59955827367267
1442,Oshakati,1446,Okongo,True,102,102,16,154.45513376547657
1442,Oshakati,1449,Tsumeb,True,102,102,20,190.03126127747944
1442,Oshakati,1458,Cassinga,False,102,101,10,201.5985275015169
1443,Torra Bay,1444,Opuwo,True,102,102,16,190.843531156206
1443,Torra Bay,1449,Tsumeb,True,102,102,12,144.5878013583689
1443,Torra Bay,1450,Otjimbingwe,True,102,102,12,96.14929502458357
1443,Torra Bay,1451,Swakopmund,True,102,102,6,58.76915683781942
1444,Opuwo,1449,Tsumeb,True,102,102,2,14.142135623730951
1444,Opuwo,1458,Cassinga,False,102,101,6,64.20149231064936
1444,Opuwo,1460,Moçâmedes,False,102,101,20,272.93681977825986
1445,Kapako,1446,Okongo,True,102,102,10,131.5948378911076
1445,Kapako,1481,Menonge,False,102,101,8,83.57856547630419
1445,Kapako,1638,Dete,False,102,104,4,24.14213562373095
1445,Kapako,1647,Shakawe,False,102,104,16,306.961737348955
1445,Kapako,1648,Savuti,False,102,104,14,232.96146564256583
1445,Kapako,1653,Jamba,False,102,101,20,291.2266844468511
1446,Okongo,1449,Tsumeb,True,102,102,12,138.72197861340163
1446,Okongo,1458,Cassinga,False,102,101,4,50.492422502470646
1446,Okongo,1481,Menonge,False,102,101,12,124.43857446648039
1447,Otjinene,1448,Osire,True,102,102,16,148.04984108259947
1447,Otjinene,1646,Dekar,False,102,104,6,114.64435364580348
1447,Otjinene,1647,Shakawe,False,102,104,2,20.0
1448,Osire,1449,Tsumeb,True,102,102,12,70.74416421661732
1448,Osire,1450,Otjimbingwe,True,102,102,12,150.36911943256723
1450,Otjimbingwe,1451,Swakopmund,True,102,102,8,56.943612922866656
1452,Luanda,1461,Barraca,True,101,101,12,101.53198082464675
1452,Luanda,1462,Ambriz,True,101,101,14,80.08060460185402
1453,Lobito,1668,Novo Redondo,True,101,101,12,117.06818302484598
1453,Lobito,1669,Benguela,True,101,101,14,95.23311790445831
1454,Cazombo,1654,Kolwezi,False,101,100,4,20.89532189190884
1454,Cazombo,1657,Malonga,False,101,100,2,158.01265772082945
1454,Cazombo,1670,Lumbala,True,101,101,10,135.60402560349266
1454,Cazombo,1671,Luso,True,101,101,12,93.17527477124939
1454,Cazombo,1674,Lumeje,True,101,101,14,130.51861483814614
1454,Cazombo,3287,Mankoya,False,101,107,8,116.42757642577453
1455,Humbe,1458,Cassinga,True,101,101,12,100.2221613504464
1455,Humbe,1459,Sá da Bandeira,True,101,101,10,99.44649412878992
1455,Humbe,1460,Moçâmedes,True,101,101,8,70.78097630987634
1456,Nova Lisboa,1457,Silva Porto,True,101,101,18,71.2969076040713
1456,Nova Lisboa,1459,Sá da Bandeira,True,101,101,8,53.870059637357926
1456,Nova Lisboa,1669,Benguela,True,101,101,18,129.52428990666556
1457,Silva Porto,1458,Cassinga,True,101,101,16,160.20344672712204
1457,Silva Porto,1459,Sá da Bandeira,True,101,101,20,127.68951009996812
1457,Silva Porto,1481,Menonge,True,101,101,10,100.6528848715102
1457,Silva Porto,1668,Novo Redondo,True,101,101,8,44.42043297016253
1457,Silva Porto,1669,Benguela,True,101,101,14,48.2935347531738
1457,Silva Porto,1672,Lúbia,True,101,101,12,167.24742550312976
1457,Silva Porto,1673,Minendunda,True,101,101,6,100.8783883290186
1458,Cassinga,1459,Sá da Bandeira,True,101,101,14,97.72861697037533
1458,Cassinga,1460,Moçâmedes,True,101,101,10,24.1103997743211
1458,Cassinga,1481,Menonge,True,101,101,10,149.7033602289797
1459,Sá da Bandeira,1460,Moçâmedes,True,101,101,16,158.02217743603728
1459,Sá da Bandeira,1669,Benguela,True,101,101,14,149.17248149826813
1460,Moçâmedes,1669,Benguela,True,101,101,8,75.30038293102751
1461,Barraca,1462,Ambriz,True,101,101,12,82.95316594480661
1461,Barraca,1463,Malanje,True,101,101,8,47.36647701185511
1461,Barraca,1666,Uíge,True,101,101,20,196.4124895383378
1461,Barraca,1668,Novo Redondo,True,101,101,18,149.4511420409073
1461,Barraca,1672,Lúbia,True,101,101,14,114.41072889204138
1462,Ambriz,1490,Matadi,False,101,100,11,231.9391131077939
1462,Ambriz,1666,Uíge,True,101,101,22,253.6394410086437
1463,Malanje,1666,Uíge,True,101,101,14,105.8723333572728
1463,Malanje,1667,Cacolo,True,101,101,18,108.9633704229167
1463,Malanje,1672,Lúbia,True,101,101,8,58.92395928866968
1464,Lourenço Marques,1465,Inhambane,True,106,106,24,362.2447605939729
1464,Lourenço Marques,1468,Sofala,True,106,106,6,65.62417017239198
1464,Lourenço Marques,1626,Tui,False,106,104,4,37.679267772609066
1464,Lourenço Marques,1630,Richards Bay,False,106,105,16,157.7317691883703
1464,Lourenço Marques,1636,Masvingo,False,106,104,10,155.37157259950152
1465,Inhambane,1468,Sofala,True,106,106,12,235.01374825206005
1466,Zambezi,1474,Tete,True,106,106,24,292.75727002294235
1466,Zambezi,1624,Sinoia,False,106,104,4,62.047592083257285
1466,Zambezi,1633,Mount Darwin,False,106,104,12,153.7837163418599
1467,Memba,1471,Nampula,True,106,106,6,62.90759486709155
1467,Memba,1472,Quelimane,True,106,106,16,149.71129412944254
1467,Memba,1473,Lichinga,True,106,106,14,195.63700620769774
1467,Memba,1678,Mikindani,False,106,109,12,181.0773072965106
1467,Memba,1691,Nasoro,False,106,109,6,73.3547037363062
1468,Sofala,1472,Quelimane,True,106,106,4,71.39061687009462
1468,Sofala,1474,Tete,True,106,106,12,253.78178230224015
1468,Sofala,1633,Mount Darwin,False,106,104,4,58.63564212655271
1468,Sofala,1634,Umtali,False,106,104,10,210.64050586694648
1468,Sofala,1636,Masvingo,False,106,104,2,18.0
1469,Igarassu,1470,Serra Talhada,True,69,69,10,115.10711542503145
1471,Nampula,1472,Quelimane,True,106,106,14,119.60693037011976
1471,Nampula,1473,Lichinga,True,106,106,18,155.6846455271405
1472,Quelimane,1473,Lichinga,True,106,106,10,173.55673243295553
1472,Quelimane,1474,Tete,True,106,106,12,179.5938658905677
1473,Lichinga,1690,Sabruma,False,106,109,10,166.47168835684346
1473,Lichinga,1691,Nasoro,False,106,109,2,92.0
1474,Tete,1633,Mount Darwin,False,106,104,10,98.54056610010784
1475,Léopoldville,1489,Kikwit,True,100,100,14,85.67688822527147
1475,Léopoldville,1490,Matadi,True,100,100,16,169.58421772068436
1475,Léopoldville,1492,Bandundu,True,100,100,10,108.21209459642523
1477,Basoko,1479,Buta,True,100,100,14,164.667277216444
1477,Basoko,1482,Stanleyville,True,100,100,14,89.7400235016464
1477,Basoko,1660,Oshwe,True,100,100,28,190.57361123169196
1477,Basoko,1662,Gama,True,100,100,18,229.79833296123803
1477,Basoko,1664,Lisala,True,100,100,20,273.71322400195254
1478,Likasi,1487,Bukama,True,100,100,6,78.6389668593786
1478,Likasi,1654,Kolwezi,True,100,100,6,56.1348245413616
1478,Likasi,1655,Élisabethville,True,100,100,12,117.14205882155525
1478,Likasi,1663,Manono,True,100,100,6,41.510212592491015
1479,Buta,1480,Niangara,True,100,100,20,253.86619095357216
1479,Buta,1482,Stanleyville,True,100,100,10,92.37266229445235
1479,Buta,1483,Gemena,True,100,100,4,79.72991118275414
1479,Buta,1664,Lisala,True,100,100,10,118.71895439876354
1480,Niangara,1482,Stanleyville,True,100,100,6,62.70672680857936
1480,Niangara,1661,Bunia,True,100,100,18,363.9821481592462
1480,Niangara,1662,Gama,True,100,100,18,176.22064519488137
1481,Menonge,1653,Jamba,True,101,101,14,147.54679484861973
1481,Menonge,1670,Lumbala,True,101,101,8,49.52711833856537
1481,Menonge,1673,Minendunda,True,101,101,20,213.35639570695201
1482,Stanleyville,1662,Gama,True,100,100,16,125.48755471220197
1483,Gemena,1484,Mbandaka,True,100,100,18,212.86364554189117
1483,Gemena,1664,Lisala,True,100,100,22,214.3968554138974
1484,Mbandaka,1492,Bandundu,True,100,100,10,145.11484256011153
1484,Mbandaka,1660,Oshwe,True,100,100,12,155.0893604178276
1484,Mbandaka,1664,Lisala,True,100,100,14,219.22365101866433
1485,Lodja,1486,Lusambo,True,100,100,12,95.75030980152346
1485,Lodja,1659,Kasongo,True,100,100,12,66.42268329418381
1485,Lodja,1660,Oshwe,True,100,100,10,77.93529475422937
1485,Lodja,1662,Gama,True,100,100,22,97.35875125909568
1486,Lusambo,1487,Bukama,True,100,100,28,315.9500482208468
1486,Lusambo,1488,Kapanga,True,100,100,10,109.62426431067684
1486,Lusambo,1491,Luebo,True,100,100,26,307.8852407489231
1486,Lusambo,1657,Malonga,True,100,100,2,28.284271247461902
1486,Lusambo,1659,Kasongo,True,100,100,24,288.25153279005826
1486,Lusambo,1660,Oshwe,True,100,100,2,32.2490309931942
1486,Lusambo,1663,Manono,True,100,100,2,26.076809620810597
1487,Bukama,1654,Kolwezi,True,100,100,28,230.19725691782446
1487,Bukama,1657,Malonga,True,100,100,6,63.48956449640664
1487,Bukama,1663,Manono,True,100,100,16,184.0455247090085
1488,Kapanga,1489,Kikwit,True,100,100,10,141.91008738957075
1488,Kapanga,1491,Luebo,True,100,100,26,321.20424991187474
1488,Kapanga,1657,Malonga,True,100,100,24,286.79850790041576
1488,Kapanga,1665,Dundo,False,100,101,26,234.4923912227665
1489,Kikwit,1490,Matadi,True,100,100,10,110.46068877986167
1489,Kikwit,1491,Luebo,True,100,100,8,87.57760903381947
1489,Kikwit,1492,Bandundu,True,100,100,10,148.76496283227698
1489,Kikwit,1665,Dundo,False,100,101,12,185.1668723829052
1489,Kikwit,1666,Uíge,False,100,101,16,166.87750624419323
1490,Matadi,1492,Bandundu,True,100,100,8,49.092172400471796
1490,Matadi,1666,Uíge,False,100,101,10,202.26437979012408
1490,Matadi,1704,Banana,True,100,100,10,119.97255742750357
1491,Luebo,1492,Bandundu,True,100,100,6,59.36536957618752
1491,Luebo,1660,Oshwe,True,100,100,22,408.1606718220383
1492,Bandundu,1660,Oshwe,True,100,100,12,191.63815894121683
1493,El Minya,1501,Faiyum,True,97,97,12,129.3210552622743
1493,El Minya,1520,El Alamein,True,97,97,4,30.463092423455635
1493,El Minya,1524,Bawiti,True,97,97,10,134.88653104397366
1494,Port Said,1497,Damanhur,True,97,97,22,127.95734792383064
1494,Port Said,1499,Ismailia,True,97,97,24,153.66424494289183
1494,Port Said,1529,Madinaty,True,97,97,10,91.90881438019375
1495,Mut,1502,El Sheb,True,97,97,10,143.54860832194697
1495,Mut,1516,El Qasr,True,97,97,20,242.4294994492372
1495,Mut,1518,Aṣ-ṣaḥrā,True,97,97,8,109.19800884295566
1495,Mut,1519,Eastern Sand Sea,True,97,97,16,218.54063747738044
1496,Alexandria,1520,El Alamein,True,97,97,8,58.30431477771023
1497,Damanhur,1529,Madinaty,True,97,97,10,92.14233637890966
1498,Hurghada,1499,Ismailia,True,97,97,16,116.69996053045358
1498,Hurghada,1528,Safaga,True,97,97,14,127.08767843973366
1498,Hurghada,1529,Madinaty,True,97,97,4,27.397071272324254
1499,Ismailia,1529,Madinaty,True,97,97,30,262.16631567034636
1500,Farafra,1501,Faiyum,True,97,97,8,59.85376117475877
1500,Farafra,1516,El Qasr,True,97,97,14,230.6915680827186
1500,Farafra,1517,Abu Minqar,True,97,97,16,106.03529951149564
1500,Farafra,1523,Cara,True,97,97,32,268.4348560235785
1500,Farafra,1524,Bawiti,True,97,97,14,169.50275469642062
1501,Faiyum,1520,El Alamein,True,97,97,18,212.4347439035556
1501,Faiyum,1523,Cara,True,97,97,14,124.41111445648349
1501,Faiyum,1524,Bawiti,True,97,97,16,112.25198281177202
1502,El Sheb,1503,Wadi Halfa,False,97,98,2,164.01219466856725
1502,El Sheb,1518,Aṣ-ṣaḥrā,True,97,97,24,161.44840084542307
1502,El Sheb,1751,Abri,False,97,98,2,186.01075237738274
1503,Wadi Halfa,1514,Merowe,True,98,98,16,193.52070177346025
1503,Wadi Halfa,1751,Abri,True,98,98,16,159.5950625444668
1504,Dongola,1509,El Obeid,True,98,98,4,55.732137494637016
1504,Dongola,1514,Merowe,True,98,98,8,127.76547784782773
1504,Dongola,1751,Abri,True,98,98,10,104.39297142359393
1504,Dongola,1759,Surgi,True,98,98,6,69.80722750515471
1505,Port Sudan,1506,Suakin,True,98,98,8,27.68323850592756
1505,Port Sudan,1747,Abu Hamad,True,98,98,14,107.4830279043508
1505,Port Sudan,1748,Haya,True,98,98,10,65.7860934872048
1506,Suakin,1731,Karkabat,False,98,113,12,136.28801556584546
1506,Suakin,1748,Haya,True,98,98,22,216.97557360484925
1506,Suakin,1818,Kassala,True,98,98,20,172.54189690548392
1507,El Fasher,1508,En Nahud,True,98,98,10,58.11685403794185
1507,El Fasher,1754,Kutum,True,98,98,12,75.3379975288447
1507,El Fasher,1755,Nyala,True,98,98,8,56.08991724174081
1507,El Fasher,1759,Surgi,True,98,98,8,49.23684080312591
1508,En Nahud,1509,El Obeid,True,98,98,20,189.5002038389434
1508,En Nahud,1755,Nyala,True,98,98,10,123.48312753716289
1508,En Nahud,1757,Kaduqli,True,98,98,14,218.54806168261777
1508,En Nahud,1759,Surgi,True,98,98,10,174.97660075470125
1509,El Obeid,1510,El Dueim,True,98,98,18,156.83023694594291
1509,El Obeid,1514,Merowe,True,98,98,8,91.18113069232845
1509,El Obeid,1753,Magrur,True,98,98,18,201.85104525839023
1509,El Obeid,1756,Talodi,True,98,98,6,72.44771337580038
1509,El Obeid,1757,Kaduqli,True,98,98,16,136.15638760031752
1509,El Obeid,1759,Surgi,True,98,98,16,281.60521279638215
1510,El Dueim,1753,Magrur,True,98,98,14,258.7106632913659
1510,El Dueim,1756,Talodi,True,98,98,12,179.22990437668327
1511,Sinjah,1512,Sennar,True,98,98,2,26.90724809414742
1511,Sinjah,1717,Shire,False,98,111,6,42.82514988589856
1511,Sinjah,1718,Maganan,False,98,111,10,172.7362795536855
1511,Sinjah,1733,Asmara,False,98,113,10,116.57630535025393
1511,Sinjah,1758,Rabak,True,98,98,14,117.54925169884933
1511,Sinjah,1814,Ad-Damazin,True,98,98,8,148.26754459292854
1511,Sinjah,1818,Kassala,True,98,98,18,220.71717197252877
1512,Sennar,1752,Wad Madani,True,98,98,12,124.0155010535145
1512,Sennar,1758,Rabak,True,98,98,12,113.18366595580648
1512,Sennar,1818,Kassala,True,98,98,12,116.33503815134503
1513,Khartoum,1515,Berber,True,98,98,8,67.74906215465704
1513,Khartoum,1749,Ad-Damir,True,98,98,10,63.94244761047676
1513,Khartoum,1752,Wad Madani,True,98,98,12,88.0822669426332
1513,Khartoum,1753,Magrur,True,98,98,14,108.62330328896309
1514,Merowe,1751,Abri,True,98,98,4,44.96009948348054
1514,Merowe,1753,Magrur,True,98,98,20,225.3844213273019
1515,Berber,1747,Abu Hamad,True,98,98,10,97.08974996118539
1515,Berber,1749,Ad-Damir,True,98,98,16,192.30064494276425
1516,El Qasr,1517,Abu Minqar,True,97,97,10,107.28403423365961
1516,El Qasr,1519,Eastern Sand Sea,True,97,97,6,92.57877286363953
1516,El Qasr,1524,Bawiti,True,97,97,6,108.24376753370949
1516,El Qasr,1525,Girga,True,97,97,10,62.889092881559726
1517,Abu Minqar,1519,Eastern Sand Sea,True,97,97,10,176.46620464532194
1517,Abu Minqar,1539,Al-Jawf,False,97,93,4,41.61776176555266
1517,Abu Minqar,1558,Kufra,False,97,93,12,151.0859565771515
1518,Aṣ-ṣaḥrā,1519,Eastern Sand Sea,True,97,97,18,273.3895632081428
1518,Aṣ-ṣaḥrā,1548,At Tallab,False,97,93,6,146.31767469483196
1518,Aṣ-ṣaḥrā,1750,Darfur,False,97,98,2,264.0
1518,Aṣ-ṣaḥrā,1751,Abri,False,97,98,2,108.0
1519,Eastern Sand Sea,1539,Al-Jawf,False,97,93,8,172.21622767077957
1519,Eastern Sand Sea,1548,At Tallab,False,97,93,4,33.21252298723216
1520,El Alamein,1521,Marsa Matruh,True,97,97,10,77.37858143743618
1520,El Alamein,1522,Sidi Barrani,True,97,97,10,46.21897827268887
1520,El Alamein,1523,Cara,True,97,97,4,36.50111236963441
1521,Marsa Matruh,1522,Sidi Barrani,True,97,97,14,90.8060641349745
1522,Sidi Barrani,1523,Cara,True,97,97,12,146.6087713645031
1524,Bawiti,1525,Girga,True,97,97,10,83.80907809022764
1526,Qena,1527,Berenice,True,97,97,8,48.494719519688076
1526,Qena,1528,Safaga,True,97,97,28,249.44926459724982
1526,Qena,1530,Luxor,True,97,97,14,115.98795283661467
1527,Berenice,1528,Safaga,True,97,97,10,123.84994033426781
1527,Berenice,1747,Abu Hamad,False,97,98,22,301.77597316721005
1528,Safaga,1529,Madinaty,True,97,97,4,41.2435479068137
1531,Tripoli,1532,Gharyan,True,93,93,10,82.49820413348664
1531,Tripoli,1533,Misrata,True,93,93,8,68.93078313396818
1531,Tripoli,1553,Nalut,True,93,93,4,43.05685511859487
1532,Gharyan,1533,Misrata,True,93,93,14,116.8035679338452
1532,Gharyan,1552,Ghadames,True,93,93,4,20.485281374238568
1532,Gharyan,1553,Nalut,True,93,93,16,158.88960443419296
1532,Gharyan,1554,Tabonieh,True,93,93,12,131.44407430104772
1533,Misrata,1534,Sirte,True,93,93,18,135.80518317267016
1533,Misrata,1554,Tabonieh,True,93,93,12,73.85519037303915
1534,Sirte,1536,Socna,True,93,93,16,133.15837078075128
1534,Sirte,1554,Tabonieh,True,93,93,8,79.44565720796555
1534,Sirte,1556,Waddan,True,93,93,10,85.33035709497256
1534,Sirte,1557,Bin Jawad,True,93,93,10,104.55012809112735
1535,Benghazi,1545,Derna,True,93,93,8,61.741590513318044
1535,Benghazi,1546,Ajdabiya,True,93,93,12,116.02532744097819
1536,Socna,1550,Ghat,True,93,93,8,48.804485101600655
1536,Socna,1551,Sabha,True,93,93,16,89.51324116179008
1536,Socna,1554,Tabonieh,True,93,93,8,69.52264607959212
1536,Socna,1555,Zillah,True,93,93,12,196.85464852368932
1536,Socna,1556,Waddan,True,93,93,6,47.8563432759827
1536,Socna,1559,Adiri,True,93,93,14,154.72105655957188
1537,Qatrun,1549,Timassah,True,93,93,16,285.0072479893914
1537,Qatrun,1550,Ghat,True,93,93,24,273.0400871787326
1537,Qatrun,1551,Sabha,True,93,93,12,94.66258697614981
1537,Qatrun,1555,Zillah,True,93,93,10,97.67373743433912
1537,Qatrun,1598,Djado,False,93,92,14,230.71343234759453
1538,Wath,1539,Al-Jawf,True,93,93,18,131.57320910734958
1538,Wath,1540,Buzaymah,True,93,93,20,114.76206638255567
1538,Wath,1541,Zaltan,True,93,93,14,206.64563509571286
1538,Wath,1548,At Tallab,True,93,93,10,147.7163369213666
1538,Wath,1549,Timassah,True,93,93,8,144.57004312163915
1538,Wath,1806,Ain Galakka,False,93,96,8,107.05851442350883
1538,Wath,1807,Bardaï,False,93,96,14,247.2060377490574
1539,Al-Jawf,1540,Buzaymah,True,93,93,8,59.948769102732136
1539,Al-Jawf,1542,Jalu,True,93,93,6,86.67606973186702
1539,Al-Jawf,1548,At Tallab,True,93,93,24,341.4549229927235
1539,Al-Jawf,1558,Kufra,True,93,93,18,262.06447880668964
1540,Buzaymah,1541,Zaltan,True,93,93,6,56.97873254038804
1540,Buzaymah,1542,Jalu,True,93,93,14,79.61838787484346
1541,Zaltan,1542,Jalu,True,93,93,24,274.1401822747992
1541,Zaltan,1547,Marsa al Brega,True,93,93,10,120.48169521222135
1541,Zaltan,1549,Timassah,True,93,93,12,154.65505720648127
1541,Zaltan,1555,Zillah,True,93,93,8,100.73637425766364
1541,Zaltan,1557,Bin Jawad,True,93,93,4,36.07261279819846
1542,Jalu,1543,Giarabub,True,93,93,6,60.2077046541817
1542,Jalu,1547,Marsa al Brega,True,93,93,18,186.99513475554863
1542,Jalu,1558,Kufra,True,93,93,14,240.66155929197168
1543,Giarabub,1544,Tobruk,True,93,93,22,198.4693223610742
1543,Giarabub,1545,Derna,True,93,93,10,94.29516157848711
1543,Giarabub,1546,Ajdabiya,True,93,93,10,160.9969784430331
1543,Giarabub,1547,Marsa al Brega,True,93,93,4,29.540923361595837
1543,Giarabub,1558,Kufra,True,93,93,14,175.15589525407702
1544,Tobruk,1545,Derna,True,93,93,18,184.78959768358456
1545,Derna,1546,Ajdabiya,True,93,93,22,182.42629004276503
1546,Ajdabiya,1547,Marsa al Brega,True,93,93,12,197.40114734498133
1547,Marsa al Brega,1557,Bin Jawad,True,93,93,10,140.3563647404003
1548,At Tallab,1750,Darfur,False,93,98,18,204.41800236157013
1548,At Tallab,1806,Ain Galakka,False,93,96,4,37.465943203112154
1548,At Tallab,1808,Fada,False,93,96,16,345.71860659832896
1549,Timassah,1555,Zillah,True,93,93,20,196.1456071308798
1549,Timassah,1598,Djado,False,93,92,10,117.31000020440041
1549,Timassah,1807,Bardaï,False,93,96,8,123.82251148314177
1550,Ghat,1551,Sabha,True,93,93,10,81.09211487231167
1550,Ghat,1552,Ghadames,True,93,93,8,64.78661573898286
1550,Ghat,1559,Adiri,True,93,93,12,188.81063333085143
1550,Ghat,1575,Illizi,False,93,84,14,318.3259850339318
1550,Ghat,1598,Djado,False,93,92,10,111.41911527570282
1551,Sabha,1555,Zillah,True,93,93,8,49.66737919604783
1552,Ghadames,1553,Nalut,True,93,93,26,238.07859057160712
1552,Ghadames,1554,Tabonieh,True,93,93,8,103.76383848018806
1552,Ghadames,1559,Adiri,True,93,93,10,137.14796383659058
1552,Ghadames,1564,Tataouine,False,93,85,6,106.94331850630168
1552,Ghadames,1575,Illizi,False,93,84,8,144.4948264744246
1553,Nalut,1561,Gabes,False,93,85,12,109.73423514077164
1553,Nalut,1564,Tataouine,False,93,85,14,172.284247848752
1554,Tabonieh,1559,Adiri,True,93,93,18,160.32852115519108
1555,Zillah,1556,Waddan,True,93,93,8,68.316230235248
1555,Zillah,1557,Bin Jawad,True,93,93,14,174.2478690803376
1556,Waddan,1557,Bin Jawad,True,93,93,8,57.96845788334244
1560,Tunis,1562,Sfax,True,85,85,14,95.32216344725211
1560,Tunis,1565,El Kef,True,85,85,14,111.91794760592059
1561,Gabes,1562,Sfax,True,85,85,12,74.95317007623123
1561,Gabes,1563,Tozeur,True,85,85,14,165.53593980072523
1561,Gabes,1564,Tataouine,True,85,85,18,184.42421666077837
1561,Gabes,1565,El Kef,True,85,85,6,35.00428750205127
1562,Sfax,1565,El Kef,True,85,85,18,171.0122197538643
1563,Tozeur,1564,Tataouine,True,85,85,14,97.54395095920512
1563,Tozeur,1565,El Kef,True,85,85,8,88.14807586853871
1563,Tozeur,1577,El Qued,False,85,84,12,212.82178764420874
1563,Tozeur,1578,Bône,False,85,84,8,75.3087837593977
1564,Tataouine,1575,Illizi,False,85,84,6,72.16609194718914
1564,Tataouine,1576,El Borma,False,85,84,12,225.38168591491282
1564,Tataouine,1577,El Qued,False,85,84,4,51.22884930908655
1565,El Kef,1578,Bône,False,85,84,20,190.87184735354305
1566,Oran,1583,Tlemcen,True,84,84,6,66.57927672971661
1566,Oran,1584,Orléansville,True,84,84,8,56.65887343426732
1566,Oran,1595,Saida,True,84,84,16,96.41407217334114
1567,Algiers,1579,Setif,True,84,84,4,36.782884876853856
1567,Algiers,1584,Orléansville,True,84,84,6,52.12825388958251
1567,Algiers,1585,Djelfa,True,84,84,8,73.15456472713224
1568,Bedouaram,1599,Zinder,True,92,92,18,221.63504470832265
1568,Bedouaram,1604,Fachi,True,92,92,20,228.54705677715742
1568,Bedouaram,1605,Bilma,True,92,92,12,175.93774298474935
1568,Bedouaram,1766,Auyo,False,92,91,6,90.2262701440923
1568,Bedouaram,1772,Kukawa,False,92,91,12,116.39250665507805
1568,Bedouaram,1802,Mao,False,92,96,16,171.98583625143138
1568,Bedouaram,1812,Ziguei,False,92,96,12,192.61748924343942
1569,Tamanrasset,1570,In Guezzam,True,84,84,10,91.73017704539718
1569,Tamanrasset,1571,Idlès,True,84,84,10,84.289348551201
1569,Tamanrasset,1573,Silet,True,84,84,14,107.857572891342
1569,Tamanrasset,1574,Tazrouk,True,84,84,12,90.56424728551391
1570,In Guezzam,1572,Tinzouatine,True,84,84,22,198.1215199481781
1570,In Guezzam,1573,Silet,True,84,84,2,8.246211251235321
1570,In Guezzam,1574,Tazrouk,True,84,84,14,175.59986766073547
1570,In Guezzam,1601,Tahoua,False,84,92,8,140.97974260561236
1570,In Guezzam,1602,Aguella,False,84,92,2,97.52948272189288
1570,In Guezzam,1922,Kidai,False,84,88,16,198.9074547558229
1571,Idlès,1573,Silet,True,84,84,16,192.41755207325227
1571,Idlès,1574,Tazrouk,True,84,84,22,198.75241594748113
1571,Idlès,1575,Illizi,True,84,84,14,181.6768359508454
1571,Idlès,1576,El Borma,True,84,84,10,121.8841609438264
1571,Idlès,1593,Amquid,True,84,84,14,177.43133369593417
1572,Tinzouatine,1573,Silet,True,84,84,30,328.70488894276707
1572,Tinzouatine,1586,Bordj Le Prieur,True,84,84,20,275.3928663143467
1572,Tinzouatine,1922,Kidai,False,84,88,12,189.4989456595756
1572,Tinzouatine,1947,Tanezrouft,False,84,88,18,178.6674529815406
1573,Silet,1586,Bordj Le Prieur,True,84,84,14,183.24688057766807
1573,Silet,1592,Ain Salah,True,84,84,14,197.9826010416827
1573,Silet,1593,Amquid,True,84,84,14,208.95388041117903
1574,Tazrouk,1575,Illizi,True,84,84,16,207.15088819448138
1574,Tazrouk,1598,Djado,False,84,92,2,21.2602916254693
1574,Tazrouk,1602,Aguella,False,84,92,16,292.1174859368234
1575,Illizi,1576,El Borma,True,84,84,18,265.7379641900621
1575,Illizi,1598,Djado,False,84,92,8,117.77433614554278
1576,El Borma,1577,El Qued,True,84,84,10,166.12834856334536
1576,El Borma,1593,Amquid,True,84,84,16,227.9545758830407
1576,El Borma,1594,Hassi Messaoud,True,84,84,14,197.40809836642904
1577,El Qued,1578,Bône,True,84,84,8,55.99122609964573
1577,El Qued,1588,Ouargla,True,84,84,6,63.89509514124025
1577,El Qued,1594,Hassi Messaoud,True,84,84,12,224.27053934154728
1577,El Qued,1596,Laghouat,True,84,84,8,91.97596046302547
1577,El Qued,1597,Biskra,True,84,84,22,264.1749269122291
1578,Bône,1579,Setif,True,84,84,12,76.49314765740627
1578,Bône,1580,Constantine,True,84,84,12,104.75167483767609
1578,Bône,1597,Biskra,True,84,84,12,126.71063040822445
1579,Setif,1580,Constantine,True,84,84,8,84.0726006063679
1579,Setif,1585,Djelfa,True,84,84,20,137.0467248141863
1579,Setif,1597,Biskra,True,84,84,14,136.75472049289957
1580,Constantine,1597,Biskra,True,84,84,8,101.02454631721909
1581,Aougrout,1582,Benoud,True,84,84,18,277.790419899896
1581,Aougrout,1586,Bordj Le Prieur,True,84,84,6,68.26463322633364
1581,Aougrout,1589,El Menia,True,84,84,16,222.29810811385366
1581,Aougrout,1590,Béchar,True,84,84,24,284.08391207885853
1581,Aougrout,1591,Reggane,True,84,84,16,213.22039642347949
1581,Aougrout,1592,Ain Salah,True,84,84,16,215.3852962423146
1582,Benoud,1583,Tlemcen,True,84,84,14,210.45726945309409
1582,Benoud,1589,El Menia,True,84,84,4,67.746855388778
1582,Benoud,1590,Béchar,True,84,84,6,148.9638026286907
1582,Benoud,1595,Saida,True,84,84,8,105.76582643538526
1582,Benoud,1596,Laghouat,True,84,84,6,75.80304077622111
1582,Benoud,1619,Oujda,False,84,82,6,87.84680926036123
1583,Tlemcen,1595,Saida,True,84,84,16,188.12650912164392
1583,Tlemcen,1619,Oujda,False,84,82,18,249.669545614489
1584,Orléansville,1585,Djelfa,True,84,84,16,149.63005044198994
1584,Orléansville,1595,Saida,True,84,84,12,153.1480628822048
1585,Djelfa,1595,Saida,True,84,84,10,81.89226003025976
1585,Djelfa,1596,Laghouat,True,84,84,26,231.3403168028957
1585,Djelfa,1597,Biskra,True,84,84,8,84.78661573898285
1586,Bordj Le Prieur,1591,Reggane,True,84,84,14,302.8007766935929
1586,Bordj Le Prieur,1592,Ain Salah,True,84,84,12,171.97479446247746
1586,Bordj Le Prieur,1920,Taoudeni,False,84,88,18,244.952809311006
1586,Bordj Le Prieur,1947,Tanezrouft,False,84,88,12,148.43521945231322
1587,Tinduf,1590,Béchar,True,84,84,20,342.1979922596072
1587,Tinduf,1591,Reggane,True,84,84,14,241.57747394965003
1587,Tinduf,1620,Taouz,False,84,82,14,216.46912011781438
1587,Tinduf,1621,Guelmim,False,84,82,2,6.324555320336759
1587,Tinduf,1904,Tagoujalet,False,84,86,2,27.784887978899608
1587,Tinduf,1905,Merijinat,False,84,86,8,345.4250657773117
1587,Tinduf,1952,Bir Lehlu,False,84,83,6,103.42928405051362
1588,Ouargla,1589,El Menia,True,84,84,12,127.81402794825024
1588,Ouargla,1594,Hassi Messaoud,True,84,84,8,74.57900534965454
1588,Ouargla,1596,Laghouat,True,84,84,8,103.73380211096358
1589,El Menia,1592,Ain Salah,True,84,84,12,182.8343135171096
1589,El Menia,1594,Hassi Messaoud,True,84,84,22,211.2880851712571
1589,El Menia,1596,Laghouat,True,84,84,22,210.88967643639012
1590,Béchar,1591,Reggane,True,84,84,10,151.18707951073608
1590,Béchar,1619,Oujda,False,84,82,12,105.13719080285838
1590,Béchar,1620,Taouz,False,84,82,10,139.61703550167002
1591,Reggane,1904,Tagoujalet,False,84,86,2,112.8716084761797
1591,Reggane,1920,Taoudeni,False,84,88,2,140.65560778013793
1592,Ain Salah,1593,Amquid,True,84,84,14,179.63199374962937
1592,Ain Salah,1594,Hassi Messaoud,True,84,84,10,117.84316891998753
1593,Amquid,1594,Hassi Messaoud,True,84,84,18,239.67661049639548
1595,Saida,1596,Laghouat,True,84,84,16,144.76975283950745
1596,Laghouat,1597,Biskra,True,84,84,12,128.17698380802668
1598,Djado,1602,Aguella,True,92,92,18,265.1146153043293
1598,Djado,1605,Bilma,True,92,92,16,337.55564730784926
1598,Djado,1807,Bardaï,False,92,96,14,179.45140244376518
1599,Zinder,1600,Niamey,True,92,92,14,174.69875100042916
1599,Zinder,1601,Tahoua,True,92,92,16,154.23105417053785
1599,Zinder,1603,Agadez,True,92,92,12,106.38881448812808
1599,Zinder,1604,Fachi,True,92,92,12,193.44905640878017
1599,Zinder,1767,Katsina,False,92,91,2,22.80350850198276
1600,Niamey,1601,Tahoua,True,92,92,18,303.1189733842557
1600,Niamey,1889,Fada N' Gourma,False,92,90,2,34.40930106817051
1600,Niamey,1922,Kidai,False,92,88,16,297.5494302894895
1600,Niamey,1940,Homobori,False,92,88,12,178.22792395946783
1601,Tahoua,1602,Aguella,True,92,92,20,250.8945264232649
1601,Tahoua,1603,Agadez,True,92,92,14,117.00514212309082
1601,Tahoua,1922,Kidai,False,92,88,6,150.83681652849728
1602,Aguella,1603,Agadez,True,92,92,8,100.91386709815272
1602,Aguella,1604,Fachi,True,92,92,18,285.5966230434354
1602,Aguella,1605,Bilma,True,92,92,10,100.79986072588969
1603,Agadez,1604,Fachi,True,92,92,6,91.93807486638674
1604,Fachi,1605,Bilma,True,92,92,22,310.2097390881981
1605,Bilma,1807,Bardaï,False,92,96,12,171.4821599931464
1605,Bilma,1812,Ziguei,False,92,96,8,123.90250443787025
1606,Yaoundé,1607,Douala,True,94,94,18,179.97516022653002
1606,Yaoundé,1608,Lomié,True,94,94,8,104.02815924959351
1606,Yaoundé,1612,Nanga Eboko,True,94,94,12,125.65412817593139
1607,Douala,1608,Lomié,True,94,94,12,110.59716469839792
1607,Douala,1611,Bamenda,True,94,94,18,224.52652135738765
1607,Douala,1612,Nanga Eboko,True,94,94,6,64.79206566692035
1607,Douala,1778,Makokou,False,94,95,14,286.43292249038825
1607,Douala,1851,Calabar,False,94,91,4,41.42273677794414
1607,Douala,1854,Wukari,False,94,91,8,148.64791079939494
1608,Lomié,1609,Doumé,True,94,94,16,248.70899665024803
1608,Lomié,1612,Nanga Eboko,True,94,94,10,142.77306295708638
1608,Lomié,1778,Makokou,False,94,95,2,38.0
1608,Lomié,1783,Ouesso,False,94,95,10,195.22209249450066
1608,Lomié,1786,Nola,False,94,95,4,72.47751815644989
1608,Lomié,1817,Sembé,False,94,95,6,130.63067874819714
1609,Doumé,1610,Garoua,True,94,94,12,177.92334761791514
1609,Doumé,1612,Nanga Eboko,True,94,94,10,169.78450978556594
1609,Doumé,1613,Tibati,True,94,94,12,96.64319715325006
1609,Doumé,1786,Nola,False,94,95,6,76.51937453157863
1609,Doumé,1797,Carnot,False,94,95,12,132.30966193409614
1609,Doumé,1798,Brussaux,False,94,95,2,32.984845004941285
1609,Doumé,1799,Koundé,False,94,95,14,186.64990119268307
1610,Garoua,1613,Tibati,True,94,94,16,226.1322867897905
1610,Garoua,1761,Dikwa,False,94,91,10,159.69928849267205
1610,Garoua,1798,Brussaux,False,94,95,20,207.27398769588135
1610,Garoua,1802,Mao,False,94,96,2,23.40939982143925
1610,Garoua,1803,Laï,False,94,96,8,127.19537518604348
1610,Garoua,1809,Fort-Lamy,False,94,96,8,87.6420715115429
1610,Garoua,1847,Yola,False,94,91,20,227.30124386441764
1611,Bamenda,1612,Nanga Eboko,True,94,94,12,168.24155711189593
1611,Bamenda,1613,Tibati,True,94,94,22,236.56488214849017
1611,Bamenda,1854,Wukari,False,94,91,8,172.03329916415157
1611,Bamenda,1855,Jalingo,False,94,91,2,50.0
1612,Nanga Eboko,1613,Tibati,True,94,94,12,189.6468367523666
1613,Tibati,1847,Yola,False,94,91,2,26.0
1613,Tibati,1855,Jalingo,False,94,91,6,112.10377358901228
1614,Tangier,1615,Fèz,False,24,82,6,142.54718444193264
1614,Tangier,1618,Rabat,False,24,82,8,129.20636666880995
1614,Tangier,1619,Oujda,False,24,82,8,66.83876187632484
1615,Fèz,1616,Agadir,True,82,82,6,31.771322329489013
1615,Fèz,1617,Marrakech,True,82,82,12,104.51390283175618
1615,Fèz,1618,Rabat,True,82,82,16,222.1683810262827
1615,Fèz,1619,Oujda,True,82,82,18,187.37156198943995
1615,Fèz,1620,Taouz,True,82,82,18,220.1209272549637
1616,Agadir,1617,Marrakech,True,82,82,12,105.07069825378844
1616,Agadir,1618,Rabat,True,82,82,12,168.1098724020384
1616,Agadir,1620,Taouz,True,82,82,14,68.69302892159897
1616,Agadir,1621,Guelmim,True,82,82,6,253.4575799630891
1617,Marrakech,1620,Taouz,True,82,82,10,69.505343190404
1619,Oujda,1620,Taouz,True,82,82,14,227.27865784037493
1620,Taouz,1621,Guelmim,True,82,82,6,132.00144622089584
1621,Guelmim,1951,Smara,False,82,83,8,186.02565553154338
1621,Guelmim,1952,Bir Lehlu,False,82,83,8,250.1535110096787
1622,Pofadder,1641,Two Rivers,False,105,104,14,210.58747679880722
1623,Fort Salisbury,1633,Mount Darwin,True,104,104,16,111.88713957496152
1623,Fort Salisbury,1634,Umtali,True,104,104,18,96.47949523987302
1623,Fort Salisbury,1635,Kadoma,True,104,104,8,53.69919523140021
1624,Sinoia,1633,Mount Darwin,True,104,104,14,119.41524391939808
1624,Sinoia,1635,Kadoma,True,104,104,14,134.39015953775507
1624,Sinoia,1637,Gokwe,True,104,104,18,147.20516123710757
1624,Sinoia,1638,Dete,True,104,104,6,92.54976314830502
1625,Gwelo,1627,Bulawayo,True,104,104,10,86.02381547317177
1625,Gwelo,1635,Kadoma,True,104,104,8,80.62625031116255
1625,Gwelo,1636,Masvingo,True,104,104,12,114.53376389752407
1626,Tui,1627,Bulawayo,True,104,104,14,133.93013322278242
1626,Tui,1628,Mochudi,True,104,104,14,205.48056765489997
1626,Tui,1636,Masvingo,True,104,104,14,168.4342266711203
1627,Bulawayo,1628,Mochudi,True,104,104,8,69.96827412037007
1627,Bulawayo,1635,Kadoma,True,104,104,8,49.47144464814639
1627,Bulawayo,1636,Masvingo,True,104,104,10,82.97515796277642
1627,Bulawayo,1637,Gokwe,True,104,104,16,145.9380849623026
1627,Bulawayo,1649,Mopipi,True,104,104,14,136.76623292602605
1627,Bulawayo,1650,Francistown,True,104,104,10,89.33152884392561
1628,Mochudi,1639,Gaborone,True,104,104,10,79.11097689494322
1628,Mochudi,1643,Kanye,True,104,104,10,41.860213191601495
1628,Mochudi,1649,Mopipi,True,104,104,4,35.653883149901276
1628,Mochudi,1650,Francistown,True,104,104,8,49.84667230162886
1628,Mochudi,1651,Molepolole,True,104,104,18,169.54404763373407
1629,Pietermaritzburg,1631,Aliwal North,True,105,105,6,58.97366596101028
1633,Mount Darwin,1634,Umtali,True,104,104,14,94.19418440542314
1633,Mount Darwin,1635,Kadoma,True,104,104,8,41.7097865533559
1634,Umtali,1635,Kadoma,True,104,104,12,153.71508134634558
1634,Umtali,1636,Masvingo,True,104,104,22,219.27371050687498
1635,Kadoma,1636,Masvingo,True,104,104,6,73.48585328441008
1635,Kadoma,1637,Gokwe,True,104,104,14,150.6144442913269
1637,Gokwe,1638,Dete,True,104,104,18,242.68025857176306
1637,Gokwe,1649,Mopipi,True,104,104,16,116.86134152882344
1638,Dete,1648,Savuti,True,104,104,20,157.3996028784115
1638,Dete,1649,Mopipi,True,104,104,4,40.1245154965971
1639,Gaborone,1643,Kanye,True,104,104,10,76.64673771144551
1639,Gaborone,1651,Molepolole,True,104,104,8,86.88533111489147
1640,Tshabong,1641,Two Rivers,True,104,104,14,207.50692216236726
1640,Tshabong,1642,Kang,True,104,104,18,205.71661623167864
1640,Tshabong,1643,Kanye,True,104,104,16,160.97577445677535
1641,Two Rivers,1642,Kang,True,104,104,4,40.195067927594465
1641,Two Rivers,1644,Kule,True,104,104,12,159.5796142461751
1642,Kang,1643,Kanye,True,104,104,12,113.10906161251185
1642,Kang,1644,Kule,True,104,104,14,139.6975565892763
1642,Kang,1646,Dekar,True,104,104,10,83.40797028127521
1642,Kang,1652,Takatokwane,True,104,104,22,207.4622947580337
1643,Kanye,1651,Molepolole,True,104,104,12,106.60362208100075
1643,Kanye,1652,Takatokwane,True,104,104,8,60.55887079017168
1644,Kule,1646,Dekar,True,104,104,12,152.70386625961862
1645,Maun,1646,Dekar,True,104,104,12,106.85617680557553
1645,Maun,1647,Shakawe,True,104,104,2,14.560219778561036
1645,Maun,1648,Savuti,True,104,104,12,85.67321456318345
1645,Maun,1649,Mopipi,True,104,104,10,118.78488897829553
1645,Maun,1652,Takatokwane,True,104,104,6,38.09171556874908
1646,Dekar,1647,Shakawe,True,104,104,26,268.7020621358144
1646,Dekar,1652,Takatokwane,True,104,104,22,203.46391501226384
1647,Shakawe,1648,Savuti,True,104,104,24,236.01420534346602
1648,Savuti,1649,Mopipi,True,104,104,14,202.62786291344568
1649,Mopipi,1650,Francistown,True,104,104,14,99.40592272873181
1649,Mopipi,1651,Molepolole,True,104,104,22,222.36008096157695
1649,Mopipi,1652,Takatokwane,True,104,104,10,142.05721315804126
1651,Molepolole,1652,Takatokwane,True,104,104,20,153.34126853634163
1653,Jamba,1670,Lumbala,True,101,101,12,151.50134885339244
1654,Kolwezi,1655,Élisabethville,True,100,100,18,141.85328167658813
1654,Kolwezi,1657,Malonga,True,100,100,24,232.3414292104228
1654,Kolwezi,3287,Mankoya,False,100,107,10,183.4629042236449
1655,Élisabethville,1663,Manono,True,100,100,20,177.95634271924092
1655,Élisabethville,3287,Mankoya,False,100,107,14,269.1390441893674
1656,Kalemie,1658,Bukavu,True,100,100,22,153.45639058347308
1656,Kalemie,1659,Kasongo,True,100,100,16,101.81537786699704
1656,Kalemie,1663,Manono,True,100,100,26,241.7877620358217
1657,Malonga,1665,Dundo,False,100,101,6,68.20349822596675
1657,Malonga,1674,Lumeje,False,100,101,18,161.15024196206076
1658,Bukavu,1659,Kasongo,True,100,100,34,334.82629290084435
1658,Bukavu,1661,Bunia,True,100,100,14,179.65633157642168
1658,Bukavu,1662,Gama,True,100,100,18,191.99365974421482
1659,Kasongo,1662,Gama,True,100,100,8,92.2529123603791
1659,Kasongo,1663,Manono,True,100,100,12,132.73570205580447
1660,Oshwe,1662,Gama,True,100,100,4,55.80894711544761
1660,Oshwe,1664,Lisala,True,100,100,8,119.59142620960262
1661,Bunia,1662,Gama,True,100,100,4,95.85677655436825
1665,Dundo,1666,Uíge,True,101,101,8,41.709196502183104
1665,Dundo,1667,Cacolo,True,101,101,20,221.6187405831556
1665,Dundo,1674,Lumeje,True,101,101,8,131.12922246448886
1666,Uíge,1667,Cacolo,True,101,101,8,65.4872122649328
1667,Cacolo,1671,Luso,True,101,101,22,193.73090311421493
1667,Cacolo,1672,Lúbia,True,101,101,12,126.09795980358264
1667,Cacolo,1674,Lumeje,True,101,101,12,102.34390976882057
1668,Novo Redondo,1669,Benguela,True,101,101,12,104.74286806355092
1668,Novo Redondo,1672,Lúbia,True,101,101,16,178.9931019233301
1670,Lumbala,1671,Luso,True,101,101,4,37.00364040730858
1670,Lumbala,1673,Minendunda,True,101,101,16,182.6369165382668
1671,Luso,1672,Lúbia,True,101,101,16,129.80896609373787
1671,Luso,1673,Minendunda,True,101,101,22,223.92741447445403
1671,Luso,1674,Lumeje,True,101,101,12,120.5290823992219
1672,Lúbia,1673,Minendunda,True,101,101,10,66.65209215069187
1675,Dar es Salaam,1676,Morogoro,True,109,109,8,70.16748396190725
1675,Dar es Salaam,1679,Molioro,True,109,109,8,60.560712242410176
1676,Morogoro,1677,Tanga,True,109,109,12,89.07650640264409
1676,Morogoro,1679,Molioro,True,109,109,12,92.63967531227928
1676,Morogoro,1692,Kwiringa,True,109,109,14,124.65078859257082
1676,Morogoro,1693,Donde,True,109,109,12,102.94170775502928
1676,Morogoro,1695,Kitange,True,109,109,18,134.70355934524702
1677,Tanga,1695,Kitange,True,109,109,12,94.63091031231065
1677,Tanga,1700,Arusha,True,109,109,16,145.99076471879073
1678,Mikindani,1679,Molioro,True,109,109,12,115.9713941601334
1678,Mikindani,1691,Nasoro,True,109,109,16,186.75843310635818
1678,Mikindani,1693,Donde,True,109,109,2,12.806248474865697
1679,Molioro,1693,Donde,True,109,109,14,150.40037986399
1680,Dodoma,1692,Kwiringa,True,109,109,8,38.45315005409507
1680,Dodoma,1695,Kitange,True,109,109,10,54.10629876354524
1680,Dodoma,1696,Kondoa,True,109,109,12,79.72744044548548
1680,Dodoma,1697,Kilimatinde,True,109,109,8,54.74743112137487
1681,Tabora,1683,Uvinza,True,109,109,10,64.42321232172054
1681,Tabora,1687,Igonda,True,109,109,12,104.7576016540667
1681,Tabora,1698,Mwansa,True,109,109,8,63.60865038647701
1682,Kigoma,1683,Uvinza,True,109,109,6,37.31370849898476
1682,Kigoma,1684,Kirambo,True,109,109,8,37.38795155731034
1682,Kigoma,1686,Gitega,True,109,109,12,66.52467278812945
1683,Uvinza,1684,Kirambo,True,109,109,20,191.33427353160167
1683,Uvinza,1687,Igonda,True,109,109,10,69.083436434139
1683,Uvinza,1689,Kia,True,109,109,16,179.19787332362202
1683,Uvinza,1698,Mwansa,True,109,109,2,8.94427190999916
1684,Kirambo,1685,Serayombo,True,109,109,20,162.05779480501545
1684,Kirambo,1686,Gitega,True,109,109,16,125.18410647348576
1684,Kirambo,1698,Mwansa,True,109,109,18,131.16398016533486
1685,Serayombo,1686,Gitega,True,109,109,12,160.30399928405936
1685,Serayombo,1698,Mwansa,True,109,109,8,44.18449813721293
1687,Igonda,1689,Kia,True,109,109,6,51.526942745797356
1687,Igonda,1694,Rungwa,True,109,109,18,178.80552467463886
1687,Igonda,1697,Kilimatinde,True,109,109,18,148.34816008971245
1687,Igonda,1698,Mwansa,True,109,109,18,109.72752325142363
1688,Utengula,1689,Kia,True,109,109,12,94.9886893281375
1688,Utengula,1690,Sabruma,True,109,109,14,133.60760836155836
1688,Utengula,1692,Kwiringa,True,109,109,12,128.1193398826155
1688,Utengula,1694,Rungwa,True,109,109,14,164.5912706438202
1689,Kia,1694,Rungwa,True,109,109,6,71.55285325375034
1690,Sabruma,1691,Nasoro,True,109,109,16,226.9715886579981
1690,Sabruma,1692,Kwiringa,True,109,109,6,65.01977754196095
1690,Sabruma,1693,Donde,True,109,109,4,26.05293230386352
1691,Nasoro,1693,Donde,True,109,109,16,201.4950818392009
1692,Kwiringa,1693,Donde,True,109,109,12,113.66481015205528
1692,Kwiringa,1694,Rungwa,True,109,109,14,125.46148244917055
1692,Kwiringa,1695,Kitange,True,109,109,12,99.5871825814511
1692,Kwiringa,1697,Kilimatinde,True,109,109,10,88.77374086482044
1694,Rungwa,1697,Kilimatinde,True,109,109,6,59.00979041567142
1695,Kitange,1696,Kondoa,True,109,109,14,134.86338470968127
1695,Kitange,1700,Arusha,True,109,109,16,75.91883953961734
1696,Kondoa,1697,Kilimatinde,True,109,109,18,132.52113762225886
1696,Kondoa,1700,Arusha,True,109,109,24,205.37778239144097
1696,Kondoa,1815,Mklama,True,109,109,6,48.93151141705641
1697,Kilimatinde,1698,Mwansa,True,109,109,4,43.894933037301485
1697,Kilimatinde,1815,Mklama,True,109,109,8,55.291233381269144
1698,Mwansa,1699,Usambara,True,109,109,10,112.56525513577446
1698,Mwansa,1815,Mklama,True,109,109,6,59.241292792819
1699,Usambara,1700,Arusha,True,109,109,10,171.6169448027885
1699,Usambara,1815,Mklama,True,109,109,10,81.11204766960456
1700,Arusha,1815,Mklama,True,109,109,6,25.466866257521488
1701,Addis Ababa,1714,Ambo,True,111,111,18,161.12345972948538
1701,Addis Ababa,1721,AsbeTeferi,True,111,111,16,113.01726220611285
1701,Addis Ababa,1727,Meki,True,111,111,6,58.75193249456662
1702,Nekemte,1711,Asosa,True,111,111,6,51.40986270682335
1702,Nekemte,1712,Metu,True,111,111,12,65.91988419867451
1702,Nekemte,1713,Jimma,True,111,111,16,100.34781011283313
1702,Nekemte,1715,Bahir Dar,True,111,111,12,92.00953012050716
1703,Gondar,1715,Bahir Dar,True,111,111,12,75.01137950500025
1703,Gondar,1717,Shire,True,111,111,12,59.13908262864327
1703,Gondar,1718,Maganan,True,111,111,8,69.23448402972093
1703,Gondar,1723,Gijet,True,111,111,10,51.422200894708965
1705,Harar,1706,Kebri Dehar,True,111,111,6,43.99687174056595
1705,Harar,1710,Imi,True,111,111,8,63.6482272691961
1705,Harar,1720,Djibouti,True,111,111,12,85.18624886836619
1705,Harar,1721,AsbeTeferi,True,111,111,6,35.96281913965828
1705,Harar,1728,Degeh Bur,True,111,111,18,107.73611805099645
1705,Harar,1741,Hargeisa,False,111,112,2,10.0
1706,Kebri Dehar,1707,Mustahil,True,111,111,14,199.47538342363498
1706,Kebri Dehar,1709,Afder,True,111,111,10,90.28047037261612
1706,Kebri Dehar,1710,Imi,True,111,111,18,245.57567189004956
1706,Kebri Dehar,1728,Degeh Bur,True,111,111,16,212.9566877468087
1707,Mustahil,1708,Dudub,True,111,111,10,135.84456950117743
1707,Mustahil,1709,Afder,True,111,111,8,110.07241775272479
1707,Mustahil,1728,Degeh Bur,True,111,111,4,46.30589287593181
1707,Mustahil,1738,Buur Hakaba,False,111,112,12,218.2920744049647
1707,Mustahil,1739,Bardere,False,111,112,4,20.41173631183176
1707,Mustahil,1740,Galkayo,False,111,112,6,46.74737397181998
1708,Dudub,1728,Degeh Bur,True,111,111,14,159.52709621568502
1708,Dudub,1740,Galkayo,False,111,112,12,117.08906504473859
1708,Dudub,1742,Burco,False,111,112,12,185.97680333704537
1708,Dudub,1745,Eyl,False,111,112,8,171.36254641332948
1708,Dudub,1746,Qardho,False,111,112,6,92.4882436330891
1709,Afder,1710,Imi,True,111,111,10,130.02793345604738
1709,Afder,1724,Hudat,True,111,111,8,116.49084336404646
1709,Afder,1729,Goba,True,111,111,2,26.076809620810597
1709,Afder,1739,Bardere,False,111,112,16,193.3078280588551
1710,Imi,1721,AsbeTeferi,True,111,111,14,124.7328236906906
1710,Imi,1729,Goba,True,111,111,30,273.63710232917373
1711,Asosa,1712,Metu,True,111,111,16,164.82136331029406
1711,Asosa,1715,Bahir Dar,True,111,111,18,165.70709887104843
1711,Asosa,1718,Maganan,True,111,111,14,126.15819058175272
1711,Asosa,1814,Ad-Damazin,False,111,98,16,223.7884309722661
1712,Metu,1713,Jimma,True,111,111,18,135.93890100990023
1712,Metu,1842,Beh,False,111,99,2,10.198039027185569
1713,Jimma,1714,Ambo,True,111,111,18,140.62444019862102
1713,Jimma,1715,Bahir Dar,True,111,111,4,29.2535325512315
1713,Jimma,1727,Meki,True,111,111,14,109.73283147412268
1714,Ambo,1715,Bahir Dar,True,111,111,12,145.39716478335
1714,Ambo,1716,Debre Markos,True,111,111,16,161.26168155958845
1714,Ambo,1721,AsbeTeferi,True,111,111,8,29.121246595673096
1714,Ambo,1727,Meki,True,111,111,16,113.47594646126267
1715,Bahir Dar,1716,Debre Markos,True,111,111,10,95.77419630571256
1715,Bahir Dar,1718,Maganan,True,111,111,10,93.70779043188585
1715,Bahir Dar,1723,Gijet,True,111,111,10,60.324555320336756
1716,Debre Markos,1721,AsbeTeferi,True,111,111,16,96.2355456570311
1716,Debre Markos,1722,Dessie,True,111,111,12,115.63738058249666
1716,Debre Markos,1723,Gijet,True,111,111,22,176.71569533125952
1717,Shire,1718,Maganan,True,111,111,20,124.65552923649675
1717,Shire,1719,Mek'ele,True,111,111,16,125.68544225664407
1717,Shire,1723,Gijet,True,111,111,16,125.79123771747093
1717,Shire,1733,Asmara,False,111,113,12,150.7436845160368
1717,Shire,1734,Foro,False,111,113,2,12.165525060596439
1718,Maganan,1814,Ad-Damazin,False,111,98,8,105.83573688278494
1719,Mek'ele,1722,Dessie,True,111,111,12,210.23593246702978
1719,Mek'ele,1723,Gijet,True,111,111,16,124.99793329806198
1719,Mek'ele,1732,Assab,False,111,113,10,126.77715481889425
1719,Mek'ele,1734,Foro,False,111,113,2,182.82231811242303
1720,Djibouti,1721,AsbeTeferi,True,111,111,20,194.2191515182127
1720,Djibouti,1722,Dessie,True,111,111,20,136.66131874038018
1720,Djibouti,1741,Hargeisa,False,111,112,14,205.79359680668156
1721,AsbeTeferi,1722,Dessie,True,111,111,12,154.6839331027163
1721,AsbeTeferi,1727,Meki,True,111,111,10,79.51920544139537
1721,AsbeTeferi,1729,Goba,True,111,111,18,121.95658035139247
1722,Dessie,1723,Gijet,True,111,111,12,78.3683026977926
1722,Dessie,1732,Assab,False,111,113,8,63.43903773081219
1722,Dessie,3302,Obock,True,111,111,8,95.9469616120613
1724,Hudat,1726,Arba Minch,True,111,111,16,236.0461467653367
1724,Hudat,1729,Goba,True,111,111,8,58.17338989976358
1725,Jinka,1726,Arba Minch,True,111,111,16,216.9630587537325
1725,Jinka,1825,Torit,False,111,99,6,68.75879193715912
1725,Jinka,1842,Beh,False,111,99,12,134.25771071400698
1727,Meki,1729,Goba,True,111,111,20,181.40872614121278
1728,Degeh Bur,1741,Hargeisa,False,111,112,12,171.37565149279925
1728,Degeh Bur,1742,Burco,False,111,112,4,40.492422502470646
1730,Massawa,1731,Karkabat,True,113,113,8,46.87404400924363
1730,Massawa,1733,Asmara,True,113,113,12,75.30378321588836
1730,Massawa,1734,Foro,True,113,113,6,31.228453576721655
1731,Karkabat,1733,Asmara,True,113,113,16,114.45541315075057
1731,Karkabat,1818,Kassala,False,113,98,16,112.78399744311108
1732,Assab,1734,Foro,True,113,113,12,65.92856800690429
1732,Assab,3302,Obock,False,113,111,4,35.31542081036009
1733,Asmara,1734,Foro,True,113,113,8,69.72307588999882
1733,Asmara,1818,Kassala,False,113,98,6,53.488804432368454
1735,Manila,2479,Batangas City,True,151,151,8,45.22641982873128
1735,Manila,2482,Angeles,True,151,151,10,100.58307528267392
1736,Mogadishu,1738,Buur Hakaba,True,112,112,16,176.25018060718074
1736,Mogadishu,1739,Bardere,True,112,112,8,70.56102144818638
1737,Jamaame,1739,Bardere,True,112,112,24,326.07224566581635
1738,Buur Hakaba,1739,Bardere,True,112,112,12,179.9100589498554
1738,Buur Hakaba,1740,Galkayo,True,112,112,18,203.31124491488433
1740,Galkayo,1745,Eyl,True,112,112,20,207.93506143271966
1741,Hargeisa,1742,Burco,True,112,112,22,193.52544544628188
1742,Burco,1743,Bosaso,True,112,112,12,77.06777756710338
1742,Burco,1746,Qardho,True,112,112,18,194.57686552224084
1743,Bosaso,1744,Hordio,True,112,112,22,198.16574094848644
1743,Bosaso,1746,Qardho,True,112,112,18,242.47412166785907
1744,Hordio,1745,Eyl,True,112,112,10,80.93448080424169
1744,Hordio,1746,Qardho,True,112,112,4,46.16552506059644
1745,Eyl,1746,Qardho,True,112,112,12,180.29565210264792
1747,Abu Hamad,1748,Haya,True,98,98,12,116.50894961964947
1747,Abu Hamad,1749,Ad-Damir,True,98,98,8,73.98761918212234
1748,Haya,1749,Ad-Damir,True,98,98,20,225.49325821728686
1748,Haya,1818,Kassala,True,98,98,4,42.756757829369036
1749,Ad-Damir,1752,Wad Madani,True,98,98,20,220.74709904584125
1749,Ad-Damir,1818,Kassala,True,98,98,4,50.719004107399215
1750,Darfur,1751,Abri,True,98,98,10,187.1494485148285
1750,Darfur,1754,Kutum,True,98,98,14,248.65018373222088
1750,Darfur,1759,Surgi,True,98,98,12,253.53813533859045
1750,Darfur,1808,Fada,False,98,96,2,180.0
1751,Abri,1759,Surgi,True,98,98,10,150.4144130854594
1752,Wad Madani,1758,Rabak,True,98,98,14,142.74677481790684
1752,Wad Madani,1818,Kassala,True,98,98,10,99.82408615006419
1754,Kutum,1755,Nyala,True,98,98,20,200.94577463030635
1754,Kutum,1759,Surgi,True,98,98,16,199.9087206583564
1754,Kutum,1808,Fada,False,98,96,2,98.0
1754,Kutum,1811,Arada,False,98,96,18,176.94513449804865
1755,Nyala,1757,Kaduqli,True,98,98,14,162.47321920898256
1755,Nyala,1793,Ouanda Djale,False,98,95,4,55.641239390062324
1755,Nyala,1804,Haraze,False,98,96,28,317.5451167095194
1755,Nyala,1811,Arada,False,98,96,4,54.54628158104023
1755,Nyala,1819,Kafia Kingi,False,98,99,22,311.68274829838214
1755,Nyala,1836,Turalei,False,98,99,10,154.17091513894295
1756,Talodi,1757,Kaduqli,True,98,98,14,127.23229529295809
1756,Talodi,1833,Kodok,False,98,99,10,157.64705828467055
1756,Talodi,1837,Kamil,False,98,99,6,84.36777962118973
1756,Talodi,1838,Tonga,False,98,99,10,208.16563485808283
1757,Kaduqli,1836,Turalei,False,98,99,2,36.22154055254967
1757,Kaduqli,1837,Kamil,False,98,99,12,169.0566769143018
1758,Rabak,1814,Ad-Damazin,True,98,98,6,167.65980094610896
1760,Lagos,1771,Ibadan,True,91,91,8,121.6938153391984
1760,Lagos,1850,Abeoukuta,True,91,91,14,133.74429560680105
1761,Dikwa,1762,Maiduguri,True,91,91,8,80.18299638024483
1761,Dikwa,1772,Kukawa,True,91,91,14,106.98347319748758
1761,Dikwa,1802,Mao,False,91,96,12,101.96620069470215
1761,Dikwa,1847,Yola,True,91,91,14,112.3913121867615
1761,Dikwa,1857,Damaturu,True,91,91,2,6.324555320336759
1762,Maiduguri,1772,Kukawa,True,91,91,14,116.55741450912768
1762,Maiduguri,1857,Damaturu,True,91,91,12,159.2190979499375
1763,Kano,1765,Garko,True,91,91,12,113.6892105603525
1763,Kano,1766,Auyo,True,91,91,6,79.05925291527711
1763,Kano,1767,Katsina,True,91,91,12,102.68496078269456
1763,Kano,1858,Gusau,True,91,91,8,94.00209572734924
1764,Sokoto,1767,Katsina,True,91,91,10,120.22961479147925
1764,Sokoto,1849,Kontagora,True,91,91,14,149.7105547604068
1764,Sokoto,1858,Gusau,True,91,91,14,96.79502049917308
1764,Sokoto,1859,Kaiama,True,91,91,8,57.60227295956024
1765,Garko,1766,Auyo,True,91,91,14,120.87466546232442
1765,Garko,1768,Kaduna,True,91,91,10,76.6165112472551
1765,Garko,1770,Jos,True,91,91,2,10.770329614269007
1765,Garko,1848,Bauchi,True,91,91,20,221.15234873288577
1765,Garko,1856,Gombe,True,91,91,14,103.80893791740758
1765,Garko,1857,Damaturu,True,91,91,16,86.3762673054822
1765,Garko,1858,Gusau,True,91,91,12,92.06771494202943
1766,Auyo,1767,Katsina,True,91,91,8,41.05245972610102
1766,Auyo,1772,Kukawa,True,91,91,14,116.82096987256206
1766,Auyo,1857,Damaturu,True,91,91,12,130.92424529844544
1767,Katsina,1858,Gusau,True,91,91,12,122.38374011222339
1768,Kaduna,1769,Minna,True,91,91,12,99.83567861575042
1768,Kaduna,1770,Jos,True,91,91,12,110.5253693810581
1768,Kaduna,1858,Gusau,True,91,91,10,88.84334472522536
1769,Minna,1770,Jos,True,91,91,6,129.88756966719376
1769,Minna,1771,Ibadan,True,91,91,14,131.33362088412187
1769,Minna,1849,Kontagora,True,91,91,24,246.74912791210542
1769,Minna,1852,Abakaliki,True,91,91,8,85.22854315746106
1769,Minna,1858,Gusau,True,91,91,4,46.22429779244924
1769,Minna,1859,Kaiama,True,91,91,8,90.69223117644636
1770,Jos,1848,Bauchi,True,91,91,16,165.38746870592158
1770,Jos,1852,Abakaliki,True,91,91,18,196.44523840694654
1770,Jos,1854,Wukari,True,91,91,8,115.09433594846743
1771,Ibadan,1850,Abeoukuta,True,91,91,12,106.81088385503637
1771,Ibadan,1852,Abakaliki,True,91,91,8,113.30444264554203
1771,Ibadan,1853,Port Harcourt,True,91,91,16,147.13345559092429
1771,Ibadan,1859,Kaiama,True,91,91,4,38.08318915758459
1772,Kukawa,1802,Mao,False,91,96,12,126.70125551918902
1772,Kukawa,1857,Damaturu,True,91,91,2,8.246211251235321
1773,Libreville,1774,Sindara,True,95,95,12,96.01032788707138
1773,Libreville,1778,Makokou,True,95,95,12,151.80445635510077
1774,Sindara,1778,Makokou,True,95,95,16,179.10276727136798
1774,Sindara,1779,Mayoumba,True,95,95,16,149.1993090759628
1774,Sindara,1816,Lastoursville,True,95,95,12,106.65165690936878
1775,Loango,1779,Mayoumba,True,95,95,8,62.755057974988944
1775,Loango,1780,Loudima,True,95,95,8,61.64332559380125
1775,Loango,1781,Tsinguedi,True,95,95,8,60.2199163669815
1776,Brazzaville,1780,Loudima,True,95,95,18,144.33428106948705
1776,Brazzaville,1781,Tsinguedi,True,95,95,10,41.276550234010884
1776,Brazzaville,1785,Gamboma,True,95,95,16,191.1622914128242
1777,Bonga,1783,Ouesso,True,95,95,12,122.69967955849624
1777,Bonga,1784,Makoua,True,95,95,16,149.5422397453113
1777,Bonga,1785,Gamboma,True,95,95,16,152.45212276649502
1777,Bonga,1800,Epéna,True,95,95,12,148.73080088769422
1778,Makokou,1816,Lastoursville,True,95,95,12,119.99809561152256
1778,Makokou,1817,Sembé,True,95,95,18,120.111702882767
1779,Mayoumba,1781,Tsinguedi,True,95,95,14,162.56510386076442
1779,Mayoumba,1816,Lastoursville,True,95,95,12,123.92885132566346
1780,Loudima,1781,Tsinguedi,True,95,95,24,280.98785350366006
1781,Tsinguedi,1782,Franceville,True,95,95,20,165.24397063137425
1781,Tsinguedi,1784,Makoua,True,95,95,4,18.894341056855538
1781,Tsinguedi,1785,Gamboma,True,95,95,6,26.417190627149644
1781,Tsinguedi,1816,Lastoursville,True,95,95,12,164.87158309753556
1782,Franceville,1784,Makoua,True,95,95,10,110.33364629584707
1782,Franceville,1785,Gamboma,True,95,95,8,55.24761011300456
1783,Ouesso,1784,Makoua,True,95,95,12,118.55541756301199
1783,Ouesso,1786,Nola,True,95,95,16,100.74150997353036
1783,Ouesso,1800,Epéna,True,95,95,16,150.20278294037428
1783,Ouesso,1817,Sembé,True,95,95,12,105.97813482548206
1784,Makoua,1785,Gamboma,True,95,95,18,117.47462308110558
1784,Makoua,1816,Lastoursville,True,95,95,6,45.36808807882505
1784,Makoua,1817,Sembé,True,95,95,14,134.99959896904286
1786,Nola,1787,Dongou,True,95,95,16,174.36047055955748
1786,Nola,1797,Carnot,True,95,95,24,184.35655210579068
1786,Nola,1800,Epéna,True,95,95,6,45.984924661736514
1787,Dongou,1788,Bambari,True,95,95,6,11.15298244508295
1787,Dongou,1795,Bangui,True,95,95,12,81.81655585238926
1787,Dongou,1797,Carnot,True,95,95,4,27.786024412409745
1787,Dongou,1800,Epéna,True,95,95,10,105.99326419457904
1788,Bambari,1789,Mobaye,True,95,95,24,225.64735419891147
1788,Bambari,1792,Mouka,True,95,95,18,202.83454877266402
1788,Bambari,1795,Bangui,True,95,95,8,68.20340493045008
1788,Bambari,1796,Ft. Sibut,True,95,95,20,236.1000881555599
1788,Bambari,1813,Bossangoa,True,95,95,4,20.017351025793673
1789,Mobaye,1790,Bangassou,True,95,95,20,146.20533893264485
1789,Mobaye,1791,Yalanga,True,95,95,16,131.55403474790955
1789,Mobaye,1792,Mouka,True,95,95,10,85.91363604452579
1790,Bangassou,1791,Yalanga,True,95,95,14,175.4124804562764
1790,Bangassou,1831,Tambura,False,95,99,26,301.3122786316431
1791,Yalanga,1792,Mouka,True,95,95,20,232.44134201309672
1791,Yalanga,1793,Ouanda Djale,True,95,95,8,72.84862110888373
1791,Yalanga,1819,Kafia Kingi,False,95,99,2,32.31098884280702
1791,Yalanga,1820,Deim Zubeir,False,95,99,18,177.58265694649145
1791,Yalanga,1831,Tambura,False,95,99,6,28.19803902718557
1791,Yalanga,1844,Raga,False,95,99,10,92.01491865941608
1792,Mouka,1793,Ouanda Djale,True,95,95,16,148.43855955905633
1792,Mouka,1794,Ndélé,True,95,95,24,218.8135410740844
1792,Mouka,1813,Bossangoa,True,95,95,10,84.57259319142959
1793,Ouanda Djale,1794,Ndélé,True,95,95,20,198.66892190209356
1793,Ouanda Djale,1801,Archambault,False,95,96,6,65.28791165477048
1793,Ouanda Djale,1804,Haraze,False,95,96,12,141.62247607697725
1793,Ouanda Djale,1819,Kafia Kingi,False,95,99,10,193.13796432019063
1794,Ndélé,1798,Brussaux,True,95,95,24,264.63946353606
1794,Ndélé,1801,Archambault,False,95,96,12,169.92869728597515
1794,Ndélé,1813,Bossangoa,True,95,95,6,43.22871413463916
1795,Bangui,1796,Ft. Sibut,True,95,95,16,87.30785971775975
1795,Bangui,1797,Carnot,True,95,95,10,70.5269197957098
1796,Ft. Sibut,1797,Carnot,True,95,95,18,172.82963402831726
1796,Ft. Sibut,1799,Koundé,True,95,95,14,179.60808659690687
1796,Ft. Sibut,1813,Bossangoa,True,95,95,10,58.08580505314332
1797,Carnot,1799,Koundé,True,95,95,12,138.55645013351608
1798,Brussaux,1799,Koundé,True,95,95,26,278.76834433877934
1798,Brussaux,1801,Archambault,False,95,96,12,123.5492535342574
1798,Brussaux,1803,Laï,False,95,96,22,187.3557114884342
1798,Brussaux,1813,Bossangoa,True,95,95,8,43.35860406794626
1799,Koundé,1813,Bossangoa,True,95,95,10,69.94121891491147
1801,Archambault,1803,Laï,True,96,96,26,253.81071907011506
1801,Archambault,1804,Haraze,True,96,96,32,285.81442585898293
1801,Archambault,1810,Moussoro,True,96,96,12,146.83884246756753
1802,Mao,1803,Laï,True,96,96,10,81.27765069766687
1802,Mao,1809,Fort-Lamy,True,96,96,8,120.38535382517384
1802,Mao,1810,Moussoro,True,96,96,10,177.36239673715318
1802,Mao,1812,Ziguei,True,96,96,16,229.89856866353304
1803,Laï,1809,Fort-Lamy,True,96,96,14,203.43298276216902
1803,Laï,1810,Moussoro,True,96,96,10,86.99628247713505
1804,Haraze,1810,Moussoro,True,96,96,20,306.41355001776526
1804,Haraze,1811,Arada,True,96,96,24,310.5225072921906
1805,Faya,1806,Ain Galakka,True,96,96,20,328.52644796747234
1805,Faya,1808,Fada,True,96,96,16,209.0909848491566
1805,Faya,1810,Moussoro,True,96,96,18,201.3813509456079
1805,Faya,1811,Arada,True,96,96,10,126.49274948609825
1805,Faya,1812,Ziguei,True,96,96,18,169.03259377162223
1806,Ain Galakka,1807,Bardaï,True,96,96,30,415.52058841029964
1806,Ain Galakka,1808,Fada,True,96,96,12,142.40961217546445
1806,Ain Galakka,1812,Ziguei,True,96,96,22,191.4028207723954
1807,Bardaï,1812,Ziguei,True,96,96,12,132.6592598924633
1808,Fada,1811,Arada,True,96,96,22,309.06375441967674
1810,Moussoro,1811,Arada,True,96,96,8,94.27052805458307
1810,Moussoro,1812,Ziguei,True,96,96,16,239.34159929106625
1816,Lastoursville,1817,Sembé,True,95,95,30,202.39629871968876
1819,Kafia Kingi,1836,Turalei,True,99,99,16,162.36078721435987
1819,Kafia Kingi,1844,Raga,True,99,99,18,194.2533555023473
1820,Deim Zubeir,1829,Meshra' er Req,True,99,99,18,152.90034722860264
1820,Deim Zubeir,1830,Wau,True,99,99,12,87.67938308797733
1820,Deim Zubeir,1831,Tambura,True,99,99,18,159.97252101487578
1820,Deim Zubeir,1835,Abang,True,99,99,10,44.901243827682734
1820,Deim Zubeir,1844,Raga,True,99,99,16,183.76779675026222
1821,Malakai,1833,Kodok,True,99,99,14,122.04924033854721
1821,Malakai,1838,Tonga,True,99,99,12,114.70021135804909
1821,Malakai,1845,Biar,True,99,99,8,52.38818140046087
1822,Juba,1823,Nimule,True,99,99,12,97.43436617970447
1822,Juba,1834,Lui,True,99,99,12,94.85236547274295
1822,Juba,1846,Yei,True,99,99,8,60.12851672096804
1823,Nimule,1846,Yei,True,99,99,14,91.8505282940253
1824,Mongalla,1825,Torit,True,99,99,10,104.12029886994344
1824,Mongalla,1826,Akobo,True,99,99,14,118.33818647395277
1824,Mongalla,1834,Lui,True,99,99,2,26.0
1824,Mongalla,1842,Beh,True,99,99,14,118.51254625586992
1825,Torit,1842,Beh,True,99,99,18,218.99770282266107
1826,Akobo,1842,Beh,True,99,99,12,124.84705998266475
1827,Nasir,1833,Kodok,True,99,99,8,114.12401570263354
1827,Nasir,1840,Waat,True,99,99,16,148.13156864520255
1827,Nasir,1845,Biar,True,99,99,8,89.15038390195475
1828,Shambe,1834,Lui,True,99,99,24,284.3743952294482
1828,Shambe,1835,Abang,True,99,99,14,148.87102176698912
1828,Shambe,1839,Wernyol,True,99,99,12,91.28187025945351
1828,Shambe,1841,Ayod,True,99,99,16,157.41172428036478
1828,Shambe,1843,Leer,True,99,99,14,138.2134519053753
1829,Meshra' er Req,1830,Wau,True,99,99,16,106.86893188862028
1829,Meshra' er Req,1836,Turalei,True,99,99,26,173.3714259022885
1829,Meshra' er Req,1837,Kamil,True,99,99,12,102.35320531871163
1829,Meshra' er Req,1838,Tonga,True,99,99,8,93.5515354451702
1829,Meshra' er Req,1843,Leer,True,99,99,14,169.46989693444115
1829,Meshra' er Req,1844,Raga,True,99,99,14,122.15069444583206
1830,Wau,1835,Abang,True,99,99,18,135.07346301432847
1830,Wau,1843,Leer,True,99,99,4,36.92089955355893
1831,Tambura,1832,Maridi,True,99,99,4,80.4489990646186
1831,Tambura,1835,Abang,True,99,99,22,254.65818024871427
1832,Maridi,1834,Lui,True,99,99,8,67.90071965655312
1832,Maridi,1835,Abang,True,99,99,10,63.251339765653526
1832,Maridi,1846,Yei,True,99,99,4,54.47077124834297
1833,Kodok,1838,Tonga,True,99,99,10,69.57441607019877
1833,Kodok,1845,Biar,True,99,99,6,114.13982211886966
1834,Lui,1835,Abang,True,99,99,6,72.75901734246978
1834,Lui,1846,Yei,True,99,99,24,200.65298273568766
1835,Abang,1843,Leer,True,99,99,12,75.56633372216368
1836,Turalei,1837,Kamil,True,99,99,16,157.20670016571324
1836,Turalei,1844,Raga,True,99,99,8,92.7186325781538
1837,Kamil,1838,Tonga,True,99,99,18,168.5933714757513
1838,Tonga,1841,Ayod,True,99,99,6,59.365514200223714
1838,Tonga,1843,Leer,True,99,99,8,148.01325371345553
1838,Tonga,1845,Biar,True,99,99,14,123.01562218226887
1839,Wernyol,1840,Waat,True,99,99,6,45.65065816984185
1839,Wernyol,1841,Ayod,True,99,99,4,40.40862149265122
1840,Waat,1841,Ayod,True,99,99,18,149.60289110532477
1840,Waat,1845,Biar,True,99,99,22,169.94177975385728
1841,Ayod,1843,Leer,True,99,99,16,187.65461284931652
1841,Ayod,1845,Biar,True,99,99,12,111.95237414712
1847,Yola,1855,Jalingo,True,91,91,6,40.96057476702694
1847,Yola,1856,Gombe,True,91,91,16,160.2106816557134
1847,Yola,1857,Damaturu,True,91,91,14,101.26496867031017
1848,Bauchi,1854,Wukari,True,91,91,8,115.67351256321476
1848,Bauchi,1855,Jalingo,True,91,91,6,76.3444886402061
1848,Bauchi,1856,Gombe,True,91,91,8,100.92608303336198
1849,Kontagora,1858,Gusau,True,91,91,18,176.35749428968677
1849,Kontagora,1859,Kaiama,True,91,91,16,203.8239408503239
1850,Abeoukuta,1859,Kaiama,True,91,91,14,153.38550665709877
1851,Calabar,1852,Abakaliki,True,91,91,8,102.73012387304144
1851,Calabar,1853,Port Harcourt,True,91,91,4,49.38141043893163
1851,Calabar,1854,Wukari,True,91,91,4,48.31663578103661
1852,Abakaliki,1853,Port Harcourt,True,91,91,22,229.23352628881344
1852,Abakaliki,1854,Wukari,True,91,91,8,151.94175479466952
1854,Wukari,1855,Jalingo,True,91,91,12,114.84528010015516
1855,Jalingo,1856,Gombe,True,91,91,14,125.75255434074356
1856,Gombe,1857,Damaturu,True,91,91,14,112.84310248451297
1859,Kaiama,1884,Savé,False,91,90,2,28.071337695236398
1860,Monrovia,1861,Loma,True,89,89,14,103.5155520557532
1860,Monrovia,1862,Freetown,True,89,89,10,59.74399557527928
1860,Monrovia,1864,Buchanan,True,89,89,8,62.787816030314964
1861,Loma,1862,Freetown,True,89,89,18,166.44539947680016
1861,Loma,1864,Buchanan,True,89,89,14,162.66562720160886
1861,Loma,1873,Logouale,False,89,90,10,106.32340647522463
1861,Loma,1893,Kankan,False,89,90,8,68.89611437389354
1862,Freetown,1928,Mamou,False,89,88,2,179.10890541790488
1863,Greenville,1864,Buchanan,True,89,89,18,151.86620825976743
1863,Greenville,1873,Logouale,False,89,90,4,43.28146015489585
1863,Greenville,1875,Tabou,False,89,90,12,167.88857910151762
1864,Buchanan,1873,Logouale,False,89,90,10,93.52286240053883
1865,Ouagadougou,1866,Dori,True,90,90,12,85.40557283075893
1865,Ouagadougou,1869,Koudougou,True,90,90,12,112.13619092356599
1865,Ouagadougou,1886,Navrongo,True,90,90,10,55.89575463077778
1865,Ouagadougou,1890,Tenkodogo,True,90,90,12,69.87027324563726
1866,Dori,1869,Koudougou,True,90,90,4,101.60882305241266
1866,Dori,1889,Fada N' Gourma,True,90,90,12,126.65173466011272
1866,Dori,1890,Tenkodogo,True,90,90,18,143.28564207159172
1867,Kumasi,1878,Prestea,True,90,90,8,64.33396164752949
1867,Kumasi,1879,Ashanti,True,90,90,14,106.73431905575026
1867,Kumasi,1881,Accra,True,90,90,10,90.08369164635405
1867,Kumasi,1883,Palime,True,90,90,8,59.627030423219054
1868,Abidjan,1876,Sassandra,True,90,90,12,60.13916452413986
1868,Abidjan,1877,Dimbokro,True,90,90,12,79.40411862101861
1868,Abidjan,1878,Prestea,True,90,90,10,72.16941791396142
1869,Koudougou,1870,Bobo-Dioulasso,True,90,90,12,166.79377408132603
1869,Koudougou,1886,Navrongo,True,90,90,10,84.18344297298282
1869,Koudougou,1892,Gaoua,True,90,90,4,89.82892544530483
1869,Koudougou,1933,Djenné,False,90,88,2,15.620499351813308
1870,Bobo-Dioulasso,1872,Korhogo,True,90,90,16,147.1288044845774
1870,Bobo-Dioulasso,1892,Gaoua,True,90,90,18,174.09015708151895
1871,Odienne,1872,Korhogo,True,90,90,20,192.95600743283853
1871,Odienne,1873,Logouale,True,90,90,16,185.3651160044052
1871,Odienne,1893,Kankan,True,90,90,20,213.3509830333659
1871,Odienne,1939,Koutiala,False,90,88,2,16.492422502470642
1872,Korhogo,1873,Logouale,True,90,90,10,52.78442492933742
1872,Korhogo,1874,Mankono,True,90,90,14,115.08953914993918
1872,Korhogo,1880,Bondoukou,True,90,90,22,210.09756609166377
1872,Korhogo,1892,Gaoua,True,90,90,12,97.62417930700174
1873,Logouale,1874,Mankono,True,90,90,6,67.76943910067902
1873,Logouale,1875,Tabou,True,90,90,20,180.0535935230232
1873,Logouale,1876,Sassandra,True,90,90,10,71.51781078240147
1873,Logouale,1893,Kankan,True,90,90,12,70.9938616397091
1874,Mankono,1876,Sassandra,True,90,90,8,73.26563496943172
1874,Mankono,1880,Bondoukou,True,90,90,8,59.25501207342505
1875,Tabou,1876,Sassandra,True,90,90,32,231.73162035658785
1876,Sassandra,1877,Dimbokro,True,90,90,16,132.9002467638608
1876,Sassandra,1880,Bondoukou,True,90,90,16,119.6660271150909
1877,Dimbokro,1878,Prestea,True,90,90,14,127.71248228905309
1877,Dimbokro,1879,Ashanti,True,90,90,6,80.63564212655271
1877,Dimbokro,1880,Bondoukou,True,90,90,26,227.93771310036755
1878,Prestea,1879,Ashanti,True,90,90,10,111.64773045087202
1878,Prestea,1881,Accra,True,90,90,20,118.56547299716325
1879,Ashanti,1880,Bondoukou,True,90,90,12,126.94411625064922
1879,Ashanti,1883,Palime,True,90,90,10,101.09952138143277
1879,Ashanti,1885,Tamale,True,90,90,10,76.20568672528442
1879,Ashanti,1891,Wa,True,90,90,10,150.28496578824507
1880,Bondoukou,1891,Wa,True,90,90,12,102.24697974909675
1880,Bondoukou,1892,Gaoua,True,90,90,12,83.97985753514853
1881,Accra,1882,Lome,True,90,90,10,84.45226723368137
1881,Accra,1883,Palime,True,90,90,16,145.2774477135033
1882,Lome,1883,Palime,True,90,90,12,81.65942822606111
1882,Lome,1884,Savé,True,90,90,6,53.04613807841754
1883,Palime,1884,Savé,True,90,90,12,209.2508477469866
1883,Palime,1885,Tamale,True,90,90,14,186.52008137709495
1884,Savé,1885,Tamale,True,90,90,8,61.08732158690822
1884,Savé,1887,Malanville,True,90,90,12,110.0431547176843
1884,Savé,1888,Djougou,True,90,90,12,155.22119658664937
1885,Tamale,1886,Navrongo,True,90,90,14,151.22365640316633
1885,Tamale,1888,Djougou,True,90,90,14,86.03310746236505
1885,Tamale,1891,Wa,True,90,90,14,129.85617698867145
1886,Navrongo,1888,Djougou,True,90,90,14,127.96127939311546
1886,Navrongo,1889,Fada N' Gourma,True,90,90,10,32.99297167342804
1886,Navrongo,1890,Tenkodogo,True,90,90,22,207.89872780665476
1886,Navrongo,1891,Wa,True,90,90,14,140.87011050038748
1886,Navrongo,1892,Gaoua,True,90,90,10,94.29223394970874
1887,Malanville,1888,Djougou,True,90,90,14,116.02926516532985
1887,Malanville,1889,Fada N' Gourma,True,90,90,18,156.59025554462875
1888,Djougou,1889,Fada N' Gourma,True,90,90,10,89.32075621934464
1889,Fada N' Gourma,1890,Tenkodogo,True,90,90,14,177.49159287421006
1891,Wa,1892,Gaoua,True,90,90,24,236.86810804736388
1894,Davao City,2581,Malaybalay,True,151,151,10,56.0279649680813
1894,Davao City,2583,Glan,True,151,151,10,53.26434029500873
1895,Bissau,1897,Haute Casamance,False,87,86,14,117.25312296306582
1895,Bissau,1929,Koumbia,False,87,88,20,167.571185084232
1896,Kedougou,1897,Haute Casamance,True,86,86,12,73.94778161800986
1896,Kedougou,1900,Bakel,True,86,86,8,92.07510796951635
1896,Kedougou,1912,Tamba,True,86,86,16,129.47314779229401
1896,Kedougou,1929,Koumbia,False,86,88,4,84.14794548272354
1896,Kedougou,1930,Dinguiray,False,86,88,6,99.25696158061541
1896,Kedougou,1935,Kayes,False,86,88,2,18.973665961010276
1896,Kedougou,1936,Kita,False,86,88,10,114.19024625069048
1897,Haute Casamance,1899,Dakar,True,86,86,12,134.13194967703754
1897,Haute Casamance,1912,Tamba,True,86,86,10,73.14252360525009
1897,Haute Casamance,1929,Koumbia,False,86,88,12,95.99336689277885
1898,St. Louis,1899,Dakar,True,86,86,12,103.96854840680516
1898,St. Louis,1917,Kaédi,True,86,86,6,64.31528996913246
1899,Dakar,1912,Tamba,True,86,86,10,106.49263899798383
1899,Dakar,1917,Kaédi,True,86,86,20,144.87812760426357
1900,Bakel,1901,Kiffa,True,86,86,12,86.42675143624496
1900,Bakel,1912,Tamba,True,86,86,16,104.33054203426843
1900,Bakel,1917,Kaédi,True,86,86,8,96.96440053509059
1900,Bakel,1926,Timbedra,False,86,88,16,153.31526065078862
1900,Bakel,1935,Kayes,False,86,88,6,29.574666638709985
1901,Kiffa,1902,Tichit,True,86,86,10,95.99561023542712
1901,Kiffa,1911,Aleg,True,86,86,10,44.33034835004698
1901,Kiffa,1914,Tidjikja,True,86,86,10,102.10004295184608
1901,Kiffa,1915,Moudjeria,True,86,86,10,163.29905319186716
1901,Kiffa,1917,Kaédi,True,86,86,14,72.23450598242785
1901,Kiffa,1925,Néma,False,86,88,2,67.23094525588644
1901,Kiffa,1926,Timbedra,False,86,88,10,148.7370871581123
1902,Tichit,1903,El Merayer,True,86,86,20,221.0623204355155
1902,Tichit,1909,Ouadane,True,86,86,4,47.09931352870386
1902,Tichit,1914,Tidjikja,True,86,86,20,161.30940859220232
1902,Tichit,1925,Néma,False,86,88,2,233.3838040653207
1902,Tichit,1946,El Djouf,False,86,88,2,62.22539674441618
1903,El Merayer,1904,Tagoujalet,True,86,86,12,127.10240190644251
1903,El Merayer,1909,Ouadane,True,86,86,6,84.00262051067607
1903,El Merayer,1918,Tanezroft Tutrimt,True,86,86,32,384.2933107164186
1903,El Merayer,1920,Taoudeni,False,86,88,2,26.076809620810597
1903,El Merayer,1946,El Djouf,False,86,88,2,256.28109567426156
1904,Tagoujalet,1905,Merijinat,True,86,86,24,291.9254618261815
1904,Tagoujalet,1918,Tanezroft Tutrimt,True,86,86,24,176.62549456863653
1904,Tagoujalet,1920,Taoudeni,False,86,88,2,284.47847018711275
1905,Merijinat,1918,Tanezroft Tutrimt,True,86,86,6,69.6153035759011
1905,Merijinat,1919,Fort Trinquet,True,86,86,20,323.63783564448113
1905,Merijinat,1952,Bir Lehlu,False,86,83,4,304.3417495199158
1906,Port Etienne,1907,Tintan,True,86,86,10,82.35397952998564
1906,Port Etienne,1949,Auadi,False,86,83,8,102.32357969248
1907,Tintan,1908,Atar,True,86,86,16,157.1054885195537
1907,Tintan,1916,Bourjeimat,True,86,86,16,145.1756820241129
1907,Tintan,1949,Auadi,False,86,83,8,102.24188686597273
1908,Atar,1909,Ouadane,True,86,86,14,92.51076160280269
1908,Atar,1913,Chinguetti,True,86,86,12,101.8234019288209
1908,Atar,1914,Tidjikja,True,86,86,8,68.01879885984975
1908,Atar,1915,Moudjeria,True,86,86,6,46.50111236963441
1908,Atar,1916,Bourjeimat,True,86,86,6,65.31731339791574
1908,Atar,1921,Aṣ-Ṣaḥrā’ al-Gharbīyah,True,86,86,8,53.510885448966285
1908,Atar,1949,Auadi,False,86,83,2,118.06777714516353
1909,Ouadane,1913,Chinguetti,True,86,86,10,64.91296109932794
1909,Ouadane,1914,Tidjikja,True,86,86,18,145.6625972661325
1909,Ouadane,1918,Tanezroft Tutrimt,True,86,86,10,100.01970448793988
1909,Ouadane,1921,Aṣ-Ṣaḥrā’ al-Gharbīyah,True,86,86,18,205.70860921126462
1910,Nouakchott,1915,Moudjeria,True,86,86,6,46.791246264404464
1910,Nouakchott,1916,Bourjeimat,True,86,86,10,94.30523462697144
1910,Nouakchott,1917,Kaédi,True,86,86,8,112.45243225405216
1911,Aleg,1915,Moudjeria,True,86,86,8,59.45216880360188
1911,Aleg,1917,Kaédi,True,86,86,16,120.0507014242138
1912,Tamba,1917,Kaédi,True,86,86,14,85.15192603940235
1913,Chinguetti,1914,Tidjikja,True,86,86,10,97.77333986729808
1914,Tidjikja,1915,Moudjeria,True,86,86,14,193.24272028063865
1915,Moudjeria,1916,Bourjeimat,True,86,86,18,147.54653147624185
1915,Moudjeria,1917,Kaédi,True,86,86,8,41.75525442304695
1918,Tanezroft Tutrimt,1919,Fort Trinquet,True,86,86,12,219.99095241365106
1918,Tanezroft Tutrimt,1921,Aṣ-Ṣaḥrā’ al-Gharbīyah,True,86,86,6,48.58122453831672
1919,Fort Trinquet,1921,Aṣ-Ṣaḥrā’ al-Gharbīyah,True,86,86,14,205.05748353191714
1919,Fort Trinquet,1951,Smara,False,86,83,2,32.0
1919,Fort Trinquet,1952,Bir Lehlu,False,86,83,2,78.0
1919,Fort Trinquet,1953,Mijek,False,86,83,2,164.07315441594946
1920,Taoudeni,1924,Araouan,True,88,88,18,233.27867751658363
1920,Taoudeni,1946,El Djouf,True,88,88,14,187.39896085905397
1920,Taoudeni,1947,Tanezrouft,True,88,88,20,260.1322546288841
1921,Aṣ-Ṣaḥrā’ al-Gharbīyah,1948,Villa Cisneros,False,86,83,10,177.71173279753552
1921,Aṣ-Ṣaḥrā’ al-Gharbīyah,1949,Auadi,False,86,83,2,108.01851693112621
1921,Aṣ-Ṣaḥrā’ al-Gharbīyah,1953,Mijek,False,86,83,10,144.74586795419043
1922,Kidai,1940,Homobori,True,88,88,10,305.02438618224306
1922,Kidai,1941,Bamba,True,88,88,4,41.6619037896906
1922,Kidai,1947,Tanezrouft,True,88,88,20,264.2189156541719
1923,Mabrouk,1924,Araouan,True,88,88,16,242.31786192723956
1923,Mabrouk,1941,Bamba,True,88,88,16,106.40774886201234
1923,Mabrouk,1942,Bandiagara,True,88,88,6,206.74459626110888
1923,Mabrouk,1943,Niafounke,True,88,88,8,79.67521420441858
1923,Mabrouk,1947,Tanezrouft,True,88,88,18,331.57264092058233
1924,Araouan,1943,Niafounke,True,88,88,12,270.2593911901546
1924,Araouan,1946,El Djouf,True,88,88,26,337.29735373332306
1924,Araouan,1947,Tanezrouft,True,88,88,6,58.42198903698858
1925,Néma,1926,Timbedra,True,88,88,14,224.9891435705387
1925,Néma,1937,Banamba,True,88,88,6,62.58122453831672
1925,Néma,1944,Sokolo,True,88,88,20,235.40661587044076
1925,Néma,1946,El Djouf,True,88,88,22,228.1846322156177
1926,Timbedra,1935,Kayes,True,88,88,16,154.22144175733092
1926,Timbedra,1936,Kita,True,88,88,12,109.00089929100862
1926,Timbedra,1937,Banamba,True,88,88,14,128.90716176689685
1927,Conakry,1928,Mamou,True,88,88,6,78.154526852821
1927,Conakry,1929,Koumbia,True,88,88,10,120.7891400861134
1928,Mamou,1929,Koumbia,True,88,88,10,96.96054707530307
1928,Mamou,1930,Dinguiray,True,88,88,12,172.31693855004593
1928,Mamou,1932,Bougouni,True,88,88,10,80.38198385801388
1929,Koumbia,1930,Dinguiray,True,88,88,8,102.22039110894983
1930,Dinguiray,1932,Bougouni,True,88,88,14,134.55559644732216
1930,Dinguiray,1936,Kita,True,88,88,12,148.387881354546
1931,Bamako,1932,Bougouni,True,88,88,12,157.16844648017445
1931,Bamako,1936,Kita,True,88,88,8,70.004437207565
1931,Bamako,1937,Banamba,True,88,88,12,102.80776841419605
1932,Bougouni,1936,Kita,True,88,88,4,36.492422502470646
1932,Bougouni,1937,Banamba,True,88,88,12,81.63583627095478
1932,Bougouni,1939,Koutiala,True,88,88,18,160.35535353126377
1933,Djenné,1934,San,True,88,88,22,154.13828914477318
1933,Djenné,1938,Segou,True,88,88,14,116.15804419614057
1933,Djenné,1942,Bandiagara,True,88,88,18,204.39778658729855
1933,Djenné,1943,Niafounke,True,88,88,10,166.67235210022892
1933,Djenné,1945,Mopti,True,88,88,12,88.40110429614674
1934,San,1938,Segou,True,88,88,8,95.4865065203567
1934,San,1939,Koutiala,True,88,88,16,160.75850436825996
1935,Kayes,1936,Kita,True,88,88,14,154.46446065522184
1936,Kita,1937,Banamba,True,88,88,10,104.96216777059287
1937,Banamba,1938,Segou,True,88,88,12,129.5176817826638
1937,Banamba,1939,Koutiala,True,88,88,4,26.307660684327388
1937,Banamba,1944,Sokolo,True,88,88,16,149.23689151833273
1938,Segou,1939,Koutiala,True,88,88,18,163.57401940995865
1938,Segou,1943,Niafounke,True,88,88,8,53.0132896549363
1938,Segou,1944,Sokolo,True,88,88,14,199.32282572469302
1938,Segou,1945,Mopti,True,88,88,10,73.78345591352513
1940,Homobori,1941,Bamba,True,88,88,16,104.22740269830511
1940,Homobori,1942,Bandiagara,True,88,88,20,218.6103189712323
1941,Bamba,1942,Bandiagara,True,88,88,4,32.80350850198276
1941,Bamba,1947,Tanezrouft,True,88,88,4,27.976627643559773
1942,Bandiagara,1943,Niafounke,True,88,88,10,107.8867239780354
1943,Niafounke,1944,Sokolo,True,88,88,16,129.61163111728456
1943,Niafounke,1945,Mopti,True,88,88,12,101.185197353676
1943,Niafounke,1946,El Djouf,True,88,88,6,60.11215922954892
1944,Sokolo,1946,El Djouf,True,88,88,12,137.83371665747333
1948,Villa Cisneros,1949,Auadi,True,83,83,16,240.55066035528296
1948,Villa Cisneros,1953,Mijek,True,83,83,4,52.658785140186595
1948,Villa Cisneros,1954,Bojador,True,83,83,18,174.32236950803843
1950,Laâyoune,1951,Smara,True,83,83,8,106.08649453438524
1950,Laâyoune,1954,Bojador,True,83,83,6,105.26164833717706
1951,Smara,1952,Bir Lehlu,True,83,83,18,207.8588491702214
1951,Smara,1953,Mijek,True,83,83,10,118.26945170509491
1951,Smara,1954,Bojador,True,83,83,10,85.44949044054604
1953,Mijek,1954,Bojador,True,83,83,22,237.87963306242315
1957,Majunga,1962,Marovoay,True,108,108,10,97.52147083145448
1957,Majunga,1967,Soalala,True,108,108,6,73.21743195781501
1958,Fianarantsoa,1969,Ihosi,True,108,108,10,85.89904837125096
1958,Fianarantsoa,1975,Ambositra,True,108,108,6,52.94276759791565
1958,Fianarantsoa,1978,Farafangana,True,108,108,8,70.13342254079109
1958,Fianarantsoa,1979,Vatomandry,True,108,108,8,47.05469974338095
1959,Tuléar,1972,Morombe,True,108,108,8,86.96408947265822
1959,Tuléar,1977,Betioky,True,108,108,10,126.84803940623499
1960,Tamatave,1964,Mananara,True,108,108,8,61.88991603571287
1960,Tamatave,1965,Maevatanana,True,108,108,8,84.14887826270265
1960,Tamatave,1968,Tananrive,True,108,108,6,73.7472920982809
1961,Antalaha,1963,Ananalava,True,108,108,12,131.60152761081338
1961,Antalaha,1964,Mananara,True,108,108,6,82.30698617254694
1962,Marovoay,1963,Ananalava,True,108,108,12,161.41120877131434
1962,Marovoay,1964,Mananara,True,108,108,14,127.25632000547893
1962,Marovoay,1965,Maevatanana,True,108,108,12,135.24293995325647
1962,Marovoay,1967,Soalala,True,108,108,4,29.036907216812047
1963,Ananalava,1964,Mananara,True,108,108,2,16.0
1964,Mananara,1965,Maevatanana,True,108,108,2,16.492422502470642
1965,Maevatanana,1966,Morafenobe,True,108,108,6,55.09931352870386
1965,Maevatanana,1967,Soalala,True,108,108,14,134.22371344437664
1965,Maevatanana,1968,Tananrive,True,108,108,18,176.31936975866432
1966,Morafenobe,1967,Soalala,True,108,108,12,182.3169846654511
1966,Morafenobe,1968,Tananrive,True,108,108,8,78.39614629915663
1966,Morafenobe,1973,Morondava,True,108,108,14,166.75473220763195
1966,Morafenobe,1974,Miarinarivo,True,108,108,4,65.95367804718668
1968,Tananrive,1974,Miarinarivo,True,108,108,12,122.16359390602808
1968,Tananrive,1975,Ambositra,True,108,108,10,98.92318050080468
1968,Tananrive,1979,Vatomandry,True,108,108,8,80.56023802536033
1969,Ihosi,1970,Fort Dauphin,True,108,108,8,85.93711926114293
1969,Ihosi,1972,Morombe,True,108,108,16,149.59587879925195
1969,Ihosi,1973,Morondava,True,108,108,14,127.0248611457391
1969,Ihosi,1975,Ambositra,True,108,108,8,43.071045367804146
1969,Ihosi,1977,Betioky,True,108,108,6,62.46043999609644
1969,Ihosi,1978,Farafangana,True,108,108,12,121.37918642783424
1970,Fort Dauphin,1971,Tsihombe,True,108,108,14,141.9496922507359
1970,Fort Dauphin,1977,Betioky,True,108,108,10,107.96324064095879
1970,Fort Dauphin,1978,Farafangana,True,108,108,10,104.52406122860728
1971,Tsihombe,1977,Betioky,True,108,108,14,148.2563935764266
1972,Morombe,1973,Morondava,True,108,108,10,118.13400613109083
1972,Morombe,1977,Betioky,True,108,108,12,79.56259388685558
1973,Morondava,1974,Miarinarivo,True,108,108,8,71.78931801502159
1973,Morondava,1975,Ambositra,True,108,108,10,161.73173661784318
1974,Miarinarivo,1975,Ambositra,True,108,108,10,98.87794798702407
1975,Ambositra,1979,Vatomandry,True,108,108,10,165.21076679825785
1976,Chengteh,2014,Tolunnoerh,True,140,140,22,238.1034946153294
1976,Chengteh,2397,Tianjin,False,140,138,16,169.96984243359879
1976,Chengteh,2448,Kingpeng,True,140,140,10,113.05782599867162
1976,Chengteh,2486,Chihfeng,True,140,140,24,205.0630401615259
1976,Chengteh,2487,Qinhuangdao,True,140,140,12,122.2470550916908
1976,Chengteh,2540,Suanhwa,False,140,138,8,75.13921607123811
1978,Farafangana,1979,Vatomandry,True,108,108,8,82.20357484794543
1980,Mecca,1982,Ashaira,True,114,114,12,129.0409260856161
1980,Mecca,2017,Qadhima,True,114,114,8,64.75864261694865
1981,Mendak,1982,Ashaira,True,114,114,12,180.33311214940434
1981,Mendak,1995,Hajariya,False,114,117,8,85.14723218996217
1981,Mendak,1996,Sabiya,False,114,117,8,106.95104088876303
1981,Mendak,2018,Debaba,False,114,117,8,140.70583196158094
1982,Ashaira,1995,Hajariya,False,114,117,14,180.91077675725055
1982,Ashaira,2017,Qadhima,True,114,114,6,82.61899251041383
1983,Yenbo,1984,Wejh,True,114,114,10,116.8146295921562
1983,Yenbo,1988,Hadiya,True,114,114,18,212.3106865045361
1983,Yenbo,2017,Qadhima,True,114,114,12,92.29458569417028
1984,Wejh,1985,Maqna,True,114,114,10,90.88067352488287
1984,Wejh,1986,Tabuk,True,114,114,10,131.79648348935183
1984,Wejh,1987,Medain Salih,True,114,114,16,215.0995529001409
1984,Wejh,1988,Hadiya,True,114,114,2,13.416407864998739
1985,Maqna,1986,Tabuk,True,114,114,16,204.74355825208343
1985,Maqna,2045,Aqaba,False,114,115,20,151.28596683299438
1986,Tabuk,1987,Medain Salih,True,114,114,14,149.21481636892435
1986,Tabuk,2003,Taima,False,114,117,12,226.19544907088277
1986,Tabuk,2045,Aqaba,False,114,115,6,104.57374269174004
1986,Tabuk,2046,Ma'an,False,114,115,10,87.69498229723118
1987,Medain Salih,1988,Hadiya,True,114,114,12,127.76053285643559
1987,Medain Salih,2003,Taima,False,114,117,18,213.6992113058784
1988,Hadiya,1989,Khaibar,False,114,117,16,220.07740047074964
1988,Hadiya,2003,Taima,False,114,117,4,35.40242724920025
1988,Hadiya,2017,Qadhima,True,114,114,12,74.618135638626
1989,Khaibar,1994,Medina,True,117,117,12,182.2564267620289
1989,Khaibar,1995,Hajariya,True,117,117,8,65.22111557299807
1989,Khaibar,2000,Shaqra,True,117,117,18,247.9079226718956
1989,Khaibar,2003,Taima,True,117,117,10,182.24334872872188
1989,Khaibar,2006,Hail,True,117,117,6,56.8622097810086
1989,Khaibar,2011,Qunsuliya,True,117,117,8,67.09784650662554
1989,Khaibar,2017,Qadhima,False,117,114,6,55.09003072752134
1990,Jauf,1991,Sakaka,True,117,117,14,98.73902910493123
1990,Jauf,1992,Kaf,True,117,117,8,71.31606540675449
1990,Jauf,2002,Jubbah,True,117,117,10,104.29682237245842
1991,Sakaka,1992,Kaf,True,117,117,18,140.48015610464827
1991,Sakaka,2002,Jubbah,True,117,117,8,71.73810509980197
1991,Sakaka,2004,Qasr al Haiyanya,True,117,117,20,207.61075668240517
1991,Sakaka,2058,Al-Nukhib,False,117,116,8,94.68395778135707
1991,Sakaka,2059,Qasr'Uthaimin,False,117,116,6,69.5302764663126
1992,Kaf,2002,Jubbah,True,117,117,12,96.0114980910069
1992,Kaf,2044,Bādiyat Ash-shām,False,117,115,8,200.43831023181622
1992,Kaf,2046,Ma'an,False,117,115,6,86.92817480249474
1992,Kaf,2057,Rutba,False,117,116,6,113.60905015384108
1992,Kaf,2058,Al-Nukhib,False,117,116,4,59.24096932045208
1993,Doha,2019,Al Hofuf,True,118,118,8,68.49322115502517
1994,Medina,1995,Hajariya,True,117,117,10,132.65685693655945
1995,Hajariya,2011,Qunsuliya,True,117,117,18,255.61121319371733
1995,Hajariya,2017,Qadhima,False,117,114,8,65.11580158474123
1995,Hajariya,2018,Debaba,True,117,117,16,108.8200496066063
1996,Sabiya,2012,Dhamar,True,117,117,20,125.03554362941955
1996,Sabiya,2013,Hodeida,True,117,117,10,60.485754102873585
1996,Sabiya,2016,Maqlaf,True,117,117,10,99.44181327497424
1996,Sabiya,2018,Debaba,True,117,117,20,257.839176983244
1997,Laila,1998,Riyadh,True,117,117,10,110.28621927075592
1997,Laila,1999,Mubarraz,True,117,117,14,147.02407163412167
1997,Laila,2000,Shaqra,True,117,117,14,124.96502736403775
1997,Laila,2001,Dam,True,117,117,4,56.0473512211828
1997,Laila,2007,Jabrin,True,117,117,14,196.739276417169
1997,Laila,2009,Raydā,True,117,117,8,185.38237881794691
1997,Laila,2010,Ash Shalfa,True,117,117,26,249.77844140544897
1997,Laila,2011,Qunsuliya,True,117,117,16,271.2560505958095
1998,Riyadh,1999,Mubarraz,True,117,117,10,103.19261120555183
1998,Riyadh,2000,Shaqra,True,117,117,12,125.13135608649678
1999,Mubarraz,2000,Shaqra,True,117,117,18,164.66878119102677
1999,Mubarraz,2007,Jabrin,True,117,117,8,89.28860775418963
1999,Mubarraz,2019,Al Hofuf,False,117,118,24,318.5328755852974
1999,Mubarraz,2021,Qasr es Sabh,False,117,118,2,12.806248474865697
1999,Mubarraz,2023,Sharja,False,117,119,2,28.284271247461902
2000,Shaqra,2005,Buraida,True,117,117,22,353.9554920402863
2000,Shaqra,2006,Hail,True,117,117,8,106.57194871450254
2000,Shaqra,2011,Qunsuliya,True,117,117,16,257.60300143207564
2000,Shaqra,2021,Qasr es Sabh,False,117,118,16,142.52155164828864
2001,Dam,2009,Raydā,True,117,117,2,28.071337695236398
2001,Dam,2011,Qunsuliya,True,117,117,6,119.42440145708721
2001,Dam,2018,Debaba,True,117,117,12,154.45808260308462
2002,Jubbah,2003,Taima,True,117,117,16,279.74346810178577
2002,Jubbah,2004,Qasr al Haiyanya,True,117,117,10,108.10385176860684
2002,Jubbah,2006,Hail,True,117,117,8,141.0685067874178
2002,Jubbah,2046,Ma'an,False,117,115,16,220.13562029035694
2003,Taima,2006,Hail,True,117,117,28,350.1645141829951
2003,Taima,2046,Ma'an,False,117,115,6,47.13757225660003
2004,Qasr al Haiyanya,2005,Buraida,True,117,117,12,155.0888940094878
2004,Qasr al Haiyanya,2006,Hail,True,117,117,10,168.59007896515382
2004,Qasr al Haiyanya,2020,Kahafa,False,117,118,6,58.252905900005786
2004,Qasr al Haiyanya,2059,Qasr'Uthaimin,False,117,116,8,114.0804131684325
2004,Qasr al Haiyanya,2077,Al Jahra,False,117,116,8,113.87700599592614
2005,Buraida,2006,Hail,True,117,117,24,285.7255755374709
2005,Buraida,2020,Kahafa,False,117,118,16,224.00396503953186
2005,Buraida,2021,Qasr es Sabh,False,117,118,6,64.93542801249478
2007,Jabrin,2008,Rub' al Khali,True,117,117,22,257.3938791920798
2007,Jabrin,2010,Ash Shalfa,True,117,117,14,133.6258808257617
2007,Jabrin,2023,Sharja,False,117,119,20,168.78453107553975
2008,Rub' al Khali,2010,Ash Shalfa,True,117,117,18,357.4270163273905
2008,Rub' al Khali,2023,Sharja,False,117,119,10,77.109509775503
2008,Rub' al Khali,2024,Ibri,False,117,119,22,204.08386382147305
2008,Rub' al Khali,2028,Murbat,False,117,119,6,55.24766885383957
2008,Rub' al Khali,2030,Sharkh,False,117,119,10,121.37850293478813
2008,Rub' al Khali,2031,Juwara,False,117,119,18,247.90402454025107
2009,Raydā,2010,Ash Shalfa,True,117,117,24,401.04061319992405
2009,Raydā,2016,Maqlaf,True,117,117,20,241.0171644687699
2009,Raydā,2018,Debaba,True,117,117,18,244.809810831282
2009,Raydā,2027,Sakwa,False,117,119,6,80.81147142317235
2009,Raydā,2029,Saihut,False,117,119,12,144.6325476252039
2010,Ash Shalfa,2028,Murbat,False,117,119,14,169.96058202323735
2010,Ash Shalfa,2029,Saihut,False,117,119,10,137.8289235811476
2011,Qunsuliya,2018,Debaba,True,117,117,16,161.66653174447214
2012,Dhamar,2013,Hodeida,True,117,117,8,50.97495135372843
2012,Dhamar,2015,Mocha,True,117,117,26,177.65819557564524
2012,Dhamar,2016,Maqlaf,True,117,117,28,276.3161222863541
2012,Dhamar,2025,Aden,False,117,119,6,57.8386129668547
2012,Dhamar,2027,Sakwa,False,117,119,12,113.3566050473072
2013,Hodeida,2015,Mocha,True,117,117,8,53.01757062413756
2014,Tolunnoerh,2448,Kingpeng,True,140,140,22,180.28606480048862
2014,Tolunnoerh,2540,Suanhwa,False,140,138,6,96.23971570877193
2014,Tolunnoerh,3036,Zhèngxiāngbái,True,140,140,30,227.7771920195238
2015,Mocha,2025,Aden,False,117,119,16,232.41673876956142
2016,Maqlaf,2018,Debaba,True,117,117,14,219.35507457703528
2016,Maqlaf,2027,Sakwa,False,117,119,6,56.57014076477435
2019,Al Hofuf,2021,Qasr es Sabh,True,118,118,10,98.34574891775785
2019,Al Hofuf,2023,Sharja,False,118,119,12,99.92079129292111
2020,Kahafa,2021,Qasr es Sabh,True,118,118,12,96.00207844060712
2020,Kahafa,2077,Al Jahra,False,118,116,8,66.77763864743662
2022,Muscat,2024,Ibri,True,119,119,10,101.19856507803888
2022,Muscat,2030,Sharkh,True,119,119,8,67.32897992837964
2023,Sharja,2024,Ibri,True,119,119,22,313.7604400691857
2024,Ibri,2030,Sharkh,True,119,119,26,274.22961166346477
2025,Aden,2026,Mukalla,True,119,119,10,81.40775999878115
2025,Aden,2027,Sakwa,True,119,119,12,136.278169805446
2026,Mukalla,2027,Sakwa,True,119,119,22,224.68446502880164
2026,Mukalla,2029,Saihut,True,119,119,12,116.01553439644542
2027,Sakwa,2029,Saihut,True,119,119,10,76.9842276323571
2028,Murbat,2029,Saihut,True,119,119,18,180.982764110417
2028,Murbat,2031,Juwara,True,119,119,14,177.2351127191768
2030,Sharkh,2031,Juwara,True,119,119,26,195.54356352018226
2032,Haifa,2035,Beirut,True,115,115,6,47.98040809464311
2032,Haifa,2036,Jaffa,True,115,115,14,78.20026216322644
2032,Haifa,2037,Damascus,True,115,115,12,94.88208307684263
2032,Haifa,2043,Ammam,True,115,115,18,98.90497149798709
2033,Sharamuren,2108,Kalgan,True,147,147,6,76.09423893737048
2033,Sharamuren,2109,Kweihwa,True,147,147,14,134.03411881929125
2033,Sharamuren,2402,Mangan,True,147,147,12,104.44429917737622
2034,Jerusalem,2036,Jaffa,True,115,115,12,115.87002177046219
2034,Jerusalem,2043,Ammam,True,115,115,10,80.31844903364251
2034,Jerusalem,2047,Hebron,True,115,115,6,48.2163912166691
2035,Beirut,2037,Damascus,True,115,115,8,70.15519494032637
2035,Beirut,2038,Hama,True,115,115,10,87.79055583176175
2036,Jaffa,2043,Ammam,True,115,115,8,20.018910285980674
2036,Jaffa,2045,Aqaba,True,115,115,8,96.76004282736176
2036,Jaffa,2047,Hebron,True,115,115,22,163.72608733520903
2037,Damascus,2038,Hama,True,115,115,12,94.62882736682499
2037,Damascus,2043,Ammam,True,115,115,8,108.93723605175198
2037,Damascus,2044,Bādiyat Ash-shām,True,115,115,2,18.973665961010276
2037,Damascus,2051,Palmyra,True,115,115,16,153.6132843526456
2038,Hama,2050,Al Dana,True,115,115,10,67.33723004879228
2038,Hama,2051,Palmyra,True,115,115,6,57.836727073502736
2038,Hama,2054,Meskene,True,115,115,12,140.39819621018916
2039,Aleppo,2040,Al-Raqqah,True,115,115,6,36.91246523799996
2039,Aleppo,2050,Al Dana,True,115,115,14,80.51963365290972
2039,Aleppo,2053,Manbij,True,115,115,8,39.2604099952022
2039,Aleppo,2054,Meskene,True,115,115,16,68.43430909042061
2040,Al-Raqqah,2041,Tell Kotchek,True,115,115,4,19.255610988507577
2040,Al-Raqqah,2042,Deir ez Zor,True,115,115,10,69.78830166228023
2040,Al-Raqqah,2048,Soukhné,True,115,115,10,50.955295228382845
2040,Al-Raqqah,2049,Abu Kemal,True,115,115,4,16.47213595499958
2040,Al-Raqqah,2052,Al Suwar,True,115,115,12,86.62725151266199
2040,Al-Raqqah,2053,Manbij,True,115,115,22,179.67720693562148
2040,Al-Raqqah,2054,Meskene,True,115,115,14,82.95198935443499
2041,Tell Kotchek,2052,Al Suwar,True,115,115,12,129.3608335910008
2041,Tell Kotchek,2053,Manbij,True,115,115,10,70.408786744059
2041,Tell Kotchek,2067,Qal a Sharqat,False,115,116,14,138.75506530133933
2041,Tell Kotchek,2074,Duhok,False,115,116,12,118.39639983105775
2042,Deir ez Zor,2049,Abu Kemal,True,115,115,10,74.41071437275313
2042,Deir ez Zor,2052,Al Suwar,True,115,115,10,59.57454434114433
2043,Ammam,2044,Bādiyat Ash-shām,True,115,115,20,183.3673021995999
2043,Ammam,2047,Hebron,True,115,115,14,119.06414839618893
2044,Bādiyat Ash-shām,2046,Ma'an,True,115,115,4,40.90553373393804
2044,Bādiyat Ash-shām,2047,Hebron,True,115,115,10,79.3944981131308
2044,Bādiyat Ash-shām,2049,Abu Kemal,True,115,115,2,20.591260281974
2044,Bādiyat Ash-shām,2051,Palmyra,True,115,115,8,107.31594643030422
2044,Bādiyat Ash-shām,2057,Rutba,False,115,116,2,157.175061635108
2045,Aqaba,2046,Ma'an,True,115,115,14,143.3397434922482
2045,Aqaba,2047,Hebron,True,115,115,6,55.4204465010505
2046,Ma'an,2047,Hebron,True,115,115,18,270.79640580809127
2048,Soukhné,2049,Abu Kemal,True,115,115,18,184.379694182612
2048,Soukhné,2051,Palmyra,True,115,115,12,121.53909735888
2048,Soukhné,2054,Meskene,True,115,115,16,129.0714587274544
2049,Abu Kemal,2051,Palmyra,True,115,115,6,87.20320305041972
2049,Abu Kemal,2052,Al Suwar,True,115,115,10,91.70230824438929
2049,Abu Kemal,2057,Rutba,False,115,116,4,47.71237246782512
2049,Abu Kemal,2068,Anah,False,115,116,10,165.88763167018627
2050,Al Dana,2053,Manbij,True,115,115,10,60.36425919198259
2050,Al Dana,2054,Meskene,True,115,115,10,76.04130838765201
2051,Palmyra,2054,Meskene,True,115,115,2,17.204650534085253
2052,Al Suwar,2067,Qal a Sharqat,False,115,116,6,54.31101443036412
2052,Al Suwar,2068,Anah,False,115,116,4,34.560219778561034
2052,Al Suwar,2075,Baiji,False,115,116,6,69.6227766016838
2055,Al Kuwait,2077,Al Jahra,True,116,116,10,115.7995780384679
2056,Basra,2059,Qasr'Uthaimin,True,116,116,2,12.0
2056,Basra,2065,Amara,True,116,116,2,12.806248474865697
2056,Basra,2066,Samawa,True,116,116,6,57.70205784615957
2056,Basra,2077,Al Jahra,True,116,116,10,68.26665112032805
2056,Basra,2100,Ahvaz,False,116,120,6,62.54319548032779
2057,Rutba,2058,Al-Nukhib,True,116,116,12,121.06949160622462
2057,Rutba,2068,Anah,True,116,116,18,122.77075043185445
2057,Rutba,2071,Ramadi,True,116,116,6,60.16198176067983
2058,Al-Nukhib,2059,Qasr'Uthaimin,True,116,116,6,51.45146257870932
2058,Al-Nukhib,2066,Samawa,True,116,116,12,80.33476967052329
2058,Al-Nukhib,2071,Ramadi,True,116,116,12,131.43099041368768
2058,Al-Nukhib,2073,An Najaf,True,116,116,10,82.62999731566316
2059,Qasr'Uthaimin,2066,Samawa,True,116,116,16,198.43213239833156
2059,Qasr'Uthaimin,2077,Al Jahra,True,116,116,16,171.12282495121374
2060,Mosul,2061,Erbil,True,116,116,6,34.81463570126996
2060,Mosul,2067,Qal a Sharqat,True,116,116,12,82.65672494633706
2060,Mosul,2074,Duhok,True,116,116,16,105.47440982958582
2061,Erbil,2062,Kirkuk,True,116,116,22,182.42320404002592
2061,Erbil,2067,Qal a Sharqat,True,116,116,8,59.351248973321255
2061,Erbil,2074,Duhok,True,116,116,18,186.62378296422813
2061,Erbil,2086,Urmia,False,116,120,14,148.48559110292433
2061,Erbil,2087,Zanjan,False,116,120,8,100.11222526470047
2062,Kirkuk,2063,Kalar,True,116,116,12,96.78163019093267
2062,Kirkuk,2067,Qal a Sharqat,True,116,116,18,128.2294562194823
2062,Kirkuk,2075,Baiji,True,116,116,4,61.00530801395655
2062,Kirkuk,2076,Tuz Khurma,True,116,116,14,123.20850815778971
2062,Kirkuk,2087,Zanjan,False,116,120,28,173.63843275186144
2063,Kalar,2076,Tuz Khurma,True,116,116,14,150.74296679167634
2063,Kalar,2078,Mandali,True,116,116,16,143.9604688321835
2063,Kalar,2087,Zanjan,False,116,120,6,80.19504248999334
2063,Kalar,2089,Kermanshah,False,116,120,12,166.03331078202046
2064,Baghdad,2072,Fallujah,True,116,116,12,91.79497531385557
2064,Baghdad,2073,An Najaf,True,116,116,12,74.20339532734467
2064,Baghdad,2078,Mandali,True,116,116,12,97.52119104741917
2065,Amara,2066,Samawa,True,116,116,8,114.94854151473136
2065,Amara,2073,An Najaf,True,116,116,16,122.06517729364546
2065,Amara,2078,Mandali,True,116,116,10,90.17126429618759
2065,Amara,2100,Ahvaz,False,116,120,16,231.0695163132386
2066,Samawa,2073,An Najaf,True,116,116,18,178.1359435359665
2067,Qal a Sharqat,2074,Duhok,True,116,116,16,81.10122370022967
2067,Qal a Sharqat,2075,Baiji,True,116,116,8,193.87816302362154
2068,Anah,2069,Tikrit,True,116,116,8,68.20213095922601
2068,Anah,2070,Samarra,True,116,116,14,66.01900256002915
2068,Anah,2071,Ramadi,True,116,116,10,121.91211874877047
2068,Anah,2075,Baiji,True,116,116,20,180.42294077267155
2069,Tikrit,2070,Samarra,True,116,116,12,62.358919789397255
2069,Tikrit,2075,Baiji,True,116,116,10,61.16981256264771
2069,Tikrit,2076,Tuz Khurma,True,116,116,6,58.75900038644387
2070,Samarra,2071,Ramadi,True,116,116,10,87.63158809477811
2070,Samarra,2072,Fallujah,True,116,116,18,148.87939762414143
2070,Samarra,2076,Tuz Khurma,True,116,116,16,129.78566755325457
2070,Samarra,2078,Mandali,True,116,116,8,44.49350569243189
2071,Ramadi,2072,Fallujah,True,116,116,12,87.17096435055396
2071,Ramadi,2073,An Najaf,True,116,116,6,33.1055255032801
2072,Fallujah,2073,An Najaf,True,116,116,16,86.56022639651488
2072,Fallujah,2078,Mandali,True,116,116,12,47.47388196660652
2073,An Najaf,2078,Mandali,True,116,116,10,61.897737503469685
2075,Baiji,2076,Tuz Khurma,True,116,116,8,102.97516081340159
2076,Tuz Khurma,2078,Mandali,True,116,116,6,37.5813998517705
2078,Mandali,2089,Kermanshah,False,116,120,6,82.89677580534726
2078,Mandali,2100,Ahvaz,False,116,120,6,53.40907296741014
2079,Tehran,2080,Amol,True,120,120,8,100.65208833576517
2079,Tehran,2088,Karaj,True,120,120,8,89.45806713337701
2079,Tehran,2098,Kashan,True,120,120,10,99.005284874034
2080,Amol,2088,Karaj,True,120,120,14,92.34070998529714
2080,Amol,2097,Gorgan,True,120,120,28,228.6706305649005
2080,Amol,2098,Kashan,True,120,120,12,193.0104622238016
2081,Gyumri,2082,Baku,True,120,120,22,234.0172252012382
2081,Gyumri,2086,Urmia,True,120,120,12,146.67553390745954
2081,Gyumri,3169,Tiflis,False,120,171,8,111.89654357681881
2081,Gyumri,3188,Signalki,False,120,171,10,156.76176583927185
2082,Baku,2084,Tabriz,True,120,120,6,50.98256256482175
2082,Baku,2085,Ardabil,True,120,120,28,213.4557330217036
2082,Baku,2086,Urmia,True,120,120,10,68.9355549153812
2082,Baku,3188,Signalki,False,120,171,6,69.9334116584686
2082,Baku,3192,Petrovsk,False,120,170,12,112.0586718030274
2083,Reshawar,2090,Abbottabad,True,122,122,16,150.36236181594492
2083,Reshawar,2111,Jelalabad,False,122,121,20,218.3689014078364
2083,Reshawar,2116,Ghazni,False,122,121,6,44.448100513896854
2083,Reshawar,2131,Gilgit,True,122,122,14,149.01968266617249
2083,Reshawar,2142,Bannu,True,122,122,26,281.4681188453989
2084,Tabriz,2085,Ardabil,True,120,120,8,78.1919888704304
2084,Tabriz,2086,Urmia,True,120,120,10,119.95908454649624
2084,Tabriz,2087,Zanjan,True,120,120,8,49.25502083185343
2085,Ardabil,2087,Zanjan,True,120,120,24,218.92326787549254
2085,Ardabil,2088,Karaj,True,120,120,12,98.87123420892516
2086,Urmia,2087,Zanjan,True,120,120,20,181.67517088200836
2087,Zanjan,2088,Karaj,True,120,120,18,189.6804012991926
2087,Zanjan,2089,Kermanshah,True,120,120,14,102.57612391667028
2088,Karaj,2089,Kermanshah,True,120,120,16,147.24320446753435
2088,Karaj,2098,Kashan,True,120,120,18,177.24230095334826
2089,Kermanshah,2098,Kashan,True,120,120,14,189.78119529529067
2089,Kermanshah,2099,Isfahan,True,120,120,10,140.15459610708692
2089,Kermanshah,2100,Ahvaz,True,120,120,26,214.45316312986952
2090,Abbottabad,2130,Astor,False,122,131,14,131.55708408423305
2090,Abbottabad,2131,Gilgit,True,122,122,12,86.16265504448809
2090,Abbottabad,2132,Rawalpindi,True,122,122,12,82.227390576866
2090,Abbottabad,2142,Bannu,True,122,122,6,12.485281374238571
2091,Bandar Busher,2099,Isfahan,True,120,120,20,218.07799102718997
2091,Bandar Busher,2100,Ahvaz,True,120,120,10,120.1767149384138
2091,Bandar Busher,2101,Shiraz,True,120,120,8,124.17633472089287
2091,Bandar Busher,2102,Sirjan,True,120,120,2,127.90621564255585
2092,Bandar Abbas,2102,Sirjan,True,120,120,12,116.04347497465754
2092,Bandar Abbas,2103,Gonbaki,True,120,120,10,77.2037006778073
2093,Chabahar,2094,Zahedan,True,120,120,26,281.3738630218036
2093,Chabahar,2103,Gonbaki,True,120,120,20,260.94178633482653
2093,Chabahar,2125,Gwadar,False,120,122,12,158.65139602848484
2093,Chabahar,2137,Isai Kalat,False,120,122,20,148.2155375820413
2093,Chabahar,2138,Dalbandin,False,120,122,2,17.88854381999832
2094,Zahedan,2095,Kerman,True,120,120,12,78.79449120121267
2094,Zahedan,2103,Gonbaki,True,120,120,16,201.31604253084032
2094,Zahedan,2105,Tabas,True,120,120,8,35.709156513336296
2094,Zahedan,2106,Birjand,True,120,120,16,197.93623828710284
2094,Zahedan,2121,Deshu,False,120,121,12,150.69993451610588
2094,Zahedan,2138,Dalbandin,False,120,122,18,228.2702331015163
2095,Kerman,2102,Sirjan,True,120,120,10,83.62552559358889
2095,Kerman,2103,Gonbaki,True,120,120,8,84.64495381722075
2095,Kerman,2105,Tabas,True,120,120,10,105.68359289906478
2096,Mashhad,2097,Gorgan,True,120,120,30,327.8034792718189
2096,Mashhad,2107,Gonabad,True,120,120,16,239.91130942250544
2096,Mashhad,2113,Herat,False,120,121,8,53.09148902860399
2096,Mashhad,3111,Anau,False,120,172,12,192.64102217127487
2096,Mashhad,3117,Kyzyl-Arvat,False,120,172,6,66.5233941357351
2096,Mashhad,3118,Bäherden,False,120,172,14,171.28351114353836
2097,Gorgan,2098,Kashan,True,120,120,12,94.20221122389034
2097,Gorgan,2104,Khur,True,120,120,4,42.46043101723968
2097,Gorgan,2107,Gonabad,True,120,120,20,202.90189993623693
2097,Gorgan,3117,Kyzyl-Arvat,False,120,172,10,137.07648617474723
2098,Kashan,2099,Isfahan,True,120,120,16,223.11634979574305
2098,Kashan,2104,Khur,True,120,120,14,175.4611079223831
2099,Isfahan,2100,Ahvaz,True,120,120,10,96.76345530404681
2099,Isfahan,2101,Shiraz,True,120,120,4,48.373546489791295
2099,Isfahan,2102,Sirjan,True,120,120,8,56.829844630406384
2099,Isfahan,2104,Khur,True,120,120,20,228.60471794956112
2101,Shiraz,2102,Sirjan,True,120,120,14,176.79442666030926
2102,Sirjan,2103,Gonbaki,True,120,120,18,191.8812365382573
2102,Sirjan,2104,Khur,True,120,120,20,217.51826388333268
2102,Sirjan,2105,Tabas,True,120,120,12,110.1025829121459
2104,Khur,2105,Tabas,True,120,120,22,277.8322254775655
2104,Khur,2107,Gonabad,True,120,120,6,69.83693797045106
2105,Tabas,2106,Birjand,True,120,120,16,232.5099267652315
2105,Tabas,2107,Gonabad,True,120,120,10,155.42887801129928
2106,Birjand,2107,Gonabad,True,120,120,22,192.69284987908517
2106,Birjand,2113,Herat,False,120,121,4,41.276691072192236
2106,Birjand,2115,Farah,False,120,121,14,221.56547908547003
2106,Birjand,2121,Deshu,False,120,121,6,64.89423053635728
2107,Gonabad,2113,Herat,False,120,121,16,227.18410370120378
2108,Kalgan,2109,Kweihwa,True,147,147,18,307.43507354002156
2108,Kalgan,2402,Mangan,True,147,147,10,132.77716418395948
2108,Kalgan,2429,Uniket,True,147,147,10,185.58679605718766
2109,Kweihwa,2286,Soping,False,147,138,2,28.635642126552707
2109,Kweihwa,2402,Mangan,True,147,147,8,60.34525195465562
2109,Kweihwa,2484,Hangkin,True,147,147,16,181.0377329672773
2109,Kweihwa,2485,Ashan,True,147,147,10,160.0343718888184
2109,Kweihwa,2560,Baiyin,False,147,149,4,118.30420324095982
2110,Kabul,2111,Jelalabad,True,121,121,12,110.61043617260424
2110,Kabul,2116,Ghazni,True,121,121,8,64.20211953773193
2110,Kabul,2117,Bamyan,True,121,121,12,124.7869689289462
2111,Jelalabad,2116,Ghazni,True,121,121,16,144.2393072638339
2111,Jelalabad,2117,Bamyan,True,121,121,12,96.95551492592628
2111,Jelalabad,2118,Faizabad,True,121,121,10,138.50268601424509
2111,Jelalabad,2131,Gilgit,False,121,122,10,142.6269823663151
2111,Jelalabad,2472,Kargilik,False,121,150,6,56.373739091593315
2112,Mazar-i-Sherif,2117,Bamyan,True,121,121,14,141.0444340739505
2112,Mazar-i-Sherif,2118,Faizabad,True,121,121,18,182.69127258382554
2112,Mazar-i-Sherif,2119,Chaghcharān,True,121,121,18,175.46560628396068
2112,Mazar-i-Sherif,3113,Mary,False,121,172,14,177.73904543335186
2112,Mazar-i-Sherif,3122,Termiz,False,121,172,10,153.54982444843083
2113,Herat,2115,Farah,True,121,121,20,257.6407502751661
2113,Herat,2119,Chaghcharān,True,121,121,12,182.63361019759688
2113,Herat,2120,Zirni,True,121,121,8,42.84396971579137
2113,Herat,3111,Anau,False,121,172,18,189.0971299692095
2114,Kandahar,2115,Farah,True,121,121,4,47.20294101747089
2114,Kandahar,2116,Ghazni,True,121,121,16,175.37976082599147
2114,Kandahar,2120,Zirni,True,121,121,14,214.0638595697659
2114,Kandahar,2121,Deshu,True,121,121,20,250.2989943723552
2114,Kandahar,2122,Kalat,False,121,122,14,135.2777846102398
2114,Kandahar,2134,Loralai,False,121,122,12,148.62811449891763
2114,Kandahar,2138,Dalbandin,False,121,122,4,26.307660684327388
2115,Farah,2120,Zirni,True,121,121,18,182.8758195845428
2115,Farah,2121,Deshu,True,121,121,24,242.53242459152438
2116,Ghazni,2117,Bamyan,True,121,121,10,130.6848019252111
2116,Ghazni,2120,Zirni,True,121,121,4,45.40939982143925
2116,Ghazni,2134,Loralai,False,121,122,10,70.72800461949035
2116,Ghazni,2141,Dera Ismail Khan,False,121,122,8,83.8926560085958
2116,Ghazni,2142,Bannu,False,121,122,18,170.4466889010821
2117,Bamyan,2118,Faizabad,True,121,121,14,126.18175337790385
2117,Bamyan,2119,Chaghcharān,True,121,121,18,206.19020906469834
2117,Bamyan,2120,Zirni,True,121,121,12,148.01961584319235
2118,Faizabad,2472,Kargilik,False,121,150,24,216.49361559700395
2118,Faizabad,3122,Termiz,False,121,172,14,142.3601178636771
2118,Faizabad,3132,Murghab,False,121,172,6,43.85549677958451
2119,Chaghcharān,2120,Zirni,True,121,121,12,221.32461922575916
2119,Chaghcharān,3111,Anau,False,121,172,10,83.31908478690437
2119,Chaghcharān,3113,Mary,False,121,172,10,108.33214808210319
2121,Deshu,2138,Dalbandin,False,121,122,16,295.8387891489881
2122,Kalat,2123,Quetta,True,122,122,12,97.44626945512903
2122,Kalat,2134,Loralai,True,122,122,12,82.57763852872485
2122,Kalat,2136,Shikarpur,True,122,122,20,179.04101073136428
2122,Kalat,2137,Isai Kalat,True,122,122,18,196.42468439214204
2122,Kalat,2138,Dalbandin,True,122,122,18,149.10521661722984
2122,Kalat,2290,Sibi,True,122,122,18,195.04175008332535
2123,Quetta,2134,Loralai,True,122,122,12,96.31816287393046
2123,Quetta,2290,Sibi,True,122,122,10,77.47985975725376
2124,Karachi,2136,Shikarpur,True,122,122,12,81.13987778195126
2124,Karachi,2139,Hyderabad (PK),True,122,122,10,53.27635068187491
2125,Gwadar,2137,Isai Kalat,True,122,122,30,259.41326605378856
2125,Gwadar,2147,Hinglaj,True,122,122,8,64.23537006426405
2126,Srinagar,2127,Jammu,True,131,131,20,183.90772515617374
2126,Srinagar,2130,Astor,True,131,131,10,85.83249082605076
2127,Jammu,2128,Chamba,True,131,131,12,108.60549969078386
2127,Jammu,2130,Astor,True,131,131,2,2.8284271247461903
2127,Jammu,2133,Lahore,False,131,122,16,172.31400584039025
2127,Jammu,2165,Amritsar,False,131,123,16,172.31445864603202
2128,Chamba,2165,Amritsar,False,131,123,4,26.492422502470646
2128,Chamba,2171,Mandi,False,131,123,20,219.8992987388886
2128,Chamba,2287,Demchok,False,131,132,20,183.48826283190616
2129,Leh,2130,Astor,True,131,131,16,215.68160577668488
2129,Leh,2264,Rudok,False,131,132,12,107.74194285364061
2129,Leh,2454,Niya,False,131,150,16,207.50022659429695
2130,Astor,2131,Gilgit,False,131,122,10,127.41404449372912
2130,Astor,2454,Niya,False,131,150,18,239.72897795358648
2130,Astor,2458,Yutien,False,131,150,2,44.0
2131,Gilgit,2458,Yutien,False,122,150,20,283.92926682158065
2131,Gilgit,2472,Kargilik,False,122,150,6,61.16369996327963
2132,Rawalpindi,2133,Lahore,True,122,122,12,68.52805382571975
2132,Rawalpindi,2142,Bannu,True,122,122,12,92.171888677773
2133,Lahore,2140,Jhang Maghiana,True,122,122,10,87.2131651562357
2133,Lahore,2149,Kasur,True,122,122,12,111.52612479761765
2133,Lahore,2165,Amritsar,False,122,123,8,133.7053778927947
2134,Loralai,2141,Dera Ismail Khan,True,122,122,18,182.47280300176567
2134,Loralai,2148,Dera Ghazi Khan,True,122,122,14,134.0868181111289
2134,Loralai,2290,Sibi,True,122,122,18,187.93477205363035
2135,Badin,2145,Sukkur,True,122,122,6,70.98384577864769
2135,Badin,2153,Barmer,False,122,123,14,200.62422393436773
2135,Badin,2240,Patan,False,122,126,18,185.18990655722817
2136,Shikarpur,2137,Isai Kalat,True,122,122,2,25.059928172283335
2136,Shikarpur,2139,Hyderabad (PK),True,122,122,14,122.57274192534203
2136,Shikarpur,2147,Hinglaj,True,122,122,6,49.85578512468524
2136,Shikarpur,2290,Sibi,True,122,122,16,157.01262489164247
2137,Isai Kalat,2138,Dalbandin,True,122,122,12,210.94245220802824
2137,Isai Kalat,2147,Hinglaj,True,122,122,4,34.331050121192874
2140,Jhang Maghiana,2143,Multan,True,122,122,10,64.15270956764658
2140,Jhang Maghiana,2144,Bahawalpur,True,122,122,18,129.4825610019738
2140,Jhang Maghiana,2149,Kasur,True,122,122,22,151.94938613437188
2140,Jhang Maghiana,2150,Bahawalnagar,True,122,122,6,53.83573688278493
2141,Dera Ismail Khan,2142,Bannu,True,122,122,30,310.9917434698823
2141,Dera Ismail Khan,2148,Dera Ghazi Khan,True,122,122,10,101.854866441989
2143,Multan,2144,Bahawalpur,True,122,122,10,63.00556022002335
2143,Multan,2148,Dera Ghazi Khan,True,122,122,6,61.38199299292803
2144,Bahawalpur,2145,Sukkur,True,122,122,18,196.86677360420387
2144,Bahawalpur,2150,Bahawalnagar,True,122,122,24,196.17479476955714
2144,Bahawalpur,2154,Kishangarh,False,122,123,10,102.92139201740807
2145,Sukkur,2153,Barmer,False,122,123,6,49.25380700459725
2145,Sukkur,2154,Kishangarh,False,122,123,4,59.59797974644666
2146,Delhi,2155,Alwar,True,123,123,10,100.96188352403809
2146,Delhi,2166,Meerut,True,123,123,6,52.98714015466158
2146,Delhi,2167,Bareilly,True,123,123,2,22.090722034374522
2146,Delhi,2173,Hissar,True,123,123,10,70.27569552879118
2148,Dera Ghazi Khan,2290,Sibi,True,122,122,12,101.91898021578093
2149,Kasur,2150,Bahawalnagar,True,122,122,16,123.54224078637577
2149,Kasur,2165,Amritsar,False,122,123,8,113.99530374074652
2149,Kasur,2174,Bikaner,False,122,123,8,69.65254506482566
2150,Bahawalnagar,2154,Kishangarh,False,122,123,4,42.9511514216978
2150,Bahawalnagar,2157,Nagaur,False,122,123,6,74.3937718677887
2150,Bahawalnagar,2174,Bikaner,False,122,123,14,139.95651115277136
2151,Jaipur,2155,Alwar,True,123,123,12,83.39725642718822
2151,Jaipur,2158,Ajmer,True,123,123,16,114.44659420267035
2151,Jaipur,2169,Kotah,True,123,123,10,80.6953777369314
2152,Jodhpur,2154,Kishangarh,True,123,123,12,91.71227037702177
2152,Jodhpur,2157,Nagaur,True,123,123,8,66.42553101766967
2152,Jodhpur,2175,Marwar,True,123,123,12,81.31379732136318
2153,Barmer,2154,Kishangarh,True,123,123,22,199.78641155998162
2153,Barmer,2175,Marwar,True,123,123,16,158.53342505463434
2153,Barmer,2240,Patan,False,123,126,16,144.29396092307562
2154,Kishangarh,2157,Nagaur,True,123,123,16,46.05843996165484
2154,Kishangarh,2175,Marwar,True,123,123,8,31.802093085756468
2155,Alwar,2158,Ajmer,True,123,123,12,76.83247173424013
2155,Alwar,2160,Jhansi,True,123,123,2,25.059928172283335
2155,Alwar,2168,Gwalior,True,123,123,4,50.15999877839519
2155,Alwar,2169,Kotah,True,123,123,8,126.584754657055
2155,Alwar,2173,Hissar,True,123,123,14,112.5158851809389
2155,Alwar,2174,Bikaner,True,123,123,6,35.86905011399506
2156,Udaipur,2158,Ajmer,True,123,123,8,125.73399060223956
2156,Udaipur,2164,Ratlam,True,123,123,4,30.694792294864016
2156,Udaipur,2169,Kotah,True,123,123,10,159.89207216924547
2156,Udaipur,2175,Marwar,True,123,123,26,234.17263923045775
2156,Udaipur,2238,Baroda,False,123,126,22,245.90486365991325
2157,Nagaur,2158,Ajmer,True,123,123,14,143.34327921603523
2157,Nagaur,2174,Bikaner,True,123,123,12,133.55104999186162
2157,Nagaur,2175,Marwar,True,123,123,18,104.55230594459397
2158,Ajmer,2169,Kotah,True,123,123,6,23.190483161234482
2158,Ajmer,2174,Bikaner,True,123,123,8,109.136681916152
2158,Ajmer,2175,Marwar,True,123,123,8,66.11697557335691
2159,Lucknow,2167,Bareilly,True,123,123,26,240.44310875523544
2159,Lucknow,2189,Gorakhpur,False,123,124,16,219.96263474645806
2159,Lucknow,2229,Sil Garhi,False,123,127,14,146.73802327966524
2159,Lucknow,2234,Pokhra,False,123,127,6,36.226675051503065
2160,Jhansi,2161,Bhopal,True,123,123,14,143.74168818860954
2160,Jhansi,2168,Gwalior,True,123,123,10,90.07616054515495
2160,Jhansi,2170,Ujjain,True,123,123,12,131.99976655781956
2160,Jhansi,2191,Rewah,False,123,124,6,86.1040750448667
2160,Jhansi,2192,Katni,False,123,124,4,38.745309762623265
2161,Bhopal,2162,Indore,True,123,123,8,43.3238075793812
2161,Bhopal,2163,Mhow,True,123,123,14,67.84395099093905
2161,Bhopal,2170,Ujjain,True,123,123,20,160.85586177795324
2161,Bhopal,2176,Khandwa,False,123,124,8,97.56697046353085
2161,Bhopal,2192,Katni,False,123,124,12,99.12808946249768
2162,Indore,2163,Mhow,True,123,123,14,70.71376042088818
2162,Indore,2170,Ujjain,True,123,123,8,70.65160239740726
2163,Mhow,2164,Ratlam,True,123,123,20,197.9280998570162
2163,Mhow,2170,Ujjain,True,123,123,6,21.901689239237307
2163,Mhow,2176,Khandwa,False,123,124,18,158.90058963304494
2163,Mhow,2225,Dhulia,False,123,125,8,145.65329605290302
2163,Mhow,2228,Aurangabad,False,123,125,16,133.2574151366994
2164,Ratlam,2169,Kotah,True,123,123,6,53.72396871419846
2164,Ratlam,2170,Ujjain,True,123,123,20,245.8702344682999
2164,Ratlam,2225,Dhulia,False,123,125,12,89.07420845317907
2164,Ratlam,2237,Surat,False,123,126,4,50.61275051245811
2164,Ratlam,2238,Baroda,False,123,126,16,215.55333240945373
2165,Amritsar,2171,Mandi,True,123,123,18,182.71761259451756
2165,Amritsar,2173,Hissar,True,123,123,16,192.20297103926654
2165,Amritsar,2174,Bikaner,True,123,123,8,64.35768662439503
2166,Meerut,2171,Mandi,True,123,123,8,169.4263324330539
2166,Meerut,2173,Hissar,True,123,123,18,199.849207512961
2167,Bareilly,2172,Kathgodam,True,123,123,16,197.7309243899615
2167,Bareilly,2229,Sil Garhi,False,123,127,12,96.1175333503706
2168,Gwalior,2169,Kotah,True,123,123,12,152.38659629094448
2168,Gwalior,2170,Ujjain,True,123,123,2,18.439088914585774
2169,Kotah,2170,Ujjain,True,123,123,10,173.3979602318416
2171,Mandi,2173,Hissar,True,123,123,4,50.17320936003763
2171,Mandi,2283,Parka,False,123,132,4,54.648363226573935
2171,Mandi,2287,Demchok,False,123,132,6,62.97366596101028
2171,Mandi,2288,Djiacham,False,123,132,20,218.44730942224507
2172,Kathgodam,2229,Sil Garhi,False,123,127,10,126.2120976998641
2172,Kathgodam,2283,Parka,False,123,132,24,186.92170762370054
2173,Hissar,2174,Bikaner,True,123,123,20,213.38938317716693
2175,Marwar,2238,Baroda,False,123,126,4,44.19803902718557
2175,Marwar,2239,Nadiad,False,123,126,4,22.84714966785909
2175,Marwar,2240,Patan,False,123,126,10,79.69629996476635
2176,Khandwa,2183,Nagpur,True,124,124,8,67.61790017564809
2176,Khandwa,2192,Katni,True,124,124,8,43.538735285512075
2176,Khandwa,2200,Seoni,True,124,124,16,155.2473466625538
2176,Khandwa,2201,Chanda,True,124,124,6,38.66473769808181
2176,Khandwa,2208,Nirmal,False,124,125,2,38.47076812334269
2176,Khandwa,2228,Aurangabad,False,124,125,12,78.54570545158995
2177,Allahbad,2189,Gorakhpur,True,124,124,2,18.867962264113206
2177,Allahbad,2190,Ghazipur,True,124,124,6,46.957447947655794
2177,Allahbad,2191,Rewah,True,124,124,12,129.74582500978485
2178,Patna,2188,Monghyr,True,124,124,8,81.84004433370332
2178,Patna,2189,Gorakhpur,True,124,124,4,49.895933752022
2178,Patna,2197,Gaya,True,124,124,10,87.53067250009512
2179,Jamshedpur,2187,Katihar,True,124,124,16,165.15662571284147
2179,Jamshedpur,2195,Balasore,True,124,124,6,50.049805140107786
2179,Jamshedpur,2196,Daspur,True,124,124,16,145.72292981444988
2180,Cuttack,2181,Berhampur,True,124,124,8,68.01219526108888
2180,Cuttack,2194,Baud,True,124,124,10,94.98663585283403
2180,Cuttack,2195,Balasore,True,124,124,4,55.967041013638664
2180,Cuttack,2196,Daspur,True,124,124,12,147.52203355204577
2181,Berhampur,2184,Jagdalpur,True,124,124,8,104.9047887289243
2181,Berhampur,2194,Baud,True,124,124,14,196.20439657175947
2181,Berhampur,2209,Vizagapatam,False,124,125,14,151.05146934650048
2182,Raipur,2183,Nagpur,True,124,124,8,40.282077140439334
2182,Raipur,2184,Jagdalpur,True,124,124,12,129.1824528532817
2182,Raipur,2194,Baud,True,124,124,12,148.7674481837859
2182,Raipur,2199,Raighar,True,124,124,10,88.15836162894647
2182,Raipur,2200,Seoni,True,124,124,16,114.11738223973404
2182,Raipur,2201,Chanda,True,124,124,12,106.83331518060434
2183,Nagpur,2200,Seoni,True,124,124,8,63.779813520232366
2183,Nagpur,2201,Chanda,True,124,124,10,68.35323396751194
2184,Jagdalpur,2194,Baud,True,124,124,4,34.0585702391122
2184,Jagdalpur,2201,Chanda,True,124,124,12,91.69147696187859
2184,Jagdalpur,2209,Vizagapatam,False,124,125,14,160.09739807953912
2184,Jagdalpur,2220,Warangal,False,124,125,12,147.93056989861444
2185,Gangtok,2186,Goalpara,True,124,124,16,134.6730437690447
2185,Gangtok,2188,Monghyr,True,124,124,12,72.93590406834129
2185,Gangtok,2231,Dhankuta,False,124,127,18,209.40026028595597
2185,Gangtok,2245,Punaka,False,124,128,20,165.75906342277065
2185,Gangtok,2280,Gyangtse,False,124,132,4,27.071315742529475
2186,Goalpara,2243,Bogra,False,124,129,2,7.211102550927978
2186,Goalpara,2245,Punaka,False,124,128,2,11.313708498984761
2186,Goalpara,2246,Bumtan,False,124,128,10,105.18906116548334
2187,Katihar,2196,Daspur,True,124,124,4,26.492422502470642
2187,Katihar,2197,Gaya,True,124,124,16,181.08471264265054
2187,Katihar,2198,Ranchi,True,124,124,2,28.844410203711913
2188,Monghyr,2189,Gorakhpur,True,124,124,12,62.804880965862374
2188,Monghyr,2231,Dhankuta,False,124,127,6,102.90964586262588
2188,Monghyr,2232,Hariyon,False,124,127,8,77.64493454877513
2189,Gorakhpur,2232,Hariyon,False,124,127,8,114.71769715197713
2189,Gorakhpur,2234,Pokhra,False,124,127,8,101.97290239434402
2190,Ghazipur,2191,Rewah,True,124,124,10,77.53687037031152
2190,Ghazipur,2193,Sonhat,True,124,124,10,141.2052844723504
2190,Ghazipur,2197,Gaya,True,124,124,12,139.33320688375073
2191,Rewah,2192,Katni,True,124,124,24,205.9047673562137
2191,Rewah,2193,Sonhat,True,124,124,10,69.41030187482338
2192,Katni,2193,Sonhat,True,124,124,10,109.01856778679914
2192,Katni,2199,Raighar,True,124,124,6,38.975612288675364
2192,Katni,2200,Seoni,True,124,124,16,138.41351706702983
2193,Sonhat,2196,Daspur,True,124,124,8,66.2571729585401
2193,Sonhat,2197,Gaya,True,124,124,8,92.04642017010313
2193,Sonhat,2198,Ranchi,True,124,124,8,70.93252106538165
2193,Sonhat,2199,Raighar,True,124,124,16,218.61630309079493
2194,Baud,2196,Daspur,True,124,124,4,28.08658284718389
2194,Baud,2199,Raighar,True,124,124,14,147.58383499435058
2195,Balasore,2196,Daspur,True,124,124,8,66.72150720804322
2196,Daspur,2198,Ranchi,True,124,124,8,93.5855824102952
2196,Daspur,2199,Raighar,True,124,124,18,131.46681325085194
2197,Gaya,2198,Ranchi,True,124,124,12,75.93642152715759
2199,Raighar,2200,Seoni,True,124,124,12,124.5663944690015
2201,Chanda,2208,Nirmal,False,124,125,22,185.82556776233156
2201,Chanda,2220,Warangal,False,124,125,2,17.08800749063506
2202,Madras,2213,Vellore,True,125,125,16,123.03793781841719
2202,Madras,2218,Nellore,True,125,125,8,61.21909321282836
2203,Bangalore,2210,Salem,True,125,125,12,74.38510434992008
2203,Bangalore,2213,Vellore,True,125,125,4,56.425340807103794
2203,Bangalore,2215,Hassan,True,125,125,6,69.59701744714143
2203,Bangalore,2217,Hindupur,True,125,125,10,80.3097170574201
2204,Hyderabad,2220,Warangal,True,125,125,8,63.26621973246161
2204,Hyderabad,2223,Sholapur,True,125,125,12,98.01670082689468
2204,Hyderabad,2226,Raichur,True,125,125,16,61.32182218105887
2205,Bombay,2206,Jawhar,True,125,125,8,61.30579367424213
2205,Bombay,2207,Poona,True,125,125,12,70.51121641777601
2205,Bombay,2221,Kolhapur,True,125,125,4,30.09975124224178
2206,Jawhar,2207,Poona,True,125,125,28,163.51689758360777
2206,Jawhar,2224,Pandhapur,True,125,125,4,28.290040557193535
2206,Jawhar,2225,Dhulia,True,125,125,14,118.87845223621122
2206,Jawhar,2237,Surat,False,125,126,12,206.2315971255945
2207,Poona,2221,Kolhapur,True,125,125,20,142.77739572784515
2207,Poona,2224,Pandhapur,True,125,125,8,96.03075996512867
2208,Nirmal,2220,Warangal,True,125,125,20,184.90104772452597
2208,Nirmal,2223,Sholapur,True,125,125,8,78.44792437179228
2208,Nirmal,2228,Aurangabad,True,125,125,26,199.74090149083383
2209,Vizagapatam,2220,Warangal,True,125,125,6,46.32255452378267
2210,Salem,2211,Madura,True,125,125,12,79.97670869819876
2210,Salem,2213,Vellore,True,125,125,16,131.670262350817
2210,Salem,2215,Hassan,True,125,125,10,78.02163591218533
2210,Salem,2216,Palghat,True,125,125,18,184.05022361728942
2211,Madura,2212,Trivandrum,True,125,125,8,84.82141886147492
2211,Madura,2213,Vellore,True,125,125,8,97.25621986638465
2211,Madura,2216,Palghat,True,125,125,18,189.4145926872324
2212,Trivandrum,2216,Palghat,True,125,125,14,112.13343660828467
2213,Vellore,2217,Hindupur,True,125,125,10,59.61792385282508
2213,Vellore,2218,Nellore,True,125,125,12,51.6960110940973
2214,Mangalore,2215,Hassan,True,125,125,36,319.96361998423714
2214,Mangalore,2216,Palghat,True,125,125,14,128.00549501260127
2214,Mangalore,2222,Dharwar,True,125,125,20,174.8773302531906
2215,Hassan,2216,Palghat,True,125,125,4,30.484931138537174
2215,Hassan,2217,Hindupur,True,125,125,20,186.33406410678893
2215,Hassan,2222,Dharwar,True,125,125,2,36.05551275463989
2215,Hassan,2226,Raichur,True,125,125,6,50.10896096773982
2215,Hassan,2227,Gadag,True,125,125,12,88.28598321755709
2217,Hindupur,2218,Nellore,True,125,125,22,200.18411907356654
2217,Hindupur,2226,Raichur,True,125,125,16,133.96311641018525
2218,Nellore,2219,Masulipatam,True,125,125,6,54.631363827243064
2218,Nellore,2226,Raichur,True,125,125,8,74.45775150601648
2219,Masulipatam,2226,Raichur,True,125,125,12,194.21682309447337
2220,Warangal,2223,Sholapur,True,125,125,14,78.15941907042105
2221,Kolhapur,2222,Dharwar,True,125,125,18,212.3721751798962
2222,Dharwar,2224,Pandhapur,True,125,125,2,8.246211251235321
2222,Dharwar,2227,Gadag,True,125,125,12,133.85443839861517
2223,Sholapur,2224,Pandhapur,True,125,125,18,195.31195856406674
2223,Sholapur,2228,Aurangabad,True,125,125,12,101.35146957241092
2224,Pandhapur,2225,Dhulia,True,125,125,14,121.29638529924449
2224,Pandhapur,2228,Aurangabad,True,125,125,10,70.31664362228737
2225,Dhulia,2228,Aurangabad,True,125,125,16,246.21992749443314
2225,Dhulia,2237,Surat,False,125,126,16,190.05448951058185
2226,Raichur,2227,Gadag,True,125,125,12,91.32369827695724
2229,Sil Garhi,2234,Pokhra,True,127,127,18,127.92661231505694
2229,Sil Garhi,2270,Tradum,False,127,132,18,198.39211494336345
2229,Sil Garhi,2283,Parka,False,127,132,4,33.211102550927976
2230,Kathmandu,2232,Hariyon,True,127,127,8,80.84842652647843
2230,Kathmandu,2233,Bhadgaon,True,127,127,8,58.064361941725295
2230,Kathmandu,2234,Pokhra,True,127,127,10,72.96900652262003
2231,Dhankuta,2232,Hariyon,True,127,127,10,95.83405825254846
2231,Dhankuta,2233,Bhadgaon,True,127,127,14,101.1606384961883
2231,Dhankuta,2266,Ladse Dzong,False,127,132,10,122.02120095098212
2231,Dhankuta,2280,Gyangtse,False,127,132,8,83.08663107650482
2232,Hariyon,2233,Bhadgaon,True,127,127,14,106.27386862687769
2232,Hariyon,2234,Pokhra,True,127,127,12,64.0496304264279
2233,Bhadgaon,2234,Pokhra,True,127,127,4,9.15298244508295
2233,Bhadgaon,2266,Ladse Dzong,False,127,132,10,126.89659413377137
2234,Pokhra,2266,Ladse Dzong,False,127,132,6,61.04426977636069
2234,Pokhra,2270,Tradum,False,127,132,8,89.81590494344215
2235,Ahmedabad,2239,Nadiad,True,126,126,12,102.00865967352937
2235,Ahmedabad,2240,Patan,True,126,126,14,125.32399958268999
2236,Rajkot,2239,Nadiad,True,126,126,16,173.4118663902449
2236,Rajkot,2240,Patan,True,126,126,6,66.85332819336324
2237,Surat,2238,Baroda,True,126,126,12,201.93666107164947
2238,Baroda,2239,Nadiad,True,126,126,22,203.12799751352327
2239,Nadiad,2240,Patan,True,126,126,18,135.57391014230853
2242,Dacca,2243,Bogra,True,129,129,12,66.55224509627216
2242,Dacca,2244,Chandpur,True,129,129,12,92.40275486614973
2243,Bogra,2244,Chandpur,True,129,129,10,69.8357172320797
2244,Chandpur,2249,Aijal,False,129,134,2,12.165525060596439
2245,Punaka,2246,Bumtan,True,128,128,12,118.60726733517627
2245,Punaka,2280,Gyangtse,False,128,132,12,132.1396434767119
2246,Bumtan,2248,Shillong,False,128,134,2,12.0
2246,Bumtan,2273,Dhirang Dzong,False,128,132,4,29.653751313583776
2246,Bumtan,2280,Gyangtse,False,128,132,4,54.921431057635274
2247,Rangoon,2258,Bassein,True,134,134,8,70.0212836937904
2247,Rangoon,2357,Pegu,True,134,134,10,96.32022264675811
2248,Shillong,2249,Aijal,True,134,134,22,197.60681393247035
2248,Shillong,2252,Dibrugarh,True,134,134,10,145.31104664628765
2248,Shillong,2274,Tsari,False,134,132,6,65.3848071220664
2248,Shillong,2350,Yeu,True,134,134,12,71.99536615422137
2248,Shillong,2351,Kohima,True,134,134,18,183.58283817239953
2249,Aijal,2259,Chittagong,True,134,134,10,70.18197679625592
2249,Aijal,2350,Yeu,True,134,134,18,179.71134491960194
2249,Aijal,2355,Paletwa,True,134,134,14,127.7170102511335
2249,Aijal,2359,Pakokku,True,134,134,6,43.010097887844154
2250,Imphal,2350,Yeu,True,134,134,16,112.21921336095136
2250,Imphal,2351,Kohima,True,134,134,10,88.07878872837259
2250,Imphal,2352,Katha,True,134,134,8,67.6380587461199
2251,Fort Hertz,2252,Dibrugarh,True,134,134,12,196.4434632374709
2251,Fort Hertz,2292,Yuangchang,False,134,136,6,94.87544682485013
2251,Fort Hertz,2353,Myitkyina,True,134,134,16,204.68508604521455
2251,Fort Hertz,2354,Mogaung,True,134,134,12,84.83132613134575
2251,Fort Hertz,2564,Zogang,False,134,149,8,78.67870302073942
2252,Dibrugarh,2274,Tsari,False,134,132,32,384.01048683714663
2252,Dibrugarh,2351,Kohima,True,134,134,22,194.97729293238112
2252,Dibrugarh,2354,Mogaung,True,134,134,6,79.39797252358882
2252,Dibrugarh,2564,Zogang,False,134,149,18,246.54664425016307
2253,Mandalay,2349,Kyaukse,True,134,134,10,71.47228835418261
2253,Mandalay,2350,Yeu,True,134,134,10,71.06103020086832
2253,Mandalay,2359,Pakokku,True,134,134,8,61.85728728274609
2253,Mandalay,2360,Mong Kung,True,134,134,6,59.09810861261998
2254,Kengtung,2255,Maingpan,True,134,134,18,158.07016878528302
2254,Kengtung,2267,Bhamo,True,134,134,6,64.23971460075154
2254,Kengtung,2295,Pu'er,False,134,136,12,203.3596411075822
2254,Kengtung,2297,Lungling,False,134,136,4,43.68412151980386
2254,Kengtung,2360,Mong Kung,True,134,134,14,220.64976950315085
2255,Maingpan,2260,Pyinmana,True,134,134,18,128.5405272754828
2255,Maingpan,2349,Kyaukse,True,134,134,10,92.20982850010579
2255,Maingpan,2358,Yamethin,True,134,134,6,44.89413849209047
2255,Maingpan,2360,Mong Kung,True,134,134,8,56.74093890893538
2255,Maingpan,2362,Kiang Mai,False,134,133,14,170.9090747302542
2256,Moulmein,2257,Mengui,True,134,134,18,134.22329933772818
2256,Moulmein,2260,Pyinmana,True,134,134,10,57.610931505872635
2256,Moulmein,2357,Pegu,True,134,134,16,127.3673744321332
2256,Moulmein,2362,Kiang Mai,False,134,133,8,132.7962804374573
2256,Moulmein,2366,Sukhothai,False,134,133,18,185.71837669722981
2257,Mengui,2366,Sukhothai,False,134,133,4,31.31370849898476
2257,Mengui,2369,Ranong,False,134,133,24,298.7212140025486
2257,Mengui,2370,Kanburi,False,134,133,12,140.745027990607
2258,Bassein,2356,Sandoway,True,134,134,12,137.6900234275505
2258,Bassein,2357,Pegu,True,134,134,16,110.4923566425091
2259,Chittagong,2355,Paletwa,True,134,134,12,72.25153502329141
2260,Pyinmana,2349,Kyaukse,True,134,134,12,106.4763549989649
2260,Pyinmana,2356,Sandoway,True,134,134,22,208.72537137024239
2260,Pyinmana,2357,Pegu,True,134,134,14,135.81322734850616
2260,Pyinmana,2358,Yamethin,True,134,134,10,71.2414707522805
2260,Pyinmana,2362,Kiang Mai,False,134,133,12,118.61409619925256
2261,Lungnak,2262,Lashung,True,132,132,18,246.8357594443582
2261,Lungnak,2264,Rudok,True,132,132,22,292.6744934912362
2261,Lungnak,2454,Niya,False,132,150,4,30.180719130374342
2261,Lungnak,2464,Charchan,False,132,150,4,40.323655959146166
2262,Lashung,2263,Gomo,True,132,132,20,271.61892329765664
2262,Lashung,2264,Rudok,True,132,132,10,106.4570404552951
2262,Lashung,2268,Shazia,True,132,132,8,88.06969318492976
2262,Lashung,2282,Chamchu,True,132,132,8,53.091943999959696
2262,Lashung,2284,Nagron,True,132,132,16,145.05196217655774
2263,Gomo,2269,Daurakpa,True,132,132,8,65.46148244917056
2263,Gomo,2277,Darchoi,True,132,132,6,129.0250468688584
2263,Gomo,2284,Nagron,True,132,132,18,235.33692999321636
2263,Gomo,2636,Qumahexiang,False,132,148,2,20.0
2264,Rudok,2282,Chamchu,True,132,132,16,167.37990399947046
2264,Rudok,2454,Niya,False,132,150,12,252.31279957119585
2265,Gartok,2282,Chamchu,True,132,132,2,10.0
2265,Gartok,2287,Demchok,True,132,132,16,98.99974613209126
2265,Gartok,2288,Djiacham,True,132,132,8,87.9385792345245
2266,Ladse Dzong,2270,Tradum,True,132,132,10,124.73893200024143
2266,Ladse Dzong,2279,Shigatse,True,132,132,10,91.47138205674514
2266,Ladse Dzong,2280,Gyangtse,True,132,132,14,78.84285586562132
2267,Bhamo,2297,Lungling,False,134,136,26,276.39945100279306
2267,Bhamo,2352,Katha,True,134,134,18,176.57344264086316
2267,Bhamo,2353,Myitkyina,True,134,134,8,88.65603137354668
2267,Bhamo,2360,Mong Kung,True,134,134,18,155.52180941942603
2268,Shazia,2282,Chamchu,True,132,132,14,89.4468638848698
2268,Shazia,2284,Nagron,True,132,132,8,73.32856488117588
2268,Shazia,2285,Selipuk,True,132,132,10,76.24133662739924
2269,Daurakpa,2270,Tradum,True,132,132,2,20.8806130178211
2269,Daurakpa,2277,Darchoi,True,132,132,14,189.9494370119077
2269,Daurakpa,2278,Govo,True,132,132,16,208.47551213549994
2269,Daurakpa,2283,Parka,True,132,132,8,107.38099105475018
2269,Daurakpa,2284,Nagron,True,132,132,16,163.94279545038958
2269,Daurakpa,2285,Selipuk,True,132,132,12,126.87045237060224
2270,Tradum,2278,Govo,True,132,132,2,26.076809620810597
2270,Tradum,2283,Parka,True,132,132,22,211.80097199391187
2271,Lhasa,2275,Phondu,True,132,132,16,116.74246520953626
2272,Chetang,2273,Dhirang Dzong,True,132,132,2,22.80350850198276
2272,Chetang,2280,Gyangtse,True,132,132,12,151.98751446332238
2273,Dhirang Dzong,2274,Tsari,True,132,132,2,8.246211251235321
2273,Dhirang Dzong,2280,Gyangtse,True,132,132,8,57.98074859058565
2274,Tsari,2281,Lhari,True,132,132,12,191.1629934005599
2274,Tsari,2564,Zogang,False,132,149,4,44.19585319183349
2275,Phondu,2276,Ed Dzong,True,132,132,14,222.32823670203518
2275,Phondu,2281,Lhari,True,132,132,10,136.48283023966164
2275,Phondu,2289,Namling,True,132,132,18,191.66361339586962
2276,Ed Dzong,2277,Darchoi,True,132,132,8,171.5581405444147
2276,Ed Dzong,2281,Lhari,True,132,132,2,32.55764119219941
2276,Ed Dzong,2289,Namling,True,132,132,12,123.88221180014716
2276,Ed Dzong,2624,Tanggulazhen,False,132,148,2,14.560219778561036
2277,Darchoi,2278,Govo,True,132,132,14,222.61968731093637
2277,Darchoi,2289,Namling,True,132,132,4,42.543851613350775
2278,Govo,2289,Namling,True,132,132,20,244.4230881520969
2279,Shigatse,2280,Gyangtse,True,132,132,14,111.0656641773916
2279,Shigatse,2289,Namling,True,132,132,2,20.09975124224178
2281,Lhari,2541,Qamdo,False,132,149,12,149.59141798944185
2281,Lhari,2564,Zogang,False,132,149,8,92.7511688261732
2282,Chamchu,2285,Selipuk,True,132,132,18,156.65466609831788
2283,Parka,2285,Selipuk,True,132,132,18,152.13309771831874
2283,Parka,2288,Djiacham,True,132,132,18,161.0067799809116
2284,Nagron,2285,Selipuk,True,132,132,16,171.4497686085031
2285,Selipuk,2288,Djiacham,True,132,132,6,42.34178066683886
2286,Soping,2403,Kolan,True,138,138,24,223.40690624867955
2286,Soping,2405,Qingyang,True,138,138,12,219.88076912472005
2287,Demchok,2288,Djiacham,True,132,132,8,28.479929781263895
2291,Yunnanfu,2293,Chengkiang,True,136,136,14,78.83834462664987
2291,Yunnanfu,2294,Tungchwan,True,136,136,8,78.1526935561816
2291,Yunnanfu,2296,Sinhing,True,136,136,14,103.16136790118364
2292,Yuangchang,2297,Lungling,True,136,136,10,155.4369280855133
2292,Yuangchang,2353,Myitkyina,False,136,134,12,200.93111856623761
2293,Chengkiang,2294,Tungchwan,True,136,136,12,73.08100858716766
2293,Chengkiang,2296,Sinhing,True,136,136,8,46.97213151271943
2293,Chengkiang,2299,Puanting,False,136,139,4,46.526771722187036
2293,Chengkiang,2315,Szecheng,False,136,139,10,123.51470767299134
2293,Chengkiang,2385,Lao-Kai,False,136,135,12,196.37299638445882
2293,Chengkiang,2386,Muang Xay,False,136,135,4,25.231546211727817
2294,Tungchwan,2296,Sinhing,True,136,136,12,70.67484889287145
2294,Tungchwan,2299,Puanting,False,136,139,18,247.21260371032105
2294,Tungchwan,2304,Tsunyi,False,136,139,6,64.7796190206082
2294,Tungchwan,2557,Zhaotong,False,136,149,12,121.74336387074987
2295,Pu'er,2297,Lungling,True,136,136,12,120.30446631301388
2296,Sinhing,2297,Lungling,True,136,136,2,12.0
2297,Lungling,2353,Myitkyina,False,136,134,4,39.798989873223334
2298,Kweiyang,2299,Puanting,True,139,139,8,55.054600861730904
2298,Kweiyang,2304,Tsunyi,True,139,139,8,61.22589523205898
2298,Kweiyang,2305,Tuyun,True,139,139,12,44.79372017574524
2298,Kweiyang,2315,Szecheng,True,139,139,10,58.07551592751918
2299,Puanting,2304,Tsunyi,True,139,139,14,131.68364170752076
2299,Puanting,2315,Szecheng,True,139,139,16,178.07862353418625
2300,Nanning,2312,Tunghing,True,139,139,10,66.2468916595729
2300,Nanning,2313,Taiping,True,139,139,10,73.46827613018537
2300,Nanning,2319,Liuzhou,True,139,139,8,62.344244583935904
2300,Nanning,2320,Guixian,True,139,139,4,51.8680771364842
2301,Canton,2310,Linping,True,139,139,12,105.07848566949227
2301,Canton,2317,Chaoking,True,139,139,8,69.57335619251334
2302,Guilin,2303,Ziyuan,True,139,139,16,100.44466261303099
2302,Guilin,2316,Pinglo,True,139,139,10,96.6498186481703
2303,Ziyuan,2307,Liping,True,139,139,6,56.58760792005273
2303,Ziyuan,2308,Shiuchow,True,139,139,6,38.850825226417534
2303,Ziyuan,2316,Pinglo,True,139,139,22,152.87957474851314
2303,Ziyuan,2319,Liuzhou,True,139,139,4,18.0
2303,Ziyuan,2327,Tsingchow,False,139,137,10,110.67458133011807
2303,Ziyuan,2342,Yungchow,False,139,137,10,133.389920653619
2304,Tsunyi,2305,Tuyun,True,139,139,6,65.12699425405022
2304,Tsunyi,2306,Szenan,True,139,139,14,128.3004467383842
2304,Tsunyi,2557,Zhaotong,False,139,149,22,278.1842276741454
2305,Tuyun,2306,Szenan,True,139,139,18,174.7506588805377
2305,Tuyun,2307,Liping,True,139,139,18,136.8683746065034
2305,Tuyun,2314,Chenan,True,139,139,6,72.03844732503075
2305,Tuyun,2315,Szecheng,True,139,139,16,125.04980249607551
2306,Szenan,2307,Liping,True,139,139,10,76.17271672829243
2306,Szenan,2326,Tungjen,False,139,137,6,63.18415239866142
2306,Szenan,2327,Tsingchow,False,139,137,12,92.45889153360369
2306,Szenan,2556,Zunyi,False,139,149,8,99.43825421002052
2306,Szenan,2557,Zhaotong,False,139,149,2,17.08800749063506
2307,Liping,2314,Chenan,True,139,139,8,51.3705892004526
2307,Liping,2319,Liuzhou,True,139,139,26,211.75730376030006
2307,Liping,2327,Tsingchow,False,139,137,14,211.22127436465476
2308,Shiuchow,2310,Linping,True,139,139,22,242.42798650366325
2308,Shiuchow,2316,Pinglo,True,139,139,8,60.536497896724875
2308,Shiuchow,2322,Wuchow,True,139,139,12,121.7311642673335
2308,Shiuchow,2331,Kanchow,False,139,137,6,81.06291465829642
2308,Shiuchow,2341,Tingchow,False,139,137,12,176.48621176601142
2308,Shiuchow,2342,Yungchow,False,139,137,6,59.77343465059394
2308,Shiuchow,2348,Chuanchow,False,139,137,6,71.3398237765312
2309,Chaochow,2310,Linping,True,139,139,10,81.6251466319374
2309,Chaochow,2348,Chuanchow,False,139,137,10,98.49043144858541
2310,Linping,2317,Chaoking,True,139,139,12,64.87600783563504
2310,Linping,2322,Wuchow,True,139,139,10,86.66914116800567
2310,Linping,2348,Chuanchow,False,139,137,2,24.08318915758459
2311,Bayard,2312,Tunghing,True,139,139,6,54.87289546953467
2311,Bayard,2318,Sunyi,True,139,139,14,127.78446574241
2311,Bayard,2320,Guixian,True,139,139,6,50.2077046541817
2312,Tunghing,2313,Taiping,True,139,139,10,92.53014931337931
2312,Tunghing,2320,Guixian,True,139,139,14,126.42966943886887
2312,Tunghing,2388,Haiphong,False,139,135,12,97.7588181593135
2313,Taiping,2314,Chenan,True,139,139,12,95.67091173619198
2313,Taiping,2319,Liuzhou,True,139,139,18,106.39349631776079
2313,Taiping,2384,Kao Bang,False,139,135,12,142.41635228994238
2313,Taiping,2388,Haiphong,False,139,135,8,76.64711683909563
2314,Chenan,2315,Szecheng,True,139,139,18,163.3091979964167
2314,Chenan,2319,Liuzhou,True,139,139,8,85.72412270248122
2314,Chenan,2384,Kao Bang,False,139,135,14,122.94790873124298
2314,Chenan,2385,Lao-Kai,False,139,135,2,25.059928172283335
2315,Szecheng,2385,Lao-Kai,False,139,135,6,49.16150081227393
2316,Pinglo,2319,Liuzhou,True,139,139,8,63.757577431567256
2316,Pinglo,2320,Guixian,True,139,139,14,144.55601959518327
2316,Pinglo,2322,Wuchow,True,139,139,12,130.99825144807951
2317,Chaoking,2318,Sunyi,True,139,139,12,94.76584534791098
2317,Chaoking,2322,Wuchow,True,139,139,12,104.42510668722436
2318,Sunyi,2320,Guixian,True,139,139,10,66.64904581184932
2318,Sunyi,2322,Wuchow,True,139,139,16,122.13079232927615
2319,Liuzhou,2320,Guixian,True,139,139,16,99.55436992161721
2320,Guixian,2322,Wuchow,True,139,139,8,79.02509347089921
2321,Shanghai,2333,Hangchow,True,137,137,6,71.09527768245799
2323,Nanking,2324,Teian,True,137,137,8,76.26952539631569
2323,Nanking,2412,Yancheng,False,137,138,26,279.4343856406289
2323,Nanking,2415,Bengbu,False,137,138,6,39.74848663687449
2324,Teian,2415,Bengbu,False,137,138,20,243.72902824487593
2324,Teian,2417,Zhumadian,False,137,138,6,85.4665704894916
2325,Ichang,2337,Kingchow,True,137,137,14,182.39737681415832
2325,Ichang,2338,Supu,True,137,137,22,225.21959023490325
2325,Ichang,2556,Zunyi,False,137,149,10,175.80117795009298
2326,Tungjen,2327,Tsingchow,True,137,137,22,224.68564295636747
2326,Tungjen,2338,Supu,True,137,137,10,157.1477121372152
2326,Tungjen,2343,Wukang,True,137,137,10,182.60924112629235
2326,Tungjen,2556,Zunyi,False,137,149,18,218.52498908503836
2327,Tsingchow,2342,Yungchow,True,137,137,8,97.06521230740606
2327,Tsingchow,2343,Wukang,True,137,137,8,119.78861706128066
2328,Wuhan,2336,Anqing,True,137,137,10,70.84787565864477
2328,Wuhan,2340,Hanyang,True,137,137,10,73.6089676083307
2329,Changsha,2338,Supu,True,137,137,6,41.78687047977334
2329,Changsha,2339,Yuanchow,True,137,137,6,69.12720882236574
2329,Changsha,2344,Siangtan,True,137,137,8,86.06948091130785
2330,Nanchang,2335,Linchwan,True,137,137,12,86.04084556704704
2330,Nanchang,2339,Yuanchow,True,137,137,14,113.84352625882492
2331,Kanchow,2339,Yuanchow,True,137,137,6,50.7157757785711
2331,Kanchow,2341,Tingchow,True,137,137,24,284.8461924745908
2331,Kanchow,2342,Yungchow,True,137,137,12,132.97264143403675
2331,Kanchow,2344,Siangtan,True,137,137,2,22.360679774997898
2331,Kanchow,2345,Hengchow,True,137,137,22,212.55907454750547
2331,Kanchow,2346,Kian,True,137,137,10,90.49470877136329
2331,Kanchow,2347,Kienning,True,137,137,4,30.110770276274835
2332,Foochow,2341,Tingchow,True,137,137,8,76.22455999710766
2332,Foochow,2347,Kienning,True,137,137,20,267.86775475899685
2332,Foochow,2348,Chuanchow,True,137,137,22,213.267747767024
2333,Hangchow,2334,Wenchow,True,137,137,16,151.80264706349504
2333,Hangchow,2335,Linchwan,True,137,137,10,96.33100602826111
2333,Hangchow,2336,Anqing,True,137,137,12,108.81173621756864
2334,Wenchow,2335,Linchwan,True,137,137,10,148.10983787643315
2334,Wenchow,2347,Kienning,True,137,137,14,131.081976496738
2335,Linchwan,2336,Anqing,True,137,137,16,142.95395411930988
2335,Linchwan,2339,Yuanchow,True,137,137,10,68.48674551699911
2335,Linchwan,2347,Kienning,True,137,137,20,200.57090152005514
2336,Anqing,2340,Hanyang,True,137,137,20,125.17893250642824
2337,Kingchow,2338,Supu,True,137,137,6,58.91882937366349
2337,Kingchow,2339,Yuanchow,True,137,137,2,15.231546211727817
2337,Kingchow,2340,Hanyang,True,137,137,18,133.68689475542254
2338,Supu,2343,Wukang,True,137,137,6,86.0587727318528
2338,Supu,2344,Siangtan,True,137,137,10,106.23010893998104
2338,Supu,2556,Zunyi,False,137,149,12,156.8495476278532
2339,Yuanchow,2340,Hanyang,True,137,137,22,218.94300417691733
2339,Yuanchow,2344,Siangtan,True,137,137,22,155.07737131504805
2339,Yuanchow,2346,Kian,True,137,137,10,77.63616635553379
2339,Yuanchow,2347,Kienning,True,137,137,10,99.44820755007947
2341,Tingchow,2347,Kienning,True,137,137,8,68.86227939491768
2341,Tingchow,2348,Chuanchow,True,137,137,18,212.0081583204674
2342,Yungchow,2343,Wukang,True,137,137,10,128.38778870953854
2342,Yungchow,2345,Hengchow,True,137,137,12,129.5004480150779
2343,Wukang,2344,Siangtan,True,137,137,12,86.60828679043047
2343,Wukang,2345,Hengchow,True,137,137,10,132.54079195469848
2344,Siangtan,2345,Hengchow,True,137,137,20,186.49279915349567
2346,Kian,2347,Kienning,True,137,137,10,63.26517143152273
2349,Kyaukse,2356,Sandoway,True,134,134,6,45.66754249130743
2349,Kyaukse,2358,Yamethin,True,134,134,12,87.16050947707978
2349,Kyaukse,2359,Pakokku,True,134,134,18,167.3738196716109
2349,Kyaukse,2360,Mong Kung,True,134,134,16,184.22544100807164
2350,Yeu,2351,Kohima,True,134,134,6,45.055279468059894
2350,Yeu,2352,Katha,True,134,134,14,151.27872069012471
2350,Yeu,2359,Pakokku,True,134,134,16,166.39134969680237
2350,Yeu,2360,Mong Kung,True,134,134,6,70.63381971919762
2351,Kohima,2352,Katha,True,134,134,14,84.55842701417986
2351,Kohima,2354,Mogaung,True,134,134,22,243.9767360869106
2352,Katha,2353,Myitkyina,True,134,134,4,27.55854348872969
2352,Katha,2354,Mogaung,True,134,134,12,114.93789201901225
2352,Katha,2360,Mong Kung,True,134,134,6,49.82055682963074
2353,Myitkyina,2354,Mogaung,True,134,134,16,212.66915814300364
2355,Paletwa,2356,Sandoway,True,134,134,10,73.62472292934888
2355,Paletwa,2359,Pakokku,True,134,134,16,163.7833538405631
2356,Sandoway,2357,Pegu,True,134,134,8,69.72502322153301
2356,Sandoway,2359,Pakokku,True,134,134,16,140.8521370566807
2361,Bangkok,2363,Sa Kaeo,True,133,133,6,35.099646370926294
2361,Bangkok,2369,Ranong,True,133,133,2,20.591260281974
2361,Bangkok,2370,Kanburi,True,133,133,8,72.89781584311594
2362,Kiang Mai,2364,Kalasin,True,133,133,6,46.71462914634577
2362,Kiang Mai,2366,Sukhothai,True,133,133,12,209.37766955667283
2362,Kiang Mai,2383,Pak-Lai,False,133,135,16,225.94814867941795
2363,Sa Kaeo,2365,Surin,True,133,133,24,159.97708380802996
2363,Sa Kaeo,2366,Sukhothai,True,133,133,12,72.48907739290782
2363,Sa Kaeo,2370,Kanburi,True,133,133,16,126.28827068214409
2363,Sa Kaeo,2378,Battambang,False,133,135,18,241.32836011295262
2364,Kalasin,2365,Surin,True,133,133,26,234.97574063846227
2364,Kalasin,2366,Sukhothai,True,133,133,14,120.36000525648217
2364,Kalasin,2383,Pak-Lai,False,133,135,22,206.01082875499824
2364,Kalasin,2390,Banlao,False,133,135,6,59.243218631554484
2364,Kalasin,2394,Nong Hoi,False,133,135,18,160.97770346275226
2365,Surin,2366,Sukhothai,True,133,133,10,59.16970419164176
2365,Surin,2378,Battambang,False,133,135,12,155.59600209729513
2365,Surin,2390,Banlao,False,133,135,10,136.9999658473368
2365,Surin,2393,Meluprey,False,133,135,10,113.07820992888092
2366,Sukhothai,2370,Kanburi,True,133,133,26,197.99400858686667
2367,Phang Nga,2368,Singora,True,133,133,16,146.9040201903835
2367,Phang Nga,2369,Ranong,True,133,133,12,70.19192427858182
2368,Singora,2645,Sungai Petani,False,133,187,18,190.7044699991183
2368,Singora,2647,Khota Bharn,False,133,187,16,124.09646353287187
2369,Ranong,2370,Kanburi,True,133,133,12,58.32158422074566
2371,Pnom Penh,2376,Kampot,True,135,135,12,74.81027813131088
2371,Pnom Penh,2377,Odong,True,135,135,14,95.26883621742314
2371,Pnom Penh,2382,Prey Veng,True,135,135,2,14.142135623730951
2372,Saigon,2379,Bak Lieu,True,135,135,2,15.620499351813308
2372,Saigon,2380,Binh Thuan,True,135,135,12,88.81475625461022
2372,Saigon,2382,Prey Veng,True,135,135,12,94.9419500053716
2373,Luang Prabang,2385,Lao-Kai,True,135,135,4,27.858337104904066
2373,Luang Prabang,2386,Muang Xay,True,135,135,20,288.64216171380724
2373,Luang Prabang,2387,Yen-bai,True,135,135,10,146.06156685097173
2374,Hanoi,2384,Kao Bang,True,135,135,8,56.17631569854144
2374,Hanoi,2387,Yen-bai,True,135,135,6,69.28816535335801
2374,Hanoi,2388,Haiphong,True,135,135,6,59.86305219364443
2374,Hanoi,2389,Vinh,True,135,135,10,66.25446450414891
2375,Hue,2391,Đong Hoi,True,135,135,14,73.21678830002512
2375,Hue,2392,Tourane,True,135,135,14,94.11691193444463
2376,Kampot,2377,Odong,True,135,135,16,109.64778339433715
2376,Kampot,2378,Battambang,True,135,135,10,100.73599889856288
2376,Kampot,2379,Bak Lieu,True,135,135,14,103.26416070297473
2377,Odong,2378,Battambang,True,135,135,14,154.50406589769858
2377,Odong,2393,Meluprey,True,135,135,14,125.62923639058145
2378,Battambang,2393,Meluprey,True,135,135,16,116.74033533717089
2380,Binh Thuan,2381,Phu-yen,True,135,135,8,52.69888452428765
2380,Binh Thuan,2382,Prey Veng,True,135,135,22,90.30898440468052
2380,Binh Thuan,2395,Kratié,True,135,135,16,116.76032113499522
2381,Phu-yen,2392,Tourane,True,135,135,8,61.77374914780831
2381,Phu-yen,2395,Kratié,True,135,135,10,61.554890499326994
2382,Prey Veng,2395,Kratié,True,135,135,10,149.3482148203683
2383,Pak-Lai,2394,Nong Hoi,True,135,135,16,143.72108945783273
2384,Kao Bang,2385,Lao-Kai,True,135,135,14,162.6291128322156
2384,Kao Bang,2387,Yen-bai,True,135,135,14,122.5775085346447
2384,Kao Bang,2388,Haiphong,True,135,135,18,120.00911840696621
2385,Lao-Kai,2386,Muang Xay,True,135,135,18,229.6642301812792
2385,Lao-Kai,2387,Yen-bai,True,135,135,20,167.34469058165556
2387,Yen-bai,2389,Vinh,True,135,135,10,102.70292696581812
2387,Yen-bai,2394,Nong Hoi,True,135,135,2,16.492422502470642
2388,Haiphong,2389,Vinh,True,135,135,14,114.84525969445872
2389,Vinh,2391,Đong Hoi,True,135,135,6,57.368726828184556
2390,Banlao,2391,Đong Hoi,True,135,135,2,12.806248474865697
2390,Banlao,2393,Meluprey,True,135,135,14,92.26413940443396
2390,Banlao,2394,Nong Hoi,True,135,135,16,113.40770448344009
2391,Đong Hoi,2392,Tourane,True,135,135,6,65.42027754108112
2392,Tourane,2395,Kratié,True,135,135,20,253.54020682857876
2396,Beijing,2397,Tianjin,True,138,138,8,62.88785251314513
2396,Beijing,2404,Fuping,True,138,138,8,76.52024998530557
2396,Beijing,2409,Boading,True,138,138,8,58.786498260507685
2396,Beijing,2540,Suanhwa,True,138,138,8,71.27466096887721
2397,Tianjin,2409,Boading,True,138,138,24,186.183283909071
2397,Tianjin,2487,Qinhuangdao,False,138,140,16,142.4085429606872
2397,Tianjin,2540,Suanhwa,True,138,138,12,62.721115088017655
2398,Jinan,2401,Weifang,True,138,138,6,62.693551594762624
2398,Jinan,2407,Shijiazhuang,True,138,138,10,83.29497696243872
2398,Jinan,2411,Jining,True,138,138,12,98.71802905649471
2399,Rizhao,2400,Tsingtao,True,138,138,8,38.07525826013228
2399,Rizhao,2401,Weifang,True,138,138,18,136.16148480138526
2399,Rizhao,2412,Yancheng,True,138,138,20,161.8903352750552
2399,Rizhao,2414,Linyi,True,138,138,14,131.13178068181736
2400,Tsingtao,2401,Weifang,True,138,138,18,170.68417189288027
2401,Weifang,2407,Shijiazhuang,True,138,138,12,87.60620203785453
2401,Weifang,2411,Jining,True,138,138,6,38.424306562578536
2401,Weifang,2414,Linyi,True,138,138,20,153.13897645909495
2402,Mangan,2424,Sainshand,False,147,130,2,31.622776601683793
2402,Mangan,2429,Uniket,True,147,147,14,249.0591706669391
2403,Kolan,2404,Fuping,True,138,138,16,189.30766627270367
2403,Kolan,2405,Qingyang,True,138,138,26,221.64934603529537
2403,Kolan,2419,Lüliang,True,138,138,2,17.204650534085253
2403,Kolan,2540,Suanhwa,True,138,138,18,142.90543004371509
2404,Fuping,2409,Boading,True,138,138,30,202.34704579387892
2404,Fuping,2540,Suanhwa,True,138,138,32,186.73248410179403
2405,Qingyang,2560,Baiyin,False,138,149,2,28.635642126552707
2406,Taiyuan,2408,Yangquan,True,138,138,8,76.21914943618654
2406,Taiyuan,2418,Yungcheng,True,138,138,12,63.30662191692943
2406,Taiyuan,2419,Lüliang,True,138,138,10,74.78742760167691
2407,Shijiazhuang,2408,Yangquan,True,138,138,12,187.1043992742057
2407,Shijiazhuang,2409,Boading,True,138,138,4,30.26665112032805
2407,Shijiazhuang,2410,Zhengzhou,True,138,138,10,105.58626207882547
2407,Shijiazhuang,2411,Jining,True,138,138,10,97.10915256675848
2408,Yangquan,2410,Zhengzhou,True,138,138,6,73.13325285225464
2408,Yangquan,2418,Yungcheng,True,138,138,14,98.77293465609122
2408,Yangquan,2419,Lüliang,True,138,138,10,75.36942774002947
2410,Zhengzhou,2411,Jining,True,138,138,14,146.16104491304466
2410,Zhengzhou,2416,Nanyang,True,138,138,12,140.93459567182538
2410,Zhengzhou,2417,Zhumadian,True,138,138,10,114.50249853335325
2410,Zhengzhou,2418,Yungcheng,True,138,138,18,175.9603685402561
2411,Jining,2413,Xuzhou,True,138,138,12,72.9912925964604
2411,Jining,2414,Linyi,True,138,138,16,135.22192882108396
2411,Jining,2415,Bengbu,True,138,138,8,52.5758784090349
2411,Jining,2417,Zhumadian,True,138,138,8,70.77636764859889
2412,Yancheng,2414,Linyi,True,138,138,12,89.4350800121426
2412,Yancheng,2415,Bengbu,True,138,138,14,137.86316138469212
2413,Xuzhou,2414,Linyi,True,138,138,12,87.81090453300293
2413,Xuzhou,2415,Bengbu,True,138,138,10,65.53352363708396
2414,Linyi,2415,Bengbu,True,138,138,16,150.1302941545158
2415,Bengbu,2417,Zhumadian,True,138,138,16,161.62413162082962
2416,Nanyang,2417,Zhumadian,True,138,138,22,215.0897986001773
2416,Nanyang,2418,Yungcheng,True,138,138,8,88.00162163449605
2416,Nanyang,2548,Nanchong,False,138,149,12,168.50931966712272
2416,Nanyang,2552,Weinan,False,138,149,4,40.82546375198362
2418,Yungcheng,2419,Lüliang,True,138,138,16,154.299455474201
2418,Yungcheng,2552,Weinan,False,138,149,20,220.81364155838816
2419,Lüliang,2552,Weinan,False,138,149,6,91.42819207511309
2420,Ulaanbaatar,2423,Choir,True,130,130,12,102.76779773839907
2420,Ulaanbaatar,2427,Baganuur,True,130,130,12,120.95884894434012
2420,Ulaanbaatar,2445,Lun,True,130,130,10,102.57668152086342
2421,Altai,2430,Sharga,True,130,130,12,128.8003776454154
2421,Altai,2431,Delger,True,130,130,16,171.12810319609085
2422,Bor-Undur,2423,Choir,True,130,130,12,135.89577247325462
2422,Bor-Undur,2424,Sainshand,True,130,130,14,148.66377256538127
2422,Bor-Undur,2426,Baruun-Urt,True,130,130,12,112.16894085485151
2423,Choir,2424,Sainshand,True,130,130,10,59.124202220323625
2423,Choir,2426,Baruun-Urt,True,130,130,10,86.31511677949727
2423,Choir,2427,Baganuur,True,130,130,20,220.7543988448133
2423,Choir,2441,Gurvansaikhan,True,130,130,12,208.17386598253893
2423,Choir,2445,Lun,True,130,130,20,211.61782466110557
2424,Sainshand,2426,Baruun-Urt,True,130,130,14,197.47606417496235
2424,Sainshand,2441,Gurvansaikhan,True,130,130,12,247.9151718061345
2424,Sainshand,2442,Bulan,True,130,130,16,271.83239655556036
2425,Matad,2426,Baruun-Urt,True,130,130,36,410.8307355282813
2425,Matad,2428,Choibalsan,True,130,130,10,98.15319652309017
2425,Matad,2539,Solun,False,130,140,12,162.26846259205053
2425,Matad,3042,Yimin Sumu,False,130,141,4,36.88943763245029
2426,Baruun-Urt,2427,Baganuur,True,130,130,12,89.46244064958996
2426,Baruun-Urt,2428,Choibalsan,True,130,130,4,58.071337695236394
2427,Baganuur,2428,Choibalsan,True,130,130,26,436.6383032318955
2429,Uniket,3036,Zhèngxiāngbái,False,147,140,2,36.49657518178932
2430,Sharga,2431,Delger,True,130,130,16,176.44225450880063
2430,Sharga,2435,Turuun,True,130,130,10,102.70546140778569
2430,Sharga,2436,Ulaangom,True,130,130,8,97.60471513304236
2430,Sharga,2438,Terper Tugrug,True,130,130,12,175.18114653461242
2430,Sharga,2446,Bugat,True,130,130,22,232.76386819376208
2430,Sharga,2447,Durvuljin,True,130,130,10,94.05573460061575
2431,Delger,2432,Erdene,True,130,130,18,250.81845620162514
2431,Delger,2434,Murun,True,130,130,8,192.7702476038249
2431,Delger,2439,Bayankhongor,True,130,130,18,280.073941131266
2431,Delger,2446,Bugat,True,130,130,14,136.05959116267
2431,Delger,2447,Durvuljin,True,130,130,8,91.19353639959873
2432,Erdene,2433,Khatansuudal,True,130,130,18,333.8398060266399
2432,Erdene,2439,Bayankhongor,True,130,130,8,116.61408357490332
2432,Erdene,2446,Bugat,True,130,130,14,201.1885908087645
2433,Khatansuudal,2439,Bayankhongor,True,130,130,22,202.20268943411793
2433,Khatansuudal,2443,Bayan-Ovoo,True,130,130,22,376.1058392013663
2433,Khatansuudal,2444,Mandal-Ovoo,True,130,130,6,78.53330631948933
2434,Murun,2435,Turuun,True,130,130,20,289.0146404291861
2434,Murun,2439,Bayankhongor,True,130,130,12,201.60544080239322
2434,Murun,2440,Bulgan,True,130,130,14,182.7318209208638
2434,Murun,2447,Durvuljin,True,130,130,8,68.18274953888321
2434,Murun,2917,Kyren,False,130,164,4,70.61178575186362
2434,Murun,2920,Kyakhta,False,130,164,10,209.171553301303
2435,Turuun,2436,Ulaangom,True,130,130,24,430.054579468462
2435,Turuun,2447,Durvuljin,True,130,130,10,123.62540139595295
2435,Turuun,2917,Kyren,False,130,164,18,259.75202953332933
2436,Ulaangom,2437,Ulgii,True,130,130,14,253.934079689638
2436,Ulaangom,2438,Terper Tugrug,True,130,130,18,292.8129964947102
2436,Ulaangom,2915,Nizhneudinsk,False,130,164,8,150.37545880469986
2436,Ulaangom,2917,Kyren,False,130,164,4,61.037089179634066
2436,Ulaangom,2931,Saryg-Sep,False,130,165,14,256.1922293228279
2436,Ulaangom,2932,Toora-Chem,False,130,165,6,79.04875335802011
2437,Ulgii,2438,Terper Tugrug,True,130,130,8,163.88725335264706
2437,Ulgii,2450,Bulun Tokhoi,False,130,150,8,191.9714997358854
2437,Ulgii,2471,Guntamga,False,130,150,8,267.0742409428339
2437,Ulgii,2907,Onguday,False,130,163,4,77.20169488482378
2437,Ulgii,2929,Chadan,False,130,165,10,331.4178278208284
2437,Ulgii,2930,Shagonar,False,130,165,6,151.7273171404577
2437,Ulgii,2931,Saryg-Sep,False,130,165,8,125.40776346297257
2437,Ulgii,3094,Oskemen,False,130,173,2,53.85164807134504
2438,Terper Tugrug,2446,Bugat,True,130,130,14,265.318208534673
2438,Terper Tugrug,2471,Guntamga,False,130,150,10,105.00308339461377
2439,Bayankhongor,2440,Bulgan,True,130,130,14,171.85368614572025
2439,Bayankhongor,2441,Gurvansaikhan,True,130,130,12,126.61245635022715
2439,Bayankhongor,2444,Mandal-Ovoo,True,130,130,8,91.99073922918883
2439,Bayankhongor,2445,Lun,True,130,130,10,127.92543896315519
2440,Bulgan,2445,Lun,True,130,130,26,328.220346898302
2440,Bulgan,2920,Kyakhta,False,130,164,6,150.12110101926618
2441,Gurvansaikhan,2442,Bulan,True,130,130,4,56.206614031288105
2441,Gurvansaikhan,2443,Bayan-Ovoo,True,130,130,18,286.7919644867354
2441,Gurvansaikhan,2444,Mandal-Ovoo,True,130,130,18,126.27042945047639
2441,Gurvansaikhan,2445,Lun,True,130,130,12,92.58852593082146
2442,Bulan,2443,Bayan-Ovoo,True,130,130,10,163.56222987978722
2443,Bayan-Ovoo,2444,Mandal-Ovoo,True,130,130,4,46.96960044917191
2443,Bayan-Ovoo,2485,Ashan,False,130,147,2,20.591260281974
2445,Lun,2920,Kyakhta,False,130,164,12,214.78204835732066
2448,Kingpeng,2486,Chihfeng,True,140,140,30,219.09256880463212
2448,Kingpeng,3035,Beizi Temple,True,140,140,14,111.07445967527015
2448,Kingpeng,3036,Zhèngxiāngbái,True,140,140,20,178.25013983867308
2448,Kingpeng,3058,Tongliao,False,140,141,14,192.7296102802098
2448,Kingpeng,3059,Huolin Gol,False,140,141,4,42.62741699796952
2449,Urumchi,2460,Qara Shahr,True,150,150,6,70.86158145478257
2449,Urumchi,2465,Suilai,True,150,150,16,101.35308090008147
2449,Urumchi,2470,Kitai,True,150,150,16,142.1497686473409
2450,Bulun Tokhoi,2465,Suilai,True,150,150,6,89.36071557113308
2450,Bulun Tokhoi,2468,Shawan,True,150,150,20,263.0458731686081
2450,Bulun Tokhoi,2470,Kitai,True,150,150,8,81.84635943953123
2450,Bulun Tokhoi,2471,Guntamga,True,150,150,16,185.4406177669072
2450,Bulun Tokhoi,3094,Oskemen,False,150,173,14,294.3387013192518
2450,Bulun Tokhoi,3105,Taldy-Kurgan,False,150,173,8,76.27211015305888
2451,Ningyuan,2452,Aqsu,True,150,150,12,75.14312294407173
2451,Ningyuan,2459,Kucha,True,150,150,10,85.20702486977034
2451,Ningyuan,2466,Wusu,True,150,150,8,56.57431180465544
2451,Ningyuan,2467,Tsingho,True,150,150,26,204.55326841907447
2451,Ningyuan,2468,Shawan,True,150,150,20,270.0068494065277
2451,Ningyuan,3104,Talgar,False,150,173,8,90.04270445366926
2451,Ningyuan,3137,Przhevalsk,False,150,172,24,316.6505466478571
2452,Aqsu,2453,Kashgar,True,150,150,6,111.39529206775649
2452,Aqsu,2459,Kucha,True,150,150,22,177.79141837819606
2452,Aqsu,2473,Bashi,True,150,150,18,262.1164606113781
2452,Aqsu,3137,Przhevalsk,False,150,172,18,193.18983714712635
2452,Aqsu,3138,At-Bashy,False,150,172,6,92.52964208877145
2453,Kashgar,2458,Yutien,True,150,150,6,92.41512294038334
2453,Kashgar,2472,Kargilik,True,150,150,10,120.57647851090061
2453,Kashgar,2473,Bashi,True,150,150,30,340.3133995961964
2453,Kashgar,3124,Fergana,False,150,172,12,150.7943257822782
2453,Kashgar,3132,Murghab,False,150,172,10,156.71461403809633
2453,Kashgar,3138,At-Bashy,False,150,172,16,247.50543689376724
2454,Niya,2458,Yutien,True,150,150,28,305.773969952532
2454,Niya,2464,Charchan,True,150,150,22,365.5374775425003
2454,Niya,2473,Bashi,True,150,150,8,92.01338793584893
2455,Kushui,2462,Hami,True,150,150,8,86.1167832908782
2455,Kushui,2463,Chensi,True,150,150,18,151.62987224889153
2455,Kushui,2469,Yulghunbulak,True,150,150,24,242.41343386142847
2455,Kushui,2626,Lenghuzhen,False,150,148,8,120.24397108681626
2455,Kushui,2627,Xihuxiang,False,150,148,26,376.8253854475686
2456,Chochiang,2469,Yulghunbulak,True,150,150,22,338.83640761229304
2456,Chochiang,2474,Vash Shahri,True,150,150,30,338.35853453600487
2456,Chochiang,2625,Wutumeirenxiang,False,150,148,24,461.674221927148
2456,Chochiang,2626,Lenghuzhen,False,150,148,14,123.20359984254223
2457,Hotien,2458,Yutien,True,150,150,16,137.66236982256402
2457,Hotien,2472,Kargilik,True,150,150,20,159.77021866852053
2458,Yutien,2472,Kargilik,True,150,150,30,210.50982636440241
2458,Yutien,2473,Bashi,True,150,150,14,195.97013763769323
2459,Kucha,2460,Qara Shahr,True,150,150,14,201.28505396548803
2459,Kucha,2464,Charchan,True,150,150,12,140.29887093264225
2459,Kucha,2467,Tsingho,True,150,150,12,149.3270551263012
2459,Kucha,2473,Bashi,True,150,150,8,54.089446915630916
2459,Kucha,2475,Sinping,True,150,150,10,119.01835267767466
2460,Qara Shahr,2461,Turfan,True,150,150,24,292.27601487808744
2460,Qara Shahr,2465,Suilai,True,150,150,6,78.97366596101028
2460,Qara Shahr,2467,Tsingho,True,150,150,14,149.13127463129157
2460,Qara Shahr,2469,Yulghunbulak,True,150,150,12,176.55593760024234
2460,Qara Shahr,2470,Kitai,True,150,150,6,20.627510415926714
2460,Qara Shahr,2474,Vash Shahri,True,150,150,10,194.26970993626563
2460,Qara Shahr,2475,Sinping,True,150,150,6,84.76440744382072
2461,Turfan,2462,Hami,True,150,150,6,65.31473536931242
2461,Turfan,2463,Chensi,True,150,150,16,148.50578573842142
2461,Turfan,2469,Yulghunbulak,True,150,150,18,227.42630445146312
2461,Turfan,2470,Kitai,True,150,150,14,181.49800902216487
2462,Hami,2463,Chensi,True,150,150,10,132.7323221000673
2462,Hami,2469,Yulghunbulak,True,150,150,14,110.57484461945828
2463,Chensi,2470,Kitai,True,150,150,18,142.00629353034867
2463,Chensi,2471,Guntamga,True,150,150,18,223.56026118665596
2464,Charchan,2473,Bashi,True,150,150,20,281.95639545269944
2464,Charchan,2474,Vash Shahri,True,150,150,24,299.5260386639398
2464,Charchan,2475,Sinping,True,150,150,10,133.94877869041125
2465,Suilai,2466,Wusu,True,150,150,8,78.17670038189031
2465,Suilai,2467,Tsingho,True,150,150,18,90.58655145920618
2465,Suilai,2468,Shawan,True,150,150,26,246.239990963193
2465,Suilai,2470,Kitai,True,150,150,20,216.56692920035752
2466,Wusu,2467,Tsingho,True,150,150,6,98.34733838748612
2466,Wusu,2468,Shawan,True,150,150,12,55.94096833711132
2468,Shawan,3104,Talgar,False,150,173,6,71.1169932573074
2468,Shawan,3105,Taldy-Kurgan,False,150,173,20,150.06498718981265
2469,Yulghunbulak,2474,Vash Shahri,True,150,150,6,70.06108247080473
2469,Yulghunbulak,2626,Lenghuzhen,False,150,148,8,100.26364622211726
2470,Kitai,2471,Guntamga,True,150,150,20,201.73618152071555
2472,Kargilik,3132,Murghab,False,150,172,18,206.86608601040342
2474,Vash Shahri,2475,Sinping,True,150,150,4,58.01640874209892
2476,Cagayan de Oro,2579,Misamis,True,151,151,4,24.14213562373095
2476,Cagayan de Oro,2581,Malaybalay,True,151,151,8,41.52930452647951
2476,Cagayan de Oro,2584,Butuan,True,151,151,8,28.473832072299786
2477,Tuguegarao,2565,Laoag,True,151,151,10,77.92720826992758
2477,Tuguegarao,2577,Cauayan,True,151,151,22,96.57685632958027
2479,Batangas City,2482,Angeles,True,151,151,10,29.56702088960535
2479,Batangas City,2590,Catanauan,True,151,151,6,11.30056307974577
2481,Hǎikou,2567,Yaxian,True,146,146,20,131.4405569262675
2482,Angeles,2561,Dagupan,True,151,151,18,148.30447677353712
2483,Luzhou,2543,Chongqing,True,149,149,10,85.01063836036978
2483,Luzhou,2556,Zunyi,True,149,149,22,187.2775253354788
2483,Luzhou,2557,Zhaotong,True,149,149,10,211.1182233569523
2484,Hangkin,2485,Ashan,True,147,147,20,247.39759108441672
2484,Hangkin,2560,Baiyin,False,147,149,10,269.3133639469555
2484,Hangkin,2562,Hezhou,False,147,149,6,66.0709032815841
2484,Hangkin,2594,Wuwei,False,147,148,10,160.95473285750955
2484,Hangkin,2631,Huangnan,False,147,148,6,118.83781501395711
2485,Ashan,2592,Zhangye,False,147,148,14,130.9274183698071
2485,Ashan,2594,Wuwei,False,147,148,18,231.42938329011608
2486,Chihfeng,2487,Qinhuangdao,True,140,140,28,283.24971432185623
2486,Chihfeng,2538,Mukden,True,140,140,6,100.8806130178211
2486,Chihfeng,3054,Liaoyang,False,140,141,2,30.528675044947494
2486,Chihfeng,3058,Tongliao,False,140,141,10,157.4344248567187
2487,Qinhuangdao,2488,Yingkow,True,140,140,8,43.702530715745766
2487,Qinhuangdao,2538,Mukden,True,140,140,14,128.88562854786866
2488,Yingkow,2537,Huanren,True,140,140,22,120.47938633326326
2488,Yingkow,2538,Mukden,True,140,140,6,54.889437632450296
2489,Tokyo,2510,Yokohama,True,143,143,16,79.63759926458832
2489,Tokyo,2513,Ishioka,True,143,143,11,72.06733332111729
2489,Tokyo,2514,Kiryu,True,143,143,10,43.65388314990128
2490,Osaka,2505,Wakayama,True,143,143,8,49.97186354812141
2490,Osaka,2506,Kyoto,True,143,143,10,50.366391920500334
2490,Osaka,2507,Kobe,True,143,143,8,57.35738043754547
2491,Nagasaki,2500,Kumamoto,True,143,143,4,19.142310937184728
2491,Nagasaki,2501,Fukuoka,True,143,143,4,15.696383925166549
2492,Sapporo,2493,Urakawa,True,143,143,6,36.504415355633796
2492,Sapporo,2496,Iwamizawa,True,143,143,10,67.87591170654832
2492,Sapporo,2497,Fukuyama,True,143,143,8,75.85053857767842
2493,Urakawa,2494,Kushiro,True,143,143,8,82.30435203591203
2493,Urakawa,2496,Iwamizawa,True,143,143,14,119.65089968450354
2493,Urakawa,2497,Fukuyama,True,143,143,6,52.497407312074316
2494,Kushiro,2495,Nayoro,True,143,143,6,61.89468119567782
2494,Kushiro,2496,Iwamizawa,True,143,143,10,77.82770502304696
2495,Nayoro,2496,Iwamizawa,True,143,143,12,156.1550468791985
2498,Sendai,2503,Miyako,True,143,143,10,97.28661309109702
2498,Sendai,2509,Hirosaki,True,143,143,6,66.11151167239794
2498,Sendai,2514,Kiryu,True,143,143,8,77.22936733362639
2498,Sendai,2515,Nagano,True,143,143,22,171.24637628825593
2499,Kagoshima,2500,Kumamoto,True,143,143,14,97.733315293182
2500,Kumamoto,2501,Fukuoka,True,143,143,16,122.4038396671517
2502,Kochi,2504,Takamatsu,True,143,143,12,77.62902497424929
2503,Miyako,2509,Hirosaki,True,143,143,24,202.07567210044814
2505,Wakayama,2506,Kyoto,True,143,143,8,51.41790580665168
2506,Kyoto,2507,Kobe,True,143,143,10,59.160419731960474
2506,Kyoto,2511,Nagoya,True,143,143,11,88.04366445810187
2506,Kyoto,2512,Kanazawa,True,143,143,12,51.69629782252297
2507,Kobe,2508,Hiroshima,True,143,143,18,95.27685412560305
2510,Yokohama,2511,Nagoya,True,143,143,10,104.853823076859
2510,Yokohama,2512,Kanazawa,True,143,143,8,22.75787688190907
2510,Yokohama,2514,Kiryu,True,143,143,10,47.626814517382726
2510,Yokohama,2515,Nagano,True,143,143,10,51.9641092985051
2511,Nagoya,2512,Kanazawa,True,143,143,16,127.15783033803127
2512,Kanazawa,2515,Nagano,True,143,143,16,140.79871467239997
2513,Ishioka,2514,Kiryu,True,143,143,10,71.74802944520238
2514,Kiryu,2515,Nagano,True,143,143,22,160.948849727978
2516,Keijo,2526,Kaishu,True,142,142,10,71.74140317505616
2516,Keijo,2527,Shunsen,True,142,142,12,66.91951728566198
2516,Keijo,2533,Seikwan,True,142,142,10,33.436694412469805
2517,Heijo,2525,Shinnampo,True,142,142,12,50.50471919959837
2517,Heijo,2535,Anshu,True,142,142,10,50.89532189190884
2517,Heijo,2536,Jipyeong-ri,True,142,142,14,52.738280692201556
2518,Fusan,2529,Taikyu,True,142,142,10,64.89702699045635
2518,Fusan,2530,Koshu,True,142,142,4,26.32255452378267
2519,Kojo,2526,Kaishu,True,142,142,8,36.084108891546556
2519,Kojo,2527,Shunsen,True,142,142,14,113.01908667246283
2519,Kojo,2528,Gangneung,True,142,142,4,30.634558126201593
2519,Kojo,2534,Gensan,True,142,142,10,50.99107299136276
2519,Kojo,2536,Jipyeong-ri,True,142,142,8,58.77927129233083
2520,Seishin,2521,Onjo,True,142,142,12,77.37953632845054
2520,Seishin,2522,Joshin,True,142,142,10,69.12172154024384
2521,Onjo,2522,Joshin,True,142,142,16,75.35255102455788
2521,Onjo,3002,Voroshilov,False,142,169,6,44.9924777607103
2521,Onjo,3055,Tonghua,False,142,141,4,46.8062484748657
2521,Onjo,3057,Yanbian,False,142,141,28,232.84408445736005
2522,Joshin,2523,Choshin,True,142,142,24,199.69117146442713
2522,Joshin,3055,Tonghua,False,142,141,12,84.90240424460956
2523,Choshin,2524,Shingishu,True,142,142,26,157.80827074077462
2523,Choshin,2534,Gensan,True,142,142,2,20.09975124224178
2523,Choshin,2535,Anshu,True,142,142,8,82.90265198971949
2523,Choshin,2537,Huanren,False,142,140,2,43.266615305567875
2523,Choshin,3055,Tonghua,False,142,141,20,164.04321807332792
2524,Shingishu,2535,Anshu,True,142,142,16,152.6584750667538
2524,Shingishu,2537,Huanren,False,142,140,10,148.8556069071457
2525,Shinnampo,2526,Kaishu,True,142,142,12,80.72646337458082
2525,Shinnampo,2535,Anshu,True,142,142,12,45.75371313384084
2525,Shinnampo,2536,Jipyeong-ri,True,142,142,8,59.75347259326088
2526,Kaishu,2527,Shunsen,True,142,142,10,41.62646020950412
2526,Kaishu,2533,Seikwan,True,142,142,11,29.327029231677532
2526,Kaishu,2536,Jipyeong-ri,True,142,142,10,105.84386626156392
2527,Shunsen,2528,Gangneung,True,142,142,16,137.06711768887192
2527,Shunsen,2533,Seikwan,True,142,142,10,77.76713650494966
2528,Gangneung,2532,Uruchin,True,142,142,12,115.01108928092349
2528,Gangneung,2533,Seikwan,True,142,142,4,19.71460152426817
2529,Taikyu,2530,Koshu,True,142,142,10,65.00561746218771
2529,Taikyu,2531,Kunsan,True,142,142,16,82.82900380838521
2529,Taikyu,2532,Uruchin,True,142,142,20,116.82661671307108
2529,Taikyu,2533,Seikwan,True,142,142,4,23.716827585966385
2530,Koshu,2531,Kunsan,True,142,142,16,134.42172109746056
2531,Kunsan,2533,Seikwan,True,142,142,12,125.65326032839674
2532,Uruchin,2533,Seikwan,True,142,142,16,81.81807616472219
2534,Gensan,2535,Anshu,True,142,142,4,26.084108891546556
2534,Gensan,2536,Jipyeong-ri,True,142,142,10,57.46314874714178
2535,Anshu,2536,Jipyeong-ri,True,142,142,16,108.99260082740872
2537,Huanren,2538,Mukden,True,140,140,22,218.0475349071629
2537,Huanren,3054,Liaoyang,False,140,141,8,72.86355721985936
2537,Huanren,3055,Tonghua,False,140,141,14,140.79625766896947
2538,Mukden,3054,Liaoyang,False,140,141,16,220.07148427125443
2539,Solun,3035,Beizi Temple,True,140,140,36,437.51362175034114
2539,Solun,3059,Huolin Gol,False,140,141,14,243.26264671449695
2539,Solun,3060,Arxan,False,140,141,14,168.9621324646803
2539,Solun,3061,Chaihezhen,False,140,141,8,111.96782567348296
2541,Qamdo,2564,Zogang,True,149,149,24,339.4488228042129
2542,Liangshan,2545,Ya'an,True,149,149,16,175.69476985599522
2542,Liangshan,2555,Daocheng,True,149,149,24,248.17824988621038
2543,Chongqing,2548,Nanchong,True,149,149,4,37.22545323287977
2543,Chongqing,2556,Zunyi,True,149,149,12,107.58247736801177
2544,Chengdu,2545,Ya'an,True,149,149,12,119.34543189346695
2544,Chengdu,2553,Ziyang,True,149,149,10,104.97762542591873
2544,Chengdu,2558,Longnan,True,149,149,16,143.7266284120417
2545,Ya'an,2546,Aba,True,149,149,26,203.9211736063349
2545,Ya'an,2547,Garze,True,149,149,8,89.93764613901205
2545,Ya'an,2553,Ziyang,True,149,149,30,194.24789822722752
2545,Ya'an,2555,Daocheng,True,149,149,16,132.98325866674386
2545,Ya'an,2557,Zhaotong,True,149,149,2,4.47213595499958
2545,Ya'an,2558,Longnan,True,149,149,16,100.11391439290283
2546,Aba,2547,Garze,True,149,149,14,144.89669008614175
2546,Aba,2555,Daocheng,True,149,149,6,81.00955140803802
2546,Aba,2558,Longnan,True,149,149,4,34.439088914585774
2546,Aba,2563,Hongyuan,True,149,149,18,201.0008597662457
2546,Aba,2566,Derge,True,149,149,34,293.5217380786086
2547,Garze,2555,Daocheng,True,149,149,4,48.09310735546678
2548,Nanchong,2550,Tianshui,True,149,149,14,131.2833995957958
2548,Nanchong,2552,Weinan,True,149,149,22,215.08492828610167
2548,Nanchong,2553,Ziyang,True,149,149,16,159.0951214421289
2548,Nanchong,2558,Longnan,True,149,149,12,150.15815804139348
2549,Xi'an,2550,Tianshui,True,149,149,10,107.53818956344917
2549,Xi'an,2552,Weinan,True,149,149,18,168.77370867543192
2550,Tianshui,2552,Weinan,True,149,149,42,304.7066448206967
2550,Tianshui,2558,Longnan,True,149,149,14,166.43371154369913
2550,Tianshui,2559,Lintao,True,149,149,24,316.5817105873012
2550,Tianshui,2560,Baiyin,True,149,149,6,59.858963209697336
2551,Lanzhou,2559,Lintao,True,149,149,18,120.13198609118638
2551,Lanzhou,2560,Baiyin,True,149,149,12,138.87689523721863
2551,Lanzhou,2562,Hezhou,True,149,149,10,63.26483055734677
2553,Ziyang,2558,Longnan,True,149,149,24,165.13750448721032
2554,Gannan,2562,Hezhou,True,149,149,16,185.47125426763813
2554,Gannan,2563,Hongyuan,True,149,149,18,236.4219505600757
2554,Gannan,2566,Derge,True,149,149,18,186.61528172760714
2554,Gannan,2609,Yushu,False,149,148,6,69.241292792819
2554,Gannan,2630,Golog,False,149,148,8,203.35289733101303
2554,Gannan,2631,Huangnan,False,149,148,6,82.12039505951361
2555,Daocheng,2566,Derge,True,149,149,10,96.38911687386805
2556,Zunyi,2557,Zhaotong,True,149,149,6,85.5710831375361
2558,Longnan,2559,Lintao,True,149,149,8,145.59299553276063
2558,Longnan,2563,Hongyuan,True,149,149,12,123.15862046197967
2559,Lintao,2560,Baiyin,True,149,149,18,112.94268778435327
2559,Lintao,2562,Hezhou,True,149,149,18,203.42651763390165
2559,Lintao,2563,Hongyuan,True,149,149,16,162.57667486101758
2560,Baiyin,2562,Hezhou,True,149,149,34,260.3304276191146
2561,Dagupan,2565,Laoag,True,151,151,10,92.95434289209447
2561,Dagupan,2577,Cauayan,True,151,151,12,88.66208559051822
2562,Hezhou,2563,Hongyuan,True,149,149,6,57.603987762084174
2562,Hezhou,2631,Huangnan,False,149,148,12,190.50950882361508
2563,Hongyuan,2566,Derge,True,149,149,6,70.5421730030921
2564,Zogang,2566,Derge,True,149,149,2,14.422205101855956
2565,Laoag,2577,Cauayan,True,151,151,18,91.63385288764943
2566,Derge,2609,Yushu,False,149,148,6,102.73176807977526
2568,Toyohara,2571,Keton,True,144,144,12,76.14556124125885
2569,Alexandrovsk,2572,Palevo,True,144,144,20,184.69116209890325
2570,Okha,2572,Palevo,True,144,144,20,147.83920510335474
2571,Keton,2572,Palevo,True,144,144,16,181.32307937574868
2573,Taipei,2574,Taoyuan,True,145,145,12,90.54701942210573
2574,Taoyuan,2575,Taichū,True,145,145,14,86.22374425123617
2575,Taichū,2576,Takow,True,145,145,14,105.26310470945842
2578,Naga,2590,Catanauan,True,151,151,8,45.94791231730775
2579,Misamis,2580,Zamboanga,True,151,151,20,123.1251532982426
2579,Misamis,2581,Malaybalay,True,151,151,14,76.7393589086416
2581,Malaybalay,2582,Bislig,True,151,151,12,126.2753144291238
2581,Malaybalay,2583,Glan,True,151,151,14,82.34938254120577
2581,Malaybalay,2584,Butuan,True,151,151,12,56.097409063391986
2582,Bislig,2584,Butuan,True,151,151,12,92.91395533375126
2586,Calbayog,2587,Ormoc,True,151,151,8,20.128990204491963
2591,Jiuquan,2592,Zhangye,True,148,148,10,90.05968335182777
2591,Jiuquan,2628,Yumen,True,148,148,14,126.19878687038606
2591,Jiuquan,2629,Yanglongxiang,True,148,148,10,111.9334116584686
2592,Zhangye,2593,Jinchang,True,148,148,22,183.08507348930482
2592,Zhangye,2594,Wuwei,True,148,148,8,39.393342726933014
2592,Zhangye,2628,Yumen,True,148,148,22,113.11848104198312
2592,Zhangye,2629,Yanglongxiang,True,148,148,8,156.1386035074891
2592,Zhangye,2638,Niandixiang,True,148,148,12,152.64997923212232
2593,Jinchang,2594,Wuwei,True,148,148,10,91.67183733948096
2593,Jinchang,2638,Niandixiang,True,148,148,10,97.78865666931712
2594,Wuwei,2631,Huangnan,True,148,148,16,195.90598671068372
2594,Wuwei,2637,Hainan,True,148,148,12,108.92462839170241
2594,Wuwei,2638,Niandixiang,True,148,148,22,165.95556268869595
2595,Delhi (CN),2625,Wutumeirenxiang,True,148,148,12,107.39175572995634
2595,Delhi (CN),2626,Lenghuzhen,True,148,148,18,245.4469091641911
2595,Delhi (CN),2632,Chakazhen,True,148,148,12,97.06794570146972
2595,Delhi (CN),2634,Madoi,True,148,148,18,233.72908174206478
2595,Delhi (CN),2635,Golmud,True,148,148,18,143.14683006199974
2595,Delhi (CN),2636,Qumahexiang,True,148,148,12,113.55644992827513
2596,Kandagan,2597,Bandjermasin,True,153,153,12,95.30482315313621
2596,Kandagan,2601,Muara Teweh,True,153,153,10,102.25176472668655
2596,Kandagan,2605,Palangkaraya,True,153,153,20,136.03747052111999
2597,Bandjermasin,2605,Palangkaraya,True,153,153,10,67.05411905374365
2598,Pontianak,2599,Sambas,True,153,153,12,68.4748715181592
2598,Pontianak,2603,Sanggau,True,153,153,12,72.96175045838369
2599,Sambas,2602,Singtang,True,153,153,10,52.321286956436936
2599,Sambas,2603,Sanggau,True,153,153,22,151.28141355320912
2599,Sambas,2639,Kuching,False,153,188,16,160.07694941421522
2600,Kendawangan,2602,Singtang,True,153,153,12,104.16593533822108
2600,Kendawangan,2603,Sanggau,True,153,153,14,110.02703806210329
2600,Kendawangan,2604,Sampit,True,153,153,20,236.5647486928933
2601,Muara Teweh,2602,Singtang,True,153,153,8,77.27795716864838
2601,Muara Teweh,2604,Sampit,True,153,153,14,142.81896551802183
2601,Muara Teweh,2605,Palangkaraya,True,153,153,20,179.43869693388493
2601,Muara Teweh,2606,Kalolokan,True,153,153,8,86.53319443271812
2601,Muara Teweh,2608,Samarinda,True,153,153,12,84.17831649509553
2601,Muara Teweh,2611,Long Poera,True,153,153,18,188.38847513660915
2602,Singtang,2603,Sanggau,True,153,153,10,83.73802787163362
2602,Singtang,2604,Sampit,True,153,153,12,144.51354608426362
2602,Singtang,2611,Long Poera,True,153,153,8,90.79610113506406
2602,Singtang,2639,Kuching,False,153,188,4,50.973665961010276
2602,Singtang,2640,Sibu,False,153,188,10,145.10724263292076
2602,Singtang,2641,Bintulu,False,153,188,2,30.0
2604,Sampit,2605,Palangkaraya,True,153,153,18,116.02048876635628
2606,Kalolokan,2607,Tarakan,True,153,153,8,87.36049373766272
2606,Kalolokan,2608,Samarinda,True,153,153,16,140.04008107094296
2606,Kalolokan,2611,Long Poera,True,153,153,26,263.43381400780845
2607,Tarakan,2611,Long Poera,True,153,153,16,161.28226009789847
2607,Tarakan,2641,Bintulu,False,153,188,6,102.54223891809688
2607,Tarakan,2643,Kudat,False,153,188,14,182.54051325370546
2609,Yushu,2630,Golog,True,148,148,26,322.18868645953796
2609,Yushu,2633,Youyunxiang,True,148,148,12,96.53863878887736
2610,Zadoi,2624,Tanggulazhen,True,148,148,16,255.55943021307144
2610,Zadoi,2633,Youyunxiang,True,148,148,2,15.231546211727817
2610,Zadoi,2634,Madoi,True,148,148,14,231.53592175082514
2611,Long Poera,2641,Bintulu,False,153,188,14,240.7986623658476
2612,Makassar,2617,Maros,True,153,153,9,76.29768394209094
2613,Lelewaoe,2614,Poleang,True,153,153,12,114.24759712168091
2613,Lelewaoe,2621,Masamba,True,153,153,12,76.30122673146552
2616,Palu,2618,Wono,True,153,153,10,81.39620414675092
2616,Palu,2619,Deking,True,153,153,10,33.98140956982914
2616,Palu,2621,Masamba,True,153,153,12,86.05166508838039
2616,Palu,2623,Menado,True,153,153,6,20.9256814798283
2617,Maros,2620,Singkang,True,153,153,10,79.18940918484851
2618,Wono,2619,Deking,True,153,153,10,61.47341010188165
2618,Wono,2621,Masamba,True,153,153,8,54.98654582744286
2619,Deking,2620,Singkang,True,153,153,10,63.16350105232629
2619,Deking,2621,Masamba,True,153,153,12,70.2262765142497
2620,Singkang,2621,Masamba,True,153,153,8,30.86795680042036
2621,Masamba,2622,Ampana,True,153,153,16,55.35900304140061
2624,Tanggulazhen,2634,Madoi,True,148,148,12,228.51475768953807
2624,Tanggulazhen,2636,Qumahexiang,True,148,148,22,319.0744130654977
2625,Wutumeirenxiang,2626,Lenghuzhen,True,148,148,18,249.0665596024107
2625,Wutumeirenxiang,2635,Golmud,True,148,148,14,82.03715604805082
2625,Wutumeirenxiang,2636,Qumahexiang,True,148,148,22,204.81925057116342
2626,Lenghuzhen,2627,Xihuxiang,True,148,148,10,283.94835854563473
2626,Lenghuzhen,2629,Yanglongxiang,True,148,148,14,168.727827889697
2627,Xihuxiang,2628,Yumen,True,148,148,24,237.06560998100292
2627,Xihuxiang,2629,Yanglongxiang,True,148,148,6,43.095078245074234
2628,Yumen,2629,Yanglongxiang,True,148,148,20,182.58633042209462
2629,Yanglongxiang,2632,Chakazhen,True,148,148,10,89.33940755626352
2629,Yanglongxiang,2638,Niandixiang,True,148,148,18,192.25372573301482
2630,Golog,2631,Huangnan,True,148,148,44,423.2150957467605
2630,Golog,2633,Youyunxiang,True,148,148,16,152.2982585114185
2631,Huangnan,2633,Youyunxiang,True,148,148,16,129.49834489739416
2631,Huangnan,2637,Hainan,True,148,148,14,116.62838604588276
2632,Chakazhen,2634,Madoi,True,148,148,4,50.006449519453646
2632,Chakazhen,2638,Niandixiang,True,148,148,8,91.5924755198476
2633,Youyunxiang,2637,Hainan,True,148,148,12,57.103123712688216
2633,Youyunxiang,2638,Niandixiang,True,148,148,20,225.08510178643547
2634,Madoi,2636,Qumahexiang,True,148,148,10,186.76915524999941
2635,Golmud,2636,Qumahexiang,True,148,148,16,121.9519135313191
2637,Hainan,2638,Niandixiang,True,148,148,10,73.85563700075559
2639,Kuching,2640,Sibu,True,188,188,22,200.9713675114458
2640,Sibu,2641,Bintulu,True,188,188,16,195.00867948216347
2641,Bintulu,2642,Brunei,True,188,188,14,96.87864418423908
2641,Bintulu,2643,Kudat,True,188,188,10,48.61197497106748
2642,Brunei,2643,Kudat,True,188,188,6,80.82231008835066
2644,Singapore,2645,Sungai Petani,True,187,187,10,45.69461179347312
2644,Singapore,2646,Kuala Lumpur,True,187,187,10,75.27011262890275
2644,Singapore,2647,Khota Bharn,True,187,187,10,77.71347705262312
2645,Sungai Petani,2646,Kuala Lumpur,True,187,187,10,92.77643914881321
2645,Sungai Petani,2647,Khota Bharn,True,187,187,20,199.58868914871965
2651,Palenbang,2667,Djambi,True,154,154,12,69.985242301018
2651,Palenbang,2668,Telukbetung,True,154,154,12,84.86429752858294
2651,Palenbang,2670,Bengkulu,True,154,154,10,87.29934599611613
2653,Kupang,2654,Dili,True,155,155,10,48.63554416314378
2655,Batavia,2659,Bandung,True,154,154,8,57.09197530916563
2655,Batavia,2664,Pandeglang,True,154,154,12,92.1198473603313
2656,Soerabaja,2663,Semarang,True,154,154,12,67.11058626559651
2656,Soerabaja,2665,Malang,True,154,154,10,45.505019227939314
2657,Medan,2672,Tapaktuan,True,154,154,6,51.714410945777814
2657,Medan,2673,Tanjungbalai,True,154,154,10,74.98014610999886
2657,Medan,2674,Langsa,True,154,154,4,31.112698372208087
2658,Banda Aceh,2672,Tapaktuan,True,154,154,18,95.46047292554427
2658,Banda Aceh,2674,Langsa,True,154,154,16,84.16499468194903
2659,Bandung,2660,Cheribon,True,154,154,8,86.04407758237684
2659,Bandung,2664,Pandeglang,True,154,154,10,53.21513695154433
2660,Cheribon,2661,Solo,True,154,154,12,82.9663381840965
2660,Cheribon,2663,Semarang,True,154,154,6,23.429553284237727
2660,Cheribon,2664,Pandeglang,True,154,154,8,58.55704382525222
2661,Solo,2663,Semarang,True,154,154,16,162.2721615731595
2661,Solo,2665,Malang,True,154,154,12,66.97440383862501
2662,Banyuwangi,2665,Malang,True,154,154,10,50.00234881533245
2663,Semarang,2665,Malang,True,154,154,8,19.429553284237727
2666,Pekanbaru,2669,Padang,True,154,154,14,176.9538242895087
2666,Pekanbaru,2671,Rengat,True,154,154,10,101.38474673600976
2666,Pekanbaru,2673,Tanjungbalai,True,154,154,22,236.79924129313676
2667,Djambi,2669,Padang,True,154,154,12,115.48027225013735
2667,Djambi,2670,Bengkulu,True,154,154,18,164.1722784438372
2667,Djambi,2671,Rengat,True,154,154,12,143.78144699261824
2668,Telukbetung,2670,Bengkulu,True,154,154,14,164.7569789375333
2669,Padang,2670,Bengkulu,True,154,154,4,35.23154621172782
2669,Padang,2671,Rengat,True,154,154,16,137.41989413984464
2672,Tapaktuan,2673,Tanjungbalai,True,154,154,12,101.57253736164347
2672,Tapaktuan,2674,Langsa,True,154,154,24,129.0055794679372
2675,Darwin,2683,Katherine,True,176,176,54,455.3043002103334
2675,Darwin,2686,Borroloola,True,176,176,4,52.43908891458577
2676,Adelaide,2688,Renmark,True,176,176,12,90.46655554016533
2677,Alice Springs,2678,Marla,True,176,176,14,153.5409659391658
2677,Alice Springs,2681,Kintore,True,176,176,16,156.13960757896865
2677,Alice Springs,2682,Urluru,True,176,176,16,196.53163859783444
2677,Alice Springs,2685,Three Ways,True,176,176,24,300.39730719168796
2677,Alice Springs,2746,Dutches,False,176,177,2,68.0
2677,Alice Springs,2753,Birdsville,False,176,177,2,28.0
2677,Alice Springs,2754,Boulia,False,176,177,2,186.0
2678,Marla,2679,Maralinga,True,176,176,16,152.29103074912453
2678,Marla,2680,The Sill,True,176,176,20,304.3412938337688
2678,Marla,2682,Urluru,True,176,176,22,258.0083123395727
2678,Marla,2687,Port Augusta,True,176,176,8,139.28759017187332
2678,Marla,2753,Birdsville,False,176,177,2,138.0
2679,Maralinga,2681,Kintore,True,176,176,18,180.73803152606345
2679,Maralinga,2682,Urluru,True,176,176,20,250.2124563705277
2679,Maralinga,2687,Port Augusta,True,176,176,26,286.2608344929782
2679,Maralinga,2694,Loongana,False,176,175,2,384.0052082980125
2679,Maralinga,2706,Warburton,False,176,175,2,96.0
2680,The Sill,2687,Port Augusta,True,176,176,32,364.418489124373
2680,The Sill,2688,Renmark,True,176,176,12,134.02980566605362
2680,The Sill,2726,Silverton,False,176,178,2,22.0
2680,The Sill,2727,Tibooburra,False,176,178,2,122.01639234135715
2680,The Sill,2753,Birdsville,False,176,177,2,206.0
2680,The Sill,2755,Windorah,False,176,177,2,38.0
2680,The Sill,2756,Eromanga,False,176,177,2,194.0412327316027
2681,Kintore,2682,Urluru,True,176,176,40,473.1089582851366
2681,Kintore,2684,Lajamanu,True,176,176,16,358.7578868770763
2681,Kintore,2685,Three Ways,True,176,176,4,68.17601498127013
2681,Kintore,2706,Warburton,False,176,175,2,132.015150645674
2681,Kintore,2707,Tanami,False,176,175,2,184.0
2683,Katherine,2684,Lajamanu,True,176,176,26,389.3342178080783
2683,Katherine,2685,Three Ways,True,176,176,4,40.3606797749979
2683,Katherine,2686,Borroloola,True,176,176,28,241.92280338399067
2683,Katherine,2699,Wyndham,False,176,175,2,196.04081207748553
2684,Lajamanu,2685,Three Ways,True,176,176,26,316.46192824111404
2684,Lajamanu,2699,Wyndham,False,176,175,2,24.0
2684,Lajamanu,2701,Halls Creek,False,176,175,2,204.0
2684,Lajamanu,2707,Tanami,False,176,175,2,132.015150645674
2685,Three Ways,2686,Borroloola,True,176,176,24,310.74376483430024
2685,Three Ways,2745,Floraville,False,176,177,2,96.0
2685,Three Ways,2746,Dutches,False,176,177,2,128.0
2686,Borroloola,2745,Floraville,False,176,177,2,98.0
2687,Port Augusta,2688,Renmark,True,176,176,14,108.21802116533159
2688,Renmark,2725,Yaapeet,False,176,178,2,268.0
2688,Renmark,2726,Silverton,False,176,178,2,182.0
2689,Perth,2696,Northam,True,175,175,12,83.38458498698559
2689,Perth,2697,Albany,True,175,175,10,79.13998510633468
2689,Perth,2698,Dongara,True,175,175,6,52.78746976674287
2690,Roebourne,2702,Port Hedland,True,175,175,6,65.55733548435765
2690,Roebourne,2703,Newman,True,175,175,8,103.56650115551979
2690,Roebourne,2713,Onslow,True,175,175,6,57.79902264256256
2691,Kalgoorlie,2695,Southern Cross,True,175,175,10,101.0395908356552
2691,Kalgoorlie,2711,Rawanna,True,175,175,10,109.20258638466319
2691,Kalgoorlie,2712,Higginsville,True,175,175,10,106.69893740061224
2692,Geraldton,2698,Dongara,True,175,175,12,65.35160775987868
2692,Geraldton,2704,Carnavon,True,175,175,12,58.347854211568716
2692,Geraldton,2708,Yalgoo,True,175,175,16,67.64979355280488
2693,Esperance,2696,Northam,True,175,175,10,109.85534748581034
2693,Esperance,2697,Albany,True,175,175,16,149.58419924474234
2693,Esperance,2711,Rawanna,True,175,175,10,88.20151976896145
2693,Esperance,2712,Higginsville,True,175,175,26,298.4810795010145
2694,Loongana,2705,Wiluna,True,175,175,12,140.4928861905056
2694,Loongana,2706,Warburton,True,175,175,26,250.59578976007694
2694,Loongana,2711,Rawanna,True,175,175,20,295.6250863172631
2695,Southern Cross,2696,Northam,True,175,175,18,194.8265332645203
2695,Southern Cross,2698,Dongara,True,175,175,10,125.59338166011558
2695,Southern Cross,2705,Wiluna,True,175,175,20,245.3360996020228
2695,Southern Cross,2708,Yalgoo,True,175,175,4,45.64202993205666
2695,Southern Cross,2711,Rawanna,True,175,175,10,60.88398940476713
2695,Southern Cross,2712,Higginsville,True,175,175,14,119.4449850416613
2696,Northam,2697,Albany,True,175,175,16,178.43916548262746
2696,Northam,2698,Dongara,True,175,175,18,196.1560083035709
2696,Northam,2712,Higginsville,True,175,175,8,91.1347118080771
2698,Dongara,2708,Yalgoo,True,175,175,32,298.1531870698965
2699,Wyndham,2700,Derby,True,175,175,4,30.180719130374342
2699,Wyndham,2701,Halls Creek,True,175,175,44,365.8016978916463
2700,Derby,2701,Halls Creek,True,175,175,10,73.2167942890176
2700,Derby,2702,Port Hedland,True,175,175,12,77.6849572185956
2700,Derby,2710,Telfer,True,175,175,6,43.26895989278738
2701,Halls Creek,2707,Tanami,True,175,175,20,239.78409023337957
2701,Halls Creek,2710,Telfer,True,175,175,16,242.2792602172459
2702,Port Hedland,2703,Newman,True,175,175,28,173.5379722308756
2702,Port Hedland,2710,Telfer,True,175,175,32,346.1808200639356
2703,Newman,2709,Abbots,True,175,175,16,195.82601765201838
2703,Newman,2710,Telfer,True,175,175,12,98.7205919102162
2703,Newman,2713,Onslow,True,175,175,26,199.50582508956876
2703,Newman,2714,Kumarina,True,175,175,18,186.2166274052069
2704,Carnavon,2708,Yalgoo,True,175,175,14,132.74232856532313
2704,Carnavon,2709,Abbots,True,175,175,28,283.82961271749264
2704,Carnavon,2713,Onslow,True,175,175,12,133.88249643757808
2705,Wiluna,2706,Warburton,True,175,175,16,208.8282288656227
2705,Wiluna,2708,Yalgoo,True,175,175,20,153.7163724446056
2705,Wiluna,2709,Abbots,True,175,175,12,138.76949536777425
2705,Wiluna,2711,Rawanna,True,175,175,20,173.03265216319107
2705,Wiluna,2714,Kumarina,True,175,175,12,152.29795819005426
2706,Warburton,2707,Tanami,True,175,175,20,180.49611749623014
2706,Warburton,2714,Kumarina,True,175,175,18,236.2625458653497
2707,Tanami,2710,Telfer,True,175,175,14,204.64912047411315
2707,Tanami,2714,Kumarina,True,175,175,18,136.60060490359766
2708,Yalgoo,2709,Abbots,True,175,175,16,262.2731271327358
2709,Abbots,2713,Onslow,True,175,175,16,232.9703043295629
2709,Abbots,2714,Kumarina,True,175,175,12,145.4328063330524
2710,Telfer,2714,Kumarina,True,175,175,30,251.66111787202098
2711,Rawanna,2712,Higginsville,True,175,175,24,176.28438392806333
2715,Merauke,2766,Daru,True,152,152,10,67.15190107062244
2715,Merauke,2779,Aiambak,True,152,152,6,52.219916366981494
2715,Merauke,2786,Kumbe,True,152,152,14,85.93523402844473
2716,Melbourne,2720,Ballarat,True,178,178,13,65.18646430609975
2716,Melbourne,2721,Bendigo,True,178,178,16,69.12971112111958
2716,Melbourne,2723,Bairnsdale,True,178,178,12,53.320383331676204
2717,Sydney,2729,Gosford,True,178,178,8,41.449839831708786
2717,Sydney,2734,Bathurst,True,178,178,18,112.65403259781017
2718,Newcastle,2729,Gosford,True,178,178,4,41.287839691669845
2718,Newcastle,2730,Lismore,True,178,178,10,42.01026773760509
2718,Newcastle,2731,Dubbo,True,178,178,10,86.76584376964414
2719,Mildura,2725,Yaapeet,True,178,178,16,70.83208869429329
2719,Mildura,2726,Silverton,True,178,178,12,61.058490179100296
2719,Mildura,2728,Hay,True,178,178,12,42.25400507749964
2720,Ballarat,2721,Bendigo,True,178,178,18,115.27362374265086
2720,Ballarat,2725,Yaapeet,True,178,178,20,154.76726757353447
2721,Bendigo,2723,Bairnsdale,True,178,178,18,105.85680780612614
2721,Bendigo,2724,Wagga Wagga,True,178,178,20,108.18915444641554
2721,Bendigo,2725,Yaapeet,True,178,178,8,56.351166014624546
2721,Bendigo,2728,Hay,True,178,178,26,209.35975368666854
2722,Canberra,2723,Bairnsdale,True,178,178,10,70.17711876829352
2722,Canberra,2724,Wagga Wagga,True,178,178,10,50.55387193556271
2722,Canberra,2734,Bathurst,True,178,178,8,66.28775269305305
2723,Bairnsdale,2724,Wagga Wagga,True,178,178,22,165.84351492219156
2723,Bairnsdale,2734,Bathurst,True,178,178,8,85.84455502481839
2724,Wagga Wagga,2728,Hay,True,178,178,24,149.71796307038537
2724,Wagga Wagga,2734,Bathurst,True,178,178,24,156.38053583506553
2724,Wagga Wagga,2735,Nymagee,True,178,178,10,77.31511114528645
2725,Yaapeet,2726,Silverton,True,178,178,8,38.30446347002239
2725,Yaapeet,2728,Hay,True,178,178,18,125.94730604598712
2726,Silverton,2727,Tibooburra,True,178,178,22,161.5295598672402
2726,Silverton,2728,Hay,True,178,178,8,72.5904140306533
2726,Silverton,2733,Ivanhoe,True,178,178,18,148.8225247694991
2727,Tibooburra,2733,Ivanhoe,True,178,178,6,35.211026213396046
2727,Tibooburra,2737,Wanaaring,True,178,178,20,138.15416403856926
2727,Tibooburra,2756,Eromanga,False,178,177,2,168.0
2728,Hay,2733,Ivanhoe,True,178,178,18,138.06491881678144
2728,Hay,2735,Nymagee,True,178,178,12,74.71948125362943
2729,Gosford,2731,Dubbo,True,178,178,8,49.28469196686109
2729,Gosford,2734,Bathurst,True,178,178,10,73.74324927051588
2730,Lismore,2731,Dubbo,True,178,178,10,73.86504575489046
2730,Lismore,2736,Walgett,True,178,178,18,164.39373103653202
2730,Lismore,2739,Warwick,False,178,177,18,162.91690362652446
2731,Dubbo,2734,Bathurst,True,178,178,14,124.73571109475064
2731,Dubbo,2735,Nymagee,True,178,178,18,143.0141838563891
2731,Dubbo,2736,Walgett,True,178,178,16,154.0441570296593
2732,Byrock,2733,Ivanhoe,True,178,178,4,25.45584412271571
2732,Byrock,2735,Nymagee,True,178,178,16,143.7174854880406
2732,Byrock,2736,Walgett,True,178,178,20,154.77121729414316
2732,Byrock,2737,Wanaaring,True,178,178,22,167.93265511086383
2732,Byrock,2757,Eulo,False,178,177,2,104.0768946500615
2732,Byrock,2761,Dirranbandi,False,178,177,8,50.085517062125334
2733,Ivanhoe,2735,Nymagee,True,178,178,20,144.4307942404991
2733,Ivanhoe,2737,Wanaaring,True,178,178,16,156.77235469981645
2734,Bathurst,2735,Nymagee,True,178,178,12,89.79898748736811
2735,Nymagee,2736,Walgett,True,178,178,6,27.016540865504332
2736,Walgett,2739,Warwick,False,178,177,4,37.088007490635064
2736,Walgett,2761,Dirranbandi,False,178,177,10,176.196793472644
2737,Wanaaring,2756,Eromanga,False,178,177,2,36.0
2737,Wanaaring,2757,Eulo,False,178,177,2,106.07544484940895
2738,Brisbane,2739,Warwick,True,177,177,14,106.12499253389868
2738,Brisbane,2760,Sandgate,True,177,177,16,80.22970698850011
2739,Warwick,2760,Sandgate,True,177,177,20,109.57359790686033
2739,Warwick,2761,Dirranbandi,True,177,177,12,100.412439361379
2739,Warwick,2762,Roma,True,177,177,4,23.6619037896906
2740,Townsville,2744,Cairns,True,177,177,8,44.76742929297069
2740,Townsville,2750,Mackay,True,177,177,6,45.76263497554426
2740,Townsville,2751,Charters Towers,True,177,177,10,89.57408436427974
2741,Cloncurry,2745,Floraville,True,177,177,12,104.54076284394542
2741,Cloncurry,2746,Dutches,True,177,177,14,113.6878316724151
2741,Cloncurry,2747,Richmond (QLD),True,177,177,12,91.49980459969905
2742,Rockhampton,2749,Emerald,True,177,177,8,46.55030156704976
2742,Rockhampton,2750,Mackay,True,177,177,14,80.64378294122622
2742,Rockhampton,2759,Rannes,True,177,177,10,75.98335351163901
2743,Longreach,2747,Richmond (QLD),True,177,177,6,41.076343474529025
2743,Longreach,2749,Emerald,True,177,177,10,71.2101011390192
2743,Longreach,2751,Charters Towers,True,177,177,6,48.63712794177135
2743,Longreach,2754,Boulia,True,177,177,8,45.028380801545715
2743,Longreach,2755,Windorah,True,177,177,10,77.84704334052267
2744,Cairns,2745,Floraville,True,177,177,14,125.29163395932456
2744,Cairns,2747,Richmond (QLD),True,177,177,16,179.7922984299305
2744,Cairns,2751,Charters Towers,True,177,177,18,124.27291531918374
2744,Cairns,2752,Palmerville,True,177,177,20,189.43745352201316
2745,Floraville,2746,Dutches,True,177,177,6,64.90553373393804
2745,Floraville,2747,Richmond (QLD),True,177,177,12,116.84244555723518
2745,Floraville,2752,Palmerville,True,177,177,12,142.0849666249337
2746,Dutches,2747,Richmond (QLD),True,177,177,24,151.90890749034628
2746,Dutches,2754,Boulia,True,177,177,12,156.39062119863198
2747,Richmond (QLD),2751,Charters Towers,True,177,177,20,284.4427803928226
2747,Richmond (QLD),2754,Boulia,True,177,177,28,185.58421755910499
2748,MCDonnell,2752,Palmerville,True,177,177,18,175.89073145005563
2749,Emerald,2750,Mackay,True,177,177,16,248.42080887104675
2749,Emerald,2751,Charters Towers,True,177,177,10,171.73090584885017
2749,Emerald,2755,Windorah,True,177,177,8,120.05798184406174
2749,Emerald,2759,Rannes,True,177,177,22,260.71565304590445
2749,Emerald,2763,Charleville,True,177,177,24,238.47629382311223
2750,Mackay,2751,Charters Towers,True,177,177,22,235.51415660814394
2753,Birdsville,2754,Boulia,True,177,177,22,250.59799308750152
2753,Birdsville,2755,Windorah,True,177,177,22,202.29362915181807
2754,Boulia,2755,Windorah,True,177,177,6,85.11192801755296
2755,Windorah,2756,Eromanga,True,177,177,14,186.84663907543123
2755,Windorah,2763,Charleville,True,177,177,16,145.2239127426166
2756,Eromanga,2757,Eulo,True,177,177,30,186.70707487892847
2756,Eromanga,2763,Charleville,True,177,177,12,89.89851517790899
2757,Eulo,2761,Dirranbandi,True,177,177,24,158.41292063732124
2757,Eulo,2762,Roma,True,177,177,6,27.98645911002736
2757,Eulo,2763,Charleville,True,177,177,24,209.75195202223955
2758,Maryborough,2759,Rannes,True,177,177,24,204.90787764452432
2758,Maryborough,2760,Sandgate,True,177,177,14,87.70234812224183
2758,Maryborough,2762,Roma,True,177,177,16,174.9433281360237
2759,Rannes,2762,Roma,True,177,177,10,114.23085490487463
2759,Rannes,2763,Charleville,True,177,177,4,25.455359115539217
2760,Sandgate,2762,Roma,True,177,177,20,137.262230864714
2761,Dirranbandi,2762,Roma,True,177,177,16,221.58662269573313
2762,Roma,2763,Charleville,True,177,177,20,197.57672439029454
2764,Port Moresby,2765,Alotau,True,152,152,16,101.16781024445805
2764,Port Moresby,2773,Morobe,True,152,152,10,85.11903691021641
2765,Alotau,2773,Morobe,True,152,152,14,104.03081377846831
2766,Daru,2776,Mendi,True,152,152,6,32.81098251304779
2766,Daru,2779,Aiambak,True,152,152,14,132.59246849885665
2767,Aitape,2768,Sarmi,True,152,152,16,101.9511893658625
2767,Aitape,2775,Agats,True,152,152,6,61.52040737166181
2767,Aitape,2777,Wewak,True,152,152,20,207.04424762563303
2767,Aitape,2778,Tiom,True,152,152,26,196.43730788126143
2767,Aitape,2780,Tabubil,True,152,152,12,99.6000546411833
2767,Aitape,2781,Wabag,True,152,152,4,46.166091947189145
2767,Aitape,2785,Jayapura,True,152,152,12,109.96081503717795
2768,Sarmi,2778,Tiom,True,152,152,8,65.6538908767298
2768,Sarmi,2785,Jayapura,True,152,152,10,56.70407455872598
2768,Sarmi,2787,Botawa,True,152,152,20,127.12850996245972
2768,Sarmi,2788,Tembagapura,True,152,152,14,195.59016481539516
2769,Sorong,2782,Manokwari,True,152,152,20,186.1376594474917
2770,Kaimana,2782,Manokwari,True,152,152,12,48.412776444777364
2770,Kaimana,2787,Botawa,True,152,152,14,110.32158760818643
2771,Madang,2772,Lae,True,152,152,14,121.81223637114874
2771,Madang,2776,Mendi,True,152,152,8,62.17291394911026
2771,Madang,2777,Wewak,True,152,152,14,116.02410659141638
2771,Madang,2781,Wabag,True,152,152,12,126.09753528843883
2772,Lae,2773,Morobe,True,152,152,18,189.57831669906207
2772,Lae,2776,Mendi,True,152,152,10,84.5580212019623
2773,Morobe,2776,Mendi,True,152,152,10,97.40675853228288
2774,Timika,2787,Botawa,True,152,152,8,60.37813076174734
2774,Timika,2788,Tembagapura,True,152,152,14,125.09653804627234
2775,Agats,2778,Tiom,True,152,152,22,185.94038635480143
2775,Agats,2779,Aiambak,True,152,152,4,61.037089179634066
2775,Agats,2780,Tabubil,True,152,152,6,52.05189577322912
2775,Agats,2786,Kumbe,True,152,152,32,208.96953659206167
2775,Agats,2788,Tembagapura,True,152,152,12,111.59420509210169
2776,Mendi,2779,Aiambak,True,152,152,20,186.36715026095305
2776,Mendi,2781,Wabag,True,152,152,12,146.16267605152808
2777,Wewak,2781,Wabag,True,152,152,14,213.78290585987875
2778,Tiom,2788,Tembagapura,True,152,152,10,93.7099010965152
2779,Aiambak,2780,Tabubil,True,152,152,8,68.31730743029091
2779,Aiambak,2781,Wabag,True,152,152,18,154.4781920784405
2779,Aiambak,2786,Kumbe,True,152,152,24,171.11927588647248
2780,Tabubil,2781,Wabag,True,152,152,4,27.88854381999832
2787,Botawa,2788,Tembagapura,True,152,152,10,102.13327712720553
2789,Hobart,2790,Devonport,True,179,179,22,165.05003315058332
2789,Hobart,2791,Strahan,True,179,179,10,69.15804983067414
2790,Devonport,2791,Strahan,True,179,179,20,128.37155941659654
2792,Auckland,2809,Hamilton,True,174,174,10,45.90338535653751
2792,Auckland,3299,Whangarei,True,174,174,10,48.44215880710458
2793,Wellington,2808,Masterton,True,174,174,10,67.27546449265327
2794,Otira,2799,Greymouth,True,174,174,8,55.228893784368616
2794,Otira,2800,Timaru,True,174,174,12,134.64286644232527
2794,Otira,2802,Westport,True,174,174,12,112.725440483084
2794,Otira,2811,Kaikoura,True,174,174,8,47.81222871041952
2794,Otira,2813,Hokitika,True,174,174,18,104.7296132144914
2795,Dunedin,2796,Invercargill,True,174,174,8,43.25049875328659
2795,Dunedin,2797,Cromwell,True,174,174,8,32.393396415164496
2795,Dunedin,2801,Oamaru,True,174,174,10,36.305964890165896
2796,Invercargill,2797,Cromwell,True,174,174,20,236.18784602202302
2796,Invercargill,2812,Te Anau,True,174,174,10,129.7332263566686
2797,Cromwell,2801,Oamaru,True,174,174,20,146.0371509610855
2797,Cromwell,2812,Te Anau,True,174,174,14,167.04971670065368
2797,Cromwell,2814,Wanaka,True,174,174,14,103.69698745051589
2798,Nelson,2802,Westport,True,174,174,10,82.37792157662668
2798,Nelson,2810,Blenheim,True,174,174,16,155.96175668949448
2799,Greymouth,2802,Westport,True,174,174,6,23.942595176401866
2799,Greymouth,2813,Hokitika,True,174,174,10,37.2198772122456
2800,Timaru,2801,Oamaru,True,174,174,12,83.3361145286695
2800,Timaru,2811,Kaikoura,True,174,174,8,50.80421472687533
2800,Timaru,2813,Hokitika,True,174,174,14,91.76142895485245
2800,Timaru,2814,Wanaka,True,174,174,6,31.85994281687617
2800,Timaru,2815,Christchurch,True,174,174,18,109.60633069095506
2801,Oamaru,2814,Wanaka,True,174,174,20,131.32592380315174
2802,Westport,2810,Blenheim,True,174,174,8,67.41342768272436
2802,Westport,2811,Kaikoura,True,174,174,8,101.53752722265214
2803,Ohakune,2805,Mokai,True,174,174,10,46.12861732912615
2803,Ohakune,2806,Ohura,True,174,174,24,164.32260099741922
2803,Ohakune,2807,Napier,True,174,174,16,125.78350305911566
2803,Ohakune,2808,Masterton,True,174,174,10,95.607281489889
2804,Gisborne,2805,Mokai,True,174,174,20,188.06856684044345
2804,Gisborne,2807,Napier,True,174,174,6,43.8032762956404
2805,Mokai,2806,Ohura,True,174,174,16,159.21530504665216
2805,Mokai,2807,Napier,True,174,174,14,110.61221763211655
2805,Mokai,2809,Hamilton,True,174,174,12,144.44659097843004
2806,Ohura,2809,Hamilton,True,174,174,12,94.1117171781742
2807,Napier,2808,Masterton,True,174,174,12,104.97389171144755
2810,Blenheim,2811,Kaikoura,True,174,174,12,138.23827893925323
2812,Te Anau,2814,Wanaka,True,174,174,12,104.2493392061152
2813,Hokitika,2814,Wanaka,True,174,174,18,147.47127083032146
2816,Leningrad,2821,Veliky Novgorod,True,157,157,2,8.94427190999916
2816,Leningrad,2822,Gdov,True,157,157,10,53.404629982272944
2816,Leningrad,2849,Volkhov,True,157,157,22,146.19109347841638
2817,Vologda,2838,Kargopol,True,157,157,8,80.41313797178393
2817,Vologda,2848,Cherepovets,True,157,157,6,78.57654769834892
2817,Vologda,2851,Sokol,True,157,157,6,66.93255172324888
2817,Vologda,2852,Gryazovets,True,157,157,4,70.13434063279385
2818,Arkhangelsk,2840,Mezen,True,157,157,20,177.9953981486616
2818,Arkhangelsk,2841,Onega,True,157,157,10,103.64516628798414
2819,Naryan-Mar,2837,Khorey-Ver,True,157,157,16,152.0028131085209
2819,Naryan-Mar,2847,Kotkino,True,157,157,10,123.10773470655165
2820,Pskov,2821,Veliky Novgorod,True,157,157,16,102.56078135754481
2820,Pskov,2822,Gdov,True,157,157,8,85.36646825342673
2820,Pskov,2823,Nevel,True,157,157,22,177.31079519640147
2821,Veliky Novgorod,2822,Gdov,True,157,157,18,166.9109392265815
2821,Veliky Novgorod,2823,Nevel,True,157,157,22,157.04446302481017
2821,Veliky Novgorod,2850,Khvoynaya,True,157,157,2,15.231546211727817
2823,Nevel,3233,Smolensk,False,157,156,14,193.45677806736995
2824,Amderma,2828,Pechora,False,157,158,2,128.0
2824,Amderma,2832,Inta,False,157,158,30,558.8558839021453
2824,Amderma,2837,Khorey-Ver,True,157,157,14,300.3967802088853
2824,Amderma,2855,Salekhard,False,157,161,18,164.05421247100503
2825,Shoyna,2840,Mezen,True,157,157,14,211.2066214965032
2825,Shoyna,2845,Leshukonskoye,True,157,157,10,99.17961474274394
2825,Shoyna,2846,Pinega,True,157,157,34,306.1651885367851
2825,Shoyna,2847,Kotkino,True,157,157,18,248.85334981132448
2826,Knyazhpogost,2827,Dutovo,True,158,158,8,98.99311503854052
2826,Knyazhpogost,2829,Ukhta,True,158,158,10,189.0724186710163
2826,Knyazhpogost,2830,Izhma,True,158,158,6,73.7636812449742
2826,Knyazhpogost,2833,Syktyvkar,True,158,158,24,344.1223569455576
2826,Knyazhpogost,2834,Troitsko-Pechorsk,True,158,158,12,139.81266471076444
2826,Knyazhpogost,2836,Vazhgort,True,158,158,16,216.81873969941287
2826,Knyazhpogost,2839,Kotlas,False,158,157,6,61.953736474839516
2827,Dutovo,2828,Pechora,True,158,158,24,389.35280151523654
2827,Dutovo,2830,Izhma,True,158,158,8,93.21119276656816
2827,Dutovo,2832,Inta,True,158,158,14,104.69465782339981
2827,Dutovo,2834,Troitsko-Pechorsk,True,158,158,22,401.75150763480184
2827,Dutovo,2864,Beryozovo,False,158,161,8,153.49040323422656
2827,Dutovo,2865,Igrim,False,158,161,8,71.68967168040331
2828,Pechora,2829,Ukhta,True,158,158,18,187.09130060276877
2828,Pechora,2830,Izhma,True,158,158,8,101.05443873649378
2828,Pechora,2831,Ust-Tsilma,True,158,158,24,325.81764927746974
2828,Pechora,2832,Inta,True,158,158,14,248.2022184212589
2828,Pechora,2837,Khorey-Ver,False,158,157,4,118.30951894845299
2829,Ukhta,2830,Izhma,True,158,158,10,83.75874648820124
2829,Ukhta,2831,Ust-Tsilma,True,158,158,24,329.6660053049134
2829,Ukhta,2836,Vazhgort,True,158,158,14,210.4954631563749
2831,Ust-Tsilma,2836,Vazhgort,True,158,158,4,44.96380217540569
2831,Ust-Tsilma,2837,Khorey-Ver,False,158,157,22,462.45101770510604
2831,Ust-Tsilma,2845,Leshukonskoye,False,158,157,16,269.74325166658804
2831,Ust-Tsilma,2847,Kotkino,False,158,157,8,128.2396162330479
2832,Inta,2855,Salekhard,False,158,161,4,46.45312446653797
2832,Inta,2864,Beryozovo,False,158,161,8,128.2944742235963
2832,Inta,2870,Ovgort,False,158,161,24,428.8943085805685
2833,Syktyvkar,2834,Troitsko-Pechorsk,True,158,158,22,206.2617314205491
2833,Syktyvkar,2835,Kuratovo,True,158,158,16,213.47918574069087
2833,Syktyvkar,2839,Kotlas,False,158,157,10,152.94065996606616
2833,Syktyvkar,3143,Gayny,False,158,160,30,296.6097748611759
2834,Troitsko-Pechorsk,2865,Igrim,False,158,161,16,231.5626295907936
2834,Troitsko-Pechorsk,3142,Talovo,False,158,160,12,183.50403118586667
2834,Troitsko-Pechorsk,3143,Gayny,False,158,160,4,50.407859742003474
2834,Troitsko-Pechorsk,3144,Cherdyn,False,158,160,10,135.47363722436052
2835,Kuratovo,2839,Kotlas,False,158,157,12,134.79330412262087
2835,Kuratovo,3143,Gayny,False,158,160,6,46.06551850567226
2835,Kuratovo,3167,Murashi,False,158,159,26,297.370450650241
2835,Kuratovo,3170,Kirs,False,158,159,16,229.20083249525896
2836,Vazhgort,2839,Kotlas,False,158,157,26,356.976639194452
2836,Vazhgort,2844,Karpogory,False,158,157,10,137.5929809498727
2836,Vazhgort,2845,Leshukonskoye,False,158,157,24,369.8533907266702
2837,Khorey-Ver,2847,Kotkino,True,157,157,16,288.0466798195578
2838,Kargopol,2841,Onega,True,157,157,34,469.4969159935113
2838,Kargopol,2842,Shenkursk,True,157,157,8,101.61609801877307
2838,Kargopol,2848,Cherepovets,True,157,157,14,141.88206427464232
2838,Kargopol,2849,Volkhov,True,157,157,6,83.27995740918124
2838,Kargopol,2851,Sokol,True,157,157,14,127.27511004099597
2839,Kotlas,2844,Karpogory,True,157,157,18,264.9044797043925
2839,Kotlas,2853,Nikolsk,True,157,157,8,204.82858085206163
2839,Kotlas,2854,Kizema,True,157,157,18,314.62391979861314
2839,Kotlas,3167,Murashi,False,157,159,14,269.17335119083475
2840,Mezen,2841,Onega,True,157,157,6,94.54499000674866
2840,Mezen,2843,Bereznik,True,157,157,6,68.99597618185393
2840,Mezen,2846,Pinega,True,157,157,40,518.7899291375925
2841,Onega,2842,Shenkursk,True,157,157,10,99.35391546522796
2841,Onega,2843,Bereznik,True,157,157,18,211.93473669167582
2842,Shenkursk,2843,Bereznik,True,157,157,6,89.69189428297469
2842,Shenkursk,2846,Pinega,True,157,157,6,176.37638217505088
2842,Shenkursk,2851,Sokol,True,157,157,24,314.1222572893825
2842,Shenkursk,2853,Nikolsk,True,157,157,10,91.81530408929837
2842,Shenkursk,2854,Kizema,True,157,157,22,215.79456412972027
2843,Bereznik,2846,Pinega,True,157,157,8,94.44269738608203
2844,Karpogory,2845,Leshukonskoye,True,157,157,24,326.74926600077833
2844,Karpogory,2846,Pinega,True,157,157,36,503.3250448528728
2844,Karpogory,2854,Kizema,True,157,157,20,416.2904773902664
2845,Leshukonskoye,2846,Pinega,True,157,157,16,271.84978812357923
2845,Leshukonskoye,2847,Kotkino,True,157,157,22,459.3915053423325
2846,Pinega,2854,Kizema,True,157,157,10,139.0687753003624
2848,Cherepovets,2849,Volkhov,True,157,157,8,93.51767911765094
2848,Cherepovets,2850,Khvoynaya,True,157,157,14,168.82733611899468
2848,Cherepovets,2852,Gryazovets,True,157,157,18,152.21164477158376
2849,Volkhov,2850,Khvoynaya,True,157,157,24,296.77693524690926
2851,Sokol,2852,Gryazovets,True,157,157,20,273.7130088496117
2851,Sokol,2853,Nikolsk,True,157,157,14,152.68331683538403
2852,Gryazovets,2853,Nikolsk,True,157,157,22,195.75373700579814
2852,Gryazovets,3218,Yaroslavl,False,157,156,2,10.198039027185569
2853,Nikolsk,2854,Kizema,True,157,157,28,358.78421679054264
2853,Nikolsk,3221,Kologriv,False,157,156,2,20.8806130178211
2855,Salekhard,2870,Ovgort,True,161,161,24,262.74341427493
2856,Tarko-Sale,2857,Nadym,True,161,161,14,127.12026670660376
2856,Tarko-Sale,2858,Urengoy,True,161,161,10,88.60214654337
2856,Tarko-Sale,2866,Kasymsk,True,161,161,14,186.31160216983795
2856,Tarko-Sale,2873,Khalmer-Sede,True,161,161,18,230.41044703005966
2856,Tarko-Sale,2877,Tolka,True,161,161,32,461.96228467298204
2856,Tarko-Sale,2879,Krasnoselkup,True,161,161,20,256.0052590212801
2857,Nadym,2866,Kasymsk,True,161,161,20,289.2675576161489
2857,Nadym,2873,Khalmer-Sede,True,161,161,18,269.15403509590635
2857,Nadym,2876,Verkhnekazymskiy,True,161,161,6,93.93163997912058
2858,Urengoy,2873,Khalmer-Sede,True,161,161,16,151.69506989086955
2858,Urengoy,2879,Krasnoselkup,True,161,161,8,58.90266242249898
2859,Khanty-Mansiysk,2863,Leushi,True,161,161,16,163.92701099448362
2859,Khanty-Mansiysk,2874,Muşkino,True,161,161,8,96.348143233636
2859,Khanty-Mansiysk,2875,Andra,True,161,161,8,75.04474382708976
2860,Surgut,2867,Pokatshena,True,161,161,12,101.85813068008103
2860,Surgut,2868,Yugansk,True,161,161,10,111.16328412132441
2860,Surgut,2874,Muşkino,True,161,161,8,91.53487282450028
2861,Beloyarsky,2864,Beryozovo,True,161,161,12,85.6409463735305
2861,Beloyarsky,2870,Ovgort,True,161,161,10,51.09062145494724
2861,Beloyarsky,2875,Andra,True,161,161,12,132.5175258146324
2861,Beloyarsky,2876,Verkhnekazymskiy,True,161,161,10,91.82961973823626
2862,Nizhnevartovsk,2871,Korliki,True,161,161,18,333.49452200949685
2862,Nizhnevartovsk,2880,Nowoagansk,True,161,161,18,308.48720350550343
2862,Nizhnevartovsk,2900,Kolpashevo,False,161,163,10,161.44828997488256
2863,Leushi,2865,Igrim,True,161,161,16,130.30094401581613
2863,Leushi,2874,Muşkino,True,161,161,18,193.4248117510636
2863,Leushi,2875,Andra,True,161,161,32,412.45954085487335
2863,Leushi,3068,Krasnoturyinsk,False,161,162,8,173.7539762735985
2863,Leushi,3071,Tobolsk,False,161,162,16,246.35406337777385
2863,Leushi,3072,Berezovka,False,161,162,14,194.97360452347695
2863,Leushi,3079,Zykova,False,161,162,18,284.62910713571335
2864,Beryozovo,2865,Igrim,True,161,161,24,366.3140665656481
2864,Beryozovo,2870,Ovgort,True,161,161,22,406.42303293490704
2864,Beryozovo,2875,Andra,True,161,161,2,44.27188724235731
2865,Igrim,2875,Andra,True,161,161,20,268.6326014702143
2865,Igrim,3068,Krasnoturyinsk,False,161,162,16,273.216945433266
2865,Igrim,3142,Talovo,False,161,160,8,101.9307721125717
2866,Kasymsk,2876,Verkhnekazymskiy,True,161,161,40,490.46732964948694
2866,Kasymsk,2877,Tolka,True,161,161,10,132.27659090657588
2867,Pokatshena,2868,Yugansk,True,161,161,12,89.31152033050223
2867,Pokatshena,2874,Muşkino,True,161,161,24,279.14289648412233
2867,Pokatshena,2880,Nowoagansk,True,161,161,2,25.612496949731394
2868,Yugansk,2874,Muşkino,True,161,161,16,224.66827408532302
2868,Yugansk,2901,Alexandrovskoye,False,161,163,14,281.5754208217933
2868,Yugansk,3072,Berezovka,False,161,162,24,316.12542331696744
2869,Taran,2873,Khalmer-Sede,True,161,161,12,225.75954203348292
2871,Korliki,2872,Kikkiakki,True,161,161,12,141.1543242764618
2871,Korliki,2878,Ratta,True,161,161,18,301.57503877567774
2871,Korliki,2880,Nowoagansk,True,161,161,10,118.79594751709476
2871,Korliki,2900,Kolpashevo,False,161,163,12,251.7295434736952
2872,Kikkiakki,2877,Tolka,True,161,161,28,397.66703694301816
2872,Kikkiakki,2878,Ratta,True,161,161,36,380.2809841222009
2872,Kikkiakki,2879,Krasnoselkup,True,161,161,14,217.15603529832873
2872,Kikkiakki,2880,Nowoagansk,True,161,161,6,119.59364185922314
2873,Khalmer-Sede,2879,Krasnoselkup,True,161,161,38,579.2499225499986
2874,Muşkino,2875,Andra,True,161,161,14,157.0875101266698
2874,Muşkino,3072,Berezovka,False,161,162,10,190.48446754298
2877,Tolka,2879,Krasnoselkup,True,161,161,8,140.53608642162158
2877,Tolka,2880,Nowoagansk,True,161,161,16,361.20552326536983
2881,Krasnoyarsk,2886,Nazarovo,True,163,163,6,78.9461973180069
2881,Krasnoyarsk,2887,Ilansky,True,163,163,8,113.74554423110773
2881,Krasnoyarsk,2902,Maklakovo,True,163,163,8,107.44478591498631
2881,Krasnoyarsk,2903,Abakan,True,163,163,8,110.44475353751977
2882,Dudinka,2883,Igarka,True,163,163,14,421.9942741108639
2882,Dudinka,2885,Norilsk,True,163,163,32,445.9764919797414
2883,Igarka,2885,Norilsk,True,163,163,16,331.08534911041806
2883,Igarka,2890,Bor,True,163,163,12,418.9894759305154
2883,Igarka,2897,Uchami,True,163,163,22,477.31769866330734
2884,Irkutsk,2917,Kyren,True,164,164,6,62.159238850403064
2884,Irkutsk,2918,Ulan-Ude,True,164,164,8,71.66551226921462
2884,Irkutsk,2920,Kyakhta,True,164,164,10,120.18350207704565
2884,Irkutsk,2923,Zhigalovo,True,164,164,14,112.9288128480781
2885,Norilsk,2896,Volochanka,True,163,163,28,587.9266304969954
2885,Norilsk,2897,Uchami,True,163,163,10,139.8503543352701
2886,Nazarovo,2899,Tomsk,True,163,163,12,110.53053224496966
2886,Nazarovo,2900,Kolpashevo,True,163,163,16,210.59441903679038
2886,Nazarovo,2912,Sheregesh,True,163,163,20,146.0062361907066
2886,Nazarovo,2913,Bolotnoye,True,163,163,12,165.74840624128248
2887,Ilansky,2893,Poligus,True,163,163,6,97.97161902607766
2887,Ilansky,2902,Maklakovo,True,163,163,22,321.80154534322594
2887,Ilansky,2903,Abakan,True,163,163,24,312.7009651086845
2887,Ilansky,2915,Nizhneudinsk,False,163,164,16,277.48315710073575
2887,Ilansky,2916,Bratsk,False,163,164,10,203.13073392537558
2887,Ilansky,2932,Toora-Chem,False,163,165,6,134.0124306206566
2888,Syndassko,2891,Khatanga,True,163,163,4,73.1760148215651
2888,Syndassko,2896,Volochanka,True,163,163,2,32.55764119219941
2888,Syndassko,2898,Yessey,True,163,163,12,158.05544180660544
2889,Baykit,2890,Bor,True,163,163,14,272.0299521532242
2889,Baykit,2892,Ekonda,True,163,163,16,214.83800293528452
2889,Baykit,2893,Poligus,True,163,163,30,408.07834582876825
2889,Baykit,2894,Tura,True,163,163,8,204.04158726969297
2889,Baykit,2895,Vanavara,True,163,163,2,41.23105625617661
2889,Baykit,2897,Uchami,True,163,163,18,332.88972729163544
2890,Bor,2893,Poligus,True,163,163,22,452.0522896353442
2890,Bor,2897,Uchami,True,163,163,18,333.34534262928537
2891,Khatanga,2892,Ekonda,True,163,163,20,288.5282906468733
2891,Khatanga,2898,Yessey,True,163,163,42,825.4292945134731
2891,Khatanga,2936,Olenyok,False,163,167,12,269.9725975298642
2891,Khatanga,2947,Yuryung-Khaya,False,163,167,22,244.99505222270145
2891,Khatanga,2948,Saskylakh,False,163,167,12,264.6303216800416
2892,Ekonda,2894,Tura,True,163,163,36,721.6180976519024
2892,Ekonda,2898,Yessey,True,163,163,8,127.84601676979595
2892,Ekonda,2936,Olenyok,False,163,167,4,72.99636299564682
2892,Ekonda,3022,Khaty,False,163,167,8,164.97461624654204
2892,Ekonda,3028,Baytakh,False,163,167,20,306.6364304078263
2893,Poligus,2902,Maklakovo,True,163,163,20,464.88950228849114
2894,Tura,2897,Uchami,True,163,163,32,624.86520481227
2894,Tura,2898,Yessey,True,163,163,34,517.1941170175439
2895,Vanavara,2921,Yerbogachen,False,163,164,12,339.2925440037566
2895,Vanavara,2922,Tokma,False,163,164,22,458.13611937872065
2896,Volochanka,2897,Uchami,True,163,163,14,278.4213264982267
2896,Volochanka,2898,Yessey,True,163,163,46,825.6836213486285
2897,Uchami,2898,Yessey,True,163,163,10,178.02048580005234
2899,Tomsk,2900,Kolpashevo,True,163,163,12,94.31676411644347
2899,Tomsk,2913,Bolotnoye,True,163,163,22,154.6178069567996
2900,Kolpashevo,2913,Bolotnoye,True,163,163,18,231.21978382276708
2901,Alexandrovskoye,2908,Omsk,True,163,163,14,104.44769927973053
2901,Alexandrovskoye,2910,Kyshtovka,True,163,163,18,381.2539412989538
2901,Alexandrovskoye,3072,Berezovka,False,163,162,4,41.370742481274405
2903,Abakan,2932,Toora-Chem,False,163,165,2,84.2140130857092
2904,Novosibirsk,2905,Barnaul,True,163,163,14,111.39678352560456
2904,Novosibirsk,2910,Kyshtovka,True,163,163,12,78.74813121899902
2904,Novosibirsk,2913,Bolotnoye,True,163,163,12,98.59470900905067
2905,Barnaul,2907,Onguday,True,163,163,16,295.8326908681878
2905,Barnaul,2909,Tatarsk,True,163,163,2,36.49657518178932
2905,Barnaul,2910,Kyshtovka,True,163,163,28,298.4877205410875
2905,Barnaul,2911,Karasuk,True,163,163,32,461.197003058523
2905,Barnaul,2912,Sheregesh,True,163,163,12,142.93098929075703
2906,Kyzyl,2930,Shagonar,True,165,165,12,136.45674041895109
2906,Kyzyl,2931,Saryg-Sep,True,165,165,8,67.59636406069103
2906,Kyzyl,2932,Toora-Chem,True,165,165,12,99.4098909794056
2907,Onguday,2911,Karasuk,True,163,163,8,168.4960973028854
2907,Onguday,2912,Sheregesh,True,163,163,10,156.91760905270127
2907,Onguday,2929,Chadan,False,163,165,20,338.7830576432207
2907,Onguday,3088,Semipalatinsk,False,163,173,14,209.7777749093936
2907,Onguday,3090,Pavlodar,False,163,173,10,160.10871168269279
2907,Onguday,3094,Oskemen,False,163,173,20,325.9981308481404
2908,Omsk,2909,Tatarsk,True,163,163,14,97.73912312803007
2908,Omsk,2910,Kyshtovka,True,163,163,22,209.33433607461106
2908,Omsk,2911,Karasuk,True,163,163,26,346.1095092476119
2908,Omsk,3072,Berezovka,False,163,162,16,406.2138818995962
2908,Omsk,3073,Aromashevo,False,163,162,20,227.15705567823957
2908,Omsk,3074,Ishim,False,163,162,8,112.09774515516523
2908,Omsk,3089,Petropavl,False,163,173,20,293.3811107632955
2909,Tatarsk,2910,Kyshtovka,True,163,163,10,84.73895762462024
2909,Tatarsk,2911,Karasuk,True,163,163,10,110.28533530445696
2911,Karasuk,3089,Petropavl,False,163,173,6,73.50010893447192
2911,Karasuk,3090,Pavlodar,False,163,173,18,326.4257799187894
2912,Sheregesh,2913,Bolotnoye,True,163,163,10,110.58857388927893
2912,Sheregesh,2929,Chadan,False,163,165,16,247.4292984545514
2912,Sheregesh,2930,Shagonar,False,163,165,14,190.8201134686688
2914,Kirensk,2918,Ulan-Ude,True,164,164,8,113.65330739606901
2914,Kirensk,2919,Bodaybo,True,164,164,10,227.04421314188684
2914,Kirensk,2921,Yerbogachen,True,164,164,22,391.2914827886276
2914,Kirensk,2922,Tokma,True,164,164,24,365.4776269414154
2914,Kirensk,2928,Bagdarin,True,164,164,16,401.01363245967923
2914,Kirensk,2942,Peleduy,False,164,167,12,224.62835236144508
2915,Nizhneudinsk,2916,Bratsk,True,164,164,30,398.682309041509
2915,Nizhneudinsk,2917,Kyren,True,164,164,38,671.3683080097973
2915,Nizhneudinsk,2923,Zhigalovo,True,164,164,8,101.85322082841196
2915,Nizhneudinsk,2932,Toora-Chem,False,164,165,20,293.79492879490743
2916,Bratsk,2922,Tokma,True,164,164,18,269.55656761369
2916,Bratsk,2923,Zhigalovo,True,164,164,10,130.32381189282168
2917,Kyren,2920,Kyakhta,True,164,164,24,336.0576971127779
2917,Kyren,2923,Zhigalovo,True,164,164,20,209.73094447767272
2918,Ulan-Ude,2920,Kyakhta,True,164,164,28,383.83980202448254
2918,Ulan-Ude,2922,Tokma,True,164,164,8,111.02195707258043
2918,Ulan-Ude,2923,Zhigalovo,True,164,164,34,451.64888727122036
2918,Ulan-Ude,2927,Chita,True,164,164,14,294.1766256840372
2918,Ulan-Ude,2928,Bagdarin,True,164,164,16,316.5207949125357
2919,Bodaybo,2924,Chara,True,164,164,28,438.2949816928115
2919,Bodaybo,2928,Bagdarin,True,164,164,12,150.12039942713776
2919,Bodaybo,2938,Nyuya,False,164,167,10,213.32985881098287
2919,Bodaybo,2939,Olyokminsk,False,164,167,16,284.6817633885755
2919,Bodaybo,2942,Peleduy,False,164,167,8,120.34610772965178
2919,Bodaybo,2969,Tyanya,False,164,166,8,130.28987139192813
2920,Kyakhta,2927,Chita,True,164,164,8,130.48007505586912
2921,Yerbogachen,2922,Tokma,True,164,164,18,283.51583758171034
2921,Yerbogachen,2942,Peleduy,False,164,167,14,250.6059157437228
2921,Yerbogachen,3023,Mukhtuya,False,164,167,10,172.13433098021494
2922,Tokma,2923,Zhigalovo,True,164,164,16,255.14359359444484
2924,Chara,2925,Mogocha,True,164,164,20,264.80229417683415
2924,Chara,2928,Bagdarin,True,164,164,14,203.5798143948285
2924,Chara,2969,Tyanya,False,164,166,6,83.02504905453243
2924,Chara,2974,Tynda,False,164,166,4,96.20802691302643
2925,Mogocha,2926,Otpor,True,164,164,16,309.580888060852
2925,Mogocha,2927,Chita,True,164,164,6,72.53564599661978
2925,Mogocha,2928,Bagdarin,True,164,164,14,207.2630411893373
2926,Otpor,2927,Chita,True,164,164,18,302.6329737003877
2926,Otpor,3037,Old Barag,False,164,141,2,18.973665961010276
2927,Chita,2928,Bagdarin,True,164,164,10,248.70070405361167
2929,Chadan,2930,Shagonar,True,165,165,26,248.3800292426104
2930,Shagonar,2931,Saryg-Sep,True,165,165,24,261.43090314395613
2930,Shagonar,2932,Toora-Chem,True,165,165,14,95.14946748318593
2931,Saryg-Sep,2932,Toora-Chem,True,165,165,24,234.47449522656962
2933,Siktyah,2945,Kryusyur,True,167,167,18,135.89946572977507
2933,Siktyah,2949,Bolotistoy-Derevne,True,167,167,14,115.71695635052824
2933,Siktyah,3033,Ulakhan-Kyuel,True,167,167,10,112.31469087870214
2934,Nyurba,2940,Vilyuysk,True,167,167,12,93.08845772824708
2934,Nyurba,3022,Khaty,True,167,167,14,105.96455940665847
2934,Nyurba,3025,Sheya,True,167,167,20,149.11049036169084
2935,Aykhal,2936,Olenyok,True,167,167,12,117.18634061182492
2935,Aykhal,2937,Zhigansk,True,167,167,12,155.86130773182978
2935,Aykhal,3022,Khaty,True,167,167,12,165.73459525348613
2935,Aykhal,3026,Usun,True,167,167,18,199.92826199934808
2935,Aykhal,3028,Baytakh,True,167,167,22,334.1589033892672
2935,Aykhal,3032,Eryukkyune,True,167,167,32,369.90065425216244
2935,Aykhal,3034,Eyik,True,167,167,10,119.50631212776301
2936,Olenyok,2948,Saskylakh,True,167,167,28,376.1506245670101
2936,Olenyok,3028,Baytakh,True,167,167,20,330.8467871752015
2936,Olenyok,3032,Eryukkyune,True,167,167,16,249.85109191585883
2937,Zhigansk,2943,Sangar,True,167,167,26,335.97177531600613
2937,Zhigansk,3026,Usun,True,167,167,20,276.3916254944692
2937,Zhigansk,3027,Lybalakh,True,167,167,10,122.74148848506417
2937,Zhigansk,3032,Eryukkyune,True,167,167,6,63.77133561888773
2937,Zhigansk,3033,Ulakhan-Kyuel,True,167,167,36,447.90188456288354
2937,Zhigansk,3034,Eyik,True,167,167,12,167.53924605024048
2938,Nyuya,2939,Olyokminsk,True,167,167,12,218.67684781657158
2938,Nyuya,2940,Vilyuysk,True,167,167,2,16.0
2938,Nyuya,2942,Peleduy,True,167,167,16,167.05824498912196
2938,Nyuya,3023,Mukhtuya,True,167,167,18,191.58372222334117
2939,Olyokminsk,2955,Nizhny Kuranakh,False,167,166,8,172.42781705977632
2939,Olyokminsk,2969,Tyanya,False,167,166,20,197.15069359869534
2940,Vilyuysk,2943,Sangar,True,167,167,8,87.26803574187205
2940,Vilyuysk,3022,Khaty,True,167,167,6,46.7545412953669
2940,Vilyuysk,3024,Sayylyk,True,167,167,20,266.14907872963227
2940,Vilyuysk,3025,Sheya,True,167,167,14,129.5756022386229
2940,Vilyuysk,3026,Usun,True,167,167,30,333.0398184706743
2941,Tiksi,3029,Bykovsky,True,167,167,6,61.06730126724486
2941,Tiksi,3031,Kyusyur,True,167,167,12,88.35020422640531
2942,Peleduy,3023,Mukhtuya,True,167,167,22,258.9086668993419
2943,Sangar,2964,Pokrovsk,False,167,166,6,83.80183859356163
2943,Sangar,3024,Sayylyk,True,167,167,18,293.3531506374787
2943,Sangar,3026,Usun,True,167,167,12,194.90538967328186
2943,Sangar,3027,Lybalakh,True,167,167,16,220.82980896512845
2944,Nayba,2963,Batagay,False,167,166,22,411.49926856017044
2944,Nayba,2972,Yunkyur,False,167,166,6,91.94632038393769
2945,Kryusyur,2946,Ust-Olenek,True,167,167,8,40.8536444687152
2945,Kryusyur,2949,Bolotistoy-Derevne,True,167,167,20,185.0494776874095
2945,Kryusyur,3027,Lybalakh,True,167,167,8,76.75764377587555
2945,Kryusyur,3029,Bykovsky,True,167,167,6,89.17002887622502
2945,Kryusyur,3030,Taymylyr,True,167,167,10,71.6526806823799
2945,Kryusyur,3031,Kyusyur,True,167,167,28,316.8368496257765
2945,Kryusyur,3033,Ulakhan-Kyuel,True,167,167,12,113.38014354659356
2946,Ust-Olenek,2947,Yuryung-Khaya,True,167,167,26,318.03425066078023
2946,Ust-Olenek,2948,Saskylakh,True,167,167,12,133.4248591912811
2946,Ust-Olenek,2949,Bolotistoy-Derevne,True,167,167,22,309.97444374625144
2946,Ust-Olenek,3029,Bykovsky,True,167,167,6,44.45140180937242
2946,Ust-Olenek,3030,Taymylyr,True,167,167,14,170.68048633358532
2946,Ust-Olenek,3032,Eryukkyune,True,167,167,12,207.51389878713536
2947,Yuryung-Khaya,2948,Saskylakh,True,167,167,26,344.94919162968847
2948,Saskylakh,3032,Eryukkyune,True,167,167,12,205.39253381736873
2949,Bolotistoy-Derevne,3032,Eryukkyune,True,167,167,20,284.42595304711597
2949,Bolotistoy-Derevne,3033,Ulakhan-Kyuel,True,167,167,10,134.34752953486472
2950,Zyryanka,2961,Chokurdakh,True,166,166,22,310.1671654489491
2950,Zyryanka,2966,Srednekolymsk,True,166,166,14,214.00989822447895
2950,Zyryanka,2967,Verkhoyansk,True,166,166,4,69.58346649555078
2950,Zyryanka,2970,Ust-Nera,True,166,166,26,331.8120341730581
2950,Zyryanka,2973,Khonuu,True,166,166,6,56.875531529435904
2950,Zyryanka,3019,Sasyr,False,166,168,6,103.46978734132466
2950,Zyryanka,3021,Kholodny,False,166,168,14,273.0567489241857
2951,Yugoryonok,2954,Ust-Maya,True,166,166,22,271.2547139825329
2951,Yugoryonok,2959,Khandyga,True,166,166,10,142.5108013991903
2951,Yugoryonok,2968,Eldikan,True,166,166,10,102.3976393925879
2951,Yugoryonok,2971,Allakh-Yun,True,166,166,16,233.5957869124373
2951,Yugoryonok,2976,Chagda,True,166,166,14,235.8212816638592
2951,Yugoryonok,2994,Aim,False,166,169,10,228.72882673630826
2951,Yugoryonok,2995,Nelkan,False,166,169,6,148.76639190576535
2952,Yakutsk,2953,Zhataystroy,True,166,166,12,145.11586327279107
2952,Yakutsk,2964,Pokrovsk,True,166,166,14,150.6515677737682
2953,Zhataystroy,2959,Khandyga,True,166,166,18,317.37520240413556
2953,Zhataystroy,2960,Ese-Khayya,True,166,166,12,146.8200135316521
2953,Zhataystroy,2972,Yunkyur,True,166,166,24,384.82319159957916
2954,Ust-Maya,2955,Nizhny Kuranakh,True,166,166,14,225.2909455960601
2954,Ust-Maya,2958,Nizhne-Stalinsk,True,166,166,12,135.67775089302165
2954,Ust-Maya,2959,Khandyga,True,166,166,8,83.00164427813326
2954,Ust-Maya,2968,Eldikan,True,166,166,8,94.47588305208444
2954,Ust-Maya,2976,Chagda,True,166,166,4,67.34877654796531
2955,Nizhny Kuranakh,2958,Nizhne-Stalinsk,True,166,166,20,156.7465069562583
2955,Nizhny Kuranakh,2965,Aldan,True,166,166,12,97.63298378832724
2955,Nizhny Kuranakh,2969,Tyanya,True,166,166,14,114.42428821117036
2956,Nizhneyansk,2963,Batagay,True,166,166,10,118.50194197491905
2956,Nizhneyansk,2967,Verkhoyansk,True,166,166,12,110.29034665010164
2957,Nagorny,2958,Nizhne-Stalinsk,True,166,166,34,359.67689837947154
2957,Nagorny,2969,Tyanya,True,166,166,20,183.67469583952422
2957,Nagorny,2974,Tynda,True,166,166,24,264.8079675939852
2957,Nagorny,2976,Chagda,True,166,166,34,263.804727717087
2958,Nizhne-Stalinsk,2965,Aldan,True,166,166,16,93.51640641755381
2958,Nizhne-Stalinsk,2969,Tyanya,True,166,166,18,183.7677685726858
2958,Nizhne-Stalinsk,2976,Chagda,True,166,166,10,154.69628189421115
2959,Khandyga,2960,Ese-Khayya,True,166,166,24,426.45767758139425
2959,Khandyga,2968,Eldikan,True,166,166,12,157.87729045096228
2959,Khandyga,2970,Ust-Nera,True,166,166,12,137.4551376961702
2959,Khandyga,2971,Allakh-Yun,True,166,166,30,509.62648262034844
2959,Khandyga,2973,Khonuu,True,166,166,4,48.363330598810236
2960,Ese-Khayya,2963,Batagay,True,166,166,6,160.9299241139933
2960,Ese-Khayya,2967,Verkhoyansk,True,166,166,24,443.6791165945421
2960,Ese-Khayya,2972,Yunkyur,True,166,166,30,445.5847360711427
2960,Ese-Khayya,2973,Khonuu,True,166,166,10,125.78958416600985
2961,Chokurdakh,2962,Nizhniye Kresty,True,166,166,14,125.31552483507173
2961,Chokurdakh,2966,Srednekolymsk,True,166,166,24,331.8463943534474
2961,Chokurdakh,2967,Verkhoyansk,True,166,166,48,680.1927642876572
2962,Nizhniye Kresty,2966,Srednekolymsk,True,166,166,34,392.4132957105964
2962,Nizhniye Kresty,3012,Keperveyem,False,166,168,18,213.570339920668
2962,Nizhniye Kresty,3019,Sasyr,False,166,168,16,195.6947801324023
2963,Batagay,2967,Verkhoyansk,True,166,166,14,244.58663451589223
2963,Batagay,2972,Yunkyur,True,166,166,16,315.3626191488211
2964,Pokrovsk,3024,Sayylyk,False,166,167,14,161.76292399291614
2965,Aldan,2969,Tyanya,True,166,166,14,67.41265897136707
2966,Srednekolymsk,3019,Sasyr,False,166,168,18,263.27016277556794
2967,Verkhoyansk,2973,Khonuu,True,166,166,4,46.47288767518174
2969,Tyanya,2974,Tynda,True,166,166,14,210.9190749181024
2970,Ust-Nera,2971,Allakh-Yun,True,166,166,16,223.04518372831765
2970,Ust-Nera,2973,Khonuu,True,166,166,12,149.53185310492952
2970,Ust-Nera,3020,Oymyakon,False,166,168,16,285.65892977034923
2970,Ust-Nera,3021,Kholodny,False,166,168,4,121.23986712175696
2971,Allakh-Yun,2994,Aim,False,166,169,8,120.18327367845149
2971,Allakh-Yun,3020,Oymyakon,False,166,168,10,217.1483624631416
2974,Tynda,2975,Bomnak,True,166,166,18,240.41439706738666
2974,Tynda,2976,Chagda,True,166,166,6,102.67303877254125
2974,Tynda,3044,Tahe,False,166,141,2,14.142135623730951
2975,Bomnak,2976,Chagda,True,166,166,24,280.9387552765296
2975,Bomnak,2980,Oktyabrskiy,False,166,169,6,131.146045597422
2975,Bomnak,2993,Ekimchan,False,166,169,2,81.21576201698781
2975,Bomnak,2996,Ogoron,False,166,169,20,307.82107889128645
2976,Chagda,2993,Ekimchan,False,166,169,4,122.26559908533076
2976,Chagda,2995,Nelkan,False,166,169,8,269.4847626787643
2977,Tugur,2978,Chumikan,True,169,169,6,72.03041091050947
2977,Tugur,2985,Nikolayevsk-on-Amur,True,169,169,6,31.59338255067268
2977,Tugur,2991,Imeni Poliny Osipenko,True,169,169,6,51.44273045200261
2978,Chumikan,2979,Ayan,True,169,169,18,191.12659409929697
2978,Chumikan,2991,Imeni Poliny Osipenko,True,169,169,10,71.26175729975158
2978,Chumikan,2993,Ekimchan,True,169,169,16,193.2112927077684
2978,Chumikan,2994,Aim,True,169,169,4,40.195067927594465
2978,Chumikan,2995,Nelkan,True,169,169,12,161.0639999544037
2978,Chumikan,3005,Zlatoustovsk,True,169,169,24,326.7203942121402
2979,Ayan,2994,Aim,True,169,169,22,377.03248243401595
2979,Ayan,3006,Okhotsk,False,169,168,8,170.32555054204926
2979,Ayan,3020,Oymyakon,False,169,168,6,83.32542007312645
2980,Oktyabrskiy,2981,Blagoveshchensk,True,169,169,26,433.52528933758634
2980,Oktyabrskiy,2990,Chegdomyn,True,169,169,14,133.62591690480366
2980,Oktyabrskiy,2996,Ogoron,True,169,169,32,293.64000967036304
2981,Blagoveshchensk,2982,Khabarovsk,True,169,169,12,106.38943084791543
2981,Blagoveshchensk,2990,Chegdomyn,True,169,169,14,134.32256967212174
2981,Blagoveshchensk,3045,Sunwu,False,169,141,2,40.496913462633174
2982,Khabarovsk,2990,Chegdomyn,True,169,169,8,74.98805552050338
2983,Bikinskaya,2987,Vyazemsky,True,169,169,28,231.66382881293583
2983,Bikinskaya,2992,Vyatskoye,True,169,169,12,112.2779786323883
2983,Bikinskaya,3048,Yichun,False,169,141,10,134.09808619778917
2984,Komsomolsk,2991,Imeni Poliny Osipenko,True,169,169,2,26.0
2984,Komsomolsk,2992,Vyatskoye,True,169,169,18,177.56867798114465
2985,Nikolayevsk-on-Amur,2991,Imeni Poliny Osipenko,True,169,169,24,407.29591476480675
2986,Sovetskaya Gavan,2989,Vanino,True,169,169,20,260.5064728241791
2986,Sovetskaya Gavan,2992,Vyatskoye,True,169,169,6,78.43908891458577
2986,Sovetskaya Gavan,3003,Vostok,True,169,169,14,134.07443370147746
2986,Sovetskaya Gavan,3004,Ternistryy,True,169,169,16,220.60905691424708
2987,Vyazemsky,2992,Vyatskoye,True,169,169,20,231.57914352048886
2987,Vyazemsky,3001,Iman,True,169,169,12,173.8491579916323
2987,Vyazemsky,3003,Vostok,True,169,169,8,103.17743221554989
2987,Vyazemsky,3048,Yichun,False,169,141,10,158.17707808120588
2987,Vyazemsky,3049,Shuangyashan,False,169,141,4,59.86027679758123
2988,De-Kastri,2989,Vanino,True,169,169,6,73.00898337712039
2989,Vanino,2992,Vyatskoye,True,169,169,10,187.81985341980487
2990,Chegdomyn,2996,Ogoron,True,169,169,20,196.78222819114663
2990,Chegdomyn,3005,Zlatoustovsk,True,169,169,30,419.0280597441162
2991,Imeni Poliny Osipenko,3005,Zlatoustovsk,True,169,169,22,279.6100449714752
2992,Vyatskoye,3003,Vostok,True,169,169,18,216.55042012608783
2993,Ekimchan,2995,Nelkan,True,169,169,24,414.77855167966396
2993,Ekimchan,2996,Ogoron,True,169,169,40,399.37006587191894
2993,Ekimchan,3005,Zlatoustovsk,True,169,169,12,181.76239633589918
2994,Aim,2995,Nelkan,True,169,169,18,272.90507804784863
2994,Aim,3020,Oymyakon,False,169,168,18,236.5394248271922
2996,Ogoron,3005,Zlatoustovsk,True,169,169,6,54.659971020802814
2997,Nakhodka,2998,Vladivostok,True,169,169,12,48.81422529982662
2997,Nakhodka,2999,Semyonovka,True,169,169,14,154.2458649439113
2997,Nakhodka,3000,Tetyukhe,True,169,169,14,128.50673219791963
2997,Nakhodka,3002,Voroshilov,True,169,169,16,119.94741432471548
2998,Vladivostok,3002,Voroshilov,True,169,169,18,119.07345551778583
2999,Semyonovka,3000,Tetyukhe,True,169,169,22,202.25388161089134
2999,Semyonovka,3001,Iman,True,169,169,18,158.98369837624017
2999,Semyonovka,3002,Voroshilov,True,169,169,16,160.06856233280772
2999,Semyonovka,3049,Shuangyashan,False,169,141,4,49.418195631683545
2999,Semyonovka,3050,Qitaihe,False,169,141,10,95.38437812539674
3000,Tetyukhe,3001,Iman,True,169,169,14,127.87044410439904
3000,Tetyukhe,3004,Ternistryy,True,169,169,24,317.2144328449569
3001,Iman,3003,Vostok,True,169,169,20,213.0136585884298
3001,Iman,3004,Ternistryy,True,169,169,6,48.27233693834661
3001,Iman,3049,Shuangyashan,False,169,141,18,261.47571858555364
3002,Voroshilov,3050,Qitaihe,False,169,141,4,36.591260281974
3002,Voroshilov,3056,Botankou,False,169,141,6,66.36067977499789
3002,Voroshilov,3057,Yanbian,False,169,141,12,150.272999218323
3003,Vostok,3004,Ternistryy,True,169,169,14,161.51209261545557
3006,Okhotsk,3017,Talon,True,168,168,10,117.85806914879441
3006,Okhotsk,3020,Oymyakon,True,168,168,30,335.0966661224164
3006,Okhotsk,3021,Kholodny,True,168,168,26,268.1040357870292
3007,Pevek,3009,Slautnoye,True,168,168,18,388.54177909947316
3007,Pevek,3010,Markovo,True,168,168,20,355.0192893783779
3007,Pevek,3011,Uelen,True,168,168,20,300.1556903731928
3008,Petropavlovsk-Kamchatsky,3013,Palana,True,168,168,24,396.6034525890495
3009,Slautnoye,3010,Markovo,True,168,168,26,350.3103687979171
3009,Slautnoye,3013,Palana,True,168,168,18,175.76945671581996
3009,Slautnoye,3015,Gizhiga,True,168,168,22,520.1063130402413
3010,Markovo,3011,Uelen,True,168,168,20,287.5578494595115
3012,Keperveyem,3014,Ilirney,True,168,168,36,804.1676115619758
3012,Keperveyem,3019,Sasyr,True,168,168,36,626.9381105856284
3014,Ilirney,3015,Gizhiga,True,168,168,40,801.758927538677
3014,Ilirney,3018,Atka,True,168,168,28,544.0498109908535
3014,Ilirney,3019,Sasyr,True,168,168,4,57.286707688710294
3016,Magadan,3017,Talon,True,168,168,12,125.75468091508132
3016,Magadan,3018,Atka,True,168,168,10,139.2399791778435
3017,Talon,3018,Atka,True,168,168,30,319.98001551788434
3017,Talon,3019,Sasyr,True,168,168,16,181.37387861070135
3017,Talon,3021,Kholodny,True,168,168,16,257.91675418795677
3018,Atka,3019,Sasyr,True,168,168,22,408.1419166659405
3019,Sasyr,3021,Kholodny,True,168,168,26,436.54880344459673
3020,Oymyakon,3021,Kholodny,True,168,168,22,327.3389029211515
3022,Khaty,3025,Sheya,True,167,167,22,226.7275613809882
3022,Khaty,3026,Usun,True,167,167,22,295.6187039640276
3022,Khaty,3028,Baytakh,True,167,167,22,376.297708514594
3026,Usun,3034,Eyik,True,167,167,6,69.42273677794414
3027,Lybalakh,3031,Kyusyur,True,167,167,14,152.1628919164682
3027,Lybalakh,3033,Ulakhan-Kyuel,True,167,167,24,354.6431269627151
3029,Bykovsky,3030,Taymylyr,True,167,167,10,102.12347138452824
3029,Bykovsky,3031,Kyusyur,True,167,167,16,133.78019153444396
3032,Eryukkyune,3033,Ulakhan-Kyuel,True,167,167,6,124.14231137503458
3035,Beizi Temple,3036,Zhèngxiāngbái,True,140,140,24,277.987348527765
3035,Beizi Temple,3059,Huolin Gol,False,140,141,10,123.77645855246432
3037,Old Barag,3038,Hulunbuir,True,141,141,10,100.17397723104864
3037,Old Barag,3042,Yimin Sumu,True,141,141,24,284.7813885081693
3037,Old Barag,3047,Xuguit Qi,True,141,141,16,200.54544435828316
3038,Hulunbuir,3042,Yimin Sumu,True,141,141,12,111.71187508939062
3038,Hulunbuir,3047,Xuguit Qi,True,141,141,10,102.44697343459273
3039,Harbin,3052,Tonghe,True,141,141,14,141.31668830073448
3039,Harbin,3053,Dehui,True,141,141,16,181.01347842429922
3039,Harbin,3064,Sartu,True,141,141,8,92.3980905309449
3040,Kiamusze,3048,Yichun,True,141,141,6,107.85181851452458
3040,Kiamusze,3049,Shuangyashan,True,141,141,12,102.84759634397508
3040,Kiamusze,3051,Yilan,True,141,141,12,124.82464594499375
3041,Hsinking,3053,Dehui,True,141,141,12,152.08991272688354
3041,Hsinking,3054,Liaoyang,True,141,141,20,144.7640720259518
3041,Hsinking,3058,Tongliao,True,141,141,8,96.75749744823918
3042,Yimin Sumu,3047,Xuguit Qi,True,141,141,12,125.94826610237175
3042,Yimin Sumu,3060,Arxan,True,141,141,18,242.90265264381387
3042,Yimin Sumu,3061,Chaihezhen,True,141,141,8,110.38505174253646
3043,Mohe,3044,Tahe,True,141,141,26,318.25710412134515
3043,Mohe,3047,Xuguit Qi,True,141,141,16,215.32791120196316
3044,Tahe,3047,Xuguit Qi,True,141,141,8,95.89497188354191
3044,Tahe,3062,Guyuanzhen,True,141,141,18,211.49474631640797
3044,Tahe,3063,Beijiangxiang,True,141,141,22,271.187724571236
3045,Sunwu,3046,Nenjiang,True,141,141,18,313.67115968737926
3045,Sunwu,3048,Yichun,True,141,141,18,317.8770339836811
3045,Sunwu,3064,Sartu,True,141,141,18,255.5290547035933
3045,Sunwu,3065,Qigihar,True,141,141,6,79.21833774191919
3046,Nenjiang,3059,Huolin Gol,True,141,141,22,409.69682400275224
3046,Nenjiang,3061,Chaihezhen,True,141,141,6,69.22602011947248
3046,Nenjiang,3062,Guyuanzhen,True,141,141,20,223.81513393153105
3046,Nenjiang,3063,Beijiangxiang,True,141,141,18,317.7968041978616
3046,Nenjiang,3065,Qigihar,True,141,141,8,90.62465361740394
3047,Xuguit Qi,3061,Chaihezhen,True,141,141,6,69.16963622323084
3047,Xuguit Qi,3062,Guyuanzhen,True,141,141,20,252.1816579053138
3048,Yichun,3049,Shuangyashan,True,141,141,16,108.45484035810756
3048,Yichun,3051,Yilan,True,141,141,12,124.14045446637608
3048,Yichun,3064,Sartu,True,141,141,6,61.724656179280316
3049,Shuangyashan,3050,Qitaihe,True,141,141,16,191.36806270272905
3049,Shuangyashan,3051,Yilan,True,141,141,6,29.255610988507577
3050,Qitaihe,3051,Yilan,True,141,141,14,148.14496442059507
3050,Qitaihe,3056,Botankou,True,141,141,20,182.96822582326368
3051,Yilan,3052,Tonghe,True,141,141,22,270.59622476575646
3051,Yilan,3056,Botankou,True,141,141,8,68.40342830099516
3051,Yilan,3064,Sartu,True,141,141,6,60.213473318967345
3052,Tonghe,3053,Dehui,True,141,141,16,98.59590656313787
3052,Tonghe,3056,Botankou,True,141,141,14,110.07437877857711
3052,Tonghe,3064,Sartu,True,141,141,12,97.03880632198056
3053,Dehui,3054,Liaoyang,True,141,141,12,90.74198842733078
3053,Dehui,3056,Botankou,True,141,141,8,56.62751041592672
3053,Dehui,3057,Yanbian,True,141,141,14,109.5685446736204
3053,Dehui,3058,Tongliao,True,141,141,20,305.22691443132373
3053,Dehui,3059,Huolin Gol,True,141,141,4,66.61031532380856
3053,Dehui,3064,Sartu,True,141,141,20,180.59067547475175
3053,Dehui,3065,Qigihar,True,141,141,4,47.76905329882861
3054,Liaoyang,3055,Tonghua,True,141,141,18,167.45122767653046
3054,Liaoyang,3057,Yanbian,True,141,141,6,63.033205996142485
3054,Liaoyang,3058,Tongliao,True,141,141,24,265.0350301768476
3055,Tonghua,3057,Yanbian,True,141,141,14,245.33456475104623
3056,Botankou,3057,Yanbian,True,141,141,28,337.29977293662586
3058,Tongliao,3059,Huolin Gol,True,141,141,34,437.0669949600437
3059,Huolin Gol,3061,Chaihezhen,True,141,141,18,238.67152230180253
3059,Huolin Gol,3065,Qigihar,True,141,141,6,72.8506006272759
3060,Arxan,3061,Chaihezhen,True,141,141,18,224.90374829243208
3061,Chaihezhen,3062,Guyuanzhen,True,141,141,18,282.37288246093686
3062,Guyuanzhen,3063,Beijiangxiang,True,141,141,14,162.07108123360877
3064,Sartu,3065,Qigihar,True,141,141,8,96.7596800063965
3066,Sverdlovsk,3067,Tyumen,True,162,162,8,58.52408583809186
3066,Sverdlovsk,3069,Verkhnyaya Salda,True,162,162,8,66.4665104254232
3066,Sverdlovsk,3070,Pervouralsk,True,162,162,8,76.94792009856164
3066,Sverdlovsk,3076,Chelyabinsk,True,162,162,14,108.26489922595839
3067,Tyumen,3069,Verkhnyaya Salda,True,162,162,20,189.96708419786572
3067,Tyumen,3071,Tobolsk,True,162,162,22,232.23076233562753
3067,Tyumen,3073,Aromashevo,True,162,162,30,275.53541401667496
3067,Tyumen,3075,Kurgan,True,162,162,24,262.692110209338
3067,Tyumen,3076,Chelyabinsk,True,162,162,14,107.46629601035823
3067,Tyumen,3079,Zykova,True,162,162,20,172.42063343131855
3068,Krasnoturyinsk,3069,Verkhnyaya Salda,True,162,162,20,237.1592734502196
3068,Krasnoturyinsk,3079,Zykova,True,162,162,34,403.7527688398831
3068,Krasnoturyinsk,3142,Talovo,False,162,160,10,177.50624117541275
3068,Krasnoturyinsk,3145,Dobryanka,False,162,160,6,99.53805619922007
3068,Krasnoturyinsk,3146,Berezniki,False,162,160,6,119.8935664094129
3069,Verkhnyaya Salda,3070,Pervouralsk,True,162,162,26,216.13112178787776
3069,Verkhnyaya Salda,3079,Zykova,True,162,162,14,149.20061936931162
3069,Verkhnyaya Salda,3145,Dobryanka,False,162,160,6,63.01286432633982
3069,Verkhnyaya Salda,3150,Mishkinsky,False,162,160,8,103.02534047754145
3069,Verkhnyaya Salda,3157,Lysva,False,162,160,16,190.87436580204553
3070,Pervouralsk,3076,Chelyabinsk,True,162,162,20,205.65981641601036
3070,Pervouralsk,3077,Magnitogorsk,True,162,162,14,137.378967481597
3070,Pervouralsk,3150,Mishkinsky,False,162,160,22,269.3277578863162
3070,Pervouralsk,3153,Beloretsk,False,162,160,28,335.80868835780456
3071,Tobolsk,3072,Berezovka,True,162,162,24,212.92712964010633
3071,Tobolsk,3073,Aromashevo,True,162,162,20,200.13692946354772
3071,Tobolsk,3079,Zykova,True,162,162,18,162.5087632942159
3072,Berezovka,3073,Aromashevo,True,162,162,12,114.0761375035322
3073,Aromashevo,3074,Ishim,True,162,162,36,394.66069920132395
3073,Aromashevo,3075,Kurgan,True,162,162,8,51.87580410354262
3074,Ishim,3075,Kurgan,True,162,162,18,177.469757422231
3074,Ishim,3089,Petropavl,False,162,173,24,289.9704908846547
3075,Kurgan,3076,Chelyabinsk,True,162,162,24,183.07388283292084
3075,Kurgan,3078,Kartaly,True,162,162,10,67.21724672834748
3075,Kurgan,3089,Petropavl,False,162,173,8,81.55043358451726
3075,Kurgan,3099,Arshaly,False,162,173,26,245.34894294400593
3076,Chelyabinsk,3077,Magnitogorsk,True,162,162,8,80.60086361187619
3076,Chelyabinsk,3078,Kartaly,True,162,162,20,194.62367757449383
3077,Magnitogorsk,3078,Kartaly,True,162,162,30,354.2719330234927
3077,Magnitogorsk,3139,Orsk,False,162,160,10,109.53592076384318
3077,Magnitogorsk,3140,Sterlitamak,False,162,160,6,108.50684833064597
3077,Magnitogorsk,3153,Beloretsk,False,162,160,10,127.32112824546532
3077,Magnitogorsk,3154,Sibay,False,162,160,12,140.227636719778
3078,Kartaly,3096,Kostanay,False,162,173,28,409.28682037815616
3078,Kartaly,3099,Arshaly,False,162,173,6,103.16958917804783
3078,Kartaly,3139,Orsk,False,162,160,8,61.458734238467486
3080,Astana,3090,Pavlodar,True,173,173,12,91.42084880206761
3080,Astana,3091,Kokshetau,True,173,173,20,162.7144109941336
3080,Astana,3097,Karaganda,True,173,173,14,126.19757940598117
3081,Guryev,3085,Uralsk,True,173,173,22,159.23333542239223
3081,Guryev,3108,Nizhniy Embensk,True,173,173,10,82.08114452903347
3082,Taras,3084,Shymkent,True,173,173,24,270.08347671440566
3082,Taras,3100,Dzhezkazgan,True,173,173,18,163.9641885238651
3082,Taras,3102,Tole Bi,True,173,173,14,178.7765045743189
3082,Taras,3103,Birlik,True,173,173,10,90.27215993179115
3082,Taras,3135,Oktyabrsky (TK),False,173,172,8,131.333948729848
3082,Taras,3136,Frunze,False,173,172,24,265.25513086135174
3083,Turkistan,3084,Shymkent,True,173,173,10,114.67110844682469
3083,Turkistan,3093,Kzyl-Orda,True,173,173,12,89.15584926725536
3083,Turkistan,3100,Dzhezkazgan,True,173,173,10,92.90996139385351
3084,Shymkent,3093,Kzyl-Orda,True,173,173,18,198.43147370325855
3084,Shymkent,3100,Dzhezkazgan,True,173,173,10,121.66917003705628
3084,Shymkent,3125,Marat,False,173,172,10,123.3939548461933
3084,Shymkent,3135,Oktyabrsky (TK),False,173,172,6,93.67855308848998
3085,Uralsk,3095,Aktobe,True,173,173,22,252.38446198837974
3085,Uralsk,3108,Nizhniy Embensk,True,173,173,6,56.802630280531915
3085,Uralsk,3156,Sorochinsk,False,173,160,10,202.5955259510264
3085,Uralsk,3158,Sol-Iletsk,False,173,160,10,170.7977975339495
3085,Uralsk,3200,Novouzensk,False,173,159,40,466.91378341265795
3086,Ufa,3150,Mishkinsky,True,160,160,8,62.50118811567236
3086,Ufa,3152,Davlekanovo,True,160,160,12,97.88881551144091
3086,Ufa,3153,Beloretsk,True,160,160,12,58.780842370435096
3087,Orenburg,3155,Ishimbay,True,160,160,10,55.0655430299293
3087,Orenburg,3156,Sorochinsk,True,160,160,14,86.66339824907793
3087,Orenburg,3158,Sol-Iletsk,True,160,160,12,80.59987437624669
3088,Semipalatinsk,3090,Pavlodar,True,173,173,20,292.4520386492364
3088,Semipalatinsk,3094,Oskemen,True,173,173,18,264.01379383125067
3088,Semipalatinsk,3097,Karaganda,True,173,173,8,156.13845700101933
3088,Semipalatinsk,3098,Balkhash,True,173,173,18,277.5706724041808
3088,Semipalatinsk,3105,Taldy-Kurgan,True,173,173,4,55.54065922853802
3089,Petropavl,3090,Pavlodar,True,173,173,10,159.14096961496512
3089,Petropavl,3091,Kokshetau,True,173,173,28,488.1716566179703
3089,Petropavl,3099,Arshaly,True,173,173,12,137.21695630572148
3090,Pavlodar,3091,Kokshetau,True,173,173,12,86.3507600118746
3090,Pavlodar,3097,Karaganda,True,173,173,30,396.9921951017202
3091,Kokshetau,3097,Karaganda,True,173,173,10,102.26843131340365
3091,Kokshetau,3099,Arshaly,True,173,173,16,264.3601769956389
3091,Kokshetau,3101,Atasu,True,173,173,14,188.5387200582418
3092,Almaty,3102,Tole Bi,True,173,173,12,96.81482566862108
3092,Almaty,3104,Talgar,True,173,173,16,124.05818525074474
3093,Kzyl-Orda,3100,Dzhezkazgan,True,173,173,24,277.36471372691074
3093,Kzyl-Orda,3107,Usturt,True,173,173,6,85.24259741656854
3093,Kzyl-Orda,3109,Aralsk,True,173,173,14,195.883565303644
3093,Kzyl-Orda,3125,Marat,False,173,172,18,295.2628665809928
3094,Oskemen,3105,Taldy-Kurgan,True,173,173,16,238.44539754257434
3095,Aktobe,3096,Kostanay,True,173,173,14,216.81792929605788
3095,Aktobe,3108,Nizhniy Embensk,True,173,173,18,239.28010913894877
3095,Aktobe,3109,Aralsk,True,173,173,22,332.1166292758278
3095,Aktobe,3139,Orsk,False,173,160,12,227.3206370013511
3095,Aktobe,3158,Sol-Iletsk,False,173,160,6,152.4686239861073
3096,Kostanay,3099,Arshaly,True,173,173,32,524.4138160324393
3096,Kostanay,3100,Dzhezkazgan,True,173,173,8,163.40006158518418
3096,Kostanay,3109,Aralsk,True,173,173,18,313.6563013611511
3096,Kostanay,3139,Orsk,False,173,160,8,41.61268826309043
3097,Karaganda,3098,Balkhash,True,173,173,8,88.49284745629171
3097,Karaganda,3101,Atasu,True,173,173,30,415.03650928121385
3098,Balkhash,3101,Atasu,True,173,173,8,124.92313110273358
3098,Balkhash,3102,Tole Bi,True,173,173,14,113.11006768638131
3098,Balkhash,3103,Birlik,True,173,173,14,171.63483934528065
3098,Balkhash,3104,Talgar,True,173,173,32,279.1468090256638
3098,Balkhash,3105,Taldy-Kurgan,True,173,173,22,181.2227269873707
3099,Arshaly,3100,Dzhezkazgan,True,173,173,8,186.5599931567823
3099,Arshaly,3101,Atasu,True,173,173,8,119.11860042050056
3100,Dzhezkazgan,3101,Atasu,True,173,173,12,152.66631699411414
3100,Dzhezkazgan,3103,Birlik,True,173,173,14,299.1982828696737
3100,Dzhezkazgan,3109,Aralsk,True,173,173,14,178.23537860006036
3101,Atasu,3103,Birlik,True,173,173,18,302.94287312916964
3102,Tole Bi,3103,Birlik,True,173,173,24,250.27844184683119
3102,Tole Bi,3104,Talgar,True,173,173,18,70.89369505261828
3102,Tole Bi,3136,Frunze,False,173,172,10,148.75329210849787
3102,Tole Bi,3137,Przhevalsk,False,173,172,6,53.59082288936391
3104,Talgar,3105,Taldy-Kurgan,True,173,173,18,246.784696051716
3104,Talgar,3137,Przhevalsk,False,173,172,16,295.75662241701036
3106,Fort Shevchenko,3107,Usturt,True,173,173,10,92.90320163910525
3106,Fort Shevchenko,3108,Nizhniy Embensk,True,173,173,2,18.867962264113206
3107,Usturt,3108,Nizhniy Embensk,True,173,173,30,406.45418482254007
3107,Usturt,3109,Aralsk,True,173,173,24,421.49846180685944
3107,Usturt,3125,Marat,False,173,172,8,161.3690887055954
3107,Usturt,3126,Chelkar,False,173,172,12,194.79579369238363
3107,Usturt,3127,Nukus,False,173,172,10,157.02068708803145
3107,Usturt,3130,Gyzylgaya,False,173,172,12,249.95005368028217
3108,Nizhniy Embensk,3109,Aralsk,True,173,173,14,135.49852333576618
3110,Ashkhabad,3111,Anau,True,172,172,16,137.79653943669933
3110,Ashkhabad,3118,Bäherden,True,172,172,18,106.03134441517108
3110,Ashkhabad,3119,Yerbent,True,172,172,8,58.28798246424123
3111,Anau,3113,Mary,True,172,172,32,304.4304136655672
3111,Anau,3118,Bäherden,True,172,172,12,46.478881612498
3111,Anau,3119,Yerbent,True,172,172,10,95.94775197847098
3112,Nebit Dag,3128,Krasnowodsk,True,172,172,22,154.22711953062208
3112,Nebit Dag,3129,Oboy,True,172,172,20,201.21683175299054
3112,Nebit Dag,3130,Gyzylgaya,True,172,172,24,245.28553913674762
3113,Mary,3115,Chardzhou,True,172,172,6,128.18076781153542
3113,Mary,3119,Yerbent,True,172,172,6,59.13104276183037
3113,Mary,3121,Qarshi,True,172,172,12,240.12372540922487
3113,Mary,3122,Termiz,True,172,172,16,157.56482799492255
3114,Tashauz,3115,Chardzhou,True,172,172,24,320.5876671189461
3114,Tashauz,3116,Derweze,True,172,172,12,92.93062669438063
3114,Tashauz,3119,Yerbent,True,172,172,10,186.8611261758417
3114,Tashauz,3123,Bukhara,True,172,172,10,119.5344508605296
3114,Tashauz,3126,Chelkar,True,172,172,18,229.75030060911155
3114,Tashauz,3127,Nukus,True,172,172,20,227.20658161783246
3115,Chardzhou,3119,Yerbent,True,172,172,6,95.90849042219536
3115,Chardzhou,3121,Qarshi,True,172,172,18,177.278592182745
3115,Chardzhou,3123,Bukhara,True,172,172,16,161.35090143339545
3116,Derweze,3117,Kyzyl-Arvat,True,172,172,6,37.97662764355977
3116,Derweze,3119,Yerbent,True,172,172,10,73.69028662575681
3116,Derweze,3127,Nukus,True,172,172,6,48.659971020802814
3116,Derweze,3130,Gyzylgaya,True,172,172,8,66.26209030978961
3117,Kyzyl-Arvat,3118,Bäherden,True,172,172,14,118.20787003523954
3117,Kyzyl-Arvat,3119,Yerbent,True,172,172,12,134.7295887507366
3117,Kyzyl-Arvat,3129,Oboy,True,172,172,26,280.8463717553201
3117,Kyzyl-Arvat,3130,Gyzylgaya,True,172,172,10,102.52088864373778
3118,Bäherden,3119,Yerbent,True,172,172,22,165.91729143836548
3120,Samarqand,3121,Qarshi,True,172,172,12,60.474929722150165
3120,Samarqand,3123,Bukhara,True,172,172,10,72.64063633007864
3120,Samarqand,3133,Panjakent,True,172,172,12,82.18651772265476
3120,Samarqand,3134,Jizzakh,True,172,172,14,89.38682432904041
3121,Qarshi,3122,Termiz,True,172,172,6,41.55410073551049
3121,Qarshi,3123,Bukhara,True,172,172,16,108.11656148353123
3121,Qarshi,3133,Panjakent,True,172,172,20,114.83692311582436
3122,Termiz,3131,Stalinabad,True,172,172,10,68.63292771142133
3122,Termiz,3132,Murghab,True,172,172,28,191.87373457619654
3122,Termiz,3133,Panjakent,True,172,172,14,116.07236164118805
3123,Bukhara,3125,Marat,True,172,172,10,124.85136222471482
3123,Bukhara,3126,Chelkar,True,172,172,8,37.211102550927976
3123,Bukhara,3134,Jizzakh,True,172,172,22,165.08494947482075
3123,Bukhara,3135,Oktyabrsky (TK),True,172,172,6,71.04400790325056
3124,Fergana,3132,Murghab,True,172,172,14,102.93940106870929
3124,Fergana,3133,Panjakent,True,172,172,16,145.77999029788313
3124,Fergana,3134,Jizzakh,True,172,172,8,104.8531195517071
3124,Fergana,3135,Oktyabrsky (TK),True,172,172,14,109.61749428083607
3124,Fergana,3136,Frunze,True,172,172,10,69.1907399890637
3124,Fergana,3138,At-Bashy,True,172,172,22,174.201719135826
3125,Marat,3126,Chelkar,True,172,172,26,415.5347217732198
3125,Marat,3135,Oktyabrsky (TK),True,172,172,16,200.6619602693932
3126,Chelkar,3127,Nukus,True,172,172,26,362.05660306390155
3127,Nukus,3130,Gyzylgaya,True,172,172,18,240.24071546529143
3129,Oboy,3130,Gyzylgaya,True,172,172,6,51.31164273430625
3131,Stalinabad,3132,Murghab,True,172,172,10,81.53662722054437
3131,Stalinabad,3133,Panjakent,True,172,172,20,144.99424890298172
3132,Murghab,3133,Panjakent,True,172,172,4,16.485281374238568
3133,Panjakent,3134,Jizzakh,True,172,172,10,109.84639338208015
3134,Jizzakh,3135,Oktyabrsky (TK),True,172,172,16,207.93909230800506
3135,Oktyabrsky (TK),3136,Frunze,True,172,172,16,118.33541277070758
3136,Frunze,3137,Przhevalsk,True,172,172,26,300.0506251616451
3136,Frunze,3138,At-Bashy,True,172,172,24,317.64162030096
3137,Przhevalsk,3138,At-Bashy,True,172,172,24,206.0941127587994
3139,Orsk,3154,Sibay,True,160,160,20,143.81559624781553
3139,Orsk,3158,Sol-Iletsk,True,160,160,24,172.49462316312616
3140,Sterlitamak,3152,Davlekanovo,True,160,160,14,91.70457017094925
3140,Sterlitamak,3153,Beloretsk,True,160,160,24,196.11407908062247
3140,Sterlitamak,3154,Sibay,True,160,160,6,67.09069226334603
3140,Sterlitamak,3155,Ishimbay,True,160,160,18,209.84428466393095
3141,Perm,3145,Dobryanka,True,160,160,8,79.25252405410035
3141,Perm,3148,Nytva,True,160,160,12,57.31025239221717
3141,Perm,3157,Lysva,True,160,160,16,92.11855244975996
3142,Talovo,3144,Cherdyn,True,160,160,26,210.20363143750302
3142,Talovo,3146,Berezniki,True,160,160,8,78.55245159570259
3143,Gayny,3144,Cherdyn,True,160,160,20,212.99707732614684
3143,Gayny,3147,Kudymkar,True,160,160,16,199.83569919525064
3143,Gayny,3170,Kirs,False,160,159,16,215.44607316930208
3144,Cherdyn,3146,Berezniki,True,160,160,26,172.9238825751809
3144,Cherdyn,3147,Kudymkar,True,160,160,6,33.576578089134706
3145,Dobryanka,3146,Berezniki,True,160,160,26,206.92495699016808
3145,Dobryanka,3147,Kudymkar,True,160,160,8,91.61606153044846
3145,Dobryanka,3148,Nytva,True,160,160,16,112.18739170435664
3145,Dobryanka,3157,Lysva,True,160,160,14,99.5946835783822
3146,Berezniki,3147,Kudymkar,True,160,160,18,134.02732001589425
3147,Kudymkar,3148,Nytva,True,160,160,12,109.82493877177839
3147,Kudymkar,3161,Glazov,True,160,160,10,43.19213928968787
3147,Kudymkar,3170,Kirs,False,160,159,18,137.9561814640784
3148,Nytva,3151,Birsk,True,160,160,16,125.94758404033337
3148,Nytva,3157,Lysva,True,160,160,16,80.6483332592101
3148,Nytva,3160,Debyosy,True,160,160,16,118.39423535346427
3148,Nytva,3161,Glazov,True,160,160,12,68.15269945287069
3149,Oktyabrsky,3151,Birsk,True,160,160,4,27.661903789690598
3149,Oktyabrsky,3152,Davlekanovo,True,160,160,34,248.7657376606574
3149,Oktyabrsky,3160,Debyosy,True,160,160,12,60.422391484350214
3149,Oktyabrsky,3164,Abdulino,True,160,160,8,67.32749092902785
3149,Oktyabrsky,3165,Buguruslan,True,160,160,10,116.17832687966218
3149,Oktyabrsky,3175,Naberezhnye Chelny,False,160,159,8,93.47162558548317
3149,Oktyabrsky,3187,Bugulma,False,160,159,12,141.22584241216757
3150,Mishkinsky,3151,Birsk,True,160,160,14,111.71746692867168
3150,Mishkinsky,3152,Davlekanovo,True,160,160,14,64.59737726585988
3150,Mishkinsky,3153,Beloretsk,True,160,160,2,12.649110640673518
3150,Mishkinsky,3157,Lysva,True,160,160,18,127.55547483752378
3151,Birsk,3152,Davlekanovo,True,160,160,16,114.27633960740832
3151,Birsk,3157,Lysva,True,160,160,8,55.15355972630792
3151,Birsk,3160,Debyosy,True,160,160,26,182.08337661184987
3152,Davlekanovo,3153,Beloretsk,True,160,160,14,101.32541775248205
3152,Davlekanovo,3155,Ishimbay,True,160,160,20,139.92655912817057
3152,Davlekanovo,3164,Abdulino,True,160,160,6,47.74745798619162
3154,Sibay,3155,Ishimbay,True,160,160,34,243.55849253308125
3154,Sibay,3158,Sol-Iletsk,True,160,160,14,73.43008082361685
3155,Ishimbay,3156,Sorochinsk,True,160,160,26,215.5940355409555
3155,Ishimbay,3158,Sol-Iletsk,True,160,160,14,56.619686209770805
3155,Ishimbay,3163,Buzuluk,True,160,160,4,22.388346874966274
3155,Ishimbay,3164,Abdulino,True,160,160,8,65.5525698161404
3155,Ishimbay,3165,Buguruslan,True,160,160,4,23.620499351813308
3156,Sorochinsk,3158,Sol-Iletsk,True,160,160,16,111.2322412411931
3156,Sorochinsk,3163,Buzuluk,True,160,160,26,193.06584260164755
3156,Sorochinsk,3198,Pugachyov,False,160,159,8,129.6744830395029
3156,Sorochinsk,3200,Novouzensk,False,160,159,4,42.80350850198276
3159,Igra,3160,Debyosy,True,160,160,12,79.60931319500415
3159,Igra,3161,Glazov,True,160,160,18,124.48406171736237
3159,Igra,3162,Izhevsk,True,160,160,10,55.07934324807903
3160,Debyosy,3161,Glazov,True,160,160,20,96.73617420414939
3160,Debyosy,3162,Izhevsk,True,160,160,22,143.02452370431556
3160,Debyosy,3175,Naberezhnye Chelny,False,160,159,6,48.3166357810366
3161,Glazov,3162,Izhevsk,True,160,160,6,100.86698779134319
3161,Glazov,3170,Kirs,False,160,159,16,178.1460109777079
3161,Glazov,3173,Kumyony,False,160,159,8,132.6039006979438
3161,Glazov,3174,Urzhum,False,160,159,4,34.11721700096752
3162,Izhevsk,3174,Urzhum,False,160,159,12,77.38174059750197
3162,Izhevsk,3175,Naberezhnye Chelny,False,160,159,20,213.3255473353246
3163,Buzuluk,3165,Buguruslan,True,160,160,24,253.5820943040517
3163,Buzuluk,3177,Pokhvistnevo,False,160,159,6,42.390073826009015
3163,Buzuluk,3189,Neftegorsk,False,160,159,18,158.9510558686881
3163,Buzuluk,3198,Pugachyov,False,160,159,16,134.49009178479696
3164,Abdulino,3165,Buguruslan,True,160,160,16,91.84438100928529
3165,Buguruslan,3177,Pokhvistnevo,False,160,159,12,147.1840486568709
3165,Buguruslan,3187,Bugulma,False,160,159,16,125.11027928557529
3166,Kirov,3167,Murashi,True,159,159,20,129.45863679167252
3166,Kirov,3170,Kirs,True,159,159,10,73.45955919782172
3166,Kirov,3173,Kumyony,True,159,159,10,86.57813098058665
3167,Murashi,3170,Kirs,True,159,159,12,88.29423697658709
3167,Murashi,3173,Kumyony,True,159,159,10,45.269354769715044
3167,Murashi,3178,Yaransk,True,159,159,12,136.39819234820192
3167,Murashi,3223,Vokhma,False,159,156,2,10.198039027185569
3168,Batumi,3179,Kutaisi,True,171,171,10,71.83792706312784
3168,Batumi,3183,Khelvachauri,True,171,171,8,86.36375820493338
3169,Tiflis,3172,Gori,True,171,171,26,206.56627161390733
3169,Tiflis,3183,Khelvachauri,True,171,171,10,78.32888806507071
3169,Tiflis,3188,Signalki,True,171,171,16,119.33779613615019
3170,Kirs,3173,Kumyony,True,159,159,16,158.1892389869033
3171,Kuybyshev,3176,Tolyatti,True,159,159,10,68.12884080304563
3171,Kuybyshev,3177,Pokhvistnevo,True,159,159,8,50.651600519562976
3171,Kuybyshev,3189,Neftegorsk,True,159,159,14,104.85139943787053
3172,Gori,3179,Kutaisi,True,171,171,18,185.50720721549794
3172,Gori,3183,Khelvachauri,True,171,171,4,25.078311654689337
3172,Gori,3188,Signalki,True,171,171,12,104.81530533563307
3172,Gori,3203,Ordzhonikidze,False,171,170,12,122.5640383296891
3173,Kumyony,3174,Urzhum,True,159,159,14,188.8658707177589
3173,Kumyony,3178,Yaransk,True,159,159,12,110.29521492723796
3174,Urzhum,3175,Naberezhnye Chelny,True,159,159,12,73.39914971293138
3174,Urzhum,3178,Yaransk,True,159,159,14,138.04574619477444
3174,Urzhum,3186,Pestretsy,True,159,159,12,139.92363481989435
3175,Naberezhnye Chelny,3186,Pestretsy,True,159,159,16,109.74858489376153
3175,Naberezhnye Chelny,3187,Bugulma,True,159,159,18,201.3980780135817
3176,Tolyatti,3177,Pokhvistnevo,True,159,159,24,173.2410352850773
3176,Tolyatti,3186,Pestretsy,True,159,159,10,98.02230161496468
3176,Tolyatti,3189,Neftegorsk,True,159,159,12,83.61973364424979
3176,Tolyatti,3191,Ulyanovsk,True,159,159,14,81.22601396951471
3176,Tolyatti,3194,Novospasskoye,True,159,159,20,137.63267362093976
3177,Pokhvistnevo,3186,Pestretsy,True,159,159,18,139.4955480695301
3177,Pokhvistnevo,3187,Bugulma,True,159,159,6,48.37919108752422
3177,Pokhvistnevo,3189,Neftegorsk,True,159,159,10,53.39774661223853
3178,Yaransk,3202,Uren,True,159,159,2,10.770329614269007
3179,Kutaisi,3181,Ilori,True,171,171,24,216.9885018257278
3179,Kutaisi,3183,Khelvachauri,True,171,171,14,97.93405717651385
3179,Kutaisi,3203,Ordzhonikidze,False,171,170,10,81.62094067432439
3180,Gorky,3193,Aleksandryia,True,159,159,8,69.91833879679972
3180,Gorky,3196,Saransk,True,159,159,24,192.5839748073546
3180,Gorky,3202,Uren,True,159,159,18,256.59358954967905
3180,Gorky,3223,Vokhma,False,159,156,6,70.84942007544181
3180,Gorky,3238,Sasovo,False,159,156,12,172.89523524324096
3181,Ilori,3203,Ordzhonikidze,False,171,170,8,71.3003829310275
3181,Ilori,3204,Stavropol,False,171,170,14,149.25943217816305
3181,Ilori,3209,Maykop,False,171,170,8,84.72989014752153
3182,Kazan,3185,Buinsk,True,159,159,12,121.1568601105047
3182,Kazan,3186,Pestretsy,True,159,159,10,86.37933929597266
3184,Saratov,3197,Balakovo,True,159,159,10,88.07574035057235
3184,Saratov,3199,Baltser,True,159,159,16,162.03645604752654
3184,Saratov,3201,Atarsk,True,159,159,12,96.38352866783363
3185,Buinsk,3186,Pestretsy,True,159,159,3,7.738768882709854
3185,Buinsk,3191,Ulyanovsk,True,159,159,8,61.03166982983376
3185,Buinsk,3193,Aleksandryia,True,159,159,12,146.8033580001502
3185,Buinsk,3202,Uren,True,159,159,10,84.7382587027081
3186,Pestretsy,3187,Bugulma,True,159,159,8,39.19048316123448
3188,Signalki,3192,Petrovsk,False,171,170,24,338.2217612933242
3188,Signalki,3203,Ordzhonikidze,False,171,170,2,20.396078054371138
3189,Neftegorsk,3194,Novospasskoye,True,159,159,10,55.72439284812589
3189,Neftegorsk,3197,Balakovo,True,159,159,6,102.99237037932005
3189,Neftegorsk,3198,Pugachyov,True,159,159,14,156.9739437469295
3190,Rostov,3205,Krasnodar,True,170,170,18,198.22853856808229
3190,Rostov,3212,Salsk,True,170,170,12,147.83860405192166
3191,Ulyanovsk,3193,Aleksandryia,True,159,159,16,94.47175919075192
3191,Ulyanovsk,3194,Novospasskoye,True,159,159,6,58.69087806386057
3192,Petrovsk,3203,Ordzhonikidze,True,170,170,20,197.52911342952066
3192,Petrovsk,3207,Astrakhan,True,170,170,12,91.30831249188682
3193,Aleksandryia,3195,Penza,True,159,159,18,104.11864760087528
3193,Aleksandryia,3196,Saransk,True,159,159,24,181.8589163573332
3193,Aleksandryia,3202,Uren,True,159,159,12,88.79971078985095
3194,Novospasskoye,3197,Balakovo,True,159,159,22,222.5695152119807
3195,Penza,3196,Saransk,True,159,159,24,212.424087890042
3195,Penza,3201,Atarsk,True,159,159,18,219.24831072235241
3195,Penza,3234,Tambov,False,159,156,12,136.96977323969546
3195,Penza,3236,Morshansk,False,159,156,6,85.96493058314502
3196,Saransk,3236,Morshansk,False,159,156,4,46.973665961010276
3196,Saransk,3238,Sasovo,False,159,156,10,106.82845474773771
3197,Balakovo,3198,Pugachyov,True,159,159,14,147.7768688043117
3197,Balakovo,3199,Baltser,True,159,159,18,159.2675830550037
3197,Balakovo,3200,Novouzensk,True,159,159,14,100.46580115581608
3198,Pugachyov,3200,Novouzensk,True,159,159,22,288.7028036996072
3199,Baltser,3200,Novouzensk,True,159,159,16,186.79037618739147
3199,Baltser,3210,Dubovka,False,159,170,24,406.33228386764176
3201,Atarsk,3234,Tambov,False,159,156,8,88.02436697490353
3201,Atarsk,3235,Borisolglebsk,False,159,156,10,148.43472661043654
3202,Uren,3223,Vokhma,False,159,156,14,238.18125684477474
3203,Ordzhonikidze,3204,Stavropol,True,170,170,24,337.4036571493418
3203,Ordzhonikidze,3207,Astrakhan,True,170,170,26,158.65207250954862
3203,Ordzhonikidze,3208,Yashkul,True,170,170,14,174.47473171737136
3203,Ordzhonikidze,3211,Elista,True,170,170,8,67.50919249585296
3204,Stavropol,3209,Maykop,True,170,170,22,283.97246193973336
3204,Stavropol,3211,Elista,True,170,170,16,169.3867202234595
3204,Stavropol,3212,Salsk,True,170,170,14,126.64789512361777
3205,Krasnodar,3209,Maykop,True,170,170,16,235.20023436634872
3205,Krasnodar,3212,Salsk,True,170,170,12,113.91263511017608
3206,Stalingrad,3211,Elista,True,170,170,14,153.08630242980837
3206,Stalingrad,3212,Salsk,True,170,170,4,20.0
3207,Astrakhan,3208,Yashkul,True,170,170,18,232.89817275411434
3208,Yashkul,3211,Elista,True,170,170,22,234.28620705075826
3209,Maykop,3212,Salsk,True,170,170,10,134.1353495131835
3210,Dubovka,3213,Millerovo,True,170,170,2,12.0
3211,Elista,3212,Salsk,True,170,170,10,99.90352363336811
3213,Millerovo,3235,Borisolglebsk,False,170,156,18,360.75126264566114
3214,Moscow,3219,Vladimir,True,156,156,8,79.67202067729812
3214,Moscow,3224,Kalinin,True,156,156,14,117.74217830846051
3214,Moscow,3225,Tula,True,156,156,6,68.15999877839519
3214,Moscow,3230,Kaluga,True,156,156,8,65.1617227335504
3215,Bryansk,3225,Tula,True,156,156,8,109.01001779809411
3215,Bryansk,3227,Kursk,True,156,156,28,265.33968227806923
3215,Bryansk,3230,Kaluga,True,156,156,14,158.02590515920275
3215,Bryansk,3232,Oryol,True,156,156,6,60.894230536357284
3215,Bryansk,3239,Yefremov,True,156,156,10,62.34763407609826
3216,Voronezh,3226,Belgorod,True,156,156,16,118.6047886297475
3216,Voronezh,3231,Lipetsk,True,156,156,18,98.26756662305586
3216,Voronezh,3235,Borisolglebsk,True,156,156,10,74.59984853902992
3217,Ryazan,3219,Vladimir,True,156,156,8,100.77488798400066
3217,Ryazan,3225,Tula,True,156,156,4,57.73200689512872
3217,Ryazan,3237,Murom,True,156,156,4,35.822231100189306
3217,Ryazan,3239,Yefremov,True,156,156,2,48.08326112068523
3217,Ryazan,3240,Shivolo,True,156,156,6,77.78738711172608
3218,Yaroslavl,3219,Vladimir,True,156,156,6,69.30734176782468
3218,Yaroslavl,3222,Kostroma,True,156,156,38,241.64875880822103
3218,Yaroslavl,3224,Kalinin,True,156,156,18,188.09517633470665
3219,Vladimir,3220,Kovrov,True,156,156,14,156.52459738562132
3219,Vladimir,3222,Kostroma,True,156,156,10,152.64302192248726
3219,Vladimir,3224,Kalinin,True,156,156,14,87.63341134708733
3219,Vladimir,3225,Tula,True,156,156,14,174.08830132831147
3219,Vladimir,3237,Murom,True,156,156,4,95.12345779090344
3220,Kovrov,3221,Kologriv,True,156,156,6,48.09659337583862
3220,Kovrov,3222,Kostroma,True,156,156,10,31.429553284237727
3220,Kovrov,3228,Ivanovo,True,156,156,8,81.0012421922064
3220,Kovrov,3229,Kineshma,True,156,156,10,157.466942675824
3220,Kovrov,3237,Murom,True,156,156,24,219.1292490687553
3221,Kologriv,3223,Vokhma,True,156,156,20,255.22515567348742
3221,Kologriv,3229,Kineshma,True,156,156,12,142.16827172587415
3221,Kologriv,3237,Murom,True,156,156,18,196.5086545783131
3221,Kologriv,3238,Sasovo,True,156,156,6,81.9594497059339
3222,Kostroma,3228,Ivanovo,True,156,156,8,89.1527828453115
3222,Kostroma,3229,Kineshma,True,156,156,12,70.06551850567226
3223,Vokhma,3238,Sasovo,True,156,156,8,76.63702939937163
3224,Kalinin,3230,Kaluga,True,156,156,6,43.507876321182025
3224,Kalinin,3233,Smolensk,True,156,156,18,299.1625499491023
3225,Tula,3230,Kaluga,True,156,156,22,268.0695556309661
3225,Tula,3239,Yefremov,True,156,156,18,269.73234867454283
3226,Belgorod,3227,Kursk,True,156,156,20,170.00953807202885
3226,Belgorod,3231,Lipetsk,True,156,156,10,72.89912728355871
3226,Belgorod,3235,Borisolglebsk,True,156,156,20,111.875377499297
3226,Belgorod,3239,Yefremov,True,156,156,10,63.164116707832655
3227,Kursk,3232,Oryol,True,156,156,10,84.97464339609307
3227,Kursk,3239,Yefremov,True,156,156,10,118.02014878439412
3228,Ivanovo,3229,Kineshma,True,156,156,8,91.38396878161169
3230,Kaluga,3233,Smolensk,True,156,156,12,204.39248477086136
3231,Lipetsk,3234,Tambov,True,156,156,12,147.8947279770544
3231,Lipetsk,3235,Borisolglebsk,True,156,156,12,107.08401814881051
3231,Lipetsk,3236,Morshansk,True,156,156,12,105.20799549774374
3231,Lipetsk,3239,Yefremov,True,156,156,20,175.8171027238141
3232,Oryol,3239,Yefremov,True,156,156,12,210.9644888863123
3234,Tambov,3235,Borisolglebsk,True,156,156,20,239.81742564532294
3234,Tambov,3236,Morshansk,True,156,156,18,277.1527449359518
3236,Morshansk,3238,Sasovo,True,156,156,14,215.96593272790886
3236,Morshansk,3239,Yefremov,True,156,156,10,97.9843013693994
3236,Morshansk,3240,Shivolo,True,156,156,12,161.16956822816502
3237,Murom,3238,Sasovo,True,156,156,16,218.84904843379627
3237,Murom,3240,Shivolo,True,156,156,14,213.6623442026131
3238,Sasovo,3240,Shivolo,True,156,156,18,178.30582548301936
3239,Yefremov,3240,Shivolo,True,156,156,12,207.14949956785384
3281,Białystok,3282,Baranovichi,True,5,5,12,81.45253933659359
3288,Vavuniya,3289,Colombo,True,199,199,10,83.46630494800888
3288,Vavuniya,3290,Galle,True,199,199,12,108.36120027320798
3289,Colombo,3290,Galle,True,199,199,8,83.0567622063634
