province_id,province_name,component_count,min_x_raw,min_y_raw,max_x_raw,max_y_raw,min_x,min_y,max_x,max_y
0,Las Palmas,1,97894,42210,98733,42987,6118.375,2638.125,6170.8125,2686.6875
1,Murmansk,1,117888,10612,118816,11536,7368.0,663.25,7426.0,721.0
2,Apatity,1,117312,10693,121149,13984,7332.0,668.3125,7571.8125,874.0
3,Ivalo,1,114688,10247,118499,12592,7168.0,640.4375,7406.1875,787.0
4,Enontekiö,1,113168,10880,116112,13888,7073.0,680.0,7257.0,868.0
5,Rovaniemi,1,114204,12480,117408,15115,7137.75,780.0,7338.0,944.6875
6,Oulu,1,114560,14446,115551,15456,7160.0,902.875,7221.9375,966.0
7,Kokkola,1,113155,14963,115984,17632,7072.1875,935.1875,7249.0,1102.0
8,Vaasa,1,112541,17004,113456,17680,7033.8125,1062.75,7091.0,1105.0
9,Pori,1,112566,17390,114240,19938,7035.375,1086.875,7140.0,1246.125
10,Manchester,1,94992,25296,95696,25936,5937.0,1581.0,5981.0,1621.0
11,Turku,2,112539,19205,115073,20922,7033.6875,1200.3125,7192.0625,1307.625
12,Jyväskylä,1,113952,16720,116560,19280,7122.0,1045.0,7285.0,1205.0
13,Tampere,1,113716,18800,115055,19607,7107.25,1175.0,7190.9375,1225.4375
14,Helsinki,1,114864,19984,115757,20710,7179.0,1249.0,7234.8125,1294.375
15,Lappeenranta,1,115456,17792,118144,20342,7216.0,1112.0,7384.0,1271.375
16,Joensuu,1,116418,16976,120016,19202,7276.125,1061.0,7501.0,1200.125
17,Kem,1,117408,15232,119470,17360,7338.0,952.0,7466.875,1085.0
18,Iisalmi,1,115600,15936,117856,17347,7225.0,996.0,7366.0,1084.1875
19,Kuusamo,1,115468,14048,118096,16112,7216.75,878.0,7381.0,1007.0
20,Loukhi,1,116848,12912,119138,15392,7303.0,807.0,7446.125,962.0
21,Tetrino,1,119111,11373,122465,14321,7444.4375,710.8125,7654.0625,895.0625
22,Kiruna,1,111040,11168,114336,14368,6940.0,698.0,7146.0,898.0
23,Luleå,1,112848,13600,113776,14489,7053.0,850.0,7111.0,905.5625
24,Arjeborg,1,109616,12480,111952,15248,6851.0,780.0,6997.0,953.0
25,Umeå,1,111056,14064,113505,16683,6941.0,879.0,7094.0625,1042.6875
26,Vilhelmina,1,110448,14912,111152,15584,6903.0,932.0,6947.0,974.0
27,Östersund,1,109584,16448,110256,17040,6849.0,1028.0,6891.0,1065.0
28,Stockholm,1,111136,20880,112196,21541,6946.0,1305.0,7012.25,1346.3125
29,Malmö,1,107950,24816,108624,25455,6746.875,1551.0,6789.0,1590.9375
30,Härnösand,1,110096,15760,112808,18428,6881.0,985.0,7050.5,1151.75
31,Falun,1,109888,18112,112495,21259,6868.0,1132.0,7030.9375,1328.6875
32,Lofsdalen,1,108032,15856,109792,18784,6752.0,991.0,6862.0,1174.0
33,Mora,1,107952,18624,110192,20528,6747.0,1164.0,6887.0,1283.0
34,Karlstad,1,107282,20048,110496,22320,6705.125,1253.0,6906.0,1395.0
35,Gothenburg,1,107207,21976,108944,24950,6700.4375,1373.5,6809.0,1559.375
36,Linköping,1,108459,21120,111876,22976,6778.6875,1320.0,6992.25,1436.0
37,Växjö,2,108348,22819,110918,25556,6771.75,1426.1875,6932.375,1597.25
38,Visby,1,111221,22694,112554,24692,6951.3125,1418.375,7034.625,1543.25
39,Rosenheim,1,106608,31599,108230,34160,6663.0,1974.9375,6764.375,2135.0
40,Narvik,1,108734,10243,112320,13344,6795.875,640.1875,7020.0,834.0
41,Brześć,1,114240,27824,116160,29328,7140.0,1739.0,7260.0,1833.0
42,Alta,1,111957,9351,117445,11648,6997.3125,584.4375,7340.3125,728.0
43,Bodø,1,107934,12614,110528,14896,6745.875,788.375,6908.0,931.0
44,Steinkjer,1,106396,14544,109664,17076,6649.75,909.0,6854.0,1067.25
45,Trondheim,1,106178,16509,108128,18832,6636.125,1031.8125,6758.0,1177.0
46,Oslo,1,107034,20560,107680,21692,6689.625,1285.0,6730.0,1355.75
47,Dęblin,1,112704,28432,114816,29856,7044.0,1777.0,7176.0,1866.0
48,Hamar,1,106096,18096,108272,20964,6631.0,1131.0,6767.0,1310.25
49,Mazyr,1,118512,27520,121024,29056,7407.0,1720.0,7564.0,1816.0
50,Bergen,1,103520,18928,106352,20625,6470.0,1183.0,6647.0,1289.0625
51,Stryn,1,103612,17173,106512,19248,6475.75,1073.3125,6657.0,1203.0
52,Rjukan,1,103459,20048,106720,21184,6466.1875,1253.0,6670.0,1324.0
53,Kristiansand,1,103573,20816,107101,22593,6473.3125,1301.0,6693.8125,1412.0625
54,Tallinn,1,115001,20714,116912,21568,7187.5625,1294.625,7307.0,1348.0
55,Haapsalu,3,113474,20934,115552,22547,7092.125,1308.375,7222.0,1409.1875
57,Bern,1,102081,33818,103968,34953,6380.0625,2113.625,6498.0,2184.5625
58,Pärnu,1,115116,21392,116976,22624,7194.75,1337.0,7311.0,1414.0
59,Valga,1,115808,21904,117200,23056,7238.0,1369.0,7325.0,1441.0
60,London,1,96992,28144,97935,28784,6062.0,1759.0,6120.9375,1799.0
61,Cēsis,1,115069,22304,116112,23728,7191.8125,1394.0,7257.0,1483.0
62,Riga,1,114593,22961,115584,23936,7162.0625,1435.0625,7224.0,1496.0
63,Ludza,1,115696,22640,117104,24336,7231.0,1415.0,7319.0,1521.0
64,Daugavpils,1,115136,23712,116448,24896,7196.0,1482.0,7278.0,1556.0
65,Vilnius,1,114816,24208,115712,25792,7176.0,1513.0,7232.0,1612.0
66,Alytus,1,114192,25456,115440,26512,7137.0,1591.0,7215.0,1657.0
67,Kaunas,1,114032,24512,115088,25680,7127.0,1532.0,7193.0,1605.0
68,Tauragė,1,113115,24176,114368,25264,7069.6875,1511.0,7148.0,1579.0
69,Klaipėda,1,113115,23412,115168,24560,7069.6875,1463.25,7198.0,1535.0
70,Talsi,1,113286,22618,114832,23824,7080.375,1413.625,7177.0,1489.0
71,Athlone,1,90368,24208,92429,26304,5648.0,1513.0,5776.8125,1644.0
72,Danzig,1,111280,25777,112147,26672,6955.0,1611.0625,7009.1875,1667.0
73,Bydgoszcz,1,110832,26480,112320,28752,6927.0,1655.0,7020.0,1797.0
74,Poznań,1,109680,27776,111184,29456,6855.0,1736.0,6949.0,1841.0
75,Warsaw,1,112880,28384,113536,29088,7055.0,1774.0,7096.0,1818.0
76,Łódź,1,110592,28672,112528,30336,6912.0,1792.0,7033.0,1896.0
77,Płock,1,111712,27920,113072,29696,6982.0,1745.0,7067.0,1856.0
78,Kraków,1,112304,30928,112784,31424,7019.0,1933.0,7049.0,1964.0
79,Lwów,1,115760,30768,116336,31280,7235.0,1923.0,7271.0,1955.0
80,Tarnów,1,112752,30704,114240,31712,7047.0,1919.0,7140.0,1982.0
81,Lublin,1,114336,29296,116320,30960,7146.0,1831.0,7270.0,1935.0
82,Kielce,1,112400,29632,114416,31056,7025.0,1852.0,7151.0,1941.0
83,Łomża,1,113328,26112,115744,28464,7083.0,1632.0,7234.0,1779.0
84,Wilno,1,116160,24192,117408,25248,7260.0,1512.0,7338.0,1578.0
85,Lida,1,115360,24608,117152,26576,7210.0,1538.0,7322.0,1661.0
86,Stanisławów,1,115696,30544,117472,32720,7231.0,1909.0,7342.0,2045.0
87,Brody,1,116192,29136,118208,31744,7262.0,1821.0,7388.0,1984.0
88,Sarny,1,116800,27408,118208,29440,7300.0,1713.0,7388.0,1840.0
89,Kowel,1,115456,28096,117232,30128,7216.0,1756.0,7327.0,1883.0
90,Edinburgh,1,94256,21864,94976,22480,5891.0,1366.5,5936.0,1405.0
91,Lutsk,1,118048,27968,119600,30368,7378.0,1748.0,7475.0,1898.0
92,Kiev,1,120672,29641,121536,30447,7542.0,1852.5625,7596.0,1902.9375
93,Odessa,1,120512,32624,121470,33360,7532.0,2039.0,7591.875,2085.0
94,Salisbury,1,93708,28423,95968,30360,5856.75,1776.4375,5998.0,1897.5
95,Kharkiv,1,123152,29296,123904,30128,7697.0,1831.0,7744.0,1883.0
96,Stalino,1,123600,31248,124256,31936,7725.0,1953.0,7766.0,1996.0
97,Luhansk,1,123792,29456,125648,31991,7737.0,1841.0,7853.0,1999.4375
98,Poltava,1,122560,29920,124304,30928,7660.0,1870.0,7769.0,1933.0
99,Cherkasy,1,120626,29696,122896,31164,7539.125,1856.0,7681.0,1947.75
100,Chernihiv,1,120702,28128,123360,30208,7543.875,1758.0,7710.0,1888.0
101,Zaporizhzhia,1,122263,31488,124779,32832,7641.4375,1968.0,7798.6875,2052.0
102,Dnipropetrovsk,1,122144,30496,124336,31792,7634.0,1906.0,7771.0,1987.0
103,Sevastopol,1,121128,33267,123808,34983,7570.5,2079.1875,7738.0,2186.4375
104,Melitopol,1,121054,31644,123344,33503,7565.875,1977.75,7709.0,2093.9375
105,Kirovohrad,1,121552,31040,122450,31814,7597.0,1940.0,7653.125,1988.375
106,Vinnytsia,1,119088,30640,120240,32080,7443.0,1915.0,7515.0,2005.0
107,Lviv,1,117600,29632,119136,31664,7350.0,1852.0,7446.0,1979.0
108,Zhytomyr,1,119360,29808,120890,31040,7460.0,1863.0,7555.625,1940.0
109,Mykolayiv,1,120320,31408,122217,32914,7520.0,1963.0,7638.5625,2057.125
110,Ternopil,1,118480,29072,119664,31008,7405.0,1817.0,7479.0,1938.0
111,Uman,1,120064,30588,121712,32560,7504.0,1911.75,7607.0,2035.0
112,Korosten,1,119408,28743,121061,29936,7463.0,1796.4375,7566.3125,1871.0
113,Hamburg,1,105326,26648,106334,27266,6582.875,1665.5,6645.875,1704.125
114,Kiel,1,104717,25110,106874,26835,6544.8125,1569.375,6679.625,1677.1875
115,Dresden,1,107334,28880,109264,30358,6708.375,1805.0,6829.0,1897.375
116,Berlin,1,107648,27872,108384,28624,6728.0,1742.0,6774.0,1789.0
117,Cologne,1,102976,29879,103565,30368,6436.0,1867.4375,6472.8125,1898.0
118,Munich,1,106160,32848,106880,33472,6635.0,2053.0,6680.0,2092.0
119,Osnabrück,1,103096,27568,105216,29032,6443.5,1723.0,6576.0,1814.5
120,Bremen,1,103348,26541,105568,27968,6459.25,1658.8125,6598.0,1748.0
121,Hannover,1,105056,27120,106772,29376,6566.0,1695.0,6673.25,1836.0
122,Rostock,1,106014,25921,108844,27473,6625.875,1620.0625,6802.75,1717.0625
123,Stettin,1,107744,26447,110208,28256,6734.0,1652.9375,6888.0,1766.0
124,Kolberg,1,110070,25677,111880,28128,6879.375,1604.8125,6992.5,1758.0
125,Königsberg,1,111744,24796,114368,27680,6984.0,1549.75,7148.0,1730.0
126,Küstrin,1,107840,28016,109840,29408,6740.0,1751.0,6865.0,1838.0
127,Magdeburg,1,106175,27365,107888,29074,6635.9375,1710.3125,6743.0,1817.125
128,Oppeln,1,108877,29952,112192,31408,6804.8125,1872.0,7012.0,1963.0
129,Breslau,1,108896,29184,111328,30256,6806.0,1824.0,6958.0,1891.0
130,Leipzig,1,105936,28467,108311,30800,6621.0,1779.1875,6769.4375,1925.0
131,Düsseldorf,1,102480,28407,104436,30160,6405.0,1775.4375,6527.25,1885.0
132,Frankfurt,1,102304,30107,104344,32192,6394.0,1881.6875,6521.5,2012.0
133,Stuttgart,1,103286,31981,104272,32672,6455.375,1998.8125,6517.0,2042.0
134,Saarbrücken,1,101968,30384,103424,32489,6373.0,1899.0,6464.0,2030.5625
135,Freiburg,1,102245,32240,105632,34272,6390.3125,2015.0,6602.0,2142.0
136,Augsburg,1,104064,32064,106752,34160,6504.0,2004.0,6672.0,2135.0
137,Nuremberg,1,105231,31131,107561,33008,6576.9375,1945.6875,6722.5625,2063.0
138,Würzburg,1,104014,30640,106114,32384,6500.875,1915.0,6632.125,2024.0
139,Kassel,1,103388,28784,105664,30859,6461.75,1799.0,6604.0,1928.6875
140,Erfurt,1,104928,29200,107203,31476,6558.0,1825.0,6700.1875,1967.25
141,Mogilev,1,118208,25040,120688,26688,7388.0,1565.0,7543.0,1668.0
142,Gomel,1,119872,26384,121056,27840,7492.0,1649.0,7566.0,1740.0
143,Esbjerg,1,104704,24188,106051,25518,6544.0,1511.75,6628.1875,1594.875
144,Rock Springs,1,30768,30976,31424,31552,1923.0,1936.0,1964.0,1972.0
145,Frederikshavn,1,105025,22631,106908,23739,6564.0625,1414.4375,6681.75,1483.6875
146,Žlobin,1,118464,26288,120016,27840,7404.0,1643.0,7501.0,1740.0
147,Babruysk,1,117728,25808,119184,27248,7358.0,1613.0,7449.0,1703.0
148,Przemyśl,1,114048,30224,116064,31792,7128.0,1889.0,7254.0,1987.0
149,Zürich,1,103706,33760,104644,34272,6481.625,2110.0,6540.25,2142.0
150,Viborg,1,104821,23346,106188,24480,6551.3125,1459.125,6636.75,1530.0
151,Aarhus,1,105424,23378,106876,24818,6589.0,1461.125,6679.75,1551.125
152,Chur,1,103664,33809,105460,35399,6479.0,2113.0625,6591.25,2212.4375
153,Lugano,1,103280,34784,104950,36000,6455.0,2174.0,6559.375,2250.0
154,Odense,3,105868,24838,106802,25971,6616.75,1552.375,6675.125,1623.1875
155,Copenhagen,1,107234,24498,107915,25356,6702.125,1531.125,6744.6875,1584.75
156,Lausanne,1,101623,34528,103808,35888,6351.4375,2158.0,6488.0,2243.0
157,Næstved,1,106713,24558,107776,25714,6669.5625,1534.875,6736.0,1607.125
158,Vienna,1,110096,32671,110873,33360,6881.0,2041.9375,6929.5625,2085.0
159,Polotsk,1,116944,23168,118656,24800,7309.0,1448.0,7416.0,1550.0
160,Minsk,1,117024,25440,117728,26208,7314.0,1590.0,7358.0,1638.0
161,Vitsebsk,1,118528,23440,120240,25440,7408.0,1465.0,7515.0,1590.0
162,Barysaw,1,117120,24416,119200,26176,7320.0,1526.0,7450.0,1636.0
163,Slutsk,1,117024,25968,118928,27968,7314.0,1623.0,7433.0,1748.0
164,Lahti,1,114864,18357,116496,20096,7179.0,1147.3125,7281.0,1256.0
165,Sankt Pölten,1,108688,32392,110304,33952,6793.0,2024.5,6894.0,2122.0
166,Graz,1,108736,33148,110968,35056,6796.0,2071.75,6935.5,2191.0
167,Salzburg,1,107232,32779,108960,34784,6702.0,2048.6875,6810.0,2174.0
168,Innsbruck,1,104722,33904,108960,35232,6545.125,2119.0,6810.0,2202.0
169,Prague,1,108448,31088,109184,31712,6778.0,1943.0,6824.0,1982.0
170,Liberec,1,107856,30153,110112,31536,6741.0,1884.5625,6882.0,1971.0
171,Pilsen,1,107040,30416,108938,32903,6690.0,1901.0,6808.625,2056.4375
172,Ostrava,1,109680,30749,112080,32032,6855.0,1921.8125,7005.0,2002.0
173,Brno,1,108544,31328,110464,32944,6784.0,1958.0,6904.0,2059.0
174,Žilina,1,111664,31312,113792,32352,6979.0,1957.0,7112.0,2022.0
175,Košice,1,113472,31408,115600,32624,7092.0,1963.0,7225.0,2039.0
176,Mukačevo,1,115136,31792,116864,32784,7196.0,1987.0,7304.0,2049.0
177,Bratislava,1,110107,31936,112048,33489,6881.6875,1996.0,7003.0,2093.0625
178,Banská Bystrica,1,111642,32048,113856,33507,6977.625,2003.0,7116.0,2094.1875
179,Amsterdam,1,101488,27618,102192,28401,6343.0,1726.125,6387.0,1775.0625
180,Rotterdam,1,100835,27996,101878,28474,6302.1875,1749.75,6367.375,1779.625
181,Den Helder,1,100998,27094,102008,28112,6312.375,1693.375,6375.5,1757.0
182,Groningen,1,101842,26716,103681,28635,6365.125,1669.75,6480.0625,1789.6875
183,Eindhoven,1,100572,28159,103199,29536,6285.75,1759.9375,6449.9375,1846.0
184,Brussels,1,100800,29120,101472,29696,6300.0,1820.0,6342.0,1856.0
185,Brugge,1,99835,28701,100896,29920,6239.6875,1793.8125,6306.0,1870.0
186,Antwerpen,1,100375,28619,102176,29376,6273.4375,1788.6875,6386.0,1836.0
187,Namur,1,100512,29552,101744,30656,6282.0,1847.0,6359.0,1916.0
188,Bastogne,1,101296,29328,102512,30256,6331.0,1833.0,6407.0,1891.0
189,Luxemburg,1,101552,30160,102352,30880,6347.0,1885.0,6397.0,1930.0
190,Cork,1,88689,25898,91396,28278,5543.0625,1618.625,5712.25,1767.375
191,Dublin,1,91808,24942,92595,25843,5738.0,1558.875,5787.1875,1615.1875
192,Waterford,1,90944,25632,92709,27347,5684.0,1602.0,5794.3125,1709.1875
193,Galway,1,88724,22922,91508,26048,5545.25,1432.625,5719.25,1628.0
194,Belfast,1,90832,22939,92890,24720,5677.0,1433.6875,5805.625,1545.0
195,Lisbon,1,87224,41211,87858,41964,5451.5,2575.6875,5491.125,2622.75
196,Oporto,1,88300,37664,90784,39680,5518.75,2354.0,5674.0,2480.0
197,Coimbra,1,87292,39216,89200,41504,5455.75,2451.0,5575.0,2594.0
198,Viseu,1,88720,39216,90288,41360,5545.0,2451.0,5643.0,2585.0
199,Beja,1,87381,41088,89408,43152,5461.3125,2568.0,5588.0,2697.0
200,Faro,1,87308,42414,88976,44235,5456.75,2650.875,5561.0,2764.6875
201,Reykjavík,1,83830,15854,85808,17139,5239.375,990.875,5363.0,1071.1875
202,Akureyri,1,83543,14454,88959,16800,5221.4375,903.375,5559.9375,1050.0
203,Höfn,1,85512,15120,89495,17475,5344.5,945.0,5593.4375,1092.1875
204,Tirana,1,113279,40048,114272,40787,7079.9375,2503.0,7142.0,2549.1875
205,Vlore,1,113489,40592,115072,42294,7093.0625,2537.0,7192.0,2643.375
206,Tucson,1,28832,40240,31536,41392,1802.0,2515.0,1971.0,2587.0
207,Phoenix,1,28832,39056,29696,39856,1802.0,2441.0,1856.0,2491.0
208,Flagstaff,1,29328,37488,31568,39728,1833.0,2343.0,1973.0,2483.0
209,Chinle,1,29018,36312,31536,37712,1813.625,2269.5,1971.0,2357.0
210,Kingman,1,27089,36323,29661,38113,1693.0625,2270.1875,1853.8125,2382.0625
211,Safford,1,29216,39264,31536,40784,1826.0,2454.0,1971.0,2549.0
212,Prescott,1,26980,37563,29648,39620,1686.25,2347.6875,1853.0,2476.25
213,Yuma,1,27022,39040,29424,41088,1688.875,2440.0,1839.0,2568.0
214,Billings,1,31936,26400,32848,26992,1996.0,1650.0,2053.0,1687.0
215,Great Falls,1,28288,23200,30736,25760,1768.0,1450.0,1921.0,1610.0
216,Broadus,1,32448,26176,35536,27792,2028.0,1636.0,2221.0,1737.0
217,Miles City,1,31616,24816,35536,26496,1976.0,1551.0,2221.0,1656.0
218,Plentywood,1,32144,23184,35536,25264,2009.0,1449.0,2221.0,1579.0
219,Havre,1,29792,23184,33072,25904,1862.0,1449.0,2067.0,1619.0
220,Missoula,1,25904,23184,28560,25968,1619.0,1449.0,1785.0,1623.0
221,Bozeman,1,29264,25632,32704,27808,1829.0,1602.0,2044.0,1738.0
222,Helena,1,27088,24656,30032,28464,1693.0,1541.0,1877.0,1779.0
223,Taunton,1,92218,28816,94720,30612,5763.625,1801.0,5920.0,1913.25
224,Bristol,1,94839,27920,95680,28688,5927.4375,1745.0,5980.0,1793.0
225,Plymouth,1,93113,29632,93952,30198,5819.5625,1852.0,5872.0,1887.375
226,Portsmouth,2,95472,28160,97216,29815,5967.0,1760.0,6076.0,1863.4375
227,Ashford,1,97005,28608,98784,29681,6062.8125,1788.0,6174.0,1855.0625
228,Ipswich,1,97136,26336,99032,28565,6071.0,1646.0,6189.5,1785.3125
229,Cambridge,1,96272,26528,97872,28352,6017.0,1658.0,6117.0,1772.0
230,Birmingham,1,94752,26128,96736,28192,5922.0,1633.0,6046.0,1762.0
231,Cardiff,1,92583,26927,95170,28759,5786.4375,1682.9375,5948.125,1797.4375
232,Liverpool,1,94269,24775,95440,26624,5891.8125,1548.4375,5965.0,1664.0
233,Shrewsbury,2,93049,25650,94864,27360,5815.5625,1603.125,5929.0,1710.0
234,Sheffield,1,95104,25426,97764,26672,5944.0,1589.125,6110.25,1667.0
235,Leeds,1,94855,24480,96880,25760,5928.4375,1530.0,6055.0,1610.0
236,Carlisle,1,94175,21900,96159,24861,5885.9375,1368.75,6009.9375,1553.8125
237,York,1,95168,23121,97605,25632,5948.0,1445.0625,6100.3125,1602.0
238,Glasgow,1,92793,21822,95464,24048,5799.5625,1363.875,5966.5,1503.0
239,Aberdeen,1,93552,19264,95992,22064,5847.0,1204.0,5999.5,1379.0
240,St. John's,1,71453,21169,76957,25831,4465.8125,1323.0625,4809.8125,1614.4375
241,Inverness,6,90828,19254,94864,22879,5676.75,1203.375,5929.0,1429.9375
242,Thurso,4,91148,16638,95586,20464,5696.75,1039.875,5974.125,1279.0
243,Venice,1,106640,35824,107380,36476,6665.0,2239.0,6711.25,2279.75
244,Turin,1,102224,35376,103904,37488,6389.0,2211.0,6494.0,2343.0
245,Rome,1,106742,40304,107440,41059,6671.375,2519.0,6715.0,2566.1875
246,Naples,1,108599,41600,109264,42160,6787.4375,2600.0,6829.0,2635.0
247,Verona,1,104641,34960,107440,37072,6540.0625,2185.0,6715.0,2317.0
248,Genoa,1,103680,37232,104512,38068,6480.0,2327.0,6532.0,2379.25
249,Bologna,1,105472,36128,107402,37952,6592.0,2258.0,6712.625,2372.0
250,Milan,1,103600,35479,105184,37440,6475.0,2217.4375,6574.0,2340.0
251,Cuneo,1,102288,37072,103832,38722,6393.0,2317.0,6489.5,2420.125
252,Parma,1,104295,36576,105680,38080,6518.4375,2286.0,6605.0,2380.0
253,Florence,1,104423,37552,107088,39472,6526.4375,2347.0,6693.0,2467.0
254,San Marino,1,106624,37565,107444,38352,6664.0,2347.8125,6715.25,2397.0
255,Cagliari,1,103397,40718,104759,43039,6462.3125,2544.875,6547.4375,2689.9375
256,Palermo,1,107277,44902,110165,46827,6704.8125,2806.375,6885.3125,2926.6875
257,Civitavecchia,1,105479,38816,107408,40714,6592.4375,2426.0,6713.0,2544.625
258,Perugia,1,106704,38157,108708,39952,6669.0,2384.8125,6794.25,2497.0
259,Pescara,1,107616,39523,109357,40512,6726.0,2470.1875,6834.8125,2532.0
260,Latina,1,107033,39952,108176,41463,6689.5625,2497.0,6761.0,2591.4375
261,Cassino,1,107579,40368,109072,42092,6723.6875,2523.0,6817.0,2630.75
262,Bari,1,110672,41326,112865,43176,6917.0,2582.875,7054.0625,2698.5
263,Foggia,1,108672,40302,110825,41616,6792.0,2518.875,6926.5625,2601.0
264,Salerno,1,108800,40944,110144,42583,6800.0,2559.0,6884.0,2661.4375
265,Potenza,1,109490,41504,111394,43444,6843.125,2594.0,6962.125,2715.25
266,Catanzaro,1,110146,43043,111668,45348,6884.125,2690.1875,6979.25,2834.25
267,Paris,1,98992,31440,99600,32016,6187.0,1965.0,6225.0,2001.0
268,Bordeaux,1,95632,35008,96688,36224,5977.0,2188.0,6043.0,2264.0
269,Marseille,1,100630,38288,101574,39011,6289.375,2393.0,6348.375,2438.1875
270,Lyon,1,100403,35280,101272,36016,6275.1875,2205.0,6329.5,2251.0
271,Brest,2,93229,30943,96528,33035,5826.8125,1933.9375,6033.0,2064.6875
272,Le Havre,1,97303,29860,99536,31728,6081.4375,1866.25,6221.0,1983.0
273,Ajaccio,1,103786,38992,104611,40657,6486.625,2437.0,6538.1875,2541.0625
274,Lille,1,98744,29034,101248,31136,6171.5,1814.625,6328.0,1946.0
275,Nantes,1,95216,32582,96411,33335,5951.0,2036.375,6025.6875,2083.4375
276,La Rochelle,2,95196,32987,97808,35984,5949.75,2061.6875,6113.0,2249.0
277,Toulouse,1,97568,37184,100048,39472,6098.0,2324.0,6253.0,2467.0
278,Bayonne,1,94981,35893,96880,38320,5936.3125,2243.3125,6055.0,2395.0
279,Tarbes,1,96064,35888,98400,38944,6004.0,2243.0,6150.0,2434.0
280,Orléans,1,97776,31664,99936,32967,6111.0,1979.0,6246.0,2060.4375
281,Bourges,1,98704,32873,100857,34785,6169.0,2054.5625,6303.5625,2174.0625
282,Mâcon,1,99678,33970,102179,35937,6229.875,2123.125,6386.1875,2246.0625
283,Dijon,1,100248,32704,102807,34755,6265.5,2044.0,6425.4375,2172.1875
284,Strasbourg,1,100928,31520,102893,33395,6308.0,1970.0,6430.8125,2087.1875
285,Nancy,1,100304,30480,102096,32048,6269.0,1905.0,6381.0,2003.0
286,Reims,1,99424,30880,100992,32240,6214.0,1930.0,6312.0,2015.0
287,Auxerre,1,99211,32096,101504,33304,6200.6875,2006.0,6344.0,2081.5
288,Le Mans,1,95780,30150,98070,33206,5986.25,1884.375,6129.375,2075.375
289,Poitiers,1,96977,32450,99203,35120,6061.0625,2028.125,6200.1875,2195.0
290,Limoges,1,97152,34640,99956,37184,6072.0,2165.0,6247.25,2324.0
291,Saint Étienne,1,99179,34752,102560,36864,6198.6875,2172.0,6410.0,2304.0
292,Avignon,1,98544,35777,101347,38883,6159.0,2236.0625,6334.1875,2430.1875
293,Grenoble,1,100707,36560,102630,39171,6294.1875,2285.0,6414.375,2448.1875
294,Madrid,1,92704,40672,93520,41312,5794.0,2542.0,5845.0,2582.0
295,Murcia,1,93248,42608,95753,45048,5828.0,2663.0,5984.5625,2815.5
296,Sevilla,1,89968,43616,90640,44256,5623.0,2726.0,5665.0,2766.0
297,Bilbao,1,93654,37204,94482,37936,5853.375,2325.25,5905.125,2371.0
298,Barcelona,1,97336,40336,98344,41004,6083.5,2521.0,6146.5,2562.75
299,Lugo,1,88735,35933,92288,38032,5545.9375,2245.8125,5768.0,2377.0
300,Vigo,1,88241,36286,91216,38960,5515.0625,2267.875,5701.0,2435.0
301,León,1,91840,36877,94176,39008,5740.0,2304.8125,5886.0,2438.0
302,Pamplona,1,93616,37325,96480,39792,5851.0,2332.8125,6030.0,2487.0
303,Zaragoza,1,94304,39456,97552,42573,5894.0,2466.0,6097.0,2660.8125
304,Lleida,1,95792,38560,99215,40776,5987.0,2410.0,6200.9375,2548.5
305,Valencia,1,94688,42454,95449,43209,5918.0,2653.375,5965.5625,2700.5625
306,Cuenca,1,93440,40048,95168,42848,5840.0,2503.0,5948.0,2678.0
307,Malaga,1,90320,43760,92352,45550,5645.0,2735.0,5772.0,2846.875
308,Cádiz,1,89204,43824,90560,45801,5575.25,2739.0,5660.0,2862.5625
309,Cáceres,1,89152,40832,91104,42864,5572.0,2552.0,5694.0,2679.0
310,Budapest,1,112320,33596,112832,34160,7020.0,2099.75,7052.0,2135.0
311,Córdoba,1,90224,42224,92240,44176,5639.0,2639.0,5765.0,2761.0
312,Huelva,1,88445,42496,90384,44223,5527.8125,2656.0,5649.0,2763.9375
313,Granada,1,91632,43792,93719,45673,5727.0,2737.0,5857.4375,2854.5625
314,Toledo,1,92256,41136,93936,42896,5766.0,2571.0,5871.0,2681.0
315,Jaén,1,91776,42096,93520,44064,5736.0,2631.0,5845.0,2754.0
316,Salamanca,1,89984,39232,92224,41392,5624.0,2452.0,5764.0,2587.0
317,Ávila,1,90800,40208,92800,42480,5675.0,2513.0,5800.0,2655.0
318,Valladolid,1,92112,38768,94608,40768,5757.0,2423.0,5913.0,2548.0
319,Zamora,1,90640,37824,92672,40016,5665.0,2364.0,5792.0,2501.0
320,Guymon,1,36448,36240,39120,36864,2278.0,2265.0,2445.0,2304.0
321,Woodward,1,38864,36288,40064,37936,2429.0,2268.0,2504.0,2371.0
322,Oklahoma City,1,40528,37472,41248,38096,2533.0,2342.0,2578.0,2381.0
323,Lawton,1,38864,37728,40608,39216,2429.0,2358.0,2538.0,2451.0
324,Tulsa,1,41552,36288,43200,37712,2597.0,2268.0,2700.0,2357.0
325,McAlester,1,41536,37536,43264,38960,2596.0,2346.0,2704.0,2435.0
326,Norman,1,40256,37792,41808,39376,2516.0,2362.0,2613.0,2461.0
327,Durant,1,40768,38752,43312,39648,2548.0,2422.0,2707.0,2478.0
328,Enid,1,39744,36288,40976,38160,2484.0,2268.0,2561.0,2385.0
329,Ponca City,1,40608,36288,42016,37904,2538.0,2268.0,2626.0,2369.0
330,Miskolc,1,113440,32416,115488,33584,7090.0,2026.0,7218.0,2099.0
331,Vác,1,112211,32864,114048,34645,7013.1875,2054.0,7128.0,2165.3125
332,Györ,1,110845,33234,112519,34480,6927.8125,2077.125,7032.4375,2155.0
333,Pécs,1,111376,34048,113232,35568,6961.0,2128.0,7077.0,2223.0
334,Keszthely,1,110288,33552,111872,35200,6893.0,2097.0,6992.0,2200.0
335,Debrecen,1,113792,33376,115872,34640,7112.0,2086.0,7242.0,2165.0
336,Gyula,1,112920,34208,115072,35632,7057.5,2138.0,7192.0,2227.0
337,Timisoara,1,114624,34800,115344,35312,7164.0,2175.0,7209.0,2207.0
338,Bucharest,1,117824,35520,118641,36244,7364.0,2220.0,7415.0625,2265.25
339,Iași,1,119072,32640,119776,33200,7442.0,2040.0,7486.0,2075.0
340,Constanța,1,118142,34700,119863,36882,7383.875,2168.75,7491.4375,2305.125
341,Tulcea,1,119344,34118,120208,34916,7459.0,2132.375,7513.0,2182.25
342,Chișinău,1,119488,32000,121175,34230,7468.0,2000.0,7573.4375,2139.375
343,Botoșani,1,118112,31616,119744,32688,7382.0,1976.0,7484.0,2043.0
344,Deva,1,115040,34400,116896,35744,7190.0,2150.0,7306.0,2234.0
345,Pitești,1,116336,34592,118080,36032,7271.0,2162.0,7380.0,2252.0
346,Reșița,1,114448,35232,116000,36503,7153.0,2202.0,7250.0,2281.4375
347,Craiova,1,115426,35584,118307,36948,7214.125,2224.0,7394.1875,2309.25
348,Satu Mare,1,115280,32624,117328,33664,7205.0,2039.0,7333.0,2104.0
349,Zalău,1,115616,33504,117456,34784,7226.0,2094.0,7341.0,2174.0
350,Ploiești,1,117312,34112,119577,35668,7332.0,2132.0,7473.5625,2229.25
351,Bacău,1,118096,32496,119824,34400,7381.0,2031.0,7489.0,2150.0
352,Suceava,1,117104,31616,118432,33536,7319.0,1976.0,7402.0,2096.0
353,Târgu-Mureș,1,116912,33280,118304,34480,7307.0,2080.0,7394.0,2155.0
354,Zagreb,1,110032,35888,110688,36512,6877.0,2243.0,6918.0,2282.0
355,Dubrovnik,1,112097,39280,112832,40019,7006.0625,2455.0,7052.0,2501.1875
356,Seattle,1,20938,24535,21776,25408,1308.625,1533.4375,1361.0,1588.0
357,Sarajevo,1,111760,37840,112352,38384,6985.0,2365.0,7022.0,2399.0
358,Belgrad,1,112832,36185,113639,36800,7052.0,2261.5625,7102.4375,2300.0
359,Mostar,1,111150,38256,112928,39721,6946.875,2391.0,7058.0,2482.5625
360,Tuzla,1,111856,36672,113040,38064,6991.0,2292.0,7065.0,2379.0
361,Zenica,1,110240,37072,111968,38432,6890.0,2317.0,6998.0,2402.0
362,Banja Luka,1,109776,36192,111632,37552,6861.0,2262.0,6977.0,2347.0
363,Šibenik,1,109710,37616,111568,39105,6856.875,2351.0,6973.0,2444.0625
364,Novi Sad,1,112783,35024,114064,36384,7048.9375,2189.0,7129.0,2274.0
365,Vršac,1,113472,35120,115343,37631,7092.0,2195.0,7208.9375,2351.9375
366,Šabac,1,111776,35218,112976,36928,6986.0,2201.125,7061.0,2308.0
367,Slavonski Brod,1,110544,35456,111952,37200,6909.0,2216.0,6997.0,2325.0
368,Maribor,1,109136,34576,111648,36320,6821.0,2161.0,6978.0,2270.0
369,Ljubljana,1,108320,35008,109776,36400,6770.0,2188.0,6861.0,2275.0
370,Rijeka,1,108480,36128,110048,37298,6780.0,2258.0,6878.0,2331.125
371,Zadar,1,109465,37166,110304,37990,6841.5625,2322.875,6894.0,2374.375
372,Negotin,1,114920,36352,116659,37968,7182.5,2272.0,7291.1875,2373.0
373,Kragujevac,1,112864,36479,114939,37920,7054.0,2279.9375,7183.6875,2370.0
374,Niš,1,113952,37482,116240,39120,7122.0,2342.625,7265.0,2445.0
375,Skopje,1,113888,38704,116192,40432,7118.0,2419.0,7262.0,2527.0
376,Pristina,1,113056,37760,114368,39360,7066.0,2360.0,7148.0,2460.0
377,Podgorica,1,112629,38656,114032,40436,7039.3125,2416.0,7127.0,2527.25
378,Užice,1,112272,37488,113744,38832,7017.0,2343.0,7109.0,2427.0
379,Sofia,1,116144,38096,116784,38576,7259.0,2381.0,7299.0,2411.0
380,Vratsa,1,116032,36813,117530,38432,7252.0,2300.8125,7345.625,2402.0
381,Gorna Dzhumaya,1,116064,38352,117360,40320,7254.0,2397.0,7335.0,2520.0
382,Plovdiv,1,116992,38368,118560,39984,7312.0,2398.0,7410.0,2499.0
383,Pleven,1,117232,36764,118560,38032,7327.0,2297.75,7410.0,2377.0
384,Tarnovo,1,117168,37504,118528,38848,7323.0,2344.0,7408.0,2428.0
385,Varna,1,118288,36348,119322,38128,7393.0,2271.75,7457.625,2383.0
386,Burgas,1,118064,37968,119122,39328,7379.0,2373.0,7445.125,2458.0
387,Thessaloniki,1,115664,41024,116176,41604,7229.0,2564.0,7261.0,2600.25
388,Athens,1,116616,43444,117293,44185,7288.5,2715.25,7330.8125,2761.5625
389,Trikala,1,114896,42240,115344,42640,7181.0,2640.0,7209.0,2665.0
390,Sparti,1,115824,44560,116224,45162,7239.0,2785.0,7264.0,2822.625
391,Ioannina,1,113924,41552,114992,42712,7120.25,2597.0,7187.0,2669.5
392,Xanthi,1,116848,39520,118224,40953,7303.0,2470.0,7389.0,2559.5625
393,Kalamaria,1,115873,41133,116978,42034,7242.0625,2570.8125,7311.125,2627.125
394,Serres,1,115920,39984,117035,41254,7245.0,2499.0,7314.6875,2578.375
395,Edessa,1,115200,40288,116112,41216,7200.0,2518.0,7257.0,2576.0
396,Kastoria,1,114256,40288,115568,41408,7141.0,2518.0,7223.0,2588.0
397,Grevena,1,114688,41152,115851,41984,7168.0,2572.0,7240.6875,2624.0
398,Kalabaka,1,114704,41968,115440,42448,7169.0,2623.0,7215.0,2653.0
399,Arta,1,114220,42400,115104,43234,7138.75,2650.0,7194.0,2702.125
400,Corfu,1,113602,42431,114339,43161,7100.125,2651.9375,7146.1875,2697.5625
401,Larissa,1,115248,41608,115910,42640,7203.0,2600.5,7244.375,2665.0
402,Volos,1,115616,41938,116502,42878,7226.0,2621.125,7281.375,2679.875
403,Karditsa,1,114927,42544,115808,43238,7182.9375,2659.0,7238.0,2702.375
404,Lamia,1,115488,42725,116252,43737,7218.0,2670.3125,7265.75,2733.5625
405,Patras,2,114746,43643,116436,45232,7171.625,2727.6875,7277.25,2827.0
406,Githio,2,116000,43897,116937,45684,7250.0,2743.5625,7308.5625,2855.25
407,Agrinio,2,114453,43102,115730,44191,7153.3125,2693.875,7233.125,2761.9375
408,Thiva,2,115825,42800,117539,44030,7239.0625,2675.0,7346.1875,2751.875
409,Heraklion,1,117209,46402,119786,47294,7325.5625,2900.125,7486.625,2955.875
410,Rhodes,2,119348,43924,120403,45066,7459.25,2745.25,7525.1875,2816.625
411,Ankara,1,123152,39936,123760,40544,7697.0,2496.0,7735.0,2534.0
412,Istanbul,1,119392,39432,120204,40111,7462.0,2464.5,7512.75,2506.9375
413,Adana,1,123728,42016,125712,44108,7733.0,2626.0,7857.0,2756.75
414,Izmir,1,118588,42384,119536,43113,7411.75,2649.0,7471.0,2694.5625
415,Kars,1,126830,36864,130416,38896,7926.875,2304.0,8151.0,2431.0
416,Van,1,128832,38384,131264,40656,8052.0,2399.0,8204.0,2541.0
417,Siirt,1,127056,39440,129296,41600,7941.0,2465.0,8081.0,2600.0
418,Erzurum,1,125788,37591,129024,39728,7861.75,2349.4375,8064.0,2483.0
419,Ordu,1,124083,37604,126528,39312,7755.1875,2350.25,7908.0,2457.0
420,Çorum,1,123136,38736,125376,40512,7696.0,2421.0,7836.0,2532.0
421,Bafra,1,122189,37882,124592,39424,7636.8125,2367.625,7787.0,2464.0
422,Bolu,1,121125,38429,123584,40832,7570.3125,2401.8125,7724.0,2552.0
423,Eskişehir,1,121280,40576,122080,41392,7580.0,2536.0,7630.0,2587.0
424,Bursa,1,119496,39622,121760,41440,7468.5,2476.375,7610.0,2590.0
425,Malatya,1,125024,38864,127584,40496,7814.0,2429.0,7974.0,2531.0
426,Balıkesir,1,118244,40664,120224,42782,7390.25,2541.5,7514.0,2673.875
427,Aydın,1,118852,42400,120928,44356,7428.25,2650.0,7558.0,2772.25
428,Antalya,1,120571,42160,122093,44352,7535.6875,2635.0,7630.8125,2772.0
429,Mardin,1,125696,40144,127824,42160,7856.0,2509.0,7989.0,2635.0
430,Konya,1,121264,40672,123456,43056,7579.0,2542.0,7716.0,2691.0
431,Kütahya,1,119856,41024,121840,42768,7491.0,2564.0,7615.0,2673.0
432,Mersin,1,124144,42816,124828,43335,7759.0,2676.0,7801.75,2708.4375
433,Karaman,1,121888,42240,124529,43987,7618.0,2640.0,7783.0625,2749.1875
434,Kırşehir,1,122560,40064,125728,41616,7660.0,2504.0,7858.0,2601.0
435,Aksaray,1,123312,40928,125120,42400,7707.0,2558.0,7820.0,2650.0
436,Gaziantep,1,125008,40736,126640,42752,7813.0,2546.0,7915.0,2672.0
437,Çorlu,1,117968,38978,119654,41590,7373.0,2436.125,7478.375,2599.375
438,Portland,1,20048,26016,20816,26656,1253.0,1626.0,1301.0,1666.0
439,Spokane,1,24144,24174,25024,24960,1509.0,1510.875,1564.0,1560.0
440,Boise,1,25360,28912,26240,29616,1585.0,1807.0,1640.0,1851.0
441,Nampa,1,24448,29168,26560,31168,1528.0,1823.0,1660.0,1948.0
442,Idaho Falls,1,28160,27936,29920,29840,1760.0,1746.0,1870.0,1865.0
443,Pocatello,1,28192,29616,29904,31168,1762.0,1851.0,1869.0,1948.0
444,Burley,1,26256,29904,28432,31168,1641.0,1869.0,1777.0,1948.0
445,Carey,1,26096,28592,28592,30128,1631.0,1787.0,1787.0,1883.0
446,Stanley,1,25888,25872,28240,28816,1618.0,1617.0,1765.0,1801.0
447,Baker City,1,23824,26832,26592,29232,1489.0,1677.0,1662.0,1827.0
448,Bend,1,20960,26978,24000,30432,1310.0,1686.125,1500.0,1902.0
449,Eugene,1,19182,27627,22256,31218,1198.875,1726.6875,1391.0,1951.125
450,Medford,1,20320,30320,21184,31152,1270.0,1895.0,1324.0,1947.0
451,Salem (OR),1,19513,26112,22519,27973,1219.5625,1632.0,1407.4375,1748.3125
452,Tacoma,1,18969,23688,21600,26711,1185.5625,1480.5,1350.0,1669.4375
453,Burns,1,22928,28672,25216,30512,1433.0,1792.0,1576.0,1907.0
454,Klamath Falls,1,21104,29328,24496,31168,1319.0,1833.0,1531.0,1948.0
455,Yakima,1,21424,24448,23816,27282,1339.0,1528.0,1488.5,1705.125
456,Everett,1,20322,23095,23296,24864,1270.125,1443.4375,1456.0,1554.0
457,Lewiston,1,24480,25088,26896,27360,1530.0,1568.0,1681.0,1710.0
458,Kennewick,1,23245,24782,24768,27536,1452.8125,1548.875,1548.0,1721.0
459,Coeur d'Alene,1,24217,23118,26368,25552,1513.5625,1444.875,1648.0,1597.0
460,Omak,1,22640,23119,24542,25190,1415.0,1444.9375,1533.875,1574.375
461,Vancouver,1,19931,22512,20816,23158,1245.6875,1407.0,1301.0,1447.375
462,Bismarck,1,37952,25264,38912,26160,2372.0,1579.0,2432.0,1635.0
463,Sioux Falls,1,40864,28752,41952,29600,2554.0,1797.0,2622.0,1850.0
464,Minneapolis,1,43888,27120,44612,27968,2743.0,1695.0,2788.25,1748.0
465,Fargo,1,40944,25184,41760,25760,2559.0,1574.0,2610.0,1610.0
466,Rochester (MN),1,43008,27348,45834,29457,2688.0,1709.25,2864.625,1841.0625
467,Mankato,1,41296,27360,43312,29376,2581.0,1710.0,2707.0,1836.0
468,St. Cloud,1,41504,25450,44265,27984,2594.0,1590.625,2766.5625,1749.0
469,Duluth,1,43710,24096,47190,27234,2731.875,1506.0,2949.375,1702.125
470,Bemidji,1,42259,23344,45776,25629,2641.1875,1459.0,2861.0,1601.8125
471,Alexandria (MN),1,40816,25232,42880,27552,2551.0,1577.0,2680.0,1722.0
472,Grand Forks,1,40288,22720,43312,25548,2518.0,1420.0,2707.0,1596.75
473,Rugby,1,37808,23184,40816,25488,2363.0,1449.0,2551.0,1593.0
474,Williston,1,35536,23184,38864,25072,2221.0,1449.0,2429.0,1567.0
475,Dickinson,1,35536,24656,38128,26576,2221.0,1541.0,2383.0,1661.0
476,Jamestown (ND),1,38592,25168,41184,27312,2412.0,1573.0,2574.0,1707.0
477,Ipswich (SD),1,39744,26992,40896,28032,2484.0,1687.0,2556.0,1752.0
478,Mobridge,1,37760,25936,40144,27920,2360.0,1621.0,2509.0,1745.0
479,Mitchell,1,39328,27376,41520,30464,2458.0,1711.0,2595.0,1904.0
480,Murdo,1,37280,27392,39984,30064,2330.0,1712.0,2499.0,1879.0
481,Redig,1,35536,26416,37856,28336,2221.0,1651.0,2366.0,1771.0
482,Rapid City,1,35536,28000,37904,30064,2221.0,1750.0,2369.0,1879.0
483,Las Vegas,1,26560,36464,27510,37377,1660.0,2279.0,1719.375,2336.0625
484,Los Angeles,1,23703,38544,24640,39302,1481.4375,2409.0,1540.0,2456.375
485,San Francisco,1,20571,35506,21392,36505,1285.6875,2219.125,1337.0,2281.5625
486,Sacramento,1,20849,34176,23424,36080,1303.0625,2136.0,1464.0,2255.0
487,San Diego,1,24919,39664,25568,40424,1557.4375,2479.0,1598.0,2526.5
488,Anaheim,1,24256,37648,26128,39909,1516.0,2353.0,1633.0,2494.3125
489,Bakersfield,1,22124,37536,24304,38961,1382.75,2346.0,1519.0,2435.0625
490,El Centro,1,24972,39328,27258,40718,1560.75,2458.0,1703.625,2544.875
491,Palm Springs,1,25552,38164,27475,39637,1597.0,2385.25,1717.1875,2477.3125
492,Henderson,1,24560,36560,27180,38592,1535.0,2285.0,1698.75,2412.0
493,Crystal Springs,1,25520,34192,27616,36912,1595.0,2137.0,1726.0,2307.0
494,Ely,1,25904,32400,27616,34496,1619.0,2025.0,1726.0,2156.0
495,Elko,1,24960,31168,27616,32832,1560.0,1948.0,1726.0,2052.0
496,Battle Mountain,1,22048,31168,25552,33584,1378.0,1948.0,1597.0,2099.0
497,Reno,1,22896,33376,23952,34384,1431.0,2086.0,1497.0,2149.0
498,Eureka,1,19241,31084,20960,33411,1202.5625,1942.75,1310.0,2088.1875
499,Salinas,1,21125,36080,22960,37535,1320.3125,2255.0,1435.0,2345.9375
500,Redding,1,20704,31152,23152,33280,1294.0,1947.0,1447.0,2080.0
501,Santa Rosa (CA),1,19616,33152,21184,35625,1226.0,2072.0,1324.0,2226.5625
502,Chico,1,20544,32864,23120,34336,1284.0,2054.0,1445.0,2146.0
503,Merced,1,21536,34848,23504,36608,1346.0,2178.0,1469.0,2288.0
504,Fresno,1,21787,36528,23936,37990,1361.6875,2283.0,1496.0,2374.375
505,Tonopah,1,24448,35168,25776,36816,1528.0,2198.0,1611.0,2301.0
506,Austin (NV),1,23792,32720,26288,35568,1487.0,2045.0,1643.0,2223.0
507,Olancha,1,23872,36496,25344,38272,1492.0,2281.0,1584.0,2392.0
508,Bishop,1,22960,34224,24832,36992,1435.0,2139.0,1552.0,2312.0
509,Salt Lake City,1,28992,31888,29840,32624,1812.0,1993.0,1865.0,2039.0
510,Denver,1,34320,32960,34960,33568,2145.0,2060.0,2185.0,2098.0
511,Cheyenne,1,34272,31280,35104,31904,2142.0,1955.0,2194.0,1994.0
512,Ogden,1,27616,31168,30576,32752,1726.0,1948.0,1911.0,2047.0
513,Provo,1,27616,32176,29952,33648,1726.0,2011.0,1872.0,2103.0
514,Cedar City,1,27616,35088,29458,36426,1726.0,2193.0,1841.125,2276.625
515,Richfield,1,28912,33280,31200,35248,1807.0,2080.0,1950.0,2203.0
516,Delta,1,27616,33488,29216,35360,1726.0,2093.0,1826.0,2210.0
517,Vernal,1,29648,31328,32472,33888,1853.0,1958.0,2029.5,2118.0
518,Fort Collins,1,33072,31040,35536,32976,2067.0,1940.0,2221.0,2061.0
519,Casper,1,32912,28960,35536,31520,2057.0,1810.0,2221.0,1970.0
520,Gilette,1,33712,27776,35536,29792,2107.0,1736.0,2221.0,1862.0
521,Sheridan,1,31824,27776,33984,29584,1989.0,1736.0,2124.0,1849.0
522,Jackson (WY),1,29904,27792,32080,30016,1869.0,1737.0,2005.0,1876.0
523,Afton,1,29888,29632,31968,31552,1868.0,1852.0,1998.0,1972.0
524,Riverton,1,31360,29232,33904,31839,1960.0,1827.0,2119.0,1989.9375
525,Glenwood Springs,1,31536,31459,34656,33984,1971.0,1966.1875,2166.0,2124.0
526,Sterling,1,34864,32288,37296,34432,2179.0,2018.0,2331.0,2152.0
527,Colorado Springs,1,34016,33328,35872,35104,2126.0,2083.0,2242.0,2194.0
528,Pueblo,1,33645,34992,35888,36427,2102.8125,2187.0,2243.0,2276.6875
529,Durango (CO),1,31520,34420,34025,36418,1970.0,2151.25,2126.5625,2276.125
530,Blanding,1,29187,34453,31664,36427,1824.1875,2153.3125,1979.0,2276.6875
531,Grand Junction,1,30931,33780,31936,34640,1933.1875,2111.25,1996.0,2165.0
532,Kingsport,1,51264,36096,53376,37872,3204.0,2256.0,3336.0,2367.0
533,Pritchett,1,35472,34000,37296,36368,2217.0,2125.0,2331.0,2273.0
534,Aspen,1,31757,33552,34416,35215,1984.8125,2097.0,2151.0,2200.9375
535,Scottsbluff,1,35536,30800,38176,32288,2221.0,1925.0,2386.0,2018.0
536,Chadron,1,35536,30064,37760,31376,2221.0,1879.0,2360.0,1961.0
537,Valentine,1,37616,30032,40192,31552,2351.0,1877.0,2512.0,1972.0
538,Omaha,1,41568,31312,42208,31904,2598.0,1957.0,2638.0,1994.0
539,Lincoln,1,40560,31616,42400,32880,2535.0,1976.0,2650.0,2055.0
540,Wichita,1,40208,35088,40816,35616,2513.0,2193.0,2551.0,2226.0
541,Davenport,1,45920,31248,46546,31810,2870.0,1953.0,2909.125,1988.125
542,Des Moines,1,43056,30384,45344,31728,2691.0,1899.0,2834.0,1983.0
543,Cedar Rapids,1,44864,29980,46613,31586,2804.0,1873.75,2913.3125,1974.125
544,Mason City,1,43264,29330,45919,30576,2704.0,1833.125,2869.9375,1911.0
545,Fort Dodge,1,41456,29376,44000,30688,2591.0,1836.0,2750.0,1918.0
546,Red Oak,1,41920,31520,44048,32624,2620.0,1970.0,2753.0,2039.0
547,Ottumwa,1,43744,31168,46159,32674,2734.0,1948.0,2884.9375,2042.125
548,Fremont,1,39952,30240,41856,31760,2497.0,1890.0,2616.0,1985.0
549,Avoca,1,41600,30288,43424,31680,2600.0,1893.0,2714.0,1980.0
550,Kearney,1,39536,31152,41296,33216,2471.0,1947.0,2581.0,2076.0
551,North Platte,1,38144,31488,38624,31984,2384.0,1968.0,2414.0,1999.0
552,Colby,1,37296,31920,39616,33808,2331.0,1995.0,2476.0,2113.0
553,Garden City,1,37296,33488,39840,35152,2331.0,2093.0,2490.0,2197.0
554,Hugoton,1,37296,34880,39664,36272,2331.0,2180.0,2479.0,2267.0
555,Hutchinson,1,38992,33536,41344,35376,2437.0,2096.0,2584.0,2211.0
556,Emporia,1,40944,33840,43072,35328,2559.0,2115.0,2692.0,2208.0
557,Wellington (KS),1,38944,35264,40880,36288,2434.0,2204.0,2555.0,2268.0
558,Parsons,1,40768,34864,43072,36304,2548.0,2179.0,2692.0,2269.0
559,Salina,1,39584,33008,40480,33680,2474.0,2063.0,2530.0,2105.0
560,Topeka,1,40384,32592,42912,34064,2524.0,2037.0,2682.0,2129.0
561,Milwaukee,1,48112,28844,48759,29744,3007.0,1802.75,3047.4375,1859.0
562,Chicago,1,48240,30673,48983,31408,3015.0,1917.0625,3061.4375,1963.0
563,Indianapolis,1,49728,33056,50352,33696,3108.0,2066.0,3147.0,2106.0
564,Cleveland,1,52652,31418,53408,32096,3290.75,1963.625,3338.0,2006.0
565,Detroit,1,50832,28570,53010,30937,3177.0,1785.625,3313.125,1933.5625
566,Traverse City,1,49334,26537,52339,29296,3083.375,1658.5625,3271.1875,1831.0
567,Grand Rapids (MI),1,49483,28980,51728,30992,3092.6875,1811.25,3233.0,1937.0
568,Toledo (IL),1,51168,30272,52880,32624,3198.0,1892.0,3305.0,2039.0
569,South Bend,1,48784,30613,51280,32144,3049.0,1913.3125,3205.0,2009.0
570,Fort Wayne,1,49952,31456,51648,33312,3122.0,1966.0,3228.0,2082.0
571,Cincinnati,1,49968,33024,51712,34944,3123.0,2064.0,3232.0,2184.0
572,Columbus (OH),1,51472,32560,52064,33136,3217.0,2035.0,3254.0,2071.0
573,Nashville,1,48704,36848,49216,37344,3044.0,2303.0,3076.0,2334.0
574,Youngstown,1,53246,31100,54471,33872,3327.875,1943.75,3404.4375,2117.0
575,Zanesville,1,51968,31968,53680,34288,3248.0,1998.0,3355.0,2143.0
576,Lancaster,1,51248,33024,53296,34896,3203.0,2064.0,3331.0,2181.0
577,Bloomington,1,47888,33328,50384,35472,2993.0,2083.0,3149.0,2217.0
578,Madison,1,45468,28416,48272,30349,2841.75,1776.0,3017.0,1896.8125
579,Green Bay,1,47168,26304,49299,29024,2948.0,1644.0,3081.1875,1814.0
580,Eau Claire,1,44352,25297,46438,28992,2772.0,1581.0625,2902.375,1812.0
581,Wausau,1,45728,24640,48762,28784,2858.0,1540.0,3047.625,1799.0
582,Marquette,1,48048,25257,51456,27238,3003.0,1578.5625,3216.0,1702.375
583,St Louis,1,46256,34528,46688,35024,2891.0,2158.0,2918.0,2189.0
584,Lafayette (IN),1,48752,31872,50352,33696,3047.0,1992.0,3147.0,2106.0
585,Evansville,1,46691,33824,49408,36359,2918.1875,2114.0,3088.0,2272.4375
586,Kansas City,1,42976,34048,43536,34496,2686.0,2128.0,2721.0,2156.0
587,Champaign,1,47328,31072,48976,33952,2958.0,1942.0,3061.0,2122.0
588,Peoria,1,45429,30914,48272,32672,2839.3125,1932.125,3017.0,2042.0
589,Springfield (IL),1,45449,32352,47904,34641,2840.5625,2022.0,2994.0,2165.0625
590,Rockford,1,45790,29552,48728,31200,2861.875,1847.0,3045.5,1950.0
591,Memphis,1,46752,37615,47309,38230,2922.0,2350.9375,2956.8125,2389.375
592,Jackson (TN),1,46939,36960,49568,38293,2933.6875,2310.0,3098.0,2393.3125
593,Knoxville,1,49616,35664,51488,37344,3101.0,2229.0,3218.0,2334.0
594,Chattanooga,1,48912,36880,51680,38288,3057.0,2305.0,3230.0,2393.0
595,Bowling Green,1,47261,35424,49936,37143,2953.8125,2214.0,3121.0,2321.4375
596,Louisville,1,49136,34816,51312,36240,3071.0,2176.0,3207.0,2265.0
597,El Paso,1,31536,40080,33767,41392,1971.0,2505.0,2110.4375,2587.0
598,Prestonsburg,1,50512,34208,53008,36576,3157.0,2138.0,3313.0,2286.0
599,Maryville,1,42192,32608,44352,34160,2637.0,2038.0,2772.0,2135.0
600,Columbia,1,43456,32563,45706,34592,2716.0,2035.1875,2856.625,2162.0
601,Jefferson City,1,44320,33456,46630,35264,2770.0,2091.0,2914.375,2204.0
602,Farmington (MO),1,44800,34433,47213,36512,2800.0,2152.0625,2950.8125,2282.0
603,Springfield (MO),1,44192,35600,44976,36320,2762.0,2225.0,2811.0,2270.0
604,Fayetteville (AR),1,43072,35664,44576,37728,2692.0,2229.0,2786.0,2358.0
605,Conway,1,44112,37664,45520,38960,2757.0,2354.0,2845.0,2435.0
606,Jonesboro,1,45264,36041,47618,37824,2829.0,2252.5625,2976.125,2364.0
607,Little Rock,1,44928,37744,46905,39352,2808.0,2359.0,2931.5625,2459.5
608,Fort Smith,1,43184,37408,44272,38912,2699.0,2338.0,2767.0,2432.0
609,Crosset,1,44480,38912,46019,40220,2780.0,2432.0,2876.1875,2513.75
610,Harrison,1,44352,36112,46096,37952,2772.0,2257.0,2881.0,2372.0
611,Warrensburg,1,43072,34352,44944,35872,2692.0,2147.0,2809.0,2242.0
612,El Dorado,1,43232,38576,44928,40160,2702.0,2411.0,2808.0,2510.0
613,Richmond,1,56800,35600,57360,36112,3550.0,2225.0,3585.0,2257.0
614,Charleston (WV),1,52784,34112,54304,35824,3299.0,2132.0,3394.0,2239.0
615,Abingdon,1,52016,35712,54192,36784,3251.0,2232.0,3387.0,2299.0
616,Norfolk,1,57216,35504,58273,36906,3576.0,2219.0,3642.0625,2306.625
617,Charlottesville,1,55952,34080,57929,35728,3497.0,2130.0,3620.5625,2233.0
618,Parkersburg,1,53472,33504,55424,34608,3342.0,2094.0,3464.0,2163.0
619,Harrisonburg,1,55136,33600,56752,35056,3446.0,2100.0,3547.0,2191.0
620,Lynchburg,1,55648,35248,57408,36720,3478.0,2203.0,3588.0,2295.0
621,Blacksburg,1,53920,34496,55136,36048,3370.0,2156.0,3446.0,2253.0
622,Lexington (VA),1,54832,34496,56048,36080,3427.0,2156.0,3503.0,2255.0
623,Danville,1,54000,35888,55760,36720,3375.0,2243.0,3485.0,2295.0
624,Asheville,1,51344,37440,53456,38448,3209.0,2340.0,3341.0,2403.0
625,Charlotte,1,53408,37952,53968,38496,3338.0,2372.0,3373.0,2406.0
626,Charleston (SC),1,53328,39152,55761,41076,3333.0,2447.0,3485.0625,2567.25
627,Wilmington,1,55296,38416,57062,40012,3456.0,2401.0,3566.375,2500.75
628,Durham,1,55792,36720,58335,38030,3487.0,2295.0,3645.9375,2376.875
629,Greensboro,1,54304,36720,56112,37968,3394.0,2295.0,3507.0,2373.0
630,Hickory,1,52464,36720,54432,38128,3279.0,2295.0,3402.0,2383.0
631,Greenville (SC),1,52208,38240,54144,39904,3263.0,2390.0,3384.0,2494.0
632,Fayetteville (NC),1,55648,37776,57970,38879,3478.0,2361.0,3623.125,2429.9375
633,Florence (SC),1,53792,37792,55856,39312,3362.0,2362.0,3491.0,2457.0
634,Albuquerque,1,33264,38237,33984,39042,2079.0,2389.8125,2124.0,2440.125
635,Van Horn,1,33413,40557,36688,42989,2088.3125,2534.8125,2293.0,2686.8125
636,Del Rio,1,36318,41648,38448,44482,2269.875,2603.0,2403.0,2780.125
637,Mc Allen,1,37595,43792,39403,46276,2349.6875,2737.0,2462.6875,2892.25
638,Houston,1,42416,42912,43039,43635,2651.0,2682.0,2689.9375,2727.1875
639,Santa Fe,1,33329,36300,35264,38368,2083.0625,2268.75,2204.0,2398.0
640,Farmington (NM),1,31536,36304,34020,38528,1971.0,2269.0,2126.25,2408.0
641,Santa Rosa (NM),1,33519,38240,36352,39604,2094.9375,2390.0,2272.0,2475.25
642,Amarillo,1,36064,36832,38992,39600,2254.0,2302.0,2437.0,2475.0
643,Hot Springs,1,31536,38384,33865,40448,1971.0,2399.0,2116.5625,2528.0
644,Dallas,1,40672,40288,41488,40944,2542.0,2518.0,2593.0,2559.0
645,Jasper,1,42448,41104,44000,43598,2653.0,2569.0,2750.0,2724.875
646,Fort Worth,1,39072,40480,41152,41776,2442.0,2530.0,2572.0,2611.0
647,Lubbock,1,36960,39536,37840,40160,2310.0,2471.0,2365.0,2510.0
648,Midland,1,35221,39952,38384,41968,2201.3125,2497.0,2399.0,2623.0
649,Austin,1,39696,42128,40320,42704,2481.0,2633.0,2520.0,2669.0
650,Victoria (TX),1,40400,42816,42720,44246,2525.0,2676.0,2670.0,2765.375
651,Huntsville (TX),1,41088,40768,42656,43072,2568.0,2548.0,2666.0,2692.0
652,Coro,1,54413,57707,56883,59216,3400.8125,3606.6875,3555.1875,3701.0
653,Tyler,1,41248,39408,43648,41504,2578.0,2463.0,2728.0,2594.0
654,Wichita Falls,1,37744,38800,41504,40656,2359.0,2425.0,2594.0,2541.0
655,Roswell,1,33439,39040,37024,40875,2089.9375,2440.0,2314.0,2554.6875
656,Dalhart,1,34736,36368,37440,38416,2171.0,2273.0,2340.0,2401.0
657,San Antonio,1,38640,42336,40576,43600,2415.0,2646.0,2536.0,2725.0
658,Corpus Christi,1,38352,43232,40807,45381,2397.0,2702.0,2550.4375,2836.3125
659,Brownwood,1,37952,40576,40224,42432,2372.0,2536.0,2514.0,2652.0
660,Anchorage,1,11552,15104,13088,16157,722.0,944.0,818.0,1009.8125
661,Fairbanks,1,9312,8992,15685,13056,582.0,562.0,980.3125,816.0
662,McCarthy,1,11927,10924,15632,17029,745.4375,682.75,977.0,1064.3125
663,Prudhoe Bay,1,9952,5565,15668,9472,622.0,347.8125,979.25,592.0
664,Barrow,1,3689,5521,10633,10336,230.5625,345.0625,664.5625,646.0
665,Nome,1,837,9456,10243,13600,52.3125,591.0,640.1875,850.0
666,Aniak,1,2619,12756,13003,16520,163.6875,797.25,812.6875,1032.5
667,Perryville,1,107,14784,11933,20508,6.6875,924.0,745.8125,1281.75
668,Fort St. John,1,21840,15741,23104,17696,1365.0,983.8125,1444.0,1106.0
669,Prince George,1,21424,18368,23104,20192,1339.0,1148.0,1444.0,1262.0
670,Kelowna,1,21840,21856,24340,23246,1365.0,1366.0,1521.25,1452.875
671,Skagway,1,16272,14928,16960,15616,1017.0,933.0,1060.0,976.0
672,Fort Nelson,1,20739,14846,23104,15925,1296.1875,927.875,1444.0,995.3125
673,Kamloops,1,21136,20912,22048,21680,1321.0,1307.0,1378.0,1355.0
674,Whistler,1,18194,20800,21264,23040,1137.125,1300.0,1329.0,1440.0
675,Terrace,1,18240,17760,20096,20112,1140.0,1110.0,1256.0,1257.0
676,Smithers,1,19760,18208,21712,20976,1235.0,1138.0,1357.0,1311.0
677,Iskut,1,17199,16352,19472,19324,1074.9375,1022.0,1217.0,1207.75
678,Cassiar,1,16928,14928,19344,16528,1058.0,933.0,1209.0,1033.0
679,Toad River,1,18848,14862,21190,16864,1178.0,928.875,1324.375,1054.0
680,Nanaimo,1,17259,21945,19906,23768,1078.6875,1371.5625,1244.125,1485.5
681,Victoria (BC),1,19504,23246,20022,23814,1219.0,1452.875,1251.375,1488.375
682,Prince Rupert,1,17644,19136,18352,19936,1102.75,1196.0,1147.0,1246.0
683,Kitimat,1,17671,19728,20768,21495,1104.4375,1233.0,1298.0,1343.4375
684,Hazelton,1,19152,16368,21536,18464,1197.0,1023.0,1346.0,1154.0
685,Mackenzie,1,21120,17424,23104,18816,1320.0,1089.0,1444.0,1176.0
686,Wonowon,1,20448,15698,22208,17584,1278.0,981.125,1388.0,1099.0
687,Cranbrook,1,24138,21234,26780,23247,1508.625,1327.125,1673.75,1452.9375
688,Vernon,1,21904,20772,24435,22553,1369.0,1298.25,1527.1875,1409.5625
689,Golden,1,23641,20073,26217,22009,1477.5625,1254.5625,1638.5625,1375.5625
690,Williams Lake,1,21392,19632,24036,21136,1337.0,1227.0,1502.25,1321.0
691,Calgary,1,26448,20256,27168,20976,1653.0,1266.0,1698.0,1311.0
692,Edmonton,1,26496,17840,27328,18576,1656.0,1115.0,1708.0,1161.0
693,Red Deer,1,25760,18320,28384,20336,1610.0,1145.0,1774.0,1271.0
694,Lethbridge,1,27312,21840,28000,22400,1707.0,1365.0,1750.0,1400.0
695,Medicine Hat,1,29120,20304,30752,23200,1820.0,1269.0,1922.0,1450.0
696,Brooks,1,27088,20016,29536,21216,1693.0,1251.0,1846.0,1326.0
697,Hanna,1,27888,18944,30704,20640,1743.0,1184.0,1919.0,1290.0
698,Vegreville,1,27088,16480,29344,19072,1693.0,1030.0,1834.0,1192.0
699,Vermilion,1,28976,16688,30688,19184,1811.0,1043.0,1918.0,1199.0
700,Fort McMurray,1,29776,14848,30416,15472,1861.0,928.0,1901.0,967.0
701,Lac la Biche,1,28432,14848,30688,17056,1777.0,928.0,1918.0,1066.0
702,Iquitos,1,51904,68176,54370,69963,3244.0,4261.0,3398.125,4372.6875
703,Peerless Lake,1,27040,14848,29856,16560,1690.0,928.0,1866.0,1035.0
704,Peace River,1,24688,14848,27360,16752,1543.0,928.0,1710.0,1047.0
705,Grand Prairie,1,23104,17184,24192,18064,1444.0,1074.0,1512.0,1129.0
706,Whitecourt,1,24048,16592,26576,18736,1503.0,1037.0,1661.0,1171.0
707,Banff,1,24183,18688,26720,21126,1511.4375,1168.0,1670.0,1320.375
708,Grand Cache,1,23088,17936,25136,20365,1443.0,1121.0,1571.0,1272.8125
709,Worsley,1,23104,14848,25072,17552,1444.0,928.0,1567.0,1097.0
710,Boyle,1,26112,16128,28160,17952,1632.0,1008.0,1760.0,1122.0
711,Cardston,1,26432,22160,29296,23200,1652.0,1385.0,1831.0,1450.0
712,Claresholm,1,25608,20736,28032,22549,1600.5,1296.0,1752.0,1409.3125
713,Taber,1,27888,21008,29760,22352,1743.0,1313.0,1860.0,1397.0
714,Regina,1,35036,21040,36016,21744,2189.75,1315.0,2251.0,1359.0
715,Saskatoon,1,33488,19088,34320,19904,2093.0,1193.0,2145.0,1244.0
716,Prince Albert,1,34368,17504,34960,18000,2148.0,1094.0,2185.0,1125.0
717,N. Battleford,1,31664,17936,32320,18656,1979.0,1121.0,2020.0,1166.0
718,La Ronge,1,34128,14880,36400,17072,2133.0,930.0,2275.0,1067.0
719,Tisdale,1,34752,16976,36512,18736,2172.0,1061.0,2282.0,1171.0
720,Nipawin,1,35568,14880,37440,17648,2223.0,930.0,2340.0,1103.0
721,Estevan,1,35168,20402,37504,23184,2198.0,1275.125,2344.0,1449.0
722,Yorkton,1,36272,19744,37490,20729,2267.0,1234.0,2343.125,1295.5625
723,Moose Jaw,1,33296,20846,35472,23184,2081.0,1302.875,2217.0,1449.0
724,Swift Current,1,30637,20547,33600,23184,1914.8125,1284.1875,2100.0,1449.0
725,Kindersley,1,30636,18480,32208,20868,1914.75,1155.0,2013.0,1304.25
726,Rosetown,1,31931,19104,33968,21364,1995.6875,1194.0,2123.0,1335.25
727,Meadow Lake,1,30672,16496,32352,18720,1917.0,1031.0,2022.0,1170.0
728,Rosthern,1,33632,17792,35072,19344,2102.0,1112.0,2192.0,1209.0
729,Humboldt,1,34224,18512,36560,20160,2139.0,1157.0,2285.0,1260.0
730,Archerwill,1,36064,17232,37408,19872,2254.0,1077.0,2338.0,1242.0
731,Davidson,1,33710,19664,36478,21289,2106.875,1229.0,2279.875,1330.5625
732,Radisson,1,32080,17888,33808,19488,2005.0,1118.0,2113.0,1218.0
733,Shellbrook,1,33120,16640,35264,18064,2070.0,1040.0,2204.0,1129.0
734,Shell Lake,1,31936,16368,33504,18000,1996.0,1023.0,2094.0,1125.0
735,Beauval,1,32128,14864,34576,16816,2008.0,929.0,2161.0,1051.0
736,La Loche,1,30688,14848,32880,16688,1918.0,928.0,2055.0,1043.0
737,Dawson,1,15568,8848,20128,12818,973.0,553.0,1258.0,801.125
738,Whitehorse,1,17776,13408,18597,14080,1111.0,838.0,1162.3125,880.0
739,Destruction Bay,1,15519,12110,18741,14944,969.9375,756.875,1171.3125,934.0
740,Ross River,1,18419,11440,21296,14389,1151.1875,715.0,1331.0,899.3125
741,Nahanni Butte,1,19950,11184,25920,14974,1246.875,699.0,1620.0,935.875
742,Yellowknife,1,24592,10912,28720,14848,1537.0,682.0,1795.0,928.0
743,Winnipeg,1,40608,21224,41296,21920,2538.0,1326.5,2581.0,1370.0
744,Brandon,1,37384,20384,40843,23200,2336.5,1274.0,2552.6875,1450.0
745,Dauphin,1,37366,18944,40393,21189,2335.375,1184.0,2524.5625,1324.3125
746,Swan River,1,37408,16640,40864,19248,2338.0,1040.0,2554.0,1203.0
747,Peguis,1,40080,18608,44304,21450,2505.0,1163.0,2769.0,1340.625
748,Steinbach,1,40144,20702,42706,23200,2509.0,1293.875,2669.125,1450.0
749,Snow Lake,1,37408,13520,42192,17056,2338.0,845.0,2637.0,1066.0
750,Shamattawa,1,44816,13376,48670,18528,2801.0,836.0,3041.875,1158.0
751,Thompson,1,41648,13744,45344,17392,2603.0,859.0,2834.0,1087.0
752,Grand Rapids,1,40144,16144,45072,18768,2509.0,1009.0,2817.0,1173.0
753,La Brochet,1,37440,9990,42142,14320,2340.0,624.375,2633.875,895.0
754,Whale Cove,10,46882,4415,82458,15479,2930.125,275.9375,5153.625,967.4375
755,Baker Lake,5,41596,6362,54462,14112,2599.75,397.625,3403.875,882.0
756,Toronto,1,55056,28592,55921,29466,3441.0,1787.0,3495.0625,1841.625
757,Sudbury,1,53680,25504,54448,26128,3355.0,1594.0,3403.0,1633.0
758,Thunder Bay,1,46560,23440,47581,24518,2910.0,1465.0,2973.8125,1532.375
759,Moosonee,1,51888,18229,55137,22672,3243.0,1139.3125,3446.0625,1417.0
760,Timmins,1,53232,23168,54048,23952,3327.0,1448.0,3378.0,1497.0
761,New York,2,59360,31888,61452,32685,3710.0,1993.0,3840.75,2042.8125
762,Boston,1,61840,30052,62520,30843,3865.0,1878.25,3907.5,1927.6875
763,Fort Severn,1,45600,16174,51291,19552,2850.0,1010.875,3205.6875,1222.0
764,Winisk,1,50912,17861,52230,19217,3182.0,1116.3125,3264.375,1201.0625
765,Wabitigweyaang,1,42517,18240,47344,20803,2657.3125,1140.0,2959.0,1300.1875
766,Ignance,1,44416,21910,47648,24240,2776.0,1369.375,2978.0,1515.0
767,Kenora,1,42592,20091,45629,23776,2662.0,1255.6875,2851.8125,1486.0
768,Nipigon,1,47216,21269,50176,23720,2951.0,1329.3125,3136.0,1482.5
769,Sault Ste. Marie,1,51181,24928,53952,26425,3198.8125,1558.0,3372.0,1651.5625
770,North Bay,1,53503,24976,56254,27464,3343.9375,1561.0,3515.875,1716.5
771,Kawartha Lakes,1,54899,27568,57170,28965,3431.1875,1723.0,3573.125,1810.3125
772,Ottawa,1,56576,27305,59019,28939,3536.0,1706.5625,3688.6875,1808.6875
773,Huntsville,1,54899,26400,57634,27763,3431.1875,1650.0,3602.125,1735.1875
774,Hamilton (ON),1,52770,27197,55468,30956,3298.125,1699.8125,3466.75,1934.75
775,Montréal,1,59136,26736,60032,27492,3696.0,1671.0,3752.0,1718.25
776,Engelhart,1,53840,23520,55056,25440,3365.0,1470.0,3441.0,1590.0
777,Gogama,1,52480,23808,54224,25728,3280.0,1488.0,3389.0,1608.0
778,Cochrane,1,52784,22128,55072,23632,3299.0,1383.0,3442.0,1477.0
779,Wawa,1,50837,22928,53312,25410,3177.3125,1433.0,3332.0,1588.125
780,Hearst,1,50529,19090,53120,23136,3158.0625,1193.125,3320.0,1446.0
781,Geraldton (ON),1,49727,21359,52000,24231,3107.9375,1334.9375,3250.0,1514.4375
782,Fort Hope,1,48112,18960,51531,21634,3007.0,1185.0,3220.6875,1352.125
783,Sioux Lookout,1,44665,19344,48592,22301,2791.5625,1209.0,3037.0,1393.8125
784,Québec,1,61104,24688,62344,25867,3819.0,1543.0,3896.5,1616.6875
785,Saguenay,1,61040,21200,65257,25444,3815.0,1325.0,4078.5625,1590.25
786,Sherbrooke,1,59020,26673,62352,27872,3688.75,1667.0625,3897.0,1742.0
787,Victoriaville,1,60688,25151,62944,27168,3793.0,1571.9375,3934.0,1698.0
788,Shawinigan,1,59344,25024,61670,27218,3709.0,1564.0,3854.375,1701.125
789,Rouyn-Noranda,1,55056,22784,57696,24864,3441.0,1424.0,3606.0,1554.0
790,Saint-Jérôme,1,56930,25696,59744,27574,3558.125,1606.0,3734.0,1723.375
791,La Tuque,1,59344,21744,61648,25280,3709.0,1359.0,3853.0,1580.0
792,Rimouski,1,63809,22990,65168,24096,3988.0625,1436.875,4073.0,1506.0
793,Val-d'Or,1,57408,23616,58384,24464,3588.0,1476.0,3649.0,1529.0
794,Kipawa,1,55040,24512,57664,26797,3440.0,1532.0,3604.0,1674.8125
795,La Sarre,1,55008,20550,58352,23184,3438.0,1284.375,3647.0,1449.0
796,Kitcisakik,1,56912,24016,59696,26224,3557.0,1501.0,3731.0,1639.0
797,Salluit,1,60198,13614,66976,17024,3762.375,850.875,4186.0,1064.0
798,Sakami,1,58550,15913,63664,21664,3659.375,994.5625,3979.0,1354.0
799,Happy Valley-Goose Bay,1,67918,15501,73433,21622,4244.875,968.8125,4589.5625,1351.375
800,Sept-Îles,1,63824,19904,70299,22715,3989.0,1244.0,4393.6875,1419.6875
801,Kuujjuaq,1,64752,15755,69264,20144,4047.0,984.6875,4329.0,1259.0
802,Mistissini,1,62128,20320,64032,21456,3883.0,1270.0,4002.0,1341.0
803,Eastmain,1,56099,18456,61296,22384,3506.1875,1153.5,3831.0,1399.0
804,Caniapiscau,1,62912,16272,67488,20864,3932.0,1017.0,4218.0,1304.0
805,Aklavik,1,18832,6739,25579,12688,1177.0,421.1875,1598.6875,793.0
806,Old Crow,1,15537,5868,20649,10944,971.0625,366.75,1290.5625,684.0
807,Fort Reliance,1,30544,9361,33984,14880,1909.0,585.0625,2124.0,930.0
808,Snowdrift,1,28144,10576,31216,14864,1759.0,661.0,1951.0,929.0
809,Bathurst Inlet,1,32464,9314,37567,14896,2029.0,582.125,2347.9375,931.0
810,Coppermine,1,24304,8524,31416,11552,1519.0,532.75,1963.5,722.0
811,Philadelphia,1,58032,33248,58640,33856,3627.0,2078.0,3665.0,2116.0
812,Washington,1,57152,33967,57931,35029,3572.0,2122.9375,3620.6875,2189.3125
813,Pittsburgh,1,54224,32240,55840,33600,3389.0,2015.0,3490.0,2100.0
814,Rochester (NY),1,55132,29533,57504,31360,3445.75,1845.8125,3594.0,1960.0
815,Baltimore,1,56704,32816,58224,34336,3544.0,2051.0,3639.0,2146.0
816,Johnstown,1,55648,32336,57104,33920,3478.0,2021.0,3569.0,2120.0
817,Princeton,1,58496,32176,59719,33774,3656.0,2011.0,3732.4375,2110.875
818,Harrisburg,1,56928,32112,58784,33376,3558.0,2007.0,3674.0,2086.0
819,Scranton,1,58128,31280,59712,32464,3633.0,1955.0,3732.0,2029.0
820,Syracuse,1,57306,29150,59520,30528,3581.625,1821.875,3720.0,1908.0
821,Binghamton,1,57408,30368,58928,31472,3588.0,1898.0,3683.0,1967.0
822,Providence,1,61040,30640,63111,31714,3815.0,1915.0,3944.4375,1982.125
823,Worcester,1,60032,29600,61888,30688,3752.0,1850.0,3868.0,1918.0
824,Hartford,1,59776,29760,61456,31296,3736.0,1860.0,3841.0,1956.0
825,New Haven,1,59504,31168,61232,32052,3719.0,1948.0,3827.0,2003.25
826,Atlantic City,1,57823,33600,59538,35947,3613.9375,2100.0,3721.125,2246.6875
827,Erie,1,54304,30203,55792,32512,3394.0,1887.6875,3487.0,2032.0
828,Lewisburg,1,56832,30800,58256,32256,3552.0,1925.0,3641.0,2016.0
829,State College,1,55536,31008,57280,32560,3471.0,1938.0,3580.0,2035.0
830,Bangor,1,62560,25056,65344,28665,3910.0,1566.0,4084.0,1791.5625
831,Portland (ME),1,61088,26880,63647,29424,3818.0,1680.0,3977.9375,1839.0
832,Manchester (NH),1,60304,28752,62645,30173,3769.0,1797.0,3915.3125,1885.8125
833,Albany (NY),1,59472,29440,60048,30064,3717.0,1840.0,3753.0,1879.0
834,Kingston (NY),1,58672,29904,60080,31456,3667.0,1869.0,3755.0,1966.0
835,Burlington,1,59248,27824,61248,29680,3703.0,1739.0,3828.0,1855.0
836,Watertown,1,57875,27733,59856,29376,3617.1875,1733.3125,3741.0,1836.0
837,Miami,1,54400,45702,54977,46540,3400.0,2856.375,3436.0625,2908.75
838,Atlanta,1,51184,38864,51808,39472,3199.0,2429.0,3238.0,2467.0
839,Jacksonville,1,53296,41980,53919,42640,3331.0,2623.75,3369.9375,2665.0
840,New Orleans,1,46609,42576,47555,43439,2913.0625,2661.0,2972.1875,2714.9375
841,Lafayette (LA),1,43668,41728,46914,43678,2729.25,2608.0,2932.125,2729.875
842,Shreveport,1,43584,40075,45931,41968,2724.0,2504.6875,2870.6875,2623.0
843,Jackson,1,45637,39713,47280,41472,2852.3125,2482.0625,2955.0,2592.0
844,Oxford,1,45965,38189,48096,40144,2872.8125,2386.8125,3006.0,2509.0
845,Hattiesburg,1,45806,41134,47792,42747,2862.875,2570.875,2987.0,2671.6875
846,Huntsville (AL),1,47856,38240,50048,39584,2991.0,2390.0,3128.0,2474.0
847,Birmingham (AL),1,47792,39360,50016,40752,2987.0,2460.0,3126.0,2547.0
848,Montgomery,1,48480,40608,49216,41312,3030.0,2538.0,3076.0,2582.0
849,Meridian,1,47120,39904,48736,41504,2945.0,2494.0,3046.0,2594.0
850,Athens (GA),1,51472,38288,53152,39776,3217.0,2393.0,3322.0,2486.0
851,Marietta,1,49824,38272,51536,39568,3114.0,2392.0,3221.0,2473.0
852,Macon,1,51424,39360,53456,40944,3214.0,2460.0,3341.0,2559.0
853,Savannah,1,52720,40144,54266,42115,3295.0,2509.0,3391.625,2632.1875
854,Columbus (GA),1,49840,39344,51600,41088,3115.0,2459.0,3225.0,2568.0
855,Dothan,1,49008,40448,50864,41856,3063.0,2528.0,3179.0,2616.0
856,Tallahassee,1,50178,41648,52048,43080,3136.125,2603.0,3253.0,2692.5
857,Fredericton,1,63728,24127,66247,27576,3983.0,1507.9375,4140.4375,1723.5
858,Moncton,1,65792,24106,68046,27504,4112.0,1506.625,4252.875,1719.0
859,Yarmouth,1,65993,26576,69208,29312,4124.5625,1661.0,4325.5,1832.0
860,New Glasgow,1,67680,25183,71193,27757,4230.0,1573.9375,4449.5625,1734.8125
861,Valdosta,1,51760,40848,53360,42688,3235.0,2553.0,3335.0,2668.0
862,Albany (GA),1,50672,40464,52224,41824,3167.0,2529.0,3264.0,2614.0
863,Gainesville,1,51858,42353,54367,44048,3241.125,2647.0625,3397.9375,2753.0
864,Orlando,1,53520,43763,54978,45936,3345.0,2735.1875,3436.125,2871.0
865,Tampa,1,52652,43863,53920,45749,3290.75,2741.4375,3370.0,2859.3125
866,Fort Myers,1,53166,45280,54981,47293,3322.875,2830.0,3436.3125,2955.8125
867,Mobile,1,47628,41152,49379,42492,2976.75,2572.0,3086.1875,2655.75
868,Panama City,1,49246,41472,50656,42618,3077.875,2592.0,3166.0,2663.625
869,Tijuana,1,24951,40560,25600,41184,1559.4375,2535.0,1600.0,2574.0
870,Ensenada,1,25104,40281,27264,42049,1569.0,2517.5625,1704.0,2628.0625
871,La Suerte,1,25598,41622,26987,43056,1599.875,2601.375,1686.6875,2691.0
872,San Ignacio,1,26644,44028,29262,46371,1665.25,2751.75,1828.875,2898.1875
873,Punta Prieta,2,26027,42724,27965,44359,1626.6875,2670.25,1747.8125,2772.4375
874,La Paz (MX),1,28944,47407,31201,49526,1809.0,2962.9375,1950.0625,3095.375
875,Loreto,1,28344,45891,30020,47888,1771.5,2868.1875,1876.25,2993.0
876,Chihuahua,1,33232,42896,33984,43632,2077.0,2681.0,2124.0,2727.0
877,Hermosillo,1,29648,42864,30672,43712,1853.0,2679.0,1917.0,2732.0
878,Monterey,1,37248,46128,37824,46688,2328.0,2883.0,2364.0,2918.0
879,Mazatlan,1,32106,48448,32976,49465,2006.625,3028.0,2061.0,3091.5625
880,Mérida,1,44787,50626,45440,51184,2799.1875,3164.125,2840.0,3199.0
881,Veracruz,1,40048,52752,40661,53376,2503.0,3297.0,2541.3125,3336.0
882,Mexico City,1,37872,52064,38576,52768,2367.0,3254.0,2411.0,3298.0
883,Acapulco,1,37375,54480,38112,55060,2335.9375,3405.0,2382.0,3441.25
884,Tepic,1,32542,48848,35408,51054,2033.875,3053.0,2213.0,3190.875
885,San Luis Potosi,1,35568,49056,36528,49840,2223.0,3066.0,2283.0,3115.0
886,Tampico,1,35296,48560,38809,50592,2206.0,3035.0,2425.5625,3162.0
887,Puerto Vallarta,1,32815,50720,35296,53111,2050.9375,3170.0,2206.0,3319.4375
888,Guadalajara,1,34784,50560,35600,51664,2174.0,3160.0,2225.0,3229.0
889,Irapuato,1,35488,50240,37168,51920,2218.0,3140.0,2323.0,3245.0
890,Poza Rica,1,37920,49985,40024,51904,2370.0,3124.0625,2501.5,3244.0
891,Xalapa Enríquez,1,38272,51633,40441,53056,2392.0,3227.0625,2527.5625,3316.0
892,Escárcega,1,43344,52327,45440,54752,2709.0,3270.4375,2840.0,3422.0
893,Chilpancingo,1,37024,52944,38544,54656,2314.0,3309.0,2409.0,3416.0
894,San Juan del Río,1,37024,50128,38320,52320,2314.0,3133.0,2395.0,3270.0
895,Morelia,1,35824,51680,37984,53216,2239.0,3230.0,2374.0,3326.0
896,Colima,1,34106,51600,36288,54057,2131.625,3225.0,2268.0,3378.5625
897,Petatlán,1,35916,53120,37680,54835,2244.75,3320.0,2355.0,3427.1875
898,San Marcos,1,37809,53680,39728,55561,2363.0625,3355.0,2483.0,3472.5625
899,Córdoba (MX),1,37856,52640,40336,54144,2366.0,3290.0,2521.0,3384.0
900,Oaxaca,1,38849,54656,40964,55944,2428.0625,3416.0,2560.25,3496.5
901,Villahermosa,1,41504,53102,43824,54432,2594.0,3318.875,2739.0,3402.0
902,Coatzacoalcos,1,40192,53079,41712,54544,2512.0,3317.4375,2607.0,3409.0
903,Tuxtepec,1,39536,53712,41984,55040,2471.0,3357.0,2624.0,3440.0
904,Tuxtla Gutiérrez,1,40736,54800,43168,57387,2546.0,3425.0,2698.0,3586.6875
905,Palenque,1,41872,54096,44368,55472,2617.0,3381.0,2773.0,3467.0
906,Campeche,1,44077,50689,45248,52752,2754.8125,3168.0625,2828.0,3297.0
907,Cancún,1,45286,50352,47175,51785,2830.375,3147.0,2948.4375,3236.5625
908,Valladolid (MX),1,45040,50976,46696,52606,2815.0,3186.0,2918.5,3287.875
909,Chetumal,1,44672,52320,46516,54288,2792.0,3270.0,2907.25,3393.0
910,Elfin Cove,1,15332,14944,18304,17517,958.25,934.0,1144.0,1094.8125
911,Benito Juárez,1,32128,41240,34234,43088,2008.0,2577.5,2139.625,2693.0
912,Caborca,1,27060,40287,30224,43392,1691.25,2517.9375,1889.0,2712.0
913,Navojoa,1,28413,43105,31104,45969,1775.8125,2694.0625,1944.0,2873.0625
914,Los Mochis,1,30364,45072,32528,47379,1897.75,2817.0,2033.0,2961.1875
915,Culiacán Rosales,1,31154,46272,32976,48861,1947.125,2892.0,2061.0,3053.8125
916,Delicias,1,33504,42517,35440,44592,2094.0,2657.3125,2215.0,2787.0
917,Ures,1,29584,41296,32320,43312,1849.0,2581.0,2020.0,2707.0
918,Ciudad Cuauhtémoc,1,31840,42864,33696,44624,1990.0,2679.0,2106.0,2789.0
919,Creel,1,30432,43152,32560,45184,1902.0,2697.0,2035.0,2824.0
920,Piedras Negras,1,34930,42192,37387,44480,2183.125,2637.0,2336.6875,2780.0
921,Monclova,1,35840,44132,37897,46288,2240.0,2758.25,2368.5625,2893.0
922,Reynosa,1,37648,45625,39406,47518,2353.0,2851.5625,2462.875,2969.875
923,Ciudad Victoria,1,37232,46576,39010,48839,2327.0,2911.0,2438.125,3052.4375
924,Saltillo,1,35824,45712,37376,47376,2239.0,2857.0,2336.0,2961.0
925,Matehuala,1,36032,47120,37712,49232,2252.0,2945.0,2357.0,3077.0
926,Fresnillo,1,34336,47216,36336,50112,2146.0,2951.0,2271.0,3132.0
927,Torreón,1,34128,45760,35984,47424,2133.0,2860.0,2249.0,2964.0
928,Durango,1,32704,47280,34544,49312,2044.0,2955.0,2159.0,3082.0
929,Hidalgo del Parral,1,31904,44240,34336,46048,1994.0,2765.0,2146.0,2878.0
930,El Hundido,1,34176,44144,36464,46064,2136.0,2759.0,2279.0,2879.0
931,Rodeo,1,32496,45728,34528,47440,2031.0,2858.0,2158.0,2965.0
932,Belize City,1,44704,54965,45458,55888,2794.0,3435.3125,2841.125,3493.0
933,Belmopan,1,42528,54146,45859,56720,2658.0,3384.125,2866.1875,3545.0
934,Guatemala,1,42273,56304,44688,58083,2642.0625,3519.0,2793.0,3630.1875
935,San Pedro Sula,1,44000,55632,46192,57376,2750.0,3477.0,2887.0,3586.0
936,San Miguel,1,43990,57248,45824,58374,2749.375,3578.0,2864.0,3648.375
937,San Jose,1,45870,59088,47532,61747,2866.875,3693.0,2970.75,3859.1875
938,Managua,1,45174,57412,48284,60196,2823.375,3588.25,3017.75,3762.25
939,Tegucigalpa,1,45270,56240,48464,58608,2829.375,3515.0,3029.0,3663.0
940,La Palma,1,49355,61067,50224,62605,3084.6875,3816.6875,3139.0,3912.8125
941,David,1,46987,60395,49069,62526,2936.6875,3774.6875,3066.8125,3907.875
942,Havanna,1,53201,48871,54154,49380,3325.0625,3054.4375,3384.625,3086.25
943,Pinar del Río,1,51977,48900,53474,49975,3248.5625,3056.25,3342.125,3123.4375
944,Cienfuegos,1,53787,48883,55687,50287,3361.6875,3055.1875,3480.4375,3142.9375
945,Camagüey,1,56040,50014,57690,51018,3502.5,3125.875,3605.625,3188.625
946,Santa Clara,1,55168,49121,56801,50289,3448.0,3070.0625,3550.0625,3143.0625
947,Santiago d. C.,1,57399,51024,57872,51544,3587.4375,3189.0,3617.0,3221.5
948,Rio Branco,1,56160,71728,58096,73776,3510.0,4483.0,3631.0,4611.0
949,Guantánamo,1,57568,50419,59031,51656,3598.0,3151.1875,3689.4375,3228.5
950,Bayamo,1,56510,50720,57696,51513,3531.875,3170.0,3606.0,3219.5625
951,Santo Domingo,1,61648,52352,62296,53041,3853.0,3272.0,3893.5,3315.0625
952,Higüey,1,61328,51837,62962,53008,3833.0,3239.8125,3935.125,3313.0
953,Azua,1,60528,52112,61879,53117,3783.0,3257.0,3867.4375,3319.8125
954,Port-au-Prince,2,58783,52303,61197,53448,3673.9375,3268.9375,3824.8125,3340.5
955,San Juan,1,63461,52684,64808,53380,3966.3125,3292.75,4050.5,3336.25
956,Kingston,1,56983,52555,57969,53310,3561.4375,3284.6875,3623.0625,3331.875
957,Montego Bay,1,55775,52479,57305,53433,3485.9375,3279.9375,3581.5625,3339.5625
958,Bogota,1,51648,63120,52224,63680,3228.0,3945.0,3264.0,3980.0
959,Barranquilla,1,51651,58504,52364,59088,3228.1875,3656.5,3272.75,3693.0
960,Medellín,1,50624,61840,51200,62432,3164.0,3865.0,3200.0,3902.0
961,Pasto,1,49856,64880,50528,65536,3116.0,4055.0,3158.0,4096.0
962,La Pedrera,1,54496,66096,56112,68962,3406.0,4131.0,3507.0,4310.125
963,Pacoa,1,53296,65456,55168,67504,3331.0,4091.0,3448.0,4219.0
964,Mitú,1,54352,64112,57019,66352,3397.0,4007.0,3563.6875,4147.0
965,Puerto Iñírida,1,56816,63872,57712,64861,3551.0,3992.0,3607.0,4053.8125
966,La Primavera,1,54336,61104,57424,62816,3396.0,3819.0,3589.0,3926.0
967,Valledupar,1,52080,57447,54709,60128,3255.0,3590.4375,3419.3125,3758.0
968,Manizales,1,49927,62160,51856,63728,3120.4375,3885.0,3241.0,3983.0
969,Cali,1,49821,63300,51120,64992,3113.8125,3956.25,3195.0,4062.0
970,Tumaco,1,48911,64239,50144,65872,3056.9375,4014.9375,3134.0,4117.0
971,Florencia,1,50096,64704,51600,66112,3131.0,4044.0,3225.0,4132.0
972,Puerto Leguizamo,1,50960,64960,53840,67360,3185.0,4060.0,3365.0,4210.0
973,Neiva,1,50800,63376,52800,65104,3175.0,3961.0,3300.0,4069.0
974,Tunja,1,51600,61792,53008,63456,3225.0,3862.0,3313.0,3966.0
975,San José del Guaviare,1,51728,63664,54832,65568,3233.0,3979.0,3427.0,4098.0
976,Montería,1,50502,58653,52336,61104,3156.375,3665.8125,3271.0,3819.0
977,Bucaramanga,1,52160,59792,54528,61616,3260.0,3737.0,3408.0,3851.0
978,Turbo,1,49734,60459,51328,62288,3108.375,3778.6875,3208.0,3893.0
979,Puerto Berrio,1,51040,60848,52752,62288,3190.0,3803.0,3297.0,3893.0
980,Yopal,1,52640,62448,55088,64176,3290.0,3903.0,3443.0,4011.0
981,Espinar,1,53088,74935,54953,76320,3318.0,4683.4375,3434.5625,4770.0
982,Cumaribo,1,54672,62096,57456,64512,3417.0,3881.0,3591.0,4032.0
983,Boavita,1,52672,61440,54608,62624,3292.0,3840.0,3413.0,3914.0
984,Quito,1,49024,65984,49600,66512,3064.0,4124.0,3100.0,4157.0
985,Nueva Loja,1,49312,65488,51120,66944,3082.0,4093.0,3195.0,4184.0
986,Guayaquil,1,47491,67408,49680,68596,2968.1875,4213.0,3105.0,4287.25
987,Manta,1,47578,66623,49136,67921,2973.625,4163.9375,3071.0,4245.0625
988,Ambato,1,48688,66400,50640,67760,3043.0,4150.0,3165.0,4235.0
989,Esmeraldas,1,47807,65144,49504,66750,2987.9375,4071.5,3094.0,4171.875
990,Cuenca (EC),1,47880,68160,50016,69808,2992.5,4260.0,3126.0,4363.0
991,Lononaco,1,50592,66080,52640,67616,3162.0,4130.0,3290.0,4226.0
992,Puerto Pardo,1,49440,67408,50864,69168,3090.0,4213.0,3179.0,4323.0
993,Boca,1,51872,66688,53456,68448,3242.0,4168.0,3341.0,4278.0
994,Merritt,1,20294,21488,22176,23213,1268.375,1343.0,1386.0,1450.8125
995,Carcross,1,17408,13825,20092,14996,1088.0,864.0625,1255.75,937.25
996,Tarapoto,1,50304,69936,52336,71392,3144.0,4371.0,3271.0,4462.0
997,Lima,1,50104,73776,50928,74488,3131.5,4611.0,3183.0,4655.5
998,Piura,1,47370,68867,48848,71239,2960.625,4304.1875,3053.0,4452.4375
999,Chiclayo,1,48267,70480,49920,72322,3016.6875,4405.0,3120.0,4520.125
1000,Trujillo,1,49199,72048,49984,72900,3074.9375,4503.0,3124.0,4556.25
1001,Chincha Alta,1,50384,74144,52736,75813,3149.0,4634.0,3296.0,4738.3125
1002,Tacna,1,53432,76544,56624,78460,3339.5,4784.0,3539.0,4903.75
1003,Arequipa,1,53712,76048,54416,76624,3357.0,4753.0,3401.0,4789.0
1004,Puno,1,54246,74880,56544,77008,3390.375,4680.0,3534.0,4813.0
1005,P. Maldonado,1,55360,74368,56032,75024,3460.0,4648.0,3502.0,4689.0
1006,Cusco,1,53296,74520,53874,75152,3331.0,4657.5,3367.125,4697.0
1007,Ayacucho,1,51840,73149,53654,74992,3240.0,4571.8125,3353.375,4687.0
1008,Huancayo,1,50752,72848,52592,74336,3172.0,4553.0,3287.0,4646.0
1009,Alerta,1,53198,72720,55344,74032,3324.875,4545.0,3459.0,4627.0
1010,Tocache,1,50656,71184,52224,73264,3166.0,4449.0,3264.0,4579.0
1011,Jaén (PE),1,48688,69072,50544,70832,3043.0,4317.0,3159.0,4427.0
1012,Lagunas,1,50336,68528,52752,70112,3146.0,4283.0,3297.0,4382.0
1013,Nauta,1,52048,69424,53456,71742,3253.0,4339.0,3341.0,4483.875
1014,Pucallpa,1,51792,71184,53634,73284,3237.0,4449.0,3352.125,4580.25
1015,Pebas,1,53040,67328,55456,69259,3315.0,4208.0,3466.0,4328.6875
1016,Nasca,1,51215,74832,53296,76750,3200.9375,4677.0,3331.0,4796.875
1017,Maracaibo,1,53904,58357,54473,59334,3369.0,3647.3125,3404.5625,3708.375
1018,Valera,1,54308,59088,56448,60032,3394.25,3693.0,3528.0,3752.0
1019,San Cristóbal,1,53664,59984,54352,60608,3354.0,3749.0,3397.0,3788.0
1020,Barquisimeto,1,55632,58784,56240,59312,3477.0,3674.0,3515.0,3707.0
1021,Valencia (VE),1,56144,58702,58144,59632,3509.0,3668.875,3634.0,3727.0
1022,Caracas,1,57518,58637,58441,59168,3594.875,3664.8125,3652.5625,3698.0
1023,Cumaná,1,58960,58555,61671,59920,3685.0,3659.6875,3854.4375,3745.0
1024,Maturín,1,60448,59216,61040,59776,3778.0,3701.0,3815.0,3736.0
1025,Ciudad Bolívar,1,60896,59134,63049,61104,3806.0,3695.875,3940.5625,3819.0
1026,Calabozo,1,57040,59376,58384,60960,3565.0,3711.0,3649.0,3810.0
1027,Canaima,1,60272,60736,62656,62368,3767.0,3796.0,3916.0,3898.0
1028,Urimán,1,60080,61792,62464,63360,3755.0,3862.0,3904.0,3960.0
1029,Firiña,1,58560,61664,60736,63248,3660.0,3854.0,3796.0,3953.0
1030,Zaraza,1,58096,58630,59744,60672,3631.0,3664.375,3734.0,3792.0
1031,Guarataro,1,59344,59680,61072,61872,3709.0,3730.0,3817.0,3867.0
1032,San Juan de Manapiare,1,57104,62208,58736,63408,3569.0,3888.0,3671.0,3963.0
1033,Tamatama,1,57328,63136,58656,64592,3583.0,3946.0,3666.0,4037.0
1034,La Esmeralda,1,58512,63184,59923,65028,3657.0,3949.0,3745.1875,4064.25
1035,Bruno,1,57562,64128,59832,65537,3597.625,4008.0,3739.5,4096.0625
1036,Machiques,1,53296,57934,54608,61056,3331.0,3620.875,3413.0,3816.0
1037,Barinas,1,54400,59776,56448,61248,3400.0,3736.0,3528.0,3828.0
1038,Arismendi,1,56272,59488,57376,60992,3517.0,3718.0,3586.0,3812.0
1039,Elorza,1,54992,60624,57040,61568,3437.0,3789.0,3565.0,3848.0
1040,Maripa,1,57904,60368,59600,61792,3619.0,3773.0,3725.0,3862.0
1041,Parguaza,1,56528,60896,58656,62352,3533.0,3806.0,3666.0,3897.0
1042,Paramaribo,1,65772,61867,66592,62528,4110.75,3866.6875,4162.0,3908.0
1043,Georgetown,1,62368,60048,65065,62400,3898.0,3753.0,4066.5625,3900.0
1044,Cayenne,1,66428,61870,69028,63440,4151.75,3866.875,4314.25,3965.0
1045,Bienvenue,1,66624,62992,68864,64896,4164.0,3937.0,4304.0,4056.0
1046,Lelydorp,1,65520,62368,67328,63712,4095.0,3898.0,4208.0,3982.0
1047,Apetina,1,64896,63344,66976,64688,4056.0,3959.0,4186.0,4043.0
1048,Kwakwani,1,63824,61862,65908,63152,3989.0,3866.375,4119.25,3947.0
1049,Kumaka,1,62976,62816,65568,64112,3936.0,3926.0,4098.0,4007.0
1050,Baramita,1,61904,61248,63936,62960,3869.0,3828.0,3996.0,3935.0
1051,Dadanawa,1,63024,63856,65168,65216,3939.0,3991.0,4073.0,4076.0
1052,Nuuk,1,73643,6399,85169,16595,4602.6875,399.9375,5323.0625,1037.1875
1053,Nicholls Town,1,55509,47103,56111,47936,3469.3125,2943.9375,3506.9375,2996.0
1054,Congo Town,2,55851,47583,56473,48185,3490.6875,2973.9375,3529.5625,3011.5625
1055,Nueva Gerona,1,53050,49781,53596,50270,3315.625,3111.3125,3349.75,3141.875
1056,Nassau,1,55792,47064,56313,47464,3487.0,2941.5,3519.5625,2966.5
1057,Hilo,1,12503,51719,13541,53440,781.4375,3232.4375,846.3125,3340.0
1058,Lahaina,4,11440,50618,12697,51556,715.0,3163.625,793.5625,3222.25
1059,Honululu,1,10668,49962,11377,50708,666.75,3122.625,711.0625,3169.25
1060,Lihue,2,9091,49384,10036,50119,568.1875,3086.5,627.25,3132.4375
1061,Johnston Atoll,1,2596,51995,3432,52648,162.25,3249.6875,214.5,3290.5
1062,Sand Island,1,333,41978,1081,42677,20.8125,2623.625,67.5625,2667.3125
1063,Eastern Island,1,1082,41945,1687,42420,67.625,2621.5625,105.4375,2651.25
1064,La Paz,1,56352,76496,56960,77056,3522.0,4781.0,3560.0,4816.0
1065,Coarí,1,55720,64561,58009,66112,3482.5,4035.0625,3625.5625,4132.0
1066,Içana,1,57248,65134,59376,67248,3578.0,4070.875,3711.0,4203.0
1067,Taraquá,1,56224,65600,56960,66336,3514.0,4100.0,3560.0,4146.0
1068,Benjamin Constant,1,53259,68386,56688,70720,3328.6875,4274.125,3543.0,4420.0
1069,Eirunepé,1,52670,70480,55712,73184,3291.875,4405.0,3482.0,4574.0
1070,Envira,1,54496,71200,56752,74432,3406.0,4450.0,3547.0,4652.0
1071,Jutaí,1,56048,67589,58192,70784,3503.0,4224.3125,3637.0,4424.0
1072,Pauini,1,55264,70320,58464,71904,3454.0,4395.0,3654.0,4494.0
1073,Boca do Acre,1,57872,70672,59600,73024,3617.0,4417.0,3725.0,4564.0
1074,Concórdia,1,57664,67720,59424,70832,3604.0,4232.5,3714.0,4427.0
1075,São Paulo de Olivença,1,55682,65952,57677,68579,3480.125,4122.0,3604.8125,4286.1875
1076,Manaus,1,62237,67828,63118,68582,3889.8125,4239.25,3944.875,4286.375
1077,Manicoré,1,61072,69536,61760,70256,3817.0,4346.0,3860.0,4391.0
1078,Itacoatiara,1,62756,67863,65220,69584,3922.25,4241.4375,4076.25,4349.0
1079,Urucará,1,62480,66112,64762,68218,3905.0,4132.0,4047.625,4263.625
1080,Moura,1,60632,66719,62676,68692,3789.5,4169.9375,3917.25,4293.25
1081,Barcelos,1,59774,64606,61436,67296,3735.875,4037.875,3839.75,4206.0
1082,Maraã,1,57574,66736,59376,68215,3598.375,4171.0,3711.0,4263.4375
1083,Tefé,1,59232,68222,60051,68928,3702.0,4263.875,3753.1875,4308.0
1084,Coari,1,59840,68292,61728,69728,3740.0,4268.25,3858.0,4358.0
1085,Borba,1,61443,68352,63488,69808,3840.1875,4272.0,3968.0,4363.0
1086,Novo Aripuanã,1,61472,69216,63072,70624,3842.0,4326.0,3942.0,4414.0
1087,Humaitá,1,60428,71040,61972,72765,3776.75,4440.0,3873.25,4547.8125
1088,Canutama,1,59376,70096,60800,71520,3711.0,4381.0,3800.0,4470.0
1089,Sumaúma,1,62689,71696,63276,72387,3918.0625,4481.0,3954.75,4524.1875
1090,Prainha,1,61456,70528,62826,72391,3841.0,4408.0,3926.625,4524.4375
1091,Miriti,1,63040,68928,64595,70750,3940.0,4308.0,4037.1875,4421.875
1092,Sucundurí,1,62672,70352,64037,72391,3917.0,4397.0,4002.3125,4524.4375
1093,Codajás,1,59220,66832,60832,68411,3701.25,4177.0,3802.0,4275.6875
1094,Boa Vista,1,62640,63072,63200,63696,3915.0,3942.0,3950.0,3981.0
1095,Tomar,1,58623,64779,60192,66976,3663.9375,4048.6875,3762.0,4186.0
1096,Porto Velho,1,59840,72448,60464,73188,3740.0,4528.0,3779.0,4574.25
1097,Cujubim,1,60297,72537,61599,73808,3768.5625,4533.5625,3849.9375,4613.0
1098,Jaru,1,59550,72944,61232,74224,3721.875,4559.0,3827.0,4639.0
1099,Cacoal,1,60944,73632,62528,75392,3809.0,4602.0,3908.0,4712.0
1100,São Francisco do Guaporé,1,59470,73792,61152,75008,3716.875,4612.0,3822.0,4688.0
1101,Abunã,1,58832,72544,60220,74716,3677.0,4534.0,3763.75,4669.75
1102,Caracaraí,1,61088,63616,63136,65280,3818.0,3976.0,3946.0,4080.0
1103,Macapá,1,68496,66048,69245,66672,4281.0,4128.0,4327.8125,4167.0
1104,Belém,1,70380,67416,71136,68224,4398.75,4213.5,4446.0,4264.0
1105,Santarém,1,66092,67744,66940,68434,4130.75,4234.0,4183.75,4277.125
1106,Marabá,1,69360,69760,70736,70560,4335.0,4360.0,4421.0,4410.0
1107,Parauapebas,1,68032,70192,70512,72512,4252.0,4387.0,4407.0,4532.0
1108,Itaituba,1,64062,68853,66096,71504,4003.875,4303.3125,4131.0,4469.0
1109,Matane,1,64624,22847,67662,24448,4039.0,1427.9375,4228.875,1528.0
1110,Rivière-du-Loup,1,62506,23642,64800,25840,3906.625,1477.625,4050.0,1615.0
1111,Cap-Haïtien,1,59377,51654,61798,52435,3711.0625,3228.375,3862.375,3277.1875
1112,Lisboa,1,50432,67184,52016,68800,3152.0,4199.0,3251.0,4300.0
1113,Cajamarca,1,49568,70768,51104,72512,3098.0,4423.0,3194.0,4532.0
1114,Chimbote,1,49448,72384,50864,74115,3090.5,4524.0,3179.0,4632.1875
1115,Shintuya,1,53396,73665,55552,75271,3337.25,4604.0625,3472.0,4704.4375
1116,Camaná,1,52126,75920,53936,77425,3257.875,4745.0,3371.0,4839.0625
1117,São Luís,1,73960,67921,74656,68576,4622.5,4245.0625,4666.0,4286.0
1118,Fortaleza,1,77968,68966,78626,69504,4873.0,4310.375,4914.125,4344.0
1119,Teresina,1,74784,70016,75424,70544,4674.0,4376.0,4714.0,4409.0
1120,Natal,1,80272,70652,80772,71154,5017.0,4415.75,5048.25,4447.125
1121,Pinheiro,1,72144,66795,74217,68688,4509.0,4174.6875,4638.5625,4293.0
1122,Imperatriz,1,70624,69376,72352,71520,4414.0,4336.0,4522.0,4470.0
1123,Balsas,1,70720,71264,73184,72608,4420.0,4454.0,4574.0,4538.0
1124,Corrente,1,71968,72544,73856,74357,4498.0,4534.0,4616.0,4647.3125
1125,Floriano,1,74368,70240,75888,71424,4648.0,4390.0,4743.0,4464.0
1126,Canto do Buriti,1,74528,70992,76432,72192,4658.0,4437.0,4777.0,4512.0
1127,Uruçuí,1,72880,70752,74688,72768,4555.0,4422.0,4668.0,4548.0
1128,São Raimundo Nonato,1,73747,72064,75504,73691,4609.1875,4504.0,4719.0,4605.6875
1129,Barra do Corda,1,73392,69632,75104,71024,4587.0,4352.0,4694.0,4439.0
1130,Bacabal,1,73344,68496,75136,69904,4584.0,4281.0,4696.0,4369.0
1131,Grajaú,1,72016,69792,73568,71456,4501.0,4362.0,4598.0,4466.0
1132,Buriticupu,1,71344,67824,73568,70064,4459.0,4239.0,4598.0,4379.0
1133,Sobral,1,76096,68366,78283,69744,4756.0,4272.875,4892.6875,4359.0
1134,Parnaíba,1,74448,67885,76358,69280,4653.0,4242.8125,4772.375,4330.0
1135,Piripiri,1,75024,68992,76512,70448,4689.0,4312.0,4782.0,4403.0
1136,Maracanaú,1,77344,69280,79321,70528,4834.0,4330.0,4957.5625,4408.0
1137,Mossoró,1,79040,69979,80798,71184,4940.0,4373.6875,5049.875,4449.0
1138,Caicó,1,77968,71152,79872,72704,4873.0,4447.0,4992.0,4544.0
1139,Parnamirim,1,79632,70896,80884,72176,4977.0,4431.0,5055.25,4511.0
1140,Crateús,1,75792,69440,77552,71248,4737.0,4340.0,4847.0,4453.0
1141,Picos,1,76304,70928,77760,72448,4769.0,4433.0,4860.0,4528.0
1142,Iguatu,1,77264,70304,79216,71760,4829.0,4394.0,4951.0,4485.0
1143,Juazeiro d. N.,1,77488,71696,78400,72592,4843.0,4481.0,4900.0,4537.0
1144,Morros,1,71184,72240,73328,73840,4449.0,4515.0,4583.0,4615.0
1145,Araguaína,1,69728,70320,71072,72304,4358.0,4395.0,4442.0,4519.0
1146,Miracema,1,70032,73424,70720,73984,4377.0,4589.0,4420.0,4624.0
1147,Alvorada,1,68640,74304,70448,75888,4290.0,4644.0,4403.0,4743.0
1148,Guarai,1,69568,72016,71568,73584,4348.0,4501.0,4473.0,4599.0
1149,Arraias,1,70240,74384,71715,75872,4390.0,4649.0,4482.1875,4742.0
1150,Pium,1,68656,72704,70480,74576,4291.0,4544.0,4405.0,4661.0
1151,Estrema,1,70416,73264,72123,74640,4401.0,4579.0,4507.6875,4665.0
1152,Recife,1,79424,73584,80078,74185,4964.0,4599.0,5004.875,4636.5625
1153,Campina Grande,1,79728,71616,80880,73487,4983.0,4476.0,5055.0,4592.9375
1154,Maceió,1,76956,73568,79680,75419,4809.75,4598.0,4980.0,4713.6875
1155,Ouricuri,1,75097,72048,77120,73437,4693.5625,4503.0,4820.0,4589.8125
1156,Salta,1,58720,82992,59360,83648,3670.0,5187.0,3710.0,5228.0
1157,Córdoba (AR),1,60288,86784,61040,87440,3768.0,5424.0,3815.0,5465.0
1158,Buenos Aires,1,63136,89488,63950,90096,3946.0,5593.0,3996.875,5631.0
1159,Mendoza,1,56384,87760,57088,88240,3524.0,5485.0,3568.0,5515.0
1160,Bahía Blanca,1,60976,92208,61584,92853,3811.0,5763.0,3849.0,5803.3125
1161,Mar del Plata,1,62333,89589,64787,92544,3895.8125,5599.3125,4049.1875,5784.0
1162,Tandil,1,60391,89872,63744,91759,3774.4375,5617.0,3984.0,5734.9375
1163,Calilegua,1,59024,80960,62608,83328,3689.0,5060.0,3913.0,5208.0
1164,Cafayate,1,56720,83200,58784,85584,3545.0,5200.0,3674.0,5349.0
1165,San Rafael,1,56432,88064,58972,89490,3527.0,5504.0,3685.75,5593.125
1166,La Reforma,1,56528,89200,59863,91069,3533.0,5575.0,3741.4375,5691.8125
1167,Santa Rosa,1,59729,90528,60624,91389,3733.0625,5658.0,3789.0,5711.8125
1168,Lusaka,1,118224,80000,119248,80976,7389.0,5000.0,7453.0,5061.0
1169,Urucu,1,59344,68848,60944,70208,3709.0,4303.0,3809.0,4388.0
1170,Lábrea,1,59344,71440,60624,72769,3709.0,4465.0,3789.0,4548.0625
1171,Meditação,1,60464,69648,61888,71056,3779.0,4353.0,3868.0,4441.0
1172,Bragança,1,70585,66500,72566,68176,4411.5625,4156.25,4535.375,4261.0
1173,Boate,1,70080,67776,72016,70112,4380.0,4236.0,4501.0,4382.0
1174,Tucuruí,1,68720,67856,70864,69920,4295.0,4241.0,4429.0,4370.0
1175,Primavera,1,67040,72016,69696,73232,4190.0,4501.0,4356.0,4577.0
1176,Cachimbo,1,64864,71680,67504,73184,4054.0,4480.0,4219.0,4574.0
1177,Airi,1,63597,70297,65520,72816,3974.8125,4393.5625,4095.0,4551.0
1178,Vitória (BR),1,66300,68072,68032,70144,4143.75,4254.5,4252.0,4384.0
1179,São Félix,1,66704,69392,69408,72224,4169.0,4337.0,4338.0,4514.0
1180,Natal (BR),1,65280,69520,67152,72016,4080.0,4345.0,4197.0,4501.0
1181,Alenquer,1,64756,66272,66864,68076,4047.25,4142.0,4179.0,4254.75
1182,Amapá,1,68192,63013,70358,66376,4262.0,3938.3125,4397.375,4148.5
1183,Cachorrinho,1,66992,64624,68958,67189,4187.0,4039.0,4309.875,4199.3125
1184,Tacalé,1,65536,64240,67280,66400,4096.0,4015.0,4205.0,4150.0
1185,Estrela,1,62192,64688,64080,66788,3887.0,4043.0,4005.0,4174.25
1186,Samaumeira,1,63616,65936,65728,67806,3976.0,4121.0,4108.0,4237.875
1187,Santa Maria do Boiaçu,1,60841,64857,62720,67374,3802.5625,4053.5625,3920.0,4210.875
1188,Monte Alegre,1,66496,66160,68438,68094,4156.0,4135.0,4277.375,4255.875
1189,São Marcos,1,61152,62400,63088,64032,3822.0,3900.0,3943.0,4002.0
1190,Fondlándia,1,64621,67799,66464,69536,4038.8125,4237.4375,4154.0,4346.0
1191,Muaná,1,69425,66221,71234,68029,4339.0625,4138.8125,4452.125,4251.8125
1192,Sousel,1,67664,67723,69072,69584,4229.0,4232.6875,4317.0,4349.0
1193,Akotipa,1,63856,64624,65824,66192,3991.0,4039.0,4114.0,4137.0
1194,Mazagão,1,68264,66190,69680,68176,4266.5,4136.875,4355.0,4261.0
1195,Amajari,1,59216,62992,61472,64977,3701.0,3937.0,3842.0,4061.0625
1196,Cochabamba,1,57968,77648,58624,78256,3623.0,4853.0,3664.0,4891.0
1197,Santa Cruz S.,1,60864,78368,61696,79104,3804.0,4898.0,3856.0,4944.0
1198,Trinidad,1,58640,75440,59648,76160,3665.0,4715.0,3728.0,4760.0
1199,Tarija,1,58608,79680,60736,81696,3663.0,4980.0,3796.0,5106.0
1200,Oruro,1,56592,77472,58208,79776,3537.0,4842.0,3638.0,4986.0
1201,Uyuni,1,56896,79104,58656,80960,3556.0,4944.0,3666.0,5060.0
1202,San Pablo,1,57312,80128,58784,81648,3582.0,5008.0,3674.0,5103.0
1203,Patacamaya,1,55792,76448,57344,78592,3487.0,4778.0,3584.0,4912.0
1204,Caranavi,1,56128,75936,57728,77168,3508.0,4746.0,3608.0,4823.0
1205,Rurrenabaque,1,56000,74688,58400,76080,3500.0,4668.0,3650.0,4755.0
1206,Sena,1,55712,73472,57936,74976,3482.0,4592.0,3621.0,4686.0
1207,Riberalta,1,57536,72800,59184,74640,3596.0,4550.0,3699.0,4665.0
1208,San Ramon,1,57920,74368,59979,75888,3620.0,4648.0,3748.6875,4743.0
1209,Casarabe,1,59300,74684,61536,77130,3706.25,4667.75,3846.0,4820.625
1210,El Puente,1,60336,76656,62400,78512,3771.0,4791.0,3900.0,4907.0
1211,San José de Chiquitos,1,61520,78128,64144,79872,3845.0,4883.0,4009.0,4992.0
1212,Camiri,1,60528,79808,62544,81952,3783.0,4988.0,3909.0,5122.0
1213,Curichi,1,62416,79552,63312,80544,3901.0,4972.0,3957.0,5034.0
1214,Valle Grande,1,59712,78416,61776,80336,3732.0,4901.0,3861.0,5021.0
1215,Sucre,1,58544,77008,60576,78896,3659.0,4813.0,3786.0,4931.0
1216,Potosí,1,57952,78144,60064,79888,3622.0,4884.0,3754.0,4993.0
1217,Arcopongo,1,57152,76000,58448,77968,3572.0,4750.0,3653.0,4873.0
1218,Chimoré,1,58112,75824,59990,77860,3632.0,4739.0,3749.375,4866.25
1219,Felicidad,1,60752,75312,62624,77216,3797.0,4707.0,3914.0,4826.0
1220,San Juan (BO),1,62192,76928,64480,78848,3887.0,4808.0,4030.0,4928.0
1221,Goiânia,1,68480,77088,69328,77792,4280.0,4818.0,4333.0,4862.0
1222,Cuiabá,1,65376,76032,66192,76800,4086.0,4752.0,4137.0,4800.0
1223,Sinop,1,65360,73856,66240,74608,4085.0,4616.0,4140.0,4663.0
1224,Formosa,1,70336,76736,71320,77513,4396.0,4796.0,4457.5,4844.5625
1225,Rodonópolis,1,64864,76640,67312,78576,4054.0,4790.0,4207.0,4911.0
1226,Cáceres (BR),1,63504,76256,65568,78208,3969.0,4766.0,4098.0,4888.0
1227,Nova Mutum,1,64832,74880,66400,76400,4052.0,4680.0,4150.0,4775.0
1228,Colíder,1,64752,72864,66240,74112,4047.0,4554.0,4140.0,4632.0
1229,Aripuanã,1,61360,72204,63624,73840,3835.0,4512.75,3976.5,4615.0
1230,Brasnorte,1,63824,73440,65472,74992,3989.0,4590.0,4092.0,4687.0
1231,Comodoro,1,62160,75088,63952,77024,3885.0,4693.0,3997.0,4814.0
1232,Tangará da Serra,1,63520,74672,65072,76448,3970.0,4667.0,4067.0,4778.0
1233,Xingu,1,65856,73024,67776,74624,4116.0,4564.0,4236.0,4664.0
1234,Confresa,1,67424,73184,69024,74656,4214.0,4574.0,4314.0,4666.0
1235,Sorriso,1,65120,74272,66960,75920,4070.0,4642.0,4185.0,4745.0
1236,Primavera do Leste,1,66096,75136,67904,77376,4131.0,4696.0,4244.0,4836.0
1237,Barra do Garças,1,67296,75792,69152,77280,4206.0,4737.0,4322.0,4830.0
1238,Rio Verde,1,66400,77072,68624,78832,4150.0,4817.0,4289.0,4927.0
1239,Catalão,1,68977,77952,70842,79702,4311.0625,4872.0,4427.625,4981.375
1240,Porangatu,1,68896,75632,70496,77120,4306.0,4727.0,4406.0,4820.0
1241,Anápolis,1,69056,76912,71139,78203,4316.0,4807.0,4446.1875,4887.6875
1242,Quirinópolis,1,66672,78352,69280,80035,4167.0,4897.0,4330.0,5002.1875
1243,Tanguro,1,66880,74480,67568,75328,4180.0,4655.0,4223.0,4708.0
1244,Queréncia,1,67488,74384,69056,76096,4218.0,4649.0,4316.0,4756.0
1245,Apiacás,1,63232,71391,65008,73600,3952.0,4461.9375,4063.0,4600.0
1246,Juína,1,62160,73424,63904,75232,3885.0,4589.0,3994.0,4702.0
1247,Porto Alegre,1,68064,86432,68728,86977,4254.0,5402.0,4295.5,5436.0625
1248,Curitiba,1,69504,84416,70032,84832,4344.0,5276.0,4377.0,5302.0
1249,Londrina,1,67760,82128,68224,82672,4235.0,5133.0,4264.0,5167.0
1250,Cascavel,1,66704,83168,67280,83712,4169.0,5198.0,4205.0,5232.0
1251,Pelotas,1,66160,87216,68160,89123,4135.0,5451.0,4260.0,5570.1875
1252,Gramado,1,67651,85696,69638,88144,4228.1875,5356.0,4352.375,5509.0
1253,Florianópolis,1,69312,84492,70392,86074,4332.0,5280.75,4399.5,5379.625
1254,Maringá,1,66272,81788,67856,82832,4142.0,5111.75,4241.0,5177.0
1255,Umuarama,1,66272,82624,67872,83632,4142.0,5164.0,4242.0,5227.0
1256,Ponta Grossa,1,68496,83264,70267,84627,4281.0,5204.0,4391.6875,5289.1875
1257,Guarapuava,1,67344,83168,68752,84672,4209.0,5198.0,4297.0,5292.0
1258,Pato Branco,1,66400,83296,67808,85040,4150.0,5206.0,4238.0,5315.0
1259,Apucarana,1,67680,82256,69008,83520,4230.0,5141.0,4313.0,5220.0
1260,Caçador,1,68240,84256,69664,85200,4265.0,5266.0,4354.0,5325.0
1261,Chapecó,1,67056,84464,68320,85536,4191.0,5279.0,4270.0,5346.0
1262,Santa Cruz do Sul,1,66816,85696,68464,87451,4176.0,5356.0,4279.0,5465.6875
1263,Santa Maria,1,65600,85648,67440,87536,4100.0,5353.0,4215.0,5471.0
1264,Alegrete,1,64272,85696,66192,87152,4017.0,5356.0,4137.0,5447.0
1265,Passo Fundo,1,67168,85504,67760,85920,4198.0,5344.0,4235.0,5370.0
1266,Santo Ângelo,1,65232,84912,67440,85952,4077.0,5307.0,4215.0,5372.0
1267,Lages,1,67696,85024,69344,85808,4231.0,5314.0,4334.0,5363.0
1268,Montevideo,1,64531,89360,65530,89927,4033.1875,5585.0,4095.625,5620.4375
1269,Melo,1,65264,87296,67074,88907,4079.0,5456.0,4192.125,5556.6875
1270,Rocha,1,65104,88576,67006,89958,4069.0,5536.0,4187.875,5622.375
1271,Durazno,1,63656,88096,65728,89725,3978.5,5506.0,4108.0,5607.8125
1272,Tacuarembó,1,63904,86624,65776,88320,3994.0,5414.0,4111.0,5520.0
1273,Campo Grande,1,65664,79856,66544,80608,4104.0,4991.0,4159.0,5038.0
1274,Dourados,1,65520,80496,67184,82272,4095.0,5031.0,4199.0,5142.0
1275,Miranda,1,63984,78816,65904,81136,3999.0,4926.0,4119.0,5071.0
1276,Coxim,1,64384,78144,66976,79984,4024.0,4884.0,4186.0,4999.0
1277,Água Clara,1,66384,79216,68195,81562,4149.0,4951.0,4262.1875,5097.625
1278,Asunción,1,64224,82720,65104,83584,4014.0,5170.0,4069.0,5224.0
1279,San Ignacio (PY),1,63808,83280,66352,84864,3988.0,5205.0,4147.0,5304.0
1280,Caaguazú,1,64896,81904,66688,83520,4056.0,5119.0,4168.0,5220.0
1281,Concepción,1,63856,80960,65744,82944,3991.0,5060.0,4109.0,5184.0
1282,Loma Plata,1,61744,80464,64064,82720,3859.0,5029.0,4004.0,5170.0
1283,São Paulo,1,70080,83008,70938,83862,4380.0,5188.0,4433.625,5241.375
1284,Campinas,1,68864,82448,70389,84238,4304.0,5153.0,4399.3125,5264.875
1285,Rio de Janeiro,1,72256,81920,72921,82477,4516.0,5120.0,4557.5625,5154.8125
1286,Montes Claros,1,72848,78496,73584,79184,4553.0,4906.0,4599.0,4949.0
1287,Vitória,1,74512,81312,75290,81955,4657.0,5082.0,4705.625,5122.1875
1288,Belo Horizonte,1,71936,79792,73520,81136,4496.0,4987.0,4595.0,5071.0
1289,Ipatinga,1,73280,79568,74880,81168,4580.0,4973.0,4680.0,5073.0
1290,Bocaiúva,1,72192,78592,74000,80288,4512.0,4912.0,4625.0,5018.0
1291,Linhares,1,74048,80592,75677,81733,4628.0,5037.0,4729.8125,5108.3125
1292,Eunápolis,1,74800,79456,76403,81084,4675.0,4966.0,4775.1875,5067.75
1293,Janaúba,1,73472,77024,75552,78640,4592.0,4814.0,4722.0,4915.0
1294,Unaí,1,70632,76960,72256,78535,4414.5,4810.0,4516.0,4908.4375
1295,Paracatu,1,70499,78096,72704,79504,4406.1875,4881.0,4544.0,4969.0
1296,Uberlândia,1,69492,79565,70368,80336,4343.25,4972.8125,4398.0,5021.0
1297,Bauru,1,68368,81024,69856,82928,4273.0,5064.0,4366.0,5183.0
1298,Araçatuba,1,66645,80543,68544,82320,4165.3125,5033.9375,4284.0,5145.0
1299,Jales,1,67817,79351,69664,81168,4238.5625,4959.4375,4354.0,5073.0
1300,Uberaba,1,69024,80032,70768,81440,4314.0,5002.0,4423.0,5090.0
1301,Ribeirão Preto,1,69440,81200,71104,82480,4340.0,5075.0,4444.0,5155.0
1302,Ipateruna,1,73120,80928,74850,82249,4570.0,5058.0,4678.125,5140.5625
1303,Juiz de fora,1,72064,80912,73376,82340,4504.0,5057.0,4586.0,5146.25
1304,Taubaté,1,70048,81872,71705,83418,4378.0,5117.0,4481.5625,5213.625
1305,Volta Redonda,1,71088,81120,72562,82860,4443.0,5070.0,4535.125,5178.75
1306,Lavras,1,70624,80400,71968,81616,4414.0,5025.0,4498.0,5101.0
1307,Divinópolis,1,70144,79163,72544,80544,4384.0,4947.6875,4534.0,5034.0
1308,Itaobim,1,73456,78320,75520,79728,4591.0,4895.0,4720.0,4983.0
1309,Arinos,1,72080,76672,73648,78832,4505.0,4792.0,4603.0,4927.0
1310,Salvador,1,76944,75967,77600,76745,4809.0,4747.9375,4850.0,4796.5625
1311,Barreiras,1,72240,75072,72960,75664,4515.0,4692.0,4560.0,4729.0
1312,Vitória d. C.,1,75232,77440,75872,77904,4702.0,4840.0,4742.0,4869.0
1313,Feira de Santana,1,75280,75280,77040,76720,4705.0,4705.0,4815.0,4795.0
1314,Jacobina,1,75296,74784,75840,75344,4706.0,4674.0,4740.0,4709.0
1315,Irecê,1,73536,74432,75456,76032,4596.0,4652.0,4716.0,4752.0
1316,Ibotirama,1,72688,74672,74096,76064,4543.0,4667.0,4631.0,4754.0
1317,Formosa do Rio Preto,1,71312,73874,73255,75360,4457.0,4617.125,4578.4375,4710.0
1318,Correntina,1,71480,75023,73008,77184,4467.5,4688.9375,4563.0,4824.0
1319,Guanambi,1,72912,75824,74432,77376,4557.0,4739.0,4652.0,4836.0
1320,Tremedal,1,74256,76704,75504,77808,4641.0,4794.0,4719.0,4863.0
1321,Brumado,1,74256,75744,75872,76960,4641.0,4734.0,4742.0,4810.0
1322,Itapetinga,1,75312,77744,76816,79200,4707.0,4859.0,4801.0,4950.0
1323,Belmonte,1,75344,78752,76994,80105,4709.0,4922.0,4812.125,5006.5625
1324,Ilhéus,1,76880,77552,77353,78073,4805.0,4847.0,4834.5625,4879.5625
1325,Valença,1,76400,76448,77433,77797,4775.0,4778.0,4839.5625,4862.3125
1326,Jequié,1,75344,76560,76624,77968,4709.0,4785.0,4789.0,4873.0
1327,Remanso,1,73008,73336,74848,74960,4563.0,4583.5,4678.0,4685.0
1328,Senhor do Bonfim,1,74572,72987,76256,75040,4660.75,4561.6875,4766.0,4690.0
1329,Serrinha,1,75712,74715,78354,76097,4732.0,4669.6875,4897.125,4756.0625
1330,Monte Santo,1,75952,72967,77343,75040,4747.0,4560.4375,4833.9375,4690.0
1331,Tilcara,1,57200,80848,59360,83344,3575.0,5053.0,3710.0,5209.0
1332,Las Lajitas,1,58473,82416,61792,85088,3654.5625,5151.0,3862.0,5318.0
1333,San Juan (AR),1,56272,85424,57920,87872,3517.0,5339.0,3620.0,5492.0
1334,Oberá,1,63824,83472,66944,86464,3989.0,5217.0,4184.0,5404.0
1335,Resistencia,1,62048,84000,64112,86016,3878.0,5250.0,4007.0,5376.0
1336,San Luis,1,57072,87289,58872,88541,3567.0,5455.5625,3679.5,5533.8125
1337,Río Cuarto,1,58569,87312,61536,88673,3660.5625,5457.0,3846.0,5542.0625
1338,La Toma,1,58460,86047,60416,87990,3653.75,5377.9375,3776.0,5499.375
1339,La Rioja,1,57632,84630,59475,87402,3602.0,5289.375,3717.1875,5462.625
1340,Necochea,1,61152,91404,63047,92738,3822.0,5712.75,3940.4375,5796.125
1341,Parana,1,60992,84912,63040,87696,3812.0,5307.0,3940.0,5481.0
1342,Villaguay,1,62704,85808,64352,87952,3919.0,5363.0,4022.0,5497.0
1343,Rosario,1,61328,87520,63920,88976,3833.0,5470.0,3995.0,5561.0
1344,Santiago del Estero,1,58330,84288,62304,86944,3645.625,5268.0,3894.0,5434.0
1345,Junín,1,61424,88752,63772,90208,3839.0,5547.0,3985.75,5638.0
1346,Huinca Renancó,1,58612,88288,61648,90672,3663.25,5518.0,3853.0,5667.0
1347,Monte Quemado,1,61424,82288,64416,84464,3839.0,5143.0,4026.0,5279.0
1348,Zapala,1,56528,90032,57288,90832,3533.0,5627.0,3580.5,5677.0
1349,Neuquén,1,58336,91408,58912,91984,3646.0,5713.0,3682.0,5749.0
1350,Lamarque,1,58880,90975,61478,92736,3680.0,5685.9375,3842.375,5796.0
1351,San Carlos da Bariloche,1,56112,90656,57936,93952,3507.0,5666.0,3621.0,5872.0
1352,Río Gallegos,1,56736,100160,58784,101636,3546.0,6260.0,3674.0,6352.25
1353,Tres Lagos,1,56256,98560,58000,100672,3516.0,6160.0,3625.0,6292.0
1354,Puerto Deseado,1,57904,97216,59853,99412,3619.0,6076.0,3740.8125,6213.25
1355,Perito Moreno,1,56528,97568,58176,98704,3533.0,6098.0,3636.0,6169.0
1356,Comodoro Riva.,1,58448,96672,59116,97384,3653.0,6042.0,3694.75,6086.5
1357,Río Mayo,1,56592,96416,58560,97776,3537.0,6026.0,3660.0,6111.0
1358,Garayalda,1,58624,95440,60011,97034,3664.0,5965.0,3750.6875,6064.625
1359,Trelew,1,59568,95104,60415,95744,3723.0,5944.0,3775.9375,5984.0
1360,Canguel,1,57360,95632,59040,96864,3585.0,5977.0,3690.0,6054.0
1361,Las Plumas,1,58416,94197,60807,95680,3651.0,5887.3125,3800.4375,5980.0
1362,San Antonio Oeste,1,58816,92848,60330,94432,3676.0,5803.0,3770.625,5902.0
1363,Esquel,1,56096,93776,57728,95264,3506.0,5861.0,3608.0,5954.0
1364,Tecka,1,56176,95184,57664,96688,3511.0,5949.0,3604.0,6043.0
1365,Cutral-Có,1,56944,90069,59506,92304,3559.0,5629.3125,3719.125,5769.0
1366,Viedma,1,59984,92592,61542,94250,3749.0,5787.0,3846.375,5890.625
1367,Los Menucos,1,57536,92832,58928,94496,3596.0,5802.0,3683.0,5906.0
1368,Los Altares,1,57264,94432,58656,95824,3579.0,5902.0,3666.0,5989.0
1369,Boliche,1,57872,91904,60032,93200,3617.0,5744.0,3752.0,5825.0
1370,Rio Grande,1,58799,101853,60657,103444,3674.9375,6365.8125,3791.0625,6465.25
1371,Santiago,1,55646,88160,56544,88800,3477.875,5510.0,3534.0,5550.0
1372,Temuco,1,54931,88445,56752,93491,3433.1875,5527.8125,3547.0,5843.1875
1373,Punta Arenas,2,55591,99713,58963,103614,3474.4375,6232.0625,3685.1875,6475.875
1374,Copiapó,1,55353,84256,57200,88341,3459.5625,5266.0,3575.0,5521.3125
1375,Iquique,1,55312,77760,58032,84672,3457.0,4860.0,3627.0,5292.0
1376,Puerto Aysen,1,54903,93104,56752,97289,3431.4375,5819.0,3547.0,6080.5625
1377,Tortel,1,54837,96928,56755,99849,3427.3125,6058.0,3547.1875,6240.5625
1378,West Falkland,1,61406,100002,62775,101203,3837.875,6250.125,3923.4375,6325.1875
1379,East Falkland,1,62563,100302,63969,101536,3910.1875,6268.875,3998.0625,6346.0
1380,Isla Isabela,2,44196,66306,44836,67300,2762.25,4144.125,2802.25,4206.25
1381,Santa Cruz,3,44581,66636,45320,67156,2786.3125,4164.75,2832.5,4197.25
1382,Fernandina,1,43917,66403,44303,66861,2744.8125,4150.1875,2768.9375,4178.8125
1383,Kalomo,1,114976,79872,118896,82320,7186.0,4992.0,7431.0,5145.0
1384,Mongu,1,113232,78896,115696,81952,7077.0,4931.0,7231.0,5122.0
1385,Abercorn,1,118304,76285,122112,78832,7394.0,4767.8125,7632.0,4927.0
1386,Broken Hill,1,117024,78416,121056,81792,7314.0,4901.0,7566.0,5112.0
1387,Zomba,1,120688,77136,123856,81536,7543.0,4821.0,7741.0,5096.0
1388,Nairobi,1,124480,70784,125728,72000,7780.0,4424.0,7858.0,4500.0
1389,Mwatate,1,124816,70688,128309,73784,7801.0,4418.0,8019.3125,4611.5
1390,Kisumu,1,122806,70048,125440,72128,7675.375,4378.0,7840.0,4508.0
1391,Entebbe,1,119601,69071,122983,72001,7475.0625,4316.9375,7686.4375,4500.0625
1392,Wajir,1,125152,68432,128464,71568,7822.0,4277.0,8029.0,4473.0
1393,Marsabit,1,122667,67952,126512,71269,7666.6875,4247.0,7907.0,4454.3125
1394,Antsirane,1,131913,77442,133683,78983,8244.5625,4840.125,8355.1875,4936.4375
1395,Cairo,1,119730,49616,120640,50288,7483.125,3101.0,7540.0,3143.0
1396,Siwa,1,113952,50016,115984,52016,7122.0,3126.0,7249.0,3251.0
1397,Sallum,1,114320,48660,116131,50464,7145.0,3041.25,7258.1875,3154.0
1398,Aswan,1,119824,53924,122514,56051,7489.0,3370.25,7657.125,3503.1875
1399,Kharga,1,118672,53136,121191,54880,7417.0,3321.0,7574.4375,3430.0
1400,Arish,1,122830,48351,124532,51306,7676.875,3021.9375,7783.25,3206.625
1401,Asyut,1,119640,51099,121888,52724,7477.5,3193.6875,7618.0,3295.25
1402,Papeete,1,24452,75147,26374,76114,1528.25,4696.6875,1648.375,4757.125
1403,Mo'orea,1,23390,74956,24122,75411,1461.875,4684.75,1507.625,4713.1875
1404,Cavalcante,1,70112,75739,71773,77149,4382.0,4733.6875,4485.8125,4821.8125
1405,Morrinhos,1,68064,77632,70032,78736,4254.0,4852.0,4377.0,4921.0
1406,La Victoria,1,62576,79808,64800,81840,3911.0,4988.0,4050.0,5115.0
1407,Puerto Santa Cruz,1,57728,98496,59117,100468,3608.0,6156.0,3694.8125,6279.25
1408,Capetown,1,110570,92720,111344,93531,6910.625,5795.0,6959.0,5845.6875
1409,Port Elizabeth,1,114464,92736,115326,93396,7154.0,5796.0,7207.875,5837.25
1410,Cradock,1,114416,91568,115856,92768,7151.0,5723.0,7241.0,5798.0
1411,Worcester (ZA),1,111145,92112,112752,93851,6946.5625,5757.0,7047.0,5865.6875
1412,Johannesburg,1,118032,87248,118704,87808,7377.0,5453.0,7419.0,5488.0
1413,Pretoria,1,118112,85872,120688,87776,7382.0,5367.0,7543.0,5486.0
1414,Mafeking,1,116416,87072,118192,89280,7276.0,5442.0,7387.0,5580.0
1415,Bethlehem,1,117840,87584,119984,89248,7365.0,5474.0,7499.0,5578.0
1416,Ladysmith,1,119072,88048,120689,89787,7442.0,5503.0,7543.0625,5611.6875
1417,East London,1,115120,91632,117373,93249,7195.0,5727.0,7335.8125,5828.0625
1418,Springbok,1,109631,89600,111904,91552,6851.9375,5600.0,6994.0,5722.0
1419,Calvinia,1,110390,91009,112048,92924,6899.375,5688.0625,7003.0,5807.75
1420,Mossel Bay,1,112288,92160,113984,93572,7018.0,5760.0,7124.0,5848.25
1421,Victoria West,1,113568,91824,114752,93285,7098.0,5739.0,7172.0,5830.3125
1422,Hopetown,1,113488,88704,115857,90626,7093.0,5544.0,7241.0625,5664.125
1423,Bloemfontein,1,116272,89072,117121,89866,7267.0,5567.0,7320.0625,5616.625
1424,Kimberley,1,114832,87888,116976,90070,7177.0,5493.0,7311.0,5629.375
1425,De Aar,1,113432,90311,115488,91936,7089.5,5644.4375,7218.0,5746.0
1426,Mthatha,1,116960,90416,119047,92701,7310.0,5651.0,7440.4375,5793.8125
1427,Queenstown,1,115235,89964,117216,91904,7202.1875,5622.75,7326.0,5744.0
1428,Durban,1,119680,89536,120529,90279,7480.0,5596.0,7533.0625,5642.4375
1429,Port Shepstone,1,118272,90000,120119,91578,7392.0,5625.0,7507.4375,5723.625
1430,Windhoek,1,110080,85568,110768,86176,6880.0,5348.0,6923.0,5386.0
1431,Rehoboth,1,109440,86048,110976,87712,6840.0,5378.0,6936.0,5482.0
1432,Gobabis,1,110704,85328,112368,87408,6919.0,5333.0,7023.0,5463.0
1433,Otavi,1,109856,83920,110400,84528,6866.0,5245.0,6900.0,5283.0
1434,Grootfontein,1,110608,83072,112368,84496,6913.0,5192.0,7023.0,5281.0
1435,Outjo,1,108768,84192,109600,84976,6798.0,5262.0,6850.0,5311.0
1436,Kalkfontein,1,109920,88032,111872,90000,6870.0,5502.0,6992.0,5625.0
1437,Keetmanshoop,1,109696,87056,111776,88448,6856.0,5441.0,6986.0,5528.0
1438,Bethanie,1,109168,87504,109760,88048,6823.0,5469.0,6860.0,5503.0
1439,Lüderitz,1,108402,87824,110176,90052,6775.125,5489.0,6886.0,5628.25
1440,Walvis Bay,1,107973,85584,109664,87237,6748.3125,5349.0,6854.0,5452.3125
1441,Solitaire,1,108171,86432,109616,88288,6760.6875,5402.0,6851.0,5518.0
1442,Oshakati,1,108448,82016,110192,83424,6778.0,5126.0,6887.0,5214.0
1443,Torra Bay,1,106957,83504,109168,85518,6684.8125,5219.0,6823.0,5344.875
1444,Opuwo,1,106044,81856,108720,83987,6627.75,5116.0,6795.0,5249.1875
1445,Kapako,1,111568,81792,116240,83248,6973.0,5112.0,7265.0,5203.0
1446,Okongo,1,109872,82016,111840,83312,6867.0,5126.0,6990.0,5207.0
1447,Otjinene,1,110800,84320,112336,85456,6925.0,5270.0,7021.0,5341.0
1448,Osire,1,109552,84176,111328,85600,6847.0,5261.0,6958.0,5350.0
1449,Tsumeb,1,108416,83104,110928,84432,6776.0,5194.0,6933.0,5277.0
1450,Otjimbingwe,1,108272,84800,110288,86128,6767.0,5300.0,6893.0,5383.0
1451,Swakopmund,1,107837,85184,108528,85864,6739.8125,5324.0,6783.0,5366.5
1452,Luanda,1,107007,76521,107776,77304,6687.9375,4782.5625,6736.0,4831.5
1453,Lobito,1,107369,78508,108128,79264,6710.5625,4906.75,6758.0,4954.0
1454,Cazombo,1,112256,78000,114576,79552,7016.0,4875.0,7161.0,4972.0
1455,Humbe,1,107680,81280,108464,81888,6730.0,5080.0,6779.0,5118.0
1456,Nova Lisboa,1,108352,79504,108944,80080,6772.0,4969.0,6809.0,5005.0
1457,Silva Porto,1,108800,79056,110384,81008,6800.0,4941.0,6899.0,5063.0
1458,Cassinga,1,108064,80864,110592,82064,6754.0,5054.0,6912.0,5129.0
1459,Sá da Bandeira,1,107296,80048,109008,81536,6706.0,5003.0,6813.0,5096.0
1460,Moçâmedes,1,106012,80343,108112,82320,6625.75,5021.4375,6757.0,5145.0
1461,Barraca,1,107177,76352,109440,78016,6698.5625,4772.0,6840.0,4876.0
1462,Ambriz,1,106469,74688,108736,76800,6654.3125,4668.0,6796.0,4800.0
1463,Malanje,1,109376,76672,110240,77360,6836.0,4792.0,6890.0,4835.0
1464,Lourenço Marques,1,119968,84800,121983,87920,7498.0,5300.0,7623.9375,5495.0
1465,Inhambane,1,120896,84912,123237,87037,7556.0,5307.0,7702.3125,5439.8125
1466,Zambezi,1,119712,79984,122896,82048,7482.0,4999.0,7681.0,5128.0
1467,Memba,1,125648,78016,127660,81221,7853.0,4876.0,7978.75,5076.3125
1468,Sofala,1,121024,82752,123901,85602,7564.0,5172.0,7743.8125,5350.125
1469,Igarassu,1,78160,72320,80398,73888,4885.0,4520.0,5024.875,4618.0
1470,Serra Talhada,1,76975,72288,78320,74458,4810.9375,4518.0,4895.0,4653.625
1471,Nampula,1,125104,80048,125920,80800,7819.0,5003.0,7870.0,5050.0
1472,Quelimane,1,123360,80592,126932,83213,7710.0,5037.0,7933.25,5200.8125
1473,Lichinga,1,123330,78476,125984,80912,7708.125,4904.75,7874.0,5057.0
1474,Tete,1,121232,81072,123728,82992,7577.0,5067.0,7733.0,5187.0
1475,Léopoldville,1,109696,73600,110656,74432,6856.0,4600.0,6916.0,4652.0
1476,Ponta Delgada,4,78380,41513,80167,42444,4898.75,2594.5625,5010.4375,2652.75
1477,Basoko,1,114208,69632,115936,72304,7138.0,4352.0,7246.0,4519.0
1478,Likasi,1,116384,76560,117120,77296,7274.0,4785.0,7320.0,4831.0
1479,Buta,1,114028,68079,116704,70400,7126.75,4254.9375,7294.0,4400.0
1480,Niangara,1,116268,68004,119061,71392,7266.75,4250.25,7441.3125,4462.0
1481,Menonge,1,110160,80256,112208,82096,6885.0,5016.0,7013.0,5131.0
1482,Stanleyville,1,115824,70256,116752,71024,7239.0,4391.0,7297.0,4439.0
1483,Gemena,1,111610,68060,114304,70000,6975.625,4253.75,7144.0,4375.0
1484,Mbandaka,1,111209,69252,113296,72080,6950.5625,4328.25,7081.0,4505.0
1485,Lodja,1,115312,72624,116176,73392,7207.0,4539.0,7261.0,4587.0
1486,Lusambo,1,114064,73088,117216,75888,7129.0,4568.0,7326.0,4743.0
1487,Bukama,1,114832,75312,117216,76864,7177.0,4707.0,7326.0,4804.0
1488,Kapanga,1,111632,74192,114672,76496,6977.0,4637.0,7167.0,4781.0
1489,Kikwit,1,109872,73856,112160,76032,6867.0,4616.0,7010.0,4752.0
1490,Matadi,1,106650,73287,110432,75088,6665.625,4580.4375,6902.0,4693.0
1491,Luebo,1,111792,73200,115120,75264,6987.0,4575.0,7195.0,4704.0
1492,Bandundu,1,109755,71440,112224,73984,6859.6875,4465.0,7014.0,4624.0
1493,El Minya,1,118928,49956,120509,51509,7433.0,3122.25,7531.8125,3219.3125
1494,Port Said,1,120912,48254,122903,49664,7557.0,3015.875,7681.4375,3104.0
1495,Mut,1,116944,53152,118976,55056,7309.0,3322.0,7436.0,3441.0
1496,Alexandria,1,118626,49004,119285,49699,7414.125,3062.75,7455.3125,3106.1875
1497,Damanhur,1,119006,48438,121137,50102,7437.875,3027.375,7571.0625,3131.375
1498,Hurghada,1,122160,50632,123098,51536,7635.0,3164.5,7693.625,3221.0
1499,Ismailia,1,121680,49292,122985,51136,7605.0,3080.75,7686.5625,3196.0
1500,Farafra,1,115872,50928,118352,52464,7242.0,3183.0,7397.0,3279.0
1501,Faiyum,1,117360,50128,119136,51184,7335.0,3133.0,7446.0,3199.0
1502,El Sheb,1,117904,54592,120912,56048,7369.0,3412.0,7557.0,3503.0
1503,Wadi Halfa,1,119600,55935,122353,57430,7475.0,3495.9375,7647.0625,3589.375
1504,Dongola,1,118720,57312,119664,58192,7420.0,3582.0,7479.0,3637.0
1505,Port Sudan,1,124336,56928,125044,57568,7771.0,3558.0,7815.25,3598.0
1506,Suakin,1,124320,57375,126149,59744,7770.0,3585.9375,7884.3125,3734.0
1507,El Fasher,1,115904,60016,116528,60608,7244.0,3751.0,7283.0,3788.0
1508,En Nahud,1,116320,59872,118432,61376,7270.0,3742.0,7402.0,3836.0
1509,El Obeid,1,117792,58032,119808,61536,7362.0,3627.0,7488.0,3846.0
1510,El Dueim,1,119648,59664,121954,61520,7478.0,3729.0,7622.125,3845.0
1511,Sinjah,1,123504,60752,125328,62752,7719.0,3797.0,7833.0,3922.0
1512,Sennar,1,122992,60032,123888,60992,7687.0,3752.0,7743.0,3812.0
1513,Khartoum,1,121408,58608,122320,59403,7588.0,3663.0,7645.0,3712.6875
1514,Merowe,1,119312,57200,121511,58880,7457.0,3575.0,7594.4375,3680.0
1515,Berber,1,121100,57067,122928,58930,7568.75,3566.6875,7683.0,3683.125
1516,El Qasr,1,116416,52224,119184,53472,7276.0,3264.0,7449.0,3342.0
1517,Abu Minqar,1,114400,51808,116656,53296,7150.0,3238.0,7291.0,3331.0
1518,Aṣ-ṣaḥrā,1,115136,54704,118112,56048,7196.0,3419.0,7382.0,3503.0
1519,Eastern Sand Sea,1,115040,53040,117232,55280,7190.0,3315.0,7327.0,3455.0
1520,El Alamein,1,117232,49149,119215,50272,7327.0,3071.8125,7450.9375,3142.0
1521,Marsa Matruh,1,116944,48910,117655,49568,7309.0,3056.875,7353.4375,3098.0
1522,Sidi Barrani,1,115760,48663,117280,50048,7235.0,3041.4375,7330.0,3128.0
1523,Cara,1,115664,49872,117728,51552,7229.0,3117.0,7358.0,3222.0
1524,Bawiti,1,117936,51104,119930,52688,7371.0,3194.0,7495.625,3293.0
1525,Girga,1,119088,52327,121322,53700,7443.0,3270.4375,7582.625,3356.25
1526,Qena,1,120654,52112,122368,54142,7540.875,3257.0,7648.0,3383.875
1527,Berenice,1,122040,53598,124200,56256,7627.5,3349.875,7762.5,3516.0
1528,Safaga,1,121696,51309,123391,53808,7606.0,3206.8125,7711.9375,3363.0
1529,Madinaty,1,120304,49344,122208,51456,7519.0,3084.0,7638.0,3216.0
1530,Luxor,1,121008,53584,121712,54224,7563.0,3349.0,7607.0,3389.0
1531,Tripoli,1,105862,48989,106925,49632,6616.375,3061.8125,6682.8125,3102.0
1532,Gharyan,1,105776,49440,107072,50560,6611.0,3090.0,6692.0,3160.0
1533,Misrata,1,106576,49082,108173,50480,6661.0,3067.625,6760.8125,3155.0
1534,Sirte,1,107552,49548,109216,51296,6722.0,3096.75,6826.0,3206.0
1535,Benghazi,1,111274,48222,112048,49120,6954.625,3013.875,7003.0,3070.0
1536,Socna,1,106912,51088,108752,52672,6682.0,3193.0,6797.0,3292.0
1537,Qatrun,1,105984,53040,108592,55136,6624.0,3315.0,6787.0,3446.0
1538,Wath,1,109408,53920,112592,55952,6838.0,3370.0,7037.0,3497.0
1539,Al-Jawf,1,112256,53040,115136,55168,7016.0,3315.0,7196.0,3448.0
1540,Buzaymah,1,111568,53584,112432,54240,6973.0,3349.0,7027.0,3390.0
1541,Zaltan,1,109888,51856,111888,54096,6868.0,3241.0,6993.0,3381.0
1542,Jalu,1,111392,51280,113216,53760,6962.0,3205.0,7076.0,3360.0
1543,Giarabub,1,112528,49568,114416,51664,7033.0,3098.0,7151.0,3229.0
1544,Tobruk,1,113296,48075,115140,50064,7081.0,3004.6875,7196.25,3129.0
1545,Derna,1,111699,47788,113503,49840,6981.1875,2986.75,7093.9375,3115.0
1546,Ajdabiya,1,110952,48736,112752,51072,6934.5,3046.0,7047.0,3192.0
1547,Marsa al Brega,1,110304,50734,112640,52048,6894.0,3170.875,7040.0,3253.0
1548,At Tallab,1,112000,54624,115184,57312,7000.0,3414.0,7199.0,3582.0
1549,Timassah,1,107632,52928,110160,55328,6727.0,3308.0,6885.0,3458.0
1550,Ghat,1,104912,52112,107280,54512,6557.0,3257.0,6705.0,3407.0
1551,Sabha,1,107136,52528,107968,53248,6696.0,3283.0,6748.0,3328.0
1552,Ghadames,1,104144,50512,106304,52160,6509.0,3157.0,6644.0,3260.0
1553,Nalut,1,104112,48723,106016,50640,6507.0,3045.1875,6626.0,3165.0
1554,Tabonieh,1,106144,50304,107632,51584,6634.0,3144.0,6727.0,3224.0
1555,Zillah,1,107888,51488,110304,53312,6743.0,3218.0,6894.0,3332.0
1556,Waddan,1,108592,50992,109264,51632,6787.0,3187.0,6829.0,3227.0
1557,Bin Jawad,1,109033,50285,110522,52208,6814.5625,3142.8125,6907.625,3263.0
1558,Kufra,1,112944,51424,114816,53472,7059.0,3214.0,7176.0,3342.0
1559,Adiri,1,105568,51344,107440,52640,6598.0,3209.0,6715.0,3290.0
1560,Tunis,1,103728,45900,104398,46592,6483.0,2868.75,6524.875,2912.0
1561,Gabes,2,103312,47760,104997,49472,6457.0,2985.0,6562.3125,3092.0
1562,Sfax,1,103584,46017,104810,48000,6474.0,2876.0625,6550.625,3000.0
1563,Tozeur,1,102048,47584,103488,49344,6378.0,2974.0,6468.0,3084.0
1564,Tataouine,1,102624,49088,104528,51424,6414.0,3068.0,6533.0,3214.0
1565,El Kef,1,102688,45699,104210,47856,6418.0,2856.1875,6513.125,2991.0
1566,Oran,1,95797,46595,96512,47328,5987.3125,2912.1875,6032.0,2958.0
1567,Algiers,1,98109,46021,98981,46688,6131.8125,2876.3125,6186.3125,2918.0
1568,Bedouaram,1,105984,58704,108496,61648,6624.0,3669.0,6781.0,3853.0
1569,Tamanrasset,1,101312,55088,102224,55872,6332.0,3443.0,6389.0,3492.0
1570,In Guezzam,1,100416,55760,102768,57968,6276.0,3485.0,6423.0,3623.0
1571,Idlès,1,101024,52832,103232,55152,6314.0,3302.0,6452.0,3447.0
1572,Tinzouatine,1,97968,54608,101296,56992,6123.0,3413.0,6331.0,3562.0
1573,Silet,1,98320,53216,101520,55840,6145.0,3326.0,6345.0,3490.0
1574,Tazrouk,1,102048,54304,104512,56832,6378.0,3394.0,6532.0,3552.0
1575,Illizi,1,102848,51216,105152,55184,6428.0,3201.0,6572.0,3449.0
1576,El Borma,1,101408,49632,103648,53040,6338.0,3102.0,6478.0,3315.0
1577,El Qued,1,99920,47792,102912,50016,6245.0,2987.0,6432.0,3126.0
1578,Bône,1,100808,45657,102881,47968,6300.5,2853.5625,6430.0625,2998.0
1579,Setif,1,98851,45916,100941,47312,6178.1875,2869.75,6308.8125,2957.0
1580,Constantine,1,100560,46560,101296,47248,6285.0,2910.0,6331.0,2953.0
1581,Aougrout,1,95600,49648,97664,52960,5975.0,3103.0,6104.0,3310.0
1582,Benoud,1,94720,48384,97712,50000,5920.0,3024.0,6107.0,3125.0
1583,Tlemcen,1,94429,46612,96480,48672,5901.8125,2913.25,6030.0,3042.0
1584,Orléansville,1,96207,46080,98400,47360,6012.9375,2880.0,6150.0,2960.0
1585,Djelfa,1,97632,46512,99600,48048,6102.0,2907.0,6225.0,3003.0
1586,Bordj Le Prieur,1,95472,52928,99280,56064,5967.0,3308.0,6205.0,3504.0
1587,Tinduf,1,91488,50144,94560,53536,5718.0,3134.0,5910.0,3346.0
1588,Ouargla,1,99136,49056,100048,50016,6196.0,3066.0,6253.0,3126.0
1589,El Menia,1,97312,49200,99648,51392,6082.0,3075.0,6228.0,3212.0
1590,Béchar,1,93088,49296,95888,52096,5818.0,3081.0,5993.0,3256.0
1591,Reggane,1,93712,52000,96928,54544,5857.0,3250.0,6058.0,3409.0
1592,Ain Salah,1,97456,51344,99888,53792,6091.0,3209.0,6243.0,3362.0
1593,Amquid,1,99632,51472,101968,53888,6227.0,3217.0,6373.0,3368.0
1594,Hassi Messaoud,1,99120,49632,101760,51856,6195.0,3102.0,6360.0,3241.0
1595,Saida,1,95984,47008,97760,48832,5999.0,2938.0,6110.0,3052.0
1596,Laghouat,1,97232,47840,100096,49328,6077.0,2990.0,6256.0,3083.0
1597,Biskra,1,99440,47056,101968,48464,6215.0,2941.0,6373.0,3029.0
1598,Djado,1,104384,54384,108512,56944,6524.0,3399.0,6782.0,3559.0
1599,Zinder,1,103072,59392,106416,62163,6442.0,3712.0,6651.0,3885.1875
1600,Niamey,1,98278,59168,103600,62596,6142.375,3698.0,6475.0,3912.25
1601,Tahoua,1,101312,57520,103824,60416,6332.0,3595.0,6489.0,3776.0
1602,Aguella,1,102400,55296,105984,58720,6400.0,3456.0,6624.0,3670.0
1603,Agadez,1,103552,58560,104576,59600,6472.0,3660.0,6536.0,3725.0
1604,Fachi,1,104384,57168,107184,59968,6524.0,3573.0,6699.0,3748.0
1605,Bilma,1,105712,56384,108464,58992,6607.0,3524.0,6779.0,3687.0
1606,Yaoundé,1,106128,68096,107152,69152,6633.0,4256.0,6697.0,4322.0
1607,Douala,1,103938,66688,106848,69904,6496.125,4168.0,6678.0,4369.0
1608,Lomié,1,106752,68240,110000,69888,6672.0,4265.0,6875.0,4368.0
1609,Doumé,1,108016,65728,110000,68912,6751.0,4108.0,6875.0,4307.0
1610,Garoua,1,107056,62656,109312,66256,6691.0,3916.0,6832.0,4141.0
1611,Bamenda,1,104848,65536,106720,67984,6553.0,4096.0,6670.0,4249.0
1612,Nanga Eboko,1,105824,66976,108240,68480,6614.0,4186.0,6765.0,4280.0
1613,Tibati,1,106192,64864,108160,67152,6637.0,4054.0,6760.0,4197.0
1614,Tangier,1,89734,45960,92500,47216,5608.375,2872.5,5781.25,2951.0
1615,Fèz,1,90592,47120,92688,49232,5662.0,2945.0,5793.0,3077.0
1616,Agadir,1,88780,48373,90928,50305,5548.75,3023.3125,5683.0,3144.0625
1617,Marrakech,1,90560,48912,91280,49552,5660.0,3057.0,5705.0,3097.0
1618,Rabat,1,89264,46777,91008,48672,5579.0,2923.5625,5688.0,3042.0
1619,Oujda,1,92032,46694,94960,49504,5752.0,2918.375,5935.0,3094.0
1620,Taouz,1,90864,48464,93968,50768,5679.0,3029.0,5873.0,3173.0
1621,Guelmim,1,88143,50064,91536,51328,5508.9375,3129.0,5721.0,3208.0
1622,Pofadder,1,111696,89232,113812,91148,6981.0,5577.0,7113.25,5696.75
1623,Fort Salisbury,1,120064,82416,120784,83040,7504.0,5151.0,7549.0,5190.0
1624,Sinoia,1,117904,81264,120160,82896,7369.0,5079.0,7510.0,5181.0
1625,Gwelo,1,118672,83840,119360,84448,7417.0,5240.0,7460.0,5278.0
1626,Tui,1,118048,85024,120096,86752,7378.0,5314.0,7506.0,5422.0
1627,Bulawayo,1,116896,83792,119104,85344,7306.0,5237.0,7444.0,5334.0
1628,Mochudi,1,116736,85184,118464,87616,7296.0,5324.0,7404.0,5476.0
1629,Pietermaritzburg,1,117016,88832,119872,90640,7313.5,5552.0,7492.0,5665.0
1630,Richards Bay,1,119760,87376,121549,89588,7485.0,5461.0,7596.8125,5599.25
1631,Aliwal North,1,115910,89407,118160,91280,7244.375,5587.9375,7385.0,5705.0
1632,Carnarvon,1,111775,90746,113776,92320,6985.9375,5671.625,7111.0,5770.0
1633,Mount Darwin,1,119904,81536,121440,83200,7494.0,5096.0,7590.0,5200.0
1634,Umtali,1,119808,82848,121536,84656,7488.0,5178.0,7596.0,5291.0
1635,Kadoma,1,118352,82368,120272,84000,7397.0,5148.0,7517.0,5250.0
1636,Masvingo,1,118944,83824,121024,85600,7434.0,5239.0,7564.0,5350.0
1637,Gokwe,1,116688,82448,119024,84048,7293.0,5153.0,7439.0,5253.0
1638,Dete,1,116112,81744,118064,83552,7257.0,5109.0,7379.0,5222.0
1639,Gaborone,1,116352,86784,117008,87344,7272.0,5424.0,7313.0,5459.0
1640,Tshabong,1,113024,87472,115408,89104,7064.0,5467.0,7213.0,5569.0
1641,Two Rivers,1,111696,87456,113680,89600,6981.0,5466.0,7105.0,5600.0
1642,Kang,1,112912,86224,115168,87776,7057.0,5389.0,7198.0,5486.0
1643,Kanye,1,114624,86784,116864,88416,7164.0,5424.0,7304.0,5526.0
1644,Kule,1,111696,85872,113264,87728,6981.0,5367.0,7079.0,5483.0
1645,Maun,1,114224,84272,115104,85088,7139.0,5267.0,7194.0,5318.0
1646,Dekar,1,112288,84288,114416,86464,7018.0,5268.0,7151.0,5404.0
1647,Shakawe,1,112320,82528,114528,84560,7020.0,5158.0,7158.0,5285.0
1648,Savuti,1,114320,82464,116368,84400,7145.0,5154.0,7273.0,5275.0
1649,Mopipi,1,114688,83536,117312,85696,7168.0,5221.0,7332.0,5356.0
1650,Francistown,1,116976,84784,117568,85360,7311.0,5299.0,7348.0,5335.0
1651,Molepolole,1,115520,85440,117072,87008,7220.0,5340.0,7317.0,5438.0
1652,Takatokwane,1,113824,84992,115776,86944,7114.0,5312.0,7236.0,5434.0
1653,Jamba,1,111904,80864,114464,82064,6994.0,5054.0,7154.0,5129.0
1654,Kolwezi,1,114400,76304,116512,78096,7150.0,4769.0,7282.0,4881.0
1655,Élisabethville,1,116016,76832,119200,79168,7251.0,4802.0,7450.0,4948.0
1656,Kalemie,1,118192,73800,120514,76421,7387.0,4612.5,7532.125,4776.3125
1657,Malonga,1,112656,75728,114896,78016,7041.0,4733.0,7181.0,4876.0
1658,Bukavu,1,116912,71876,119625,74304,7307.0,4492.25,7476.5625,4644.0
1659,Kasongo,1,115920,72912,118464,75136,7245.0,4557.0,7404.0,4696.0
1660,Oshwe,1,111840,71568,115616,73472,6990.0,4473.0,7226.0,4592.0
1661,Bunia,1,117904,68764,120347,72224,7369.0,4297.75,7521.6875,4514.0
1662,Gama,1,115280,70832,117984,72976,7205.0,4427.0,7374.0,4561.0
1663,Manono,1,116864,74928,119232,77072,7304.0,4683.0,7452.0,4817.0
1664,Lisala,1,112960,69024,114944,71728,7060.0,4314.0,7184.0,4483.0
1665,Dundo,1,110400,75376,112784,77168,6900.0,4711.0,7049.0,4823.0
1666,Uíge,1,107952,74720,110512,76912,6747.0,4670.0,6907.0,4807.0
1667,Cacolo,1,109840,76304,111872,78128,6865.0,4769.0,6992.0,4883.0
1668,Novo Redondo,1,107625,77792,109104,79248,6726.5625,4862.0,6819.0,4953.0
1669,Benguela,1,106644,78884,108864,80464,6665.25,4930.25,6804.0,5029.0
1670,Lumbala,1,111824,79168,113296,80992,6989.0,4948.0,7081.0,5062.0
1671,Luso,1,110304,77840,112432,79360,6894.0,4865.0,7027.0,4960.0
1672,Lúbia,1,108784,77264,110528,79456,6799.0,4829.0,6908.0,4966.0
1673,Minendunda,1,110304,78896,112064,80768,6894.0,4931.0,7004.0,5048.0
1674,Lumeje,1,111744,76976,113264,78496,6984.0,4811.0,7079.0,4906.0
1675,Dar es Salaam,1,126192,75144,126969,75923,7887.0,4696.5,7935.5625,4745.1875
1676,Morogoro,2,124816,74484,127058,76224,7801.0,4655.25,7941.125,4764.0
1677,Tanga,2,125552,73088,127158,74945,7847.0,4568.0,7947.375,4684.0625
1678,Mikindani,1,125984,76860,127607,78592,7874.0,4803.75,7975.4375,4912.0
1679,Molioro,2,125744,75632,127251,77168,7859.0,4727.0,7953.1875,4823.0
1680,Dodoma,1,123840,74464,124464,75024,7740.0,4654.0,7779.0,4689.0
1681,Tabora,1,121568,73904,122208,74448,7598.0,4619.0,7638.0,4653.0
1682,Kigoma,1,119717,73712,120240,74340,7482.3125,4607.0,7515.0,4646.25
1683,Uvinza,1,119807,73984,121728,75346,7487.9375,4624.0,7608.0,4709.125
1684,Kirambo,1,120160,72960,121680,74192,7510.0,4560.0,7605.0,4637.0
1685,Serayombo,1,120400,71576,121616,73152,7525.0,4473.5,7601.0,4572.0
1686,Gitega,1,119254,71608,120640,73947,7453.375,4475.5,7540.0,4621.6875
1687,Igonda,1,121472,73952,123040,75296,7592.0,4622.0,7690.0,4706.0
1688,Utengula,1,121632,76096,124064,77470,7602.0,4756.0,7754.0,4841.875
1689,Kia,1,120160,74848,121989,77008,7510.0,4678.0,7624.3125,4813.0
1690,Sabruma,1,123207,76672,124912,78688,7700.4375,4792.0,7807.0,4918.0
1691,Nasoro,1,124432,77120,126224,78688,7777.0,4820.0,7889.0,4918.0
1692,Kwiringa,1,123344,74960,125008,76928,7709.0,4685.0,7813.0,4808.0
1693,Donde,1,124496,76080,126048,77424,7781.0,4755.0,7878.0,4839.0
1694,Rungwa,1,121499,75088,123488,76256,7593.6875,4693.0,7718.0,4766.0
1695,Kitange,1,124256,73888,125648,75344,7766.0,4618.0,7853.0,4709.0
1696,Kondoa,1,123568,73312,125024,74656,7723.0,4582.0,7814.0,4666.0
1697,Kilimatinde,1,122896,73712,123968,75200,7681.0,4607.0,7748.0,4700.0
1698,Mwansa,1,121434,72428,123168,74048,7589.625,4526.75,7698.0,4628.0
1699,Usambara,1,122044,71506,124384,73264,7627.75,4469.125,7774.0,4579.0
1700,Arusha,1,123632,72112,125856,74096,7727.0,4507.0,7866.0,4631.0
1701,Addis Ababa,1,126448,64720,127328,65472,7903.0,4045.0,7958.0,4092.0
1702,Nekemte,1,124112,64784,124960,65472,7757.0,4049.0,7810.0,4092.0
1703,Gondar,1,125056,62656,125744,63264,7816.0,3916.0,7859.0,3954.0
1704,Banana,1,106330,74099,107264,74874,6645.625,4631.1875,6704.0,4679.625
1705,Harar,1,129072,64784,129888,65600,8067.0,4049.0,8118.0,4100.0
1706,Kebri Dehar,1,129008,65488,130960,67344,8063.0,4093.0,8185.0,4209.0
1707,Mustahil,1,129664,66528,131776,68224,8104.0,4158.0,8236.0,4264.0
1708,Dudub,1,131216,65360,133440,67360,8201.0,4085.0,8340.0,4210.0
1709,Afder,1,127616,67232,129808,68816,7976.0,4202.0,8113.0,4301.0
1710,Imi,1,128048,65216,129488,67616,8003.0,4076.0,8093.0,4226.0
1711,Asosa,1,122683,63536,124720,65380,7667.6875,3971.0,7795.0,4086.25
1712,Metu,1,122263,65104,124400,66612,7641.4375,4069.0,7775.0,4163.25
1713,Jimma,1,124089,65136,126016,66729,7755.5625,4071.0,7876.0,4170.5625
1714,Ambo,1,125184,64288,126960,65744,7824.0,4018.0,7935.0,4109.0
1715,Bahir Dar,1,124336,63136,125808,65200,7771.0,3946.0,7863.0,4075.0
1716,Debre Markos,1,125712,63136,127264,64496,7857.0,3946.0,7954.0,4031.0
1717,Shire,1,125056,61360,126528,62800,7816.0,3835.0,7908.0,3925.0
1718,Maganan,1,123808,61888,125328,63808,7738.0,3868.0,7833.0,3988.0
1719,Mek'ele,1,126384,61376,128752,62672,7899.0,3836.0,8047.0,3917.0
1720,Djibouti,1,128400,63124,129797,64960,8025.0,3945.25,8112.3125,4060.0
1721,AsbeTeferi,1,126928,63904,129136,65792,7933.0,3994.0,8071.0,4112.0
1722,Dessie,1,126928,62208,129120,64112,7933.0,3888.0,8070.0,4007.0
1723,Gijet,1,125600,62288,127264,63552,7850.0,3893.0,7954.0,3972.0
1724,Hudat,1,125728,67044,127872,68848,7858.0,4190.25,7992.0,4303.0
1725,Jinka,1,123528,66474,125560,68144,7720.5,4154.625,7847.5,4259.0
1726,Arba Minch,1,124704,66537,126767,68704,7794.0,4158.5625,7922.9375,4294.0
1727,Meki,1,125751,65328,127616,67254,7859.4375,4083.0,7976.0,4203.375
1728,Degeh Bur,1,129760,64832,131456,66656,8110.0,4052.0,8216.0,4166.0
1729,Goba,1,127160,65584,128544,67616,7947.5,4099.0,8034.0,4226.0
1730,Massawa,1,126352,60268,126910,60896,7897.0,3766.75,7931.875,3806.0
1731,Karkabat,1,125296,58768,126702,60576,7831.0,3673.0,7918.875,3786.0
1732,Assab,1,127936,61105,129496,62464,7996.0,3819.0625,8093.5,3904.0
1733,Asmara,1,125056,60480,126656,61616,7816.0,3780.0,7916.0,3851.0
1734,Foro,1,126416,60467,128110,61632,7901.0,3779.1875,8006.875,3852.0
1735,Manila,1,183583,57440,184112,57913,11473.9375,3590.0,11507.0,3619.5625
1736,Mogadishu,1,130720,68896,131775,69727,8170.0,4306.0,8235.9375,4357.9375
1737,Jamaame,1,127840,69600,130444,72231,7990.0,4350.0,8152.75,4514.4375
1738,Buur Hakaba,1,129968,67616,132791,69402,8123.0,4226.0,8299.4375,4337.625
1739,Bardere,1,128128,68160,131170,70148,8008.0,4260.0,8198.125,4384.25
1740,Galkayo,1,131504,66640,133605,68421,8219.0,4165.0,8350.3125,4276.3125
1741,Hargeisa,1,129376,63278,131104,65392,8086.0,3954.875,8194.0,4087.0
1742,Burco,1,130912,63641,132768,65744,8182.0,3977.5625,8298.0,4109.0
1743,Bosaso,1,132272,63092,134688,64528,8267.0,3943.25,8418.0,4033.0
1744,Hordio,2,134320,62777,135818,65366,8395.0,3923.5625,8488.625,4085.375
1745,Eyl,1,132336,64896,134900,67522,8271.0,4056.0,8431.25,4220.125
1746,Qardho,1,132464,64176,134336,65904,8279.0,4011.0,8396.0,4119.0
1747,Abu Hamad,1,121976,55306,124961,57632,7623.5,3456.625,7810.0625,3602.0
1748,Haya,1,123360,57296,124720,59152,7710.0,3581.0,7795.0,3697.0
1749,Ad-Damir,1,122048,57536,123984,59504,7628.0,3596.0,7749.0,3719.0
1750,Darfur,1,114688,56048,117616,58816,7168.0,3503.0,7351.0,3676.0
1751,Abri,1,117248,56032,119808,57664,7328.0,3502.0,7488.0,3604.0
1752,Wad Madani,1,121660,59040,123936,60845,7603.75,3690.0,7746.0,3802.8125
1753,Magrur,1,119280,58610,121908,60064,7455.0,3663.125,7619.25,3754.0
1754,Kutum,1,114272,58448,116496,60736,7142.0,3653.0,7281.0,3796.0
1755,Nyala,1,113616,60512,117312,63152,7101.0,3782.0,7332.0,3947.0
1756,Talodi,1,118784,61200,121925,62928,7424.0,3825.0,7620.3125,3933.0
1757,Kaduqli,1,116736,61120,119312,62448,7296.0,3820.0,7457.0,3903.0
1758,Rabak,1,121042,60480,123680,62000,7565.125,3780.0,7730.0,3875.0
1759,Surgi,1,116128,57472,118896,60176,7258.0,3592.0,7431.0,3761.0
1760,Lagos,1,100263,66176,101264,67119,6266.4375,4136.0,6329.0,4194.9375
1761,Dikwa,1,107376,62160,108624,63648,6711.0,3885.0,6789.0,3978.0
1762,Maiduguri,1,106624,62304,107520,63200,6664.0,3894.0,6720.0,3950.0
1763,Kano,1,103904,62384,104928,63360,6494.0,3899.0,6558.0,3960.0
1764,Sokoto,1,100672,61293,102976,63502,6292.0,3830.8125,6436.0,3968.875
1765,Garko,1,103856,62768,105936,64448,6491.0,3923.0,6621.0,4028.0
1766,Auyo,1,104431,61371,106864,62928,6526.9375,3835.6875,6679.0,3933.0
1767,Katsina,1,102666,61413,104565,62768,6416.625,3838.3125,6535.3125,3923.0
1768,Kaduna,1,103040,63824,103968,64656,6440.0,3989.0,6498.0,4041.0
1769,Minna,1,101296,63920,103232,65872,6331.0,3995.0,6452.0,4117.0
1770,Jos,1,102928,64416,104592,66224,6433.0,4026.0,6537.0,4139.0
1771,Ibadan,1,100975,65424,102336,67434,6310.9375,4089.0,6396.0,4214.625
1772,Kukawa,1,106672,61376,108176,62512,6667.0,3836.0,6761.0,3907.0
1773,Libreville,1,104502,69505,105376,70448,6531.375,4344.0625,6586.0,4403.0
1774,Sindara,1,104314,70146,106144,71904,6519.625,4384.125,6634.0,4494.0
1775,Loango,1,105831,73440,106624,74246,6614.4375,4590.0,6664.0,4640.375
1776,Brazzaville,1,108107,72672,109864,74246,6756.6875,4542.0,6866.5,4640.375
1777,Bonga,1,109072,70624,111235,72505,6817.0,4414.0,6952.1875,4531.5625
1778,Makokou,1,104604,69364,107200,71136,6537.75,4335.25,6700.0,4446.0
1779,Mayoumba,1,104673,71731,106608,73739,6542.0625,4483.1875,6663.0,4608.6875
1780,Loudima,1,106245,72864,108416,74284,6640.3125,4554.0,6776.0,4642.75
1781,Tsinguedi,1,106352,71808,108576,73744,6647.0,4488.0,6786.0,4609.0
1782,Franceville,1,107680,71792,108544,72576,6730.0,4487.0,6784.0,4536.0
1783,Ouesso,1,108128,69312,110352,70832,6758.0,4332.0,6897.0,4427.0
1784,Makoua,1,107808,70560,109312,72128,6738.0,4410.0,6832.0,4508.0
1785,Gamboma,1,108400,71728,110295,73384,6775.0,4483.0,6893.4375,4586.5
1786,Nola,1,109584,68224,111088,69696,6849.0,4264.0,6943.0,4356.0
1787,Dongou,1,110560,68416,112010,70052,6910.0,4276.0,7000.625,4378.25
1788,Bambari,1,111824,66144,113472,68566,6989.0,4134.0,7092.0,4285.375
1789,Mobaye,1,113122,66416,114720,68376,7070.125,4151.0,7170.0,4273.5
1790,Bangassou,1,114554,66480,116758,68534,7159.625,4155.0,7297.375,4283.375
1791,Yalanga,1,113776,64608,115872,67088,7111.0,4038.0,7242.0,4193.0
1792,Mouka,1,111920,64496,114144,66656,6995.0,4031.0,7134.0,4166.0
1793,Ouanda Djale,1,112368,62672,114480,64848,7023.0,3917.0,7155.0,4053.0
1794,Ndélé,1,111136,63232,113024,65520,6946.0,3952.0,7064.0,4095.0
1795,Bangui,1,111232,67808,111968,68560,6952.0,4238.0,6998.0,4285.0
1796,Ft. Sibut,1,110496,66144,112192,68000,6906.0,4134.0,7012.0,4250.0
1797,Carnot,1,109488,67120,111344,68592,6843.0,4195.0,6959.0,4287.0
1798,Brussaux,1,109008,63552,111616,65984,6813.0,3972.0,6976.0,4124.0
1799,Koundé,1,109344,65408,111456,67408,6834.0,4088.0,6966.0,4213.0
1800,Epéna,1,110160,69632,111345,71246,6885.0,4352.0,6959.0625,4452.875
1801,Archambault,1,110240,61584,112752,63936,6890.0,3849.0,7047.0,3996.0
1802,Mao,1,107648,60112,109888,62720,6728.0,3757.0,6868.0,3920.0
1803,Laï,1,108848,62032,110512,64272,6803.0,3877.0,6907.0,4017.0
1804,Haraze,1,111328,59952,114368,62896,6958.0,3747.0,7148.0,3931.0
1805,Faya,1,110144,57088,112848,59456,6884.0,3568.0,7053.0,3716.0
1806,Ain Galakka,1,109104,55696,112384,58352,6819.0,3481.0,7024.0,3647.0
1807,Bardaï,1,108000,54992,111200,57792,6750.0,3437.0,6950.0,3612.0
1808,Fada,1,112112,56128,114688,59536,7007.0,3508.0,7168.0,3721.0
1809,Fort-Lamy,1,108672,62320,109616,63408,6792.0,3895.0,6851.0,3963.0
1810,Moussoro,1,109616,59248,112496,62192,6851.0,3703.0,7031.0,3887.0
1811,Arada,1,112288,58464,114688,61104,7018.0,3654.0,7168.0,3819.0
1812,Ziguei,1,108032,57568,110736,60688,6752.0,3598.0,6921.0,3793.0
1813,Bossangoa,1,111312,65472,112048,66288,6957.0,4092.0,7003.0,4143.0
1814,Ad-Damazin,1,122172,61728,123984,64845,7635.75,3858.0,7749.0,4052.8125
1815,Mklama,1,123088,73024,123696,73792,7693.0,4564.0,7731.0,4612.0
1816,Lastoursville,1,105872,70624,107920,72240,6617.0,4414.0,6745.0,4515.0
1817,Sembé,1,106880,69792,108368,71520,6680.0,4362.0,6773.0,4470.0
1818,Kassala,1,123568,59120,125536,60912,7723.0,3695.0,7846.0,3807.0
1819,Kafia Kingi,1,114064,62560,116208,64704,7129.0,3910.0,7263.0,4044.0
1820,Deim Zubeir,1,115072,64944,117328,66352,7192.0,4059.0,7333.0,4147.0
1821,Malakai,1,120368,62976,121168,63584,7523.0,3936.0,7573.0,3974.0
1822,Juba,1,120272,67806,121199,68608,7517.0,4237.875,7574.9375,4288.0
1823,Nimule,1,120400,68291,121827,69319,7525.0,4268.1875,7614.1875,4332.4375
1824,Mongalla,1,120607,66403,122272,68482,7537.9375,4150.1875,7642.0,4280.125
1825,Torit,1,121630,67600,124144,69315,7601.875,4225.0,7759.0,4332.1875
1826,Akobo,1,121172,65516,122868,66992,7573.25,4094.75,7679.25,4187.0
1827,Nasir,1,121680,63630,122914,65791,7605.0,3976.875,7682.125,4111.9375
1828,Shambe,1,118400,65840,120799,67312,7400.0,4115.0,7549.9375,4207.0
1829,Meshra' er Req,1,116384,63616,118480,65600,7274.0,3976.0,7405.0,4100.0
1830,Wau,1,117040,65392,118048,66144,7315.0,4087.0,7378.0,4134.0
1831,Tambura,1,115696,66144,117984,68399,7231.0,4134.0,7374.0,4274.9375
1832,Maridi,1,117475,67792,118896,68914,7342.1875,4237.0,7431.0,4307.125
1833,Kodok,1,120688,61810,122662,63920,7543.0,3863.125,7666.375,3995.0
1834,Lui,1,118464,66751,120840,68272,7404.0,4171.9375,7552.5,4267.0
1835,Abang,1,116912,65888,118608,67856,7307.0,4118.0,7413.0,4241.0
1836,Turalei,1,115792,62400,117568,64144,7237.0,3900.0,7348.0,4009.0
1837,Kamil,1,117424,62240,119232,63712,7339.0,3890.0,7452.0,3982.0
1838,Tonga,1,118304,62464,120768,64448,7394.0,3904.0,7548.0,4028.0
1839,Wernyol,1,120528,65711,121413,66608,7533.0,4106.9375,7588.3125,4163.0
1840,Waat,1,120608,64528,121866,65825,7538.0,4033.0,7616.625,4114.0625
1841,Ayod,1,119408,64192,120848,66048,7463.0,4012.0,7553.0,4128.0
1842,Beh,1,121952,66325,123872,67920,7622.0,4145.3125,7742.0,4245.0
1843,Leer,1,118016,64288,119648,66208,7376.0,4018.0,7478.0,4138.0
1844,Raga,1,114720,63776,116576,65280,7170.0,3986.0,7286.0,4080.0
1845,Biar,1,119968,63504,121888,64736,7498.0,3969.0,7618.0,4046.0
1846,Yei,1,118734,68064,120528,69404,7420.875,4254.0,7533.0,4337.75
1847,Yola,1,106640,63152,108016,64944,6665.0,3947.0,6751.0,4059.0
1848,Bauchi,1,103952,63904,105776,65488,6497.0,3994.0,6611.0,4093.0
1849,Kontagora,1,101312,62816,102864,64768,6332.0,3926.0,6429.0,4048.0
1850,Abeoukuta,1,99787,64972,101200,66859,6236.6875,4060.75,6325.0,4178.6875
1851,Calabar,1,103239,67280,104176,68130,6452.4375,4205.0,6511.0,4258.125
1852,Abakaliki,1,101936,65600,104128,67648,6371.0,4100.0,6508.0,4228.0
1853,Port Harcourt,1,101218,66576,103392,68327,6326.125,4161.0,6462.0,4270.4375
1854,Wukari,1,103984,65152,105872,67664,6499.0,4072.0,6617.0,4229.0
1855,Jalingo,1,105392,64592,106864,65776,6587.0,4037.0,6679.0,4111.0
1856,Gombe,1,105504,63376,106864,64704,6594.0,3961.0,6679.0,4044.0
1857,Damaturu,1,105808,62416,107392,63520,6613.0,3901.0,6712.0,3970.0
1858,Gusau,1,102288,62528,104256,63952,6393.0,3908.0,6516.0,3997.0
1859,Kaiama,1,99944,63280,101584,65440,6246.5,3955.0,6349.0,4090.0
1860,Monrovia,1,89119,66048,90224,66902,5569.9375,4128.0,5639.0,4181.375
1861,Loma,1,89616,65102,91392,66384,5601.0,4068.875,5712.0,4149.0
1862,Freetown,1,88124,64479,90462,66406,5507.75,4029.9375,5653.875,4150.375
1863,Greenville,1,90566,66704,92256,68167,5660.375,4169.0,5766.0,4260.4375
1864,Buchanan,1,89944,66048,91632,67376,5621.5,4128.0,5727.0,4211.0
1865,Ouagadougou,1,96272,61760,97056,62528,6017.0,3860.0,6066.0,3908.0
1866,Dori,1,96004,60398,98938,61984,6000.25,3774.875,6183.625,3874.0
1867,Kumasi,1,96544,65936,97328,66784,6034.0,4121.0,6083.0,4174.0
1868,Abidjan,1,94354,66960,95058,67768,5897.125,4185.0,5941.125,4235.5
1869,Koudougou,1,94413,61010,96480,62912,5900.8125,3813.125,6030.0,3932.0
1870,Bobo-Dioulasso,1,93154,61796,95216,63760,5822.125,3862.25,5951.0,3985.0
1871,Odienne,1,91056,63517,92816,65408,5691.0,3969.8125,5801.0,4088.0
1872,Korhogo,1,92512,63372,94816,65248,5782.0,3960.75,5926.0,4078.0
1873,Logouale,1,90848,65104,92992,66928,5678.0,4069.0,5812.0,4183.0
1874,Mankono,1,92880,64944,93648,65792,5805.0,4059.0,5853.0,4112.0
1875,Tabou,1,91872,66160,93408,68165,5742.0,4135.0,5838.0,4260.3125
1876,Sassandra,1,92896,65664,94487,67830,5806.0,4104.0,5905.4375,4239.375
1877,Dimbokro,1,94192,65728,95792,67120,5887.0,4108.0,5987.0,4195.0
1878,Prestea,1,94948,66464,97011,68000,5934.25,4154.0,6063.1875,4250.0
1879,Ashanti,1,95680,64736,97072,66704,5980.0,4046.0,6067.0,4169.0
1880,Bondoukou,1,93472,64288,95904,66192,5842.0,4018.0,5994.0,4137.0
1881,Accra,1,96816,66192,98615,67674,6051.0,4137.0,6163.4375,4229.625
1882,Lome,1,98272,66368,98976,67106,6142.0,4148.0,6186.0,4194.125
1883,Palime,1,96928,65072,98880,66544,6058.0,4067.0,6180.0,4159.0
1884,Savé,1,98432,63984,100117,66994,6152.0,3999.0,6257.3125,4187.125
1885,Tamale,1,96736,63872,98496,65216,6046.0,3992.0,6156.0,4076.0
1886,Navrongo,1,95888,62448,98352,64176,5993.0,3903.0,6147.0,4011.0
1887,Malanville,1,99024,62174,101052,64570,6189.0,3885.875,6315.75,4035.625
1888,Djougou,1,98176,63168,99440,64640,6136.0,3948.0,6215.0,4040.0
1889,Fada N' Gourma,1,97888,61256,99602,63280,6118.0,3828.5,6225.125,3955.0
1890,Tenkodogo,1,96864,61584,98240,63024,6054.0,3849.0,6140.0,3939.0
1891,Wa,1,95280,63296,97104,65200,5955.0,3956.0,6069.0,4075.0
1892,Gaoua,1,94336,62720,96304,64640,5896.0,3920.0,6019.0,4040.0
1893,Kankan,1,89536,63368,91385,65440,5596.0,3960.5,5711.5625,4090.0
1894,Davao City,1,187312,63104,187767,63541,11707.0,3944.0,11735.4375,3971.3125
1895,Bissau,1,85679,62080,86784,63109,5354.9375,3880.0,5424.0,3944.3125
1896,Kedougou,1,87168,61024,88784,62160,5448.0,3814.0,5549.0,3885.0
1897,Haute Casamance,1,85645,61248,87360,62376,5352.8125,3828.0,5460.0,3898.5
1898,St. Louis,1,85601,60018,86272,60688,5350.0625,3751.125,5392.0,3793.0
1899,Dakar,1,85340,60272,87200,61454,5333.75,3767.0,5450.0,3840.875
1900,Bakel,1,87824,59808,88784,61200,5489.0,3738.0,5549.0,3825.0
1901,Kiffa,1,87584,58528,89872,59872,5474.0,3658.0,5617.0,3742.0
1902,Tichit,1,89280,57104,91568,58912,5580.0,3569.0,5723.0,3682.0
1903,El Merayer,1,89936,55616,93440,57312,5621.0,3476.0,5840.0,3582.0
1904,Tagoujalet,1,91808,53424,94496,56000,5738.0,3339.0,5906.0,3500.0
1905,Merijinat,1,90272,51632,93520,54960,5642.0,3227.0,5845.0,3435.0
1906,Port Etienne,1,85172,56119,86080,56720,5323.25,3507.4375,5380.0,3545.0
1907,Tintan,1,85606,56240,87056,57424,5350.375,3515.0,5441.0,3589.0
1908,Atar,1,86896,56112,88336,57840,5431.0,3507.0,5521.0,3615.0
1909,Ouadane,1,88240,55840,90032,57376,5515.0,3490.0,5627.0,3586.0
1910,Nouakchott,1,86022,58752,86864,59344,5376.375,3672.0,5429.0,3709.0
1911,Aleg,1,87088,59296,87696,59776,5443.0,3706.0,5481.0,3736.0
1912,Tamba,1,86752,60496,88096,61584,5422.0,3781.0,5506.0,3849.0
1913,Chinguetti,1,87840,56848,88576,57472,5490.0,3553.0,5536.0,3592.0
1914,Tidjikja,1,87488,57168,89616,58592,5468.0,3573.0,5601.0,3662.0
1915,Moudjeria,1,86816,57632,88512,59360,5426.0,3602.0,5532.0,3710.0
1916,Bourjeimat,1,85613,57153,87200,58931,5350.8125,3572.0625,5450.0,3683.1875
1917,Kaédi,1,85804,59045,88064,60592,5362.75,3690.3125,5504.0,3787.0
1918,Tanezroft Tutrimt,1,89776,54672,92576,56640,5611.0,3417.0,5786.0,3540.0
1919,Fort Trinquet,1,89184,52832,91360,55504,5574.0,3302.0,5710.0,3469.0
1920,Taoudeni,1,93264,53984,97088,57168,5829.0,3374.0,6068.0,3573.0
1921,Aṣ-Ṣaḥrā’ al-Gharbīyah,1,87744,54032,89808,56208,5484.0,3377.0,5613.0,3513.0
1922,Kidai,1,98048,56688,101376,60320,6128.0,3543.0,6336.0,3770.0
1923,Mabrouk,1,95312,57008,97968,59072,5957.0,3563.0,6123.0,3692.0
1924,Araouan,1,93296,56736,96224,59392,5831.0,3546.0,6014.0,3712.0
1925,Néma,1,89600,57616,92320,60336,5600.0,3601.0,5770.0,3771.0
1926,Timbedra,1,88400,59376,90960,61072,5525.0,3711.0,5685.0,3817.0
1927,Conakry,1,86753,62944,87568,63813,5422.0625,3934.0,5473.0,3988.3125
1928,Mamou,1,87196,62832,89892,65217,5449.75,3927.0,5618.25,4076.0625
1929,Koumbia,1,86366,62048,88240,63316,5397.875,3878.0,5515.0,3957.25
1930,Dinguiray,1,88032,61952,89824,63168,5502.0,3872.0,5614.0,3948.0
1931,Bamako,1,90128,61840,90976,62624,5633.0,3865.0,5686.0,3914.0
1932,Bougouni,1,89440,62208,91776,63752,5590.0,3888.0,5736.0,3984.5
1933,Djenné,1,93344,59808,95728,61664,5834.0,3738.0,5983.0,3854.0
1934,San,1,92928,61440,94517,63256,5808.0,3840.0,5907.3125,3953.5
1935,Kayes,1,88624,60592,89552,61328,5539.0,3787.0,5597.0,3833.0
1936,Kita,1,88672,60944,90480,62240,5542.0,3809.0,5655.0,3890.0
1937,Banamba,1,90368,60224,91888,62416,5648.0,3764.0,5743.0,3901.0
1938,Segou,1,91664,60320,93680,62352,5729.0,3770.0,5855.0,3897.0
1939,Koutiala,1,91573,62160,93577,63912,5723.3125,3885.0,5848.5625,3994.5
1940,Homobori,1,97088,58688,99744,60682,6068.0,3668.0,6234.0,3792.625
1941,Bamba,1,97232,58288,98096,58928,6077.0,3643.0,6131.0,3683.0
1942,Bandiagara,1,95232,58736,97408,61174,5952.0,3671.0,6088.0,3823.375
1943,Niafounke,1,92928,58544,95616,60416,5808.0,3659.0,5976.0,3776.0
1944,Sokolo,1,91392,58720,93136,61264,5712.0,3670.0,5821.0,3829.0
1945,Mopti,1,93424,60160,94112,60784,5839.0,3760.0,5882.0,3799.0
1946,El Djouf,1,91216,56112,94160,59456,5701.0,3507.0,5885.0,3716.0
1947,Tanezrouft,1,95856,55328,98976,58368,5991.0,3458.0,6186.0,3648.0
1948,Villa Cisneros,1,85924,53199,88032,55344,5370.25,3324.9375,5502.0,3459.0
1949,Auadi,1,85180,55059,87840,56256,5323.75,3441.1875,5490.0,3516.0
1950,Laâyoune,1,87335,51243,88176,52112,5458.4375,3202.6875,5511.0,3257.0
1951,Smara,1,87692,50777,89744,52832,5480.75,3173.5625,5609.0,3302.0
1952,Bir Lehlu,1,89584,50816,91568,52848,5599.0,3176.0,5723.0,3303.0
1953,Mijek,1,87824,52384,89392,54128,5489.0,3274.0,5587.0,3383.0
1954,Bojador,1,86525,51781,88672,53760,5407.8125,3236.3125,5542.0,3360.0
1955,Victoria,1,108350,46844,108905,47203,6771.875,2927.75,6806.5625,2950.1875
1956,Valletta,1,108356,47072,109027,47493,6772.25,2942.0,6814.1875,2968.3125
1957,Majunga,1,130560,79424,131504,80160,8160.0,4964.0,8219.0,5010.0
1958,Fianarantsoa,1,130288,83504,130960,84096,8143.0,5219.0,8185.0,5256.0
1959,Tuléar,1,127907,84544,128672,85248,7994.1875,5284.0,8042.0,5328.0
1960,Tamatave,1,132064,80896,132816,81772,8254.0,5056.0,8301.0,5110.75
1961,Antalaha,1,132512,78848,133729,80283,8282.0,4928.0,8358.0625,5017.6875
1962,Marovoay,1,131148,79244,132464,80768,8196.75,4952.75,8279.0,5048.0
1963,Ananalava,1,131297,78723,132864,79808,8206.0625,4920.1875,8304.0,4988.0
1964,Mananara,1,132272,79808,133196,81143,8267.0,4988.0,8324.75,5071.4375
1965,Maevatanana,1,130624,80288,132304,81584,8164.0,5018.0,8269.0,5099.0
1966,Morafenobe,1,128663,79897,130832,82190,8041.4375,4993.5625,8177.0,5136.875
1967,Soalala,1,129518,79675,131408,80864,8094.875,4979.6875,8213.0,5054.0
1968,Tananrive,1,130656,81200,132688,82665,8166.0,5075.0,8293.0,5166.5625
1969,Ihosi,1,129216,83424,130544,84880,8076.0,5214.0,8159.0,5305.0
1970,Fort Dauphin,1,129280,84768,131018,86434,8080.0,5298.0,8188.625,5402.125
1971,Tsihombe,1,128240,85536,130080,86597,8015.0,5346.0,8130.0,5412.3125
1972,Morombe,1,127833,83268,129424,84752,7989.5625,5204.25,8089.0,5297.0
1973,Morondava,1,128385,81776,130224,83584,8024.0625,5111.0,8139.0,5224.0
1974,Miarinarivo,1,130048,81696,131008,82480,8128.0,5106.0,8188.0,5155.0
1975,Ambositra,1,129920,82272,131536,83632,8120.0,5142.0,8221.0,5227.0
1976,Chengteh,1,176848,35744,178768,38032,11053.0,2234.0,11173.0,2377.0
1977,Betioky,1,127934,84528,129600,86254,7995.875,5283.0,8100.0,5390.875
1978,Farafangana,1,130224,83729,131648,85204,8139.0,5233.0625,8228.0,5325.25
1979,Vatomandry,1,130784,82432,132191,83854,8174.0,5152.0,8261.9375,5240.875
1980,Mecca,1,127816,55280,128512,56097,7988.5,3455.0,8032.0,3506.0625
1981,Mendak,1,128015,56048,130256,58322,8000.9375,3503.0,8141.0,3645.125
1982,Ashaira,1,127964,54880,129488,56415,7997.75,3430.0,8093.0,3525.9375
1983,Yenbo,1,126200,52880,128032,54401,7887.5,3305.0,8002.0,3400.0625
1984,Wejh,1,125016,51104,127296,53065,7813.5,3194.0,7956.0,3316.5625
1985,Maqna,1,124367,49552,125856,51440,7772.9375,3097.0,7866.0,3215.0
1986,Tabuk,1,125392,49136,127552,51344,7837.0,3071.0,7972.0,3209.0
1987,Medain Salih,1,126736,50672,127936,52848,7921.0,3167.0,7996.0,3303.0
1988,Hadiya,1,127200,52176,128608,54096,7950.0,3261.0,8038.0,3381.0
1989,Khaibar,1,128128,52048,130496,54416,8008.0,3253.0,8156.0,3401.0
1990,Jauf,1,128720,47488,129440,48144,8045.0,2968.0,8090.0,3009.0
1991,Sakaka,1,129040,46768,130752,48480,8065.0,2923.0,8172.0,3030.0
1992,Kaf,1,127520,46560,129808,48048,7970.0,2910.0,8113.0,3003.0
1993,Doha,1,134875,51361,135637,52488,8429.6875,3210.0625,8477.3125,3280.5
1994,Medina,1,128704,53840,129568,54576,8044.0,3365.0,8098.0,3411.0
1995,Hajariya,1,128640,54256,130720,56480,8040.0,3391.0,8170.0,3530.0
1996,Sabiya,1,129613,57536,131680,60260,8100.8125,3596.0,8230.0,3766.25
1997,Laila,1,132096,53840,134960,56448,8256.0,3365.0,8435.0,3528.0
1998,Riyadh,1,132992,53248,133856,54096,8312.0,3328.0,8366.0,3381.0
1999,Mubarraz,1,133504,52048,135584,54144,8344.0,3253.0,8474.0,3384.0
2000,Shaqra,1,129760,51280,133760,54016,8110.0,3205.0,8360.0,3376.0
2001,Dam,1,131632,56064,132512,56992,8227.0,3504.0,8282.0,3562.0
2002,Jubbah,1,126816,47888,129904,49552,7926.0,2993.0,8119.0,3097.0
2003,Taima,1,126608,48960,129392,52384,7913.0,3060.0,8087.0,3274.0
2004,Qasr al Haiyanya,1,129664,47488,131792,50048,8104.0,2968.0,8237.0,3128.0
2005,Buraida,1,130352,49440,133024,52176,8147.0,3090.0,8314.0,3261.0
2006,Hail,1,128768,49264,130880,52320,8048.0,3079.0,8180.0,3270.0
2007,Jabrin,1,134464,53936,136768,55744,8404.0,3371.0,8548.0,3484.0
2008,Rub' al Khali,1,135376,53984,138528,57568,8461.0,3374.0,8658.0,3598.0
2009,Raydā,1,132496,56320,135376,59824,8281.0,3520.0,8461.0,3739.0
2010,Ash Shalfa,1,133504,55504,137120,58832,8344.0,3469.0,8570.0,3677.0
2011,Qunsuliya,1,130016,53584,132400,56704,8126.0,3349.0,8275.0,3544.0
2012,Dhamar,1,131216,59488,133600,60944,8201.0,3718.0,8350.0,3809.0
2013,Hodeida,1,130709,60112,131360,60852,8169.3125,3757.0,8210.0,3803.25
2014,Tolunnoerh,1,174925,35280,177600,37456,10932.8125,2205.0,11100.0,2341.0
2015,Mocha,1,130882,60576,132560,62520,8180.125,3786.0,8285.0,3907.5
2016,Maqlaf,1,131504,58240,133920,60112,8219.0,3640.0,8370.0,3757.0
2017,Qadhima,1,127316,53936,128768,55563,7957.25,3371.0,8048.0,3472.6875
2018,Debaba,1,130000,55984,133168,58784,8125.0,3499.0,8323.0,3674.0
2019,Al Hofuf,2,133824,51305,136007,53776,8364.0,3206.5625,8500.4375,3361.0
2020,Kahafa,1,131760,48749,133493,50832,8235.0,3046.8125,8343.3125,3177.0
2021,Qasr es Sabh,1,132768,50404,134564,52128,8298.0,3150.25,8410.25,3258.0
2022,Muscat,1,139824,53121,140619,53840,8739.0,3320.0625,8788.6875,3365.0
2023,Sharja,1,135424,50901,138861,54336,8464.0,3181.3125,8678.8125,3396.0
2024,Ibri,1,137248,52416,140242,54880,8578.0,3276.0,8765.125,3430.0
2025,Aden,1,131604,60704,134357,62681,8225.25,3794.0,8397.3125,3917.5625
2026,Mukalla,4,133824,60016,137363,62473,8364.0,3751.0,8585.1875,3904.5625
2027,Sakwa,1,132960,59536,134784,61168,8310.0,3721.0,8424.0,3823.0
2028,Murbat,1,136240,57312,138682,59716,8515.0,3582.0,8667.625,3732.25
2029,Saihut,1,134496,58448,136878,60720,8406.0,3653.0,8554.875,3795.0
2030,Sharkh,1,138368,53623,140838,56112,8648.0,3351.4375,8802.375,3507.0
2031,Juwara,1,137344,55792,139950,57923,8584.0,3487.0,8746.875,3620.1875
2032,Haifa,1,125166,45302,126224,46560,7822.875,2831.375,7889.0,2910.0
2033,Sharamuren,1,171952,34640,172720,35456,10747.0,2165.0,10795.0,2216.0
2034,Jerusalem,1,125440,46640,126096,47216,7840.0,2915.0,7881.0,2951.0
2035,Beirut,1,125168,44800,125888,45488,7823.0,2800.0,7868.0,2843.0
2036,Jaffa,1,124654,46346,125792,48192,7790.875,2896.625,7862.0,3012.0
2037,Damascus,1,125632,44864,127216,45968,7852.0,2804.0,7951.0,2873.0
2038,Hama,1,125126,43760,126880,45040,7820.375,2735.0,7930.0,2815.0
2039,Aleppo,1,126032,42880,126576,43408,7877.0,2680.0,7911.0,2713.0
2040,Al-Raqqah,1,126464,42432,127888,43600,7904.0,2652.0,7993.0,2725.0
2041,Tell Kotchek,1,127504,40912,129040,42752,7969.0,2557.0,8065.0,2672.0
2042,Deir ez Zor,1,127568,43168,128080,43664,7973.0,2698.0,8005.0,2729.0
2043,Ammam,1,125760,45776,127168,47184,7860.0,2861.0,7948.0,2949.0
2044,Bādiyat Ash-shām,1,126960,45344,128448,47584,7935.0,2834.0,8028.0,2974.0
2045,Aqaba,1,123804,47471,126048,49872,7737.75,2966.9375,7878.0,3117.0
2046,Ma'an,1,125472,47440,128048,49344,7842.0,2965.0,8003.0,3084.0
2047,Hebron,1,125088,47056,127344,48400,7818.0,2941.0,7959.0,3025.0
2048,Soukhné,1,126944,43536,127984,44800,7934.0,2721.0,7999.0,2800.0
2049,Abu Kemal,1,127488,43504,128704,45424,7968.0,2719.0,8044.0,2839.0
2050,Al Dana,1,125600,42496,126304,43904,7850.0,2656.0,7894.0,2744.0
2051,Palmyra,1,126576,44480,127984,45728,7911.0,2780.0,7999.0,2858.0
2052,Al Suwar,1,127792,42496,128800,43888,7987.0,2656.0,8050.0,2743.0
2053,Manbij,1,126192,41968,127680,43024,7887.0,2623.0,7980.0,2689.0
2054,Meskene,1,126112,43280,127104,44624,7882.0,2705.0,7944.0,2789.0
2055,Al Kuwait,1,131792,48081,132365,48688,8237.0,3005.0625,8272.8125,3043.0
2056,Basra,1,132080,47008,132869,47682,8255.0,2938.0,8304.3125,2980.125
2057,Rutba,1,128128,45104,129552,46704,8008.0,2819.0,8097.0,2919.0
2058,Al-Nukhib,1,129344,45728,130752,47232,8084.0,2858.0,8172.0,2952.0
2059,Qasr'Uthaimin,1,130272,47008,132080,48304,8142.0,2938.0,8255.0,3019.0
2060,Mosul,1,129312,41552,129904,42080,8082.0,2597.0,8119.0,2630.0
2061,Erbil,1,129824,40448,131584,42080,8114.0,2528.0,8224.0,2630.0
2062,Kirkuk,1,130224,41824,132192,43232,8139.0,2614.0,8262.0,2702.0
2063,Kalar,1,131584,42784,132864,44448,8224.0,2674.0,8304.0,2778.0
2064,Baghdad,1,131200,44976,131904,45488,8200.0,2811.0,8244.0,2843.0
2065,Amara,1,131984,45408,132928,47072,8249.0,2838.0,8308.0,2942.0
2066,Samawa,1,130592,46224,132384,47312,8162.0,2889.0,8274.0,2957.0
2067,Qal a Sharqat,1,128544,41760,130416,43104,8034.0,2610.0,8151.0,2694.0
2068,Anah,1,128448,43632,130128,45408,8028.0,2727.0,8133.0,2838.0
2069,Tikrit,1,129936,43920,130608,44464,8121.0,2745.0,8163.0,2779.0
2070,Samarra,1,129888,44272,131520,45184,8118.0,2767.0,8220.0,2824.0
2071,Ramadi,1,129328,44864,130704,45936,8083.0,2804.0,8169.0,2871.0
2072,Fallujah,1,130416,44656,131584,45712,8151.0,2791.0,8224.0,2857.0
2073,An Najaf,1,130512,45344,132240,46432,8157.0,2834.0,8265.0,2902.0
2074,Duhok,1,128768,40320,130432,41952,8048.0,2520.0,8152.0,2622.0
2075,Baiji,1,128720,42944,130720,44000,8045.0,2684.0,8170.0,2750.0
2076,Tuz Khurma,1,130448,43120,131840,44384,8153.0,2695.0,8240.0,2774.0
2077,Al Jahra,1,131152,47408,132564,48976,8197.0,2963.0,8285.25,3061.0
2078,Mandali,1,131424,44272,133008,45520,8214.0,2767.0,8313.0,2845.0
2079,Tehran,1,135392,42448,136096,43216,8462.0,2653.0,8506.0,2701.0
2080,Amol,1,135431,41740,137600,43488,8464.4375,2608.75,8600.0,2718.0
2081,Gyumri,1,130016,37104,132128,39232,8126.0,2319.0,8258.0,2452.0
2082,Baku,1,131840,37277,134407,39632,8240.0,2329.8125,8400.4375,2477.0
2083,Reshawar,1,146816,42688,148896,44448,9176.0,2668.0,9306.0,2778.0
2084,Tabriz,1,132112,39504,132944,40192,8257.0,2469.0,8309.0,2512.0
2085,Ardabil,1,132704,39180,134405,41488,8294.0,2448.75,8400.3125,2593.0
2086,Urmia,1,130512,38896,132464,41072,8157.0,2431.0,8279.0,2567.0
2087,Zanjan,1,131456,40096,133584,43216,8216.0,2506.0,8349.0,2701.0
2088,Karaj,1,133376,41142,135648,43376,8336.0,2571.375,8478.0,2711.0
2089,Kermanshah,1,132640,42896,134912,45456,8290.0,2681.0,8432.0,2841.0
2090,Abbottabad,1,148720,42688,150281,44354,9295.0,2668.0,9392.5625,2772.125
2091,Bandar Busher,1,134160,45968,135904,48579,8385.0,2873.0,8494.0,3036.1875
2092,Bandar Abbas,1,138032,48400,138784,48977,8627.0,3025.0,8674.0,3061.0625
2093,Chabahar,1,140048,48048,143072,50432,8753.0,3003.0,8942.0,3152.0
2094,Zahedan,1,139664,46224,142736,48432,8729.0,2889.0,8921.0,3027.0
2095,Kerman,1,138928,46400,139904,47184,8683.0,2900.0,8744.0,2949.0
2096,Mashhad,1,138704,40608,141040,42976,8669.0,2538.0,8815.0,2686.0
2097,Gorgan,1,137122,40816,139056,44064,8570.125,2551.0,8691.0,2754.0
2098,Kashan,1,134288,42880,137712,44784,8393.0,2680.0,8607.0,2799.0
2099,Isfahan,1,134176,44624,136864,46768,8386.0,2789.0,8554.0,2923.0
2100,Ahvaz,1,132464,44784,134640,47566,8279.0,2799.0,8415.0,2972.875
2101,Shiraz,1,135632,46736,136576,47520,8477.0,2921.0,8536.0,2970.0
2102,Sirjan,1,135615,46384,139168,49513,8475.9375,2899.0,8698.0,3094.5625
2103,Gonbaki,1,138528,46976,140816,50226,8658.0,2936.0,8801.0,3139.125
2104,Khur,1,136528,43968,138368,46608,8533.0,2748.0,8648.0,2913.0
2105,Tabas,1,138080,44384,139952,46688,8630.0,2774.0,8747.0,2918.0
2106,Birjand,1,139504,44096,141536,46464,8719.0,2756.0,8846.0,2904.0
2107,Gonabad,1,138032,42656,141120,44768,8627.0,2666.0,8820.0,2798.0
2108,Kalgan,1,172624,34336,176204,37551,10789.0,2146.0,11012.75,2346.9375
2109,Kweihwa,1,169952,34800,173908,38288,10622.0,2175.0,10869.25,2393.0
2110,Kabul,1,145424,42976,146208,43760,9089.0,2686.0,9138.0,2735.0
2111,Jelalabad,1,145872,41616,147632,44112,9117.0,2601.0,9227.0,2757.0
2112,Mazar-i-Sherif,1,143424,40672,145648,42448,8964.0,2542.0,9103.0,2653.0
2113,Herat,1,140624,42400,142688,44560,8789.0,2650.0,8918.0,2785.0
2114,Kandahar,1,143216,44864,145552,47216,8951.0,2804.0,9097.0,2951.0
2115,Farah,1,140656,44144,143376,45888,8791.0,2759.0,8961.0,2868.0
2116,Ghazni,1,144928,43616,147024,46016,9058.0,2726.0,9189.0,2876.0
2117,Bamyan,1,144000,42224,146224,44512,9000.0,2639.0,9139.0,2782.0
2118,Faizabad,1,145328,40160,146864,42448,9083.0,2510.0,9179.0,2653.0
2119,Chaghcharān,1,142400,41616,144304,44208,8900.0,2601.0,9019.0,2763.0
2120,Zirni,1,142544,43856,144992,45264,8909.0,2741.0,9062.0,2829.0
2121,Deshu,1,141168,45520,144048,47184,8823.0,2845.0,9003.0,2949.0
2122,Kalat,1,144160,46592,145488,49616,9010.0,2912.0,9093.0,3101.0
2123,Quetta,1,144976,46752,145648,47392,9061.0,2922.0,9103.0,2962.0
2124,Karachi,1,145052,50096,145696,50729,9065.75,3131.0,9106.0,3170.5625
2125,Gwadar,1,142110,49152,144064,50504,8881.875,3072.0,9004.0,3156.5
2126,Srinagar,1,150208,43615,150944,44320,9388.0,2725.9375,9434.0,2770.0
2127,Jammu,1,149774,43281,151728,45456,9360.875,2705.0625,9483.0,2841.0
2128,Chamba,1,151541,43623,153376,45136,9471.3125,2726.4375,9586.0,2821.0
2129,Leh,1,151024,42272,153359,44266,9439.0,2642.0,9584.9375,2766.625
2130,Astor,1,149408,41760,151520,43991,9338.0,2610.0,9470.0,2749.4375
2131,Gilgit,1,147152,41552,149728,42816,9197.0,2597.0,9358.0,2676.0
2132,Rawalpindi,1,148832,43936,149467,44639,9302.0,2746.0,9341.6875,2789.9375
2133,Lahore,1,148669,44199,150512,46304,9291.8125,2762.4375,9407.0,2894.0
2134,Loralai,1,144528,45712,146768,47680,9033.0,2857.0,9173.0,2980.0
2135,Badin,1,145768,49808,148192,52047,9110.5,3113.0,9262.0,3252.9375
2136,Shikarpur,1,144320,48672,146635,50294,9020.0,3042.0,9164.6875,3143.375
2137,Isai Kalat,1,142480,48048,144640,49792,8905.0,3003.0,9040.0,3112.0
2138,Dalbandin,1,141696,46960,144400,48416,8856.0,2935.0,9025.0,3026.0
2139,Hyderabad (PK),1,145483,49545,147254,51290,9092.6875,3096.5625,9203.375,3205.625
2140,Jhang Maghiana,1,147519,45689,149248,47728,9219.9375,2855.5625,9328.0,2983.0
2141,Dera Ismail Khan,1,145968,45248,148888,46768,9123.0,2828.0,9305.5,2923.0
2142,Bannu,1,146448,43904,149070,45520,9153.0,2744.0,9316.875,2845.0
2143,Multan,1,147505,47113,147984,47810,9219.0625,2944.5625,9249.0,2988.125
2144,Bahawalpur,1,147143,47536,149056,49200,9196.4375,2971.0,9316.0,3075.0
2145,Sukkur,1,146288,48225,148320,50167,9143.0,3014.0625,9270.0,3135.4375
2146,Delhi,1,152384,47648,153114,48320,9524.0,2978.0,9569.625,3020.0
2147,Hinglaj,1,143777,49744,144512,50314,8986.0625,3109.0,9032.0,3144.625
2148,Dera Ghazi Khan,1,146496,46616,147787,48429,9156.0,2913.5,9236.6875,3026.8125
2149,Kasur,1,149072,46144,150288,47488,9317.0,2884.0,9393.0,2968.0
2150,Bahawalnagar,1,148720,47344,150048,48944,9295.0,2959.0,9378.0,3059.0
2151,Jaipur,1,151568,48896,152288,49616,9473.0,3056.0,9518.0,3101.0
2152,Jodhpur,1,149200,49152,149792,49808,9325.0,3072.0,9362.0,3113.0
2153,Barmer,1,147744,49520,149392,51248,9234.0,3095.0,9337.0,3203.0
2154,Kishangarh,1,147968,48848,149456,49984,9248.0,3053.0,9341.0,3124.0
2155,Alwar,1,151552,48000,154147,49312,9472.0,3000.0,9634.1875,3082.0
2156,Udaipur,1,150224,49760,151984,51488,9389.0,3110.0,9499.0,3218.0
2157,Nagaur,1,149344,48400,150848,49680,9334.0,3025.0,9428.0,3105.0
2158,Ajmer,1,150544,48368,151856,50000,9409.0,3023.0,9491.0,3125.0
2159,Lucknow,1,154436,48272,156928,50413,9652.25,3017.0,9808.0,3150.8125
2160,Jhansi,1,153392,49156,155225,51280,9587.0,3072.25,9701.5625,3205.0
2161,Bhopal,1,153632,50832,155136,52256,9602.0,3177.0,9696.0,3266.0
2162,Indore,1,153424,51984,153888,52448,9589.0,3249.0,9618.0,3278.0
2163,Mhow,1,152064,52176,154400,53536,9504.0,3261.0,9650.0,3346.0
2164,Ratlam,1,151472,50928,153296,53392,9467.0,3183.0,9581.0,3337.0
2165,Amritsar,1,149920,45008,152064,47008,9370.0,2813.0,9504.0,2938.0
2166,Meerut,1,152320,46159,153881,47938,9520.0,2884.9375,9617.5625,2996.125
2167,Bareilly,1,152982,47315,155632,49383,9561.375,2957.1875,9727.0,3086.4375
2168,Gwalior,1,152896,49168,153600,50016,9556.0,3073.0,9600.0,3126.0
2169,Kotah,1,151824,49040,153248,51008,9489.0,3065.0,9578.0,3188.0
2170,Ujjain,1,152400,49984,153888,52528,9525.0,3124.0,9618.0,3283.0
2171,Mandi,1,151744,44688,155048,46315,9484.0,2793.0,9690.5,2894.6875
2172,Kathgodam,1,153658,45996,155792,47744,9603.625,2874.75,9737.0,2984.0
2173,Hissar,1,150768,46176,152656,48096,9423.0,2886.0,9541.0,3006.0
2174,Bikaner,1,149760,46848,151584,48624,9360.0,2928.0,9474.0,3039.0
2175,Marwar,1,149184,49552,150880,51488,9324.0,3097.0,9430.0,3218.0
2176,Khandwa,1,154064,52016,155296,53840,9629.0,3251.0,9706.0,3365.0
2177,Allahbad,1,155975,49862,156853,50576,9748.4375,3116.375,9803.3125,3161.0
2178,Patna,1,158106,49872,158820,50432,9881.625,3117.0,9926.25,3152.0
2179,Jamshedpur,1,159328,51468,160578,53196,9958.0,3216.75,10036.125,3324.75
2180,Cuttack,1,158336,53072,159800,54569,9896.0,3317.0,9987.5,3410.5625
2181,Berhampur,1,157056,54160,158803,55552,9816.0,3385.0,9925.1875,3472.0
2182,Raipur,1,155472,53264,157040,54624,9717.0,3329.0,9815.0,3414.0
2183,Nagpur,1,155024,53344,155600,53904,9689.0,3334.0,9725.0,3369.0
2184,Jagdalpur,1,155632,54400,157312,55920,9727.0,3400.0,9832.0,3495.0
2185,Gangtok,1,159792,48896,161520,50515,9987.0,3056.0,10095.0,3157.1875
2186,Goalpara,1,160833,49648,162829,51194,10052.0625,3103.0,10176.8125,3199.625
2187,Katihar,1,158992,50324,161029,51840,9937.0,3145.25,10064.3125,3240.0
2188,Monghyr,1,158320,49440,159971,50831,9895.0,3090.0,9998.1875,3176.9375
2189,Gorakhpur,1,155848,48768,158496,50288,9740.5,3048.0,9906.0,3143.0
2190,Ghazipur,1,156576,49961,158224,51280,9786.0,3122.5625,9889.0,3205.0
2191,Rewah,1,155008,49844,156848,51424,9688.0,3115.25,9803.0,3214.0
2192,Katni,1,154880,50976,156688,52384,9680.0,3186.0,9793.0,3274.0
2193,Sonhat,1,156496,51008,158608,52416,9781.0,3188.0,9913.0,3276.0
2194,Baud,1,156832,53376,158448,54768,9802.0,3336.0,9903.0,3423.0
2195,Balasore,1,159392,52800,160098,53534,9962.0,3300.0,10006.125,3345.875
2196,Daspur,1,158128,51808,159808,53456,9883.0,3238.0,9988.0,3341.0
2197,Gaya,1,157888,50112,159991,51648,9868.0,3132.0,9999.4375,3228.0
2198,Ranchi,1,158416,51520,159120,52192,9901.0,3220.0,9945.0,3262.0
2199,Raighar,1,156288,52176,158240,53536,9768.0,3261.0,9890.0,3346.0
2200,Seoni,1,155008,52256,156384,53600,9688.0,3266.0,9774.0,3350.0
2201,Chanda,1,154752,53744,155968,55008,9672.0,3359.0,9748.0,3438.0
2202,Madras,1,154944,59266,155552,60048,9684.0,3704.125,9722.0,3753.0
2203,Bangalore,1,153440,59312,154208,59920,9590.0,3707.0,9638.0,3745.0
2204,Hyderabad,1,154144,55984,154810,56629,9634.0,3499.0,9675.625,3539.3125
2205,Bombay,1,149963,55152,150544,55812,9372.6875,3447.0,9409.0,3488.25
2206,Jawhar,1,149820,54192,151776,55408,9363.75,3387.0,9486.0,3463.0
2207,Poona,1,150336,55184,151680,56208,9396.0,3449.0,9480.0,3513.0
2208,Nirmal,1,153888,53792,155584,55440,9618.0,3362.0,9724.0,3465.0
2209,Vizagapatam,1,156144,55136,158351,57193,9759.0,3446.0,9896.9375,3574.5625
2210,Salem,1,153200,59824,154512,61216,9575.0,3739.0,9657.0,3826.0
2211,Madura,1,153632,60736,155280,62846,9602.0,3796.0,9705.0,3927.875
2212,Trivandrum,1,152794,62304,154215,63464,9549.625,3894.0,9638.4375,3966.5
2213,Vellore,1,154064,59424,155506,61102,9629.0,3714.0,9719.125,3818.875
2214,Mangalore,1,151347,58320,152976,60496,9459.1875,3645.0,9561.0,3781.0
2215,Hassan,1,152368,57872,153616,60432,9523.0,3617.0,9601.0,3777.0
2216,Palghat,1,151984,60336,154224,62673,9499.0,3771.0,9639.0,3917.0625
2217,Hindupur,1,153248,57952,154656,59488,9578.0,3622.0,9666.0,3718.0
2218,Nellore,1,154384,57812,155551,59536,9649.0,3613.25,9721.9375,3721.0
2219,Masulipatam,1,154880,56292,156671,57947,9680.0,3518.25,9791.9375,3621.6875
2220,Warangal,1,154384,54880,156263,56467,9649.0,3430.0,9766.4375,3529.1875
2221,Kolhapur,1,150013,55677,151761,57498,9375.8125,3479.8125,9485.0625,3593.625
2222,Dharwar,1,150513,56732,152670,59023,9407.0625,3545.75,9541.875,3688.9375
2223,Sholapur,1,153104,55088,154480,56855,9569.0,3443.0,9655.0,3553.4375
2224,Pandhapur,1,151468,55120,153391,57308,9466.75,3445.0,9586.9375,3581.75
2225,Dhulia,1,151232,53104,153296,55232,9452.0,3319.0,9581.0,3452.0
2226,Raichur,1,152783,56371,155377,58160,9548.9375,3523.1875,9711.0625,3635.0
2227,Gadag,1,152224,57176,153104,58096,9514.0,3573.5,9569.0,3631.0
2228,Aurangabad,1,152688,53360,154448,55344,9543.0,3335.0,9653.0,3459.0
2229,Sil Garhi,1,155184,46912,157264,48576,9699.0,2932.0,9829.0,3036.0
2230,Kathmandu,1,157936,48480,158416,49056,9871.0,3030.0,9901.0,3066.0
2231,Dhankuta,1,159024,48528,160752,49920,9939.0,3033.0,10047.0,3120.0
2232,Hariyon,1,157616,48864,159328,49728,9851.0,3054.0,9958.0,3108.0
2233,Bhadgaon,1,158224,48416,159344,49184,9889.0,3026.0,9959.0,3074.0
2234,Pokhra,1,156720,47776,158256,49200,9795.0,2986.0,9891.0,3075.0
2235,Ahmedabad,1,148816,51760,149408,52304,9301.0,3235.0,9338.0,3269.0
2236,Rajkot,1,146917,52230,149606,53854,9182.3125,3264.375,9350.375,3365.875
2237,Surat,1,149713,52573,151680,54496,9357.0625,3285.8125,9480.0,3406.0
2238,Baroda,1,149872,50928,151888,52768,9367.0,3183.0,9493.0,3298.0
2239,Nadiad,1,148512,51440,150432,53328,9282.0,3215.0,9402.0,3333.0
2240,Patan,1,146769,51136,149696,52432,9173.0625,3196.0,9356.0,3277.0
2241,Calcutta,1,160238,51736,161833,53305,10014.875,3233.5,10114.5625,3331.5625
2242,Dacca,1,161616,51632,162208,52149,10101.0,3227.0,10138.0,3259.3125
2243,Bogra,1,160543,50652,162333,51956,10033.9375,3165.75,10145.8125,3247.25
2244,Chandpur,1,161629,51045,162956,53054,10101.8125,3190.3125,10184.75,3315.875
2245,Punaka,1,160896,48688,161872,49728,10056.0,3043.0,10117.0,3108.0
2246,Bumtan,1,161584,48880,162605,49824,10099.0,3055.0,10162.8125,3114.0
2247,Rangoon,1,166336,56256,166877,56981,10396.0,3516.0,10429.8125,3561.3125
2248,Shillong,1,162337,48818,164416,51344,10146.0625,3051.125,10276.0,3209.0
2249,Aijal,1,162512,51168,164576,52848,10157.0,3198.0,10286.0,3303.0
2250,Imphal,1,164704,50640,165408,51280,10294.0,3165.0,10338.0,3205.0
2251,Fort Hertz,1,166032,47126,168112,48960,10377.0,2945.375,10507.0,3060.0
2252,Dibrugarh,1,163296,46752,166400,49520,10206.0,2922.0,10400.0,3095.0
2253,Mandalay,1,165664,52272,166416,52832,10354.0,3267.0,10401.0,3302.0
2254,Kengtung,1,167664,51488,169232,53408,10479.0,3218.0,10577.0,3338.0
2255,Maingpan,1,166816,53216,169157,54464,10426.0,3326.0,10572.3125,3404.0
2256,Moulmein,1,167070,55296,168640,57869,10441.875,3456.0,10540.0,3616.8125
2257,Mengui,1,167630,57504,169008,60800,10476.875,3594.0,10563.0,3800.0
2258,Bassein,1,164781,55536,166517,57551,10298.8125,3471.0,10407.3125,3596.9375
2259,Chittagong,1,162827,52576,163408,53146,10176.6875,3286.0,10213.0,3321.625
2260,Pyinmana,1,165680,53888,167872,55552,10355.0,3368.0,10492.0,3472.0
2261,Lungnak,1,152992,39897,156071,41920,9562.0,2493.5625,9754.4375,2620.0
2262,Lashung,1,154720,40637,158145,42768,9670.0,2539.8125,9884.0625,2673.0
2263,Gomo,1,157152,40631,159358,43840,9822.0,2539.4375,9959.875,2740.0
2264,Rudok,1,152608,40608,155104,43465,9538.0,2538.0,9694.0,2716.5625
2265,Gartok,1,153888,43881,154698,44560,9618.0,2742.5625,9668.625,2785.0
2266,Ladse Dzong,1,157888,47110,160272,48736,9868.0,2944.375,10017.0,3046.0
2267,Bhamo,1,166656,50416,168208,51936,10416.0,3151.0,10513.0,3246.0
2268,Shazia,1,155392,42656,156256,43376,9712.0,2666.0,9766.0,2711.0
2269,Daurakpa,1,156384,43696,158768,45888,9774.0,2731.0,9923.0,2868.0
2270,Tradum,1,156048,45660,158530,48112,9753.0,2853.75,9908.125,3007.0
2271,Lhasa,1,161243,46848,162107,47579,10077.6875,2928.0,10131.6875,2973.6875
2272,Chetang,1,161671,46687,163615,48480,10104.4375,2917.9375,10225.9375,3030.0
2273,Dhirang Dzong,1,162288,48369,162886,49162,10143.0,3023.0625,10180.375,3072.625
2274,Tsari,1,162620,46640,164944,49008,10163.75,2915.0,10309.0,3063.0
2275,Phondu,1,160960,45632,163025,47401,10060.0,2852.0,10189.0625,2962.5625
2276,Ed Dzong,1,160336,44145,163066,46032,10021.0,2759.0625,10191.625,2877.0
2277,Darchoi,1,158448,43078,161049,45456,9903.0,2692.375,10065.5625,2841.0
2278,Govo,1,157518,45072,160208,47325,9844.875,2817.0,10013.0,2957.8125
2279,Shigatse,1,160030,47384,160826,48144,10001.875,2961.5,10051.625,3009.0
2280,Gyangtse,1,160160,47225,162432,48960,10010.0,2951.5625,10152.0,3060.0
2281,Lhari,1,162736,44888,164896,47091,10171.0,2805.5,10306.0,2943.1875
2282,Chamchu,1,154040,42608,155632,44377,9627.5,2663.0,9727.0,2773.5625
2283,Parka,1,154912,44624,156704,46944,9682.0,2789.0,9794.0,2934.0
2284,Nagron,1,156096,42320,157968,44144,9756.0,2645.0,9873.0,2759.0
2285,Selipuk,1,154991,43168,156800,44992,9686.9375,2698.0,9800.0,2812.0
2286,Soping,1,171746,37294,174418,39130,10734.125,2330.875,10901.125,2445.625
2287,Demchok,1,152506,42946,154236,44736,9531.625,2684.125,9639.75,2796.0
2288,Djiacham,1,153872,44196,155344,45760,9617.0,2762.25,9709.0,2860.0
2289,Namling,1,159430,45264,161156,47570,9964.375,2829.0,10072.25,2973.125
2290,Sibi,1,145248,47056,146981,48977,9078.0,2941.0,9186.3125,3061.0625
2291,Yunnanfu,1,169728,49856,170448,50496,10608.0,3116.0,10653.0,3156.0
2292,Yuangchang,1,167696,47875,169135,50397,10481.0,2992.1875,10570.9375,3149.8125
2293,Chengkiang,1,169974,50176,171744,51552,10623.375,3136.0,10734.0,3222.0
2294,Tungchwan,1,169850,47956,171296,50256,10615.625,2997.25,10706.0,3141.0
2295,Pu'er,1,168480,50791,170152,53028,10530.0,3174.4375,10634.5,3314.25
2296,Sinhing,1,168874,49166,170093,51118,10554.625,3072.875,10630.8125,3194.875
2297,Lungling,1,167280,50224,169146,51680,10455.0,3139.0,10571.625,3230.0
2298,Kweiyang,1,171936,49200,172464,49744,10746.0,3075.0,10779.0,3109.0
2299,Puanting,1,170880,48576,171984,50592,10680.0,3036.0,10749.0,3162.0
2300,Nanning,1,174224,51568,174896,52192,10889.0,3223.0,10931.0,3262.0
2301,Canton,1,177872,51984,178547,52662,11117.0,3249.0,11159.1875,3291.375
2302,Guilin,1,176032,50256,176576,50720,11002.0,3141.0,11036.0,3170.0
2303,Ziyuan,1,175312,49760,177136,50608,10957.0,3110.0,11071.0,3163.0
2304,Tsunyi,1,171200,47952,173104,49296,10700.0,2997.0,10819.0,3081.0
2305,Tuyun,1,172384,48896,173856,50384,10774.0,3056.0,10866.0,3149.0
2306,Szenan,1,172688,47968,174256,49472,10793.0,2998.0,10891.0,3092.0
2307,Liping,1,173376,49056,175520,50544,10836.0,3066.0,10970.0,3159.0
2308,Shiuchow,1,176848,50080,179616,51280,11053.0,3130.0,11226.0,3205.0
2309,Chaochow,1,179696,50896,180413,51578,11231.0,3181.0,11275.8125,3223.625
2310,Linping,1,177536,50992,180072,52345,11096.0,3187.0,11254.5,3271.5625
2311,Bayard,1,175280,52512,176621,54039,10955.0,3282.0,11038.8125,3377.4375
2312,Tunghing,1,174064,51968,175504,53119,10879.0,3248.0,10969.0,3319.9375
2313,Taiping,1,173136,51184,174432,52800,10821.0,3199.0,10902.0,3300.0
2314,Chenan,1,172064,50336,173744,51600,10754.0,3146.0,10859.0,3225.0
2315,Szecheng,1,171152,49600,172816,51280,10697.0,3100.0,10801.0,3205.0
2316,Pinglo,1,175280,50448,177008,51584,10955.0,3153.0,11063.0,3224.0
2317,Chaoking,1,177072,51904,178286,53263,11067.0,3244.0,11142.875,3328.9375
2318,Sunyi,1,175872,52176,177440,53490,10992.0,3261.0,11090.0,3343.125
2319,Liuzhou,1,173680,50464,175360,51712,10855.0,3154.0,10960.0,3232.0
2320,Guixian,1,174768,51088,176336,52640,10923.0,3193.0,11021.0,3290.0
2321,Shanghai,1,181813,43892,182733,44698,11363.3125,2743.25,11420.8125,2793.625
2322,Wuchow,1,176240,51008,177728,52528,11015.0,3188.0,11108.0,3283.0
2323,Nanking,1,179869,43072,182388,44874,11241.8125,2692.0,11399.25,2804.625
2324,Teian,1,177382,43776,179989,45034,11086.375,2736.0,11249.3125,2814.625
2325,Ichang,1,175456,44142,177008,46192,10966.0,2758.875,11063.0,2887.0
2326,Tungjen,1,173984,46640,176016,48736,10874.0,2915.0,11001.0,3046.0
2327,Tsingchow,1,173888,48304,176288,50128,10868.0,3019.0,11018.0,3133.0
2328,Wuhan,1,178662,44515,179440,45136,11166.375,2782.1875,11215.0,2821.0
2329,Changsha,1,177316,46176,178128,46864,11082.25,2886.0,11133.0,2929.0
2330,Nanchang,1,179456,46034,180064,46736,11216.0,2877.125,11254.0,2921.0
2331,Kanchow,1,177472,47728,179360,50176,11092.0,2983.0,11210.0,3136.0
2332,Foochow,1,179840,48256,181995,49996,11240.0,3016.0,11374.6875,3124.75
2333,Hangchow,1,180707,44273,183051,46303,11294.1875,2767.0625,11440.6875,2893.9375
2334,Wenchow,1,181392,45984,182912,47824,11337.0,2874.0,11432.0,2989.0
2335,Linchwan,1,179680,45616,181664,47328,11230.0,2851.0,11354.0,2958.0
2336,Anqing,1,179238,44403,181056,46116,11202.375,2775.1875,11316.0,2882.25
2337,Kingchow,1,176732,44201,178461,46009,11045.75,2762.5625,11153.8125,2875.5625
2338,Supu,1,174784,45632,177482,47024,10924.0,2852.0,11092.625,2939.0
2339,Yuanchow,1,177859,45811,179920,47808,11116.1875,2863.1875,11245.0,2988.0
2340,Hanyang,1,178096,44907,179853,46224,11131.0,2806.6875,11240.8125,2889.0
2341,Tingchow,1,178208,48400,180032,50592,11138.0,3025.0,11252.0,3162.0
2342,Yungchow,1,176016,48544,177648,50288,11001.0,3034.0,11103.0,3143.0
2343,Wukang,1,175568,47008,177088,49056,10973.0,2938.0,11068.0,3066.0
2344,Siangtan,1,176704,46720,178464,47904,11044.0,2920.0,11154.0,2994.0
2345,Hengchow,1,176880,47552,178432,49136,11055.0,2972.0,11152.0,3071.0
2346,Kian,1,178848,47632,179456,48160,11178.0,2977.0,11216.0,3010.0
2347,Kienning,1,179344,47056,182289,48792,11209.0,2941.0,11393.0625,3049.5
2348,Chuanchow,1,179424,49056,181455,51305,11214.0,3066.0,11340.9375,3206.5625
2349,Kyaukse,1,165504,52608,167488,54256,10344.0,3288.0,10468.0,3391.0
2350,Yeu,1,164032,50848,166288,52496,10252.0,3178.0,10393.0,3281.0
2351,Kohima,1,164240,48752,165776,50928,10265.0,3047.0,10361.0,3183.0
2352,Katha,1,165264,50464,166816,51872,10329.0,3154.0,10426.0,3242.0
2353,Myitkyina,1,166544,48672,168112,50592,10409.0,3042.0,10507.0,3162.0
2354,Mogaung,1,165408,48672,166816,50608,10338.0,3042.0,10426.0,3163.0
2355,Paletwa,1,163040,52672,164544,54540,10190.0,3292.0,10284.0,3408.75
2356,Sandoway,1,164121,53824,166576,55719,10257.5625,3364.0,10411.0,3482.4375
2357,Pegu,1,166096,55280,167536,56944,10381.0,3455.0,10471.0,3559.0
2358,Yamethin,1,166352,53632,166912,54128,10397.0,3352.0,10432.0,3383.0
2359,Pakokku,1,164336,52320,165952,53952,10271.0,3270.0,10372.0,3372.0
2360,Mong Kung,1,166160,51760,167968,53456,10385.0,3235.0,10498.0,3341.0
2361,Bangkok,1,169360,58400,169808,58831,10585.0,3650.0,10613.0,3676.9375
2362,Kiang Mai,1,167552,54088,170080,56320,10472.0,3380.5,10630.0,3520.0
2363,Sa Kaeo,1,169646,57376,171171,59760,10602.875,3586.0,10698.1875,3735.0
2364,Kalasin,1,169936,55376,172320,57056,10621.0,3461.0,10770.0,3566.0
2365,Surin,1,170448,56656,172912,58192,10653.0,3541.0,10807.0,3637.0
2366,Sukhothai,1,168336,56048,170608,57776,10521.0,3503.0,10663.0,3611.0
2367,Phang Nga,1,167986,61501,169671,63326,10499.125,3843.8125,10604.4375,3957.875
2368,Singora,1,168699,62483,170704,64480,10543.6875,3905.1875,10669.0,4030.0
2369,Ranong,1,168217,58624,169531,61661,10513.5625,3664.0,10595.6875,3853.8125
2370,Kanburi,1,168800,57424,170192,58752,10550.0,3589.0,10637.0,3672.0
2371,Pnom Penh,1,172656,59712,173351,60264,10791.0,3732.0,10834.4375,3766.5
2372,Saigon,1,173918,60272,174592,60911,10869.875,3767.0,10912.0,3806.9375
2373,Luang Prabang,1,168711,52992,171454,54610,10544.4375,3312.0,10715.875,3413.125
2374,Hanoi,1,172528,53088,173216,53664,10783.0,3318.0,10826.0,3354.0
2375,Hue,1,174256,56384,175025,57008,10891.0,3524.0,10939.0625,3563.0
2376,Kampot,1,171153,59504,173219,61229,10697.0625,3719.0,10826.1875,3826.8125
2377,Odong,1,171984,58704,173672,60016,10749.0,3669.0,10854.5,3751.0
2378,Battambang,1,170576,58000,172704,59854,10661.0,3625.0,10794.0,3740.875
2379,Bak Lieu,1,172660,60380,174522,62737,10791.25,3773.75,10907.625,3921.0625
2380,Binh Thuan,1,174261,59248,176073,61145,10891.3125,3703.0,11004.5625,3821.5625
2381,Phu-yen,1,175376,58976,176066,59472,10961.0,3686.0,11004.125,3717.0
2382,Prey Veng,1,173027,59339,174688,60802,10814.1875,3708.6875,10918.0,3800.125
2383,Pak-Lai,1,169661,54187,171583,55952,10603.8125,3386.6875,10723.9375,3497.0
2384,Kao Bang,1,172112,51376,173616,53168,10757.0,3211.0,10851.0,3323.0
2385,Lao-Kai,1,170304,51168,172320,53248,10644.0,3198.0,10770.0,3328.0
2386,Muang Xay,1,168944,51408,171200,53498,10559.0,3213.0,10700.0,3343.625
2387,Yen-bai,1,171320,52512,172688,54346,10707.5,3282.0,10793.0,3396.625
2388,Haiphong,1,173104,52432,174838,54407,10819.0,3277.0,10927.375,3400.4375
2389,Vinh,1,172168,53584,173488,55463,10760.5,3349.0,10843.0,3466.4375
2390,Banlao,1,172064,55802,173556,57504,10754.0,3487.625,10847.25,3594.0
2391,Đong Hoi,1,172700,55231,174573,57258,10793.75,3451.9375,10910.8125,3578.625
2392,Tourane,1,173879,56646,176096,59107,10867.4375,3540.375,11006.0,3694.1875
2393,Meluprey,1,172352,57063,174116,59035,10772.0,3566.4375,10882.25,3689.6875
2394,Nong Hoi,1,171264,54167,172820,56272,10704.0,3385.4375,10801.25,3517.0
2395,Kratié,1,173513,58192,175504,59744,10844.5625,3637.0,10969.0,3734.0
2396,Beijing,1,176752,38048,177328,38816,11047.0,2378.0,11083.0,2426.0
2397,Tianjin,1,177264,37712,179579,40028,11079.0,2357.0,11223.6875,2501.75
2398,Jinan,1,178096,40672,178720,41264,11131.0,2542.0,11170.0,2579.0
2399,Rizhao,1,179888,40720,181541,42368,11243.0,2545.0,11346.3125,2648.0
2400,Tsingtao,1,180432,40160,181266,40868,11277.0,2510.0,11329.125,2554.25
2401,Weifang,1,178416,39532,181810,41504,11151.0,2470.75,11363.125,2594.0
2402,Mangan,1,170645,32983,173696,34952,10665.3125,2061.4375,10856.0,2184.5
2403,Kolan,1,173648,37291,175730,40005,10853.0,2330.6875,10983.125,2500.3125
2404,Fuping,1,175392,38176,176880,40016,10962.0,2386.0,11055.0,2501.0
2405,Qingyang,1,171923,38800,174691,41103,10745.1875,2425.0,10918.1875,2568.9375
2406,Taiyuan,1,175232,40464,175808,40960,10952.0,2529.0,10988.0,2560.0
2407,Shijiazhuang,1,176672,39702,178735,41616,11042.0,2481.375,11170.9375,2601.0
2408,Yangquan,1,175600,39829,176829,41536,10975.0,2489.3125,11051.8125,2596.0
2409,Boading,1,176496,38640,177888,40071,11031.0,2415.0,11118.0,2504.4375
2410,Zhengzhou,1,175664,41472,177632,42752,10979.0,2592.0,11102.0,2672.0
2411,Jining,1,177472,41024,178944,42640,11092.0,2564.0,11184.0,2665.0
2412,Yancheng,1,180080,41809,182219,43792,11255.0,2613.0625,11388.6875,2737.0
2413,Xuzhou,1,178528,42080,179088,42656,11158.0,2630.0,11193.0,2666.0
2414,Linyi,1,178720,41104,180464,42784,11170.0,2569.0,11279.0,2674.0
2415,Bengbu,1,178048,42528,180240,44064,11128.0,2658.0,11265.0,2754.0
2416,Nanyang,1,175136,42608,176816,44346,10946.0,2663.0,11051.0,2771.625
2417,Zhumadian,1,176518,42480,178256,44241,11032.375,2655.0,11141.0,2765.0625
2418,Yungcheng,1,174304,40816,176096,42960,10894.0,2551.0,11006.0,2685.0
2419,Lüliang,1,173582,39646,175903,41488,10848.875,2477.875,10993.9375,2593.0
2420,Ulaanbaatar,1,167728,30026,168592,30880,10483.0,1876.625,10537.0,1930.0
2421,Altai,1,161184,31904,161968,32688,10074.0,1994.0,10123.0,2043.0
2422,Bor-Undur,1,169072,31648,170048,32672,10567.0,1978.0,10628.0,2042.0
2423,Choir,1,167104,30640,170112,32544,10444.0,1915.0,10632.0,2034.0
2424,Sainshand,1,168736,32304,171289,34384,10546.0,2019.0,10705.5625,2149.0
2425,Matad,1,170832,29608,175089,32467,10677.0,1850.5,10943.0625,2029.1875
2426,Baruun-Urt,1,169648,30624,173144,33267,10603.0,1914.0,10821.5,2079.1875
2427,Baganuur,1,167705,27571,170368,31216,10481.5625,1723.1875,10648.0,1951.0
2428,Choibalsan,1,169338,27584,171575,30640,10583.625,1724.0,10723.4375,1915.0
2429,Uniket,1,172538,31801,175041,35453,10783.625,1987.5625,10940.0625,2215.8125
2430,Sharga,1,159888,30480,161616,33184,9993.0,1905.0,10101.0,2074.0
2431,Delger,1,161392,30784,164224,33808,10087.0,1924.0,10264.0,2113.0
2432,Erdene,1,161487,32880,164752,35988,10092.9375,2055.0,10297.0,2249.25
2433,Khatansuudal,1,164396,33280,166784,36680,10274.75,2080.0,10424.0,2292.5
2434,Murun,1,162016,28400,164960,31248,10126.0,1775.0,10310.0,1953.0
2435,Turuun,1,160032,27952,163072,30624,10002.0,1747.0,10192.0,1914.0
2436,Ulaangom,1,157888,27040,161216,31104,9868.0,1690.0,10076.0,1944.0
2437,Ulgii,1,153568,28464,158496,31456,9598.0,1779.0,9906.0,1966.0
2438,Terper Tugrug,1,156992,30688,160160,34020,9812.0,1918.0,10010.0,2126.25
2439,Bayankhongor,1,163504,30624,166608,33536,10219.0,1914.0,10413.0,2096.0
2440,Bulgan,1,164704,29296,166608,31424,10294.0,1831.0,10413.0,1964.0
2441,Gurvansaikhan,1,166448,32032,169072,34640,10403.0,2002.0,10567.0,2165.0
2442,Bulan,1,168656,34048,171673,36501,10541.0,2128.0,10729.5625,2281.3125
2443,Bayan-Ovoo,1,166304,33760,168960,36930,10394.0,2110.0,10560.0,2308.125
2444,Mandal-Ovoo,1,165952,33040,166848,33888,10372.0,2065.0,10428.0,2118.0
2445,Lun,1,165904,28717,168184,32112,10369.0,1794.8125,10511.5,2007.0
2446,Bugat,1,158557,32416,162208,35134,9909.8125,2026.0,10138.0,2195.875
2447,Durvuljin,1,161216,30192,162224,31136,10076.0,1887.0,10139.0,1946.0
2448,Kingpeng,1,176400,33904,179296,35904,11025.0,2119.0,11206.0,2244.0
2449,Urumchi,1,153760,33968,154496,34752,9610.0,2123.0,9656.0,2172.0
2450,Bulun Tokhoi,1,151856,30064,155024,32512,9491.0,1879.0,9689.0,2032.0
2451,Ningyuan,1,150144,32832,152256,35856,9384.0,2052.0,9516.0,2241.0
2452,Aqsu,1,148512,35424,150896,37360,9282.0,2214.0,9431.0,2335.0
2453,Kashgar,1,146656,36448,148944,39440,9166.0,2278.0,9309.0,2465.0
2454,Niya,1,150016,39424,153200,42528,9376.0,2464.0,9575.0,2658.0
2455,Kushui,1,157424,33748,160208,36832,9839.0,2109.25,10013.0,2302.0
2456,Chochiang,1,154960,37456,158080,40757,9685.0,2341.0,9880.0,2547.3125
2457,Hotien,1,147600,40192,148288,40992,9225.0,2512.0,9268.0,2562.0
2458,Yutien,1,147616,39328,150496,41824,9226.0,2458.0,9406.0,2614.0
2459,Kucha,1,150672,35504,152944,37472,9417.0,2219.0,9559.0,2342.0
2460,Qara Shahr,1,152480,34656,155696,37472,9530.0,2166.0,9731.0,2342.0
2461,Turfan,1,154512,34192,156816,36400,9657.0,2137.0,9801.0,2275.0
2462,Hami,1,156736,34528,157744,35456,9796.0,2158.0,9859.0,2216.0
2463,Chensi,1,155760,32910,158269,34768,9735.0,2056.875,9891.8125,2173.0
2464,Charchan,1,150864,37296,153824,40496,9429.0,2331.0,9614.0,2531.0
2465,Suilai,1,152608,32448,154304,34944,9538.0,2028.0,9644.0,2184.0
2466,Wusu,1,152064,34000,152832,34624,9504.0,2125.0,9552.0,2164.0
2467,Tsingho,1,151232,34480,153360,35632,9452.0,2155.0,9585.0,2227.0
2468,Shawan,1,150768,31664,153504,34160,9423.0,1979.0,9594.0,2135.0
2469,Yulghunbulak,1,154880,35264,158256,37872,9680.0,2204.0,9891.0,2367.0
2470,Kitai,1,153856,32208,155904,34736,9616.0,2013.0,9744.0,2171.0
2471,Guntamga,1,154720,30864,157547,33152,9670.0,1929.0,9846.6875,2072.0
2472,Kargilik,1,146160,39216,148224,41872,9135.0,2451.0,9264.0,2617.0
2473,Bashi,1,148368,37168,151232,39776,9273.0,2323.0,9452.0,2486.0
2474,Vash Shahri,1,153168,37312,155376,40358,9573.0,2332.0,9711.0,2522.375
2475,Sinping,1,152288,37008,153360,37888,9518.0,2313.0,9585.0,2368.0
2476,Cagayan de Oro,1,186602,62014,187104,62432,11662.625,3875.875,11694.0,3902.0
2477,Tuguegarao,1,183888,55200,184288,55680,11493.0,3450.0,11518.0,3480.0
2478,Naujan,4,182829,58509,184514,61260,11426.8125,3656.8125,11532.125,3828.75
2479,Batangas City,1,183584,57665,184610,58655,11474.0,3604.0625,11538.125,3665.9375
2480,Boac,1,184471,58457,184940,58946,11529.4375,3653.5625,11558.75,3684.125
2481,Hǎikou,1,175902,54031,176921,55094,10993.875,3376.9375,11057.5625,3443.375
2482,Angeles,1,183039,56735,184401,58106,11439.9375,3545.9375,11525.0625,3631.625
2483,Luzhou,1,171565,45399,173648,47376,10722.8125,2837.4375,10853.0,2961.0
2484,Hangkin,1,168064,37600,171088,39728,10504.0,2350.0,10693.0,2483.0
2485,Ashan,1,166880,35717,170288,38240,10430.0,2232.3125,10643.0,2390.0
2486,Chihfeng,1,178208,34672,180544,37136,11138.0,2167.0,11284.0,2321.0
2487,Qinhuangdao,1,178544,36080,180768,38607,11159.0,2255.0,11298.0,2412.9375
2488,Yingkow,1,180625,36768,181344,37525,11289.0625,2298.0,11334.0,2345.3125
2489,Tokyo,1,192080,40224,192656,40782,12005.0,2514.0,12041.0,2548.875
2490,Osaka,1,189720,41120,190240,41701,11857.5,2570.0,11890.0,2606.3125
2491,Nagasaki,1,186274,42797,186898,43738,11642.125,2674.8125,11681.125,2733.625
2492,Sapporo,1,191768,33348,192448,33936,11985.5,2084.25,12028.0,2121.0
2493,Urakawa,1,192352,33456,193992,34915,12022.0,2091.0,12124.5,2182.1875
2494,Kushiro,1,193232,32000,195167,33757,12077.0,2000.0,12197.9375,2109.8125
2495,Nayoro,1,191825,31386,193712,33081,11989.0625,1961.625,12107.0,2067.5625
2496,Iwamizawa,1,191866,32768,193296,33600,11991.625,2048.0,12081.0,2100.0
2497,Fukuyama,1,191110,33511,192484,35611,11944.375,2094.4375,12030.25,2225.6875
2498,Sendai,1,191642,37239,193135,39312,11977.625,2327.4375,12070.9375,2457.0
2499,Kagoshima,1,186689,43632,187821,45120,11668.0625,2727.0,11738.8125,2820.0
2500,Kumamoto,1,186752,42744,188015,43840,11672.0,2671.5,11750.9375,2740.0
2501,Fukuoka,1,186551,42210,187737,42992,11659.4375,2638.125,11733.5625,2687.0
2502,Kochi,1,188011,41860,189093,43410,11750.6875,2616.25,11818.3125,2713.125
2503,Miyako,1,192208,36015,193156,37652,12013.0,2250.9375,12072.25,2353.25
2504,Takamatsu,2,188720,41344,189724,42740,11795.0,2584.0,11857.75,2671.25
2505,Wakayama,1,189671,41328,190971,42537,11854.4375,2583.0,11935.6875,2658.5625
2506,Kyoto,1,189903,40361,190816,41444,11868.9375,2522.5625,11926.0,2590.25
2507,Kobe,1,187660,40407,190040,42015,11728.75,2525.4375,11877.5,2625.9375
2508,Hiroshima,1,187036,41291,188227,42463,11689.75,2580.6875,11764.1875,2653.9375
2509,Hirosaki,1,191392,35215,192533,37504,11962.0,2200.9375,12033.3125,2344.0
2510,Yokohama,1,191456,40192,192640,41551,11966.0,2512.0,12040.0,2596.9375
2511,Nagoya,1,190496,40368,191792,41600,11906.0,2523.0,11987.0,2600.0
2512,Kanazawa,1,190014,38881,191536,40512,11875.875,2430.0625,11971.0,2532.0
2513,Ishioka,1,192397,39762,193138,41320,12024.8125,2485.125,12071.125,2582.5
2514,Kiryu,1,191872,38976,193010,40400,11992.0,2436.0,12063.125,2525.0
2515,Nagano,1,190835,38258,192400,40320,11927.1875,2391.125,12025.0,2520.0
2516,Keijo,1,184560,39040,184992,39472,11535.0,2440.0,11562.0,2467.0
2517,Heijo,1,183552,37888,183920,38288,11472.0,2368.0,11495.0,2393.0
2518,Fusan,1,186032,41088,186616,41536,11627.0,2568.0,11663.5,2596.0
2519,Kojo,1,184720,37826,185962,38875,11545.0,2364.125,11622.625,2429.6875
2520,Seishin,1,185408,35664,186030,36176,11588.0,2229.0,11626.875,2261.0
2521,Onjo,1,184912,34544,186714,35867,11557.0,2159.0,11669.625,2241.6875
2522,Joshin,1,184512,35680,185901,37320,11532.0,2230.0,11618.8125,2332.5
2523,Choshin,1,183312,35840,185356,37709,11457.0,2240.0,11584.75,2356.8125
2524,Shingishu,1,182578,36672,184304,37809,11411.125,2292.0,11519.0,2363.0625
2525,Shinnampo,1,183037,38032,183936,39624,11439.8125,2377.0,11496.0,2476.5
2526,Kaishu,1,183632,38528,184864,39699,11477.0,2408.0,11554.0,2481.1875
2527,Shunsen,1,184752,38704,185632,39744,11547.0,2419.0,11602.0,2484.0
2528,Gangneung,1,185408,38751,186447,39776,11588.0,2421.9375,11652.9375,2486.0
2529,Taikyu,1,185472,40169,186756,41288,11592.0,2510.5625,11672.25,2580.5
2530,Koshu,1,184471,40976,186284,42708,11529.4375,2561.0,11642.75,2669.25
2531,Kunsan,1,184402,40334,185712,41232,11525.125,2520.875,11607.0,2577.0
2532,Uruchin,1,185552,39408,186546,40400,11597.0,2463.0,11659.125,2525.0
2533,Seikwan,1,184181,39456,185648,40480,11511.3125,2466.0,11603.0,2530.0
2534,Gensan,1,184576,37593,185138,38112,11536.0,2349.5625,11571.125,2382.0
2535,Anshu,1,183201,37280,184768,38265,11450.0625,2330.0,11548.0,2391.5625
2536,Jipyeong-ri,1,183792,37808,184816,38704,11487.0,2363.0,11551.0,2419.0
2537,Huanren,1,180382,35584,183600,39348,11273.875,2224.0,11475.0,2459.25
2538,Mukden,1,180352,35328,182224,36864,11272.0,2208.0,11389.0,2304.0
2539,Solun,1,173937,30784,177536,32960,10871.0625,1924.0,11096.0,2060.0
2540,Suanhwa,1,175184,37041,177344,38384,10949.0,2315.0625,11084.0,2399.0
2541,Qamdo,1,164281,43714,167253,45968,10267.5625,2732.125,10453.3125,2873.0
2542,Liangshan,1,167611,46810,170585,49466,10475.6875,2925.625,10661.5625,3091.625
2543,Chongqing,1,173157,45061,173888,46128,10822.3125,2816.3125,10868.0,2883.0
2544,Chengdu,1,170768,44304,171712,45248,10673.0,2769.0,10732.0,2828.0
2545,Ya'an,1,169120,44160,171296,47168,10570.0,2760.0,10706.0,2948.0
2546,Aba,1,168352,43584,170192,45824,10522.0,2724.0,10637.0,2864.0
2547,Garze,1,168912,45264,169664,45952,10557.0,2829.0,10604.0,2872.0
2548,Nanchong,1,172688,43104,176015,45625,10793.0,2694.0,11000.9375,2851.5625
2549,Xi'an,1,173568,42112,174256,42784,10848.0,2632.0,10891.0,2674.0
2550,Tianshui,1,171664,40479,173936,43328,10729.0,2529.9375,10871.0,2708.0
2551,Lanzhou,1,170752,40240,171568,40960,10672.0,2515.0,10723.0,2560.0
2552,Weinan,1,173120,40986,175184,43520,10820.0,2561.625,10949.0,2720.0
2553,Ziyang,1,171072,44464,173168,46743,10692.0,2779.0,10823.0,2921.4375
2554,Gannan,1,167040,41088,169664,43264,10440.0,2568.0,10604.0,2704.0
2555,Daocheng,1,166999,45717,169312,47746,10437.4375,2857.3125,10582.0,2984.125
2556,Zunyi,1,173120,44598,175976,48096,10820.0,2787.375,10998.5,3006.0
2557,Zhaotong,1,170287,46545,173232,48368,10642.9375,2909.0625,10827.0,3023.0
2558,Longnan,1,170160,42816,172864,44704,10635.0,2676.0,10804.0,2794.0
2559,Lintao,1,170112,40560,172272,43120,10632.0,2535.0,10767.0,2695.0
2560,Baiyin,1,169232,37744,172769,40736,10577.0,2359.0,10798.0625,2546.0
2561,Dagupan,1,182876,55968,184691,57194,11429.75,3498.0,11543.1875,3574.625
2562,Hezhou,1,168592,39472,170928,42080,10537.0,2467.0,10683.0,2630.0
2563,Hongyuan,1,168448,42016,170560,43904,10528.0,2626.0,10660.0,2744.0
2564,Zogang,1,164752,44956,167610,47280,10297.0,2809.75,10475.625,2955.0
2565,Laoag,1,183075,54698,184143,56268,11442.1875,3418.625,11508.9375,3516.75
2566,Derge,1,166629,42992,168688,45872,10414.3125,2687.0,10543.0,2867.0
2567,Yaxian,1,175146,54189,176595,55672,10946.625,3386.8125,11037.1875,3479.5
2568,Toyohara,1,191440,28093,192963,31152,11965.0,1755.8125,12060.1875,1947.0
2569,Alexandrovsk,1,191285,25160,191920,26027,11955.3125,1572.5,11995.0,1626.6875
2570,Okha,1,190762,21375,192102,24696,11922.625,1335.9375,12006.375,1543.5
2571,Keton,1,191404,26204,193236,28297,11962.75,1637.75,12077.25,1768.5625
2572,Palevo,1,190865,24206,192877,26596,11929.0625,1512.875,12054.8125,1662.25
2573,Taipei,1,183214,48654,183923,49248,11450.875,3040.875,11495.1875,3078.0
2574,Taoyuan,1,183006,48821,183890,49828,11437.875,3051.3125,11493.125,3114.25
2575,Taichū,1,182860,49596,183780,50627,11428.75,3099.75,11486.25,3164.1875
2576,Takow,1,182879,50384,183747,51467,11429.9375,3149.0,11484.1875,3216.6875
2577,Cauayan,1,183920,54689,184822,56364,11495.0,3418.0625,11551.375,3522.75
2578,Naga,2,185056,57867,186338,59542,11566.0,3616.6875,11646.125,3721.375
2579,Misamis,1,185704,62028,186896,63247,11606.5,3876.75,11681.0,3952.9375
2580,Zamboanga,1,185132,62024,186176,63562,11570.75,3876.5,11636.0,3972.625
2581,Malaybalay,3,186558,62208,187948,63644,11659.875,3888.0,11746.75,3977.75
2582,Bislig,1,187408,62192,188440,63733,11713.0,3887.0,11777.5,3983.3125
2583,Glan,1,186538,63099,187935,64338,11658.625,3943.6875,11745.9375,4021.125
2584,Butuan,1,186901,61095,188256,62375,11681.3125,3818.4375,11766.0,3898.4375
2585,Iloilo City,5,184638,59108,185801,61038,11539.875,3694.25,11612.5625,3814.875
2586,Calbayog,1,186241,58890,187454,60137,11640.0625,3680.625,11715.875,3758.5625
2587,Ormoc,2,186365,59634,187387,61170,11647.8125,3727.125,11711.6875,3823.125
2588,Bacolod,1,185054,60376,186101,61741,11565.875,3773.5,11631.3125,3858.8125
2589,Cebu,2,185853,60055,186757,61696,11615.8125,3753.4375,11672.3125,3856.0
2590,Catanauan,1,184444,57822,185382,58863,11527.75,3613.875,11586.375,3678.9375
2591,Jiuquan,1,162880,36608,163744,37328,10180.0,2288.0,10234.0,2333.0
2592,Zhangye,1,163469,35819,167393,38144,10216.8125,2238.6875,10462.0625,2384.0
2593,Jinchang,1,165712,37632,166688,38384,10357.0,2352.0,10418.0,2399.0
2594,Wuwei,1,165904,37760,168384,39728,10369.0,2360.0,10524.0,2483.0
2595,Delhi (CN),1,159712,38222,162976,40400,9982.0,2388.875,10186.0,2525.0
2596,Kandagan,1,179963,69747,181478,71636,11247.6875,4359.1875,11342.375,4477.25
2597,Bandjermasin,1,179694,70752,180352,71372,11230.875,4422.0,11272.0,4460.75
2598,Pontianak,1,175957,67892,176512,68537,10997.3125,4243.25,11032.0,4283.5625
2599,Sambas,1,175982,67020,177728,68352,10998.875,4188.75,11108.0,4272.0
2600,Kendawangan,1,176636,68960,178336,70835,11039.75,4310.0,11146.0,4427.1875
2601,Muara Teweh,1,179312,68304,182178,70000,11207.0,4269.0,11386.125,4375.0
2602,Singtang,1,177504,67680,179600,69072,11094.0,4230.0,11225.0,4317.0
2603,Sanggau,1,176025,68080,177600,69442,11001.5625,4255.0,11100.0,4340.125
2604,Sampit,1,177728,68848,179456,71110,11108.0,4303.0,11216.0,4444.375
2605,Palangkaraya,1,178945,69760,180592,71122,11184.0625,4360.0,11287.0,4445.125
2606,Kalolokan,1,180864,66564,183129,68976,11304.0,4160.25,11445.5625,4311.0
2607,Tarakan,1,180592,65152,182355,66864,11287.0,4072.0,11397.1875,4179.0
2608,Samarinda,1,181376,68512,182148,69088,11336.0,4282.0,11384.25,4318.0
2609,Yushu,1,164401,41808,167248,43953,10275.0625,2613.0,10453.0,2747.0625
2610,Zadoi,1,162176,41959,165261,45524,10136.0,2622.4375,10328.8125,2845.25
2611,Long Poera,1,179344,66400,181632,68720,11209.0,4150.0,11352.0,4295.0
2612,Makassar,1,183119,71745,183664,72392,11444.9375,4484.0625,11479.0,4524.5
2613,Lelewaoe,1,184327,69604,185651,71249,11520.4375,4350.25,11603.1875,4453.0625
2614,Poleang,1,184610,70646,185805,71981,11538.125,4415.375,11612.8125,4498.8125
2615,Singaradja,1,179914,73669,180892,74397,11244.625,4604.3125,11305.75,4649.8125
2616,Palu,1,183270,68188,184456,69680,11454.375,4261.75,11528.5,4355.0
2617,Maros,1,183252,71104,184047,72425,11453.25,4444.0,11502.9375,4526.5625
2618,Wono,1,183552,69424,184048,69952,11472.0,4339.0,11503.0,4372.0
2619,Deking,1,182871,69519,183792,70756,11429.4375,4344.9375,11487.0,4422.25
2620,Singkang,1,183295,70376,184156,71406,11455.9375,4398.5,11509.75,4462.875
2621,Masamba,1,183712,69137,184961,70512,11482.0,4321.0625,11560.0625,4407.0
2622,Ampana,1,184653,68632,186452,69749,11540.8125,4289.5,11653.25,4359.3125
2623,Menado,1,183667,67090,187854,68383,11479.1875,4193.125,11740.875,4273.9375
2624,Tanggulazhen,1,159081,41776,163024,44586,9942.5625,2611.0,10189.0,2786.625
2625,Wutumeirenxiang,1,156160,38368,160224,41022,9760.0,2398.0,10014.0,2563.875
2626,Lenghuzhen,1,157840,36608,161568,38864,9865.0,2288.0,10098.0,2429.0
2627,Xihuxiang,1,159088,34267,161997,37040,9943.0,2141.6875,10124.8125,2315.0
2628,Yumen,1,161424,35162,163744,37120,10089.0,2197.625,10234.0,2320.0
2629,Yanglongxiang,1,161360,36752,164528,39100,10085.0,2297.0,10283.0,2443.75
2630,Golog,1,165200,40848,168576,42512,10325.0,2553.0,10536.0,2657.0
2631,Huangnan,1,165840,39232,168832,41712,10365.0,2452.0,10552.0,2607.0
2632,Chakazhen,1,162704,38864,163520,39760,10169.0,2429.0,10220.0,2485.0
2633,Youyunxiang,1,163543,39776,166000,42150,10221.4375,2486.0,10375.0,2634.375
2634,Madoi,1,161552,39632,164367,42816,10097.0,2477.0,10272.9375,2676.0
2635,Golmud,1,160032,39392,161008,40048,10002.0,2462.0,10063.0,2503.0
2636,Qumahexiang,1,159087,39744,161776,42320,9942.9375,2484.0,10111.0,2645.0
2637,Hainan,1,165616,39392,166656,40080,10351.0,2462.0,10416.0,2505.0
2638,Niandixiang,1,163215,38048,166336,40420,10200.9375,2378.0,10396.0,2526.25
2639,Kuching,1,176584,66494,178224,68080,11036.5,4155.875,11139.0,4255.0
2640,Sibu,1,177728,66178,179152,68176,11108.0,4136.125,11197.0,4261.0
2641,Bintulu,1,178724,65007,180832,67680,11170.25,4062.9375,11302.0,4230.0
2642,Brunei,1,179916,64718,180752,65408,11244.75,4044.875,11297.0,4088.0
2643,Kudat,3,180469,63042,183323,65680,11279.3125,3940.125,11457.6875,4105.0
2644,Singapore,3,170328,65647,172595,68011,10645.5,4102.9375,10787.1875,4250.6875
2645,Sungai Petani,1,169483,63824,171152,66111,10592.6875,3989.0,10697.0,4131.9375
2646,Kuala Lumpur,1,170218,65840,170896,66394,10638.625,4115.0,10681.0,4149.625
2647,Khota Bharn,1,170464,63564,171877,65808,10654.0,3972.75,10742.3125,4113.0
2648,Taliwang,3,181471,73639,183424,74501,11341.9375,4602.4375,11464.0,4656.3125
2649,Ampenan,1,180796,73736,181495,74414,11299.75,4608.5,11343.4375,4650.875
2650,Ende,2,183341,73648,185778,74407,11458.8125,4603.0,11611.125,4650.4375
2651,Palenbang,1,172048,70077,172720,70864,10753.0,4379.8125,10795.0,4429.0
2652,Waingapu,1,182987,74463,183984,74994,11436.6875,4653.9375,11499.0,4687.125
2653,Kupang,3,185187,74242,187424,75742,11574.1875,4640.125,11714.0,4733.875
2654,Dili,1,187032,73791,188742,74627,11689.5,4611.9375,11796.375,4664.1875
2655,Batavia,1,174560,72159,175262,72736,10910.0,4509.9375,10953.875,4546.0
2656,Soerabaja,1,178384,72983,178854,73392,11149.0,4561.4375,11178.375,4587.0
2657,Medan,1,168496,65850,169239,66400,10531.0,4115.625,10577.4375,4150.0
2658,Banda Aceh,1,166414,64391,167856,66016,10400.875,4024.4375,10491.0,4126.0
2659,Bandung,1,174960,72313,175626,72976,10935.0,4519.5625,10976.625,4561.0
2660,Cheribon,1,175216,72367,177184,73775,10951.0,4522.9375,11074.0,4610.9375
2661,Solo,1,176842,73168,178384,74038,11052.625,4573.0,11149.0,4627.375
2662,Banyuwangi,1,178949,73419,180035,74250,11184.3125,4588.6875,11252.1875,4640.625
2663,Semarang,1,177036,72492,178686,73424,11064.75,4530.75,11167.875,4589.0
2664,Pandeglang,1,173793,72112,175336,73523,10862.0625,4507.0,10958.5,4595.1875
2665,Malang,1,178140,73150,179204,74026,11133.75,4571.875,11200.25,4626.625
2666,Pekanbaru,1,168667,67359,171177,68816,10541.6875,4209.9375,10698.5625,4301.0
2667,Djambi,1,170816,69096,172801,70624,10676.0,4318.5,10800.0625,4414.0
2668,Telukbetung,1,171981,69937,173531,72574,10748.8125,4371.0625,10845.6875,4535.875
2669,Padang,1,169345,68608,171200,70717,10584.0625,4288.0,10700.0,4419.8125
2670,Bengkulu,1,170516,70432,172544,71990,10657.25,4402.0,10784.0,4499.375
2671,Rengat,1,170736,67990,172130,69680,10671.0,4249.375,10758.125,4355.0
2672,Tapaktuan,1,167188,65568,168640,66834,10449.25,4098.0,10540.0,4177.125
2673,Tanjungbalai,1,167941,66101,170554,67624,10496.3125,4131.3125,10659.625,4226.5
2674,Langsa,1,167716,64829,168803,66016,10482.25,4051.8125,10550.1875,4126.0
2675,Darwin,1,191826,76746,195669,79360,11989.125,4796.625,12229.3125,4960.0
2676,Adelaide,1,196931,90960,197623,91622,12308.1875,5685.0,12351.4375,5726.375
2677,Alice Springs,1,194848,82832,196944,85616,12178.0,5177.0,12309.0,5351.0
2678,Marla,1,194560,85168,196944,88144,12160.0,5323.0,12309.0,5509.0
2679,Maralinga,1,191662,85984,194768,89986,11978.875,5374.0,12173.0,5624.125
2680,The Sill,1,195808,86272,198592,89552,12238.0,5392.0,12412.0,5597.0
2681,Kintore,1,191696,83280,195152,86160,11981.0,5205.0,12197.0,5385.0
2682,Urluru,1,193024,84496,195888,86800,12064.0,5281.0,12243.0,5425.0
2683,Katherine,1,191523,78108,195008,81008,11970.1875,4881.75,12188.0,5063.0
2684,Lajamanu,1,191680,80352,194432,83536,11980.0,5022.0,12152.0,5221.0
2685,Three Ways,1,194112,80928,196944,83376,12132.0,5058.0,12309.0,5211.0
2686,Borroloola,1,194688,78848,197000,81232,12168.0,4928.0,12312.5,5077.0
2687,Port Augusta,1,193726,87904,197600,91347,12107.875,5494.0,12350.0,5709.1875
2688,Renmark,1,196238,89280,198609,92970,12264.875,5580.0,12413.0625,5810.625
2689,Perth,1,184928,89408,185696,90064,11558.0,5588.0,11606.0,5629.0
2690,Roebourne,1,186103,82243,187008,83072,11631.4375,5140.1875,11688.0,5192.0
2691,Kalgoorlie,1,187968,88544,188864,89296,11748.0,5534.0,11804.0,5581.0
2692,Geraldton,1,183998,86928,184736,87638,11499.875,5433.0,11546.0,5477.375
2693,Esperance,1,186480,90112,189915,91774,11655.0,5632.0,11869.6875,5735.875
2694,Loongana,1,189856,86736,191791,90092,11866.0,5421.0,11986.9375,5630.75
2695,Southern Cross,1,186384,87584,188560,89616,11649.0,5474.0,11785.0,5601.0
2696,Northam,1,185392,88544,187344,90752,11587.0,5534.0,11709.0,5672.0
2697,Albany,1,184736,89864,187015,92157,11546.0,5616.5,11688.4375,5759.8125
2698,Dongara,1,184124,87344,186784,89661,11507.75,5459.0,11674.0,5603.8125
2699,Wyndham,1,188576,78337,191779,80848,11786.0,4896.0625,11986.1875,5053.0
2700,Derby,1,188496,80377,189168,81152,11781.0,5023.5625,11823.0,5072.0
2701,Halls Creek,1,189056,80416,191680,82672,11816.0,5026.0,11980.0,5167.0
2702,Port Hedland,1,186651,79875,188816,83296,11665.6875,4992.1875,11801.0,5206.0
2703,Newman,1,186128,82768,188288,84976,11633.0,5173.0,11768.0,5311.0
2704,Carnavon,1,183562,84301,185296,87071,11472.625,5268.8125,11581.0,5441.9375
2705,Wiluna,1,186960,85968,190224,88240,11685.0,5373.0,11889.0,5515.0
2706,Warburton,1,189088,84912,191712,87296,11818.0,5307.0,11982.0,5456.0
2707,Tanami,1,189920,82320,191696,85072,11870.0,5145.0,11981.0,5317.0
2708,Yalgoo,1,184528,86224,187136,87744,11533.0,5389.0,11696.0,5484.0
2709,Abbots,1,184656,84288,187952,86688,11541.0,5268.0,11747.0,5418.0
2710,Telfer,1,187936,81104,190160,84256,11746.0,5069.0,11885.0,5266.0
2711,Rawanna,1,188400,88112,191008,90705,11775.0,5507.0,11938.0,5669.0625
2712,Higginsville,1,187168,89104,189360,90384,11698.0,5569.0,11835.0,5649.0
2713,Onslow,1,183654,82480,186464,84576,11478.375,5155.0,11654.0,5286.0
2714,Kumarina,1,187680,83824,190368,86240,11730.0,5239.0,11898.0,5390.0
2715,Merauke,1,197936,73088,198576,73800,12371.0,4568.0,12411.0,4612.5
2716,Melbourne,1,200400,92384,200912,92935,12525.0,5774.0,12557.0,5808.4375
2717,Sydney,1,203104,91024,203740,91602,12694.0,5689.0,12733.75,5725.125
2718,Newcastle,1,203600,89724,204248,90506,12725.0,5607.75,12765.5,5656.625
2719,Mildura,1,198800,90624,199264,91024,12425.0,5664.0,12454.0,5689.0
2720,Ballarat,1,199304,92064,200767,93440,12456.5,5754.0,12547.9375,5840.0
2721,Bendigo,1,199440,91360,201344,92512,12465.0,5710.0,12584.0,5782.0
2722,Canberra,1,202400,91248,202864,91728,12650.0,5703.0,12679.0,5733.0
2723,Bairnsdale,1,200640,91504,203546,93507,12540.0,5719.0,12721.625,5844.1875
2724,Wagga Wagga,1,200832,90448,202496,91984,12552.0,5653.0,12656.0,5749.0
2725,Yaapeet,1,198494,90720,199696,93206,12405.875,5670.0,12481.0,5825.375
2726,Silverton,1,198544,88944,199792,90800,12409.0,5559.0,12487.0,5675.0
2727,Tibooburra,1,198544,88128,199968,89248,12409.0,5508.0,12498.0,5578.0
2728,Hay,1,199216,90320,201200,91728,12451.0,5645.0,12575.0,5733.0
2729,Gosford,1,203216,90336,204087,91223,12701.0,5646.0,12755.4375,5701.4375
2730,Lismore,1,203504,88221,204968,89872,12719.0,5513.8125,12810.5,5617.0
2731,Dubbo,1,202384,89248,203872,90496,12649.0,5578.0,12742.0,5656.0
2732,Byrock,1,201024,88160,202224,89648,12564.0,5510.0,12639.0,5603.0
2733,Ivanhoe,1,199632,89136,201152,90448,12477.0,5571.0,12572.0,5653.0
2734,Bathurst,1,201760,90352,203582,91815,12610.0,5647.0,12723.875,5738.4375
2735,Nymagee,1,200672,89408,202496,90560,12542.0,5588.0,12656.0,5660.0
2736,Walgett,1,202048,88096,203808,89488,12628.0,5506.0,12738.0,5593.0
2737,Wanaaring,1,199824,88128,201216,89408,12489.0,5508.0,12576.0,5588.0
2738,Brisbane,1,204480,87199,205125,87977,12780.0,5449.9375,12820.3125,5498.5625
2739,Warwick,1,203504,87264,205081,88528,12719.0,5454.0,12817.5625,5533.0
2740,Townsville,1,200640,81200,201370,81824,12540.0,5075.0,12585.625,5114.0
2741,Cloncurry,1,197376,81616,198096,82384,12336.0,5101.0,12381.0,5149.0
2742,Rockhampton,1,202816,83621,203593,84240,12676.0,5226.3125,12724.5625,5265.0
2743,Longreach,1,199184,83936,200016,84528,12449.0,5246.0,12501.0,5283.0
2744,Cairns,1,198784,79544,200937,81920,12424.0,4971.5,12558.5625,5120.0
2745,Floraville,1,196877,79814,199056,81968,12304.8125,4988.375,12441.0,5123.0
2746,Dutches,1,196944,81856,198128,83536,12309.0,5116.0,12383.0,5221.0
2747,Richmond (QLD),1,197968,81232,199824,84128,12373.0,5077.0,12489.0,5258.0
2748,MCDonnell,1,198002,76317,199462,78896,12375.125,4769.8125,12466.375,4931.0
2749,Emerald,1,199888,83424,202976,85568,12493.0,5214.0,12686.0,5348.0
2750,Mackay,1,201120,81373,203400,83904,12570.0,5085.8125,12712.5,5244.0
2751,Charters Towers,1,199456,81536,201344,83968,12466.0,5096.0,12584.0,5248.0
2752,Palmerville,1,197949,78347,200326,80336,12371.8125,4896.6875,12520.375,5021.0
2753,Birdsville,1,196944,84720,198800,86272,12309.0,5295.0,12425.0,5392.0
2754,Boulia,1,196944,83312,199312,84944,12309.0,5207.0,12457.0,5309.0
2755,Windorah,1,198528,84432,200272,86640,12408.0,5277.0,12517.0,5415.0
2756,Eromanga,1,198560,86368,200320,88128,12410.0,5398.0,12520.0,5508.0
2757,Eulo,1,200144,86864,201984,88192,12509.0,5429.0,12624.0,5512.0
2758,Maryborough,1,203104,84791,204809,86464,12694.0,5299.4375,12800.5625,5404.0
2759,Rannes,1,201984,83954,204370,85696,12624.0,5247.125,12773.125,5356.0
2760,Sandgate,1,203680,86185,205106,87472,12730.0,5386.5625,12819.125,5467.0
2761,Dirranbandi,1,201664,87168,203696,88352,12604.0,5448.0,12731.0,5522.0
2762,Roma,1,201920,85584,204128,87408,12620.0,5349.0,12758.0,5463.0
2763,Charleville,1,199936,85280,202320,87024,12496.0,5330.0,12645.0,5439.0
2764,Port Moresby,1,203008,73744,203648,74406,12688.0,4609.0,12728.0,4650.375
2765,Alotau,1,203199,73443,206272,75444,12699.9375,4590.1875,12892.0,4715.25
2766,Daru,1,198229,73264,200775,74545,12389.3125,4579.0,12548.4375,4659.0625
2767,Aitape,1,197536,69009,200201,71232,12346.0,4313.0625,12512.5625,4452.0
2768,Sarmi,1,195518,68198,197992,69952,12219.875,4262.375,12374.5,4372.0
2769,Sorong,1,191056,67446,193057,69195,11941.0,4215.375,12066.0625,4324.6875
2770,Kaimana,1,192138,69076,194804,70691,12008.625,4317.25,12175.25,4418.1875
2771,Madang,1,201136,70311,202512,71936,12571.0,4394.4375,12657.0,4496.0
2772,Lae,1,201648,71249,204010,72592,12603.0,4453.0625,12750.625,4537.0
2773,Morobe,1,201442,72288,204320,74065,12590.125,4518.0,12770.0,4629.0625
2774,Timika,1,195312,70464,196000,71146,12207.0,4404.0,12250.0,4446.625
2775,Agats,1,196359,70640,198768,72386,12272.4375,4415.0,12423.0,4524.125
2776,Mendi,1,199584,71856,201936,73683,12474.0,4491.0,12621.0,4605.1875
2777,Wewak,1,199680,69612,201922,71248,12480.0,4350.75,12620.125,4453.0
2778,Tiom,1,196896,69808,198288,71024,12306.0,4363.0,12393.0,4439.0
2779,Aiambak,1,198224,71440,200112,73392,12389.0,4465.0,12507.0,4587.0
2780,Tabubil,1,198640,71024,199328,71536,12415.0,4439.0,12458.0,4471.0
2781,Wabag,1,199264,70928,201312,72176,12454.0,4433.0,12582.0,4511.0
2782,Manokwari,1,192736,67588,193998,69296,12046.0,4224.25,12124.875,4331.0
2783,Kimbe,1,204251,70083,207329,71995,12765.6875,4380.1875,12958.0625,4499.6875
2784,Kavieng,1,206059,68951,207860,70724,12878.6875,4309.4375,12991.25,4420.25
2785,Jayapura,1,197808,68839,198608,69504,12363.0,4302.4375,12413.0,4344.0
2786,Kumbe,1,196388,71760,198496,73925,12274.25,4485.0,12406.0,4620.3125
2787,Botawa,1,194254,68829,195952,70874,12140.875,4301.8125,12247.0,4429.625
2788,Tembagapura,1,195569,69632,197152,71374,12223.0625,4352.0,12322.0,4460.875
2789,Hobart,3,200160,95376,202243,96747,12510.0,5961.0,12640.1875,6046.6875
2790,Devonport,1,200976,94204,202461,95616,12561.0,5887.75,12653.8125,5976.0
2791,Strahan,1,199766,94119,201264,95761,12485.375,5882.4375,12579.0,5985.0625
2792,Auckland,1,213189,89012,213736,89716,13324.3125,5563.25,13358.5,5607.25
2793,Wellington,1,213143,94579,213648,95327,13321.4375,5911.1875,13353.0,5957.9375
2794,Otira,1,210032,96336,211120,97360,13127.0,6021.0,13195.0,6085.0
2795,Dunedin,1,208960,99536,209449,99942,13060.0,6221.0,13090.5625,6246.375
2796,Invercargill,1,205633,99213,209332,100745,12852.0625,6200.8125,13083.25,6296.5625
2797,Cromwell,1,207216,98352,209120,99776,12951.0,6147.0,13070.0,6236.0
2798,Nelson,1,210849,94113,212767,95472,13178.0625,5882.0625,13297.9375,5967.0
2799,Greymouth,1,209735,96132,210240,96672,13108.4375,6008.25,13140.0,6042.0
2800,Timaru,1,209568,96896,211566,98462,13098.0,6056.0,13222.875,6153.875
2801,Oamaru,1,208768,98016,210054,99765,13048.0,6126.0,13128.375,6235.3125
2802,Westport,1,209948,95030,211504,96576,13121.75,5939.375,13219.0,6036.0
2803,Ohakune,1,212916,92928,214544,94096,13307.25,5808.0,13409.0,5881.0
2804,Gisborne,1,215200,91044,216903,93077,13450.0,5690.25,13556.4375,5817.3125
2805,Mokai,1,214096,91310,215799,93024,13381.0,5706.875,13487.4375,5814.0
2806,Ohura,1,212515,91453,214336,93269,13282.1875,5715.8125,13396.0,5829.3125
2807,Napier,1,214416,92816,215646,94472,13401.0,5801.0,13477.875,5904.5
2808,Masterton,1,213437,93904,215173,95558,13339.8125,5869.0,13448.3125,5972.375
2809,Hamilton,1,213133,89494,215277,91808,13320.8125,5593.375,13454.8125,5738.0
2810,Blenheim,1,211376,94806,212932,96277,13211.0,5925.375,13308.25,6017.3125
2811,Kaikoura,1,210992,95968,212412,97310,13187.0,5998.0,13275.75,6081.875
2812,Te Anau,1,205962,97836,208000,99440,12872.625,6114.75,13000.0,6215.0
2813,Hokitika,1,208768,96417,210240,97824,13048.0,6026.0625,13140.0,6114.0
2814,Wanaka,1,207406,97148,209712,98496,12962.875,6071.75,13107.0,6156.0
2815,Christchurch,1,211104,97300,211554,97712,13194.0,6081.25,13222.125,6107.0
2816,Leningrad,1,117867,20208,118716,20798,7366.6875,1263.0,7419.75,1299.875
2817,Vologda,1,121984,19680,122784,20384,7624.0,1230.0,7674.0,1274.0
2818,Arkhangelsk,1,121937,14960,122944,15760,7621.0625,935.0,7684.0,985.0
2819,Naryan-Mar,1,131552,10298,132384,11168,8222.0,643.625,8274.0,698.0
2820,Pskov,1,116960,21952,118480,23440,7310.0,1372.0,7405.0,1465.0
2821,Veliky Novgorod,1,117824,20533,119595,22368,7364.0,1283.3125,7474.6875,1398.0
2822,Gdov,1,116608,20393,118192,22096,7288.0,1274.5625,7387.0,1381.0
2823,Nevel,1,117824,21804,120260,23728,7364.0,1362.75,7516.25,1483.0
2824,Amderma,1,136320,9696,141904,12656,8520.0,606.0,8869.0,791.0
2825,Shoyna,1,123533,10904,128960,13616,7720.8125,681.5,8060.0,851.0
2826,Knyazhpogost,1,131984,16464,135344,18384,8249.0,1029.0,8459.0,1149.0
2827,Dutovo,1,135216,14480,138496,17440,8451.0,905.0,8656.0,1090.0
2828,Pechora,1,134784,12656,138160,16064,8424.0,791.0,8635.0,1004.0
2829,Ukhta,1,132912,14288,135040,16944,8307.0,893.0,8440.0,1059.0
2830,Izhma,1,134816,15728,135664,16720,8426.0,983.0,8479.0,1045.0
2831,Ust-Tsilma,1,131664,12496,135872,15504,8229.0,781.0,8492.0,969.0
2832,Inta,1,137840,11456,141664,15088,8615.0,716.0,8854.0,943.0
2833,Syktyvkar,1,131760,17936,135424,19728,8235.0,1121.0,8464.0,1233.0
2834,Troitsko-Pechorsk,1,134656,16800,138288,19392,8416.0,1050.0,8643.0,1212.0
2835,Kuratovo,1,131248,18976,133504,21312,8203.0,1186.0,8344.0,1332.0
2836,Vazhgort,1,129792,15456,133456,18160,8112.0,966.0,8341.0,1135.0
2837,Khorey-Ver,1,131568,9934,136880,13040,8223.0,620.875,8555.0,815.0
2838,Kargopol,1,118976,17680,122976,19920,7436.0,1105.0,7686.0,1245.0
2839,Kotlas,1,127888,17008,132096,21441,7993.0,1063.0,8256.0,1340.0625
2840,Mezen,1,121998,12381,125888,16480,7624.875,773.8125,7868.0,1030.0
2841,Onega,1,118976,15018,123120,18112,7436.0,938.625,7695.0,1132.0
2842,Shenkursk,1,122656,17184,125840,19312,7666.0,1074.0,7865.0,1207.0
2843,Bereznik,1,122544,16336,123776,17472,7659.0,1021.0,7736.0,1092.0
2844,Karpogory,1,125200,14880,130320,17472,7825.0,930.0,8145.0,1092.0
2845,Leshukonskoye,1,127680,12848,132560,16064,7980.0,803.0,8285.0,1004.0
2846,Pinega,1,123552,12688,127984,17776,7722.0,793.0,7999.0,1111.0
2847,Kotkino,1,128448,10299,132496,13904,8028.0,643.6875,8281.0,869.0
2848,Cherepovets,1,120544,19808,122483,21683,7534.0,1238.0,7655.1875,1355.1875
2849,Volkhov,1,116992,18560,120896,21349,7312.0,1160.0,7556.0,1334.3125
2850,Khvoynaya,1,118882,20176,121194,22266,7430.125,1261.0,7574.625,1391.625
2851,Sokol,1,122528,18832,125280,20288,7658.0,1177.0,7830.0,1268.0
2852,Gryazovets,1,122240,20080,124800,21790,7640.0,1255.0,7800.0,1361.875
2853,Nikolsk,1,124429,19104,128416,21903,7776.8125,1194.0,8026.0,1368.9375
2854,Kizema,1,124912,16976,128544,19808,7807.0,1061.0,8034.0,1238.0
2855,Salekhard,1,141552,6747,145030,12816,8847.0,421.6875,9064.375,801.0
2856,Tarko-Sale,1,146272,11984,150352,14416,9142.0,749.0,9397.0,901.0
2857,Nadym,1,143408,10045,147280,13852,8963.0,627.8125,9205.0,865.75
2858,Urengoy,1,148496,11536,149392,12160,9281.0,721.0,9337.0,760.0
2859,Khanty-Mansiysk,1,143712,18464,144640,19184,8982.0,1154.0,9040.0,1199.0
2860,Surgut,1,146624,18368,147344,19184,9164.0,1148.0,9209.0,1199.0
2861,Beloyarsky,1,141424,16176,142656,16976,8839.0,1011.0,8916.0,1061.0
2862,Nizhnevartovsk,1,148510,17968,152928,19788,9281.875,1123.0,9558.0,1236.75
2863,Leushi,1,140032,18560,144768,21808,8752.0,1160.0,9048.0,1363.0
2864,Beryozovo,1,138368,14672,141840,16848,8648.0,917.0,8865.0,1053.0
2865,Igrim,1,138112,16192,141376,19360,8632.0,1012.0,8836.0,1210.0
2866,Kasymsk,1,144224,13152,147371,17087,9014.0,822.0,9210.6875,1067.9375
2867,Pokatshena,1,145473,15340,148308,18656,9092.0625,958.75,9269.25,1166.0
2868,Yugansk,1,146080,18307,149264,21600,9130.0,1144.1875,9329.0,1350.0
2869,Taran,1,145447,7324,147128,9540,9090.4375,457.75,9195.5,596.25
2870,Ovgort,1,139360,12144,143460,16369,8710.0,759.0,8966.25,1023.0625
2871,Korliki,1,150816,16640,154575,19248,9426.0,1040.0,9660.9375,1203.0
2872,Kikkiakki,1,150672,12858,153715,17152,9417.0,803.625,9607.1875,1072.0
2873,Khalmer-Sede,1,145811,8101,150592,12384,9113.1875,506.3125,9412.0,774.0
2874,Muşkino,1,144144,16941,146816,20656,9009.0,1058.8125,9176.0,1291.0
2875,Andra,1,140816,16736,144548,19152,8801.0,1046.0,9034.25,1197.0
2876,Verkhnekazymskiy,1,142303,13664,145062,17330,8893.9375,854.0,9066.375,1083.125
2877,Tolka,1,146848,13216,151216,16432,9178.0,826.0,9451.0,1027.0
2878,Ratta,1,151984,14442,154534,17018,9499.0,902.625,9658.375,1063.625
2879,Krasnoselkup,1,149120,8252,152870,13472,9320.0,515.75,9554.375,842.0
2880,Nowoagansk,1,147771,15504,151152,18693,9235.6875,969.0,9447.0,1168.3125
2881,Krasnoyarsk,1,156448,21904,157568,23024,9778.0,1369.0,9848.0,1439.0
2882,Dudinka,1,150498,6970,155424,10992,9406.125,435.625,9714.0,687.0
2883,Igarka,1,152078,9744,158208,15036,9504.875,609.0,9888.0,939.75
2884,Irkutsk,1,164480,25552,165408,26416,10280.0,1597.0,10338.0,1651.0
2885,Norilsk,1,153613,5758,158576,10400,9600.8125,359.875,9911.0,650.0
2886,Nazarovo,1,153776,20976,156671,23731,9611.0,1311.0,9791.9375,1483.1875
2887,Ilansky,1,157440,20264,161498,24864,9840.0,1266.5,10093.625,1554.0
2888,Syndassko,1,162141,4742,163664,5808,10133.8125,296.375,10229.0,363.0
2889,Baykit,1,158544,15024,163719,19560,9909.0,939.0,10232.4375,1222.5
2890,Bor,1,154042,13312,158816,18681,9627.625,832.0,9926.0,1167.5625
2891,Khatanga,1,163392,3736,167484,10896,10212.0,233.5,10467.75,681.0
2892,Ekonda,1,162720,10688,167232,17085,10170.0,668.0,10452.0,1067.8125
2893,Poligus,1,155353,17152,160099,20640,9709.5625,1072.0,10006.1875,1290.0
2894,Tura,1,160336,11408,164672,15600,10021.0,713.0,10292.0,975.0
2895,Vanavara,1,159866,16500,166727,21923,9991.625,1031.25,10420.4375,1370.1875
2896,Volochanka,1,156584,5194,162432,10464,9786.5,324.625,10152.0,654.0
2897,Uchami,1,157136,9632,161456,15600,9821.0,602.0,10091.0,975.0
2898,Yessey,1,160000,5568,164528,11776,10000.0,348.0,10283.0,736.0
2899,Tomsk,1,153440,21712,154304,22560,9590.0,1357.0,9644.0,1410.0
2900,Kolpashevo,1,151679,18269,155924,21840,9479.9375,1141.8125,9745.25,1365.0
2901,Alexandrovskoye,1,148032,19437,151977,21984,9252.0,1214.8125,9498.5625,1374.0
2902,Maklakovo,1,155581,19808,159248,22171,9723.8125,1238.0,9953.0,1385.6875
2903,Abakan,1,154845,22869,158720,26058,9677.8125,1429.3125,9920.0,1628.625
2904,Novosibirsk,1,151424,22744,152199,23648,9464.0,1421.5,9512.4375,1478.0
2905,Barnaul,1,149200,23296,153191,26832,9325.0,1456.0,9574.4375,1677.0
2906,Kyzyl,1,157280,26256,158016,27056,9830.0,1641.0,9876.0,1691.0
2907,Onguday,1,149424,26416,154016,29664,9339.0,1651.0,9626.0,1854.0
2908,Omsk,1,145184,21856,148816,25920,9074.0,1366.0,9301.0,1620.0
2909,Tatarsk,1,148432,23488,149248,24304,9277.0,1468.0,9328.0,1519.0
2910,Kyshtovka,1,148608,21600,151994,23824,9288.0,1350.0,9499.625,1489.0
2911,Karasuk,1,146896,24080,150896,26848,9181.0,1505.0,9431.0,1678.0
2912,Sheregesh,1,152672,23600,156831,26928,9542.0,1475.0,9801.9375,1683.0
2913,Bolotnoye,1,151715,21028,154304,24136,9482.1875,1314.25,9644.0,1508.5
2914,Kirensk,1,166768,20144,171568,22816,10423.0,1259.0,10723.0,1426.0
2915,Nizhneudinsk,1,159744,23376,164064,27568,9984.0,1461.0,10254.0,1723.0
2916,Bratsk,1,160992,21434,164608,23760,10062.0,1339.625,10288.0,1485.0
2917,Kyren,1,160928,24480,164544,28464,10058.0,1530.0,10284.0,1779.0
2918,Ulan-Ude,1,165264,22672,169280,26784,10329.0,1417.0,10580.0,1674.0
2919,Bodaybo,1,171152,19360,175360,22688,10697.0,1210.0,10960.0,1418.0
2920,Kyakhta,1,163584,26160,168484,29328,10224.0,1635.0,10530.25,1833.0
2921,Yerbogachen,1,165328,14973,169888,21056,10333.0,935.8125,10618.0,1316.0
2922,Tokma,1,163090,19312,167408,23088,10193.125,1207.0,10463.0,1443.0
2923,Zhigalovo,1,163904,22848,166832,25840,10244.0,1428.0,10427.0,1615.0
2924,Chara,1,172240,21376,175361,24176,10765.0,1336.0,10960.0625,1511.0
2925,Mogocha,1,171152,23776,174478,26941,10697.0,1486.0,10904.875,1683.8125
2926,Otpor,1,170368,25648,173280,27802,10648.0,1603.0,10830.0,1737.625
2927,Chita,1,168144,24880,171232,27683,10509.0,1555.0,10702.0,1730.1875
2928,Bagdarin,1,168224,22384,172448,25104,10514.0,1399.0,10778.0,1569.0
2929,Chadan,1,153600,26512,156384,29248,9600.0,1657.0,9774.0,1828.0
2930,Shagonar,1,155600,25601,157792,28928,9725.0,1600.0625,9862.0,1808.0
2931,Saryg-Sep,1,157472,26560,159392,29056,9842.0,1660.0,9962.0,1816.0
2932,Toora-Chem,1,156924,24720,160112,27328,9807.75,1545.0,10007.0,1708.0
2933,Siktyah,1,173584,8352,174544,9248,10849.0,522.0,10909.0,578.0
2934,Nyurba,1,170816,15952,171616,16688,10676.0,997.0,10726.0,1043.0
2935,Aykhal,1,169072,10464,172032,13744,10567.0,654.0,10752.0,859.0
2936,Olenyok,1,166624,8736,169888,11552,10414.0,546.0,10618.0,722.0
2937,Zhigansk,1,171968,10512,175776,13728,10748.0,657.0,10986.0,858.0
2938,Nyuya,1,171712,17402,173984,20144,10732.0,1087.625,10874.0,1259.0
2939,Olyokminsk,1,173616,17383,175803,20480,10851.0,1086.4375,10987.6875,1280.0
2940,Vilyuysk,1,171552,14944,174331,17892,10722.0,934.0,10895.6875,1118.25
2941,Tiksi,1,175511,5968,176449,6816,10969.4375,373.0,11028.0625,426.0
2942,Peleduy,1,169632,18880,172224,20816,10602.0,1180.0,10764.0,1301.0
2943,Sangar,1,173568,12496,177151,15776,10848.0,781.0,11071.9375,986.0
2944,Nayba,1,176180,6198,178998,10718,11011.25,387.375,11187.375,669.875
2945,Kryusyur,1,173600,6640,175712,9280,10850.0,415.0,10982.0,580.0
2946,Ust-Olenek,1,169472,5150,173680,7952,10592.0,321.875,10855.0,497.0
2947,Yuryung-Khaya,1,166752,4463,171058,7152,10422.0,278.9375,10691.125,447.0
2948,Saskylakh,1,166736,6704,170208,9056,10421.0,419.0,10638.0,566.0
2949,Bolotistoy-Derevne,1,171600,7184,173984,9616,10725.0,449.0,10874.0,601.0
2950,Zyryanka,1,184432,10880,188288,13792,11527.0,680.0,11768.0,862.0
2951,Yugoryonok,1,179824,17008,183728,19696,11239.0,1063.0,11483.0,1231.0
2952,Yakutsk,1,177312,15120,178218,15936,11082.0,945.0,11138.625,996.0
2953,Zhataystroy,1,176732,12650,180720,16251,11045.75,790.625,11295.0,1015.6875
2954,Ust-Maya,1,177795,16736,180496,19392,11112.1875,1046.0,11281.0,1212.0
2955,Nizhny Kuranakh,1,175648,16937,178400,19456,10978.0,1058.5625,11150.0,1216.0
2956,Nizhneyansk,1,181744,7561,182656,8432,11359.0,472.5625,11416.0,527.0
2957,Nagorny,1,176432,20400,179296,22512,11027.0,1275.0,11206.0,1407.0
2958,Nizhne-Stalinsk,1,176400,19200,179344,21056,11025.0,1200.0,11209.0,1316.0
2959,Khandyga,1,179566,13440,184128,17520,11222.875,840.0,11508.0,1095.0
2960,Ese-Khayya,1,179872,10208,184064,14256,11242.0,638.0,11504.0,891.0
2961,Chokurdakh,1,184048,7146,187072,12016,11503.0,446.625,11692.0,751.0
2962,Nizhniye Kresty,1,186632,7450,191441,10144,11664.5,465.625,11965.0625,634.0
2963,Batagay,1,178368,6763,182320,10496,11148.0,422.6875,11395.0,656.0
2964,Pokrovsk,1,176144,15139,179756,17580,11009.0,946.1875,11234.75,1098.75
2965,Aldan,1,176592,19184,177248,19744,11037.0,1199.0,11078.0,1234.0
2966,Srednekolymsk,1,186208,8944,189600,11408,11638.0,559.0,11850.0,713.0
2967,Verkhoyansk,1,182016,7166,184752,12512,11376.0,447.875,11547.0,782.0
2968,Eldikan,1,180240,16512,181216,17344,11265.0,1032.0,11326.0,1084.0
2969,Tyanya,1,175216,19104,176864,22304,10951.0,1194.0,11054.0,1394.0
2970,Ust-Nera,1,183520,12800,186704,15776,11470.0,800.0,11669.0,986.0
2971,Allakh-Yun,1,182112,14496,184544,18112,11382.0,906.0,11534.0,1132.0
2972,Yunkyur,1,177549,10032,180912,13904,11096.8125,627.0,11307.0,869.0
2973,Khonuu,1,183776,12464,184672,13712,11486.0,779.0,11542.0,857.0
2974,Tynda,1,175228,21888,178576,24489,10951.75,1368.0,11161.0,1530.5625
2975,Bomnak,1,178085,22592,181024,26495,11130.3125,1412.0,11314.0,1655.9375
2976,Chagda,1,178480,19200,181504,22896,11155.0,1200.0,11344.0,1431.0
2977,Tugur,1,186544,22100,187439,23216,11659.0,1381.25,11714.9375,1451.0
2978,Chumikan,1,184000,20320,186813,23552,11500.0,1270.0,11675.8125,1472.0
2979,Ayan,1,184672,17760,187648,20784,11542.0,1110.0,11728.0,1299.0
2980,Oktyabrskiy,1,179969,25488,183360,28767,11248.0625,1593.0,11460.0,1797.9375
2981,Blagoveshchensk,1,181239,26336,184493,28760,11327.4375,1646.0,11530.8125,1797.5
2982,Khabarovsk,1,184032,26752,184828,27446,11502.0,1672.0,11551.75,1715.375
2983,Bikinskaya,1,184204,26733,185828,28672,11512.75,1670.8125,11614.25,1792.0
2984,Komsomolsk,1,186767,25898,187735,26688,11672.9375,1618.625,11733.4375,1668.0
2985,Nikolayevsk-on-Amur,1,187072,21578,190252,24676,11692.0,1348.625,11890.75,1542.25
2986,Sovetskaya Gavan,1,188208,27456,190306,29712,11763.0,1716.0,11894.125,1857.0
2987,Vyazemsky,1,184544,27664,186752,30208,11534.0,1729.0,11672.0,1888.0
2988,De-Kastri,1,189752,24365,190517,25001,11859.5,1522.8125,11907.3125,1562.5625
2989,Vanino,1,188208,24680,190789,27920,11763.0,1542.5,11924.3125,1745.0
2990,Chegdomyn,1,182720,24464,186186,26963,11420.0,1529.0,11636.625,1685.1875
2991,Imeni Poliny Osipenko,1,186172,23072,189971,26493,11635.75,1442.0,11873.1875,1655.8125
2992,Vyatskoye,1,185695,25647,188498,28800,11605.9375,1602.9375,11781.125,1800.0
2993,Ekimchan,1,180688,21328,184240,24064,11293.0,1333.0,11515.0,1504.0
2994,Aim,1,182672,17232,185648,20528,11417.0,1077.0,11603.0,1283.0
2995,Nelkan,1,180976,19568,184464,21728,11311.0,1223.0,11529.0,1358.0
2996,Ogoron,1,180608,22880,183360,25696,11288.0,1430.0,11460.0,1606.0
2997,Nakhodka,1,186944,32832,189118,34580,11684.0,2052.0,11819.875,2161.25
2998,Vladivostok,1,186624,33936,187120,34600,11664.0,2121.0,11695.0,2162.5
2999,Semyonovka,1,186000,31536,188176,33120,11625.0,1971.0,11761.0,2070.0
3000,Tetyukhe,1,187616,30688,189987,33143,11726.0,1918.0,11874.1875,2071.4375
3001,Iman,1,185296,29504,187824,31744,11581.0,1844.0,11739.0,1984.0
3002,Voroshilov,1,185920,32672,187040,34890,11620.0,2042.0,11690.0,2180.625
3003,Vostok,1,186432,28464,188496,30336,11652.0,1779.0,11781.0,1896.0
3004,Ternistryy,1,187696,29472,190197,31152,11731.0,1842.0,11887.3125,1947.0
3005,Zlatoustovsk,1,183216,22832,186416,26025,11451.0,1427.0,11651.0,1626.5625
3006,Okhotsk,1,186288,15952,190064,18276,11643.0,997.0,11879.0,1142.25
3007,Pevek,1,205189,8776,210747,11712,12824.3125,548.5,13171.6875,732.0
3008,Petropavlovsk-Kamchatsky,4,198215,16608,202769,22518,12388.4375,1038.0,12673.0625,1407.375
3009,Slautnoye,1,202768,9517,207344,14077,12673.0,594.8125,12959.0,879.8125
3010,Markovo,1,206352,11376,210048,14163,12897.0,711.0,13128.0,885.1875
3011,Uelen,1,209104,9487,217007,13466,13069.0,592.9375,13562.9375,841.625
3012,Keperveyem,1,190256,7726,198302,11616,11891.0,482.875,12393.875,726.0
3013,Palana,1,199802,13156,205136,17376,12487.625,822.25,12821.0,1086.0
3014,Ilirney,1,193296,8734,201400,15682,12081.0,545.875,12587.5,980.125
3015,Gizhiga,1,198048,9204,203440,14493,12378.0,575.25,12715.0,905.8125
3016,Magadan,1,191888,15808,192864,16868,11993.0,988.0,12054.0,1054.25
3017,Talon,1,189792,14048,192544,16856,11862.0,878.0,12034.0,1053.5
3018,Atka,1,191568,11904,195894,17078,11973.0,744.0,12243.375,1067.375
3019,Sasyr,1,187952,9056,193648,14224,11747.0,566.0,12103.0,889.0
3020,Oymyakon,1,183936,14560,187872,17888,11496.0,910.0,11742.0,1118.0
3021,Kholodny,1,186112,12128,190336,16240,11632.0,758.0,11896.0,1015.0
3022,Khaty,1,167024,13536,171824,16521,10439.0,846.0,10739.0,1032.5625
3023,Mukhtuya,1,169488,17532,172128,19136,10593.0,1095.75,10758.0,1196.0
3024,Sayylyk,1,173904,15504,176448,17960,10869.0,969.0,11028.0,1122.5
3025,Sheya,1,169135,16032,171962,17993,10570.9375,1002.0,10747.625,1124.5625
3026,Usun,1,171072,12448,174000,15776,10692.0,778.0,10875.0,986.0
3027,Lybalakh,1,175232,8529,177946,13264,10952.0,533.0625,11121.625,829.0
3028,Baytakh,1,166624,11200,169840,13936,10414.0,700.0,10615.0,871.0
3029,Bykovsky,1,173523,5200,175638,6832,10845.1875,325.0,10977.375,427.0
3030,Taymylyr,1,173168,6080,174128,6896,10823.0,380.0,10883.0,431.0
3031,Kyusyur,1,174768,6544,176931,8864,10923.0,409.0,11058.1875,554.0
3032,Eryukkyune,1,169440,7456,172752,10912,10590.0,466.0,10797.0,682.0
3033,Ulakhan-Kyuel,1,172512,9040,175856,11600,10782.0,565.0,10991.0,725.0
3034,Eyik,1,171664,11776,172560,12576,10729.0,736.0,10785.0,786.0
3035,Beizi Temple,1,174389,32202,177680,34240,10899.3125,2012.625,11105.0,2140.0
3036,Zhèngxiāngbái,1,174423,33510,176976,36228,10901.4375,2094.375,11061.0,2264.25
3037,Old Barag,1,170885,26283,173952,30142,10680.3125,1642.6875,10872.0,1883.875
3038,Hulunbuir,1,173568,27856,174336,28672,10848.0,1741.0,10896.0,1792.0
3039,Harbin,1,182112,31632,183168,32640,11382.0,1977.0,11448.0,2040.0
3040,Kiamusze,1,184128,30560,185120,31280,11508.0,1910.0,11570.0,1955.0
3041,Hsinking,1,181792,33296,182752,34272,11362.0,2081.0,11422.0,2142.0
3042,Yimin Sumu,1,172113,28400,175488,30620,10757.0625,1775.0,10968.0,1913.75
3043,Mohe,1,173881,22846,177224,25840,10867.5625,1427.875,11076.5,1615.0
3044,Tahe,1,175760,23941,178959,26688,10985.0,1496.3125,11184.9375,1668.0
3045,Sunwu,1,180176,27868,183088,30816,11261.0,1741.75,11443.0,1926.0
3046,Nenjiang,1,177472,27362,180939,31168,11092.0,1710.125,11308.6875,1948.0
3047,Xuguit Qi,1,173602,25530,176320,28496,10850.125,1595.625,11020.0,1781.0
3048,Yichun,1,182640,27634,185024,30896,11415.0,1727.125,11564.0,1931.0
3049,Shuangyashan,1,184896,29824,186576,32032,11556.0,1864.0,11661.0,2002.0
3050,Qitaihe,1,184608,31488,186320,32944,11538.0,1968.0,11645.0,2059.0
3051,Yilan,1,183184,30592,185024,32624,11449.0,1912.0,11564.0,2039.0
3052,Tonghe,1,182784,31040,184176,33072,11424.0,1940.0,11511.0,2067.0
3053,Dehui,1,180224,31520,183552,34288,11264.0,1970.0,11472.0,2143.0
3054,Liaoyang,1,180336,33872,183296,35904,11271.0,2117.0,11456.0,2244.0
3055,Tonghua,1,182704,34736,184976,36480,11419.0,2171.0,11561.0,2280.0
3056,Botankou,1,183504,32448,186000,33808,11469.0,2028.0,11625.0,2113.0
3057,Yanbian,1,183248,33456,186416,35328,11453.0,2091.0,11651.0,2208.0
3058,Tongliao,1,177936,32048,181888,35200,11121.0,2003.0,11368.0,2200.0
3059,Huolin Gol,1,176800,29552,180464,34128,11050.0,1847.0,11279.0,2133.0
3060,Arxan,1,174256,29296,176144,31367,10891.0,1831.0,11009.0,1960.4375
3061,Chaihezhen,1,175312,28048,177568,31248,10957.0,1753.0,11098.0,1953.0
3062,Guyuanzhen,1,175664,26112,178336,29040,10979.0,1632.0,11146.0,1815.0
3063,Beijiangxiang,1,177632,25078,180690,27984,11102.0,1567.375,11293.125,1749.0
3064,Sartu,1,180832,30336,183264,31952,11302.0,1896.0,11454.0,1997.0
3065,Qigihar,1,180064,30608,181040,31600,11254.0,1913.0,11315.0,1975.0
3066,Sverdlovsk,1,139552,24224,140384,24944,8722.0,1514.0,8774.0,1559.0
3067,Tyumen,1,140160,22416,143216,24976,8760.0,1401.0,8951.0,1561.0
3068,Krasnoturyinsk,1,137600,18688,140656,22672,8600.0,1168.0,8791.0,1417.0
3069,Verkhnyaya Salda,1,137152,22272,140624,24288,8572.0,1392.0,8789.0,1518.0
3070,Pervouralsk,1,136944,23840,139696,26352,8559.0,1490.0,8731.0,1647.0
3071,Tobolsk,1,141440,21136,144368,23088,8840.0,1321.0,9023.0,1443.0
3072,Berezovka,1,143536,20336,148192,22512,8971.0,1271.0,9262.0,1407.0
3073,Aromashevo,1,142704,22400,145808,24864,8919.0,1400.0,9113.0,1554.0
3074,Ishim,1,143280,23616,145712,26048,8955.0,1476.0,9107.0,1628.0
3075,Kurgan,1,141024,24640,143824,26496,8814.0,1540.0,8989.0,1656.0
3076,Chelyabinsk,1,139248,24624,141248,26672,8703.0,1539.0,8828.0,1667.0
3077,Magnitogorsk,1,137792,25904,139792,28752,8612.0,1619.0,8737.0,1797.0
3078,Kartaly,1,138672,26256,141520,29088,8667.0,1641.0,8845.0,1818.0
3079,Zykova,1,139312,20176,141968,22960,8707.0,1261.0,8873.0,1435.0
3080,Astana,1,145648,27248,146608,28032,9103.0,1703.0,9163.0,1752.0
3081,Guryev,1,135056,32176,135856,32904,8441.0,2011.0,8491.0,2056.5
3082,Taras,1,144288,32656,146432,35584,9018.0,2041.0,9152.0,2224.0
3083,Turkistan,1,142624,32960,143408,33648,8914.0,2060.0,8963.0,2103.0
3084,Shymkent,1,142640,33280,144672,35328,8915.0,2080.0,9042.0,2208.0
3085,Uralsk,1,131451,29504,136400,33447,8215.6875,1844.0,8525.0,2090.4375
3086,Ufa,1,136320,25024,136864,25568,8520.0,1564.0,8554.0,1598.0
3087,Orenburg,1,135408,28624,136032,29136,8463.0,1789.0,8502.0,1821.0
3088,Semipalatinsk,1,148000,27840,151328,30624,9250.0,1740.0,9458.0,1914.0
3089,Petropavl,1,142944,24560,147472,27392,8934.0,1535.0,9217.0,1712.0
3090,Pavlodar,1,146224,25808,150048,29088,9139.0,1613.0,9378.0,1818.0
3091,Kokshetau,1,142960,26272,146320,28976,8935.0,1642.0,9145.0,1811.0
3092,Almaty,1,147664,32912,148144,33488,9229.0,2057.0,9259.0,2093.0
3093,Kzyl-Orda,1,140880,32096,142912,35152,8805.0,2006.0,8932.0,2197.0
3094,Oskemen,1,150352,28672,153728,31104,9397.0,1792.0,9608.0,1944.0
3095,Aktobe,1,135840,29344,139360,32464,8490.0,1834.0,8710.0,2029.0
3096,Kostanay,1,138784,27168,142560,31072,8674.0,1698.0,8910.0,1942.0
3097,Karaganda,1,144992,27664,148400,30272,9062.0,1729.0,9275.0,1892.0
3098,Balkhash,1,146576,30176,149920,32496,9161.0,1886.0,9370.0,2031.0
3099,Arshaly,1,141072,26096,143936,30544,8817.0,1631.0,8996.0,1909.0
3100,Dzhezkazgan,1,141408,29856,145152,33504,8838.0,1866.0,9072.0,2094.0
3101,Atasu,1,143728,28256,147312,30944,8983.0,1766.0,9207.0,1934.0
3102,Tole Bi,1,145808,31872,147984,33920,9113.0,1992.0,9249.0,2120.0
3103,Birlik,1,144256,30528,147312,32816,9016.0,1908.0,9207.0,2051.0
3104,Talgar,1,147696,31616,150976,33552,9231.0,1976.0,9436.0,2097.0
3105,Taldy-Kurgan,1,149360,30416,151968,32320,9335.0,1901.0,9498.0,2020.0
3106,Fort Shevchenko,1,134711,34102,135648,34876,8419.4375,2131.375,8478.0,2179.75
3107,Usturt,1,134748,32768,141136,37081,8421.75,2048.0,8821.0,2317.5625
3108,Nizhniy Embensk,1,135462,31792,137952,34736,8466.375,1987.0,8622.0,2171.0
3109,Aralsk,1,137552,30752,141568,33488,8597.0,1922.0,8848.0,2093.0
3110,Ashkhabad,1,140160,40304,140912,40992,8760.0,2519.0,8807.0,2562.0
3111,Anau,1,140288,40224,142656,42688,8768.0,2514.0,8916.0,2668.0
3112,Nebit Dag,1,136091,37883,138496,39589,8505.6875,2367.6875,8656.0,2474.3125
3113,Mary,1,141568,39568,144576,41952,8848.0,2473.0,9036.0,2622.0
3114,Tashauz,1,139680,37024,142688,39520,8730.0,2314.0,8918.0,2470.0
3115,Chardzhou,1,141136,37824,143328,39824,8821.0,2364.0,8958.0,2489.0
3116,Derweze,1,139232,38160,140016,38928,8702.0,2385.0,8751.0,2433.0
3117,Kyzyl-Arvat,1,137326,38704,139504,41243,8582.875,2419.0,8719.0,2577.6875
3118,Bäherden,1,139168,39776,140432,41280,8698.0,2486.0,8777.0,2580.0
3119,Yerbent,1,139280,38704,141824,40352,8705.0,2419.0,8864.0,2522.0
3120,Samarqand,1,143984,37808,144800,38528,8999.0,2363.0,9050.0,2408.0
3121,Qarshi,1,142768,38432,144560,40096,8923.0,2402.0,9035.0,2506.0
3122,Termiz,1,144320,38848,145920,41072,9020.0,2428.0,9120.0,2567.0
3123,Bukhara,1,142448,36576,144112,38608,8903.0,2286.0,9007.0,2413.0
3124,Fergana,1,145408,36128,147024,38368,9088.0,2258.0,9189.0,2398.0
3125,Marat,1,140256,33920,143840,36752,8766.0,2120.0,8990.0,2297.0
3126,Chelkar,1,139200,34832,142528,37488,8700.0,2177.0,8908.0,2343.0
3127,Nukus,1,138496,35728,141136,38208,8656.0,2233.0,8821.0,2388.0
3128,Krasnowodsk,1,136376,38672,137152,39317,8523.5,2417.0,8572.0,2457.3125
3129,Oboy,1,137057,38736,138640,40502,8566.0625,2421.0,8665.0,2531.375
3130,Gyzylgaya,1,136326,36720,139312,39040,8520.375,2295.0,8707.0,2440.0
3131,Stalinabad,1,145216,38320,145936,39008,9076.0,2395.0,9121.0,2438.0
3132,Murghab,1,145648,38272,147344,40320,9103.0,2392.0,9209.0,2520.0
3133,Panjakent,1,144416,37520,145952,39248,9026.0,2345.0,9122.0,2453.0
3134,Jizzakh,1,143984,36624,145568,37984,8999.0,2289.0,9098.0,2374.0
3135,Oktyabrsky (TK),1,143424,35152,146128,36784,8964.0,2197.0,9133.0,2299.0
3136,Frunze,1,145568,33632,148720,36240,9098.0,2102.0,9295.0,2265.0
3137,Przhevalsk,1,147568,33072,150640,36192,9223.0,2067.0,9415.0,2262.0
3138,At-Bashy,1,146640,34944,149152,37408,9165.0,2184.0,9322.0,2338.0
3139,Orsk,1,136800,28400,138944,29760,8550.0,1775.0,8684.0,1860.0
3140,Sterlitamak,1,136240,26320,138064,27408,8515.0,1645.0,8629.0,1713.0
3141,Perm,1,136352,22400,136992,22912,8522.0,1400.0,8562.0,1432.0
3142,Talovo,1,136672,18576,138224,20640,8542.0,1161.0,8639.0,1290.0
3143,Gayny,1,133456,19344,135952,21088,8341.0,1209.0,8497.0,1318.0
3144,Cherdyn,1,135696,19008,137248,20880,8481.0,1188.0,8578.0,1305.0
3145,Dobryanka,1,135936,21488,138080,22544,8496.0,1343.0,8630.0,1409.0
3146,Berezniki,1,136128,20304,138000,21744,8508.0,1269.0,8625.0,1359.0
3147,Kudymkar,1,134368,20816,136544,22016,8398.0,1301.0,8534.0,1376.0
3148,Nytva,1,135056,21904,136576,23440,8441.0,1369.0,8536.0,1465.0
3149,Oktyabrsky,1,134032,24512,135728,26368,8377.0,1532.0,8483.0,1648.0
3150,Mishkinsky,1,136336,23792,138240,25248,8521.0,1487.0,8640.0,1578.0
3151,Birsk,1,135152,23232,136560,24688,8447.0,1452.0,8535.0,1543.0
3152,Davlekanovo,1,135248,24512,136672,26880,8453.0,1532.0,8542.0,1680.0
3153,Beloretsk,1,136560,25216,138576,26624,8535.0,1576.0,8661.0,1664.0
3154,Sibay,1,136336,27360,138064,28608,8521.0,1710.0,8629.0,1788.0
3155,Ishimbay,1,134896,26592,137536,28832,8431.0,1662.0,8596.0,1802.0
3156,Sorochinsk,1,133920,27184,135680,30064,8370.0,1699.0,8480.0,1879.0
3157,Lysva,1,136368,22352,137664,24000,8523.0,1397.0,8604.0,1500.0
3158,Sol-Iletsk,1,135088,28544,137248,30160,8443.0,1784.0,8578.0,1885.0
3159,Igra,1,134048,22688,134624,23312,8378.0,1418.0,8414.0,1457.0
3160,Debyosy,1,134480,22480,135456,24608,8405.0,1405.0,8466.0,1538.0
3161,Glazov,1,133184,21904,135216,23376,8324.0,1369.0,8451.0,1461.0
3162,Izhevsk,1,133280,23200,134832,24304,8330.0,1450.0,8427.0,1519.0
3163,Buzuluk,1,132928,26720,135040,28240,8308.0,1670.0,8440.0,1765.0
3164,Abdulino,1,134736,26208,135344,26928,8421.0,1638.0,8459.0,1683.0
3165,Buguruslan,1,132960,25632,134976,27088,8310.0,1602.0,8436.0,1693.0
3166,Kirov,1,131792,21744,132432,22512,8237.0,1359.0,8277.0,1407.0
3167,Murashi,1,130041,19568,132416,22581,8127.5625,1223.0,8276.0,1411.3125
3168,Batumi,1,128082,35973,128688,36619,8005.125,2248.3125,8043.0,2288.6875
3169,Tiflis,1,129392,36192,130960,37376,8087.0,2262.0,8185.0,2336.0
3170,Kirs,1,132288,20080,134784,22304,8268.0,1255.0,8424.0,1394.0
3171,Kuybyshev,1,131968,26736,132544,27328,8248.0,1671.0,8284.0,1708.0
3172,Gori,1,129376,35328,131008,36656,8086.0,2208.0,8188.0,2291.0
3173,Kumyony,1,131520,22192,133584,23344,8220.0,1387.0,8349.0,1459.0
3174,Urzhum,1,130693,23024,133344,24458,8168.3125,1439.0,8334.0,1528.625
3175,Naberezhnye Chelny,1,132816,23968,134880,25136,8301.0,1498.0,8430.0,1571.0
3176,Tolyatti,1,131056,25469,132384,27200,8191.0,1591.8125,8274.0,1700.0
3177,Pokhvistnevo,1,131984,25344,133136,27040,8249.0,1584.0,8321.0,1690.0
3178,Yaransk,1,129918,22368,131792,24223,8119.875,1398.0,8237.0,1513.9375
3179,Kutaisi,1,128205,35120,130112,36528,8012.8125,2195.0,8132.0,2283.0
3180,Gorky,1,127776,23200,129552,24976,7986.0,1450.0,8097.0,1561.0
3181,Ilori,1,127443,34528,129520,36032,7965.1875,2158.0,8095.0,2252.0
3182,Kazan,1,131136,24230,131888,24969,8196.0,1514.375,8243.0,1560.5625
3183,Khelvachauri,1,127858,36304,129536,37456,7991.125,2269.0,8096.0,2341.0
3184,Saratov,1,129040,28730,129984,29600,8065.0,1795.625,8124.0,1850.0
3185,Buinsk,1,130128,23512,131626,25811,8133.0,1469.5,8226.625,1613.1875
3186,Pestretsy,1,131162,24224,132960,25664,8197.625,1514.0,8310.0,1604.0
3187,Bugulma,1,132912,24960,134576,25904,8307.0,1560.0,8411.0,1619.0
3188,Signalki,1,130784,35504,132512,37632,8174.0,2219.0,8282.0,2352.0
3189,Neftegorsk,1,131328,26960,133184,28304,8208.0,1685.0,8324.0,1769.0
3190,Rostov,1,124220,31005,126777,32859,7763.75,1937.8125,7923.5625,2053.6875
3191,Ulyanovsk,1,130512,25616,131200,26320,8157.0,1601.0,8200.0,1645.0
3192,Petrovsk,1,131168,34052,133077,37808,8198.0,2128.25,8317.3125,2363.0
3193,Aleksandryia,1,129040,24608,130727,26634,8065.0,1538.0,8170.4375,1664.625
3194,Novospasskoye,1,129384,26191,131456,28274,8086.5,1636.9375,8216.0,1767.125
3195,Penza,1,127728,26048,129928,27760,7983.0,1628.0,8120.5,1735.0
3196,Saransk,1,127760,24720,129440,26304,7985.0,1545.0,8090.0,1644.0
3197,Balakovo,1,129433,27568,132016,29344,8089.5625,1723.0,8251.0,1834.0
3198,Pugachyov,1,131712,28048,134080,29408,8232.0,1753.0,8380.0,1838.0
3199,Baltser,1,128464,29091,131152,30797,8029.0,1818.1875,8197.0,1924.8125
3200,Novouzensk,1,130880,29136,133968,31120,8180.0,1821.0,8373.0,1945.0
3201,Atarsk,1,127728,27188,129977,29307,7983.0,1699.25,8123.5625,1831.6875
3202,Uren,1,128512,22323,130576,24832,8032.0,1395.1875,8161.0,1552.0
3203,Ordzhonikidze,1,128960,33184,131776,35536,8060.0,2074.0,8236.0,2221.0
3204,Stavropol,1,127936,32384,130048,34992,7996.0,2024.0,8128.0,2187.0
3205,Krasnodar,1,123808,32560,127248,34606,7738.0,2035.0,7953.0,2162.875
3206,Stalingrad,1,129178,31413,130160,32112,8073.625,1963.3125,8135.0,2007.0
3207,Astrakhan,1,131264,32303,133612,34432,8204.0,2018.9375,8350.75,2152.0
3208,Yashkul,1,130256,30751,132505,33744,8141.0,1921.9375,8281.5625,2109.0
3209,Maykop,1,126371,32592,128496,35115,7898.1875,2037.0,8031.0,2194.6875
3210,Dubovka,1,128092,29723,131073,31720,8005.75,1857.6875,8192.0625,1982.5
3211,Elista,1,128928,31511,130848,33296,8058.0,1969.4375,8178.0,2081.0
3212,Salsk,1,126464,31402,129299,32992,7904.0,1962.625,8081.1875,2062.0
3213,Millerovo,1,124720,29408,128323,31636,7795.0,1838.0,8020.1875,1977.25
3214,Moscow,1,121600,23520,122528,24208,7600.0,1470.0,7658.0,1513.0
3215,Bryansk,1,120576,26048,122912,28608,7536.0,1628.0,7682.0,1788.0
3216,Voronezh,1,124496,28384,125296,29072,7781.0,1774.0,7831.0,1817.0
3217,Ryazan,1,123536,24480,124400,25232,7721.0,1530.0,7775.0,1577.0
3218,Yaroslavl,1,121648,21436,123292,23040,7603.0,1339.75,7705.75,1440.0
3219,Vladimir,1,122144,22880,124640,24688,7634.0,1430.0,7790.0,1543.0
3220,Kovrov,1,123840,22576,125904,23888,7740.0,1411.0,7869.0,1493.0
3221,Kologriv,1,125712,21433,127776,23664,7857.0,1339.5625,7986.0,1479.0
3222,Kostroma,1,122688,21421,124080,23184,7668.0,1338.8125,7755.0,1449.0
3223,Vokhma,1,127408,20915,130785,23680,7963.0,1307.1875,8174.0625,1480.0
3224,Kalinin,1,120409,21580,122320,23968,7525.5625,1348.75,7645.0,1498.0
3225,Tula,1,121680,24032,123648,26416,7605.0,1502.0,7728.0,1651.0
3226,Belgorod,1,123360,28080,124992,29824,7710.0,1755.0,7812.0,1864.0
3227,Kursk,1,121792,27120,123776,29648,7612.0,1695.0,7736.0,1853.0
3228,Ivanovo,1,123760,22256,124512,22816,7735.0,1391.0,7782.0,1426.0
3229,Kineshma,1,123948,21661,126080,22752,7746.75,1353.8125,7880.0,1422.0
3230,Kaluga,1,120224,23888,122016,26288,7514.0,1493.0,7626.0,1643.0
3231,Lipetsk,1,124240,27056,126064,28704,7765.0,1691.0,7879.0,1794.0
3232,Oryol,1,122864,26464,123728,27376,7679.0,1654.0,7733.0,1711.0
3233,Smolensk,1,119328,21872,121360,25040,7458.0,1367.0,7585.0,1565.0
3234,Tambov,1,125728,26800,128144,28464,7858.0,1675.0,8009.0,1779.0
3235,Borisolglebsk,1,124768,28240,128767,30329,7798.0,1765.0,8047.9375,1895.5625
3236,Morshansk,1,124912,25728,127824,27360,7807.0,1608.0,7989.0,1710.0
3237,Murom,1,124320,23056,127200,24832,7770.0,1441.0,7950.0,1552.0
3238,Sasovo,1,125840,23376,128256,26048,7865.0,1461.0,8016.0,1628.0
3239,Yefremov,1,122480,25120,125024,28176,7655.0,1570.0,7814.0,1761.0
3240,Shivolo,1,124016,24560,126144,26304,7751.0,1535.0,7884.0,1644.0
3241,Palau,5,192495,63384,193293,64877,12030.9375,3961.5,12080.8125,4054.8125
3242,Guam,1,199663,59087,200468,59926,12478.9375,3692.9375,12529.25,3745.375
3243,Songsong,1,200679,58468,201155,58948,12542.4375,3654.25,12572.1875,3684.25
3244,Tinian,1,201920,57164,202329,57892,12620.0,3572.75,12645.5625,3618.25
3245,Saipan,1,202470,56368,203191,57293,12654.375,3523.0,12699.4375,3580.8125
3246,Aguigan,1,201692,57846,202167,58340,12605.75,3615.375,12635.4375,3646.25
3247,Weno,5,206588,62977,207042,63824,12911.75,3936.0625,12940.125,3989.0
3248,Tol,4,205652,63325,206375,63983,12853.25,3957.8125,12898.4375,3998.9375
3249,Palikir,1,208815,63682,209407,64264,13050.9375,3980.125,13087.9375,4016.5
3250,Nouméa,1,210014,80487,210936,81464,13125.875,5030.4375,13183.5,5091.5
3251,Wé,1,210700,80536,211155,80984,13168.75,5033.5,13197.1875,5061.5
3252,La Roche,1,210892,80878,211407,81315,13180.75,5054.875,13212.9375,5082.1875
3253,Port Vila,3,210920,78780,211508,80188,13182.5,4923.75,13219.25,5011.75
3254,Luganville,6,210554,76951,211170,77960,13159.625,4809.4375,13198.125,4872.5
3255,Lakatoro,4,210695,77721,211201,78399,13168.4375,4857.5625,13200.0625,4899.9375
3256,Suva,3,213594,78883,214196,79364,13349.625,4930.1875,13387.25,4960.25
3257,Labasa,3,213857,78129,214407,78759,13366.0625,4883.0625,13400.4375,4922.4375
3258,Apia,1,215816,76809,216301,77277,13488.5,4800.5625,13518.8125,4829.8125
3259,Salelologa,1,215411,76714,215947,77125,13463.1875,4794.625,13496.6875,4820.3125
3260,Jamestown,1,94804,81378,95345,81859,5925.25,5086.125,5959.0625,5116.1875
3261,Pago Pago,1,216170,76994,216670,77383,13510.625,4812.125,13541.875,4836.4375
3262,Arawa,1,207322,71768,207853,72829,12957.625,4485.5,12990.8125,4551.8125
3263,Polo,1,207777,72507,208349,73230,12986.0625,4531.6875,13021.8125,4576.875
3264,Honiara,1,208654,74090,209196,74633,13040.875,4630.625,13074.75,4664.5625
3265,Namuga,1,209133,74640,209602,75182,13070.8125,4665.0,13100.125,4698.875
3266,Auki,1,208914,73520,209466,74632,13057.125,4595.0,13091.625,4664.5
3267,Buala,1,208375,73086,208892,73879,13023.4375,4567.875,13055.75,4617.4375
3268,Munda,6,207717,73148,208421,73874,12982.3125,4571.75,13026.3125,4617.125
3269,Kwajalein,1,211964,63104,212687,63562,13247.75,3944.0,13292.9375,3972.625
3270,Majuro,1,215155,63882,215684,64324,13447.1875,3992.625,13480.25,4020.25
3271,Enewetak,1,210391,62345,210910,62757,13149.4375,3896.5625,13181.875,3922.3125
3272,Wake Island,1,211400,52419,212316,53098,13212.5,3276.1875,13269.75,3318.625
3273,Naha,1,186035,47347,186708,48122,11627.1875,2959.1875,11669.25,3007.625
3274,Amami,3,186652,46428,187159,47332,11665.75,2901.75,11697.4375,2958.25
3275,Miyakojima,2,185286,47990,185969,48577,11580.375,2999.375,11623.0625,3036.0625
3276,Ishigaki,3,184293,48534,185356,49048,11518.3125,3033.375,11584.75,3065.5
3277,Kunashiri,2,194852,31714,196075,32889,12178.25,1982.125,12254.6875,2055.5625
3278,Etorofu,1,195879,30452,197012,31834,12242.4375,1903.25,12313.25,1989.625
3279,Przasnysz,1,112288,27568,113872,28864,7018.0,1723.0,7117.0,1804.0
3280,Katowice,1,111872,30096,112624,31520,6992.0,1881.0,7039.0,1970.0
3281,Białystok,1,114752,27216,115616,27920,7172.0,1701.0,7226.0,1745.0
3282,Baranovichi,1,115504,26208,117392,28304,7219.0,1638.0,7337.0,1769.0
3283,Lexington,1,38416,31136,39872,33168,2401.0,1946.0,2492.0,2073.0
3284,Barraute,1,57104,21536,59872,24208,3569.0,1346.0,3742.0,1513.0
3285,Kerrville,1,37696,42064,39280,43408,2356.0,2629.0,2455.0,2713.0
3286,Itabuna,1,76512,77344,77305,79007,4782.0,4834.0,4831.5625,4937.9375
3287,Mankoya,1,114288,78016,117952,80480,7143.0,4876.0,7372.0,5030.0
3288,Vavuniya,1,155371,61588,156862,63520,9710.6875,3849.25,9803.875,3970.0
3289,Colombo,1,155409,63095,156000,63840,9713.0625,3943.4375,9750.0,3990.0
3290,Galle,1,155430,63206,156885,64451,9714.375,3950.375,9805.3125,4028.1875
3291,Sveg,1,108992,16896,110336,18832,6812.0,1056.0,6896.0,1177.0
3292,Hammerdal,1,109088,15152,111648,16576,6818.0,947.0,6978.0,1036.0
3293,Jönköping,1,108230,22432,109936,23824,6764.375,1402.0,6871.0,1489.0
3294,Jokkmokk,1,110784,13104,113296,15152,6924.0,819.0,7081.0,947.0
3295,Jeju,1,184490,42815,185122,43248,11530.625,2675.9375,11570.125,2703.0
3296,Nicosia,1,123687,44245,124699,45060,7730.4375,2765.3125,7793.6875,2816.25
3297,São Tomé,1,103240,69718,103700,70219,6452.5,4357.375,6481.25,4388.6875
3298,College Station,1,40080,41536,41648,43024,2505.0,2596.0,2603.0,2689.0
3299,Whangarei,1,211874,87250,213652,89758,13242.125,5453.125,13353.25,5609.875
3300,Santa Cruz de Tenerife,5,85375,50680,87244,51612,5335.9375,3167.5,5452.75,3225.75
3301,Panamá,1,48865,61018,49840,61602,3054.0625,3813.625,3115.0,3850.125
3302,Obock,1,128928,62342,129817,63241,8058.0,3896.375,8113.5625,3952.5625
3332,Trieste,1,107243,34960,109106,37758,6702.6875,2185.0,6819.125,2359.875
