{"type": "FeatureCollection", "features": [{"type": "Feature", "properties": {"province_id": 0, "name": "Las Palmas"}, "geometry": {"type": "Point", "coordinates": [6140.0, 2667.0]}}, {"type": "Feature", "properties": {"province_id": 1, "name": "Murmansk"}, "geometry": {"type": "Point", "coordinates": [7392.0, 698.0]}}, {"type": "Feature", "properties": {"province_id": 2, "name": "Apatity"}, "geometry": {"type": "Point", "coordinates": [7454.0, 810.0]}}, {"type": "Feature", "properties": {"province_id": 3, "name": "Ivalo"}, "geometry": {"type": "Point", "coordinates": [7248.0, 742.0]}}, {"type": "Feature", "properties": {"province_id": 4, "name": "Enontekiö"}, "geometry": {"type": "Point", "coordinates": [7137.0, 748.0]}}, {"type": "Feature", "properties": {"province_id": 5, "name": "Rovaniemi"}, "geometry": {"type": "Point", "coordinates": [7183.0, 869.0]}}, {"type": "Feature", "properties": {"province_id": 6, "name": "Oulu"}, "geometry": {"type": "Point", "coordinates": [7190.0, 935.0]}}, {"type": "Feature", "properties": {"province_id": 7, "name": "Kokkola"}, "geometry": {"type": "Point", "coordinates": [7114.0, 1023.0]}}, {"type": "Feature", "properties": {"province_id": 8, "name": "Vaasa"}, "geometry": {"type": "Point", "coordinates": [7069.0, 1085.0]}}, {"type": "Feature", "properties": {"province_id": 9, "name": "Pori"}, "geometry": {"type": "Point", "coordinates": [7076.0, 1158.0]}}, {"type": "Feature", "properties": {"province_id": 10, "name": "Manchester"}, "geometry": {"type": "Point", "coordinates": [5955.0, 1604.0]}}, {"type": "Feature", "properties": {"province_id": 11, "name": "Turku"}, "geometry": {"type": "Point", "coordinates": [7090.0, 1256.0]}}, {"type": "Feature", "properties": {"province_id": 12, "name": "Jyväskylä"}, "geometry": {"type": "Point", "coordinates": [7189.0, 1095.0]}}, {"type": "Feature", "properties": {"province_id": 13, "name": "Tampere"}, "geometry": {"type": "Point", "coordinates": [7146.0, 1197.0]}}, {"type": "Feature", "properties": {"province_id": 14, "name": "Helsinki"}, "geometry": {"type": "Point", "coordinates": [7198.0, 1267.0]}}, {"type": "Feature", "properties": {"province_id": 15, "name": "Lappeenranta"}, "geometry": {"type": "Point", "coordinates": [7311.0, 1217.0]}}, {"type": "Feature", "properties": {"province_id": 16, "name": "Joensuu"}, "geometry": {"type": "Point", "coordinates": [7365.0, 1106.0]}}, {"type": "Feature", "properties": {"province_id": 17, "name": "Kem"}, "geometry": {"type": "Point", "coordinates": [7423.0, 972.0]}}, {"type": "Feature", "properties": {"province_id": 18, "name": "Iisalmi"}, "geometry": {"type": "Point", "coordinates": [7293.0, 1048.0]}}, {"type": "Feature", "properties": {"province_id": 19, "name": "Kuusamo"}, "geometry": {"type": "Point", "coordinates": [7296.0, 905.0]}}, {"type": "Feature", "properties": {"province_id": 20, "name": "Loukhi"}, "geometry": {"type": "Point", "coordinates": [7351.0, 885.0]}}, {"type": "Feature", "properties": {"province_id": 21, "name": "Tetrino"}, "geometry": {"type": "Point", "coordinates": [7561.0, 882.0]}}, {"type": "Feature", "properties": {"province_id": 22, "name": "Kiruna"}, "geometry": {"type": "Point", "coordinates": [7040.0, 767.0]}}, {"type": "Feature", "properties": {"province_id": 23, "name": "Luleå"}, "geometry": {"type": "Point", "coordinates": [7082.0, 871.0]}}, {"type": "Feature", "properties": {"province_id": 24, "name": "Arjeborg"}, "geometry": {"type": "Point", "coordinates": [6945.0, 869.0]}}, {"type": "Feature", "properties": {"province_id": 25, "name": "Umeå"}, "geometry": {"type": "Point", "coordinates": [7038.0, 992.0]}}, {"type": "Feature", "properties": {"province_id": 26, "name": "Vilhelmina"}, "geometry": {"type": "Point", "coordinates": [6926.0, 957.0]}}, {"type": "Feature", "properties": {"province_id": 27, "name": "Östersund"}, "geometry": {"type": "Point", "coordinates": [6872.0, 1051.0]}}, {"type": "Feature", "properties": {"province_id": 28, "name": "Stockholm"}, "geometry": {"type": "Point", "coordinates": [6971.0, 1322.0]}}, {"type": "Feature", "properties": {"province_id": 29, "name": "Malmö"}, "geometry": {"type": "Point", "coordinates": [6770.0, 1568.0]}}, {"type": "Feature", "properties": {"province_id": 30, "name": "Härnösand"}, "geometry": {"type": "Point", "coordinates": [6956.0, 1099.0]}}, {"type": "Feature", "properties": {"province_id": 31, "name": "Falun"}, "geometry": {"type": "Point", "coordinates": [6910.0, 1217.0]}}, {"type": "Feature", "properties": {"province_id": 32, "name": "Lofsdalen"}, "geometry": {"type": "Point", "coordinates": [6797.0, 1119.0]}}, {"type": "Feature", "properties": {"province_id": 33, "name": "Mora"}, "geometry": {"type": "Point", "coordinates": [6848.0, 1199.0]}}, {"type": "Feature", "properties": {"province_id": 34, "name": "Karlstad"}, "geometry": {"type": "Point", "coordinates": [6794.0, 1333.0]}}, {"type": "Feature", "properties": {"province_id": 35, "name": "Gothenburg"}, "geometry": {"type": "Point", "coordinates": [6741.0, 1451.0]}}, {"type": "Feature", "properties": {"province_id": 36, "name": "Linköping"}, "geometry": {"type": "Point", "coordinates": [6873.0, 1397.0]}}, {"type": "Feature", "properties": {"province_id": 37, "name": "Växjö"}, "geometry": {"type": "Point", "coordinates": [6841.0, 1493.0]}}, {"type": "Feature", "properties": {"province_id": 38, "name": "Visby"}, "geometry": {"type": "Point", "coordinates": [6988.0, 1452.0]}}, {"type": "Feature", "properties": {"province_id": 39, "name": "Rosenheim"}, "geometry": {"type": "Point", "coordinates": [6689.0, 2098.0]}}, {"type": "Feature", "properties": {"province_id": 40, "name": "Narvik"}, "geometry": {"type": "Point", "coordinates": [6916.0, 768.0]}}, {"type": "Feature", "properties": {"province_id": 41, "name": "Brześć"}, "geometry": {"type": "Point", "coordinates": [7218.0, 1771.0]}}, {"type": "Feature", "properties": {"province_id": 42, "name": "Alta"}, "geometry": {"type": "Point", "coordinates": [7101.0, 663.0]}}, {"type": "Feature", "properties": {"province_id": 43, "name": "Bodø"}, "geometry": {"type": "Point", "coordinates": [6838.0, 838.0]}}, {"type": "Feature", "properties": {"province_id": 44, "name": "Steinkjer"}, "geometry": {"type": "Point", "coordinates": [6719.0, 1014.0]}}, {"type": "Feature", "properties": {"province_id": 45, "name": "Trondheim"}, "geometry": {"type": "Point", "coordinates": [6696.0, 1062.0]}}, {"type": "Feature", "properties": {"province_id": 46, "name": "Oslo"}, "geometry": {"type": "Point", "coordinates": [6710.0, 1308.0]}}, {"type": "Feature", "properties": {"province_id": 47, "name": "Dęblin"}, "geometry": {"type": "Point", "coordinates": [7135.0, 1828.0]}}, {"type": "Feature", "properties": {"province_id": 48, "name": "Hamar"}, "geometry": {"type": "Point", "coordinates": [6722.0, 1213.0]}}, {"type": "Feature", "properties": {"province_id": 49, "name": "Mazyr"}, "geometry": {"type": "Point", "coordinates": [7493.0, 1766.0]}}, {"type": "Feature", "properties": {"province_id": 50, "name": "Bergen"}, "geometry": {"type": "Point", "coordinates": [6516.0, 1236.0]}}, {"type": "Feature", "properties": {"province_id": 51, "name": "Stryn"}, "geometry": {"type": "Point", "coordinates": [6582.0, 1145.0]}}, {"type": "Feature", "properties": {"province_id": 52, "name": "Rjukan"}, "geometry": {"type": "Point", "coordinates": [6613.0, 1287.0]}}, {"type": "Feature", "properties": {"province_id": 53, "name": "Kristiansand"}, "geometry": {"type": "Point", "coordinates": [6594.0, 1384.0]}}, {"type": "Feature", "properties": {"province_id": 54, "name": "Tallinn"}, "geometry": {"type": "Point", "coordinates": [7226.0, 1307.0]}}, {"type": "Feature", "properties": {"province_id": 55, "name": "Haapsalu"}, "geometry": {"type": "Point", "coordinates": [7174.0, 1339.0]}}, {"type": "Feature", "properties": {"province_id": 57, "name": "Bern"}, "geometry": {"type": "Point", "coordinates": [6440.0, 2151.0]}}, {"type": "Feature", "properties": {"province_id": 58, "name": "Pärnu"}, "geometry": {"type": "Point", "coordinates": [7223.0, 1384.0]}}, {"type": "Feature", "properties": {"province_id": 59, "name": "Valga"}, "geometry": {"type": "Point", "coordinates": [7267.0, 1411.0]}}, {"type": "Feature", "properties": {"province_id": 60, "name": "London"}, "geometry": {"type": "Point", "coordinates": [6085.0, 1779.0]}}, {"type": "Feature", "properties": {"province_id": 61, "name": "Cēsis"}, "geometry": {"type": "Point", "coordinates": [7225.0, 1424.0]}}, {"type": "Feature", "properties": {"province_id": 62, "name": "Riga"}, "geometry": {"type": "Point", "coordinates": [7192.0, 1470.0]}}, {"type": "Feature", "properties": {"province_id": 63, "name": "Ludza"}, "geometry": {"type": "Point", "coordinates": [7289.0, 1498.0]}}, {"type": "Feature", "properties": {"province_id": 64, "name": "Daugavpils"}, "geometry": {"type": "Point", "coordinates": [7245.0, 1527.0]}}, {"type": "Feature", "properties": {"province_id": 65, "name": "Vilnius"}, "geometry": {"type": "Point", "coordinates": [7209.0, 1571.0]}}, {"type": "Feature", "properties": {"province_id": 66, "name": "Alytus"}, "geometry": {"type": "Point", "coordinates": [7168.0, 1632.0]}}, {"type": "Feature", "properties": {"province_id": 67, "name": "Kaunas"}, "geometry": {"type": "Point", "coordinates": [7160.0, 1582.0]}}, {"type": "Feature", "properties": {"province_id": 68, "name": "Tauragė"}, "geometry": {"type": "Point", "coordinates": [7099.0, 1537.0]}}, {"type": "Feature", "properties": {"province_id": 69, "name": "Klaipėda"}, "geometry": {"type": "Point", "coordinates": [7082.0, 1498.0]}}, {"type": "Feature", "properties": {"province_id": 70, "name": "Talsi"}, "geometry": {"type": "Point", "coordinates": [7131.0, 1439.0]}}, {"type": "Feature", "properties": {"province_id": 71, "name": "Athlone"}, "geometry": {"type": "Point", "coordinates": [5684.0, 1591.0]}}, {"type": "Feature", "properties": {"province_id": 72, "name": "Danzig"}, "geometry": {"type": "Point", "coordinates": [6984.0, 1636.0]}}, {"type": "Feature", "properties": {"province_id": 73, "name": "Bydgoszcz"}, "geometry": {"type": "Point", "coordinates": [6965.0, 1723.0]}}, {"type": "Feature", "properties": {"province_id": 74, "name": "Poznań"}, "geometry": {"type": "Point", "coordinates": [6880.0, 1779.0]}}, {"type": "Feature", "properties": {"province_id": 75, "name": "Warsaw"}, "geometry": {"type": "Point", "coordinates": [7073.0, 1795.0]}}, {"type": "Feature", "properties": {"province_id": 76, "name": "Łódź"}, "geometry": {"type": "Point", "coordinates": [6991.0, 1836.0]}}, {"type": "Feature", "properties": {"province_id": 77, "name": "Płock"}, "geometry": {"type": "Point", "coordinates": [7036.0, 1768.0]}}, {"type": "Feature", "properties": {"province_id": 78, "name": "Kraków"}, "geometry": {"type": "Point", "coordinates": [7033.0, 1948.0]}}, {"type": "Feature", "properties": {"province_id": 79, "name": "Lwów"}, "geometry": {"type": "Point", "coordinates": [7257.0, 1944.0]}}, {"type": "Feature", "properties": {"province_id": 80, "name": "Tarnów"}, "geometry": {"type": "Point", "coordinates": [7079.0, 1951.0]}}, {"type": "Feature", "properties": {"province_id": 81, "name": "Lublin"}, "geometry": {"type": "Point", "coordinates": [7180.0, 1860.0]}}, {"type": "Feature", "properties": {"province_id": 82, "name": "Kielce"}, "geometry": {"type": "Point", "coordinates": [7075.0, 1893.0]}}, {"type": "Feature", "properties": {"province_id": 83, "name": "Łomża"}, "geometry": {"type": "Point", "coordinates": [7138.0, 1727.0]}}, {"type": "Feature", "properties": {"province_id": 84, "name": "Wilno"}, "geometry": {"type": "Point", "coordinates": [7306.0, 1529.0]}}, {"type": "Feature", "properties": {"province_id": 85, "name": "Lida"}, "geometry": {"type": "Point", "coordinates": [7274.0, 1628.0]}}, {"type": "Feature", "properties": {"province_id": 86, "name": "Stanisławów"}, "geometry": {"type": "Point", "coordinates": [7297.0, 1982.0]}}, {"type": "Feature", "properties": {"province_id": 87, "name": "Brody"}, "geometry": {"type": "Point", "coordinates": [7327.0, 1901.0]}}, {"type": "Feature", "properties": {"province_id": 88, "name": "Sarny"}, "geometry": {"type": "Point", "coordinates": [7352.0, 1794.0]}}, {"type": "Feature", "properties": {"province_id": 89, "name": "Kowel"}, "geometry": {"type": "Point", "coordinates": [7264.0, 1803.0]}}, {"type": "Feature", "properties": {"province_id": 90, "name": "Edinburgh"}, "geometry": {"type": "Point", "coordinates": [5911.0, 1388.0]}}, {"type": "Feature", "properties": {"province_id": 91, "name": "Lutsk"}, "geometry": {"type": "Point", "coordinates": [7418.0, 1833.0]}}, {"type": "Feature", "properties": {"province_id": 92, "name": "Kiev"}, "geometry": {"type": "Point", "coordinates": [7566.0, 1882.0]}}, {"type": "Feature", "properties": {"province_id": 93, "name": "Odessa"}, "geometry": {"type": "Point", "coordinates": [7559.0, 2061.0]}}, {"type": "Feature", "properties": {"province_id": 94, "name": "Salisbury"}, "geometry": {"type": "Point", "coordinates": [5970.0, 1827.0]}}, {"type": "Feature", "properties": {"province_id": 95, "name": "Kharkiv"}, "geometry": {"type": "Point", "coordinates": [7716.0, 1863.0]}}, {"type": "Feature", "properties": {"province_id": 96, "name": "Stalino"}, "geometry": {"type": "Point", "coordinates": [7745.0, 1972.0]}}, {"type": "Feature", "properties": {"province_id": 97, "name": "Luhansk"}, "geometry": {"type": "Point", "coordinates": [7790.0, 1918.0]}}, {"type": "Feature", "properties": {"province_id": 98, "name": "Poltava"}, "geometry": {"type": "Point", "coordinates": [7714.0, 1907.0]}}, {"type": "Feature", "properties": {"province_id": 99, "name": "Cherkasy"}, "geometry": {"type": "Point", "coordinates": [7621.0, 1912.0]}}, {"type": "Feature", "properties": {"province_id": 100, "name": "Chernihiv"}, "geometry": {"type": "Point", "coordinates": [7566.0, 1812.0]}}, {"type": "Feature", "properties": {"province_id": 101, "name": "Zaporizhzhia"}, "geometry": {"type": "Point", "coordinates": [7704.0, 1990.0]}}, {"type": "Feature", "properties": {"province_id": 102, "name": "Dnipropetrovsk"}, "geometry": {"type": "Point", "coordinates": [7701.0, 1960.0]}}, {"type": "Feature", "properties": {"province_id": 103, "name": "Sevastopol"}, "geometry": {"type": "Point", "coordinates": [7626.0, 2140.0]}}, {"type": "Feature", "properties": {"province_id": 104, "name": "Melitopol"}, "geometry": {"type": "Point", "coordinates": [7667.0, 2057.0]}}, {"type": "Feature", "properties": {"province_id": 105, "name": "Kirovohrad"}, "geometry": {"type": "Point", "coordinates": [7623.0, 1961.0]}}, {"type": "Feature", "properties": {"province_id": 106, "name": "Vinnytsia"}, "geometry": {"type": "Point", "coordinates": [7488.0, 1938.0]}}, {"type": "Feature", "properties": {"province_id": 107, "name": "Lviv"}, "geometry": {"type": "Point", "coordinates": [7385.0, 1898.0]}}, {"type": "Feature", "properties": {"province_id": 108, "name": "Zhytomyr"}, "geometry": {"type": "Point", "coordinates": [7506.0, 1880.0]}}, {"type": "Feature", "properties": {"province_id": 109, "name": "Mykolayiv"}, "geometry": {"type": "Point", "coordinates": [7577.0, 2026.0]}}, {"type": "Feature", "properties": {"province_id": 110, "name": "Ternopil"}, "geometry": {"type": "Point", "coordinates": [7439.0, 1896.0]}}, {"type": "Feature", "properties": {"province_id": 111, "name": "Uman"}, "geometry": {"type": "Point", "coordinates": [7543.0, 1964.0]}}, {"type": "Feature", "properties": {"province_id": 112, "name": "Korosten"}, "geometry": {"type": "Point", "coordinates": [7507.0, 1830.0]}}, {"type": "Feature", "properties": {"province_id": 113, "name": "Hamburg"}, "geometry": {"type": "Point", "coordinates": [6617.0, 1688.0]}}, {"type": "Feature", "properties": {"province_id": 114, "name": "Kiel"}, "geometry": {"type": "Point", "coordinates": [6625.0, 1643.0]}}, {"type": "Feature", "properties": {"province_id": 115, "name": "Dresden"}, "geometry": {"type": "Point", "coordinates": [6748.0, 1873.0]}}, {"type": "Feature", "properties": {"province_id": 116, "name": "Berlin"}, "geometry": {"type": "Point", "coordinates": [6751.0, 1759.0]}}, {"type": "Feature", "properties": {"province_id": 117, "name": "Cologne"}, "geometry": {"type": "Point", "coordinates": [6448.0, 1885.0]}}, {"type": "Feature", "properties": {"province_id": 118, "name": "Munich"}, "geometry": {"type": "Point", "coordinates": [6661.0, 2071.0]}}, {"type": "Feature", "properties": {"province_id": 119, "name": "Osnabrück"}, "geometry": {"type": "Point", "coordinates": [6513.0, 1781.0]}}, {"type": "Feature", "properties": {"province_id": 120, "name": "Bremen"}, "geometry": {"type": "Point", "coordinates": [6555.0, 1703.0]}}, {"type": "Feature", "properties": {"province_id": 121, "name": "Hannover"}, "geometry": {"type": "Point", "coordinates": [6618.0, 1759.0]}}, {"type": "Feature", "properties": {"province_id": 122, "name": "Rostock"}, "geometry": {"type": "Point", "coordinates": [6721.0, 1676.0]}}, {"type": "Feature", "properties": {"province_id": 123, "name": "Stettin"}, "geometry": {"type": "Point", "coordinates": [6826.0, 1712.0]}}, {"type": "Feature", "properties": {"province_id": 124, "name": "Kolberg"}, "geometry": {"type": "Point", "coordinates": [6901.0, 1667.0]}}, {"type": "Feature", "properties": {"province_id": 125, "name": "Königsberg"}, "geometry": {"type": "Point", "coordinates": [7063.0, 1639.0]}}, {"type": "Feature", "properties": {"province_id": 126, "name": "Küstrin"}, "geometry": {"type": "Point", "coordinates": [6809.0, 1781.0]}}, {"type": "Feature", "properties": {"province_id": 127, "name": "Magdeburg"}, "geometry": {"type": "Point", "coordinates": [6695.0, 1775.0]}}, {"type": "Feature", "properties": {"province_id": 128, "name": "Oppeln"}, "geometry": {"type": "Point", "coordinates": [6951.0, 1909.0]}}, {"type": "Feature", "properties": {"province_id": 129, "name": "Breslau"}, "geometry": {"type": "Point", "coordinates": [6906.0, 1870.0]}}, {"type": "Feature", "properties": {"province_id": 130, "name": "Leipzig"}, "geometry": {"type": "Point", "coordinates": [6712.0, 1862.0]}}, {"type": "Feature", "properties": {"province_id": 131, "name": "Düsseldorf"}, "geometry": {"type": "Point", "coordinates": [6443.0, 1844.0]}}, {"type": "Feature", "properties": {"province_id": 132, "name": "Frankfurt"}, "geometry": {"type": "Point", "coordinates": [6467.0, 1924.0]}}, {"type": "Feature", "properties": {"province_id": 133, "name": "Stuttgart"}, "geometry": {"type": "Point", "coordinates": [6487.0, 2020.0]}}, {"type": "Feature", "properties": {"province_id": 134, "name": "Saarbrücken"}, "geometry": {"type": "Point", "coordinates": [6410.0, 1974.0]}}, {"type": "Feature", "properties": {"province_id": 135, "name": "Freiburg"}, "geometry": {"type": "Point", "coordinates": [6435.0, 2099.0]}}, {"type": "Feature", "properties": {"province_id": 136, "name": "Augsburg"}, "geometry": {"type": "Point", "coordinates": [6612.0, 2058.0]}}, {"type": "Feature", "properties": {"province_id": 137, "name": "Nuremberg"}, "geometry": {"type": "Point", "coordinates": [6641.0, 2007.0]}}, {"type": "Feature", "properties": {"province_id": 138, "name": "Würzburg"}, "geometry": {"type": "Point", "coordinates": [6540.0, 1963.0]}}, {"type": "Feature", "properties": {"province_id": 139, "name": "Kassel"}, "geometry": {"type": "Point", "coordinates": [6526.0, 1888.0]}}, {"type": "Feature", "properties": {"province_id": 140, "name": "Erfurt"}, "geometry": {"type": "Point", "coordinates": [6634.0, 1922.0]}}, {"type": "Feature", "properties": {"province_id": 141, "name": "Mogilev"}, "geometry": {"type": "Point", "coordinates": [7463.0, 1619.0]}}, {"type": "Feature", "properties": {"province_id": 142, "name": "Gomel"}, "geometry": {"type": "Point", "coordinates": [7527.0, 1710.0]}}, {"type": "Feature", "properties": {"province_id": 143, "name": "Esbjerg"}, "geometry": {"type": "Point", "coordinates": [6568.0, 1541.0]}}, {"type": "Feature", "properties": {"province_id": 144, "name": "Rock Springs"}, "geometry": {"type": "Point", "coordinates": [1943.0, 1955.0]}}, {"type": "Feature", "properties": {"province_id": 145, "name": "Frederikshavn"}, "geometry": {"type": "Point", "coordinates": [6658.0, 1438.0]}}, {"type": "Feature", "properties": {"province_id": 146, "name": "Žlobin"}, "geometry": {"type": "Point", "coordinates": [7489.0, 1691.0]}}, {"type": "Feature", "properties": {"province_id": 147, "name": "Babruysk"}, "geometry": {"type": "Point", "coordinates": [7405.0, 1664.0]}}, {"type": "Feature", "properties": {"province_id": 148, "name": "Przemyśl"}, "geometry": {"type": "Point", "coordinates": [7177.0, 1944.0]}}, {"type": "Feature", "properties": {"province_id": 149, "name": "Zürich"}, "geometry": {"type": "Point", "coordinates": [6510.0, 2119.0]}}, {"type": "Feature", "properties": {"province_id": 150, "name": "Viborg"}, "geometry": {"type": "Point", "coordinates": [6605.0, 1504.0]}}, {"type": "Feature", "properties": {"province_id": 151, "name": "Aarhus"}, "geometry": {"type": "Point", "coordinates": [6624.0, 1538.0]}}, {"type": "Feature", "properties": {"province_id": 152, "name": "Chur"}, "geometry": {"type": "Point", "coordinates": [6542.0, 2174.0]}}, {"type": "Feature", "properties": {"province_id": 153, "name": "Lugano"}, "geometry": {"type": "Point", "coordinates": [6503.0, 2232.0]}}, {"type": "Feature", "properties": {"province_id": 154, "name": "Odense"}, "geometry": {"type": "Point", "coordinates": [6648.0, 1567.0]}}, {"type": "Feature", "properties": {"province_id": 155, "name": "Copenhagen"}, "geometry": {"type": "Point", "coordinates": [6727.0, 1556.0]}}, {"type": "Feature", "properties": {"province_id": 156, "name": "Lausanne"}, "geometry": {"type": "Point", "coordinates": [6386.0, 2193.0]}}, {"type": "Feature", "properties": {"province_id": 157, "name": "Næstved"}, "geometry": {"type": "Point", "coordinates": [6696.0, 1587.0]}}, {"type": "Feature", "properties": {"province_id": 158, "name": "Vienna"}, "geometry": {"type": "Point", "coordinates": [6910.0, 2060.0]}}, {"type": "Feature", "properties": {"province_id": 159, "name": "Polotsk"}, "geometry": {"type": "Point", "coordinates": [7343.0, 1485.0]}}, {"type": "Feature", "properties": {"province_id": 160, "name": "Minsk"}, "geometry": {"type": "Point", "coordinates": [7334.0, 1613.0]}}, {"type": "Feature", "properties": {"province_id": 161, "name": "Vitsebsk"}, "geometry": {"type": "Point", "coordinates": [7449.0, 1496.0]}}, {"type": "Feature", "properties": {"province_id": 162, "name": "Barysaw"}, "geometry": {"type": "Point", "coordinates": [7368.0, 1583.0]}}, {"type": "Feature", "properties": {"province_id": 163, "name": "Slutsk"}, "geometry": {"type": "Point", "coordinates": [7353.0, 1683.0]}}, {"type": "Feature", "properties": {"province_id": 164, "name": "Lahti"}, "geometry": {"type": "Point", "coordinates": [7210.0, 1217.0]}}, {"type": "Feature", "properties": {"province_id": 165, "name": "Sankt Pölten"}, "geometry": {"type": "Point", "coordinates": [6849.0, 2072.0]}}, {"type": "Feature", "properties": {"province_id": 166, "name": "Graz"}, "geometry": {"type": "Point", "coordinates": [6838.0, 2159.0]}}, {"type": "Feature", "properties": {"province_id": 167, "name": "Salzburg"}, "geometry": {"type": "Point", "coordinates": [6744.0, 2111.0]}}, {"type": "Feature", "properties": {"province_id": 168, "name": "Innsbruck"}, "geometry": {"type": "Point", "coordinates": [6650.0, 2163.0]}}, {"type": "Feature", "properties": {"province_id": 169, "name": "Prague"}, "geometry": {"type": "Point", "coordinates": [6799.0, 1959.0]}}, {"type": "Feature", "properties": {"province_id": 170, "name": "Liberec"}, "geometry": {"type": "Point", "coordinates": [6818.0, 1912.0]}}, {"type": "Feature", "properties": {"province_id": 171, "name": "Pilsen"}, "geometry": {"type": "Point", "coordinates": [6760.0, 1982.0]}}, {"type": "Feature", "properties": {"province_id": 172, "name": "Ostrava"}, "geometry": {"type": "Point", "coordinates": [6942.0, 1973.0]}}, {"type": "Feature", "properties": {"province_id": 173, "name": "Brno"}, "geometry": {"type": "Point", "coordinates": [6871.0, 2011.0]}}, {"type": "Feature", "properties": {"province_id": 174, "name": "Žilina"}, "geometry": {"type": "Point", "coordinates": [7014.0, 1994.0]}}, {"type": "Feature", "properties": {"province_id": 175, "name": "Košice"}, "geometry": {"type": "Point", "coordinates": [7153.0, 2006.0]}}, {"type": "Feature", "properties": {"province_id": 176, "name": "Mukačevo"}, "geometry": {"type": "Point", "coordinates": [7247.0, 2026.0]}}, {"type": "Feature", "properties": {"province_id": 177, "name": "Bratislava"}, "geometry": {"type": "Point", "coordinates": [6943.0, 2059.0]}}, {"type": "Feature", "properties": {"province_id": 178, "name": "Banská Bystrica"}, "geometry": {"type": "Point", "coordinates": [7036.0, 2035.0]}}, {"type": "Feature", "properties": {"province_id": 179, "name": "Amsterdam"}, "geometry": {"type": "Point", "coordinates": [6361.0, 1745.0]}}, {"type": "Feature", "properties": {"province_id": 180, "name": "Rotterdam"}, "geometry": {"type": "Point", "coordinates": [6332.0, 1764.0]}}, {"type": "Feature", "properties": {"province_id": 181, "name": "Den Helder"}, "geometry": {"type": "Point", "coordinates": [6344.0, 1724.0]}}, {"type": "Feature", "properties": {"province_id": 182, "name": "Groningen"}, "geometry": {"type": "Point", "coordinates": [6430.0, 1697.0]}}, {"type": "Feature", "properties": {"province_id": 183, "name": "Eindhoven"}, "geometry": {"type": "Point", "coordinates": [6383.0, 1801.0]}}, {"type": "Feature", "properties": {"province_id": 184, "name": "Brussels"}, "geometry": {"type": "Point", "coordinates": [6319.0, 1838.0]}}, {"type": "Feature", "properties": {"province_id": 185, "name": "Brugge"}, "geometry": {"type": "Point", "coordinates": [6270.0, 1821.0]}}, {"type": "Feature", "properties": {"province_id": 186, "name": "Antwerpen"}, "geometry": {"type": "Point", "coordinates": [6303.0, 1805.0]}}, {"type": "Feature", "properties": {"province_id": 187, "name": "Namur"}, "geometry": {"type": "Point", "coordinates": [6332.0, 1873.0]}}, {"type": "Feature", "properties": {"province_id": 188, "name": "Bastogne"}, "geometry": {"type": "Point", "coordinates": [6360.0, 1879.0]}}, {"type": "Feature", "properties": {"province_id": 189, "name": "Luxemburg"}, "geometry": {"type": "Point", "coordinates": [6371.0, 1908.0]}}, {"type": "Feature", "properties": {"province_id": 190, "name": "Cork"}, "geometry": {"type": "Point", "coordinates": [5655.0, 1714.0]}}, {"type": "Feature", "properties": {"province_id": 191, "name": "Dublin"}, "geometry": {"type": "Point", "coordinates": [5764.0, 1590.0]}}, {"type": "Feature", "properties": {"province_id": 192, "name": "Waterford"}, "geometry": {"type": "Point", "coordinates": [5736.0, 1675.0]}}, {"type": "Feature", "properties": {"province_id": 193, "name": "Galway"}, "geometry": {"type": "Point", "coordinates": [5630.0, 1605.0]}}, {"type": "Feature", "properties": {"province_id": 194, "name": "Belfast"}, "geometry": {"type": "Point", "coordinates": [5769.0, 1489.0]}}, {"type": "Feature", "properties": {"province_id": 195, "name": "Lisbon"}, "geometry": {"type": "Point", "coordinates": [5469.0, 2601.0]}}, {"type": "Feature", "properties": {"province_id": 196, "name": "Oporto"}, "geometry": {"type": "Point", "coordinates": [5539.0, 2419.0]}}, {"type": "Feature", "properties": {"province_id": 197, "name": "Coimbra"}, "geometry": {"type": "Point", "coordinates": [5531.0, 2540.0]}}, {"type": "Feature", "properties": {"province_id": 198, "name": "Viseu"}, "geometry": {"type": "Point", "coordinates": [5599.0, 2506.0]}}, {"type": "Feature", "properties": {"province_id": 199, "name": "Beja"}, "geometry": {"type": "Point", "coordinates": [5541.0, 2642.0]}}, {"type": "Feature", "properties": {"province_id": 200, "name": "Faro"}, "geometry": {"type": "Point", "coordinates": [5513.0, 2741.0]}}, {"type": "Feature", "properties": {"province_id": 201, "name": "Reykjavík"}, "geometry": {"type": "Point", "coordinates": [5335.0, 1034.0]}}, {"type": "Feature", "properties": {"province_id": 202, "name": "Akureyri"}, "geometry": {"type": "Point", "coordinates": [5430.0, 956.0]}}, {"type": "Feature", "properties": {"province_id": 203, "name": "Höfn"}, "geometry": {"type": "Point", "coordinates": [5547.0, 1019.0]}}, {"type": "Feature", "properties": {"province_id": 204, "name": "Tirana"}, "geometry": {"type": "Point", "coordinates": [7115.0, 2530.0]}}, {"type": "Feature", "properties": {"province_id": 205, "name": "Vlore"}, "geometry": {"type": "Point", "coordinates": [7112.0, 2616.0]}}, {"type": "Feature", "properties": {"province_id": 206, "name": "Tucson"}, "geometry": {"type": "Point", "coordinates": [1886.0, 2564.0]}}, {"type": "Feature", "properties": {"province_id": 207, "name": "Phoenix"}, "geometry": {"type": "Point", "coordinates": [1828.0, 2468.0]}}, {"type": "Feature", "properties": {"province_id": 208, "name": "Flagstaff"}, "geometry": {"type": "Point", "coordinates": [1876.0, 2377.0]}}, {"type": "Feature", "properties": {"province_id": 209, "name": "Chinle"}, "geometry": {"type": "Point", "coordinates": [1947.0, 2308.0]}}, {"type": "Feature", "properties": {"province_id": 210, "name": "Kingman"}, "geometry": {"type": "Point", "coordinates": [1772.0, 2329.0]}}, {"type": "Feature", "properties": {"province_id": 211, "name": "Safford"}, "geometry": {"type": "Point", "coordinates": [1932.0, 2509.0]}}, {"type": "Feature", "properties": {"province_id": 212, "name": "Prescott"}, "geometry": {"type": "Point", "coordinates": [1779.0, 2404.0]}}, {"type": "Feature", "properties": {"province_id": 213, "name": "Yuma"}, "geometry": {"type": "Point", "coordinates": [1709.0, 2518.0]}}, {"type": "Feature", "properties": {"province_id": 214, "name": "Billings"}, "geometry": {"type": "Point", "coordinates": [2023.0, 1671.0]}}, {"type": "Feature", "properties": {"province_id": 215, "name": "Great Falls"}, "geometry": {"type": "Point", "coordinates": [1846.0, 1528.0]}}, {"type": "Feature", "properties": {"province_id": 216, "name": "Broadus"}, "geometry": {"type": "Point", "coordinates": [2161.0, 1701.0]}}, {"type": "Feature", "properties": {"province_id": 217, "name": "Miles City"}, "geometry": {"type": "Point", "coordinates": [2114.0, 1604.0]}}, {"type": "Feature", "properties": {"province_id": 218, "name": "Plentywood"}, "geometry": {"type": "Point", "coordinates": [2184.0, 1482.0]}}, {"type": "Feature", "properties": {"province_id": 219, "name": "Havre"}, "geometry": {"type": "Point", "coordinates": [1931.0, 1491.0]}}, {"type": "Feature", "properties": {"province_id": 220, "name": "Missoula"}, "geometry": {"type": "Point", "coordinates": [1722.0, 1557.0]}}, {"type": "Feature", "properties": {"province_id": 221, "name": "Bozeman"}, "geometry": {"type": "Point", "coordinates": [1873.0, 1687.0]}}, {"type": "Feature", "properties": {"province_id": 222, "name": "Helena"}, "geometry": {"type": "Point", "coordinates": [1799.0, 1613.0]}}, {"type": "Feature", "properties": {"province_id": 223, "name": "Taunton"}, "geometry": {"type": "Point", "coordinates": [5890.0, 1821.0]}}, {"type": "Feature", "properties": {"province_id": 224, "name": "Bristol"}, "geometry": {"type": "Point", "coordinates": [5954.0, 1776.0]}}, {"type": "Feature", "properties": {"province_id": 225, "name": "Plymouth"}, "geometry": {"type": "Point", "coordinates": [5853.0, 1870.0]}}, {"type": "Feature", "properties": {"province_id": 226, "name": "Portsmouth"}, "geometry": {"type": "Point", "coordinates": [6028.0, 1833.0]}}, {"type": "Feature", "properties": {"province_id": 227, "name": "Ashford"}, "geometry": {"type": "Point", "coordinates": [6106.0, 1820.0]}}, {"type": "Feature", "properties": {"province_id": 228, "name": "Ipswich"}, "geometry": {"type": "Point", "coordinates": [6152.0, 1725.0]}}, {"type": "Feature", "properties": {"province_id": 229, "name": "Cambridge"}, "geometry": {"type": "Point", "coordinates": [6087.0, 1717.0]}}, {"type": "Feature", "properties": {"province_id": 230, "name": "Birmingham"}, "geometry": {"type": "Point", "coordinates": [5970.0, 1681.0]}}, {"type": "Feature", "properties": {"province_id": 231, "name": "Cardiff"}, "geometry": {"type": "Point", "coordinates": [5909.0, 1768.0]}}, {"type": "Feature", "properties": {"province_id": 232, "name": "Liverpool"}, "geometry": {"type": "Point", "coordinates": [5931.0, 1615.0]}}, {"type": "Feature", "properties": {"province_id": 233, "name": "Shrewsbury"}, "geometry": {"type": "Point", "coordinates": [5905.0, 1667.0]}}, {"type": "Feature", "properties": {"province_id": 234, "name": "Sheffield"}, "geometry": {"type": "Point", "coordinates": [6020.0, 1623.0]}}, {"type": "Feature", "properties": {"province_id": 235, "name": "Leeds"}, "geometry": {"type": "Point", "coordinates": [6017.0, 1581.0]}}, {"type": "Feature", "properties": {"province_id": 236, "name": "Carlisle"}, "geometry": {"type": "Point", "coordinates": [5928.0, 1470.0]}}, {"type": "Feature", "properties": {"province_id": 237, "name": "York"}, "geometry": {"type": "Point", "coordinates": [6046.0, 1548.0]}}, {"type": "Feature", "properties": {"province_id": 238, "name": "Glasgow"}, "geometry": {"type": "Point", "coordinates": [5843.0, 1397.0]}}, {"type": "Feature", "properties": {"province_id": 239, "name": "Aberdeen"}, "geometry": {"type": "Point", "coordinates": [5959.0, 1278.0]}}, {"type": "Feature", "properties": {"province_id": 240, "name": "St. John's"}, "geometry": {"type": "Point", "coordinates": [4774.0, 1555.0]}}, {"type": "Feature", "properties": {"province_id": 241, "name": "Inverness"}, "geometry": {"type": "Point", "coordinates": [5840.0, 1268.0]}}, {"type": "Feature", "properties": {"province_id": 242, "name": "Thurso"}, "geometry": {"type": "Point", "coordinates": [5848.0, 1147.0]}}, {"type": "Feature", "properties": {"province_id": 243, "name": "Venice"}, "geometry": {"type": "Point", "coordinates": [6683.0, 2256.0]}}, {"type": "Feature", "properties": {"province_id": 244, "name": "Turin"}, "geometry": {"type": "Point", "coordinates": [6449.0, 2301.0]}}, {"type": "Feature", "properties": {"province_id": 245, "name": "Rome"}, "geometry": {"type": "Point", "coordinates": [6698.0, 2541.0]}}, {"type": "Feature", "properties": {"province_id": 246, "name": "Naples"}, "geometry": {"type": "Point", "coordinates": [6810.0, 2619.0]}}, {"type": "Feature", "properties": {"province_id": 247, "name": "Verona"}, "geometry": {"type": "Point", "coordinates": [6602.0, 2260.0]}}, {"type": "Feature", "properties": {"province_id": 248, "name": "Genoa"}, "geometry": {"type": "Point", "coordinates": [6507.0, 2358.0]}}, {"type": "Feature", "properties": {"province_id": 249, "name": "Bologna"}, "geometry": {"type": "Point", "coordinates": [6626.0, 2330.0]}}, {"type": "Feature", "properties": {"province_id": 250, "name": "Milan"}, "geometry": {"type": "Point", "coordinates": [6507.0, 2262.0]}}, {"type": "Feature", "properties": {"province_id": 251, "name": "Cuneo"}, "geometry": {"type": "Point", "coordinates": [6432.0, 2360.0]}}, {"type": "Feature", "properties": {"province_id": 252, "name": "Parma"}, "geometry": {"type": "Point", "coordinates": [6565.0, 2314.0]}}, {"type": "Feature", "properties": {"province_id": 253, "name": "Florence"}, "geometry": {"type": "Point", "coordinates": [6615.0, 2400.0]}}, {"type": "Feature", "properties": {"province_id": 254, "name": "San Marino"}, "geometry": {"type": "Point", "coordinates": [6688.0, 2374.0]}}, {"type": "Feature", "properties": {"province_id": 255, "name": "Cagliari"}, "geometry": {"type": "Point", "coordinates": [6514.0, 2653.0]}}, {"type": "Feature", "properties": {"province_id": 256, "name": "Palermo"}, "geometry": {"type": "Point", "coordinates": [6761.0, 2835.0]}}, {"type": "Feature", "properties": {"province_id": 257, "name": "Civitavecchia"}, "geometry": {"type": "Point", "coordinates": [6669.0, 2513.0]}}, {"type": "Feature", "properties": {"province_id": 258, "name": "Perugia"}, "geometry": {"type": "Point", "coordinates": [6704.0, 2462.0]}}, {"type": "Feature", "properties": {"province_id": 259, "name": "Pescara"}, "geometry": {"type": "Point", "coordinates": [6790.0, 2494.0]}}, {"type": "Feature", "properties": {"province_id": 260, "name": "Latina"}, "geometry": {"type": "Point", "coordinates": [6726.0, 2568.0]}}, {"type": "Feature", "properties": {"province_id": 261, "name": "Cassino"}, "geometry": {"type": "Point", "coordinates": [6789.0, 2574.0]}}, {"type": "Feature", "properties": {"province_id": 262, "name": "Bari"}, "geometry": {"type": "Point", "coordinates": [6958.0, 2616.0]}}, {"type": "Feature", "properties": {"province_id": 263, "name": "Foggia"}, "geometry": {"type": "Point", "coordinates": [6869.0, 2572.0]}}, {"type": "Feature", "properties": {"province_id": 264, "name": "Salerno"}, "geometry": {"type": "Point", "coordinates": [6836.0, 2626.0]}}, {"type": "Feature", "properties": {"province_id": 265, "name": "Potenza"}, "geometry": {"type": "Point", "coordinates": [6901.0, 2643.0]}}, {"type": "Feature", "properties": {"province_id": 266, "name": "Catanzaro"}, "geometry": {"type": "Point", "coordinates": [6936.0, 2763.0]}}, {"type": "Feature", "properties": {"province_id": 267, "name": "Paris"}, "geometry": {"type": "Point", "coordinates": [6208.0, 1982.0]}}, {"type": "Feature", "properties": {"province_id": 268, "name": "Bordeaux"}, "geometry": {"type": "Point", "coordinates": [6014.0, 2242.0]}}, {"type": "Feature", "properties": {"province_id": 269, "name": "Marseille"}, "geometry": {"type": "Point", "coordinates": [6325.0, 2416.0]}}, {"type": "Feature", "properties": {"province_id": 270, "name": "Lyon"}, "geometry": {"type": "Point", "coordinates": [6303.0, 2231.0]}}, {"type": "Feature", "properties": {"province_id": 271, "name": "Brest"}, "geometry": {"type": "Point", "coordinates": [5867.0, 1971.0]}}, {"type": "Feature", "properties": {"province_id": 272, "name": "Le Havre"}, "geometry": {"type": "Point", "coordinates": [6131.0, 1918.0]}}, {"type": "Feature", "properties": {"province_id": 273, "name": "Ajaccio"}, "geometry": {"type": "Point", "coordinates": [6507.0, 2497.0]}}, {"type": "Feature", "properties": {"province_id": 274, "name": "Lille"}, "geometry": {"type": "Point", "coordinates": [6241.0, 1849.0]}}, {"type": "Feature", "properties": {"province_id": 275, "name": "Nantes"}, "geometry": {"type": "Point", "coordinates": [5994.0, 2065.0]}}, {"type": "Feature", "properties": {"province_id": 276, "name": "La Rochelle"}, "geometry": {"type": "Point", "coordinates": [6019.0, 2165.0]}}, {"type": "Feature", "properties": {"province_id": 277, "name": "Toulouse"}, "geometry": {"type": "Point", "coordinates": [6150.0, 2373.0]}}, {"type": "Feature", "properties": {"province_id": 278, "name": "Bayonne"}, "geometry": {"type": "Point", "coordinates": [5961.0, 2325.0]}}, {"type": "Feature", "properties": {"province_id": 279, "name": "Tarbes"}, "geometry": {"type": "Point", "coordinates": [6059.0, 2369.0]}}, {"type": "Feature", "properties": {"province_id": 280, "name": "Orléans"}, "geometry": {"type": "Point", "coordinates": [6179.0, 2028.0]}}, {"type": "Feature", "properties": {"province_id": 281, "name": "Bourges"}, "geometry": {"type": "Point", "coordinates": [6207.0, 2107.0]}}, {"type": "Feature", "properties": {"province_id": 282, "name": "Mâcon"}, "geometry": {"type": "Point", "coordinates": [6306.0, 2192.0]}}, {"type": "Feature", "properties": {"province_id": 283, "name": "Dijon"}, "geometry": {"type": "Point", "coordinates": [6334.0, 2116.0]}}, {"type": "Feature", "properties": {"province_id": 284, "name": "Strasbourg"}, "geometry": {"type": "Point", "coordinates": [6394.0, 2036.0]}}, {"type": "Feature", "properties": {"province_id": 285, "name": "Nancy"}, "geometry": {"type": "Point", "coordinates": [6338.0, 1990.0]}}, {"type": "Feature", "properties": {"province_id": 286, "name": "Reims"}, "geometry": {"type": "Point", "coordinates": [6263.0, 1958.0]}}, {"type": "Feature", "properties": {"province_id": 287, "name": "Auxerre"}, "geometry": {"type": "Point", "coordinates": [6275.0, 2047.0]}}, {"type": "Feature", "properties": {"province_id": 288, "name": "Le Mans"}, "geometry": {"type": "Point", "coordinates": [6074.0, 2009.0]}}, {"type": "Feature", "properties": {"province_id": 289, "name": "Poitiers"}, "geometry": {"type": "Point", "coordinates": [6126.0, 2141.0]}}, {"type": "Feature", "properties": {"province_id": 290, "name": "Limoges"}, "geometry": {"type": "Point", "coordinates": [6147.0, 2211.0]}}, {"type": "Feature", "properties": {"province_id": 291, "name": "Saint Étienne"}, "geometry": {"type": "Point", "coordinates": [6273.0, 2271.0]}}, {"type": "Feature", "properties": {"province_id": 292, "name": "Avignon"}, "geometry": {"type": "Point", "coordinates": [6285.0, 2359.0]}}, {"type": "Feature", "properties": {"province_id": 293, "name": "Grenoble"}, "geometry": {"type": "Point", "coordinates": [6368.0, 2324.0]}}, {"type": "Feature", "properties": {"province_id": 294, "name": "Madrid"}, "geometry": {"type": "Point", "coordinates": [5822.0, 2564.0]}}, {"type": "Feature", "properties": {"province_id": 295, "name": "Murcia"}, "geometry": {"type": "Point", "coordinates": [5907.0, 2751.0]}}, {"type": "Feature", "properties": {"province_id": 296, "name": "Sevilla"}, "geometry": {"type": "Point", "coordinates": [5643.0, 2743.0]}}, {"type": "Feature", "properties": {"province_id": 297, "name": "Bilbao"}, "geometry": {"type": "Point", "coordinates": [5872.0, 2351.0]}}, {"type": "Feature", "properties": {"province_id": 298, "name": "Barcelona"}, "geometry": {"type": "Point", "coordinates": [6115.0, 2539.0]}}, {"type": "Feature", "properties": {"province_id": 299, "name": "Lugo"}, "geometry": {"type": "Point", "coordinates": [5619.0, 2301.0]}}, {"type": "Feature", "properties": {"province_id": 300, "name": "Vigo"}, "geometry": {"type": "Point", "coordinates": [5554.0, 2327.0]}}, {"type": "Feature", "properties": {"province_id": 301, "name": "León"}, "geometry": {"type": "Point", "coordinates": [5783.0, 2382.0]}}, {"type": "Feature", "properties": {"province_id": 302, "name": "Pamplona"}, "geometry": {"type": "Point", "coordinates": [5935.0, 2398.0]}}, {"type": "Feature", "properties": {"province_id": 303, "name": "Zaragoza"}, "geometry": {"type": "Point", "coordinates": [5976.0, 2523.0]}}, {"type": "Feature", "properties": {"province_id": 304, "name": "Lleida"}, "geometry": {"type": "Point", "coordinates": [6051.0, 2507.0]}}, {"type": "Feature", "properties": {"province_id": 305, "name": "Valencia"}, "geometry": {"type": "Point", "coordinates": [5945.0, 2681.0]}}, {"type": "Feature", "properties": {"province_id": 306, "name": "Cuenca"}, "geometry": {"type": "Point", "coordinates": [5883.0, 2606.0]}}, {"type": "Feature", "properties": {"province_id": 307, "name": "Malaga"}, "geometry": {"type": "Point", "coordinates": [5689.0, 2812.0]}}, {"type": "Feature", "properties": {"province_id": 308, "name": "Cádiz"}, "geometry": {"type": "Point", "coordinates": [5617.0, 2822.0]}}, {"type": "Feature", "properties": {"province_id": 309, "name": "Cáceres"}, "geometry": {"type": "Point", "coordinates": [5638.0, 2613.0]}}, {"type": "Feature", "properties": {"province_id": 310, "name": "Budapest"}, "geometry": {"type": "Point", "coordinates": [7036.0, 2119.0]}}, {"type": "Feature", "properties": {"province_id": 311, "name": "Córdoba"}, "geometry": {"type": "Point", "coordinates": [5695.0, 2711.0]}}, {"type": "Feature", "properties": {"province_id": 312, "name": "Huelva"}, "geometry": {"type": "Point", "coordinates": [5574.0, 2731.0]}}, {"type": "Feature", "properties": {"province_id": 313, "name": "Granada"}, "geometry": {"type": "Point", "coordinates": [5764.0, 2776.0]}}, {"type": "Feature", "properties": {"province_id": 314, "name": "Toledo"}, "geometry": {"type": "Point", "coordinates": [5811.0, 2611.0]}}, {"type": "Feature", "properties": {"province_id": 315, "name": "Jaén"}, "geometry": {"type": "Point", "coordinates": [5772.0, 2727.0]}}, {"type": "Feature", "properties": {"province_id": 316, "name": "Salamanca"}, "geometry": {"type": "Point", "coordinates": [5687.0, 2514.0]}}, {"type": "Feature", "properties": {"province_id": 317, "name": "Ávila"}, "geometry": {"type": "Point", "coordinates": [5757.0, 2571.0]}}, {"type": "Feature", "properties": {"province_id": 318, "name": "Valladolid"}, "geometry": {"type": "Point", "coordinates": [5781.0, 2487.0]}}, {"type": "Feature", "properties": {"province_id": 319, "name": "Zamora"}, "geometry": {"type": "Point", "coordinates": [5714.0, 2458.0]}}, {"type": "Feature", "properties": {"province_id": 320, "name": "Guymon"}, "geometry": {"type": "Point", "coordinates": [2366.0, 2286.0]}}, {"type": "Feature", "properties": {"province_id": 321, "name": "Woodward"}, "geometry": {"type": "Point", "coordinates": [2462.0, 2310.0]}}, {"type": "Feature", "properties": {"province_id": 322, "name": "Oklahoma City"}, "geometry": {"type": "Point", "coordinates": [2555.0, 2362.0]}}, {"type": "Feature", "properties": {"province_id": 323, "name": "Lawton"}, "geometry": {"type": "Point", "coordinates": [2487.0, 2410.0]}}, {"type": "Feature", "properties": {"province_id": 324, "name": "Tulsa"}, "geometry": {"type": "Point", "coordinates": [2638.0, 2320.0]}}, {"type": "Feature", "properties": {"province_id": 325, "name": "McAlester"}, "geometry": {"type": "Point", "coordinates": [2636.0, 2387.0]}}, {"type": "Feature", "properties": {"province_id": 326, "name": "Norman"}, "geometry": {"type": "Point", "coordinates": [2559.0, 2389.0]}}, {"type": "Feature", "properties": {"province_id": 327, "name": "Durant"}, "geometry": {"type": "Point", "coordinates": [2609.0, 2450.0]}}, {"type": "Feature", "properties": {"province_id": 328, "name": "Enid"}, "geometry": {"type": "Point", "coordinates": [2518.0, 2308.0]}}, {"type": "Feature", "properties": {"province_id": 329, "name": "Ponca City"}, "geometry": {"type": "Point", "coordinates": [2579.0, 2283.0]}}, {"type": "Feature", "properties": {"province_id": 330, "name": "Miskolc"}, "geometry": {"type": "Point", "coordinates": [7141.0, 2061.0]}}, {"type": "Feature", "properties": {"province_id": 331, "name": "Vác"}, "geometry": {"type": "Point", "coordinates": [7057.0, 2080.0]}}, {"type": "Feature", "properties": {"province_id": 332, "name": "Györ"}, "geometry": {"type": "Point", "coordinates": [6966.0, 2104.0]}}, {"type": "Feature", "properties": {"province_id": 333, "name": "Pécs"}, "geometry": {"type": "Point", "coordinates": [7002.0, 2200.0]}}, {"type": "Feature", "properties": {"province_id": 334, "name": "Keszthely"}, "geometry": {"type": "Point", "coordinates": [6939.0, 2155.0]}}, {"type": "Feature", "properties": {"province_id": 335, "name": "Debrecen"}, "geometry": {"type": "Point", "coordinates": [7164.0, 2116.0]}}, {"type": "Feature", "properties": {"province_id": 336, "name": "Gyula"}, "geometry": {"type": "Point", "coordinates": [7143.0, 2177.0]}}, {"type": "Feature", "properties": {"province_id": 337, "name": "Timisoara"}, "geometry": {"type": "Point", "coordinates": [7183.0, 2194.0]}}, {"type": "Feature", "properties": {"province_id": 338, "name": "Bucharest"}, "geometry": {"type": "Point", "coordinates": [7388.0, 2240.0]}}, {"type": "Feature", "properties": {"province_id": 339, "name": "Iași"}, "geometry": {"type": "Point", "coordinates": [7465.0, 2055.0]}}, {"type": "Feature", "properties": {"province_id": 340, "name": "Constanța"}, "geometry": {"type": "Point", "coordinates": [7452.0, 2248.0]}}, {"type": "Feature", "properties": {"province_id": 341, "name": "Tulcea"}, "geometry": {"type": "Point", "coordinates": [7482.0, 2153.0]}}, {"type": "Feature", "properties": {"province_id": 342, "name": "Chișinău"}, "geometry": {"type": "Point", "coordinates": [7520.0, 2061.0]}}, {"type": "Feature", "properties": {"province_id": 343, "name": "Botoșani"}, "geometry": {"type": "Point", "coordinates": [7415.0, 1999.0]}}, {"type": "Feature", "properties": {"province_id": 344, "name": "Deva"}, "geometry": {"type": "Point", "coordinates": [7280.0, 2182.0]}}, {"type": "Feature", "properties": {"province_id": 345, "name": "Pitești"}, "geometry": {"type": "Point", "coordinates": [7332.0, 2211.0]}}, {"type": "Feature", "properties": {"province_id": 346, "name": "Reșița"}, "geometry": {"type": "Point", "coordinates": [7197.0, 2230.0]}}, {"type": "Feature", "properties": {"province_id": 347, "name": "Craiova"}, "geometry": {"type": "Point", "coordinates": [7306.0, 2280.0]}}, {"type": "Feature", "properties": {"province_id": 348, "name": "Satu Mare"}, "geometry": {"type": "Point", "coordinates": [7255.0, 2070.0]}}, {"type": "Feature", "properties": {"province_id": 349, "name": "Zalău"}, "geometry": {"type": "Point", "coordinates": [7264.0, 2130.0]}}, {"type": "Feature", "properties": {"province_id": 350, "name": "Ploiești"}, "geometry": {"type": "Point", "coordinates": [7390.0, 2206.0]}}, {"type": "Feature", "properties": {"province_id": 351, "name": "Bacău"}, "geometry": {"type": "Point", "coordinates": [7434.0, 2089.0]}}, {"type": "Feature", "properties": {"province_id": 352, "name": "Suceava"}, "geometry": {"type": "Point", "coordinates": [7365.0, 2009.0]}}, {"type": "Feature", "properties": {"province_id": 353, "name": "Târgu-Mureș"}, "geometry": {"type": "Point", "coordinates": [7355.0, 2103.0]}}, {"type": "Feature", "properties": {"province_id": 354, "name": "Zagreb"}, "geometry": {"type": "Point", "coordinates": [6895.0, 2267.0]}}, {"type": "Feature", "properties": {"province_id": 355, "name": "Dubrovnik"}, "geometry": {"type": "Point", "coordinates": [7027.0, 2474.0]}}, {"type": "Feature", "properties": {"province_id": 356, "name": "Seattle"}, "geometry": {"type": "Point", "coordinates": [1329.0, 1565.0]}}, {"type": "Feature", "properties": {"province_id": 357, "name": "Sarajevo"}, "geometry": {"type": "Point", "coordinates": [7001.0, 2382.0]}}, {"type": "Feature", "properties": {"province_id": 358, "name": "Belgrad"}, "geometry": {"type": "Point", "coordinates": [7073.0, 2285.0]}}, {"type": "Feature", "properties": {"province_id": 359, "name": "Mostar"}, "geometry": {"type": "Point", "coordinates": [6981.0, 2432.0]}}, {"type": "Feature", "properties": {"province_id": 360, "name": "Tuzla"}, "geometry": {"type": "Point", "coordinates": [7014.0, 2330.0]}}, {"type": "Feature", "properties": {"province_id": 361, "name": "Zenica"}, "geometry": {"type": "Point", "coordinates": [6971.0, 2358.0]}}, {"type": "Feature", "properties": {"province_id": 362, "name": "Banja Luka"}, "geometry": {"type": "Point", "coordinates": [6940.0, 2317.0]}}, {"type": "Feature", "properties": {"province_id": 363, "name": "Šibenik"}, "geometry": {"type": "Point", "coordinates": [6901.0, 2403.0]}}, {"type": "Feature", "properties": {"province_id": 364, "name": "Novi Sad"}, "geometry": {"type": "Point", "coordinates": [7062.0, 2241.0]}}, {"type": "Feature", "properties": {"province_id": 365, "name": "Vršac"}, "geometry": {"type": "Point", "coordinates": [7145.0, 2260.0]}}, {"type": "Feature", "properties": {"province_id": 366, "name": "Šabac"}, "geometry": {"type": "Point", "coordinates": [7027.0, 2278.0]}}, {"type": "Feature", "properties": {"province_id": 367, "name": "Slavonski Brod"}, "geometry": {"type": "Point", "coordinates": [6978.0, 2281.0]}}, {"type": "Feature", "properties": {"province_id": 368, "name": "Maribor"}, "geometry": {"type": "Point", "coordinates": [6875.0, 2200.0]}}, {"type": "Feature", "properties": {"province_id": 369, "name": "Ljubljana"}, "geometry": {"type": "Point", "coordinates": [6797.0, 2231.0]}}, {"type": "Feature", "properties": {"province_id": 370, "name": "Rijeka"}, "geometry": {"type": "Point", "coordinates": [6816.0, 2308.0]}}, {"type": "Feature", "properties": {"province_id": 371, "name": "Zadar"}, "geometry": {"type": "Point", "coordinates": [6861.0, 2353.0]}}, {"type": "Feature", "properties": {"province_id": 372, "name": "Negotin"}, "geometry": {"type": "Point", "coordinates": [7244.0, 2314.0]}}, {"type": "Feature", "properties": {"province_id": 373, "name": "Kragujevac"}, "geometry": {"type": "Point", "coordinates": [7118.0, 2335.0]}}, {"type": "Feature", "properties": {"province_id": 374, "name": "Niš"}, "geometry": {"type": "Point", "coordinates": [7184.0, 2389.0]}}, {"type": "Feature", "properties": {"province_id": 375, "name": "Skopje"}, "geometry": {"type": "Point", "coordinates": [7150.0, 2453.0]}}, {"type": "Feature", "properties": {"province_id": 376, "name": "Pristina"}, "geometry": {"type": "Point", "coordinates": [7112.0, 2421.0]}}, {"type": "Feature", "properties": {"province_id": 377, "name": "Podgorica"}, "geometry": {"type": "Point", "coordinates": [7066.0, 2481.0]}}, {"type": "Feature", "properties": {"province_id": 378, "name": "Užice"}, "geometry": {"type": "Point", "coordinates": [7065.0, 2382.0]}}, {"type": "Feature", "properties": {"province_id": 379, "name": "Sofia"}, "geometry": {"type": "Point", "coordinates": [7278.0, 2397.0]}}, {"type": "Feature", "properties": {"province_id": 380, "name": "Vratsa"}, "geometry": {"type": "Point", "coordinates": [7298.0, 2352.0]}}, {"type": "Feature", "properties": {"province_id": 381, "name": "Gorna Dzhumaya"}, "geometry": {"type": "Point", "coordinates": [7290.0, 2463.0]}}, {"type": "Feature", "properties": {"province_id": 382, "name": "Plovdiv"}, "geometry": {"type": "Point", "coordinates": [7348.0, 2442.0]}}, {"type": "Feature", "properties": {"province_id": 383, "name": "Pleven"}, "geometry": {"type": "Point", "coordinates": [7350.0, 2330.0]}}, {"type": "Feature", "properties": {"province_id": 384, "name": "Tarnovo"}, "geometry": {"type": "Point", "coordinates": [7374.0, 2363.0]}}, {"type": "Feature", "properties": {"province_id": 385, "name": "Varna"}, "geometry": {"type": "Point", "coordinates": [7432.0, 2346.0]}}, {"type": "Feature", "properties": {"province_id": 386, "name": "Burgas"}, "geometry": {"type": "Point", "coordinates": [7419.0, 2413.0]}}, {"type": "Feature", "properties": {"province_id": 387, "name": "Thessaloniki"}, "geometry": {"type": "Point", "coordinates": [7244.0, 2579.0]}}, {"type": "Feature", "properties": {"province_id": 388, "name": "Athens"}, "geometry": {"type": "Point", "coordinates": [7306.0, 2734.0]}}, {"type": "Feature", "properties": {"province_id": 389, "name": "Trikala"}, "geometry": {"type": "Point", "coordinates": [7197.0, 2652.0]}}, {"type": "Feature", "properties": {"province_id": 390, "name": "Sparti"}, "geometry": {"type": "Point", "coordinates": [7252.0, 2798.0]}}, {"type": "Feature", "properties": {"province_id": 391, "name": "Ioannina"}, "geometry": {"type": "Point", "coordinates": [7159.0, 2634.0]}}, {"type": "Feature", "properties": {"province_id": 392, "name": "Xanthi"}, "geometry": {"type": "Point", "coordinates": [7326.0, 2523.0]}}, {"type": "Feature", "properties": {"province_id": 393, "name": "Kalamaria"}, "geometry": {"type": "Point", "coordinates": [7262.0, 2593.0]}}, {"type": "Feature", "properties": {"province_id": 394, "name": "Serres"}, "geometry": {"type": "Point", "coordinates": [7261.0, 2538.0]}}, {"type": "Feature", "properties": {"province_id": 395, "name": "Edessa"}, "geometry": {"type": "Point", "coordinates": [7219.0, 2548.0]}}, {"type": "Feature", "properties": {"province_id": 396, "name": "Kastoria"}, "geometry": {"type": "Point", "coordinates": [7189.0, 2559.0]}}, {"type": "Feature", "properties": {"province_id": 397, "name": "Grevena"}, "geometry": {"type": "Point", "coordinates": [7189.0, 2611.0]}}, {"type": "Feature", "properties": {"province_id": 398, "name": "Kalabaka"}, "geometry": {"type": "Point", "coordinates": [7193.0, 2637.0]}}, {"type": "Feature", "properties": {"province_id": 399, "name": "Arta"}, "geometry": {"type": "Point", "coordinates": [7171.0, 2679.0]}}, {"type": "Feature", "properties": {"province_id": 400, "name": "Corfu"}, "geometry": {"type": "Point", "coordinates": [7117.0, 2669.0]}}, {"type": "Feature", "properties": {"province_id": 401, "name": "Larissa"}, "geometry": {"type": "Point", "coordinates": [7226.0, 2643.0]}}, {"type": "Feature", "properties": {"province_id": 402, "name": "Volos"}, "geometry": {"type": "Point", "coordinates": [7257.0, 2659.0]}}, {"type": "Feature", "properties": {"province_id": 403, "name": "Karditsa"}, "geometry": {"type": "Point", "coordinates": [7201.0, 2671.0]}}, {"type": "Feature", "properties": {"province_id": 404, "name": "Lamia"}, "geometry": {"type": "Point", "coordinates": [7239.0, 2686.0]}}, {"type": "Feature", "properties": {"province_id": 405, "name": "Patras"}, "geometry": {"type": "Point", "coordinates": [7229.0, 2743.0]}}, {"type": "Feature", "properties": {"province_id": 406, "name": "Githio"}, "geometry": {"type": "Point", "coordinates": [7267.0, 2813.0]}}, {"type": "Feature", "properties": {"province_id": 407, "name": "Agrinio"}, "geometry": {"type": "Point", "coordinates": [7200.0, 2718.0]}}, {"type": "Feature", "properties": {"province_id": 408, "name": "Thiva"}, "geometry": {"type": "Point", "coordinates": [7277.0, 2718.0]}}, {"type": "Feature", "properties": {"province_id": 409, "name": "Heraklion"}, "geometry": {"type": "Point", "coordinates": [7420.0, 2929.0]}}, {"type": "Feature", "properties": {"province_id": 410, "name": "Rhodes"}, "geometry": {"type": "Point", "coordinates": [7514.0, 2780.0]}}, {"type": "Feature", "properties": {"province_id": 411, "name": "Ankara"}, "geometry": {"type": "Point", "coordinates": [7714.0, 2518.0]}}, {"type": "Feature", "properties": {"province_id": 412, "name": "Istanbul"}, "geometry": {"type": "Point", "coordinates": [7488.0, 2485.0]}}, {"type": "Feature", "properties": {"province_id": 413, "name": "Adana"}, "geometry": {"type": "Point", "coordinates": [7813.0, 2663.0]}}, {"type": "Feature", "properties": {"province_id": 414, "name": "Izmir"}, "geometry": {"type": "Point", "coordinates": [7453.0, 2668.0]}}, {"type": "Feature", "properties": {"province_id": 415, "name": "Kars"}, "geometry": {"type": "Point", "coordinates": [8066.0, 2373.0]}}, {"type": "Feature", "properties": {"province_id": 416, "name": "Van"}, "geometry": {"type": "Point", "coordinates": [8086.0, 2471.0]}}, {"type": "Feature", "properties": {"province_id": 417, "name": "Siirt"}, "geometry": {"type": "Point", "coordinates": [8027.0, 2523.0]}}, {"type": "Feature", "properties": {"province_id": 418, "name": "Erzurum"}, "geometry": {"type": "Point", "coordinates": [7979.0, 2429.0]}}, {"type": "Feature", "properties": {"province_id": 419, "name": "Ordu"}, "geometry": {"type": "Point", "coordinates": [7807.0, 2384.0]}}, {"type": "Feature", "properties": {"province_id": 420, "name": "Çorum"}, "geometry": {"type": "Point", "coordinates": [7755.0, 2470.0]}}, {"type": "Feature", "properties": {"province_id": 421, "name": "Bafra"}, "geometry": {"type": "Point", "coordinates": [7730.0, 2387.0]}}, {"type": "Feature", "properties": {"province_id": 422, "name": "Bolu"}, "geometry": {"type": "Point", "coordinates": [7619.0, 2477.0]}}, {"type": "Feature", "properties": {"province_id": 423, "name": "Eskişehir"}, "geometry": {"type": "Point", "coordinates": [7605.0, 2557.0]}}, {"type": "Feature", "properties": {"province_id": 424, "name": "Bursa"}, "geometry": {"type": "Point", "coordinates": [7508.0, 2559.0]}}, {"type": "Feature", "properties": {"province_id": 425, "name": "Malatya"}, "geometry": {"type": "Point", "coordinates": [7879.0, 2490.0]}}, {"type": "Feature", "properties": {"province_id": 426, "name": "Balıkesir"}, "geometry": {"type": "Point", "coordinates": [7459.0, 2598.0]}}, {"type": "Feature", "properties": {"province_id": 427, "name": "Aydın"}, "geometry": {"type": "Point", "coordinates": [7488.0, 2691.0]}}, {"type": "Feature", "properties": {"province_id": 428, "name": "Antalya"}, "geometry": {"type": "Point", "coordinates": [7605.0, 2712.0]}}, {"type": "Feature", "properties": {"province_id": 429, "name": "Mardin"}, "geometry": {"type": "Point", "coordinates": [7944.0, 2597.0]}}, {"type": "Feature", "properties": {"province_id": 430, "name": "Konya"}, "geometry": {"type": "Point", "coordinates": [7655.0, 2620.0]}}, {"type": "Feature", "properties": {"province_id": 431, "name": "Kütahya"}, "geometry": {"type": "Point", "coordinates": [7557.0, 2600.0]}}, {"type": "Feature", "properties": {"province_id": 432, "name": "Mersin"}, "geometry": {"type": "Point", "coordinates": [7778.0, 2691.0]}}, {"type": "Feature", "properties": {"province_id": 433, "name": "Karaman"}, "geometry": {"type": "Point", "coordinates": [7714.0, 2686.0]}}, {"type": "Feature", "properties": {"province_id": 434, "name": "Kırşehir"}, "geometry": {"type": "Point", "coordinates": [7748.0, 2552.0]}}, {"type": "Feature", "properties": {"province_id": 435, "name": "Aksaray"}, "geometry": {"type": "Point", "coordinates": [7742.0, 2613.0]}}, {"type": "Feature", "properties": {"province_id": 436, "name": "Gaziantep"}, "geometry": {"type": "Point", "coordinates": [7858.0, 2635.0]}}, {"type": "Feature", "properties": {"province_id": 437, "name": "Çorlu"}, "geometry": {"type": "Point", "coordinates": [7443.0, 2490.0]}}, {"type": "Feature", "properties": {"province_id": 438, "name": "Portland"}, "geometry": {"type": "Point", "coordinates": [1271.0, 1645.0]}}, {"type": "Feature", "properties": {"province_id": 439, "name": "Spokane"}, "geometry": {"type": "Point", "coordinates": [1534.0, 1537.0]}}, {"type": "Feature", "properties": {"province_id": 440, "name": "Boise"}, "geometry": {"type": "Point", "coordinates": [1617.0, 1833.0]}}, {"type": "Feature", "properties": {"province_id": 441, "name": "Nampa"}, "geometry": {"type": "Point", "coordinates": [1586.0, 1856.0]}}, {"type": "Feature", "properties": {"province_id": 442, "name": "Idaho Falls"}, "geometry": {"type": "Point", "coordinates": [1801.0, 1829.0]}}, {"type": "Feature", "properties": {"province_id": 443, "name": "Pocatello"}, "geometry": {"type": "Point", "coordinates": [1789.0, 1896.0]}}, {"type": "Feature", "properties": {"province_id": 444, "name": "Burley"}, "geometry": {"type": "Point", "coordinates": [1684.0, 1909.0]}}, {"type": "Feature", "properties": {"province_id": 445, "name": "Carey"}, "geometry": {"type": "Point", "coordinates": [1678.0, 1844.0]}}, {"type": "Feature", "properties": {"province_id": 446, "name": "Stanley"}, "geometry": {"type": "Point", "coordinates": [1683.0, 1753.0]}}, {"type": "Feature", "properties": {"province_id": 447, "name": "Baker City"}, "geometry": {"type": "Point", "coordinates": [1525.0, 1765.0]}}, {"type": "Feature", "properties": {"province_id": 448, "name": "Bend"}, "geometry": {"type": "Point", "coordinates": [1415.0, 1787.0]}}, {"type": "Feature", "properties": {"province_id": 449, "name": "Eugene"}, "geometry": {"type": "Point", "coordinates": [1275.0, 1784.0]}}, {"type": "Feature", "properties": {"province_id": 450, "name": "Medford"}, "geometry": {"type": "Point", "coordinates": [1296.0, 1927.0]}}, {"type": "Feature", "properties": {"province_id": 451, "name": "Salem (OR)"}, "geometry": {"type": "Point", "coordinates": [1271.0, 1691.0]}}, {"type": "Feature", "properties": {"province_id": 452, "name": "Tacoma"}, "geometry": {"type": "Point", "coordinates": [1298.0, 1606.0]}}, {"type": "Feature", "properties": {"province_id": 453, "name": "Burns"}, "geometry": {"type": "Point", "coordinates": [1506.0, 1840.0]}}, {"type": "Feature", "properties": {"province_id": 454, "name": "Klamath Falls"}, "geometry": {"type": "Point", "coordinates": [1386.0, 1917.0]}}, {"type": "Feature", "properties": {"province_id": 455, "name": "Yakima"}, "geometry": {"type": "Point", "coordinates": [1405.0, 1602.0]}}, {"type": "Feature", "properties": {"province_id": 456, "name": "Everett"}, "geometry": {"type": "Point", "coordinates": [1335.0, 1530.0]}}, {"type": "Feature", "properties": {"province_id": 457, "name": "Lewiston"}, "geometry": {"type": "Point", "coordinates": [1573.0, 1632.0]}}, {"type": "Feature", "properties": {"province_id": 458, "name": "Kennewick"}, "geometry": {"type": "Point", "coordinates": [1501.0, 1649.0]}}, {"type": "Feature", "properties": {"province_id": 459, "name": "Coeur d'Alene"}, "geometry": {"type": "Point", "coordinates": [1586.0, 1535.0]}}, {"type": "Feature", "properties": {"province_id": 460, "name": "Omak"}, "geometry": {"type": "Point", "coordinates": [1470.0, 1489.0]}}, {"type": "Feature", "properties": {"province_id": 461, "name": "Vancouver"}, "geometry": {"type": "Point", "coordinates": [1279.0, 1430.0]}}, {"type": "Feature", "properties": {"province_id": 462, "name": "Bismarck"}, "geometry": {"type": "Point", "coordinates": [2396.0, 1606.0]}}, {"type": "Feature", "properties": {"province_id": 463, "name": "Sioux Falls"}, "geometry": {"type": "Point", "coordinates": [2588.0, 1827.0]}}, {"type": "Feature", "properties": {"province_id": 464, "name": "Minneapolis"}, "geometry": {"type": "Point", "coordinates": [2767.0, 1725.0]}}, {"type": "Feature", "properties": {"province_id": 465, "name": "Fargo"}, "geometry": {"type": "Point", "coordinates": [2583.0, 1592.0]}}, {"type": "Feature", "properties": {"province_id": 466, "name": "Rochester (MN)"}, "geometry": {"type": "Point", "coordinates": [2791.0, 1807.0]}}, {"type": "Feature", "properties": {"province_id": 467, "name": "Mankato"}, "geometry": {"type": "Point", "coordinates": [2663.0, 1805.0]}}, {"type": "Feature", "properties": {"province_id": 468, "name": "St. Cloud"}, "geometry": {"type": "Point", "coordinates": [2686.0, 1685.0]}}, {"type": "Feature", "properties": {"province_id": 469, "name": "Duluth"}, "geometry": {"type": "Point", "coordinates": [2818.0, 1599.0]}}, {"type": "Feature", "properties": {"province_id": 470, "name": "Bemidji"}, "geometry": {"type": "Point", "coordinates": [2687.0, 1561.0]}}, {"type": "Feature", "properties": {"province_id": 471, "name": "Alexandria (MN)"}, "geometry": {"type": "Point", "coordinates": [2622.0, 1638.0]}}, {"type": "Feature", "properties": {"province_id": 472, "name": "Grand Forks"}, "geometry": {"type": "Point", "coordinates": [2580.0, 1512.0]}}, {"type": "Feature", "properties": {"province_id": 473, "name": "Rugby"}, "geometry": {"type": "Point", "coordinates": [2440.0, 1513.0]}}, {"type": "Feature", "properties": {"province_id": 474, "name": "Williston"}, "geometry": {"type": "Point", "coordinates": [2269.0, 1519.0]}}, {"type": "Feature", "properties": {"province_id": 475, "name": "Dickinson"}, "geometry": {"type": "Point", "coordinates": [2309.0, 1616.0]}}, {"type": "Feature", "properties": {"province_id": 476, "name": "Jamestown (ND)"}, "geometry": {"type": "Point", "coordinates": [2486.0, 1609.0]}}, {"type": "Feature", "properties": {"province_id": 477, "name": "Ipswich (SD)"}, "geometry": {"type": "Point", "coordinates": [2508.0, 1719.0]}}, {"type": "Feature", "properties": {"province_id": 478, "name": "Mobridge"}, "geometry": {"type": "Point", "coordinates": [2401.0, 1704.0]}}, {"type": "Feature", "properties": {"province_id": 479, "name": "Mitchell"}, "geometry": {"type": "Point", "coordinates": [2512.0, 1827.0]}}, {"type": "Feature", "properties": {"province_id": 480, "name": "Murdo"}, "geometry": {"type": "Point", "coordinates": [2399.0, 1818.0]}}, {"type": "Feature", "properties": {"province_id": 481, "name": "Redig"}, "geometry": {"type": "Point", "coordinates": [2263.0, 1729.0]}}, {"type": "Feature", "properties": {"province_id": 482, "name": "Rapid City"}, "geometry": {"type": "Point", "coordinates": [2297.0, 1803.0]}}, {"type": "Feature", "properties": {"province_id": 483, "name": "Las Vegas"}, "geometry": {"type": "Point", "coordinates": [1684.0, 2304.0]}}, {"type": "Feature", "properties": {"province_id": 484, "name": "Los Angeles"}, "geometry": {"type": "Point", "coordinates": [1518.0, 2430.0]}}, {"type": "Feature", "properties": {"province_id": 485, "name": "San Francisco"}, "geometry": {"type": "Point", "coordinates": [1309.0, 2247.0]}}, {"type": "Feature", "properties": {"province_id": 486, "name": "Sacramento"}, "geometry": {"type": "Point", "coordinates": [1362.0, 2197.0]}}, {"type": "Feature", "properties": {"province_id": 487, "name": "San Diego"}, "geometry": {"type": "Point", "coordinates": [1576.0, 2501.0]}}, {"type": "Feature", "properties": {"province_id": 488, "name": "Anaheim"}, "geometry": {"type": "Point", "coordinates": [1538.0, 2455.0]}}, {"type": "Feature", "properties": {"province_id": 489, "name": "Bakersfield"}, "geometry": {"type": "Point", "coordinates": [1460.0, 2373.0]}}, {"type": "Feature", "properties": {"province_id": 490, "name": "El Centro"}, "geometry": {"type": "Point", "coordinates": [1658.0, 2512.0]}}, {"type": "Feature", "properties": {"province_id": 491, "name": "Palm Springs"}, "geometry": {"type": "Point", "coordinates": [1646.0, 2437.0]}}, {"type": "Feature", "properties": {"province_id": 492, "name": "Henderson"}, "geometry": {"type": "Point", "coordinates": [1675.0, 2340.0]}}, {"type": "Feature", "properties": {"province_id": 493, "name": "Crystal Springs"}, "geometry": {"type": "Point", "coordinates": [1675.0, 2234.0]}}, {"type": "Feature", "properties": {"province_id": 494, "name": "Ely"}, "geometry": {"type": "Point", "coordinates": [1671.0, 2119.0]}}, {"type": "Feature", "properties": {"province_id": 495, "name": "Elko"}, "geometry": {"type": "Point", "coordinates": [1605.0, 2009.0]}}, {"type": "Feature", "properties": {"province_id": 496, "name": "Battle Mountain"}, "geometry": {"type": "Point", "coordinates": [1548.0, 2023.0]}}, {"type": "Feature", "properties": {"province_id": 497, "name": "Reno"}, "geometry": {"type": "Point", "coordinates": [1461.0, 2123.0]}}, {"type": "Feature", "properties": {"province_id": 498, "name": "Eureka"}, "geometry": {"type": "Point", "coordinates": [1223.0, 2026.0]}}, {"type": "Feature", "properties": {"province_id": 499, "name": "Salinas"}, "geometry": {"type": "Point", "coordinates": [1340.0, 2282.0]}}, {"type": "Feature", "properties": {"province_id": 500, "name": "Redding"}, "geometry": {"type": "Point", "coordinates": [1340.0, 2052.0]}}, {"type": "Feature", "properties": {"province_id": 501, "name": "Santa Rosa (CA)"}, "geometry": {"type": "Point", "coordinates": [1277.0, 2158.0]}}, {"type": "Feature", "properties": {"province_id": 502, "name": "Chico"}, "geometry": {"type": "Point", "coordinates": [1340.0, 2111.0]}}, {"type": "Feature", "properties": {"province_id": 503, "name": "Merced"}, "geometry": {"type": "Point", "coordinates": [1402.0, 2239.0]}}, {"type": "Feature", "properties": {"province_id": 504, "name": "Fresno"}, "geometry": {"type": "Point", "coordinates": [1412.0, 2334.0]}}, {"type": "Feature", "properties": {"province_id": 505, "name": "Tonopah"}, "geometry": {"type": "Point", "coordinates": [1580.0, 2233.0]}}, {"type": "Feature", "properties": {"province_id": 506, "name": "Austin (NV)"}, "geometry": {"type": "Point", "coordinates": [1553.0, 2119.0]}}, {"type": "Feature", "properties": {"province_id": 507, "name": "Olancha"}, "geometry": {"type": "Point", "coordinates": [1547.0, 2322.0]}}, {"type": "Feature", "properties": {"province_id": 508, "name": "Bishop"}, "geometry": {"type": "Point", "coordinates": [1502.0, 2227.0]}}, {"type": "Feature", "properties": {"province_id": 509, "name": "Salt Lake City"}, "geometry": {"type": "Point", "coordinates": [1836.0, 2019.0]}}, {"type": "Feature", "properties": {"province_id": 510, "name": "Denver"}, "geometry": {"type": "Point", "coordinates": [2166.0, 2076.0]}}, {"type": "Feature", "properties": {"province_id": 511, "name": "Cheyenne"}, "geometry": {"type": "Point", "coordinates": [2171.0, 1979.0]}}, {"type": "Feature", "properties": {"province_id": 512, "name": "Ogden"}, "geometry": {"type": "Point", "coordinates": [1827.0, 1976.0]}}, {"type": "Feature", "properties": {"province_id": 513, "name": "Provo"}, "geometry": {"type": "Point", "coordinates": [1838.0, 2062.0]}}, {"type": "Feature", "properties": {"province_id": 514, "name": "Cedar City"}, "geometry": {"type": "Point", "coordinates": [1792.0, 2214.0]}}, {"type": "Feature", "properties": {"province_id": 515, "name": "Richfield"}, "geometry": {"type": "Point", "coordinates": [1826.0, 2132.0]}}, {"type": "Feature", "properties": {"province_id": 516, "name": "Delta"}, "geometry": {"type": "Point", "coordinates": [1766.0, 2104.0]}}, {"type": "Feature", "properties": {"province_id": 517, "name": "Vernal"}, "geometry": {"type": "Point", "coordinates": [1922.0, 2037.0]}}, {"type": "Feature", "properties": {"province_id": 518, "name": "Fort Collins"}, "geometry": {"type": "Point", "coordinates": [2164.0, 2009.0]}}, {"type": "Feature", "properties": {"province_id": 519, "name": "Casper"}, "geometry": {"type": "Point", "coordinates": [2100.0, 1918.0]}}, {"type": "Feature", "properties": {"province_id": 520, "name": "Gilette"}, "geometry": {"type": "Point", "coordinates": [2161.0, 1792.0]}}, {"type": "Feature", "properties": {"province_id": 521, "name": "Sheridan"}, "geometry": {"type": "Point", "coordinates": [2047.0, 1762.0]}}, {"type": "Feature", "properties": {"province_id": 522, "name": "Jackson (WY)"}, "geometry": {"type": "Point", "coordinates": [1909.0, 1820.0]}}, {"type": "Feature", "properties": {"province_id": 523, "name": "Afton"}, "geometry": {"type": "Point", "coordinates": [1898.0, 1905.0]}}, {"type": "Feature", "properties": {"province_id": 524, "name": "Riverton"}, "geometry": {"type": "Point", "coordinates": [2029.0, 1899.0]}}, {"type": "Feature", "properties": {"province_id": 525, "name": "Glenwood Springs"}, "geometry": {"type": "Point", "coordinates": [2047.0, 2064.0]}}, {"type": "Feature", "properties": {"province_id": 526, "name": "Sterling"}, "geometry": {"type": "Point", "coordinates": [2286.0, 2047.0]}}, {"type": "Feature", "properties": {"province_id": 527, "name": "Colorado Springs"}, "geometry": {"type": "Point", "coordinates": [2167.0, 2151.0]}}, {"type": "Feature", "properties": {"province_id": 528, "name": "Pueblo"}, "geometry": {"type": "Point", "coordinates": [2185.0, 2210.0]}}, {"type": "Feature", "properties": {"province_id": 529, "name": "Durango (CO)"}, "geometry": {"type": "Point", "coordinates": [2012.0, 2237.0]}}, {"type": "Feature", "properties": {"province_id": 530, "name": "Blanding"}, "geometry": {"type": "Point", "coordinates": [1915.0, 2217.0]}}, {"type": "Feature", "properties": {"province_id": 531, "name": "Grand Junction"}, "geometry": {"type": "Point", "coordinates": [1973.0, 2139.0]}}, {"type": "Feature", "properties": {"province_id": 532, "name": "Kingsport"}, "geometry": {"type": "Point", "coordinates": [3293.0, 2304.0]}}, {"type": "Feature", "properties": {"province_id": 533, "name": "Pritchett"}, "geometry": {"type": "Point", "coordinates": [2266.0, 2233.0]}}, {"type": "Feature", "properties": {"province_id": 534, "name": "Aspen"}, "geometry": {"type": "Point", "coordinates": [2087.0, 2153.0]}}, {"type": "Feature", "properties": {"province_id": 535, "name": "Scottsbluff"}, "geometry": {"type": "Point", "coordinates": [2242.0, 1964.0]}}, {"type": "Feature", "properties": {"province_id": 536, "name": "Chadron"}, "geometry": {"type": "Point", "coordinates": [2260.0, 1901.0]}}, {"type": "Feature", "properties": {"province_id": 537, "name": "Valentine"}, "geometry": {"type": "Point", "coordinates": [2405.0, 1902.0]}}, {"type": "Feature", "properties": {"province_id": 538, "name": "Omaha"}, "geometry": {"type": "Point", "coordinates": [2616.0, 1977.0]}}, {"type": "Feature", "properties": {"province_id": 539, "name": "Lincoln"}, "geometry": {"type": "Point", "coordinates": [2569.0, 2009.0]}}, {"type": "Feature", "properties": {"province_id": 540, "name": "Wichita"}, "geometry": {"type": "Point", "coordinates": [2531.0, 2211.0]}}, {"type": "Feature", "properties": {"province_id": 541, "name": "Davenport"}, "geometry": {"type": "Point", "coordinates": [2884.0, 1970.0]}}, {"type": "Feature", "properties": {"province_id": 542, "name": "Des Moines"}, "geometry": {"type": "Point", "coordinates": [2760.0, 1953.0]}}, {"type": "Feature", "properties": {"province_id": 543, "name": "Cedar Rapids"}, "geometry": {"type": "Point", "coordinates": [2843.0, 1918.0]}}, {"type": "Feature", "properties": {"province_id": 544, "name": "Mason City"}, "geometry": {"type": "Point", "coordinates": [2774.0, 1867.0]}}, {"type": "Feature", "properties": {"province_id": 545, "name": "Fort Dodge"}, "geometry": {"type": "Point", "coordinates": [2707.0, 1892.0]}}, {"type": "Feature", "properties": {"province_id": 546, "name": "Red Oak"}, "geometry": {"type": "Point", "coordinates": [2666.0, 2010.0]}}, {"type": "Feature", "properties": {"province_id": 547, "name": "Ottumwa"}, "geometry": {"type": "Point", "coordinates": [2805.0, 2011.0]}}, {"type": "Feature", "properties": {"province_id": 548, "name": "Fremont"}, "geometry": {"type": "Point", "coordinates": [2570.0, 1954.0]}}, {"type": "Feature", "properties": {"province_id": 549, "name": "Avoca"}, "geometry": {"type": "Point", "coordinates": [2653.0, 1953.0]}}, {"type": "Feature", "properties": {"province_id": 550, "name": "Kearney"}, "geometry": {"type": "Point", "coordinates": [2502.0, 2016.0]}}, {"type": "Feature", "properties": {"province_id": 551, "name": "North Platte"}, "geometry": {"type": "Point", "coordinates": [2400.0, 1986.0]}}, {"type": "Feature", "properties": {"province_id": 552, "name": "Colby"}, "geometry": {"type": "Point", "coordinates": [2395.0, 2076.0]}}, {"type": "Feature", "properties": {"province_id": 553, "name": "Garden City"}, "geometry": {"type": "Point", "coordinates": [2403.0, 2156.0]}}, {"type": "Feature", "properties": {"province_id": 554, "name": "Hugoton"}, "geometry": {"type": "Point", "coordinates": [2376.0, 2244.0]}}, {"type": "Feature", "properties": {"province_id": 555, "name": "Hutchinson"}, "geometry": {"type": "Point", "coordinates": [2523.0, 2164.0]}}, {"type": "Feature", "properties": {"province_id": 556, "name": "Emporia"}, "geometry": {"type": "Point", "coordinates": [2600.0, 2153.0]}}, {"type": "Feature", "properties": {"province_id": 557, "name": "Wellington (KS)"}, "geometry": {"type": "Point", "coordinates": [2533.0, 2249.0]}}, {"type": "Feature", "properties": {"province_id": 558, "name": "Parsons"}, "geometry": {"type": "Point", "coordinates": [2655.0, 2240.0]}}, {"type": "Feature", "properties": {"province_id": 559, "name": "Salina"}, "geometry": {"type": "Point", "coordinates": [2504.0, 2087.0]}}, {"type": "Feature", "properties": {"province_id": 560, "name": "Topeka"}, "geometry": {"type": "Point", "coordinates": [2621.0, 2083.0]}}, {"type": "Feature", "properties": {"province_id": 561, "name": "Milwaukee"}, "geometry": {"type": "Point", "coordinates": [3031.0, 1833.0]}}, {"type": "Feature", "properties": {"province_id": 562, "name": "Chicago"}, "geometry": {"type": "Point", "coordinates": [3037.0, 1942.0]}}, {"type": "Feature", "properties": {"province_id": 563, "name": "Indianapolis"}, "geometry": {"type": "Point", "coordinates": [3127.0, 2086.0]}}, {"type": "Feature", "properties": {"province_id": 564, "name": "Cleveland"}, "geometry": {"type": "Point", "coordinates": [3316.0, 1984.0]}}, {"type": "Feature", "properties": {"province_id": 565, "name": "Detroit"}, "geometry": {"type": "Point", "coordinates": [3270.0, 1894.0]}}, {"type": "Feature", "properties": {"province_id": 566, "name": "Traverse City"}, "geometry": {"type": "Point", "coordinates": [3160.0, 1740.0]}}, {"type": "Feature", "properties": {"province_id": 567, "name": "Grand Rapids (MI)"}, "geometry": {"type": "Point", "coordinates": [3146.0, 1881.0]}}, {"type": "Feature", "properties": {"province_id": 568, "name": "Toledo (IL)"}, "geometry": {"type": "Point", "coordinates": [3255.0, 1963.0]}}, {"type": "Feature", "properties": {"province_id": 569, "name": "South Bend"}, "geometry": {"type": "Point", "coordinates": [3115.0, 1962.0]}}, {"type": "Feature", "properties": {"province_id": 570, "name": "Fort Wayne"}, "geometry": {"type": "Point", "coordinates": [3168.0, 2012.0]}}, {"type": "Feature", "properties": {"province_id": 571, "name": "Cincinnati"}, "geometry": {"type": "Point", "coordinates": [3176.0, 2132.0]}}, {"type": "Feature", "properties": {"province_id": 572, "name": "Columbus (OH)"}, "geometry": {"type": "Point", "coordinates": [3233.0, 2056.0]}}, {"type": "Feature", "properties": {"province_id": 573, "name": "Nashville"}, "geometry": {"type": "Point", "coordinates": [3060.0, 2317.0]}}, {"type": "Feature", "properties": {"province_id": 574, "name": "Youngstown"}, "geometry": {"type": "Point", "coordinates": [3372.0, 2003.0]}}, {"type": "Feature", "properties": {"province_id": 575, "name": "Zanesville"}, "geometry": {"type": "Point", "coordinates": [3294.0, 2078.0]}}, {"type": "Feature", "properties": {"province_id": 576, "name": "Lancaster"}, "geometry": {"type": "Point", "coordinates": [3248.0, 2109.0]}}, {"type": "Feature", "properties": {"province_id": 577, "name": "Bloomington"}, "geometry": {"type": "Point", "coordinates": [3115.0, 2119.0]}}, {"type": "Feature", "properties": {"province_id": 578, "name": "Madison"}, "geometry": {"type": "Point", "coordinates": [2960.0, 1835.0]}}, {"type": "Feature", "properties": {"province_id": 579, "name": "Green Bay"}, "geometry": {"type": "Point", "coordinates": [3036.0, 1743.0]}}, {"type": "Feature", "properties": {"province_id": 580, "name": "Eau Claire"}, "geometry": {"type": "Point", "coordinates": [2835.0, 1727.0]}}, {"type": "Feature", "properties": {"province_id": 581, "name": "Wausau"}, "geometry": {"type": "Point", "coordinates": [2933.0, 1734.0]}}, {"type": "Feature", "properties": {"province_id": 582, "name": "Marquette"}, "geometry": {"type": "Point", "coordinates": [3051.0, 1612.0]}}, {"type": "Feature", "properties": {"province_id": 583, "name": "St Louis"}, "geometry": {"type": "Point", "coordinates": [2905.0, 2172.0]}}, {"type": "Feature", "properties": {"province_id": 584, "name": "Lafayette (IN)"}, "geometry": {"type": "Point", "coordinates": [3093.0, 2057.0]}}, {"type": "Feature", "properties": {"province_id": 585, "name": "Evansville"}, "geometry": {"type": "Point", "coordinates": [2977.0, 2234.0]}}, {"type": "Feature", "properties": {"province_id": 586, "name": "Kansas City"}, "geometry": {"type": "Point", "coordinates": [2705.0, 2143.0]}}, {"type": "Feature", "properties": {"province_id": 587, "name": "Champaign"}, "geometry": {"type": "Point", "coordinates": [3025.0, 2062.0]}}, {"type": "Feature", "properties": {"province_id": 588, "name": "Peoria"}, "geometry": {"type": "Point", "coordinates": [2936.0, 1998.0]}}, {"type": "Feature", "properties": {"province_id": 589, "name": "Springfield (IL)"}, "geometry": {"type": "Point", "coordinates": [2936.0, 2086.0]}}, {"type": "Feature", "properties": {"province_id": 590, "name": "Rockford"}, "geometry": {"type": "Point", "coordinates": [2969.0, 1911.0]}}, {"type": "Feature", "properties": {"province_id": 591, "name": "Memphis"}, "geometry": {"type": "Point", "coordinates": [2939.0, 2369.0]}}, {"type": "Feature", "properties": {"province_id": 592, "name": "Jackson (TN)"}, "geometry": {"type": "Point", "coordinates": [3001.0, 2340.0]}}, {"type": "Feature", "properties": {"province_id": 593, "name": "Knoxville"}, "geometry": {"type": "Point", "coordinates": [3140.0, 2316.0]}}, {"type": "Feature", "properties": {"province_id": 594, "name": "Chattanooga"}, "geometry": {"type": "Point", "coordinates": [3119.0, 2376.0]}}, {"type": "Feature", "properties": {"province_id": 595, "name": "Bowling Green"}, "geometry": {"type": "Point", "coordinates": [3059.0, 2289.0]}}, {"type": "Feature", "properties": {"province_id": 596, "name": "Louisville"}, "geometry": {"type": "Point", "coordinates": [3130.0, 2215.0]}}, {"type": "Feature", "properties": {"province_id": 597, "name": "El Paso"}, "geometry": {"type": "Point", "coordinates": [2079.0, 2558.0]}}, {"type": "Feature", "properties": {"province_id": 598, "name": "Prestonsburg"}, "geometry": {"type": "Point", "coordinates": [3278.0, 2228.0]}}, {"type": "Feature", "properties": {"province_id": 599, "name": "Maryville"}, "geometry": {"type": "Point", "coordinates": [2692.0, 2069.0]}}, {"type": "Feature", "properties": {"province_id": 600, "name": "Columbia"}, "geometry": {"type": "Point", "coordinates": [2783.0, 2117.0]}}, {"type": "Feature", "properties": {"province_id": 601, "name": "Jefferson City"}, "geometry": {"type": "Point", "coordinates": [2818.0, 2175.0]}}, {"type": "Feature", "properties": {"province_id": 602, "name": "Farmington (MO)"}, "geometry": {"type": "Point", "coordinates": [2899.0, 2237.0]}}, {"type": "Feature", "properties": {"province_id": 603, "name": "Springfield (MO)"}, "geometry": {"type": "Point", "coordinates": [2783.0, 2246.0]}}, {"type": "Feature", "properties": {"province_id": 604, "name": "Fayetteville (AR)"}, "geometry": {"type": "Point", "coordinates": [2733.0, 2310.0]}}, {"type": "Feature", "properties": {"province_id": 605, "name": "Conway"}, "geometry": {"type": "Point", "coordinates": [2804.0, 2382.0]}}, {"type": "Feature", "properties": {"province_id": 606, "name": "Jonesboro"}, "geometry": {"type": "Point", "coordinates": [2883.0, 2319.0]}}, {"type": "Feature", "properties": {"province_id": 607, "name": "Little Rock"}, "geometry": {"type": "Point", "coordinates": [2832.0, 2403.0]}}, {"type": "Feature", "properties": {"province_id": 608, "name": "Fort Smith"}, "geometry": {"type": "Point", "coordinates": [2711.0, 2366.0]}}, {"type": "Feature", "properties": {"province_id": 609, "name": "Crosset"}, "geometry": {"type": "Point", "coordinates": [2834.0, 2494.0]}}, {"type": "Feature", "properties": {"province_id": 610, "name": "Harrison"}, "geometry": {"type": "Point", "coordinates": [2789.0, 2305.0]}}, {"type": "Feature", "properties": {"province_id": 611, "name": "Warrensburg"}, "geometry": {"type": "Point", "coordinates": [2748.0, 2174.0]}}, {"type": "Feature", "properties": {"province_id": 612, "name": "El Dorado"}, "geometry": {"type": "Point", "coordinates": [2776.0, 2487.0]}}, {"type": "Feature", "properties": {"province_id": 613, "name": "Richmond"}, "geometry": {"type": "Point", "coordinates": [3567.0, 2241.0]}}, {"type": "Feature", "properties": {"province_id": 614, "name": "Charleston (WV)"}, "geometry": {"type": "Point", "coordinates": [3339.0, 2172.0]}}, {"type": "Feature", "properties": {"province_id": 615, "name": "Abingdon"}, "geometry": {"type": "Point", "coordinates": [3315.0, 2284.0]}}, {"type": "Feature", "properties": {"province_id": 616, "name": "Norfolk"}, "geometry": {"type": "Point", "coordinates": [3617.0, 2260.0]}}, {"type": "Feature", "properties": {"province_id": 617, "name": "Charlottesville"}, "geometry": {"type": "Point", "coordinates": [3524.0, 2178.0]}}, {"type": "Feature", "properties": {"province_id": 618, "name": "Parkersburg"}, "geometry": {"type": "Point", "coordinates": [3374.0, 2123.0]}}, {"type": "Feature", "properties": {"province_id": 619, "name": "Harrisonburg"}, "geometry": {"type": "Point", "coordinates": [3495.0, 2148.0]}}, {"type": "Feature", "properties": {"province_id": 620, "name": "Lynchburg"}, "geometry": {"type": "Point", "coordinates": [3494.0, 2240.0]}}, {"type": "Feature", "properties": {"province_id": 621, "name": "Blacksburg"}, "geometry": {"type": "Point", "coordinates": [3399.0, 2232.0]}}, {"type": "Feature", "properties": {"province_id": 622, "name": "Lexington (VA)"}, "geometry": {"type": "Point", "coordinates": [3476.0, 2213.0]}}, {"type": "Feature", "properties": {"province_id": 623, "name": "Danville"}, "geometry": {"type": "Point", "coordinates": [3462.0, 2288.0]}}, {"type": "Feature", "properties": {"province_id": 624, "name": "Asheville"}, "geometry": {"type": "Point", "coordinates": [3283.0, 2373.0]}}, {"type": "Feature", "properties": {"province_id": 625, "name": "Charlotte"}, "geometry": {"type": "Point", "coordinates": [3355.0, 2390.0]}}, {"type": "Feature", "properties": {"province_id": 626, "name": "Charleston (SC)"}, "geometry": {"type": "Point", "coordinates": [3426.0, 2507.0]}}, {"type": "Feature", "properties": {"province_id": 627, "name": "Wilmington"}, "geometry": {"type": "Point", "coordinates": [3529.0, 2424.0]}}, {"type": "Feature", "properties": {"province_id": 628, "name": "Durham"}, "geometry": {"type": "Point", "coordinates": [3513.0, 2315.0]}}, {"type": "Feature", "properties": {"province_id": 629, "name": "Greensboro"}, "geometry": {"type": "Point", "coordinates": [3452.0, 2312.0]}}, {"type": "Feature", "properties": {"province_id": 630, "name": "Hickory"}, "geometry": {"type": "Point", "coordinates": [3339.0, 2363.0]}}, {"type": "Feature", "properties": {"province_id": 631, "name": "Greenville (SC)"}, "geometry": {"type": "Point", "coordinates": [3295.0, 2416.0]}}, {"type": "Feature", "properties": {"province_id": 632, "name": "Fayetteville (NC)"}, "geometry": {"type": "Point", "coordinates": [3533.0, 2384.0]}}, {"type": "Feature", "properties": {"province_id": 633, "name": "Florence (SC)"}, "geometry": {"type": "Point", "coordinates": [3436.0, 2413.0]}}, {"type": "Feature", "properties": {"province_id": 634, "name": "Albuquerque"}, "geometry": {"type": "Point", "coordinates": [2104.0, 2413.0]}}, {"type": "Feature", "properties": {"province_id": 635, "name": "Van Horn"}, "geometry": {"type": "Point", "coordinates": [2151.0, 2611.0]}}, {"type": "Feature", "properties": {"province_id": 636, "name": "Del Rio"}, "geometry": {"type": "Point", "coordinates": [2308.0, 2655.0]}}, {"type": "Feature", "properties": {"province_id": 637, "name": "Mc Allen"}, "geometry": {"type": "Point", "coordinates": [2412.0, 2864.0]}}, {"type": "Feature", "properties": {"province_id": 638, "name": "Houston"}, "geometry": {"type": "Point", "coordinates": [2670.0, 2698.0]}}, {"type": "Feature", "properties": {"province_id": 639, "name": "Santa Fe"}, "geometry": {"type": "Point", "coordinates": [2130.0, 2354.0]}}, {"type": "Feature", "properties": {"province_id": 640, "name": "Farmington (NM)"}, "geometry": {"type": "Point", "coordinates": [2012.0, 2301.0]}}, {"type": "Feature", "properties": {"province_id": 641, "name": "Santa Rosa (NM)"}, "geometry": {"type": "Point", "coordinates": [2187.0, 2418.0]}}, {"type": "Feature", "properties": {"province_id": 642, "name": "Amarillo"}, "geometry": {"type": "Point", "coordinates": [2351.0, 2403.0]}}, {"type": "Feature", "properties": {"province_id": 643, "name": "Hot Springs"}, "geometry": {"type": "Point", "coordinates": [2057.0, 2458.0]}}, {"type": "Feature", "properties": {"province_id": 644, "name": "Dallas"}, "geometry": {"type": "Point", "coordinates": [2564.0, 2539.0]}}, {"type": "Feature", "properties": {"province_id": 645, "name": "Jasper"}, "geometry": {"type": "Point", "coordinates": [2710.0, 2633.0]}}, {"type": "Feature", "properties": {"province_id": 646, "name": "Fort Worth"}, "geometry": {"type": "Point", "coordinates": [2536.0, 2562.0]}}, {"type": "Feature", "properties": {"province_id": 647, "name": "Lubbock"}, "geometry": {"type": "Point", "coordinates": [2342.0, 2491.0]}}, {"type": "Feature", "properties": {"province_id": 648, "name": "Midland"}, "geometry": {"type": "Point", "coordinates": [2312.0, 2574.0]}}, {"type": "Feature", "properties": {"province_id": 649, "name": "Austin"}, "geometry": {"type": "Point", "coordinates": [2497.0, 2653.0]}}, {"type": "Feature", "properties": {"province_id": 650, "name": "Victoria (TX)"}, "geometry": {"type": "Point", "coordinates": [2557.0, 2733.0]}}, {"type": "Feature", "properties": {"province_id": 651, "name": "Huntsville (TX)"}, "geometry": {"type": "Point", "coordinates": [2620.0, 2627.0]}}, {"type": "Feature", "properties": {"province_id": 652, "name": "Coro"}, "geometry": {"type": "Point", "coordinates": [3489.0, 3646.0]}}, {"type": "Feature", "properties": {"province_id": 653, "name": "Tyler"}, "geometry": {"type": "Point", "coordinates": [2640.0, 2555.0]}}, {"type": "Feature", "properties": {"province_id": 654, "name": "Wichita Falls"}, "geometry": {"type": "Point", "coordinates": [2483.0, 2477.0]}}, {"type": "Feature", "properties": {"province_id": 655, "name": "Roswell"}, "geometry": {"type": "Point", "coordinates": [2195.0, 2484.0]}}, {"type": "Feature", "properties": {"province_id": 656, "name": "Dalhart"}, "geometry": {"type": "Point", "coordinates": [2283.0, 2330.0]}}, {"type": "Feature", "properties": {"province_id": 657, "name": "San Antonio"}, "geometry": {"type": "Point", "coordinates": [2451.0, 2702.0]}}, {"type": "Feature", "properties": {"province_id": 658, "name": "Corpus Christi"}, "geometry": {"type": "Point", "coordinates": [2484.0, 2774.0]}}, {"type": "Feature", "properties": {"province_id": 659, "name": "Brownwood"}, "geometry": {"type": "Point", "coordinates": [2442.0, 2603.0]}}, {"type": "Feature", "properties": {"province_id": 660, "name": "Anchorage"}, "geometry": {"type": "Point", "coordinates": [780.0, 981.0]}}, {"type": "Feature", "properties": {"province_id": 661, "name": "Fairbanks"}, "geometry": {"type": "Point", "coordinates": [793.0, 703.0]}}, {"type": "Feature", "properties": {"province_id": 662, "name": "McCarthy"}, "geometry": {"type": "Point", "coordinates": [904.0, 941.0]}}, {"type": "Feature", "properties": {"province_id": 663, "name": "Prudhoe Bay"}, "geometry": {"type": "Point", "coordinates": [784.0, 419.0]}}, {"type": "Feature", "properties": {"province_id": 664, "name": "Barrow"}, "geometry": {"type": "Point", "coordinates": [456.0, 404.0]}}, {"type": "Feature", "properties": {"province_id": 665, "name": "Nome"}, "geometry": {"type": "Point", "coordinates": [214.0, 721.0]}}, {"type": "Feature", "properties": {"province_id": 666, "name": "Aniak"}, "geometry": {"type": "Point", "coordinates": [553.0, 863.0]}}, {"type": "Feature", "properties": {"province_id": 667, "name": "Perryville"}, "geometry": {"type": "Point", "coordinates": [330.0, 1142.0]}}, {"type": "Feature", "properties": {"province_id": 668, "name": "Fort St. John"}, "geometry": {"type": "Point", "coordinates": [1420.0, 1077.0]}}, {"type": "Feature", "properties": {"province_id": 669, "name": "Prince George"}, "geometry": {"type": "Point", "coordinates": [1379.0, 1219.0]}}, {"type": "Feature", "properties": {"province_id": 670, "name": "Kelowna"}, "geometry": {"type": "Point", "coordinates": [1444.0, 1398.0]}}, {"type": "Feature", "properties": {"province_id": 671, "name": "Skagway"}, "geometry": {"type": "Point", "coordinates": [1037.0, 958.0]}}, {"type": "Feature", "properties": {"province_id": 672, "name": "Fort Nelson"}, "geometry": {"type": "Point", "coordinates": [1366.0, 937.0]}}, {"type": "Feature", "properties": {"province_id": 673, "name": "Kamloops"}, "geometry": {"type": "Point", "coordinates": [1354.0, 1337.0]}}, {"type": "Feature", "properties": {"province_id": 674, "name": "Whistler"}, "geometry": {"type": "Point", "coordinates": [1248.0, 1376.0]}}, {"type": "Feature", "properties": {"province_id": 675, "name": "Terrace"}, "geometry": {"type": "Point", "coordinates": [1183.0, 1227.0]}}, {"type": "Feature", "properties": {"province_id": 676, "name": "Smithers"}, "geometry": {"type": "Point", "coordinates": [1290.0, 1194.0]}}, {"type": "Feature", "properties": {"province_id": 677, "name": "Iskut"}, "geometry": {"type": "Point", "coordinates": [1145.0, 1085.0]}}, {"type": "Feature", "properties": {"province_id": 678, "name": "Cassiar"}, "geometry": {"type": "Point", "coordinates": [1144.0, 952.0]}}, {"type": "Feature", "properties": {"province_id": 679, "name": "Toad River"}, "geometry": {"type": "Point", "coordinates": [1249.0, 946.0]}}, {"type": "Feature", "properties": {"province_id": 680, "name": "Nanaimo"}, "geometry": {"type": "Point", "coordinates": [1203.0, 1446.0]}}, {"type": "Feature", "properties": {"province_id": 681, "name": "Victoria (BC)"}, "geometry": {"type": "Point", "coordinates": [1236.0, 1472.0]}}, {"type": "Feature", "properties": {"province_id": 682, "name": "Prince Rupert"}, "geometry": {"type": "Point", "coordinates": [1127.0, 1222.0]}}, {"type": "Feature", "properties": {"province_id": 683, "name": "Kitimat"}, "geometry": {"type": "Point", "coordinates": [1176.0, 1282.0]}}, {"type": "Feature", "properties": {"province_id": 684, "name": "Hazelton"}, "geometry": {"type": "Point", "coordinates": [1268.0, 1132.0]}}, {"type": "Feature", "properties": {"province_id": 685, "name": "Mackenzie"}, "geometry": {"type": "Point", "coordinates": [1365.0, 1123.0]}}, {"type": "Feature", "properties": {"province_id": 686, "name": "Wonowon"}, "geometry": {"type": "Point", "coordinates": [1366.0, 1041.0]}}, {"type": "Feature", "properties": {"province_id": 687, "name": "Cranbrook"}, "geometry": {"type": "Point", "coordinates": [1567.0, 1398.0]}}, {"type": "Feature", "properties": {"province_id": 688, "name": "Vernon"}, "geometry": {"type": "Point", "coordinates": [1459.0, 1359.0]}}, {"type": "Feature", "properties": {"province_id": 689, "name": "Golden"}, "geometry": {"type": "Point", "coordinates": [1553.0, 1318.0]}}, {"type": "Feature", "properties": {"province_id": 690, "name": "Williams Lake"}, "geometry": {"type": "Point", "coordinates": [1379.0, 1277.0]}}, {"type": "Feature", "properties": {"province_id": 691, "name": "Calgary"}, "geometry": {"type": "Point", "coordinates": [1671.0, 1291.0]}}, {"type": "Feature", "properties": {"province_id": 692, "name": "Edmonton"}, "geometry": {"type": "Point", "coordinates": [1683.0, 1137.0]}}, {"type": "Feature", "properties": {"province_id": 693, "name": "Red Deer"}, "geometry": {"type": "Point", "coordinates": [1675.0, 1220.0]}}, {"type": "Feature", "properties": {"province_id": 694, "name": "Lethbridge"}, "geometry": {"type": "Point", "coordinates": [1729.0, 1382.0]}}, {"type": "Feature", "properties": {"province_id": 695, "name": "Medicine Hat"}, "geometry": {"type": "Point", "coordinates": [1889.0, 1346.0]}}, {"type": "Feature", "properties": {"province_id": 696, "name": "Brooks"}, "geometry": {"type": "Point", "coordinates": [1790.0, 1295.0]}}, {"type": "Feature", "properties": {"province_id": 697, "name": "Hanna"}, "geometry": {"type": "Point", "coordinates": [1829.0, 1225.0]}}, {"type": "Feature", "properties": {"province_id": 698, "name": "Vegreville"}, "geometry": {"type": "Point", "coordinates": [1782.0, 1115.0]}}, {"type": "Feature", "properties": {"province_id": 699, "name": "Vermilion"}, "geometry": {"type": "Point", "coordinates": [1862.0, 1113.0]}}, {"type": "Feature", "properties": {"province_id": 700, "name": "Fort McMurray"}, "geometry": {"type": "Point", "coordinates": [1883.0, 947.0]}}, {"type": "Feature", "properties": {"province_id": 701, "name": "Lac la Biche"}, "geometry": {"type": "Point", "coordinates": [1857.0, 1017.0]}}, {"type": "Feature", "properties": {"province_id": 702, "name": "Iquitos"}, "geometry": {"type": "Point", "coordinates": [3329.0, 4321.0]}}, {"type": "Feature", "properties": {"province_id": 703, "name": "Peerless Lake"}, "geometry": {"type": "Point", "coordinates": [1734.0, 953.0]}}, {"type": "Feature", "properties": {"province_id": 704, "name": "Peace River"}, "geometry": {"type": "Point", "coordinates": [1583.0, 975.0]}}, {"type": "Feature", "properties": {"province_id": 705, "name": "Grand Prairie"}, "geometry": {"type": "Point", "coordinates": [1487.0, 1104.0]}}, {"type": "Feature", "properties": {"province_id": 706, "name": "Whitecourt"}, "geometry": {"type": "Point", "coordinates": [1606.0, 1129.0]}}, {"type": "Feature", "properties": {"province_id": 707, "name": "Banff"}, "geometry": {"type": "Point", "coordinates": [1606.0, 1275.0]}}, {"type": "Feature", "properties": {"province_id": 708, "name": "Grand Cache"}, "geometry": {"type": "Point", "coordinates": [1491.0, 1160.0]}}, {"type": "Feature", "properties": {"province_id": 709, "name": "Worsley"}, "geometry": {"type": "Point", "coordinates": [1479.0, 963.0]}}, {"type": "Feature", "properties": {"province_id": 710, "name": "Boyle"}, "geometry": {"type": "Point", "coordinates": [1722.0, 1048.0]}}, {"type": "Feature", "properties": {"province_id": 711, "name": "Cardston"}, "geometry": {"type": "Point", "coordinates": [1710.0, 1424.0]}}, {"type": "Feature", "properties": {"province_id": 712, "name": "Claresholm"}, "geometry": {"type": "Point", "coordinates": [1697.0, 1342.0]}}, {"type": "Feature", "properties": {"province_id": 713, "name": "Taber"}, "geometry": {"type": "Point", "coordinates": [1782.0, 1369.0]}}, {"type": "Feature", "properties": {"province_id": 714, "name": "Regina"}, "geometry": {"type": "Point", "coordinates": [2223.0, 1337.0]}}, {"type": "Feature", "properties": {"province_id": 715, "name": "Saskatoon"}, "geometry": {"type": "Point", "coordinates": [2117.0, 1217.0]}}, {"type": "Feature", "properties": {"province_id": 716, "name": "Prince Albert"}, "geometry": {"type": "Point", "coordinates": [2165.0, 1110.0]}}, {"type": "Feature", "properties": {"province_id": 717, "name": "N. Battleford"}, "geometry": {"type": "Point", "coordinates": [1996.0, 1144.0]}}, {"type": "Feature", "properties": {"province_id": 718, "name": "La Ronge"}, "geometry": {"type": "Point", "coordinates": [2172.0, 1032.0]}}, {"type": "Feature", "properties": {"province_id": 719, "name": "Tisdale"}, "geometry": {"type": "Point", "coordinates": [2250.0, 1132.0]}}, {"type": "Feature", "properties": {"province_id": 720, "name": "Nipawin"}, "geometry": {"type": "Point", "coordinates": [2252.0, 1069.0]}}, {"type": "Feature", "properties": {"province_id": 721, "name": "Estevan"}, "geometry": {"type": "Point", "coordinates": [2276.0, 1398.0]}}, {"type": "Feature", "properties": {"province_id": 722, "name": "Yorkton"}, "geometry": {"type": "Point", "coordinates": [2304.0, 1264.0]}}, {"type": "Feature", "properties": {"province_id": 723, "name": "Moose Jaw"}, "geometry": {"type": "Point", "coordinates": [2152.0, 1346.0]}}, {"type": "Feature", "properties": {"province_id": 724, "name": "Swift Current"}, "geometry": {"type": "Point", "coordinates": [2028.0, 1363.0]}}, {"type": "Feature", "properties": {"province_id": 725, "name": "Kindersley"}, "geometry": {"type": "Point", "coordinates": [1976.0, 1248.0]}}, {"type": "Feature", "properties": {"province_id": 726, "name": "Rosetown"}, "geometry": {"type": "Point", "coordinates": [2039.0, 1251.0]}}, {"type": "Feature", "properties": {"province_id": 727, "name": "Meadow Lake"}, "geometry": {"type": "Point", "coordinates": [1985.0, 1066.0]}}, {"type": "Feature", "properties": {"province_id": 728, "name": "Rosthern"}, "geometry": {"type": "Point", "coordinates": [2135.0, 1166.0]}}, {"type": "Feature", "properties": {"province_id": 729, "name": "Humboldt"}, "geometry": {"type": "Point", "coordinates": [2210.0, 1212.0]}}, {"type": "Feature", "properties": {"province_id": 730, "name": "Archerwill"}, "geometry": {"type": "Point", "coordinates": [2285.0, 1170.0]}}, {"type": "Feature", "properties": {"province_id": 731, "name": "Davidson"}, "geometry": {"type": "Point", "coordinates": [2158.0, 1277.0]}}, {"type": "Feature", "properties": {"province_id": 732, "name": "Radisson"}, "geometry": {"type": "Point", "coordinates": [2052.0, 1166.0]}}, {"type": "Feature", "properties": {"province_id": 733, "name": "Shellbrook"}, "geometry": {"type": "Point", "coordinates": [2097.0, 1108.0]}}, {"type": "Feature", "properties": {"province_id": 734, "name": "Shell Lake"}, "geometry": {"type": "Point", "coordinates": [2044.0, 1096.0]}}, {"type": "Feature", "properties": {"province_id": 735, "name": "Beauval"}, "geometry": {"type": "Point", "coordinates": [2052.0, 1001.0]}}, {"type": "Feature", "properties": {"province_id": 736, "name": "La Loche"}, "geometry": {"type": "Point", "coordinates": [1976.0, 955.0]}}, {"type": "Feature", "properties": {"province_id": 737, "name": "Dawson"}, "geometry": {"type": "Point", "coordinates": [1024.0, 687.0]}}, {"type": "Feature", "properties": {"province_id": 738, "name": "Whitehorse"}, "geometry": {"type": "Point", "coordinates": [1134.0, 866.0]}}, {"type": "Feature", "properties": {"province_id": 739, "name": "Destruction Bay"}, "geometry": {"type": "Point", "coordinates": [1032.0, 848.0]}}, {"type": "Feature", "properties": {"province_id": 740, "name": "Ross River"}, "geometry": {"type": "Point", "coordinates": [1278.0, 793.0]}}, {"type": "Feature", "properties": {"province_id": 741, "name": "Nahanni Butte"}, "geometry": {"type": "Point", "coordinates": [1384.0, 806.0]}}, {"type": "Feature", "properties": {"province_id": 742, "name": "Yellowknife"}, "geometry": {"type": "Point", "coordinates": [1669.0, 729.0]}}, {"type": "Feature", "properties": {"province_id": 743, "name": "Winnipeg"}, "geometry": {"type": "Point", "coordinates": [2559.0, 1353.0]}}, {"type": "Feature", "properties": {"province_id": 744, "name": "Brandon"}, "geometry": {"type": "Point", "coordinates": [2432.0, 1355.0]}}, {"type": "Feature", "properties": {"province_id": 745, "name": "Dauphin"}, "geometry": {"type": "Point", "coordinates": [2439.0, 1255.0]}}, {"type": "Feature", "properties": {"province_id": 746, "name": "Swan River"}, "geometry": {"type": "Point", "coordinates": [2395.0, 1137.0]}}, {"type": "Feature", "properties": {"province_id": 747, "name": "Peguis"}, "geometry": {"type": "Point", "coordinates": [2566.0, 1252.0]}}, {"type": "Feature", "properties": {"province_id": 748, "name": "Steinbach"}, "geometry": {"type": "Point", "coordinates": [2607.0, 1382.0]}}, {"type": "Feature", "properties": {"province_id": 749, "name": "Snow Lake"}, "geometry": {"type": "Point", "coordinates": [2468.0, 967.0]}}, {"type": "Feature", "properties": {"province_id": 750, "name": "Shamattawa"}, "geometry": {"type": "Point", "coordinates": [2895.0, 980.0]}}, {"type": "Feature", "properties": {"province_id": 751, "name": "Thompson"}, "geometry": {"type": "Point", "coordinates": [2652.0, 943.0]}}, {"type": "Feature", "properties": {"province_id": 752, "name": "Grand Rapids"}, "geometry": {"type": "Point", "coordinates": [2569.0, 1089.0]}}, {"type": "Feature", "properties": {"province_id": 753, "name": "La Brochet"}, "geometry": {"type": "Point", "coordinates": [2393.0, 839.0]}}, {"type": "Feature", "properties": {"province_id": 754, "name": "Whale Cove"}, "geometry": {"type": "Point", "coordinates": [3190.0, 869.0]}}, {"type": "Feature", "properties": {"province_id": 755, "name": "Baker Lake"}, "geometry": {"type": "Point", "coordinates": [2763.0, 755.0]}}, {"type": "Feature", "properties": {"province_id": 756, "name": "Toronto"}, "geometry": {"type": "Point", "coordinates": [3465.0, 1811.0]}}, {"type": "Feature", "properties": {"province_id": 757, "name": "Sudbury"}, "geometry": {"type": "Point", "coordinates": [3378.0, 1613.0]}}, {"type": "Feature", "properties": {"province_id": 758, "name": "Thunder Bay"}, "geometry": {"type": "Point", "coordinates": [2943.0, 1495.0]}}, {"type": "Feature", "properties": {"province_id": 759, "name": "Moosonee"}, "geometry": {"type": "Point", "coordinates": [3354.0, 1337.0]}}, {"type": "Feature", "properties": {"province_id": 760, "name": "Timmins"}, "geometry": {"type": "Point", "coordinates": [3350.0, 1472.0]}}, {"type": "Feature", "properties": {"province_id": 761, "name": "New York"}, "geometry": {"type": "Point", "coordinates": [3742.0, 2012.0]}}, {"type": "Feature", "properties": {"province_id": 762, "name": "Boston"}, "geometry": {"type": "Point", "coordinates": [3883.0, 1901.0]}}, {"type": "Feature", "properties": {"province_id": 763, "name": "Fort Severn"}, "geometry": {"type": "Point", "coordinates": [3027.0, 1119.0]}}, {"type": "Feature", "properties": {"province_id": 764, "name": "Winisk"}, "geometry": {"type": "Point", "coordinates": [3212.0, 1160.0]}}, {"type": "Feature", "properties": {"province_id": 765, "name": "Wabitigweyaang"}, "geometry": {"type": "Point", "coordinates": [2806.0, 1235.0]}}, {"type": "Feature", "properties": {"province_id": 766, "name": "Ignance"}, "geometry": {"type": "Point", "coordinates": [2899.0, 1444.0]}}, {"type": "Feature", "properties": {"province_id": 767, "name": "Kenora"}, "geometry": {"type": "Point", "coordinates": [2733.0, 1355.0]}}, {"type": "Feature", "properties": {"province_id": 768, "name": "Nipigon"}, "geometry": {"type": "Point", "coordinates": [3036.0, 1435.0]}}, {"type": "Feature", "properties": {"province_id": 769, "name": "Sault Ste. Marie"}, "geometry": {"type": "Point", "coordinates": [3237.0, 1615.0]}}, {"type": "Feature", "properties": {"province_id": 770, "name": "North Bay"}, "geometry": {"type": "Point", "coordinates": [3429.0, 1634.0]}}, {"type": "Feature", "properties": {"province_id": 771, "name": "Kawartha Lakes"}, "geometry": {"type": "Point", "coordinates": [3487.0, 1764.0]}}, {"type": "Feature", "properties": {"province_id": 772, "name": "Ottawa"}, "geometry": {"type": "Point", "coordinates": [3627.0, 1726.0]}}, {"type": "Feature", "properties": {"province_id": 773, "name": "Huntsville"}, "geometry": {"type": "Point", "coordinates": [3484.0, 1700.0]}}, {"type": "Feature", "properties": {"province_id": 774, "name": "Hamilton (ON)"}, "geometry": {"type": "Point", "coordinates": [3430.0, 1844.0]}}, {"type": "Feature", "properties": {"province_id": 775, "name": "Montréal"}, "geometry": {"type": "Point", "coordinates": [3725.0, 1696.0]}}, {"type": "Feature", "properties": {"province_id": 776, "name": "Engelhart"}, "geometry": {"type": "Point", "coordinates": [3427.0, 1530.0]}}, {"type": "Feature", "properties": {"province_id": 777, "name": "Gogama"}, "geometry": {"type": "Point", "coordinates": [3345.0, 1541.0]}}, {"type": "Feature", "properties": {"province_id": 778, "name": "Cochrane"}, "geometry": {"type": "Point", "coordinates": [3359.0, 1430.0]}}, {"type": "Feature", "properties": {"province_id": 779, "name": "Wawa"}, "geometry": {"type": "Point", "coordinates": [3218.0, 1544.0]}}, {"type": "Feature", "properties": {"province_id": 780, "name": "Hearst"}, "geometry": {"type": "Point", "coordinates": [3264.0, 1389.0]}}, {"type": "Feature", "properties": {"province_id": 781, "name": "Geraldton (ON)"}, "geometry": {"type": "Point", "coordinates": [3147.0, 1404.0]}}, {"type": "Feature", "properties": {"province_id": 782, "name": "Fort Hope"}, "geometry": {"type": "Point", "coordinates": [3056.0, 1314.0]}}, {"type": "Feature", "properties": {"province_id": 783, "name": "Sioux Lookout"}, "geometry": {"type": "Point", "coordinates": [2884.0, 1329.0]}}, {"type": "Feature", "properties": {"province_id": 784, "name": "Québec"}, "geometry": {"type": "Point", "coordinates": [3851.0, 1583.0]}}, {"type": "Feature", "properties": {"province_id": 785, "name": "Saguenay"}, "geometry": {"type": "Point", "coordinates": [3888.0, 1470.0]}}, {"type": "Feature", "properties": {"province_id": 786, "name": "Sherbrooke"}, "geometry": {"type": "Point", "coordinates": [3819.0, 1711.0]}}, {"type": "Feature", "properties": {"province_id": 787, "name": "Victoriaville"}, "geometry": {"type": "Point", "coordinates": [3827.0, 1651.0]}}, {"type": "Feature", "properties": {"province_id": 788, "name": "Shawinigan"}, "geometry": {"type": "Point", "coordinates": [3786.0, 1602.0]}}, {"type": "Feature", "properties": {"province_id": 789, "name": "Rouyn-Noranda"}, "geometry": {"type": "Point", "coordinates": [3458.0, 1502.0]}}, {"type": "Feature", "properties": {"province_id": 790, "name": "Saint-Jérôme"}, "geometry": {"type": "Point", "coordinates": [3690.0, 1671.0]}}, {"type": "Feature", "properties": {"province_id": 791, "name": "La Tuque"}, "geometry": {"type": "Point", "coordinates": [3771.0, 1531.0]}}, {"type": "Feature", "properties": {"province_id": 792, "name": "Rimouski"}, "geometry": {"type": "Point", "coordinates": [4031.0, 1475.0]}}, {"type": "Feature", "properties": {"province_id": 793, "name": "Val-d'Or"}, "geometry": {"type": "Point", "coordinates": [3617.0, 1495.0]}}, {"type": "Feature", "properties": {"province_id": 794, "name": "Kipawa"}, "geometry": {"type": "Point", "coordinates": [3495.0, 1602.0]}}, {"type": "Feature", "properties": {"province_id": 795, "name": "La Sarre"}, "geometry": {"type": "Point", "coordinates": [3495.0, 1420.0]}}, {"type": "Feature", "properties": {"province_id": 796, "name": "Kitcisakik"}, "geometry": {"type": "Point", "coordinates": [3640.0, 1560.0]}}, {"type": "Feature", "properties": {"province_id": 797, "name": "Salluit"}, "geometry": {"type": "Point", "coordinates": [3961.0, 900.0]}}, {"type": "Feature", "properties": {"province_id": 798, "name": "Sakami"}, "geometry": {"type": "Point", "coordinates": [3729.0, 1200.0]}}, {"type": "Feature", "properties": {"province_id": 799, "name": "Happy Valley-Goose Bay"}, "geometry": {"type": "Point", "coordinates": [4408.0, 1229.0]}}, {"type": "Feature", "properties": {"province_id": 800, "name": "Sept-Îles"}, "geometry": {"type": "Point", "coordinates": [4135.0, 1371.0]}}, {"type": "Feature", "properties": {"province_id": 801, "name": "Kuujjuaq"}, "geometry": {"type": "Point", "coordinates": [4163.0, 1060.0]}}, {"type": "Feature", "properties": {"province_id": 802, "name": "Mistissini"}, "geometry": {"type": "Point", "coordinates": [3939.0, 1301.0]}}, {"type": "Feature", "properties": {"province_id": 803, "name": "Eastmain"}, "geometry": {"type": "Point", "coordinates": [3543.0, 1287.0]}}, {"type": "Feature", "properties": {"province_id": 804, "name": "Caniapiscau"}, "geometry": {"type": "Point", "coordinates": [4028.0, 1155.0]}}, {"type": "Feature", "properties": {"province_id": 805, "name": "Aklavik"}, "geometry": {"type": "Point", "coordinates": [1394.0, 573.0]}}, {"type": "Feature", "properties": {"province_id": 806, "name": "Old Crow"}, "geometry": {"type": "Point", "coordinates": [1034.0, 482.0]}}, {"type": "Feature", "properties": {"province_id": 807, "name": "Fort Reliance"}, "geometry": {"type": "Point", "coordinates": [1985.0, 754.0]}}, {"type": "Feature", "properties": {"province_id": 808, "name": "Snowdrift"}, "geometry": {"type": "Point", "coordinates": [1843.0, 748.0]}}, {"type": "Feature", "properties": {"province_id": 809, "name": "Bathurst Inlet"}, "geometry": {"type": "Point", "coordinates": [2189.0, 699.0]}}, {"type": "Feature", "properties": {"province_id": 810, "name": "Coppermine"}, "geometry": {"type": "Point", "coordinates": [1719.0, 604.0]}}, {"type": "Feature", "properties": {"province_id": 811, "name": "Philadelphia"}, "geometry": {"type": "Point", "coordinates": [3649.0, 2096.0]}}, {"type": "Feature", "properties": {"province_id": 812, "name": "Washington"}, "geometry": {"type": "Point", "coordinates": [3598.0, 2147.0]}}, {"type": "Feature", "properties": {"province_id": 813, "name": "Pittsburgh"}, "geometry": {"type": "Point", "coordinates": [3430.0, 2054.0]}}, {"type": "Feature", "properties": {"province_id": 814, "name": "Rochester (NY)"}, "geometry": {"type": "Point", "coordinates": [3543.0, 1875.0]}}, {"type": "Feature", "properties": {"province_id": 815, "name": "Baltimore"}, "geometry": {"type": "Point", "coordinates": [3604.0, 2117.0]}}, {"type": "Feature", "properties": {"province_id": 816, "name": "Johnstown"}, "geometry": {"type": "Point", "coordinates": [3504.0, 2054.0]}}, {"type": "Feature", "properties": {"province_id": 817, "name": "Princeton"}, "geometry": {"type": "Point", "coordinates": [3693.0, 2057.0]}}, {"type": "Feature", "properties": {"province_id": 818, "name": "Harrisburg"}, "geometry": {"type": "Point", "coordinates": [3602.0, 2049.0]}}, {"type": "Feature", "properties": {"province_id": 819, "name": "Scranton"}, "geometry": {"type": "Point", "coordinates": [3671.0, 1983.0]}}, {"type": "Feature", "properties": {"province_id": 820, "name": "Syracuse"}, "geometry": {"type": "Point", "coordinates": [3634.0, 1862.0]}}, {"type": "Feature", "properties": {"province_id": 821, "name": "Binghamton"}, "geometry": {"type": "Point", "coordinates": [3640.0, 1918.0]}}, {"type": "Feature", "properties": {"province_id": 822, "name": "Providence"}, "geometry": {"type": "Point", "coordinates": [3862.0, 1948.0]}}, {"type": "Feature", "properties": {"province_id": 823, "name": "Worcester"}, "geometry": {"type": "Point", "coordinates": [3835.0, 1896.0]}}, {"type": "Feature", "properties": {"province_id": 824, "name": "Hartford"}, "geometry": {"type": "Point", "coordinates": [3787.0, 1940.0]}}, {"type": "Feature", "properties": {"province_id": 825, "name": "New Haven"}, "geometry": {"type": "Point", "coordinates": [3779.0, 1986.0]}}, {"type": "Feature", "properties": {"province_id": 826, "name": "Atlantic City"}, "geometry": {"type": "Point", "coordinates": [3664.0, 2158.0]}}, {"type": "Feature", "properties": {"province_id": 827, "name": "Erie"}, "geometry": {"type": "Point", "coordinates": [3423.0, 1953.0]}}, {"type": "Feature", "properties": {"province_id": 828, "name": "Lewisburg"}, "geometry": {"type": "Point", "coordinates": [3594.0, 1990.0]}}, {"type": "Feature", "properties": {"province_id": 829, "name": "State College"}, "geometry": {"type": "Point", "coordinates": [3537.0, 1990.0]}}, {"type": "Feature", "properties": {"province_id": 830, "name": "Bangor"}, "geometry": {"type": "Point", "coordinates": [3978.0, 1742.0]}}, {"type": "Feature", "properties": {"province_id": 831, "name": "Portland (ME)"}, "geometry": {"type": "Point", "coordinates": [3916.0, 1798.0]}}, {"type": "Feature", "properties": {"province_id": 832, "name": "Manchester (NH)"}, "geometry": {"type": "Point", "coordinates": [3851.0, 1853.0]}}, {"type": "Feature", "properties": {"province_id": 833, "name": "Albany (NY)"}, "geometry": {"type": "Point", "coordinates": [3734.0, 1861.0]}}, {"type": "Feature", "properties": {"province_id": 834, "name": "Kingston (NY)"}, "geometry": {"type": "Point", "coordinates": [3723.0, 1928.0]}}, {"type": "Feature", "properties": {"province_id": 835, "name": "Burlington"}, "geometry": {"type": "Point", "coordinates": [3761.0, 1784.0]}}, {"type": "Feature", "properties": {"province_id": 836, "name": "Watertown"}, "geometry": {"type": "Point", "coordinates": [3640.0, 1803.0]}}, {"type": "Feature", "properties": {"province_id": 837, "name": "Miami"}, "geometry": {"type": "Point", "coordinates": [3422.0, 2882.0]}}, {"type": "Feature", "properties": {"province_id": 838, "name": "Atlanta"}, "geometry": {"type": "Point", "coordinates": [3221.0, 2452.0]}}, {"type": "Feature", "properties": {"province_id": 839, "name": "Jacksonville"}, "geometry": {"type": "Point", "coordinates": [3347.0, 2645.0]}}, {"type": "Feature", "properties": {"province_id": 840, "name": "New Orleans"}, "geometry": {"type": "Point", "coordinates": [2935.0, 2679.0]}}, {"type": "Feature", "properties": {"province_id": 841, "name": "Lafayette (LA)"}, "geometry": {"type": "Point", "coordinates": [2824.0, 2659.0]}}, {"type": "Feature", "properties": {"province_id": 842, "name": "Shreveport"}, "geometry": {"type": "Point", "coordinates": [2762.0, 2542.0]}}, {"type": "Feature", "properties": {"province_id": 843, "name": "Jackson"}, "geometry": {"type": "Point", "coordinates": [2906.0, 2553.0]}}, {"type": "Feature", "properties": {"province_id": 844, "name": "Oxford"}, "geometry": {"type": "Point", "coordinates": [2951.0, 2437.0]}}, {"type": "Feature", "properties": {"province_id": 845, "name": "Hattiesburg"}, "geometry": {"type": "Point", "coordinates": [2939.0, 2616.0]}}, {"type": "Feature", "properties": {"province_id": 846, "name": "Huntsville (AL)"}, "geometry": {"type": "Point", "coordinates": [3060.0, 2427.0]}}, {"type": "Feature", "properties": {"province_id": 847, "name": "Birmingham (AL)"}, "geometry": {"type": "Point", "coordinates": [3040.0, 2486.0]}}, {"type": "Feature", "properties": {"province_id": 848, "name": "Montgomery"}, "geometry": {"type": "Point", "coordinates": [3055.0, 2557.0]}}, {"type": "Feature", "properties": {"province_id": 849, "name": "Meridian"}, "geometry": {"type": "Point", "coordinates": [2971.0, 2553.0]}}, {"type": "Feature", "properties": {"province_id": 850, "name": "Athens (GA)"}, "geometry": {"type": "Point", "coordinates": [3257.0, 2448.0]}}, {"type": "Feature", "properties": {"province_id": 851, "name": "Marietta"}, "geometry": {"type": "Point", "coordinates": [3198.0, 2435.0]}}, {"type": "Feature", "properties": {"province_id": 852, "name": "Macon"}, "geometry": {"type": "Point", "coordinates": [3260.0, 2529.0]}}, {"type": "Feature", "properties": {"province_id": 853, "name": "Savannah"}, "geometry": {"type": "Point", "coordinates": [3354.0, 2562.0]}}, {"type": "Feature", "properties": {"province_id": 854, "name": "Columbus (GA)"}, "geometry": {"type": "Point", "coordinates": [3173.0, 2529.0]}}, {"type": "Feature", "properties": {"province_id": 855, "name": "Dothan"}, "geometry": {"type": "Point", "coordinates": [3121.0, 2588.0]}}, {"type": "Feature", "properties": {"province_id": 856, "name": "Tallahassee"}, "geometry": {"type": "Point", "coordinates": [3199.0, 2646.0]}}, {"type": "Feature", "properties": {"province_id": 857, "name": "Fredericton"}, "geometry": {"type": "Point", "coordinates": [4093.0, 1675.0]}}, {"type": "Feature", "properties": {"province_id": 858, "name": "Moncton"}, "geometry": {"type": "Point", "coordinates": [4191.0, 1639.0]}}, {"type": "Feature", "properties": {"province_id": 859, "name": "Yarmouth"}, "geometry": {"type": "Point", "coordinates": [4147.0, 1792.0]}}, {"type": "Feature", "properties": {"province_id": 860, "name": "New Glasgow"}, "geometry": {"type": "Point", "coordinates": [4326.0, 1691.0]}}, {"type": "Feature", "properties": {"province_id": 861, "name": "Valdosta"}, "geometry": {"type": "Point", "coordinates": [3283.0, 2618.0]}}, {"type": "Feature", "properties": {"province_id": 862, "name": "Albany (GA)"}, "geometry": {"type": "Point", "coordinates": [3218.0, 2570.0]}}, {"type": "Feature", "properties": {"province_id": 863, "name": "Gainesville"}, "geometry": {"type": "Point", "coordinates": [3322.0, 2687.0]}}, {"type": "Feature", "properties": {"province_id": 864, "name": "Orlando"}, "geometry": {"type": "Point", "coordinates": [3365.0, 2765.0]}}, {"type": "Feature", "properties": {"province_id": 865, "name": "Tampa"}, "geometry": {"type": "Point", "coordinates": [3311.0, 2785.0]}}, {"type": "Feature", "properties": {"province_id": 866, "name": "Fort Myers"}, "geometry": {"type": "Point", "coordinates": [3350.0, 2873.0]}}, {"type": "Feature", "properties": {"province_id": 867, "name": "Mobile"}, "geometry": {"type": "Point", "coordinates": [3011.0, 2623.0]}}, {"type": "Feature", "properties": {"province_id": 868, "name": "Panama City"}, "geometry": {"type": "Point", "coordinates": [3131.0, 2637.0]}}, {"type": "Feature", "properties": {"province_id": 869, "name": "Tijuana"}, "geometry": {"type": "Point", "coordinates": [1582.0, 2548.0]}}, {"type": "Feature", "properties": {"province_id": 870, "name": "Ensenada"}, "geometry": {"type": "Point", "coordinates": [1597.0, 2593.0]}}, {"type": "Feature", "properties": {"province_id": 871, "name": "La Suerte"}, "geometry": {"type": "Point", "coordinates": [1643.0, 2649.0]}}, {"type": "Feature", "properties": {"province_id": 872, "name": "San Ignacio"}, "geometry": {"type": "Point", "coordinates": [1765.0, 2842.0]}}, {"type": "Feature", "properties": {"province_id": 873, "name": "Punta Prieta"}, "geometry": {"type": "Point", "coordinates": [1684.0, 2720.0]}}, {"type": "Feature", "properties": {"province_id": 874, "name": "La Paz (MX)"}, "geometry": {"type": "Point", "coordinates": [1902.0, 3027.0]}}, {"type": "Feature", "properties": {"province_id": 875, "name": "Loreto"}, "geometry": {"type": "Point", "coordinates": [1833.0, 2900.0]}}, {"type": "Feature", "properties": {"province_id": 876, "name": "Chihuahua"}, "geometry": {"type": "Point", "coordinates": [2100.0, 2707.0]}}, {"type": "Feature", "properties": {"province_id": 877, "name": "Hermosillo"}, "geometry": {"type": "Point", "coordinates": [1890.0, 2704.0]}}, {"type": "Feature", "properties": {"province_id": 878, "name": "Monterey"}, "geometry": {"type": "Point", "coordinates": [2343.0, 2897.0]}}, {"type": "Feature", "properties": {"province_id": 879, "name": "Mazatlan"}, "geometry": {"type": "Point", "coordinates": [2037.0, 3056.0]}}, {"type": "Feature", "properties": {"province_id": 880, "name": "Mérida"}, "geometry": {"type": "Point", "coordinates": [2821.0, 3186.0]}}, {"type": "Feature", "properties": {"province_id": 881, "name": "Veracruz"}, "geometry": {"type": "Point", "coordinates": [2520.0, 3322.0]}}, {"type": "Feature", "properties": {"province_id": 882, "name": "Mexico City"}, "geometry": {"type": "Point", "coordinates": [2390.0, 3276.0]}}, {"type": "Feature", "properties": {"province_id": 883, "name": "Acapulco"}, "geometry": {"type": "Point", "coordinates": [2360.0, 3422.0]}}, {"type": "Feature", "properties": {"province_id": 884, "name": "Tepic"}, "geometry": {"type": "Point", "coordinates": [2098.0, 3157.0]}}, {"type": "Feature", "properties": {"province_id": 885, "name": "San Luis Potosi"}, "geometry": {"type": "Point", "coordinates": [2255.0, 3092.0]}}, {"type": "Feature", "properties": {"province_id": 886, "name": "Tampico"}, "geometry": {"type": "Point", "coordinates": [2390.0, 3089.0]}}, {"type": "Feature", "properties": {"province_id": 887, "name": "Puerto Vallarta"}, "geometry": {"type": "Point", "coordinates": [2087.0, 3225.0]}}, {"type": "Feature", "properties": {"province_id": 888, "name": "Guadalajara"}, "geometry": {"type": "Point", "coordinates": [2197.0, 3207.0]}}, {"type": "Feature", "properties": {"province_id": 889, "name": "Irapuato"}, "geometry": {"type": "Point", "coordinates": [2272.0, 3186.0]}}, {"type": "Feature", "properties": {"province_id": 890, "name": "Poza Rica"}, "geometry": {"type": "Point", "coordinates": [2418.0, 3192.0]}}, {"type": "Feature", "properties": {"province_id": 891, "name": "Xalapa Enríquez"}, "geometry": {"type": "Point", "coordinates": [2465.0, 3272.0]}}, {"type": "Feature", "properties": {"province_id": 892, "name": "Escárcega"}, "geometry": {"type": "Point", "coordinates": [2766.0, 3352.0]}}, {"type": "Feature", "properties": {"province_id": 893, "name": "Chilpancingo"}, "geometry": {"type": "Point", "coordinates": [2374.0, 3368.0]}}, {"type": "Feature", "properties": {"province_id": 894, "name": "San Juan del Río"}, "geometry": {"type": "Point", "coordinates": [2334.0, 3196.0]}}, {"type": "Feature", "properties": {"province_id": 895, "name": "Morelia"}, "geometry": {"type": "Point", "coordinates": [2269.0, 3274.0]}}, {"type": "Feature", "properties": {"province_id": 896, "name": "Colima"}, "geometry": {"type": "Point", "coordinates": [2187.0, 3316.0]}}, {"type": "Feature", "properties": {"province_id": 897, "name": "Petatlán"}, "geometry": {"type": "Point", "coordinates": [2287.0, 3383.0]}}, {"type": "Feature", "properties": {"province_id": 898, "name": "San Marcos"}, "geometry": {"type": "Point", "coordinates": [2403.0, 3426.0]}}, {"type": "Feature", "properties": {"province_id": 899, "name": "Córdoba (MX)"}, "geometry": {"type": "Point", "coordinates": [2471.0, 3339.0]}}, {"type": "Feature", "properties": {"province_id": 900, "name": "Oaxaca"}, "geometry": {"type": "Point", "coordinates": [2486.0, 3430.0]}}, {"type": "Feature", "properties": {"province_id": 901, "name": "Villahermosa"}, "geometry": {"type": "Point", "coordinates": [2653.0, 3365.0]}}, {"type": "Feature", "properties": {"province_id": 902, "name": "Coatzacoalcos"}, "geometry": {"type": "Point", "coordinates": [2575.0, 3358.0]}}, {"type": "Feature", "properties": {"province_id": 903, "name": "Tuxtepec"}, "geometry": {"type": "Point", "coordinates": [2533.0, 3390.0]}}, {"type": "Feature", "properties": {"province_id": 904, "name": "Tuxtla Gutiérrez"}, "geometry": {"type": "Point", "coordinates": [2627.0, 3484.0]}}, {"type": "Feature", "properties": {"province_id": 905, "name": "Palenque"}, "geometry": {"type": "Point", "coordinates": [2694.0, 3416.0]}}, {"type": "Feature", "properties": {"province_id": 906, "name": "Campeche"}, "geometry": {"type": "Point", "coordinates": [2780.0, 3251.0]}}, {"type": "Feature", "properties": {"province_id": 907, "name": "Cancún"}, "geometry": {"type": "Point", "coordinates": [2929.0, 3175.0]}}, {"type": "Feature", "properties": {"province_id": 908, "name": "Valladolid (MX)"}, "geometry": {"type": "Point", "coordinates": [2871.0, 3211.0]}}, {"type": "Feature", "properties": {"province_id": 909, "name": "Chetumal"}, "geometry": {"type": "Point", "coordinates": [2850.0, 3337.0]}}, {"type": "Feature", "properties": {"province_id": 910, "name": "Elfin Cove"}, "geometry": {"type": "Point", "coordinates": [1012.0, 1034.0]}}, {"type": "Feature", "properties": {"province_id": 911, "name": "Benito Juárez"}, "geometry": {"type": "Point", "coordinates": [2059.0, 2653.0]}}, {"type": "Feature", "properties": {"province_id": 912, "name": "Caborca"}, "geometry": {"type": "Point", "coordinates": [1791.0, 2620.0]}}, {"type": "Feature", "properties": {"province_id": 913, "name": "Navojoa"}, "geometry": {"type": "Point", "coordinates": [1896.0, 2824.0]}}, {"type": "Feature", "properties": {"province_id": 914, "name": "Los Mochis"}, "geometry": {"type": "Point", "coordinates": [1935.0, 2915.0]}}, {"type": "Feature", "properties": {"province_id": 915, "name": "Culiacán Rosales"}, "geometry": {"type": "Point", "coordinates": [1993.0, 2977.0]}}, {"type": "Feature", "properties": {"province_id": 916, "name": "Delicias"}, "geometry": {"type": "Point", "coordinates": [2126.0, 2746.0]}}, {"type": "Feature", "properties": {"province_id": 917, "name": "Ures"}, "geometry": {"type": "Point", "coordinates": [1918.0, 2668.0]}}, {"type": "Feature", "properties": {"province_id": 918, "name": "Ciudad Cuauhtémoc"}, "geometry": {"type": "Point", "coordinates": [2057.0, 2724.0]}}, {"type": "Feature", "properties": {"province_id": 919, "name": "Creel"}, "geometry": {"type": "Point", "coordinates": [1983.0, 2778.0]}}, {"type": "Feature", "properties": {"province_id": 920, "name": "Piedras Negras"}, "geometry": {"type": "Point", "coordinates": [2297.0, 2698.0]}}, {"type": "Feature", "properties": {"province_id": 921, "name": "Monclova"}, "geometry": {"type": "Point", "coordinates": [2275.0, 2809.0]}}, {"type": "Feature", "properties": {"province_id": 922, "name": "Reynosa"}, "geometry": {"type": "Point", "coordinates": [2392.0, 2889.0]}}, {"type": "Feature", "properties": {"province_id": 923, "name": "Ciudad Victoria"}, "geometry": {"type": "Point", "coordinates": [2373.0, 2978.0]}}, {"type": "Feature", "properties": {"province_id": 924, "name": "Saltillo"}, "geometry": {"type": "Point", "coordinates": [2289.0, 2907.0]}}, {"type": "Feature", "properties": {"province_id": 925, "name": "Matehuala"}, "geometry": {"type": "Point", "coordinates": [2291.0, 2980.0]}}, {"type": "Feature", "properties": {"province_id": 926, "name": "Fresnillo"}, "geometry": {"type": "Point", "coordinates": [2190.0, 2996.0]}}, {"type": "Feature", "properties": {"province_id": 927, "name": "Torreón"}, "geometry": {"type": "Point", "coordinates": [2181.0, 2908.0]}}, {"type": "Feature", "properties": {"province_id": 928, "name": "Durango"}, "geometry": {"type": "Point", "coordinates": [2098.0, 3012.0]}}, {"type": "Feature", "properties": {"province_id": 929, "name": "Hidalgo del Parral"}, "geometry": {"type": "Point", "coordinates": [2094.0, 2811.0]}}, {"type": "Feature", "properties": {"province_id": 930, "name": "El Hundido"}, "geometry": {"type": "Point", "coordinates": [2223.0, 2831.0]}}, {"type": "Feature", "properties": {"province_id": 931, "name": "Rodeo"}, "geometry": {"type": "Point", "coordinates": [2101.0, 2918.0]}}, {"type": "Feature", "properties": {"province_id": 932, "name": "Belize City"}, "geometry": {"type": "Point", "coordinates": [2811.0, 3464.0]}}, {"type": "Feature", "properties": {"province_id": 933, "name": "Belmopan"}, "geometry": {"type": "Point", "coordinates": [2774.0, 3477.0]}}, {"type": "Feature", "properties": {"province_id": 934, "name": "Guatemala"}, "geometry": {"type": "Point", "coordinates": [2733.0, 3585.0]}}, {"type": "Feature", "properties": {"province_id": 935, "name": "San Pedro Sula"}, "geometry": {"type": "Point", "coordinates": [2835.0, 3539.0]}}, {"type": "Feature", "properties": {"province_id": 936, "name": "San Miguel"}, "geometry": {"type": "Point", "coordinates": [2798.0, 3620.0]}}, {"type": "Feature", "properties": {"province_id": 937, "name": "San Jose"}, "geometry": {"type": "Point", "coordinates": [2920.0, 3787.0]}}, {"type": "Feature", "properties": {"province_id": 938, "name": "Managua"}, "geometry": {"type": "Point", "coordinates": [2876.0, 3699.0]}}, {"type": "Feature", "properties": {"province_id": 939, "name": "Tegucigalpa"}, "geometry": {"type": "Point", "coordinates": [2874.0, 3601.0]}}, {"type": "Feature", "properties": {"province_id": 940, "name": "La Palma"}, "geometry": {"type": "Point", "coordinates": [3101.0, 3846.0]}}, {"type": "Feature", "properties": {"province_id": 941, "name": "David"}, "geometry": {"type": "Point", "coordinates": [2965.0, 3848.0]}}, {"type": "Feature", "properties": {"province_id": 942, "name": "Havanna"}, "geometry": {"type": "Point", "coordinates": [3359.0, 3068.0]}}, {"type": "Feature", "properties": {"province_id": 943, "name": "Pinar del Río"}, "geometry": {"type": "Point", "coordinates": [3299.0, 3088.0]}}, {"type": "Feature", "properties": {"province_id": 944, "name": "Cienfuegos"}, "geometry": {"type": "Point", "coordinates": [3440.0, 3101.0]}}, {"type": "Feature", "properties": {"province_id": 945, "name": "Camagüey"}, "geometry": {"type": "Point", "coordinates": [3554.0, 3162.0]}}, {"type": "Feature", "properties": {"province_id": 946, "name": "Santa Clara"}, "geometry": {"type": "Point", "coordinates": [3458.0, 3088.0]}}, {"type": "Feature", "properties": {"province_id": 947, "name": "Santiago d. C."}, "geometry": {"type": "Point", "coordinates": [3602.0, 3205.0]}}, {"type": "Feature", "properties": {"province_id": 948, "name": "Rio Branco"}, "geometry": {"type": "Point", "coordinates": [3569.0, 4564.0]}}, {"type": "Feature", "properties": {"province_id": 949, "name": "Guantánamo"}, "geometry": {"type": "Point", "coordinates": [3632.0, 3202.0]}}, {"type": "Feature", "properties": {"province_id": 950, "name": "Bayamo"}, "geometry": {"type": "Point", "coordinates": [3581.0, 3183.0]}}, {"type": "Feature", "properties": {"province_id": 951, "name": "Santo Domingo"}, "geometry": {"type": "Point", "coordinates": [3871.0, 3290.0]}}, {"type": "Feature", "properties": {"province_id": 952, "name": "Higüey"}, "geometry": {"type": "Point", "coordinates": [3908.0, 3287.0]}}, {"type": "Feature", "properties": {"province_id": 953, "name": "Azua"}, "geometry": {"type": "Point", "coordinates": [3827.0, 3290.0]}}, {"type": "Feature", "properties": {"province_id": 954, "name": "Port-au-Prince"}, "geometry": {"type": "Point", "coordinates": [3770.0, 3298.0]}}, {"type": "Feature", "properties": {"province_id": 955, "name": "San Juan"}, "geometry": {"type": "Point", "coordinates": [4020.0, 3309.0]}}, {"type": "Feature", "properties": {"province_id": 956, "name": "Kingston"}, "geometry": {"type": "Point", "coordinates": [3585.0, 3308.0]}}, {"type": "Feature", "properties": {"province_id": 957, "name": "Montego Bay"}, "geometry": {"type": "Point", "coordinates": [3534.0, 3293.0]}}, {"type": "Feature", "properties": {"province_id": 958, "name": "Bogota"}, "geometry": {"type": "Point", "coordinates": [3247.0, 3965.0]}}, {"type": "Feature", "properties": {"province_id": 959, "name": "Barranquilla"}, "geometry": {"type": "Point", "coordinates": [3254.0, 3673.0]}}, {"type": "Feature", "properties": {"province_id": 960, "name": "Medellín"}, "geometry": {"type": "Point", "coordinates": [3179.0, 3885.0]}}, {"type": "Feature", "properties": {"province_id": 961, "name": "Pasto"}, "geometry": {"type": "Point", "coordinates": [3136.0, 4076.0]}}, {"type": "Feature", "properties": {"province_id": 962, "name": "La Pedrera"}, "geometry": {"type": "Point", "coordinates": [3478.0, 4173.0]}}, {"type": "Feature", "properties": {"province_id": 963, "name": "Pacoa"}, "geometry": {"type": "Point", "coordinates": [3409.0, 4135.0]}}, {"type": "Feature", "properties": {"province_id": 964, "name": "Mitú"}, "geometry": {"type": "Point", "coordinates": [3445.0, 4059.0]}}, {"type": "Feature", "properties": {"province_id": 965, "name": "Puerto Iñírida"}, "geometry": {"type": "Point", "coordinates": [3571.0, 4016.0]}}, {"type": "Feature", "properties": {"province_id": 966, "name": "La Primavera"}, "geometry": {"type": "Point", "coordinates": [3452.0, 3895.0]}}, {"type": "Feature", "properties": {"province_id": 967, "name": "Valledupar"}, "geometry": {"type": "Point", "coordinates": [3305.0, 3696.0]}}, {"type": "Feature", "properties": {"province_id": 968, "name": "Manizales"}, "geometry": {"type": "Point", "coordinates": [3178.0, 3918.0]}}, {"type": "Feature", "properties": {"province_id": 969, "name": "Cali"}, "geometry": {"type": "Point", "coordinates": [3164.0, 4002.0]}}, {"type": "Feature", "properties": {"province_id": 970, "name": "Tumaco"}, "geometry": {"type": "Point", "coordinates": [3081.0, 4069.0]}}, {"type": "Feature", "properties": {"province_id": 971, "name": "Florencia"}, "geometry": {"type": "Point", "coordinates": [3193.0, 4073.0]}}, {"type": "Feature", "properties": {"province_id": 972, "name": "Puerto Leguizamo"}, "geometry": {"type": "Point", "coordinates": [3281.0, 4141.0]}}, {"type": "Feature", "properties": {"province_id": 973, "name": "Neiva"}, "geometry": {"type": "Point", "coordinates": [3218.0, 4015.0]}}, {"type": "Feature", "properties": {"province_id": 974, "name": "Tunja"}, "geometry": {"type": "Point", "coordinates": [3268.0, 3917.0]}}, {"type": "Feature", "properties": {"province_id": 975, "name": "San José del Guaviare"}, "geometry": {"type": "Point", "coordinates": [3339.0, 4033.0]}}, {"type": "Feature", "properties": {"province_id": 976, "name": "Montería"}, "geometry": {"type": "Point", "coordinates": [3212.0, 3755.0]}}, {"type": "Feature", "properties": {"province_id": 977, "name": "Bucaramanga"}, "geometry": {"type": "Point", "coordinates": [3306.0, 3797.0]}}, {"type": "Feature", "properties": {"province_id": 978, "name": "Turbo"}, "geometry": {"type": "Point", "coordinates": [3150.0, 3838.0]}}, {"type": "Feature", "properties": {"province_id": 979, "name": "Puerto Berrio"}, "geometry": {"type": "Point", "coordinates": [3234.0, 3859.0]}}, {"type": "Feature", "properties": {"province_id": 980, "name": "Yopal"}, "geometry": {"type": "Point", "coordinates": [3341.0, 3947.0]}}, {"type": "Feature", "properties": {"province_id": 981, "name": "Espinar"}, "geometry": {"type": "Point", "coordinates": [3365.0, 4719.0]}}, {"type": "Feature", "properties": {"province_id": 982, "name": "Cumaribo"}, "geometry": {"type": "Point", "coordinates": [3488.0, 3946.0]}}, {"type": "Feature", "properties": {"province_id": 983, "name": "Boavita"}, "geometry": {"type": "Point", "coordinates": [3326.0, 3878.0]}}, {"type": "Feature", "properties": {"province_id": 984, "name": "Quito"}, "geometry": {"type": "Point", "coordinates": [3081.0, 4142.0]}}, {"type": "Feature", "properties": {"province_id": 985, "name": "Nueva Loja"}, "geometry": {"type": "Point", "coordinates": [3149.0, 4157.0]}}, {"type": "Feature", "properties": {"province_id": 986, "name": "Guayaquil"}, "geometry": {"type": "Point", "coordinates": [3029.0, 4246.0]}}, {"type": "Feature", "properties": {"province_id": 987, "name": "Manta"}, "geometry": {"type": "Point", "coordinates": [2997.0, 4202.0]}}, {"type": "Feature", "properties": {"province_id": 988, "name": "Ambato"}, "geometry": {"type": "Point", "coordinates": [3081.0, 4197.0]}}, {"type": "Feature", "properties": {"province_id": 989, "name": "Esmeraldas"}, "geometry": {"type": "Point", "coordinates": [3040.0, 4121.0]}}, {"type": "Feature", "properties": {"province_id": 990, "name": "Cuenca (EC)"}, "geometry": {"type": "Point", "coordinates": [3069.0, 4301.0]}}, {"type": "Feature", "properties": {"province_id": 991, "name": "Lononaco"}, "geometry": {"type": "Point", "coordinates": [3222.0, 4182.0]}}, {"type": "Feature", "properties": {"province_id": 992, "name": "Puerto Pardo"}, "geometry": {"type": "Point", "coordinates": [3140.0, 4295.0]}}, {"type": "Feature", "properties": {"province_id": 993, "name": "Boca"}, "geometry": {"type": "Point", "coordinates": [3290.0, 4221.0]}}, {"type": "Feature", "properties": {"province_id": 994, "name": "Merritt"}, "geometry": {"type": "Point", "coordinates": [1348.0, 1381.0]}}, {"type": "Feature", "properties": {"province_id": 995, "name": "Carcross"}, "geometry": {"type": "Point", "coordinates": [1123.0, 895.0]}}, {"type": "Feature", "properties": {"province_id": 996, "name": "Tarapoto"}, "geometry": {"type": "Point", "coordinates": [3221.0, 4418.0]}}, {"type": "Feature", "properties": {"province_id": 997, "name": "Lima"}, "geometry": {"type": "Point", "coordinates": [3163.0, 4632.0]}}, {"type": "Feature", "properties": {"province_id": 998, "name": "Piura"}, "geometry": {"type": "Point", "coordinates": [3005.0, 4392.0]}}, {"type": "Feature", "properties": {"province_id": 999, "name": "Chiclayo"}, "geometry": {"type": "Point", "coordinates": [3062.0, 4441.0]}}, {"type": "Feature", "properties": {"province_id": 1000, "name": "Trujillo"}, "geometry": {"type": "Point", "coordinates": [3101.0, 4525.0]}}, {"type": "Feature", "properties": {"province_id": 1001, "name": "Chincha Alta"}, "geometry": {"type": "Point", "coordinates": [3221.0, 4698.0]}}, {"type": "Feature", "properties": {"province_id": 1002, "name": "Tacna"}, "geometry": {"type": "Point", "coordinates": [3454.0, 4838.0]}}, {"type": "Feature", "properties": {"province_id": 1003, "name": "Arequipa"}, "geometry": {"type": "Point", "coordinates": [3375.0, 4772.0]}}, {"type": "Feature", "properties": {"province_id": 1004, "name": "Puno"}, "geometry": {"type": "Point", "coordinates": [3473.0, 4754.0]}}, {"type": "Feature", "properties": {"province_id": 1005, "name": "P. Maldonado"}, "geometry": {"type": "Point", "coordinates": [3476.0, 4668.0]}}, {"type": "Feature", "properties": {"province_id": 1006, "name": "Cusco"}, "geometry": {"type": "Point", "coordinates": [3348.0, 4681.0]}}, {"type": "Feature", "properties": {"province_id": 1007, "name": "Ayacucho"}, "geometry": {"type": "Point", "coordinates": [3299.0, 4653.0]}}, {"type": "Feature", "properties": {"province_id": 1008, "name": "Huancayo"}, "geometry": {"type": "Point", "coordinates": [3250.0, 4620.0]}}, {"type": "Feature", "properties": {"province_id": 1009, "name": "Alerta"}, "geometry": {"type": "Point", "coordinates": [3378.0, 4595.0]}}, {"type": "Feature", "properties": {"province_id": 1010, "name": "Tocache"}, "geometry": {"type": "Point", "coordinates": [3222.0, 4513.0]}}, {"type": "Feature", "properties": {"province_id": 1011, "name": "Jaén (PE)"}, "geometry": {"type": "Point", "coordinates": [3116.0, 4386.0]}}, {"type": "Feature", "properties": {"province_id": 1012, "name": "Lagunas"}, "geometry": {"type": "Point", "coordinates": [3240.0, 4334.0]}}, {"type": "Feature", "properties": {"province_id": 1013, "name": "Nauta"}, "geometry": {"type": "Point", "coordinates": [3292.0, 4414.0]}}, {"type": "Feature", "properties": {"province_id": 1014, "name": "Pucallpa"}, "geometry": {"type": "Point", "coordinates": [3283.0, 4515.0]}}, {"type": "Feature", "properties": {"province_id": 1015, "name": "Pebas"}, "geometry": {"type": "Point", "coordinates": [3404.0, 4275.0]}}, {"type": "Feature", "properties": {"province_id": 1016, "name": "Nasca"}, "geometry": {"type": "Point", "coordinates": [3286.0, 4748.0]}}, {"type": "Feature", "properties": {"province_id": 1017, "name": "Maracaibo"}, "geometry": {"type": "Point", "coordinates": [3393.0, 3679.0]}}, {"type": "Feature", "properties": {"province_id": 1018, "name": "Valera"}, "geometry": {"type": "Point", "coordinates": [3432.0, 3742.0]}}, {"type": "Feature", "properties": {"province_id": 1019, "name": "San Cristóbal"}, "geometry": {"type": "Point", "coordinates": [3374.0, 3768.0]}}, {"type": "Feature", "properties": {"province_id": 1020, "name": "Barquisimeto"}, "geometry": {"type": "Point", "coordinates": [3499.0, 3692.0]}}, {"type": "Feature", "properties": {"province_id": 1021, "name": "Valencia (VE)"}, "geometry": {"type": "Point", "coordinates": [3564.0, 3697.0]}}, {"type": "Feature", "properties": {"province_id": 1022, "name": "Caracas"}, "geometry": {"type": "Point", "coordinates": [3622.0, 3684.0]}}, {"type": "Feature", "properties": {"province_id": 1023, "name": "Cumaná"}, "geometry": {"type": "Point", "coordinates": [3731.0, 3697.0]}}, {"type": "Feature", "properties": {"province_id": 1024, "name": "Maturín"}, "geometry": {"type": "Point", "coordinates": [3796.0, 3721.0]}}, {"type": "Feature", "properties": {"province_id": 1025, "name": "Ciudad Bolívar"}, "geometry": {"type": "Point", "coordinates": [3835.0, 3788.0]}}, {"type": "Feature", "properties": {"province_id": 1026, "name": "Calabozo"}, "geometry": {"type": "Point", "coordinates": [3599.0, 3770.0]}}, {"type": "Feature", "properties": {"province_id": 1027, "name": "Canaima"}, "geometry": {"type": "Point", "coordinates": [3823.0, 3844.0]}}, {"type": "Feature", "properties": {"province_id": 1028, "name": "Urimán"}, "geometry": {"type": "Point", "coordinates": [3831.0, 3925.0]}}, {"type": "Feature", "properties": {"province_id": 1029, "name": "Firiña"}, "geometry": {"type": "Point", "coordinates": [3706.0, 3904.0]}}, {"type": "Feature", "properties": {"province_id": 1030, "name": "Zaraza"}, "geometry": {"type": "Point", "coordinates": [3677.0, 3751.0]}}, {"type": "Feature", "properties": {"province_id": 1031, "name": "Guarataro"}, "geometry": {"type": "Point", "coordinates": [3755.0, 3794.0]}}, {"type": "Feature", "properties": {"province_id": 1032, "name": "San Juan de Manapiare"}, "geometry": {"type": "Point", "coordinates": [3614.0, 3903.0]}}, {"type": "Feature", "properties": {"province_id": 1033, "name": "Tamatama"}, "geometry": {"type": "Point", "coordinates": [3646.0, 3992.0]}}, {"type": "Feature", "properties": {"province_id": 1034, "name": "La Esmeralda"}, "geometry": {"type": "Point", "coordinates": [3671.0, 3996.0]}}, {"type": "Feature", "properties": {"province_id": 1035, "name": "Bruno"}, "geometry": {"type": "Point", "coordinates": [3641.0, 4032.0]}}, {"type": "Feature", "properties": {"province_id": 1036, "name": "Machiques"}, "geometry": {"type": "Point", "coordinates": [3357.0, 3701.0]}}, {"type": "Feature", "properties": {"province_id": 1037, "name": "Barinas"}, "geometry": {"type": "Point", "coordinates": [3465.0, 3761.0]}}, {"type": "Feature", "properties": {"province_id": 1038, "name": "Arismendi"}, "geometry": {"type": "Point", "coordinates": [3560.0, 3785.0]}}, {"type": "Feature", "properties": {"province_id": 1039, "name": "Elorza"}, "geometry": {"type": "Point", "coordinates": [3499.0, 3814.0]}}, {"type": "Feature", "properties": {"province_id": 1040, "name": "Maripa"}, "geometry": {"type": "Point", "coordinates": [3679.0, 3810.0]}}, {"type": "Feature", "properties": {"province_id": 1041, "name": "Parguaza"}, "geometry": {"type": "Point", "coordinates": [3600.0, 3852.0]}}, {"type": "Feature", "properties": {"province_id": 1042, "name": "Paramaribo"}, "geometry": {"type": "Point", "coordinates": [4137.0, 3891.0]}}, {"type": "Feature", "properties": {"province_id": 1043, "name": "Georgetown"}, "geometry": {"type": "Point", "coordinates": [4002.0, 3848.0]}}, {"type": "Feature", "properties": {"province_id": 1044, "name": "Cayenne"}, "geometry": {"type": "Point", "coordinates": [4240.0, 3909.0]}}, {"type": "Feature", "properties": {"province_id": 1045, "name": "Bienvenue"}, "geometry": {"type": "Point", "coordinates": [4239.0, 4005.0]}}, {"type": "Feature", "properties": {"province_id": 1046, "name": "Lelydorp"}, "geometry": {"type": "Point", "coordinates": [4134.0, 3920.0]}}, {"type": "Feature", "properties": {"province_id": 1047, "name": "Apetina"}, "geometry": {"type": "Point", "coordinates": [4155.0, 3991.0]}}, {"type": "Feature", "properties": {"province_id": 1048, "name": "Kwakwani"}, "geometry": {"type": "Point", "coordinates": [4036.0, 3924.0]}}, {"type": "Feature", "properties": {"province_id": 1049, "name": "Kumaka"}, "geometry": {"type": "Point", "coordinates": [4017.0, 3972.0]}}, {"type": "Feature", "properties": {"province_id": 1050, "name": "Baramita"}, "geometry": {"type": "Point", "coordinates": [3909.0, 3858.0]}}, {"type": "Feature", "properties": {"province_id": 1051, "name": "Dadanawa"}, "geometry": {"type": "Point", "coordinates": [3975.0, 4013.0]}}, {"type": "Feature", "properties": {"province_id": 1052, "name": "Nuuk"}, "geometry": {"type": "Point", "coordinates": [4775.0, 856.0]}}, {"type": "Feature", "properties": {"province_id": 1053, "name": "Nicholls Town"}, "geometry": {"type": "Point", "coordinates": [3490.0, 2970.0]}}, {"type": "Feature", "properties": {"province_id": 1054, "name": "Congo Town"}, "geometry": {"type": "Point", "coordinates": [3515.0, 2990.0]}}, {"type": "Feature", "properties": {"province_id": 1055, "name": "Nueva Gerona"}, "geometry": {"type": "Point", "coordinates": [3337.0, 3121.0]}}, {"type": "Feature", "properties": {"province_id": 1056, "name": "Nassau"}, "geometry": {"type": "Point", "coordinates": [3507.0, 2954.0]}}, {"type": "Feature", "properties": {"province_id": 1057, "name": "Hilo"}, "geometry": {"type": "Point", "coordinates": [817.0, 3281.0]}}, {"type": "Feature", "properties": {"province_id": 1058, "name": "Lahaina"}, "geometry": {"type": "Point", "coordinates": [763.0, 3192.0]}}, {"type": "Feature", "properties": {"province_id": 1059, "name": "Honululu"}, "geometry": {"type": "Point", "coordinates": [689.0, 3153.0]}}, {"type": "Feature", "properties": {"province_id": 1060, "name": "Lihue"}, "geometry": {"type": "Point", "coordinates": [614.0, 3108.0]}}, {"type": "Feature", "properties": {"province_id": 1061, "name": "Johnston Atoll"}, "geometry": {"type": "Point", "coordinates": [185.0, 3277.0]}}, {"type": "Feature", "properties": {"province_id": 1062, "name": "Sand Island"}, "geometry": {"type": "Point", "coordinates": [46.0, 2644.0]}}, {"type": "Feature", "properties": {"province_id": 1063, "name": "Eastern Island"}, "geometry": {"type": "Point", "coordinates": [91.0, 2642.0]}}, {"type": "Feature", "properties": {"province_id": 1064, "name": "La Paz"}, "geometry": {"type": "Point", "coordinates": [3543.0, 4799.0]}}, {"type": "Feature", "properties": {"province_id": 1065, "name": "Coarí"}, "geometry": {"type": "Point", "coordinates": [3560.0, 4087.0]}}, {"type": "Feature", "properties": {"province_id": 1066, "name": "Içana"}, "geometry": {"type": "Point", "coordinates": [3615.0, 4111.0]}}, {"type": "Feature", "properties": {"province_id": 1067, "name": "Taraquá"}, "geometry": {"type": "Point", "coordinates": [3540.0, 4127.0]}}, {"type": "Feature", "properties": {"province_id": 1068, "name": "Benjamin Constant"}, "geometry": {"type": "Point", "coordinates": [3476.0, 4346.0]}}, {"type": "Feature", "properties": {"province_id": 1069, "name": "Eirunepé"}, "geometry": {"type": "Point", "coordinates": [3419.0, 4444.0]}}, {"type": "Feature", "properties": {"province_id": 1070, "name": "Envira"}, "geometry": {"type": "Point", "coordinates": [3489.0, 4514.0]}}, {"type": "Feature", "properties": {"province_id": 1071, "name": "Jutaí"}, "geometry": {"type": "Point", "coordinates": [3577.0, 4353.0]}}, {"type": "Feature", "properties": {"province_id": 1072, "name": "Pauini"}, "geometry": {"type": "Point", "coordinates": [3595.0, 4451.0]}}, {"type": "Feature", "properties": {"province_id": 1073, "name": "Boca do Acre"}, "geometry": {"type": "Point", "coordinates": [3634.0, 4529.0]}}, {"type": "Feature", "properties": {"province_id": 1074, "name": "Concórdia"}, "geometry": {"type": "Point", "coordinates": [3653.0, 4305.0]}}, {"type": "Feature", "properties": {"province_id": 1075, "name": "São Paulo de Olivença"}, "geometry": {"type": "Point", "coordinates": [3537.0, 4239.0]}}, {"type": "Feature", "properties": {"province_id": 1076, "name": "Manaus"}, "geometry": {"type": "Point", "coordinates": [3913.0, 4264.0]}}, {"type": "Feature", "properties": {"province_id": 1077, "name": "Manicoré"}, "geometry": {"type": "Point", "coordinates": [3840.0, 4375.0]}}, {"type": "Feature", "properties": {"province_id": 1078, "name": "Itacoatiara"}, "geometry": {"type": "Point", "coordinates": [3976.0, 4286.0]}}, {"type": "Feature", "properties": {"province_id": 1079, "name": "Urucará"}, "geometry": {"type": "Point", "coordinates": [3976.0, 4203.0]}}, {"type": "Feature", "properties": {"province_id": 1080, "name": "Moura"}, "geometry": {"type": "Point", "coordinates": [3849.0, 4233.0]}}, {"type": "Feature", "properties": {"province_id": 1081, "name": "Barcelos"}, "geometry": {"type": "Point", "coordinates": [3767.0, 4166.0]}}, {"type": "Feature", "properties": {"province_id": 1082, "name": "Maraã"}, "geometry": {"type": "Point", "coordinates": [3675.0, 4199.0]}}, {"type": "Feature", "properties": {"province_id": 1083, "name": "Tefé"}, "geometry": {"type": "Point", "coordinates": [3728.0, 4286.0]}}, {"type": "Feature", "properties": {"province_id": 1084, "name": "Coari"}, "geometry": {"type": "Point", "coordinates": [3803.0, 4312.0]}}, {"type": "Feature", "properties": {"province_id": 1085, "name": "Borba"}, "geometry": {"type": "Point", "coordinates": [3914.0, 4319.0]}}, {"type": "Feature", "properties": {"province_id": 1086, "name": "Novo Aripuanã"}, "geometry": {"type": "Point", "coordinates": [3893.0, 4353.0]}}, {"type": "Feature", "properties": {"province_id": 1087, "name": "Humaitá"}, "geometry": {"type": "Point", "coordinates": [3802.0, 4485.0]}}, {"type": "Feature", "properties": {"province_id": 1088, "name": "Canutama"}, "geometry": {"type": "Point", "coordinates": [3764.0, 4427.0]}}, {"type": "Feature", "properties": {"province_id": 1089, "name": "Sumaúma"}, "geometry": {"type": "Point", "coordinates": [3936.0, 4499.0]}}, {"type": "Feature", "properties": {"province_id": 1090, "name": "Prainha"}, "geometry": {"type": "Point", "coordinates": [3885.0, 4429.0]}}, {"type": "Feature", "properties": {"province_id": 1091, "name": "Miriti"}, "geometry": {"type": "Point", "coordinates": [3972.0, 4394.0]}}, {"type": "Feature", "properties": {"province_id": 1092, "name": "Sucundurí"}, "geometry": {"type": "Point", "coordinates": [3949.0, 4433.0]}}, {"type": "Feature", "properties": {"province_id": 1093, "name": "Codajás"}, "geometry": {"type": "Point", "coordinates": [3777.0, 4243.0]}}, {"type": "Feature", "properties": {"province_id": 1094, "name": "Boa Vista"}, "geometry": {"type": "Point", "coordinates": [3935.0, 3959.0]}}, {"type": "Feature", "properties": {"province_id": 1095, "name": "Tomar"}, "geometry": {"type": "Point", "coordinates": [3717.0, 4154.0]}}, {"type": "Feature", "properties": {"province_id": 1096, "name": "Porto Velho"}, "geometry": {"type": "Point", "coordinates": [3758.0, 4548.0]}}, {"type": "Feature", "properties": {"province_id": 1097, "name": "Cujubim"}, "geometry": {"type": "Point", "coordinates": [3820.0, 4573.0]}}, {"type": "Feature", "properties": {"province_id": 1098, "name": "Jaru"}, "geometry": {"type": "Point", "coordinates": [3775.0, 4602.0]}}, {"type": "Feature", "properties": {"province_id": 1099, "name": "Cacoal"}, "geometry": {"type": "Point", "coordinates": [3840.0, 4645.0]}}, {"type": "Feature", "properties": {"province_id": 1100, "name": "São Francisco do Guaporé"}, "geometry": {"type": "Point", "coordinates": [3772.0, 4655.0]}}, {"type": "Feature", "properties": {"province_id": 1101, "name": "Abunã"}, "geometry": {"type": "Point", "coordinates": [3712.0, 4565.0]}}, {"type": "Feature", "properties": {"province_id": 1102, "name": "Caracaraí"}, "geometry": {"type": "Point", "coordinates": [3897.0, 4033.0]}}, {"type": "Feature", "properties": {"province_id": 1103, "name": "Macapá"}, "geometry": {"type": "Point", "coordinates": [4301.0, 4145.0]}}, {"type": "Feature", "properties": {"province_id": 1104, "name": "Belém"}, "geometry": {"type": "Point", "coordinates": [4427.0, 4245.0]}}, {"type": "Feature", "properties": {"province_id": 1105, "name": "Santarém"}, "geometry": {"type": "Point", "coordinates": [4158.0, 4255.0]}}, {"type": "Feature", "properties": {"province_id": 1106, "name": "Marabá"}, "geometry": {"type": "Point", "coordinates": [4364.0, 4384.0]}}, {"type": "Feature", "properties": {"province_id": 1107, "name": "Parauapebas"}, "geometry": {"type": "Point", "coordinates": [4316.0, 4442.0]}}, {"type": "Feature", "properties": {"province_id": 1108, "name": "Itaituba"}, "geometry": {"type": "Point", "coordinates": [4090.0, 4355.0]}}, {"type": "Feature", "properties": {"province_id": 1109, "name": "Matane"}, "geometry": {"type": "Point", "coordinates": [4109.0, 1447.0]}}, {"type": "Feature", "properties": {"province_id": 1110, "name": "Rivière-du-Loup"}, "geometry": {"type": "Point", "coordinates": [3971.0, 1529.0]}}, {"type": "Feature", "properties": {"province_id": 1111, "name": "Cap-Haïtien"}, "geometry": {"type": "Point", "coordinates": [3771.0, 3248.0]}}, {"type": "Feature", "properties": {"province_id": 1112, "name": "Lisboa"}, "geometry": {"type": "Point", "coordinates": [3220.0, 4261.0]}}, {"type": "Feature", "properties": {"province_id": 1113, "name": "Cajamarca"}, "geometry": {"type": "Point", "coordinates": [3134.0, 4466.0]}}, {"type": "Feature", "properties": {"province_id": 1114, "name": "Chimbote"}, "geometry": {"type": "Point", "coordinates": [3123.0, 4570.0]}}, {"type": "Feature", "properties": {"province_id": 1115, "name": "Shintuya"}, "geometry": {"type": "Point", "coordinates": [3386.0, 4654.0]}}, {"type": "Feature", "properties": {"province_id": 1116, "name": "Camaná"}, "geometry": {"type": "Point", "coordinates": [3331.0, 4804.0]}}, {"type": "Feature", "properties": {"province_id": 1117, "name": "São Luís"}, "geometry": {"type": "Point", "coordinates": [4646.0, 4269.0]}}, {"type": "Feature", "properties": {"province_id": 1118, "name": "Fortaleza"}, "geometry": {"type": "Point", "coordinates": [4889.0, 4332.0]}}, {"type": "Feature", "properties": {"province_id": 1119, "name": "Teresina"}, "geometry": {"type": "Point", "coordinates": [4696.0, 4388.0]}}, {"type": "Feature", "properties": {"province_id": 1120, "name": "Natal"}, "geometry": {"type": "Point", "coordinates": [5033.0, 4432.0]}}, {"type": "Feature", "properties": {"province_id": 1121, "name": "Pinheiro"}, "geometry": {"type": "Point", "coordinates": [4579.0, 4251.0]}}, {"type": "Feature", "properties": {"province_id": 1122, "name": "Imperatriz"}, "geometry": {"type": "Point", "coordinates": [4470.0, 4393.0]}}, {"type": "Feature", "properties": {"province_id": 1123, "name": "Balsas"}, "geometry": {"type": "Point", "coordinates": [4535.0, 4485.0]}}, {"type": "Feature", "properties": {"province_id": 1124, "name": "Corrente"}, "geometry": {"type": "Point", "coordinates": [4548.0, 4609.0]}}, {"type": "Feature", "properties": {"province_id": 1125, "name": "Floriano"}, "geometry": {"type": "Point", "coordinates": [4690.0, 4444.0]}}, {"type": "Feature", "properties": {"province_id": 1126, "name": "Canto do Buriti"}, "geometry": {"type": "Point", "coordinates": [4739.0, 4485.0]}}, {"type": "Feature", "properties": {"province_id": 1127, "name": "Uruçuí"}, "geometry": {"type": "Point", "coordinates": [4622.0, 4463.0]}}, {"type": "Feature", "properties": {"province_id": 1128, "name": "São Raimundo Nonato"}, "geometry": {"type": "Point", "coordinates": [4661.0, 4546.0]}}, {"type": "Feature", "properties": {"province_id": 1129, "name": "Barra do Corda"}, "geometry": {"type": "Point", "coordinates": [4613.0, 4391.0]}}, {"type": "Feature", "properties": {"province_id": 1130, "name": "Bacabal"}, "geometry": {"type": "Point", "coordinates": [4632.0, 4330.0]}}, {"type": "Feature", "properties": {"province_id": 1131, "name": "Grajaú"}, "geometry": {"type": "Point", "coordinates": [4532.0, 4406.0]}}, {"type": "Feature", "properties": {"province_id": 1132, "name": "Buriticupu"}, "geometry": {"type": "Point", "coordinates": [4521.0, 4320.0]}}, {"type": "Feature", "properties": {"province_id": 1133, "name": "Sobral"}, "geometry": {"type": "Point", "coordinates": [4806.0, 4327.0]}}, {"type": "Feature", "properties": {"province_id": 1134, "name": "Parnaíba"}, "geometry": {"type": "Point", "coordinates": [4728.0, 4284.0]}}, {"type": "Feature", "properties": {"province_id": 1135, "name": "Piripiri"}, "geometry": {"type": "Point", "coordinates": [4737.0, 4363.0]}}, {"type": "Feature", "properties": {"province_id": 1136, "name": "Maracanaú"}, "geometry": {"type": "Point", "coordinates": [4885.0, 4361.0]}}, {"type": "Feature", "properties": {"province_id": 1137, "name": "Mossoró"}, "geometry": {"type": "Point", "coordinates": [4967.0, 4413.0]}}, {"type": "Feature", "properties": {"province_id": 1138, "name": "Caicó"}, "geometry": {"type": "Point", "coordinates": [4963.0, 4472.0]}}, {"type": "Feature", "properties": {"province_id": 1139, "name": "Parnamirim"}, "geometry": {"type": "Point", "coordinates": [5031.0, 4466.0]}}, {"type": "Feature", "properties": {"province_id": 1140, "name": "Crateús"}, "geometry": {"type": "Point", "coordinates": [4806.0, 4397.0]}}, {"type": "Feature", "properties": {"province_id": 1141, "name": "Picos"}, "geometry": {"type": "Point", "coordinates": [4787.0, 4461.0]}}, {"type": "Feature", "properties": {"province_id": 1142, "name": "Iguatu"}, "geometry": {"type": "Point", "coordinates": [4872.0, 4446.0]}}, {"type": "Feature", "properties": {"province_id": 1143, "name": "Juazeiro d. N."}, "geometry": {"type": "Point", "coordinates": [4872.0, 4498.0]}}, {"type": "Feature", "properties": {"province_id": 1144, "name": "Morros"}, "geometry": {"type": "Point", "coordinates": [4503.0, 4582.0]}}, {"type": "Feature", "properties": {"province_id": 1145, "name": "Araguaína"}, "geometry": {"type": "Point", "coordinates": [4395.0, 4476.0]}}, {"type": "Feature", "properties": {"province_id": 1146, "name": "Miracema"}, "geometry": {"type": "Point", "coordinates": [4392.0, 4607.0]}}, {"type": "Feature", "properties": {"province_id": 1147, "name": "Alvorada"}, "geometry": {"type": "Point", "coordinates": [4346.0, 4694.0]}}, {"type": "Feature", "properties": {"province_id": 1148, "name": "Guarai"}, "geometry": {"type": "Point", "coordinates": [4401.0, 4557.0]}}, {"type": "Feature", "properties": {"province_id": 1149, "name": "Arraias"}, "geometry": {"type": "Point", "coordinates": [4436.0, 4707.0]}}, {"type": "Feature", "properties": {"province_id": 1150, "name": "Pium"}, "geometry": {"type": "Point", "coordinates": [4345.0, 4623.0]}}, {"type": "Feature", "properties": {"province_id": 1151, "name": "Estrema"}, "geometry": {"type": "Point", "coordinates": [4439.0, 4626.0]}}, {"type": "Feature", "properties": {"province_id": 1152, "name": "Recife"}, "geometry": {"type": "Point", "coordinates": [4979.0, 4610.0]}}, {"type": "Feature", "properties": {"province_id": 1153, "name": "Campina Grande"}, "geometry": {"type": "Point", "coordinates": [5006.0, 4509.0]}}, {"type": "Feature", "properties": {"province_id": 1154, "name": "Maceió"}, "geometry": {"type": "Point", "coordinates": [4911.0, 4671.0]}}, {"type": "Feature", "properties": {"province_id": 1155, "name": "Ouricuri"}, "geometry": {"type": "Point", "coordinates": [4791.0, 4548.0]}}, {"type": "Feature", "properties": {"province_id": 1156, "name": "Salta"}, "geometry": {"type": "Point", "coordinates": [3690.0, 5208.0]}}, {"type": "Feature", "properties": {"province_id": 1157, "name": "Córdoba (AR)"}, "geometry": {"type": "Point", "coordinates": [3788.0, 5445.0]}}, {"type": "Feature", "properties": {"province_id": 1158, "name": "Buenos Aires"}, "geometry": {"type": "Point", "coordinates": [3968.0, 5612.0]}}, {"type": "Feature", "properties": {"province_id": 1159, "name": "Mendoza"}, "geometry": {"type": "Point", "coordinates": [3550.0, 5500.0]}}, {"type": "Feature", "properties": {"province_id": 1160, "name": "Bahía Blanca"}, "geometry": {"type": "Point", "coordinates": [3828.0, 5779.0]}}, {"type": "Feature", "properties": {"province_id": 1161, "name": "Mar del Plata"}, "geometry": {"type": "Point", "coordinates": [3989.0, 5746.0]}}, {"type": "Feature", "properties": {"province_id": 1162, "name": "Tandil"}, "geometry": {"type": "Point", "coordinates": [3924.0, 5673.0]}}, {"type": "Feature", "properties": {"province_id": 1163, "name": "Calilegua"}, "geometry": {"type": "Point", "coordinates": [3755.0, 5161.0]}}, {"type": "Feature", "properties": {"province_id": 1164, "name": "Cafayate"}, "geometry": {"type": "Point", "coordinates": [3619.0, 5282.0]}}, {"type": "Feature", "properties": {"province_id": 1165, "name": "San Rafael"}, "geometry": {"type": "Point", "coordinates": [3583.0, 5564.0]}}, {"type": "Feature", "properties": {"province_id": 1166, "name": "La Reforma"}, "geometry": {"type": "Point", "coordinates": [3663.0, 5647.0]}}, {"type": "Feature", "properties": {"province_id": 1167, "name": "Santa Rosa"}, "geometry": {"type": "Point", "coordinates": [3766.0, 5679.0]}}, {"type": "Feature", "properties": {"province_id": 1168, "name": "Lusaka"}, "geometry": {"type": "Point", "coordinates": [7420.0, 5034.0]}}, {"type": "Feature", "properties": {"province_id": 1169, "name": "Urucu"}, "geometry": {"type": "Point", "coordinates": [3729.0, 4342.0]}}, {"type": "Feature", "properties": {"province_id": 1170, "name": "Lábrea"}, "geometry": {"type": "Point", "coordinates": [3742.0, 4483.0]}}, {"type": "Feature", "properties": {"province_id": 1171, "name": "Meditação"}, "geometry": {"type": "Point", "coordinates": [3810.0, 4411.0]}}, {"type": "Feature", "properties": {"province_id": 1172, "name": "Bragança"}, "geometry": {"type": "Point", "coordinates": [4485.0, 4192.0]}}, {"type": "Feature", "properties": {"province_id": 1173, "name": "Boate"}, "geometry": {"type": "Point", "coordinates": [4466.0, 4274.0]}}, {"type": "Feature", "properties": {"province_id": 1174, "name": "Tucuruí"}, "geometry": {"type": "Point", "coordinates": [4358.0, 4304.0]}}, {"type": "Feature", "properties": {"province_id": 1175, "name": "Primavera"}, "geometry": {"type": "Point", "coordinates": [4320.0, 4518.0]}}, {"type": "Feature", "properties": {"province_id": 1176, "name": "Cachimbo"}, "geometry": {"type": "Point", "coordinates": [4174.0, 4518.0]}}, {"type": "Feature", "properties": {"province_id": 1177, "name": "Airi"}, "geometry": {"type": "Point", "coordinates": [4020.0, 4460.0]}}, {"type": "Feature", "properties": {"province_id": 1178, "name": "Vitória (BR)"}, "geometry": {"type": "Point", "coordinates": [4212.0, 4293.0]}}, {"type": "Feature", "properties": {"province_id": 1179, "name": "São Félix"}, "geometry": {"type": "Point", "coordinates": [4220.0, 4439.0]}}, {"type": "Feature", "properties": {"province_id": 1180, "name": "Natal (BR)"}, "geometry": {"type": "Point", "coordinates": [4135.0, 4423.0]}}, {"type": "Feature", "properties": {"province_id": 1181, "name": "Alenquer"}, "geometry": {"type": "Point", "coordinates": [4141.0, 4199.0]}}, {"type": "Feature", "properties": {"province_id": 1182, "name": "Amapá"}, "geometry": {"type": "Point", "coordinates": [4339.0, 4056.0]}}, {"type": "Feature", "properties": {"province_id": 1183, "name": "Cachorrinho"}, "geometry": {"type": "Point", "coordinates": [4254.0, 4104.0]}}, {"type": "Feature", "properties": {"province_id": 1184, "name": "Tacalé"}, "geometry": {"type": "Point", "coordinates": [4157.0, 4080.0]}}, {"type": "Feature", "properties": {"province_id": 1185, "name": "Estrela"}, "geometry": {"type": "Point", "coordinates": [3983.0, 4108.0]}}, {"type": "Feature", "properties": {"province_id": 1186, "name": "Samaumeira"}, "geometry": {"type": "Point", "coordinates": [4046.0, 4166.0]}}, {"type": "Feature", "properties": {"province_id": 1187, "name": "Santa Maria do Boiaçu"}, "geometry": {"type": "Point", "coordinates": [3851.0, 4160.0]}}, {"type": "Feature", "properties": {"province_id": 1188, "name": "Monte Alegre"}, "geometry": {"type": "Point", "coordinates": [4212.0, 4216.0]}}, {"type": "Feature", "properties": {"province_id": 1189, "name": "São Marcos"}, "geometry": {"type": "Point", "coordinates": [3911.0, 3935.0]}}, {"type": "Feature", "properties": {"province_id": 1190, "name": "Fondlándia"}, "geometry": {"type": "Point", "coordinates": [4124.0, 4293.0]}}, {"type": "Feature", "properties": {"province_id": 1191, "name": "Muaná"}, "geometry": {"type": "Point", "coordinates": [4388.0, 4195.0]}}, {"type": "Feature", "properties": {"province_id": 1192, "name": "Sousel"}, "geometry": {"type": "Point", "coordinates": [4269.0, 4280.0]}}, {"type": "Feature", "properties": {"province_id": 1193, "name": "Akotipa"}, "geometry": {"type": "Point", "coordinates": [4080.0, 4079.0]}}, {"type": "Feature", "properties": {"province_id": 1194, "name": "Mazagão"}, "geometry": {"type": "Point", "coordinates": [4320.0, 4199.0]}}, {"type": "Feature", "properties": {"province_id": 1195, "name": "Amajari"}, "geometry": {"type": "Point", "coordinates": [3770.0, 3984.0]}}, {"type": "Feature", "properties": {"province_id": 1196, "name": "Cochabamba"}, "geometry": {"type": "Point", "coordinates": [3641.0, 4871.0]}}, {"type": "Feature", "properties": {"province_id": 1197, "name": "Santa Cruz S."}, "geometry": {"type": "Point", "coordinates": [3830.0, 4922.0]}}, {"type": "Feature", "properties": {"province_id": 1198, "name": "Trinidad"}, "geometry": {"type": "Point", "coordinates": [3700.0, 4736.0]}}, {"type": "Feature", "properties": {"province_id": 1199, "name": "Tarija"}, "geometry": {"type": "Point", "coordinates": [3711.0, 5022.0]}}, {"type": "Feature", "properties": {"province_id": 1200, "name": "Oruro"}, "geometry": {"type": "Point", "coordinates": [3608.0, 4885.0]}}, {"type": "Feature", "properties": {"province_id": 1201, "name": "Uyuni"}, "geometry": {"type": "Point", "coordinates": [3621.0, 4995.0]}}, {"type": "Feature", "properties": {"province_id": 1202, "name": "San Pablo"}, "geometry": {"type": "Point", "coordinates": [3632.0, 5047.0]}}, {"type": "Feature", "properties": {"province_id": 1203, "name": "Patacamaya"}, "geometry": {"type": "Point", "coordinates": [3558.0, 4834.0]}}, {"type": "Feature", "properties": {"province_id": 1204, "name": "Caranavi"}, "geometry": {"type": "Point", "coordinates": [3562.0, 4771.0]}}, {"type": "Feature", "properties": {"province_id": 1205, "name": "Rurrenabaque"}, "geometry": {"type": "Point", "coordinates": [3572.0, 4715.0]}}, {"type": "Feature", "properties": {"province_id": 1206, "name": "Sena"}, "geometry": {"type": "Point", "coordinates": [3579.0, 4642.0]}}, {"type": "Feature", "properties": {"province_id": 1207, "name": "Riberalta"}, "geometry": {"type": "Point", "coordinates": [3649.0, 4609.0]}}, {"type": "Feature", "properties": {"province_id": 1208, "name": "San Ramon"}, "geometry": {"type": "Point", "coordinates": [3703.0, 4687.0]}}, {"type": "Feature", "properties": {"province_id": 1209, "name": "Casarabe"}, "geometry": {"type": "Point", "coordinates": [3747.0, 4745.0]}}, {"type": "Feature", "properties": {"province_id": 1210, "name": "El Puente"}, "geometry": {"type": "Point", "coordinates": [3846.0, 4863.0]}}, {"type": "Feature", "properties": {"province_id": 1211, "name": "San José de Chiquitos"}, "geometry": {"type": "Point", "coordinates": [3909.0, 4930.0]}}, {"type": "Feature", "properties": {"province_id": 1212, "name": "Camiri"}, "geometry": {"type": "Point", "coordinates": [3854.0, 5036.0]}}, {"type": "Feature", "properties": {"province_id": 1213, "name": "Curichi"}, "geometry": {"type": "Point", "coordinates": [3929.0, 4996.0]}}, {"type": "Feature", "properties": {"province_id": 1214, "name": "Valle Grande"}, "geometry": {"type": "Point", "coordinates": [3796.0, 4960.0]}}, {"type": "Feature", "properties": {"province_id": 1215, "name": "Sucre"}, "geometry": {"type": "Point", "coordinates": [3701.0, 4893.0]}}, {"type": "Feature", "properties": {"province_id": 1216, "name": "Potosí"}, "geometry": {"type": "Point", "coordinates": [3660.0, 4947.0]}}, {"type": "Feature", "properties": {"province_id": 1217, "name": "Arcopongo"}, "geometry": {"type": "Point", "coordinates": [3608.0, 4807.0]}}, {"type": "Feature", "properties": {"province_id": 1218, "name": "Chimoré"}, "geometry": {"type": "Point", "coordinates": [3673.0, 4820.0]}}, {"type": "Feature", "properties": {"province_id": 1219, "name": "Felicidad"}, "geometry": {"type": "Point", "coordinates": [3857.0, 4756.0]}}, {"type": "Feature", "properties": {"province_id": 1220, "name": "San Juan (BO)"}, "geometry": {"type": "Point", "coordinates": [3943.0, 4849.0]}}, {"type": "Feature", "properties": {"province_id": 1221, "name": "Goiânia"}, "geometry": {"type": "Point", "coordinates": [4304.0, 4840.0]}}, {"type": "Feature", "properties": {"province_id": 1222, "name": "Cuiabá"}, "geometry": {"type": "Point", "coordinates": [4109.0, 4769.0]}}, {"type": "Feature", "properties": {"province_id": 1223, "name": "Sinop"}, "geometry": {"type": "Point", "coordinates": [4108.0, 4639.0]}}, {"type": "Feature", "properties": {"province_id": 1224, "name": "Formosa"}, "geometry": {"type": "Point", "coordinates": [4417.0, 4819.0]}}, {"type": "Feature", "properties": {"province_id": 1225, "name": "Rodonópolis"}, "geometry": {"type": "Point", "coordinates": [4167.0, 4834.0]}}, {"type": "Feature", "properties": {"province_id": 1226, "name": "Cáceres (BR)"}, "geometry": {"type": "Point", "coordinates": [4034.0, 4798.0]}}, {"type": "Feature", "properties": {"province_id": 1227, "name": "Nova Mutum"}, "geometry": {"type": "Point", "coordinates": [4109.0, 4732.0]}}, {"type": "Feature", "properties": {"province_id": 1228, "name": "Colíder"}, "geometry": {"type": "Point", "coordinates": [4103.0, 4594.0]}}, {"type": "Feature", "properties": {"province_id": 1229, "name": "Aripuanã"}, "geometry": {"type": "Point", "coordinates": [3903.0, 4556.0]}}, {"type": "Feature", "properties": {"province_id": 1230, "name": "Brasnorte"}, "geometry": {"type": "Point", "coordinates": [4025.0, 4662.0]}}, {"type": "Feature", "properties": {"province_id": 1231, "name": "Comodoro"}, "geometry": {"type": "Point", "coordinates": [3963.0, 4757.0]}}, {"type": "Feature", "properties": {"province_id": 1232, "name": "Tangará da Serra"}, "geometry": {"type": "Point", "coordinates": [4044.0, 4732.0]}}, {"type": "Feature", "properties": {"province_id": 1233, "name": "Xingu"}, "geometry": {"type": "Point", "coordinates": [4194.0, 4602.0]}}, {"type": "Feature", "properties": {"province_id": 1234, "name": "Confresa"}, "geometry": {"type": "Point", "coordinates": [4269.0, 4616.0]}}, {"type": "Feature", "properties": {"province_id": 1235, "name": "Sorriso"}, "geometry": {"type": "Point", "coordinates": [4104.0, 4677.0]}}, {"type": "Feature", "properties": {"province_id": 1236, "name": "Primavera do Leste"}, "geometry": {"type": "Point", "coordinates": [4180.0, 4762.0]}}, {"type": "Feature", "properties": {"province_id": 1237, "name": "Barra do Garças"}, "geometry": {"type": "Point", "coordinates": [4251.0, 4777.0]}}, {"type": "Feature", "properties": {"province_id": 1238, "name": "Rio Verde"}, "geometry": {"type": "Point", "coordinates": [4252.0, 4868.0]}}, {"type": "Feature", "properties": {"province_id": 1239, "name": "Catalão"}, "geometry": {"type": "Point", "coordinates": [4369.0, 4923.0]}}, {"type": "Feature", "properties": {"province_id": 1240, "name": "Porangatu"}, "geometry": {"type": "Point", "coordinates": [4343.0, 4764.0]}}, {"type": "Feature", "properties": {"province_id": 1241, "name": "Anápolis"}, "geometry": {"type": "Point", "coordinates": [4349.0, 4832.0]}}, {"type": "Feature", "properties": {"province_id": 1242, "name": "Quirinópolis"}, "geometry": {"type": "Point", "coordinates": [4258.0, 4945.0]}}, {"type": "Feature", "properties": {"province_id": 1243, "name": "Tanguro"}, "geometry": {"type": "Point", "coordinates": [4202.0, 4684.0]}}, {"type": "Feature", "properties": {"province_id": 1244, "name": "Queréncia"}, "geometry": {"type": "Point", "coordinates": [4258.0, 4685.0]}}, {"type": "Feature", "properties": {"province_id": 1245, "name": "Apiacás"}, "geometry": {"type": "Point", "coordinates": [4013.0, 4553.0]}}, {"type": "Feature", "properties": {"province_id": 1246, "name": "Juína"}, "geometry": {"type": "Point", "coordinates": [3933.0, 4621.0]}}, {"type": "Feature", "properties": {"province_id": 1247, "name": "Porto Alegre"}, "geometry": {"type": "Point", "coordinates": [4271.0, 5417.0]}}, {"type": "Feature", "properties": {"province_id": 1248, "name": "Curitiba"}, "geometry": {"type": "Point", "coordinates": [4362.0, 5289.0]}}, {"type": "Feature", "properties": {"province_id": 1249, "name": "Londrina"}, "geometry": {"type": "Point", "coordinates": [4250.0, 5152.0]}}, {"type": "Feature", "properties": {"province_id": 1250, "name": "Cascavel"}, "geometry": {"type": "Point", "coordinates": [4187.0, 5213.0]}}, {"type": "Feature", "properties": {"province_id": 1251, "name": "Pelotas"}, "geometry": {"type": "Point", "coordinates": [4222.0, 5484.0]}}, {"type": "Feature", "properties": {"province_id": 1252, "name": "Gramado"}, "geometry": {"type": "Point", "coordinates": [4291.0, 5398.0]}}, {"type": "Feature", "properties": {"province_id": 1253, "name": "Florianópolis"}, "geometry": {"type": "Point", "coordinates": [4364.0, 5338.0]}}, {"type": "Feature", "properties": {"province_id": 1254, "name": "Maringá"}, "geometry": {"type": "Point", "coordinates": [4222.0, 5162.0]}}, {"type": "Feature", "properties": {"province_id": 1255, "name": "Umuarama"}, "geometry": {"type": "Point", "coordinates": [4182.0, 5185.0]}}, {"type": "Feature", "properties": {"province_id": 1256, "name": "Ponta Grossa"}, "geometry": {"type": "Point", "coordinates": [4325.0, 5263.0]}}, {"type": "Feature", "properties": {"province_id": 1257, "name": "Guarapuava"}, "geometry": {"type": "Point", "coordinates": [4258.0, 5278.0]}}, {"type": "Feature", "properties": {"province_id": 1258, "name": "Pato Branco"}, "geometry": {"type": "Point", "coordinates": [4197.0, 5278.0]}}, {"type": "Feature", "properties": {"province_id": 1259, "name": "Apucarana"}, "geometry": {"type": "Point", "coordinates": [4245.0, 5177.0]}}, {"type": "Feature", "properties": {"province_id": 1260, "name": "Caçador"}, "geometry": {"type": "Point", "coordinates": [4304.0, 5298.0]}}, {"type": "Feature", "properties": {"province_id": 1261, "name": "Chapecó"}, "geometry": {"type": "Point", "coordinates": [4212.0, 5307.0]}}, {"type": "Feature", "properties": {"province_id": 1262, "name": "Santa Cruz do Sul"}, "geometry": {"type": "Point", "coordinates": [4233.0, 5406.0]}}, {"type": "Feature", "properties": {"province_id": 1263, "name": "Santa Maria"}, "geometry": {"type": "Point", "coordinates": [4177.0, 5402.0]}}, {"type": "Feature", "properties": {"province_id": 1264, "name": "Alegrete"}, "geometry": {"type": "Point", "coordinates": [4087.0, 5395.0]}}, {"type": "Feature", "properties": {"province_id": 1265, "name": "Passo Fundo"}, "geometry": {"type": "Point", "coordinates": [4215.0, 5353.0]}}, {"type": "Feature", "properties": {"province_id": 1266, "name": "Santo Ângelo"}, "geometry": {"type": "Point", "coordinates": [4147.0, 5346.0]}}, {"type": "Feature", "properties": {"province_id": 1267, "name": "Lages"}, "geometry": {"type": "Point", "coordinates": [4296.0, 5343.0]}}, {"type": "Feature", "properties": {"province_id": 1268, "name": "Montevideo"}, "geometry": {"type": "Point", "coordinates": [4064.0, 5601.0]}}, {"type": "Feature", "properties": {"province_id": 1269, "name": "Melo"}, "geometry": {"type": "Point", "coordinates": [4150.0, 5523.0]}}, {"type": "Feature", "properties": {"province_id": 1270, "name": "Rocha"}, "geometry": {"type": "Point", "coordinates": [4125.0, 5604.0]}}, {"type": "Feature", "properties": {"province_id": 1271, "name": "Durazno"}, "geometry": {"type": "Point", "coordinates": [4044.0, 5551.0]}}, {"type": "Feature", "properties": {"province_id": 1272, "name": "Tacuarembó"}, "geometry": {"type": "Point", "coordinates": [4059.0, 5474.0]}}, {"type": "Feature", "properties": {"province_id": 1273, "name": "Campo Grande"}, "geometry": {"type": "Point", "coordinates": [4134.0, 5013.0]}}, {"type": "Feature", "properties": {"province_id": 1274, "name": "Dourados"}, "geometry": {"type": "Point", "coordinates": [4139.0, 5084.0]}}, {"type": "Feature", "properties": {"province_id": 1275, "name": "Miranda"}, "geometry": {"type": "Point", "coordinates": [4064.0, 5009.0]}}, {"type": "Feature", "properties": {"province_id": 1276, "name": "Coxim"}, "geometry": {"type": "Point", "coordinates": [4137.0, 4967.0]}}, {"type": "Feature", "properties": {"province_id": 1277, "name": "Água Clara"}, "geometry": {"type": "Point", "coordinates": [4200.0, 5025.0]}}, {"type": "Feature", "properties": {"province_id": 1278, "name": "Asunción"}, "geometry": {"type": "Point", "coordinates": [4035.0, 5194.0]}}, {"type": "Feature", "properties": {"province_id": 1279, "name": "San Ignacio (PY)"}, "geometry": {"type": "Point", "coordinates": [4050.0, 5261.0]}}, {"type": "Feature", "properties": {"province_id": 1280, "name": "Caaguazú"}, "geometry": {"type": "Point", "coordinates": [4096.0, 5201.0]}}, {"type": "Feature", "properties": {"province_id": 1281, "name": "Concepción"}, "geometry": {"type": "Point", "coordinates": [4038.0, 5142.0]}}, {"type": "Feature", "properties": {"province_id": 1282, "name": "Loma Plata"}, "geometry": {"type": "Point", "coordinates": [3960.0, 5107.0]}}, {"type": "Feature", "properties": {"province_id": 1283, "name": "São Paulo"}, "geometry": {"type": "Point", "coordinates": [4403.0, 5208.0]}}, {"type": "Feature", "properties": {"province_id": 1284, "name": "Campinas"}, "geometry": {"type": "Point", "coordinates": [4381.0, 5181.0]}}, {"type": "Feature", "properties": {"province_id": 1285, "name": "Rio de Janeiro"}, "geometry": {"type": "Point", "coordinates": [4534.0, 5135.0]}}, {"type": "Feature", "properties": {"province_id": 1286, "name": "Montes Claros"}, "geometry": {"type": "Point", "coordinates": [4574.0, 4928.0]}}, {"type": "Feature", "properties": {"province_id": 1287, "name": "Vitória"}, "geometry": {"type": "Point", "coordinates": [4675.0, 5100.0]}}, {"type": "Feature", "properties": {"province_id": 1288, "name": "Belo Horizonte"}, "geometry": {"type": "Point", "coordinates": [4531.0, 5028.0]}}, {"type": "Feature", "properties": {"province_id": 1289, "name": "Ipatinga"}, "geometry": {"type": "Point", "coordinates": [4615.0, 5036.0]}}, {"type": "Feature", "properties": {"province_id": 1290, "name": "Bocaiúva"}, "geometry": {"type": "Point", "coordinates": [4566.0, 4963.0]}}, {"type": "Feature", "properties": {"province_id": 1291, "name": "Linhares"}, "geometry": {"type": "Point", "coordinates": [4704.0, 5081.0]}}, {"type": "Feature", "properties": {"province_id": 1292, "name": "Eunápolis"}, "geometry": {"type": "Point", "coordinates": [4739.0, 5003.0]}}, {"type": "Feature", "properties": {"province_id": 1293, "name": "Janaúba"}, "geometry": {"type": "Point", "coordinates": [4621.0, 4894.0]}}, {"type": "Feature", "properties": {"province_id": 1294, "name": "Unaí"}, "geometry": {"type": "Point", "coordinates": [4483.0, 4847.0]}}, {"type": "Feature", "properties": {"province_id": 1295, "name": "Paracatu"}, "geometry": {"type": "Point", "coordinates": [4473.0, 4909.0]}}, {"type": "Feature", "properties": {"province_id": 1296, "name": "Uberlândia"}, "geometry": {"type": "Point", "coordinates": [4373.0, 4995.0]}}, {"type": "Feature", "properties": {"province_id": 1297, "name": "Bauru"}, "geometry": {"type": "Point", "coordinates": [4304.0, 5120.0]}}, {"type": "Feature", "properties": {"province_id": 1298, "name": "Araçatuba"}, "geometry": {"type": "Point", "coordinates": [4236.0, 5088.0]}}, {"type": "Feature", "properties": {"province_id": 1299, "name": "Jales"}, "geometry": {"type": "Point", "coordinates": [4280.0, 5026.0]}}, {"type": "Feature", "properties": {"province_id": 1300, "name": "Uberaba"}, "geometry": {"type": "Point", "coordinates": [4375.0, 5040.0]}}, {"type": "Feature", "properties": {"province_id": 1301, "name": "Ribeirão Preto"}, "geometry": {"type": "Point", "coordinates": [4379.0, 5090.0]}}, {"type": "Feature", "properties": {"province_id": 1302, "name": "Ipateruna"}, "geometry": {"type": "Point", "coordinates": [4609.0, 5084.0]}}, {"type": "Feature", "properties": {"province_id": 1303, "name": "Juiz de fora"}, "geometry": {"type": "Point", "coordinates": [4527.0, 5086.0]}}, {"type": "Feature", "properties": {"province_id": 1304, "name": "Taubaté"}, "geometry": {"type": "Point", "coordinates": [4436.0, 5174.0]}}, {"type": "Feature", "properties": {"province_id": 1305, "name": "Volta Redonda"}, "geometry": {"type": "Point", "coordinates": [4493.0, 5136.0]}}, {"type": "Feature", "properties": {"province_id": 1306, "name": "Lavras"}, "geometry": {"type": "Point", "coordinates": [4453.0, 5070.0]}}, {"type": "Feature", "properties": {"province_id": 1307, "name": "Divinópolis"}, "geometry": {"type": "Point", "coordinates": [4456.0, 5013.0]}}, {"type": "Feature", "properties": {"province_id": 1308, "name": "Itaobim"}, "geometry": {"type": "Point", "coordinates": [4655.0, 4964.0]}}, {"type": "Feature", "properties": {"province_id": 1309, "name": "Arinos"}, "geometry": {"type": "Point", "coordinates": [4551.0, 4862.0]}}, {"type": "Feature", "properties": {"province_id": 1310, "name": "Salvador"}, "geometry": {"type": "Point", "coordinates": [4828.0, 4770.0]}}, {"type": "Feature", "properties": {"province_id": 1311, "name": "Barreiras"}, "geometry": {"type": "Point", "coordinates": [4541.0, 4712.0]}}, {"type": "Feature", "properties": {"province_id": 1312, "name": "Vitória d. C."}, "geometry": {"type": "Point", "coordinates": [4717.0, 4855.0]}}, {"type": "Feature", "properties": {"province_id": 1313, "name": "Feira de Santana"}, "geometry": {"type": "Point", "coordinates": [4795.0, 4756.0]}}, {"type": "Feature", "properties": {"province_id": 1314, "name": "Jacobina"}, "geometry": {"type": "Point", "coordinates": [4723.0, 4689.0]}}, {"type": "Feature", "properties": {"province_id": 1315, "name": "Irecê"}, "geometry": {"type": "Point", "coordinates": [4639.0, 4676.0]}}, {"type": "Feature", "properties": {"province_id": 1316, "name": "Ibotirama"}, "geometry": {"type": "Point", "coordinates": [4590.0, 4717.0]}}, {"type": "Feature", "properties": {"province_id": 1317, "name": "Formosa do Rio Preto"}, "geometry": {"type": "Point", "coordinates": [4518.0, 4673.0]}}, {"type": "Feature", "properties": {"province_id": 1318, "name": "Correntina"}, "geometry": {"type": "Point", "coordinates": [4516.0, 4759.0]}}, {"type": "Feature", "properties": {"province_id": 1319, "name": "Guanambi"}, "geometry": {"type": "Point", "coordinates": [4607.0, 4793.0]}}, {"type": "Feature", "properties": {"province_id": 1320, "name": "Tremedal"}, "geometry": {"type": "Point", "coordinates": [4685.0, 4847.0]}}, {"type": "Feature", "properties": {"province_id": 1321, "name": "Brumado"}, "geometry": {"type": "Point", "coordinates": [4687.0, 4787.0]}}, {"type": "Feature", "properties": {"province_id": 1322, "name": "Itapetinga"}, "geometry": {"type": "Point", "coordinates": [4743.0, 4883.0]}}, {"type": "Feature", "properties": {"province_id": 1323, "name": "Belmonte"}, "geometry": {"type": "Point", "coordinates": [4784.0, 4951.0]}}, {"type": "Feature", "properties": {"province_id": 1324, "name": "Ilhéus"}, "geometry": {"type": "Point", "coordinates": [4820.0, 4862.0]}}, {"type": "Feature", "properties": {"province_id": 1325, "name": "Valença"}, "geometry": {"type": "Point", "coordinates": [4821.0, 4797.0]}}, {"type": "Feature", "properties": {"province_id": 1326, "name": "Jequié"}, "geometry": {"type": "Point", "coordinates": [4743.0, 4828.0]}}, {"type": "Feature", "properties": {"province_id": 1327, "name": "Remanso"}, "geometry": {"type": "Point", "coordinates": [4634.0, 4621.0]}}, {"type": "Feature", "properties": {"province_id": 1328, "name": "Senhor do Bonfim"}, "geometry": {"type": "Point", "coordinates": [4722.0, 4618.0]}}, {"type": "Feature", "properties": {"province_id": 1329, "name": "Serrinha"}, "geometry": {"type": "Point", "coordinates": [4797.0, 4724.0]}}, {"type": "Feature", "properties": {"province_id": 1330, "name": "Monte Santo"}, "geometry": {"type": "Point", "coordinates": [4793.0, 4621.0]}}, {"type": "Feature", "properties": {"province_id": 1331, "name": "Tilcara"}, "geometry": {"type": "Point", "coordinates": [3673.0, 5149.0]}}, {"type": "Feature", "properties": {"province_id": 1332, "name": "Las Lajitas"}, "geometry": {"type": "Point", "coordinates": [3771.0, 5239.0]}}, {"type": "Feature", "properties": {"province_id": 1333, "name": "San Juan (AR)"}, "geometry": {"type": "Point", "coordinates": [3569.0, 5448.0]}}, {"type": "Feature", "properties": {"province_id": 1334, "name": "Oberá"}, "geometry": {"type": "Point", "coordinates": [4078.0, 5315.0]}}, {"type": "Feature", "properties": {"province_id": 1335, "name": "Resistencia"}, "geometry": {"type": "Point", "coordinates": [3959.0, 5305.0]}}, {"type": "Feature", "properties": {"province_id": 1336, "name": "San Luis"}, "geometry": {"type": "Point", "coordinates": [3634.0, 5506.0]}}, {"type": "Feature", "properties": {"province_id": 1337, "name": "Río Cuarto"}, "geometry": {"type": "Point", "coordinates": [3783.0, 5506.0]}}, {"type": "Feature", "properties": {"province_id": 1338, "name": "La Toma"}, "geometry": {"type": "Point", "coordinates": [3703.0, 5480.0]}}, {"type": "Feature", "properties": {"province_id": 1339, "name": "La Rioja"}, "geometry": {"type": "Point", "coordinates": [3641.0, 5366.0]}}, {"type": "Feature", "properties": {"province_id": 1340, "name": "Necochea"}, "geometry": {"type": "Point", "coordinates": [3880.0, 5759.0]}}, {"type": "Feature", "properties": {"province_id": 1341, "name": "Parana"}, "geometry": {"type": "Point", "coordinates": [3882.0, 5450.0]}}, {"type": "Feature", "properties": {"province_id": 1342, "name": "Villaguay"}, "geometry": {"type": "Point", "coordinates": [3965.0, 5457.0]}}, {"type": "Feature", "properties": {"province_id": 1343, "name": "Rosario"}, "geometry": {"type": "Point", "coordinates": [3882.0, 5520.0]}}, {"type": "Feature", "properties": {"province_id": 1344, "name": "Santiago del Estero"}, "geometry": {"type": "Point", "coordinates": [3793.0, 5349.0]}}, {"type": "Feature", "properties": {"province_id": 1345, "name": "Junín"}, "geometry": {"type": "Point", "coordinates": [3890.0, 5601.0]}}, {"type": "Feature", "properties": {"province_id": 1346, "name": "Huinca Renancó"}, "geometry": {"type": "Point", "coordinates": [3781.0, 5585.0]}}, {"type": "Feature", "properties": {"province_id": 1347, "name": "Monte Quemado"}, "geometry": {"type": "Point", "coordinates": [3875.0, 5250.0]}}, {"type": "Feature", "properties": {"province_id": 1348, "name": "Zapala"}, "geometry": {"type": "Point", "coordinates": [3551.0, 5647.0]}}, {"type": "Feature", "properties": {"province_id": 1349, "name": "Neuquén"}, "geometry": {"type": "Point", "coordinates": [3662.0, 5730.0]}}, {"type": "Feature", "properties": {"province_id": 1350, "name": "Lamarque"}, "geometry": {"type": "Point", "coordinates": [3754.0, 5776.0]}}, {"type": "Feature", "properties": {"province_id": 1351, "name": "San Carlos da Bariloche"}, "geometry": {"type": "Point", "coordinates": [3557.0, 5831.0]}}, {"type": "Feature", "properties": {"province_id": 1352, "name": "Río Gallegos"}, "geometry": {"type": "Point", "coordinates": [3630.0, 6308.0]}}, {"type": "Feature", "properties": {"province_id": 1353, "name": "Tres Lagos"}, "geometry": {"type": "Point", "coordinates": [3562.0, 6208.0]}}, {"type": "Feature", "properties": {"province_id": 1354, "name": "Puerto Deseado"}, "geometry": {"type": "Point", "coordinates": [3715.0, 6151.0]}}, {"type": "Feature", "properties": {"province_id": 1355, "name": "Perito Moreno"}, "geometry": {"type": "Point", "coordinates": [3578.0, 6124.0]}}, {"type": "Feature", "properties": {"province_id": 1356, "name": "Comodoro Riva."}, "geometry": {"type": "Point", "coordinates": [3667.0, 6064.0]}}, {"type": "Feature", "properties": {"province_id": 1357, "name": "Río Mayo"}, "geometry": {"type": "Point", "coordinates": [3608.0, 6056.0]}}, {"type": "Feature", "properties": {"province_id": 1358, "name": "Garayalda"}, "geometry": {"type": "Point", "coordinates": [3699.0, 6028.0]}}, {"type": "Feature", "properties": {"province_id": 1359, "name": "Trelew"}, "geometry": {"type": "Point", "coordinates": [3745.0, 5964.0]}}, {"type": "Feature", "properties": {"province_id": 1360, "name": "Canguel"}, "geometry": {"type": "Point", "coordinates": [3650.0, 6016.0]}}, {"type": "Feature", "properties": {"province_id": 1361, "name": "Las Plumas"}, "geometry": {"type": "Point", "coordinates": [3676.0, 5945.0]}}, {"type": "Feature", "properties": {"province_id": 1362, "name": "San Antonio Oeste"}, "geometry": {"type": "Point", "coordinates": [3726.0, 5868.0]}}, {"type": "Feature", "properties": {"province_id": 1363, "name": "Esquel"}, "geometry": {"type": "Point", "coordinates": [3529.0, 5909.0]}}, {"type": "Feature", "properties": {"province_id": 1364, "name": "Tecka"}, "geometry": {"type": "Point", "coordinates": [3547.0, 5974.0]}}, {"type": "Feature", "properties": {"province_id": 1365, "name": "Cutral-Có"}, "geometry": {"type": "Point", "coordinates": [3619.0, 5718.0]}}, {"type": "Feature", "properties": {"province_id": 1366, "name": "Viedma"}, "geometry": {"type": "Point", "coordinates": [3814.0, 5872.0]}}, {"type": "Feature", "properties": {"province_id": 1367, "name": "Los Menucos"}, "geometry": {"type": "Point", "coordinates": [3641.0, 5859.0]}}, {"type": "Feature", "properties": {"province_id": 1368, "name": "Los Altares"}, "geometry": {"type": "Point", "coordinates": [3624.0, 5941.0]}}, {"type": "Feature", "properties": {"province_id": 1369, "name": "Boliche"}, "geometry": {"type": "Point", "coordinates": [3669.0, 5785.0]}}, {"type": "Feature", "properties": {"province_id": 1370, "name": "Rio Grande"}, "geometry": {"type": "Point", "coordinates": [3712.0, 6427.0]}}, {"type": "Feature", "properties": {"province_id": 1371, "name": "Santiago"}, "geometry": {"type": "Point", "coordinates": [3515.0, 5528.0]}}, {"type": "Feature", "properties": {"province_id": 1372, "name": "Temuco"}, "geometry": {"type": "Point", "coordinates": [3492.0, 5679.0]}}, {"type": "Feature", "properties": {"province_id": 1373, "name": "Punta Arenas"}, "geometry": {"type": "Point", "coordinates": [3602.0, 6387.0]}}, {"type": "Feature", "properties": {"province_id": 1374, "name": "Copiapó"}, "geometry": {"type": "Point", "coordinates": [3523.0, 5321.0]}}, {"type": "Feature", "properties": {"province_id": 1375, "name": "Iquique"}, "geometry": {"type": "Point", "coordinates": [3517.0, 4973.0]}}, {"type": "Feature", "properties": {"province_id": 1376, "name": "Puerto Aysen"}, "geometry": {"type": "Point", "coordinates": [3495.0, 6017.0]}}, {"type": "Feature", "properties": {"province_id": 1377, "name": "Tortel"}, "geometry": {"type": "Point", "coordinates": [3504.0, 6162.0]}}, {"type": "Feature", "properties": {"province_id": 1378, "name": "West Falkland"}, "geometry": {"type": "Point", "coordinates": [3883.0, 6286.0]}}, {"type": "Feature", "properties": {"province_id": 1379, "name": "East Falkland"}, "geometry": {"type": "Point", "coordinates": [3961.0, 6297.0]}}, {"type": "Feature", "properties": {"province_id": 1380, "name": "Isla Isabela"}, "geometry": {"type": "Point", "coordinates": [2774.0, 4167.0]}}, {"type": "Feature", "properties": {"province_id": 1381, "name": "Santa Cruz"}, "geometry": {"type": "Point", "coordinates": [2801.0, 4181.0]}}, {"type": "Feature", "properties": {"province_id": 1382, "name": "Fernandina"}, "geometry": {"type": "Point", "coordinates": [2757.0, 4167.0]}}, {"type": "Feature", "properties": {"province_id": 1383, "name": "Kalomo"}, "geometry": {"type": "Point", "coordinates": [7354.0, 5073.0]}}, {"type": "Feature", "properties": {"province_id": 1384, "name": "Mongu"}, "geometry": {"type": "Point", "coordinates": [7161.0, 5013.0]}}, {"type": "Feature", "properties": {"province_id": 1385, "name": "Abercorn"}, "geometry": {"type": "Point", "coordinates": [7548.0, 4832.0]}}, {"type": "Feature", "properties": {"province_id": 1386, "name": "Broken Hill"}, "geometry": {"type": "Point", "coordinates": [7427.0, 4984.0]}}, {"type": "Feature", "properties": {"province_id": 1387, "name": "Zomba"}, "geometry": {"type": "Point", "coordinates": [7710.0, 5042.0]}}, {"type": "Feature", "properties": {"province_id": 1388, "name": "Nairobi"}, "geometry": {"type": "Point", "coordinates": [7819.0, 4457.0]}}, {"type": "Feature", "properties": {"province_id": 1389, "name": "Mwatate"}, "geometry": {"type": "Point", "coordinates": [7891.0, 4538.0]}}, {"type": "Feature", "properties": {"province_id": 1390, "name": "Kisumu"}, "geometry": {"type": "Point", "coordinates": [7736.0, 4452.0]}}, {"type": "Feature", "properties": {"province_id": 1391, "name": "Entebbe"}, "geometry": {"type": "Point", "coordinates": [7614.0, 4418.0]}}, {"type": "Feature", "properties": {"province_id": 1392, "name": "Wajir"}, "geometry": {"type": "Point", "coordinates": [7961.0, 4347.0]}}, {"type": "Feature", "properties": {"province_id": 1393, "name": "Marsabit"}, "geometry": {"type": "Point", "coordinates": [7722.0, 4340.0]}}, {"type": "Feature", "properties": {"province_id": 1394, "name": "Antsirane"}, "geometry": {"type": "Point", "coordinates": [8321.0, 4886.0]}}, {"type": "Feature", "properties": {"province_id": 1395, "name": "Cairo"}, "geometry": {"type": "Point", "coordinates": [7514.0, 3121.0]}}, {"type": "Feature", "properties": {"province_id": 1396, "name": "Siwa"}, "geometry": {"type": "Point", "coordinates": [7173.0, 3202.0]}}, {"type": "Feature", "properties": {"province_id": 1397, "name": "Sallum"}, "geometry": {"type": "Point", "coordinates": [7197.0, 3076.0]}}, {"type": "Feature", "properties": {"province_id": 1398, "name": "Aswan"}, "geometry": {"type": "Point", "coordinates": [7589.0, 3415.0]}}, {"type": "Feature", "properties": {"province_id": 1399, "name": "Kharga"}, "geometry": {"type": "Point", "coordinates": [7482.0, 3367.0]}}, {"type": "Feature", "properties": {"province_id": 1400, "name": "Arish"}, "geometry": {"type": "Point", "coordinates": [7725.0, 3056.0]}}, {"type": "Feature", "properties": {"province_id": 1401, "name": "Asyut"}, "geometry": {"type": "Point", "coordinates": [7520.0, 3242.0]}}, {"type": "Feature", "properties": {"province_id": 1402, "name": "Papeete"}, "geometry": {"type": "Point", "coordinates": [1571.0, 4725.0]}}, {"type": "Feature", "properties": {"province_id": 1403, "name": "Mo'orea"}, "geometry": {"type": "Point", "coordinates": [1482.0, 4702.0]}}, {"type": "Feature", "properties": {"province_id": 1404, "name": "Cavalcante"}, "geometry": {"type": "Point", "coordinates": [4427.0, 4779.0]}}, {"type": "Feature", "properties": {"province_id": 1405, "name": "Morrinhos"}, "geometry": {"type": "Point", "coordinates": [4320.0, 4889.0]}}, {"type": "Feature", "properties": {"province_id": 1406, "name": "La Victoria"}, "geometry": {"type": "Point", "coordinates": [4008.0, 5071.0]}}, {"type": "Feature", "properties": {"province_id": 1407, "name": "Puerto Santa Cruz"}, "geometry": {"type": "Point", "coordinates": [3656.0, 6251.0]}}, {"type": "Feature", "properties": {"province_id": 1408, "name": "Capetown"}, "geometry": {"type": "Point", "coordinates": [6935.0, 5824.0]}}, {"type": "Feature", "properties": {"province_id": 1409, "name": "Port Elizabeth"}, "geometry": {"type": "Point", "coordinates": [7177.0, 5822.0]}}, {"type": "Feature", "properties": {"province_id": 1410, "name": "Cradock"}, "geometry": {"type": "Point", "coordinates": [7196.0, 5783.0]}}, {"type": "Feature", "properties": {"province_id": 1411, "name": "Worcester (ZA)"}, "geometry": {"type": "Point", "coordinates": [6973.0, 5809.0]}}, {"type": "Feature", "properties": {"province_id": 1412, "name": "Johannesburg"}, "geometry": {"type": "Point", "coordinates": [7398.0, 5471.0]}}, {"type": "Feature", "properties": {"province_id": 1413, "name": "Pretoria"}, "geometry": {"type": "Point", "coordinates": [7413.0, 5443.0]}}, {"type": "Feature", "properties": {"province_id": 1414, "name": "Mafeking"}, "geometry": {"type": "Point", "coordinates": [7325.0, 5490.0]}}, {"type": "Feature", "properties": {"province_id": 1415, "name": "Bethlehem"}, "geometry": {"type": "Point", "coordinates": [7404.0, 5533.0]}}, {"type": "Feature", "properties": {"province_id": 1416, "name": "Ladysmith"}, "geometry": {"type": "Point", "coordinates": [7489.0, 5547.0]}}, {"type": "Feature", "properties": {"province_id": 1417, "name": "East London"}, "geometry": {"type": "Point", "coordinates": [7293.0, 5783.0]}}, {"type": "Feature", "properties": {"province_id": 1418, "name": "Springbok"}, "geometry": {"type": "Point", "coordinates": [6919.0, 5656.0]}}, {"type": "Feature", "properties": {"province_id": 1419, "name": "Calvinia"}, "geometry": {"type": "Point", "coordinates": [6962.0, 5744.0]}}, {"type": "Feature", "properties": {"province_id": 1420, "name": "Mossel Bay"}, "geometry": {"type": "Point", "coordinates": [7049.0, 5831.0]}}, {"type": "Feature", "properties": {"province_id": 1421, "name": "Victoria West"}, "geometry": {"type": "Point", "coordinates": [7124.0, 5763.0]}}, {"type": "Feature", "properties": {"province_id": 1422, "name": "Hopetown"}, "geometry": {"type": "Point", "coordinates": [7172.0, 5598.0]}}, {"type": "Feature", "properties": {"province_id": 1423, "name": "Bloemfontein"}, "geometry": {"type": "Point", "coordinates": [7296.0, 5585.0]}}, {"type": "Feature", "properties": {"province_id": 1424, "name": "Kimberley"}, "geometry": {"type": "Point", "coordinates": [7231.0, 5556.0]}}, {"type": "Feature", "properties": {"province_id": 1425, "name": "De Aar"}, "geometry": {"type": "Point", "coordinates": [7161.0, 5707.0]}}, {"type": "Feature", "properties": {"province_id": 1426, "name": "Mthatha"}, "geometry": {"type": "Point", "coordinates": [7361.0, 5743.0]}}, {"type": "Feature", "properties": {"province_id": 1427, "name": "Queenstown"}, "geometry": {"type": "Point", "coordinates": [7281.0, 5708.0]}}, {"type": "Feature", "properties": {"province_id": 1428, "name": "Durban"}, "geometry": {"type": "Point", "coordinates": [7501.0, 5623.0]}}, {"type": "Feature", "properties": {"province_id": 1429, "name": "Port Shepstone"}, "geometry": {"type": "Point", "coordinates": [7449.0, 5689.0]}}, {"type": "Feature", "properties": {"province_id": 1430, "name": "Windhoek"}, "geometry": {"type": "Point", "coordinates": [6903.0, 5369.0]}}, {"type": "Feature", "properties": {"province_id": 1431, "name": "Rehoboth"}, "geometry": {"type": "Point", "coordinates": [6896.0, 5418.0]}}, {"type": "Feature", "properties": {"province_id": 1432, "name": "Gobabis"}, "geometry": {"type": "Point", "coordinates": [6953.0, 5376.0]}}, {"type": "Feature", "properties": {"province_id": 1433, "name": "Otavi"}, "geometry": {"type": "Point", "coordinates": [6879.0, 5261.0]}}, {"type": "Feature", "properties": {"province_id": 1434, "name": "Grootfontein"}, "geometry": {"type": "Point", "coordinates": [6934.0, 5234.0]}}, {"type": "Feature", "properties": {"province_id": 1435, "name": "Outjo"}, "geometry": {"type": "Point", "coordinates": [6821.0, 5285.0]}}, {"type": "Feature", "properties": {"province_id": 1436, "name": "Kalkfontein"}, "geometry": {"type": "Point", "coordinates": [6905.0, 5570.0]}}, {"type": "Feature", "properties": {"province_id": 1437, "name": "Keetmanshoop"}, "geometry": {"type": "Point", "coordinates": [6918.0, 5497.0]}}, {"type": "Feature", "properties": {"province_id": 1438, "name": "Bethanie"}, "geometry": {"type": "Point", "coordinates": [6840.0, 5483.0]}}, {"type": "Feature", "properties": {"province_id": 1439, "name": "Lüderitz"}, "geometry": {"type": "Point", "coordinates": [6796.0, 5536.0]}}, {"type": "Feature", "properties": {"province_id": 1440, "name": "Walvis Bay"}, "geometry": {"type": "Point", "coordinates": [6767.0, 5375.0]}}, {"type": "Feature", "properties": {"province_id": 1441, "name": "Solitaire"}, "geometry": {"type": "Point", "coordinates": [6832.0, 5438.0]}}, {"type": "Feature", "properties": {"province_id": 1442, "name": "Oshakati"}, "geometry": {"type": "Point", "coordinates": [6817.0, 5159.0]}}, {"type": "Feature", "properties": {"province_id": 1443, "name": "Torra Bay"}, "geometry": {"type": "Point", "coordinates": [6718.0, 5287.0]}}, {"type": "Feature", "properties": {"province_id": 1444, "name": "Opuwo"}, "geometry": {"type": "Point", "coordinates": [6719.0, 5178.0]}}, {"type": "Feature", "properties": {"province_id": 1445, "name": "Kapako"}, "geometry": {"type": "Point", "coordinates": [7031.0, 5144.0]}}, {"type": "Feature", "properties": {"province_id": 1446, "name": "Okongo"}, "geometry": {"type": "Point", "coordinates": [6929.0, 5155.0]}}, {"type": "Feature", "properties": {"province_id": 1447, "name": "Otjinene"}, "geometry": {"type": "Point", "coordinates": [6961.0, 5314.0]}}, {"type": "Feature", "properties": {"province_id": 1448, "name": "Osire"}, "geometry": {"type": "Point", "coordinates": [6907.0, 5315.0]}}, {"type": "Feature", "properties": {"province_id": 1449, "name": "Tsumeb"}, "geometry": {"type": "Point", "coordinates": [6887.0, 5224.0]}}, {"type": "Feature", "properties": {"province_id": 1450, "name": "Otjimbingwe"}, "geometry": {"type": "Point", "coordinates": [6839.0, 5342.0]}}, {"type": "Feature", "properties": {"province_id": 1451, "name": "Swakopmund"}, "geometry": {"type": "Point", "coordinates": [6759.0, 5346.0]}}, {"type": "Feature", "properties": {"province_id": 1452, "name": "Luanda"}, "geometry": {"type": "Point", "coordinates": [6709.0, 4805.0]}}, {"type": "Feature", "properties": {"province_id": 1453, "name": "Lobito"}, "geometry": {"type": "Point", "coordinates": [6735.0, 4936.0]}}, {"type": "Feature", "properties": {"province_id": 1454, "name": "Cazombo"}, "geometry": {"type": "Point", "coordinates": [7083.0, 4910.0]}}, {"type": "Feature", "properties": {"province_id": 1455, "name": "Humbe"}, "geometry": {"type": "Point", "coordinates": [6757.0, 5103.0]}}, {"type": "Feature", "properties": {"province_id": 1456, "name": "Nova Lisboa"}, "geometry": {"type": "Point", "coordinates": [6791.0, 4988.0]}}, {"type": "Feature", "properties": {"province_id": 1457, "name": "Silva Porto"}, "geometry": {"type": "Point", "coordinates": [6841.0, 4993.0]}}, {"type": "Feature", "properties": {"province_id": 1458, "name": "Cassinga"}, "geometry": {"type": "Point", "coordinates": [6838.0, 5072.0]}}, {"type": "Feature", "properties": {"province_id": 1459, "name": "Sá da Bandeira"}, "geometry": {"type": "Point", "coordinates": [6735.0, 5053.0]}}, {"type": "Feature", "properties": {"province_id": 1460, "name": "Moçâmedes"}, "geometry": {"type": "Point", "coordinates": [6657.0, 5066.0]}}, {"type": "Feature", "properties": {"province_id": 1461, "name": "Barraca"}, "geometry": {"type": "Point", "coordinates": [6757.0, 4821.0]}}, {"type": "Feature", "properties": {"province_id": 1462, "name": "Ambriz"}, "geometry": {"type": "Point", "coordinates": [6710.0, 4732.0]}}, {"type": "Feature", "properties": {"province_id": 1463, "name": "Malanje"}, "geometry": {"type": "Point", "coordinates": [6861.0, 4812.0]}}, {"type": "Feature", "properties": {"province_id": 1464, "name": "Lourenço Marques"}, "geometry": {"type": "Point", "coordinates": [7566.0, 5474.0]}}, {"type": "Feature", "properties": {"province_id": 1465, "name": "Inhambane"}, "geometry": {"type": "Point", "coordinates": [7663.0, 5407.0]}}, {"type": "Feature", "properties": {"province_id": 1466, "name": "Zambezi"}, "geometry": {"type": "Point", "coordinates": [7534.0, 5069.0]}}, {"type": "Feature", "properties": {"province_id": 1467, "name": "Memba"}, "geometry": {"type": "Point", "coordinates": [7950.0, 4980.0]}}, {"type": "Feature", "properties": {"province_id": 1468, "name": "Sofala"}, "geometry": {"type": "Point", "coordinates": [7651.0, 5238.0]}}, {"type": "Feature", "properties": {"province_id": 1469, "name": "Igarassu"}, "geometry": {"type": "Point", "coordinates": [4982.0, 4586.0]}}, {"type": "Feature", "properties": {"province_id": 1470, "name": "Serra Talhada"}, "geometry": {"type": "Point", "coordinates": [4869.0, 4563.0]}}, {"type": "Feature", "properties": {"province_id": 1471, "name": "Nampula"}, "geometry": {"type": "Point", "coordinates": [7842.0, 5029.0]}}, {"type": "Feature", "properties": {"province_id": 1472, "name": "Quelimane"}, "geometry": {"type": "Point", "coordinates": [7777.0, 5136.0]}}, {"type": "Feature", "properties": {"province_id": 1473, "name": "Lichinga"}, "geometry": {"type": "Point", "coordinates": [7759.0, 4977.0]}}, {"type": "Feature", "properties": {"province_id": 1474, "name": "Tete"}, "geometry": {"type": "Point", "coordinates": [7644.0, 5126.0]}}, {"type": "Feature", "properties": {"province_id": 1475, "name": "Léopoldville"}, "geometry": {"type": "Point", "coordinates": [6884.0, 4628.0]}}, {"type": "Feature", "properties": {"province_id": 1476, "name": "Ponta Delgada"}, "geometry": {"type": "Point", "coordinates": [4947.0, 2626.0]}}, {"type": "Feature", "properties": {"province_id": 1477, "name": "Basoko"}, "geometry": {"type": "Point", "coordinates": [7196.0, 4408.0]}}, {"type": "Feature", "properties": {"province_id": 1478, "name": "Likasi"}, "geometry": {"type": "Point", "coordinates": [7296.0, 4810.0]}}, {"type": "Feature", "properties": {"province_id": 1479, "name": "Buta"}, "geometry": {"type": "Point", "coordinates": [7238.0, 4338.0]}}, {"type": "Feature", "properties": {"province_id": 1480, "name": "Niangara"}, "geometry": {"type": "Point", "coordinates": [7328.0, 4350.0]}}, {"type": "Feature", "properties": {"province_id": 1481, "name": "Menonge"}, "geometry": {"type": "Point", "coordinates": [6929.0, 5065.0]}}, {"type": "Feature", "properties": {"province_id": 1482, "name": "Stanleyville"}, "geometry": {"type": "Point", "coordinates": [7267.0, 4418.0]}}, {"type": "Feature", "properties": {"province_id": 1483, "name": "Gemena"}, "geometry": {"type": "Point", "coordinates": [7077.0, 4330.0]}}, {"type": "Feature", "properties": {"province_id": 1484, "name": "Mbandaka"}, "geometry": {"type": "Point", "coordinates": [6994.0, 4412.0]}}, {"type": "Feature", "properties": {"province_id": 1485, "name": "Lodja"}, "geometry": {"type": "Point", "coordinates": [7228.0, 4562.0]}}, {"type": "Feature", "properties": {"province_id": 1486, "name": "Lusambo"}, "geometry": {"type": "Point", "coordinates": [7203.0, 4665.0]}}, {"type": "Feature", "properties": {"province_id": 1487, "name": "Bukama"}, "geometry": {"type": "Point", "coordinates": [7267.0, 4759.0]}}, {"type": "Feature", "properties": {"province_id": 1488, "name": "Kapanga"}, "geometry": {"type": "Point", "coordinates": [7078.0, 4735.0]}}, {"type": "Feature", "properties": {"province_id": 1489, "name": "Kikwit"}, "geometry": {"type": "Point", "coordinates": [6973.0, 4639.0]}}, {"type": "Feature", "properties": {"province_id": 1490, "name": "Matadi"}, "geometry": {"type": "Point", "coordinates": [6748.0, 4658.0]}}, {"type": "Feature", "properties": {"province_id": 1491, "name": "Luebo"}, "geometry": {"type": "Point", "coordinates": [7099.0, 4641.0]}}, {"type": "Feature", "properties": {"province_id": 1492, "name": "Bandundu"}, "geometry": {"type": "Point", "coordinates": [6936.0, 4576.0]}}, {"type": "Feature", "properties": {"province_id": 1493, "name": "El Minya"}, "geometry": {"type": "Point", "coordinates": [7475.0, 3170.0]}}, {"type": "Feature", "properties": {"province_id": 1494, "name": "Port Said"}, "geometry": {"type": "Point", "coordinates": [7647.0, 3043.0]}}, {"type": "Feature", "properties": {"province_id": 1495, "name": "Mut"}, "geometry": {"type": "Point", "coordinates": [7359.0, 3371.0]}}, {"type": "Feature", "properties": {"province_id": 1496, "name": "Alexandria"}, "geometry": {"type": "Point", "coordinates": [7436.0, 3086.0]}}, {"type": "Feature", "properties": {"province_id": 1497, "name": "Damanhur"}, "geometry": {"type": "Point", "coordinates": [7473.0, 3084.0]}}, {"type": "Feature", "properties": {"province_id": 1498, "name": "Hurghada"}, "geometry": {"type": "Point", "coordinates": [7670.0, 3194.0]}}, {"type": "Feature", "properties": {"province_id": 1499, "name": "Ismailia"}, "geometry": {"type": "Point", "coordinates": [7648.0, 3115.0]}}, {"type": "Feature", "properties": {"province_id": 1500, "name": "Farafra"}, "geometry": {"type": "Point", "coordinates": [7310.0, 3227.0]}}, {"type": "Feature", "properties": {"province_id": 1501, "name": "Faiyum"}, "geometry": {"type": "Point", "coordinates": [7391.0, 3143.0]}}, {"type": "Feature", "properties": {"province_id": 1502, "name": "El Sheb"}, "geometry": {"type": "Point", "coordinates": [7391.0, 3480.0]}}, {"type": "Feature", "properties": {"province_id": 1503, "name": "Wadi Halfa"}, "geometry": {"type": "Point", "coordinates": [7502.0, 3540.0]}}, {"type": "Feature", "properties": {"province_id": 1504, "name": "Dongola"}, "geometry": {"type": "Point", "coordinates": [7450.0, 3605.0]}}, {"type": "Feature", "properties": {"province_id": 1505, "name": "Port Sudan"}, "geometry": {"type": "Point", "coordinates": [7794.0, 3582.0]}}, {"type": "Feature", "properties": {"province_id": 1506, "name": "Suakin"}, "geometry": {"type": "Point", "coordinates": [7816.0, 3657.0]}}, {"type": "Feature", "properties": {"province_id": 1507, "name": "El Fasher"}, "geometry": {"type": "Point", "coordinates": [7261.0, 3770.0]}}, {"type": "Feature", "properties": {"province_id": 1508, "name": "En Nahud"}, "geometry": {"type": "Point", "coordinates": [7350.0, 3813.0]}}, {"type": "Feature", "properties": {"province_id": 1509, "name": "El Obeid"}, "geometry": {"type": "Point", "coordinates": [7424.0, 3773.0]}}, {"type": "Feature", "properties": {"province_id": 1510, "name": "El Dueim"}, "geometry": {"type": "Point", "coordinates": [7547.0, 3766.0]}}, {"type": "Feature", "properties": {"province_id": 1511, "name": "Sinjah"}, "geometry": {"type": "Point", "coordinates": [7752.0, 3829.0]}}, {"type": "Feature", "properties": {"province_id": 1512, "name": "Sennar"}, "geometry": {"type": "Point", "coordinates": [7707.0, 3783.0]}}, {"type": "Feature", "properties": {"province_id": 1513, "name": "Khartoum"}, "geometry": {"type": "Point", "coordinates": [7621.0, 3686.0]}}, {"type": "Feature", "properties": {"province_id": 1514, "name": "Merowe"}, "geometry": {"type": "Point", "coordinates": [7524.0, 3630.0]}}, {"type": "Feature", "properties": {"province_id": 1515, "name": "Berber"}, "geometry": {"type": "Point", "coordinates": [7622.0, 3620.0]}}, {"type": "Feature", "properties": {"province_id": 1516, "name": "El Qasr"}, "geometry": {"type": "Point", "coordinates": [7329.0, 3296.0]}}, {"type": "Feature", "properties": {"province_id": 1517, "name": "Abu Minqar"}, "geometry": {"type": "Point", "coordinates": [7238.0, 3280.0]}}, {"type": "Feature", "properties": {"province_id": 1518, "name": "Aṣ-ṣaḥrā"}, "geometry": {"type": "Point", "coordinates": [7235.0, 3474.0]}}, {"type": "Feature", "properties": {"province_id": 1519, "name": "Eastern Sand Sea"}, "geometry": {"type": "Point", "coordinates": [7236.0, 3394.0]}}, {"type": "Feature", "properties": {"province_id": 1520, "name": "El Alamein"}, "geometry": {"type": "Point", "coordinates": [7390.0, 3093.0]}}, {"type": "Feature", "properties": {"province_id": 1521, "name": "Marsa Matruh"}, "geometry": {"type": "Point", "coordinates": [7328.0, 3079.0]}}, {"type": "Feature", "properties": {"province_id": 1522, "name": "Sidi Barrani"}, "geometry": {"type": "Point", "coordinates": [7265.0, 3074.0]}}, {"type": "Feature", "properties": {"province_id": 1523, "name": "Cara"}, "geometry": {"type": "Point", "coordinates": [7288.0, 3162.0]}}, {"type": "Feature", "properties": {"province_id": 1524, "name": "Bawiti"}, "geometry": {"type": "Point", "coordinates": [7404.0, 3211.0]}}, {"type": "Feature", "properties": {"province_id": 1525, "name": "Girga"}, "geometry": {"type": "Point", "coordinates": [7538.0, 3316.0]}}, {"type": "Feature", "properties": {"province_id": 1526, "name": "Qena"}, "geometry": {"type": "Point", "coordinates": [7602.0, 3341.0]}}, {"type": "Feature", "properties": {"province_id": 1527, "name": "Berenice"}, "geometry": {"type": "Point", "coordinates": [7720.0, 3404.0]}}, {"type": "Feature", "properties": {"province_id": 1528, "name": "Safaga"}, "geometry": {"type": "Point", "coordinates": [7677.0, 3296.0]}}, {"type": "Feature", "properties": {"province_id": 1529, "name": "Madinaty"}, "geometry": {"type": "Point", "coordinates": [7558.0, 3125.0]}}, {"type": "Feature", "properties": {"province_id": 1530, "name": "Luxor"}, "geometry": {"type": "Point", "coordinates": [7587.0, 3367.0]}}, {"type": "Feature", "properties": {"province_id": 1531, "name": "Tripoli"}, "geometry": {"type": "Point", "coordinates": [6650.0, 3078.0]}}, {"type": "Feature", "properties": {"province_id": 1532, "name": "Gharyan"}, "geometry": {"type": "Point", "coordinates": [6654.0, 3105.0]}}, {"type": "Feature", "properties": {"province_id": 1533, "name": "Misrata"}, "geometry": {"type": "Point", "coordinates": [6737.0, 3099.0]}}, {"type": "Feature", "properties": {"province_id": 1534, "name": "Sirte"}, "geometry": {"type": "Point", "coordinates": [6787.0, 3153.0]}}, {"type": "Feature", "properties": {"province_id": 1535, "name": "Benghazi"}, "geometry": {"type": "Point", "coordinates": [6975.0, 3050.0]}}, {"type": "Feature", "properties": {"province_id": 1536, "name": "Socna"}, "geometry": {"type": "Point", "coordinates": [6750.0, 3231.0]}}, {"type": "Feature", "properties": {"province_id": 1537, "name": "Qatrun"}, "geometry": {"type": "Point", "coordinates": [6737.0, 3386.0]}}, {"type": "Feature", "properties": {"province_id": 1538, "name": "Wath"}, "geometry": {"type": "Point", "coordinates": [6955.0, 3458.0]}}, {"type": "Feature", "properties": {"province_id": 1539, "name": "Al-Jawf"}, "geometry": {"type": "Point", "coordinates": [7132.0, 3381.0]}}, {"type": "Feature", "properties": {"province_id": 1540, "name": "Buzaymah"}, "geometry": {"type": "Point", "coordinates": [7008.0, 3370.0]}}, {"type": "Feature", "properties": {"province_id": 1541, "name": "Zaltan"}, "geometry": {"type": "Point", "coordinates": [6943.0, 3277.0]}}, {"type": "Feature", "properties": {"province_id": 1542, "name": "Jalu"}, "geometry": {"type": "Point", "coordinates": [7034.0, 3264.0]}}, {"type": "Feature", "properties": {"province_id": 1543, "name": "Giarabub"}, "geometry": {"type": "Point", "coordinates": [7096.0, 3176.0]}}, {"type": "Feature", "properties": {"province_id": 1544, "name": "Tobruk"}, "geometry": {"type": "Point", "coordinates": [7144.0, 3042.0]}}, {"type": "Feature", "properties": {"province_id": 1545, "name": "Derna"}, "geometry": {"type": "Point", "coordinates": [7070.0, 3017.0]}}, {"type": "Feature", "properties": {"province_id": 1546, "name": "Ajdabiya"}, "geometry": {"type": "Point", "coordinates": [6979.0, 3111.0]}}, {"type": "Feature", "properties": {"province_id": 1547, "name": "Marsa al Brega"}, "geometry": {"type": "Point", "coordinates": [6939.0, 3199.0]}}, {"type": "Feature", "properties": {"province_id": 1548, "name": "At Tallab"}, "geometry": {"type": "Point", "coordinates": [7135.0, 3468.0]}}, {"type": "Feature", "properties": {"province_id": 1549, "name": "Timassah"}, "geometry": {"type": "Point", "coordinates": [6841.0, 3359.0]}}, {"type": "Feature", "properties": {"province_id": 1550, "name": "Ghat"}, "geometry": {"type": "Point", "coordinates": [6625.0, 3333.0]}}, {"type": "Feature", "properties": {"province_id": 1551, "name": "Sabha"}, "geometry": {"type": "Point", "coordinates": [6722.0, 3305.0]}}, {"type": "Feature", "properties": {"province_id": 1552, "name": "Ghadames"}, "geometry": {"type": "Point", "coordinates": [6562.0, 3205.0]}}, {"type": "Feature", "properties": {"province_id": 1553, "name": "Nalut"}, "geometry": {"type": "Point", "coordinates": [6546.0, 3120.0]}}, {"type": "Feature", "properties": {"province_id": 1554, "name": "Tabonieh"}, "geometry": {"type": "Point", "coordinates": [6706.0, 3166.0]}}, {"type": "Feature", "properties": {"province_id": 1555, "name": "Zillah"}, "geometry": {"type": "Point", "coordinates": [6854.0, 3261.0]}}, {"type": "Feature", "properties": {"province_id": 1556, "name": "Waddan"}, "geometry": {"type": "Point", "coordinates": [6810.0, 3209.0]}}, {"type": "Feature", "properties": {"province_id": 1557, "name": "Bin Jawad"}, "geometry": {"type": "Point", "coordinates": [6864.0, 3172.0]}}, {"type": "Feature", "properties": {"province_id": 1558, "name": "Kufra"}, "geometry": {"type": "Point", "coordinates": [7111.0, 3297.0]}}, {"type": "Feature", "properties": {"province_id": 1559, "name": "Adiri"}, "geometry": {"type": "Point", "coordinates": [6648.0, 3250.0]}}, {"type": "Feature", "properties": {"province_id": 1560, "name": "Tunis"}, "geometry": {"type": "Point", "coordinates": [6503.0, 2893.0]}}, {"type": "Feature", "properties": {"province_id": 1561, "name": "Gabes"}, "geometry": {"type": "Point", "coordinates": [6504.0, 3020.0]}}, {"type": "Feature", "properties": {"province_id": 1562, "name": "Sfax"}, "geometry": {"type": "Point", "coordinates": [6516.0, 2983.0]}}, {"type": "Feature", "properties": {"province_id": 1563, "name": "Tozeur"}, "geometry": {"type": "Point", "coordinates": [6416.0, 3020.0]}}, {"type": "Feature", "properties": {"province_id": 1564, "name": "Tataouine"}, "geometry": {"type": "Point", "coordinates": [6500.0, 3081.0]}}, {"type": "Feature", "properties": {"province_id": 1565, "name": "El Kef"}, "geometry": {"type": "Point", "coordinates": [6439.0, 2918.0]}}, {"type": "Feature", "properties": {"province_id": 1566, "name": "Oran"}, "geometry": {"type": "Point", "coordinates": [6006.0, 2935.0]}}, {"type": "Feature", "properties": {"province_id": 1567, "name": "Algiers"}, "geometry": {"type": "Point", "coordinates": [6157.0, 2891.0]}}, {"type": "Feature", "properties": {"province_id": 1568, "name": "Bedouaram"}, "geometry": {"type": "Point", "coordinates": [6656.0, 3740.0]}}, {"type": "Feature", "properties": {"province_id": 1569, "name": "Tamanrasset"}, "geometry": {"type": "Point", "coordinates": [6357.0, 3469.0]}}, {"type": "Feature", "properties": {"province_id": 1570, "name": "In Guezzam"}, "geometry": {"type": "Point", "coordinates": [6364.0, 3579.0]}}, {"type": "Feature", "properties": {"province_id": 1571, "name": "Idlès"}, "geometry": {"type": "Point", "coordinates": [6392.0, 3410.0]}}, {"type": "Feature", "properties": {"province_id": 1572, "name": "Tinzouatine"}, "geometry": {"type": "Point", "coordinates": [6286.0, 3523.0]}}, {"type": "Feature", "properties": {"province_id": 1573, "name": "Silet"}, "geometry": {"type": "Point", "coordinates": [6271.0, 3426.0]}}, {"type": "Feature", "properties": {"province_id": 1574, "name": "Tazrouk"}, "geometry": {"type": "Point", "coordinates": [6417.0, 3438.0]}}, {"type": "Feature", "properties": {"province_id": 1575, "name": "Illizi"}, "geometry": {"type": "Point", "coordinates": [6484.0, 3336.0]}}, {"type": "Feature", "properties": {"province_id": 1576, "name": "El Borma"}, "geometry": {"type": "Point", "coordinates": [6405.0, 3159.0]}}, {"type": "Feature", "properties": {"province_id": 1577, "name": "El Qued"}, "geometry": {"type": "Point", "coordinates": [6329.0, 3066.0]}}, {"type": "Feature", "properties": {"province_id": 1578, "name": "Bône"}, "geometry": {"type": "Point", "coordinates": [6363.0, 2884.0]}}, {"type": "Feature", "properties": {"province_id": 1579, "name": "Setif"}, "geometry": {"type": "Point", "coordinates": [6227.0, 2933.0]}}, {"type": "Feature", "properties": {"province_id": 1580, "name": "Constantine"}, "geometry": {"type": "Point", "coordinates": [6308.0, 2932.0]}}, {"type": "Feature", "properties": {"province_id": 1581, "name": "Aougrout"}, "geometry": {"type": "Point", "coordinates": [6041.0, 3196.0]}}, {"type": "Feature", "properties": {"province_id": 1582, "name": "Benoud"}, "geometry": {"type": "Point", "coordinates": [6017.0, 3081.0]}}, {"type": "Feature", "properties": {"province_id": 1583, "name": "Tlemcen"}, "geometry": {"type": "Point", "coordinates": [5965.0, 2982.0]}}, {"type": "Feature", "properties": {"province_id": 1584, "name": "Orléansville"}, "geometry": {"type": "Point", "coordinates": [6081.0, 2918.0]}}, {"type": "Feature", "properties": {"province_id": 1585, "name": "Djelfa"}, "geometry": {"type": "Point", "coordinates": [6169.0, 2968.0]}}, {"type": "Feature", "properties": {"province_id": 1586, "name": "Bordj Le Prieur"}, "geometry": {"type": "Point", "coordinates": [6072.0, 3414.0]}}, {"type": "Feature", "properties": {"province_id": 1587, "name": "Tinduf"}, "geometry": {"type": "Point", "coordinates": [5770.0, 3244.0]}}, {"type": "Feature", "properties": {"province_id": 1588, "name": "Ouargla"}, "geometry": {"type": "Point", "coordinates": [6225.0, 3098.0]}}, {"type": "Feature", "properties": {"province_id": 1589, "name": "El Menia"}, "geometry": {"type": "Point", "coordinates": [6152.0, 3160.0]}}, {"type": "Feature", "properties": {"province_id": 1590, "name": "Béchar"}, "geometry": {"type": "Point", "coordinates": [5909.0, 3144.0]}}, {"type": "Feature", "properties": {"province_id": 1591, "name": "Reggane"}, "geometry": {"type": "Point", "coordinates": [5973.0, 3308.0]}}, {"type": "Feature", "properties": {"province_id": 1592, "name": "Ain Salah"}, "geometry": {"type": "Point", "coordinates": [6154.0, 3274.0]}}, {"type": "Feature", "properties": {"province_id": 1593, "name": "Amquid"}, "geometry": {"type": "Point", "coordinates": [6306.0, 3320.0]}}, {"type": "Feature", "properties": {"province_id": 1594, "name": "Hassi Messaoud"}, "geometry": {"type": "Point", "coordinates": [6260.0, 3177.0]}}, {"type": "Feature", "properties": {"province_id": 1595, "name": "Saida"}, "geometry": {"type": "Point", "coordinates": [6050.0, 2993.0]}}, {"type": "Feature", "properties": {"province_id": 1596, "name": "Laghouat"}, "geometry": {"type": "Point", "coordinates": [6127.0, 3037.0]}}, {"type": "Feature", "properties": {"province_id": 1597, "name": "Biskra"}, "geometry": {"type": "Point", "coordinates": [6290.0, 2984.0]}}, {"type": "Feature", "properties": {"province_id": 1598, "name": "Djado"}, "geometry": {"type": "Point", "coordinates": [6689.0, 3518.0]}}, {"type": "Feature", "properties": {"province_id": 1599, "name": "Zinder"}, "geometry": {"type": "Point", "coordinates": [6517.0, 3810.0]}}, {"type": "Feature", "properties": {"province_id": 1600, "name": "Niamey"}, "geometry": {"type": "Point", "coordinates": [6254.0, 3842.0]}}, {"type": "Feature", "properties": {"province_id": 1601, "name": "Tahoua"}, "geometry": {"type": "Point", "coordinates": [6397.0, 3755.0]}}, {"type": "Feature", "properties": {"province_id": 1602, "name": "Aguella"}, "geometry": {"type": "Point", "coordinates": [6484.0, 3598.0]}}, {"type": "Feature", "properties": {"province_id": 1603, "name": "Agadez"}, "geometry": {"type": "Point", "coordinates": [6498.0, 3693.0]}}, {"type": "Feature", "properties": {"province_id": 1604, "name": "Fachi"}, "geometry": {"type": "Point", "coordinates": [6601.0, 3709.0]}}, {"type": "Feature", "properties": {"province_id": 1605, "name": "Bilma"}, "geometry": {"type": "Point", "coordinates": [6667.0, 3620.0]}}, {"type": "Feature", "properties": {"province_id": 1606, "name": "Yaoundé"}, "geometry": {"type": "Point", "coordinates": [6656.0, 4287.0]}}, {"type": "Feature", "properties": {"province_id": 1607, "name": "Douala"}, "geometry": {"type": "Point", "coordinates": [6552.0, 4270.0]}}, {"type": "Feature", "properties": {"province_id": 1608, "name": "Lomié"}, "geometry": {"type": "Point", "coordinates": [6753.0, 4319.0]}}, {"type": "Feature", "properties": {"province_id": 1609, "name": "Doumé"}, "geometry": {"type": "Point", "coordinates": [6802.0, 4208.0]}}, {"type": "Feature", "properties": {"province_id": 1610, "name": "Garoua"}, "geometry": {"type": "Point", "coordinates": [6758.0, 4067.0]}}, {"type": "Feature", "properties": {"province_id": 1611, "name": "Bamenda"}, "geometry": {"type": "Point", "coordinates": [6584.0, 4186.0]}}, {"type": "Feature", "properties": {"province_id": 1612, "name": "Nanga Eboko"}, "geometry": {"type": "Point", "coordinates": [6696.0, 4223.0]}}, {"type": "Feature", "properties": {"province_id": 1613, "name": "Tibati"}, "geometry": {"type": "Point", "coordinates": [6712.0, 4140.0]}}, {"type": "Feature", "properties": {"province_id": 1614, "name": "Tangier"}, "geometry": {"type": "Point", "coordinates": [5636.0, 2899.0]}}, {"type": "Feature", "properties": {"province_id": 1615, "name": "Fèz"}, "geometry": {"type": "Point", "coordinates": [5715.0, 3023.0]}}, {"type": "Feature", "properties": {"province_id": 1616, "name": "Agadir"}, "geometry": {"type": "Point", "coordinates": [5585.0, 3105.0]}}, {"type": "Feature", "properties": {"province_id": 1617, "name": "Marrakech"}, "geometry": {"type": "Point", "coordinates": [5684.0, 3076.0]}}, {"type": "Feature", "properties": {"province_id": 1618, "name": "Rabat"}, "geometry": {"type": "Point", "coordinates": [5624.0, 2994.0]}}, {"type": "Feature", "properties": {"province_id": 1619, "name": "Oujda"}, "geometry": {"type": "Point", "coordinates": [5874.0, 2996.0]}}, {"type": "Feature", "properties": {"province_id": 1620, "name": "Taouz"}, "geometry": {"type": "Point", "coordinates": [5779.0, 3124.0]}}, {"type": "Feature", "properties": {"province_id": 1621, "name": "Guelmim"}, "geometry": {"type": "Point", "coordinates": [5575.0, 3160.0]}}, {"type": "Feature", "properties": {"province_id": 1622, "name": "Pofadder"}, "geometry": {"type": "Point", "coordinates": [7029.0, 5642.0]}}, {"type": "Feature", "properties": {"province_id": 1623, "name": "Fort Salisbury"}, "geometry": {"type": "Point", "coordinates": [7525.0, 5169.0]}}, {"type": "Feature", "properties": {"province_id": 1624, "name": "Sinoia"}, "geometry": {"type": "Point", "coordinates": [7469.0, 5146.0]}}, {"type": "Feature", "properties": {"province_id": 1625, "name": "Gwelo"}, "geometry": {"type": "Point", "coordinates": [7440.0, 5262.0]}}, {"type": "Feature", "properties": {"province_id": 1626, "name": "Tui"}, "geometry": {"type": "Point", "coordinates": [7447.0, 5369.0]}}, {"type": "Feature", "properties": {"province_id": 1627, "name": "Bulawayo"}, "geometry": {"type": "Point", "coordinates": [7395.0, 5279.0]}}, {"type": "Feature", "properties": {"province_id": 1628, "name": "Mochudi"}, "geometry": {"type": "Point", "coordinates": [7355.0, 5421.0]}}, {"type": "Feature", "properties": {"province_id": 1629, "name": "Pietermaritzburg"}, "geometry": {"type": "Point", "coordinates": [7453.0, 5611.0]}}, {"type": "Feature", "properties": {"province_id": 1630, "name": "Richards Bay"}, "geometry": {"type": "Point", "coordinates": [7562.0, 5556.0]}}, {"type": "Feature", "properties": {"province_id": 1631, "name": "Aliwal North"}, "geometry": {"type": "Point", "coordinates": [7323.0, 5653.0]}}, {"type": "Feature", "properties": {"province_id": 1632, "name": "Carnarvon"}, "geometry": {"type": "Point", "coordinates": [7054.0, 5723.0]}}, {"type": "Feature", "properties": {"province_id": 1633, "name": "Mount Darwin"}, "geometry": {"type": "Point", "coordinates": [7556.0, 5140.0]}}, {"type": "Feature", "properties": {"province_id": 1634, "name": "Umtali"}, "geometry": {"type": "Point", "coordinates": [7567.0, 5234.0]}}, {"type": "Feature", "properties": {"province_id": 1635, "name": "Kadoma"}, "geometry": {"type": "Point", "coordinates": [7460.0, 5204.0]}}, {"type": "Feature", "properties": {"province_id": 1636, "name": "Masvingo"}, "geometry": {"type": "Point", "coordinates": [7491.0, 5294.0]}}, {"type": "Feature", "properties": {"province_id": 1637, "name": "Gokwe"}, "geometry": {"type": "Point", "coordinates": [7382.0, 5200.0]}}, {"type": "Feature", "properties": {"province_id": 1638, "name": "Dete"}, "geometry": {"type": "Point", "coordinates": [7302.0, 5174.0]}}, {"type": "Feature", "properties": {"province_id": 1639, "name": "Gaborone"}, "geometry": {"type": "Point", "coordinates": [7292.0, 5442.0]}}, {"type": "Feature", "properties": {"province_id": 1640, "name": "Tshabong"}, "geometry": {"type": "Point", "coordinates": [7128.0, 5522.0]}}, {"type": "Feature", "properties": {"province_id": 1641, "name": "Two Rivers"}, "geometry": {"type": "Point", "coordinates": [7008.0, 5505.0]}}, {"type": "Feature", "properties": {"province_id": 1642, "name": "Kang"}, "geometry": {"type": "Point", "coordinates": [7109.0, 5434.0]}}, {"type": "Feature", "properties": {"province_id": 1643, "name": "Kanye"}, "geometry": {"type": "Point", "coordinates": [7244.0, 5465.0]}}, {"type": "Feature", "properties": {"province_id": 1644, "name": "Kule"}, "geometry": {"type": "Point", "coordinates": [7005.0, 5402.0]}}, {"type": "Feature", "properties": {"province_id": 1645, "name": "Maun"}, "geometry": {"type": "Point", "coordinates": [7164.0, 5286.0]}}, {"type": "Feature", "properties": {"province_id": 1646, "name": "Dekar"}, "geometry": {"type": "Point", "coordinates": [7077.0, 5336.0]}}, {"type": "Feature", "properties": {"province_id": 1647, "name": "Shakawe"}, "geometry": {"type": "Point", "coordinates": [7064.0, 5197.0]}}, {"type": "Feature", "properties": {"province_id": 1648, "name": "Savuti"}, "geometry": {"type": "Point", "coordinates": [7202.0, 5194.0]}}, {"type": "Feature", "properties": {"province_id": 1649, "name": "Mopipi"}, "geometry": {"type": "Point", "coordinates": [7236.0, 5320.0]}}, {"type": "Feature", "properties": {"province_id": 1650, "name": "Francistown"}, "geometry": {"type": "Point", "coordinates": [7332.0, 5315.0]}}, {"type": "Feature", "properties": {"province_id": 1651, "name": "Molepolole"}, "geometry": {"type": "Point", "coordinates": [7259.0, 5406.0]}}, {"type": "Feature", "properties": {"province_id": 1652, "name": "Takatokwane"}, "geometry": {"type": "Point", "coordinates": [7179.0, 5392.0]}}, {"type": "Feature", "properties": {"province_id": 1653, "name": "Jamba"}, "geometry": {"type": "Point", "coordinates": [7067.0, 5096.0]}}, {"type": "Feature", "properties": {"province_id": 1654, "name": "Kolwezi"}, "geometry": {"type": "Point", "coordinates": [7222.0, 4814.0]}}, {"type": "Feature", "properties": {"province_id": 1655, "name": "Élisabethville"}, "geometry": {"type": "Point", "coordinates": [7335.0, 4859.0]}}, {"type": "Feature", "properties": {"province_id": 1656, "name": "Kalemie"}, "geometry": {"type": "Point", "coordinates": [7460.0, 4696.0]}}, {"type": "Feature", "properties": {"province_id": 1657, "name": "Malonga"}, "geometry": {"type": "Point", "coordinates": [7124.0, 4839.0]}}, {"type": "Feature", "properties": {"province_id": 1658, "name": "Bukavu"}, "geometry": {"type": "Point", "coordinates": [7431.0, 4551.0]}}, {"type": "Feature", "properties": {"province_id": 1659, "name": "Kasongo"}, "geometry": {"type": "Point", "coordinates": [7338.0, 4632.0]}}, {"type": "Feature", "properties": {"province_id": 1660, "name": "Oshwe"}, "geometry": {"type": "Point", "coordinates": [7075.0, 4553.0]}}, {"type": "Feature", "properties": {"province_id": 1661, "name": "Bunia"}, "geometry": {"type": "Point", "coordinates": [7465.0, 4427.0]}}, {"type": "Feature", "properties": {"province_id": 1662, "name": "Gama"}, "geometry": {"type": "Point", "coordinates": [7294.0, 4505.0]}}, {"type": "Feature", "properties": {"province_id": 1663, "name": "Manono"}, "geometry": {"type": "Point", "coordinates": [7363.0, 4746.0]}}, {"type": "Feature", "properties": {"province_id": 1664, "name": "Lisala"}, "geometry": {"type": "Point", "coordinates": [7107.0, 4389.0]}}, {"type": "Feature", "properties": {"province_id": 1665, "name": "Dundo"}, "geometry": {"type": "Point", "coordinates": [6994.0, 4737.0]}}, {"type": "Feature", "properties": {"province_id": 1666, "name": "Uíge"}, "geometry": {"type": "Point", "coordinates": [6804.0, 4735.0]}}, {"type": "Feature", "properties": {"province_id": 1667, "name": "Cacolo"}, "geometry": {"type": "Point", "coordinates": [6936.0, 4828.0]}}, {"type": "Feature", "properties": {"province_id": 1668, "name": "Novo Redondo"}, "geometry": {"type": "Point", "coordinates": [6740.0, 4892.0]}}, {"type": "Feature", "properties": {"province_id": 1669, "name": "Benguela"}, "geometry": {"type": "Point", "coordinates": [6703.0, 4972.0]}}, {"type": "Feature", "properties": {"province_id": 1670, "name": "Lumbala"}, "geometry": {"type": "Point", "coordinates": [7038.0, 5015.0]}}, {"type": "Feature", "properties": {"province_id": 1671, "name": "Luso"}, "geometry": {"type": "Point", "coordinates": [6971.0, 4918.0]}}, {"type": "Feature", "properties": {"province_id": 1672, "name": "Lúbia"}, "geometry": {"type": "Point", "coordinates": [6867.0, 4899.0]}}, {"type": "Feature", "properties": {"province_id": 1673, "name": "Minendunda"}, "geometry": {"type": "Point", "coordinates": [6958.0, 5023.0]}}, {"type": "Feature", "properties": {"province_id": 1674, "name": "Lumeje"}, "geometry": {"type": "Point", "coordinates": [7007.0, 4860.0]}}, {"type": "Feature", "properties": {"province_id": 1675, "name": "Dar es Salaam"}, "geometry": {"type": "Point", "coordinates": [7904.0, 4717.0]}}, {"type": "Feature", "properties": {"province_id": 1676, "name": "Morogoro"}, "geometry": {"type": "Point", "coordinates": [7839.0, 4726.0]}}, {"type": "Feature", "properties": {"province_id": 1677, "name": "Tanga"}, "geometry": {"type": "Point", "coordinates": [7898.0, 4629.0]}}, {"type": "Feature", "properties": {"province_id": 1678, "name": "Mikindani"}, "geometry": {"type": "Point", "coordinates": [7944.0, 4860.0]}}, {"type": "Feature", "properties": {"province_id": 1679, "name": "Molioro"}, "geometry": {"type": "Point", "coordinates": [7901.0, 4774.0]}}, {"type": "Feature", "properties": {"province_id": 1680, "name": "Dodoma"}, "geometry": {"type": "Point", "coordinates": [7755.0, 4670.0]}}, {"type": "Feature", "properties": {"province_id": 1681, "name": "Tabora"}, "geometry": {"type": "Point", "coordinates": [7616.0, 4635.0]}}, {"type": "Feature", "properties": {"province_id": 1682, "name": "Kigoma"}, "geometry": {"type": "Point", "coordinates": [7498.0, 4624.0]}}, {"type": "Feature", "properties": {"province_id": 1683, "name": "Uvinza"}, "geometry": {"type": "Point", "coordinates": [7546.0, 4639.0]}}, {"type": "Feature", "properties": {"province_id": 1684, "name": "Kirambo"}, "geometry": {"type": "Point", "coordinates": [7573.0, 4597.0]}}, {"type": "Feature", "properties": {"province_id": 1685, "name": "Serayombo"}, "geometry": {"type": "Point", "coordinates": [7572.0, 4527.0]}}, {"type": "Feature", "properties": {"province_id": 1686, "name": "Gitega"}, "geometry": {"type": "Point", "coordinates": [7488.0, 4557.0]}}, {"type": "Feature", "properties": {"province_id": 1687, "name": "Igonda"}, "geometry": {"type": "Point", "coordinates": [7618.0, 4665.0]}}, {"type": "Feature", "properties": {"province_id": 1688, "name": "Utengula"}, "geometry": {"type": "Point", "coordinates": [7665.0, 4791.0]}}, {"type": "Feature", "properties": {"province_id": 1689, "name": "Kia"}, "geometry": {"type": "Point", "coordinates": [7580.0, 4732.0]}}, {"type": "Feature", "properties": {"province_id": 1690, "name": "Sabruma"}, "geometry": {"type": "Point", "coordinates": [7736.0, 4854.0]}}, {"type": "Feature", "properties": {"province_id": 1691, "name": "Nasoro"}, "geometry": {"type": "Point", "coordinates": [7855.0, 4862.0]}}, {"type": "Feature", "properties": {"province_id": 1692, "name": "Kwiringa"}, "geometry": {"type": "Point", "coordinates": [7767.0, 4737.0]}}, {"type": "Feature", "properties": {"province_id": 1693, "name": "Donde"}, "geometry": {"type": "Point", "coordinates": [7832.0, 4801.0]}}, {"type": "Feature", "properties": {"province_id": 1694, "name": "Rungwa"}, "geometry": {"type": "Point", "coordinates": [7677.0, 4728.0]}}, {"type": "Feature", "properties": {"province_id": 1695, "name": "Kitange"}, "geometry": {"type": "Point", "coordinates": [7807.0, 4667.0]}}, {"type": "Feature", "properties": {"province_id": 1696, "name": "Kondoa"}, "geometry": {"type": "Point", "coordinates": [7764.0, 4623.0]}}, {"type": "Feature", "properties": {"province_id": 1697, "name": "Kilimatinde"}, "geometry": {"type": "Point", "coordinates": [7699.0, 4661.0]}}, {"type": "Feature", "properties": {"province_id": 1698, "name": "Mwansa"}, "geometry": {"type": "Point", "coordinates": [7647.0, 4556.0]}}, {"type": "Feature", "properties": {"province_id": 1699, "name": "Usambara"}, "geometry": {"type": "Point", "coordinates": [7686.0, 4506.0]}}, {"type": "Feature", "properties": {"province_id": 1700, "name": "Arusha"}, "geometry": {"type": "Point", "coordinates": [7785.0, 4556.0]}}, {"type": "Feature", "properties": {"province_id": 1701, "name": "Addis Ababa"}, "geometry": {"type": "Point", "coordinates": [7930.0, 4067.0]}}, {"type": "Feature", "properties": {"province_id": 1702, "name": "Nekemte"}, "geometry": {"type": "Point", "coordinates": [7778.0, 4070.0]}}, {"type": "Feature", "properties": {"province_id": 1703, "name": "Gondar"}, "geometry": {"type": "Point", "coordinates": [7837.0, 3939.0]}}, {"type": "Feature", "properties": {"province_id": 1704, "name": "Banana"}, "geometry": {"type": "Point", "coordinates": [6661.0, 4664.0]}}, {"type": "Feature", "properties": {"province_id": 1705, "name": "Harar"}, "geometry": {"type": "Point", "coordinates": [8089.0, 4069.0]}}, {"type": "Feature", "properties": {"province_id": 1706, "name": "Kebri Dehar"}, "geometry": {"type": "Point", "coordinates": [8141.0, 4158.0]}}, {"type": "Feature", "properties": {"province_id": 1707, "name": "Mustahil"}, "geometry": {"type": "Point", "coordinates": [8164.0, 4223.0]}}, {"type": "Feature", "properties": {"province_id": 1708, "name": "Dudub"}, "geometry": {"type": "Point", "coordinates": [8261.0, 4153.0]}}, {"type": "Feature", "properties": {"province_id": 1709, "name": "Afder"}, "geometry": {"type": "Point", "coordinates": [8048.0, 4230.0]}}, {"type": "Feature", "properties": {"province_id": 1710, "name": "Imi"}, "geometry": {"type": "Point", "coordinates": [8052.0, 4158.0]}}, {"type": "Feature", "properties": {"province_id": 1711, "name": "Asosa"}, "geometry": {"type": "Point", "coordinates": [7709.0, 4048.0]}}, {"type": "Feature", "properties": {"province_id": 1712, "name": "Metu"}, "geometry": {"type": "Point", "coordinates": [7746.0, 4111.0]}}, {"type": "Feature", "properties": {"province_id": 1713, "name": "Jimma"}, "geometry": {"type": "Point", "coordinates": [7826.0, 4125.0]}}, {"type": "Feature", "properties": {"province_id": 1714, "name": "Ambo"}, "geometry": {"type": "Point", "coordinates": [7876.0, 4069.0]}}, {"type": "Feature", "properties": {"province_id": 1715, "name": "Bahir Dar"}, "geometry": {"type": "Point", "coordinates": [7829.0, 3978.0]}}, {"type": "Feature", "properties": {"province_id": 1716, "name": "Debre Markos"}, "geometry": {"type": "Point", "coordinates": [7878.0, 4008.0]}}, {"type": "Feature", "properties": {"province_id": 1717, "name": "Shire"}, "geometry": {"type": "Point", "coordinates": [7861.0, 3885.0]}}, {"type": "Feature", "properties": {"province_id": 1718, "name": "Maganan"}, "geometry": {"type": "Point", "coordinates": [7770.0, 3923.0]}}, {"type": "Feature", "properties": {"province_id": 1719, "name": "Mek'ele"}, "geometry": {"type": "Point", "coordinates": [7963.0, 3894.0]}}, {"type": "Feature", "properties": {"province_id": 1720, "name": "Djibouti"}, "geometry": {"type": "Point", "coordinates": [8068.0, 3962.0]}}, {"type": "Feature", "properties": {"province_id": 1721, "name": "AsbeTeferi"}, "geometry": {"type": "Point", "coordinates": [7998.0, 4062.0]}}, {"type": "Feature", "properties": {"province_id": 1722, "name": "Dessie"}, "geometry": {"type": "Point", "coordinates": [7976.0, 3968.0]}}, {"type": "Feature", "properties": {"province_id": 1723, "name": "Gijet"}, "geometry": {"type": "Point", "coordinates": [7918.0, 3911.0]}}, {"type": "Feature", "properties": {"province_id": 1724, "name": "Hudat"}, "geometry": {"type": "Point", "coordinates": [7946.0, 4234.0]}}, {"type": "Feature", "properties": {"province_id": 1725, "name": "Jinka"}, "geometry": {"type": "Point", "coordinates": [7806.0, 4200.0]}}, {"type": "Feature", "properties": {"province_id": 1726, "name": "Arba Minch"}, "geometry": {"type": "Point", "coordinates": [7881.0, 4206.0]}}, {"type": "Feature", "properties": {"province_id": 1727, "name": "Meki"}, "geometry": {"type": "Point", "coordinates": [7921.0, 4116.0]}}, {"type": "Feature", "properties": {"province_id": 1728, "name": "Degeh Bur"}, "geometry": {"type": "Point", "coordinates": [8149.0, 4099.0]}}, {"type": "Feature", "properties": {"province_id": 1729, "name": "Goba"}, "geometry": {"type": "Point", "coordinates": [7979.0, 4140.0]}}, {"type": "Feature", "properties": {"province_id": 1730, "name": "Massawa"}, "geometry": {"type": "Point", "coordinates": [7915.0, 3786.0]}}, {"type": "Feature", "properties": {"province_id": 1731, "name": "Karkabat"}, "geometry": {"type": "Point", "coordinates": [7865.0, 3755.0]}}, {"type": "Feature", "properties": {"province_id": 1732, "name": "Assab"}, "geometry": {"type": "Point", "coordinates": [8045.0, 3872.0]}}, {"type": "Feature", "properties": {"province_id": 1733, "name": "Asmara"}, "geometry": {"type": "Point", "coordinates": [7889.0, 3806.0]}}, {"type": "Feature", "properties": {"province_id": 1734, "name": "Foro"}, "geometry": {"type": "Point", "coordinates": [7930.0, 3807.0]}}, {"type": "Feature", "properties": {"province_id": 1735, "name": "Manila"}, "geometry": {"type": "Point", "coordinates": [11488.0, 3608.0]}}, {"type": "Feature", "properties": {"province_id": 1736, "name": "Mogadishu"}, "geometry": {"type": "Point", "coordinates": [8204.0, 4330.0]}}, {"type": "Feature", "properties": {"province_id": 1737, "name": "Jamaame"}, "geometry": {"type": "Point", "coordinates": [8076.0, 4420.0]}}, {"type": "Feature", "properties": {"province_id": 1738, "name": "Buur Hakaba"}, "geometry": {"type": "Point", "coordinates": [8160.0, 4310.0]}}, {"type": "Feature", "properties": {"province_id": 1739, "name": "Bardere"}, "geometry": {"type": "Point", "coordinates": [8061.0, 4323.0]}}, {"type": "Feature", "properties": {"province_id": 1740, "name": "Galkayo"}, "geometry": {"type": "Point", "coordinates": [8273.0, 4218.0]}}, {"type": "Feature", "properties": {"province_id": 1741, "name": "Hargeisa"}, "geometry": {"type": "Point", "coordinates": [8152.0, 4024.0]}}, {"type": "Feature", "properties": {"province_id": 1742, "name": "Burco"}, "geometry": {"type": "Point", "coordinates": [8229.0, 4028.0]}}, {"type": "Feature", "properties": {"province_id": 1743, "name": "Bosaso"}, "geometry": {"type": "Point", "coordinates": [8377.0, 3968.0]}}, {"type": "Feature", "properties": {"province_id": 1744, "name": "Hordio"}, "geometry": {"type": "Point", "coordinates": [8450.0, 3996.0]}}, {"type": "Feature", "properties": {"province_id": 1745, "name": "Eyl"}, "geometry": {"type": "Point", "coordinates": [8375.0, 4135.0]}}, {"type": "Feature", "properties": {"province_id": 1746, "name": "Qardho"}, "geometry": {"type": "Point", "coordinates": [8325.0, 4057.0]}}, {"type": "Feature", "properties": {"province_id": 1747, "name": "Abu Hamad"}, "geometry": {"type": "Point", "coordinates": [7703.0, 3580.0]}}, {"type": "Feature", "properties": {"province_id": 1748, "name": "Haya"}, "geometry": {"type": "Point", "coordinates": [7749.0, 3662.0]}}, {"type": "Feature", "properties": {"province_id": 1749, "name": "Ad-Damir"}, "geometry": {"type": "Point", "coordinates": [7675.0, 3661.0]}}, {"type": "Feature", "properties": {"province_id": 1750, "name": "Darfur"}, "geometry": {"type": "Point", "coordinates": [7242.0, 3610.0]}}, {"type": "Feature", "properties": {"province_id": 1751, "name": "Abri"}, "geometry": {"type": "Point", "coordinates": [7426.0, 3547.0]}}, {"type": "Feature", "properties": {"province_id": 1752, "name": "Wad Madani"}, "geometry": {"type": "Point", "coordinates": [7649.0, 3731.0]}}, {"type": "Feature", "properties": {"province_id": 1753, "name": "Magrur"}, "geometry": {"type": "Point", "coordinates": [7525.0, 3695.0]}}, {"type": "Feature", "properties": {"province_id": 1754, "name": "Kutum"}, "geometry": {"type": "Point", "coordinates": [7226.0, 3736.0]}}, {"type": "Feature", "properties": {"province_id": 1755, "name": "Nyala"}, "geometry": {"type": "Point", "coordinates": [7246.0, 3867.0]}}, {"type": "Feature", "properties": {"province_id": 1756, "name": "Talodi"}, "geometry": {"type": "Point", "coordinates": [7467.0, 3887.0]}}, {"type": "Feature", "properties": {"province_id": 1757, "name": "Kaduqli"}, "geometry": {"type": "Point", "coordinates": [7381.0, 3875.0]}}, {"type": "Feature", "properties": {"province_id": 1758, "name": "Rabak"}, "geometry": {"type": "Point", "coordinates": [7623.0, 3842.0]}}, {"type": "Feature", "properties": {"province_id": 1759, "name": "Surgi"}, "geometry": {"type": "Point", "coordinates": [7319.0, 3723.0]}}, {"type": "Feature", "properties": {"province_id": 1760, "name": "Lagos"}, "geometry": {"type": "Point", "coordinates": [6298.0, 4160.0]}}, {"type": "Feature", "properties": {"province_id": 1761, "name": "Dikwa"}, "geometry": {"type": "Point", "coordinates": [6763.0, 3927.0]}}, {"type": "Feature", "properties": {"province_id": 1762, "name": "Maiduguri"}, "geometry": {"type": "Point", "coordinates": [6689.0, 3923.0]}}, {"type": "Feature", "properties": {"province_id": 1763, "name": "Kano"}, "geometry": {"type": "Point", "coordinates": [6520.0, 3931.0]}}, {"type": "Feature", "properties": {"province_id": 1764, "name": "Sokoto"}, "geometry": {"type": "Point", "coordinates": [6361.0, 3877.0]}}, {"type": "Feature", "properties": {"province_id": 1765, "name": "Garko"}, "geometry": {"type": "Point", "coordinates": [6546.0, 3971.0]}}, {"type": "Feature", "properties": {"province_id": 1766, "name": "Auyo"}, "geometry": {"type": "Point", "coordinates": [6584.0, 3906.0]}}, {"type": "Feature", "properties": {"province_id": 1767, "name": "Katsina"}, "geometry": {"type": "Point", "coordinates": [6485.0, 3880.0]}}, {"type": "Feature", "properties": {"province_id": 1768, "name": "Kaduna"}, "geometry": {"type": "Point", "coordinates": [6474.0, 4015.0]}}, {"type": "Feature", "properties": {"province_id": 1769, "name": "Minna"}, "geometry": {"type": "Point", "coordinates": [6405.0, 4044.0]}}, {"type": "Feature", "properties": {"province_id": 1770, "name": "Jos"}, "geometry": {"type": "Point", "coordinates": [6482.0, 4069.0]}}, {"type": "Feature", "properties": {"province_id": 1771, "name": "Ibadan"}, "geometry": {"type": "Point", "coordinates": [6336.0, 4119.0]}}, {"type": "Feature", "properties": {"province_id": 1772, "name": "Kukawa"}, "geometry": {"type": "Point", "coordinates": [6725.0, 3884.0]}}, {"type": "Feature", "properties": {"province_id": 1773, "name": "Libreville"}, "geometry": {"type": "Point", "coordinates": [6551.0, 4379.0]}}, {"type": "Feature", "properties": {"province_id": 1774, "name": "Sindara"}, "geometry": {"type": "Point", "coordinates": [6579.0, 4446.0]}}, {"type": "Feature", "properties": {"province_id": 1775, "name": "Loango"}, "geometry": {"type": "Point", "coordinates": [6637.0, 4616.0]}}, {"type": "Feature", "properties": {"province_id": 1776, "name": "Brazzaville"}, "geometry": {"type": "Point", "coordinates": [6810.0, 4611.0]}}, {"type": "Feature", "properties": {"province_id": 1777, "name": "Bonga"}, "geometry": {"type": "Point", "coordinates": [6891.0, 4502.0]}}, {"type": "Feature", "properties": {"province_id": 1778, "name": "Makokou"}, "geometry": {"type": "Point", "coordinates": [6649.0, 4384.0]}}, {"type": "Feature", "properties": {"province_id": 1779, "name": "Mayoumba"}, "geometry": {"type": "Point", "coordinates": [6596.0, 4537.0]}}, {"type": "Feature", "properties": {"province_id": 1780, "name": "Loudima"}, "geometry": {"type": "Point", "coordinates": [6731.0, 4600.0]}}, {"type": "Feature", "properties": {"province_id": 1781, "name": "Tsinguedi"}, "geometry": {"type": "Point", "coordinates": [6698.0, 4525.0]}}, {"type": "Feature", "properties": {"province_id": 1782, "name": "Franceville"}, "geometry": {"type": "Point", "coordinates": [6754.0, 4512.0]}}, {"type": "Feature", "properties": {"province_id": 1783, "name": "Ouesso"}, "geometry": {"type": "Point", "coordinates": [6812.0, 4373.0]}}, {"type": "Feature", "properties": {"province_id": 1784, "name": "Makoua"}, "geometry": {"type": "Point", "coordinates": [6777.0, 4440.0]}}, {"type": "Feature", "properties": {"province_id": 1785, "name": "Gamboma"}, "geometry": {"type": "Point", "coordinates": [6844.0, 4534.0]}}, {"type": "Feature", "properties": {"province_id": 1786, "name": "Nola"}, "geometry": {"type": "Point", "coordinates": [6891.0, 4285.0]}}, {"type": "Feature", "properties": {"province_id": 1787, "name": "Dongou"}, "geometry": {"type": "Point", "coordinates": [6951.0, 4345.0]}}, {"type": "Feature", "properties": {"province_id": 1788, "name": "Bambari"}, "geometry": {"type": "Point", "coordinates": [7046.0, 4212.0]}}, {"type": "Feature", "properties": {"province_id": 1789, "name": "Mobaye"}, "geometry": {"type": "Point", "coordinates": [7112.0, 4252.0]}}, {"type": "Feature", "properties": {"province_id": 1790, "name": "Bangassou"}, "geometry": {"type": "Point", "coordinates": [7183.0, 4239.0]}}, {"type": "Feature", "properties": {"province_id": 1791, "name": "Yalanga"}, "geometry": {"type": "Point", "coordinates": [7168.0, 4132.0]}}, {"type": "Feature", "properties": {"province_id": 1792, "name": "Mouka"}, "geometry": {"type": "Point", "coordinates": [7079.0, 4080.0]}}, {"type": "Feature", "properties": {"province_id": 1793, "name": "Ouanda Djale"}, "geometry": {"type": "Point", "coordinates": [7111.0, 3995.0]}}, {"type": "Feature", "properties": {"province_id": 1794, "name": "Ndélé"}, "geometry": {"type": "Point", "coordinates": [7011.0, 4007.0]}}, {"type": "Feature", "properties": {"province_id": 1795, "name": "Bangui"}, "geometry": {"type": "Point", "coordinates": [6977.0, 4267.0]}}, {"type": "Feature", "properties": {"province_id": 1796, "name": "Ft. Sibut"}, "geometry": {"type": "Point", "coordinates": [6981.0, 4203.0]}}, {"type": "Feature", "properties": {"province_id": 1797, "name": "Carnot"}, "geometry": {"type": "Point", "coordinates": [6880.0, 4225.0]}}, {"type": "Feature", "properties": {"province_id": 1798, "name": "Brussaux"}, "geometry": {"type": "Point", "coordinates": [6910.0, 4044.0]}}, {"type": "Feature", "properties": {"province_id": 1799, "name": "Koundé"}, "geometry": {"type": "Point", "coordinates": [6865.0, 4161.0]}}, {"type": "Feature", "properties": {"province_id": 1800, "name": "Epéna"}, "geometry": {"type": "Point", "coordinates": [6936.0, 4408.0]}}, {"type": "Feature", "properties": {"province_id": 1801, "name": "Archambault"}, "geometry": {"type": "Point", "coordinates": [6942.0, 3926.0]}}, {"type": "Feature", "properties": {"province_id": 1802, "name": "Mao"}, "geometry": {"type": "Point", "coordinates": [6794.0, 3832.0]}}, {"type": "Feature", "properties": {"province_id": 1803, "name": "Laï"}, "geometry": {"type": "Point", "coordinates": [6854.0, 3953.0]}}, {"type": "Feature", "properties": {"province_id": 1804, "name": "Haraze"}, "geometry": {"type": "Point", "coordinates": [7014.0, 3796.0]}}, {"type": "Feature", "properties": {"province_id": 1805, "name": "Faya"}, "geometry": {"type": "Point", "coordinates": [6952.0, 3605.0]}}, {"type": "Feature", "properties": {"province_id": 1806, "name": "Ain Galakka"}, "geometry": {"type": "Point", "coordinates": [6858.0, 3556.0]}}, {"type": "Feature", "properties": {"province_id": 1807, "name": "Bardaï"}, "geometry": {"type": "Point", "coordinates": [6825.0, 3491.0]}}, {"type": "Feature", "properties": {"province_id": 1808, "name": "Fada"}, "geometry": {"type": "Point", "coordinates": [7057.0, 3621.0]}}, {"type": "Feature", "properties": {"province_id": 1809, "name": "Fort-Lamy"}, "geometry": {"type": "Point", "coordinates": [6813.0, 3930.0]}}, {"type": "Feature", "properties": {"province_id": 1810, "name": "Moussoro"}, "geometry": {"type": "Point", "coordinates": [6888.0, 3826.0]}}, {"type": "Feature", "properties": {"province_id": 1811, "name": "Arada"}, "geometry": {"type": "Point", "coordinates": [7066.0, 3719.0]}}, {"type": "Feature", "properties": {"province_id": 1812, "name": "Ziguei"}, "geometry": {"type": "Point", "coordinates": [6832.0, 3724.0]}}, {"type": "Feature", "properties": {"province_id": 1813, "name": "Bossangoa"}, "geometry": {"type": "Point", "coordinates": [6975.0, 4120.0]}}, {"type": "Feature", "properties": {"province_id": 1814, "name": "Ad-Damazin"}, "geometry": {"type": "Point", "coordinates": [7707.0, 3939.0]}}, {"type": "Feature", "properties": {"province_id": 1815, "name": "Mklama"}, "geometry": {"type": "Point", "coordinates": [7710.0, 4592.0]}}, {"type": "Feature", "properties": {"province_id": 1816, "name": "Lastoursville"}, "geometry": {"type": "Point", "coordinates": [6674.0, 4462.0]}}, {"type": "Feature", "properties": {"province_id": 1817, "name": "Sembé"}, "geometry": {"type": "Point", "coordinates": [6730.0, 4394.0]}}, {"type": "Feature", "properties": {"province_id": 1818, "name": "Kassala"}, "geometry": {"type": "Point", "coordinates": [7801.0, 3765.0]}}, {"type": "Feature", "properties": {"province_id": 1819, "name": "Kafia Kingi"}, "geometry": {"type": "Point", "coordinates": [7190.0, 3971.0]}}, {"type": "Feature", "properties": {"province_id": 1820, "name": "Deim Zubeir"}, "geometry": {"type": "Point", "coordinates": [7229.0, 4080.0]}}, {"type": "Feature", "properties": {"province_id": 1821, "name": "Malakai"}, "geometry": {"type": "Point", "coordinates": [7541.0, 3952.0]}}, {"type": "Feature", "properties": {"province_id": 1822, "name": "Juba"}, "geometry": {"type": "Point", "coordinates": [7538.0, 4262.0]}}, {"type": "Feature", "properties": {"province_id": 1823, "name": "Nimule"}, "geometry": {"type": "Point", "coordinates": [7573.0, 4307.0]}}, {"type": "Feature", "properties": {"province_id": 1824, "name": "Mongalla"}, "geometry": {"type": "Point", "coordinates": [7584.0, 4219.0]}}, {"type": "Feature", "properties": {"province_id": 1825, "name": "Torit"}, "geometry": {"type": "Point", "coordinates": [7631.0, 4271.0]}}, {"type": "Feature", "properties": {"province_id": 1826, "name": "Akobo"}, "geometry": {"type": "Point", "coordinates": [7631.0, 4147.0]}}, {"type": "Feature", "properties": {"province_id": 1827, "name": "Nasir"}, "geometry": {"type": "Point", "coordinates": [7632.0, 4085.0]}}, {"type": "Feature", "properties": {"province_id": 1828, "name": "Shambe"}, "geometry": {"type": "Point", "coordinates": [7439.0, 4142.0]}}, {"type": "Feature", "properties": {"province_id": 1829, "name": "Meshra' er Req"}, "geometry": {"type": "Point", "coordinates": [7359.0, 4035.0]}}, {"type": "Feature", "properties": {"province_id": 1830, "name": "Wau"}, "geometry": {"type": "Point", "coordinates": [7345.0, 4108.0]}}, {"type": "Feature", "properties": {"province_id": 1831, "name": "Tambura"}, "geometry": {"type": "Point", "coordinates": [7300.0, 4194.0]}}, {"type": "Feature", "properties": {"province_id": 1832, "name": "Maridi"}, "geometry": {"type": "Point", "coordinates": [7391.0, 4274.0]}}, {"type": "Feature", "properties": {"province_id": 1833, "name": "Kodok"}, "geometry": {"type": "Point", "coordinates": [7582.0, 3931.0]}}, {"type": "Feature", "properties": {"province_id": 1834, "name": "Lui"}, "geometry": {"type": "Point", "coordinates": [7486.0, 4222.0]}}, {"type": "Feature", "properties": {"province_id": 1835, "name": "Abang"}, "geometry": {"type": "Point", "coordinates": [7359.0, 4147.0]}}, {"type": "Feature", "properties": {"province_id": 1836, "name": "Turalei"}, "geometry": {"type": "Point", "coordinates": [7304.0, 3936.0]}}, {"type": "Feature", "properties": {"province_id": 1837, "name": "Kamil"}, "geometry": {"type": "Point", "coordinates": [7392.0, 3911.0]}}, {"type": "Feature", "properties": {"province_id": 1838, "name": "Tonga"}, "geometry": {"type": "Point", "coordinates": [7502.0, 3946.0]}}, {"type": "Feature", "properties": {"province_id": 1839, "name": "Wernyol"}, "geometry": {"type": "Point", "coordinates": [7557.0, 4132.0]}}, {"type": "Feature", "properties": {"province_id": 1840, "name": "Waat"}, "geometry": {"type": "Point", "coordinates": [7572.0, 4072.0]}}, {"type": "Feature", "properties": {"province_id": 1841, "name": "Ayod"}, "geometry": {"type": "Point", "coordinates": [7514.0, 4080.0]}}, {"type": "Feature", "properties": {"province_id": 1842, "name": "Beh"}, "geometry": {"type": "Point", "coordinates": [7645.0, 4202.0]}}, {"type": "Feature", "properties": {"province_id": 1843, "name": "Leer"}, "geometry": {"type": "Point", "coordinates": [7428.0, 4063.0]}}, {"type": "Feature", "properties": {"province_id": 1844, "name": "Raga"}, "geometry": {"type": "Point", "coordinates": [7251.0, 4015.0]}}, {"type": "Feature", "properties": {"province_id": 1845, "name": "Biar"}, "geometry": {"type": "Point", "coordinates": [7558.0, 4017.0]}}, {"type": "Feature", "properties": {"province_id": 1846, "name": "Yei"}, "geometry": {"type": "Point", "coordinates": [7489.0, 4301.0]}}, {"type": "Feature", "properties": {"province_id": 1847, "name": "Yola"}, "geometry": {"type": "Point", "coordinates": [6711.0, 4008.0]}}, {"type": "Feature", "properties": {"province_id": 1848, "name": "Bauchi"}, "geometry": {"type": "Point", "coordinates": [6559.0, 4023.0]}}, {"type": "Feature", "properties": {"province_id": 1849, "name": "Kontagora"}, "geometry": {"type": "Point", "coordinates": [6397.0, 3988.0]}}, {"type": "Feature", "properties": {"province_id": 1850, "name": "Abeoukuta"}, "geometry": {"type": "Point", "coordinates": [6280.0, 4129.0]}}, {"type": "Feature", "properties": {"province_id": 1851, "name": "Calabar"}, "geometry": {"type": "Point", "coordinates": [6483.0, 4225.0]}}, {"type": "Feature", "properties": {"province_id": 1852, "name": "Abakaliki"}, "geometry": {"type": "Point", "coordinates": [6412.0, 4177.0]}}, {"type": "Feature", "properties": {"province_id": 1853, "name": "Port Harcourt"}, "geometry": {"type": "Point", "coordinates": [6388.0, 4243.0]}}, {"type": "Feature", "properties": {"province_id": 1854, "name": "Wukari"}, "geometry": {"type": "Point", "coordinates": [6536.0, 4124.0]}}, {"type": "Feature", "properties": {"province_id": 1855, "name": "Jalingo"}, "geometry": {"type": "Point", "coordinates": [6615.0, 4067.0]}}, {"type": "Feature", "properties": {"province_id": 1856, "name": "Gombe"}, "geometry": {"type": "Point", "coordinates": [6637.0, 4005.0]}}, {"type": "Feature", "properties": {"province_id": 1857, "name": "Damaturu"}, "geometry": {"type": "Point", "coordinates": [6649.0, 3923.0]}}, {"type": "Feature", "properties": {"province_id": 1858, "name": "Gusau"}, "geometry": {"type": "Point", "coordinates": [6455.0, 3942.0]}}, {"type": "Feature", "properties": {"province_id": 1859, "name": "Kaiama"}, "geometry": {"type": "Point", "coordinates": [6290.0, 4043.0]}}, {"type": "Feature", "properties": {"province_id": 1860, "name": "Monrovia"}, "geometry": {"type": "Point", "coordinates": [5610.0, 4150.0]}}, {"type": "Feature", "properties": {"province_id": 1861, "name": "Loma"}, "geometry": {"type": "Point", "coordinates": [5663.0, 4101.0]}}, {"type": "Feature", "properties": {"province_id": 1862, "name": "Freetown"}, "geometry": {"type": "Point", "coordinates": [5547.0, 4102.0]}}, {"type": "Feature", "properties": {"province_id": 1863, "name": "Greenville"}, "geometry": {"type": "Point", "coordinates": [5705.0, 4220.0]}}, {"type": "Feature", "properties": {"province_id": 1864, "name": "Buchanan"}, "geometry": {"type": "Point", "coordinates": [5661.0, 4169.0]}}, {"type": "Feature", "properties": {"province_id": 1865, "name": "Ouagadougou"}, "geometry": {"type": "Point", "coordinates": [6043.0, 3885.0]}}, {"type": "Feature", "properties": {"province_id": 1866, "name": "Dori"}, "geometry": {"type": "Point", "coordinates": [6108.0, 3819.0]}}, {"type": "Feature", "properties": {"province_id": 1867, "name": "Kumasi"}, "geometry": {"type": "Point", "coordinates": [6061.0, 4147.0]}}, {"type": "Feature", "properties": {"province_id": 1868, "name": "Abidjan"}, "geometry": {"type": "Point", "coordinates": [5923.0, 4212.0]}}, {"type": "Feature", "properties": {"province_id": 1869, "name": "Koudougou"}, "geometry": {"type": "Point", "coordinates": [5993.0, 3894.0]}}, {"type": "Feature", "properties": {"province_id": 1870, "name": "Bobo-Dioulasso"}, "geometry": {"type": "Point", "coordinates": [5889.0, 3934.0]}}, {"type": "Feature", "properties": {"province_id": 1871, "name": "Odienne"}, "geometry": {"type": "Point", "coordinates": [5740.0, 4013.0]}}, {"type": "Feature", "properties": {"province_id": 1872, "name": "Korhogo"}, "geometry": {"type": "Point", "coordinates": [5848.0, 4015.0]}}, {"type": "Feature", "properties": {"province_id": 1873, "name": "Logouale"}, "geometry": {"type": "Point", "coordinates": [5739.0, 4140.0]}}, {"type": "Feature", "properties": {"province_id": 1874, "name": "Mankono"}, "geometry": {"type": "Point", "coordinates": [5827.0, 4089.0]}}, {"type": "Feature", "properties": {"province_id": 1875, "name": "Tabou"}, "geometry": {"type": "Point", "coordinates": [5783.0, 4226.0]}}, {"type": "Feature", "properties": {"province_id": 1876, "name": "Sassandra"}, "geometry": {"type": "Point", "coordinates": [5853.0, 4219.0]}}, {"type": "Feature", "properties": {"province_id": 1877, "name": "Dimbokro"}, "geometry": {"type": "Point", "coordinates": [5908.0, 4158.0]}}, {"type": "Feature", "properties": {"province_id": 1878, "name": "Prestea"}, "geometry": {"type": "Point", "coordinates": [5997.0, 4215.0]}}, {"type": "Feature", "properties": {"province_id": 1879, "name": "Ashanti"}, "geometry": {"type": "Point", "coordinates": [6026.0, 4096.0]}}, {"type": "Feature", "properties": {"province_id": 1880, "name": "Bondoukou"}, "geometry": {"type": "Point", "coordinates": [5939.0, 4089.0]}}, {"type": "Feature", "properties": {"province_id": 1881, "name": "Accra"}, "geometry": {"type": "Point", "coordinates": [6101.0, 4193.0]}}, {"type": "Feature", "properties": {"province_id": 1882, "name": "Lome"}, "geometry": {"type": "Point", "coordinates": [6165.0, 4173.0]}}, {"type": "Feature", "properties": {"province_id": 1883, "name": "Palime"}, "geometry": {"type": "Point", "coordinates": [6118.0, 4115.0]}}, {"type": "Feature", "properties": {"province_id": 1884, "name": "Savé"}, "geometry": {"type": "Point", "coordinates": [6228.0, 4069.0]}}, {"type": "Feature", "properties": {"province_id": 1885, "name": "Tamale"}, "geometry": {"type": "Point", "coordinates": [6103.0, 4043.0]}}, {"type": "Feature", "properties": {"province_id": 1886, "name": "Navrongo"}, "geometry": {"type": "Point", "coordinates": [6069.0, 3943.0]}}, {"type": "Feature", "properties": {"province_id": 1887, "name": "Malanville"}, "geometry": {"type": "Point", "coordinates": [6258.0, 3924.0]}}, {"type": "Feature", "properties": {"province_id": 1888, "name": "Djougou"}, "geometry": {"type": "Point", "coordinates": [6178.0, 4010.0]}}, {"type": "Feature", "properties": {"province_id": 1889, "name": "Fada N' Gourma"}, "geometry": {"type": "Point", "coordinates": [6130.0, 3880.0]}}, {"type": "Feature", "properties": {"province_id": 1890, "name": "Tenkodogo"}, "geometry": {"type": "Point", "coordinates": [6095.0, 3894.0]}}, {"type": "Feature", "properties": {"province_id": 1891, "name": "Wa"}, "geometry": {"type": "Point", "coordinates": [6016.0, 3992.0]}}, {"type": "Feature", "properties": {"province_id": 1892, "name": "Gaoua"}, "geometry": {"type": "Point", "coordinates": [5944.0, 3971.0]}}, {"type": "Feature", "properties": {"province_id": 1893, "name": "Kankan"}, "geometry": {"type": "Point", "coordinates": [5658.0, 4002.0]}}, {"type": "Feature", "properties": {"province_id": 1894, "name": "Davao City"}, "geometry": {"type": "Point", "coordinates": [11718.0, 3956.0]}}, {"type": "Feature", "properties": {"province_id": 1895, "name": "Bissau"}, "geometry": {"type": "Point", "coordinates": [5395.0, 3900.0]}}, {"type": "Feature", "properties": {"province_id": 1896, "name": "Kedougou"}, "geometry": {"type": "Point", "coordinates": [5508.0, 3855.0]}}, {"type": "Feature", "properties": {"province_id": 1897, "name": "Haute Casamance"}, "geometry": {"type": "Point", "coordinates": [5404.0, 3870.0]}}, {"type": "Feature", "properties": {"province_id": 1898, "name": "St. Louis"}, "geometry": {"type": "Point", "coordinates": [5367.0, 3774.0]}}, {"type": "Feature", "properties": {"province_id": 1899, "name": "Dakar"}, "geometry": {"type": "Point", "coordinates": [5351.0, 3809.0]}}, {"type": "Feature", "properties": {"province_id": 1900, "name": "Bakel"}, "geometry": {"type": "Point", "coordinates": [5503.0, 3773.0]}}, {"type": "Feature", "properties": {"province_id": 1901, "name": "Kiffa"}, "geometry": {"type": "Point", "coordinates": [5557.0, 3705.0]}}, {"type": "Feature", "properties": {"province_id": 1902, "name": "Tichit"}, "geometry": {"type": "Point", "coordinates": [5622.0, 3663.0]}}, {"type": "Feature", "properties": {"province_id": 1903, "name": "El Merayer"}, "geometry": {"type": "Point", "coordinates": [5757.0, 3542.0]}}, {"type": "Feature", "properties": {"province_id": 1904, "name": "Tagoujalet"}, "geometry": {"type": "Point", "coordinates": [5834.0, 3433.0]}}, {"type": "Feature", "properties": {"province_id": 1905, "name": "Merijinat"}, "geometry": {"type": "Point", "coordinates": [5750.0, 3361.0]}}, {"type": "Feature", "properties": {"province_id": 1906, "name": "Port Etienne"}, "geometry": {"type": "Point", "coordinates": [5358.0, 3526.0]}}, {"type": "Feature", "properties": {"province_id": 1907, "name": "Tintan"}, "geometry": {"type": "Point", "coordinates": [5378.0, 3536.0]}}, {"type": "Feature", "properties": {"province_id": 1908, "name": "Atar"}, "geometry": {"type": "Point", "coordinates": [5483.0, 3541.0]}}, {"type": "Feature", "properties": {"province_id": 1909, "name": "Ouadane"}, "geometry": {"type": "Point", "coordinates": [5578.0, 3526.0]}}, {"type": "Feature", "properties": {"province_id": 1910, "name": "Nouakchott"}, "geometry": {"type": "Point", "coordinates": [5392.0, 3690.0]}}, {"type": "Feature", "properties": {"province_id": 1911, "name": "Aleg"}, "geometry": {"type": "Point", "coordinates": [5461.0, 3721.0]}}, {"type": "Feature", "properties": {"province_id": 1912, "name": "Tamba"}, "geometry": {"type": "Point", "coordinates": [5460.0, 3831.0]}}, {"type": "Feature", "properties": {"province_id": 1913, "name": "Chinguetti"}, "geometry": {"type": "Point", "coordinates": [5510.0, 3569.0]}}, {"type": "Feature", "properties": {"province_id": 1914, "name": "Tidjikja"}, "geometry": {"type": "Point", "coordinates": [5545.0, 3615.0]}}, {"type": "Feature", "properties": {"province_id": 1915, "name": "Moudjeria"}, "geometry": {"type": "Point", "coordinates": [5497.0, 3644.0]}}, {"type": "Feature", "properties": {"province_id": 1916, "name": "Bourjeimat"}, "geometry": {"type": "Point", "coordinates": [5406.0, 3601.0]}}, {"type": "Feature", "properties": {"province_id": 1917, "name": "Kaédi"}, "geometry": {"type": "Point", "coordinates": [5464.0, 3751.0]}}, {"type": "Feature", "properties": {"province_id": 1918, "name": "Tanezroft Tutrimt"}, "geometry": {"type": "Point", "coordinates": [5718.0, 3490.0]}}, {"type": "Feature", "properties": {"province_id": 1919, "name": "Fort Trinquet"}, "geometry": {"type": "Point", "coordinates": [5642.0, 3417.0]}}, {"type": "Feature", "properties": {"province_id": 1920, "name": "Taoudeni"}, "geometry": {"type": "Point", "coordinates": [5918.0, 3484.0]}}, {"type": "Feature", "properties": {"province_id": 1921, "name": "Aṣ-Ṣaḥrā’ al-Gharbīyah"}, "geometry": {"type": "Point", "coordinates": [5554.0, 3443.0]}}, {"type": "Feature", "properties": {"province_id": 1922, "name": "Kidai"}, "geometry": {"type": "Point", "coordinates": [6238.0, 3649.0]}}, {"type": "Feature", "properties": {"province_id": 1923, "name": "Mabrouk"}, "geometry": {"type": "Point", "coordinates": [6076.0, 3591.0]}}, {"type": "Feature", "properties": {"province_id": 1924, "name": "Araouan"}, "geometry": {"type": "Point", "coordinates": [5923.0, 3612.0]}}, {"type": "Feature", "properties": {"province_id": 1925, "name": "Néma"}, "geometry": {"type": "Point", "coordinates": [5655.0, 3738.0]}}, {"type": "Feature", "properties": {"province_id": 1926, "name": "Timbedra"}, "geometry": {"type": "Point", "coordinates": [5611.0, 3757.0]}}, {"type": "Feature", "properties": {"province_id": 1927, "name": "Conakry"}, "geometry": {"type": "Point", "coordinates": [5442.0, 3963.0]}}, {"type": "Feature", "properties": {"province_id": 1928, "name": "Mamou"}, "geometry": {"type": "Point", "coordinates": [5551.0, 3986.0]}}, {"type": "Feature", "properties": {"province_id": 1929, "name": "Koumbia"}, "geometry": {"type": "Point", "coordinates": [5450.0, 3904.0]}}, {"type": "Feature", "properties": {"province_id": 1930, "name": "Dinguiray"}, "geometry": {"type": "Point", "coordinates": [5557.0, 3918.0]}}, {"type": "Feature", "properties": {"province_id": 1931, "name": "Bamako"}, "geometry": {"type": "Point", "coordinates": [5658.0, 3888.0]}}, {"type": "Feature", "properties": {"province_id": 1932, "name": "Bougouni"}, "geometry": {"type": "Point", "coordinates": [5678.0, 3940.0]}}, {"type": "Feature", "properties": {"province_id": 1933, "name": "Djenné"}, "geometry": {"type": "Point", "coordinates": [5909.0, 3814.0]}}, {"type": "Feature", "properties": {"province_id": 1934, "name": "San"}, "geometry": {"type": "Point", "coordinates": [5840.0, 3885.0]}}, {"type": "Feature", "properties": {"province_id": 1935, "name": "Kayes"}, "geometry": {"type": "Point", "coordinates": [5573.0, 3810.0]}}, {"type": "Feature", "properties": {"province_id": 1936, "name": "Kita"}, "geometry": {"type": "Point", "coordinates": [5626.0, 3867.0]}}, {"type": "Feature", "properties": {"province_id": 1937, "name": "Banamba"}, "geometry": {"type": "Point", "coordinates": [5684.0, 3846.0]}}, {"type": "Feature", "properties": {"province_id": 1938, "name": "Segou"}, "geometry": {"type": "Point", "coordinates": [5754.0, 3862.0]}}, {"type": "Feature", "properties": {"province_id": 1939, "name": "Koutiala"}, "geometry": {"type": "Point", "coordinates": [5780.0, 3927.0]}}, {"type": "Feature", "properties": {"province_id": 1940, "name": "Homobori"}, "geometry": {"type": "Point", "coordinates": [6085.0, 3734.0]}}, {"type": "Feature", "properties": {"province_id": 1941, "name": "Bamba"}, "geometry": {"type": "Point", "coordinates": [6103.0, 3660.0]}}, {"type": "Feature", "properties": {"province_id": 1942, "name": "Bandiagara"}, "geometry": {"type": "Point", "coordinates": [6000.0, 3747.0]}}, {"type": "Feature", "properties": {"province_id": 1943, "name": "Niafounke"}, "geometry": {"type": "Point", "coordinates": [5926.0, 3682.0]}}, {"type": "Feature", "properties": {"province_id": 1944, "name": "Sokolo"}, "geometry": {"type": "Point", "coordinates": [5765.0, 3786.0]}}, {"type": "Feature", "properties": {"province_id": 1945, "name": "Mopti"}, "geometry": {"type": "Point", "coordinates": [5859.0, 3779.0]}}, {"type": "Feature", "properties": {"province_id": 1946, "name": "El Djouf"}, "geometry": {"type": "Point", "coordinates": [5794.0, 3602.0]}}, {"type": "Feature", "properties": {"province_id": 1947, "name": "Tanezrouft"}, "geometry": {"type": "Point", "coordinates": [6066.0, 3510.0]}}, {"type": "Feature", "properties": {"province_id": 1948, "name": "Villa Cisneros"}, "geometry": {"type": "Point", "coordinates": [5412.0, 3373.0]}}, {"type": "Feature", "properties": {"province_id": 1949, "name": "Auadi"}, "geometry": {"type": "Point", "coordinates": [5452.0, 3485.0]}}, {"type": "Feature", "properties": {"province_id": 1950, "name": "Laâyoune"}, "geometry": {"type": "Point", "coordinates": [5480.0, 3231.0]}}, {"type": "Feature", "properties": {"province_id": 1951, "name": "Smara"}, "geometry": {"type": "Point", "coordinates": [5562.0, 3248.0]}}, {"type": "Feature", "properties": {"province_id": 1952, "name": "Bir Lehlu"}, "geometry": {"type": "Point", "coordinates": [5688.0, 3277.0]}}, {"type": "Feature", "properties": {"province_id": 1953, "name": "Mijek"}, "geometry": {"type": "Point", "coordinates": [5529.0, 3347.0]}}, {"type": "Feature", "properties": {"province_id": 1954, "name": "Bojador"}, "geometry": {"type": "Point", "coordinates": [5429.0, 3299.0]}}, {"type": "Feature", "properties": {"province_id": 1955, "name": "Victoria"}, "geometry": {"type": "Point", "coordinates": [6789.0, 2937.0]}}, {"type": "Feature", "properties": {"province_id": 1956, "name": "Valletta"}, "geometry": {"type": "Point", "coordinates": [6797.0, 2956.0]}}, {"type": "Feature", "properties": {"province_id": 1957, "name": "Majunga"}, "geometry": {"type": "Point", "coordinates": [8191.0, 4990.0]}}, {"type": "Feature", "properties": {"province_id": 1958, "name": "Fianarantsoa"}, "geometry": {"type": "Point", "coordinates": [8165.0, 5239.0]}}, {"type": "Feature", "properties": {"province_id": 1959, "name": "Tuléar"}, "geometry": {"type": "Point", "coordinates": [8019.0, 5307.0]}}, {"type": "Feature", "properties": {"province_id": 1960, "name": "Tamatave"}, "geometry": {"type": "Point", "coordinates": [8284.0, 5083.0]}}, {"type": "Feature", "properties": {"province_id": 1961, "name": "Antalaha"}, "geometry": {"type": "Point", "coordinates": [8336.0, 4964.0]}}, {"type": "Feature", "properties": {"province_id": 1962, "name": "Marovoay"}, "geometry": {"type": "Point", "coordinates": [8221.0, 4999.0]}}, {"type": "Feature", "properties": {"province_id": 1963, "name": "Ananalava"}, "geometry": {"type": "Point", "coordinates": [8237.0, 4967.0]}}, {"type": "Feature", "properties": {"province_id": 1964, "name": "Mananara"}, "geometry": {"type": "Point", "coordinates": [8310.0, 5029.0]}}, {"type": "Feature", "properties": {"province_id": 1965, "name": "Maevatanana"}, "geometry": {"type": "Point", "coordinates": [8217.0, 5058.0]}}, {"type": "Feature", "properties": {"province_id": 1966, "name": "Morafenobe"}, "geometry": {"type": "Point", "coordinates": [8112.0, 5081.0]}}, {"type": "Feature", "properties": {"province_id": 1967, "name": "Soalala"}, "geometry": {"type": "Point", "coordinates": [8155.0, 5005.0]}}, {"type": "Feature", "properties": {"province_id": 1968, "name": "Tananrive"}, "geometry": {"type": "Point", "coordinates": [8212.0, 5122.0]}}, {"type": "Feature", "properties": {"province_id": 1969, "name": "Ihosi"}, "geometry": {"type": "Point", "coordinates": [8132.0, 5279.0]}}, {"type": "Feature", "properties": {"province_id": 1970, "name": "Fort Dauphin"}, "geometry": {"type": "Point", "coordinates": [8132.0, 5379.0]}}, {"type": "Feature", "properties": {"province_id": 1971, "name": "Tsihombe"}, "geometry": {"type": "Point", "coordinates": [8073.0, 5396.0]}}, {"type": "Feature", "properties": {"province_id": 1972, "name": "Morombe"}, "geometry": {"type": "Point", "coordinates": [8009.0, 5246.0]}}, {"type": "Feature", "properties": {"province_id": 1973, "name": "Morondava"}, "geometry": {"type": "Point", "coordinates": [8058.0, 5187.0]}}, {"type": "Feature", "properties": {"province_id": 1974, "name": "Miarinarivo"}, "geometry": {"type": "Point", "coordinates": [8157.0, 5132.0]}}, {"type": "Feature", "properties": {"province_id": 1975, "name": "Ambositra"}, "geometry": {"type": "Point", "coordinates": [8167.0, 5200.0]}}, {"type": "Feature", "properties": {"province_id": 1976, "name": "Chengteh"}, "geometry": {"type": "Point", "coordinates": [11113.0, 2333.0]}}, {"type": "Feature", "properties": {"province_id": 1977, "name": "Betioky"}, "geometry": {"type": "Point", "coordinates": [8045.0, 5335.0]}}, {"type": "Feature", "properties": {"province_id": 1978, "name": "Farafangana"}, "geometry": {"type": "Point", "coordinates": [8188.0, 5291.0]}}, {"type": "Feature", "properties": {"province_id": 1979, "name": "Vatomandry"}, "geometry": {"type": "Point", "coordinates": [8242.0, 5182.0]}}, {"type": "Feature", "properties": {"province_id": 1980, "name": "Mecca"}, "geometry": {"type": "Point", "coordinates": [8015.0, 3480.0]}}, {"type": "Feature", "properties": {"province_id": 1981, "name": "Mendak"}, "geometry": {"type": "Point", "coordinates": [8099.0, 3557.0]}}, {"type": "Feature", "properties": {"province_id": 1982, "name": "Ashaira"}, "geometry": {"type": "Point", "coordinates": [8042.0, 3469.0]}}, {"type": "Feature", "properties": {"province_id": 1983, "name": "Yenbo"}, "geometry": {"type": "Point", "coordinates": [7960.0, 3367.0]}}, {"type": "Feature", "properties": {"province_id": 1984, "name": "Wejh"}, "geometry": {"type": "Point", "coordinates": [7876.0, 3266.0]}}, {"type": "Feature", "properties": {"province_id": 1985, "name": "Maqna"}, "geometry": {"type": "Point", "coordinates": [7798.0, 3163.0]}}, {"type": "Feature", "properties": {"province_id": 1986, "name": "Tabuk"}, "geometry": {"type": "Point", "coordinates": [7897.0, 3149.0]}}, {"type": "Feature", "properties": {"province_id": 1987, "name": "Medain Salih"}, "geometry": {"type": "Point", "coordinates": [7967.0, 3233.0]}}, {"type": "Feature", "properties": {"province_id": 1988, "name": "Hadiya"}, "geometry": {"type": "Point", "coordinates": [7970.0, 3328.0]}}, {"type": "Feature", "properties": {"province_id": 1989, "name": "Khaibar"}, "geometry": {"type": "Point", "coordinates": [8054.0, 3326.0]}}, {"type": "Feature", "properties": {"province_id": 1990, "name": "Jauf"}, "geometry": {"type": "Point", "coordinates": [8067.0, 2986.0]}}, {"type": "Feature", "properties": {"province_id": 1991, "name": "Sakaka"}, "geometry": {"type": "Point", "coordinates": [8105.0, 2980.0]}}, {"type": "Feature", "properties": {"province_id": 1992, "name": "Kaf"}, "geometry": {"type": "Point", "coordinates": [7988.0, 2930.0]}}, {"type": "Feature", "properties": {"province_id": 1993, "name": "Doha"}, "geometry": {"type": "Point", "coordinates": [8452.0, 3249.0]}}, {"type": "Feature", "properties": {"province_id": 1994, "name": "Medina"}, "geometry": {"type": "Point", "coordinates": [8067.0, 3387.0]}}, {"type": "Feature", "properties": {"province_id": 1995, "name": "Hajariya"}, "geometry": {"type": "Point", "coordinates": [8074.0, 3420.0]}}, {"type": "Feature", "properties": {"province_id": 1996, "name": "Sabiya"}, "geometry": {"type": "Point", "coordinates": [8149.0, 3656.0]}}, {"type": "Feature", "properties": {"province_id": 1997, "name": "Laila"}, "geometry": {"type": "Point", "coordinates": [8366.0, 3435.0]}}, {"type": "Feature", "properties": {"province_id": 1998, "name": "Riyadh"}, "geometry": {"type": "Point", "coordinates": [8334.0, 3354.0]}}, {"type": "Feature", "properties": {"province_id": 1999, "name": "Mubarraz"}, "geometry": {"type": "Point", "coordinates": [8388.0, 3324.0]}}, {"type": "Feature", "properties": {"province_id": 2000, "name": "Shaqra"}, "geometry": {"type": "Point", "coordinates": [8249.0, 3312.0]}}, {"type": "Feature", "properties": {"province_id": 2001, "name": "Dam"}, "geometry": {"type": "Point", "coordinates": [8255.0, 3534.0]}}, {"type": "Feature", "properties": {"province_id": 2002, "name": "Jubbah"}, "geometry": {"type": "Point", "coordinates": [8078.0, 3038.0]}}, {"type": "Feature", "properties": {"province_id": 2003, "name": "Taima"}, "geometry": {"type": "Point", "coordinates": [8006.0, 3167.0]}}, {"type": "Feature", "properties": {"province_id": 2004, "name": "Qasr al Haiyanya"}, "geometry": {"type": "Point", "coordinates": [8170.0, 3029.0]}}, {"type": "Feature", "properties": {"province_id": 2005, "name": "Buraida"}, "geometry": {"type": "Point", "coordinates": [8184.0, 3212.0]}}, {"type": "Feature", "properties": {"province_id": 2006, "name": "Hail"}, "geometry": {"type": "Point", "coordinates": [8099.0, 3201.0]}}, {"type": "Feature", "properties": {"province_id": 2007, "name": "Jabrin"}, "geometry": {"type": "Point", "coordinates": [8451.0, 3394.0]}}, {"type": "Feature", "properties": {"province_id": 2008, "name": "Rub' al Khali"}, "geometry": {"type": "Point", "coordinates": [8546.0, 3472.0]}}, {"type": "Feature", "properties": {"province_id": 2009, "name": "Raydā"}, "geometry": {"type": "Point", "coordinates": [8382.0, 3638.0]}}, {"type": "Feature", "properties": {"province_id": 2010, "name": "Ash Shalfa"}, "geometry": {"type": "Point", "coordinates": [8451.0, 3553.0]}}, {"type": "Feature", "properties": {"province_id": 2011, "name": "Qunsuliya"}, "geometry": {"type": "Point", "coordinates": [8201.0, 3448.0]}}, {"type": "Feature", "properties": {"province_id": 2012, "name": "Dhamar"}, "geometry": {"type": "Point", "coordinates": [8258.0, 3792.0]}}, {"type": "Feature", "properties": {"province_id": 2013, "name": "Hodeida"}, "geometry": {"type": "Point", "coordinates": [8190.0, 3779.0]}}, {"type": "Feature", "properties": {"province_id": 2014, "name": "Tolunnoerh"}, "geometry": {"type": "Point", "coordinates": [11033.0, 2257.0]}}, {"type": "Feature", "properties": {"province_id": 2015, "name": "Mocha"}, "geometry": {"type": "Point", "coordinates": [8222.0, 3853.0]}}, {"type": "Feature", "properties": {"province_id": 2016, "name": "Maqlaf"}, "geometry": {"type": "Point", "coordinates": [8324.0, 3690.0]}}, {"type": "Feature", "properties": {"province_id": 2017, "name": "Qadhima"}, "geometry": {"type": "Point", "coordinates": [7993.0, 3441.0]}}, {"type": "Feature", "properties": {"province_id": 2018, "name": "Debaba"}, "geometry": {"type": "Point", "coordinates": [8256.0, 3620.0]}}, {"type": "Feature", "properties": {"province_id": 2019, "name": "Al Hofuf"}, "geometry": {"type": "Point", "coordinates": [8412.0, 3279.0]}}, {"type": "Feature", "properties": {"province_id": 2020, "name": "Kahafa"}, "geometry": {"type": "Point", "coordinates": [8276.0, 3114.0]}}, {"type": "Feature", "properties": {"province_id": 2021, "name": "Qasr es Sabh"}, "geometry": {"type": "Point", "coordinates": [8347.0, 3179.0]}}, {"type": "Feature", "properties": {"province_id": 2022, "name": "Muscat"}, "geometry": {"type": "Point", "coordinates": [8762.0, 3346.0]}}, {"type": "Feature", "properties": {"province_id": 2023, "name": "Sharja"}, "geometry": {"type": "Point", "coordinates": [8615.0, 3276.0]}}, {"type": "Feature", "properties": {"province_id": 2024, "name": "Ibri"}, "geometry": {"type": "Point", "coordinates": [8655.0, 3365.0]}}, {"type": "Feature", "properties": {"province_id": 2025, "name": "Aden"}, "geometry": {"type": "Point", "coordinates": [8314.0, 3862.0]}}, {"type": "Feature", "properties": {"province_id": 2026, "name": "Mukalla"}, "geometry": {"type": "Point", "coordinates": [8435.0, 3812.0]}}, {"type": "Feature", "properties": {"province_id": 2027, "name": "Sakwa"}, "geometry": {"type": "Point", "coordinates": [8363.0, 3766.0]}}, {"type": "Feature", "properties": {"province_id": 2028, "name": "Murbat"}, "geometry": {"type": "Point", "coordinates": [8620.0, 3657.0]}}, {"type": "Feature", "properties": {"province_id": 2029, "name": "Saihut"}, "geometry": {"type": "Point", "coordinates": [8508.0, 3751.0]}}, {"type": "Feature", "properties": {"province_id": 2030, "name": "Sharkh"}, "geometry": {"type": "Point", "coordinates": [8759.0, 3430.0]}}, {"type": "Feature", "properties": {"province_id": 2031, "name": "Juwara"}, "geometry": {"type": "Point", "coordinates": [8707.0, 3547.0]}}, {"type": "Feature", "properties": {"province_id": 2032, "name": "Haifa"}, "geometry": {"type": "Point", "coordinates": [7844.0, 2874.0]}}, {"type": "Feature", "properties": {"province_id": 2033, "name": "Sharamuren"}, "geometry": {"type": "Point", "coordinates": [10767.0, 2191.0]}}, {"type": "Feature", "properties": {"province_id": 2034, "name": "Jerusalem"}, "geometry": {"type": "Point", "coordinates": [7857.0, 2935.0]}}, {"type": "Feature", "properties": {"province_id": 2035, "name": "Beirut"}, "geometry": {"type": "Point", "coordinates": [7846.0, 2822.0]}}, {"type": "Feature", "properties": {"province_id": 2036, "name": "Jaffa"}, "geometry": {"type": "Point", "coordinates": [7829.0, 2934.0]}}, {"type": "Feature", "properties": {"province_id": 2037, "name": "Damascus"}, "geometry": {"type": "Point", "coordinates": [7889.0, 2843.0]}}, {"type": "Feature", "properties": {"province_id": 2038, "name": "Hama"}, "geometry": {"type": "Point", "coordinates": [7869.0, 2765.0]}}, {"type": "Feature", "properties": {"province_id": 2039, "name": "Aleppo"}, "geometry": {"type": "Point", "coordinates": [7892.0, 2698.0]}}, {"type": "Feature", "properties": {"province_id": 2040, "name": "Al-Raqqah"}, "geometry": {"type": "Point", "coordinates": [7952.0, 2698.0]}}, {"type": "Feature", "properties": {"province_id": 2041, "name": "Tell Kotchek"}, "geometry": {"type": "Point", "coordinates": [8024.0, 2611.0]}}, {"type": "Feature", "properties": {"province_id": 2042, "name": "Deir ez Zor"}, "geometry": {"type": "Point", "coordinates": [7989.0, 2715.0]}}, {"type": "Feature", "properties": {"province_id": 2043, "name": "Ammam"}, "geometry": {"type": "Point", "coordinates": [7898.0, 2912.0]}}, {"type": "Feature", "properties": {"province_id": 2044, "name": "Bādiyat Ash-shām"}, "geometry": {"type": "Point", "coordinates": [7986.0, 2882.0]}}, {"type": "Feature", "properties": {"province_id": 2045, "name": "Aqaba"}, "geometry": {"type": "Point", "coordinates": [7777.0, 3086.0]}}, {"type": "Feature", "properties": {"province_id": 2046, "name": "Ma'an"}, "geometry": {"type": "Point", "coordinates": [7894.0, 3023.0]}}, {"type": "Feature", "properties": {"province_id": 2047, "name": "Hebron"}, "geometry": {"type": "Point", "coordinates": [7863.0, 2965.0]}}, {"type": "Feature", "properties": {"province_id": 2048, "name": "Soukhné"}, "geometry": {"type": "Point", "coordinates": [7963.0, 2776.0]}}, {"type": "Feature", "properties": {"province_id": 2049, "name": "Abu Kemal"}, "geometry": {"type": "Point", "coordinates": [8025.0, 2773.0]}}, {"type": "Feature", "properties": {"province_id": 2050, "name": "Al Dana"}, "geometry": {"type": "Point", "coordinates": [7859.0, 2708.0]}}, {"type": "Feature", "properties": {"province_id": 2051, "name": "Palmyra"}, "geometry": {"type": "Point", "coordinates": [7941.0, 2790.0]}}, {"type": "Feature", "properties": {"province_id": 2052, "name": "Al Suwar"}, "geometry": {"type": "Point", "coordinates": [8004.0, 2701.0]}}, {"type": "Feature", "properties": {"province_id": 2053, "name": "Manbij"}, "geometry": {"type": "Point", "coordinates": [7915.0, 2657.0]}}, {"type": "Feature", "properties": {"province_id": 2054, "name": "Meskene"}, "geometry": {"type": "Point", "coordinates": [7917.0, 2721.0]}}, {"type": "Feature", "properties": {"province_id": 2055, "name": "Al Kuwait"}, "geometry": {"type": "Point", "coordinates": [8255.0, 3025.0]}}, {"type": "Feature", "properties": {"province_id": 2056, "name": "Basra"}, "geometry": {"type": "Point", "coordinates": [8271.0, 2958.0]}}, {"type": "Feature", "properties": {"province_id": 2057, "name": "Rutba"}, "geometry": {"type": "Point", "coordinates": [8045.0, 2864.0]}}, {"type": "Feature", "properties": {"province_id": 2058, "name": "Al-Nukhib"}, "geometry": {"type": "Point", "coordinates": [8138.0, 2913.0]}}, {"type": "Feature", "properties": {"province_id": 2059, "name": "Qasr'Uthaimin"}, "geometry": {"type": "Point", "coordinates": [8193.0, 2988.0]}}, {"type": "Feature", "properties": {"province_id": 2060, "name": "Mosul"}, "geometry": {"type": "Point", "coordinates": [8100.0, 2618.0]}}, {"type": "Feature", "properties": {"province_id": 2061, "name": "Erbil"}, "geometry": {"type": "Point", "coordinates": [8177.0, 2614.0]}}, {"type": "Feature", "properties": {"province_id": 2062, "name": "Kirkuk"}, "geometry": {"type": "Point", "coordinates": [8180.0, 2670.0]}}, {"type": "Feature", "properties": {"province_id": 2063, "name": "Kalar"}, "geometry": {"type": "Point", "coordinates": [8276.0, 2718.0]}}, {"type": "Feature", "properties": {"province_id": 2064, "name": "Baghdad"}, "geometry": {"type": "Point", "coordinates": [8219.0, 2827.0]}}, {"type": "Feature", "properties": {"province_id": 2065, "name": "Amara"}, "geometry": {"type": "Point", "coordinates": [8294.0, 2879.0]}}, {"type": "Feature", "properties": {"province_id": 2066, "name": "Samawa"}, "geometry": {"type": "Point", "coordinates": [8229.0, 2906.0]}}, {"type": "Feature", "properties": {"province_id": 2067, "name": "Qal a Sharqat"}, "geometry": {"type": "Point", "coordinates": [8108.0, 2647.0]}}, {"type": "Feature", "properties": {"province_id": 2068, "name": "Anah"}, "geometry": {"type": "Point", "coordinates": [8081.0, 2774.0]}}, {"type": "Feature", "properties": {"province_id": 2069, "name": "Tikrit"}, "geometry": {"type": "Point", "coordinates": [8143.0, 2765.0]}}, {"type": "Feature", "properties": {"province_id": 2070, "name": "Samarra"}, "geometry": {"type": "Point", "coordinates": [8173.0, 2788.0]}}, {"type": "Feature", "properties": {"province_id": 2071, "name": "Ramadi"}, "geometry": {"type": "Point", "coordinates": [8117.0, 2827.0]}}, {"type": "Feature", "properties": {"province_id": 2072, "name": "Fallujah"}, "geometry": {"type": "Point", "coordinates": [8177.0, 2834.0]}}, {"type": "Feature", "properties": {"province_id": 2073, "name": "An Najaf"}, "geometry": {"type": "Point", "coordinates": [8209.0, 2860.0]}}, {"type": "Feature", "properties": {"province_id": 2074, "name": "Duhok"}, "geometry": {"type": "Point", "coordinates": [8094.0, 2572.0]}}, {"type": "Feature", "properties": {"province_id": 2075, "name": "Baiji"}, "geometry": {"type": "Point", "coordinates": [8132.0, 2718.0]}}, {"type": "Feature", "properties": {"province_id": 2076, "name": "Tuz Khurma"}, "geometry": {"type": "Point", "coordinates": [8201.0, 2733.0]}}, {"type": "Feature", "properties": {"province_id": 2077, "name": "Al Jahra"}, "geometry": {"type": "Point", "coordinates": [8232.0, 3006.0]}}, {"type": "Feature", "properties": {"province_id": 2078, "name": "Mandali"}, "geometry": {"type": "Point", "coordinates": [8271.0, 2795.0]}}, {"type": "Feature", "properties": {"province_id": 2079, "name": "Tehran"}, "geometry": {"type": "Point", "coordinates": [8482.0, 2676.0]}}, {"type": "Feature", "properties": {"province_id": 2080, "name": "Amol"}, "geometry": {"type": "Point", "coordinates": [8509.0, 2634.0]}}, {"type": "Feature", "properties": {"province_id": 2081, "name": "Gyumri"}, "geometry": {"type": "Point", "coordinates": [8165.0, 2367.0]}}, {"type": "Feature", "properties": {"province_id": 2082, "name": "Baku"}, "geometry": {"type": "Point", "coordinates": [8343.0, 2390.0]}}, {"type": "Feature", "properties": {"province_id": 2083, "name": "Reshawar"}, "geometry": {"type": "Point", "coordinates": [9234.0, 2738.0]}}, {"type": "Feature", "properties": {"province_id": 2084, "name": "Tabriz"}, "geometry": {"type": "Point", "coordinates": [8287.0, 2491.0]}}, {"type": "Feature", "properties": {"province_id": 2085, "name": "Ardabil"}, "geometry": {"type": "Point", "coordinates": [8355.0, 2499.0]}}, {"type": "Feature", "properties": {"province_id": 2086, "name": "Urmia"}, "geometry": {"type": "Point", "coordinates": [8226.0, 2503.0]}}, {"type": "Feature", "properties": {"province_id": 2087, "name": "Zanjan"}, "geometry": {"type": "Point", "coordinates": [8318.0, 2585.0]}}, {"type": "Feature", "properties": {"province_id": 2088, "name": "Karaj"}, "geometry": {"type": "Point", "coordinates": [8457.0, 2665.0]}}, {"type": "Feature", "properties": {"province_id": 2089, "name": "Kermanshah"}, "geometry": {"type": "Point", "coordinates": [8316.0, 2724.0]}}, {"type": "Feature", "properties": {"province_id": 2090, "name": "Abbottabad"}, "geometry": {"type": "Point", "coordinates": [9347.0, 2737.0]}}, {"type": "Feature", "properties": {"province_id": 2091, "name": "Bandar Busher"}, "geometry": {"type": "Point", "coordinates": [8440.0, 2965.0]}}, {"type": "Feature", "properties": {"province_id": 2092, "name": "Bandar Abbas"}, "geometry": {"type": "Point", "coordinates": [8648.0, 3043.0]}}, {"type": "Feature", "properties": {"province_id": 2093, "name": "Chabahar"}, "geometry": {"type": "Point", "coordinates": [8838.0, 3115.0]}}, {"type": "Feature", "properties": {"province_id": 2094, "name": "Zahedan"}, "geometry": {"type": "Point", "coordinates": [8836.0, 2960.0]}}, {"type": "Feature", "properties": {"province_id": 2095, "name": "Kerman"}, "geometry": {"type": "Point", "coordinates": [8713.0, 2925.0]}}, {"type": "Feature", "properties": {"province_id": 2096, "name": "Mashhad"}, "geometry": {"type": "Point", "coordinates": [8749.0, 2626.0]}}, {"type": "Feature", "properties": {"province_id": 2097, "name": "Gorgan"}, "geometry": {"type": "Point", "coordinates": [8617.0, 2607.0]}}, {"type": "Feature", "properties": {"province_id": 2098, "name": "Kashan"}, "geometry": {"type": "Point", "coordinates": [8489.0, 2750.0]}}, {"type": "Feature", "properties": {"province_id": 2099, "name": "Isfahan"}, "geometry": {"type": "Point", "coordinates": [8489.0, 2832.0]}}, {"type": "Feature", "properties": {"province_id": 2100, "name": "Ahvaz"}, "geometry": {"type": "Point", "coordinates": [8331.0, 2892.0]}}, {"type": "Feature", "properties": {"province_id": 2101, "name": "Shiraz"}, "geometry": {"type": "Point", "coordinates": [8502.0, 2944.0]}}, {"type": "Feature", "properties": {"province_id": 2102, "name": "Sirjan"}, "geometry": {"type": "Point", "coordinates": [8619.0, 2952.0]}}, {"type": "Feature", "properties": {"province_id": 2103, "name": "Gonbaki"}, "geometry": {"type": "Point", "coordinates": [8757.0, 3024.0]}}, {"type": "Feature", "properties": {"province_id": 2104, "name": "Khur"}, "geometry": {"type": "Point", "coordinates": [8596.0, 2813.0]}}, {"type": "Feature", "properties": {"province_id": 2105, "name": "Tabas"}, "geometry": {"type": "Point", "coordinates": [8704.0, 2837.0]}}, {"type": "Feature", "properties": {"province_id": 2106, "name": "Birjand"}, "geometry": {"type": "Point", "coordinates": [8763.0, 2824.0]}}, {"type": "Feature", "properties": {"province_id": 2107, "name": "Gonabad"}, "geometry": {"type": "Point", "coordinates": [8731.0, 2727.0]}}, {"type": "Feature", "properties": {"province_id": 2108, "name": "Kalgan"}, "geometry": {"type": "Point", "coordinates": [10898.0, 2281.0]}}, {"type": "Feature", "properties": {"province_id": 2109, "name": "Kweihwa"}, "geometry": {"type": "Point", "coordinates": [10767.0, 2320.0]}}, {"type": "Feature", "properties": {"province_id": 2110, "name": "Kabul"}, "geometry": {"type": "Point", "coordinates": [9113.0, 2711.0]}}, {"type": "Feature", "properties": {"province_id": 2111, "name": "Jelalabad"}, "geometry": {"type": "Point", "coordinates": [9170.0, 2720.0]}}, {"type": "Feature", "properties": {"province_id": 2112, "name": "Mazar-i-Sherif"}, "geometry": {"type": "Point", "coordinates": [9042.0, 2607.0]}}, {"type": "Feature", "properties": {"province_id": 2113, "name": "Herat"}, "geometry": {"type": "Point", "coordinates": [8871.0, 2711.0]}}, {"type": "Feature", "properties": {"province_id": 2114, "name": "Kandahar"}, "geometry": {"type": "Point", "coordinates": [9031.0, 2861.0]}}, {"type": "Feature", "properties": {"province_id": 2115, "name": "Farah"}, "geometry": {"type": "Point", "coordinates": [8863.0, 2839.0]}}, {"type": "Feature", "properties": {"province_id": 2116, "name": "Ghazni"}, "geometry": {"type": "Point", "coordinates": [9091.0, 2793.0]}}, {"type": "Feature", "properties": {"province_id": 2117, "name": "Bamyan"}, "geometry": {"type": "Point", "coordinates": [9064.0, 2707.0]}}, {"type": "Feature", "properties": {"province_id": 2118, "name": "Faizabad"}, "geometry": {"type": "Point", "coordinates": [9139.0, 2556.0]}}, {"type": "Feature", "properties": {"province_id": 2119, "name": "Chaghcharān"}, "geometry": {"type": "Point", "coordinates": [8968.0, 2704.0]}}, {"type": "Feature", "properties": {"province_id": 2120, "name": "Zirni"}, "geometry": {"type": "Point", "coordinates": [8951.0, 2786.0]}}, {"type": "Feature", "properties": {"province_id": 2121, "name": "Deshu"}, "geometry": {"type": "Point", "coordinates": [8922.0, 2902.0]}}, {"type": "Feature", "properties": {"province_id": 2122, "name": "Kalat"}, "geometry": {"type": "Point", "coordinates": [9046.0, 2994.0]}}, {"type": "Feature", "properties": {"province_id": 2123, "name": "Quetta"}, "geometry": {"type": "Point", "coordinates": [9083.0, 2939.0]}}, {"type": "Feature", "properties": {"province_id": 2124, "name": "Karachi"}, "geometry": {"type": "Point", "coordinates": [9087.0, 3150.0]}}, {"type": "Feature", "properties": {"province_id": 2125, "name": "Gwadar"}, "geometry": {"type": "Point", "coordinates": [8919.0, 3124.0]}}, {"type": "Feature", "properties": {"province_id": 2126, "name": "Srinagar"}, "geometry": {"type": "Point", "coordinates": [9407.0, 2753.0]}}, {"type": "Feature", "properties": {"province_id": 2127, "name": "Jammu"}, "geometry": {"type": "Point", "coordinates": [9410.0, 2795.0]}}, {"type": "Feature", "properties": {"province_id": 2128, "name": "Chamba"}, "geometry": {"type": "Point", "coordinates": [9522.0, 2791.0]}}, {"type": "Feature", "properties": {"province_id": 2129, "name": "Leh"}, "geometry": {"type": "Point", "coordinates": [9527.0, 2704.0]}}, {"type": "Feature", "properties": {"province_id": 2130, "name": "Astor"}, "geometry": {"type": "Point", "coordinates": [9423.0, 2672.0]}}, {"type": "Feature", "properties": {"province_id": 2131, "name": "Gilgit"}, "geometry": {"type": "Point", "coordinates": [9306.0, 2650.0]}}, {"type": "Feature", "properties": {"province_id": 2132, "name": "Rawalpindi"}, "geometry": {"type": "Point", "coordinates": [9321.0, 2761.0]}}, {"type": "Feature", "properties": {"province_id": 2133, "name": "Lahore"}, "geometry": {"type": "Point", "coordinates": [9338.0, 2864.0]}}, {"type": "Feature", "properties": {"province_id": 2134, "name": "Loralai"}, "geometry": {"type": "Point", "coordinates": [9124.0, 2939.0]}}, {"type": "Feature", "properties": {"province_id": 2135, "name": "Badin"}, "geometry": {"type": "Point", "coordinates": [9186.0, 3179.0]}}, {"type": "Feature", "properties": {"province_id": 2136, "name": "Shikarpur"}, "geometry": {"type": "Point", "coordinates": [9107.0, 3064.0]}}, {"type": "Feature", "properties": {"province_id": 2137, "name": "Isai Kalat"}, "geometry": {"type": "Point", "coordinates": [8971.0, 3051.0]}}, {"type": "Feature", "properties": {"province_id": 2138, "name": "Dalbandin"}, "geometry": {"type": "Point", "coordinates": [8980.0, 2975.0]}}, {"type": "Feature", "properties": {"province_id": 2139, "name": "Hyderabad (PK)"}, "geometry": {"type": "Point", "coordinates": [9144.0, 3138.0]}}, {"type": "Feature", "properties": {"province_id": 2140, "name": "Jhang Maghiana"}, "geometry": {"type": "Point", "coordinates": [9266.0, 2900.0]}}, {"type": "Feature", "properties": {"province_id": 2141, "name": "Dera Ismail Khan"}, "geometry": {"type": "Point", "coordinates": [9214.0, 2871.0]}}, {"type": "Feature", "properties": {"province_id": 2142, "name": "Bannu"}, "geometry": {"type": "Point", "coordinates": [9228.0, 2788.0]}}, {"type": "Feature", "properties": {"province_id": 2143, "name": "Multan"}, "geometry": {"type": "Point", "coordinates": [9233.0, 2967.0]}}, {"type": "Feature", "properties": {"province_id": 2144, "name": "Bahawalpur"}, "geometry": {"type": "Point", "coordinates": [9241.0, 3003.0]}}, {"type": "Feature", "properties": {"province_id": 2145, "name": "Sukkur"}, "geometry": {"type": "Point", "coordinates": [9184.0, 3068.0]}}, {"type": "Feature", "properties": {"province_id": 2146, "name": "Delhi"}, "geometry": {"type": "Point", "coordinates": [9545.0, 2999.0]}}, {"type": "Feature", "properties": {"province_id": 2147, "name": "Hinglaj"}, "geometry": {"type": "Point", "coordinates": [9010.0, 3128.0]}}, {"type": "Feature", "properties": {"province_id": 2148, "name": "Dera Ghazi Khan"}, "geometry": {"type": "Point", "coordinates": [9199.0, 2971.0]}}, {"type": "Feature", "properties": {"province_id": 2149, "name": "Kasur"}, "geometry": {"type": "Point", "coordinates": [9355.0, 2925.0]}}, {"type": "Feature", "properties": {"province_id": 2150, "name": "Bahawalnagar"}, "geometry": {"type": "Point", "coordinates": [9337.0, 2977.0]}}, {"type": "Feature", "properties": {"province_id": 2151, "name": "Jaipur"}, "geometry": {"type": "Point", "coordinates": [9493.0, 3079.0]}}, {"type": "Feature", "properties": {"province_id": 2152, "name": "Jodhpur"}, "geometry": {"type": "Point", "coordinates": [9340.0, 3094.0]}}, {"type": "Feature", "properties": {"province_id": 2153, "name": "Barmer"}, "geometry": {"type": "Point", "coordinates": [9283.0, 3153.0]}}, {"type": "Feature", "properties": {"province_id": 2154, "name": "Kishangarh"}, "geometry": {"type": "Point", "coordinates": [9302.0, 3072.0]}}, {"type": "Feature", "properties": {"province_id": 2155, "name": "Alwar"}, "geometry": {"type": "Point", "coordinates": [9527.0, 3045.0]}}, {"type": "Feature", "properties": {"province_id": 2156, "name": "Udaipur"}, "geometry": {"type": "Point", "coordinates": [9417.0, 3155.0]}}, {"type": "Feature", "properties": {"province_id": 2157, "name": "Nagaur"}, "geometry": {"type": "Point", "coordinates": [9391.0, 3060.0]}}, {"type": "Feature", "properties": {"province_id": 2158, "name": "Ajmer"}, "geometry": {"type": "Point", "coordinates": [9452.0, 3089.0]}}, {"type": "Feature", "properties": {"province_id": 2159, "name": "Lucknow"}, "geometry": {"type": "Point", "coordinates": [9724.0, 3081.0]}}, {"type": "Feature", "properties": {"province_id": 2160, "name": "Jhansi"}, "geometry": {"type": "Point", "coordinates": [9682.0, 3153.0]}}, {"type": "Feature", "properties": {"province_id": 2161, "name": "Bhopal"}, "geometry": {"type": "Point", "coordinates": [9651.0, 3225.0]}}, {"type": "Feature", "properties": {"province_id": 2162, "name": "Indore"}, "geometry": {"type": "Point", "coordinates": [9601.0, 3264.0]}}, {"type": "Feature", "properties": {"province_id": 2163, "name": "Mhow"}, "geometry": {"type": "Point", "coordinates": [9600.0, 3283.0]}}, {"type": "Feature", "properties": {"province_id": 2164, "name": "Ratlam"}, "geometry": {"type": "Point", "coordinates": [9523.0, 3232.0]}}, {"type": "Feature", "properties": {"province_id": 2165, "name": "Amritsar"}, "geometry": {"type": "Point", "coordinates": [9399.0, 2871.0]}}, {"type": "Feature", "properties": {"province_id": 2166, "name": "Meerut"}, "geometry": {"type": "Point", "coordinates": [9572.0, 2961.0]}}, {"type": "Feature", "properties": {"province_id": 2167, "name": "Bareilly"}, "geometry": {"type": "Point", "coordinates": [9662.0, 3003.0]}}, {"type": "Feature", "properties": {"province_id": 2168, "name": "Gwalior"}, "geometry": {"type": "Point", "coordinates": [9576.0, 3095.0]}}, {"type": "Feature", "properties": {"province_id": 2169, "name": "Kotah"}, "geometry": {"type": "Point", "coordinates": [9530.0, 3120.0]}}, {"type": "Feature", "properties": {"province_id": 2170, "name": "Ujjain"}, "geometry": {"type": "Point", "coordinates": [9594.0, 3231.0]}}, {"type": "Feature", "properties": {"province_id": 2171, "name": "Mandi"}, "geometry": {"type": "Point", "coordinates": [9561.0, 2866.0]}}, {"type": "Feature", "properties": {"province_id": 2172, "name": "Kathgodam"}, "geometry": {"type": "Point", "coordinates": [9650.0, 2948.0]}}, {"type": "Feature", "properties": {"province_id": 2173, "name": "Hissar"}, "geometry": {"type": "Point", "coordinates": [9475.0, 2959.0]}}, {"type": "Feature", "properties": {"province_id": 2174, "name": "Bikaner"}, "geometry": {"type": "Point", "coordinates": [9407.0, 2995.0]}}, {"type": "Feature", "properties": {"province_id": 2175, "name": "Marwar"}, "geometry": {"type": "Point", "coordinates": [9374.0, 3128.0]}}, {"type": "Feature", "properties": {"province_id": 2176, "name": "Khandwa"}, "geometry": {"type": "Point", "coordinates": [9657.0, 3289.0]}}, {"type": "Feature", "properties": {"province_id": 2177, "name": "Allahbad"}, "geometry": {"type": "Point", "coordinates": [9770.0, 3141.0]}}, {"type": "Feature", "properties": {"province_id": 2178, "name": "Patna"}, "geometry": {"type": "Point", "coordinates": [9904.0, 3136.0]}}, {"type": "Feature", "properties": {"province_id": 2179, "name": "Jamshedpur"}, "geometry": {"type": "Point", "coordinates": [9998.0, 3270.0]}}, {"type": "Feature", "properties": {"province_id": 2180, "name": "Cuttack"}, "geometry": {"type": "Point", "coordinates": [9943.0, 3376.0]}}, {"type": "Feature", "properties": {"province_id": 2181, "name": "Berhampur"}, "geometry": {"type": "Point", "coordinates": [9886.0, 3436.0]}}, {"type": "Feature", "properties": {"province_id": 2182, "name": "Raipur"}, "geometry": {"type": "Point", "coordinates": [9766.0, 3355.0]}}, {"type": "Feature", "properties": {"province_id": 2183, "name": "Nagpur"}, "geometry": {"type": "Point", "coordinates": [9703.0, 3354.0]}}, {"type": "Feature", "properties": {"province_id": 2184, "name": "Jagdalpur"}, "geometry": {"type": "Point", "coordinates": [9787.0, 3436.0]}}, {"type": "Feature", "properties": {"province_id": 2185, "name": "Gangtok"}, "geometry": {"type": "Point", "coordinates": [10050.0, 3105.0]}}, {"type": "Feature", "properties": {"province_id": 2186, "name": "Goalpara"}, "geometry": {"type": "Point", "coordinates": [10112.0, 3140.0]}}, {"type": "Feature", "properties": {"province_id": 2187, "name": "Katihar"}, "geometry": {"type": "Point", "coordinates": [10024.0, 3176.0]}}, {"type": "Feature", "properties": {"province_id": 2188, "name": "Monghyr"}, "geometry": {"type": "Point", "coordinates": [9956.0, 3141.0]}}, {"type": "Feature", "properties": {"province_id": 2189, "name": "Gorakhpur"}, "geometry": {"type": "Point", "coordinates": [9822.0, 3084.0]}}, {"type": "Feature", "properties": {"province_id": 2190, "name": "Ghazipur"}, "geometry": {"type": "Point", "coordinates": [9829.0, 3147.0]}}, {"type": "Feature", "properties": {"province_id": 2191, "name": "Rewah"}, "geometry": {"type": "Point", "coordinates": [9756.0, 3181.0]}}, {"type": "Feature", "properties": {"province_id": 2192, "name": "Katni"}, "geometry": {"type": "Point", "coordinates": [9727.0, 3231.0]}}, {"type": "Feature", "properties": {"province_id": 2193, "name": "Sonhat"}, "geometry": {"type": "Point", "coordinates": [9818.0, 3244.0]}}, {"type": "Feature", "properties": {"province_id": 2194, "name": "Baud"}, "geometry": {"type": "Point", "coordinates": [9878.0, 3362.0]}}, {"type": "Feature", "properties": {"province_id": 2195, "name": "Balasore"}, "geometry": {"type": "Point", "coordinates": [9986.0, 3319.0]}}, {"type": "Feature", "properties": {"province_id": 2196, "name": "Daspur"}, "geometry": {"type": "Point", "coordinates": [9963.0, 3302.0]}}, {"type": "Feature", "properties": {"province_id": 2197, "name": "Gaya"}, "geometry": {"type": "Point", "coordinates": [9906.0, 3186.0]}}, {"type": "Feature", "properties": {"province_id": 2198, "name": "Ranchi"}, "geometry": {"type": "Point", "coordinates": [9922.0, 3243.0]}}, {"type": "Feature", "properties": {"province_id": 2199, "name": "Raighar"}, "geometry": {"type": "Point", "coordinates": [9844.0, 3305.0]}}, {"type": "Feature", "properties": {"province_id": 2200, "name": "Seoni"}, "geometry": {"type": "Point", "coordinates": [9725.0, 3294.0]}}, {"type": "Feature", "properties": {"province_id": 2201, "name": "Chanda"}, "geometry": {"type": "Point", "coordinates": [9713.0, 3399.0]}}, {"type": "Feature", "properties": {"province_id": 2202, "name": "Madras"}, "geometry": {"type": "Point", "coordinates": [9711.0, 3729.0]}}, {"type": "Feature", "properties": {"province_id": 2203, "name": "Bangalore"}, "geometry": {"type": "Point", "coordinates": [9612.0, 3728.0]}}, {"type": "Feature", "properties": {"province_id": 2204, "name": "Hyderabad"}, "geometry": {"type": "Point", "coordinates": [9651.0, 3517.0]}}, {"type": "Feature", "properties": {"province_id": 2205, "name": "Bombay"}, "geometry": {"type": "Point", "coordinates": [9387.0, 3467.0]}}, {"type": "Feature", "properties": {"province_id": 2206, "name": "Jawhar"}, "geometry": {"type": "Point", "coordinates": [9391.0, 3429.0]}}, {"type": "Feature", "properties": {"province_id": 2207, "name": "Poona"}, "geometry": {"type": "Point", "coordinates": [9426.0, 3476.0]}}, {"type": "Feature", "properties": {"province_id": 2208, "name": "Nirmal"}, "geometry": {"type": "Point", "coordinates": [9676.0, 3420.0]}}, {"type": "Feature", "properties": {"province_id": 2209, "name": "Vizagapatam"}, "geometry": {"type": "Point", "coordinates": [9835.0, 3500.0]}}, {"type": "Feature", "properties": {"province_id": 2210, "name": "Salem"}, "geometry": {"type": "Point", "coordinates": [9626.0, 3768.0]}}, {"type": "Feature", "properties": {"province_id": 2211, "name": "Madura"}, "geometry": {"type": "Point", "coordinates": [9631.0, 3882.0]}}, {"type": "Feature", "properties": {"province_id": 2212, "name": "Trivandrum"}, "geometry": {"type": "Point", "coordinates": [9576.0, 3923.0]}}, {"type": "Feature", "properties": {"province_id": 2213, "name": "Vellore"}, "geometry": {"type": "Point", "coordinates": [9668.0, 3732.0]}}, {"type": "Feature", "properties": {"province_id": 2214, "name": "Mangalore"}, "geometry": {"type": "Point", "coordinates": [9491.0, 3732.0]}}, {"type": "Feature", "properties": {"province_id": 2215, "name": "Hassan"}, "geometry": {"type": "Point", "coordinates": [9558.0, 3716.0]}}, {"type": "Feature", "properties": {"province_id": 2216, "name": "Palghat"}, "geometry": {"type": "Point", "coordinates": [9571.0, 3817.0]}}, {"type": "Feature", "properties": {"province_id": 2217, "name": "Hindupur"}, "geometry": {"type": "Point", "coordinates": [9611.0, 3676.0]}}, {"type": "Feature", "properties": {"province_id": 2218, "name": "Nellore"}, "geometry": {"type": "Point", "coordinates": [9707.0, 3660.0]}}, {"type": "Feature", "properties": {"province_id": 2219, "name": "Masulipatam"}, "geometry": {"type": "Point", "coordinates": [9747.0, 3572.0]}}, {"type": "Feature", "properties": {"province_id": 2220, "name": "Warangal"}, "geometry": {"type": "Point", "coordinates": [9707.0, 3493.0]}}, {"type": "Feature", "properties": {"province_id": 2221, "name": "Kolhapur"}, "geometry": {"type": "Point", "coordinates": [9431.0, 3547.0]}}, {"type": "Feature", "properties": {"province_id": 2222, "name": "Dharwar"}, "geometry": {"type": "Point", "coordinates": [9480.0, 3604.0]}}, {"type": "Feature", "properties": {"province_id": 2223, "name": "Sholapur"}, "geometry": {"type": "Point", "coordinates": [9618.0, 3514.0]}}, {"type": "Feature", "properties": {"province_id": 2224, "name": "Pandhapur"}, "geometry": {"type": "Point", "coordinates": [9516.0, 3507.0]}}, {"type": "Feature", "properties": {"province_id": 2225, "name": "Dhulia"}, "geometry": {"type": "Point", "coordinates": [9529.0, 3380.0]}}, {"type": "Feature", "properties": {"province_id": 2226, "name": "Raichur"}, "geometry": {"type": "Point", "coordinates": [9638.0, 3589.0]}}, {"type": "Feature", "properties": {"province_id": 2227, "name": "Gadag"}, "geometry": {"type": "Point", "coordinates": [9538.0, 3605.0]}}, {"type": "Feature", "properties": {"province_id": 2228, "name": "Aurangabad"}, "geometry": {"type": "Point", "coordinates": [9578.0, 3424.0]}}, {"type": "Feature", "properties": {"province_id": 2229, "name": "Sil Garhi"}, "geometry": {"type": "Point", "coordinates": [9757.0, 2990.0]}}, {"type": "Feature", "properties": {"province_id": 2230, "name": "Kathmandu"}, "geometry": {"type": "Point", "coordinates": [9887.0, 3045.0]}}, {"type": "Feature", "properties": {"province_id": 2231, "name": "Dhankuta"}, "geometry": {"type": "Point", "coordinates": [9990.0, 3088.0]}}, {"type": "Feature", "properties": {"province_id": 2232, "name": "Hariyon"}, "geometry": {"type": "Point", "coordinates": [9904.0, 3075.0]}}, {"type": "Feature", "properties": {"province_id": 2233, "name": "Bhadgaon"}, "geometry": {"type": "Point", "coordinates": [9915.0, 3043.0]}}, {"type": "Feature", "properties": {"province_id": 2234, "name": "Pokhra"}, "geometry": {"type": "Point", "coordinates": [9822.0, 3013.0]}}, {"type": "Feature", "properties": {"province_id": 2235, "name": "Ahmedabad"}, "geometry": {"type": "Point", "coordinates": [9316.0, 3251.0]}}, {"type": "Feature", "properties": {"province_id": 2236, "name": "Rajkot"}, "geometry": {"type": "Point", "coordinates": [9273.0, 3300.0]}}, {"type": "Feature", "properties": {"province_id": 2237, "name": "Surat"}, "geometry": {"type": "Point", "coordinates": [9393.0, 3336.0]}}, {"type": "Feature", "properties": {"province_id": 2238, "name": "Baroda"}, "geometry": {"type": "Point", "coordinates": [9419.0, 3280.0]}}, {"type": "Feature", "properties": {"province_id": 2239, "name": "Nadiad"}, "geometry": {"type": "Point", "coordinates": [9337.0, 3270.0]}}, {"type": "Feature", "properties": {"province_id": 2240, "name": "Patan"}, "geometry": {"type": "Point", "coordinates": [9296.0, 3219.0]}}, {"type": "Feature", "properties": {"province_id": 2241, "name": "Calcutta"}, "geometry": {"type": "Point", "coordinates": [10045.0, 3287.0]}}, {"type": "Feature", "properties": {"province_id": 2242, "name": "Dacca"}, "geometry": {"type": "Point", "coordinates": [10123.0, 3245.0]}}, {"type": "Feature", "properties": {"province_id": 2243, "name": "Bogra"}, "geometry": {"type": "Point", "coordinates": [10082.0, 3219.0]}}, {"type": "Feature", "properties": {"province_id": 2244, "name": "Chandpur"}, "geometry": {"type": "Point", "coordinates": [10160.0, 3245.0]}}, {"type": "Feature", "properties": {"province_id": 2245, "name": "Punaka"}, "geometry": {"type": "Point", "coordinates": [10088.0, 3071.0]}}, {"type": "Feature", "properties": {"province_id": 2246, "name": "Bumtan"}, "geometry": {"type": "Point", "coordinates": [10130.0, 3077.0]}}, {"type": "Feature", "properties": {"province_id": 2247, "name": "Rangoon"}, "geometry": {"type": "Point", "coordinates": [10411.0, 3534.0]}}, {"type": "Feature", "properties": {"province_id": 2248, "name": "Shillong"}, "geometry": {"type": "Point", "coordinates": [10237.0, 3142.0]}}, {"type": "Feature", "properties": {"province_id": 2249, "name": "Aijal"}, "geometry": {"type": "Point", "coordinates": [10261.0, 3248.0]}}, {"type": "Feature", "properties": {"province_id": 2250, "name": "Imphal"}, "geometry": {"type": "Point", "coordinates": [10314.0, 3183.0]}}, {"type": "Feature", "properties": {"province_id": 2251, "name": "Fort Hertz"}, "geometry": {"type": "Point", "coordinates": [10431.0, 2994.0]}}, {"type": "Feature", "properties": {"province_id": 2252, "name": "Dibrugarh"}, "geometry": {"type": "Point", "coordinates": [10323.0, 3016.0]}}, {"type": "Feature", "properties": {"province_id": 2253, "name": "Mandalay"}, "geometry": {"type": "Point", "coordinates": [10379.0, 3283.0]}}, {"type": "Feature", "properties": {"province_id": 2254, "name": "Kengtung"}, "geometry": {"type": "Point", "coordinates": [10512.0, 3303.0]}}, {"type": "Feature", "properties": {"province_id": 2255, "name": "Maingpan"}, "geometry": {"type": "Point", "coordinates": [10494.0, 3368.0]}}, {"type": "Feature", "properties": {"province_id": 2256, "name": "Moulmein"}, "geometry": {"type": "Point", "coordinates": [10486.0, 3556.0]}}, {"type": "Feature", "properties": {"province_id": 2257, "name": "Mengui"}, "geometry": {"type": "Point", "coordinates": [10525.0, 3683.0]}}, {"type": "Feature", "properties": {"province_id": 2258, "name": "Bassein"}, "geometry": {"type": "Point", "coordinates": [10336.0, 3531.0]}}, {"type": "Feature", "properties": {"province_id": 2259, "name": "Chittagong"}, "geometry": {"type": "Point", "coordinates": [10192.0, 3303.0]}}, {"type": "Feature", "properties": {"province_id": 2260, "name": "Pyinmana"}, "geometry": {"type": "Point", "coordinates": [10411.0, 3417.0]}}, {"type": "Feature", "properties": {"province_id": 2261, "name": "Lungnak"}, "geometry": {"type": "Point", "coordinates": [9653.0, 2559.0]}}, {"type": "Feature", "properties": {"province_id": 2262, "name": "Lashung"}, "geometry": {"type": "Point", "coordinates": [9763.0, 2582.0]}}, {"type": "Feature", "properties": {"province_id": 2263, "name": "Gomo"}, "geometry": {"type": "Point", "coordinates": [9893.0, 2621.0]}}, {"type": "Feature", "properties": {"province_id": 2264, "name": "Rudok"}, "geometry": {"type": "Point", "coordinates": [9630.0, 2660.0]}}, {"type": "Feature", "properties": {"province_id": 2265, "name": "Gartok"}, "geometry": {"type": "Point", "coordinates": [9640.0, 2765.0]}}, {"type": "Feature", "properties": {"province_id": 2266, "name": "Ladse Dzong"}, "geometry": {"type": "Point", "coordinates": [9948.0, 2984.0]}}, {"type": "Feature", "properties": {"province_id": 2267, "name": "Bhamo"}, "geometry": {"type": "Point", "coordinates": [10432.0, 3192.0]}}, {"type": "Feature", "properties": {"province_id": 2268, "name": "Shazia"}, "geometry": {"type": "Point", "coordinates": [9740.0, 2689.0]}}, {"type": "Feature", "properties": {"province_id": 2269, "name": "Daurakpa"}, "geometry": {"type": "Point", "coordinates": [9849.0, 2770.0]}}, {"type": "Feature", "properties": {"province_id": 2270, "name": "Tradum"}, "geometry": {"type": "Point", "coordinates": [9829.0, 2926.0]}}, {"type": "Feature", "properties": {"province_id": 2271, "name": "Lhasa"}, "geometry": {"type": "Point", "coordinates": [10101.0, 2951.0]}}, {"type": "Feature", "properties": {"province_id": 2272, "name": "Chetang"}, "geometry": {"type": "Point", "coordinates": [10149.0, 2967.0]}}, {"type": "Feature", "properties": {"province_id": 2273, "name": "Dhirang Dzong"}, "geometry": {"type": "Point", "coordinates": [10161.0, 3043.0]}}, {"type": "Feature", "properties": {"province_id": 2274, "name": "Tsari"}, "geometry": {"type": "Point", "coordinates": [10227.0, 2986.0]}}, {"type": "Feature", "properties": {"province_id": 2275, "name": "Phondu"}, "geometry": {"type": "Point", "coordinates": [10104.0, 2899.0]}}, {"type": "Feature", "properties": {"province_id": 2276, "name": "Ed Dzong"}, "geometry": {"type": "Point", "coordinates": [10043.0, 2819.0]}}, {"type": "Feature", "properties": {"province_id": 2277, "name": "Darchoi"}, "geometry": {"type": "Point", "coordinates": [9979.0, 2809.0]}}, {"type": "Feature", "properties": {"province_id": 2278, "name": "Govo"}, "geometry": {"type": "Point", "coordinates": [9925.0, 2899.0]}}, {"type": "Feature", "properties": {"province_id": 2279, "name": "Shigatse"}, "geometry": {"type": "Point", "coordinates": [10024.0, 2990.0]}}, {"type": "Feature", "properties": {"province_id": 2280, "name": "Gyangtse"}, "geometry": {"type": "Point", "coordinates": [10056.0, 3006.0]}}, {"type": "Feature", "properties": {"province_id": 2281, "name": "Lhari"}, "geometry": {"type": "Point", "coordinates": [10232.0, 2879.0]}}, {"type": "Feature", "properties": {"province_id": 2282, "name": "Chamchu"}, "geometry": {"type": "Point", "coordinates": [9686.0, 2681.0]}}, {"type": "Feature", "properties": {"province_id": 2283, "name": "Parka"}, "geometry": {"type": "Point", "coordinates": [9735.0, 2848.0]}}, {"type": "Feature", "properties": {"province_id": 2284, "name": "Nagron"}, "geometry": {"type": "Point", "coordinates": [9797.0, 2733.0]}}, {"type": "Feature", "properties": {"province_id": 2285, "name": "Selipuk"}, "geometry": {"type": "Point", "coordinates": [9746.0, 2764.0]}}, {"type": "Feature", "properties": {"province_id": 2286, "name": "Soping"}, "geometry": {"type": "Point", "coordinates": [10808.0, 2369.0]}}, {"type": "Feature", "properties": {"province_id": 2287, "name": "Demchok"}, "geometry": {"type": "Point", "coordinates": [9587.0, 2726.0]}}, {"type": "Feature", "properties": {"province_id": 2288, "name": "Djiacham"}, "geometry": {"type": "Point", "coordinates": [9666.0, 2776.0]}}, {"type": "Feature", "properties": {"province_id": 2289, "name": "Namling"}, "geometry": {"type": "Point", "coordinates": [10033.0, 2915.0]}}, {"type": "Feature", "properties": {"province_id": 2290, "name": "Sibi"}, "geometry": {"type": "Point", "coordinates": [9107.0, 2991.0]}}, {"type": "Feature", "properties": {"province_id": 2291, "name": "Yunnanfu"}, "geometry": {"type": "Point", "coordinates": [10634.0, 3141.0]}}, {"type": "Feature", "properties": {"province_id": 2292, "name": "Yuangchang"}, "geometry": {"type": "Point", "coordinates": [10531.0, 3120.0]}}, {"type": "Feature", "properties": {"province_id": 2293, "name": "Chengkiang"}, "geometry": {"type": "Point", "coordinates": [10645.0, 3162.0]}}, {"type": "Feature", "properties": {"province_id": 2294, "name": "Tungchwan"}, "geometry": {"type": "Point", "coordinates": [10647.0, 3095.0]}}, {"type": "Feature", "properties": {"province_id": 2295, "name": "Pu'er"}, "geometry": {"type": "Point", "coordinates": [10576.0, 3215.0]}}, {"type": "Feature", "properties": {"province_id": 2296, "name": "Sinhing"}, "geometry": {"type": "Point", "coordinates": [10608.0, 3154.0]}}, {"type": "Feature", "properties": {"province_id": 2297, "name": "Lungling"}, "geometry": {"type": "Point", "coordinates": [10497.0, 3168.0]}}, {"type": "Feature", "properties": {"province_id": 2298, "name": "Kweiyang"}, "geometry": {"type": "Point", "coordinates": [10762.0, 3094.0]}}, {"type": "Feature", "properties": {"province_id": 2299, "name": "Puanting"}, "geometry": {"type": "Point", "coordinates": [10709.0, 3118.0]}}, {"type": "Feature", "properties": {"province_id": 2300, "name": "Nanning"}, "geometry": {"type": "Point", "coordinates": [10905.0, 3241.0]}}, {"type": "Feature", "properties": {"province_id": 2301, "name": "Canton"}, "geometry": {"type": "Point", "coordinates": [11133.0, 3266.0]}}, {"type": "Feature", "properties": {"province_id": 2302, "name": "Guilin"}, "geometry": {"type": "Point", "coordinates": [11017.0, 3155.0]}}, {"type": "Feature", "properties": {"province_id": 2303, "name": "Ziyuan"}, "geometry": {"type": "Point", "coordinates": [11027.0, 3128.0]}}, {"type": "Feature", "properties": {"province_id": 2304, "name": "Tsunyi"}, "geometry": {"type": "Point", "coordinates": [10778.0, 3045.0]}}, {"type": "Feature", "properties": {"province_id": 2305, "name": "Tuyun"}, "geometry": {"type": "Point", "coordinates": [10810.0, 3105.0]}}, {"type": "Feature", "properties": {"province_id": 2306, "name": "Szenan"}, "geometry": {"type": "Point", "coordinates": [10837.0, 3034.0]}}, {"type": "Feature", "properties": {"province_id": 2307, "name": "Liping"}, "geometry": {"type": "Point", "coordinates": [10904.0, 3118.0]}}, {"type": "Feature", "properties": {"province_id": 2308, "name": "Shiuchow"}, "geometry": {"type": "Point", "coordinates": [11134.0, 3167.0]}}, {"type": "Feature", "properties": {"province_id": 2309, "name": "Chaochow"}, "geometry": {"type": "Point", "coordinates": [11249.0, 3200.0]}}, {"type": "Feature", "properties": {"province_id": 2310, "name": "Linping"}, "geometry": {"type": "Point", "coordinates": [11135.0, 3205.0]}}, {"type": "Feature", "properties": {"province_id": 2311, "name": "Bayard"}, "geometry": {"type": "Point", "coordinates": [11018.0, 3341.0]}}, {"type": "Feature", "properties": {"province_id": 2312, "name": "Tunghing"}, "geometry": {"type": "Point", "coordinates": [10914.0, 3293.0]}}, {"type": "Feature", "properties": {"province_id": 2313, "name": "Taiping"}, "geometry": {"type": "Point", "coordinates": [10869.0, 3251.0]}}, {"type": "Feature", "properties": {"province_id": 2314, "name": "Chenan"}, "geometry": {"type": "Point", "coordinates": [10780.0, 3188.0]}}, {"type": "Feature", "properties": {"province_id": 2315, "name": "Szecheng"}, "geometry": {"type": "Point", "coordinates": [10765.0, 3147.0]}}, {"type": "Feature", "properties": {"province_id": 2316, "name": "Pinglo"}, "geometry": {"type": "Point", "coordinates": [11018.0, 3188.0]}}, {"type": "Feature", "properties": {"province_id": 2317, "name": "Chaoking"}, "geometry": {"type": "Point", "coordinates": [11100.0, 3273.0]}}, {"type": "Feature", "properties": {"province_id": 2318, "name": "Sunyi"}, "geometry": {"type": "Point", "coordinates": [11027.0, 3305.0]}}, {"type": "Feature", "properties": {"province_id": 2319, "name": "Liuzhou"}, "geometry": {"type": "Point", "coordinates": [10904.0, 3196.0]}}, {"type": "Feature", "properties": {"province_id": 2320, "name": "Guixian"}, "geometry": {"type": "Point", "coordinates": [10969.0, 3237.0]}}, {"type": "Feature", "properties": {"province_id": 2321, "name": "Shanghai"}, "geometry": {"type": "Point", "coordinates": [11396.0, 2767.0]}}, {"type": "Feature", "properties": {"province_id": 2322, "name": "Wuchow"}, "geometry": {"type": "Point", "coordinates": [11045.0, 3246.0]}}, {"type": "Feature", "properties": {"province_id": 2323, "name": "Nanking"}, "geometry": {"type": "Point", "coordinates": [11312.0, 2749.0]}}, {"type": "Feature", "properties": {"province_id": 2324, "name": "Teian"}, "geometry": {"type": "Point", "coordinates": [11164.0, 2766.0]}}, {"type": "Feature", "properties": {"province_id": 2325, "name": "Ichang"}, "geometry": {"type": "Point", "coordinates": [11037.0, 2800.0]}}, {"type": "Feature", "properties": {"province_id": 2326, "name": "Tungjen"}, "geometry": {"type": "Point", "coordinates": [10947.0, 2961.0]}}, {"type": "Feature", "properties": {"province_id": 2327, "name": "Tsingchow"}, "geometry": {"type": "Point", "coordinates": [10975.0, 3069.0]}}, {"type": "Feature", "properties": {"province_id": 2328, "name": "Wuhan"}, "geometry": {"type": "Point", "coordinates": [11187.0, 2802.0]}}, {"type": "Feature", "properties": {"province_id": 2329, "name": "Changsha"}, "geometry": {"type": "Point", "coordinates": [11111.0, 2912.0]}}, {"type": "Feature", "properties": {"province_id": 2330, "name": "Nanchang"}, "geometry": {"type": "Point", "coordinates": [11236.0, 2899.0]}}, {"type": "Feature", "properties": {"province_id": 2331, "name": "Kanchow"}, "geometry": {"type": "Point", "coordinates": [11165.0, 3092.0]}}, {"type": "Feature", "properties": {"province_id": 2332, "name": "Foochow"}, "geometry": {"type": "Point", "coordinates": [11344.0, 3068.0]}}, {"type": "Feature", "properties": {"province_id": 2333, "name": "Hangchow"}, "geometry": {"type": "Point", "coordinates": [11356.0, 2813.0]}}, {"type": "Feature", "properties": {"province_id": 2334, "name": "Wenchow"}, "geometry": {"type": "Point", "coordinates": [11383.0, 2932.0]}}, {"type": "Feature", "properties": {"province_id": 2335, "name": "Linchwan"}, "geometry": {"type": "Point", "coordinates": [11258.0, 2925.0]}}, {"type": "Feature", "properties": {"province_id": 2336, "name": "Anqing"}, "geometry": {"type": "Point", "coordinates": [11238.0, 2798.0]}}, {"type": "Feature", "properties": {"province_id": 2337, "name": "Kingchow"}, "geometry": {"type": "Point", "coordinates": [11119.0, 2819.0]}}, {"type": "Feature", "properties": {"province_id": 2338, "name": "Supu"}, "geometry": {"type": "Point", "coordinates": [11025.0, 2921.0]}}, {"type": "Feature", "properties": {"province_id": 2339, "name": "Yuanchow"}, "geometry": {"type": "Point", "coordinates": [11171.0, 2925.0]}}, {"type": "Feature", "properties": {"province_id": 2340, "name": "Hanyang"}, "geometry": {"type": "Point", "coordinates": [11182.0, 2845.0]}}, {"type": "Feature", "properties": {"province_id": 2341, "name": "Tingchow"}, "geometry": {"type": "Point", "coordinates": [11215.0, 3094.0]}}, {"type": "Feature", "properties": {"province_id": 2342, "name": "Yungchow"}, "geometry": {"type": "Point", "coordinates": [11048.0, 3094.0]}}, {"type": "Feature", "properties": {"province_id": 2343, "name": "Wukang"}, "geometry": {"type": "Point", "coordinates": [11037.0, 3020.0]}}, {"type": "Feature", "properties": {"province_id": 2344, "name": "Siangtan"}, "geometry": {"type": "Point", "coordinates": [11100.0, 2936.0]}}, {"type": "Feature", "properties": {"province_id": 2345, "name": "Hengchow"}, "geometry": {"type": "Point", "coordinates": [11084.0, 2994.0]}}, {"type": "Feature", "properties": {"province_id": 2346, "name": "Kian"}, "geometry": {"type": "Point", "coordinates": [11196.0, 2991.0]}}, {"type": "Feature", "properties": {"province_id": 2347, "name": "Kienning"}, "geometry": {"type": "Point", "coordinates": [11311.0, 2991.0]}}, {"type": "Feature", "properties": {"province_id": 2348, "name": "Chuanchow"}, "geometry": {"type": "Point", "coordinates": [11300.0, 3130.0]}}, {"type": "Feature", "properties": {"province_id": 2349, "name": "Kyaukse"}, "geometry": {"type": "Point", "coordinates": [10379.0, 3311.0]}}, {"type": "Feature", "properties": {"province_id": 2350, "name": "Yeu"}, "geometry": {"type": "Point", "coordinates": [10340.0, 3247.0]}}, {"type": "Feature", "properties": {"province_id": 2351, "name": "Kohima"}, "geometry": {"type": "Point", "coordinates": [10307.0, 3128.0]}}, {"type": "Feature", "properties": {"province_id": 2352, "name": "Katha"}, "geometry": {"type": "Point", "coordinates": [10381.0, 3196.0]}}, {"type": "Feature", "properties": {"province_id": 2353, "name": "Myitkyina"}, "geometry": {"type": "Point", "coordinates": [10439.0, 3087.0]}}, {"type": "Feature", "properties": {"province_id": 2354, "name": "Mogaung"}, "geometry": {"type": "Point", "coordinates": [10371.0, 3090.0]}}, {"type": "Feature", "properties": {"province_id": 2355, "name": "Paletwa"}, "geometry": {"type": "Point", "coordinates": [10231.0, 3333.0]}}, {"type": "Feature", "properties": {"province_id": 2356, "name": "Sandoway"}, "geometry": {"type": "Point", "coordinates": [10312.0, 3445.0]}}, {"type": "Feature", "properties": {"province_id": 2357, "name": "Pegu"}, "geometry": {"type": "Point", "coordinates": [10422.0, 3510.0]}}, {"type": "Feature", "properties": {"province_id": 2358, "name": "Yamethin"}, "geometry": {"type": "Point", "coordinates": [10414.0, 3368.0]}}, {"type": "Feature", "properties": {"province_id": 2359, "name": "Pakokku"}, "geometry": {"type": "Point", "coordinates": [10320.0, 3329.0]}}, {"type": "Feature", "properties": {"province_id": 2360, "name": "Mong Kung"}, "geometry": {"type": "Point", "coordinates": [10455.0, 3294.0]}}, {"type": "Feature", "properties": {"province_id": 2361, "name": "Bangkok"}, "geometry": {"type": "Point", "coordinates": [10598.0, 3666.0]}}, {"type": "Feature", "properties": {"province_id": 2362, "name": "Kiang Mai"}, "geometry": {"type": "Point", "coordinates": [10563.0, 3459.0]}}, {"type": "Feature", "properties": {"province_id": 2363, "name": "Sa Kaeo"}, "geometry": {"type": "Point", "coordinates": [10647.0, 3666.0]}}, {"type": "Feature", "properties": {"province_id": 2364, "name": "Kalasin"}, "geometry": {"type": "Point", "coordinates": [10699.0, 3511.0]}}, {"type": "Feature", "properties": {"province_id": 2365, "name": "Surin"}, "geometry": {"type": "Point", "coordinates": [10732.0, 3604.0]}}, {"type": "Feature", "properties": {"province_id": 2366, "name": "Sukhothai"}, "geometry": {"type": "Point", "coordinates": [10575.0, 3550.0]}}, {"type": "Feature", "properties": {"province_id": 2367, "name": "Phang Nga"}, "geometry": {"type": "Point", "coordinates": [10522.0, 3908.0]}}, {"type": "Feature", "properties": {"province_id": 2368, "name": "Singora"}, "geometry": {"type": "Point", "coordinates": [10615.0, 3965.0]}}, {"type": "Feature", "properties": {"province_id": 2369, "name": "Ranong"}, "geometry": {"type": "Point", "coordinates": [10543.0, 3806.0]}}, {"type": "Feature", "properties": {"province_id": 2370, "name": "Kanburi"}, "geometry": {"type": "Point", "coordinates": [10574.0, 3653.0]}}, {"type": "Feature", "properties": {"province_id": 2371, "name": "Pnom Penh"}, "geometry": {"type": "Point", "coordinates": [10813.0, 3747.0]}}, {"type": "Feature", "properties": {"province_id": 2372, "name": "Saigon"}, "geometry": {"type": "Point", "coordinates": [10894.0, 3786.0]}}, {"type": "Feature", "properties": {"province_id": 2373, "name": "Luang Prabang"}, "geometry": {"type": "Point", "coordinates": [10674.0, 3373.0]}}, {"type": "Feature", "properties": {"province_id": 2374, "name": "Hanoi"}, "geometry": {"type": "Point", "coordinates": [10806.0, 3338.0]}}, {"type": "Feature", "properties": {"province_id": 2375, "name": "Hue"}, "geometry": {"type": "Point", "coordinates": [10910.0, 3546.0]}}, {"type": "Feature", "properties": {"province_id": 2376, "name": "Kampot"}, "geometry": {"type": "Point", "coordinates": [10783.0, 3803.0]}}, {"type": "Feature", "properties": {"province_id": 2377, "name": "Odong"}, "geometry": {"type": "Point", "coordinates": [10799.0, 3723.0]}}, {"type": "Feature", "properties": {"province_id": 2378, "name": "Battambang"}, "geometry": {"type": "Point", "coordinates": [10717.0, 3689.0]}}, {"type": "Feature", "properties": {"province_id": 2379, "name": "Bak Lieu"}, "geometry": {"type": "Point", "coordinates": [10864.0, 3845.0]}}, {"type": "Feature", "properties": {"province_id": 2380, "name": "Binh Thuan"}, "geometry": {"type": "Point", "coordinates": [10966.0, 3773.0]}}, {"type": "Feature", "properties": {"province_id": 2381, "name": "Phu-yen"}, "geometry": {"type": "Point", "coordinates": [10979.0, 3700.0]}}, {"type": "Feature", "properties": {"province_id": 2382, "name": "Prey Veng"}, "geometry": {"type": "Point", "coordinates": [10849.0, 3745.0]}}, {"type": "Feature", "properties": {"province_id": 2383, "name": "Pak-Lai"}, "geometry": {"type": "Point", "coordinates": [10666.0, 3441.0]}}, {"type": "Feature", "properties": {"province_id": 2384, "name": "Kao Bang"}, "geometry": {"type": "Point", "coordinates": [10807.0, 3263.0]}}, {"type": "Feature", "properties": {"province_id": 2385, "name": "Lao-Kai"}, "geometry": {"type": "Point", "coordinates": [10713.0, 3235.0]}}, {"type": "Feature", "properties": {"province_id": 2386, "name": "Muang Xay"}, "geometry": {"type": "Point", "coordinates": [10651.0, 3303.0]}}, {"type": "Feature", "properties": {"province_id": 2387, "name": "Yen-bai"}, "geometry": {"type": "Point", "coordinates": [10754.0, 3345.0]}}, {"type": "Feature", "properties": {"province_id": 2388, "name": "Haiphong"}, "geometry": {"type": "Point", "coordinates": [10863.0, 3359.0]}}, {"type": "Feature", "properties": {"province_id": 2389, "name": "Vinh"}, "geometry": {"type": "Point", "coordinates": [10812.0, 3432.0]}}, {"type": "Feature", "properties": {"province_id": 2390, "name": "Banlao"}, "geometry": {"type": "Point", "coordinates": [10790.0, 3547.0]}}, {"type": "Feature", "properties": {"province_id": 2391, "name": "Đong Hoi"}, "geometry": {"type": "Point", "coordinates": [10859.0, 3508.0]}}, {"type": "Feature", "properties": {"province_id": 2392, "name": "Tourane"}, "geometry": {"type": "Point", "coordinates": [10934.0, 3567.0]}}, {"type": "Feature", "properties": {"province_id": 2393, "name": "Meluprey"}, "geometry": {"type": "Point", "coordinates": [10813.0, 3644.0]}}, {"type": "Feature", "properties": {"province_id": 2394, "name": "Nong Hoi"}, "geometry": {"type": "Point", "coordinates": [10751.0, 3489.0]}}, {"type": "Feature", "properties": {"province_id": 2395, "name": "Kratié"}, "geometry": {"type": "Point", "coordinates": [10894.0, 3697.0]}}, {"type": "Feature", "properties": {"province_id": 2396, "name": "Beijing"}, "geometry": {"type": "Point", "coordinates": [11066.0, 2396.0]}}, {"type": "Feature", "properties": {"province_id": 2397, "name": "Tianjin"}, "geometry": {"type": "Point", "coordinates": [11157.0, 2448.0]}}, {"type": "Feature", "properties": {"province_id": 2398, "name": "Jinan"}, "geometry": {"type": "Point", "coordinates": [11148.0, 2565.0]}}, {"type": "Feature", "properties": {"province_id": 2399, "name": "Rizhao"}, "geometry": {"type": "Point", "coordinates": [11298.0, 2581.0]}}, {"type": "Feature", "properties": {"province_id": 2400, "name": "Tsingtao"}, "geometry": {"type": "Point", "coordinates": [11300.0, 2530.0]}}, {"type": "Feature", "properties": {"province_id": 2401, "name": "Weifang"}, "geometry": {"type": "Point", "coordinates": [11252.0, 2542.0]}}, {"type": "Feature", "properties": {"province_id": 2402, "name": "Mangan"}, "geometry": {"type": "Point", "coordinates": [10782.0, 2126.0]}}, {"type": "Feature", "properties": {"province_id": 2403, "name": "Kolan"}, "geometry": {"type": "Point", "coordinates": [10931.0, 2452.0]}}, {"type": "Feature", "properties": {"province_id": 2404, "name": "Fuping"}, "geometry": {"type": "Point", "coordinates": [11024.0, 2425.0]}}, {"type": "Feature", "properties": {"province_id": 2405, "name": "Qingyang"}, "geometry": {"type": "Point", "coordinates": [10843.0, 2501.0]}}, {"type": "Feature", "properties": {"province_id": 2406, "name": "Taiyuan"}, "geometry": {"type": "Point", "coordinates": [10973.0, 2546.0]}}, {"type": "Feature", "properties": {"province_id": 2407, "name": "Shijiazhuang"}, "geometry": {"type": "Point", "coordinates": [11094.0, 2539.0]}}, {"type": "Feature", "properties": {"province_id": 2408, "name": "Yangquan"}, "geometry": {"type": "Point", "coordinates": [11012.0, 2546.0]}}, {"type": "Feature", "properties": {"province_id": 2409, "name": "Boading"}, "geometry": {"type": "Point", "coordinates": [11080.0, 2471.0]}}, {"type": "Feature", "properties": {"province_id": 2410, "name": "Zhengzhou"}, "geometry": {"type": "Point", "coordinates": [11025.0, 2643.0]}}, {"type": "Feature", "properties": {"province_id": 2411, "name": "Jining"}, "geometry": {"type": "Point", "coordinates": [11135.0, 2629.0]}}, {"type": "Feature", "properties": {"province_id": 2412, "name": "Yancheng"}, "geometry": {"type": "Point", "coordinates": [11320.0, 2665.0]}}, {"type": "Feature", "properties": {"province_id": 2413, "name": "Xuzhou"}, "geometry": {"type": "Point", "coordinates": [11171.0, 2653.0]}}, {"type": "Feature", "properties": {"province_id": 2414, "name": "Linyi"}, "geometry": {"type": "Point", "coordinates": [11213.0, 2629.0]}}, {"type": "Feature", "properties": {"province_id": 2415, "name": "Bengbu"}, "geometry": {"type": "Point", "coordinates": [11177.0, 2700.0]}}, {"type": "Feature", "properties": {"province_id": 2416, "name": "Nanyang"}, "geometry": {"type": "Point", "coordinates": [10999.0, 2717.0]}}, {"type": "Feature", "properties": {"province_id": 2417, "name": "Zhumadian"}, "geometry": {"type": "Point", "coordinates": [11064.0, 2718.0]}}, {"type": "Feature", "properties": {"province_id": 2418, "name": "Yungcheng"}, "geometry": {"type": "Point", "coordinates": [10930.0, 2617.0]}}, {"type": "Feature", "properties": {"province_id": 2419, "name": "Lüliang"}, "geometry": {"type": "Point", "coordinates": [10931.0, 2552.0]}}, {"type": "Feature", "properties": {"province_id": 2420, "name": "Ulaanbaatar"}, "geometry": {"type": "Point", "coordinates": [10505.0, 1905.0]}}, {"type": "Feature", "properties": {"province_id": 2421, "name": "Altai"}, "geometry": {"type": "Point", "coordinates": [10098.0, 2020.0]}}, {"type": "Feature", "properties": {"province_id": 2422, "name": "Bor-Undur"}, "geometry": {"type": "Point", "coordinates": [10595.0, 2011.0]}}, {"type": "Feature", "properties": {"province_id": 2423, "name": "Choir"}, "geometry": {"type": "Point", "coordinates": [10544.0, 1969.0]}}, {"type": "Feature", "properties": {"province_id": 2424, "name": "Sainshand"}, "geometry": {"type": "Point", "coordinates": [10626.0, 2067.0]}}, {"type": "Feature", "properties": {"province_id": 2425, "name": "Matad"}, "geometry": {"type": "Point", "coordinates": [10808.0, 1967.0]}}, {"type": "Feature", "properties": {"province_id": 2426, "name": "Baruun-Urt"}, "geometry": {"type": "Point", "coordinates": [10684.0, 1987.0]}}, {"type": "Feature", "properties": {"province_id": 2427, "name": "Baganuur"}, "geometry": {"type": "Point", "coordinates": [10549.0, 1898.0]}}, {"type": "Feature", "properties": {"province_id": 2428, "name": "Choibalsan"}, "geometry": {"type": "Point", "coordinates": [10664.0, 1805.0]}}, {"type": "Feature", "properties": {"province_id": 2429, "name": "Uniket"}, "geometry": {"type": "Point", "coordinates": [10891.0, 2094.0]}}, {"type": "Feature", "properties": {"province_id": 2430, "name": "Sharga"}, "geometry": {"type": "Point", "coordinates": [10050.0, 2025.0]}}, {"type": "Feature", "properties": {"province_id": 2431, "name": "Delger"}, "geometry": {"type": "Point", "coordinates": [10184.0, 2013.0]}}, {"type": "Feature", "properties": {"province_id": 2432, "name": "Erdene"}, "geometry": {"type": "Point", "coordinates": [10203.0, 2106.0]}}, {"type": "Feature", "properties": {"province_id": 2433, "name": "Khatansuudal"}, "geometry": {"type": "Point", "coordinates": [10323.0, 2154.0]}}, {"type": "Feature", "properties": {"province_id": 2434, "name": "Murun"}, "geometry": {"type": "Point", "coordinates": [10247.0, 1831.0]}}, {"type": "Feature", "properties": {"province_id": 2435, "name": "Turuun"}, "geometry": {"type": "Point", "coordinates": [10076.0, 1798.0]}}, {"type": "Feature", "properties": {"province_id": 2436, "name": "Ulaangom"}, "geometry": {"type": "Point", "coordinates": [9951.0, 1795.0]}}, {"type": "Feature", "properties": {"province_id": 2437, "name": "Ulgii"}, "geometry": {"type": "Point", "coordinates": [9759.0, 1853.0]}}, {"type": "Feature", "properties": {"province_id": 2438, "name": "Terper Tugrug"}, "geometry": {"type": "Point", "coordinates": [9890.0, 1976.0]}}, {"type": "Feature", "properties": {"province_id": 2439, "name": "Bayankhongor"}, "geometry": {"type": "Point", "coordinates": [10314.0, 2024.0]}}, {"type": "Feature", "properties": {"province_id": 2440, "name": "Bulgan"}, "geometry": {"type": "Point", "coordinates": [10366.0, 1901.0]}}, {"type": "Feature", "properties": {"province_id": 2441, "name": "Gurvansaikhan"}, "geometry": {"type": "Point", "coordinates": [10494.0, 2067.0]}}, {"type": "Feature", "properties": {"province_id": 2442, "name": "Bulan"}, "geometry": {"type": "Point", "coordinates": [10626.0, 2220.0]}}, {"type": "Feature", "properties": {"province_id": 2443, "name": "Bayan-Ovoo"}, "geometry": {"type": "Point", "coordinates": [10448.0, 2205.0]}}, {"type": "Feature", "properties": {"province_id": 2444, "name": "Mandal-Ovoo"}, "geometry": {"type": "Point", "coordinates": [10397.0, 2089.0]}}, {"type": "Feature", "properties": {"province_id": 2445, "name": "Lun"}, "geometry": {"type": "Point", "coordinates": [10460.0, 1907.0]}}, {"type": "Feature", "properties": {"province_id": 2446, "name": "Bugat"}, "geometry": {"type": "Point", "coordinates": [9977.0, 2089.0]}}, {"type": "Feature", "properties": {"province_id": 2447, "name": "Durvuljin"}, "geometry": {"type": "Point", "coordinates": [10104.0, 1916.0]}}, {"type": "Feature", "properties": {"province_id": 2448, "name": "Kingpeng"}, "geometry": {"type": "Point", "coordinates": [11111.0, 2200.0]}}, {"type": "Feature", "properties": {"province_id": 2449, "name": "Urumchi"}, "geometry": {"type": "Point", "coordinates": [9630.0, 2149.0]}}, {"type": "Feature", "properties": {"province_id": 2450, "name": "Bulun Tokhoi"}, "geometry": {"type": "Point", "coordinates": [9582.0, 1973.0]}}, {"type": "Feature", "properties": {"province_id": 2451, "name": "Ningyuan"}, "geometry": {"type": "Point", "coordinates": [9474.0, 2165.0]}}, {"type": "Feature", "properties": {"province_id": 2452, "name": "Aqsu"}, "geometry": {"type": "Point", "coordinates": [9374.0, 2285.0]}}, {"type": "Feature", "properties": {"province_id": 2453, "name": "Kashgar"}, "geometry": {"type": "Point", "coordinates": [9228.0, 2406.0]}}, {"type": "Feature", "properties": {"province_id": 2454, "name": "Niya"}, "geometry": {"type": "Point", "coordinates": [9423.0, 2535.0]}}, {"type": "Feature", "properties": {"province_id": 2455, "name": "Kushui"}, "geometry": {"type": "Point", "coordinates": [9896.0, 2210.0]}}, {"type": "Feature", "properties": {"province_id": 2456, "name": "Chochiang"}, "geometry": {"type": "Point", "coordinates": [9748.0, 2408.0]}}, {"type": "Feature", "properties": {"province_id": 2457, "name": "Hotien"}, "geometry": {"type": "Point", "coordinates": [9247.0, 2536.0]}}, {"type": "Feature", "properties": {"province_id": 2458, "name": "Yutien"}, "geometry": {"type": "Point", "coordinates": [9306.0, 2549.0]}}, {"type": "Feature", "properties": {"province_id": 2459, "name": "Kucha"}, "geometry": {"type": "Point", "coordinates": [9485.0, 2256.0]}}, {"type": "Feature", "properties": {"province_id": 2460, "name": "Qara Shahr"}, "geometry": {"type": "Point", "coordinates": [9592.0, 2259.0]}}, {"type": "Feature", "properties": {"province_id": 2461, "name": "Turfan"}, "geometry": {"type": "Point", "coordinates": [9709.0, 2197.0]}}, {"type": "Feature", "properties": {"province_id": 2462, "name": "Hami"}, "geometry": {"type": "Point", "coordinates": [9831.0, 2190.0]}}, {"type": "Feature", "properties": {"province_id": 2463, "name": "Chensi"}, "geometry": {"type": "Point", "coordinates": [9810.0, 2117.0]}}, {"type": "Feature", "properties": {"province_id": 2464, "name": "Charchan"}, "geometry": {"type": "Point", "coordinates": [9539.0, 2444.0]}}, {"type": "Feature", "properties": {"province_id": 2465, "name": "Suilai"}, "geometry": {"type": "Point", "coordinates": [9586.0, 2148.0]}}, {"type": "Feature", "properties": {"province_id": 2466, "name": "Wusu"}, "geometry": {"type": "Point", "coordinates": [9530.0, 2145.0]}}, {"type": "Feature", "properties": {"province_id": 2467, "name": "Tsingho"}, "geometry": {"type": "Point", "coordinates": [9519.0, 2169.0]}}, {"type": "Feature", "properties": {"province_id": 2468, "name": "Shawan"}, "geometry": {"type": "Point", "coordinates": [9525.0, 2078.0]}}, {"type": "Feature", "properties": {"province_id": 2469, "name": "Yulghunbulak"}, "geometry": {"type": "Point", "coordinates": [9792.0, 2271.0]}}, {"type": "Feature", "properties": {"province_id": 2470, "name": "Kitai"}, "geometry": {"type": "Point", "coordinates": [9707.0, 2111.0]}}, {"type": "Feature", "properties": {"province_id": 2471, "name": "Guntamga"}, "geometry": {"type": "Point", "coordinates": [9785.0, 2011.0]}}, {"type": "Feature", "properties": {"province_id": 2472, "name": "Kargilik"}, "geometry": {"type": "Point", "coordinates": [9222.0, 2506.0]}}, {"type": "Feature", "properties": {"province_id": 2473, "name": "Bashi"}, "geometry": {"type": "Point", "coordinates": [9369.0, 2406.0]}}, {"type": "Feature", "properties": {"province_id": 2474, "name": "Vash Shahri"}, "geometry": {"type": "Point", "coordinates": [9644.0, 2423.0]}}, {"type": "Feature", "properties": {"province_id": 2475, "name": "Sinping"}, "geometry": {"type": "Point", "coordinates": [9558.0, 2340.0]}}, {"type": "Feature", "properties": {"province_id": 2476, "name": "Cagayan de Oro"}, "geometry": {"type": "Point", "coordinates": [11682.0, 3891.0]}}, {"type": "Feature", "properties": {"province_id": 2477, "name": "Tuguegarao"}, "geometry": {"type": "Point", "coordinates": [11506.0, 3467.0]}}, {"type": "Feature", "properties": {"province_id": 2478, "name": "Naujan"}, "geometry": {"type": "Point", "coordinates": [11510.0, 3681.0]}}, {"type": "Feature", "properties": {"province_id": 2479, "name": "Batangas City"}, "geometry": {"type": "Point", "coordinates": [11506.0, 3646.0]}}, {"type": "Feature", "properties": {"province_id": 2480, "name": "Boac"}, "geometry": {"type": "Point", "coordinates": [11542.0, 3669.0]}}, {"type": "Feature", "properties": {"province_id": 2481, "name": "Hǎikou"}, "geometry": {"type": "Point", "coordinates": [11022.0, 3403.0]}}, {"type": "Feature", "properties": {"province_id": 2482, "name": "Angeles"}, "geometry": {"type": "Point", "coordinates": [11471.0, 3591.0]}}, {"type": "Feature", "properties": {"province_id": 2483, "name": "Luzhou"}, "geometry": {"type": "Point", "coordinates": [10803.0, 2884.0]}}, {"type": "Feature", "properties": {"province_id": 2484, "name": "Hangkin"}, "geometry": {"type": "Point", "coordinates": [10585.0, 2386.0]}}, {"type": "Feature", "properties": {"province_id": 2485, "name": "Ashan"}, "geometry": {"type": "Point", "coordinates": [10582.0, 2336.0]}}, {"type": "Feature", "properties": {"province_id": 2486, "name": "Chihfeng"}, "geometry": {"type": "Point", "coordinates": [11174.0, 2260.0]}}, {"type": "Feature", "properties": {"province_id": 2487, "name": "Qinhuangdao"}, "geometry": {"type": "Point", "coordinates": [11233.0, 2359.0]}}, {"type": "Feature", "properties": {"province_id": 2488, "name": "Yingkow"}, "geometry": {"type": "Point", "coordinates": [11313.0, 2321.0]}}, {"type": "Feature", "properties": {"province_id": 2489, "name": "Tokyo"}, "geometry": {"type": "Point", "coordinates": [12025.0, 2533.0]}}, {"type": "Feature", "properties": {"province_id": 2490, "name": "Osaka"}, "geometry": {"type": "Point", "coordinates": [11872.0, 2587.0]}}, {"type": "Feature", "properties": {"province_id": 2491, "name": "Nagasaki"}, "geometry": {"type": "Point", "coordinates": [11661.0, 2696.0]}}, {"type": "Feature", "properties": {"province_id": 2492, "name": "Sapporo"}, "geometry": {"type": "Point", "coordinates": [12009.0, 2104.0]}}, {"type": "Feature", "properties": {"province_id": 2493, "name": "Urakawa"}, "geometry": {"type": "Point", "coordinates": [12062.0, 2153.0]}}, {"type": "Feature", "properties": {"province_id": 2494, "name": "Kushiro"}, "geometry": {"type": "Point", "coordinates": [12124.0, 2091.0]}}, {"type": "Feature", "properties": {"province_id": 2495, "name": "Nayoro"}, "geometry": {"type": "Point", "coordinates": [12032.0, 2012.0]}}, {"type": "Feature", "properties": {"province_id": 2496, "name": "Iwamizawa"}, "geometry": {"type": "Point", "coordinates": [12025.0, 2087.0]}}, {"type": "Feature", "properties": {"province_id": 2497, "name": "Fukuyama"}, "geometry": {"type": "Point", "coordinates": [11967.0, 2207.0]}}, {"type": "Feature", "properties": {"province_id": 2498, "name": "Sendai"}, "geometry": {"type": "Point", "coordinates": [12031.0, 2390.0]}}, {"type": "Feature", "properties": {"province_id": 2499, "name": "Kagoshima"}, "geometry": {"type": "Point", "coordinates": [11687.0, 2787.0]}}, {"type": "Feature", "properties": {"province_id": 2500, "name": "Kumamoto"}, "geometry": {"type": "Point", "coordinates": [11710.0, 2710.0]}}, {"type": "Feature", "properties": {"province_id": 2501, "name": "Fukuoka"}, "geometry": {"type": "Point", "coordinates": [11675.0, 2675.0]}}, {"type": "Feature", "properties": {"province_id": 2502, "name": "Kochi"}, "geometry": {"type": "Point", "coordinates": [11805.0, 2656.0]}}, {"type": "Feature", "properties": {"province_id": 2503, "name": "Miyako"}, "geometry": {"type": "Point", "coordinates": [12058.0, 2317.0]}}, {"type": "Feature", "properties": {"province_id": 2504, "name": "Takamatsu"}, "geometry": {"type": "Point", "coordinates": [11820.0, 2616.0]}}, {"type": "Feature", "properties": {"province_id": 2505, "name": "Wakayama"}, "geometry": {"type": "Point", "coordinates": [11870.0, 2614.0]}}, {"type": "Feature", "properties": {"province_id": 2506, "name": "Kyoto"}, "geometry": {"type": "Point", "coordinates": [11888.0, 2569.0]}}, {"type": "Feature", "properties": {"province_id": 2507, "name": "Kobe"}, "geometry": {"type": "Point", "coordinates": [11856.0, 2585.0]}}, {"type": "Feature", "properties": {"province_id": 2508, "name": "Hiroshima"}, "geometry": {"type": "Point", "coordinates": [11734.0, 2614.0]}}, {"type": "Feature", "properties": {"province_id": 2509, "name": "Hirosaki"}, "geometry": {"type": "Point", "coordinates": [11999.0, 2265.0]}}, {"type": "Feature", "properties": {"province_id": 2510, "name": "Yokohama"}, "geometry": {"type": "Point", "coordinates": [12008.0, 2551.0]}}, {"type": "Feature", "properties": {"province_id": 2511, "name": "Nagoya"}, "geometry": {"type": "Point", "coordinates": [11925.0, 2564.0]}}, {"type": "Feature", "properties": {"province_id": 2512, "name": "Kanazawa"}, "geometry": {"type": "Point", "coordinates": [11908.0, 2488.0]}}, {"type": "Feature", "properties": {"province_id": 2513, "name": "Ishioka"}, "geometry": {"type": "Point", "coordinates": [12041.0, 2512.0]}}, {"type": "Feature", "properties": {"province_id": 2514, "name": "Kiryu"}, "geometry": {"type": "Point", "coordinates": [12025.0, 2492.0]}}, {"type": "Feature", "properties": {"province_id": 2515, "name": "Nagano"}, "geometry": {"type": "Point", "coordinates": [11956.0, 2483.0]}}, {"type": "Feature", "properties": {"province_id": 2516, "name": "Keijo"}, "geometry": {"type": "Point", "coordinates": [11548.0, 2455.0]}}, {"type": "Feature", "properties": {"province_id": 2517, "name": "Heijo"}, "geometry": {"type": "Point", "coordinates": [11483.0, 2380.0]}}, {"type": "Feature", "properties": {"province_id": 2518, "name": "Fusan"}, "geometry": {"type": "Point", "coordinates": [11644.0, 2580.0]}}, {"type": "Feature", "properties": {"province_id": 2519, "name": "Kojo"}, "geometry": {"type": "Point", "coordinates": [11581.0, 2386.0]}}, {"type": "Feature", "properties": {"province_id": 2520, "name": "Seishin"}, "geometry": {"type": "Point", "coordinates": [11605.0, 2243.0]}}, {"type": "Feature", "properties": {"province_id": 2521, "name": "Onjo"}, "geometry": {"type": "Point", "coordinates": [11636.0, 2177.0]}}, {"type": "Feature", "properties": {"province_id": 2522, "name": "Joshin"}, "geometry": {"type": "Point", "coordinates": [11601.0, 2286.0]}}, {"type": "Feature", "properties": {"province_id": 2523, "name": "Choshin"}, "geometry": {"type": "Point", "coordinates": [11516.0, 2294.0]}}, {"type": "Feature", "properties": {"province_id": 2524, "name": "Shingishu"}, "geometry": {"type": "Point", "coordinates": [11444.0, 2324.0]}}, {"type": "Feature", "properties": {"province_id": 2525, "name": "Shinnampo"}, "geometry": {"type": "Point", "coordinates": [11462.0, 2398.0]}}, {"type": "Feature", "properties": {"province_id": 2526, "name": "Kaishu"}, "geometry": {"type": "Point", "coordinates": [11489.0, 2440.0]}}, {"type": "Feature", "properties": {"province_id": 2527, "name": "Shunsen"}, "geometry": {"type": "Point", "coordinates": [11576.0, 2451.0]}}, {"type": "Feature", "properties": {"province_id": 2528, "name": "Gangneung"}, "geometry": {"type": "Point", "coordinates": [11627.0, 2448.0]}}, {"type": "Feature", "properties": {"province_id": 2529, "name": "Taikyu"}, "geometry": {"type": "Point", "coordinates": [11616.0, 2548.0]}}, {"type": "Feature", "properties": {"province_id": 2530, "name": "Koshu"}, "geometry": {"type": "Point", "coordinates": [11571.0, 2601.0]}}, {"type": "Feature", "properties": {"province_id": 2531, "name": "Kunsan"}, "geometry": {"type": "Point", "coordinates": [11549.0, 2549.0]}}, {"type": "Feature", "properties": {"province_id": 2532, "name": "Uruchin"}, "geometry": {"type": "Point", "coordinates": [11645.0, 2486.0]}}, {"type": "Feature", "properties": {"province_id": 2533, "name": "Seikwan"}, "geometry": {"type": "Point", "coordinates": [11551.0, 2484.0]}}, {"type": "Feature", "properties": {"province_id": 2534, "name": "Gensan"}, "geometry": {"type": "Point", "coordinates": [11554.0, 2370.0]}}, {"type": "Feature", "properties": {"province_id": 2535, "name": "Anshu"}, "geometry": {"type": "Point", "coordinates": [11475.0, 2360.0]}}, {"type": "Feature", "properties": {"province_id": 2536, "name": "Jipyeong-ri"}, "geometry": {"type": "Point", "coordinates": [11518.0, 2386.0]}}, {"type": "Feature", "properties": {"province_id": 2537, "name": "Huanren"}, "geometry": {"type": "Point", "coordinates": [11427.0, 2291.0]}}, {"type": "Feature", "properties": {"province_id": 2538, "name": "Mukden"}, "geometry": {"type": "Point", "coordinates": [11339.0, 2272.0]}}, {"type": "Feature", "properties": {"province_id": 2539, "name": "Solun"}, "geometry": {"type": "Point", "coordinates": [11038.0, 1961.0]}}, {"type": "Feature", "properties": {"province_id": 2540, "name": "Suanhwa"}, "geometry": {"type": "Point", "coordinates": [11014.0, 2343.0]}}, {"type": "Feature", "properties": {"province_id": 2541, "name": "Qamdo"}, "geometry": {"type": "Point", "coordinates": [10362.0, 2801.0]}}, {"type": "Feature", "properties": {"province_id": 2542, "name": "Liangshan"}, "geometry": {"type": "Point", "coordinates": [10583.0, 2990.0]}}, {"type": "Feature", "properties": {"province_id": 2543, "name": "Chongqing"}, "geometry": {"type": "Point", "coordinates": [10845.0, 2855.0]}}, {"type": "Feature", "properties": {"province_id": 2544, "name": "Chengdu"}, "geometry": {"type": "Point", "coordinates": [10705.0, 2799.0]}}, {"type": "Feature", "properties": {"province_id": 2545, "name": "Ya'an"}, "geometry": {"type": "Point", "coordinates": [10660.0, 2815.0]}}, {"type": "Feature", "properties": {"province_id": 2546, "name": "Aba"}, "geometry": {"type": "Point", "coordinates": [10583.0, 2782.0]}}, {"type": "Feature", "properties": {"province_id": 2547, "name": "Garze"}, "geometry": {"type": "Point", "coordinates": [10583.0, 2852.0]}}, {"type": "Feature", "properties": {"province_id": 2548, "name": "Nanchong"}, "geometry": {"type": "Point", "coordinates": [10836.0, 2776.0]}}, {"type": "Feature", "properties": {"province_id": 2549, "name": "Xi'an"}, "geometry": {"type": "Point", "coordinates": [10872.0, 2652.0]}}, {"type": "Feature", "properties": {"province_id": 2550, "name": "Tianshui"}, "geometry": {"type": "Point", "coordinates": [10791.0, 2655.0]}}, {"type": "Feature", "properties": {"province_id": 2551, "name": "Lanzhou"}, "geometry": {"type": "Point", "coordinates": [10697.0, 2538.0]}}, {"type": "Feature", "properties": {"province_id": 2552, "name": "Weinan"}, "geometry": {"type": "Point", "coordinates": [10901.0, 2652.0]}}, {"type": "Feature", "properties": {"province_id": 2553, "name": "Ziyang"}, "geometry": {"type": "Point", "coordinates": [10738.0, 2825.0]}}, {"type": "Feature", "properties": {"province_id": 2554, "name": "Gannan"}, "geometry": {"type": "Point", "coordinates": [10556.0, 2603.0]}}, {"type": "Feature", "properties": {"province_id": 2555, "name": "Daocheng"}, "geometry": {"type": "Point", "coordinates": [10492.0, 2903.0]}}, {"type": "Feature", "properties": {"province_id": 2556, "name": "Zunyi"}, "geometry": {"type": "Point", "coordinates": [10874.0, 2915.0]}}, {"type": "Feature", "properties": {"province_id": 2557, "name": "Zhaotong"}, "geometry": {"type": "Point", "coordinates": [10693.0, 2938.0]}}, {"type": "Feature", "properties": {"province_id": 2558, "name": "Longnan"}, "geometry": {"type": "Point", "coordinates": [10741.0, 2720.0]}}, {"type": "Feature", "properties": {"province_id": 2559, "name": "Lintao"}, "geometry": {"type": "Point", "coordinates": [10695.0, 2622.0]}}, {"type": "Feature", "properties": {"province_id": 2560, "name": "Baiyin"}, "geometry": {"type": "Point", "coordinates": [10729.0, 2477.0]}}, {"type": "Feature", "properties": {"province_id": 2561, "name": "Dagupan"}, "geometry": {"type": "Point", "coordinates": [11467.0, 3556.0]}}, {"type": "Feature", "properties": {"province_id": 2562, "name": "Hezhou"}, "geometry": {"type": "Point", "coordinates": [10609.0, 2557.0]}}, {"type": "Feature", "properties": {"province_id": 2563, "name": "Hongyuan"}, "geometry": {"type": "Point", "coordinates": [10591.0, 2695.0]}}, {"type": "Feature", "properties": {"province_id": 2564, "name": "Zogang"}, "geometry": {"type": "Point", "coordinates": [10420.0, 2876.0]}}, {"type": "Feature", "properties": {"province_id": 2565, "name": "Laoag"}, "geometry": {"type": "Point", "coordinates": [11464.0, 3445.0]}}, {"type": "Feature", "properties": {"province_id": 2566, "name": "Derge"}, "geometry": {"type": "Point", "coordinates": [10485.0, 2789.0]}}, {"type": "Feature", "properties": {"province_id": 2567, "name": "Yaxian"}, "geometry": {"type": "Point", "coordinates": [10978.0, 3461.0]}}, {"type": "Feature", "properties": {"province_id": 2568, "name": "Toyohara"}, "geometry": {"type": "Point", "coordinates": [12018.0, 1860.0]}}, {"type": "Feature", "properties": {"province_id": 2569, "name": "Alexandrovsk"}, "geometry": {"type": "Point", "coordinates": [11975.0, 1599.0]}}, {"type": "Feature", "properties": {"province_id": 2570, "name": "Okha"}, "geometry": {"type": "Point", "coordinates": [11973.0, 1430.0]}}, {"type": "Feature", "properties": {"province_id": 2571, "name": "Keton"}, "geometry": {"type": "Point", "coordinates": [12004.0, 1662.0]}}, {"type": "Feature", "properties": {"province_id": 2572, "name": "Palevo"}, "geometry": {"type": "Point", "coordinates": [11996.0, 1617.0]}}, {"type": "Feature", "properties": {"province_id": 2573, "name": "Taipei"}, "geometry": {"type": "Point", "coordinates": [11477.0, 3064.0]}}, {"type": "Feature", "properties": {"province_id": 2574, "name": "Taoyuan"}, "geometry": {"type": "Point", "coordinates": [11465.0, 3082.0]}}, {"type": "Feature", "properties": {"province_id": 2575, "name": "Taichū"}, "geometry": {"type": "Point", "coordinates": [11449.0, 3118.0]}}, {"type": "Feature", "properties": {"province_id": 2576, "name": "Takow"}, "geometry": {"type": "Point", "coordinates": [11447.0, 3179.0]}}, {"type": "Feature", "properties": {"province_id": 2577, "name": "Cauayan"}, "geometry": {"type": "Point", "coordinates": [11513.0, 3490.0]}}, {"type": "Feature", "properties": {"province_id": 2578, "name": "Naga"}, "geometry": {"type": "Point", "coordinates": [11592.0, 3651.0]}}, {"type": "Feature", "properties": {"province_id": 2579, "name": "Misamis"}, "geometry": {"type": "Point", "coordinates": [11648.0, 3891.0]}}, {"type": "Feature", "properties": {"province_id": 2580, "name": "Zamboanga"}, "geometry": {"type": "Point", "coordinates": [11586.0, 3955.0]}}, {"type": "Feature", "properties": {"province_id": 2581, "name": "Malaybalay"}, "geometry": {"type": "Point", "coordinates": [11701.0, 3900.0]}}, {"type": "Feature", "properties": {"province_id": 2582, "name": "Bislig"}, "geometry": {"type": "Point", "coordinates": [11755.0, 3903.0]}}, {"type": "Feature", "properties": {"province_id": 2583, "name": "Glan"}, "geometry": {"type": "Point", "coordinates": [11729.0, 4000.0]}}, {"type": "Feature", "properties": {"province_id": 2584, "name": "Butuan"}, "geometry": {"type": "Point", "coordinates": [11726.0, 3862.0]}}, {"type": "Feature", "properties": {"province_id": 2585, "name": "Iloilo City"}, "geometry": {"type": "Point", "coordinates": [11584.0, 3780.0]}}, {"type": "Feature", "properties": {"province_id": 2586, "name": "Calbayog"}, "geometry": {"type": "Point", "coordinates": [11662.0, 3711.0]}}, {"type": "Feature", "properties": {"province_id": 2587, "name": "Ormoc"}, "geometry": {"type": "Point", "coordinates": [11670.0, 3763.0]}}, {"type": "Feature", "properties": {"province_id": 2588, "name": "Bacolod"}, "geometry": {"type": "Point", "coordinates": [11599.0, 3794.0]}}, {"type": "Feature", "properties": {"province_id": 2589, "name": "Cebu"}, "geometry": {"type": "Point", "coordinates": [11638.0, 3800.0]}}, {"type": "Feature", "properties": {"province_id": 2590, "name": "Catanauan"}, "geometry": {"type": "Point", "coordinates": [11555.0, 3651.0]}}, {"type": "Feature", "properties": {"province_id": 2591, "name": "Jiuquan"}, "geometry": {"type": "Point", "coordinates": [10206.0, 2311.0]}}, {"type": "Feature", "properties": {"province_id": 2592, "name": "Zhangye"}, "geometry": {"type": "Point", "coordinates": [10312.0, 2366.0]}}, {"type": "Feature", "properties": {"province_id": 2593, "name": "Jinchang"}, "geometry": {"type": "Point", "coordinates": [10388.0, 2374.0]}}, {"type": "Feature", "properties": {"province_id": 2594, "name": "Wuwei"}, "geometry": {"type": "Point", "coordinates": [10433.0, 2428.0]}}, {"type": "Feature", "properties": {"province_id": 2595, "name": "Delhi (CN)"}, "geometry": {"type": "Point", "coordinates": [10108.0, 2449.0]}}, {"type": "Feature", "properties": {"province_id": 2596, "name": "Kandagan"}, "geometry": {"type": "Point", "coordinates": [11284.0, 4423.0]}}, {"type": "Feature", "properties": {"province_id": 2597, "name": "Bandjermasin"}, "geometry": {"type": "Point", "coordinates": [11256.0, 4439.0]}}, {"type": "Feature", "properties": {"province_id": 2598, "name": "Pontianak"}, "geometry": {"type": "Point", "coordinates": [11014.0, 4260.0]}}, {"type": "Feature", "properties": {"province_id": 2599, "name": "Sambas"}, "geometry": {"type": "Point", "coordinates": [11025.0, 4219.0]}}, {"type": "Feature", "properties": {"province_id": 2600, "name": "Kendawangan"}, "geometry": {"type": "Point", "coordinates": [11061.0, 4379.0]}}, {"type": "Feature", "properties": {"province_id": 2601, "name": "Muara Teweh"}, "geometry": {"type": "Point", "coordinates": [11268.0, 4333.0]}}, {"type": "Feature", "properties": {"province_id": 2602, "name": "Singtang"}, "geometry": {"type": "Point", "coordinates": [11131.0, 4278.0]}}, {"type": "Feature", "properties": {"province_id": 2603, "name": "Sanggau"}, "geometry": {"type": "Point", "coordinates": [11076.0, 4277.0]}}, {"type": "Feature", "properties": {"province_id": 2604, "name": "Sampit"}, "geometry": {"type": "Point", "coordinates": [11183.0, 4388.0]}}, {"type": "Feature", "properties": {"province_id": 2605, "name": "Palangkaraya"}, "geometry": {"type": "Point", "coordinates": [11230.0, 4392.0]}}, {"type": "Feature", "properties": {"province_id": 2606, "name": "Kalolokan"}, "geometry": {"type": "Point", "coordinates": [11386.0, 4231.0]}}, {"type": "Feature", "properties": {"province_id": 2607, "name": "Tarakan"}, "geometry": {"type": "Point", "coordinates": [11373.0, 4115.0]}}, {"type": "Feature", "properties": {"province_id": 2608, "name": "Samarinda"}, "geometry": {"type": "Point", "coordinates": [11352.0, 4297.0]}}, {"type": "Feature", "properties": {"province_id": 2609, "name": "Yushu"}, "geometry": {"type": "Point", "coordinates": [10359.0, 2694.0]}}, {"type": "Feature", "properties": {"province_id": 2610, "name": "Zadoi"}, "geometry": {"type": "Point", "coordinates": [10236.0, 2699.0]}}, {"type": "Feature", "properties": {"province_id": 2611, "name": "Long Poera"}, "geometry": {"type": "Point", "coordinates": [11300.0, 4180.0]}}, {"type": "Feature", "properties": {"province_id": 2612, "name": "Makassar"}, "geometry": {"type": "Point", "coordinates": [11462.0, 4498.0]}}, {"type": "Feature", "properties": {"province_id": 2613, "name": "Lelewaoe"}, "geometry": {"type": "Point", "coordinates": [11539.0, 4389.0]}}, {"type": "Feature", "properties": {"province_id": 2614, "name": "Poleang"}, "geometry": {"type": "Point", "coordinates": [11564.0, 4480.0]}}, {"type": "Feature", "properties": {"province_id": 2615, "name": "Singaradja"}, "geometry": {"type": "Point", "coordinates": [11275.0, 4613.0]}}, {"type": "Feature", "properties": {"province_id": 2616, "name": "Palu"}, "geometry": {"type": "Point", "coordinates": [11490.0, 4301.0]}}, {"type": "Feature", "properties": {"province_id": 2617, "name": "Maros"}, "geometry": {"type": "Point", "coordinates": [11470.0, 4479.0]}}, {"type": "Feature", "properties": {"province_id": 2618, "name": "Wono"}, "geometry": {"type": "Point", "coordinates": [11486.0, 4358.0]}}, {"type": "Feature", "properties": {"province_id": 2619, "name": "Deking"}, "geometry": {"type": "Point", "coordinates": [11447.0, 4384.0]}}, {"type": "Feature", "properties": {"province_id": 2620, "name": "Singkang"}, "geometry": {"type": "Point", "coordinates": [11482.0, 4446.0]}}, {"type": "Feature", "properties": {"province_id": 2621, "name": "Masamba"}, "geometry": {"type": "Point", "coordinates": [11506.0, 4378.0]}}, {"type": "Feature", "properties": {"province_id": 2622, "name": "Ampana"}, "geometry": {"type": "Point", "coordinates": [11562.0, 4312.0]}}, {"type": "Feature", "properties": {"province_id": 2623, "name": "Menado"}, "geometry": {"type": "Point", "coordinates": [11696.0, 4234.0]}}, {"type": "Feature", "properties": {"province_id": 2624, "name": "Tanggulazhen"}, "geometry": {"type": "Point", "coordinates": [10114.0, 2679.0]}}, {"type": "Feature", "properties": {"province_id": 2625, "name": "Wutumeirenxiang"}, "geometry": {"type": "Point", "coordinates": [9933.0, 2455.0]}}, {"type": "Feature", "properties": {"province_id": 2626, "name": "Lenghuzhen"}, "geometry": {"type": "Point", "coordinates": [9961.0, 2351.0]}}, {"type": "Feature", "properties": {"province_id": 2627, "name": "Xihuxiang"}, "geometry": {"type": "Point", "coordinates": [10006.0, 2260.0]}}, {"type": "Feature", "properties": {"province_id": 2628, "name": "Yumen"}, "geometry": {"type": "Point", "coordinates": [10108.0, 2276.0]}}, {"type": "Feature", "properties": {"province_id": 2629, "name": "Yanglongxiang"}, "geometry": {"type": "Point", "coordinates": [10215.0, 2366.0]}}, {"type": "Feature", "properties": {"province_id": 2630, "name": "Golog"}, "geometry": {"type": "Point", "coordinates": [10374.0, 2603.0]}}, {"type": "Feature", "properties": {"province_id": 2631, "name": "Huangnan"}, "geometry": {"type": "Point", "coordinates": [10437.0, 2518.0]}}, {"type": "Feature", "properties": {"province_id": 2632, "name": "Chakazhen"}, "geometry": {"type": "Point", "coordinates": [10199.0, 2454.0]}}, {"type": "Feature", "properties": {"province_id": 2633, "name": "Youyunxiang"}, "geometry": {"type": "Point", "coordinates": [10283.0, 2601.0]}}, {"type": "Feature", "properties": {"province_id": 2634, "name": "Madoi"}, "geometry": {"type": "Point", "coordinates": [10136.0, 2546.0]}}, {"type": "Feature", "properties": {"province_id": 2635, "name": "Golmud"}, "geometry": {"type": "Point", "coordinates": [10033.0, 2484.0]}}, {"type": "Feature", "properties": {"province_id": 2636, "name": "Qumahexiang"}, "geometry": {"type": "Point", "coordinates": [10041.0, 2587.0]}}, {"type": "Feature", "properties": {"province_id": 2637, "name": "Hainan"}, "geometry": {"type": "Point", "coordinates": [10377.0, 2484.0]}}, {"type": "Feature", "properties": {"province_id": 2638, "name": "Niandixiang"}, "geometry": {"type": "Point", "coordinates": [10332.0, 2460.0]}}, {"type": "Feature", "properties": {"province_id": 2639, "name": "Kuching"}, "geometry": {"type": "Point", "coordinates": [11083.0, 4223.0]}}, {"type": "Feature", "properties": {"province_id": 2640, "name": "Sibu"}, "geometry": {"type": "Point", "coordinates": [11146.0, 4187.0]}}, {"type": "Feature", "properties": {"province_id": 2641, "name": "Bintulu"}, "geometry": {"type": "Point", "coordinates": [11206.0, 4141.0]}}, {"type": "Feature", "properties": {"province_id": 2642, "name": "Brunei"}, "geometry": {"type": "Point", "coordinates": [11266.0, 4063.0]}}, {"type": "Feature", "properties": {"province_id": 2643, "name": "Kudat"}, "geometry": {"type": "Point", "coordinates": [11359.0, 3974.0]}}, {"type": "Feature", "properties": {"province_id": 2644, "name": "Singapore"}, "geometry": {"type": "Point", "coordinates": [10749.0, 4197.0]}}, {"type": "Feature", "properties": {"province_id": 2645, "name": "Sungai Petani"}, "geometry": {"type": "Point", "coordinates": [10614.0, 4038.0]}}, {"type": "Feature", "properties": {"province_id": 2646, "name": "Kuala Lumpur"}, "geometry": {"type": "Point", "coordinates": [10663.0, 4128.0]}}, {"type": "Feature", "properties": {"province_id": 2647, "name": "Khota Bharn"}, "geometry": {"type": "Point", "coordinates": [10710.0, 4033.0]}}, {"type": "Feature", "properties": {"province_id": 2648, "name": "Taliwang"}, "geometry": {"type": "Point", "coordinates": [11352.0, 4641.0]}}, {"type": "Feature", "properties": {"province_id": 2649, "name": "Ampenan"}, "geometry": {"type": "Point", "coordinates": [11323.0, 4627.0]}}, {"type": "Feature", "properties": {"province_id": 2650, "name": "Ende"}, "geometry": {"type": "Point", "coordinates": [11550.0, 4639.0]}}, {"type": "Feature", "properties": {"province_id": 2651, "name": "Palenbang"}, "geometry": {"type": "Point", "coordinates": [10772.0, 4410.0]}}, {"type": "Feature", "properties": {"province_id": 2652, "name": "Waingapu"}, "geometry": {"type": "Point", "coordinates": [11477.0, 4670.0]}}, {"type": "Feature", "properties": {"province_id": 2653, "name": "Kupang"}, "geometry": {"type": "Point", "coordinates": [11643.0, 4691.0]}}, {"type": "Feature", "properties": {"province_id": 2654, "name": "Dili"}, "geometry": {"type": "Point", "coordinates": [11718.0, 4631.0]}}, {"type": "Feature", "properties": {"province_id": 2655, "name": "Batavia"}, "geometry": {"type": "Point", "coordinates": [10928.0, 4533.0]}}, {"type": "Feature", "properties": {"province_id": 2656, "name": "Soerabaja"}, "geometry": {"type": "Point", "coordinates": [11163.0, 4574.0]}}, {"type": "Feature", "properties": {"province_id": 2657, "name": "Medan"}, "geometry": {"type": "Point", "coordinates": [10550.0, 4134.0]}}, {"type": "Feature", "properties": {"province_id": 2658, "name": "Banda Aceh"}, "geometry": {"type": "Point", "coordinates": [10414.0, 4046.0]}}, {"type": "Feature", "properties": {"province_id": 2659, "name": "Bandung"}, "geometry": {"type": "Point", "coordinates": [10957.0, 4545.0]}}, {"type": "Feature", "properties": {"province_id": 2660, "name": "Cheribon"}, "geometry": {"type": "Point", "coordinates": [10994.0, 4557.0]}}, {"type": "Feature", "properties": {"province_id": 2661, "name": "Solo"}, "geometry": {"type": "Point", "coordinates": [11085.0, 4589.0]}}, {"type": "Feature", "properties": {"province_id": 2662, "name": "Banyuwangi"}, "geometry": {"type": "Point", "coordinates": [11235.0, 4615.0]}}, {"type": "Feature", "properties": {"province_id": 2663, "name": "Semarang"}, "geometry": {"type": "Point", "coordinates": [11079.0, 4561.0]}}, {"type": "Feature", "properties": {"province_id": 2664, "name": "Pandeglang"}, "geometry": {"type": "Point", "coordinates": [10893.0, 4537.0]}}, {"type": "Feature", "properties": {"province_id": 2665, "name": "Malang"}, "geometry": {"type": "Point", "coordinates": [11161.0, 4603.0]}}, {"type": "Feature", "properties": {"province_id": 2666, "name": "Pekanbaru"}, "geometry": {"type": "Point", "coordinates": [10639.0, 4259.0]}}, {"type": "Feature", "properties": {"province_id": 2667, "name": "Djambi"}, "geometry": {"type": "Point", "coordinates": [10739.0, 4355.0]}}, {"type": "Feature", "properties": {"province_id": 2668, "name": "Telukbetung"}, "geometry": {"type": "Point", "coordinates": [10806.0, 4496.0]}}, {"type": "Feature", "properties": {"province_id": 2669, "name": "Padang"}, "geometry": {"type": "Point", "coordinates": [10630.0, 4337.0]}}, {"type": "Feature", "properties": {"province_id": 2670, "name": "Bengkulu"}, "geometry": {"type": "Point", "coordinates": [10707.0, 4446.0]}}, {"type": "Feature", "properties": {"province_id": 2671, "name": "Rengat"}, "geometry": {"type": "Point", "coordinates": [10704.0, 4310.0]}}, {"type": "Feature", "properties": {"province_id": 2672, "name": "Tapaktuan"}, "geometry": {"type": "Point", "coordinates": [10496.0, 4147.0]}}, {"type": "Feature", "properties": {"province_id": 2673, "name": "Tanjungbalai"}, "geometry": {"type": "Point", "coordinates": [10587.0, 4161.0]}}, {"type": "Feature", "properties": {"province_id": 2674, "name": "Langsa"}, "geometry": {"type": "Point", "coordinates": [10500.0, 4072.0]}}, {"type": "Feature", "properties": {"province_id": 2675, "name": "Darwin"}, "geometry": {"type": "Point", "coordinates": [12036.0, 4844.0]}}, {"type": "Feature", "properties": {"province_id": 2676, "name": "Adelaide"}, "geometry": {"type": "Point", "coordinates": [12335.0, 5701.0]}}, {"type": "Feature", "properties": {"province_id": 2677, "name": "Alice Springs"}, "geometry": {"type": "Point", "coordinates": [12220.0, 5260.0]}}, {"type": "Feature", "properties": {"province_id": 2678, "name": "Marla"}, "geometry": {"type": "Point", "coordinates": [12223.0, 5428.0]}}, {"type": "Feature", "properties": {"province_id": 2679, "name": "Maralinga"}, "geometry": {"type": "Point", "coordinates": [12097.0, 5531.0]}}, {"type": "Feature", "properties": {"province_id": 2680, "name": "The Sill"}, "geometry": {"type": "Point", "coordinates": [12341.0, 5503.0]}}, {"type": "Feature", "properties": {"province_id": 2681, "name": "Kintore"}, "geometry": {"type": "Point", "coordinates": [12049.0, 5258.0]}}, {"type": "Feature", "properties": {"province_id": 2682, "name": "Urluru"}, "geometry": {"type": "Point", "coordinates": [12126.0, 5344.0]}}, {"type": "Feature", "properties": {"province_id": 2683, "name": "Katherine"}, "geometry": {"type": "Point", "coordinates": [12101.0, 4961.0]}}, {"type": "Feature", "properties": {"province_id": 2684, "name": "Lajamanu"}, "geometry": {"type": "Point", "coordinates": [12068.0, 5120.0]}}, {"type": "Feature", "properties": {"province_id": 2685, "name": "Three Ways"}, "geometry": {"type": "Point", "coordinates": [12212.0, 5126.0]}}, {"type": "Feature", "properties": {"province_id": 2686, "name": "Borroloola"}, "geometry": {"type": "Point", "coordinates": [12221.0, 4997.0]}}, {"type": "Feature", "properties": {"province_id": 2687, "name": "Port Augusta"}, "geometry": {"type": "Point", "coordinates": [12299.0, 5613.0]}}, {"type": "Feature", "properties": {"province_id": 2688, "name": "Renmark"}, "geometry": {"type": "Point", "coordinates": [12396.0, 5674.0]}}, {"type": "Feature", "properties": {"province_id": 2689, "name": "Perth"}, "geometry": {"type": "Point", "coordinates": [11584.0, 5610.0]}}, {"type": "Feature", "properties": {"province_id": 2690, "name": "Roebourne"}, "geometry": {"type": "Point", "coordinates": [11661.0, 5164.0]}}, {"type": "Feature", "properties": {"province_id": 2691, "name": "Kalgoorlie"}, "geometry": {"type": "Point", "coordinates": [11776.0, 5558.0]}}, {"type": "Feature", "properties": {"province_id": 2692, "name": "Geraldton"}, "geometry": {"type": "Point", "coordinates": [11523.0, 5454.0]}}, {"type": "Feature", "properties": {"province_id": 2693, "name": "Esperance"}, "geometry": {"type": "Point", "coordinates": [11782.0, 5688.0]}}, {"type": "Feature", "properties": {"province_id": 2694, "name": "Loongana"}, "geometry": {"type": "Point", "coordinates": [11915.0, 5545.0]}}, {"type": "Feature", "properties": {"province_id": 2695, "name": "Southern Cross"}, "geometry": {"type": "Point", "coordinates": [11720.0, 5575.0]}}, {"type": "Feature", "properties": {"province_id": 2696, "name": "Northam"}, "geometry": {"type": "Point", "coordinates": [11625.0, 5597.0]}}, {"type": "Feature", "properties": {"province_id": 2697, "name": "Albany"}, "geometry": {"type": "Point", "coordinates": [11625.0, 5737.0]}}, {"type": "Feature", "properties": {"province_id": 2698, "name": "Dongara"}, "geometry": {"type": "Point", "coordinates": [11542.0, 5493.0]}}, {"type": "Feature", "properties": {"province_id": 2699, "name": "Wyndham"}, "geometry": {"type": "Point", "coordinates": [11940.0, 4970.0]}}, {"type": "Feature", "properties": {"province_id": 2700, "name": "Derby"}, "geometry": {"type": "Point", "coordinates": [11800.0, 5050.0]}}, {"type": "Feature", "properties": {"province_id": 2701, "name": "Halls Creek"}, "geometry": {"type": "Point", "coordinates": [11937.0, 5086.0]}}, {"type": "Feature", "properties": {"province_id": 2702, "name": "Port Hedland"}, "geometry": {"type": "Point", "coordinates": [11711.0, 5140.0]}}, {"type": "Feature", "properties": {"province_id": 2703, "name": "Newman"}, "geometry": {"type": "Point", "coordinates": [11711.0, 5257.0]}}, {"type": "Feature", "properties": {"province_id": 2704, "name": "Carnavon"}, "geometry": {"type": "Point", "coordinates": [11500.0, 5324.0]}}, {"type": "Feature", "properties": {"province_id": 2705, "name": "Wiluna"}, "geometry": {"type": "Point", "coordinates": [11755.0, 5395.0]}}, {"type": "Feature", "properties": {"province_id": 2706, "name": "Warburton"}, "geometry": {"type": "Point", "coordinates": [11883.0, 5377.0]}}, {"type": "Feature", "properties": {"province_id": 2707, "name": "Tanami"}, "geometry": {"type": "Point", "coordinates": [11957.0, 5182.0]}}, {"type": "Feature", "properties": {"province_id": 2708, "name": "Yalgoo"}, "geometry": {"type": "Point", "coordinates": [11604.0, 5457.0]}}, {"type": "Feature", "properties": {"province_id": 2709, "name": "Abbots"}, "geometry": {"type": "Point", "coordinates": [11629.0, 5317.0]}}, {"type": "Feature", "properties": {"province_id": 2710, "name": "Telfer"}, "geometry": {"type": "Point", "coordinates": [11820.0, 5192.0]}}, {"type": "Feature", "properties": {"province_id": 2711, "name": "Rawanna"}, "geometry": {"type": "Point", "coordinates": [11846.0, 5552.0]}}, {"type": "Feature", "properties": {"province_id": 2712, "name": "Higginsville"}, "geometry": {"type": "Point", "coordinates": [11776.0, 5591.0]}}, {"type": "Feature", "properties": {"province_id": 2713, "name": "Onslow"}, "geometry": {"type": "Point", "coordinates": [11553.0, 5204.0]}}, {"type": "Feature", "properties": {"province_id": 2714, "name": "Kumarina"}, "geometry": {"type": "Point", "coordinates": [11748.0, 5321.0]}}, {"type": "Feature", "properties": {"province_id": 2715, "name": "Merauke"}, "geometry": {"type": "Point", "coordinates": [12390.0, 4590.0]}}, {"type": "Feature", "properties": {"province_id": 2716, "name": "Melbourne"}, "geometry": {"type": "Point", "coordinates": [12538.0, 5793.0]}}, {"type": "Feature", "properties": {"province_id": 2717, "name": "Sydney"}, "geometry": {"type": "Point", "coordinates": [12715.0, 5705.0]}}, {"type": "Feature", "properties": {"province_id": 2718, "name": "Newcastle"}, "geometry": {"type": "Point", "coordinates": [12743.0, 5635.0]}}, {"type": "Feature", "properties": {"province_id": 2719, "name": "Mildura"}, "geometry": {"type": "Point", "coordinates": [12439.0, 5675.0]}}, {"type": "Feature", "properties": {"province_id": 2720, "name": "Ballarat"}, "geometry": {"type": "Point", "coordinates": [12507.0, 5782.0]}}, {"type": "Feature", "properties": {"province_id": 2721, "name": "Bendigo"}, "geometry": {"type": "Point", "coordinates": [12539.0, 5746.0]}}, {"type": "Feature", "properties": {"province_id": 2722, "name": "Canberra"}, "geometry": {"type": "Point", "coordinates": [12666.0, 5719.0]}}, {"type": "Feature", "properties": {"province_id": 2723, "name": "Bairnsdale"}, "geometry": {"type": "Point", "coordinates": [12621.0, 5792.0]}}, {"type": "Feature", "properties": {"province_id": 2724, "name": "Wagga Wagga"}, "geometry": {"type": "Point", "coordinates": [12611.0, 5711.0]}}, {"type": "Feature", "properties": {"province_id": 2725, "name": "Yaapeet"}, "geometry": {"type": "Point", "coordinates": [12439.0, 5738.0]}}, {"type": "Feature", "properties": {"province_id": 2726, "name": "Silverton"}, "geometry": {"type": "Point", "coordinates": [12416.0, 5601.0]}}, {"type": "Feature", "properties": {"province_id": 2727, "name": "Tibooburra"}, "geometry": {"type": "Point", "coordinates": [12452.0, 5523.0]}}, {"type": "Feature", "properties": {"province_id": 2728, "name": "Hay"}, "geometry": {"type": "Point", "coordinates": [12535.0, 5675.0]}}, {"type": "Feature", "properties": {"province_id": 2729, "name": "Gosford"}, "geometry": {"type": "Point", "coordinates": [12731.0, 5669.0]}}, {"type": "Feature", "properties": {"province_id": 2730, "name": "Lismore"}, "geometry": {"type": "Point", "coordinates": [12779.0, 5557.0]}}, {"type": "Feature", "properties": {"province_id": 2731, "name": "Dubbo"}, "geometry": {"type": "Point", "coordinates": [12684.0, 5609.0]}}, {"type": "Feature", "properties": {"province_id": 2732, "name": "Byrock"}, "geometry": {"type": "Point", "coordinates": [12598.0, 5583.0]}}, {"type": "Feature", "properties": {"province_id": 2733, "name": "Ivanhoe"}, "geometry": {"type": "Point", "coordinates": [12525.0, 5619.0]}}, {"type": "Feature", "properties": {"province_id": 2734, "name": "Bathurst"}, "geometry": {"type": "Point", "coordinates": [12682.0, 5689.0]}}, {"type": "Feature", "properties": {"province_id": 2735, "name": "Nymagee"}, "geometry": {"type": "Point", "coordinates": [12608.0, 5617.0]}}, {"type": "Feature", "properties": {"province_id": 2736, "name": "Walgett"}, "geometry": {"type": "Point", "coordinates": [12689.0, 5573.0]}}, {"type": "Feature", "properties": {"province_id": 2737, "name": "Wanaaring"}, "geometry": {"type": "Point", "coordinates": [12497.0, 5539.0]}}, {"type": "Feature", "properties": {"province_id": 2738, "name": "Brisbane"}, "geometry": {"type": "Point", "coordinates": [12803.0, 5478.0]}}, {"type": "Feature", "properties": {"province_id": 2739, "name": "Warwick"}, "geometry": {"type": "Point", "coordinates": [12780.0, 5502.0]}}, {"type": "Feature", "properties": {"province_id": 2740, "name": "Townsville"}, "geometry": {"type": "Point", "coordinates": [12564.0, 5097.0]}}, {"type": "Feature", "properties": {"province_id": 2741, "name": "Cloncurry"}, "geometry": {"type": "Point", "coordinates": [12359.0, 5131.0]}}, {"type": "Feature", "properties": {"province_id": 2742, "name": "Rockhampton"}, "geometry": {"type": "Point", "coordinates": [12699.0, 5250.0]}}, {"type": "Feature", "properties": {"province_id": 2743, "name": "Longreach"}, "geometry": {"type": "Point", "coordinates": [12474.0, 5265.0]}}, {"type": "Feature", "properties": {"province_id": 2744, "name": "Cairns"}, "geometry": {"type": "Point", "coordinates": [12522.0, 5006.0]}}, {"type": "Feature", "properties": {"province_id": 2745, "name": "Floraville"}, "geometry": {"type": "Point", "coordinates": [12333.0, 5066.0]}}, {"type": "Feature", "properties": {"province_id": 2746, "name": "Dutches"}, "geometry": {"type": "Point", "coordinates": [12337.0, 5174.0]}}, {"type": "Feature", "properties": {"province_id": 2747, "name": "Richmond (QLD)"}, "geometry": {"type": "Point", "coordinates": [12439.0, 5136.0]}}, {"type": "Feature", "properties": {"province_id": 2748, "name": "MCDonnell"}, "geometry": {"type": "Point", "coordinates": [12409.0, 4867.0]}}, {"type": "Feature", "properties": {"province_id": 2749, "name": "Emerald"}, "geometry": {"type": "Point", "coordinates": [12626.0, 5252.0]}}, {"type": "Feature", "properties": {"province_id": 2750, "name": "Mackay"}, "geometry": {"type": "Point", "coordinates": [12641.0, 5164.0]}}, {"type": "Feature", "properties": {"province_id": 2751, "name": "Charters Towers"}, "geometry": {"type": "Point", "coordinates": [12539.0, 5119.0]}}, {"type": "Feature", "properties": {"province_id": 2752, "name": "Palmerville"}, "geometry": {"type": "Point", "coordinates": [12454.0, 4956.0]}}, {"type": "Feature", "properties": {"province_id": 2753, "name": "Birdsville"}, "geometry": {"type": "Point", "coordinates": [12344.0, 5377.0]}}, {"type": "Feature", "properties": {"province_id": 2754, "name": "Boulia"}, "geometry": {"type": "Point", "coordinates": [12350.0, 5268.0]}}, {"type": "Feature", "properties": {"province_id": 2755, "name": "Windorah"}, "geometry": {"type": "Point", "coordinates": [12457.0, 5363.0]}}, {"type": "Feature", "properties": {"province_id": 2756, "name": "Eromanga"}, "geometry": {"type": "Point", "coordinates": [12491.0, 5413.0]}}, {"type": "Feature", "properties": {"province_id": 2757, "name": "Eulo"}, "geometry": {"type": "Point", "coordinates": [12545.0, 5473.0]}}, {"type": "Feature", "properties": {"province_id": 2758, "name": "Maryborough"}, "geometry": {"type": "Point", "coordinates": [12782.0, 5354.0]}}, {"type": "Feature", "properties": {"province_id": 2759, "name": "Rannes"}, "geometry": {"type": "Point", "coordinates": [12685.0, 5296.0]}}, {"type": "Feature", "properties": {"province_id": 2760, "name": "Sandgate"}, "geometry": {"type": "Point", "coordinates": [12784.0, 5437.0]}}, {"type": "Feature", "properties": {"province_id": 2761, "name": "Dirranbandi"}, "geometry": {"type": "Point", "coordinates": [12682.0, 5499.0]}}, {"type": "Feature", "properties": {"province_id": 2762, "name": "Roma"}, "geometry": {"type": "Point", "coordinates": [12702.0, 5390.0]}}, {"type": "Feature", "properties": {"province_id": 2763, "name": "Charleville"}, "geometry": {"type": "Point", "coordinates": [12587.0, 5389.0]}}, {"type": "Feature", "properties": {"province_id": 2764, "name": "Port Moresby"}, "geometry": {"type": "Point", "coordinates": [12709.0, 4625.0]}}, {"type": "Feature", "properties": {"province_id": 2765, "name": "Alotau"}, "geometry": {"type": "Point", "coordinates": [12866.0, 4691.0]}}, {"type": "Feature", "properties": {"province_id": 2766, "name": "Daru"}, "geometry": {"type": "Point", "coordinates": [12510.0, 4641.0]}}, {"type": "Feature", "properties": {"province_id": 2767, "name": "Aitape"}, "geometry": {"type": "Point", "coordinates": [12442.0, 4342.0]}}, {"type": "Feature", "properties": {"province_id": 2768, "name": "Sarmi"}, "geometry": {"type": "Point", "coordinates": [12303.0, 4291.0]}}, {"type": "Feature", "properties": {"province_id": 2769, "name": "Sorong"}, "geometry": {"type": "Point", "coordinates": [11992.0, 4248.0]}}, {"type": "Feature", "properties": {"province_id": 2770, "name": "Kaimana"}, "geometry": {"type": "Point", "coordinates": [12103.0, 4374.0]}}, {"type": "Feature", "properties": {"province_id": 2771, "name": "Madang"}, "geometry": {"type": "Point", "coordinates": [12637.0, 4444.0]}}, {"type": "Feature", "properties": {"province_id": 2772, "name": "Lae"}, "geometry": {"type": "Point", "coordinates": [12708.0, 4509.0]}}, {"type": "Feature", "properties": {"province_id": 2773, "name": "Morobe"}, "geometry": {"type": "Point", "coordinates": [12730.0, 4574.0]}}, {"type": "Feature", "properties": {"province_id": 2774, "name": "Timika"}, "geometry": {"type": "Point", "coordinates": [12227.0, 4423.0]}}, {"type": "Feature", "properties": {"province_id": 2775, "name": "Agats"}, "geometry": {"type": "Point", "coordinates": [12318.0, 4481.0]}}, {"type": "Feature", "properties": {"province_id": 2776, "name": "Mendi"}, "geometry": {"type": "Point", "coordinates": [12543.0, 4517.0]}}, {"type": "Feature", "properties": {"province_id": 2777, "name": "Wewak"}, "geometry": {"type": "Point", "coordinates": [12533.0, 4369.0]}}, {"type": "Feature", "properties": {"province_id": 2778, "name": "Tiom"}, "geometry": {"type": "Point", "coordinates": [12330.0, 4399.0]}}, {"type": "Feature", "properties": {"province_id": 2779, "name": "Aiambak"}, "geometry": {"type": "Point", "coordinates": [12437.0, 4561.0]}}, {"type": "Feature", "properties": {"province_id": 2780, "name": "Tabubil"}, "geometry": {"type": "Point", "coordinates": [12435.0, 4457.0]}}, {"type": "Feature", "properties": {"province_id": 2781, "name": "Wabag"}, "geometry": {"type": "Point", "coordinates": [12552.0, 4463.0]}}, {"type": "Feature", "properties": {"province_id": 2782, "name": "Manokwari"}, "geometry": {"type": "Point", "coordinates": [12097.0, 4246.0]}}, {"type": "Feature", "properties": {"province_id": 2783, "name": "Kimbe"}, "geometry": {"type": "Point", "coordinates": [12854.0, 4463.0]}}, {"type": "Feature", "properties": {"province_id": 2784, "name": "Kavieng"}, "geometry": {"type": "Point", "coordinates": [12900.0, 4324.0]}}, {"type": "Feature", "properties": {"province_id": 2785, "name": "Jayapura"}, "geometry": {"type": "Point", "coordinates": [12385.0, 4326.0]}}, {"type": "Feature", "properties": {"province_id": 2786, "name": "Kumbe"}, "geometry": {"type": "Point", "coordinates": [12364.0, 4592.0]}}, {"type": "Feature", "properties": {"province_id": 2787, "name": "Botawa"}, "geometry": {"type": "Point", "coordinates": [12208.0, 4346.0]}}, {"type": "Feature", "properties": {"province_id": 2788, "name": "Tembagapura"}, "geometry": {"type": "Point", "coordinates": [12259.0, 4394.0]}}, {"type": "Feature", "properties": {"province_id": 2789, "name": "Hobart"}, "geometry": {"type": "Point", "coordinates": [12588.0, 6013.0]}}, {"type": "Feature", "properties": {"province_id": 2790, "name": "Devonport"}, "geometry": {"type": "Point", "coordinates": [12584.0, 5920.0]}}, {"type": "Feature", "properties": {"province_id": 2791, "name": "Strahan"}, "geometry": {"type": "Point", "coordinates": [12530.0, 5959.0]}}, {"type": "Feature", "properties": {"province_id": 2792, "name": "Auckland"}, "geometry": {"type": "Point", "coordinates": [13340.0, 5585.0]}}, {"type": "Feature", "properties": {"province_id": 2793, "name": "Wellington"}, "geometry": {"type": "Point", "coordinates": [13341.0, 5935.0]}}, {"type": "Feature", "properties": {"province_id": 2794, "name": "Otira"}, "geometry": {"type": "Point", "coordinates": [13143.0, 6056.0]}}, {"type": "Feature", "properties": {"province_id": 2795, "name": "Dunedin"}, "geometry": {"type": "Point", "coordinates": [13075.0, 6232.0]}}, {"type": "Feature", "properties": {"province_id": 2796, "name": "Invercargill"}, "geometry": {"type": "Point", "coordinates": [12972.0, 6266.0]}}, {"type": "Feature", "properties": {"province_id": 2797, "name": "Cromwell"}, "geometry": {"type": "Point", "coordinates": [13019.0, 6170.0]}}, {"type": "Feature", "properties": {"province_id": 2798, "name": "Nelson"}, "geometry": {"type": "Point", "coordinates": [13258.0, 5941.0]}}, {"type": "Feature", "properties": {"province_id": 2799, "name": "Greymouth"}, "geometry": {"type": "Point", "coordinates": [13127.0, 6032.0]}}, {"type": "Feature", "properties": {"province_id": 2800, "name": "Timaru"}, "geometry": {"type": "Point", "coordinates": [13131.0, 6129.0]}}, {"type": "Feature", "properties": {"province_id": 2801, "name": "Oamaru"}, "geometry": {"type": "Point", "coordinates": [13100.0, 6182.0]}}, {"type": "Feature", "properties": {"province_id": 2802, "name": "Westport"}, "geometry": {"type": "Point", "coordinates": [13167.0, 5975.0]}}, {"type": "Feature", "properties": {"province_id": 2803, "name": "Ohakune"}, "geometry": {"type": "Point", "coordinates": [13365.0, 5847.0]}}, {"type": "Feature", "properties": {"province_id": 2804, "name": "Gisborne"}, "geometry": {"type": "Point", "coordinates": [13514.0, 5768.0]}}, {"type": "Feature", "properties": {"province_id": 2805, "name": "Mokai"}, "geometry": {"type": "Point", "coordinates": [13438.0, 5755.0]}}, {"type": "Feature", "properties": {"province_id": 2806, "name": "Ohura"}, "geometry": {"type": "Point", "coordinates": [13362.0, 5763.0]}}, {"type": "Feature", "properties": {"province_id": 2807, "name": "Napier"}, "geometry": {"type": "Point", "coordinates": [13442.0, 5830.0]}}, {"type": "Feature", "properties": {"province_id": 2808, "name": "Masterton"}, "geometry": {"type": "Point", "coordinates": [13393.0, 5913.0]}}, {"type": "Feature", "properties": {"province_id": 2809, "name": "Hamilton"}, "geometry": {"type": "Point", "coordinates": [13375.0, 5699.0]}}, {"type": "Feature", "properties": {"province_id": 2810, "name": "Blenheim"}, "geometry": {"type": "Point", "coordinates": [13284.0, 5968.0]}}, {"type": "Feature", "properties": {"province_id": 2811, "name": "Kaikoura"}, "geometry": {"type": "Point", "coordinates": [13251.0, 6025.0]}}, {"type": "Feature", "properties": {"province_id": 2812, "name": "Te Anau"}, "geometry": {"type": "Point", "coordinates": [12936.0, 6191.0]}}, {"type": "Feature", "properties": {"province_id": 2813, "name": "Hokitika"}, "geometry": {"type": "Point", "coordinates": [13108.0, 6055.0]}}, {"type": "Feature", "properties": {"province_id": 2814, "name": "Wanaka"}, "geometry": {"type": "Point", "coordinates": [13027.0, 6130.0]}}, {"type": "Feature", "properties": {"province_id": 2815, "name": "Christchurch"}, "geometry": {"type": "Point", "coordinates": [13208.0, 6095.0]}}, {"type": "Feature", "properties": {"province_id": 2816, "name": "Leningrad"}, "geometry": {"type": "Point", "coordinates": [7392.0, 1281.0]}}, {"type": "Feature", "properties": {"province_id": 2817, "name": "Vologda"}, "geometry": {"type": "Point", "coordinates": [7651.0, 1255.0]}}, {"type": "Feature", "properties": {"province_id": 2818, "name": "Arkhangelsk"}, "geometry": {"type": "Point", "coordinates": [7650.0, 962.0]}}, {"type": "Feature", "properties": {"province_id": 2819, "name": "Naryan-Mar"}, "geometry": {"type": "Point", "coordinates": [8250.0, 674.0]}}, {"type": "Feature", "properties": {"province_id": 2820, "name": "Pskov"}, "geometry": {"type": "Point", "coordinates": [7345.0, 1383.0]}}, {"type": "Feature", "properties": {"province_id": 2821, "name": "Veliky Novgorod"}, "geometry": {"type": "Point", "coordinates": [7402.0, 1366.0]}}, {"type": "Feature", "properties": {"province_id": 2822, "name": "Gdov"}, "geometry": {"type": "Point", "coordinates": [7324.0, 1326.0]}}, {"type": "Feature", "properties": {"province_id": 2823, "name": "Nevel"}, "geometry": {"type": "Point", "coordinates": [7431.0, 1446.0]}}, {"type": "Feature", "properties": {"province_id": 2824, "name": "Amderma"}, "geometry": {"type": "Point", "coordinates": [8691.0, 638.0]}}, {"type": "Feature", "properties": {"province_id": 2825, "name": "Shoyna"}, "geometry": {"type": "Point", "coordinates": [7759.0, 731.0]}}, {"type": "Feature", "properties": {"province_id": 2826, "name": "Knyazhpogost"}, "geometry": {"type": "Point", "coordinates": [8310.0, 1122.0]}}, {"type": "Feature", "properties": {"province_id": 2827, "name": "Dutovo"}, "geometry": {"type": "Point", "coordinates": [8522.0, 1019.0]}}, {"type": "Feature", "properties": {"province_id": 2828, "name": "Pechora"}, "geometry": {"type": "Point", "coordinates": [8548.0, 891.0]}}, {"type": "Feature", "properties": {"province_id": 2829, "name": "Ukhta"}, "geometry": {"type": "Point", "coordinates": [8399.0, 999.0]}}, {"type": "Feature", "properties": {"province_id": 2830, "name": "Izhma"}, "geometry": {"type": "Point", "coordinates": [8450.0, 1015.0]}}, {"type": "Feature", "properties": {"province_id": 2831, "name": "Ust-Tsilma"}, "geometry": {"type": "Point", "coordinates": [8364.0, 848.0]}}, {"type": "Feature", "properties": {"province_id": 2832, "name": "Inta"}, "geometry": {"type": "Point", "coordinates": [8700.0, 832.0]}}, {"type": "Feature", "properties": {"province_id": 2833, "name": "Syktyvkar"}, "geometry": {"type": "Point", "coordinates": [8311.0, 1184.0]}}, {"type": "Feature", "properties": {"province_id": 2834, "name": "Troitsko-Pechorsk"}, "geometry": {"type": "Point", "coordinates": [8520.0, 1115.0]}}, {"type": "Feature", "properties": {"province_id": 2835, "name": "Kuratovo"}, "geometry": {"type": "Point", "coordinates": [8258.0, 1238.0]}}, {"type": "Feature", "properties": {"province_id": 2836, "name": "Vazhgort"}, "geometry": {"type": "Point", "coordinates": [8187.0, 1033.0]}}, {"type": "Feature", "properties": {"province_id": 2837, "name": "Khorey-Ver"}, "geometry": {"type": "Point", "coordinates": [8520.0, 755.0]}}, {"type": "Feature", "properties": {"province_id": 2838, "name": "Kargopol"}, "geometry": {"type": "Point", "coordinates": [7573.0, 1173.0]}}, {"type": "Feature", "properties": {"province_id": 2839, "name": "Kotlas"}, "geometry": {"type": "Point", "coordinates": [8133.0, 1190.0]}}, {"type": "Feature", "properties": {"province_id": 2840, "name": "Mezen"}, "geometry": {"type": "Point", "coordinates": [7798.0, 839.0]}}, {"type": "Feature", "properties": {"province_id": 2841, "name": "Onega"}, "geometry": {"type": "Point", "coordinates": [7567.0, 1061.0]}}, {"type": "Feature", "properties": {"province_id": 2842, "name": "Shenkursk"}, "geometry": {"type": "Point", "coordinates": [7706.0, 1135.0]}}, {"type": "Feature", "properties": {"province_id": 2843, "name": "Bereznik"}, "geometry": {"type": "Point", "coordinates": [7696.0, 1057.0]}}, {"type": "Feature", "properties": {"province_id": 2844, "name": "Karpogory"}, "geometry": {"type": "Point", "coordinates": [8011.0, 1011.0]}}, {"type": "Feature", "properties": {"province_id": 2845, "name": "Leshukonskoye"}, "geometry": {"type": "Point", "coordinates": [8125.0, 940.0]}}, {"type": "Feature", "properties": {"province_id": 2846, "name": "Pinega"}, "geometry": {"type": "Point", "coordinates": [7849.0, 939.0]}}, {"type": "Feature", "properties": {"province_id": 2847, "name": "Kotkino"}, "geometry": {"type": "Point", "coordinates": [8136.0, 720.0]}}, {"type": "Feature", "properties": {"province_id": 2848, "name": "Cherepovets"}, "geometry": {"type": "Point", "coordinates": [7601.0, 1267.0]}}, {"type": "Feature", "properties": {"province_id": 2849, "name": "Volkhov"}, "geometry": {"type": "Point", "coordinates": [7423.0, 1259.0]}}, {"type": "Feature", "properties": {"province_id": 2850, "name": "Khvoynaya"}, "geometry": {"type": "Point", "coordinates": [7508.0, 1322.0]}}, {"type": "Feature", "properties": {"province_id": 2851, "name": "Sokol"}, "geometry": {"type": "Point", "coordinates": [7679.0, 1236.0]}}, {"type": "Feature", "properties": {"province_id": 2852, "name": "Gryazovets"}, "geometry": {"type": "Point", "coordinates": [7668.0, 1283.0]}}, {"type": "Feature", "properties": {"province_id": 2853, "name": "Nikolsk"}, "geometry": {"type": "Point", "coordinates": [7920.0, 1257.0]}}, {"type": "Feature", "properties": {"province_id": 2854, "name": "Kizema"}, "geometry": {"type": "Point", "coordinates": [7951.0, 1168.0]}}, {"type": "Feature", "properties": {"province_id": 2855, "name": "Salekhard"}, "geometry": {"type": "Point", "coordinates": [8893.0, 715.0]}}, {"type": "Feature", "properties": {"province_id": 2856, "name": "Tarko-Sale"}, "geometry": {"type": "Point", "coordinates": [9313.0, 814.0]}}, {"type": "Feature", "properties": {"province_id": 2857, "name": "Nadym"}, "geometry": {"type": "Point", "coordinates": [9065.0, 775.0]}}, {"type": "Feature", "properties": {"province_id": 2858, "name": "Urengoy"}, "geometry": {"type": "Point", "coordinates": [9302.0, 739.0]}}, {"type": "Feature", "properties": {"province_id": 2859, "name": "Khanty-Mansiysk"}, "geometry": {"type": "Point", "coordinates": [9012.0, 1177.0]}}, {"type": "Feature", "properties": {"province_id": 2860, "name": "Surgut"}, "geometry": {"type": "Point", "coordinates": [9186.0, 1177.0]}}, {"type": "Feature", "properties": {"province_id": 2861, "name": "Beloyarsky"}, "geometry": {"type": "Point", "coordinates": [8877.0, 1036.0]}}, {"type": "Feature", "properties": {"province_id": 2862, "name": "Nizhnevartovsk"}, "geometry": {"type": "Point", "coordinates": [9305.0, 1193.0]}}, {"type": "Feature", "properties": {"province_id": 2863, "name": "Leushi"}, "geometry": {"type": "Point", "coordinates": [8879.0, 1265.0]}}, {"type": "Feature", "properties": {"province_id": 2864, "name": "Beryozovo"}, "geometry": {"type": "Point", "coordinates": [8784.0, 1002.0]}}, {"type": "Feature", "properties": {"province_id": 2865, "name": "Igrim"}, "geometry": {"type": "Point", "coordinates": [8742.0, 1092.0]}}, {"type": "Feature", "properties": {"province_id": 2866, "name": "Kasymsk"}, "geometry": {"type": "Point", "coordinates": [9083.0, 928.0]}}, {"type": "Feature", "properties": {"province_id": 2867, "name": "Pokatshena"}, "geometry": {"type": "Point", "coordinates": [9204.0, 1031.0]}}, {"type": "Feature", "properties": {"province_id": 2868, "name": "Yugansk"}, "geometry": {"type": "Point", "coordinates": [9205.0, 1214.0]}}, {"type": "Feature", "properties": {"province_id": 2869, "name": "Taran"}, "geometry": {"type": "Point", "coordinates": [9142.0, 553.0]}}, {"type": "Feature", "properties": {"province_id": 2870, "name": "Ovgort"}, "geometry": {"type": "Point", "coordinates": [8817.0, 888.0]}}, {"type": "Feature", "properties": {"province_id": 2871, "name": "Korliki"}, "geometry": {"type": "Point", "coordinates": [9519.0, 1148.0]}}, {"type": "Feature", "properties": {"province_id": 2872, "name": "Kikkiakki"}, "geometry": {"type": "Point", "coordinates": [9501.0, 953.0]}}, {"type": "Feature", "properties": {"province_id": 2873, "name": "Khalmer-Sede"}, "geometry": {"type": "Point", "coordinates": [9309.0, 697.0]}}, {"type": "Feature", "properties": {"province_id": 2874, "name": "Muşkino"}, "geometry": {"type": "Point", "coordinates": [9129.0, 1183.0]}}, {"type": "Feature", "properties": {"province_id": 2875, "name": "Andra"}, "geometry": {"type": "Point", "coordinates": [8902.0, 1127.0]}}, {"type": "Feature", "properties": {"province_id": 2876, "name": "Verkhnekazymskiy"}, "geometry": {"type": "Point", "coordinates": [8968.0, 1038.0]}}, {"type": "Feature", "properties": {"province_id": 2877, "name": "Tolka"}, "geometry": {"type": "Point", "coordinates": [9400.0, 985.0]}}, {"type": "Feature", "properties": {"province_id": 2878, "name": "Ratta"}, "geometry": {"type": "Point", "coordinates": [9585.0, 1034.0]}}, {"type": "Feature", "properties": {"province_id": 2879, "name": "Krasnoselkup"}, "geometry": {"type": "Point", "coordinates": [9464.0, 742.0]}}, {"type": "Feature", "properties": {"province_id": 2880, "name": "Nowoagansk"}, "geometry": {"type": "Point", "coordinates": [9326.0, 1077.0]}}, {"type": "Feature", "properties": {"province_id": 2881, "name": "Krasnoyarsk"}, "geometry": {"type": "Point", "coordinates": [9807.0, 1407.0]}}, {"type": "Feature", "properties": {"province_id": 2882, "name": "Dudinka"}, "geometry": {"type": "Point", "coordinates": [9579.0, 580.0]}}, {"type": "Feature", "properties": {"province_id": 2883, "name": "Igarka"}, "geometry": {"type": "Point", "coordinates": [9651.0, 744.0]}}, {"type": "Feature", "properties": {"province_id": 2884, "name": "Irkutsk"}, "geometry": {"type": "Point", "coordinates": [10300.0, 1623.0]}}, {"type": "Feature", "properties": {"province_id": 2885, "name": "Norilsk"}, "geometry": {"type": "Point", "coordinates": [9714.0, 580.0]}}, {"type": "Feature", "properties": {"province_id": 2886, "name": "Nazarovo"}, "geometry": {"type": "Point", "coordinates": [9722.0, 1391.0]}}, {"type": "Feature", "properties": {"province_id": 2887, "name": "Ilansky"}, "geometry": {"type": "Point", "coordinates": [9939.0, 1405.0]}}, {"type": "Feature", "properties": {"province_id": 2888, "name": "Syndassko"}, "geometry": {"type": "Point", "coordinates": [10173.0, 322.0]}}, {"type": "Feature", "properties": {"province_id": 2889, "name": "Baykit"}, "geometry": {"type": "Point", "coordinates": [10029.0, 1075.0]}}, {"type": "Feature", "properties": {"province_id": 2890, "name": "Bor"}, "geometry": {"type": "Point", "coordinates": [9729.0, 986.0]}}, {"type": "Feature", "properties": {"province_id": 2891, "name": "Khatanga"}, "geometry": {"type": "Point", "coordinates": [10280.0, 462.0]}}, {"type": "Feature", "properties": {"province_id": 2892, "name": "Ekonda"}, "geometry": {"type": "Point", "coordinates": [10349.0, 778.0]}}, {"type": "Feature", "properties": {"province_id": 2893, "name": "Poligus"}, "geometry": {"type": "Point", "coordinates": [9825.0, 1168.0]}}, {"type": "Feature", "properties": {"province_id": 2894, "name": "Tura"}, "geometry": {"type": "Point", "coordinates": [10158.0, 816.0]}}, {"type": "Feature", "properties": {"province_id": 2895, "name": "Vanavara"}, "geometry": {"type": "Point", "coordinates": [10266.0, 1147.0]}}, {"type": "Feature", "properties": {"province_id": 2896, "name": "Volochanka"}, "geometry": {"type": "Point", "coordinates": [9936.0, 510.0]}}, {"type": "Feature", "properties": {"province_id": 2897, "name": "Uchami"}, "geometry": {"type": "Point", "coordinates": [9927.0, 882.0]}}, {"type": "Feature", "properties": {"province_id": 2898, "name": "Yessey"}, "geometry": {"type": "Point", "coordinates": [10125.0, 666.0]}}, {"type": "Feature", "properties": {"province_id": 2899, "name": "Tomsk"}, "geometry": {"type": "Point", "coordinates": [9620.0, 1388.0]}}, {"type": "Feature", "properties": {"province_id": 2900, "name": "Kolpashevo"}, "geometry": {"type": "Point", "coordinates": [9553.0, 1307.0]}}, {"type": "Feature", "properties": {"province_id": 2901, "name": "Alexandrovskoye"}, "geometry": {"type": "Point", "coordinates": [9361.0, 1249.0]}}, {"type": "Feature", "properties": {"province_id": 2902, "name": "Maklakovo"}, "geometry": {"type": "Point", "coordinates": [9809.0, 1344.0]}}, {"type": "Feature", "properties": {"province_id": 2903, "name": "Abakan"}, "geometry": {"type": "Point", "coordinates": [9725.0, 1496.0]}}, {"type": "Feature", "properties": {"province_id": 2904, "name": "Novosibirsk"}, "geometry": {"type": "Point", "coordinates": [9485.0, 1456.0]}}, {"type": "Feature", "properties": {"province_id": 2905, "name": "Barnaul"}, "geometry": {"type": "Point", "coordinates": [9498.0, 1531.0]}}, {"type": "Feature", "properties": {"province_id": 2906, "name": "Kyzyl"}, "geometry": {"type": "Point", "coordinates": [9849.0, 1662.0]}}, {"type": "Feature", "properties": {"province_id": 2907, "name": "Onguday"}, "geometry": {"type": "Point", "coordinates": [9551.0, 1729.0]}}, {"type": "Feature", "properties": {"province_id": 2908, "name": "Omsk"}, "geometry": {"type": "Point", "coordinates": [9175.0, 1504.0]}}, {"type": "Feature", "properties": {"province_id": 2909, "name": "Tatarsk"}, "geometry": {"type": "Point", "coordinates": [9305.0, 1495.0]}}, {"type": "Feature", "properties": {"province_id": 2910, "name": "Kyshtovka"}, "geometry": {"type": "Point", "coordinates": [9328.0, 1392.0]}}, {"type": "Feature", "properties": {"province_id": 2911, "name": "Karasuk"}, "geometry": {"type": "Point", "coordinates": [9347.0, 1586.0]}}, {"type": "Feature", "properties": {"province_id": 2912, "name": "Sheregesh"}, "geometry": {"type": "Point", "coordinates": [9627.0, 1528.0]}}, {"type": "Feature", "properties": {"province_id": 2913, "name": "Bolotnoye"}, "geometry": {"type": "Point", "coordinates": [9571.0, 1438.0]}}, {"type": "Feature", "properties": {"province_id": 2914, "name": "Kirensk"}, "geometry": {"type": "Point", "coordinates": [10557.0, 1365.0]}}, {"type": "Feature", "properties": {"province_id": 2915, "name": "Nizhneudinsk"}, "geometry": {"type": "Point", "coordinates": [10073.0, 1623.0]}}, {"type": "Feature", "properties": {"province_id": 2916, "name": "Bratsk"}, "geometry": {"type": "Point", "coordinates": [10216.0, 1441.0]}}, {"type": "Feature", "properties": {"province_id": 2917, "name": "Kyren"}, "geometry": {"type": "Point", "coordinates": [10195.0, 1717.0]}}, {"type": "Feature", "properties": {"province_id": 2918, "name": "Ulan-Ude"}, "geometry": {"type": "Point", "coordinates": [10482.0, 1638.0]}}, {"type": "Feature", "properties": {"province_id": 2919, "name": "Bodaybo"}, "geometry": {"type": "Point", "coordinates": [10800.0, 1336.0]}}, {"type": "Feature", "properties": {"province_id": 2920, "name": "Kyakhta"}, "geometry": {"type": "Point", "coordinates": [10416.0, 1771.0]}}, {"type": "Feature", "properties": {"province_id": 2921, "name": "Yerbogachen"}, "geometry": {"type": "Point", "coordinates": [10492.0, 1108.0]}}, {"type": "Feature", "properties": {"province_id": 2922, "name": "Tokma"}, "geometry": {"type": "Point", "coordinates": [10355.0, 1300.0]}}, {"type": "Feature", "properties": {"province_id": 2923, "name": "Zhigalovo"}, "geometry": {"type": "Point", "coordinates": [10361.0, 1515.0]}}, {"type": "Feature", "properties": {"province_id": 2924, "name": "Chara"}, "geometry": {"type": "Point", "coordinates": [10863.0, 1457.0]}}, {"type": "Feature", "properties": {"province_id": 2925, "name": "Mogocha"}, "geometry": {"type": "Point", "coordinates": [10843.0, 1530.0]}}, {"type": "Feature", "properties": {"province_id": 2926, "name": "Otpor"}, "geometry": {"type": "Point", "coordinates": [10751.0, 1714.0]}}, {"type": "Feature", "properties": {"province_id": 2927, "name": "Chita"}, "geometry": {"type": "Point", "coordinates": [10625.0, 1626.0]}}, {"type": "Feature", "properties": {"province_id": 2928, "name": "Bagdarin"}, "geometry": {"type": "Point", "coordinates": [10621.0, 1515.0]}}, {"type": "Feature", "properties": {"province_id": 2929, "name": "Chadan"}, "geometry": {"type": "Point", "coordinates": [9718.0, 1729.0]}}, {"type": "Feature", "properties": {"province_id": 2930, "name": "Shagonar"}, "geometry": {"type": "Point", "coordinates": [9771.0, 1706.0]}}, {"type": "Feature", "properties": {"province_id": 2931, "name": "Saryg-Sep"}, "geometry": {"type": "Point", "coordinates": [9906.0, 1704.0]}}, {"type": "Feature", "properties": {"province_id": 2932, "name": "Toora-Chem"}, "geometry": {"type": "Point", "coordinates": [9919.0, 1615.0]}}, {"type": "Feature", "properties": {"province_id": 2933, "name": "Siktyah"}, "geometry": {"type": "Point", "coordinates": [10879.0, 553.0]}}, {"type": "Feature", "properties": {"province_id": 2934, "name": "Nyurba"}, "geometry": {"type": "Point", "coordinates": [10702.0, 1019.0]}}, {"type": "Feature", "properties": {"province_id": 2935, "name": "Aykhal"}, "geometry": {"type": "Point", "coordinates": [10628.0, 749.0]}}, {"type": "Feature", "properties": {"province_id": 2936, "name": "Olenyok"}, "geometry": {"type": "Point", "coordinates": [10536.0, 644.0]}}, {"type": "Feature", "properties": {"province_id": 2937, "name": "Zhigansk"}, "geometry": {"type": "Point", "coordinates": [10855.0, 737.0]}}, {"type": "Feature", "properties": {"province_id": 2938, "name": "Nyuya"}, "geometry": {"type": "Point", "coordinates": [10808.0, 1170.0]}}, {"type": "Feature", "properties": {"province_id": 2939, "name": "Olyokminsk"}, "geometry": {"type": "Point", "coordinates": [10946.0, 1193.0]}}, {"type": "Feature", "properties": {"province_id": 2940, "name": "Vilyuysk"}, "geometry": {"type": "Point", "coordinates": [10806.0, 1020.0]}}, {"type": "Feature", "properties": {"province_id": 2941, "name": "Tiksi"}, "geometry": {"type": "Point", "coordinates": [10994.0, 402.0]}}, {"type": "Feature", "properties": {"province_id": 2942, "name": "Peleduy"}, "geometry": {"type": "Point", "coordinates": [10654.0, 1258.0]}}, {"type": "Feature", "properties": {"province_id": 2943, "name": "Sangar"}, "geometry": {"type": "Point", "coordinates": [11014.0, 917.0]}}, {"type": "Feature", "properties": {"province_id": 2944, "name": "Nayba"}, "geometry": {"type": "Point", "coordinates": [11055.0, 461.0]}}, {"type": "Feature", "properties": {"province_id": 2945, "name": "Kryusyur"}, "geometry": {"type": "Point", "coordinates": [10940.0, 498.0]}}, {"type": "Feature", "properties": {"province_id": 2946, "name": "Ust-Olenek"}, "geometry": {"type": "Point", "coordinates": [10790.0, 391.0]}}, {"type": "Feature", "properties": {"province_id": 2947, "name": "Yuryung-Khaya"}, "geometry": {"type": "Point", "coordinates": [10539.0, 374.0]}}, {"type": "Feature", "properties": {"province_id": 2948, "name": "Saskylakh"}, "geometry": {"type": "Point", "coordinates": [10543.0, 479.0]}}, {"type": "Feature", "properties": {"province_id": 2949, "name": "Bolotistoy-Derevne"}, "geometry": {"type": "Point", "coordinates": [10774.0, 529.0]}}, {"type": "Feature", "properties": {"province_id": 2950, "name": "Zyryanka"}, "geometry": {"type": "Point", "coordinates": [11649.0, 791.0]}}, {"type": "Feature", "properties": {"province_id": 2951, "name": "Yugoryonok"}, "geometry": {"type": "Point", "coordinates": [11334.0, 1134.0]}}, {"type": "Feature", "properties": {"province_id": 2952, "name": "Yakutsk"}, "geometry": {"type": "Point", "coordinates": [11105.0, 975.0]}}, {"type": "Feature", "properties": {"province_id": 2953, "name": "Zhataystroy"}, "geometry": {"type": "Point", "coordinates": [11115.0, 931.0]}}, {"type": "Feature", "properties": {"province_id": 2954, "name": "Ust-Maya"}, "geometry": {"type": "Point", "coordinates": [11245.0, 1086.0]}}, {"type": "Feature", "properties": {"province_id": 2955, "name": "Nizhny Kuranakh"}, "geometry": {"type": "Point", "coordinates": [11061.0, 1185.0]}}, {"type": "Feature", "properties": {"province_id": 2956, "name": "Nizhneyansk"}, "geometry": {"type": "Point", "coordinates": [11391.0, 501.0]}}, {"type": "Feature", "properties": {"province_id": 2957, "name": "Nagorny"}, "geometry": {"type": "Point", "coordinates": [11064.0, 1352.0]}}, {"type": "Feature", "properties": {"province_id": 2958, "name": "Nizhne-Stalinsk"}, "geometry": {"type": "Point", "coordinates": [11059.0, 1244.0]}}, {"type": "Feature", "properties": {"province_id": 2959, "name": "Khandyga"}, "geometry": {"type": "Point", "coordinates": [11298.0, 965.0]}}, {"type": "Feature", "properties": {"province_id": 2960, "name": "Ese-Khayya"}, "geometry": {"type": "Point", "coordinates": [11319.0, 749.0]}}, {"type": "Feature", "properties": {"province_id": 2961, "name": "Chokurdakh"}, "geometry": {"type": "Point", "coordinates": [11552.0, 537.0]}}, {"type": "Feature", "properties": {"province_id": 2962, "name": "Nizhniye Kresty"}, "geometry": {"type": "Point", "coordinates": [11872.0, 536.0]}}, {"type": "Feature", "properties": {"province_id": 2963, "name": "Batagay"}, "geometry": {"type": "Point", "coordinates": [11362.0, 601.0]}}, {"type": "Feature", "properties": {"province_id": 2964, "name": "Pokrovsk"}, "geometry": {"type": "Point", "coordinates": [11098.0, 1011.0]}}, {"type": "Feature", "properties": {"province_id": 2965, "name": "Aldan"}, "geometry": {"type": "Point", "coordinates": [11058.0, 1215.0]}}, {"type": "Feature", "properties": {"province_id": 2966, "name": "Srednekolymsk"}, "geometry": {"type": "Point", "coordinates": [11759.0, 622.0]}}, {"type": "Feature", "properties": {"province_id": 2967, "name": "Verkhoyansk"}, "geometry": {"type": "Point", "coordinates": [11409.0, 603.0]}}, {"type": "Feature", "properties": {"province_id": 2968, "name": "Eldikan"}, "geometry": {"type": "Point", "coordinates": [11288.0, 1058.0]}}, {"type": "Feature", "properties": {"province_id": 2969, "name": "Tyanya"}, "geometry": {"type": "Point", "coordinates": [10973.0, 1265.0]}}, {"type": "Feature", "properties": {"province_id": 2970, "name": "Ust-Nera"}, "geometry": {"type": "Point", "coordinates": [11524.0, 903.0]}}, {"type": "Feature", "properties": {"province_id": 2971, "name": "Allakh-Yun"}, "geometry": {"type": "Point", "coordinates": [11475.0, 1051.0]}}, {"type": "Feature", "properties": {"province_id": 2972, "name": "Yunkyur"}, "geometry": {"type": "Point", "coordinates": [11214.0, 765.0]}}, {"type": "Feature", "properties": {"province_id": 2973, "name": "Khonuu"}, "geometry": {"type": "Point", "coordinates": [11519.0, 822.0]}}, {"type": "Feature", "properties": {"province_id": 2974, "name": "Tynda"}, "geometry": {"type": "Point", "coordinates": [11093.0, 1476.0]}}, {"type": "Feature", "properties": {"province_id": 2975, "name": "Bomnak"}, "geometry": {"type": "Point", "coordinates": [11239.0, 1519.0]}}, {"type": "Feature", "properties": {"province_id": 2976, "name": "Chagda"}, "geometry": {"type": "Point", "coordinates": [11245.0, 1274.0]}}, {"type": "Feature", "properties": {"province_id": 2977, "name": "Tugur"}, "geometry": {"type": "Point", "coordinates": [11680.0, 1430.0]}}, {"type": "Feature", "properties": {"province_id": 2978, "name": "Chumikan"}, "geometry": {"type": "Point", "coordinates": [11616.0, 1344.0]}}, {"type": "Feature", "properties": {"province_id": 2979, "name": "Ayan"}, "geometry": {"type": "Point", "coordinates": [11635.0, 1241.0]}}, {"type": "Feature", "properties": {"province_id": 2980, "name": "Oktyabrskiy"}, "geometry": {"type": "Point", "coordinates": [11297.0, 1639.0]}}, {"type": "Feature", "properties": {"province_id": 2981, "name": "Blagoveshchensk"}, "geometry": {"type": "Point", "coordinates": [11356.0, 1753.0]}}, {"type": "Feature", "properties": {"province_id": 2982, "name": "Khabarovsk"}, "geometry": {"type": "Point", "coordinates": [11525.0, 1693.0]}}, {"type": "Feature", "properties": {"province_id": 2983, "name": "Bikinskaya"}, "geometry": {"type": "Point", "coordinates": [11548.0, 1716.0]}}, {"type": "Feature", "properties": {"province_id": 2984, "name": "Komsomolsk"}, "geometry": {"type": "Point", "coordinates": [11700.0, 1644.0]}}, {"type": "Feature", "properties": {"province_id": 2985, "name": "Nikolayevsk-on-Amur"}, "geometry": {"type": "Point", "coordinates": [11837.0, 1459.0]}}, {"type": "Feature", "properties": {"province_id": 2986, "name": "Sovetskaya Gavan"}, "geometry": {"type": "Point", "coordinates": [11880.0, 1740.0]}}, {"type": "Feature", "properties": {"province_id": 2987, "name": "Vyazemsky"}, "geometry": {"type": "Point", "coordinates": [11563.0, 1800.0]}}, {"type": "Feature", "properties": {"province_id": 2988, "name": "De-Kastri"}, "geometry": {"type": "Point", "coordinates": [11879.0, 1547.0]}}, {"type": "Feature", "properties": {"province_id": 2989, "name": "Vanino"}, "geometry": {"type": "Point", "coordinates": [11864.0, 1703.0]}}, {"type": "Feature", "properties": {"province_id": 2990, "name": "Chegdomyn"}, "geometry": {"type": "Point", "coordinates": [11447.0, 1581.0]}}, {"type": "Feature", "properties": {"province_id": 2991, "name": "Imeni Poliny Osipenko"}, "geometry": {"type": "Point", "coordinates": [11692.0, 1529.0]}}, {"type": "Feature", "properties": {"province_id": 2992, "name": "Vyatskoye"}, "geometry": {"type": "Point", "coordinates": [11633.0, 1688.0]}}, {"type": "Feature", "properties": {"province_id": 2993, "name": "Ekimchan"}, "geometry": {"type": "Point", "coordinates": [11466.0, 1457.0]}}, {"type": "Feature", "properties": {"province_id": 2994, "name": "Aim"}, "geometry": {"type": "Point", "coordinates": [11497.0, 1190.0]}}, {"type": "Feature", "properties": {"province_id": 2995, "name": "Nelkan"}, "geometry": {"type": "Point", "coordinates": [11467.0, 1307.0]}}, {"type": "Feature", "properties": {"province_id": 2996, "name": "Ogoron"}, "geometry": {"type": "Point", "coordinates": [11321.0, 1561.0]}}, {"type": "Feature", "properties": {"province_id": 2997, "name": "Nakhodka"}, "geometry": {"type": "Point", "coordinates": [11730.0, 2132.0]}}, {"type": "Feature", "properties": {"province_id": 2998, "name": "Vladivostok"}, "geometry": {"type": "Point", "coordinates": [11680.0, 2138.0]}}, {"type": "Feature", "properties": {"province_id": 2999, "name": "Semyonovka"}, "geometry": {"type": "Point", "coordinates": [11709.0, 2033.0]}}, {"type": "Feature", "properties": {"province_id": 3000, "name": "Tetyukhe"}, "geometry": {"type": "Point", "coordinates": [11820.0, 1979.0]}}, {"type": "Feature", "properties": {"province_id": 3001, "name": "Iman"}, "geometry": {"type": "Point", "coordinates": [11657.0, 1931.0]}}, {"type": "Feature", "properties": {"province_id": 3002, "name": "Voroshilov"}, "geometry": {"type": "Point", "coordinates": [11675.0, 2106.0]}}, {"type": "Feature", "properties": {"province_id": 3003, "name": "Vostok"}, "geometry": {"type": "Point", "coordinates": [11726.0, 1827.0]}}, {"type": "Feature", "properties": {"province_id": 3004, "name": "Ternistryy"}, "geometry": {"type": "Point", "coordinates": [11783.0, 1894.0]}}, {"type": "Feature", "properties": {"province_id": 3005, "name": "Zlatoustovsk"}, "geometry": {"type": "Point", "coordinates": [11551.0, 1476.0]}}, {"type": "Feature", "properties": {"province_id": 3006, "name": "Okhotsk"}, "geometry": {"type": "Point", "coordinates": [11750.0, 1100.0]}}, {"type": "Feature", "properties": {"province_id": 3007, "name": "Pevek"}, "geometry": {"type": "Point", "coordinates": [13085.0, 585.0]}}, {"type": "Feature", "properties": {"province_id": 3008, "name": "Petropavlovsk-Kamchatsky"}, "geometry": {"type": "Point", "coordinates": [12532.0, 1199.0]}}, {"type": "Feature", "properties": {"province_id": 3009, "name": "Slautnoye"}, "geometry": {"type": "Point", "coordinates": [12847.0, 803.0]}}, {"type": "Feature", "properties": {"province_id": 3010, "name": "Markovo"}, "geometry": {"type": "Point", "coordinates": [13068.0, 732.0]}}, {"type": "Feature", "properties": {"province_id": 3011, "name": "Uelen"}, "geometry": {"type": "Point", "coordinates": [13504.0, 705.0]}}, {"type": "Feature", "properties": {"province_id": 3012, "name": "Keperveyem"}, "geometry": {"type": "Point", "coordinates": [12062.0, 640.0]}}, {"type": "Feature", "properties": {"province_id": 3013, "name": "Palana"}, "geometry": {"type": "Point", "coordinates": [12667.0, 923.0]}}, {"type": "Feature", "properties": {"province_id": 3014, "name": "Ilirney"}, "geometry": {"type": "Point", "coordinates": [12306.0, 715.0]}}, {"type": "Feature", "properties": {"province_id": 3015, "name": "Gizhiga"}, "geometry": {"type": "Point", "coordinates": [12601.0, 833.0]}}, {"type": "Feature", "properties": {"province_id": 3016, "name": "Magadan"}, "geometry": {"type": "Point", "coordinates": [12030.0, 1017.0]}}, {"type": "Feature", "properties": {"province_id": 3017, "name": "Talon"}, "geometry": {"type": "Point", "coordinates": [11937.0, 991.0]}}, {"type": "Feature", "properties": {"province_id": 3018, "name": "Atka"}, "geometry": {"type": "Point", "coordinates": [12069.0, 888.0]}}, {"type": "Feature", "properties": {"province_id": 3019, "name": "Sasyr"}, "geometry": {"type": "Point", "coordinates": [11925.0, 843.0]}}, {"type": "Feature", "properties": {"province_id": 3020, "name": "Oymyakon"}, "geometry": {"type": "Point", "coordinates": [11573.0, 1019.0]}}, {"type": "Feature", "properties": {"province_id": 3021, "name": "Kholodny"}, "geometry": {"type": "Point", "coordinates": [11799.0, 978.0]}}, {"type": "Feature", "properties": {"province_id": 3022, "name": "Khaty"}, "geometry": {"type": "Point", "coordinates": [10648.0, 975.0]}}, {"type": "Feature", "properties": {"province_id": 3023, "name": "Mukhtuya"}, "geometry": {"type": "Point", "coordinates": [10679.0, 1149.0]}}, {"type": "Feature", "properties": {"province_id": 3024, "name": "Sayylyk"}, "geometry": {"type": "Point", "coordinates": [10915.0, 1028.0]}}, {"type": "Feature", "properties": {"province_id": 3025, "name": "Sheya"}, "geometry": {"type": "Point", "coordinates": [10673.0, 1046.0]}}, {"type": "Feature", "properties": {"province_id": 3026, "name": "Usun"}, "geometry": {"type": "Point", "coordinates": [10764.0, 901.0]}}, {"type": "Feature", "properties": {"province_id": 3027, "name": "Lybalakh"}, "geometry": {"type": "Point", "coordinates": [11019.0, 749.0]}}, {"type": "Feature", "properties": {"province_id": 3028, "name": "Baytakh"}, "geometry": {"type": "Point", "coordinates": [10507.0, 773.0]}}, {"type": "Feature", "properties": {"province_id": 3029, "name": "Bykovsky"}, "geometry": {"type": "Point", "coordinates": [10914.0, 365.0]}}, {"type": "Feature", "properties": {"province_id": 3030, "name": "Taymylyr"}, "geometry": {"type": "Point", "coordinates": [10853.0, 406.0]}}, {"type": "Feature", "properties": {"province_id": 3031, "name": "Kyusyur"}, "geometry": {"type": "Point", "coordinates": [10990.0, 442.0]}}, {"type": "Feature", "properties": {"province_id": 3032, "name": "Eryukkyune"}, "geometry": {"type": "Point", "coordinates": [10679.0, 515.0]}}, {"type": "Feature", "properties": {"province_id": 3033, "name": "Ulakhan-Kyuel"}, "geometry": {"type": "Point", "coordinates": [10879.0, 625.0]}}, {"type": "Feature", "properties": {"province_id": 3034, "name": "Eyik"}, "geometry": {"type": "Point", "coordinates": [10751.0, 758.0]}}, {"type": "Feature", "properties": {"province_id": 3035, "name": "Beizi Temple"}, "geometry": {"type": "Point", "coordinates": [11031.0, 2100.0]}}, {"type": "Feature", "properties": {"province_id": 3036, "name": "Zhèngxiāngbái"}, "geometry": {"type": "Point", "coordinates": [10982.0, 2159.0]}}, {"type": "Feature", "properties": {"province_id": 3037, "name": "Old Barag"}, "geometry": {"type": "Point", "coordinates": [10817.0, 1736.0]}}, {"type": "Feature", "properties": {"province_id": 3038, "name": "Hulunbuir"}, "geometry": {"type": "Point", "coordinates": [10868.0, 1769.0]}}, {"type": "Feature", "properties": {"province_id": 3039, "name": "Harbin"}, "geometry": {"type": "Point", "coordinates": [11417.0, 2013.0]}}, {"type": "Feature", "properties": {"province_id": 3040, "name": "Kiamusze"}, "geometry": {"type": "Point", "coordinates": [11547.0, 1933.0]}}, {"type": "Feature", "properties": {"province_id": 3041, "name": "Hsinking"}, "geometry": {"type": "Point", "coordinates": [11395.0, 2114.0]}}, {"type": "Feature", "properties": {"province_id": 3042, "name": "Yimin Sumu"}, "geometry": {"type": "Point", "coordinates": [10871.0, 1844.0]}}, {"type": "Feature", "properties": {"province_id": 3043, "name": "Mohe"}, "geometry": {"type": "Point", "coordinates": [10936.0, 1568.0]}}, {"type": "Feature", "properties": {"province_id": 3044, "name": "Tahe"}, "geometry": {"type": "Point", "coordinates": [11054.0, 1578.0]}}, {"type": "Feature", "properties": {"province_id": 3045, "name": "Sunwu"}, "geometry": {"type": "Point", "coordinates": [11349.0, 1831.0]}}, {"type": "Feature", "properties": {"province_id": 3046, "name": "Nenjiang"}, "geometry": {"type": "Point", "coordinates": [11214.0, 1844.0]}}, {"type": "Feature", "properties": {"province_id": 3047, "name": "Xuguit Qi"}, "geometry": {"type": "Point", "coordinates": [10924.0, 1759.0]}}, {"type": "Feature", "properties": {"province_id": 3048, "name": "Yichun"}, "geometry": {"type": "Point", "coordinates": [11462.0, 1892.0]}}, {"type": "Feature", "properties": {"province_id": 3049, "name": "Shuangyashan"}, "geometry": {"type": "Point", "coordinates": [11587.0, 1945.0]}}, {"type": "Feature", "properties": {"province_id": 3050, "name": "Qitaihe"}, "geometry": {"type": "Point", "coordinates": [11590.0, 2020.0]}}, {"type": "Feature", "properties": {"province_id": 3051, "name": "Yilan"}, "geometry": {"type": "Point", "coordinates": [11512.0, 1961.0]}}, {"type": "Feature", "properties": {"province_id": 3052, "name": "Tonghe"}, "geometry": {"type": "Point", "coordinates": [11456.0, 1997.0]}}, {"type": "Feature", "properties": {"province_id": 3053, "name": "Dehui"}, "geometry": {"type": "Point", "coordinates": [11409.0, 2061.0]}}, {"type": "Feature", "properties": {"province_id": 3054, "name": "Liaoyang"}, "geometry": {"type": "Point", "coordinates": [11383.0, 2175.0]}}, {"type": "Feature", "properties": {"province_id": 3055, "name": "Tonghua"}, "geometry": {"type": "Point", "coordinates": [11469.0, 2213.0]}}, {"type": "Feature", "properties": {"province_id": 3056, "name": "Botankou"}, "geometry": {"type": "Point", "coordinates": [11558.0, 2078.0]}}, {"type": "Feature", "properties": {"province_id": 3057, "name": "Yanbian"}, "geometry": {"type": "Point", "coordinates": [11564.0, 2165.0]}}, {"type": "Feature", "properties": {"province_id": 3058, "name": "Tongliao"}, "geometry": {"type": "Point", "coordinates": [11295.0, 2111.0]}}, {"type": "Feature", "properties": {"province_id": 3059, "name": "Huolin Gol"}, "geometry": {"type": "Point", "coordinates": [11142.0, 2002.0]}}, {"type": "Feature", "properties": {"province_id": 3060, "name": "Arxan"}, "geometry": {"type": "Point", "coordinates": [10946.0, 1914.0]}}, {"type": "Feature", "properties": {"province_id": 3061, "name": "Chaihezhen"}, "geometry": {"type": "Point", "coordinates": [11024.0, 1847.0]}}, {"type": "Feature", "properties": {"province_id": 3062, "name": "Guyuanzhen"}, "geometry": {"type": "Point", "coordinates": [11059.0, 1684.0]}}, {"type": "Feature", "properties": {"province_id": 3063, "name": "Beijiangxiang"}, "geometry": {"type": "Point", "coordinates": [11216.0, 1699.0]}}, {"type": "Feature", "properties": {"province_id": 3064, "name": "Sartu"}, "geometry": {"type": "Point", "coordinates": [11373.0, 1983.0]}}, {"type": "Feature", "properties": {"province_id": 3065, "name": "Qigihar"}, "geometry": {"type": "Point", "coordinates": [11282.0, 1935.0]}}, {"type": "Feature", "properties": {"province_id": 3066, "name": "Sverdlovsk"}, "geometry": {"type": "Point", "coordinates": [8743.0, 1539.0]}}, {"type": "Feature", "properties": {"province_id": 3067, "name": "Tyumen"}, "geometry": {"type": "Point", "coordinates": [8847.0, 1463.0]}}, {"type": "Feature", "properties": {"province_id": 3068, "name": "Krasnoturyinsk"}, "geometry": {"type": "Point", "coordinates": [8659.0, 1329.0]}}, {"type": "Feature", "properties": {"province_id": 3069, "name": "Verkhnyaya Salda"}, "geometry": {"type": "Point", "coordinates": [8717.0, 1477.0]}}, {"type": "Feature", "properties": {"province_id": 3070, "name": "Pervouralsk"}, "geometry": {"type": "Point", "coordinates": [8700.0, 1547.0]}}, {"type": "Feature", "properties": {"province_id": 3071, "name": "Tobolsk"}, "geometry": {"type": "Point", "coordinates": [8984.0, 1398.0]}}, {"type": "Feature", "properties": {"province_id": 3072, "name": "Berezovka"}, "geometry": {"type": "Point", "coordinates": [9071.0, 1331.0]}}, {"type": "Feature", "properties": {"province_id": 3073, "name": "Aromashevo"}, "geometry": {"type": "Point", "coordinates": [8970.0, 1491.0]}}, {"type": "Feature", "properties": {"province_id": 3074, "name": "Ishim"}, "geometry": {"type": "Point", "coordinates": [9004.0, 1567.0]}}, {"type": "Feature", "properties": {"province_id": 3075, "name": "Kurgan"}, "geometry": {"type": "Point", "coordinates": [8851.0, 1584.0]}}, {"type": "Feature", "properties": {"province_id": 3076, "name": "Chelyabinsk"}, "geometry": {"type": "Point", "coordinates": [8747.0, 1599.0]}}, {"type": "Feature", "properties": {"province_id": 3077, "name": "Magnitogorsk"}, "geometry": {"type": "Point", "coordinates": [8651.0, 1695.0]}}, {"type": "Feature", "properties": {"province_id": 3078, "name": "Kartaly"}, "geometry": {"type": "Point", "coordinates": [8757.0, 1713.0]}}, {"type": "Feature", "properties": {"province_id": 3079, "name": "Zykova"}, "geometry": {"type": "Point", "coordinates": [8760.0, 1332.0]}}, {"type": "Feature", "properties": {"province_id": 3080, "name": "Astana"}, "geometry": {"type": "Point", "coordinates": [9127.0, 1733.0]}}, {"type": "Feature", "properties": {"province_id": 3081, "name": "Guryev"}, "geometry": {"type": "Point", "coordinates": [8464.0, 2037.0]}}, {"type": "Feature", "properties": {"province_id": 3082, "name": "Taras"}, "geometry": {"type": "Point", "coordinates": [9070.0, 2146.0]}}, {"type": "Feature", "properties": {"province_id": 3083, "name": "Turkistan"}, "geometry": {"type": "Point", "coordinates": [8937.0, 2081.0]}}, {"type": "Feature", "properties": {"province_id": 3084, "name": "Shymkent"}, "geometry": {"type": "Point", "coordinates": [8965.0, 2122.0]}}, {"type": "Feature", "properties": {"province_id": 3085, "name": "Uralsk"}, "geometry": {"type": "Point", "coordinates": [8435.0, 1894.0]}}, {"type": "Feature", "properties": {"province_id": 3086, "name": "Ufa"}, "geometry": {"type": "Point", "coordinates": [8537.0, 1581.0]}}, {"type": "Feature", "properties": {"province_id": 3087, "name": "Orenburg"}, "geometry": {"type": "Point", "coordinates": [8481.0, 1803.0]}}, {"type": "Feature", "properties": {"province_id": 3088, "name": "Semipalatinsk"}, "geometry": {"type": "Point", "coordinates": [9421.0, 1818.0]}}, {"type": "Feature", "properties": {"province_id": 3089, "name": "Petropavl"}, "geometry": {"type": "Point", "coordinates": [9054.0, 1578.0]}}, {"type": "Feature", "properties": {"province_id": 3090, "name": "Pavlodar"}, "geometry": {"type": "Point", "coordinates": [9292.0, 1685.0]}}, {"type": "Feature", "properties": {"province_id": 3091, "name": "Kokshetau"}, "geometry": {"type": "Point", "coordinates": [9084.0, 1685.0]}}, {"type": "Feature", "properties": {"province_id": 3092, "name": "Almaty"}, "geometry": {"type": "Point", "coordinates": [9244.0, 2076.0]}}, {"type": "Feature", "properties": {"province_id": 3093, "name": "Kzyl-Orda"}, "geometry": {"type": "Point", "coordinates": [8873.0, 2050.0]}}, {"type": "Feature", "properties": {"province_id": 3094, "name": "Oskemen"}, "geometry": {"type": "Point", "coordinates": [9497.0, 1836.0]}}, {"type": "Feature", "properties": {"province_id": 3095, "name": "Aktobe"}, "geometry": {"type": "Point", "coordinates": [8584.0, 1904.0]}}, {"type": "Feature", "properties": {"province_id": 3096, "name": "Kostanay"}, "geometry": {"type": "Point", "coordinates": [8752.0, 1831.0]}}, {"type": "Feature", "properties": {"province_id": 3097, "name": "Karaganda"}, "geometry": {"type": "Point", "coordinates": [9176.0, 1784.0]}}, {"type": "Feature", "properties": {"province_id": 3098, "name": "Balkhash"}, "geometry": {"type": "Point", "coordinates": [9221.0, 1933.0]}}, {"type": "Feature", "properties": {"province_id": 3099, "name": "Arshaly"}, "geometry": {"type": "Point", "coordinates": [8898.0, 1776.0]}}, {"type": "Feature", "properties": {"province_id": 3100, "name": "Dzhezkazgan"}, "geometry": {"type": "Point", "coordinates": [8971.0, 1942.0]}}, {"type": "Feature", "properties": {"province_id": 3101, "name": "Atasu"}, "geometry": {"type": "Point", "coordinates": [9109.0, 1860.0]}}, {"type": "Feature", "properties": {"province_id": 3102, "name": "Tole Bi"}, "geometry": {"type": "Point", "coordinates": [9174.0, 2061.0]}}, {"type": "Feature", "properties": {"province_id": 3103, "name": "Birlik"}, "geometry": {"type": "Point", "coordinates": [9143.0, 1989.0]}}, {"type": "Feature", "properties": {"province_id": 3104, "name": "Talgar"}, "geometry": {"type": "Point", "coordinates": [9295.0, 2050.0]}}, {"type": "Feature", "properties": {"province_id": 3105, "name": "Taldy-Kurgan"}, "geometry": {"type": "Point", "coordinates": [9393.0, 1956.0]}}, {"type": "Feature", "properties": {"province_id": 3106, "name": "Fort Shevchenko"}, "geometry": {"type": "Point", "coordinates": [8447.0, 2155.0]}}, {"type": "Feature", "properties": {"province_id": 3107, "name": "Usturt"}, "geometry": {"type": "Point", "coordinates": [8635.0, 2201.0]}}, {"type": "Feature", "properties": {"province_id": 3108, "name": "Nizhniy Embensk"}, "geometry": {"type": "Point", "coordinates": [8537.0, 2047.0]}}, {"type": "Feature", "properties": {"province_id": 3109, "name": "Aralsk"}, "geometry": {"type": "Point", "coordinates": [8760.0, 2007.0]}}, {"type": "Feature", "properties": {"province_id": 3110, "name": "Ashkhabad"}, "geometry": {"type": "Point", "coordinates": [8780.0, 2542.0]}}, {"type": "Feature", "properties": {"province_id": 3111, "name": "Anau"}, "geometry": {"type": "Point", "coordinates": [8805.0, 2558.0]}}, {"type": "Feature", "properties": {"province_id": 3112, "name": "Nebit Dag"}, "geometry": {"type": "Point", "coordinates": [8606.0, 2431.0]}}, {"type": "Feature", "properties": {"province_id": 3113, "name": "Mary"}, "geometry": {"type": "Point", "coordinates": [8896.0, 2525.0]}}, {"type": "Feature", "properties": {"province_id": 3114, "name": "Tashauz"}, "geometry": {"type": "Point", "coordinates": [8783.0, 2356.0]}}, {"type": "Feature", "properties": {"province_id": 3115, "name": "Chardzhou"}, "geometry": {"type": "Point", "coordinates": [8931.0, 2421.0]}}, {"type": "Feature", "properties": {"province_id": 3116, "name": "Derweze"}, "geometry": {"type": "Point", "coordinates": [8726.0, 2408.0]}}, {"type": "Feature", "properties": {"province_id": 3117, "name": "Kyzyl-Arvat"}, "geometry": {"type": "Point", "coordinates": [8685.0, 2517.0]}}, {"type": "Feature", "properties": {"province_id": 3118, "name": "Bäherden"}, "geometry": {"type": "Point", "coordinates": [8749.0, 2526.0]}}, {"type": "Feature", "properties": {"province_id": 3119, "name": "Yerbent"}, "geometry": {"type": "Point", "coordinates": [8747.0, 2474.0]}}, {"type": "Feature", "properties": {"province_id": 3120, "name": "Samarqand"}, "geometry": {"type": "Point", "coordinates": [9019.0, 2388.0]}}, {"type": "Feature", "properties": {"province_id": 3121, "name": "Qarshi"}, "geometry": {"type": "Point", "coordinates": [9007.0, 2431.0]}}, {"type": "Feature", "properties": {"province_id": 3122, "name": "Termiz"}, "geometry": {"type": "Point", "coordinates": [9075.0, 2540.0]}}, {"type": "Feature", "properties": {"province_id": 3123, "name": "Bukhara"}, "geometry": {"type": "Point", "coordinates": [8958.0, 2356.0]}}, {"type": "Feature", "properties": {"province_id": 3124, "name": "Fergana"}, "geometry": {"type": "Point", "coordinates": [9109.0, 2318.0]}}, {"type": "Feature", "properties": {"province_id": 3125, "name": "Marat"}, "geometry": {"type": "Point", "coordinates": [8856.0, 2176.0]}}, {"type": "Feature", "properties": {"province_id": 3126, "name": "Chelkar"}, "geometry": {"type": "Point", "coordinates": [8822.0, 2252.0]}}, {"type": "Feature", "properties": {"province_id": 3127, "name": "Nukus"}, "geometry": {"type": "Point", "coordinates": [8733.0, 2301.0]}}, {"type": "Feature", "properties": {"province_id": 3128, "name": "Krasnowodsk"}, "geometry": {"type": "Point", "coordinates": [8546.0, 2437.0]}}, {"type": "Feature", "properties": {"province_id": 3129, "name": "Oboy"}, "geometry": {"type": "Point", "coordinates": [8602.0, 2489.0]}}, {"type": "Feature", "properties": {"province_id": 3130, "name": "Gyzylgaya"}, "geometry": {"type": "Point", "coordinates": [8636.0, 2351.0]}}, {"type": "Feature", "properties": {"province_id": 3131, "name": "Stalinabad"}, "geometry": {"type": "Point", "coordinates": [9101.0, 2419.0]}}, {"type": "Feature", "properties": {"province_id": 3132, "name": "Murghab"}, "geometry": {"type": "Point", "coordinates": [9155.0, 2445.0]}}, {"type": "Feature", "properties": {"province_id": 3133, "name": "Panjakent"}, "geometry": {"type": "Point", "coordinates": [9065.0, 2397.0]}}, {"type": "Feature", "properties": {"province_id": 3134, "name": "Jizzakh"}, "geometry": {"type": "Point", "coordinates": [9048.0, 2348.0]}}, {"type": "Feature", "properties": {"province_id": 3135, "name": "Oktyabrsky (TK)"}, "geometry": {"type": "Point", "coordinates": [9017.0, 2231.0]}}, {"type": "Feature", "properties": {"province_id": 3136, "name": "Frunze"}, "geometry": {"type": "Point", "coordinates": [9184.0, 2141.0]}}, {"type": "Feature", "properties": {"province_id": 3137, "name": "Przhevalsk"}, "geometry": {"type": "Point", "coordinates": [9348.0, 2103.0]}}, {"type": "Feature", "properties": {"province_id": 3138, "name": "At-Bashy"}, "geometry": {"type": "Point", "coordinates": [9272.0, 2236.0]}}, {"type": "Feature", "properties": {"province_id": 3139, "name": "Orsk"}, "geometry": {"type": "Point", "coordinates": [8604.0, 1814.0]}}, {"type": "Feature", "properties": {"province_id": 3140, "name": "Sterlitamak"}, "geometry": {"type": "Point", "coordinates": [8538.0, 1688.0]}}, {"type": "Feature", "properties": {"province_id": 3141, "name": "Perm"}, "geometry": {"type": "Point", "coordinates": [8539.0, 1418.0]}}, {"type": "Feature", "properties": {"province_id": 3142, "name": "Talovo"}, "geometry": {"type": "Point", "coordinates": [8581.0, 1210.0]}}, {"type": "Feature", "properties": {"province_id": 3143, "name": "Gayny"}, "geometry": {"type": "Point", "coordinates": [8434.0, 1252.0]}}, {"type": "Feature", "properties": {"province_id": 3144, "name": "Cherdyn"}, "geometry": {"type": "Point", "coordinates": [8513.0, 1255.0]}}, {"type": "Feature", "properties": {"province_id": 3145, "name": "Dobryanka"}, "geometry": {"type": "Point", "coordinates": [8548.0, 1376.0]}}, {"type": "Feature", "properties": {"province_id": 3146, "name": "Berezniki"}, "geometry": {"type": "Point", "coordinates": [8560.0, 1298.0]}}, {"type": "Feature", "properties": {"province_id": 3147, "name": "Kudymkar"}, "geometry": {"type": "Point", "coordinates": [8448.0, 1343.0]}}, {"type": "Feature", "properties": {"province_id": 3148, "name": "Nytva"}, "geometry": {"type": "Point", "coordinates": [8479.0, 1426.0]}}, {"type": "Feature", "properties": {"province_id": 3149, "name": "Oktyabrsky"}, "geometry": {"type": "Point", "coordinates": [8440.0, 1603.0]}}, {"type": "Feature", "properties": {"province_id": 3150, "name": "Mishkinsky"}, "geometry": {"type": "Point", "coordinates": [8541.0, 1528.0]}}, {"type": "Feature", "properties": {"province_id": 3151, "name": "Birsk"}, "geometry": {"type": "Point", "coordinates": [8496.0, 1491.0]}}, {"type": "Feature", "properties": {"province_id": 3152, "name": "Davlekanovo"}, "geometry": {"type": "Point", "coordinates": [8502.0, 1596.0]}}, {"type": "Feature", "properties": {"province_id": 3153, "name": "Beloretsk"}, "geometry": {"type": "Point", "coordinates": [8597.0, 1633.0]}}, {"type": "Feature", "properties": {"province_id": 3154, "name": "Sibay"}, "geometry": {"type": "Point", "coordinates": [8593.0, 1743.0]}}, {"type": "Feature", "properties": {"province_id": 3155, "name": "Ishimbay"}, "geometry": {"type": "Point", "coordinates": [8535.0, 1719.0]}}, {"type": "Feature", "properties": {"province_id": 3156, "name": "Sorochinsk"}, "geometry": {"type": "Point", "coordinates": [8437.0, 1768.0]}}, {"type": "Feature", "properties": {"province_id": 3157, "name": "Lysva"}, "geometry": {"type": "Point", "coordinates": [8587.0, 1424.0]}}, {"type": "Feature", "properties": {"province_id": 3158, "name": "Sol-Iletsk"}, "geometry": {"type": "Point", "coordinates": [8479.0, 1847.0]}}, {"type": "Feature", "properties": {"province_id": 3159, "name": "Igra"}, "geometry": {"type": "Point", "coordinates": [8395.0, 1439.0]}}, {"type": "Feature", "properties": {"province_id": 3160, "name": "Debyosy"}, "geometry": {"type": "Point", "coordinates": [8431.0, 1435.0]}}, {"type": "Feature", "properties": {"province_id": 3161, "name": "Glazov"}, "geometry": {"type": "Point", "coordinates": [8365.0, 1405.0]}}, {"type": "Feature", "properties": {"province_id": 3162, "name": "Izhevsk"}, "geometry": {"type": "Point", "coordinates": [8399.0, 1469.0]}}, {"type": "Feature", "properties": {"province_id": 3163, "name": "Buzuluk"}, "geometry": {"type": "Point", "coordinates": [8359.0, 1719.0]}}, {"type": "Feature", "properties": {"province_id": 3164, "name": "Abdulino"}, "geometry": {"type": "Point", "coordinates": [8438.0, 1664.0]}}, {"type": "Feature", "properties": {"province_id": 3165, "name": "Buguruslan"}, "geometry": {"type": "Point", "coordinates": [8364.0, 1662.0]}}, {"type": "Feature", "properties": {"province_id": 3166, "name": "Kirov"}, "geometry": {"type": "Point", "coordinates": [8258.0, 1384.0]}}, {"type": "Feature", "properties": {"province_id": 3167, "name": "Murashi"}, "geometry": {"type": "Point", "coordinates": [8226.0, 1333.0]}}, {"type": "Feature", "properties": {"province_id": 3168, "name": "Batumi"}, "geometry": {"type": "Point", "coordinates": [8022.0, 2270.0]}}, {"type": "Feature", "properties": {"province_id": 3169, "name": "Tiflis"}, "geometry": {"type": "Point", "coordinates": [8156.0, 2281.0]}}, {"type": "Feature", "properties": {"province_id": 3170, "name": "Kirs"}, "geometry": {"type": "Point", "coordinates": [8339.0, 1348.0]}}, {"type": "Feature", "properties": {"province_id": 3171, "name": "Kuybyshev"}, "geometry": {"type": "Point", "coordinates": [8263.0, 1694.0]}}, {"type": "Feature", "properties": {"province_id": 3172, "name": "Gori"}, "geometry": {"type": "Point", "coordinates": [8118.0, 2260.0]}}, {"type": "Feature", "properties": {"province_id": 3173, "name": "Kumyony"}, "geometry": {"type": "Point", "coordinates": [8261.0, 1409.0]}}, {"type": "Feature", "properties": {"province_id": 3174, "name": "Urzhum"}, "geometry": {"type": "Point", "coordinates": [8263.0, 1482.0]}}, {"type": "Feature", "properties": {"province_id": 3175, "name": "Naberezhnye Chelny"}, "geometry": {"type": "Point", "coordinates": [8357.0, 1537.0]}}, {"type": "Feature", "properties": {"province_id": 3176, "name": "Tolyatti"}, "geometry": {"type": "Point", "coordinates": [8239.0, 1672.0]}}, {"type": "Feature", "properties": {"province_id": 3177, "name": "Pokhvistnevo"}, "geometry": {"type": "Point", "coordinates": [8301.0, 1647.0]}}, {"type": "Feature", "properties": {"province_id": 3178, "name": "Yaransk"}, "geometry": {"type": "Point", "coordinates": [8158.0, 1454.0]}}, {"type": "Feature", "properties": {"province_id": 3179, "name": "Kutaisi"}, "geometry": {"type": "Point", "coordinates": [8060.0, 2243.0]}}, {"type": "Feature", "properties": {"province_id": 3180, "name": "Gorky"}, "geometry": {"type": "Point", "coordinates": [8057.0, 1521.0]}}, {"type": "Feature", "properties": {"province_id": 3181, "name": "Ilori"}, "geometry": {"type": "Point", "coordinates": [7996.0, 2193.0]}}, {"type": "Feature", "properties": {"province_id": 3182, "name": "Kazan"}, "geometry": {"type": "Point", "coordinates": [8219.0, 1538.0]}}, {"type": "Feature", "properties": {"province_id": 3183, "name": "Khelvachauri"}, "geometry": {"type": "Point", "coordinates": [8056.0, 2296.0]}}, {"type": "Feature", "properties": {"province_id": 3184, "name": "Saratov"}, "geometry": {"type": "Point", "coordinates": [8089.0, 1831.0]}}, {"type": "Feature", "properties": {"province_id": 3185, "name": "Buinsk"}, "geometry": {"type": "Point", "coordinates": [8177.0, 1596.0]}}, {"type": "Feature", "properties": {"province_id": 3186, "name": "Pestretsy"}, "geometry": {"type": "Point", "coordinates": [8249.0, 1547.0]}}, {"type": "Feature", "properties": {"province_id": 3187, "name": "Bugulma"}, "geometry": {"type": "Point", "coordinates": [8383.0, 1600.0]}}, {"type": "Feature", "properties": {"province_id": 3188, "name": "Signalki"}, "geometry": {"type": "Point", "coordinates": [8214.0, 2294.0]}}, {"type": "Feature", "properties": {"province_id": 3189, "name": "Neftegorsk"}, "geometry": {"type": "Point", "coordinates": [8295.0, 1717.0]}}, {"type": "Feature", "properties": {"province_id": 3190, "name": "Rostov"}, "geometry": {"type": "Point", "coordinates": [7830.0, 1986.0]}}, {"type": "Feature", "properties": {"province_id": 3191, "name": "Ulyanovsk"}, "geometry": {"type": "Point", "coordinates": [8178.0, 1625.0]}}, {"type": "Feature", "properties": {"province_id": 3192, "name": "Petrovsk"}, "geometry": {"type": "Point", "coordinates": [8263.0, 2206.0]}}, {"type": "Feature", "properties": {"province_id": 3193, "name": "Aleksandryia"}, "geometry": {"type": "Point", "coordinates": [8129.0, 1633.0]}}, {"type": "Feature", "properties": {"province_id": 3194, "name": "Novospasskoye"}, "geometry": {"type": "Point", "coordinates": [8139.0, 1678.0]}}, {"type": "Feature", "properties": {"province_id": 3195, "name": "Penza"}, "geometry": {"type": "Point", "coordinates": [8035.0, 1680.0]}}, {"type": "Feature", "properties": {"province_id": 3196, "name": "Saransk"}, "geometry": {"type": "Point", "coordinates": [8038.0, 1619.0]}}, {"type": "Feature", "properties": {"province_id": 3197, "name": "Balakovo"}, "geometry": {"type": "Point", "coordinates": [8182.0, 1785.0]}}, {"type": "Feature", "properties": {"province_id": 3198, "name": "Pugachyov"}, "geometry": {"type": "Point", "coordinates": [8269.0, 1792.0]}}, {"type": "Feature", "properties": {"province_id": 3199, "name": "Baltser"}, "geometry": {"type": "Point", "coordinates": [8080.0, 1873.0]}}, {"type": "Feature", "properties": {"province_id": 3200, "name": "Novouzensk"}, "geometry": {"type": "Point", "coordinates": [8237.0, 1879.0]}}, {"type": "Feature", "properties": {"province_id": 3201, "name": "Atarsk"}, "geometry": {"type": "Point", "coordinates": [8048.0, 1794.0]}}, {"type": "Feature", "properties": {"province_id": 3202, "name": "Uren"}, "geometry": {"type": "Point", "coordinates": [8086.0, 1449.0]}}, {"type": "Feature", "properties": {"province_id": 3203, "name": "Ordzhonikidze"}, "geometry": {"type": "Point", "coordinates": [8147.0, 2188.0]}}, {"type": "Feature", "properties": {"province_id": 3204, "name": "Stavropol"}, "geometry": {"type": "Point", "coordinates": [8054.0, 2093.0]}}, {"type": "Feature", "properties": {"province_id": 3205, "name": "Krasnodar"}, "geometry": {"type": "Point", "coordinates": [7840.0, 2087.0]}}, {"type": "Feature", "properties": {"province_id": 3206, "name": "Stalingrad"}, "geometry": {"type": "Point", "coordinates": [8097.0, 1989.0]}}, {"type": "Feature", "properties": {"province_id": 3207, "name": "Astrakhan"}, "geometry": {"type": "Point", "coordinates": [8305.0, 2089.0]}}, {"type": "Feature", "properties": {"province_id": 3208, "name": "Yashkul"}, "geometry": {"type": "Point", "coordinates": [8184.0, 2055.0]}}, {"type": "Feature", "properties": {"province_id": 3209, "name": "Maykop"}, "geometry": {"type": "Point", "coordinates": [7939.0, 2120.0]}}, {"type": "Feature", "properties": {"province_id": 3210, "name": "Dubovka"}, "geometry": {"type": "Point", "coordinates": [8136.0, 1950.0]}}, {"type": "Feature", "properties": {"province_id": 3211, "name": "Elista"}, "geometry": {"type": "Point", "coordinates": [8118.0, 2037.0]}}, {"type": "Feature", "properties": {"province_id": 3212, "name": "Salsk"}, "geometry": {"type": "Point", "coordinates": [7952.0, 2016.0]}}, {"type": "Feature", "properties": {"province_id": 3213, "name": "Millerovo"}, "geometry": {"type": "Point", "coordinates": [7881.0, 1911.0]}}, {"type": "Feature", "properties": {"province_id": 3214, "name": "Moscow"}, "geometry": {"type": "Point", "coordinates": [7631.0, 1496.0]}}, {"type": "Feature", "properties": {"province_id": 3215, "name": "Bryansk"}, "geometry": {"type": "Point", "coordinates": [7598.0, 1668.0]}}, {"type": "Feature", "properties": {"province_id": 3216, "name": "Voronezh"}, "geometry": {"type": "Point", "coordinates": [7801.0, 1792.0]}}, {"type": "Feature", "properties": {"province_id": 3217, "name": "Ryazan"}, "geometry": {"type": "Point", "coordinates": [7753.0, 1560.0]}}, {"type": "Feature", "properties": {"province_id": 3218, "name": "Yaroslavl"}, "geometry": {"type": "Point", "coordinates": [7664.0, 1378.0]}}, {"type": "Feature", "properties": {"province_id": 3219, "name": "Vladimir"}, "geometry": {"type": "Point", "coordinates": [7744.0, 1472.0]}}, {"type": "Feature", "properties": {"province_id": 3220, "name": "Kovrov"}, "geometry": {"type": "Point", "coordinates": [7801.0, 1451.0]}}, {"type": "Feature", "properties": {"province_id": 3221, "name": "Kologriv"}, "geometry": {"type": "Point", "coordinates": [7900.0, 1392.0]}}, {"type": "Feature", "properties": {"province_id": 3222, "name": "Kostroma"}, "geometry": {"type": "Point", "coordinates": [7706.0, 1379.0]}}, {"type": "Feature", "properties": {"province_id": 3223, "name": "Vokhma"}, "geometry": {"type": "Point", "coordinates": [8066.0, 1374.0]}}, {"type": "Feature", "properties": {"province_id": 3224, "name": "Kalinin"}, "geometry": {"type": "Point", "coordinates": [7569.0, 1430.0]}}, {"type": "Feature", "properties": {"province_id": 3225, "name": "Tula"}, "geometry": {"type": "Point", "coordinates": [7637.0, 1565.0]}}, {"type": "Feature", "properties": {"province_id": 3226, "name": "Belgorod"}, "geometry": {"type": "Point", "coordinates": [7729.0, 1814.0]}}, {"type": "Feature", "properties": {"province_id": 3227, "name": "Kursk"}, "geometry": {"type": "Point", "coordinates": [7705.0, 1777.0]}}, {"type": "Feature", "properties": {"province_id": 3228, "name": "Ivanovo"}, "geometry": {"type": "Point", "coordinates": [7754.0, 1410.0]}}, {"type": "Feature", "properties": {"province_id": 3229, "name": "Kineshma"}, "geometry": {"type": "Point", "coordinates": [7777.0, 1385.0]}}, {"type": "Feature", "properties": {"province_id": 3230, "name": "Kaluga"}, "geometry": {"type": "Point", "coordinates": [7593.0, 1537.0]}}, {"type": "Feature", "properties": {"province_id": 3231, "name": "Lipetsk"}, "geometry": {"type": "Point", "coordinates": [7813.0, 1738.0]}}, {"type": "Feature", "properties": {"province_id": 3232, "name": "Oryol"}, "geometry": {"type": "Point", "coordinates": [7703.0, 1684.0]}}, {"type": "Feature", "properties": {"province_id": 3233, "name": "Smolensk"}, "geometry": {"type": "Point", "coordinates": [7521.0, 1530.0]}}, {"type": "Feature", "properties": {"province_id": 3234, "name": "Tambov"}, "geometry": {"type": "Point", "coordinates": [7896.0, 1737.0]}}, {"type": "Feature", "properties": {"province_id": 3235, "name": "Borisolglebsk"}, "geometry": {"type": "Point", "coordinates": [7900.0, 1797.0]}}, {"type": "Feature", "properties": {"province_id": 3236, "name": "Morshansk"}, "geometry": {"type": "Point", "coordinates": [7876.0, 1661.0]}}, {"type": "Feature", "properties": {"province_id": 3237, "name": "Murom"}, "geometry": {"type": "Point", "coordinates": [7885.0, 1509.0]}}, {"type": "Feature", "properties": {"province_id": 3238, "name": "Sasovo"}, "geometry": {"type": "Point", "coordinates": [7898.0, 1580.0]}}, {"type": "Feature", "properties": {"province_id": 3239, "name": "Yefremov"}, "geometry": {"type": "Point", "coordinates": [7769.0, 1667.0]}}, {"type": "Feature", "properties": {"province_id": 3240, "name": "Shivolo"}, "geometry": {"type": "Point", "coordinates": [7827.0, 1586.0]}}, {"type": "Feature", "properties": {"province_id": 3241, "name": "Palau"}, "geometry": {"type": "Point", "coordinates": [12068.0, 3996.0]}}, {"type": "Feature", "properties": {"province_id": 3242, "name": "Guam"}, "geometry": {"type": "Point", "coordinates": [12503.0, 3719.0]}}, {"type": "Feature", "properties": {"province_id": 3243, "name": "Songsong"}, "geometry": {"type": "Point", "coordinates": [12557.0, 3671.0]}}, {"type": "Feature", "properties": {"province_id": 3244, "name": "Tinian"}, "geometry": {"type": "Point", "coordinates": [12634.0, 3599.0]}}, {"type": "Feature", "properties": {"province_id": 3245, "name": "Saipan"}, "geometry": {"type": "Point", "coordinates": [12675.0, 3547.0]}}, {"type": "Feature", "properties": {"province_id": 3246, "name": "Aguigan"}, "geometry": {"type": "Point", "coordinates": [12619.0, 3634.0]}}, {"type": "Feature", "properties": {"province_id": 3247, "name": "Weno"}, "geometry": {"type": "Point", "coordinates": [12925.0, 3946.0]}}, {"type": "Feature", "properties": {"province_id": 3248, "name": "Tol"}, "geometry": {"type": "Point", "coordinates": [12876.0, 3975.0]}}, {"type": "Feature", "properties": {"province_id": 3249, "name": "Palikir"}, "geometry": {"type": "Point", "coordinates": [13069.0, 3998.0]}}, {"type": "Feature", "properties": {"province_id": 3250, "name": "Nouméa"}, "geometry": {"type": "Point", "coordinates": [13164.0, 5073.0]}}, {"type": "Feature", "properties": {"province_id": 3251, "name": "Wé"}, "geometry": {"type": "Point", "coordinates": [13182.0, 5048.0]}}, {"type": "Feature", "properties": {"province_id": 3252, "name": "La Roche"}, "geometry": {"type": "Point", "coordinates": [13197.0, 5071.0]}}, {"type": "Feature", "properties": {"province_id": 3253, "name": "Port Vila"}, "geometry": {"type": "Point", "coordinates": [13199.0, 4937.0]}}, {"type": "Feature", "properties": {"province_id": 3254, "name": "Luganville"}, "geometry": {"type": "Point", "coordinates": [13173.0, 4853.0]}}, {"type": "Feature", "properties": {"province_id": 3255, "name": "Lakatoro"}, "geometry": {"type": "Point", "coordinates": [13180.0, 4878.0]}}, {"type": "Feature", "properties": {"province_id": 3256, "name": "Suva"}, "geometry": {"type": "Point", "coordinates": [13362.0, 4943.0]}}, {"type": "Feature", "properties": {"province_id": 3257, "name": "Labasa"}, "geometry": {"type": "Point", "coordinates": [13382.0, 4898.0]}}, {"type": "Feature", "properties": {"province_id": 3258, "name": "Apia"}, "geometry": {"type": "Point", "coordinates": [13505.0, 4816.0]}}, {"type": "Feature", "properties": {"province_id": 3259, "name": "Salelologa"}, "geometry": {"type": "Point", "coordinates": [13479.0, 4808.0]}}, {"type": "Feature", "properties": {"province_id": 3260, "name": "Jamestown"}, "geometry": {"type": "Point", "coordinates": [5939.0, 5102.0]}}, {"type": "Feature", "properties": {"province_id": 3261, "name": "Pago Pago"}, "geometry": {"type": "Point", "coordinates": [13524.0, 4824.0]}}, {"type": "Feature", "properties": {"province_id": 3262, "name": "Arawa"}, "geometry": {"type": "Point", "coordinates": [12975.0, 4528.0]}}, {"type": "Feature", "properties": {"province_id": 3263, "name": "Polo"}, "geometry": {"type": "Point", "coordinates": [13002.0, 4559.0]}}, {"type": "Feature", "properties": {"province_id": 3264, "name": "Honiara"}, "geometry": {"type": "Point", "coordinates": [13056.0, 4647.0]}}, {"type": "Feature", "properties": {"province_id": 3265, "name": "Namuga"}, "geometry": {"type": "Point", "coordinates": [13088.0, 4683.0]}}, {"type": "Feature", "properties": {"province_id": 3266, "name": "Auki"}, "geometry": {"type": "Point", "coordinates": [13073.0, 4629.0]}}, {"type": "Feature", "properties": {"province_id": 3267, "name": "Buala"}, "geometry": {"type": "Point", "coordinates": [13039.0, 4590.0]}}, {"type": "Feature", "properties": {"province_id": 3268, "name": "Munda"}, "geometry": {"type": "Point", "coordinates": [13010.0, 4600.0]}}, {"type": "Feature", "properties": {"province_id": 3269, "name": "Kwajalein"}, "geometry": {"type": "Point", "coordinates": [13267.0, 3961.0]}}, {"type": "Feature", "properties": {"province_id": 3270, "name": "Majuro"}, "geometry": {"type": "Point", "coordinates": [13466.0, 4007.0]}}, {"type": "Feature", "properties": {"province_id": 3271, "name": "Enewetak"}, "geometry": {"type": "Point", "coordinates": [13166.0, 3909.0]}}, {"type": "Feature", "properties": {"province_id": 3272, "name": "Wake Island"}, "geometry": {"type": "Point", "coordinates": [13245.0, 3298.0]}}, {"type": "Feature", "properties": {"province_id": 3273, "name": "Naha"}, "geometry": {"type": "Point", "coordinates": [11643.0, 2990.0]}}, {"type": "Feature", "properties": {"province_id": 3274, "name": "Amami"}, "geometry": {"type": "Point", "coordinates": [11683.0, 2919.0]}}, {"type": "Feature", "properties": {"province_id": 3275, "name": "Miyakojima"}, "geometry": {"type": "Point", "coordinates": [11602.0, 3020.0]}}, {"type": "Feature", "properties": {"province_id": 3276, "name": "Ishigaki"}, "geometry": {"type": "Point", "coordinates": [11560.0, 3052.0]}}, {"type": "Feature", "properties": {"province_id": 3277, "name": "Kunashiri"}, "geometry": {"type": "Point", "coordinates": [12207.0, 2012.0]}}, {"type": "Feature", "properties": {"province_id": 3278, "name": "Etorofu"}, "geometry": {"type": "Point", "coordinates": [12277.0, 1941.0]}}, {"type": "Feature", "properties": {"province_id": 3279, "name": "Przasnysz"}, "geometry": {"type": "Point", "coordinates": [7072.0, 1755.0]}}, {"type": "Feature", "properties": {"province_id": 3280, "name": "Katowice"}, "geometry": {"type": "Point", "coordinates": [7014.0, 1945.0]}}, {"type": "Feature", "properties": {"province_id": 3281, "name": "Białystok"}, "geometry": {"type": "Point", "coordinates": [7203.0, 1721.0]}}, {"type": "Feature", "properties": {"province_id": 3282, "name": "Baranovichi"}, "geometry": {"type": "Point", "coordinates": [7298.0, 1694.0]}}, {"type": "Feature", "properties": {"province_id": 3283, "name": "Lexington"}, "geometry": {"type": "Point", "coordinates": [2461.0, 2002.0]}}, {"type": "Feature", "properties": {"province_id": 3284, "name": "Barraute"}, "geometry": {"type": "Point", "coordinates": [3630.0, 1460.0]}}, {"type": "Feature", "properties": {"province_id": 3285, "name": "Kerrville"}, "geometry": {"type": "Point", "coordinates": [2419.0, 2673.0]}}, {"type": "Feature", "properties": {"province_id": 3286, "name": "Itabuna"}, "geometry": {"type": "Point", "coordinates": [4800.0, 4859.0]}}, {"type": "Feature", "properties": {"province_id": 3287, "name": "Mankoya"}, "geometry": {"type": "Point", "coordinates": [7230.0, 4989.0]}}, {"type": "Feature", "properties": {"province_id": 3288, "name": "Vavuniya"}, "geometry": {"type": "Point", "coordinates": [9748.0, 3916.0]}}, {"type": "Feature", "properties": {"province_id": 3289, "name": "Colombo"}, "geometry": {"type": "Point", "coordinates": [9727.0, 3972.0]}}, {"type": "Feature", "properties": {"province_id": 3290, "name": "Galle"}, "geometry": {"type": "Point", "coordinates": [9735.0, 4017.0]}}, {"type": "Feature", "properties": {"province_id": 3291, "name": "Sveg"}, "geometry": {"type": "Point", "coordinates": [6848.0, 1127.0]}}, {"type": "Feature", "properties": {"province_id": 3292, "name": "Hammerdal"}, "geometry": {"type": "Point", "coordinates": [6897.0, 1004.0]}}, {"type": "Feature", "properties": {"province_id": 3293, "name": "Jönköping"}, "geometry": {"type": "Point", "coordinates": [6813.0, 1450.0]}}, {"type": "Feature", "properties": {"province_id": 3294, "name": "Jokkmokk"}, "geometry": {"type": "Point", "coordinates": [7020.0, 843.0]}}, {"type": "Feature", "properties": {"province_id": 3295, "name": "Jeju"}, "geometry": {"type": "Point", "coordinates": [11551.0, 2689.0]}}, {"type": "Feature", "properties": {"province_id": 3296, "name": "Nicosia"}, "geometry": {"type": "Point", "coordinates": [7762.0, 2791.0]}}, {"type": "Feature", "properties": {"province_id": 3297, "name": "São Tomé"}, "geometry": {"type": "Point", "coordinates": [6465.0, 4374.0]}}, {"type": "Feature", "properties": {"province_id": 3298, "name": "College Station"}, "geometry": {"type": "Point", "coordinates": [2568.0, 2633.0]}}, {"type": "Feature", "properties": {"province_id": 3299, "name": "Whangarei"}, "geometry": {"type": "Point", "coordinates": [13332.0, 5555.0]}}, {"type": "Feature", "properties": {"province_id": 3300, "name": "Santa Cruz de Tenerife"}, "geometry": {"type": "Point", "coordinates": [5399.0, 3208.0]}}, {"type": "Feature", "properties": {"province_id": 3301, "name": "Panamá"}, "geometry": {"type": "Point", "coordinates": [3076.0, 3832.0]}}, {"type": "Feature", "properties": {"province_id": 3302, "name": "Obock"}, "geometry": {"type": "Point", "coordinates": [8099.0, 3922.0]}}, {"type": "Feature", "properties": {"province_id": 3332, "name": "Trieste"}, "geometry": {"type": "Point", "coordinates": [6750.0, 2235.0]}}]}