sea_point_id,name,x,y,ed_raw,hst_raw,pal_raw
56,Arabian Sea,9059.0,3149.0,0,0,0
3303,Sea of Azov,7728.0,2053.0,0,0,0
3304,Sea of Azov,7677.0,2097.0,0,0,0
3305,Persian Gulf,8507.0,3152.0,0,0,0
3306,Sea of Azov,7758.0,2033.0,0,0,0
3308,Sea of Azov,7736.0,2095.0,0,0,0
3309,Black Sea,7738.0,2128.0,0,0,0
3310,Black Sea,7843.0,2164.0,0,0,0
3311,Caspian Sea,8491.0,2533.0,0,0,0
3312,Black Sea,7931.0,2187.0,0,0,0
3313,Black Sea,7981.0,2226.0,0,0,0
3314,South China Sea,11423.0,3123.0,0,0,0
3315,Black Sea,8006.0,2263.0,0,0,0
3316,Atlantic Ocean,3748.0,6127.0,0,0,0
3317,Black Sea,7995.0,2292.0,0,0,0
3318,Black Sea,7957.0,2321.0,0,0,0
3319,Black Sea,7907.0,2337.0,0,0,0
3320,Black Sea,7831.0,2341.0,0,0,0
3321,Black Sea,7738.0,2347.0,0,0,0
3322,Black Sea,7655.0,2366.0,0,0,0
3323,Black Sea,7599.0,2406.0,0,0,0
3324,Caspian Sea,8459.0,2452.0,0,0,0
3325,East China Sea,11440.0,3065.0,0,0,0
3326,Persian Gulf,8405.0,3072.0,0,0,0
3327,Sea of Marmara,7499.0,2519.0,0,0,0
3328,Sea of Marmara,7424.0,2548.0,0,0,0
3329,Aegean Sea,7375.0,2608.0,0,0,0
3330,Pacific Ocean,12061.0,2643.0,0,0,0
3331,Aegean Sea,7318.0,2574.0,0,0,0
3333,Thermaic Gulf,7244.0,2603.0,0,0,0
3334,Pacific Ocean,11597.0,3615.0,0,0,0
3335,East China Sea,11472.0,3036.0,0,0,0
3336,Aegean Sea,7293.0,2644.0,0,0,0
3337,Arafura Sea,12203.0,4551.0,0,0,0
3338,Aegean Sea,7398.0,2639.0,0,0,0
3339,Aegean Sea,7397.0,2692.0,0,0,0
3340,Aegean Sea,7427.0,2723.0,0,0,0
3341,Mediterranean Sea,7490.0,2752.0,0,0,0
3342,Mediterranean Sea,7578.0,2782.0,0,0,0
3343,Antalya Basin,7628.0,2741.0,0,0,0
3344,Antalya Basin,7698.0,2754.0,0,0,0
3345,Adana Trough,7749.0,2748.0,0,0,0
3346,Gulf of California,1709.0,2586.0,0,0,0
3347,Adana Trough,7800.0,2708.0,0,0,0
3348,Mediterranean Sea,7807.0,2757.0,0,0,0
3349,Mediterranean Sea,7815.0,2815.0,0,0,0
3350,Mediterranean Sea,7780.0,2874.0,0,0,0
3351,Mediterranean Sea,7780.0,2933.0,0,0,0
3352,Panama Bay,3062.0,3831.0,0,0,0
3353,Mediterranean Sea,7757.0,3007.0,0,0,0
3354,Suez Channel,7677.0,3007.0,0,0,0
3355,Gulf of Suez,7686.0,3108.0,0,0,0
3356,Gulf of Suez,7701.0,3183.0,0,0,0
3357,Red Sea,7728.0,3278.0,0,0,0
3358,Red Sea,7790.0,3224.0,0,0,0
3359,Red Sea,7828.0,3302.0,0,0,0
3360,Red Sea,7749.0,3369.0,0,0,0
3362,Red Sea,7825.0,3499.0,0,0,0
3363,Bering Sea,18.0,734.0,0,0,0
3364,Red Sea,7851.0,3587.0,0,0,0
3365,Red Sea,7907.0,3694.0,0,0,0
3366,Red Sea,7953.0,3763.0,0,0,0
3367,Indian Ocean,8153.0,4878.0,0,0,0
3368,Red Sea,8059.0,3840.0,0,0,0
3369,Bering Sea,7.0,790.0,0,0,0
3370,Gulf of Aden,8117.0,3946.0,0,0,0
3371,Gulf of Aden,8154.0,3978.0,0,0,0
3372,Gulf of Aden,8226.0,3972.0,0,0,0
3373,Northwestern Passages,4045.0,853.0,0,0,0
3374,Pacific Ocean,11502.0,3058.0,0,0,0
3375,Gulf of Aden,8368.0,3948.0,0,0,0
3376,Gulf of Aden,8474.0,3911.0,0,0,0
3378,Arabian Sea,8486.0,4014.0,0,0,0
3379,Indian Ocean,8446.0,4098.0,0,0,0
3380,Indian Ocean,8394.0,4166.0,0,0,0
3381,Indian Ocean,8339.0,4248.0,0,0,0
3382,Indian Ocean,8281.0,4307.0,0,0,0
3383,Indian Ocean,8224.0,4347.0,0,0,0
3384,Indian Ocean,8163.0,4388.0,0,0,0
3385,Indian Ocean,8100.0,4441.0,0,0,0
3386,Indian Ocean,8503.0,2402.0,0,0,0
3387,Indian Ocean,7967.0,4568.0,0,0,0
3388,Indian Ocean,7931.0,4629.0,0,0,0
3389,Indian Ocean,7905.0,4680.0,0,0,0
3390,Indian Ocean,7939.0,4719.0,0,0,0
3391,Indian Ocean,7941.0,4771.0,0,0,0
3392,Indian Ocean,7961.0,4828.0,0,0,0
3393,Indian Ocean,7992.0,4908.0,0,0,0
3394,Mozambique Channel,7990.0,4981.0,0,0,0
3395,Mozambique Channel,7957.0,5059.0,0,0,0
3396,Mozambique Channel,7902.0,5122.0,0,0,0
3397,Mozambique Channel,7808.0,5162.0,0,0,0
3398,Mozambique Channel,7755.0,5211.0,0,0,0
3399,Mozambique Channel,7691.0,5247.0,0,0,0
3400,Mozambique Channel,7709.0,5307.0,0,0,0
3401,Indian Ocean,7711.0,5399.0,0,0,0
3402,Indian Ocean,7658.0,5442.0,0,0,0
3403,Indian Ocean,7598.0,5469.0,0,0,0
3404,Indian Ocean,7592.0,5552.0,0,0,0
3405,Indian Ocean,7562.0,5604.0,0,0,0
3406,Indian Ocean,7523.0,5630.0,0,0,0
3407,Indian Ocean,7476.0,5696.0,0,0,0
3408,Indian Ocean,7388.0,5772.0,0,0,0
3409,Indian Ocean,7302.0,5811.0,0,0,0
3410,Indian Ocean,7243.0,5830.0,0,0,0
3411,Indian Ocean,7178.0,5846.0,0,0,0
3412,Indian Ocean,7132.0,5844.0,0,0,0
3413,Atlantic Ocean,7058.0,5855.0,0,0,0
3414,Atlantic Ocean,6990.0,5872.0,0,0,0
3415,Laptev Sea,10535.0,182.0,0,0,0
3416,Atlantic Ocean,6935.0,5850.0,0,0,0
3417,Atlantic Ocean,6895.0,5821.0,0,0,0
3418,Atlantic Ocean,6888.0,5744.0,0,0,0
3419,Atlantic Ocean,6857.0,5664.0,0,0,0
3420,Northwestern Passages,5268.0,409.0,0,0,0
3421,Northwestern Passages,5212.0,957.0,0,0,0
3422,Atlantic Ocean,6771.0,5541.0,0,0,0
3423,Atlantic Ocean,6745.0,5458.0,0,0,0
3424,Pacific Ocean,11486.0,3121.0,0,0,0
3425,Atlantic Ocean,6733.0,5352.0,0,0,0
3426,Atlantic Ocean,6735.0,5401.0,0,0,0
3427,Atlantic Ocean,6691.0,5291.0,0,0,0
3428,Northwestern Passages,5276.0,1071.0,0,0,0
3429,South China Sea,11480.0,3179.0,0,0,0
3430,Atlantic Ocean,6622.0,5161.0,0,0,0
3431,South China Sea,11459.0,3229.0,0,0,0
3432,Atlantic Ocean,6618.0,5069.0,0,0,0
3433,Atlantic Ocean,6652.0,4979.0,0,0,0
3434,Atlantic Ocean,6701.0,4909.0,0,0,0
3435,Northwestern Passages,5559.0,907.0,0,0,0
3436,Atlantic Ocean,6682.0,4816.0,0,0,0
3437,Atlantic Ocean,6670.0,4732.0,0,0,0
3438,Atlantic Ocean,6639.0,4676.0,0,0,0
3439,Pacific Ocean,11562.0,3072.0,0,0,0
3440,Atlantic Ocean,6620.0,4631.0,0,0,0
3441,Atlantic Ocean,6566.0,4546.0,0,0,0
3442,Gulf of Guinea,6509.0,4467.0,0,0,0
3443,Gulf of Guinea,6506.0,4366.0,0,0,0
3444,Gulf of Guinea,6502.0,4301.0,0,0,0
3446,Gulf of Guinea,6351.0,4274.0,0,0,0
3447,Northwestern Passages,5715.0,1129.0,0,0,0
3448,Gulf of Guinea,6296.0,4201.0,0,0,0
3449,Gulf of Guinea,6250.0,4194.0,0,0,0
3450,Gulf of Guinea,6177.0,4199.0,0,0,0
3451,Gulf of Guinea,6108.0,4219.0,0,0,0
3452,Gulf of Guinea,6021.0,4252.0,0,0,0
3453,Gulf of Guinea,5957.0,4247.0,0,0,0
3454,Gulf of Guinea,5919.0,4238.0,0,0,0
3456,Gulf of Guinea,5777.0,4265.0,0,0,0
3457,Atlantic Ocean,5694.0,4258.0,0,0,0
3458,Atlantic Ocean,5636.0,4202.0,0,0,0
3459,Atlantic Ocean,5586.0,4173.0,0,0,0
3460,Atlantic Ocean,5513.0,4127.0,0,0,0
3461,Atlantic Ocean,5477.0,4052.0,0,0,0
3462,Atlantic Ocean,5412.0,3986.0,0,0,0
3463,Atlantic Ocean,5357.0,3933.0,0,0,0
3464,Atlantic Ocean,5345.0,3877.0,0,0,0
3465,Atlantic Ocean,5328.0,3816.0,0,0,0
3466,Atlantic Ocean,5344.0,3762.0,0,0,0
3467,Atlantic Ocean,5358.0,3686.0,0,0,0
3468,Atlantic Ocean,5343.0,3610.0,0,0,0
3469,Atlantic Ocean,5330.0,3548.0,0,0,0
3470,Canary Basin,5302.0,3495.0,0,0,0
3471,Canary Basin,5347.0,3448.0,0,0,0
3472,Canary Basin,5379.0,3366.0,0,0,0
3473,Canary Basin,5395.0,3292.0,0,0,0
3474,Algerian Basin,5981.0,2834.0,0,0,0
3475,Canary Basin,5435.0,3226.0,0,0,0
3476,Northwestern Passages,5925.0,1113.0,0,0,0
3477,Atlantic Ocean,5356.0,3225.0,0,0,0
3478,Canary Basin,5486.0,3171.0,0,0,0
3479,Canary Basin,5523.0,3134.0,0,0,0
3480,Canary Basin,5554.0,3073.0,0,0,0
3481,Canary Basin,5578.0,2992.0,0,0,0
3482,Strait of Gibraltar,5586.0,2891.0,0,0,0
3483,Strait of Gibraltar,5631.0,2866.0,0,0,0
3484,Alboran Sea,5683.0,2887.0,0,0,0
3485,Northwestern Passages,6027.0,1854.0,0,0,0
3486,Mediterranean Sea,6222.0,2584.0,0,0,0
3487,Alboran Sea,5844.0,2921.0,0,0,0
3488,Algerian Basin,5926.0,2910.0,0,0,0
3489,Algerian Basin,5990.0,2912.0,0,0,0
3490,Algerian Basin,6077.0,2870.0,0,0,0
3491,Mediterranean Sea,6523.0,2761.0,0,0,0
3492,Algerian Basin,6186.0,2869.0,0,0,0
3493,Mediterranean Sea,6291.0,2668.0,0,0,0
3494,Mediterranean Sea,6370.0,2603.0,0,0,0
3495,Algerian Basin,6279.0,2856.0,0,0,0
3496,Mediterranean Sea,6360.0,2851.0,0,0,0
3497,Mediterranean Sea,6440.0,2850.0,0,0,0
3498,Mediterranean Sea,6524.0,2857.0,0,0,0
3499,Mediterranean Sea,6660.0,2955.0,0,0,0
3500,Gulf of Gabes,6561.0,2969.0,0,0,0
3501,Gulf of Gabes,6532.0,3006.0,0,0,0
3502,Gulf of Gabes,6587.0,3029.0,0,0,0
3503,Gulf of Gabes,6643.0,3050.0,0,0,0
3504,Gulf of Gabes,6733.0,3067.0,0,0,0
3505,Gulf of Gabes,6786.0,3120.0,0,0,0
3506,Mediterranean Sea,6887.0,2988.0,0,0,0
3507,Northwestern Passages,5987.0,1890.0,0,0,0
3508,Gulf of Sidra,6911.0,3154.0,0,0,0
3509,Gulf of Sidra,6942.0,3105.0,0,0,0
3510,Mediterranean Sea,6951.0,3039.0,0,0,0
3511,Mediterranean Sea,6391.0,2524.0,0,0,0
3512,Mediterranean Sea,7005.0,2995.0,0,0,0
3513,Mediterranean Sea,7085.0,2984.0,0,0,0
3514,Mediterranean Sea,7151.0,2999.0,0,0,0
3515,Mediterranean Sea,7224.0,3019.0,0,0,0
3516,Khalig el Salum,7278.0,3029.0,0,0,0
3517,Mediterranean Sea,7340.0,3043.0,0,0,0
3518,Mediterranean Sea,7387.0,3052.0,0,0,0
3519,Mediterranean Sea,7424.0,3059.0,0,0,0
3520,Mediterranean Sea,7462.0,3047.0,0,0,0
3521,Northwestern Passages,5913.0,1800.0,0,0,0
3522,Mediterranean Sea,7593.0,3005.0,0,0,0
3523,Northwestern Passages,5932.0,1777.0,0,0,0
3524,Mediterranean Sea,7704.0,2812.0,0,0,0
3525,Mediterranean Sea,7516.0,2830.0,0,0,0
3526,Northwestern Passages,5787.0,1739.0,0,0,0
3527,Black Sea,7523.0,2452.0,0,0,0
3528,Black Sea,7460.0,2431.0,0,0,0
3529,Black Sea,7467.0,2354.0,0,0,0
3530,Black Sea,7506.0,2265.0,0,0,0
3531,Black Sea,7519.0,2169.0,0,0,0
3532,Black Sea,7543.0,2119.0,0,0,0
3533,Black Sea,7574.0,2087.0,0,0,0
3534,Balearic Sea,6074.0,2775.0,0,0,0
3535,Black Sea,7568.0,2139.0,0,0,0
3536,Black Sea,7638.0,2195.0,0,0,0
3537,Aegean Sea,7304.0,2759.0,0,0,0
3538,Aegean Sea,7313.0,2798.0,0,0,0
3539,Sea of Crete,7294.0,2865.0,0,0,0
3540,Hellenic Trench,7235.0,2842.0,0,0,0
3541,Northwestern Passages,5618.0,1776.0,0,0,0
3542,Ionian Sea,7198.0,2746.0,0,0,0
3543,Tyrrhenian Sea,7252.0,2731.0,0,0,0
3544,Ionian Sea,7136.0,2772.0,0,0,0
3545,Ionian Sea,7132.0,2715.0,0,0,0
3546,Pacific Ocean,11597.0,3043.0,0,0,0
3547,East China Sea,11590.0,2995.0,0,0,0
3548,Ionian Sea,7150.0,2689.0,0,0,0
3549,Ionian Sea,7099.0,2655.0,0,0,0
3550,Northwestern Passages,5846.0,1638.0,0,0,0
3551,St. Lawrence,3913.0,1567.0,0,0,0
3552,Tyrrhenian Sea,6797.0,2722.0,0,0,0
3553,Northwestern Passages,5845.0,2851.0,0,0,0
3554,Aegean Sea,7345.0,2746.0,0,0,0
3555,Adriatic Sea,7078.0,2607.0,0,0,0
3556,Adriatic Sea,7077.0,2549.0,0,0,0
3557,Northwestern Passages,6138.0,2690.0,0,0,0
3558,Adriatic Sea,7031.0,2503.0,0,0,0
3559,Adriatic Sea,6966.0,2458.0,0,0,0
3560,Adriatic Sea,6889.0,2434.0,0,0,0
3561,Adriatic Sea,6836.0,2374.0,0,0,0
3562,Adriatic Sea,6761.0,2345.0,0,0,0
3563,Tyrrhenian Sea,6655.0,2736.0,0,0,0
3564,Adriatic Sea,6699.0,2280.0,0,0,0
3565,Adriatic Sea,6719.0,2357.0,0,0,0
3566,Adriatic Sea,6772.0,2418.0,0,0,0
3567,Adriatic Sea,6810.0,2468.0,0,0,0
3568,Adriatic Sea,6868.0,2524.0,0,0,0
3569,Adriatic Sea,6941.0,2556.0,0,0,0
3570,Adriatic Sea,6997.0,2609.0,0,0,0
3571,Adriatic Sea,7046.0,2641.0,0,0,0
3572,Ionian Sea,7059.0,2702.0,0,0,0
3573,Northwestern Passages,6169.0,2638.0,0,0,0
3574,Gulf of Taranto,6960.0,2675.0,0,0,0
3575,Ionian Sea,6973.0,2789.0,0,0,0
3576,Mediterranean Sea,6893.0,2855.0,0,0,0
3577,Tyrrhenian Sea,6877.0,2778.0,0,0,0
3578,Tyrrhenian Sea,6861.0,2701.0,0,0,0
3579,Tyrrhenian Sea,6823.0,2654.0,0,0,0
3580,Northwestern Passages,6185.0,2537.0,0,0,0
3581,Tyrrhenian Sea,6736.0,2620.0,0,0,0
3582,Tyrrhenian Sea,6706.0,2583.0,0,0,0
3583,Tyrrhenian Sea,6679.0,2554.0,0,0,0
3584,Tyrrhenian Sea,6639.0,2526.0,0,0,0
3585,Tyrrhenian Sea,6593.0,2482.0,0,0,0
3586,Liguere Sea,6563.0,2413.0,0,0,0
3587,Liguere Sea,6512.0,2380.0,0,0,0
3588,Liguere Sea,6442.0,2408.0,0,0,0
3589,Mediterranean Sea,6380.0,2464.0,0,0,0
3590,Mediterranean Sea,6308.0,2447.0,0,0,0
3591,Mediterranean Sea,6217.0,2438.0,0,0,0
3592,Mediterranean Sea,6266.0,2419.0,0,0,0
3593,Mediterranean Sea,6200.0,2501.0,0,0,0
3594,Balearic Sea,6143.0,2571.0,0,0,0
3595,Balearic Sea,6041.0,2600.0,0,0,0
3596,Balearic Sea,5981.0,2678.0,0,0,0
3597,Balearic Sea,5985.0,2746.0,0,0,0
3598,Algerian Basin,5904.0,2822.0,0,0,0
3599,Northwestern Passages,6454.0,2575.0,0,0,0
3600,Northwestern Passages,6517.0,2543.0,0,0,0
3601,Alboran Sea,5774.0,2856.0,0,0,0
3602,Alboran Sea,5697.0,2838.0,0,0,0
3603,Iberian Basin,5579.0,2832.0,0,0,0
3604,Northwestern Passages,6480.0,2496.0,0,0,0
3605,Iberian Basin,5535.0,2774.0,0,0,0
3606,Northwestern Passages,6513.0,2692.0,0,0,0
3607,Iberian Basin,5421.0,2768.0,0,0,0
3608,East China Sea,11653.0,2939.0,0,0,0
3609,Iberian Basin,5447.0,2694.0,0,0,0
3610,Iberian Basin,5451.0,2634.0,0,0,0
3611,Iberian Basin,5445.0,2584.0,0,0,0
3612,Iberian Basin,5483.0,2515.0,0,0,0
3613,Iberian Basin,5509.0,2421.0,0,0,0
3614,Iberian Basin,5513.0,2338.0,0,0,0
3615,Iberian Basin,5517.0,2264.0,0,0,0
3616,Bay of Biscay,5684.0,2249.0,0,0,0
3617,Bay of Biscay,5761.0,2267.0,0,0,0
3618,Northwestern Passages,6529.0,2434.0,0,0,0
3619,Iberian Basin,5597.0,2237.0,0,0,0
3620,Bay of Biscay,5867.0,2310.0,0,0,0
3621,Northwestern Passages,6751.0,2803.0,0,0,0
3622,Bay of Biscay,5922.0,2336.0,0,0,0
3623,Bay of Biscay,5950.0,2280.0,0,0,0
3624,Bay of Biscay,5975.0,2215.0,0,0,0
3625,Bay of Biscay,5959.0,2137.0,0,0,0
3626,Bay of Biscay,5932.0,2078.0,0,0,0
3627,Bay of Biscay,5863.0,2052.0,0,0,0
3628,Tyrrhenian Sea,6792.0,2912.0,0,0,0
3629,Bay of Biscay,5814.0,1979.0,0,0,0
3630,English Channel,5851.0,1931.0,0,0,0
3631,Pacific Ocean,11638.0,3013.0,0,0,0
3632,English Channel,5978.0,1940.0,0,0,0
3633,English Channel,5850.0,1900.0,0,0,0
3634,English Channel,5963.0,1874.0,0,0,0
3635,Tyrrhenian Sea,6986.0,2735.0,0,0,0
3636,English Channel,6015.0,1875.0,0,0,0
3637,English Channel,6060.0,1911.0,0,0,0
3638,English Channel,6075.0,1866.0,0,0,0
3639,English Channel,6130.0,1887.0,0,0,0
3640,English Channel,6139.0,1845.0,0,0,0
3641,English Channel,6198.0,1811.0,0,0,0
3642,English Channel,6150.0,1779.0,0,0,0
3643,English Channel,6254.0,1789.0,0,0,0
3644,Tyrrhenian Sea,7104.0,2682.0,0,0,0
3645,English Channel,6193.0,1727.0,0,0,0
3646,English Channel,6296.0,1757.0,0,0,0
3647,Tyrrhenian Sea,7127.0,2654.0,0,0,0
3648,North Sea,6323.0,1723.0,0,0,0
3649,Tyrrhenian Sea,7174.0,2729.0,0,0,0
3650,North Sea,6377.0,1724.0,0,0,0
3651,North Sea,6254.0,1717.0,0,0,0
3652,Pacific Ocean,11699.0,2957.0,0,0,0
3653,Tyrrhenian Sea,7224.0,2728.0,0,0,0
3654,Laptev Sea,11013.0,187.0,0,0,0
3655,North Sea,6426.0,1662.0,0,0,0
3656,North Sea,6199.0,1655.0,0,0,0
3657,Aegean Sea,7326.0,2760.0,0,0,0
3658,North Sea,6126.0,1630.0,0,0,0
3659,North Sea,6098.0,1547.0,0,0,0
3660,North Sea,6038.0,1470.0,0,0,0
3661,North Sea,6000.0,1398.0,0,0,0
3662,North Sea,5941.0,1362.0,0,0,0
3663,North Sea,5985.0,1307.0,0,0,0
3664,North Sea,6017.0,1218.0,0,0,0
3665,Pacific Ocean,11682.0,2890.0,0,0,0
3666,Moray Firth,5938.0,1180.0,0,0,0
3667,Moray Firth,5876.0,1221.0,0,0,0
3668,North Sea,5942.0,1127.0,0,0,0
3669,Pentland Firth,5851.0,1108.0,0,0,0
3670,The Minch,5794.0,1119.0,0,0,0
3671,Atlantic Ocean,5777.0,1171.0,0,0,0
3672,Kara Sea,10046.0,218.0,0,0,0
3673,Atlantic Ocean,5724.0,1210.0,0,0,0
3674,Atlantic Ocean,5660.0,1190.0,0,0,0
3675,Atlantic Ocean,5711.0,1280.0,0,0,0
3676,Atlantic Ocean,5712.0,1343.0,0,0,0
3677,Irish Sea,5720.0,1418.0,0,0,0
3678,Irish Sea,5796.0,1437.0,0,0,0
3679,Aegean Sea,7337.0,2703.0,0,0,0
3680,Irish Sea,5808.0,1511.0,0,0,0
3681,Irish Sea,5870.0,1511.0,0,0,0
3682,Irish Sea,5907.0,1561.0,0,0,0
3683,Irish Sea,5792.0,1580.0,0,0,0
3684,Aegean Sea,7282.0,2671.0,0,0,0
3685,Irish Sea,5876.0,1606.0,0,0,0
3686,Aegean Sea,7266.0,2680.0,0,0,0
3687,Irish Sea,5812.0,1650.0,0,0,0
3688,Irish Sea,5757.0,1706.0,0,0,0
3689,Irish Sea,5809.0,1716.0,0,0,0
3690,Irish Sea,5716.0,1758.0,0,0,0
3691,St. Lawrence,3879.0,1597.0,0,0,0
3692,Aegean Sea,7311.0,2605.0,0,0,0
3693,Atlantic Ocean,5528.0,1755.0,0,0,0
3694,Aegean Sea,7356.0,2575.0,0,0,0
3695,Atlantic Ocean,5548.0,1682.0,0,0,0
3696,Atlantic Ocean,5563.0,1627.0,0,0,0
3697,Atlantic Ocean,5523.0,1586.0,0,0,0
3698,Atlantic Ocean,5549.0,1530.0,0,0,0
3699,Atlantic Ocean,5600.0,1517.0,0,0,0
3700,Atlantic Ocean,5619.0,1459.0,0,0,0
3701,Irish Sea,5781.0,1777.0,0,0,0
3702,Beaufort Sea,444.0,234.0,0,0,0
3703,Irish Sea,5858.0,1791.0,0,0,0
3704,Irish Sea,5796.0,1827.0,0,0,0
3705,Irish Sea,5733.0,1871.0,0,0,0
3706,English Channel,5765.0,1918.0,0,0,0
3707,Black Sea,7596.0,2172.0,0,0,0
3708,Aegean Sea,7479.0,2905.0,0,0,0
3709,East China Sea,11545.0,2712.0,0,0,0
3710,North Sea,6563.0,1656.0,0,0,0
3711,North Sea,6537.0,1592.0,0,0,0
3712,North Sea,6530.0,1539.0,0,0,0
3713,Aegean Sea,7480.0,2938.0,0,0,0
3714,North Sea,6529.0,1489.0,0,0,0
3716,Kattegat,6665.0,1469.0,0,0,0
3717,Aegean Sea,7324.0,2918.0,0,0,0
3718,Aegean Sea,6553.0,2891.0,0,0,0
3719,North Sea,6533.0,1414.0,0,0,0
3720,Skagerrak,6618.0,1412.0,0,0,0
3721,Skagerrak,6615.0,1432.0,0,0,0
3722,Aegean Sea,7744.0,2775.0,0,0,0
3723,Skagerrak,6691.0,1369.0,0,0,0
3724,St. Lawrence,3864.0,1615.0,0,0,0
3726,Kattegat,6704.0,1448.0,0,0,0
3727,Red Sea,8111.0,3903.0,0,0,0
3728,Kattegat,6682.0,1522.0,0,0,0
3729,Kattegat,6639.0,1550.0,0,0,0
3730,The Little Belt,6617.0,1592.0,0,0,0
3731,Bay of Kiel,6651.0,1625.0,0,0,0
3732,The Great Belt,6668.0,1580.0,0,0,0
3733,Red Sea,8208.0,3890.0,0,0,0
3734,Red Sea,8275.0,3919.0,0,0,0
3735,Bay of Mecklenburg,6695.0,1646.0,0,0,0
3736,Red Sea,8555.0,3886.0,0,0,0
3737,Red Sea,8490.0,3962.0,0,0,0
3738,Baltic Sea,6741.0,1574.0,0,0,0
3739,Red Sea,7914.0,4698.0,0,0,0
3740,East China Sea,11666.0,2788.0,0,0,0
3741,Red Sea,7950.0,4744.0,0,0,0
3742,Baltic Sea,6694.0,1614.0,0,0,0
3743,Baltic Sea,6768.0,1611.0,0,0,0
3744,Baltic Sea,6812.0,1653.0,0,0,0
3745,Red Sea,6481.0,4387.0,0,0,0
3746,Baltic Sea,6855.0,1561.0,0,0,0
3747,Red Sea,6453.0,4349.0,0,0,0
3748,Baltic Sea,6901.0,1619.0,0,0,0
3749,Red Sea,4948.0,2601.0,0,0,0
3750,Baltic Sea,7017.0,1621.0,0,0,0
3751,North Sea,6462.0,1371.0,0,0,0
3752,Baltic Sea,6967.0,1597.0,0,0,0
3753,Norwegian Trough,6457.0,1247.0,0,0,0
3754,Red Sea,4974.0,2655.0,0,0,0
3755,Kara Sea,9820.0,234.0,0,0,0
3756,Baltic Sea,6819.0,1592.0,0,0,0
3757,Baltic Sea,7046.0,1567.0,0,0,0
3758,Red Sea,3976.0,3334.0,0,0,0
3759,Baltic Sea,7066.0,1478.0,0,0,0
3760,Red Sea,4005.0,3285.0,0,0,0
3761,Baltic Sea,7119.0,1418.0,0,0,0
3762,Gulf of Riga,7162.0,1432.0,0,0,0
3763,Gulf of Riga,7183.0,1438.0,0,0,0
3764,Red Sea,3804.0,3340.0,0,0,0
3765,Gulf of Riga,7190.0,1405.0,0,0,0
3766,Gulf of Riga,7164.0,1391.0,0,0,0
3767,Gulf of Finland,7219.0,1291.0,0,0,0
3768,Red Sea,3706.0,3321.0,0,0,0
3769,Red Sea,3732.0,3286.0,0,0,0
3770,Gulf of Finland,7339.0,1273.0,0,0,0
3771,Red Sea,3495.0,3288.0,0,0,0
3772,Caribbean Sea,3250.0,3096.0,0,0,0
3773,Sea of Japan,11643.0,2707.0,0,0,0
3774,Caribbean Sea,3506.0,2970.0,0,0,0
3775,Baltic Sea,7085.0,1383.0,0,0,0
3776,Gulf of Finland,7288.0,1277.0,0,0,0
3777,Caribbean Sea,3419.0,2939.0,0,0,0
3778,Caribbean Sea,2968.0,2708.0,0,0,0
3779,Caribbean Sea,2779.0,3178.0,0,0,0
3780,Gulf of Finland,7151.0,1322.0,0,0,0
3781,Gulf of Finland,7315.0,1259.0,0,0,0
3782,Beaufort Sea,702.0,249.0,0,0,0
3783,Sea of Japan,11653.0,2660.0,0,0,0
3784,Caribbean Sea,2905.0,3313.0,0,0,0
3785,Caribbean Sea,3035.0,3891.0,0,0,0
3786,Caribbean Sea,3402.0,3668.0,0,0,0
3787,Gulf of Bothnia,7070.0,1279.0,0,0,0
3788,Baffin Bay,4602.0,509.0,0,0,0
3789,Gulf of Bothnia,7035.0,1195.0,0,0,0
3790,Baffin Bay,3645.0,767.0,0,0,0
3791,Caribbean Sea,3841.0,3644.0,0,0,0
3792,Gulf of Bothnia,6987.0,1139.0,0,0,0
3793,Gulf of Bothnia,7019.0,1071.0,0,0,0
3794,Gulf of Bothnia,7067.0,1034.0,0,0,0
3795,Gulf of Bothnia,7156.0,904.0,0,0,0
3796,Gulf of Bothnia,7105.0,909.0,0,0,0
3798,Gulf of Bothnia,7083.0,954.0,0,0,0
3799,Gulf of Bothnia,7112.0,992.0,0,0,0
3801,Gulf of Bothnia,6976.0,1227.0,0,0,0
3802,Atlantic Ocean,4626.0,4202.0,0,0,0
3803,Baltic Sea,7036.0,1331.0,0,0,0
3804,Atlantic Ocean,4885.0,4726.0,0,0,0
3805,Baltic Sea,6925.0,1430.0,0,0,0
3806,Baltic Sea,6931.0,1544.0,0,0,0
3807,Halten Bank,6500.0,1085.0,0,0,0
3808,Atlantic Ocean,3847.0,5866.0,0,0,0
3809,North Sea,6445.0,1303.0,0,0,0
3810,Halten Bank,6596.0,1049.0,0,0,0
3811,Norwegian Sea,6662.0,986.0,0,0,0
3812,Norwegian Sea,6777.0,806.0,0,0,0
3813,Norwegian Sea,6891.0,660.0,0,0,0
3814,Norwegian Sea,6797.0,726.0,0,0,0
3815,Norwegian Sea,7046.0,600.0,0,0,0
3816,Barents Sea,7228.0,565.0,0,0,0
3817,Barents Sea,7434.0,645.0,0,0,0
3818,Sea of Japan,11705.0,2647.0,0,0,0
3819,Barents Sea,7369.0,614.0,0,0,0
3820,Barents Sea,7555.0,679.0,0,0,0
3821,Barents Sea,7653.0,743.0,0,0,0
3822,Atlantic Ocean,3800.0,5920.0,0,0,0
3823,Sea of Japan,11727.0,2637.0,0,0,0
3824,Atlantic Ocean,3893.0,6248.0,0,0,0
3825,Pacific Ocean,11763.0,2710.0,0,0,0
3827,Scotia Sea,3835.0,6306.0,0,0,0
3828,Pacific Ocean,11732.0,2811.0,0,0,0
3829,Atlantic Ocean,4002.0,6281.0,0,0,0
3830,Scotia Sea,3424.0,5647.0,0,0,0
3831,Sea of Japan,11744.0,2660.0,0,0,0
3832,Sea of Japan,11752.0,2678.0,0,0,0
3833,Scotia Sea,2834.0,4164.0,0,0,0
3834,Beaufort Sea,1154.0,249.0,0,0,0
3835,Sea of Japan,11761.0,2630.0,0,0,0
3836,Sea of Japan,11779.0,2614.0,0,0,0
3837,Laptev Sea,11216.0,249.0,0,0,0
3838,Sea of Japan,11836.0,2597.0,0,0,0
3839,Beaufort Sea,943.0,265.0,0,0,0
3840,Sea of Japan,11856.0,2624.0,0,0,0
3841,Beaufort Sea,1333.0,265.0,0,0,0
3842,Sea of Japan,11861.0,2601.0,0,0,0
3843,Scotia Sea,2648.0,3597.0,0,0,0
3844,Atlantic Ocean,4929.0,1242.0,0,0,0
3845,Pacific Ocean,11858.0,2657.0,0,0,0
3846,Scotia Sea,1725.0,2725.0,0,0,0
3847,St. Lawrence,3848.0,1617.0,0,0,0
3848,Pacific Ocean,11816.0,2677.0,0,0,0
3849,White Sea,7720.0,754.0,0,0,0
3850,White Sea,7597.0,941.0,0,0,0
3851,White Sea,7655.0,835.0,0,0,0
3852,White Sea,7796.0,785.0,0,0,0
3853,White Sea,7421.0,878.0,0,0,0
3854,White Sea,7503.0,1022.0,0,0,0
3855,White Sea,7489.0,939.0,0,0,0
3856,Gulf of Bothnia,7082.0,984.0,0,0,0
3857,Gulf of Bothnia,7023.0,1282.0,0,0,0
3858,Red Sea,7884.0,3387.0,0,0,0
3859,White Sea,7553.0,903.0,0,0,0
3860,Gulf of Riga,7137.0,1415.0,0,0,0
3861,Baltic Sea,7082.0,1439.0,0,0,0
3862,Red Sea,7949.0,3489.0,0,0,0
3863,Red Sea,8058.0,3602.0,0,0,0
3864,Red Sea,8111.0,3673.0,0,0,0
3865,Red Sea,8162.0,3773.0,0,0,0
3866,Red Sea,8198.0,3859.0,0,0,0
3867,Gulf of Aden,8323.0,3898.0,0,0,0
3868,Gulf of Aden,8230.0,3911.0,0,0,0
3869,Gulf of Aden,8444.0,3828.0,0,0,0
3870,Baltic Sea,6933.0,1475.0,0,0,0
3871,Arabian Sea,8519.0,3779.0,0,0,0
3872,Arabian Sea,8623.0,3692.0,0,0,0
3873,Arabian Sea,8729.0,3588.0,0,0,0
3874,Arabian Sea,8789.0,3446.0,0,0,0
3875,Arabian Sea,8769.0,3515.0,0,0,0
3876,Arabian Sea,8786.0,3332.0,0,0,0
3877,Arabian Sea,8723.0,3285.0,0,0,0
3878,Persian Gulf,8658.0,3177.0,0,0,0
3879,Persian Gulf,8578.0,3248.0,0,0,0
3880,Persian Gulf,8516.0,3258.0,0,0,0
3881,Persian Gulf,8446.0,3206.0,0,0,0
3882,Persian Gulf,8399.0,3176.0,0,0,0
3883,Baltic Sea,6899.0,1559.0,0,0,0
3884,Persian Gulf,8429.0,3248.0,0,0,0
3885,Persian Gulf,8327.0,3093.0,0,0,0
3886,Baltic Sea,6894.0,1530.0,0,0,0
3887,Persian Gulf,8298.0,3003.0,0,0,0
3888,Persian Gulf,8339.0,2957.0,0,0,0
3889,Persian Gulf,8407.0,2981.0,0,0,0
3890,Persian Gulf,8463.0,3049.0,0,0,0
3891,Persian Gulf,8569.0,3096.0,0,0,0
3892,Kara Sea,9055.0,296.0,0,0,0
3893,Persian Gulf,8651.0,3067.0,0,0,0
3894,Persian Gulf,8700.0,3124.0,0,0,0
3895,Arabian Sea,8823.0,3149.0,0,0,0
3896,Arabian Sea,8915.0,3155.0,0,0,0
3897,Arabian Sea,9008.0,3161.0,0,0,0
3898,Arabian Sea,9094.0,3191.0,0,0,0
3899,Arabian Sea,9144.0,3235.0,0,0,0
3900,Arabian Sea,9231.0,3273.0,0,0,0
3901,Arabian Sea,9227.0,3337.0,0,0,0
3902,Arabian Sea,9358.0,3292.0,0,0,0
3903,Arabian Sea,9321.0,3365.0,0,0,0
3904,Arabian Sea,9361.0,3430.0,0,0,0
3905,Arabian Sea,9365.0,3362.0,0,0,0
3906,Arabian Sea,9369.0,3472.0,0,0,0
3907,Arabian Sea,9386.0,3552.0,0,0,0
3908,Arabian Sea,9419.0,3631.0,0,0,0
3909,Arabian Sea,9467.0,3738.0,0,0,0
3910,Arabian Sea,9516.0,3823.0,0,0,0
3911,Bay of Kiel,6652.0,1594.0,0,0,0
3912,Laccadive Sea,9558.0,3926.0,0,0,0
3913,St. Lawrence,3821.0,1629.0,0,0,0
3914,Laccadive Sea,9601.0,3970.0,0,0,0
3915,Laccadive Sea,9676.0,3896.0,0,0,0
3916,Bay of Bengal,9725.0,3806.0,0,0,0
3917,Laccadive Sea,9708.0,3855.0,0,0,0
3918,Bay of Bengal,9741.0,3730.0,0,0,0
3919,Bay of Bengal,9727.0,3662.0,0,0,0
3920,Bay of Bengal,9757.0,3594.0,0,0,0
3921,Bay of Bengal,9850.0,3519.0,0,0,0
3922,Bay of Bengal,9906.0,3452.0,0,0,0
3923,Bay of Kiel,6660.0,1558.0,0,0,0
3924,Bay of Bengal,9963.0,3402.0,0,0,0
3925,Bay of Bengal,9998.0,3336.0,0,0,0
3926,Bay of Bengal,10045.0,3329.0,0,0,0
3927,Bay of Bengal,10156.0,3295.0,0,0,0
3928,Bay of Kiel,6618.0,1556.0,0,0,0
3929,Bay of Bengal,10186.0,3350.0,0,0,0
3930,Bay of Bengal,10271.0,3456.0,0,0,0
3931,Kara Sea,9570.0,296.0,0,0,0
3932,Bay of Kiel,6746.0,1557.0,0,0,0
3933,Bay of Bengal,10299.0,3530.0,0,0,0
3934,Bay of Bengal,10346.0,3606.0,0,0,0
3935,Bay of Bengal,10405.0,3571.0,0,0,0
3936,Bay of Bengal,10443.0,3537.0,0,0,0
3937,Bay of Bengal,10460.0,3575.0,0,0,0
3938,Pacific Ocean,11899.0,2676.0,0,0,0
3939,Bay of Kiel,6576.0,1442.0,0,0,0
3940,Bay of Kiel,6561.0,1468.0,0,0,0
3941,Pacific Ocean,11921.0,2583.0,0,0,0
3942,Pacific Ocean,11944.0,2606.0,0,0,0
3943,St. Lawrence,3794.0,1640.0,0,0,0
3944,Laptev Sea,11349.0,296.0,0,0,0
3945,St. Lawrence,3794.0,1657.0,0,0,0
3946,Pacific Ocean,11991.0,2597.0,0,0,0
3947,St. Lawrence,3797.0,1674.0,0,0,0
3948,St. Lawrence,3786.0,1681.0,0,0,0
3949,Bay of Bengal,10496.0,3691.0,0,0,0
3950,Artic Ocean,5272.0,312.0,0,0,0
3951,Pacific Ocean,12028.0,2574.0,0,0,0
3952,St. Lawrence,3769.0,1686.0,0,0,0
3953,St. Lawrence,3759.0,1698.0,0,0,0
3954,Bay of Bengal,10509.0,3786.0,0,0,0
3955,Bay of Bengal,10493.0,3895.0,0,0,0
3956,Malacca Strait,10540.0,3978.0,0,0,0
3957,Malacca Strait,10592.0,4039.0,0,0,0
3958,Malacca Strait,10637.0,4139.0,0,0,0
3960,Malacca Strait,10745.0,4232.0,0,0,0
3961,St. Lawrence,3749.0,1700.0,0,0,0
3962,Pacific Ocean,12036.0,2543.0,0,0,0
3963,Bay of Kiel,6676.0,1413.0,0,0,0
3964,Pacific Ocean,12063.0,2576.0,0,0,0
3965,Bay of Kiel,6470.0,1140.0,0,0,0
3966,Pacific Ocean,12061.0,2504.0,0,0,0
3967,Pacific Ocean,12060.0,2481.0,0,0,0
3968,Bay of Kiel,7135.0,574.0,0,0,0
3969,Laptev Sea,11481.0,312.0,0,0,0
3970,Pacific Ocean,12068.0,2403.0,0,0,0
3971,Bay of Kiel,7728.0,792.0,0,0,0
3972,Laptev Sea,11622.0,312.0,0,0,0
3973,Bay of Kiel,8903.0,436.0,0,0,0
3974,Pacific Ocean,12094.0,2306.0,0,0,0
3975,Bay of Kiel,9425.0,515.0,0,0,0
3976,Pacific Ocean,12044.0,2190.0,0,0,0
3977,Chukchi Sea,195.0,327.0,0,0,0
3978,Tsugaru Strait,11984.0,2214.0,0,0,0
3979,Sea of Japan,11953.0,2250.0,0,0,0
3980,Bay of Kiel,9609.0,379.0,0,0,0
3981,Sea of Japan,11965.0,2357.0,0,0,0
3982,Kara Sea,10071.0,318.0,0,0,0
3983,Sea of Japan,11933.0,2438.0,0,0,0
3984,Sea of Japan,11903.0,2418.0,0,0,0
3985,Kara Sea,10369.0,227.0,0,0,0
3986,Sea of Japan,11881.0,2474.0,0,0,0
3987,Sea of Japan,11876.0,2530.0,0,0,0
3988,Kara Sea,12416.0,1355.0,0,0,0
3989,Java Sea,10808.0,4228.0,0,0,0
3990,Gulf of Thailand,10769.0,4158.0,0,0,0
3991,Gulf of Thailand,10745.0,4026.0,0,0,0
3992,Kara Sea,12418.0,1396.0,0,0,0
3993,Gulf of Thailand,10660.0,3953.0,0,0,0
3994,Kara Sea,12383.0,1366.0,0,0,0
3995,Gulf of Thailand,10602.0,3881.0,0,0,0
3996,Sea of Okhotsk,12293.0,984.0,0,0,0
3997,Sea of Japan,11840.0,2527.0,0,0,0
3998,Gulf of Thailand,10576.0,3811.0,0,0,0
3999,Gulf of Thailand,10604.0,3702.0,0,0,0
4000,Gulf of Thailand,10676.0,3744.0,0,0,0
4001,Sea of Okhotsk,11677.0,1338.0,0,0,0
4002,Sea of Okhotsk,11714.0,1387.0,0,0,0
4003,Gulf of Thailand,10760.0,3836.0,0,0,0
4004,Sea of Okhotsk,11796.0,1347.0,0,0,0
4005,Gulf of Thailand,10806.0,3920.0,0,0,0
4006,Sea of Okhotsk,11871.0,1433.0,0,0,0
4007,South China Sea,10932.0,3850.0,0,0,0
4008,South China Sea,10978.0,3800.0,0,0,0
4009,Sea of Japan,11766.0,2539.0,0,0,0
4010,South China Sea,11011.0,3758.0,0,0,0
4011,South China Sea,11014.0,3691.0,0,0,0
4012,Sea of Japan,11726.0,2584.0,0,0,0
4013,Beaufort Sea,1474.0,327.0,0,0,0
4014,East Siberian Sea,11801.0,327.0,0,0,0
4015,Kara Sea,9188.0,343.0,0,0,0
4016,Sea of Okhotsk,11924.0,1531.0,0,0,0
4017,Beaufort Sea,1606.0,374.0,0,0,0
4019,Artic Ocean,2854.0,374.0,0,0,0
4020,Artic Ocean,3026.0,374.0,0,0,0
4021,Barents Sea,8814.0,374.0,0,0,0
4022,East Siberian Sea,12027.0,374.0,0,0,0
4023,East Siberian Sea,12261.0,374.0,0,0,0
4024,Artic Ocean,3159.0,390.0,0,0,0
4025,Sea of Japan,11696.0,2601.0,0,0,0
4026,Sea of Japan,11682.0,2634.0,0,0,0
4027,Sea of Okhotsk,11921.0,1554.0,0,0,0
4028,South China Sea,10985.0,3571.0,0,0,0
4029,South China Sea,10933.0,3529.0,0,0,0
4030,South China Sea,10877.0,3496.0,0,0,0
4031,South China Sea,10835.0,3445.0,0,0,0
4032,South China Sea,10878.0,3380.0,0,0,0
4033,South China Sea,10942.0,3323.0,0,0,0
4034,South China Sea,10998.0,3375.0,0,0,0
4035,South China Sea,11049.0,3351.0,0,0,0
4036,South China Sea,11111.0,3328.0,0,0,0
4037,South China Sea,11152.0,3291.0,0,0,0
4038,Sea of Okhotsk,11971.0,1931.0,0,0,0
4039,Sea of Okhotsk,11985.0,1980.0,0,0,0
4040,Sea of Okhotsk,12004.0,2201.0,0,0,0
4041,Sea of Okhotsk,12110.0,2174.0,0,0,0
4042,Sea of Japan,11939.0,2103.0,0,0,0
4043,Pacific Ocean,764.0,3290.0,0,0,0
4044,Sea of Japan,11981.0,2089.0,0,0,0
4045,Sea of Japan,11997.0,2016.0,0,0,0
4046,St. Lawrence,3730.0,1717.0,0,0,0
4047,South China Sea,11194.0,3259.0,0,0,0
4048,South China Sea,11281.0,3222.0,0,0,0
4049,South China Sea,11336.0,3158.0,0,0,0
4050,South China Sea,11372.0,3092.0,0,0,0
4051,East China Sea,11383.0,3019.0,0,0,0
4052,East China Sea,11418.0,2951.0,0,0,0
4053,Pacific Ocean,673.0,3168.0,0,0,0
4054,East China Sea,11437.0,2806.0,0,0,0
4055,La Pérouse Strait,11996.0,1959.0,0,0,0
4056,Pacific Ocean,1648.0,4723.0,0,0,0
4057,East China Sea,11420.0,2740.0,0,0,0
4058,East China Sea,11386.0,2653.0,0,0,0
4059,Pacific Ocean,12063.0,1987.0,0,0,0
4060,East China Sea,11329.0,2556.0,0,0,0
4061,Indian Ocean,8277.0,4856.0,0,0,0
4062,Arabian Sea,8809.0,3368.0,0,0,0
4063,East China Sea,11312.0,2467.0,0,0,0
4064,East China Sea,11246.0,2498.0,0,0,0
4065,East China Sea,11193.0,2466.0,0,0,0
4066,Arabian Sea,8679.0,3250.0,0,0,0
4067,Arabian Sea,8620.0,3194.0,0,0,0
4068,East China Sea,11247.0,2390.0,0,0,0
4069,St. Lawrence,3717.0,1719.0,0,0,0
4070,East China Sea,11291.0,2348.0,0,0,0
4071,East China Sea,11273.0,2416.0,0,0,0
4072,East China Sea,11441.0,2376.0,0,0,0
4073,East China Sea,11390.0,2372.0,0,0,0
4075,Arabian Sea,8759.0,3141.0,0,0,0
4076,East China Sea,11341.0,2425.0,0,0,0
4077,East China Sea,11428.0,2410.0,0,0,0
4079,Pacific Ocean,12181.0,2002.0,0,0,0
4080,East China Sea,11503.0,2483.0,0,0,0
4081,East China Sea,11441.0,2467.0,0,0,0
4082,East China Sea,11514.0,2533.0,0,0,0
4083,East China Sea,11528.0,2603.0,0,0,0
4084,East China Sea,11496.0,2669.0,0,0,0
4085,East China Sea,11571.0,2667.0,0,0,0
4086,Sea of Japan,11601.0,2643.0,0,0,0
4087,Sea of Japan,11660.0,2600.0,0,0,0
4088,Sea of Japan,11683.0,2555.0,0,0,0
4089,Sea of Japan,11669.0,2486.0,0,0,0
4090,Sea of Japan,11652.0,2427.0,0,0,0
4091,Persian Gulf,8615.0,3091.0,0,0,0
4092,Sea of Japan,11598.0,2356.0,0,0,0
4093,Sea of Japan,11627.0,2290.0,0,0,0
4094,Persian Gulf,8413.0,3233.0,0,0,0
4095,Pacific Ocean,12183.0,2060.0,0,0,0
4096,East Siberian Sea,12417.0,405.0,0,0,0
4097,East Siberian Sea,9107.0,3206.0,0,0,0
4098,Beaufort Sea,1755.0,421.0,0,0,0
4099,Pacific Ocean,12228.0,2101.0,0,0,0
4100,Sea of Japan,11643.0,2241.0,0,0,0
4101,Sea of Japan,11702.0,2191.0,0,0,0
4102,Sea of Japan,11776.0,2160.0,0,0,0
4103,Persian Gulf,9265.0,3371.0,0,0,0
4104,Sea of Japan,11856.0,2025.0,0,0,0
4105,Sea of Japan,11899.0,1936.0,0,0,0
4106,Persian Gulf,9351.0,3328.0,0,0,0
4107,Persian Gulf,9359.0,3396.0,0,0,0
4108,Strait of Tartary,11906.0,1728.0,0,0,0
4109,Persian Gulf,9533.0,3888.0,0,0,0
4110,Persian Gulf,9574.0,3949.0,0,0,0
4111,Strait of Tartary,11898.0,1528.0,0,0,0
4112,Strait of Tartary,11885.0,1472.0,0,0,0
4113,Sea of Okhotsk,11837.0,1387.0,0,0,0
4114,Sea of Okhotsk,11713.0,1416.0,0,0,0
4115,Sea of Okhotsk,11748.0,1340.0,0,0,0
4116,Pacific Ocean,12147.0,2121.0,0,0,0
4117,Sea of Okhotsk,11631.0,1327.0,0,0,0
4118,Sea of Okhotsk,11697.0,1372.0,0,0,0
4119,Persian Gulf,9654.0,3942.0,0,0,0
4120,Sea of Okhotsk,11657.0,1269.0,0,0,0
4121,Sea of Okhotsk,11716.0,1188.0,0,0,0
4122,Sea of Okhotsk,11811.0,1125.0,0,0,0
4123,Sea of Okhotsk,11891.0,1076.0,0,0,0
4124,Sea of Okhotsk,11995.0,1070.0,0,0,0
4125,Sea of Okhotsk,12153.0,1069.0,0,0,0
4126,Sea of Okhotsk,12213.0,1003.0,0,0,0
4127,Laccadive Sea,9730.0,3622.0,0,0,0
4128,Sea of Okhotsk,12357.0,921.0,0,0,0
4129,Sea of Okhotsk,12483.0,880.0,0,0,0
4130,Sea of Okhotsk,12732.0,846.0,0,0,0
4131,Sea of Okhotsk,12635.0,907.0,0,0,0
4132,Sea of Okhotsk,12535.0,949.0,0,0,0
4133,Indus River,9124.0,3189.0,0,0,0
4134,Sea of Okhotsk,12437.0,1125.0,0,0,0
4135,Laccadive Sea,9991.0,3370.0,0,0,0
4136,Sea of Okhotsk,12405.0,1306.0,0,0,0
4137,Pacific Ocean,12555.0,1255.0,0,0,0
4138,Pacific Ocean,12446.0,1358.0,0,0,0
4139,Sea of Okhotsk,12387.0,1412.0,0,0,0
4140,Bering Sea,12679.0,1145.0,0,0,0
4141,Bering Sea,12759.0,956.0,0,0,0
4142,Bering Sea,12738.0,1066.0,0,0,0
4143,Bering Sea,12849.0,891.0,0,0,0
4144,Bering Sea,13035.0,883.0,0,0,0
4145,Bering Sea,13222.0,854.0,0,0,0
4146,Bering Sea,13305.0,776.0,0,0,0
4147,Bering Sea,13469.0,798.0,0,0,0
4148,Artic Ocean,1926.0,421.0,0,0,0
4149,Laccadive Sea,10020.0,3325.0,0,0,0
4150,Laccadive Sea,10105.0,3324.0,0,0,0
4151,Laccadive Sea,10249.0,3609.0,0,0,0
4152,Artic Ocean,2067.0,421.0,0,0,0
4153,Sea of Japan,11768.0,2434.0,0,0,0
4154,Pacific Ocean,12215.0,2055.0,0,0,0
4155,Pacific Ocean,12216.0,1979.0,0,0,0
4156,East Siberian Sea,13487.0,670.0,0,0,0
4157,Bering Sea,1.0,715.0,0,0,0
4158,Laccadive Sea,10295.0,3582.0,0,0,0
4159,Bering Sea,13559.0,744.0,0,0,0
4160,Bering Sea,13526.0,774.0,0,0,0
4161,East Siberian Sea,13395.0,634.0,0,0,0
4162,East Siberian Sea,13297.0,585.0,0,0,0
4163,East Siberian Sea,13159.0,562.0,0,0,0
4164,East Siberian Sea,13033.0,537.0,0,0,0
4165,Artic Ocean,2207.0,421.0,0,0,0
4166,East Siberian Sea,12944.0,577.0,0,0,0
4167,East Siberian Sea,12844.0,588.0,0,0,0
4168,East Siberian Sea,12748.0,585.0,0,0,0
4169,East Siberian Sea,12636.0,588.0,0,0,0
4170,East Siberian Sea,12507.0,534.0,0,0,0
4171,East Siberian Sea,12314.0,518.0,0,0,0
4172,East Siberian Sea,12143.0,473.0,0,0,0
4173,East Siberian Sea,11893.0,449.0,0,0,0
4174,East Siberian Sea,11702.0,447.0,0,0,0
4175,Laptev Sea,11544.0,426.0,0,0,0
4176,Laptev Sea,11407.0,441.0,0,0,0
4177,Laptev Sea,11256.0,403.0,0,0,0
4178,Laptev Sea,11122.0,367.0,0,0,0
4179,Laptev Sea,11014.0,346.0,0,0,0
4180,Laptev Sea,10917.0,308.0,0,0,0
4181,Laptev Sea,10814.0,313.0,0,0,0
4183,Laptev Sea,10561.0,260.0,0,0,0
4185,Kara Sea,10288.0,239.0,0,0,0
4186,Kara Sea,10174.0,289.0,0,0,0
4187,Kara Sea,9949.0,317.0,0,0,0
4188,Kara Sea,9715.0,337.0,0,0,0
4189,Kara Sea,9567.0,441.0,0,0,0
4190,Kara Sea,9399.0,429.0,0,0,0
4191,Kara Sea,9402.0,489.0,0,0,0
4192,Kara Sea,9480.0,536.0,0,0,0
4193,Kara Sea,9315.0,504.0,0,0,0
4194,Kara Sea,9211.0,489.0,0,0,0
4195,Kara Sea,9079.0,452.0,0,0,0
4196,Kara Sea,9081.0,593.0,0,0,0
4197,Kara Sea,9224.0,636.0,0,0,0
4198,Kara Sea,9148.0,634.0,0,0,0
4199,Barents Sea,8969.0,406.0,0,0,0
4200,Barents Sea,8869.0,516.0,0,0,0
4201,Barents Sea,8837.0,610.0,0,0,0
4202,Barents Sea,8700.0,592.0,0,0,0
4203,Barents Sea,8527.0,597.0,0,0,0
4204,Barents Sea,8392.0,598.0,0,0,0
4205,Barents Sea,8253.0,624.0,0,0,0
4206,Barents Sea,8148.0,652.0,0,0,0
4207,Barents Sea,8022.0,680.0,0,0,0
4208,Laccadive Sea,10430.0,3556.0,0,0,0
4209,Barents Sea,7843.0,715.0,0,0,0
4210,Barents Sea,7910.0,680.0,0,0,0
4211,Barents Sea,7784.0,668.0,0,0,0
4212,Barents Sea,7720.0,689.0,0,0,0
4213,Caspian Sea,8321.0,2174.0,0,0,0
4214,Caspian Sea,8343.0,2334.0,0,0,0
4215,Caspian Sea,8327.0,2259.0,0,0,0
4216,Caspian Sea,8472.0,2076.0,0,0,0
4217,Laccadive Sea,10509.0,3737.0,0,0,0
4218,Caspian Sea,8391.0,2090.0,0,0,0
4219,Caspian Sea,8412.0,2159.0,0,0,0
4220,Caspian Sea,8424.0,2241.0,0,0,0
4221,Laccadive Sea,10508.0,3842.0,0,0,0
4222,Caspian Sea,8552.0,2377.0,0,0,0
4223,Caspian Sea,8505.0,2355.0,0,0,0
4224,Caspian Sea,8403.0,2399.0,0,0,0
4225,Caspian Sea,8401.0,2505.0,0,0,0
4226,Caspian Sea,8411.0,2574.0,0,0,0
4227,Caspian Sea,8488.0,2598.0,0,0,0
4228,Caspian Sea,8568.0,2595.0,0,0,0
4229,Caspian Sea,8584.0,2561.0,0,0,0
4230,Caspian Sea,8565.0,2507.0,0,0,0
4231,Laccadive Sea,10497.0,3944.0,0,0,0
4232,East Siberian Sea,12924.0,421.0,0,0,0
4233,Caspian Sea,8527.0,2452.0,0,0,0
4234,Malacca Strait,10576.0,4001.0,0,0,0
4235,Atlantic Ocean,5553.0,1056.0,0,0,0
4236,Atlantic Ocean,5606.0,986.0,0,0,0
4237,Malacca Strait,10609.0,4105.0,0,0,0
4238,Pacific Ocean,12247.0,2007.0,0,0,0
4239,Norwegian Sea,5429.0,895.0,0,0,0
4240,Java Sea,10799.0,4369.0,0,0,0
4241,East Siberian Sea,13096.0,421.0,0,0,0
4242,Norwegian Sea,5272.0,912.0,0,0,0
4243,Java Sea,10848.0,4391.0,0,0,0
4244,Java Sea,10767.0,4222.0,0,0,0
4245,Denmark Strait,5237.0,1016.0,0,0,0
4246,Denmark Strait,5278.0,1033.0,0,0,0
4247,Atlantic Ocean,5324.0,1102.0,0,0,0
4248,Java Sea,10831.0,3919.0,0,0,0
4249,Denmark Strait,4885.0,938.0,0,0,0
4250,Atlantic Ocean,5435.0,1100.0,0,0,0
4251,Atlantic Ocean,5502.0,1079.0,0,0,0
4252,Atlantic Ocean,4971.0,864.0,0,0,0
4253,Atlantic Ocean,5086.0,806.0,0,0,0
4254,Java Sea,11028.0,3377.0,0,0,0
4255,Greenland Sea,5170.0,738.0,0,0,0
4256,Greenland Sea,5207.0,627.0,0,0,0
4257,Greenland Sea,5257.0,509.0,0,0,0
4258,Greenland Sea,5344.0,449.0,0,0,0
4259,Artic Ocean,5171.0,390.0,0,0,0
4260,St. Lawrence,3705.0,1712.0,0,0,0
4261,Artic Ocean,4872.0,422.0,0,0,0
4262,sea,5392.0,332.0,0,0,0
4263,Artic Ocean,4663.0,476.0,0,0,0
4264,Baffin Bay,4596.0,557.0,0,0,0
4265,St. Lawrence,3689.0,1724.0,0,0,0
4266,Java Sea,10946.0,3409.0,0,0,0
4267,St. Lawrence,3677.0,1714.0,0,0,0
4268,Baffin Bay,4691.0,877.0,0,0,0
4269,Baffin Bay,4699.0,972.0,0,0,0
4270,Labrador Sea,4758.0,1045.0,0,0,0
4271,Labrador Sea,4833.0,1021.0,0,0,0
4272,Artic Ocean,2467.0,605.0,0,0,0
4273,Artic Ocean,2288.0,551.0,0,0,0
4274,Artic Ocean,2139.0,555.0,0,0,0
4275,Artic Ocean,2005.0,554.0,0,0,0
4276,Beaufort Sea,1838.0,551.0,0,0,0
4277,Beaufort Sea,1656.0,524.0,0,0,0
4278,"(0.0,1283.0",1517.0,479.0,0,0,0
4279,Beaufort Sea,1353.0,423.0,0,0,0
4280,Beaufort Sea,1227.0,384.0,0,0,0
4281,Beaufort Sea,1069.0,360.0,0,0,0
4282,Beaufort Sea,816.0,343.0,0,0,0
4283,Beaufort Sea,572.0,315.0,0,0,0
4284,Beaufort Sea,353.0,347.0,0,0,0
4285,Chukchi Sea,221.0,477.0,0,0,0
4286,Chukchi Sea,233.0,577.0,0,0,0
4287,Pacific Ocean,11701.0,2912.0,0,0,0
4288,Chukchi Sea,378.0,570.0,0,0,0
4289,Chukchi Sea,73.0,642.0,0,0,0
4290,Bering Sea,61.0,766.0,0,0,0
4291,Bering Sea,217.0,790.0,0,0,0
4292,Bering Sea,352.0,817.0,0,0,0
4293,Bering Sea,229.0,874.0,0,0,0
4294,Bering Sea,154.0,930.0,0,0,0
4295,Bering Sea,196.0,1039.0,0,0,0
4296,Kvichak Bay,471.0,1002.0,0,0,0
4297,Bering Sea,339.0,1046.0,0,0,0
4298,Pacific Ocean,12301.0,1935.0,0,0,0
4299,Bering Sea,129.0,1171.0,0,0,0
4300,Bering Sea,3.0,1270.0,0,0,0
4301,Bering Sea,0.0,1283.0,0,0,0
4302,Bering Sea,67.0,1284.0,0,0,0
4303,Gulf of Alaska,221.0,1246.0,0,0,0
4304,Pacific Ocean,12323.0,1900.0,0,0,0
4305,Gulf of Alaska,345.0,1202.0,0,0,0
4306,Pacific Ocean,11690.0,2831.0,0,0,0
4307,Gulf of Alaska,698.0,1069.0,0,0,0
4308,Gulf of Alaska,820.0,1079.0,0,0,0
4309,Gulf of Alaska,894.0,1024.0,0,0,0
4310,Gulf of Alaska,986.0,1066.0,0,0,0
4311,Gulf of Alaska,1062.0,1127.0,0,0,0
4312,Gulf of Alaska,1084.0,1222.0,0,0,0
4313,Gulf of Alaska,1099.0,1307.0,0,0,0
4314,Juan de Fuca Strait,1194.0,1406.0,0,0,0
4315,Pacific Ocean,11641.0,2683.0,0,0,0
4316,Juan de Fuca Strait,1254.0,1448.0,0,0,0
4317,Juan de Fuca Strait,1301.0,1519.0,0,0,0
4318,Juan de Fuca Strait,1244.0,1493.0,0,0,0
4319,Pacific Ocean,1179.0,1483.0,0,0,0
4320,Pacific Ocean,1198.0,1588.0,0,0,0
4321,Pacific Ocean,1209.0,1660.0,0,0,0
4322,Pacific Ocean,1206.0,1753.0,0,0,0
4323,Pacific Ocean,11569.0,2692.0,0,0,0
4324,Pacific Ocean,1176.0,1914.0,0,0,0
4325,Pacific Ocean,1192.0,2011.0,0,0,0
4326,Pacific Ocean,1209.0,2111.0,0,0,0
4327,Pacific Ocean,1258.0,2226.0,0,0,0
4328,Pacific Ocean,11276.0,2383.0,0,0,0
4329,Pacific Ocean,1284.0,2276.0,0,0,0
4330,Pacific Ocean,1340.0,2340.0,0,0,0
4331,Pacific Ocean,1368.0,2360.0,0,0,0
4332,Pacific Ocean,1382.0,2411.0,0,0,0
4333,Pacific Ocean,1433.0,2427.0,0,0,0
4334,Pacific Ocean,1490.0,2453.0,0,0,0
4335,Pacific Ocean,11277.0,2457.0,0,0,0
4336,Pacific Ocean,1518.0,2467.0,0,0,0
4337,East Siberian Sea,12604.0,436.0,0,0,0
4338,Pacific Ocean,1547.0,2496.0,0,0,0
4339,Pacific Ocean,1556.0,2528.0,0,0,0
4340,Pacific Ocean,1561.0,2551.0,0,0,0
4341,Pacific Ocean,11279.0,2475.0,0,0,0
4342,Pacific Ocean,1574.0,2595.0,0,0,0
4343,Pacific Ocean,1608.0,2646.0,0,0,0
4344,Pacific Ocean,1623.0,2700.0,0,0,0
4345,Pacific Ocean,1669.0,2747.0,0,0,0
4346,St. Lawrence,3644.0,1706.0,0,0,0
4347,Pacific Ocean,1720.0,2879.0,0,0,0
4348,Pacific Ocean,1665.0,2823.0,0,0,0
4349,Pacific Ocean,1786.0,2909.0,0,0,0
4350,Pacific Ocean,1788.0,2980.0,0,0,0
4351,Pacific Ocean,1837.0,3016.0,0,0,0
4352,Pacific Ocean,1888.0,3054.0,0,0,0
4353,Pacific Ocean,1927.0,3101.0,0,0,0
4354,Gulf of California,1954.0,3068.0,0,0,0
4355,Pacific Ocean,11442.0,2885.0,0,0,0
4356,Gulf of California,1923.0,3007.0,0,0,0
4357,Gulf of California,1864.0,2919.0,0,0,0
4358,Gulf of California,1805.0,2823.0,0,0,0
4359,Gulf of California,1841.0,2871.0,0,0,0
4360,South China Sea,11482.0,3625.0,0,0,0
4361,Gulf of California,1714.0,2678.0,0,0,0
4362,South China Sea,11494.0,3655.0,0,0,0
4363,Pacific Ocean,11534.0,3655.0,0,0,0
4364,Gulf of California,1692.0,2631.0,0,0,0
4365,South China Sea,11552.0,3728.0,0,0,0
4366,South China Sea,11499.0,3730.0,0,0,0
4367,South China Sea,11463.0,3671.0,0,0,0
4368,Gulf of California,1756.0,2674.0,0,0,0
4369,St. Lawrence,3597.0,1706.0,0,0,0
4370,Gulf of California,1840.0,2806.0,0,0,0
4371,Gulf of California,1801.0,2776.0,0,0,0
4372,Gulf of California,1868.0,2859.0,0,0,0
4373,Gulf of California,1905.0,2938.0,0,0,0
4374,Gulf of California,1950.0,2980.0,0,0,0
4375,Gulf of California,1996.0,3064.0,0,0,0
4376,Gulf of California,1972.0,3022.0,0,0,0
4377,Pacific Ocean,2043.0,3145.0,0,0,0
4378,Pacific Ocean,2049.0,3274.0,0,0,0
4379,Pacific Ocean,2125.0,3332.0,0,0,0
4380,Pacific Ocean,2210.0,3381.0,0,0,0
4381,Pacific Ocean,2322.0,3437.0,0,0,0
4382,Pacific Ocean,2384.0,3465.0,0,0,0
4383,East Siberian Sea,13244.0,436.0,0,0,0
4384,Pacific Ocean,2447.0,3490.0,0,0,0
4385,Pacific Ocean,2524.0,3504.0,0,0,0
4386,South China Sea,11634.0,3635.0,0,0,0
4387,Pacific Ocean,2609.0,3542.0,0,0,0
4388,South China Sea,11493.0,3407.0,0,0,0
4389,Pacific Ocean,2715.0,3630.0,0,0,0
4390,South China Sea,11791.0,2710.0,0,0,0
4391,Pacific Ocean,2819.0,3651.0,0,0,0
4392,South China Sea,11789.0,2613.0,0,0,0
4393,Pacific Ocean,2851.0,3713.0,0,0,0
4394,Sea of Ja,11837.0,2612.0,0,0,0
4395,Pacific Ocean,12011.0,2594.0,0,0,0
4396,Pacific Ocean,12258.0,1932.0,0,0,0
4397,Pacific Ocean,2871.0,3818.0,0,0,0
4398,Pacific Ocean,12042.0,2579.0,0,0,0
4399,Pacific Ocean,12036.0,2564.0,0,0,0
4400,Pacific Ocean,2955.0,3878.0,0,0,0
4401,Gulf of Panama,3008.0,3915.0,0,0,0
4402,Pacific Ocean,12071.0,2530.0,0,0,0
4403,Panama Bay,3068.0,3845.0,0,0,0
4404,Caribbean Sea,3054.0,3819.0,0,0,0
4405,Baffin Bay,3410.0,499.0,0,0,0
4406,Gulf of Panama,3096.0,3868.0,0,0,0
4407,Pacific Ocean,12174.0,2037.0,0,0,0
4408,Sea of Okhotsk,12050.0,1835.0,0,0,0
4409,Gulf of Panama,3122.0,3920.0,0,0,0
4410,Gulf of Panama,3127.0,3976.0,0,0,0
4412,Pacific Ocean,12243.0,1984.0,0,0,0
4413,Pacific Ocean,3060.0,4054.0,0,0,0
4414,Pacific Ocean,12286.0,1900.0,0,0,0
4415,Pacific Ocean,11994.0,1378.0,0,0,0
4416,Pacific Ocean,2988.0,4109.0,0,0,0
4417,Sea of Okhotsk,11944.0,1348.0,0,0,0
4418,Pacific Ocean,2947.0,4240.0,0,0,0
4419,Pacific Ocean,2997.0,4287.0,0,0,0
4420,Southern Ocean,12848.0,6213.0,0,0,0
4421,Pacific Ocean,13405.0,5953.0,0,0,0
4422,Pacific Ocean,2945.0,4353.0,0,0,0
4423,Pacific Ocean,2952.0,4437.0,0,0,0
4424,Pacific Ocean,3030.0,4460.0,0,0,0
4425,Pacific Ocean,3083.0,4557.0,0,0,0
4426,Pacific Ocean,13305.0,5460.0,0,0,0
4427,Pacific Ocean,3130.0,4633.0,0,0,0
4428,Pacific Ocean,3159.0,4688.0,0,0,0
4429,Pacific Ocean,3195.0,4732.0,0,0,0
4430,Pacific Ocean,3216.0,4770.0,0,0,0
4431,Pacific Ocean,3272.0,4807.0,0,0,0
4432,Pacific Ocean,3361.0,4855.0,0,0,0
4433,Pacific Ocean,3434.0,4902.0,0,0,0
4434,Pacific Ocean,3472.0,4993.0,0,0,0
4435,Pacific Ocean,3477.0,5135.0,0,0,0
4436,Pacific Ocean,3463.0,5282.0,0,0,0
4437,Pacific Ocean,3448.0,5408.0,0,0,0
4438,Pacific Ocean,3454.0,5501.0,0,0,0
4439,Pacific Ocean,3445.0,5599.0,0,0,0
4440,Pacific Ocean,3431.0,5775.0,0,0,0
4441,Pacific Ocean,3425.0,5877.0,0,0,0
4442,Pacific Ocean,13267.0,5547.0,0,0,0
4443,Tasman Sea,13221.0,5876.0,0,0,0
4444,Tasman Sea,12601.0,6045.0,0,0,0
4445,Pacific Ocean,3450.0,6018.0,0,0,0
4446,Tasman Sea,12644.0,6021.0,0,0,0
4447,Great Australian Bight,12514.0,5880.0,0,0,0
4448,Pacific Ocean,3423.0,6128.0,0,0,0
4449,Pacific Ocean,3458.0,6185.0,0,0,0
4450,Pacific Ocean,3467.0,6267.0,0,0,0
4451,Pacific Ocean,3495.0,6342.0,0,0,0
4452,St. Lawrence,3561.0,1671.0,0,0,0
4453,Sea of Okhotsk,12112.0,1730.0,0,0,0
4454,Great Australian Bight,12369.0,5797.0,0,0,0
4455,Sea of Okhotsk,12044.0,1606.0,0,0,0
4456,Sea of Okhotsk,12019.0,1522.0,0,0,0
4457,Sea of Okhotsk,12008.0,1420.0,0,0,0
4458,Sea of Okhotsk,11969.0,1333.0,0,0,0
4459,Artic Ocean,2503.0,452.0,0,0,0
4460,Sea of Okhotsk,11924.0,1373.0,0,0,0
4461,Southern Ocean,3503.0,6416.0,0,0,0
4462,Southern Ocean,3562.0,6445.0,0,0,0
4463,St. Lawrence,3498.0,1645.0,0,0,0
4464,Southern Ocean,3634.0,6472.0,0,0,0
4465,Indian Ocean,11554.0,5723.0,0,0,0
4466,Southern Ocean,3717.0,6484.0,0,0,0
4467,Sea of Okhotsk,11915.0,1423.0,0,0,0
4468,Indian Ocean,11467.0,5390.0,0,0,0
4469,Scotia Sea,3802.0,6448.0,0,0,0
4470,Timor Sea,11742.0,5015.0,0,0,0
4471,Scotia Sea,3726.0,6419.0,0,0,0
4472,Timor Sea,11948.0,4945.0,0,0,0
4473,Atlantic Ocean,3676.0,6356.0,0,0,0
4474,Atlantic Ocean,3660.0,6311.0,0,0,0
4475,Atlantic Ocean,3664.0,6272.0,0,0,0
4476,Timor Sea,12047.0,4796.0,0,0,0
4477,Atlantic Ocean,3728.0,6198.0,0,0,0
4478,Arafura Sea,12226.0,4819.0,0,0,0
4480,Coral Sea,12463.0,4892.0,0,0,0
4481,Coral Sea,12512.0,4920.0,0,0,0
4482,Atlantic Ocean,3714.0,6074.0,0,0,0
4483,Pacific Ocean,13167.0,5037.0,0,0,0
4484,Pacific Ocean,13146.0,5023.0,0,0,0
4485,Atlantic Ocean,3769.0,6037.0,0,0,0
4486,Pacific Ocean,13226.0,4993.0,0,0,0
4487,Atlantic Ocean,3773.0,5970.0,0,0,0
4488,Atlantic Ocean,3819.0,5944.0,0,0,0
4489,Pacific Ocean,13361.0,4965.0,0,0,0
4490,Solomon Sea,13219.0,4933.0,0,0,0
4491,Solomon Sea,13177.0,4936.0,0,0,0
4492,Atlantic Ocean,3770.0,5913.0,0,0,0
4493,Atlantic Ocean,3757.0,5883.0,0,0,0
4494,Atlantic Ocean,3829.0,5894.0,0,0,0
4495,Solomon Sea,13186.0,4898.0,0,0,0
4496,Solomon Sea,13156.0,4859.0,0,0,0
4497,Atlantic Ocean,3864.0,5812.0,0,0,0
4498,Strait of Tartary,11939.0,1587.0,0,0,0
4499,Atlantic Ocean,3903.0,5795.0,0,0,0
4500,Atlantic Ocean,3991.0,5782.0,0,0,0
4501,Atlantic Ocean,4049.0,5723.0,0,0,0
4502,Atlantic Ocean,3985.0,5601.0,0,0,0
4503,Atlantic Ocean,4047.0,5623.0,0,0,0
4504,Solomon Sea,13386.0,4877.0,0,0,0
4505,Solomon Sea,13513.0,4837.0,0,0,0
4506,Solomon Sea,13469.0,4820.0,0,0,0
4507,Atlantic Ocean,4129.0,5625.0,0,0,0
4508,Atlantic Ocean,4177.0,5591.0,0,0,0
4509,Atlantic Ocean,4209.0,5554.0,0,0,0
4510,Atlantic Ocean,4234.0,5489.0,0,0,0
4511,Atlantic Ocean,4270.0,5445.0,0,0,0
4512,Solomon Sea,13543.0,4818.0,0,0,0
4513,Solomon Sea,13106.0,4678.0,0,0,0
4514,Atlantic Ocean,4306.0,5460.0,0,0,0
4515,Solomon Sea,13090.0,4657.0,0,0,0
4516,Strait of Tartary,11956.0,1675.0,0,0,0
4517,Atlantic Ocean,4367.0,5370.0,0,0,0
4518,Atlantic Ocean,4407.0,5331.0,0,0,0
4519,Atlantic Ocean,4394.0,5277.0,0,0,0
4520,Atlantic Ocean,4408.0,5234.0,0,0,0
4521,Atlantic Ocean,4445.0,5209.0,0,0,0
4522,Solomon Sea,13053.0,4615.0,0,0,0
4523,Coral Sea,12744.0,4702.0,0,0,0
4524,Atlantic Ocean,4532.0,5163.0,0,0,0
4525,Atlantic Ocean,4586.0,5148.0,0,0,0
4526,Coral Sea,12545.0,4645.0,0,0,0
4527,Coral Sea,12423.0,4655.0,0,0,0
4528,Atlantic Ocean,4708.0,5133.0,0,0,0
4529,Arafura Sea,12121.0,4248.0,0,0,0
4530,Atlantic Ocean,4760.0,5042.0,0,0,0
4531,Atlantic Ocean,4809.0,4979.0,0,0,0
4532,Atlantic Ocean,4827.0,4919.0,0,0,0
4533,Atlantic Ocean,4834.0,4863.0,0,0,0
4534,Atlantic Ocean,4844.0,4822.0,0,0,0
4535,Atlantic Ocean,4845.0,4774.0,0,0,0
4536,Atlantic Ocean,4852.0,4741.0,0,0,0
4537,Arafura Sea,12758.0,4461.0,0,0,0
4538,Atlantic Ocean,4933.0,4687.0,0,0,0
4539,Atlantic Ocean,4996.0,4635.0,0,0,0
4540,Atlantic Ocean,5018.0,4603.0,0,0,0
4541,Atlantic Ocean,5052.0,4550.0,0,0,0
4542,Atlantic Ocean,5068.0,4467.0,0,0,0
4543,Arafura Sea,13056.0,4017.0,0,0,0
4544,Atlantic Ocean,5055.0,4433.0,0,0,0
4545,Atlantic Ocean,5036.0,4388.0,0,0,0
4546,Atlantic Ocean,4980.0,4384.0,0,0,0
4547,Atlantic Ocean,4934.0,4349.0,0,0,0
4548,Atlantic Ocean,4903.0,4312.0,0,0,0
4549,Atlantic Ocean,4865.0,4286.0,0,0,0
4550,Atlantic Ocean,4811.0,4269.0,0,0,0
4551,Atlantic Ocean,4746.0,4259.0,0,0,0
4552,Atlantic Ocean,4673.0,4241.0,0,0,0
4553,Atlantic Ocean,4635.0,4234.0,0,0,0
4554,Atlantic Ocean,4585.0,4182.0,0,0,0
4555,Atlantic Ocean,4512.0,4156.0,0,0,0
4556,Tocantina River,4410.0,4236.0,0,0,0
4557,Tocantina River,4420.0,4208.0,0,0,0
4558,Tocantina River,4448.0,4187.0,0,0,0
4559,Atlantic Ocean,4467.0,4152.0,0,0,0
4560,Tocantina River,4384.0,4214.0,0,0,0
4561,Arafura Sea,12857.0,3960.0,0,0,0
4562,Atlantic Ocean,4429.0,4136.0,0,0,0
4563,Atlantic Ocean,4391.0,4139.0,0,0,0
4564,Rio Amazonas,4319.0,4155.0,0,0,0
4565,Rio Amazonas,4344.0,4134.0,0,0,0
4566,Atlantic Ocean,4380.0,4116.0,0,0,0
4567,St. Lawrence,3688.0,1737.0,0,0,0
4569,Atlantic Ocean,4401.0,4074.0,0,0,0
4570,Atlantic Ocean,4369.0,4030.0,0,0,0
4571,Atlantic Ocean,4346.0,3951.0,0,0,0
4572,Pacific Ocean,12920.0,3935.0,0,0,0
4573,Atlantic Ocean,4213.0,3858.0,0,0,0
4574,Atlantic Ocean,4148.0,3856.0,0,0,0
4575,Atlantic Ocean,4087.0,3855.0,0,0,0
4576,Pacific Ocean,12674.0,3582.0,0,0,0
4577,St. Lawrence,3642.0,1776.0,0,0,0
4578,Caribbean Sea,3982.0,3767.0,0,0,0
4579,Caribbean Sea,3931.0,3736.0,0,0,0
4580,Caribbean Sea,3859.0,3678.0,0,0,0
4581,Pacific Ocean,12064.0,3967.0,0,0,0
4582,Davao Gulf,11787.0,3952.0,0,0,0
4583,Caribbean Sea,3721.0,3668.0,0,0,0
4584,Caribbean Sea,3674.0,3676.0,0,0,0
4585,Davao Gulf,11736.0,3973.0,0,0,0
4586,Caribbean Sea,3604.0,3648.0,0,0,0
4587,Celebes Sea,11655.0,3961.0,0,0,0
4588,Celebes Sea,11619.0,3964.0,0,0,0
4589,Caribbean Sea,3401.0,3724.0,0,0,0
4590,Caribbean Sea,3404.0,3688.0,0,0,0
4591,Caribbean Sea,3405.0,3652.0,0,0,0
4592,Caribbean Sea,3439.0,3648.0,0,0,0
4593,Sea of Japan,11943.0,1870.0,0,0,0
4594,Sea of Japan,12013.0,1914.0,0,0,0
4595,Pacific Ocean,11618.0,3846.0,0,0,0
4596,Pacific Ocean,11635.0,3843.0,0,0,0
4597,Indian Ocean,11532.0,5162.0,0,0,0
4598,Timor Sea,11633.0,5122.0,0,0,0
4599,Indian Ocean,11464.0,5308.0,0,0,0
4600,Indian Ocean,11465.0,5218.0,0,0,0
4601,Pacific Ocean,11638.0,3813.0,0,0,0
4602,Indian Ocean,11482.0,5452.0,0,0,0
4603,Indian Ocean,11519.0,5507.0,0,0,0
4604,Indian Ocean,11556.0,5612.0,0,0,0
4605,Pacific Ocean,11654.0,3801.0,0,0,0
4606,Caribbean Sea,3455.0,3599.0,0,0,0
4607,Indian Ocean,11545.0,5692.0,0,0,0
4608,Caribbean Sea,3498.0,3621.0,0,0,0
4609,Caribbean Sea,3422.0,3604.0,0,0,0
4610,Caribbean Sea,3398.0,3589.0,0,0,0
4611,Caribbean Sea,3332.0,3624.0,0,0,0
4612,Pacific Ocean,11629.0,3790.0,0,0,0
4613,Caribbean Sea,3242.0,3654.0,0,0,0
4614,Caribbean Sea,3188.0,3705.0,0,0,0
4615,Caribbean Sea,3151.0,3762.0,0,0,0
4616,Caribbean Sea,3122.0,3797.0,0,0,0
4617,Pacific Ocean,11587.0,3803.0,0,0,0
4618,Pacific Ocean,11708.0,3819.0,0,0,0
4619,Caribbean Sea,2991.0,3822.0,0,0,0
4620,Caribbean Sea,2966.0,3768.0,0,0,0
4621,Pacific Ocean,11714.0,3731.0,0,0,0
4622,Caribbean Sea,3001.0,3639.0,0,0,0
4623,Caribbean Sea,3032.0,3567.0,0,0,0
4624,Caribbean Sea,3004.0,3517.0,0,0,0
4625,Caribbean Sea,2906.0,3506.0,0,0,0
4626,Great Australian Bight,11612.0,5763.0,0,0,0
4627,Caribbean Sea,2831.0,3508.0,0,0,0
4628,Great Australian Bight,11683.0,5754.0,0,0,0
4629,Caribbean Sea,2835.0,3471.0,0,0,0
4630,Caribbean Sea,2855.0,3420.0,0,0,0
4631,Caribbean Sea,2877.0,3355.0,0,0,0
4632,Lake Erie,3294.0,1903.0,0,0,0
4633,Caribbean Sea,2911.0,3257.0,0,0,0
4634,Caribbean Sea,2946.0,3199.0,0,0,0
4635,Gulf of Mexico,2949.0,3150.0,0,0,0
4636,Gulf of Mexico,2871.0,3138.0,0,0,0
4637,Gulf of Mexico,2815.0,3163.0,0,0,0
4638,Pacific Ocean,11349.0,3933.0,0,0,0
4639,Atlantic Ocean,5703.0,1076.0,0,0,0
4640,Gulf of Mexico,2761.0,3213.0,0,0,0
4641,Pacific Ocean,11063.0,4425.0,0,0,0
4642,Gulf of Mexico,2741.0,3290.0,0,0,0
4643,Pacific Ocean,11140.0,4446.0,0,0,0
4644,Gulf of Mexico,2668.0,3312.0,0,0,0
4645,Pacific Ocean,11256.0,4481.0,0,0,0
4646,Gulf of Mexico,2581.0,3331.0,0,0,0
4647,Makassar Strait,11382.0,4335.0,0,0,0
4648,Gulf of Mexico,2542.0,3274.0,0,0,0
4649,Gulf of Mexico,2481.0,3172.0,0,0,0
4650,Makassar Strait,11525.0,4251.0,0,0,0
4651,Gulf of Mexico,2419.0,3095.0,0,0,0
4652,Gulf of Mexico,2445.0,3003.0,0,0,0
4653,Makassar Strait,11645.0,4288.0,0,0,0
4654,Gulf of Mexico,2456.0,2932.0,0,0,0
4655,Gulf of Mexico,2464.0,2869.0,0,0,0
4656,Gulf of Mexico,2466.0,2831.0,0,0,0
4657,Gulf of Mexico,2573.0,2766.0,0,0,0
4658,Gulf of Mexico,2515.0,2789.0,0,0,0
4659,Gulf of Mexico,2644.0,2739.0,0,0,0
4660,Gulf of Mexico,2681.0,2722.0,0,0,0
4661,Gulf of Mexico,2721.0,2715.0,0,0,0
4662,Gulf of Mexico,2809.0,2708.0,0,0,0
4663,Makassar Strait,11669.0,4265.0,0,0,0
4664,Gulf of Mexico,2942.0,2736.0,0,0,0
4665,Banda Sea,11578.0,4357.0,0,0,0
4666,Gulf of Mexico,2969.0,2675.0,0,0,0
4667,Flores Sea,11470.0,4638.0,0,0,0
4668,Great Australian Bight,11786.0,5718.0,0,0,0
4669,Gulf of Mexico,3016.0,2657.0,0,0,0
4670,Great Australian Bight,11876.0,5697.0,0,0,0
4671,Java Sea,11328.0,4607.0,0,0,0
4672,Great Australian Bight,11897.0,5659.0,0,0,0
4673,Gulf of Mexico,3137.0,2688.0,0,0,0
4674,Indian Ocean,11290.0,4653.0,0,0,0
4675,Gulf of Mexico,3212.0,2702.0,0,0,0
4676,Gulf of Mexico,3269.0,2717.0,0,0,0
4677,Gulf of Mexico,3281.0,2805.0,0,0,0
4678,Java Sea,11245.0,4616.0,0,0,0
4679,Gulf of Guinea,6442.0,4396.0,0,0,0
4680,Gulf of Mexico,3327.0,2880.0,0,0,0
4681,Strait of Florida,3378.0,2962.0,0,0,0
4682,Java Sea,11166.0,4546.0,0,0,0
4683,Strait of Florida,3441.0,2882.0,0,0,0
4684,Atlantic Ocean,3429.0,2794.0,0,0,0
4685,Baffin Bay,1288.0,1479.0,0,0,0
4686,Atlantic Ocean,3386.0,2692.0,0,0,0
4687,Atlantic Ocean,3383.0,2626.0,0,0,0
4688,Baffin Bay,1280.0,1500.0,0,0,0
4689,Atlantic Ocean,3434.0,2533.0,0,0,0
4690,Baffin Bay,1209.0,1482.0,0,0,0
4691,Atlantic Ocean,3554.0,2445.0,0,0,0
4692,Atlantic Ocean,3602.0,2410.0,0,0,0
4693,Gulf of St. Lawrence,4433.0,1618.0,0,0,0
4694,Atlantic Ocean,3648.0,2339.0,0,0,0
4695,Atlantic Ocean,3651.0,2271.0,0,0,0
4696,Chesapeake Bay,3617.0,2146.0,0,0,0
4697,Chesapeake Bay,3625.0,2188.0,0,0,0
4698,Great Australian Bight,11963.0,5632.0,0,0,0
4699,Chesapeake Bay,3621.0,2224.0,0,0,0
4701,Atlantic Ocean,3711.0,2146.0,0,0,0
4702,Great Australian Bight,12076.0,5609.0,0,0,0
4703,Atlantic Ocean,3734.0,2081.0,0,0,0
4705,Atlantic Ocean,3859.0,1999.0,0,0,0
4706,Atlantic Ocean,3783.0,2003.0,0,0,0
4707,Persian Gulf,11594.0,4730.0,0,0,0
4708,Atlantic Ocean,3953.0,1936.0,0,0,0
4709,Great Australian Bight,12177.0,5649.0,0,0,0
4710,Massachusetts Bay,3908.0,1886.0,0,0,0
4711,Persian Gulf,11782.0,4640.0,0,0,0
4712,Cape Ann,3932.0,1822.0,0,0,0
4713,Atlantic Ocean,3989.0,1790.0,0,0,0
4714,Fundy Bay,4081.0,1760.0,0,0,0
4715,Great Australian Bight,12232.0,5711.0,0,0,0
4716,Fundy Bay,4181.0,1706.0,0,0,0
4717,Fundy Bay,4115.0,1808.0,0,0,0
4718,Gulf of St. Lawrence,4234.0,1458.0,0,0,0
4719,Atlantic Ocean,4162.0,1834.0,0,0,0
4720,Atlantic Ocean,4219.0,1802.0,0,0,0
4721,St. Lawrence,4065.0,1428.0,0,0,0
4722,Atlantic Ocean,4368.0,1732.0,0,0,0
4723,St. Lawrence,3968.0,1495.0,0,0,0
4724,Great Australian Bight,12282.0,5673.0,0,0,0
4725,Atlantic Ocean,4467.0,1651.0,0,0,0
4726,Great Australian Bight,12290.0,5723.0,0,0,0
4727,Gulf of St. Lawrence,4417.0,1570.0,0,0,0
4728,Gulf of St. Lawrence,4332.0,1642.0,0,0,0
4729,Gulf of St. Lawrence,4125.0,1759.0,0,0,0
4730,Gulf of St. Lawrence,4221.0,1617.0,0,0,0
4731,Gulf of St. Lawrence,4789.0,1609.0,0,0,0
4732,Gulf of St. Lawrence,4218.0,1507.0,0,0,0
4733,Gulf of St. Lawrence,4152.0,1509.0,0,0,0
4734,Gulf of St. Lawrence,3923.0,1967.0,0,0,0
4735,St. Lawrence,3950.0,1521.0,0,0,0
4736,St. Lawrence,4017.0,1455.0,0,0,0
4737,St. Lawrence,4132.0,1413.0,0,0,0
4738,Gulf of St. Lawrence,4212.0,1413.0,0,0,0
4739,Gulf of St. Lawrence,3732.0,2032.0,0,0,0
4740,Great Australian Bight,12346.0,5736.0,0,0,0
4741,Gulf of St. Lawrence,4358.0,1375.0,0,0,0
4742,Gulf of St. Lawrence,4446.0,1349.0,0,0,0
4743,Strait of Belle Isle,4574.0,1326.0,0,0,0
4744,Atlantic Ocean,4619.0,1221.0,0,0,0
4745,Atlantic Ocean,4447.0,1116.0,0,0,0
4746,Atlantic Ocean,4418.0,978.0,0,0,0
4747,Northwestern Passages,4188.0,1012.0,0,0,0
4748,Lake Ontario,3581.0,1809.0,0,0,0
4749,Bering Sea,13556.0,700.0,0,0,0
4750,Northwestern Passages,4100.0,879.0,0,0,0
4751,Northwestern Passages,3963.0,850.0,0,0,0
4752,Hudson Bay,3865.0,850.0,0,0,0
4753,Hudson Bay,3773.0,971.0,0,0,0
4754,Hudson Bay,3686.0,1045.0,0,0,0
4755,Atlantic Ocean,5940.0,5120.0,0,0,0
4756,Hudson Bay,3536.0,1172.0,0,0,0
4757,Hudson Bay,3459.0,1280.0,0,0,0
4758,Yangtze River,11364.0,2761.0,0,0,0
4759,Hudson Bay,3444.0,1190.0,0,0,0
4760,Hudson Bay,3368.0,1141.0,0,0,0
4761,Hudson Bay,3252.0,1116.0,0,0,0
4762,Hudson Bay,3136.0,1061.0,0,0,0
4763,Hudson Bay,3063.0,1006.0,0,0,0
4764,Hudson Bay,3152.0,955.0,0,0,0
4765,Hudson Bay,3328.0,913.0,0,0,0
4766,Hudson Bay,3454.0,869.0,0,0,0
4767,Hudson Bay,3575.0,810.0,0,0,0
4768,Lake Huron,3274.0,1705.0,0,0,0
4769,Hudson Bay,3770.0,774.0,0,0,0
4770,Hudson Bay,3218.0,1654.0,0,0,0
4771,Pacific Ocean,30.0,2664.0,0,0,0
4772,Hudson Bay,3722.0,886.0,0,0,0
4773,Hudson Bay,3537.0,873.0,0,0,0
4774,Hudson Bay,3914.0,759.0,0,0,0
4775,Lake Huron,3329.0,1847.0,0,0,0
4780,Northwestern Passages,3966.0,676.0,0,0,0
4781,Northwestern Passages,3807.0,650.0,0,0,0
4783,Northwestern Passages,3589.0,594.0,0,0,0
4784,Northwestern Passages,3706.0,590.0,0,0,0
4785,Northwestern Passages,3456.0,607.0,0,0,0
4786,Northwestern Passages,3425.0,676.0,0,0,0
4787,Northwestern Passages,3239.0,692.0,0,0,0
4788,Northwestern Passages,3059.0,694.0,0,0,0
4789,Artic Ocean,2946.0,672.0,0,0,0
4790,Artic Ocean,2769.0,693.0,0,0,0
4791,Artic Ocean,2635.0,694.0,0,0,0
4792,Artic Ocean,2566.0,614.0,0,0,0
4793,Northwestern Passages,3343.0,604.0,0,0,0
4794,Bering Sea,145.0,793.0,0,0,0
4795,Gulf of St. Lawrence,4461.0,1530.0,0,0,0
4796,Northwestern Passages,3242.0,625.0,0,0,0
4797,Northwestern Passages,3274.0,571.0,0,0,0
4798,Artic Ocean,3212.0,529.0,0,0,0
4799,Artic Ocean,3088.0,518.0,0,0,0
4800,Artic Ocean,2937.0,505.0,0,0,0
4801,Artic Ocean,2757.0,464.0,0,0,0
4802,Artic Ocean,2632.0,521.0,0,0,0
4803,Northwestern Passages,4199.0,914.0,0,0,0
4804,Baltic Sea,7039.0,1423.0,0,0,0
4805,Bering Sea,0.0,1278.0,0,0,0
4806,Northwestern Passages,4348.0,953.0,0,0,0
4807,Baffin Bay,4433.0,867.0,0,0,0
4808,Great Australian Bight,12428.0,5824.0,0,0,0
4809,Baffin Bay,4531.0,839.0,0,0,0
4810,Baffin Bay,4635.0,805.0,0,0,0
4811,Baffin Bay,4679.0,780.0,0,0,0
4812,Yangtze River,11364.0,2768.0,0,0,0
4813,South China Sea,11475.0,3840.0,0,0,0
4816,sea,5484.0,360.0,0,0,0
4817,Atlantic Ocean,4827.0,1563.0,0,0,0
4819,Atlantic Ocean,4774.0,1418.0,0,0,0
4820,Great Australian Bight,12487.0,5835.0,0,0,0
4822,Atlantic Ocean,4668.0,1320.0,0,0,0
4823,Pacific Ocean,364.0,2002.0,0,0,0
4825,Gulf of St. Lawrence,4464.0,1461.0,0,0,0
4827,Gulf of St. Lawrence,4480.0,1556.0,0,0,0
4828,Yangtze River,11346.0,2771.0,0,0,0
4829,Atlantic Ocean,4606.0,1584.0,0,0,0
4830,Yangtze River,11337.0,2784.0,0,0,0
4831,Tasman Sea,12547.0,5810.0,0,0,0
4832,sea,5628.0,456.0,0,0,0
4833,Atlantic Ocean,4731.0,1615.0,0,0,0
4835,sea,9660.0,5352.0,0,0,0
4836,Atlantic Ocean,5333.0,3168.0,0,0,0
4837,Gulf of Mexico,3284.0,3063.0,0,0,0
4838,Strait of Florida,3350.0,3051.0,0,0,0
4839,sea,10092.0,5352.0,0,0,0
4840,Atlantic Ocean,3445.0,3062.0,0,0,0
4841,Atlantic Ocean,3507.0,3094.0,0,0,0
4842,sea,10572.0,5352.0,0,0,0
4843,Atlantic Ocean,3557.0,3126.0,0,0,0
4844,Atlantic Ocean,3597.0,3146.0,0,0,0
4845,Atlantic Ocean,3660.0,3172.0,0,0,0
4846,sea,9816.0,5376.0,0,0,0
4847,Atlantic Ocean,3701.0,3222.0,0,0,0
4848,Caribbean Sea,3609.0,3227.0,0,0,0
4849,sea,10248.0,5376.0,0,0,0
4850,Tasman Sea,12518.0,5838.0,0,0,0
4851,Caribbean Sea,3567.0,3225.0,0,0,0
4852,Caribbean Sea,3532.0,3213.0,0,0,0
4853,Caribbean Sea,3503.0,3167.0,0,0,0
4854,Caribbean Sea,3448.0,3143.0,0,0,0
4855,sea,10416.0,5376.0,0,0,0
4856,Caribbean Sea,3400.0,3120.0,0,0,0
4857,Caribbean Sea,3301.0,3129.0,0,0,0
4858,Caribbean Sea,3250.0,3130.0,0,0,0
4860,sea,10644.0,5496.0,0,0,0
4862,Caribbean Sea,3347.0,3177.0,0,0,0
4863,Gulf of Mexico,2966.0,3074.0,0,0,0
4864,Atlantic Ocean,3477.0,2960.0,0,0,0
4866,Atlantic Ocean,3484.0,2946.0,0,0,0
4867,Tasman Sea,12601.0,5844.0,0,0,0
4869,Atlantic Ocean,3488.0,2999.0,0,0,0
4870,Atlantic Ocean,3537.0,3019.0,0,0,0
4871,Atlantic Ocean,3537.0,2970.0,0,0,0
4872,Tasman Sea,12634.0,5815.0,0,0,0
4876,Caribbean Sea,3595.0,3347.0,0,0,0
4878,Caribbean Sea,3535.0,3341.0,0,0,0
4879,Caribbean Sea,3478.0,3308.0,0,0,0
4880,Caribbean Sea,3530.0,3277.0,0,0,0
4881,Tasman Sea,12723.0,5792.0,0,0,0
4882,sea,5916.0,5784.0,0,0,0
4884,sea,1272.0,5808.0,0,0,0
4886,Atlantic Ocean,3770.0,3229.0,0,0,0
4888,Atlantic Ocean,3828.0,3226.0,0,0,0
4890,Atlantic Ocean,3927.0,3263.0,0,0,0
4891,sea,1428.0,5832.0,0,0,0
4892,Caribbean Sea,3889.0,3311.0,0,0,0
4893,sea,2028.0,5832.0,0,0,0
4894,Caribbean Sea,3839.0,3340.0,0,0,0
4895,sea,5748.0,5832.0,0,0,0
4896,Caribbean Sea,3764.0,3323.0,0,0,0
4898,sea,1680.0,5856.0,0,0,0
4899,sea,1836.0,5880.0,0,0,0
4900,Caribbean Sea,3665.0,3296.0,0,0,0
4901,Tasman Sea,12733.0,5717.0,0,0,0
4902,Gulf of Gonâve,3720.0,3269.0,0,0,0
4903,Tasman Sea,12756.0,5651.0,0,0,0
4904,sea,5436.0,5880.0,0,0,0
4906,Hudson Bay,3194.0,1659.0,0,0,0
4907,Hudson Bay,3194.0,1624.0,0,0,0
4908,sea,5160.0,5904.0,0,0,0
4909,Atlantic Ocean,4066.0,3307.0,0,0,0
4910,Caribbean Sea,4030.0,3340.0,0,0,0
4911,sea,5592.0,5904.0,0,0,0
4912,Caribbean Sea,3954.0,3309.0,0,0,0
4914,Atlantic Ocean,4943.0,2643.0,0,0,0
4915,Atlantic Ocean,4972.0,2627.0,0,0,0
4917,Atlantic Ocean,4927.0,2623.0,0,0,0
4918,sea,4692.0,5928.0,0,0,0
4919,Atlantic Ocean,5021.0,2648.0,0,0,0
4920,Atlantic Ocean,4913.0,2590.0,0,0,0
4921,sea,4860.0,5928.0,0,0,0
4922,Pacific Ocean,2790.0,4120.0,0,0,0
4924,Pacific Ocean,2825.0,4213.0,0,0,0
4925,sea,2136.0,5952.0,0,0,0
4926,Tasman Sea,12795.0,5582.0,0,0,0
4930,Pacific Ocean,2752.0,4201.0,0,0,0
4931,Tasman Sea,12818.0,5536.0,0,0,0
4933,Pacific Ocean,2735.0,4156.0,0,0,0
4934,Pacific Ocean,1566.0,4761.0,0,0,0
4935,Pacific Ocean,1543.0,4656.0,0,0,0
4936,Tasman Sea,12825.0,5506.0,0,0,0
4937,Pacific Ocean,1508.0,4731.0,0,0,0
4938,East Siberian Sea,12768.0,452.0,0,0,0
4939,Pacific Ocean,1444.0,4726.0,0,0,0
4940,Pacific Ocean,1446.0,4663.0,0,0,0
4941,sea,4536.0,6048.0,0,0,0
4942,Pacific Ocean,1625.0,4704.0,0,0,0
4943,sea,2244.0,6072.0,0,0,0
4944,Pacific Ocean,1655.0,4758.0,0,0,0
4945,Pacific Ocean,859.0,3266.0,0,0,0
4946,Tasman Sea,12830.0,5473.0,0,0,0
4947,Pacific Ocean,757.0,3240.0,0,0,0
4948,Pacific Ocean,824.0,3210.0,0,0,0
4950,Coral Sea,12826.0,5405.0,0,0,0
4951,Ob River,9031.0,670.0,0,0,0
4953,Pacific Ocean,690.0,3115.0,0,0,0
4954,Pacific Ocean,662.0,3134.0,0,0,0
4955,sea,4428.0,6168.0,0,0,0
4956,Pacific Ocean,839.0,3320.0,0,0,0
4957,Pacific Ocean,794.0,3342.0,0,0,0
4959,Norwegian Sea,7113.0,468.0,0,0,0
4960,sea,2352.0,6192.0,0,0,0
4961,Coral Sea,12790.0,5307.0,0,0,0
4962,Coral Sea,12734.0,5245.0,0,0,0
4964,Coral Sea,12706.0,5190.0,0,0,0
4965,Coral Sea,12660.0,5151.0,0,0,0
4966,Coral Sea,12611.0,5090.0,0,0,0
4967,Coral Sea,12574.0,5078.0,0,0,0
4968,Coral Sea,12553.0,5034.0,0,0,0
4969,Ob River,9017.0,699.0,0,0,0
4970,Pacific Ocean,628.0,3072.0,0,0,0
4971,Pacific Ocean,585.0,3091.0,0,0,0
4972,Pacific Ocean,597.0,3134.0,0,0,0
4973,Pacific Ocean,564.0,3128.0,0,0,0
4974,Pacific Ocean,190.0,3301.0,0,0,0
4975,Pacific Ocean,176.0,3251.0,0,0,0
4976,Pacific Ocean,159.0,3285.0,0,0,0
4977,Pacific Ocean,224.0,3256.0,0,0,0
4978,Pacific Ocean,69.0,2654.0,0,0,0
4979,Pacific Ocean,68.0,2619.0,0,0,0
4980,Pacific Ocean,111.0,2624.0,0,0,0
4981,Pacific Ocean,100.0,2650.0,0,0,0
4982,Pacific Ocean,31.0,2627.0,0,0,0
4983,Pacific Ocean,22.0,2659.0,0,0,0
4984,Pacific Ocean,42.0,2664.0,0,0,0
4985,Atlantic Ocean,3929.0,6269.0,0,0,0
4986,Scotia Sea,3902.0,6329.0,0,0,0
4987,Scotia Sea,3943.0,6361.0,0,0,0
4988,Scotia Sea,4011.0,6318.0,0,0,0
4990,Atlantic Ocean,3971.0,6261.0,0,0,0
4992,Atlantic Ocean,3839.0,6277.0,0,0,0
4994,Scotia Sea,3851.0,6335.0,0,0,0
4995,sea,2460.0,6312.0,0,0,0
4996,Atlantic Ocean,5937.0,5078.0,0,0,0
4997,Atlantic Ocean,5969.0,5101.0,0,0,0
4998,Atlantic Ocean,5920.0,5105.0,0,0,0
4999,Indian Ocean,8143.0,5420.0,0,0,0
5000,Indian Ocean,8034.0,5436.0,0,0,0
5001,Indian Ocean,7998.0,5386.0,0,0,0
5002,Coral Sea,12535.0,4995.0,0,0,0
5003,Mozambique Channel,7988.0,5324.0,0,0,0
5004,Mozambique Channel,7980.0,5260.0,0,0,0
5005,Mozambique Channel,8013.0,5188.0,0,0,0
5006,Ob River,8987.0,710.0,0,0,0
5007,Mozambique Channel,8038.0,5073.0,0,0,0
5008,Mozambique Channel,8063.0,5012.0,0,0,0
5009,Indian Ocean,8086.0,4984.0,0,0,0
5010,Coral Sea,12516.0,4947.0,0,0,0
5011,Indian Ocean,8185.0,4953.0,0,0,0
5012,Coral Sea,12478.0,4896.0,0,0,0
5013,Indian Ocean,8146.0,4979.0,0,0,0
5015,Indian Ocean,8224.0,4938.0,0,0,0
5016,Indian Ocean,8253.0,4891.0,0,0,0
5017,Indian Ocean,8314.0,4834.0,0,0,0
5018,Coral Sea,12452.0,4854.0,0,0,0
5019,Indian Ocean,8355.0,4871.0,0,0,0
5020,Coral Sea,12412.0,4767.0,0,0,0
5021,Indian Ocean,8362.0,4932.0,0,0,0
5022,Arafura Sea,12390.0,4776.0,0,0,0
5023,Indian Ocean,8364.0,4986.0,0,0,0
5024,Indian Ocean,8340.0,5019.0,0,0,0
5025,Indian Ocean,8325.0,5004.0,0,0,0
5026,Indian Ocean,8325.0,5032.0,0,0,0
5027,Arafura Sea,12360.0,4859.0,0,0,0
5028,Indian Ocean,8312.0,5065.0,0,0,0
5029,Arafura Sea,12377.0,4933.0,0,0,0
5030,Indian Ocean,8301.0,5088.0,0,0,0
5031,Indian Ocean,8284.0,5131.0,0,0,0
5032,Indian Ocean,8262.0,5181.0,0,0,0
5033,Indian Ocean,8236.0,5234.0,0,0,0
5034,Indian Ocean,8210.0,5286.0,0,0,0
5035,Indian Ocean,8188.0,5344.0,0,0,0
5036,Indian Ocean,8173.0,5370.0,0,0,0
5037,Arabian Sea,8562.0,3941.0,0,0,0
5038,Arabian Sea,8506.0,3869.0,0,0,0
5039,sea,12120.0,6336.0,0,0,0
5040,sea,12288.0,6336.0,0,0,0
5041,Arabian Sea,8624.0,3844.0,0,0,0
5042,sea,4332.0,6360.0,0,0,0
5043,Aegean Sea,7461.0,2792.0,0,0,0
5045,Sea of Crete,7420.0,2904.0,0,0,0
5046,Mediterranean Sea,7416.0,2972.0,0,0,0
5047,sea,2568.0,6432.0,0,0,0
5048,Ob River,8969.0,722.0,0,0,0
5049,Mediterranean Sea,7503.0,2915.0,0,0,0
5050,Ob River,8973.0,740.0,0,0,0
5051,Mediterranean Sea,7326.0,2953.0,0,0,0
5052,Arafura Sea,12328.0,5018.0,0,0,0
5053,Sea of Crete,7335.0,2897.0,0,0,0
5054,Arafura Sea,12288.0,4990.0,0,0,0
5055,sea,4224.0,6480.0,0,0,0
5056,Malta Channel,6810.0,2938.0,0,0,0
5057,Mediterranean Sea,6757.0,2947.0,0,0,0
5058,sea,2712.0,6528.0,0,0,0
5059,Balearic Sea,6110.0,2665.0,0,0,0
5060,Balearic Sea,6134.0,2638.0,0,0,0
5061,Ob River,8967.0,751.0,0,0,0
5062,Mediterranean Sea,6183.0,2692.0,0,0,0
5063,Ob River,8968.0,763.0,0,0,0
5064,sea,2904.0,6576.0,0,0,0
5065,Tyrrhenian Sea,6551.0,2656.0,0,0,0
5066,Ob River,8974.0,778.0,0,0,0
5067,Tyrrhenian Sea,6544.0,2550.0,0,0,0
5068,Mediterranean Sea,6467.0,2681.0,0,0,0
5069,Ob River,8962.0,800.0,0,0,0
5070,Strait of Bonifacio,6491.0,2550.0,0,0,0
5071,sea,4044.0,6600.0,0,0,0
5072,Ob River,8971.0,796.0,0,0,0
5073,Liguere Sea,6496.0,2452.0,0,0,0
5074,sea,3060.0,6648.0,0,0,0
5075,sea,3888.0,6672.0,0,0,0
5076,sea,3228.0,6696.0,0,0,0
5077,Mediterranean Sea,6789.0,2985.0,0,0,0
5078,sea,3396.0,6696.0,0,0,0
5079,Arafura Sea,12240.0,4936.0,0,0,0
5080,sea,3660.0,6744.0,0,0,0
5081,Tyrrhenian Sea,6771.0,2817.0,0,0,0
5082,Yangtze River,11383.0,2744.0,0,0,0
5083,Ob River,8967.0,827.0,0,0,0
5084,Mediterranean Sea,6860.0,2928.0,0,0,0
5085,Yangtze River,11371.0,2752.0,0,0,0
5086,Yangtze River,11314.0,2788.0,0,0,0
5087,Arafura Sea,12227.0,4852.0,0,0,0
5088,Mediterranean Sea,6732.0,2874.0,0,0,0
5089,Mediterranean Sea,6664.0,2846.0,0,0,0
5090,Tyrrhenian Sea,6723.0,2803.0,0,0,0
5091,Tyrrhenian Sea,6828.0,2815.0,0,0,0
5092,Laccadive Sea,9703.0,3972.0,0,0,0
5093,Laccadive Sea,9728.0,4042.0,0,0,0
5094,Arafura Sea,12187.0,4810.0,0,0,0
5095,Yangtze River,11304.0,2795.0,0,0,0
5096,Bay of Bengal,9823.0,3999.0,0,0,0
5097,Timor Sea,12096.0,4790.0,0,0,0
5098,Yangtze River,11298.0,2802.0,0,0,0
5099,Yangtze River,11290.0,2798.0,0,0,0
5100,Bay of Bengal,9794.0,3901.0,0,0,0
5101,Yangtze River,11284.0,2783.0,0,0,0
5102,Yangtze River,11275.0,2779.0,0,0,0
5103,Barents Sea,7316.0,468.0,0,0,0
5104,Laccadive Sea,9706.0,3939.0,0,0,0
5105,Malacca Strait,10517.0,4045.0,0,0,0
5106,Malacca Strait,10585.0,4122.0,0,0,0
5107,Yangtze River,11264.0,2782.0,0,0,0
5108,Malacca Strait,10621.0,4169.0,0,0,0
5109,Malacca Strait,10678.0,4194.0,0,0,0
5110,Malacca Strait,10714.0,4244.0,0,0,0
5111,Malacca Strait,10748.0,4268.0,0,0,0
5112,Yangtze River,11246.0,2778.0,0,0,0
5113,Java Sea,10796.0,4313.0,0,0,0
5114,Java Sea,10786.0,4390.0,0,0,0
5115,Java Sea,10814.0,4357.0,0,0,0
5116,Yangtze River,11236.0,2785.0,0,0,0
5117,Java Sea,10869.0,4442.0,0,0,0
5118,Yangtze River,11210.0,2787.0,0,0,0
5119,Bay of Bengal,9789.0,3573.0,0,0,0
5120,Indian Ocean,10746.0,4509.0,0,0,0
5121,Indian Ocean,10691.0,4466.0,0,0,0
5122,Indian Ocean,10645.0,4414.0,0,0,0
5123,Indian Ocean,10610.0,4351.0,0,0,0
5124,Krishna River,9780.0,3566.0,0,0,0
5125,Krishna River,9778.0,3534.0,0,0,0
5126,Timor Sea,11997.0,4818.0,0,0,0
5127,Indian Ocean,10552.0,4271.0,0,0,0
5128,Indian Ocean,10533.0,4215.0,0,0,0
5129,Indian Ocean,10465.0,4166.0,0,0,0
5130,Krishna River,9762.0,3521.0,0,0,0
5131,Krishna River,9746.0,3522.0,0,0,0
5132,Bay of Bengal,10390.0,4050.0,0,0,0
5133,Bay of Bengal,10415.0,4016.0,0,0,0
5134,Krishna River,9725.0,3520.0,0,0,0
5135,Timor Sea,11972.0,4893.0,0,0,0
5136,Krishna River,9703.0,3529.0,0,0,0
5137,Java Sea,10923.0,4511.0,0,0,0
5138,Timor Sea,11952.0,4931.0,0,0,0
5139,Java Sea,10870.0,4495.0,0,0,0
5140,Krishna River,9675.0,3527.0,0,0,0
5141,Indian Ocean,10819.0,4561.0,0,0,0
5142,Indian Ocean,10873.0,4570.0,0,0,0
5143,Indus River,9144.0,3189.0,0,0,0
5144,Timor Sea,11902.0,4883.0,0,0,0
5145,Timor Sea,11834.0,4930.0,0,0,0
5146,Timor Sea,11781.0,4984.0,0,0,0
5147,Indian Ocean,10956.0,4602.0,0,0,0
5148,Indian Ocean,11004.0,4603.0,0,0,0
5149,Indus River,9152.0,3177.0,0,0,0
5150,Indian Ocean,11094.0,4623.0,0,0,0
5151,Indus River,9158.0,3161.0,0,0,0
5152,Indian Ocean,11159.0,4631.0,0,0,0
5153,Indian Ocean,11215.0,4635.0,0,0,0
5154,Indian Ocean,11254.0,4639.0,0,0,0
5155,Java Sea,11248.0,4605.0,0,0,0
5156,Java Sea,11246.0,4591.0,0,0,0
5157,Indus River,9191.0,3147.0,0,0,0
5158,Java Sea,11182.0,4570.0,0,0,0
5159,Indus River,9201.0,3129.0,0,0,0
5160,Java Sea,11105.0,4524.0,0,0,0
5161,Indus River,9179.0,3123.0,0,0,0
5162,Barents Sea,8439.0,468.0,0,0,0
5163,Indus River,9173.0,3111.0,0,0,0
5164,Java Sea,11017.0,4546.0,0,0,0
5165,Java Sea,10987.0,4524.0,0,0,0
5166,Java Sea,10951.0,4515.0,0,0,0
5167,Java Sea,11281.0,4599.0,0,0,0
5168,Java Sea,11310.0,4612.0,0,0,0
5169,Timor Sea,11713.0,5070.0,0,0,0
5170,Indus River,9160.0,3110.0,0,0,0
5171,Great Australian Bight,12499.0,5960.0,0,0,0
5172,Barents Sea,8611.0,468.0,0,0,0
5173,Great Australian Bight,12481.0,5887.0,0,0,0
5174,Indus River,9146.0,3100.0,0,0,0
5175,Tasman Sea,12578.0,5901.0,0,0,0
5176,Tasman Sea,12636.0,5884.0,0,0,0
5177,Chukchi Sea,85.0,483.0,0,0,0
5178,Tasman Sea,12658.0,5907.0,0,0,0
5179,Barents Sea,8291.0,483.0,0,0,0
5180,Tasman Sea,12651.0,5939.0,0,0,0
5181,Indus River,9154.0,3085.0,0,0,0
5182,Indus River,9158.0,3064.0,0,0,0
5183,Indus River,9175.0,3052.0,0,0,0
5184,Indus River,9178.0,3033.0,0,0,0
5185,Indian Ocean,11331.0,4655.0,0,0,0
5186,Indian Ocean,11387.0,4657.0,0,0,0
5187,Indus River,9184.0,3023.0,0,0,0
5188,Indus River,9197.0,3017.0,0,0,0
5189,Indus River,9204.0,3004.0,0,0,0
5190,Indus River,9218.0,2992.0,0,0,0
5191,Indian Ocean,11450.0,4640.0,0,0,0
5192,Flores Sea,11445.0,4614.0,0,0,0
5193,Indus River,9221.0,2981.0,0,0,0
5194,Flores Sea,11430.0,4603.0,0,0,0
5195,Flores Sea,11410.0,4611.0,0,0,0
5196,Flores Sea,11393.0,4600.0,0,0,0
5197,Sea of Azov,7808.0,1995.0,0,0,0
5198,Flores Sea,11469.0,4625.0,0,0,0
5199,Java Sea,11349.0,4614.0,0,0,0
5200,Tasman Sea,12607.0,6025.0,0,0,0
5201,Volga,7817.0,1970.0,0,0,0
5202,Volga,7806.0,1959.0,0,0,0
5203,Indian Ocean,11488.0,4657.0,0,0,0
5204,Indian Ocean,11467.0,4654.0,0,0,0
5205,Coral Sea,12606.0,4673.0,0,0,0
5206,Volga,7804.0,1941.0,0,0,0
5207,Indian Ocean,11440.0,4673.0,0,0,0
5208,East Siberian Sea,13377.0,483.0,0,0,0
5209,Indian Ocean,11471.0,4681.0,0,0,0
5210,Pacific Ocean,13188.0,6230.0,0,0,0
5211,Bay of Bengal,10411.0,3646.0,0,0,0
5212,Volga,7821.0,1939.0,0,0,0
5213,Tasman Sea,12567.0,6049.0,0,0,0
5214,Great Australian Bight,12529.0,6019.0,0,0,0
5215,Volga,7844.0,1950.0,0,0,0
5216,South China Sea,11439.0,3419.0,0,0,0
5217,Indian Ocean,11489.0,4689.0,0,0,0
5218,Volga,7866.0,1944.0,0,0,0
5219,Indian Ocean,11499.0,4680.0,0,0,0
5220,Flores Sea,11489.0,4607.0,0,0,0
5221,Volga,7920.0,1969.0,0,0,0
5222,Flores Sea,11564.0,4620.0,0,0,0
5223,Volga,7943.0,1963.0,0,0,0
5224,Banda Sea,11605.0,4603.0,0,0,0
5225,Barents Sea,7441.0,499.0,0,0,0
5226,Flores Sea,11613.0,4622.0,0,0,0
5227,Indian Ocean,11584.0,4643.0,0,0,0
5228,Indian Ocean,11552.0,4650.0,0,0,0
5229,Volga,7961.0,1974.0,0,0,0
5230,Indian Ocean,11626.0,4684.0,0,0,0
5231,Indian Ocean,11643.0,4664.0,0,0,0
5232,Banda Sea,11711.0,4619.0,0,0,0
5233,Volga,7986.0,1976.0,0,0,0
5234,Banda Sea,11805.0,4602.0,0,0,0
5235,Volga,8009.0,1966.0,0,0,0
5236,Timor Sea,11731.0,4657.0,0,0,0
5237,Volga,8028.0,1968.0,0,0,0
5238,Timor Sea,11668.0,4723.0,0,0,0
5239,Indian Ocean,11623.0,4717.0,0,0,0
5240,Indian Ocean,11606.0,4702.0,0,0,0
5241,Volga,8043.0,1964.0,0,0,0
5242,Pacific Ocean,11542.0,3422.0,0,0,0
5243,Indian Ocean,11571.0,4731.0,0,0,0
5244,Indian Ocean,11583.0,4717.0,0,0,0
5245,Java Sea,10994.0,4267.0,0,0,0
5246,South China Sea,10990.0,4197.0,0,0,0
5247,Volga,8064.0,1977.0,0,0,0
5248,South China Sea,11081.0,4174.0,0,0,0
5249,South China Sea,11113.0,4151.0,0,0,0
5250,South China Sea,11182.0,4125.0,0,0,0
5251,Volga,8076.0,1980.0,0,0,0
5252,Pacific Ocean,11548.0,3482.0,0,0,0
5253,South China Sea,11245.0,4040.0,0,0,0
5254,South China Sea,11315.0,3976.0,0,0,0
5255,Ob River,8962.0,848.0,0,0,0
5257,Pacific Ocean,11552.0,3513.0,0,0,0
5258,Celebes Sea,11395.0,3978.0,0,0,0
5259,South China Sea,11373.0,3946.0,0,0,0
5260,Celebes Sea,11426.0,4017.0,0,0,0
5261,Celebes Sea,11469.0,4039.0,0,0,0
5262,Volga,8077.0,1971.0,0,0,0
5263,Volga,8103.0,1964.0,0,0,0
5264,Volga,8134.0,1980.0,0,0,0
5265,Volga,8167.0,1974.0,0,0,0
5266,Celebes Sea,11407.0,4115.0,0,0,0
5267,Volga,8178.0,1961.0,0,0,0
5268,Celebes Sea,11425.0,4215.0,0,0,0
5269,Volga,8176.0,1950.0,0,0,0
5270,Makassar Strait,11402.0,4262.0,0,0,0
5271,Makassar Strait,11390.0,4310.0,0,0,0
5272,Volga,8186.0,1936.0,0,0,0
5273,Makassar Strait,11347.0,4347.0,0,0,0
5274,Pacific Ocean,11518.0,3576.0,0,0,0
5275,Volga,8188.0,1924.0,0,0,0
5276,Makassar Strait,11336.0,4431.0,0,0,0
5277,Java Sea,11281.0,4472.0,0,0,0
5278,Volga,8196.0,1924.0,0,0,0
5279,Java Sea,11241.0,4458.0,0,0,0
5280,Volga,8216.0,1938.0,0,0,0
5281,Java Sea,11185.0,4439.0,0,0,0
5282,Volga,8219.0,1957.0,0,0,0
5283,Java Sea,11109.0,4434.0,0,0,0
5284,Volga,8237.0,1990.0,0,0,0
5285,Java Sea,11036.0,4387.0,0,0,0
5286,Volga,8255.0,1998.0,0,0,0
5287,Volga,8277.0,2019.0,0,0,0
5288,Java Sea,10999.0,4313.0,0,0,0
5289,Celebes Sea,11677.0,4209.0,0,0,0
5290,Celebes Sea,11735.0,4190.0,0,0,0
5291,Celebes Sea,11744.0,4212.0,0,0,0
5292,Maluku Sea,11707.0,4257.0,0,0,0
5293,Volga,8307.0,2033.0,0,0,0
5294,Volga,8325.0,2039.0,0,0,0
5295,Volga,8334.0,2057.0,0,0,0
5296,Maluku Sea,11519.0,4284.0,0,0,0
5297,Maluku Sea,11535.0,4317.0,0,0,0
5298,Volga,8337.0,2071.0,0,0,0
5299,Celebes Sea,11530.0,4187.0,0,0,0
5300,Celebes Sea,11467.0,4240.0,0,0,0
5301,Caspian Sea,8355.0,2103.0,0,0,0
5302,Makassar Strait,11456.0,4297.0,0,0,0
5303,Rhein,6304.0,1768.0,0,0,0
5304,Makassar Strait,11419.0,4398.0,0,0,0
5305,Rhein,6311.0,1773.0,0,0,0
5306,Barents Sea,8158.0,499.0,0,0,0
5307,Makassar Strait,11446.0,4439.0,0,0,0
5308,Rhein,6325.0,1777.0,0,0,0
5309,Rhein,6331.0,1774.0,0,0,0
5310,Flores Sea,11451.0,4485.0,0,0,0
5311,Flores Sea,11436.0,4518.0,0,0,0
5312,Rhein,6343.0,1778.0,0,0,0
5313,Flores Sea,11498.0,4537.0,0,0,0
5314,Rhein,6357.0,1774.0,0,0,0
5315,Gulf of Boni,11519.0,4502.0,0,0,0
5316,Gulf of Boni,11520.0,4470.0,0,0,0
5317,Gulf of Boni,11516.0,4438.0,0,0,0
5318,Gulf of Boni,11516.0,4399.0,0,0,0
5319,Rhein,6366.0,1770.0,0,0,0
5320,Rhein,6374.0,1770.0,0,0,0
5321,Black Sea,7490.0,2180.0,0,0,0
5322,Norwegian Sea,6918.0,514.0,0,0,0
5323,Donau,7466.0,2170.0,0,0,0
5324,Flores Sea,11578.0,4516.0,0,0,0
5325,Banda Sea,11636.0,4455.0,0,0,0
5326,Banda Sea,11599.0,4429.0,0,0,0
5327,Banda Sea,11593.0,4386.0,0,0,0
5328,Donau,7450.0,2177.0,0,0,0
5329,Banda Sea,11609.0,4343.0,0,0,0
5330,Donau,7449.0,2191.0,0,0,0
5331,Banda Sea,11666.0,4309.0,0,0,0
5332,Donau,7426.0,2201.0,0,0,0
5333,Maluku Sea,11557.0,4290.0,0,0,0
5334,Maluku Sea,11610.0,4294.0,0,0,0
5335,Donau,7412.0,2226.0,0,0,0
5336,Bering Sea,370.0,850.0,0,0,0
5337,Maluku Sea,11605.0,4259.0,0,0,0
5338,Yukon River,463.0,852.0,0,0,0
5339,South China Sea,10937.0,3468.0,0,0,0
5340,Yukon River,572.0,831.0,0,0,0
5341,Barents Sea,7706.0,530.0,0,0,0
5342,South China Sea,11010.0,3489.0,0,0,0
5343,Yukon River,614.0,804.0,0,0,0
5344,South China Sea,11068.0,3401.0,0,0,0
5345,Yukon River,638.0,813.0,0,0,0
5346,Yukon River,689.0,808.0,0,0,0
5347,Yukon River,719.0,802.0,0,0,0
5348,South China Sea,11421.0,3185.0,0,0,0
5349,Pacific Ocean,1219.0,1729.0,0,0,0
5350,Yukon River,742.0,803.0,0,0,0
5351,Yukon River,761.0,806.0,0,0,0
5352,Yukon River,803.0,798.0,0,0,0
5353,Yukon River,817.0,774.0,0,0,0
5354,Yukon River,834.0,758.0,0,0,0
5355,Pacific Ocean,11647.0,3671.0,0,0,0
5356,Pacific Ocean,11637.0,3701.0,0,0,0
5357,Yukon River,851.0,748.0,0,0,0
5358,Pacific Ocean,11586.0,3669.0,0,0,0
5359,Pacific Ocean,11566.0,3684.0,0,0,0
5360,Pacific Ocean,11552.0,3659.0,0,0,0
5361,Barents Sea,7862.0,530.0,0,0,0
5362,Yukon River,898.0,746.0,0,0,0
5363,Yukon River,914.0,721.0,0,0,0
5364,Pacific Ocean,11526.0,3665.0,0,0,0
5365,Yukon River,914.0,704.0,0,0,0
5366,Yukon River,950.0,684.0,0,0,0
5367,South China Sea,11478.0,3660.0,0,0,0
5368,Yukon River,973.0,684.0,0,0,0
5369,Yukon River,977.0,798.0,0,0,0
5370,South China Sea,11472.0,3634.0,0,0,0
5371,South China Sea,11413.0,3601.0,0,0,0
5372,Yukon River,1006.0,785.0,0,0,0
5373,Yukon River,1043.0,768.0,0,0,0
5374,South China Sea,11436.0,3521.0,0,0,0
5375,Yukon River,1070.0,759.0,0,0,0
5376,Yukon River,1111.0,757.0,0,0,0
5377,Yukon River,1136.0,765.0,0,0,0
5378,Barents Sea,7995.0,546.0,0,0,0
5379,South China Sea,11469.0,3700.0,0,0,0
5380,Yukon River,1154.0,783.0,0,0,0
5381,Yukon River,1170.0,786.0,0,0,0
5382,Red Sea,7983.0,3632.0,0,0,0
5383,Pacific Ocean,11540.0,3696.0,0,0,0
5384,Yukon River,1170.0,802.0,0,0,0
5385,Greenland Sea,5374.0,577.0,0,0,0
5386,Yukon River,1163.0,834.0,0,0,0
5387,Snake River,1265.0,1730.0,0,0,0
5388,Norwegian Sea,6762.0,577.0,0,0,0
5389,Snake River,1282.0,1727.0,0,0,0
5390,Snake River,1325.0,1739.0,0,0,0
5391,Snake River,1341.0,1749.0,0,0,0
5392,Red Sea,8067.0,3755.0,0,0,0
5393,Pacific Ocean,11583.0,3733.0,0,0,0
5394,Norwegian Sea,6669.0,702.0,0,0,0
5395,Greenland Sea,5304.0,717.0,0,0,0
5396,Snake River,1359.0,1749.0,0,0,0
5397,Norwegian Sea,5499.0,764.0,0,0,0
5398,Norwegian Sea,5662.0,842.0,0,0,0
5399,Norwegian Sea,6630.0,842.0,0,0,0
5400,Pacific Ocean,11636.0,3721.0,0,0,0
5401,Bering Sea,13377.0,889.0,0,0,0
5402,Snake River,1382.0,1735.0,0,0,0
5403,Snake River,1400.0,1727.0,0,0,0
5404,Norwegian Sea,6528.0,920.0,0,0,0
5405,Snake River,1407.0,1713.0,0,0,0
5406,Snake River,1406.0,1702.0,0,0,0
5407,Snake River,1417.0,1705.0,0,0,0
5408,Pacific Ocean,11653.0,3765.0,0,0,0
5409,Denmark Strait,5085.0,936.0,0,0,0
5410,Snake River,1439.0,1704.0,0,0,0
5411,Snake River,1465.0,1697.0,0,0,0
5412,Snake River,1477.0,1691.0,0,0,0
5413,Snake River,1470.0,1672.0,0,0,0
5414,Snake River,1456.0,1666.0,0,0,0
5415,Snake River,1453.0,1648.0,0,0,0
5416,Snake River,1459.0,1622.0,0,0,0
5417,Atlantic Ocean,4555.0,967.0,0,0,0
5418,Pacific Ocean,11700.0,3841.0,0,0,0
5419,Snake River,1460.0,1607.0,0,0,0
5420,Atlantic Ocean,5756.0,967.0,0,0,0
5421,Snake River,1468.0,1598.0,0,0,0
5422,Snake River,1473.0,1584.0,0,0,0
5423,Bering Sea,13135.0,967.0,0,0,0
5424,Snake River,1491.0,1568.0,0,0,0
5425,Pacific Ocean,11668.0,3864.0,0,0,0
5426,Norwegian Sea,5889.0,982.0,0,0,0
5427,Snake River,1515.0,1556.0,0,0,0
5428,Pacific Ocean,11612.0,3868.0,0,0,0
5429,Indian Ocean,11010.0,4681.0,0,0,0
5430,South China Sea,11577.0,3924.0,0,0,0
5431,Celebes Sea,11569.0,3971.0,0,0,0
5432,Mississippi River,2929.0,2698.0,0,0,0
5433,Bering Sea,12940.0,982.0,0,0,0
5434,Mississippi River,2917.0,2684.0,0,0,0
5435,Hudson Bay,3432.0,998.0,0,0,0
5436,Mississippi River,2914.0,2676.0,0,0,0
5437,Mississippi River,2917.0,2670.0,0,0,0
5438,Mississippi River,2904.0,2667.0,0,0,0
5439,Denmark Strait,4976.0,1029.0,0,0,0
5440,Mississippi River,2893.0,2656.0,0,0,0
5441,Celebes Sea,11666.0,3944.0,0,0,0
5442,Denmark Strait,5116.0,1060.0,0,0,0
5443,Mississippi River,2885.0,2636.0,0,0,0
5444,Celebes Sea,11667.0,4004.0,0,0,0
5445,Mississippi River,2879.0,2628.0,0,0,0
5446,Mississippi River,2864.0,2623.0,0,0,0
5447,Mississippi River,2862.0,2616.0,0,0,0
5448,Celebes Sea,11740.0,4021.0,0,0,0
5449,Davao Gulf,11755.0,3982.0,0,0,0
5450,North Sea,6060.0,1076.0,0,0,0
5451,Davao Gulf,11727.0,3964.0,0,0,0
5452,Atlantic Ocean,4626.0,1103.0,0,0,0
5453,Davao Gulf,11737.0,3942.0,0,0,0
5454,Mississippi River,2870.0,2574.0,0,0,0
5455,North Sea,6364.0,1123.0,0,0,0
5456,Mississippi River,2853.0,2544.0,0,0,0
5457,Sea of Okhotsk,12277.0,1123.0,0,0,0
5458,Mississippi River,2853.0,2530.0,0,0,0
5459,Mississippi River,2862.0,2522.0,0,0,0
5460,Labrador Sea,4836.0,1154.0,0,0,0
5461,Pacific Ocean,11786.0,3905.0,0,0,0
5462,Pacific Ocean,11761.0,3861.0,0,0,0
5463,Pacific Ocean,11727.0,3809.0,0,0,0
5464,Mississippi River,2862.0,2512.0,0,0,0
5465,Pacific Ocean,11714.0,3764.0,0,0,0
5466,Mississippi River,2864.0,2506.0,0,0,0
5467,Mississippi River,2862.0,2500.0,0,0,0
5468,Pacific Ocean,11694.0,3687.0,0,0,0
5469,Mississippi River,2874.0,2492.0,0,0,0
5470,Mississippi River,2875.0,2457.0,0,0,0
5471,Bering Sea,12838.0,1154.0,0,0,0
5472,South China Sea,11550.0,3784.0,0,0,0
5473,Mississippi River,2878.0,2445.0,0,0,0
5474,Atlantic Ocean,5187.0,1170.0,0,0,0
5475,South China Sea,11529.0,3738.0,0,0,0
5476,South China Sea,11555.0,3814.0,0,0,0
5477,Mississippi River,2884.0,2439.0,0,0,0
5478,Mississippi River,2906.0,2426.0,0,0,0
5479,Pacific Ocean,11610.0,3760.0,0,0,0
5480,Mississippi River,2913.0,2418.0,0,0,0
5481,Mississippi River,2915.0,2395.0,0,0,0
5482,Gulf of Alaska,904.0,1185.0,0,0,0
5483,Mississippi River,2920.0,2390.0,0,0,0
5484,Mississippi River,2940.0,2387.0,0,0,0
5485,Pacific Ocean,11627.0,3775.0,0,0,0
5486,Pacific Ocean,11620.0,3810.0,0,0,0
5487,Colorado River,1693.0,2553.0,0,0,0
5488,Colorado River,1699.0,2539.0,0,0,0
5489,South China Sea,11564.0,3840.0,0,0,0
5490,Pacific Ocean,12087.0,3995.0,0,0,0
5491,Pacific Ocean,12062.0,4041.0,0,0,0
5492,Pacific Ocean,12028.0,4052.0,0,0,0
5493,Pacific Ocean,12036.0,4015.0,0,0,0
5494,Sea of Okhotsk,12058.0,1185.0,0,0,0
5495,Pacific Ocean,12056.0,3981.0,0,0,0
5496,Pacific Ocean,12078.0,3963.0,0,0,0
5497,Colorado River,1703.0,2526.0,0,0,0
5498,Pacific Ocean,12487.0,3755.0,0,0,0
5499,Pacific Ocean,12530.0,3695.0,0,0,0
5500,Pacific Ocean,12639.0,3564.0,0,0,0
5501,Pacific Ocean,12605.0,3670.0,0,0,0
5502,Colorado River,1689.0,2519.0,0,0,0
5503,Pacific Ocean,12550.0,3640.0,0,0,0
5504,Pacific Ocean,12587.0,3533.0,0,0,0
5505,Pacific Ocean,12673.0,3636.0,0,0,0
5506,Sea of Okhotsk,11926.0,1201.0,0,0,0
5507,Pacific Ocean,12592.0,3610.0,0,0,0
5508,Pacific Ocean,12744.0,3546.0,0,0,0
5509,Pacific Ocean,12691.0,3478.0,0,0,0
5510,Colorado River,1691.0,2490.0,0,0,0
5511,Colorado River,1704.0,2482.0,0,0,0
5512,Atlantic Ocean,5382.0,1216.0,0,0,0
5513,Colorado River,1696.0,2456.0,0,0,0
5514,Colorado River,1716.0,2435.0,0,0,0
5515,Colorado River,1718.0,2422.0,0,0,0
5516,Pacific Ocean,13258.0,3262.0,0,0,0
5517,Pacific Ocean,13196.0,3294.0,0,0,0
5518,Pacific Ocean,13280.0,3331.0,0,0,0
5519,Pacific Ocean,12843.0,3978.0,0,0,0
5520,Colorado River,1696.0,2405.0,0,0,0
5521,Colorado River,1688.0,2385.0,0,0,0
5522,Atlantic Ocean,5522.0,1216.0,0,0,0
5523,Pacific Ocean,12879.0,4004.0,0,0,0
5524,Pacific Ocean,12881.0,3957.0,0,0,0
5525,Colorado River,1729.0,2362.0,0,0,0
5526,Pacific Ocean,12955.0,3928.0,0,0,0
5527,Colorado River,1740.0,2367.0,0,0,0
5528,Pacific Ocean,12925.0,3968.0,0,0,0
5529,North Sea,6302.0,1248.0,0,0,0
5530,Pacific Ocean,12903.0,3948.0,0,0,0
5531,Colorado River,1752.0,2367.0,0,0,0
5532,Pacific Ocean,12961.0,3999.0,0,0,0
5533,Pacific Ocean,13076.0,4020.0,0,0,0
5534,Pacific Ocean,13062.0,3968.0,0,0,0
5535,Pacific Ocean,13093.0,3992.0,0,0,0
5536,Pacific Ocean,13048.0,4004.0,0,0,0
5537,Gulf of Alaska,460.0,1263.0,0,0,0
5538,Pacific Ocean,13168.0,3874.0,0,0,0
5539,North Sea,6138.0,1263.0,0,0,0
5540,Pacific Ocean,13169.0,3938.0,0,0,0
5541,Atlantic Ocean,4796.0,1291.0,0,0,0
5542,Pacific Ocean,13134.0,3909.0,0,0,0
5543,Pacific Ocean,13193.0,3912.0,0,0,0
5544,Pacific Ocean,13463.0,4029.0,0,0,0
5545,Pacific Ocean,13473.0,3986.0,0,0,0
5546,Pacific Ocean,13493.0,4018.0,0,0,0
5547,Pacific Ocean,13430.0,3997.0,0,0,0
5548,Bering Sea,12682.0,1279.0,0,0,0
5549,Pacific Ocean,13260.0,3991.0,0,0,0
5550,Gulf of Alaska,951.0,1310.0,0,0,0
5551,Pacific Ocean,13272.0,3928.0,0,0,0
5552,Pacific Ocean,13314.0,3971.0,0,0,0
5553,Pacific Ocean,13219.0,3968.0,0,0,0
5554,Colorado River,1771.0,2351.0,0,0,0
5555,Sea of Okhotsk,12105.0,1310.0,0,0,0
5556,Colorado River,1781.0,2356.0,0,0,0
5557,Pacific Ocean,13481.0,4791.0,0,0,0
5558,Pacific Ocean,13463.0,4804.0,0,0,0
5559,Colorado River,1794.0,2351.0,0,0,0
5560,Sea of Okhotsk,12277.0,1310.0,0,0,0
5561,Colorado River,1804.0,2348.0,0,0,0
5562,Gulf of Alaska,312.0,1341.0,0,0,0
5563,Pacific Ocean,13513.0,4801.0,0,0,0
5564,Colorado River,1823.0,2352.0,0,0,0
5565,Colorado River,1843.0,2368.0,0,0,0
5566,Atlantic Ocean,5553.0,1341.0,0,0,0
5567,Pacific Ocean,13534.0,4834.0,0,0,0
5568,Colorado River,1847.0,2354.0,0,0,0
5569,Pacific Ocean,13403.0,4953.0,0,0,0
5570,Colorado River,1841.0,2348.0,0,0,0
5571,Pacific Ocean,13314.0,4960.0,0,0,0
5572,Gulf of Alaska,171.0,1372.0,0,0,0
5573,Colorado River,1837.0,2330.0,0,0,0
5574,Pacific Ocean,13364.0,4903.0,0,0,0
5575,Pacific Ocean,13413.0,4895.0,0,0,0
5576,Atlantic Ocean,4898.0,1372.0,0,0,0
5577,Colorado River,1854.0,2319.0,0,0,0
5578,Colorado River,1853.0,2306.0,0,0,0
5579,Colorado River,1836.0,2295.0,0,0,0
5580,Colorado River,1822.0,2295.0,0,0,0
5581,Pacific Ocean,13207.0,4841.0,0,0,0
5582,North Sea,6286.0,1394.0,0,0,0
5583,Pacific Ocean,13164.0,4823.0,0,0,0
5584,Colorado River,1815.0,2282.0,0,0,0
5585,Pacific Ocean,12581.0,1388.0,0,0,0
5586,Colorado River,1827.0,2272.0,0,0,0
5587,Colorado River,1837.0,2252.0,0,0,0
5588,North Sea,6162.0,1404.0,0,0,0
5589,Colorado River,1841.0,2240.0,0,0,0
5590,Colorado River,1839.0,2229.0,0,0,0
5591,Pacific Ocean,1021.0,1419.0,0,0,0
5592,Colorado River,1826.0,2213.0,0,0,0
5593,Sea of Okhotsk,12136.0,1435.0,0,0,0
5594,Solomon Sea,13167.0,4896.0,0,0,0
5595,Colorado River,1827.0,2196.0,0,0,0
5596,Atlantic Ocean,5428.0,1466.0,0,0,0
5597,Solomon Sea,13205.0,4890.0,0,0,0
5598,Atlantic Ocean,4945.0,1497.0,0,0,0
5599,Colorado River,1850.0,2187.0,0,0,0
5600,Colorado River,1870.0,2186.0,0,0,0
5601,Solomon Sea,13203.0,4955.0,0,0,0
5602,Colorado River,1884.0,2179.0,0,0,0
5603,Solomon Sea,13197.0,4916.0,0,0,0
5604,Colorado River,1893.0,2180.0,0,0,0
5605,Colorado River,1915.0,2165.0,0,0,0
5606,Colorado River,1934.0,2155.0,0,0,0
5607,Colorado River,1694.0,2376.0,0,0,0
5608,Colorado River,1694.0,2347.0,0,0,0
5609,Pacific Ocean,13154.0,5090.0,0,0,0
5610,Pacific Ocean,13118.0,5038.0,0,0,0
5611,Colorado River,1697.0,2330.0,0,0,0
5612,Colorado River,1708.0,2312.0,0,0,0
5613,Pacific Ocean,13195.0,5093.0,0,0,0
5614,Pacific Ocean,13167.0,5058.0,0,0,0
5615,Pacific Ocean,13182.0,5032.0,0,0,0
5616,Pacific Ocean,13231.0,5050.0,0,0,0
5617,Rio Amazonas,4278.0,4199.0,0,0,0
5618,Pacific Ocean,13090.0,6271.0,0,0,0
5619,Rio Amazonas,4255.0,4245.0,0,0,0
5620,Foveaux Strait,12968.0,6312.0,0,0,0
5621,Southern Ocean,12862.0,6261.0,0,0,0
5622,Pacific Ocean,12495.0,1497.0,0,0,0
5623,Kattegat,6735.0,1521.0,0,0,0
5624,North Sea,6232.0,1513.0,0,0,0
5625,Tasman Sea,12901.0,6148.0,0,0,0
5626,Tasman Sea,12970.0,6102.0,0,0,0
5627,Tasman Sea,13033.0,6076.0,0,0,0
5628,Tasman Sea,13087.0,6035.0,0,0,0
5629,Tasman Sea,13115.0,6020.0,0,0,0
5630,Tasman Sea,13146.0,5960.0,0,0,0
5631,Tasman Sea,13182.0,5895.0,0,0,0
5632,Rio Amazonas,4188.0,4258.0,0,0,0
5633,Cook Strait,13286.0,5907.0,0,0,0
5634,Fitzroy Bay,13314.0,5939.0,0,0,0
5635,Pacific Ocean,13301.0,6000.0,0,0,0
5636,Pacific Ocean,13261.0,6054.0,0,0,0
5637,Pacific Ocean,1053.0,1544.0,0,0,0
5638,Pegasus Bay,13219.0,6079.0,0,0,0
5639,Sea of Okhotsk,12168.0,1560.0,0,0,0
5640,Pegasus Bay,13217.0,6094.0,0,0,0
5641,Pacific Ocean,13224.0,6116.0,0,0,0
5642,Atlantic Ocean,4921.0,1638.0,0,0,0
5643,Rio Amazonas,4155.0,4281.0,0,0,0
5644,Atlantic Ocean,5405.0,1638.0,0,0,0
5645,Canterbury Bight,13148.0,6142.0,0,0,0
5646,Pacific Ocean,13120.0,6188.0,0,0,0
5647,Pacific Ocean,1076.0,1684.0,0,0,0
5648,Sea of Okhotsk,12257.0,1676.0,0,0,0
5649,Atlantic Ocean,4570.0,1716.0,0,0,0
5650,Rio Amazonas,4113.0,4237.0,0,0,0
5651,Atlantic Ocean,4695.0,1747.0,0,0,0
5652,Pacific Ocean,12313.0,1802.0,0,0,0
5653,Rio Amazonas,4073.0,4247.0,0,0,0
5654,Atlantic Ocean,4453.0,1825.0,0,0,0
5655,Pacific Ocean,13106.0,6215.0,0,0,0
5656,Cook Strait,13344.0,5894.0,0,0,0
5657,Tasman Sea,13283.0,5854.0,0,0,0
5658,Tasman Sea,13272.0,5804.0,0,0,0
5659,Pacific Ocean,1060.0,1840.0,0,0,0
5660,Rio Amazonas,4047.0,4238.0,0,0,0
5661,Pacific Ocean,12433.0,1840.0,0,0,0
5662,Tasman Sea,13328.0,5762.0,0,0,0
5663,Tasman Sea,13339.0,5701.0,0,0,0
5664,Tasman Sea,13321.0,5633.0,0,0,0
5665,Atlantic Ocean,4313.0,1887.0,0,0,0
5666,Tasman Sea,13326.0,5595.0,0,0,0
5667,Rio Amazonas,4015.0,4250.0,0,0,0
5668,Rio Amazonas,3994.0,4263.0,0,0,0
5669,Pacific Ocean,13238.0,5451.0,0,0,0
5670,Rio Amazonas,3970.0,4257.0,0,0,0
5671,Atlantic Ocean,5506.0,1859.0,0,0,0
5672,Atlantic Ocean,4065.0,1909.0,0,0,0
5673,Atlantic Ocean,5639.0,1950.0,0,0,0
5674,Rio Amazonas,3946.0,4263.0,0,0,0
5675,Pacific Ocean,13355.0,5532.0,0,0,0
5676,Pacific Ocean,13363.0,5577.0,0,0,0
5677,Rio Amazonas,3927.0,4283.0,0,0,0
5678,Kiel Canal,6583.0,1668.0,0,0,0
5679,Kiel Canal,6608.0,1667.0,0,0,0
5680,Pacific Ocean,13434.0,5648.0,0,0,0
5681,Pacific Ocean,13471.0,5699.0,0,0,0
5682,Pacific Ocean,13525.0,5691.0,0,0,0
5683,Pacific Ocean,13559.0,5697.0,0,0,0
5684,Pacific Ocean,1053.0,1981.0,0,0,0
5685,Pacific Ocean,13547.0,5782.0,0,0,0
5686,Kiel Canal,6627.0,1667.0,0,0,0
5687,Pacific Ocean,13483.0,5861.0,0,0,0
5688,Kiel Canal,6642.0,1675.0,0,0,0
5689,Pacific Ocean,13440.0,5913.0,0,0,0
5690,Pacific Ocean,12425.0,1981.0,0,0,0
5691,Kiel Canal,6659.0,1677.0,0,0,0
5692,Pacific Ocean,13357.0,5976.0,0,0,0
5693,Banda Sea,11987.0,4208.0,0,0,0
5694,Pacific Ocean,12094.0,4219.0,0,0,0
5695,Atlantic Ocean,4024.0,2059.0,0,0,0
5696,Kiel Canal,6675.0,1672.0,0,0,0
5697,Bay of Biscay,5688.0,2107.0,0,0,0
5698,Pacific Ocean,12124.0,4308.0,0,0,0
5699,Kiel Canal,6681.0,1658.0,0,0,0
5700,Pacific Ocean,12207.0,4299.0,0,0,0
5701,Pacific Ocean,12290.0,4256.0,0,0,0
5702,Pacific Ocean,12373.0,4295.0,0,0,0
5703,Pacific Ocean,12433.0,4315.0,0,0,0
5704,Pacific Ocean,12535.0,4347.0,0,0,0
5705,Bismarck Sea,12604.0,4379.0,0,0,0
5706,Bismarck Sea,12652.0,4417.0,0,0,0
5707,Bismarck Sea,12658.0,4449.0,0,0,0
5708,Bismarck Sea,12711.0,4472.0,0,0,0
5709,Solomon Sea,12766.0,4491.0,0,0,0
5710,Ob River,8966.0,863.0,0,0,0
5711,Atlantic Ocean,6650.0,4640.0,0,0,0
5712,Solomon Sea,12740.0,4562.0,0,0,0
5713,Congo River,6691.0,4633.0,0,0,0
5714,Atlantic Ocean,5514.0,2106.0,0,0,0
5715,Congo River,6713.0,4621.0,0,0,0
5716,Pacific Ocean,12341.0,2069.0,0,0,0
5717,Solomon Sea,12821.0,4622.0,0,0,0
5718,Congo River,6727.0,4623.0,0,0,0
5719,Solomon Sea,12931.0,4690.0,0,0,0
5720,Coral Sea,12842.0,4730.0,0,0,0
5721,Atlantic Ocean,3884.0,2121.0,0,0,0
5722,Congo River,6734.0,4629.0,0,0,0
5723,Congo River,6758.0,4626.0,0,0,0
5724,Coral Sea,12691.0,4637.0,0,0,0
5725,Coral Sea,12658.0,4605.0,0,0,0
5726,Coral Sea,12603.0,4577.0,0,0,0
5727,Congo River,6762.0,4633.0,0,0,0
5728,Congo River,6779.0,4640.0,0,0,0
5729,Congo River,6797.0,4632.0,0,0,0
5730,Coral Sea,12497.0,4667.0,0,0,0
5731,Congo River,6822.0,4630.0,0,0,0
5732,Arafura Sea,12380.0,4619.0,0,0,0
5733,Congo River,6833.0,4624.0,0,0,0
5734,Arafura Sea,12272.0,4619.0,0,0,0
5735,Congo River,6836.0,4617.0,0,0,0
5736,Congo River,6857.0,4601.0,0,0,0
5737,Arafura Sea,12290.0,4505.0,0,0,0
5738,Congo River,6868.0,4573.0,0,0,0
5739,Congo River,6879.0,4559.0,0,0,0
5740,Arafura Sea,12216.0,4451.0,0,0,0
5741,Congo River,6882.0,4546.0,0,0,0
5742,Arafura Sea,12093.0,4399.0,0,0,0
5743,Arafura Sea,12034.0,4435.0,0,0,0
5744,Pacific Ocean,1115.0,2199.0,0,0,0
5745,Congo River,6892.0,4527.0,0,0,0
5746,Banda Sea,11994.0,4332.0,0,0,0
5747,Congo River,6929.0,4486.0,0,0,0
5748,Banda Sea,11906.0,4252.0,0,0,0
5749,Banda Sea,11973.0,4290.0,0,0,0
5750,Congo River,6946.0,4487.0,0,0,0
5751,Pacific Ocean,12253.0,2199.0,0,0,0
5752,Solomon Sea,12996.0,4506.0,0,0,0
5753,Solomon Sea,12945.0,4482.0,0,0,0
5754,Solomon Sea,12987.0,4559.0,0,0,0
5755,Solomon Sea,12948.0,4594.0,0,0,0
5756,Congo River,6952.0,4470.0,0,0,0
5757,Solomon Sea,13021.0,4555.0,0,0,0
5758,Atlantic Ocean,3814.0,2230.0,0,0,0
5759,Congo River,6951.0,4450.0,0,0,0
5760,Congo River,6956.0,4438.0,0,0,0
5761,Congo River,6955.0,4420.0,0,0,0
5762,Solomon Sea,13081.0,4662.0,0,0,0
5763,Pacific Ocean,13066.0,4590.0,0,0,0
5764,Pacific Ocean,13093.0,4641.0,0,0,0
5765,Solomon Sea,13030.0,4624.0,0,0,0
5766,Solomon Sea,13039.0,4674.0,0,0,0
5767,Solomon Sea,13098.0,4728.0,0,0,0
5768,Bismarck Sea,12860.0,4422.0,0,0,0
5769,Congo River,6960.0,4398.0,0,0,0
5770,Atlantic Ocean,5374.0,2262.0,0,0,0
5771,Congo River,6957.0,4375.0,0,0,0
5772,Congo River,6963.0,4363.0,0,0,0
5773,Bismarck Sea,12904.0,4374.0,0,0,0
5774,Pacific Ocean,1146.0,2324.0,0,0,0
5775,Bismarck Sea,12955.0,4382.0,0,0,0
5776,Solomon Sea,12971.0,4439.0,0,0,0
5777,Pacific Ocean,12207.0,2324.0,0,0,0
5778,Congo River,6964.0,4347.0,0,0,0
5779,Congo River,6980.0,4329.0,0,0,0
5780,Solomon Sea,12819.0,4525.0,0,0,0
5781,Congo River,6987.0,4304.0,0,0,0
5782,Congo River,7002.0,4276.0,0,0,0
5783,Bismarck Sea,12773.0,4446.0,0,0,0
5784,Atlantic Ocean,3783.0,2355.0,0,0,0
5785,Congo River,7027.0,4256.0,0,0,0
5786,Congo River,7051.0,4254.0,0,0,0
5787,Bismarck Sea,12876.0,4311.0,0,0,0
5788,Pacific Ocean,12929.0,4308.0,0,0,0
5789,Congo River,7076.0,4268.0,0,0,0
5790,Pacific Ocean,13013.0,4383.0,0,0,0
5791,Congo River,7109.0,4267.0,0,0,0
5792,Congo River,7132.0,4273.0,0,0,0
5793,Congo River,7154.0,4266.0,0,0,0
5794,Atlantic Ocean,5382.0,2402.0,0,0,0
5795,Pacific Ocean,1232.0,2433.0,0,0,0
5796,Atlantic Ocean,4906.0,2449.0,0,0,0
5797,Pacific Ocean,109.0,2464.0,0,0,0
5798,Pacific Ocean,12199.0,2464.0,0,0,0
5799,Atlantic Ocean,3720.0,2480.0,0,0,0
5800,Atlantic Ocean,5031.0,2480.0,0,0,0
5801,Pacific Ocean,1326.0,2527.0,0,0,0
5802,Pacific Ocean,210.0,2542.0,0,0,0
5803,Atlantic Ocean,3619.0,2558.0,0,0,0
5804,Atlantic Ocean,4789.0,2558.0,0,0,0
5805,Atlantic Ocean,5319.0,2558.0,0,0,0
5806,Congo River,7164.0,4258.0,0,0,0
5807,Pacific Ocean,1427.0,2605.0,0,0,0
5808,Pacific Ocean,12178.0,2631.0,0,0,0
5809,Atlantic Ocean,3503.0,2655.0,0,0,0
5810,Pacific Ocean,241.0,2667.0,0,0,0
5811,Atlantic Ocean,5288.0,2683.0,0,0,0
5812,Pacific Ocean,12068.0,2714.0,0,0,0
5813,Balearic Sea,6051.0,2670.0,0,0,0
5814,Pacific Ocean,1474.0,2730.0,0,0,0
5815,Atlantic Ocean,4812.0,2730.0,0,0,0
5816,Atlantic Ocean,3537.0,2785.0,0,0,0
5817,Pacific Ocean,11969.0,2802.0,0,0,0
5818,Pacific Ocean,124.0,2776.0,0,0,0
5819,Atlantic Ocean,5023.0,2776.0,0,0,0
5820,Gulf of Mexico,3065.0,2792.0,0,0,0
5821,Gulf of Mexico,2761.0,2839.0,0,0,0
5822,South China Sea,11254.0,3378.0,0,0,0
5823,Gulf of Mexico,2893.0,2854.0,0,0,0
5824,Gulf of Mexico,3166.0,2870.0,0,0,0
5825,Atlantic Ocean,3636.0,2885.0,0,0,0
5826,Iberian Basin,5429.0,2884.0,0,0,0
5827,Gulf of Mexico,2622.0,2922.0,0,0,0
5828,Pacific Ocean,1567.0,2917.0,0,0,0
5829,Pacific Ocean,553.0,2948.0,0,0,0
5830,South China Sea,11330.0,3474.0,0,0,0
5831,Pacific Ocean,709.0,2979.0,0,0,0
5832,Gulf of Mexico,2917.0,2995.0,0,0,0
5833,Atlantic Ocean,3666.0,2995.0,0,0,0
5834,Atlantic Ocean,5428.0,2995.0,0,0,0
5835,Pacific Ocean,1661.0,3010.0,0,0,0
5836,Gulf of Mexico,2553.0,3054.0,0,0,0
5837,Gulf of Mexico,2784.0,3010.0,0,0,0
5838,Gulf of Mexico,3143.0,3010.0,0,0,0
5839,Pacific Ocean,452.0,3026.0,0,0,0
5840,Pacific Ocean,842.0,3057.0,0,0,0
5841,Atlantic Ocean,3761.0,3133.0,0,0,0
5842,Bay of Bengal,10173.0,3965.0,0,0,0
5843,Gulf of Mexico,2683.0,3088.0,0,0,0
5844,Pacific Ocean,179.0,3104.0,0,0,0
5845,Atlantic Ocean,3892.0,3104.0,0,0,0
5846,Pacific Ocean,1747.0,3120.0,0,0,0
5847,Pacific Ocean,943.0,3135.0,0,0,0
5848,Caribbean Sea,3081.0,3135.0,0,0,0
5849,Atlantic Ocean,4017.0,3135.0,0,0,0
5850,Pacific Ocean,13166.0,3151.0,0,0,0
5851,Bay of Bengal,10270.0,4043.0,0,0,0
5852,Pacific Ocean,13299.0,3166.0,0,0,0
5853,Atlantic Ocean,4141.0,3198.0,0,0,0
5854,Atlantic Ocean,5202.0,3198.0,0,0,0
5855,Pacific Ocean,1911.0,3229.0,0,0,0
5856,Caribbean Sea,3174.0,3229.0,0,0,0
5857,Pacific Ocean,13400.0,3244.0,0,0,0
5858,Pacific Ocean,522.0,3260.0,0,0,0
5859,Caribbean Sea,3307.0,3276.0,0,0,0
5860,Indian Ocean,10233.0,4137.0,0,0,0
5861,Pacific Ocean,13088.0,3276.0,0,0,0
5862,Pacific Ocean,990.0,3291.0,0,0,0
5863,Caribbean Sea,3049.0,3291.0,0,0,0
5864,Arabian Sea,8915.0,3291.0,0,0,0
5865,Pacific Ocean,343.0,3307.0,0,0,0
5866,Pacific Ocean,647.0,3322.0,0,0,0
5867,Atlantic Ocean,4177.0,3350.0,0,0,0
5868,Atlantic Ocean,5233.0,3322.0,0,0,0
5869,Arabian Sea,9040.0,3322.0,0,0,0
5870,Bay of Bengal,10258.0,3932.0,0,0,0
5871,Congo River,7186.0,4256.0,0,0,0
5872,Pacific Ocean,12659.0,3385.0,0,0,0
5873,Pacific Ocean,13377.0,3385.0,0,0,0
5874,Pacific Ocean,78.0,3400.0,0,0,0
5875,Pacific Ocean,1981.0,3400.0,0,0,0
5876,Bay of Bengal,10311.0,3855.0,0,0,0
5877,Pacific Ocean,13135.0,3400.0,0,0,0
5878,Pacific Ocean,257.0,3416.0,0,0,0
5879,Pacific Ocean,928.0,3416.0,0,0,0
5880,Caribbean Sea,3408.0,3416.0,0,0,0
5881,Pacific Ocean,12784.0,3416.0,0,0,0
5882,Caribbean Sea,3104.0,3432.0,0,0,0
5883,Caribbean Sea,3711.0,3418.0,0,0,0
5884,Caribbean Sea,3877.0,3441.0,0,0,0
5885,Atlantic Ocean,4110.0,3447.0,0,0,0
5886,Pacific Ocean,2106.0,3463.0,0,0,0
5887,Arabian Sea,9204.0,3463.0,0,0,0
5888,Bay of Bengal,10077.0,3463.0,0,0,0
5889,Pacific Ocean,12500.0,3499.0,0,0,0
5890,Caribbean Sea,3283.0,3478.0,0,0,0
5891,Caribbean Sea,3533.0,3478.0,0,0,0
5892,Arabian Sea,8915.0,3478.0,0,0,0
5893,Congo River,7214.0,4256.0,0,0,0
5894,Bay of Bengal,10351.0,3942.0,0,0,0
5895,Caribbean Sea,3767.0,3551.0,0,0,0
5896,Pacific Ocean,13083.0,4484.0,0,0,0
5897,Pacific Ocean,2233.0,3529.0,0,0,0
5898,Atlantic Ocean,5171.0,3541.0,0,0,0
5899,Pacific Ocean,12831.0,3541.0,0,0,0
5900,Bay of Bengal,9984.0,3556.0,0,0,0
5901,Bay of Bengal,10171.0,3556.0,0,0,0
5902,Pacific Ocean,12431.0,3601.0,0,0,0
5903,Pacific Ocean,2364.0,3571.0,0,0,0
5904,Caribbean Sea,3962.0,3588.0,0,0,0
5905,Arabian Sea,8868.0,3603.0,0,0,0
5906,Indian Ocean,10309.0,4235.0,0,0,0
5907,Pacific Ocean,2488.0,3642.0,0,0,0
5908,Arabian Sea,9266.0,3619.0,0,0,0
5909,South China Sea,11105.0,3645.0,0,0,0
5910,Bay of Bengal,9874.0,3650.0,0,0,0
5911,Indian Ocean,10339.0,4131.0,0,0,0
5912,Atlantic Ocean,4063.0,3666.0,0,0,0
5913,Atlantic Ocean,5202.0,3666.0,0,0,0
5914,Pacific Ocean,12363.0,3666.0,0,0,0
5915,Pacific Ocean,12768.0,3666.0,0,0,0
5916,Pacific Ocean,2589.0,3712.0,0,0,0
5917,Atlantic Ocean,4196.0,3712.0,0,0,0
5918,Arabian Sea,8767.0,3712.0,0,0,0
5919,Congo River,7228.0,4260.0,0,0,0
5920,Arabian Sea,9313.0,3744.0,0,0,0
5921,Bay of Bengal,10358.0,3744.0,0,0,0
5922,Atlantic Ocean,4329.0,3759.0,0,0,0
5923,South China Sea,11146.0,3759.0,0,0,0
5924,Pacific Ocean,13111.0,3759.0,0,0,0
5925,Pacific Ocean,2714.0,3775.0,0,0,0
5926,Congo River,7244.0,4278.0,0,0,0
5927,Pacific Ocean,12648.0,3780.0,0,0,0
5928,Pacific Ocean,13235.0,3805.0,0,0,0
5929,Bay of Bengal,9867.0,3790.0,0,0,0
5930,Pacific Ocean,12893.0,3790.0,0,0,0
5931,Atlantic Ocean,5194.0,3806.0,0,0,0
5932,Pacific Ocean,11917.0,4002.0,0,0,0
5933,Atlantic Ocean,4430.0,3837.0,0,0,0
5934,Pacific Ocean,13369.0,3837.0,0,0,0
5935,Arabian Sea,9383.0,3853.0,0,0,0
5936,South China Sea,11239.0,3853.0,0,0,0
5937,Congo River,7255.0,4283.0,0,0,0
5938,Pacific Ocean,12768.0,3853.0,0,0,0
5939,Pacific Ocean,12183.0,3868.0,0,0,0
5940,Pacific Ocean,12558.0,3868.0,0,0,0
5941,Pacific Ocean,2784.0,3884.0,0,0,0
5942,Congo River,7269.0,4281.0,0,0,0
5943,Indian Ocean,10385.0,4356.0,0,0,0
5944,South China Sea,11083.0,3884.0,0,0,0
5945,Bay of Bengal,9937.0,3900.0,0,0,0
5946,Atlantic Ocean,5226.0,3931.0,0,0,0
5947,Atlantic Ocean,4500.0,3946.0,0,0,0
5948,Arabian Sea,9430.0,3978.0,0,0,0
5949,South China Sea,10974.0,3978.0,0,0,0
5950,Pacific Ocean,12721.0,3978.0,0,0,0
5951,Pacific Ocean,2714.0,3993.0,0,0,0
5952,Pacific Ocean,2870.0,3993.0,0,0,0
5953,Indian Ocean,10571.0,4547.0,0,0,0
5954,Indian Ocean,10662.0,4641.0,0,0,0
5955,Congo River,7297.0,4251.0,0,0,0
5956,Atlantic Ocean,4602.0,4024.0,0,0,0
5957,Arabian Sea,8619.0,4040.0,0,0,0
5958,Bay of Bengal,9929.0,4040.0,0,0,0
5959,Atlantic Ocean,5272.0,4056.0,0,0,0
5960,Congo River,7310.0,4259.0,0,0,0
5961,Laccadive Sea,9523.0,4071.0,0,0,0
5962,Pacific Ocean,2620.0,4087.0,0,0,0
5963,Pacific Ocean,12792.0,4087.0,0,0,0
5964,Pacific Ocean,13197.0,4087.0,0,0,0
5965,Pacific Ocean,13338.0,4087.0,0,0,0
5966,Atlantic Ocean,4703.0,4102.0,0,0,0
5967,Indian Ocean,10787.0,4693.0,0,0,0
5968,Congo River,7323.0,4260.0,0,0,0
5969,Pacific Ocean,12916.0,4118.0,0,0,0
5970,Atlantic Ocean,4828.0,4134.0,0,0,0
5971,Atlantic Ocean,5374.0,4134.0,0,0,0
5972,Indian Ocean,10925.0,4739.0,0,0,0
5973,Pacific Ocean,12331.0,4134.0,0,0,0
5974,Laccadive Sea,9656.0,4149.0,0,0,0
5975,Indian Ocean,9828.0,4149.0,0,0,0
5976,Pacific Ocean,13041.0,4149.0,0,0,0
5977,Pacific Ocean,13462.0,4149.0,0,0,0
5978,Atlantic Ocean,4953.0,4165.0,0,0,0
5979,Pacific Ocean,12456.0,4165.0,0,0,0
5980,Indian Ocean,8548.0,4180.0,0,0,0
5981,Pacific Ocean,2613.0,4227.0,0,0,0
5982,Pacific Ocean,12581.0,4227.0,0,0,0
5983,Atlantic Ocean,5054.0,4243.0,0,0,0
5984,Atlantic Ocean,5444.0,4243.0,0,0,0
5985,Indian Ocean,11057.0,4765.0,0,0,0
5986,Bismarck Sea,12734.0,4368.0,0,0,0
5987,Pacific Ocean,13072.0,4274.0,0,0,0
5988,Indian Ocean,8463.0,4290.0,0,0,0
5989,Pacific Ocean,2706.0,4321.0,0,0,0
5990,Atlantic Ocean,5155.0,4321.0,0,0,0
5991,Atlantic Ocean,5545.0,4321.0,0,0,0
5992,Gulf of Guinea,6232.0,4321.0,0,0,0
5993,South China Sea,11113.0,4063.0,0,0,0
5994,Gulf of Guinea,6107.0,4352.0,0,0,0
5995,Indian Ocean,11170.0,4737.0,0,0,0
5996,Gulf of Guinea,5896.0,4368.0,0,0,0
5997,Pacific Ocean,2849.0,4353.0,0,0,0
5998,Atlantic Ocean,5694.0,4399.0,0,0,0
5999,Indian Ocean,8377.0,4399.0,0,0,0
6000,Pacific Ocean,13111.0,4406.0,0,0,0
6001,Gulf of Guinea,6325.0,4414.0,0,0,0
6002,Atlantic Ocean,5202.0,4446.0,0,0,0
6003,Congo River,7329.0,4266.0,0,0,0
6004,Indian Ocean,11320.0,4802.0,0,0,0
6005,Congo River,7344.0,4271.0,0,0,0
6006,Indian Ocean,8260.0,4477.0,0,0,0
6007,Pacific Ocean,1466.0,4524.0,0,0,0
6008,Pacific Ocean,13197.0,4524.0,0,0,0
6009,Pacific Ocean,2893.0,4539.0,0,0,0
6010,Timor Sea,11844.0,4666.0,0,0,0
6011,Pacific Ocean,1622.0,4555.0,0,0,0
6012,Atlantic Ocean,6411.0,4555.0,0,0,0
6013,Indian Ocean,11440.0,4817.0,0,0,0
6014,Indian Ocean,8159.0,4588.0,0,0,0
6015,Flores Sea,11568.0,4563.0,0,0,0
6016,Atlantic Ocean,5171.0,4602.0,0,0,0
6017,Pacific Ocean,1341.0,4617.0,0,0,0
6018,Pacific Ocean,1739.0,4633.0,0,0,0
6019,Timor Sea,11712.0,4865.0,0,0,0
6020,Pacific Ocean,2979.0,4648.0,0,0,0
6021,Timor Sea,12067.0,4673.0,0,0,0
6022,Pacific Ocean,13235.0,4718.0,0,0,0
6023,Pacific Ocean,13431.0,4648.0,0,0,0
6024,Atlantic Ocean,6481.0,4664.0,0,0,0
6025,Indian Ocean,8057.0,4664.0,0,0,0
6026,Congo River,7361.0,4297.0,0,0,0
6027,Atlantic Ocean,5064.0,4716.0,0,0,0
6028,Timor Sea,11846.0,4817.0,0,0,0
6029,Indian Ocean,8385.0,4726.0,0,0,0
6030,Indian Ocean,8221.0,4791.0,0,0,0
6031,Timor Sea,11914.0,4694.0,0,0,0
6032,Pacific Ocean,13322.0,4742.0,0,0,0
6033,Pacific Ocean,1333.0,4758.0,0,0,0
6034,Pacific Ocean,3049.0,4758.0,0,0,0
6035,Congo River,7379.0,4306.0,0,0,0
6036,Banda Sea,11655.0,4542.0,0,0,0
6037,Indian Ocean,11540.0,4849.0,0,0,0
6038,Atlantic Ocean,6528.0,4789.0,0,0,0
6039,Indian Ocean,10458.0,4460.0,0,0,0
6040,Indian Ocean,10497.0,4357.0,0,0,0
6041,Congo River,7398.0,4304.0,0,0,0
6042,Atlantic Ocean,4967.0,4795.0,0,0,0
6043,Indian Ocean,8082.0,4813.0,0,0,0
6044,Congo River,7416.0,4300.0,0,0,0
6045,Coral Sea,12721.0,4820.0,0,0,0
6046,Indian Ocean,8486.0,4836.0,0,0,0
6047,Pacific Ocean,1427.0,4851.0,0,0,0
6048,Congo River,7423.0,4292.0,0,0,0
6049,Coral Sea,12884.0,4871.0,0,0,0
6050,Pacific Ocean,3120.0,4867.0,0,0,0
6051,Pacific Ocean,1692.0,4882.0,0,0,0
6052,Pacific Ocean,1560.0,4898.0,0,0,0
6053,Congo River,7437.0,4299.0,0,0,0
6054,Atlantic Ocean,4960.0,4929.0,0,0,0
6055,Coral Sea,12651.0,4929.0,0,0,0
6056,Pacific Ocean,3237.0,4945.0,0,0,0
6057,Atlantic Ocean,5920.0,4945.0,0,0,0
6058,Atlantic Ocean,6528.0,4945.0,0,0,0
6059,Indian Ocean,8517.0,4960.0,0,0,0
6060,Atlantic Ocean,6045.0,4976.0,0,0,0
6061,Timor Sea,11622.0,4979.0,0,0,0
6062,Pacific Ocean,3338.0,5023.0,0,0,0
6063,Atlantic Ocean,5787.0,5023.0,0,0,0
6064,Coral Sea,12745.0,5023.0,0,0,0
6065,Coral Sea,13017.0,4998.0,0,0,0
6066,Atlantic Ocean,4914.0,5054.0,0,0,0
6067,Pacific Ocean,13478.0,5054.0,0,0,0
6068,Indian Ocean,11411.0,5070.0,0,0,0
6069,Atlantic Ocean,6489.0,5085.0,0,0,0
6070,Indian Ocean,8455.0,5085.0,0,0,0
6071,Pacific Ocean,13341.0,5126.0,0,0,0
6072,Coral Sea,12850.0,5169.0,0,0,0
6073,Atlantic Ocean,5795.0,5163.0,0,0,0
6074,Atlantic Ocean,6096.0,5124.0,0,0,0
6075,Coral Sea,13033.0,5163.0,0,0,0
6076,Pacific Ocean,3354.0,5179.0,0,0,0
6077,Atlantic Ocean,4836.0,5179.0,0,0,0
6078,Pacific Ocean,13267.0,5194.0,0,0,0
6079,Indian Ocean,8392.0,5210.0,0,0,0
6080,Atlantic Ocean,6497.0,5226.0,0,0,0
6081,Indian Ocean,11333.0,5226.0,0,0,0
6082,Coral Sea,12901.0,5241.0,0,0,0
6083,Atlantic Ocean,5889.0,5257.0,0,0,0
6084,Atlantic Ocean,4558.0,5281.0,0,0,0
6085,Atlantic Ocean,4742.0,5272.0,0,0,0
6086,Mozambique Channel,7846.0,5304.0,0,0,0
6087,Pacific Ocean,3330.0,5319.0,0,0,0
6088,Pacific Ocean,13189.0,5319.0,0,0,0
6089,Atlantic Ocean,6567.0,5335.0,0,0,0
6090,Indian Ocean,8330.0,5335.0,0,0,0
6091,Pacific Ocean,13322.0,5335.0,0,0,0
6092,Indian Ocean,11325.0,5366.0,0,0,0
6093,Coral Sea,12948.0,5366.0,0,0,0
6094,Atlantic Ocean,4524.0,5397.0,0,0,0
6095,Pacific Ocean,13423.0,5413.0,0,0,0
6096,Indian Ocean,7878.0,5428.0,0,0,0
6097,Coral Sea,13119.0,5428.0,0,0,0
6098,Pacific Ocean,3307.0,5460.0,0,0,0
6099,Atlantic Ocean,6598.0,5460.0,0,0,0
6100,Indian Ocean,8268.0,5460.0,0,0,0
6101,Indian Ocean,11356.0,5491.0,0,0,0
6102,Atlantic Ocean,4438.0,5506.0,0,0,0
6103,Tasman Sea,12955.0,5506.0,0,0,0
6104,Indian Ocean,7768.0,5522.0,0,0,0
6105,Indian Ocean,7971.0,5522.0,0,0,0
6106,Indian Ocean,8129.0,5553.0,0,0,0
6107,Tasman Sea,13127.0,5569.0,0,0,0
6108,Atlantic Ocean,6645.0,5584.0,0,0,0
6109,Atlantic Ocean,4344.0,5600.0,0,0,0
6110,Indian Ocean,11403.0,5616.0,0,0,0
6111,Indian Ocean,7698.0,5631.0,0,0,0
6112,Tasman Sea,12899.0,5651.0,0,0,0
6113,Pacific Ocean,3330.0,5662.0,0,0,0
6114,Tasman Sea,13197.0,5678.0,0,0,0
6115,Atlantic Ocean,6715.0,5694.0,0,0,0
6116,Atlantic Ocean,4243.0,5709.0,0,0,0
6117,Indian Ocean,7597.0,5740.0,0,0,0
6118,Great Australian Bight,12043.0,5740.0,0,0,0
6119,Tasman Sea,12839.0,5754.0,0,0,0
6120,Tasman Sea,13104.0,5772.0,0,0,0
6121,Pacific Ocean,3299.0,5787.0,0,0,0
6122,Indian Ocean,11458.0,5787.0,0,0,0
6123,Atlantic Ocean,4141.0,5818.0,0,0,0
6124,Atlantic Ocean,6762.0,5818.0,0,0,0
6125,Indian Ocean,7503.0,5834.0,0,0,0
6126,Great Australian Bight,11840.0,5834.0,0,0,0
6127,Great Australian Bight,12183.0,5834.0,0,0,0
6128,Congo River,7451.0,4300.0,0,0,0
6129,Great Australian Bight,11707.0,5881.0,0,0,0
6130,Tasman Sea,13033.0,5881.0,0,0,0
6131,Atlantic Ocean,3999.0,5948.0,0,0,0
6132,Indian Ocean,7386.0,5912.0,0,0,0
6133,Great Australian Bight,12300.0,5912.0,0,0,0
6134,Pacific Ocean,3291.0,5928.0,0,0,0
6135,Atlantic Ocean,6809.0,5943.0,0,0,0
6136,Indian Ocean,7254.0,5959.0,0,0,0
6137,Tasman Sea,12932.0,5959.0,0,0,0
6138,Atlantic Ocean,7105.0,5974.0,0,0,0
6139,Atlantic Ocean,6942.0,5990.0,0,0,0
6140,Tasman Sea,12920.0,5842.0,0,0,0
6141,Great Australian Bight,12370.0,6021.0,0,0,0
6142,Atlantic Ocean,3809.0,6198.0,0,0,0
6143,Pacific Ocean,3322.0,6052.0,0,0,0
6144,Pacific Ocean,13435.0,6068.0,0,0,0
6145,Tasman Sea,12729.0,6115.0,0,0,0
6146,Atlantic Ocean,4001.0,6130.0,0,0,0
6147,Southern Ocean,12441.0,6130.0,0,0,0
6148,Pacific Ocean,13353.0,6146.0,0,0,0
6149,Southern Ocean,12573.0,6177.0,0,0,0
6150,Pacific Ocean,3299.0,6193.0,0,0,0
6151,Atlantic Ocean,4102.0,6208.0,0,0,0
6152,Pacific Ocean,13260.0,6240.0,0,0,0
6153,Southern Ocean,12706.0,6255.0,0,0,0
6154,Pacific Ocean,3346.0,6318.0,0,0,0
6155,Scotia Sea,4106.0,6362.0,0,0,0
6156,Pacific Ocean,13189.0,6349.0,0,0,0
6157,Southern Ocean,12838.0,6396.0,0,0,0
6158,Southern Ocean,12963.0,6427.0,0,0,0
6159,Southern Ocean,3377.0,6442.0,0,0,0
6160,Scotia Sea,4032.0,6442.0,0,0,0
6161,Southern Ocean,3907.0,6505.0,0,0,0
6162,Southern Ocean,3463.0,6552.0,0,0,0
6163,Southern Ocean,3595.0,6598.0,0,0,0
6164,Southern Ocean,3736.0,6598.0,0,0,0
6165,Congo River,7464.0,4311.0,0,0,0
6166,Congo River,7483.0,4322.0,0,0,0
6167,Congo River,7515.0,4335.0,0,0,0
6168,Congo River,7521.0,4350.0,0,0,0
6169,Congo River,7513.0,4372.0,0,0,0
6170,Congo River,7515.0,4379.0,0,0,0
6171,Congo River,7508.0,4409.0,0,0,0
6172,Lake Tangenyika,7490.0,4442.0,0,0,0
6173,Kara Sea,9932.0,215.0,0,0,0
6174,Lake Tangenyika,7475.0,4478.0,0,0,0
6175,Congo River,7487.0,4486.0,0,0,0
6176,Artic Ocean,4828.0,171.0,0,0,0
6177,Congo River,7504.0,4498.0,0,0,0
6178,Congo River,7516.0,4485.0,0,0,0
6179,Congo River,7536.0,4481.0,0,0,0
6180,Congo River,7549.0,4474.0,0,0,0
6181,Congo River,7561.0,4478.0,0,0,0
6182,Beaufort Sea,288.0,202.0,0,0,0
6183,Congo River,7581.0,4479.0,0,0,0
6184,Lake Victoria,7601.0,4479.0,0,0,0
6185,Lake Victoria,7624.0,4441.0,0,0,0
6188,Barents Sea,8926.0,313.0,0,0,0
6189,East Siberian Sea,11937.0,320.0,0,0,0
6190,Lake Victoria,7673.0,4466.0,0,0,0
6191,Lake Victoria,7678.0,4438.0,0,0,0
6192,Nile,7686.0,4415.0,0,0,0
6193,Nile,7679.0,4393.0,0,0,0
6195,Nile,7668.0,4378.0,0,0,0
6196,Kara Sea,9422.0,280.0,0,0,0
6197,East Siberian Sea,12133.0,336.0,0,0,0
6198,Nile,7671.0,4363.0,0,0,0
6199,Nile,7680.0,4355.0,0,0,0
6200,Nile,7680.0,4336.0,0,0,0
6201,Nile,7674.0,4323.0,0,0,0
6202,Nile,7665.0,4319.0,0,0,0
6203,Nile,7647.0,4318.0,0,0,0
6204,Nile,7626.0,4331.0,0,0,0
6205,Nile,7612.0,4331.0,0,0,0
6206,Artic Ocean,3533.0,327.0,0,0,0
6207,Nile,7604.0,4326.0,0,0,0
6208,Nile,7606.0,4319.0,0,0,0
6209,Nile,7603.0,4315.0,0,0,0
6210,Nile,7604.0,4308.0,0,0,0
6211,Nile,7613.0,4299.0,0,0,0
6212,Artic Ocean,3315.0,358.0,0,0,0
6213,Nile,7614.0,4286.0,0,0,0
6214,Nile,7606.0,4276.0,0,0,0
6215,Nile,7590.0,4277.0,0,0,0
6216,Nile,7580.0,4269.0,0,0,0
6217,Artic Ocean,2363.0,390.0,0,0,0
6218,Nile,7574.0,4269.0,0,0,0
6219,Nile,7568.0,4253.0,0,0,0
6220,Lake Victoria,7660.0,4494.0,0,0,0
6221,Lake Victoria,7625.0,4509.0,0,0,0
6222,Lake Victoria,7625.0,4527.0,0,0,0
6223,Lake Victoria,7595.0,4516.0,0,0,0
6224,Lake Tangenyika,7470.0,4489.0,0,0,0
6225,Lake Tangenyika,7460.0,4499.0,0,0,0
6226,Lake Tangenyika,7464.0,4528.0,0,0,0
6227,Lake Tangenyika,7456.0,4541.0,0,0,0
6228,Norwegian Sea,6637.0,546.0,0,0,0
6229,Greenland Sea,5499.0,608.0,0,0,0
6230,Norwegian Sea,5631.0,686.0,0,0,0
6231,Norwegian Sea,6536.0,717.0,0,0,0
6232,Norwegian Sea,5787.0,811.0,0,0,0
6233,Norwegian Sea,6029.0,920.0,0,0,0
6234,Norwegian Sea,6380.0,967.0,0,0,0
6235,Bering Sea,13267.0,982.0,0,0,0
6236,Bering Sea,13041.0,1060.0,0,0,0
6237,North Sea,6216.0,1076.0,0,0,0
6238,Atlantic Ocean,5034.0,1185.0,0,0,0
6239,Gulf of Alaska,787.0,1263.0,0,0,0
6240,Atlantic Ocean,5222.0,1268.0,0,0,0
6241,Bering Sea,12815.0,1294.0,0,0,0
6242,Gulf of Alaska,622.0,1257.0,0,0,0
6243,Atlantic Ocean,5358.0,1357.0,0,0,0
6244,Atlantic Ocean,5038.0,1372.0,0,0,0
6245,Gulf of Alaska,436.0,1404.0,0,0,0
6246,Pacific Ocean,12714.0,1404.0,0,0,0
6247,Pacific Ocean,865.0,1419.0,0,0,0
6248,Pacific Ocean,265.0,1466.0,0,0,0
6249,Sea of Okhotsk,12261.0,1466.0,0,0,0
6250,Pacific Ocean,12628.0,1513.0,0,0,0
6251,Atlantic Ocean,5304.0,1528.0,0,0,0
6252,Sea of Okhotsk,12363.0,1544.0,0,0,0
6253,Atlantic Ocean,5046.0,1575.0,0,0,0
6254,Pacific Ocean,936.0,1622.0,0,0,0
6255,Pacific Ocean,12417.0,1684.0,0,0,0
6256,Atlantic Ocean,4836.0,1747.0,0,0,0
6257,Pacific Ocean,943.0,1762.0,0,0,0
6258,Atlantic Ocean,5374.0,1762.0,0,0,0
6259,Atlantic Ocean,4602.0,1840.0,0,0,0
6260,Pacific Ocean,920.0,1903.0,0,0,0
6261,Pacific Ocean,12558.0,1903.0,0,0,0
6262,Atlantic Ocean,4414.0,1965.0,0,0,0
6263,Atlantic Ocean,4219.0,1981.0,0,0,0
6264,Atlantic Ocean,5421.0,1981.0,0,0,0
6265,Pacific Ocean,12519.0,2074.0,0,0,0
6266,Atlantic Ocean,4149.0,2090.0,0,0,0
6267,Pacific Ocean,990.0,2106.0,0,0,0
6268,Atlantic Ocean,5358.0,2106.0,0,0,0
6269,Atlantic Ocean,3985.0,2199.0,0,0,0
6270,Pacific Ocean,12394.0,2230.0,0,0,0
6271,Pacific Ocean,998.0,2277.0,0,0,0
6272,Atlantic Ocean,3915.0,2308.0,0,0,0
6273,Atlantic Ocean,4999.0,2324.0,0,0,0
6274,Atlantic Ocean,5249.0,2324.0,0,0,0
6275,Pacific Ocean,210.0,2386.0,0,0,0
6276,Pacific Ocean,12331.0,2386.0,0,0,0
6277,Atlantic Ocean,4758.0,2402.0,0,0,0
6278,Pacific Ocean,1076.0,2433.0,0,0,0
6279,Atlantic Ocean,3876.0,2449.0,0,0,0
6280,Atlantic Ocean,5187.0,2480.0,0,0,0
6281,Pacific Ocean,12297.0,2536.0,0,0,0
6282,Pacific Ocean,343.0,2558.0,0,0,0
6283,Pacific Ocean,1170.0,2558.0,0,0,0
6284,Atlantic Ocean,3751.0,2605.0,0,0,0
6285,Atlantic Ocean,5155.0,2605.0,0,0,0
6286,Atlantic Ocean,4687.0,2636.0,0,0,0
6287,Pacific Ocean,1279.0,2652.0,0,0,0
6288,Atlantic Ocean,3625.0,2704.0,0,0,0
6289,Pacific Ocean,12222.0,2730.0,0,0,0
6290,Atlantic Ocean,5148.0,2745.0,0,0,0
6291,Pacific Ocean,273.0,2792.0,0,0,0
6292,Atlantic Ocean,5249.0,2823.0,0,0,0
6293,Pacific Ocean,639.0,2839.0,0,0,0
6294,Atlantic Ocean,4882.0,2839.0,0,0,0
6295,Pacific Ocean,12074.0,2839.0,0,0,0
6296,Pacific Ocean,1427.0,2854.0,0,0,0
6297,Pacific Ocean,421.0,2870.0,0,0,0
6298,Atlantic Ocean,3766.0,2898.0,0,0,0
6299,Pacific Ocean,811.0,2901.0,0,0,0
6300,Gulf of Mexico,3018.0,2917.0,0,0,0
6301,Pacific Ocean,11957.0,2917.0,0,0,0
6302,Atlantic Ocean,3861.0,2948.0,0,0,0
6303,Atlantic Ocean,5280.0,2948.0,0,0,0
6304,Pacific Ocean,943.0,2979.0,0,0,0
6305,Atlantic Ocean,3985.0,2979.0,0,0,0
6306,Pacific Ocean,304.0,3010.0,0,0,0
6307,Pacific Ocean,13228.0,3026.0,0,0,0
6308,Pacific Ocean,1505.0,3042.0,0,0,0
6309,Atlantic Ocean,4110.0,3042.0,0,0,0
6310,Atlantic Ocean,5233.0,3073.0,0,0,0
6311,Pacific Ocean,11895.0,3073.0,0,0,0
6312,Pacific Ocean,13400.0,3088.0,0,0,0
6313,Pacific Ocean,1599.0,3135.0,0,0,0
6314,Pacific Ocean,13018.0,3135.0,0,0,0
6315,Pacific Ocean,312.0,3151.0,0,0,0
6316,Pacific Ocean,1068.0,3166.0,0,0,0
6317,Atlantic Ocean,4282.0,3198.0,0,0,0
6318,Pacific Ocean,11815.0,3224.0,0,0,0
6319,Pacific Ocean,1778.0,3244.0,0,0,0
6320,Pacific Ocean,12753.0,3260.0,0,0,0
6321,Atlantic Ocean,5085.0,3276.0,0,0,0
6322,Pacific Ocean,12526.0,3307.0,0,0,0
6323,Pacific Ocean,1848.0,3354.0,0,0,0
6324,Caribbean Sea,3205.0,3354.0,0,0,0
6325,Pacific Ocean,12987.0,3354.0,0,0,0
6326,Pacific Ocean,444.0,3385.0,0,0,0
6327,Pacific Ocean,1084.0,3385.0,0,0,0
6328,Atlantic Ocean,5116.0,3400.0,0,0,0
6329,Pacific Ocean,12402.0,3400.0,0,0,0
6330,Pacific Ocean,11801.0,3416.0,0,0,0
6331,Atlantic Ocean,4263.0,3456.0,0,0,0
6332,Pacific Ocean,678.0,3447.0,0,0,0
6333,Arabian Sea,9071.0,3447.0,0,0,0
6334,Pacific Ocean,13260.0,3463.0,0,0,0
6335,Pacific Ocean,803.0,3478.0,0,0,0
6336,Pacific Ocean,148.0,3510.0,0,0,0
6337,Pacific Ocean,12292.0,3525.0,0,0,0
6338,Pacific Ocean,1973.0,3541.0,0,0,0
6339,Atlantic Ocean,4156.0,3568.0,0,0,0
6340,Arabian Sea,9009.0,3572.0,0,0,0
6341,Arabian Sea,9141.0,3588.0,0,0,0
6342,Pacific Ocean,11941.0,3603.0,0,0,0
6343,Pacific Ocean,2074.0,3619.0,0,0,0
6344,Atlantic Ocean,4305.0,3619.0,0,0,0
6345,Atlantic Ocean,5054.0,3619.0,0,0,0
6346,Pacific Ocean,12924.0,3634.0,0,0,0
6347,Pacific Ocean,13174.0,3634.0,0,0,0
6348,Bay of Bengal,10077.0,3650.0,0,0,0
6349,Pacific Ocean,2238.0,3666.0,0,0,0
6350,Atlantic Ocean,4430.0,3681.0,0,0,0
6351,Bay of Bengal,10218.0,3681.0,0,0,0
6352,Pacific Ocean,13338.0,3681.0,0,0,0
6353,Pacific Ocean,2371.0,3712.0,0,0,0
6354,Arabian Sea,9172.0,3712.0,0,0,0
6355,Pacific Ocean,12152.0,3712.0,0,0,0
6356,Arabian Sea,8899.0,3728.0,0,0,0
6357,Bay of Bengal,9991.0,3759.0,0,0,0
6358,Pacific Ocean,12277.0,3775.0,0,0,0
6359,Atlantic Ocean,4555.0,3806.0,0,0,0
6360,Pacific Ocean,2581.0,3853.0,0,0,0
6361,Arabian Sea,9227.0,3853.0,0,0,0
6362,Bay of Bengal,10194.0,3853.0,0,0,0
6363,Pacific Ocean,12402.0,3868.0,0,0,0
6364,Atlantic Ocean,5077.0,3884.0,0,0,0
6365,Atlantic Ocean,4648.0,3900.0,0,0,0
6366,Arabian Sea,9297.0,3962.0,0,0,0
6367,Bay of Bengal,10062.0,3962.0,0,0,0
6368,Atlantic Ocean,4750.0,3978.0,0,0,0
6369,Pacific Ocean,12400.0,4020.0,0,0,0
6370,Pacific Ocean,12589.0,3993.0,0,0,0
6371,Atlantic Ocean,4921.0,4009.0,0,0,0
6372,Atlantic Ocean,5124.0,4009.0,0,0,0
6373,Arabian Sea,8759.0,4009.0,0,0,0
6374,Indian Ocean,10147.0,4071.0,0,0,0
6375,Indian Ocean,9367.0,4102.0,0,0,0
6376,Pacific Ocean,12659.0,4102.0,0,0,0
6377,Pacific Ocean,2488.0,4134.0,0,0,0
6378,Atlantic Ocean,5155.0,4134.0,0,0,0
6379,Indian Ocean,8689.0,4149.0,0,0,0
6380,Indian Ocean,9960.0,4165.0,0,0,0
6381,Pacific Ocean,13267.0,4196.0,0,0,0
6382,Atlantic Ocean,5257.0,4212.0,0,0,0
6383,Indian Ocean,9516.0,4212.0,0,0,0
6384,Indian Ocean,10202.0,4243.0,0,0,0
6385,Indian Ocean,9726.0,4258.0,0,0,0
6386,Indian Ocean,8619.0,4290.0,0,0,0
6387,Atlantic Ocean,5288.0,4336.0,0,0,0
6388,Pacific Ocean,2550.0,4352.0,0,0,0
6389,Indian Ocean,10272.0,4352.0,0,0,0
6390,Atlantic Ocean,5413.0,4368.0,0,0,0
6391,Pacific Ocean,13267.0,4383.0,0,0,0
6392,Indian Ocean,8533.0,4399.0,0,0,0
6393,Pacific Ocean,1552.0,4414.0,0,0,0
6394,Gulf of Guinea,5998.0,4446.0,0,0,0
6395,Gulf of Guinea,6201.0,4446.0,0,0,0
6396,Pacific Ocean,1326.0,4461.0,0,0,0
6397,Pacific Ocean,2737.0,4469.0,0,0,0
6398,Atlantic Ocean,5553.0,4461.0,0,0,0
6399,Indian Ocean,10342.0,4461.0,0,0,0
6400,Pacific Ocean,1723.0,4477.0,0,0,0
6401,Atlantic Ocean,5795.0,4477.0,0,0,0
6402,Atlantic Ocean,5304.0,4524.0,0,0,0
6403,Indian Ocean,8408.0,4524.0,0,0,0
6404,Pacific Ocean,13338.0,4524.0,0,0,0
6405,Atlantic Ocean,6271.0,4555.0,0,0,0
6406,Indian Ocean,10436.0,4586.0,0,0,0
6407,Indian Ocean,8296.0,4645.0,0,0,0
6408,Pacific Ocean,2813.0,4621.0,0,0,0
6409,Pacific Ocean,1209.0,4664.0,0,0,0
6410,Atlantic Ocean,6341.0,4664.0,0,0,0
6411,Indian Ocean,8517.0,4680.0,0,0,0
6412,Indian Ocean,10545.0,4680.0,0,0,0
6413,Atlantic Ocean,5241.0,4711.0,0,0,0
6414,Pacific Ocean,1809.0,4742.0,0,0,0
6415,Pacific Ocean,2893.0,4758.0,0,0,0
6416,Indian Ocean,10686.0,4773.0,0,0,0
6417,Atlantic Ocean,6388.0,4789.0,0,0,0
6418,Atlantic Ocean,6013.0,4820.0,0,0,0
6419,Indian Ocean,10849.0,4820.0,0,0,0
6420,Atlantic Ocean,5132.0,4836.0,0,0,0
6421,Indian Ocean,8619.0,4851.0,0,0,0
6422,Pacific Ocean,2964.0,4867.0,0,0,0
6423,Atlantic Ocean,5787.0,4867.0,0,0,0
6424,Indian Ocean,10982.0,4867.0,0,0,0
6425,Pacific Ocean,1271.0,4882.0,0,0,0
6426,Indian Ocean,11115.0,4882.0,0,0,0
6427,Indian Ocean,11247.0,4898.0,0,0,0
6428,Indian Ocean,11380.0,4914.0,0,0,0
6429,Atlantic Ocean,6396.0,4960.0,0,0,0
6430,Pacific Ocean,1458.0,4976.0,0,0,0
6431,Pacific Ocean,3088.0,4992.0,0,0,0
6432,Pacific Ocean,1630.0,5007.0,0,0,0
6433,Atlantic Ocean,5062.0,5007.0,0,0,0
6434,Atlantic Ocean,6169.0,5038.0,0,0,0
6435,Indian Ocean,8611.0,5054.0,0,0,0
6436,Pacific Ocean,3190.0,5070.0,0,0,0
6437,Atlantic Ocean,5662.0,5085.0,0,0,0
6438,Indian Ocean,11263.0,5085.0,0,0,0
6439,Atlantic Ocean,6364.0,5148.0,0,0,0
6440,Atlantic Ocean,4984.0,5163.0,0,0,0
6441,Indian Ocean,8548.0,5179.0,0,0,0
6442,Pacific Ocean,13431.0,5179.0,0,0,0
6443,Pacific Ocean,3229.0,5210.0,0,0,0
6444,Atlantic Ocean,6021.0,5272.0,0,0,0
6445,Indian Ocean,11200.0,5272.0,0,0,0
6446,Atlantic Ocean,5733.0,5288.0,0,0,0
6447,Coral Sea,13065.0,5288.0,0,0,0
6448,Atlantic Ocean,4867.0,5304.0,0,0,0
6449,Indian Ocean,8486.0,5304.0,0,0,0
6450,Atlantic Ocean,6411.0,5335.0,0,0,0
6451,Pacific Ocean,3205.0,5350.0,0,0,0
6452,Atlantic Ocean,4672.0,5382.0,0,0,0
6453,Indian Ocean,8424.0,5428.0,0,0,0
6454,Indian Ocean,11208.0,5444.0,0,0,0
6455,Atlantic Ocean,4594.0,5506.0,0,0,0
6456,Atlantic Ocean,6497.0,5538.0,0,0,0
6457,Pacific Ocean,3205.0,5569.0,0,0,0
6458,Indian Ocean,11255.0,5569.0,0,0,0
6459,Indian Ocean,8258.0,5609.0,0,0,0
6460,Indian Ocean,7870.0,5600.0,0,0,0
6461,Atlantic Ocean,4469.0,5631.0,0,0,0
6462,Indian Ocean,8002.0,5647.0,0,0,0
6463,Pacific Ocean,3174.0,5694.0,0,0,0
6464,Atlantic Ocean,6559.0,5694.0,0,0,0
6465,Atlantic Ocean,4375.0,5725.0,0,0,0
6466,Indian Ocean,11317.0,5725.0,0,0,0
6467,Indian Ocean,7729.0,5756.0,0,0,0
6468,Atlantic Ocean,6630.0,5803.0,0,0,0
6469,Pacific Ocean,3166.0,5834.0,0,0,0
6470,Atlantic Ocean,4274.0,5834.0,0,0,0
6471,Great Australian Bight,11973.0,5850.0,0,0,0
6472,Indian Ocean,7628.0,5865.0,0,0,0
6473,Indian Ocean,11551.0,5881.0,0,0,0
6474,Atlantic Ocean,6661.0,5928.0,0,0,0
6475,Atlantic Ocean,4110.0,5943.0,0,0,0
6476,Indian Ocean,7534.0,5959.0,0,0,0
6477,Great Australian Bight,11809.0,5959.0,0,0,0
6478,Great Australian Bight,12152.0,5959.0,0,0,0
6479,Pacific Ocean,3174.0,6006.0,0,0,0
6480,Indian Ocean,7355.0,6037.0,0,0,0
6481,Great Australian Bight,12246.0,6052.0,0,0,0
6482,Atlantic Ocean,4141.0,6068.0,0,0,0
6483,Atlantic Ocean,6840.0,6068.0,0,0,0
6484,Atlantic Ocean,7035.0,6084.0,0,0,0
6485,Indian Ocean,7176.0,6084.0,0,0,0
6486,Southern Ocean,12316.0,6162.0,0,0,0
6487,Lake Tangenyika,7462.0,4577.0,0,0,0
6488,Atlantic Ocean,4235.0,6224.0,0,0,0
6489,Southern Ocean,12472.0,6255.0,0,0,0
6490,Pacific Ocean,3198.0,6271.0,0,0,0
6491,Lake Tangenyika,7470.0,4583.0,0,0,0
6492,Southern Ocean,12573.0,6333.0,0,0,0
6493,Southern Ocean,3229.0,6396.0,0,0,0
6494,Southern Ocean,12698.0,6396.0,0,0,0
6495,Southern Ocean,13096.0,6442.0,0,0,0
6496,Lake Tangenyika,7482.0,4626.0,0,0,0
6497,Lake Tangenyika,7486.0,4678.0,0,0,0
6498,Southern Ocean,3307.0,6552.0,0,0,0
6499,Lake Tangenyika,7491.0,4713.0,0,0,0
6500,Lake Tangenyika,7517.0,4729.0,0,0,0
6501,Lake Tangenyika,7542.0,4779.0,0,0,0
6502,Mediterranean Sea,7446.0,3064.0,0,0,0
6503,Nile,7448.0,3074.0,0,0,0
6504,Nile,7454.0,3080.0,0,0,0
6505,Nile,7455.0,3092.0,0,0,0
6506,Nile,7449.0,3101.0,0,0,0
6507,Nile,7442.0,3105.0,0,0,0
6508,Nile,7449.0,3113.0,0,0,0
6509,Nile,7448.0,3124.0,0,0,0
6510,Nile,7465.0,3129.0,0,0,0
6511,Nile,7486.0,3129.0,0,0,0
6512,Hooghly River,10015.0,3298.0,0,0,0
6513,Hooghly River,10018.0,3282.0,0,0,0
6514,Hooghly River,10026.0,3271.0,0,0,0
6515,Hooghly River,10033.0,3265.0,0,0,0
6516,Padma River,10035.0,3236.0,0,0,0
6517,Padma River,10035.0,3214.0,0,0,0
6518,Padma River,10041.0,3202.0,0,0,0
6519,Ob River,8967.0,881.0,0,0,0
6520,Padma River,10052.0,3197.0,0,0,0
6521,Padma River,10052.0,3183.0,0,0,0
6522,Ganga River,10062.0,3166.0,0,0,0
6523,Meghna River,10103.0,3272.0,0,0,0
6524,Meghna River,10112.0,3261.0,0,0,0
6525,Padma River,10112.0,3255.0,0,0,0
6526,Padma River,10104.0,3254.0,0,0,0
6527,Padma River,10103.0,3249.0,0,0,0
6528,Padma River,10103.0,3242.0,0,0,0
6529,Padma River,10084.0,3245.0,0,0,0
6530,Padma River,10069.0,3247.0,0,0,0
6531,Padma River,10049.0,3243.0,0,0,0
6532,Ganga River,10056.0,3159.0,0,0,0
6534,Ganga River,10055.0,3152.0,0,0,0
6535,Ganga River,10040.0,3147.0,0,0,0
6536,Ganga River,10026.0,3156.0,0,0,0
6538,Artic Ocean,3642.0,234.0,0,0,0
6539,Ganga River,10009.0,3156.0,0,0,0
6540,Ganga River,9998.0,3156.0,0,0,0
6541,Ganga River,9998.0,3164.0,0,0,0
6542,Ganga River,9992.0,3175.0,0,0,0
6543,Ganga River,9983.0,3175.0,0,0,0
6544,Ganga River,9977.0,3169.0,0,0,0
6545,Ganga River,9976.0,3163.0,0,0,0
6546,Ganga River,9968.0,3160.0,0,0,0
6547,Ganga River,9936.0,3160.0,0,0,0
6548,Ganga River,9924.0,3144.0,0,0,0
6549,Yangtze River,11200.0,2783.0,0,0,0
6550,Yangtze River,11173.0,2791.0,0,0,0
6551,Yangtze River,11166.0,2809.0,0,0,0
6552,Yangtze River,11148.0,2814.0,0,0,0
6553,Yangtze River,11110.0,2796.0,0,0,0
6554,Yangtze River,11108.0,2774.0,0,0,0
6555,Norwegian Sea,6505.0,561.0,0,0,0
6556,Norwegian Sea,5756.0,655.0,0,0,0
6557,Norwegian Sea,5935.0,795.0,0,0,0
6558,Norwegian Sea,6435.0,795.0,0,0,0
6559,Norwegian Sea,6185.0,920.0,0,0,0
6560,Bering Sea,13408.0,1014.0,0,0,0
6561,Bering Sea,13166.0,1092.0,0,0,0
6562,Bering Sea,12971.0,1170.0,0,0,0
6563,Gulf of Alaska,717.0,1372.0,0,0,0
6564,Atlantic Ocean,5171.0,1388.0,0,0,0
6565,Pacific Ocean,12846.0,1419.0,0,0,0
6566,Gulf of Alaska,561.0,1435.0,0,0,0
6567,Pacific Ocean,109.0,1497.0,0,0,0
6568,Pacific Ocean,390.0,1528.0,0,0,0
6569,Pacific Ocean,12760.0,1528.0,0,0,0
6570,Pacific Ocean,803.0,1544.0,0,0,0
6571,Atlantic Ocean,5171.0,1544.0,0,0,0
6572,Pacific Ocean,12542.0,1622.0,0,0,0
6573,Atlantic Ocean,5257.0,1653.0,0,0,0
6574,Pacific Ocean,811.0,1684.0,0,0,0
6575,Atlantic Ocean,5023.0,1716.0,0,0,0
6576,Pacific Ocean,12534.0,1762.0,0,0,0
6577,Pacific Ocean,803.0,1825.0,0,0,0
6578,Atlantic Ocean,4765.0,1856.0,0,0,0
6579,Atlantic Ocean,5296.0,1887.0,0,0,0
6580,Atlantic Ocean,4555.0,1965.0,0,0,0
6581,Pacific Ocean,12651.0,1996.0,0,0,0
6582,Atlantic Ocean,5265.0,2012.0,0,0,0
6583,Pacific Ocean,858.0,2028.0,0,0,0
6584,Atlantic Ocean,4321.0,2059.0,0,0,0
6585,Atlantic Ocean,5218.0,2168.0,0,0,0
6586,Pacific Ocean,873.0,2184.0,0,0,0
6587,Pacific Ocean,12550.0,2199.0,0,0,0
6588,Atlantic Ocean,4118.0,2215.0,0,0,0
6589,Atlantic Ocean,5116.0,2246.0,0,0,0
6590,Atlantic Ocean,4851.0,2277.0,0,0,0
6591,Pacific Ocean,78.0,2308.0,0,0,0
6592,Atlantic Ocean,4048.0,2324.0,0,0,0
6593,Pacific Ocean,12464.0,2340.0,0,0,0
6594,Pacific Ocean,928.0,2386.0,0,0,0
6595,Pacific Ocean,343.0,2402.0,0,0,0
6596,Atlantic Ocean,4656.0,2480.0,0,0,0
6597,Pacific Ocean,12456.0,2480.0,0,0,0
6598,Pacific Ocean,1014.0,2558.0,0,0,0
6599,Atlantic Ocean,3907.0,2574.0,0,0,0
6600,Pacific Ocean,12355.0,2652.0,0,0,0
6601,Pacific Ocean,374.0,2683.0,0,0,0
6602,Pacific Ocean,1123.0,2683.0,0,0,0
6603,Atlantic Ocean,3783.0,2730.0,0,0,0
6604,Pacific Ocean,514.0,2745.0,0,0,0
6605,Pacific Ocean,741.0,2761.0,0,0,0
6606,Atlantic Ocean,4656.0,2761.0,0,0,0
6607,Pacific Ocean,1310.0,2776.0,0,0,0
6608,Atlantic Ocean,3884.0,2808.0,0,0,0
6609,Pacific Ocean,912.0,2823.0,0,0,0
6610,Atlantic Ocean,4750.0,2854.0,0,0,0
6611,Atlantic Ocean,5116.0,2870.0,0,0,0
6612,Pacific Ocean,12199.0,2870.0,0,0,0
6613,Atlantic Ocean,4079.0,2886.0,0,0,0
6614,Pacific Ocean,171.0,2901.0,0,0,0
6615,Atlantic Ocean,4984.0,2917.0,0,0,0
6616,Pacific Ocean,13330.0,2948.0,0,0,0
6617,Pacific Ocean,12105.0,2964.0,0,0,0
6618,Pacific Ocean,1365.0,2979.0,0,0,0
6619,Pacific Ocean,13072.0,2995.0,0,0,0
6620,Pacific Ocean,1068.0,3010.0,0,0,0
6621,Atlantic Ocean,4251.0,3042.0,0,0,0
6622,Atlantic Ocean,5101.0,3088.0,0,0,0
6623,Pacific Ocean,1443.0,3166.0,0,0,0
6624,Pacific Ocean,12862.0,3166.0,0,0,0
6625,Pacific Ocean,12620.0,3182.0,0,0,0
6626,Pacific Ocean,11926.0,3198.0,0,0,0
6627,Pacific Ocean,12386.0,3244.0,0,0,0
6628,Pacific Ocean,1162.0,3260.0,0,0,0
6629,Pacific Ocean,1630.0,3260.0,0,0,0
6630,Atlantic Ocean,4347.0,3342.0,0,0,0
6631,Atlantic Ocean,4968.0,3354.0,0,0,0
6632,Pacific Ocean,1700.0,3369.0,0,0,0
6633,Pacific Ocean,12261.0,3369.0,0,0,0
6634,Pacific Ocean,11926.0,3447.0,0,0,0
6635,Pacific Ocean,546.0,3463.0,0,0,0
6636,Atlantic Ocean,4999.0,3478.0,0,0,0
6637,Pacific Ocean,12955.0,3478.0,0,0,0
6638,Pacific Ocean,358.0,3494.0,0,0,0
6639,Pacific Ocean,1825.0,3494.0,0,0,0
6640,Atlantic Ocean,4383.0,3494.0,0,0,0
6641,Pacific Ocean,1021.0,3510.0,0,0,0
6642,Pacific Ocean,13408.0,3510.0,0,0,0
6643,Pacific Ocean,13088.0,3525.0,0,0,0
6644,Pacific Ocean,12136.0,3556.0,0,0,0
6645,Pacific Ocean,709.0,3572.0,0,0,0
6646,Pacific Ocean,897.0,3572.0,0,0,0
6647,Atlantic Ocean,4555.0,3650.0,0,0,0
6648,Pacific Ocean,1926.0,3666.0,0,0,0
6649,Arabian Sea,9040.0,3697.0,0,0,0
6650,Pacific Ocean,13462.0,3712.0,0,0,0
6651,Pacific Ocean,2106.0,3744.0,0,0,0
6652,Atlantic Ocean,4680.0,3744.0,0,0,0
6653,Atlantic Ocean,5007.0,3744.0,0,0,0
6654,Pacific Ocean,2269.0,3790.0,0,0,0
6655,Pacific Ocean,2441.0,3822.0,0,0,0
6656,Atlantic Ocean,4781.0,3822.0,0,0,0
6657,Arabian Sea,9071.0,3822.0,0,0,0
6658,Atlantic Ocean,4921.0,3853.0,0,0,0
6659,Arabian Sea,8784.0,3882.0,0,0,0
6660,Arabian Sea,9141.0,3962.0,0,0,0
6661,Pacific Ocean,2488.0,3978.0,0,0,0
6662,Indian Ocean,9211.0,4071.0,0,0,0
6663,Indian Ocean,8829.0,4118.0,0,0,0
6664,Indian Ocean,9360.0,4243.0,0,0,0
6665,Indian Ocean,10062.0,4243.0,0,0,0
6666,Pacific Ocean,2425.0,4258.0,0,0,0
6667,Indian Ocean,8759.0,4258.0,0,0,0
6668,Pacific Ocean,13392.0,4258.0,0,0,0
6669,Indian Ocean,9859.0,4274.0,0,0,0
6670,Indian Ocean,9586.0,4321.0,0,0,0
6671,Pacific Ocean,1419.0,4336.0,0,0,0
6672,Pacific Ocean,1653.0,4336.0,0,0,0
6673,Indian Ocean,10132.0,4352.0,0,0,0
6674,Indian Ocean,8689.0,4399.0,0,0,0
6675,Pacific Ocean,13400.0,4399.0,0,0,0
6676,Indian Ocean,10202.0,4461.0,0,0,0
6677,Pacific Ocean,2542.0,4492.0,0,0,0
6678,Pacific Ocean,1177.0,4508.0,0,0,0
6679,Pacific Ocean,13470.0,4508.0,0,0,0
6680,Atlantic Ocean,6099.0,4524.0,0,0,0
6681,Indian Ocean,8564.0,4524.0,0,0,0
6682,Pacific Ocean,1848.0,4539.0,0,0,0
6683,Atlantic Ocean,5436.0,4539.0,0,0,0
6684,Atlantic Ocean,5655.0,4539.0,0,0,0
6685,Atlantic Ocean,5896.0,4555.0,0,0,0
6686,Indian Ocean,10280.0,4586.0,0,0,0
6687,Pacific Ocean,2657.0,4604.0,0,0,0
6688,Atlantic Ocean,5366.0,4648.0,0,0,0
6689,Atlantic Ocean,6185.0,4664.0,0,0,0
6690,Indian Ocean,8650.0,4695.0,0,0,0
6691,Indian Ocean,10389.0,4711.0,0,0,0
6692,Atlantic Ocean,5881.0,4742.0,0,0,0
6693,Pacific Ocean,2737.0,4758.0,0,0,0
6694,Atlantic Ocean,6255.0,4773.0,0,0,0
6695,Pacific Ocean,1146.0,4789.0,0,0,0
6696,Indian Ocean,10537.0,4820.0,0,0,0
6697,Atlantic Ocean,5272.0,4836.0,0,0,0
6698,Atlantic Ocean,6138.0,4851.0,0,0,0
6699,Pacific Ocean,1840.0,4867.0,0,0,0
6700,Pacific Ocean,2808.0,4867.0,0,0,0
6701,Indian Ocean,10717.0,4898.0,0,0,0
6702,Atlantic Ocean,6263.0,4914.0,0,0,0
6703,Atlantic Ocean,5647.0,4929.0,0,0,0
6704,Atlantic Ocean,5202.0,4945.0,0,0,0
6705,Indian Ocean,8712.0,4945.0,0,0,0
6706,Indian Ocean,10881.0,4945.0,0,0,0
6707,Pacific Ocean,1762.0,4992.0,0,0,0
6708,Pacific Ocean,2932.0,4992.0,0,0,0
6709,Indian Ocean,11013.0,4992.0,0,0,0
6710,Pacific Ocean,1302.0,5007.0,0,0,0
6711,Indian Ocean,11146.0,5007.0,0,0,0
6712,Pacific Ocean,1528.0,5085.0,0,0,0
6713,Pacific Ocean,3042.0,5116.0,0,0,0
6714,Atlantic Ocean,5132.0,5116.0,0,0,0
6715,Indian Ocean,8704.0,5148.0,0,0,0
6716,Indian Ocean,11122.0,5148.0,0,0,0
6717,Atlantic Ocean,6232.0,5163.0,0,0,0
6718,Atlantic Ocean,5600.0,5210.0,0,0,0
6719,Pacific Ocean,3104.0,5241.0,0,0,0
6720,Atlantic Ocean,6162.0,5272.0,0,0,0
6721,Indian Ocean,8642.0,5272.0,0,0,0
6722,Atlantic Ocean,5015.0,5288.0,0,0,0
6723,Indian Ocean,11083.0,5350.0,0,0,0
6724,Atlantic Ocean,5826.0,5382.0,0,0,0
6725,Atlantic Ocean,5959.0,5397.0,0,0,0
6726,Indian Ocean,8580.0,5397.0,0,0,0
6727,Atlantic Ocean,4797.0,5413.0,0,0,0
6728,Pacific Ocean,3112.0,5444.0,0,0,0
6729,Atlantic Ocean,6364.0,5460.0,0,0,0
6730,Atlantic Ocean,4726.0,5522.0,0,0,0
6731,Indian Ocean,11107.0,5522.0,0,0,0
6732,Indian Ocean,8361.0,5553.0,0,0,0
6733,Pacific Ocean,3073.0,5584.0,0,0,0
6734,Atlantic Ocean,4625.0,5631.0,0,0,0
6735,Atlantic Ocean,6411.0,5647.0,0,0,0
6736,Indian Ocean,8127.0,5678.0,0,0,0
6737,Indian Ocean,11169.0,5678.0,0,0,0
6738,Indian Ocean,7901.0,5725.0,0,0,0
6739,Pacific Ocean,3042.0,5740.0,0,0,0
6740,Atlantic Ocean,4500.0,5756.0,0,0,0
6741,Atlantic Ocean,6474.0,5803.0,0,0,0
6742,Atlantic Ocean,4407.0,5850.0,0,0,0
6743,Indian Ocean,11325.0,5865.0,0,0,0
6744,Indian Ocean,7761.0,5881.0,0,0,0
6745,Pacific Ocean,3049.0,5912.0,0,0,0
6746,Indian Ocean,11427.0,5943.0,0,0,0
6747,Atlantic Ocean,4243.0,5959.0,0,0,0
6748,Great Australian Bight,11941.0,5974.0,0,0,0
6749,Yangtze River,11092.0,2763.0,0,0,0
6750,Indian Ocean,11622.0,5990.0,0,0,0
6751,Yangtze River,11050.0,2765.0,0,0,0
6752,Atlantic Ocean,4274.0,6084.0,0,0,0
6753,Yangtze River,11017.0,2759.0,0,0,0
6754,Great Australian Bight,12090.0,6084.0,0,0,0
6755,Pacific Ocean,3127.0,6130.0,0,0,0
6756,Yangtze River,10994.0,2771.0,0,0,0
6757,Yangtze River,10994.0,2788.0,0,0,0
6758,Southern Ocean,12183.0,6177.0,0,0,0
6759,Yangtze River,10974.0,2797.0,0,0,0
6760,Yangtze River,10970.0,2803.0,0,0,0
6761,Southern Ocean,3081.0,6349.0,0,0,0
6762,Yangtze River,10956.0,2804.0,0,0,0
6763,Yangtze River,10942.0,2800.0,0,0,0
6764,Yangtze River,10922.0,2815.0,0,0,0
6765,Yangtze River,10905.0,2815.0,0,0,0
6766,Southern Ocean,3159.0,6505.0,0,0,0
6767,Yangtze River,10894.0,2822.0,0,0,0
6768,Yangtze River,10879.0,2820.0,0,0,0
6769,Yangtze River,10862.0,2835.0,0,0,0
6770,East China Sea,11183.0,2491.0,0,0,0
6771,Yellow River,11165.0,2501.0,0,0,0
6772,Yellow River,11134.0,2500.0,0,0,0
6773,Yellow River,11117.0,2484.0,0,0,0
6774,Yellow River,11101.0,2487.0,0,0,0
6775,South China Sea,10915.0,3828.0,0,0,0
6776,Mekong River,10898.0,3801.0,0,0,0
6777,Mekong River,10886.0,3806.0,0,0,0
6778,Ob River,8951.0,908.0,0,0,0
6779,Ob River,8921.0,941.0,0,0,0
6780,Ob River,8919.0,962.0,0,0,0
6781,Ob River,8920.0,993.0,0,0,0
6782,Ob River,8900.0,1014.0,0,0,0
6783,Yunisei,9458.0,571.0,0,0,0
6784,Yunisei,9461.0,582.0,0,0,0
6785,Yunisei,9510.0,611.0,0,0,0
6786,Yunisei,9527.0,628.0,0,0,0
6787,Yunisei,9537.0,651.0,0,0,0
6788,Yunisei,9533.0,667.0,0,0,0
6789,Yunisei,9506.0,677.0,0,0,0
6790,Yunisei,9507.0,714.0,0,0,0
6791,Yunisei,9513.0,725.0,0,0,0
6792,Yunisei,9513.0,740.0,0,0,0
6793,Yunisei,9519.0,750.0,0,0,0
6794,Yunisei,9546.0,767.0,0,0,0
6795,Yunisei,9551.0,795.0,0,0,0
6796,Yunisei,9554.0,812.0,0,0,0
6797,Yunisei,9566.0,820.0,0,0,0
6798,Yunisei,9571.0,856.0,0,0,0
6799,Yunisei,9604.0,870.0,0,0,0
6800,Yunisei,9607.0,883.0,0,0,0
6801,Yunisei,9599.0,907.0,0,0,0
6802,Yunisei,9618.0,920.0,0,0,0
6804,Yunisei,9643.0,927.0,0,0,0
6805,Yunisei,9653.0,935.0,0,0,0
6806,Norwegian Sea,5904.0,639.0,0,0,0
6807,Norwegian Sea,6403.0,639.0,0,0,0
6808,Norwegian Sea,6060.0,764.0,0,0,0
6809,Norwegian Sea,6279.0,795.0,0,0,0
6810,Bering Sea,13299.0,1107.0,0,0,0
6811,Bering Sea,13096.0,1201.0,0,0,0
6812,Bering Sea,12948.0,1310.0,0,0,0
6813,Pacific Ocean,663.0,1513.0,0,0,0
6814,Pacific Ocean,12916.0,1528.0,0,0,0
6815,Pacific Ocean,514.0,1560.0,0,0,0
6816,Pacific Ocean,202.0,1591.0,0,0,0
6817,Pacific Ocean,12675.0,1638.0,0,0,0
6818,Pacific Ocean,678.0,1731.0,0,0,0
6819,Atlantic Ocean,5155.0,1731.0,0,0,0
6820,Pacific Ocean,12659.0,1794.0,0,0,0
6821,Atlantic Ocean,4937.0,1825.0,0,0,0
6822,Atlantic Ocean,5163.0,1903.0,0,0,0
6823,Pacific Ocean,733.0,1934.0,0,0,0
6824,Atlantic Ocean,4695.0,1965.0,0,0,0
6825,Atlantic Ocean,5124.0,2043.0,0,0,0
6826,Atlantic Ocean,4485.0,2074.0,0,0,0
6827,Pacific Ocean,741.0,2106.0,0,0,0
6828,Pacific Ocean,12682.0,2121.0,0,0,0
6829,Atlantic Ocean,4251.0,2168.0,0,0,0
6830,Atlantic Ocean,4984.0,2168.0,0,0,0
6831,Pacific Ocean,179.0,2230.0,0,0,0
6832,Atlantic Ocean,4726.0,2246.0,0,0,0
6833,Pacific Ocean,304.0,2262.0,0,0,0
6834,Pacific Ocean,803.0,2293.0,0,0,0
6835,Pacific Ocean,12620.0,2308.0,0,0,0
6836,Atlantic Ocean,4188.0,2324.0,0,0,0
6837,Atlantic Ocean,4625.0,2324.0,0,0,0
6838,Pacific Ocean,12589.0,2433.0,0,0,0
6839,Atlantic Ocean,4017.0,2449.0,0,0,0
6840,Pacific Ocean,468.0,2464.0,0,0,0
6841,Pacific Ocean,865.0,2511.0,0,0,0
6842,Atlantic Ocean,4555.0,2558.0,0,0,0
6843,Pacific Ocean,499.0,2589.0,0,0,0
6844,Pacific Ocean,12487.0,2605.0,0,0,0
6845,Pacific Ocean,639.0,2652.0,0,0,0
6846,Pacific Ocean,912.0,2667.0,0,0,0
6847,Atlantic Ocean,3978.0,2683.0,0,0,0
6848,Pacific Ocean,1037.0,2792.0,0,0,0
6849,Pacific Ocean,12347.0,2792.0,0,0,0
6850,Pacific Ocean,1170.0,2808.0,0,0,0
6851,Pacific Ocean,13197.0,2870.0,0,0,0
6852,Atlantic Ocean,4219.0,2886.0,0,0,0
6853,Atlantic Ocean,4594.0,2886.0,0,0,0
6854,Pacific Ocean,1263.0,2901.0,0,0,0
6855,Pacific Ocean,13470.0,2948.0,0,0,0
6856,Atlantic Ocean,4820.0,2964.0,0,0,0
6857,Pacific Ocean,78.0,2995.0,0,0,0
6858,Pacific Ocean,12230.0,2995.0,0,0,0
6859,Pacific Ocean,12924.0,3010.0,0,0,0
6860,Pacific Ocean,1216.0,3026.0,0,0,0
6861,Atlantic Ocean,4953.0,3042.0,0,0,0
6862,Atlantic Ocean,4375.0,3073.0,0,0,0
6863,Pacific Ocean,12035.0,3073.0,0,0,0
6864,Pacific Ocean,12729.0,3088.0,0,0,0
6865,Pacific Ocean,1318.0,3104.0,0,0,0
6866,Pacific Ocean,12480.0,3120.0,0,0,0
6867,Atlantic Ocean,4984.0,3166.0,0,0,0
6868,Atlantic Ocean,4422.0,3198.0,0,0,0
6869,Pacific Ocean,12230.0,3213.0,0,0,0
6870,Pacific Ocean,1310.0,3244.0,0,0,0
6871,Pacific Ocean,1474.0,3291.0,0,0,0
6872,Pacific Ocean,11996.0,3307.0,0,0,0
6873,Pacific Ocean,1232.0,3369.0,0,0,0
6874,Atlantic Ocean,4477.0,3369.0,0,0,0
6875,Pacific Ocean,1567.0,3385.0,0,0,0
6876,Pacific Ocean,12105.0,3400.0,0,0,0
6877,Atlantic Ocean,4851.0,3432.0,0,0,0
6878,Pacific Ocean,1154.0,3494.0,0,0,0
6879,Pacific Ocean,1669.0,3494.0,0,0,0
6880,Atlantic Ocean,4541.0,3504.0,0,0,0
6881,Pacific Ocean,460.0,3572.0,0,0,0
6882,Atlantic Ocean,4906.0,3572.0,0,0,0
6883,Pacific Ocean,249.0,3588.0,0,0,0
6884,Atlantic Ocean,4680.0,3588.0,0,0,0
6885,Pacific Ocean,585.0,3603.0,0,0,0
6886,Pacific Ocean,1778.0,3619.0,0,0,0
6887,Pacific Ocean,998.0,3650.0,0,0,0
6888,Pacific Ocean,803.0,3666.0,0,0,0
6889,Atlantic Ocean,4781.0,3666.0,0,0,0
6890,Pacific Ocean,1957.0,3790.0,0,0,0
6891,Pacific Ocean,2137.0,3868.0,0,0,0
6892,Pacific Ocean,2340.0,3900.0,0,0,0
6893,Arabian Sea,8977.0,3915.0,0,0,0
6894,Pacific Ocean,2363.0,4040.0,0,0,0
6895,Indian Ocean,9055.0,4071.0,0,0,0
6896,Pacific Ocean,2332.0,4165.0,0,0,0
6897,Indian Ocean,9204.0,4212.0,0,0,0
6898,Indian Ocean,8899.0,4227.0,0,0,0
6899,Pacific Ocean,1528.0,4243.0,0,0,0
6900,Pacific Ocean,1294.0,4305.0,0,0,0
6901,Pacific Ocean,1794.0,4336.0,0,0,0
6902,Indian Ocean,9453.0,4336.0,0,0,0
6903,Indian Ocean,9960.0,4352.0,0,0,0
6904,Indian Ocean,8829.0,4368.0,0,0,0
6905,Pacific Ocean,2394.0,4383.0,0,0,0
6906,Indian Ocean,9757.0,4383.0,0,0,0
6907,Indian Ocean,10046.0,4461.0,0,0,0
6908,Indian Ocean,8720.0,4524.0,0,0,0
6909,Indian Ocean,10132.0,4570.0,0,0,0
6910,Pacific Ocean,1076.0,4586.0,0,0,0
6911,Atlantic Ocean,5538.0,4617.0,0,0,0
6912,Atlantic Ocean,5756.0,4617.0,0,0,0
6913,Pacific Ocean,2519.0,4633.0,0,0,0
6914,Atlantic Ocean,5998.0,4633.0,0,0,0
6915,Pacific Ocean,1918.0,4648.0,0,0,0
6916,Indian Ocean,10233.0,4711.0,0,0,0
6917,Pacific Ocean,2613.0,4726.0,0,0,0
6918,Atlantic Ocean,5725.0,4742.0,0,0,0
6919,Pacific Ocean,1950.0,4773.0,0,0,0
6920,Atlantic Ocean,5397.0,4773.0,0,0,0
6921,Indian Ocean,8751.0,4773.0,0,0,0
6922,Indian Ocean,10381.0,4851.0,0,0,0
6923,Pacific Ocean,2652.0,4867.0,0,0,0
6924,Pacific Ocean,1115.0,4914.0,0,0,0
6925,Atlantic Ocean,5343.0,4945.0,0,0,0
6926,Indian Ocean,10569.0,4945.0,0,0,0
6927,Pacific Ocean,1911.0,4976.0,0,0,0
6928,Pacific Ocean,2776.0,4992.0,0,0,0
6929,Atlantic Ocean,5530.0,5007.0,0,0,0
6930,Indian Ocean,10748.0,5023.0,0,0,0
6931,Indian Ocean,8806.0,5038.0,0,0,0
6932,Atlantic Ocean,5272.0,5054.0,0,0,0
6933,Indian Ocean,10912.0,5070.0,0,0,0
6934,Pacific Ocean,1396.0,5101.0,0,0,0
6935,Pacific Ocean,1700.0,5116.0,0,0,0
6936,Pacific Ocean,2886.0,5116.0,0,0,0
6937,Pacific Ocean,2956.0,5226.0,0,0,0
6938,Indian Ocean,10990.0,5226.0,0,0,0
6939,Atlantic Ocean,5163.0,5241.0,0,0,0
6940,Indian Ocean,8798.0,5241.0,0,0,0
6941,Atlantic Ocean,6286.0,5304.0,0,0,0
6942,Pacific Ocean,3003.0,5350.0,0,0,0
6943,Atlantic Ocean,5592.0,5350.0,0,0,0
6944,Indian Ocean,8736.0,5366.0,0,0,0
6945,Atlantic Ocean,6091.0,5382.0,0,0,0
6946,Atlantic Ocean,4937.0,5413.0,0,0,0
6947,Atlantic Ocean,6216.0,5413.0,0,0,0
6948,Atlantic Ocean,5694.0,5428.0,0,0,0
6949,Indian Ocean,10982.0,5428.0,0,0,0
6950,Pacific Ocean,2971.0,5475.0,0,0,0
6951,Atlantic Ocean,5857.0,5506.0,0,0,0
6952,Atlantic Ocean,4867.0,5522.0,0,0,0
6953,Indian Ocean,8517.0,5522.0,0,0,0
6954,Atlantic Ocean,6279.0,5569.0,0,0,0
6955,Pacific Ocean,2948.0,5616.0,0,0,0
6956,Indian Ocean,11021.0,5631.0,0,0,0
6957,Atlantic Ocean,4758.0,5647.0,0,0,0
6958,Yunisei,9658.0,968.0,0,0,0
6959,Atlantic Ocean,4656.0,5756.0,0,0,0
6960,Atlantic Ocean,6325.0,5756.0,0,0,0
6961,Indian Ocean,8034.0,5772.0,0,0,0
6962,Yunisei,9651.0,987.0,0,0,0
6963,Pacific Ocean,2925.0,5818.0,0,0,0
6964,Indian Ocean,7893.0,5865.0,0,0,0
6965,Atlantic Ocean,4531.0,5881.0,0,0,0
6966,Yunisei,9639.0,996.0,0,0,0
6967,Atlantic Ocean,4375.0,5974.0,0,0,0
6968,Yunisei,9641.0,1007.0,0,0,0
6969,Yunisei,9653.0,1015.0,0,0,0
6970,Pacific Ocean,3003.0,6037.0,0,0,0
6971,Indian Ocean,11497.0,6052.0,0,0,0
6972,Indian Ocean,11723.0,6068.0,0,0,0
6973,Great Australian Bight,11856.0,6084.0,0,0,0
6974,Yunisei,9656.0,1034.0,0,0,0
6975,Yunisei,9654.0,1053.0,0,0,0
6976,Yunisei,9628.0,1094.0,0,0,0
6977,Yunisei,9627.0,1111.0,0,0,0
6978,Pacific Ocean,3010.0,6208.0,0,0,0
6979,Southern Ocean,12027.0,6208.0,0,0,0
6980,Yunisei,9635.0,1126.0,0,0,0
6981,Yunisei,9653.0,1135.0,0,0,0
6982,Yunisei,9658.0,1143.0,0,0,0
6983,Yunisei,9672.0,1141.0,0,0,0
6984,Yunisei,9717.0,1146.0,0,0,0
6985,Southern Ocean,3010.0,6458.0,0,0,0
6986,Yunisei,9726.0,1162.0,0,0,0
6987,Yunisei,9726.0,1191.0,0,0,0
6988,Yunisei,9711.0,1203.0,0,0,0
6989,Yunisei,9710.0,1214.0,0,0,0
6990,Yunisei,9714.0,1222.0,0,0,0
6991,Yunisei,9725.0,1233.0,0,0,0
6992,Yunisei,9734.0,1234.0,0,0,0
6993,Yunisei,9744.0,1255.0,0,0,0
6994,Bering Sea,13482.0,1266.0,0,0,0
6995,Bering Sea,13556.0,1177.0,0,0,0
6996,Yunisei,9739.0,1267.0,0,0,0
6997,Yunisei,9740.0,1280.0,0,0,0
6998,Yunisei,9744.0,1287.0,0,0,0
6999,Yunisei,9739.0,1301.0,0,0,0
7000,Yunisei,9731.0,1306.0,0,0,0
7001,Yunisei,9724.0,1317.0,0,0,0
7002,Yunisei,9726.0,1328.0,0,0,0
7003,Yunisei,9738.0,1331.0,0,0,0
7004,Yunisei,9749.0,1344.0,0,0,0
7005,Yunisei,9768.0,1351.0,0,0,0
7006,Yunisei,9775.0,1370.0,0,0,0
7007,Yunisei,9790.0,1380.0,0,0,0
7008,Laptev Sea,11026.0,398.0,0,0,0
7009,Lena,11014.0,417.0,0,0,0
7010,Lena,11020.0,432.0,0,0,0
7011,East Siberian Sea,13503.0,518.0,0,0,0
7012,Norwegian Sea,6029.0,608.0,0,0,0
7013,Norwegian Sea,6247.0,639.0,0,0,0
7014,Bering Sea,7.0,889.0,0,0,0
7015,Bering Sea,13493.0,931.0,0,0,0
7016,Bering Sea,54.0,1014.0,0,0,0
7017,Bering Sea,13482.0,1142.0,0,0,0
7018,Bering Sea,13228.0,1216.0,0,0,0
7019,Bering Sea,13353.0,1248.0,0,0,0
7020,Bering Sea,13072.0,1341.0,0,0,0
7021,Bering Sea,13504.0,1388.0,0,0,0
7022,Pacific Ocean,7.0,1419.0,0,0,0
7023,Pacific Ocean,46.0,1622.0,0,0,0
7024,Pacific Ocean,12831.0,1638.0,0,0,0
7025,Pacific Ocean,327.0,1653.0,0,0,0
7026,Pacific Ocean,546.0,1684.0,0,0,0
7027,Pacific Ocean,608.0,1840.0,0,0,0
7028,Pacific Ocean,12753.0,1887.0,0,0,0
7029,Atlantic Ocean,5031.0,1918.0,0,0,0
7030,Atlantic Ocean,4867.0,1934.0,0,0,0
7031,Pacific Ocean,616.0,2012.0,0,0,0
7032,Pacific Ocean,12784.0,2012.0,0,0,0
7033,Atlantic Ocean,4625.0,2074.0,0,0,0
7034,Atlantic Ocean,4758.0,2090.0,0,0,0
7035,Pacific Ocean,273.0,2106.0,0,0,0
7036,Pacific Ocean,46.0,2152.0,0,0,0
7037,Atlantic Ocean,4391.0,2168.0,0,0,0
7038,Atlantic Ocean,4555.0,2184.0,0,0,0
7039,Pacific Ocean,670.0,2215.0,0,0,0
7040,Pacific Ocean,12753.0,2230.0,0,0,0
7041,Pacific Ocean,436.0,2277.0,0,0,0
7042,Atlantic Ocean,4321.0,2277.0,0,0,0
7043,Pacific Ocean,12721.0,2386.0,0,0,0
7044,Atlantic Ocean,4524.0,2402.0,0,0,0
7045,Pacific Ocean,741.0,2418.0,0,0,0
7046,Atlantic Ocean,4157.0,2449.0,0,0,0
7047,Pacific Ocean,600.0,2480.0,0,0,0
7048,Pacific Ocean,733.0,2558.0,0,0,0
7049,Pacific Ocean,12620.0,2558.0,0,0,0
7050,Atlantic Ocean,4048.0,2574.0,0,0,0
7051,Atlantic Ocean,4524.0,2683.0,0,0,0
7052,Atlantic Ocean,4110.0,2730.0,0,0,0
7053,Pacific Ocean,12480.0,2745.0,0,0,0
7054,Pacific Ocean,13299.0,2792.0,0,0,0
7055,Pacific Ocean,28.0,2813.0,0,0,0
7056,Pacific Ocean,13423.0,2823.0,0,0,0
7057,Pacific Ocean,13041.0,2839.0,0,0,0
7058,Atlantic Ocean,4344.0,2917.0,0,0,0
7059,Pacific Ocean,12355.0,2932.0,0,0,0
7060,Atlantic Ocean,4469.0,2948.0,0,0,0
7061,Pacific Ocean,12784.0,2948.0,0,0,0
7062,Atlantic Ocean,4687.0,2979.0,0,0,0
7063,Pacific Ocean,12589.0,3026.0,0,0,0
7064,Pacific Ocean,13520.0,3061.0,0,0,0
7065,Atlantic Ocean,4516.0,3073.0,0,0,0
7066,Pacific Ocean,12331.0,3073.0,0,0,0
7067,Atlantic Ocean,4812.0,3104.0,0,0,0
7068,Pacific Ocean,12160.0,3104.0,0,0,0
7069,Pacific Ocean,31.0,3120.0,0,0,0
7070,Pacific Ocean,12066.0,3198.0,0,0,0
7071,Atlantic Ocean,4547.0,3229.0,0,0,0
7072,Atlantic Ocean,4867.0,3244.0,0,0,0
7073,Pacific Ocean,7.0,3260.0,0,0,0
7074,Pacific Ocean,13501.0,3322.0,0,0,0
7075,Pacific Ocean,1372.0,3369.0,0,0,0
7076,Atlantic Ocean,4617.0,3369.0,0,0,0
7077,Atlantic Ocean,4693.0,3462.0,0,0,0
7078,Pacific Ocean,1302.0,3478.0,0,0,0
7079,Pacific Ocean,7.0,3510.0,0,0,0
7080,Pacific Ocean,1521.0,3510.0,0,0,0
7081,Pacific Ocean,13509.0,3602.0,0,0,0
7082,Pacific Ocean,1123.0,3619.0,0,0,0
7083,Pacific Ocean,1622.0,3619.0,0,0,0
7084,Pacific Ocean,101.0,3634.0,0,0,0
7085,Pacific Ocean,351.0,3666.0,0,0,0
7086,Pacific Ocean,491.0,3697.0,0,0,0
7087,Pacific Ocean,678.0,3697.0,0,0,0
7088,Pacific Ocean,904.0,3744.0,0,0,0
7089,Pacific Ocean,1809.0,3744.0,0,0,0
7090,Pacific Ocean,13525.0,3870.0,0,0,0
7091,Pacific Ocean,1989.0,3915.0,0,0,0
7092,Pacific Ocean,2207.0,3978.0,0,0,0
7093,Arabian Sea,8931.0,4040.0,0,0,0
7094,Pacific Ocean,1388.0,4180.0,0,0,0
7095,Pacific Ocean,1653.0,4180.0,0,0,0
7096,Indian Ocean,9024.0,4196.0,0,0,0
7097,Pacific Ocean,13497.0,4306.0,0,0,0
7098,Pacific Ocean,2269.0,4290.0,0,0,0
7099,Indian Ocean,8970.0,4336.0,0,0,0
7100,Indian Ocean,9235.0,4336.0,0,0,0
7101,Pacific Ocean,1146.0,4352.0,0,0,0
7102,Pacific Ocean,1918.0,4399.0,0,0,0
7103,Pacific Ocean,13507.0,4414.0,0,0,0
7104,Pacific Ocean,1045.0,4430.0,0,0,0
7105,Indian Ocean,9523.0,4446.0,0,0,0
7106,Indian Ocean,9656.0,4461.0,0,0,0
7107,Indian Ocean,9859.0,4461.0,0,0,0
7108,Indian Ocean,8860.0,4492.0,0,0,0
7109,Pacific Ocean,1989.0,4508.0,0,0,0
7110,Pacific Ocean,2386.0,4524.0,0,0,0
7111,Indian Ocean,9976.0,4570.0,0,0,0
7112,Pacific Ocean,13534.0,4603.0,0,0,0
7113,Indian Ocean,8790.0,4633.0,0,0,0
7114,Pacific Ocean,2051.0,4664.0,0,0,0
7115,Indian Ocean,10085.0,4695.0,0,0,0
7116,Pacific Ocean,1014.0,4711.0,0,0,0
7117,Atlantic Ocean,5569.0,4742.0,0,0,0
7118,Pacific Ocean,2457.0,4758.0,0,0,0
7119,Atlantic Ocean,5499.0,4851.0,0,0,0
7120,Indian Ocean,10225.0,4851.0,0,0,0
7121,Indian Ocean,8845.0,4867.0,0,0,0
7122,Pacific Ocean,2020.0,4882.0,0,0,0
7123,Indian Ocean,10413.0,4976.0,0,0,0
7124,Pacific Ocean,2620.0,4992.0,0,0,0
7125,Pacific Ocean,1146.0,5038.0,0,0,0
7126,Atlantic Ocean,5405.0,5070.0,0,0,0
7127,Indian Ocean,10600.0,5070.0,0,0,0
7128,Pacific Ocean,1833.0,5101.0,0,0,0
7129,Pacific Ocean,2730.0,5116.0,0,0,0
7130,Pacific Ocean,1240.0,5132.0,0,0,0
7131,Indian Ocean,8899.0,5132.0,0,0,0
7132,Indian Ocean,10779.0,5148.0,0,0,0
7133,Atlantic Ocean,5304.0,5179.0,0,0,0
7134,Pacific Ocean,1599.0,5194.0,0,0,0
7135,Pacific Ocean,1466.0,5210.0,0,0,0
7136,Pacific Ocean,2800.0,5226.0,0,0,0
7137,Atlantic Ocean,5467.0,5257.0,0,0,0
7138,Pacific Ocean,13501.0,5288.0,0,0,0
7139,Indian Ocean,10888.0,5304.0,0,0,0
7140,Pacific Ocean,2870.0,5335.0,0,0,0
7141,Indian Ocean,8892.0,5335.0,0,0,0
7142,Atlantic Ocean,5116.0,5366.0,0,0,0
7143,Atlantic Ocean,5545.0,5475.0,0,0,0
7144,Indian Ocean,8673.0,5491.0,0,0,0
7145,Pacific Ocean,2847.0,5506.0,0,0,0
7146,Atlantic Ocean,6029.0,5506.0,0,0,0
7147,Pacific Ocean,13503.0,5617.0,0,0,0
7148,Atlantic Ocean,5007.0,5522.0,0,0,0
7149,Atlantic Ocean,6154.0,5538.0,0,0,0
7150,Indian Ocean,10896.0,5538.0,0,0,0
7151,Atlantic Ocean,5725.0,5553.0,0,0,0
7152,Atlantic Ocean,4898.0,5647.0,0,0,0
7153,Lena,11020.0,445.0,0,0,0
7154,Atlantic Ocean,6193.0,5678.0,0,0,0
7155,Pacific Ocean,2831.0,5694.0,0,0,0
7156,Lena,11045.0,474.0,0,0,0
7157,Atlantic Ocean,4789.0,5772.0,0,0,0
7158,Lena,11049.0,487.0,0,0,0
7159,Lena,11046.0,509.0,0,0,0
7160,Lena,11052.0,531.0,0,0,0
7161,Lena,11066.0,544.0,0,0,0
7162,Lena,11072.0,560.0,0,0,0
7163,Pacific Ocean,2878.0,5943.0,0,0,0
7164,Lena,11065.0,577.0,0,0,0
7165,Lena,11053.0,595.0,0,0,0
7166,Lena,11054.0,612.0,0,0,0
7167,Lena,11082.0,628.0,0,0,0
7168,Pacific Ocean,2886.0,6115.0,0,0,0
7169,Lena,11088.0,645.0,0,0,0
7170,Indian Ocean,11598.0,6130.0,0,0,0
7171,Lena,11101.0,657.0,0,0,0
7172,Southern Ocean,11754.0,6193.0,0,0,0
7173,Southern Ocean,11887.0,6208.0,0,0,0
7174,Lena,11118.0,665.0,0,0,0
7175,Lena,11116.0,685.0,0,0,0
7176,Lena,11121.0,720.0,0,0,0
7177,Lena,11109.0,739.0,0,0,0
7178,Pacific Ocean,2925.0,6318.0,0,0,0
7179,Lena,11105.0,757.0,0,0,0
7180,Lena,11109.0,765.0,0,0,0
7181,Lena,11099.0,792.0,0,0,0
7182,Lena,11087.0,800.0,0,0,0
7183,Lena,11083.0,812.0,0,0,0
7184,Lena,11072.0,822.0,0,0,0
7185,Lena,11064.0,856.0,0,0,0
7186,Lena,11069.0,884.0,0,0,0
7187,Lena,11064.0,903.0,0,0,0
7188,Lena,11052.0,915.0,0,0,0
7189,Lena,11046.0,928.0,0,0,0
7190,Lena,11047.0,947.0,0,0,0
7191,Lena,11058.0,948.0,0,0,0
7192,Lena,11067.0,956.0,0,0,0
7193,Lena,11086.0,955.0,0,0,0
7198,Bering Sea,13260.0,1341.0,0,0,0
7199,Bering Sea,13384.0,1372.0,0,0,0
7200,Pacific Ocean,13041.0,1466.0,0,0,0
7201,Pacific Ocean,12987.0,1638.0,0,0,0
7202,Pacific Ocean,140.0,1716.0,0,0,0
7203,Pacific Ocean,421.0,1747.0,0,0,0
7204,Pacific Ocean,12784.0,1762.0,0,0,0
7205,Pacific Ocean,12885.0,1903.0,0,0,0
7206,Pacific Ocean,491.0,1918.0,0,0,0
7207,Pacific Ocean,140.0,2028.0,0,0,0
7208,Atlantic Ocean,4960.0,2028.0,0,0,0
7209,Pacific Ocean,405.0,2121.0,0,0,0
7210,Pacific Ocean,546.0,2121.0,0,0,0
7211,Pacific Ocean,12854.0,2121.0,0,0,0
7212,Atlantic Ocean,4461.0,2277.0,0,0,0
7213,Pacific Ocean,569.0,2293.0,0,0,0
7214,Pacific Ocean,12854.0,2308.0,0,0,0
7215,Atlantic Ocean,4391.0,2386.0,0,0,0
7216,Atlantic Ocean,4422.0,2511.0,0,0,0
7217,Pacific Ocean,12753.0,2511.0,0,0,0
7218,Atlantic Ocean,4188.0,2574.0,0,0,0
7219,Pacific Ocean,13392.0,2667.0,0,0,0
7220,Pacific Ocean,12612.0,2698.0,0,0,0
7221,Pacific Ocean,13166.0,2714.0,0,0,0
7222,Atlantic Ocean,4251.0,2730.0,0,0,0
7223,Atlantic Ocean,4399.0,2776.0,0,0,0
7224,Pacific Ocean,12885.0,2839.0,0,0,0
7225,Pacific Ocean,13542.0,2874.0,0,0,0
7226,Pacific Ocean,12558.0,2870.0,0,0,0
7227,Atlantic Ocean,4641.0,3104.0,0,0,0
7228,Pacific Ocean,13506.0,3178.0,0,0,0
7229,Atlantic Ocean,4711.0,3213.0,0,0,0
7230,Pacific Ocean,1396.0,3572.0,0,0,0
7231,Pacific Ocean,1255.0,3603.0,0,0,0
7232,Pacific Ocean,1497.0,3650.0,0,0,0
7233,Pacific Ocean,202.0,3712.0,0,0,0
7234,Pacific Ocean,1092.0,3744.0,0,0,0
7235,Pacific Ocean,1653.0,3744.0,0,0,0
7236,Pacific Ocean,382.0,3790.0,0,0,0
7237,Pacific Ocean,585.0,3790.0,0,0,0
7238,Pacific Ocean,772.0,3790.0,0,0,0
7239,Pacific Ocean,1840.0,3868.0,0,0,0
7240,Pacific Ocean,2082.0,4009.0,0,0,0
7241,Pacific Ocean,1497.0,4087.0,0,0,0
7242,Pacific Ocean,2184.0,4118.0,0,0,0
7243,Pacific Ocean,1263.0,4149.0,0,0,0
7244,Pacific Ocean,1794.0,4180.0,0,0,0
7245,Pacific Ocean,1918.0,4243.0,0,0,0
7246,Pacific Ocean,1014.0,4274.0,0,0,0
7247,Indian Ocean,9094.0,4305.0,0,0,0
7248,Pacific Ocean,2043.0,4368.0,0,0,0
7249,Pacific Ocean,2238.0,4414.0,0,0,0
7250,Indian Ocean,9336.0,4414.0,0,0,0
7251,Indian Ocean,9001.0,4461.0,0,0,0
7252,Pacific Ocean,943.0,4508.0,0,0,0
7253,Pacific Ocean,2121.0,4524.0,0,0,0
7254,Indian Ocean,9757.0,4539.0,0,0,0
7255,Indian Ocean,9555.0,4570.0,0,0,0
7256,Indian Ocean,8931.0,4602.0,0,0,0
7257,Pacific Ocean,2355.0,4648.0,0,0,0
7258,Indian Ocean,9929.0,4695.0,0,0,0
7259,Indian Ocean,8884.0,4726.0,0,0,0
7260,Pacific Ocean,2121.0,4773.0,0,0,0
7261,Pacific Ocean,982.0,4836.0,0,0,0
7262,Indian Ocean,10077.0,4836.0,0,0,0
7263,Pacific Ocean,2503.0,4882.0,0,0,0
7264,Indian Ocean,8938.0,4960.0,0,0,0
7265,Indian Ocean,10257.0,4976.0,0,0,0
7266,Pacific Ocean,998.0,4992.0,0,0,0
7267,Pacific Ocean,2051.0,5007.0,0,0,0
7268,Indian Ocean,10444.0,5101.0,0,0,0
7269,Pacific Ocean,1965.0,5116.0,0,0,0
7270,Pacific Ocean,2574.0,5116.0,0,0,0
7271,Pacific Ocean,1084.0,5163.0,0,0,0
7272,Indian Ocean,10631.0,5194.0,0,0,0
7273,Pacific Ocean,1333.0,5226.0,0,0,0
7274,Pacific Ocean,1770.0,5226.0,0,0,0
7275,Pacific Ocean,2644.0,5226.0,0,0,0
7276,Indian Ocean,8993.0,5226.0,0,0,0
7277,Indian Ocean,10732.0,5272.0,0,0,0
7278,Atlantic Ocean,5335.0,5304.0,0,0,0
7279,Pacific Ocean,1536.0,5319.0,0,0,0
7280,Pacific Ocean,2714.0,5335.0,0,0,0
7281,Atlantic Ocean,5436.0,5382.0,0,0,0
7282,Indian Ocean,10803.0,5413.0,0,0,0
7283,Indian Ocean,8829.0,5460.0,0,0,0
7284,Atlantic Ocean,5148.0,5491.0,0,0,0
7285,Pacific Ocean,2730.0,5584.0,0,0,0
7286,Atlantic Ocean,5577.0,5600.0,0,0,0
7287,Atlantic Ocean,5928.0,5616.0,0,0,0
7289,Atlantic Ocean,6060.0,5631.0,0,0,0
7290,Atlantic Ocean,5038.0,5647.0,0,0,0
7292,Atlantic Ocean,4929.0,5772.0,0,0,0
7294,Pacific Ocean,2769.0,5818.0,0,0,0
7301,Pacific Ocean,2761.0,6021.0,0,0,0
7309,Pacific Ocean,2800.0,6224.0,0,0,0
7319,Southern Ocean,2854.0,6427.0,0,0,0
7330,Pacific Ocean,13166.0,1435.0,0,0,0
7331,Pacific Ocean,13291.0,1466.0,0,0,0
7332,Pacific Ocean,13455.0,1482.0,0,0,0
7333,Pacific Ocean,13111.0,1575.0,0,0,0
7334,Pacific Ocean,16.0,1747.0,0,0,0
7335,Pacific Ocean,12916.0,1747.0,0,0,0
7336,Pacific Ocean,265.0,1778.0,0,0,0
7337,Pacific Ocean,109.0,1872.0,0,0,0
7338,Pacific Ocean,358.0,1872.0,0,0,0
7339,Pacific Ocean,241.0,1950.0,0,0,0
7340,Pacific Ocean,15.0,1996.0,0,0,0
7341,Pacific Ocean,12955.0,2012.0,0,0,0
7342,Pacific Ocean,12955.0,2199.0,0,0,0
7343,Pacific Ocean,12885.0,2433.0,0,0,0
7344,Atlantic Ocean,4290.0,2464.0,0,0,0
7345,Atlantic Ocean,4321.0,2589.0,0,0,0
7346,Pacific Ocean,13260.0,2589.0,0,0,0
7347,Pacific Ocean,12745.0,2652.0,0,0,0
7348,Pacific Ocean,13010.0,2683.0,0,0,0
7349,Pacific Ocean,13495.0,2728.0,0,0,0
7350,Pacific Ocean,12737.0,2792.0,0,0,0
7351,Pacific Ocean,1349.0,3697.0,0,0,0
7352,Pacific Ocean,1224.0,3728.0,0,0,0
7353,Pacific Ocean,54.0,3759.0,0,0,0
7354,Pacific Ocean,1528.0,3775.0,0,0,0
7355,Pacific Ocean,234.0,3837.0,0,0,0
7356,Pacific Ocean,998.0,3837.0,0,0,0
7357,Pacific Ocean,483.0,3868.0,0,0,0
7358,Pacific Ocean,873.0,3868.0,0,0,0
7359,Pacific Ocean,1684.0,3868.0,0,0,0
7360,Pacific Ocean,678.0,3884.0,0,0,0
7361,Pacific Ocean,1872.0,3993.0,0,0,0
7362,Pacific Ocean,1357.0,4024.0,0,0,0
7363,Pacific Ocean,1622.0,4024.0,0,0,0
7364,Pacific Ocean,1747.0,4056.0,0,0,0
7365,Pacific Ocean,1957.0,4102.0,0,0,0
7366,Pacific Ocean,1107.0,4149.0,0,0,0
7367,Pacific Ocean,2059.0,4180.0,0,0,0
7368,Pacific Ocean,912.0,4352.0,0,0,0
7369,Indian Ocean,9126.0,4430.0,0,0,0
7370,Indian Ocean,9406.0,4524.0,0,0,0
7371,Pacific Ocean,2246.0,4555.0,0,0,0
7372,Indian Ocean,9071.0,4570.0,0,0,0
7373,Pacific Ocean,881.0,4633.0,0,0,0
7374,Indian Ocean,9656.0,4648.0,0,0,0
7375,Indian Ocean,9789.0,4664.0,0,0,0
7376,Pacific Ocean,2215.0,4680.0,0,0,0
7377,Indian Ocean,9024.0,4695.0,0,0,0
7378,Pacific Ocean,2308.0,4773.0,0,0,0
7379,Indian Ocean,8977.0,4820.0,0,0,0
7380,Indian Ocean,9921.0,4836.0,0,0,0
7381,Pacific Ocean,2152.0,4898.0,0,0,0
7382,Pacific Ocean,865.0,4914.0,0,0,0
7383,Indian Ocean,10108.0,4960.0,0,0,0
7384,Pacific Ocean,2472.0,5007.0,0,0,0
7385,Indian Ocean,9032.0,5054.0,0,0,0
7386,Indian Ocean,10288.0,5101.0,0,0,0
7387,Pacific Ocean,936.0,5116.0,0,0,0
7388,Pacific Ocean,2121.0,5116.0,0,0,0
7389,Pacific Ocean,2488.0,5226.0,0,0,0
7390,Indian Ocean,10475.0,5226.0,0,0,0
7391,Pacific Ocean,1903.0,5241.0,0,0,0
7392,Pacific Ocean,1177.0,5257.0,0,0,0
7393,Pacific Ocean,1669.0,5304.0,0,0,0
7395,Pacific Ocean,1404.0,5335.0,0,0,0
7396,Pacific Ocean,2558.0,5335.0,0,0,0
7397,Indian Ocean,9024.0,5350.0,0,0,0
7398,Atlantic Ocean,5241.0,5397.0,0,0,0
7399,Pacific Ocean,2636.0,5460.0,0,0,0
7400,Indian Ocean,8962.0,5475.0,0,0,0
7401,Atlantic Ocean,5389.0,5506.0,0,0,0
7404,Atlantic Ocean,5179.0,5616.0,0,0,0
7405,Atlantic Ocean,5795.0,5662.0,0,0,0
7406,Atlantic Ocean,5670.0,5694.0,0,0,0
7407,Pacific Ocean,2667.0,5709.0,0,0,0
7410,Atlantic Ocean,5070.0,5772.0,0,0,0
7413,Pacific Ocean,2667.0,5896.0,0,0,0
7420,Pacific Ocean,2675.0,6130.0,0,0,0
7429,Southern Ocean,2730.0,6333.0,0,0,0
7445,Pacific Ocean,13361.0,1575.0,0,0,0
7446,Pacific Ocean,13236.0,1606.0,0,0,0
7447,Pacific Ocean,13088.0,1716.0,0,0,0
7448,Pacific Ocean,13018.0,1825.0,0,0,0
7449,Pacific Ocean,13057.0,2090.0,0,0,0
7450,Pacific Ocean,12987.0,2324.0,0,0,0
7451,Pacific Ocean,13361.0,2511.0,0,0,0
7452,Pacific Ocean,12979.0,2527.0,0,0,0
7453,Pacific Ocean,13486.0,2542.0,0,0,0
7454,Pacific Ocean,13104.0,2558.0,0,0,0
7455,Pacific Ocean,12877.0,2605.0,0,0,0
7456,Pacific Ocean,1318.0,3822.0,0,0,0
7457,Pacific Ocean,1162.0,3853.0,0,0,0
7458,Pacific Ocean,85.0,3884.0,0,0,0
7459,Pacific Ocean,1435.0,3900.0,0,0,0
7460,Pacific Ocean,335.0,3915.0,0,0,0
7461,Pacific Ocean,577.0,3962.0,0,0,0
7462,Pacific Ocean,780.0,3962.0,0,0,0
7463,Pacific Ocean,967.0,3962.0,0,0,0
7464,Pacific Ocean,1232.0,3993.0,0,0,0
7465,Pacific Ocean,982.0,4118.0,0,0,0
7466,Pacific Ocean,881.0,4196.0,0,0,0
7467,Pacific Ocean,811.0,4430.0,0,0,0
7468,Indian Ocean,9227.0,4508.0,0,0,0
7469,Indian Ocean,9172.0,4648.0,0,0,0
7470,Indian Ocean,9438.0,4648.0,0,0,0
7471,Indian Ocean,9539.0,4726.0,0,0,0
7472,Pacific Ocean,834.0,4758.0,0,0,0
7473,Indian Ocean,9126.0,4773.0,0,0,0
7474,Indian Ocean,9687.0,4773.0,0,0,0
7475,Pacific Ocean,2355.0,4898.0,0,0,0
7476,Indian Ocean,9079.0,4898.0,0,0,0
7477,Indian Ocean,9952.0,4960.0,0,0,0
7478,Pacific Ocean,2223.0,5007.0,0,0,0
7479,Pacific Ocean,803.0,5038.0,0,0,0
7480,Indian Ocean,10140.0,5085.0,0,0,0
7481,Pacific Ocean,2386.0,5116.0,0,0,0
7482,Indian Ocean,9126.0,5148.0,0,0,0
7483,Pacific Ocean,2035.0,5226.0,0,0,0
7484,Indian Ocean,10319.0,5226.0,0,0,0
7485,Pacific Ocean,967.0,5241.0,0,0,0
7486,Pacific Ocean,2402.0,5335.0,0,0,0
7487,Pacific Ocean,1271.0,5350.0,0,0,0
7488,Pacific Ocean,1801.0,5350.0,0,0,0
7490,Pacific Ocean,1606.0,5428.0,0,0,0
7492,Pacific Ocean,1474.0,5444.0,0,0,0
7493,Pacific Ocean,2488.0,5444.0,0,0,0
7494,Indian Ocean,9118.0,5444.0,0,0,0
7495,Pacific Ocean,2574.0,5584.0,0,0,0
7497,Atlantic Ocean,5319.0,5616.0,0,0,0
7498,Atlantic Ocean,5452.0,5631.0,0,0,0
7501,Atlantic Ocean,5545.0,5725.0,0,0,0
7502,Atlantic Ocean,5210.0,5740.0,0,0,0
7503,Pacific Ocean,2566.0,5787.0,0,0,0
7509,Pacific Ocean,2581.0,6006.0,0,0,0
7516,Pacific Ocean,2605.0,6240.0,0,0,0
7536,Pacific Ocean,13486.0,1606.0,0,0,0
7537,Pacific Ocean,13330.0,1700.0,0,0,0
7538,Pacific Ocean,13158.0,1825.0,0,0,0
7539,Pacific Ocean,13088.0,1934.0,0,0,0
7540,Pacific Ocean,13088.0,2215.0,0,0,0
7541,Pacific Ocean,13455.0,2386.0,0,0,0
7542,Pacific Ocean,13088.0,2402.0,0,0,0
7543,Pacific Ocean,13228.0,2433.0,0,0,0
7544,Pacific Ocean,187.0,3962.0,0,0,0
7545,Pacific Ocean,1099.0,3978.0,0,0,0
7546,Pacific Ocean,436.0,3993.0,0,0,0
7547,Pacific Ocean,678.0,4040.0,0,0,0
7548,Pacific Ocean,850.0,4071.0,0,0,0
7549,Pacific Ocean,780.0,4274.0,0,0,0
7550,Pacific Ocean,748.0,4555.0,0,0,0
7551,Indian Ocean,9297.0,4617.0,0,0,0
7552,Indian Ocean,9266.0,4742.0,0,0,0
7553,Indian Ocean,9391.0,4773.0,0,0,0
7554,Pacific Ocean,733.0,4836.0,0,0,0
7555,Indian Ocean,9570.0,4851.0,0,0,0
7556,Indian Ocean,9789.0,4851.0,0,0,0
7557,Indian Ocean,9219.0,4867.0,0,0,0
7558,Indian Ocean,9172.0,4992.0,0,0,0
7559,Indian Ocean,9984.0,5085.0,0,0,0
7560,Pacific Ocean,2254.0,5132.0,0,0,0
7561,Pacific Ocean,795.0,5179.0,0,0,0
7562,Indian Ocean,10171.0,5210.0,0,0,0
7563,Pacific Ocean,2168.0,5241.0,0,0,0
7564,Indian Ocean,9157.0,5272.0,0,0,0
7565,Pacific Ocean,1060.0,5335.0,0,0,0
7566,Pacific Ocean,1973.0,5350.0,0,0,0
7568,Pacific Ocean,2332.0,5444.0,0,0,0
7570,Pacific Ocean,1341.0,5460.0,0,0,0
7571,Pacific Ocean,1731.0,5460.0,0,0,0
7572,Pacific Ocean,1544.0,5553.0,0,0,0
7573,Pacific Ocean,2418.0,5553.0,0,0,0
7576,Pacific Ocean,2464.0,5678.0,0,0,0
7578,Atlantic Ocean,5350.0,5740.0,0,0,0
7584,Pacific Ocean,2480.0,5896.0,0,0,0
7589,Pacific Ocean,2511.0,6115.0,0,0,0
7613,Pacific Ocean,13455.0,1731.0,0,0,0
7614,Pacific Ocean,13299.0,1825.0,0,0,0
7615,Pacific Ocean,13228.0,1934.0,0,0,0
7616,Pacific Ocean,13182.0,2059.0,0,0,0
7617,Pacific Ocean,13213.0,2277.0,0,0,0
7618,Pacific Ocean,13330.0,2355.0,0,0,0
7619,Pacific Ocean,39.0,4009.0,0,0,0
7620,Pacific Ocean,288.0,4040.0,0,0,0
7621,Pacific Ocean,530.0,4087.0,0,0,0
7622,Pacific Ocean,748.0,4149.0,0,0,0
7623,Pacific Ocean,678.0,4352.0,0,0,0
7624,Pacific Ocean,702.0,4680.0,0,0,0
7625,Indian Ocean,9344.0,4898.0,0,0,0
7626,Indian Ocean,9672.0,4929.0,0,0,0
7627,Pacific Ocean,670.0,4960.0,0,0,0
7628,Indian Ocean,9820.0,4976.0,0,0,0
7629,Indian Ocean,9266.0,5085.0,0,0,0
7630,Pacific Ocean,663.0,5101.0,0,0,0
7631,Indian Ocean,10015.0,5210.0,0,0,0
7632,Pacific Ocean,2301.0,5257.0,0,0,0
7633,Pacific Ocean,826.0,5304.0,0,0,0
7635,Pacific Ocean,2106.0,5366.0,0,0,0
7636,Indian Ocean,9250.0,5366.0,0,0,0
7637,Pacific Ocean,928.0,5382.0,0,0,0
7638,Pacific Ocean,1154.0,5428.0,0,0,0
7639,Pacific Ocean,1872.0,5460.0,0,0,0
7642,Pacific Ocean,2262.0,5553.0,0,0,0
7644,Pacific Ocean,1411.0,5569.0,0,0,0
7645,Pacific Ocean,1669.0,5584.0,0,0,0
7646,Pacific Ocean,2332.0,5662.0,0,0,0
7649,Pacific Ocean,2379.0,5787.0,0,0,0
7657,Pacific Ocean,2410.0,6006.0,0,0,0
7681,Pacific Ocean,13423.0,1856.0,0,0,0
7682,Pacific Ocean,13353.0,1965.0,0,0,0
7683,Pacific Ocean,13283.0,2137.0,0,0,0
7684,Pacific Ocean,13423.0,2230.0,0,0,0
7685,Pacific Ocean,140.0,4087.0,0,0,0
7686,Pacific Ocean,390.0,4118.0,0,0,0
7687,Pacific Ocean,624.0,4180.0,0,0,0
7688,Pacific Ocean,616.0,4477.0,0,0,0
7689,Pacific Ocean,600.0,4758.0,0,0,0
7690,Indian Ocean,9469.0,4929.0,0,0,0
7691,Pacific Ocean,538.0,5007.0,0,0,0
7692,Indian Ocean,9570.0,5007.0,0,0,0
7693,Indian Ocean,9399.0,5038.0,0,0,0
7694,Indian Ocean,9703.0,5054.0,0,0,0
7695,Indian Ocean,9851.0,5101.0,0,0,0
7696,Indian Ocean,9297.0,5210.0,0,0,0
7697,Pacific Ocean,655.0,5241.0,0,0,0
7699,Pacific Ocean,780.0,5428.0,0,0,0
7700,Pacific Ocean,1029.0,5460.0,0,0,0
7703,Pacific Ocean,2004.0,5475.0,0,0,0
7704,Pacific Ocean,2137.0,5491.0,0,0,0
7705,Pacific Ocean,1224.0,5538.0,0,0,0
7706,Pacific Ocean,1801.0,5569.0,0,0,0
7708,Pacific Ocean,2176.0,5662.0,0,0,0
7710,Pacific Ocean,1482.0,5678.0,0,0,0
7712,Pacific Ocean,2246.0,5772.0,0,0,0
7715,Pacific Ocean,2308.0,5896.0,0,0,0
7741,Pacific Ocean,13526.0,1833.0,0,0,0
7742,Pacific Ocean,13494.0,1965.0,0,0,0
7743,Pacific Ocean,13423.0,2074.0,0,0,0
7744,Pacific Ocean,13548.0,2262.0,0,0,0
7745,Pacific Ocean,7.0,4134.0,0,0,0
7746,Pacific Ocean,241.0,4165.0,0,0,0
7747,Pacific Ocean,483.0,4212.0,0,0,0
7748,Pacific Ocean,553.0,4321.0,0,0,0
7749,Pacific Ocean,569.0,4602.0,0,0,0
7750,Pacific Ocean,507.0,4851.0,0,0,0
7751,Indian Ocean,9508.0,5109.0,0,0,0
7752,Pacific Ocean,507.0,5132.0,0,0,0
7753,Indian Ocean,9734.0,5179.0,0,0,0
7754,Indian Ocean,9882.0,5226.0,0,0,0
7755,Indian Ocean,9391.0,5304.0,0,0,0
7756,Pacific Ocean,631.0,5382.0,0,0,0
7758,Pacific Ocean,881.0,5506.0,0,0,0
7759,Pacific Ocean,1099.0,5569.0,0,0,0
7760,Pacific Ocean,1934.0,5584.0,0,0,0
7763,Pacific Ocean,1294.0,5647.0,0,0,0
7764,Pacific Ocean,1739.0,5694.0,0,0,0
7765,Pacific Ocean,1606.0,5709.0,0,0,0
7792,Pacific Ocean,13527.0,2148.0,0,0,0
7793,Pacific Ocean,109.0,4212.0,0,0,0
7794,Pacific Ocean,343.0,4243.0,0,0,0
7795,Pacific Ocean,413.0,4352.0,0,0,0
7796,Pacific Ocean,483.0,4461.0,0,0,0
7797,Pacific Ocean,468.0,4680.0,0,0,0
7798,Pacific Ocean,405.0,4929.0,0,0,0
7799,Indian Ocean,9601.0,5194.0,0,0,0
7800,Pacific Ocean,499.0,5272.0,0,0,0
7804,Pacific Ocean,663.0,5506.0,0,0,0
7807,Pacific Ocean,764.0,5584.0,0,0,0
7808,Pacific Ocean,975.0,5600.0,0,0,0
7809,Pacific Ocean,1170.0,5678.0,0,0,0
7810,Pacific Ocean,1872.0,5709.0,0,0,0
7839,Pacific Ocean,7.0,4290.0,0,0,0
7840,Pacific Ocean,210.0,4290.0,0,0,0
7841,Pacific Ocean,327.0,4461.0,0,0,0
7842,Pacific Ocean,397.0,4570.0,0,0,0
7843,Pacific Ocean,374.0,4773.0,0,0,0
7844,Pacific Ocean,374.0,5054.0,0,0,0
7845,Pacific Ocean,366.0,5194.0,0,0,0
7847,Pacific Ocean,475.0,5413.0,0,0,0
7851,Pacific Ocean,616.0,5631.0,0,0,0
7852,Pacific Ocean,858.0,5678.0,0,0,0
7855,Pacific Ocean,1045.0,5709.0,0,0,0
7883,Pacific Ocean,109.0,4368.0,0,0,0
7884,Pacific Ocean,241.0,4570.0,0,0,0
7885,Pacific Ocean,273.0,4851.0,0,0,0
7886,Pacific Ocean,241.0,5101.0,0,0,0
7887,Pacific Ocean,343.0,5335.0,0,0,0
7888,Pacific Ocean,507.0,5538.0,0,0,0
7892,Pacific Ocean,717.0,5709.0,0,0,0
7918,Pacific Ocean,7.0,4446.0,0,0,0
7919,Pacific Ocean,140.0,4492.0,0,0,0
7920,Pacific Ocean,273.0,4695.0,0,0,0
7921,Pacific Ocean,171.0,4960.0,0,0,0
7922,Pacific Ocean,210.0,5226.0,0,0,0
7923,Pacific Ocean,335.0,5475.0,0,0,0
7924,Pacific Ocean,460.0,5662.0,0,0,0
7926,Pacific Ocean,569.0,5756.0,0,0,0
7951,Pacific Ocean,39.0,4570.0,0,0,0
7952,Pacific Ocean,140.0,4648.0,0,0,0
7953,Pacific Ocean,171.0,4773.0,0,0,0
7954,Pacific Ocean,85.0,5070.0,0,0,0
7955,Pacific Ocean,187.0,5366.0,0,0,0
7956,Pacific Ocean,312.0,5616.0,0,0,0
7957,Pacific Ocean,413.0,5787.0,0,0,0
7980,Pacific Ocean,7.0,4695.0,0,0,0
7981,Pacific Ocean,70.0,4851.0,0,0,0
7982,Pacific Ocean,54.0,5194.0,0,0,0
7983,Pacific Ocean,179.0,5506.0,0,0,0
7984,Pacific Ocean,265.0,5740.0,0,0,0
8005,Pacific Ocean,13.0,4960.0,0,0,0
8006,Pacific Ocean,31.0,5335.0,0,0,0
8007,Pacific Ocean,140.0,5647.0,0,0,0
8026,Pacific Ocean,23.0,5475.0,0,0,0
8027,Pacific Ocean,109.0,5772.0,0,0,0
8044,Pacific Ocean,11.0,5616.0,0,0,0
8106,Gulf of Mexico,2589.0,3151.0,0,0,0
8107,Gulf of Mexico,2664.0,3222.0,0,0,0
8108,Caribbean Sea,3160.0,3552.0,0,0,0
8109,Caribbean Sea,3110.0,3649.0,0,0,0
8110,Caribbean Sea,3061.0,3732.0,0,0,0
8117,Caribbean Sea,3443.0,3236.0,0,0,0
8118,Gulf of Mexico,3032.0,3026.0,0,0,0
8119,Caribbean Sea,2986.0,3403.0,0,0,0
8120,Atlantic Ocean,5141.0,2983.0,0,0,0
8121,Atlantic Ocean,4882.0,3731.0,0,0,0
8122,Atlantic Ocean,4794.0,3543.0,0,0,0
8123,Atlantic Ocean,4759.0,3337.0,0,0,0
8124,Atlantic Ocean,4526.0,2815.0,0,0,0
8125,Atlantic Ocean,4422.0,2649.0,0,0,0
8126,Atlantic Ocean,5116.0,2381.0,0,0,0
8127,Atlantic Ocean,5532.0,5137.0,0,0,0
8128,Atlantic Ocean,6292.0,5054.0,0,0,0
8130,Atlantic Ocean,6474.0,5423.0,0,0,0
8132,Indian Ocean,9510.0,5278.0,0,0,0
8133,Indian Ocean,9407.0,5171.0,0,0,0
8134,Indian Ocean,9874.0,4581.0,0,0,0
8135,Bay of Bengal,10062.0,3868.0,0,0,0
8136,Bay of Bengal,10119.0,3764.0,0,0,0
8137,Pacific Ocean,12448.0,2974.0,0,0,0
8138,Pacific Ocean,12901.0,3312.0,0,0,0
8139,Indian Ocean,10041.0,4061.0,0,0,0
8140,Indian Ocean,10062.0,4144.0,0,0,0
8143,Atlantic Ocean,5262.0,5517.0,0,0,0
8144,Atlantic Ocean,5647.0,4659.0,0,0,0
8145,Atlantic Ocean,6078.0,4732.0,0,0,0
8146,Atlantic Ocean,5033.0,4087.0,0,0,0
8147,Atlantic Ocean,4888.0,2142.0,0,0,0
8148,Bay of Biscay,5860.0,2210.0,0,0,0
8149,Bay of Biscay,5798.0,2152.0,0,0,0
8150,Atlantic Ocean,3998.0,2860.0,0,0,0
8151,Atlantic Ocean,3991.0,2782.0,0,0,0
8153,Caribbean Sea,3993.0,3464.0,0,0,0
8154,Atlantic Ocean,3760.0,6278.0,0,0,0
8156,Scotia Sea,3790.0,6372.0,0,0,0
8159,Scotia Sea,3866.0,6398.0,0,0,0
8160,Scotia Sea,3939.0,6424.0,0,0,0
8163,Southern Ocean,3781.0,6528.0,0,0,0
8164,Atlantic Ocean,3890.0,6147.0,0,0,0
8165,Atlantic Ocean,3807.0,6104.0,0,0,0
8168,Atlantic Ocean,3931.0,6028.0,0,0,0
8169,Atlantic Ocean,4040.0,6028.0,0,0,0
8171,Atlantic Ocean,3844.0,6036.0,0,0,0
8172,Atlantic Ocean,3894.0,5932.0,0,0,0
8173,Atlantic Ocean,3925.0,5854.0,0,0,0
8175,Pacific Ocean,1554.0,3906.0,0,0,0
8176,Pacific Ocean,2165.0,4245.0,0,0,0
8177,Pacific Ocean,2150.0,4323.0,0,0,0
8178,Pacific Ocean,2054.0,5579.0,0,0,0
8179,Pacific Ocean,1986.0,5681.0,0,0,0
8182,Pacific Ocean,2080.0,5668.0,0,0,0
8183,Pacific Ocean,2215.0,5370.0,0,0,0
8185,Pacific Ocean,2753.0,5458.0,0,0,0
8186,Pacific Ocean,288.0,4984.0,0,0,0
8187,Pacific Ocean,1201.0,3161.0,0,0,0
8188,Pacific Ocean,1159.0,2925.0,0,0,0
8189,Pacific Ocean,1034.0,2880.0,0,0,0
8190,Pacific Ocean,418.0,3203.0,0,0,0
8191,Pacific Ocean,452.0,3138.0,0,0,0
8193,Pacific Ocean,659.0,2369.0,0,0,0
8194,Strait of Florida,3291.0,2978.0,0,0,0
8198,Gulf of Mexico,3243.0,2928.0,0,0,0
8200,Gulf of Mexico,3154.0,2777.0,0,0,0
8201,Caribbean Sea,3163.0,3105.0,0,0,0
8202,Atlantic Ocean,3447.0,2992.0,0,0,0
8204,Atlantic Ocean,3596.0,3069.0,0,0,0
8206,Atlantic Ocean,3660.0,3097.0,0,0,0
8209,Atlantic Ocean,3538.0,2886.0,0,0,0
8215,Pacific Ocean,488.0,2022.0,0,0,0
8216,Pacific Ocean,444.0,1638.0,0,0,0
8218,Pacific Ocean,712.0,1622.0,0,0,0
8219,Pacific Ocean,913.0,1521.0,0,0,0
8221,Georgian Bay,3383.0,1678.0,0,0,0
8222,Georgian Bay,3424.0,1736.0,0,0,0
8224,Georgian Bay,3351.0,1693.0,0,0,0
8225,Lake Huron,3341.0,1774.0,0,0,0
8228,Lake Huron,3276.0,1774.0,0,0,0
8229,Georgian Bay,3248.0,1650.0,0,0,0
8230,Lake Michigan,3163.0,1658.0,0,0,0
8231,Lake Michigan,3095.0,1686.0,0,0,0
8232,Lake Michigan,3091.0,1766.0,0,0,0
8233,Lake Michigan,3062.0,1829.0,0,0,0
8234,Lake Michigan,3053.0,1891.0,0,0,0
8235,Lake Michigan,3050.0,1934.0,0,0,0
8236,Lake Michigan,3084.0,1946.0,0,0,0
8238,Lake Michigan,3095.0,1895.0,0,0,0
8239,Lake Michigan,3083.0,1831.0,0,0,0
8240,Lake Erie,3299.0,1957.0,0,0,0
8241,Lake Erie,3363.0,1940.0,0,0,0
8242,Lake Erie,3442.0,1889.0,0,0,0
8243,Lake Erie,3416.0,1922.0,0,0,0
8244,Lake Erie,3393.0,1893.0,0,0,0
8245,Lake Erie,3336.0,1922.0,0,0,0
8246,Lake Ontario,3486.0,1840.0,0,0,0
8247,Lake Ontario,3532.0,1838.0,0,0,0
8248,Lake Ontario,3594.0,1832.0,0,0,0
8250,Lake Ontario,3610.0,1801.0,0,0,0
8253,Lake Ontario,3513.0,1808.0,0,0,0
8254,Lake Superior,2857.0,1597.0,0,0,0
8255,Lake Superior,2906.0,1573.0,0,0,0
8256,Lake Superior,2971.0,1519.0,0,0,0
8257,Lake Superior,3042.0,1467.0,0,0,0
8258,Lake Superior,3129.0,1496.0,0,0,0
8259,Lake Superior,3186.0,1550.0,0,0,0
8260,Lake Superior,3201.0,1608.0,0,0,0
8261,Lake Superior,3133.0,1588.0,0,0,0
8262,Lake Superior,3066.0,1585.0,0,0,0
8263,Lake Superior,3040.0,1527.0,0,0,0
8266,Lake Superior,2913.0,1616.0,0,0,0
8270,Lake Superior,3093.0,1549.0,0,0,0
8272,Hudson Bay,3264.0,1018.0,0,0,0
8273,Hudson Bay,3582.0,995.0,0,0,0
8279,Arabian Sea,8785.0,3211.0,0,0,0
8296,Barents Sea,8759.0,527.0,0,0,0
8297,Barents Sea,8715.0,426.0,0,0,0
8298,Kara Sea,9310.0,312.0,0,0,0
8299,Kara Sea,9302.0,392.0,0,0,0
8302,Alboran Sea,5896.0,2878.0,0,0,0
8305,Balearic Sea,6112.0,2610.0,0,0,0
8312,Mediterranean Sea,6152.0,2811.0,0,0,0
8316,Mediterranean Sea,6242.0,2804.0,0,0,0
8317,Mediterranean Sea,6380.0,2761.0,0,0,0
8323,Mediterranean Sea,6846.0,3059.0,0,0,0
8329,Mediterranean Sea,6984.0,2872.0,0,0,0
8331,Mediterranean Sea,7004.0,2928.0,0,0,0
8332,Ionian Sea,7062.0,2796.0,0,0,0
8333,Mediterranean Sea,7156.0,2906.0,0,0,0
8334,Mediterranean Sea,7098.0,2857.0,0,0,0
8336,Mediterranean Sea,7237.0,2954.0,0,0,0
8340,Aegean Sea,7386.0,2831.0,0,0,0
8346,Mediterranean Sea,7482.0,2986.0,0,0,0
8357,Mediterranean Sea,7630.0,2902.0,0,0,0
8359,Black Sea,7575.0,2337.0,0,0,0
8361,Black Sea,7578.0,2234.0,0,0,0
8364,Black Sea,7927.0,2267.0,0,0,0
8374,Black Sea,7679.0,2281.0,0,0,0
8378,Black Sea,7836.0,2273.0,0,0,0
8379,Black Sea,7766.0,2231.0,0,0,0
8405,Adriatic Sea,6847.0,2445.0,0,0,0
8409,Adriatic Sea,6946.0,2505.0,0,0,0
8426,Tyrrhenian Sea,6627.0,2647.0,0,0,0
8432,Mediterranean Sea,6295.0,2524.0,0,0,0
8449,North Sea,6386.0,1476.0,0,0,0
8452,North Sea,6357.0,1662.0,0,0,0
8458,North Sea,6443.0,1564.0,0,0,0
8459,North Sea,6324.0,1575.0,0,0,0
8464,Norwegian Sea,6175.0,794.0,0,0,0
8465,Norwegian Sea,6143.0,668.0,0,0,0
8469,Gulf of St. Lawrence,4329.0,1554.0,0,0,0
8472,Gulf of St. Lawrence,4348.0,1464.0,0,0,0
8479,Gulf of Thailand,10684.0,3864.0,0,0,0
8480,Indian Ocean,11499.0,5031.0,0,0,0
8481,Indian Ocean,11480.0,4933.0,0,0,0
8482,Indian Ocean,10560.0,4442.0,0,0,0
8486,Bay of Bengal,10389.0,3850.0,0,0,0
8487,Bay of Bengal,10427.0,3939.0,0,0,0
8490,Gulf of Thailand,10830.0,4084.0,0,0,0
8491,South China Sea,10873.0,4153.0,0,0,0
8492,Java Sea,10885.0,4291.0,0,0,0
8493,South China Sea,10916.0,4060.0,0,0,0
8494,South China Sea,10882.0,3997.0,0,0,0
8495,South China Sea,11173.0,3950.0,0,0,0
8497,South China Sea,11078.0,3996.0,0,0,0
8498,South China Sea,11017.0,4078.0,0,0,0
8503,Java Sea,10947.0,4417.0,0,0,0
8504,Indian Ocean,10664.0,4557.0,0,0,0
8505,Indian Ocean,10745.0,4605.0,0,0,0
8506,Indian Ocean,10864.0,4643.0,0,0,0
8507,Indian Ocean,10435.0,4277.0,0,0,0
8509,Indian Ocean,11270.0,4720.0,0,0,0
8510,Indian Ocean,11389.0,4739.0,0,0,0
8511,Indian Ocean,11509.0,4773.0,0,0,0
8512,Indian Ocean,11595.0,4794.0,0,0,0
8515,Timor Sea,11801.0,4731.0,0,0,0
8520,Java Sea,11042.0,4485.0,0,0,0
8525,Flores Sea,11379.0,4466.0,0,0,0
8526,Java Sea,11266.0,4529.0,0,0,0
8532,Flores Sea,11361.0,4548.0,0,0,0
8534,Flores Sea,11450.0,4567.0,0,0,0
8537,Banda Sea,11662.0,4590.0,0,0,0
8538,Banda Sea,11726.0,4563.0,0,0,0
8539,Banda Sea,11883.0,4603.0,0,0,0
8540,Timor Sea,11953.0,4624.0,0,0,0
8541,Arafura Sea,12303.0,4768.0,0,0,0
8543,Arafura Sea,12214.0,4694.0,0,0,0
8549,Arafura Sea,12080.0,4542.0,0,0,0
8550,Banda Sea,11729.0,4436.0,0,0,0
8551,Banda Sea,11663.0,4400.0,0,0,0
8556,Arabian Sea,8997.0,3234.0,0,0,0
8557,South China Sea,11298.0,3708.0,0,0,0
8558,South China Sea,11337.0,3831.0,0,0,0
8559,South China Sea,11111.0,3555.0,0,0,0
8560,South China Sea,11188.0,3485.0,0,0,0
8562,South China Sea,11235.0,3581.0,0,0,0
8564,South China Sea,11385.0,3319.0,0,0,0
8566,South China Sea,11371.0,3233.0,0,0,0
8570,South China Sea,11488.0,3911.0,0,0,0
8574,Banda Sea,11818.0,4522.0,0,0,0
8575,Banda Sea,11754.0,4349.0,0,0,0
8576,Banda Sea,11849.0,4413.0,0,0,0
8577,Banda Sea,11928.0,4514.0,0,0,0
8579,Banda Sea,11939.0,4421.0,0,0,0
8580,Banda Sea,11880.0,4344.0,0,0,0
8581,Maluku Sea,11813.0,4267.0,0,0,0
8582,Banda Sea,11868.0,4157.0,0,0,0
8583,Celebes Sea,11545.0,4070.0,0,0,0
8588,Celebes Sea,11636.0,4120.0,0,0,0
8589,Celebes Sea,11717.0,4069.0,0,0,0
8590,Celebes Sea,11785.0,4125.0,0,0,0
8591,Celebes Sea,11817.0,4042.0,0,0,0
8592,Celebes Sea,11874.0,4095.0,0,0,0
8593,Pacific Ocean,11958.0,4122.0,0,0,0
8594,Pacific Ocean,12045.0,4146.0,0,0,0
8595,Pacific Ocean,12136.0,4123.0,0,0,0
8596,Pacific Ocean,12157.0,4035.0,0,0,0
8597,Pacific Ocean,12212.0,4191.0,0,0,0
8598,Pacific Ocean,12257.0,4087.0,0,0,0
8599,Pacific Ocean,12540.0,4104.0,0,0,0
8600,Bismarck Sea,12803.0,4372.0,0,0,0
8601,Bismarck Sea,12782.0,4291.0,0,0,0
8602,Bismarck Sea,12675.0,4290.0,0,0,0
8604,Coral Sea,12863.0,4995.0,0,0,0
8605,Coral Sea,12589.0,4789.0,0,0,0
8607,Arafura Sea,12362.0,4698.0,0,0,0
8608,Pacific Ocean,11859.0,3981.0,0,0,0
8609,Pacific Ocean,11978.0,3907.0,0,0,0
8610,Pacific Ocean,11870.0,3853.0,0,0,0
8611,Pacific Ocean,12078.0,3840.0,0,0,0
8612,Pacific Ocean,12065.0,3671.0,0,0,0
8614,Pacific Ocean,11989.0,3727.0,0,0,0
8615,Pacific Ocean,11974.0,3827.0,0,0,0
8616,Pacific Ocean,11892.0,3726.0,0,0,0
8618,Pacific Ocean,11805.0,3782.0,0,0,0
8619,Pacific Ocean,11798.0,3704.0,0,0,0
8621,Pacific Ocean,11779.0,3552.0,0,0,0
8622,Pacific Ocean,11866.0,3619.0,0,0,0
8623,South China Sea,11482.0,3337.0,0,0,0
8624,Pacific Ocean,11591.0,3317.0,0,0,0
8625,Pacific Ocean,11671.0,3563.0,0,0,0
8631,Pacific Ocean,11681.0,3450.0,0,0,0
8632,Pacific Ocean,11711.0,3317.0,0,0,0
8633,Pacific Ocean,11611.0,3226.0,0,0,0
8636,East China Sea,11556.0,3026.0,0,0,0
8637,Pacific Ocean,11578.0,3152.0,0,0,0
8638,Pacific Ocean,11688.0,3235.0,0,0,0
8640,Pacific Ocean,11757.0,3116.0,0,0,0
8641,Pacific Ocean,11649.0,3102.0,0,0,0
8645,Pacific Ocean,11791.0,3014.0,0,0,0
8646,Pacific Ocean,11859.0,2865.0,0,0,0
8649,Pacific Ocean,11776.0,2877.0,0,0,0
8650,Pacific Ocean,11834.0,2796.0,0,0,0
8654,East China Sea,11497.0,2936.0,0,0,0
8656,East China Sea,11429.0,2565.0,0,0,0
8660,East China Sea,11387.0,2483.0,0,0,0
8661,Pacific Ocean,12444.0,2857.0,0,0,0
8662,Pacific Ocean,12688.0,2971.0,0,0,0
8663,Pacific Ocean,12838.0,2719.0,0,0,0
8664,Pacific Ocean,12957.0,3222.0,0,0,0
8665,East China Sea,11523.0,2826.0,0,0,0
8666,East China Sea,11575.0,2907.0,0,0,0
8668,East China Sea,11490.0,2741.0,0,0,0
8673,East China Sea,11612.0,2794.0,0,0,0
8679,Pacific Ocean,12261.0,3967.0,0,0,0
8681,Bismarck Sea,12825.0,4197.0,0,0,0
8682,Great Australian Bight,12402.0,5922.0,0,0,0
8683,Tasman Sea,12815.0,5863.0,0,0,0
8685,Tasman Sea,12842.0,6051.0,0,0,0
8687,Tasman Sea,12743.0,6004.0,0,0,0
8688,Tasman Sea,12723.0,5874.0,0,0,0
8689,Tasman Sea,12794.0,5941.0,0,0,0
8690,Tasman Sea,12988.0,5768.0,0,0,0
8691,Tasman Sea,13016.0,5616.0,0,0,0
8694,Pacific Ocean,13419.0,5556.0,0,0,0
8696,Pacific Ocean,13501.0,5508.0,0,0,0
8698,Pacific Ocean,13521.0,5396.0,0,0,0
8699,Pacific Ocean,13150.0,5210.0,0,0,0
8703,Pacific Ocean,13505.0,4944.0,0,0,0
8704,Pacific Ocean,13299.0,4828.0,0,0,0
8705,Pacific Ocean,13483.0,4728.0,0,0,0
8707,Pacific Ocean,13182.0,4305.0,0,0,0
8709,Pacific Ocean,13540.0,4765.0,0,0,0
8711,Pacific Ocean,13150.0,4195.0,0,0,0
8713,Pacific Ocean,13493.0,3428.0,0,0,0
8715,Pacific Ocean,13016.0,3868.0,0,0,0
8716,Pacific Ocean,13213.0,1731.0,0,0,0
8717,Bering Sea,13526.0,1031.0,0,0,0
8722,Laptev Sea,11113.0,223.0,0,0,0
8725,Barents Sea,7559.0,573.0,0,0,0
8726,Sea of Japan,11732.0,2319.0,0,0,0
8730,Sea of Japan,11848.0,2304.0,0,0,0
8732,Sea of Japan,11892.0,2198.0,0,0,0
8739,Pacific Ocean,12103.0,1914.0,0,0,0
8742,Pacific Ocean,12185.0,1857.0,0,0,0
8744,Sea of Okhotsk,11810.0,1251.0,0,0,0
8745,Sea of Okhotsk,12170.0,1197.0,0,0,0
8746,Sea of Okhotsk,12374.0,1022.0,0,0,0
8748,Atlantic Ocean,5927.0,5018.0,0,0,0
8751,Baltic Sea,7002.0,1540.0,0,0,0
8752,Baltic Sea,7023.0,1478.0,0,0,0
8753,Baltic Sea,7021.0,1413.0,0,0,0
8755,North Sea,6374.0,1360.0,0,0,0
8756,Lake Victoria,7623.0,4480.0,0,0,0
8766,Artic Ocean,5168.0,858.0,0,0,0
8774,Gulf of Mexico,3045.0,2713.0,0,0,0
8775,Pacific Ocean,11987.0,2682.0,0,0,0
8777,Pacific Ocean,12156.0,2251.0,0,0,0
8779,Pacific Ocean,12137.0,2541.0,0,0,0
8781,Caribbean Sea,3623.0,3547.0,0,0,0
8782,Messina Canyon,6885.0,2824.0,0,0,0
8783,Arabian Sea,9166.0,3274.0,0,0,0
