{"type": "FeatureCollection", "features": [{"type": "Feature", "properties": {"sea_point_id": 56, "name": "Arabian Sea", "ed_raw": 0, "hst_raw": 0, "pal_raw": 0}, "geometry": {"type": "Point", "coordinates": [9059.0, 3149.0]}}, {"type": "Feature", "properties": {"sea_point_id": 3303, "name": "Sea of Azov", "ed_raw": 0, "hst_raw": 0, "pal_raw": 0}, "geometry": {"type": "Point", "coordinates": [7728.0, 2053.0]}}, {"type": "Feature", "properties": {"sea_point_id": 3304, "name": "Sea of Azov", "ed_raw": 0, "hst_raw": 0, "pal_raw": 0}, "geometry": {"type": "Point", "coordinates": [7677.0, 2097.0]}}, {"type": "Feature", "properties": {"sea_point_id": 3305, "name": "Persian Gulf", "ed_raw": 0, "hst_raw": 0, "pal_raw": 0}, "geometry": {"type": "Point", "coordinates": [8507.0, 3152.0]}}, {"type": "Feature", "properties": {"sea_point_id": 3306, "name": "Sea of Azov", "ed_raw": 0, "hst_raw": 0, "pal_raw": 0}, "geometry": {"type": "Point", "coordinates": [7758.0, 2033.0]}}, {"type": "Feature", "properties": {"sea_point_id": 3308, "name": "Sea of Azov", "ed_raw": 0, "hst_raw": 0, "pal_raw": 0}, "geometry": {"type": "Point", "coordinates": [7736.0, 2095.0]}}, {"type": "Feature", "properties": {"sea_point_id": 3309, "name": "Black Sea", "ed_raw": 0, "hst_raw": 0, "pal_raw": 0}, "geometry": {"type": "Point", "coordinates": [7738.0, 2128.0]}}, {"type": "Feature", "properties": {"sea_point_id": 3310, "name": "Black Sea", "ed_raw": 0, "hst_raw": 0, "pal_raw": 0}, "geometry": {"type": "Point", "coordinates": [7843.0, 2164.0]}}, {"type": "Feature", "properties": {"sea_point_id": 3311, "name": "Caspian Sea", "ed_raw": 0, "hst_raw": 0, "pal_raw": 0}, "geometry": {"type": "Point", "coordinates": [8491.0, 2533.0]}}, {"type": "Feature", "properties": {"sea_point_id": 3312, "name": "Black Sea", "ed_raw": 0, "hst_raw": 0, "pal_raw": 0}, "geometry": {"type": "Point", "coordinates": [7931.0, 2187.0]}}, {"type": "Feature", "properties": {"sea_point_id": 3313, "name": "Black Sea", "ed_raw": 0, "hst_raw": 0, "pal_raw": 0}, "geometry": {"type": "Point", "coordinates": [7981.0, 2226.0]}}, {"type": "Feature", "properties": {"sea_point_id": 3314, "name": "South China Sea", "ed_raw": 0, "hst_raw": 0, "pal_raw": 0}, "geometry": {"type": "Point", "coordinates": [11423.0, 3123.0]}}, {"type": "Feature", "properties": {"sea_point_id": 3315, "name": "Black Sea", "ed_raw": 0, "hst_raw": 0, "pal_raw": 0}, "geometry": {"type": "Point", "coordinates": [8006.0, 2263.0]}}, {"type": "Feature", "properties": {"sea_point_id": 3316, "name": "Atlantic Ocean", "ed_raw": 0, "hst_raw": 0, "pal_raw": 0}, "geometry": {"type": "Point", "coordinates": [3748.0, 6127.0]}}, {"type": "Feature", "properties": {"sea_point_id": 3317, "name": "Black Sea", "ed_raw": 0, "hst_raw": 0, "pal_raw": 0}, "geometry": {"type": "Point", "coordinates": [7995.0, 2292.0]}}, {"type": "Feature", "properties": {"sea_point_id": 3318, "name": "Black Sea", "ed_raw": 0, "hst_raw": 0, "pal_raw": 0}, "geometry": {"type": "Point", "coordinates": [7957.0, 2321.0]}}, {"type": "Feature", "properties": {"sea_point_id": 3319, "name": "Black Sea", "ed_raw": 0, "hst_raw": 0, "pal_raw": 0}, "geometry": {"type": "Point", "coordinates": [7907.0, 2337.0]}}, {"type": "Feature", "properties": {"sea_point_id": 3320, "name": "Black Sea", "ed_raw": 0, "hst_raw": 0, "pal_raw": 0}, "geometry": {"type": "Point", "coordinates": [7831.0, 2341.0]}}, {"type": "Feature", "properties": {"sea_point_id": 3321, "name": "Black Sea", "ed_raw": 0, "hst_raw": 0, "pal_raw": 0}, "geometry": {"type": "Point", "coordinates": [7738.0, 2347.0]}}, {"type": "Feature", "properties": {"sea_point_id": 3322, "name": "Black Sea", "ed_raw": 0, "hst_raw": 0, "pal_raw": 0}, "geometry": {"type": "Point", "coordinates": [7655.0, 2366.0]}}, {"type": "Feature", "properties": {"sea_point_id": 3323, "name": "Black Sea", "ed_raw": 0, "hst_raw": 0, "pal_raw": 0}, "geometry": {"type": "Point", "coordinates": [7599.0, 2406.0]}}, {"type": "Feature", "properties": {"sea_point_id": 3324, "name": "Caspian Sea", "ed_raw": 0, "hst_raw": 0, "pal_raw": 0}, "geometry": {"type": "Point", "coordinates": [8459.0, 2452.0]}}, {"type": "Feature", "properties": {"sea_point_id": 3325, "name": "East China Sea", "ed_raw": 0, "hst_raw": 0, "pal_raw": 0}, "geometry": {"type": "Point", "coordinates": [11440.0, 3065.0]}}, {"type": "Feature", "properties": {"sea_point_id": 3326, "name": "Persian Gulf", "ed_raw": 0, "hst_raw": 0, "pal_raw": 0}, "geometry": {"type": "Point", "coordinates": [8405.0, 3072.0]}}, {"type": "Feature", "properties": {"sea_point_id": 3327, "name": "Sea of Marmara", "ed_raw": 0, "hst_raw": 0, "pal_raw": 0}, "geometry": {"type": "Point", "coordinates": [7499.0, 2519.0]}}, {"type": "Feature", "properties": {"sea_point_id": 3328, "name": "Sea of Marmara", "ed_raw": 0, "hst_raw": 0, "pal_raw": 0}, "geometry": {"type": "Point", "coordinates": [7424.0, 2548.0]}}, {"type": "Feature", "properties": {"sea_point_id": 3329, "name": "Aegean Sea", "ed_raw": 0, "hst_raw": 0, "pal_raw": 0}, "geometry": {"type": "Point", "coordinates": [7375.0, 2608.0]}}, {"type": "Feature", "properties": {"sea_point_id": 3330, "name": "Pacific Ocean", "ed_raw": 0, "hst_raw": 0, "pal_raw": 0}, "geometry": {"type": "Point", "coordinates": [12061.0, 2643.0]}}, {"type": "Feature", "properties": {"sea_point_id": 3331, "name": "Aegean Sea", "ed_raw": 0, "hst_raw": 0, "pal_raw": 0}, "geometry": {"type": "Point", "coordinates": [7318.0, 2574.0]}}, {"type": "Feature", "properties": {"sea_point_id": 3333, "name": "Thermaic Gulf", "ed_raw": 0, "hst_raw": 0, "pal_raw": 0}, "geometry": {"type": "Point", "coordinates": [7244.0, 2603.0]}}, {"type": "Feature", "properties": {"sea_point_id": 3334, "name": "Pacific Ocean", "ed_raw": 0, "hst_raw": 0, "pal_raw": 0}, "geometry": {"type": "Point", "coordinates": [11597.0, 3615.0]}}, {"type": "Feature", "properties": {"sea_point_id": 3335, "name": "East China Sea", "ed_raw": 0, "hst_raw": 0, "pal_raw": 0}, "geometry": {"type": "Point", "coordinates": [11472.0, 3036.0]}}, {"type": "Feature", "properties": {"sea_point_id": 3336, "name": "Aegean Sea", "ed_raw": 0, "hst_raw": 0, "pal_raw": 0}, "geometry": {"type": "Point", "coordinates": [7293.0, 2644.0]}}, {"type": "Feature", "properties": {"sea_point_id": 3337, "name": "Arafura Sea", "ed_raw": 0, "hst_raw": 0, "pal_raw": 0}, "geometry": {"type": "Point", "coordinates": [12203.0, 4551.0]}}, {"type": "Feature", "properties": {"sea_point_id": 3338, "name": "Aegean Sea", "ed_raw": 0, "hst_raw": 0, "pal_raw": 0}, "geometry": {"type": "Point", "coordinates": [7398.0, 2639.0]}}, {"type": "Feature", "properties": {"sea_point_id": 3339, "name": "Aegean Sea", "ed_raw": 0, "hst_raw": 0, "pal_raw": 0}, "geometry": {"type": "Point", "coordinates": [7397.0, 2692.0]}}, {"type": "Feature", "properties": {"sea_point_id": 3340, "name": "Aegean Sea", "ed_raw": 0, "hst_raw": 0, "pal_raw": 0}, "geometry": {"type": "Point", "coordinates": [7427.0, 2723.0]}}, {"type": "Feature", "properties": {"sea_point_id": 3341, "name": "Mediterranean Sea", "ed_raw": 0, "hst_raw": 0, "pal_raw": 0}, "geometry": {"type": "Point", "coordinates": [7490.0, 2752.0]}}, {"type": "Feature", "properties": {"sea_point_id": 3342, "name": "Mediterranean Sea", "ed_raw": 0, "hst_raw": 0, "pal_raw": 0}, "geometry": {"type": "Point", "coordinates": [7578.0, 2782.0]}}, {"type": "Feature", "properties": {"sea_point_id": 3343, "name": "Antalya Basin", "ed_raw": 0, "hst_raw": 0, "pal_raw": 0}, "geometry": {"type": "Point", "coordinates": [7628.0, 2741.0]}}, {"type": "Feature", "properties": {"sea_point_id": 3344, "name": "Antalya Basin", "ed_raw": 0, "hst_raw": 0, "pal_raw": 0}, "geometry": {"type": "Point", "coordinates": [7698.0, 2754.0]}}, {"type": "Feature", "properties": {"sea_point_id": 3345, "name": "Adana Trough", "ed_raw": 0, "hst_raw": 0, "pal_raw": 0}, "geometry": {"type": "Point", "coordinates": [7749.0, 2748.0]}}, {"type": "Feature", "properties": {"sea_point_id": 3346, "name": "Gulf of California", "ed_raw": 0, "hst_raw": 0, "pal_raw": 0}, "geometry": {"type": "Point", "coordinates": [1709.0, 2586.0]}}, {"type": "Feature", "properties": {"sea_point_id": 3347, "name": "Adana Trough", "ed_raw": 0, "hst_raw": 0, "pal_raw": 0}, "geometry": {"type": "Point", "coordinates": [7800.0, 2708.0]}}, {"type": "Feature", "properties": {"sea_point_id": 3348, "name": "Mediterranean Sea", "ed_raw": 0, "hst_raw": 0, "pal_raw": 0}, "geometry": {"type": "Point", "coordinates": [7807.0, 2757.0]}}, {"type": "Feature", "properties": {"sea_point_id": 3349, "name": "Mediterranean Sea", "ed_raw": 0, "hst_raw": 0, "pal_raw": 0}, "geometry": {"type": "Point", "coordinates": [7815.0, 2815.0]}}, {"type": "Feature", "properties": {"sea_point_id": 3350, "name": "Mediterranean Sea", "ed_raw": 0, "hst_raw": 0, "pal_raw": 0}, "geometry": {"type": "Point", "coordinates": [7780.0, 2874.0]}}, {"type": "Feature", "properties": {"sea_point_id": 3351, "name": "Mediterranean Sea", "ed_raw": 0, "hst_raw": 0, "pal_raw": 0}, "geometry": {"type": "Point", "coordinates": [7780.0, 2933.0]}}, {"type": "Feature", "properties": {"sea_point_id": 3352, "name": "Panama Bay", "ed_raw": 0, "hst_raw": 0, "pal_raw": 0}, "geometry": {"type": "Point", "coordinates": [3062.0, 3831.0]}}, {"type": "Feature", "properties": {"sea_point_id": 3353, "name": "Mediterranean Sea", "ed_raw": 0, "hst_raw": 0, "pal_raw": 0}, "geometry": {"type": "Point", "coordinates": [7757.0, 3007.0]}}, {"type": "Feature", "properties": {"sea_point_id": 3354, "name": "Suez Channel", "ed_raw": 0, "hst_raw": 0, "pal_raw": 0}, "geometry": {"type": "Point", "coordinates": [7677.0, 3007.0]}}, {"type": "Feature", "properties": {"sea_point_id": 3355, "name": "Gulf of Suez", "ed_raw": 0, "hst_raw": 0, "pal_raw": 0}, "geometry": {"type": "Point", "coordinates": [7686.0, 3108.0]}}, {"type": "Feature", "properties": {"sea_point_id": 3356, "name": "Gulf of Suez", "ed_raw": 0, "hst_raw": 0, "pal_raw": 0}, "geometry": {"type": "Point", "coordinates": [7701.0, 3183.0]}}, {"type": "Feature", "properties": {"sea_point_id": 3357, "name": "Red Sea", "ed_raw": 0, "hst_raw": 0, "pal_raw": 0}, "geometry": {"type": "Point", "coordinates": [7728.0, 3278.0]}}, {"type": "Feature", "properties": {"sea_point_id": 3358, "name": "Red Sea", "ed_raw": 0, "hst_raw": 0, "pal_raw": 0}, "geometry": {"type": "Point", "coordinates": [7790.0, 3224.0]}}, {"type": "Feature", "properties": {"sea_point_id": 3359, "name": "Red Sea", "ed_raw": 0, "hst_raw": 0, "pal_raw": 0}, "geometry": {"type": "Point", "coordinates": [7828.0, 3302.0]}}, {"type": "Feature", "properties": {"sea_point_id": 3360, "name": "Red Sea", "ed_raw": 0, "hst_raw": 0, "pal_raw": 0}, "geometry": {"type": "Point", "coordinates": [7749.0, 3369.0]}}, {"type": "Feature", "properties": {"sea_point_id": 3362, "name": "Red Sea", "ed_raw": 0, "hst_raw": 0, "pal_raw": 0}, "geometry": {"type": "Point", "coordinates": [7825.0, 3499.0]}}, {"type": "Feature", "properties": {"sea_point_id": 3363, "name": "Bering Sea", "ed_raw": 0, "hst_raw": 0, "pal_raw": 0}, "geometry": {"type": "Point", "coordinates": [18.0, 734.0]}}, {"type": "Feature", "properties": {"sea_point_id": 3364, "name": "Red Sea", "ed_raw": 0, "hst_raw": 0, "pal_raw": 0}, "geometry": {"type": "Point", "coordinates": [7851.0, 3587.0]}}, {"type": "Feature", "properties": {"sea_point_id": 3365, "name": "Red Sea", "ed_raw": 0, "hst_raw": 0, "pal_raw": 0}, "geometry": {"type": "Point", "coordinates": [7907.0, 3694.0]}}, {"type": "Feature", "properties": {"sea_point_id": 3366, "name": "Red Sea", "ed_raw": 0, "hst_raw": 0, "pal_raw": 0}, "geometry": {"type": "Point", "coordinates": [7953.0, 3763.0]}}, {"type": "Feature", "properties": {"sea_point_id": 3367, "name": "Indian Ocean", "ed_raw": 0, "hst_raw": 0, "pal_raw": 0}, "geometry": {"type": "Point", "coordinates": [8153.0, 4878.0]}}, {"type": "Feature", "properties": {"sea_point_id": 3368, "name": "Red Sea", "ed_raw": 0, "hst_raw": 0, "pal_raw": 0}, "geometry": {"type": "Point", "coordinates": [8059.0, 3840.0]}}, {"type": "Feature", "properties": {"sea_point_id": 3369, "name": "Bering Sea", "ed_raw": 0, "hst_raw": 0, "pal_raw": 0}, "geometry": {"type": "Point", "coordinates": [7.0, 790.0]}}, {"type": "Feature", "properties": {"sea_point_id": 3370, "name": "Gulf of Aden", "ed_raw": 0, "hst_raw": 0, "pal_raw": 0}, "geometry": {"type": "Point", "coordinates": [8117.0, 3946.0]}}, {"type": "Feature", "properties": {"sea_point_id": 3371, "name": "Gulf of Aden", "ed_raw": 0, "hst_raw": 0, "pal_raw": 0}, "geometry": {"type": "Point", "coordinates": [8154.0, 3978.0]}}, {"type": "Feature", "properties": {"sea_point_id": 3372, "name": "Gulf of Aden", "ed_raw": 0, "hst_raw": 0, "pal_raw": 0}, "geometry": {"type": "Point", "coordinates": [8226.0, 3972.0]}}, {"type": "Feature", "properties": {"sea_point_id": 3373, "name": "Northwestern Passages", "ed_raw": 0, "hst_raw": 0, "pal_raw": 0}, "geometry": {"type": "Point", "coordinates": [4045.0, 853.0]}}, {"type": "Feature", "properties": {"sea_point_id": 3374, "name": "Pacific Ocean", "ed_raw": 0, "hst_raw": 0, "pal_raw": 0}, "geometry": {"type": "Point", "coordinates": [11502.0, 3058.0]}}, {"type": "Feature", "properties": {"sea_point_id": 3375, "name": "Gulf of Aden", "ed_raw": 0, "hst_raw": 0, "pal_raw": 0}, "geometry": {"type": "Point", "coordinates": [8368.0, 3948.0]}}, {"type": "Feature", "properties": {"sea_point_id": 3376, "name": "Gulf of Aden", "ed_raw": 0, "hst_raw": 0, "pal_raw": 0}, "geometry": {"type": "Point", "coordinates": [8474.0, 3911.0]}}, {"type": "Feature", "properties": {"sea_point_id": 3378, "name": "Arabian Sea", "ed_raw": 0, "hst_raw": 0, "pal_raw": 0}, "geometry": {"type": "Point", "coordinates": [8486.0, 4014.0]}}, {"type": "Feature", "properties": {"sea_point_id": 3379, "name": "Indian Ocean", "ed_raw": 0, "hst_raw": 0, "pal_raw": 0}, "geometry": {"type": "Point", "coordinates": [8446.0, 4098.0]}}, {"type": "Feature", "properties": {"sea_point_id": 3380, "name": "Indian Ocean", "ed_raw": 0, "hst_raw": 0, "pal_raw": 0}, "geometry": {"type": "Point", "coordinates": [8394.0, 4166.0]}}, {"type": "Feature", "properties": {"sea_point_id": 3381, "name": "Indian Ocean", "ed_raw": 0, "hst_raw": 0, "pal_raw": 0}, "geometry": {"type": "Point", "coordinates": [8339.0, 4248.0]}}, {"type": "Feature", "properties": {"sea_point_id": 3382, "name": "Indian Ocean", "ed_raw": 0, "hst_raw": 0, "pal_raw": 0}, "geometry": {"type": "Point", "coordinates": [8281.0, 4307.0]}}, {"type": "Feature", "properties": {"sea_point_id": 3383, "name": "Indian Ocean", "ed_raw": 0, "hst_raw": 0, "pal_raw": 0}, "geometry": {"type": "Point", "coordinates": [8224.0, 4347.0]}}, {"type": "Feature", "properties": {"sea_point_id": 3384, "name": "Indian Ocean", "ed_raw": 0, "hst_raw": 0, "pal_raw": 0}, "geometry": {"type": "Point", "coordinates": [8163.0, 4388.0]}}, {"type": "Feature", "properties": {"sea_point_id": 3385, "name": "Indian Ocean", "ed_raw": 0, "hst_raw": 0, "pal_raw": 0}, "geometry": {"type": "Point", "coordinates": [8100.0, 4441.0]}}, {"type": "Feature", "properties": {"sea_point_id": 3386, "name": "Indian Ocean", "ed_raw": 0, "hst_raw": 0, "pal_raw": 0}, "geometry": {"type": "Point", "coordinates": [8503.0, 2402.0]}}, {"type": "Feature", "properties": {"sea_point_id": 3387, "name": "Indian Ocean", "ed_raw": 0, "hst_raw": 0, "pal_raw": 0}, "geometry": {"type": "Point", "coordinates": [7967.0, 4568.0]}}, {"type": "Feature", "properties": {"sea_point_id": 3388, "name": "Indian Ocean", "ed_raw": 0, "hst_raw": 0, "pal_raw": 0}, "geometry": {"type": "Point", "coordinates": [7931.0, 4629.0]}}, {"type": "Feature", "properties": {"sea_point_id": 3389, "name": "Indian Ocean", "ed_raw": 0, "hst_raw": 0, "pal_raw": 0}, "geometry": {"type": "Point", "coordinates": [7905.0, 4680.0]}}, {"type": "Feature", "properties": {"sea_point_id": 3390, "name": "Indian Ocean", "ed_raw": 0, "hst_raw": 0, "pal_raw": 0}, "geometry": {"type": "Point", "coordinates": [7939.0, 4719.0]}}, {"type": "Feature", "properties": {"sea_point_id": 3391, "name": "Indian Ocean", "ed_raw": 0, "hst_raw": 0, "pal_raw": 0}, "geometry": {"type": "Point", "coordinates": [7941.0, 4771.0]}}, {"type": "Feature", "properties": {"sea_point_id": 3392, "name": "Indian Ocean", "ed_raw": 0, "hst_raw": 0, "pal_raw": 0}, "geometry": {"type": "Point", "coordinates": [7961.0, 4828.0]}}, {"type": "Feature", "properties": {"sea_point_id": 3393, "name": "Indian Ocean", "ed_raw": 0, "hst_raw": 0, "pal_raw": 0}, "geometry": {"type": "Point", "coordinates": [7992.0, 4908.0]}}, {"type": "Feature", "properties": {"sea_point_id": 3394, "name": "Mozambique Channel", "ed_raw": 0, "hst_raw": 0, "pal_raw": 0}, "geometry": {"type": "Point", "coordinates": [7990.0, 4981.0]}}, {"type": "Feature", "properties": {"sea_point_id": 3395, "name": "Mozambique Channel", "ed_raw": 0, "hst_raw": 0, "pal_raw": 0}, "geometry": {"type": "Point", "coordinates": [7957.0, 5059.0]}}, {"type": "Feature", "properties": {"sea_point_id": 3396, "name": "Mozambique Channel", "ed_raw": 0, "hst_raw": 0, "pal_raw": 0}, "geometry": {"type": "Point", "coordinates": [7902.0, 5122.0]}}, {"type": "Feature", "properties": {"sea_point_id": 3397, "name": "Mozambique Channel", "ed_raw": 0, "hst_raw": 0, "pal_raw": 0}, "geometry": {"type": "Point", "coordinates": [7808.0, 5162.0]}}, {"type": "Feature", "properties": {"sea_point_id": 3398, "name": "Mozambique Channel", "ed_raw": 0, "hst_raw": 0, "pal_raw": 0}, "geometry": {"type": "Point", "coordinates": [7755.0, 5211.0]}}, {"type": "Feature", "properties": {"sea_point_id": 3399, "name": "Mozambique Channel", "ed_raw": 0, "hst_raw": 0, "pal_raw": 0}, "geometry": {"type": "Point", "coordinates": [7691.0, 5247.0]}}, {"type": "Feature", "properties": {"sea_point_id": 3400, "name": "Mozambique Channel", "ed_raw": 0, "hst_raw": 0, "pal_raw": 0}, "geometry": {"type": "Point", "coordinates": [7709.0, 5307.0]}}, {"type": "Feature", "properties": {"sea_point_id": 3401, "name": "Indian Ocean", "ed_raw": 0, "hst_raw": 0, "pal_raw": 0}, "geometry": {"type": "Point", "coordinates": [7711.0, 5399.0]}}, {"type": "Feature", "properties": {"sea_point_id": 3402, "name": "Indian Ocean", "ed_raw": 0, "hst_raw": 0, "pal_raw": 0}, "geometry": {"type": "Point", "coordinates": [7658.0, 5442.0]}}, {"type": "Feature", "properties": {"sea_point_id": 3403, "name": "Indian Ocean", "ed_raw": 0, "hst_raw": 0, "pal_raw": 0}, "geometry": {"type": "Point", "coordinates": [7598.0, 5469.0]}}, {"type": "Feature", "properties": {"sea_point_id": 3404, "name": "Indian Ocean", "ed_raw": 0, "hst_raw": 0, "pal_raw": 0}, "geometry": {"type": "Point", "coordinates": [7592.0, 5552.0]}}, {"type": "Feature", "properties": {"sea_point_id": 3405, "name": "Indian Ocean", "ed_raw": 0, "hst_raw": 0, "pal_raw": 0}, "geometry": {"type": "Point", "coordinates": [7562.0, 5604.0]}}, {"type": "Feature", "properties": {"sea_point_id": 3406, "name": "Indian Ocean", "ed_raw": 0, "hst_raw": 0, "pal_raw": 0}, "geometry": {"type": "Point", "coordinates": [7523.0, 5630.0]}}, {"type": "Feature", "properties": {"sea_point_id": 3407, "name": "Indian Ocean", "ed_raw": 0, "hst_raw": 0, "pal_raw": 0}, "geometry": {"type": "Point", "coordinates": [7476.0, 5696.0]}}, {"type": "Feature", "properties": {"sea_point_id": 3408, "name": "Indian Ocean", "ed_raw": 0, "hst_raw": 0, "pal_raw": 0}, "geometry": {"type": "Point", "coordinates": [7388.0, 5772.0]}}, {"type": "Feature", "properties": {"sea_point_id": 3409, "name": "Indian Ocean", "ed_raw": 0, "hst_raw": 0, "pal_raw": 0}, "geometry": {"type": "Point", "coordinates": [7302.0, 5811.0]}}, {"type": "Feature", "properties": {"sea_point_id": 3410, "name": "Indian Ocean", "ed_raw": 0, "hst_raw": 0, "pal_raw": 0}, "geometry": {"type": "Point", "coordinates": [7243.0, 5830.0]}}, {"type": "Feature", "properties": {"sea_point_id": 3411, "name": "Indian Ocean", "ed_raw": 0, "hst_raw": 0, "pal_raw": 0}, "geometry": {"type": "Point", "coordinates": [7178.0, 5846.0]}}, {"type": "Feature", "properties": {"sea_point_id": 3412, "name": "Indian Ocean", "ed_raw": 0, "hst_raw": 0, "pal_raw": 0}, "geometry": {"type": "Point", "coordinates": [7132.0, 5844.0]}}, {"type": "Feature", "properties": {"sea_point_id": 3413, "name": "Atlantic Ocean", "ed_raw": 0, "hst_raw": 0, "pal_raw": 0}, "geometry": {"type": "Point", "coordinates": [7058.0, 5855.0]}}, {"type": "Feature", "properties": {"sea_point_id": 3414, "name": "Atlantic Ocean", "ed_raw": 0, "hst_raw": 0, "pal_raw": 0}, "geometry": {"type": "Point", "coordinates": [6990.0, 5872.0]}}, {"type": "Feature", "properties": {"sea_point_id": 3415, "name": "Laptev Sea", "ed_raw": 0, "hst_raw": 0, "pal_raw": 0}, "geometry": {"type": "Point", "coordinates": [10535.0, 182.0]}}, {"type": "Feature", "properties": {"sea_point_id": 3416, "name": "Atlantic Ocean", "ed_raw": 0, "hst_raw": 0, "pal_raw": 0}, "geometry": {"type": "Point", "coordinates": [6935.0, 5850.0]}}, {"type": "Feature", "properties": {"sea_point_id": 3417, "name": "Atlantic Ocean", "ed_raw": 0, "hst_raw": 0, "pal_raw": 0}, "geometry": {"type": "Point", "coordinates": [6895.0, 5821.0]}}, {"type": "Feature", "properties": {"sea_point_id": 3418, "name": "Atlantic Ocean", "ed_raw": 0, "hst_raw": 0, "pal_raw": 0}, "geometry": {"type": "Point", "coordinates": [6888.0, 5744.0]}}, {"type": "Feature", "properties": {"sea_point_id": 3419, "name": "Atlantic Ocean", "ed_raw": 0, "hst_raw": 0, "pal_raw": 0}, "geometry": {"type": "Point", "coordinates": [6857.0, 5664.0]}}, {"type": "Feature", "properties": {"sea_point_id": 3420, "name": "Northwestern Passages", "ed_raw": 0, "hst_raw": 0, "pal_raw": 0}, "geometry": {"type": "Point", "coordinates": [5268.0, 409.0]}}, {"type": "Feature", "properties": {"sea_point_id": 3421, "name": "Northwestern Passages", "ed_raw": 0, "hst_raw": 0, "pal_raw": 0}, "geometry": {"type": "Point", "coordinates": [5212.0, 957.0]}}, {"type": "Feature", "properties": {"sea_point_id": 3422, "name": "Atlantic Ocean", "ed_raw": 0, "hst_raw": 0, "pal_raw": 0}, "geometry": {"type": "Point", "coordinates": [6771.0, 5541.0]}}, {"type": "Feature", "properties": {"sea_point_id": 3423, "name": "Atlantic Ocean", "ed_raw": 0, "hst_raw": 0, "pal_raw": 0}, "geometry": {"type": "Point", "coordinates": [6745.0, 5458.0]}}, {"type": "Feature", "properties": {"sea_point_id": 3424, "name": "Pacific Ocean", "ed_raw": 0, "hst_raw": 0, "pal_raw": 0}, "geometry": {"type": "Point", "coordinates": [11486.0, 3121.0]}}, {"type": "Feature", "properties": {"sea_point_id": 3425, "name": "Atlantic Ocean", "ed_raw": 0, "hst_raw": 0, "pal_raw": 0}, "geometry": {"type": "Point", "coordinates": [6733.0, 5352.0]}}, {"type": "Feature", "properties": {"sea_point_id": 3426, "name": "Atlantic Ocean", "ed_raw": 0, "hst_raw": 0, "pal_raw": 0}, "geometry": {"type": "Point", "coordinates": [6735.0, 5401.0]}}, {"type": "Feature", "properties": {"sea_point_id": 3427, "name": "Atlantic Ocean", "ed_raw": 0, "hst_raw": 0, "pal_raw": 0}, "geometry": {"type": "Point", "coordinates": [6691.0, 5291.0]}}, {"type": "Feature", "properties": {"sea_point_id": 3428, "name": "Northwestern Passages", "ed_raw": 0, "hst_raw": 0, "pal_raw": 0}, "geometry": {"type": "Point", "coordinates": [5276.0, 1071.0]}}, {"type": "Feature", "properties": {"sea_point_id": 3429, "name": "South China Sea", "ed_raw": 0, "hst_raw": 0, "pal_raw": 0}, "geometry": {"type": "Point", "coordinates": [11480.0, 3179.0]}}, {"type": "Feature", "properties": {"sea_point_id": 3430, "name": "Atlantic Ocean", "ed_raw": 0, "hst_raw": 0, "pal_raw": 0}, "geometry": {"type": "Point", "coordinates": [6622.0, 5161.0]}}, {"type": "Feature", "properties": {"sea_point_id": 3431, "name": "South China Sea", "ed_raw": 0, "hst_raw": 0, "pal_raw": 0}, "geometry": {"type": "Point", "coordinates": [11459.0, 3229.0]}}, {"type": "Feature", "properties": {"sea_point_id": 3432, "name": "Atlantic Ocean", "ed_raw": 0, "hst_raw": 0, "pal_raw": 0}, "geometry": {"type": "Point", "coordinates": [6618.0, 5069.0]}}, {"type": "Feature", "properties": {"sea_point_id": 3433, "name": "Atlantic Ocean", "ed_raw": 0, "hst_raw": 0, "pal_raw": 0}, "geometry": {"type": "Point", "coordinates": [6652.0, 4979.0]}}, {"type": "Feature", "properties": {"sea_point_id": 3434, "name": "Atlantic Ocean", "ed_raw": 0, "hst_raw": 0, "pal_raw": 0}, "geometry": {"type": "Point", "coordinates": [6701.0, 4909.0]}}, {"type": "Feature", "properties": {"sea_point_id": 3435, "name": "Northwestern Passages", "ed_raw": 0, "hst_raw": 0, "pal_raw": 0}, "geometry": {"type": "Point", "coordinates": [5559.0, 907.0]}}, {"type": "Feature", "properties": {"sea_point_id": 3436, "name": "Atlantic Ocean", "ed_raw": 0, "hst_raw": 0, "pal_raw": 0}, "geometry": {"type": "Point", "coordinates": [6682.0, 4816.0]}}, {"type": "Feature", "properties": {"sea_point_id": 3437, "name": "Atlantic Ocean", "ed_raw": 0, "hst_raw": 0, "pal_raw": 0}, "geometry": {"type": "Point", "coordinates": [6670.0, 4732.0]}}, {"type": "Feature", "properties": {"sea_point_id": 3438, "name": "Atlantic Ocean", "ed_raw": 0, "hst_raw": 0, "pal_raw": 0}, "geometry": {"type": "Point", "coordinates": [6639.0, 4676.0]}}, {"type": "Feature", "properties": {"sea_point_id": 3439, "name": "Pacific Ocean", "ed_raw": 0, "hst_raw": 0, "pal_raw": 0}, "geometry": {"type": "Point", "coordinates": [11562.0, 3072.0]}}, {"type": "Feature", "properties": {"sea_point_id": 3440, "name": "Atlantic Ocean", "ed_raw": 0, "hst_raw": 0, "pal_raw": 0}, "geometry": {"type": "Point", "coordinates": [6620.0, 4631.0]}}, {"type": "Feature", "properties": {"sea_point_id": 3441, "name": "Atlantic Ocean", "ed_raw": 0, "hst_raw": 0, "pal_raw": 0}, "geometry": {"type": "Point", "coordinates": [6566.0, 4546.0]}}, {"type": "Feature", "properties": {"sea_point_id": 3442, "name": "Gulf of Guinea", "ed_raw": 0, "hst_raw": 0, "pal_raw": 0}, "geometry": {"type": "Point", "coordinates": [6509.0, 4467.0]}}, {"type": "Feature", "properties": {"sea_point_id": 3443, "name": "Gulf of Guinea", "ed_raw": 0, "hst_raw": 0, "pal_raw": 0}, "geometry": {"type": "Point", "coordinates": [6506.0, 4366.0]}}, {"type": "Feature", "properties": {"sea_point_id": 3444, "name": "Gulf of Guinea", "ed_raw": 0, "hst_raw": 0, "pal_raw": 0}, "geometry": {"type": "Point", "coordinates": [6502.0, 4301.0]}}, {"type": "Feature", "properties": {"sea_point_id": 3446, "name": "Gulf of Guinea", "ed_raw": 0, "hst_raw": 0, "pal_raw": 0}, "geometry": {"type": "Point", "coordinates": [6351.0, 4274.0]}}, {"type": "Feature", "properties": {"sea_point_id": 3447, "name": "Northwestern Passages", "ed_raw": 0, "hst_raw": 0, "pal_raw": 0}, "geometry": {"type": "Point", "coordinates": [5715.0, 1129.0]}}, {"type": "Feature", "properties": {"sea_point_id": 3448, "name": "Gulf of Guinea", "ed_raw": 0, "hst_raw": 0, "pal_raw": 0}, "geometry": {"type": "Point", "coordinates": [6296.0, 4201.0]}}, {"type": "Feature", "properties": {"sea_point_id": 3449, "name": "Gulf of Guinea", "ed_raw": 0, "hst_raw": 0, "pal_raw": 0}, "geometry": {"type": "Point", "coordinates": [6250.0, 4194.0]}}, {"type": "Feature", "properties": {"sea_point_id": 3450, "name": "Gulf of Guinea", "ed_raw": 0, "hst_raw": 0, "pal_raw": 0}, "geometry": {"type": "Point", "coordinates": [6177.0, 4199.0]}}, {"type": "Feature", "properties": {"sea_point_id": 3451, "name": "Gulf of Guinea", "ed_raw": 0, "hst_raw": 0, "pal_raw": 0}, "geometry": {"type": "Point", "coordinates": [6108.0, 4219.0]}}, {"type": "Feature", "properties": {"sea_point_id": 3452, "name": "Gulf of Guinea", "ed_raw": 0, "hst_raw": 0, "pal_raw": 0}, "geometry": {"type": "Point", "coordinates": [6021.0, 4252.0]}}, {"type": "Feature", "properties": {"sea_point_id": 3453, "name": "Gulf of Guinea", "ed_raw": 0, "hst_raw": 0, "pal_raw": 0}, "geometry": {"type": "Point", "coordinates": [5957.0, 4247.0]}}, {"type": "Feature", "properties": {"sea_point_id": 3454, "name": "Gulf of Guinea", "ed_raw": 0, "hst_raw": 0, "pal_raw": 0}, "geometry": {"type": "Point", "coordinates": [5919.0, 4238.0]}}, {"type": "Feature", "properties": {"sea_point_id": 3456, "name": "Gulf of Guinea", "ed_raw": 0, "hst_raw": 0, "pal_raw": 0}, "geometry": {"type": "Point", "coordinates": [5777.0, 4265.0]}}, {"type": "Feature", "properties": {"sea_point_id": 3457, "name": "Atlantic Ocean", "ed_raw": 0, "hst_raw": 0, "pal_raw": 0}, "geometry": {"type": "Point", "coordinates": [5694.0, 4258.0]}}, {"type": "Feature", "properties": {"sea_point_id": 3458, "name": "Atlantic Ocean", "ed_raw": 0, "hst_raw": 0, "pal_raw": 0}, "geometry": {"type": "Point", "coordinates": [5636.0, 4202.0]}}, {"type": "Feature", "properties": {"sea_point_id": 3459, "name": "Atlantic Ocean", "ed_raw": 0, "hst_raw": 0, "pal_raw": 0}, "geometry": {"type": "Point", "coordinates": [5586.0, 4173.0]}}, {"type": "Feature", "properties": {"sea_point_id": 3460, "name": "Atlantic Ocean", "ed_raw": 0, "hst_raw": 0, "pal_raw": 0}, "geometry": {"type": "Point", "coordinates": [5513.0, 4127.0]}}, {"type": "Feature", "properties": {"sea_point_id": 3461, "name": "Atlantic Ocean", "ed_raw": 0, "hst_raw": 0, "pal_raw": 0}, "geometry": {"type": "Point", "coordinates": [5477.0, 4052.0]}}, {"type": "Feature", "properties": {"sea_point_id": 3462, "name": "Atlantic Ocean", "ed_raw": 0, "hst_raw": 0, "pal_raw": 0}, "geometry": {"type": "Point", "coordinates": [5412.0, 3986.0]}}, {"type": "Feature", "properties": {"sea_point_id": 3463, "name": "Atlantic Ocean", "ed_raw": 0, "hst_raw": 0, "pal_raw": 0}, "geometry": {"type": "Point", "coordinates": [5357.0, 3933.0]}}, {"type": "Feature", "properties": {"sea_point_id": 3464, "name": "Atlantic Ocean", "ed_raw": 0, "hst_raw": 0, "pal_raw": 0}, "geometry": {"type": "Point", "coordinates": [5345.0, 3877.0]}}, {"type": "Feature", "properties": {"sea_point_id": 3465, "name": "Atlantic Ocean", "ed_raw": 0, "hst_raw": 0, "pal_raw": 0}, "geometry": {"type": "Point", "coordinates": [5328.0, 3816.0]}}, {"type": "Feature", "properties": {"sea_point_id": 3466, "name": "Atlantic Ocean", "ed_raw": 0, "hst_raw": 0, "pal_raw": 0}, "geometry": {"type": "Point", "coordinates": [5344.0, 3762.0]}}, {"type": "Feature", "properties": {"sea_point_id": 3467, "name": "Atlantic Ocean", "ed_raw": 0, "hst_raw": 0, "pal_raw": 0}, "geometry": {"type": "Point", "coordinates": [5358.0, 3686.0]}}, {"type": "Feature", "properties": {"sea_point_id": 3468, "name": "Atlantic Ocean", "ed_raw": 0, "hst_raw": 0, "pal_raw": 0}, "geometry": {"type": "Point", "coordinates": [5343.0, 3610.0]}}, {"type": "Feature", "properties": {"sea_point_id": 3469, "name": "Atlantic Ocean", "ed_raw": 0, "hst_raw": 0, "pal_raw": 0}, "geometry": {"type": "Point", "coordinates": [5330.0, 3548.0]}}, {"type": "Feature", "properties": {"sea_point_id": 3470, "name": "Canary Basin", "ed_raw": 0, "hst_raw": 0, "pal_raw": 0}, "geometry": {"type": "Point", "coordinates": [5302.0, 3495.0]}}, {"type": "Feature", "properties": {"sea_point_id": 3471, "name": "Canary Basin", "ed_raw": 0, "hst_raw": 0, "pal_raw": 0}, "geometry": {"type": "Point", "coordinates": [5347.0, 3448.0]}}, {"type": "Feature", "properties": {"sea_point_id": 3472, "name": "Canary Basin", "ed_raw": 0, "hst_raw": 0, "pal_raw": 0}, "geometry": {"type": "Point", "coordinates": [5379.0, 3366.0]}}, {"type": "Feature", "properties": {"sea_point_id": 3473, "name": "Canary Basin", "ed_raw": 0, "hst_raw": 0, "pal_raw": 0}, "geometry": {"type": "Point", "coordinates": [5395.0, 3292.0]}}, {"type": "Feature", "properties": {"sea_point_id": 3474, "name": "Algerian Basin", "ed_raw": 0, "hst_raw": 0, "pal_raw": 0}, "geometry": {"type": "Point", "coordinates": [5981.0, 2834.0]}}, {"type": "Feature", "properties": {"sea_point_id": 3475, "name": "Canary Basin", "ed_raw": 0, "hst_raw": 0, "pal_raw": 0}, "geometry": {"type": "Point", "coordinates": [5435.0, 3226.0]}}, {"type": "Feature", "properties": {"sea_point_id": 3476, "name": "Northwestern Passages", "ed_raw": 0, "hst_raw": 0, "pal_raw": 0}, "geometry": {"type": "Point", "coordinates": [5925.0, 1113.0]}}, {"type": "Feature", "properties": {"sea_point_id": 3477, "name": "Atlantic Ocean", "ed_raw": 0, "hst_raw": 0, "pal_raw": 0}, "geometry": {"type": "Point", "coordinates": [5356.0, 3225.0]}}, {"type": "Feature", "properties": {"sea_point_id": 3478, "name": "Canary Basin", "ed_raw": 0, "hst_raw": 0, "pal_raw": 0}, "geometry": {"type": "Point", "coordinates": [5486.0, 3171.0]}}, {"type": "Feature", "properties": {"sea_point_id": 3479, "name": "Canary Basin", "ed_raw": 0, "hst_raw": 0, "pal_raw": 0}, "geometry": {"type": "Point", "coordinates": [5523.0, 3134.0]}}, {"type": "Feature", "properties": {"sea_point_id": 3480, "name": "Canary Basin", "ed_raw": 0, "hst_raw": 0, "pal_raw": 0}, "geometry": {"type": "Point", "coordinates": [5554.0, 3073.0]}}, {"type": "Feature", "properties": {"sea_point_id": 3481, "name": "Canary Basin", "ed_raw": 0, "hst_raw": 0, "pal_raw": 0}, "geometry": {"type": "Point", "coordinates": [5578.0, 2992.0]}}, {"type": "Feature", "properties": {"sea_point_id": 3482, "name": "Strait of Gibraltar", "ed_raw": 0, "hst_raw": 0, "pal_raw": 0}, "geometry": {"type": "Point", "coordinates": [5586.0, 2891.0]}}, {"type": "Feature", "properties": {"sea_point_id": 3483, "name": "Strait of Gibraltar", "ed_raw": 0, "hst_raw": 0, "pal_raw": 0}, "geometry": {"type": "Point", "coordinates": [5631.0, 2866.0]}}, {"type": "Feature", "properties": {"sea_point_id": 3484, "name": "Alboran Sea", "ed_raw": 0, "hst_raw": 0, "pal_raw": 0}, "geometry": {"type": "Point", "coordinates": [5683.0, 2887.0]}}, {"type": "Feature", "properties": {"sea_point_id": 3485, "name": "Northwestern Passages", "ed_raw": 0, "hst_raw": 0, "pal_raw": 0}, "geometry": {"type": "Point", "coordinates": [6027.0, 1854.0]}}, {"type": "Feature", "properties": {"sea_point_id": 3486, "name": "Mediterranean Sea", "ed_raw": 0, "hst_raw": 0, "pal_raw": 0}, "geometry": {"type": "Point", "coordinates": [6222.0, 2584.0]}}, {"type": "Feature", "properties": {"sea_point_id": 3487, "name": "Alboran Sea", "ed_raw": 0, "hst_raw": 0, "pal_raw": 0}, "geometry": {"type": "Point", "coordinates": [5844.0, 2921.0]}}, {"type": "Feature", "properties": {"sea_point_id": 3488, "name": "Algerian Basin", "ed_raw": 0, "hst_raw": 0, "pal_raw": 0}, "geometry": {"type": "Point", "coordinates": [5926.0, 2910.0]}}, {"type": "Feature", "properties": {"sea_point_id": 3489, "name": "Algerian Basin", "ed_raw": 0, "hst_raw": 0, "pal_raw": 0}, "geometry": {"type": "Point", "coordinates": [5990.0, 2912.0]}}, {"type": "Feature", "properties": {"sea_point_id": 3490, "name": "Algerian Basin", "ed_raw": 0, "hst_raw": 0, "pal_raw": 0}, "geometry": {"type": "Point", "coordinates": [6077.0, 2870.0]}}, {"type": "Feature", "properties": {"sea_point_id": 3491, "name": "Mediterranean Sea", "ed_raw": 0, "hst_raw": 0, "pal_raw": 0}, "geometry": {"type": "Point", "coordinates": [6523.0, 2761.0]}}, {"type": "Feature", "properties": {"sea_point_id": 3492, "name": "Algerian Basin", "ed_raw": 0, "hst_raw": 0, "pal_raw": 0}, "geometry": {"type": "Point", "coordinates": [6186.0, 2869.0]}}, {"type": "Feature", "properties": {"sea_point_id": 3493, "name": "Mediterranean Sea", "ed_raw": 0, "hst_raw": 0, "pal_raw": 0}, "geometry": {"type": "Point", "coordinates": [6291.0, 2668.0]}}, {"type": "Feature", "properties": {"sea_point_id": 3494, "name": "Mediterranean Sea", "ed_raw": 0, "hst_raw": 0, "pal_raw": 0}, "geometry": {"type": "Point", "coordinates": [6370.0, 2603.0]}}, {"type": "Feature", "properties": {"sea_point_id": 3495, "name": "Algerian Basin", "ed_raw": 0, "hst_raw": 0, "pal_raw": 0}, "geometry": {"type": "Point", "coordinates": [6279.0, 2856.0]}}, {"type": "Feature", "properties": {"sea_point_id": 3496, "name": "Mediterranean Sea", "ed_raw": 0, "hst_raw": 0, "pal_raw": 0}, "geometry": {"type": "Point", "coordinates": [6360.0, 2851.0]}}, {"type": "Feature", "properties": {"sea_point_id": 3497, "name": "Mediterranean Sea", "ed_raw": 0, "hst_raw": 0, "pal_raw": 0}, "geometry": {"type": "Point", "coordinates": [6440.0, 2850.0]}}, {"type": "Feature", "properties": {"sea_point_id": 3498, "name": "Mediterranean Sea", "ed_raw": 0, "hst_raw": 0, "pal_raw": 0}, "geometry": {"type": "Point", "coordinates": [6524.0, 2857.0]}}, {"type": "Feature", "properties": {"sea_point_id": 3499, "name": "Mediterranean Sea", "ed_raw": 0, "hst_raw": 0, "pal_raw": 0}, "geometry": {"type": "Point", "coordinates": [6660.0, 2955.0]}}, {"type": "Feature", "properties": {"sea_point_id": 3500, "name": "Gulf of Gabes", "ed_raw": 0, "hst_raw": 0, "pal_raw": 0}, "geometry": {"type": "Point", "coordinates": [6561.0, 2969.0]}}, {"type": "Feature", "properties": {"sea_point_id": 3501, "name": "Gulf of Gabes", "ed_raw": 0, "hst_raw": 0, "pal_raw": 0}, "geometry": {"type": "Point", "coordinates": [6532.0, 3006.0]}}, {"type": "Feature", "properties": {"sea_point_id": 3502, "name": "Gulf of Gabes", "ed_raw": 0, "hst_raw": 0, "pal_raw": 0}, "geometry": {"type": "Point", "coordinates": [6587.0, 3029.0]}}, {"type": "Feature", "properties": {"sea_point_id": 3503, "name": "Gulf of Gabes", "ed_raw": 0, "hst_raw": 0, "pal_raw": 0}, "geometry": {"type": "Point", "coordinates": [6643.0, 3050.0]}}, {"type": "Feature", "properties": {"sea_point_id": 3504, "name": "Gulf of Gabes", "ed_raw": 0, "hst_raw": 0, "pal_raw": 0}, "geometry": {"type": "Point", "coordinates": [6733.0, 3067.0]}}, {"type": "Feature", "properties": {"sea_point_id": 3505, "name": "Gulf of Gabes", "ed_raw": 0, "hst_raw": 0, "pal_raw": 0}, "geometry": {"type": "Point", "coordinates": [6786.0, 3120.0]}}, {"type": "Feature", "properties": {"sea_point_id": 3506, "name": "Mediterranean Sea", "ed_raw": 0, "hst_raw": 0, "pal_raw": 0}, "geometry": {"type": "Point", "coordinates": [6887.0, 2988.0]}}, {"type": "Feature", "properties": {"sea_point_id": 3507, "name": "Northwestern Passages", "ed_raw": 0, "hst_raw": 0, "pal_raw": 0}, "geometry": {"type": "Point", "coordinates": [5987.0, 1890.0]}}, {"type": "Feature", "properties": {"sea_point_id": 3508, "name": "Gulf of Sidra", "ed_raw": 0, "hst_raw": 0, "pal_raw": 0}, "geometry": {"type": "Point", "coordinates": [6911.0, 3154.0]}}, {"type": "Feature", "properties": {"sea_point_id": 3509, "name": "Gulf of Sidra", "ed_raw": 0, "hst_raw": 0, "pal_raw": 0}, "geometry": {"type": "Point", "coordinates": [6942.0, 3105.0]}}, {"type": "Feature", "properties": {"sea_point_id": 3510, "name": "Mediterranean Sea", "ed_raw": 0, "hst_raw": 0, "pal_raw": 0}, "geometry": {"type": "Point", "coordinates": [6951.0, 3039.0]}}, {"type": "Feature", "properties": {"sea_point_id": 3511, "name": "Mediterranean Sea", "ed_raw": 0, "hst_raw": 0, "pal_raw": 0}, "geometry": {"type": "Point", "coordinates": [6391.0, 2524.0]}}, {"type": "Feature", "properties": {"sea_point_id": 3512, "name": "Mediterranean Sea", "ed_raw": 0, "hst_raw": 0, "pal_raw": 0}, "geometry": {"type": "Point", "coordinates": [7005.0, 2995.0]}}, {"type": "Feature", "properties": {"sea_point_id": 3513, "name": "Mediterranean Sea", "ed_raw": 0, "hst_raw": 0, "pal_raw": 0}, "geometry": {"type": "Point", "coordinates": [7085.0, 2984.0]}}, {"type": "Feature", "properties": {"sea_point_id": 3514, "name": "Mediterranean Sea", "ed_raw": 0, "hst_raw": 0, "pal_raw": 0}, "geometry": {"type": "Point", "coordinates": [7151.0, 2999.0]}}, {"type": "Feature", "properties": {"sea_point_id": 3515, "name": "Mediterranean Sea", "ed_raw": 0, "hst_raw": 0, "pal_raw": 0}, "geometry": {"type": "Point", "coordinates": [7224.0, 3019.0]}}, {"type": "Feature", "properties": {"sea_point_id": 3516, "name": "Khalig el Salum", "ed_raw": 0, "hst_raw": 0, "pal_raw": 0}, "geometry": {"type": "Point", "coordinates": [7278.0, 3029.0]}}, {"type": "Feature", "properties": {"sea_point_id": 3517, "name": "Mediterranean Sea", "ed_raw": 0, "hst_raw": 0, "pal_raw": 0}, "geometry": {"type": "Point", "coordinates": [7340.0, 3043.0]}}, {"type": "Feature", "properties": {"sea_point_id": 3518, "name": "Mediterranean Sea", "ed_raw": 0, "hst_raw": 0, "pal_raw": 0}, "geometry": {"type": "Point", "coordinates": [7387.0, 3052.0]}}, {"type": "Feature", "properties": {"sea_point_id": 3519, "name": "Mediterranean Sea", "ed_raw": 0, "hst_raw": 0, "pal_raw": 0}, "geometry": {"type": "Point", "coordinates": [7424.0, 3059.0]}}, {"type": "Feature", "properties": {"sea_point_id": 3520, "name": "Mediterranean Sea", "ed_raw": 0, "hst_raw": 0, "pal_raw": 0}, "geometry": {"type": "Point", "coordinates": [7462.0, 3047.0]}}, {"type": "Feature", "properties": {"sea_point_id": 3521, "name": "Northwestern Passages", "ed_raw": 0, "hst_raw": 0, "pal_raw": 0}, "geometry": {"type": "Point", "coordinates": [5913.0, 1800.0]}}, {"type": "Feature", "properties": {"sea_point_id": 3522, "name": "Mediterranean Sea", "ed_raw": 0, "hst_raw": 0, "pal_raw": 0}, "geometry": {"type": "Point", "coordinates": [7593.0, 3005.0]}}, {"type": "Feature", "properties": {"sea_point_id": 3523, "name": "Northwestern Passages", "ed_raw": 0, "hst_raw": 0, "pal_raw": 0}, "geometry": {"type": "Point", "coordinates": [5932.0, 1777.0]}}, {"type": "Feature", "properties": {"sea_point_id": 3524, "name": "Mediterranean Sea", "ed_raw": 0, "hst_raw": 0, "pal_raw": 0}, "geometry": {"type": "Point", "coordinates": [7704.0, 2812.0]}}, {"type": "Feature", "properties": {"sea_point_id": 3525, "name": "Mediterranean Sea", "ed_raw": 0, "hst_raw": 0, "pal_raw": 0}, "geometry": {"type": "Point", "coordinates": [7516.0, 2830.0]}}, {"type": "Feature", "properties": {"sea_point_id": 3526, "name": "Northwestern Passages", "ed_raw": 0, "hst_raw": 0, "pal_raw": 0}, "geometry": {"type": "Point", "coordinates": [5787.0, 1739.0]}}, {"type": "Feature", "properties": {"sea_point_id": 3527, "name": "Black Sea", "ed_raw": 0, "hst_raw": 0, "pal_raw": 0}, "geometry": {"type": "Point", "coordinates": [7523.0, 2452.0]}}, {"type": "Feature", "properties": {"sea_point_id": 3528, "name": "Black Sea", "ed_raw": 0, "hst_raw": 0, "pal_raw": 0}, "geometry": {"type": "Point", "coordinates": [7460.0, 2431.0]}}, {"type": "Feature", "properties": {"sea_point_id": 3529, "name": "Black Sea", "ed_raw": 0, "hst_raw": 0, "pal_raw": 0}, "geometry": {"type": "Point", "coordinates": [7467.0, 2354.0]}}, {"type": "Feature", "properties": {"sea_point_id": 3530, "name": "Black Sea", "ed_raw": 0, "hst_raw": 0, "pal_raw": 0}, "geometry": {"type": "Point", "coordinates": [7506.0, 2265.0]}}, {"type": "Feature", "properties": {"sea_point_id": 3531, "name": "Black Sea", "ed_raw": 0, "hst_raw": 0, "pal_raw": 0}, "geometry": {"type": "Point", "coordinates": [7519.0, 2169.0]}}, {"type": "Feature", "properties": {"sea_point_id": 3532, "name": "Black Sea", "ed_raw": 0, "hst_raw": 0, "pal_raw": 0}, "geometry": {"type": "Point", "coordinates": [7543.0, 2119.0]}}, {"type": "Feature", "properties": {"sea_point_id": 3533, "name": "Black Sea", "ed_raw": 0, "hst_raw": 0, "pal_raw": 0}, "geometry": {"type": "Point", "coordinates": [7574.0, 2087.0]}}, {"type": "Feature", "properties": {"sea_point_id": 3534, "name": "Balearic Sea", "ed_raw": 0, "hst_raw": 0, "pal_raw": 0}, "geometry": {"type": "Point", "coordinates": [6074.0, 2775.0]}}, {"type": "Feature", "properties": {"sea_point_id": 3535, "name": "Black Sea", "ed_raw": 0, "hst_raw": 0, "pal_raw": 0}, "geometry": {"type": "Point", "coordinates": [7568.0, 2139.0]}}, {"type": "Feature", "properties": {"sea_point_id": 3536, "name": "Black Sea", "ed_raw": 0, "hst_raw": 0, "pal_raw": 0}, "geometry": {"type": "Point", "coordinates": [7638.0, 2195.0]}}, {"type": "Feature", "properties": {"sea_point_id": 3537, "name": "Aegean Sea", "ed_raw": 0, "hst_raw": 0, "pal_raw": 0}, "geometry": {"type": "Point", "coordinates": [7304.0, 2759.0]}}, {"type": "Feature", "properties": {"sea_point_id": 3538, "name": "Aegean Sea", "ed_raw": 0, "hst_raw": 0, "pal_raw": 0}, "geometry": {"type": "Point", "coordinates": [7313.0, 2798.0]}}, {"type": "Feature", "properties": {"sea_point_id": 3539, "name": "Sea of Crete", "ed_raw": 0, "hst_raw": 0, "pal_raw": 0}, "geometry": {"type": "Point", "coordinates": [7294.0, 2865.0]}}, {"type": "Feature", "properties": {"sea_point_id": 3540, "name": "Hellenic Trench", "ed_raw": 0, "hst_raw": 0, "pal_raw": 0}, "geometry": {"type": "Point", "coordinates": [7235.0, 2842.0]}}, {"type": "Feature", "properties": {"sea_point_id": 3541, "name": "Northwestern Passages", "ed_raw": 0, "hst_raw": 0, "pal_raw": 0}, "geometry": {"type": "Point", "coordinates": [5618.0, 1776.0]}}, {"type": "Feature", "properties": {"sea_point_id": 3542, "name": "Ionian Sea", "ed_raw": 0, "hst_raw": 0, "pal_raw": 0}, "geometry": {"type": "Point", "coordinates": [7198.0, 2746.0]}}, {"type": "Feature", "properties": {"sea_point_id": 3543, "name": "Tyrrhenian Sea", "ed_raw": 0, "hst_raw": 0, "pal_raw": 0}, "geometry": {"type": "Point", "coordinates": [7252.0, 2731.0]}}, {"type": "Feature", "properties": {"sea_point_id": 3544, "name": "Ionian Sea", "ed_raw": 0, "hst_raw": 0, "pal_raw": 0}, "geometry": {"type": "Point", "coordinates": [7136.0, 2772.0]}}, {"type": "Feature", "properties": {"sea_point_id": 3545, "name": "Ionian Sea", "ed_raw": 0, "hst_raw": 0, "pal_raw": 0}, "geometry": {"type": "Point", "coordinates": [7132.0, 2715.0]}}, {"type": "Feature", "properties": {"sea_point_id": 3546, "name": "Pacific Ocean", "ed_raw": 0, "hst_raw": 0, "pal_raw": 0}, "geometry": {"type": "Point", "coordinates": [11597.0, 3043.0]}}, {"type": "Feature", "properties": {"sea_point_id": 3547, "name": "East China Sea", "ed_raw": 0, "hst_raw": 0, "pal_raw": 0}, "geometry": {"type": "Point", "coordinates": [11590.0, 2995.0]}}, {"type": "Feature", "properties": {"sea_point_id": 3548, "name": "Ionian Sea", "ed_raw": 0, "hst_raw": 0, "pal_raw": 0}, "geometry": {"type": "Point", "coordinates": [7150.0, 2689.0]}}, {"type": "Feature", "properties": {"sea_point_id": 3549, "name": "Ionian Sea", "ed_raw": 0, "hst_raw": 0, "pal_raw": 0}, "geometry": {"type": "Point", "coordinates": [7099.0, 2655.0]}}, {"type": "Feature", "properties": {"sea_point_id": 3550, "name": "Northwestern Passages", "ed_raw": 0, "hst_raw": 0, "pal_raw": 0}, "geometry": {"type": "Point", "coordinates": [5846.0, 1638.0]}}, {"type": "Feature", "properties": {"sea_point_id": 3551, "name": "St. Lawrence", "ed_raw": 0, "hst_raw": 0, "pal_raw": 0}, "geometry": {"type": "Point", "coordinates": [3913.0, 1567.0]}}, {"type": "Feature", "properties": {"sea_point_id": 3552, "name": "Tyrrhenian Sea", "ed_raw": 0, "hst_raw": 0, "pal_raw": 0}, "geometry": {"type": "Point", "coordinates": [6797.0, 2722.0]}}, {"type": "Feature", "properties": {"sea_point_id": 3553, "name": "Northwestern Passages", "ed_raw": 0, "hst_raw": 0, "pal_raw": 0}, "geometry": {"type": "Point", "coordinates": [5845.0, 2851.0]}}, {"type": "Feature", "properties": {"sea_point_id": 3554, "name": "Aegean Sea", "ed_raw": 0, "hst_raw": 0, "pal_raw": 0}, "geometry": {"type": "Point", "coordinates": [7345.0, 2746.0]}}, {"type": "Feature", "properties": {"sea_point_id": 3555, "name": "Adriatic Sea", "ed_raw": 0, "hst_raw": 0, "pal_raw": 0}, "geometry": {"type": "Point", "coordinates": [7078.0, 2607.0]}}, {"type": "Feature", "properties": {"sea_point_id": 3556, "name": "Adriatic Sea", "ed_raw": 0, "hst_raw": 0, "pal_raw": 0}, "geometry": {"type": "Point", "coordinates": [7077.0, 2549.0]}}, {"type": "Feature", "properties": {"sea_point_id": 3557, "name": "Northwestern Passages", "ed_raw": 0, "hst_raw": 0, "pal_raw": 0}, "geometry": {"type": "Point", "coordinates": [6138.0, 2690.0]}}, {"type": "Feature", "properties": {"sea_point_id": 3558, "name": "Adriatic Sea", "ed_raw": 0, "hst_raw": 0, "pal_raw": 0}, "geometry": {"type": "Point", "coordinates": [7031.0, 2503.0]}}, {"type": "Feature", "properties": {"sea_point_id": 3559, "name": "Adriatic Sea", "ed_raw": 0, "hst_raw": 0, "pal_raw": 0}, "geometry": {"type": "Point", "coordinates": [6966.0, 2458.0]}}, {"type": "Feature", "properties": {"sea_point_id": 3560, "name": "Adriatic Sea", "ed_raw": 0, "hst_raw": 0, "pal_raw": 0}, "geometry": {"type": "Point", "coordinates": [6889.0, 2434.0]}}, {"type": "Feature", "properties": {"sea_point_id": 3561, "name": "Adriatic Sea", "ed_raw": 0, "hst_raw": 0, "pal_raw": 0}, "geometry": {"type": "Point", "coordinates": [6836.0, 2374.0]}}, {"type": "Feature", "properties": {"sea_point_id": 3562, "name": "Adriatic Sea", "ed_raw": 0, "hst_raw": 0, "pal_raw": 0}, "geometry": {"type": "Point", "coordinates": [6761.0, 2345.0]}}, {"type": "Feature", "properties": {"sea_point_id": 3563, "name": "Tyrrhenian Sea", "ed_raw": 0, "hst_raw": 0, "pal_raw": 0}, "geometry": {"type": "Point", "coordinates": [6655.0, 2736.0]}}, {"type": "Feature", "properties": {"sea_point_id": 3564, "name": "Adriatic Sea", "ed_raw": 0, "hst_raw": 0, "pal_raw": 0}, "geometry": {"type": "Point", "coordinates": [6699.0, 2280.0]}}, {"type": "Feature", "properties": {"sea_point_id": 3565, "name": "Adriatic Sea", "ed_raw": 0, "hst_raw": 0, "pal_raw": 0}, "geometry": {"type": "Point", "coordinates": [6719.0, 2357.0]}}, {"type": "Feature", "properties": {"sea_point_id": 3566, "name": "Adriatic Sea", "ed_raw": 0, "hst_raw": 0, "pal_raw": 0}, "geometry": {"type": "Point", "coordinates": [6772.0, 2418.0]}}, {"type": "Feature", "properties": {"sea_point_id": 3567, "name": "Adriatic Sea", "ed_raw": 0, "hst_raw": 0, "pal_raw": 0}, "geometry": {"type": "Point", "coordinates": [6810.0, 2468.0]}}, {"type": "Feature", "properties": {"sea_point_id": 3568, "name": "Adriatic Sea", "ed_raw": 0, "hst_raw": 0, "pal_raw": 0}, "geometry": {"type": "Point", "coordinates": [6868.0, 2524.0]}}, {"type": "Feature", "properties": {"sea_point_id": 3569, "name": "Adriatic Sea", "ed_raw": 0, "hst_raw": 0, "pal_raw": 0}, "geometry": {"type": "Point", "coordinates": [6941.0, 2556.0]}}, {"type": "Feature", "properties": {"sea_point_id": 3570, "name": "Adriatic Sea", "ed_raw": 0, "hst_raw": 0, "pal_raw": 0}, "geometry": {"type": "Point", "coordinates": [6997.0, 2609.0]}}, {"type": "Feature", "properties": {"sea_point_id": 3571, "name": "Adriatic Sea", "ed_raw": 0, "hst_raw": 0, "pal_raw": 0}, "geometry": {"type": "Point", "coordinates": [7046.0, 2641.0]}}, {"type": "Feature", "properties": {"sea_point_id": 3572, "name": "Ionian Sea", "ed_raw": 0, "hst_raw": 0, "pal_raw": 0}, "geometry": {"type": "Point", "coordinates": [7059.0, 2702.0]}}, {"type": "Feature", "properties": {"sea_point_id": 3573, "name": "Northwestern Passages", "ed_raw": 0, "hst_raw": 0, "pal_raw": 0}, "geometry": {"type": "Point", "coordinates": [6169.0, 2638.0]}}, {"type": "Feature", "properties": {"sea_point_id": 3574, "name": "Gulf of Taranto", "ed_raw": 0, "hst_raw": 0, "pal_raw": 0}, "geometry": {"type": "Point", "coordinates": [6960.0, 2675.0]}}, {"type": "Feature", "properties": {"sea_point_id": 3575, "name": "Ionian Sea", "ed_raw": 0, "hst_raw": 0, "pal_raw": 0}, "geometry": {"type": "Point", "coordinates": [6973.0, 2789.0]}}, {"type": "Feature", "properties": {"sea_point_id": 3576, "name": "Mediterranean Sea", "ed_raw": 0, "hst_raw": 0, "pal_raw": 0}, "geometry": {"type": "Point", "coordinates": [6893.0, 2855.0]}}, {"type": "Feature", "properties": {"sea_point_id": 3577, "name": "Tyrrhenian Sea", "ed_raw": 0, "hst_raw": 0, "pal_raw": 0}, "geometry": {"type": "Point", "coordinates": [6877.0, 2778.0]}}, {"type": "Feature", "properties": {"sea_point_id": 3578, "name": "Tyrrhenian Sea", "ed_raw": 0, "hst_raw": 0, "pal_raw": 0}, "geometry": {"type": "Point", "coordinates": [6861.0, 2701.0]}}, {"type": "Feature", "properties": {"sea_point_id": 3579, "name": "Tyrrhenian Sea", "ed_raw": 0, "hst_raw": 0, "pal_raw": 0}, "geometry": {"type": "Point", "coordinates": [6823.0, 2654.0]}}, {"type": "Feature", "properties": {"sea_point_id": 3580, "name": "Northwestern Passages", "ed_raw": 0, "hst_raw": 0, "pal_raw": 0}, "geometry": {"type": "Point", "coordinates": [6185.0, 2537.0]}}, {"type": "Feature", "properties": {"sea_point_id": 3581, "name": "Tyrrhenian Sea", "ed_raw": 0, "hst_raw": 0, "pal_raw": 0}, "geometry": {"type": "Point", "coordinates": [6736.0, 2620.0]}}, {"type": "Feature", "properties": {"sea_point_id": 3582, "name": "Tyrrhenian Sea", "ed_raw": 0, "hst_raw": 0, "pal_raw": 0}, "geometry": {"type": "Point", "coordinates": [6706.0, 2583.0]}}, {"type": "Feature", "properties": {"sea_point_id": 3583, "name": "Tyrrhenian Sea", "ed_raw": 0, "hst_raw": 0, "pal_raw": 0}, "geometry": {"type": "Point", "coordinates": [6679.0, 2554.0]}}, {"type": "Feature", "properties": {"sea_point_id": 3584, "name": "Tyrrhenian Sea", "ed_raw": 0, "hst_raw": 0, "pal_raw": 0}, "geometry": {"type": "Point", "coordinates": [6639.0, 2526.0]}}, {"type": "Feature", "properties": {"sea_point_id": 3585, "name": "Tyrrhenian Sea", "ed_raw": 0, "hst_raw": 0, "pal_raw": 0}, "geometry": {"type": "Point", "coordinates": [6593.0, 2482.0]}}, {"type": "Feature", "properties": {"sea_point_id": 3586, "name": "Liguere Sea", "ed_raw": 0, "hst_raw": 0, "pal_raw": 0}, "geometry": {"type": "Point", "coordinates": [6563.0, 2413.0]}}, {"type": "Feature", "properties": {"sea_point_id": 3587, "name": "Liguere Sea", "ed_raw": 0, "hst_raw": 0, "pal_raw": 0}, "geometry": {"type": "Point", "coordinates": [6512.0, 2380.0]}}, {"type": "Feature", "properties": {"sea_point_id": 3588, "name": "Liguere Sea", "ed_raw": 0, "hst_raw": 0, "pal_raw": 0}, "geometry": {"type": "Point", "coordinates": [6442.0, 2408.0]}}, {"type": "Feature", "properties": {"sea_point_id": 3589, "name": "Mediterranean Sea", "ed_raw": 0, "hst_raw": 0, "pal_raw": 0}, "geometry": {"type": "Point", "coordinates": [6380.0, 2464.0]}}, {"type": "Feature", "properties": {"sea_point_id": 3590, "name": "Mediterranean Sea", "ed_raw": 0, "hst_raw": 0, "pal_raw": 0}, "geometry": {"type": "Point", "coordinates": [6308.0, 2447.0]}}, {"type": "Feature", "properties": {"sea_point_id": 3591, "name": "Mediterranean Sea", "ed_raw": 0, "hst_raw": 0, "pal_raw": 0}, "geometry": {"type": "Point", "coordinates": [6217.0, 2438.0]}}, {"type": "Feature", "properties": {"sea_point_id": 3592, "name": "Mediterranean Sea", "ed_raw": 0, "hst_raw": 0, "pal_raw": 0}, "geometry": {"type": "Point", "coordinates": [6266.0, 2419.0]}}, {"type": "Feature", "properties": {"sea_point_id": 3593, "name": "Mediterranean Sea", "ed_raw": 0, "hst_raw": 0, "pal_raw": 0}, "geometry": {"type": "Point", "coordinates": [6200.0, 2501.0]}}, {"type": "Feature", "properties": {"sea_point_id": 3594, "name": "Balearic Sea", "ed_raw": 0, "hst_raw": 0, "pal_raw": 0}, "geometry": {"type": "Point", "coordinates": [6143.0, 2571.0]}}, {"type": "Feature", "properties": {"sea_point_id": 3595, "name": "Balearic Sea", "ed_raw": 0, "hst_raw": 0, "pal_raw": 0}, "geometry": {"type": "Point", "coordinates": [6041.0, 2600.0]}}, {"type": "Feature", "properties": {"sea_point_id": 3596, "name": "Balearic Sea", "ed_raw": 0, "hst_raw": 0, "pal_raw": 0}, "geometry": {"type": "Point", "coordinates": [5981.0, 2678.0]}}, {"type": "Feature", "properties": {"sea_point_id": 3597, "name": "Balearic Sea", "ed_raw": 0, "hst_raw": 0, "pal_raw": 0}, "geometry": {"type": "Point", "coordinates": [5985.0, 2746.0]}}, {"type": "Feature", "properties": {"sea_point_id": 3598, "name": "Algerian Basin", "ed_raw": 0, "hst_raw": 0, "pal_raw": 0}, "geometry": {"type": "Point", "coordinates": [5904.0, 2822.0]}}, {"type": "Feature", "properties": {"sea_point_id": 3599, "name": "Northwestern Passages", "ed_raw": 0, "hst_raw": 0, "pal_raw": 0}, "geometry": {"type": "Point", "coordinates": [6454.0, 2575.0]}}, {"type": "Feature", "properties": {"sea_point_id": 3600, "name": "Northwestern Passages", "ed_raw": 0, "hst_raw": 0, "pal_raw": 0}, "geometry": {"type": "Point", "coordinates": [6517.0, 2543.0]}}, {"type": "Feature", "properties": {"sea_point_id": 3601, "name": "Alboran Sea", "ed_raw": 0, "hst_raw": 0, "pal_raw": 0}, "geometry": {"type": "Point", "coordinates": [5774.0, 2856.0]}}, {"type": "Feature", "properties": {"sea_point_id": 3602, "name": "Alboran Sea", "ed_raw": 0, "hst_raw": 0, "pal_raw": 0}, "geometry": {"type": "Point", "coordinates": [5697.0, 2838.0]}}, {"type": "Feature", "properties": {"sea_point_id": 3603, "name": "Iberian Basin", "ed_raw": 0, "hst_raw": 0, "pal_raw": 0}, "geometry": {"type": "Point", "coordinates": [5579.0, 2832.0]}}, {"type": "Feature", "properties": {"sea_point_id": 3604, "name": "Northwestern Passages", "ed_raw": 0, "hst_raw": 0, "pal_raw": 0}, "geometry": {"type": "Point", "coordinates": [6480.0, 2496.0]}}, {"type": "Feature", "properties": {"sea_point_id": 3605, "name": "Iberian Basin", "ed_raw": 0, "hst_raw": 0, "pal_raw": 0}, "geometry": {"type": "Point", "coordinates": [5535.0, 2774.0]}}, {"type": "Feature", "properties": {"sea_point_id": 3606, "name": "Northwestern Passages", "ed_raw": 0, "hst_raw": 0, "pal_raw": 0}, "geometry": {"type": "Point", "coordinates": [6513.0, 2692.0]}}, {"type": "Feature", "properties": {"sea_point_id": 3607, "name": "Iberian Basin", "ed_raw": 0, "hst_raw": 0, "pal_raw": 0}, "geometry": {"type": "Point", "coordinates": [5421.0, 2768.0]}}, {"type": "Feature", "properties": {"sea_point_id": 3608, "name": "East China Sea", "ed_raw": 0, "hst_raw": 0, "pal_raw": 0}, "geometry": {"type": "Point", "coordinates": [11653.0, 2939.0]}}, {"type": "Feature", "properties": {"sea_point_id": 3609, "name": "Iberian Basin", "ed_raw": 0, "hst_raw": 0, "pal_raw": 0}, "geometry": {"type": "Point", "coordinates": [5447.0, 2694.0]}}, {"type": "Feature", "properties": {"sea_point_id": 3610, "name": "Iberian Basin", "ed_raw": 0, "hst_raw": 0, "pal_raw": 0}, "geometry": {"type": "Point", "coordinates": [5451.0, 2634.0]}}, {"type": "Feature", "properties": {"sea_point_id": 3611, "name": "Iberian Basin", "ed_raw": 0, "hst_raw": 0, "pal_raw": 0}, "geometry": {"type": "Point", "coordinates": [5445.0, 2584.0]}}, {"type": "Feature", "properties": {"sea_point_id": 3612, "name": "Iberian Basin", "ed_raw": 0, "hst_raw": 0, "pal_raw": 0}, "geometry": {"type": "Point", "coordinates": [5483.0, 2515.0]}}, {"type": "Feature", "properties": {"sea_point_id": 3613, "name": "Iberian Basin", "ed_raw": 0, "hst_raw": 0, "pal_raw": 0}, "geometry": {"type": "Point", "coordinates": [5509.0, 2421.0]}}, {"type": "Feature", "properties": {"sea_point_id": 3614, "name": "Iberian Basin", "ed_raw": 0, "hst_raw": 0, "pal_raw": 0}, "geometry": {"type": "Point", "coordinates": [5513.0, 2338.0]}}, {"type": "Feature", "properties": {"sea_point_id": 3615, "name": "Iberian Basin", "ed_raw": 0, "hst_raw": 0, "pal_raw": 0}, "geometry": {"type": "Point", "coordinates": [5517.0, 2264.0]}}, {"type": "Feature", "properties": {"sea_point_id": 3616, "name": "Bay of Biscay", "ed_raw": 0, "hst_raw": 0, "pal_raw": 0}, "geometry": {"type": "Point", "coordinates": [5684.0, 2249.0]}}, {"type": "Feature", "properties": {"sea_point_id": 3617, "name": "Bay of Biscay", "ed_raw": 0, "hst_raw": 0, "pal_raw": 0}, "geometry": {"type": "Point", "coordinates": [5761.0, 2267.0]}}, {"type": "Feature", "properties": {"sea_point_id": 3618, "name": "Northwestern Passages", "ed_raw": 0, "hst_raw": 0, "pal_raw": 0}, "geometry": {"type": "Point", "coordinates": [6529.0, 2434.0]}}, {"type": "Feature", "properties": {"sea_point_id": 3619, "name": "Iberian Basin", "ed_raw": 0, "hst_raw": 0, "pal_raw": 0}, "geometry": {"type": "Point", "coordinates": [5597.0, 2237.0]}}, {"type": "Feature", "properties": {"sea_point_id": 3620, "name": "Bay of Biscay", "ed_raw": 0, "hst_raw": 0, "pal_raw": 0}, "geometry": {"type": "Point", "coordinates": [5867.0, 2310.0]}}, {"type": "Feature", "properties": {"sea_point_id": 3621, "name": "Northwestern Passages", "ed_raw": 0, "hst_raw": 0, "pal_raw": 0}, "geometry": {"type": "Point", "coordinates": [6751.0, 2803.0]}}, {"type": "Feature", "properties": {"sea_point_id": 3622, "name": "Bay of Biscay", "ed_raw": 0, "hst_raw": 0, "pal_raw": 0}, "geometry": {"type": "Point", "coordinates": [5922.0, 2336.0]}}, {"type": "Feature", "properties": {"sea_point_id": 3623, "name": "Bay of Biscay", "ed_raw": 0, "hst_raw": 0, "pal_raw": 0}, "geometry": {"type": "Point", "coordinates": [5950.0, 2280.0]}}, {"type": "Feature", "properties": {"sea_point_id": 3624, "name": "Bay of Biscay", "ed_raw": 0, "hst_raw": 0, "pal_raw": 0}, "geometry": {"type": "Point", "coordinates": [5975.0, 2215.0]}}, {"type": "Feature", "properties": {"sea_point_id": 3625, "name": "Bay of Biscay", "ed_raw": 0, "hst_raw": 0, "pal_raw": 0}, "geometry": {"type": "Point", "coordinates": [5959.0, 2137.0]}}, {"type": "Feature", "properties": {"sea_point_id": 3626, "name": "Bay of Biscay", "ed_raw": 0, "hst_raw": 0, "pal_raw": 0}, "geometry": {"type": "Point", "coordinates": [5932.0, 2078.0]}}, {"type": "Feature", "properties": {"sea_point_id": 3627, "name": "Bay of Biscay", "ed_raw": 0, "hst_raw": 0, "pal_raw": 0}, "geometry": {"type": "Point", "coordinates": [5863.0, 2052.0]}}, {"type": "Feature", "properties": {"sea_point_id": 3628, "name": "Tyrrhenian Sea", "ed_raw": 0, "hst_raw": 0, "pal_raw": 0}, "geometry": {"type": "Point", "coordinates": [6792.0, 2912.0]}}, {"type": "Feature", "properties": {"sea_point_id": 3629, "name": "Bay of Biscay", "ed_raw": 0, "hst_raw": 0, "pal_raw": 0}, "geometry": {"type": "Point", "coordinates": [5814.0, 1979.0]}}, {"type": "Feature", "properties": {"sea_point_id": 3630, "name": "English Channel", "ed_raw": 0, "hst_raw": 0, "pal_raw": 0}, "geometry": {"type": "Point", "coordinates": [5851.0, 1931.0]}}, {"type": "Feature", "properties": {"sea_point_id": 3631, "name": "Pacific Ocean", "ed_raw": 0, "hst_raw": 0, "pal_raw": 0}, "geometry": {"type": "Point", "coordinates": [11638.0, 3013.0]}}, {"type": "Feature", "properties": {"sea_point_id": 3632, "name": "English Channel", "ed_raw": 0, "hst_raw": 0, "pal_raw": 0}, "geometry": {"type": "Point", "coordinates": [5978.0, 1940.0]}}, {"type": "Feature", "properties": {"sea_point_id": 3633, "name": "English Channel", "ed_raw": 0, "hst_raw": 0, "pal_raw": 0}, "geometry": {"type": "Point", "coordinates": [5850.0, 1900.0]}}, {"type": "Feature", "properties": {"sea_point_id": 3634, "name": "English Channel", "ed_raw": 0, "hst_raw": 0, "pal_raw": 0}, "geometry": {"type": "Point", "coordinates": [5963.0, 1874.0]}}, {"type": "Feature", "properties": {"sea_point_id": 3635, "name": "Tyrrhenian Sea", "ed_raw": 0, "hst_raw": 0, "pal_raw": 0}, "geometry": {"type": "Point", "coordinates": [6986.0, 2735.0]}}, {"type": "Feature", "properties": {"sea_point_id": 3636, "name": "English Channel", "ed_raw": 0, "hst_raw": 0, "pal_raw": 0}, "geometry": {"type": "Point", "coordinates": [6015.0, 1875.0]}}, {"type": "Feature", "properties": {"sea_point_id": 3637, "name": "English Channel", "ed_raw": 0, "hst_raw": 0, "pal_raw": 0}, "geometry": {"type": "Point", "coordinates": [6060.0, 1911.0]}}, {"type": "Feature", "properties": {"sea_point_id": 3638, "name": "English Channel", "ed_raw": 0, "hst_raw": 0, "pal_raw": 0}, "geometry": {"type": "Point", "coordinates": [6075.0, 1866.0]}}, {"type": "Feature", "properties": {"sea_point_id": 3639, "name": "English Channel", "ed_raw": 0, "hst_raw": 0, "pal_raw": 0}, "geometry": {"type": "Point", "coordinates": [6130.0, 1887.0]}}, {"type": "Feature", "properties": {"sea_point_id": 3640, "name": "English Channel", "ed_raw": 0, "hst_raw": 0, "pal_raw": 0}, "geometry": {"type": "Point", "coordinates": [6139.0, 1845.0]}}, {"type": "Feature", "properties": {"sea_point_id": 3641, "name": "English Channel", "ed_raw": 0, "hst_raw": 0, "pal_raw": 0}, "geometry": {"type": "Point", "coordinates": [6198.0, 1811.0]}}, {"type": "Feature", "properties": {"sea_point_id": 3642, "name": "English Channel", "ed_raw": 0, "hst_raw": 0, "pal_raw": 0}, "geometry": {"type": "Point", "coordinates": [6150.0, 1779.0]}}, {"type": "Feature", "properties": {"sea_point_id": 3643, "name": "English Channel", "ed_raw": 0, "hst_raw": 0, "pal_raw": 0}, "geometry": {"type": "Point", "coordinates": [6254.0, 1789.0]}}, {"type": "Feature", "properties": {"sea_point_id": 3644, "name": "Tyrrhenian Sea", "ed_raw": 0, "hst_raw": 0, "pal_raw": 0}, "geometry": {"type": "Point", "coordinates": [7104.0, 2682.0]}}, {"type": "Feature", "properties": {"sea_point_id": 3645, "name": "English Channel", "ed_raw": 0, "hst_raw": 0, "pal_raw": 0}, "geometry": {"type": "Point", "coordinates": [6193.0, 1727.0]}}, {"type": "Feature", "properties": {"sea_point_id": 3646, "name": "English Channel", "ed_raw": 0, "hst_raw": 0, "pal_raw": 0}, "geometry": {"type": "Point", "coordinates": [6296.0, 1757.0]}}, {"type": "Feature", "properties": {"sea_point_id": 3647, "name": "Tyrrhenian Sea", "ed_raw": 0, "hst_raw": 0, "pal_raw": 0}, "geometry": {"type": "Point", "coordinates": [7127.0, 2654.0]}}, {"type": "Feature", "properties": {"sea_point_id": 3648, "name": "North Sea", "ed_raw": 0, "hst_raw": 0, "pal_raw": 0}, "geometry": {"type": "Point", "coordinates": [6323.0, 1723.0]}}, {"type": "Feature", "properties": {"sea_point_id": 3649, "name": "Tyrrhenian Sea", "ed_raw": 0, "hst_raw": 0, "pal_raw": 0}, "geometry": {"type": "Point", "coordinates": [7174.0, 2729.0]}}, {"type": "Feature", "properties": {"sea_point_id": 3650, "name": "North Sea", "ed_raw": 0, "hst_raw": 0, "pal_raw": 0}, "geometry": {"type": "Point", "coordinates": [6377.0, 1724.0]}}, {"type": "Feature", "properties": {"sea_point_id": 3651, "name": "North Sea", "ed_raw": 0, "hst_raw": 0, "pal_raw": 0}, "geometry": {"type": "Point", "coordinates": [6254.0, 1717.0]}}, {"type": "Feature", "properties": {"sea_point_id": 3652, "name": "Pacific Ocean", "ed_raw": 0, "hst_raw": 0, "pal_raw": 0}, "geometry": {"type": "Point", "coordinates": [11699.0, 2957.0]}}, {"type": "Feature", "properties": {"sea_point_id": 3653, "name": "Tyrrhenian Sea", "ed_raw": 0, "hst_raw": 0, "pal_raw": 0}, "geometry": {"type": "Point", "coordinates": [7224.0, 2728.0]}}, {"type": "Feature", "properties": {"sea_point_id": 3654, "name": "Laptev Sea", "ed_raw": 0, "hst_raw": 0, "pal_raw": 0}, "geometry": {"type": "Point", "coordinates": [11013.0, 187.0]}}, {"type": "Feature", "properties": {"sea_point_id": 3655, "name": "North Sea", "ed_raw": 0, "hst_raw": 0, "pal_raw": 0}, "geometry": {"type": "Point", "coordinates": [6426.0, 1662.0]}}, {"type": "Feature", "properties": {"sea_point_id": 3656, "name": "North Sea", "ed_raw": 0, "hst_raw": 0, "pal_raw": 0}, "geometry": {"type": "Point", "coordinates": [6199.0, 1655.0]}}, {"type": "Feature", "properties": {"sea_point_id": 3657, "name": "Aegean Sea", "ed_raw": 0, "hst_raw": 0, "pal_raw": 0}, "geometry": {"type": "Point", "coordinates": [7326.0, 2760.0]}}, {"type": "Feature", "properties": {"sea_point_id": 3658, "name": "North Sea", "ed_raw": 0, "hst_raw": 0, "pal_raw": 0}, "geometry": {"type": "Point", "coordinates": [6126.0, 1630.0]}}, {"type": "Feature", "properties": {"sea_point_id": 3659, "name": "North Sea", "ed_raw": 0, "hst_raw": 0, "pal_raw": 0}, "geometry": {"type": "Point", "coordinates": [6098.0, 1547.0]}}, {"type": "Feature", "properties": {"sea_point_id": 3660, "name": "North Sea", "ed_raw": 0, "hst_raw": 0, "pal_raw": 0}, "geometry": {"type": "Point", "coordinates": [6038.0, 1470.0]}}, {"type": "Feature", "properties": {"sea_point_id": 3661, "name": "North Sea", "ed_raw": 0, "hst_raw": 0, "pal_raw": 0}, "geometry": {"type": "Point", "coordinates": [6000.0, 1398.0]}}, {"type": "Feature", "properties": {"sea_point_id": 3662, "name": "North Sea", "ed_raw": 0, "hst_raw": 0, "pal_raw": 0}, "geometry": {"type": "Point", "coordinates": [5941.0, 1362.0]}}, {"type": "Feature", "properties": {"sea_point_id": 3663, "name": "North Sea", "ed_raw": 0, "hst_raw": 0, "pal_raw": 0}, "geometry": {"type": "Point", "coordinates": [5985.0, 1307.0]}}, {"type": "Feature", "properties": {"sea_point_id": 3664, "name": "North Sea", "ed_raw": 0, "hst_raw": 0, "pal_raw": 0}, "geometry": {"type": "Point", "coordinates": [6017.0, 1218.0]}}, {"type": "Feature", "properties": {"sea_point_id": 3665, "name": "Pacific Ocean", "ed_raw": 0, "hst_raw": 0, "pal_raw": 0}, "geometry": {"type": "Point", "coordinates": [11682.0, 2890.0]}}, {"type": "Feature", "properties": {"sea_point_id": 3666, "name": "Moray Firth", "ed_raw": 0, "hst_raw": 0, "pal_raw": 0}, "geometry": {"type": "Point", "coordinates": [5938.0, 1180.0]}}, {"type": "Feature", "properties": {"sea_point_id": 3667, "name": "Moray Firth", "ed_raw": 0, "hst_raw": 0, "pal_raw": 0}, "geometry": {"type": "Point", "coordinates": [5876.0, 1221.0]}}, {"type": "Feature", "properties": {"sea_point_id": 3668, "name": "North Sea", "ed_raw": 0, "hst_raw": 0, "pal_raw": 0}, "geometry": {"type": "Point", "coordinates": [5942.0, 1127.0]}}, {"type": "Feature", "properties": {"sea_point_id": 3669, "name": "Pentland Firth", "ed_raw": 0, "hst_raw": 0, "pal_raw": 0}, "geometry": {"type": "Point", "coordinates": [5851.0, 1108.0]}}, {"type": "Feature", "properties": {"sea_point_id": 3670, "name": "The Minch", "ed_raw": 0, "hst_raw": 0, "pal_raw": 0}, "geometry": {"type": "Point", "coordinates": [5794.0, 1119.0]}}, {"type": "Feature", "properties": {"sea_point_id": 3671, "name": "Atlantic Ocean", "ed_raw": 0, "hst_raw": 0, "pal_raw": 0}, "geometry": {"type": "Point", "coordinates": [5777.0, 1171.0]}}, {"type": "Feature", "properties": {"sea_point_id": 3672, "name": "Kara Sea", "ed_raw": 0, "hst_raw": 0, "pal_raw": 0}, "geometry": {"type": "Point", "coordinates": [10046.0, 218.0]}}, {"type": "Feature", "properties": {"sea_point_id": 3673, "name": "Atlantic Ocean", "ed_raw": 0, "hst_raw": 0, "pal_raw": 0}, "geometry": {"type": "Point", "coordinates": [5724.0, 1210.0]}}, {"type": "Feature", "properties": {"sea_point_id": 3674, "name": "Atlantic Ocean", "ed_raw": 0, "hst_raw": 0, "pal_raw": 0}, "geometry": {"type": "Point", "coordinates": [5660.0, 1190.0]}}, {"type": "Feature", "properties": {"sea_point_id": 3675, "name": "Atlantic Ocean", "ed_raw": 0, "hst_raw": 0, "pal_raw": 0}, "geometry": {"type": "Point", "coordinates": [5711.0, 1280.0]}}, {"type": "Feature", "properties": {"sea_point_id": 3676, "name": "Atlantic Ocean", "ed_raw": 0, "hst_raw": 0, "pal_raw": 0}, "geometry": {"type": "Point", "coordinates": [5712.0, 1343.0]}}, {"type": "Feature", "properties": {"sea_point_id": 3677, "name": "Irish Sea", "ed_raw": 0, "hst_raw": 0, "pal_raw": 0}, "geometry": {"type": "Point", "coordinates": [5720.0, 1418.0]}}, {"type": "Feature", "properties": {"sea_point_id": 3678, "name": "Irish Sea", "ed_raw": 0, "hst_raw": 0, "pal_raw": 0}, "geometry": {"type": "Point", "coordinates": [5796.0, 1437.0]}}, {"type": "Feature", "properties": {"sea_point_id": 3679, "name": "Aegean Sea", "ed_raw": 0, "hst_raw": 0, "pal_raw": 0}, "geometry": {"type": "Point", "coordinates": [7337.0, 2703.0]}}, {"type": "Feature", "properties": {"sea_point_id": 3680, "name": "Irish Sea", "ed_raw": 0, "hst_raw": 0, "pal_raw": 0}, "geometry": {"type": "Point", "coordinates": [5808.0, 1511.0]}}, {"type": "Feature", "properties": {"sea_point_id": 3681, "name": "Irish Sea", "ed_raw": 0, "hst_raw": 0, "pal_raw": 0}, "geometry": {"type": "Point", "coordinates": [5870.0, 1511.0]}}, {"type": "Feature", "properties": {"sea_point_id": 3682, "name": "Irish Sea", "ed_raw": 0, "hst_raw": 0, "pal_raw": 0}, "geometry": {"type": "Point", "coordinates": [5907.0, 1561.0]}}, {"type": "Feature", "properties": {"sea_point_id": 3683, "name": "Irish Sea", "ed_raw": 0, "hst_raw": 0, "pal_raw": 0}, "geometry": {"type": "Point", "coordinates": [5792.0, 1580.0]}}, {"type": "Feature", "properties": {"sea_point_id": 3684, "name": "Aegean Sea", "ed_raw": 0, "hst_raw": 0, "pal_raw": 0}, "geometry": {"type": "Point", "coordinates": [7282.0, 2671.0]}}, {"type": "Feature", "properties": {"sea_point_id": 3685, "name": "Irish Sea", "ed_raw": 0, "hst_raw": 0, "pal_raw": 0}, "geometry": {"type": "Point", "coordinates": [5876.0, 1606.0]}}, {"type": "Feature", "properties": {"sea_point_id": 3686, "name": "Aegean Sea", "ed_raw": 0, "hst_raw": 0, "pal_raw": 0}, "geometry": {"type": "Point", "coordinates": [7266.0, 2680.0]}}, {"type": "Feature", "properties": {"sea_point_id": 3687, "name": "Irish Sea", "ed_raw": 0, "hst_raw": 0, "pal_raw": 0}, "geometry": {"type": "Point", "coordinates": [5812.0, 1650.0]}}, {"type": "Feature", "properties": {"sea_point_id": 3688, "name": "Irish Sea", "ed_raw": 0, "hst_raw": 0, "pal_raw": 0}, "geometry": {"type": "Point", "coordinates": [5757.0, 1706.0]}}, {"type": "Feature", "properties": {"sea_point_id": 3689, "name": "Irish Sea", "ed_raw": 0, "hst_raw": 0, "pal_raw": 0}, "geometry": {"type": "Point", "coordinates": [5809.0, 1716.0]}}, {"type": "Feature", "properties": {"sea_point_id": 3690, "name": "Irish Sea", "ed_raw": 0, "hst_raw": 0, "pal_raw": 0}, "geometry": {"type": "Point", "coordinates": [5716.0, 1758.0]}}, {"type": "Feature", "properties": {"sea_point_id": 3691, "name": "St. Lawrence", "ed_raw": 0, "hst_raw": 0, "pal_raw": 0}, "geometry": {"type": "Point", "coordinates": [3879.0, 1597.0]}}, {"type": "Feature", "properties": {"sea_point_id": 3692, "name": "Aegean Sea", "ed_raw": 0, "hst_raw": 0, "pal_raw": 0}, "geometry": {"type": "Point", "coordinates": [7311.0, 2605.0]}}, {"type": "Feature", "properties": {"sea_point_id": 3693, "name": "Atlantic Ocean", "ed_raw": 0, "hst_raw": 0, "pal_raw": 0}, "geometry": {"type": "Point", "coordinates": [5528.0, 1755.0]}}, {"type": "Feature", "properties": {"sea_point_id": 3694, "name": "Aegean Sea", "ed_raw": 0, "hst_raw": 0, "pal_raw": 0}, "geometry": {"type": "Point", "coordinates": [7356.0, 2575.0]}}, {"type": "Feature", "properties": {"sea_point_id": 3695, "name": "Atlantic Ocean", "ed_raw": 0, "hst_raw": 0, "pal_raw": 0}, "geometry": {"type": "Point", "coordinates": [5548.0, 1682.0]}}, {"type": "Feature", "properties": {"sea_point_id": 3696, "name": "Atlantic Ocean", "ed_raw": 0, "hst_raw": 0, "pal_raw": 0}, "geometry": {"type": "Point", "coordinates": [5563.0, 1627.0]}}, {"type": "Feature", "properties": {"sea_point_id": 3697, "name": "Atlantic Ocean", "ed_raw": 0, "hst_raw": 0, "pal_raw": 0}, "geometry": {"type": "Point", "coordinates": [5523.0, 1586.0]}}, {"type": "Feature", "properties": {"sea_point_id": 3698, "name": "Atlantic Ocean", "ed_raw": 0, "hst_raw": 0, "pal_raw": 0}, "geometry": {"type": "Point", "coordinates": [5549.0, 1530.0]}}, {"type": "Feature", "properties": {"sea_point_id": 3699, "name": "Atlantic Ocean", "ed_raw": 0, "hst_raw": 0, "pal_raw": 0}, "geometry": {"type": "Point", "coordinates": [5600.0, 1517.0]}}, {"type": "Feature", "properties": {"sea_point_id": 3700, "name": "Atlantic Ocean", "ed_raw": 0, "hst_raw": 0, "pal_raw": 0}, "geometry": {"type": "Point", "coordinates": [5619.0, 1459.0]}}, {"type": "Feature", "properties": {"sea_point_id": 3701, "name": "Irish Sea", "ed_raw": 0, "hst_raw": 0, "pal_raw": 0}, "geometry": {"type": "Point", "coordinates": [5781.0, 1777.0]}}, {"type": "Feature", "properties": {"sea_point_id": 3702, "name": "Beaufort Sea", "ed_raw": 0, "hst_raw": 0, "pal_raw": 0}, "geometry": {"type": "Point", "coordinates": [444.0, 234.0]}}, {"type": "Feature", "properties": {"sea_point_id": 3703, "name": "Irish Sea", "ed_raw": 0, "hst_raw": 0, "pal_raw": 0}, "geometry": {"type": "Point", "coordinates": [5858.0, 1791.0]}}, {"type": "Feature", "properties": {"sea_point_id": 3704, "name": "Irish Sea", "ed_raw": 0, "hst_raw": 0, "pal_raw": 0}, "geometry": {"type": "Point", "coordinates": [5796.0, 1827.0]}}, {"type": "Feature", "properties": {"sea_point_id": 3705, "name": "Irish Sea", "ed_raw": 0, "hst_raw": 0, "pal_raw": 0}, "geometry": {"type": "Point", "coordinates": [5733.0, 1871.0]}}, {"type": "Feature", "properties": {"sea_point_id": 3706, "name": "English Channel", "ed_raw": 0, "hst_raw": 0, "pal_raw": 0}, "geometry": {"type": "Point", "coordinates": [5765.0, 1918.0]}}, {"type": "Feature", "properties": {"sea_point_id": 3707, "name": "Black Sea", "ed_raw": 0, "hst_raw": 0, "pal_raw": 0}, "geometry": {"type": "Point", "coordinates": [7596.0, 2172.0]}}, {"type": "Feature", "properties": {"sea_point_id": 3708, "name": "Aegean Sea", "ed_raw": 0, "hst_raw": 0, "pal_raw": 0}, "geometry": {"type": "Point", "coordinates": [7479.0, 2905.0]}}, {"type": "Feature", "properties": {"sea_point_id": 3709, "name": "East China Sea", "ed_raw": 0, "hst_raw": 0, "pal_raw": 0}, "geometry": {"type": "Point", "coordinates": [11545.0, 2712.0]}}, {"type": "Feature", "properties": {"sea_point_id": 3710, "name": "North Sea", "ed_raw": 0, "hst_raw": 0, "pal_raw": 0}, "geometry": {"type": "Point", "coordinates": [6563.0, 1656.0]}}, {"type": "Feature", "properties": {"sea_point_id": 3711, "name": "North Sea", "ed_raw": 0, "hst_raw": 0, "pal_raw": 0}, "geometry": {"type": "Point", "coordinates": [6537.0, 1592.0]}}, {"type": "Feature", "properties": {"sea_point_id": 3712, "name": "North Sea", "ed_raw": 0, "hst_raw": 0, "pal_raw": 0}, "geometry": {"type": "Point", "coordinates": [6530.0, 1539.0]}}, {"type": "Feature", "properties": {"sea_point_id": 3713, "name": "Aegean Sea", "ed_raw": 0, "hst_raw": 0, "pal_raw": 0}, "geometry": {"type": "Point", "coordinates": [7480.0, 2938.0]}}, {"type": "Feature", "properties": {"sea_point_id": 3714, "name": "North Sea", "ed_raw": 0, "hst_raw": 0, "pal_raw": 0}, "geometry": {"type": "Point", "coordinates": [6529.0, 1489.0]}}, {"type": "Feature", "properties": {"sea_point_id": 3716, "name": "Kattegat", "ed_raw": 0, "hst_raw": 0, "pal_raw": 0}, "geometry": {"type": "Point", "coordinates": [6665.0, 1469.0]}}, {"type": "Feature", "properties": {"sea_point_id": 3717, "name": "Aegean Sea", "ed_raw": 0, "hst_raw": 0, "pal_raw": 0}, "geometry": {"type": "Point", "coordinates": [7324.0, 2918.0]}}, {"type": "Feature", "properties": {"sea_point_id": 3718, "name": "Aegean Sea", "ed_raw": 0, "hst_raw": 0, "pal_raw": 0}, "geometry": {"type": "Point", "coordinates": [6553.0, 2891.0]}}, {"type": "Feature", "properties": {"sea_point_id": 3719, "name": "North Sea", "ed_raw": 0, "hst_raw": 0, "pal_raw": 0}, "geometry": {"type": "Point", "coordinates": [6533.0, 1414.0]}}, {"type": "Feature", "properties": {"sea_point_id": 3720, "name": "Skagerrak", "ed_raw": 0, "hst_raw": 0, "pal_raw": 0}, "geometry": {"type": "Point", "coordinates": [6618.0, 1412.0]}}, {"type": "Feature", "properties": {"sea_point_id": 3721, "name": "Skagerrak", "ed_raw": 0, "hst_raw": 0, "pal_raw": 0}, "geometry": {"type": "Point", "coordinates": [6615.0, 1432.0]}}, {"type": "Feature", "properties": {"sea_point_id": 3722, "name": "Aegean Sea", "ed_raw": 0, "hst_raw": 0, "pal_raw": 0}, "geometry": {"type": "Point", "coordinates": [7744.0, 2775.0]}}, {"type": "Feature", "properties": {"sea_point_id": 3723, "name": "Skagerrak", "ed_raw": 0, "hst_raw": 0, "pal_raw": 0}, "geometry": {"type": "Point", "coordinates": [6691.0, 1369.0]}}, {"type": "Feature", "properties": {"sea_point_id": 3724, "name": "St. Lawrence", "ed_raw": 0, "hst_raw": 0, "pal_raw": 0}, "geometry": {"type": "Point", "coordinates": [3864.0, 1615.0]}}, {"type": "Feature", "properties": {"sea_point_id": 3726, "name": "Kattegat", "ed_raw": 0, "hst_raw": 0, "pal_raw": 0}, "geometry": {"type": "Point", "coordinates": [6704.0, 1448.0]}}, {"type": "Feature", "properties": {"sea_point_id": 3727, "name": "Red Sea", "ed_raw": 0, "hst_raw": 0, "pal_raw": 0}, "geometry": {"type": "Point", "coordinates": [8111.0, 3903.0]}}, {"type": "Feature", "properties": {"sea_point_id": 3728, "name": "Kattegat", "ed_raw": 0, "hst_raw": 0, "pal_raw": 0}, "geometry": {"type": "Point", "coordinates": [6682.0, 1522.0]}}, {"type": "Feature", "properties": {"sea_point_id": 3729, "name": "Kattegat", "ed_raw": 0, "hst_raw": 0, "pal_raw": 0}, "geometry": {"type": "Point", "coordinates": [6639.0, 1550.0]}}, {"type": "Feature", "properties": {"sea_point_id": 3730, "name": "The Little Belt", "ed_raw": 0, "hst_raw": 0, "pal_raw": 0}, "geometry": {"type": "Point", "coordinates": [6617.0, 1592.0]}}, {"type": "Feature", "properties": {"sea_point_id": 3731, "name": "Bay of Kiel", "ed_raw": 0, "hst_raw": 0, "pal_raw": 0}, "geometry": {"type": "Point", "coordinates": [6651.0, 1625.0]}}, {"type": "Feature", "properties": {"sea_point_id": 3732, "name": "The Great Belt", "ed_raw": 0, "hst_raw": 0, "pal_raw": 0}, "geometry": {"type": "Point", "coordinates": [6668.0, 1580.0]}}, {"type": "Feature", "properties": {"sea_point_id": 3733, "name": "Red Sea", "ed_raw": 0, "hst_raw": 0, "pal_raw": 0}, "geometry": {"type": "Point", "coordinates": [8208.0, 3890.0]}}, {"type": "Feature", "properties": {"sea_point_id": 3734, "name": "Red Sea", "ed_raw": 0, "hst_raw": 0, "pal_raw": 0}, "geometry": {"type": "Point", "coordinates": [8275.0, 3919.0]}}, {"type": "Feature", "properties": {"sea_point_id": 3735, "name": "Bay of Mecklenburg", "ed_raw": 0, "hst_raw": 0, "pal_raw": 0}, "geometry": {"type": "Point", "coordinates": [6695.0, 1646.0]}}, {"type": "Feature", "properties": {"sea_point_id": 3736, "name": "Red Sea", "ed_raw": 0, "hst_raw": 0, "pal_raw": 0}, "geometry": {"type": "Point", "coordinates": [8555.0, 3886.0]}}, {"type": "Feature", "properties": {"sea_point_id": 3737, "name": "Red Sea", "ed_raw": 0, "hst_raw": 0, "pal_raw": 0}, "geometry": {"type": "Point", "coordinates": [8490.0, 3962.0]}}, {"type": "Feature", "properties": {"sea_point_id": 3738, "name": "Baltic Sea", "ed_raw": 0, "hst_raw": 0, "pal_raw": 0}, "geometry": {"type": "Point", "coordinates": [6741.0, 1574.0]}}, {"type": "Feature", "properties": {"sea_point_id": 3739, "name": "Red Sea", "ed_raw": 0, "hst_raw": 0, "pal_raw": 0}, "geometry": {"type": "Point", "coordinates": [7914.0, 4698.0]}}, {"type": "Feature", "properties": {"sea_point_id": 3740, "name": "East China Sea", "ed_raw": 0, "hst_raw": 0, "pal_raw": 0}, "geometry": {"type": "Point", "coordinates": [11666.0, 2788.0]}}, {"type": "Feature", "properties": {"sea_point_id": 3741, "name": "Red Sea", "ed_raw": 0, "hst_raw": 0, "pal_raw": 0}, "geometry": {"type": "Point", "coordinates": [7950.0, 4744.0]}}, {"type": "Feature", "properties": {"sea_point_id": 3742, "name": "Baltic Sea", "ed_raw": 0, "hst_raw": 0, "pal_raw": 0}, "geometry": {"type": "Point", "coordinates": [6694.0, 1614.0]}}, {"type": "Feature", "properties": {"sea_point_id": 3743, "name": "Baltic Sea", "ed_raw": 0, "hst_raw": 0, "pal_raw": 0}, "geometry": {"type": "Point", "coordinates": [6768.0, 1611.0]}}, {"type": "Feature", "properties": {"sea_point_id": 3744, "name": "Baltic Sea", "ed_raw": 0, "hst_raw": 0, "pal_raw": 0}, "geometry": {"type": "Point", "coordinates": [6812.0, 1653.0]}}, {"type": "Feature", "properties": {"sea_point_id": 3745, "name": "Red Sea", "ed_raw": 0, "hst_raw": 0, "pal_raw": 0}, "geometry": {"type": "Point", "coordinates": [6481.0, 4387.0]}}, {"type": "Feature", "properties": {"sea_point_id": 3746, "name": "Baltic Sea", "ed_raw": 0, "hst_raw": 0, "pal_raw": 0}, "geometry": {"type": "Point", "coordinates": [6855.0, 1561.0]}}, {"type": "Feature", "properties": {"sea_point_id": 3747, "name": "Red Sea", "ed_raw": 0, "hst_raw": 0, "pal_raw": 0}, "geometry": {"type": "Point", "coordinates": [6453.0, 4349.0]}}, {"type": "Feature", "properties": {"sea_point_id": 3748, "name": "Baltic Sea", "ed_raw": 0, "hst_raw": 0, "pal_raw": 0}, "geometry": {"type": "Point", "coordinates": [6901.0, 1619.0]}}, {"type": "Feature", "properties": {"sea_point_id": 3749, "name": "Red Sea", "ed_raw": 0, "hst_raw": 0, "pal_raw": 0}, "geometry": {"type": "Point", "coordinates": [4948.0, 2601.0]}}, {"type": "Feature", "properties": {"sea_point_id": 3750, "name": "Baltic Sea", "ed_raw": 0, "hst_raw": 0, "pal_raw": 0}, "geometry": {"type": "Point", "coordinates": [7017.0, 1621.0]}}, {"type": "Feature", "properties": {"sea_point_id": 3751, "name": "North Sea", "ed_raw": 0, "hst_raw": 0, "pal_raw": 0}, "geometry": {"type": "Point", "coordinates": [6462.0, 1371.0]}}, {"type": "Feature", "properties": {"sea_point_id": 3752, "name": "Baltic Sea", "ed_raw": 0, "hst_raw": 0, "pal_raw": 0}, "geometry": {"type": "Point", "coordinates": [6967.0, 1597.0]}}, {"type": "Feature", "properties": {"sea_point_id": 3753, "name": "Norwegian Trough", "ed_raw": 0, "hst_raw": 0, "pal_raw": 0}, "geometry": {"type": "Point", "coordinates": [6457.0, 1247.0]}}, {"type": "Feature", "properties": {"sea_point_id": 3754, "name": "Red Sea", "ed_raw": 0, "hst_raw": 0, "pal_raw": 0}, "geometry": {"type": "Point", "coordinates": [4974.0, 2655.0]}}, {"type": "Feature", "properties": {"sea_point_id": 3755, "name": "Kara Sea", "ed_raw": 0, "hst_raw": 0, "pal_raw": 0}, "geometry": {"type": "Point", "coordinates": [9820.0, 234.0]}}, {"type": "Feature", "properties": {"sea_point_id": 3756, "name": "Baltic Sea", "ed_raw": 0, "hst_raw": 0, "pal_raw": 0}, "geometry": {"type": "Point", "coordinates": [6819.0, 1592.0]}}, {"type": "Feature", "properties": {"sea_point_id": 3757, "name": "Baltic Sea", "ed_raw": 0, "hst_raw": 0, "pal_raw": 0}, "geometry": {"type": "Point", "coordinates": [7046.0, 1567.0]}}, {"type": "Feature", "properties": {"sea_point_id": 3758, "name": "Red Sea", "ed_raw": 0, "hst_raw": 0, "pal_raw": 0}, "geometry": {"type": "Point", "coordinates": [3976.0, 3334.0]}}, {"type": "Feature", "properties": {"sea_point_id": 3759, "name": "Baltic Sea", "ed_raw": 0, "hst_raw": 0, "pal_raw": 0}, "geometry": {"type": "Point", "coordinates": [7066.0, 1478.0]}}, {"type": "Feature", "properties": {"sea_point_id": 3760, "name": "Red Sea", "ed_raw": 0, "hst_raw": 0, "pal_raw": 0}, "geometry": {"type": "Point", "coordinates": [4005.0, 3285.0]}}, {"type": "Feature", "properties": {"sea_point_id": 3761, "name": "Baltic Sea", "ed_raw": 0, "hst_raw": 0, "pal_raw": 0}, "geometry": {"type": "Point", "coordinates": [7119.0, 1418.0]}}, {"type": "Feature", "properties": {"sea_point_id": 3762, "name": "Gulf of Riga", "ed_raw": 0, "hst_raw": 0, "pal_raw": 0}, "geometry": {"type": "Point", "coordinates": [7162.0, 1432.0]}}, {"type": "Feature", "properties": {"sea_point_id": 3763, "name": "Gulf of Riga", "ed_raw": 0, "hst_raw": 0, "pal_raw": 0}, "geometry": {"type": "Point", "coordinates": [7183.0, 1438.0]}}, {"type": "Feature", "properties": {"sea_point_id": 3764, "name": "Red Sea", "ed_raw": 0, "hst_raw": 0, "pal_raw": 0}, "geometry": {"type": "Point", "coordinates": [3804.0, 3340.0]}}, {"type": "Feature", "properties": {"sea_point_id": 3765, "name": "Gulf of Riga", "ed_raw": 0, "hst_raw": 0, "pal_raw": 0}, "geometry": {"type": "Point", "coordinates": [7190.0, 1405.0]}}, {"type": "Feature", "properties": {"sea_point_id": 3766, "name": "Gulf of Riga", "ed_raw": 0, "hst_raw": 0, "pal_raw": 0}, "geometry": {"type": "Point", "coordinates": [7164.0, 1391.0]}}, {"type": "Feature", "properties": {"sea_point_id": 3767, "name": "Gulf of Finland", "ed_raw": 0, "hst_raw": 0, "pal_raw": 0}, "geometry": {"type": "Point", "coordinates": [7219.0, 1291.0]}}, {"type": "Feature", "properties": {"sea_point_id": 3768, "name": "Red Sea", "ed_raw": 0, "hst_raw": 0, "pal_raw": 0}, "geometry": {"type": "Point", "coordinates": [3706.0, 3321.0]}}, {"type": "Feature", "properties": {"sea_point_id": 3769, "name": "Red Sea", "ed_raw": 0, "hst_raw": 0, "pal_raw": 0}, "geometry": {"type": "Point", "coordinates": [3732.0, 3286.0]}}, {"type": "Feature", "properties": {"sea_point_id": 3770, "name": "Gulf of Finland", "ed_raw": 0, "hst_raw": 0, "pal_raw": 0}, "geometry": {"type": "Point", "coordinates": [7339.0, 1273.0]}}, {"type": "Feature", "properties": {"sea_point_id": 3771, "name": "Red Sea", "ed_raw": 0, "hst_raw": 0, "pal_raw": 0}, "geometry": {"type": "Point", "coordinates": [3495.0, 3288.0]}}, {"type": "Feature", "properties": {"sea_point_id": 3772, "name": "Caribbean Sea", "ed_raw": 0, "hst_raw": 0, "pal_raw": 0}, "geometry": {"type": "Point", "coordinates": [3250.0, 3096.0]}}, {"type": "Feature", "properties": {"sea_point_id": 3773, "name": "Sea of Japan", "ed_raw": 0, "hst_raw": 0, "pal_raw": 0}, "geometry": {"type": "Point", "coordinates": [11643.0, 2707.0]}}, {"type": "Feature", "properties": {"sea_point_id": 3774, "name": "Caribbean Sea", "ed_raw": 0, "hst_raw": 0, "pal_raw": 0}, "geometry": {"type": "Point", "coordinates": [3506.0, 2970.0]}}, {"type": "Feature", "properties": {"sea_point_id": 3775, "name": "Baltic Sea", "ed_raw": 0, "hst_raw": 0, "pal_raw": 0}, "geometry": {"type": "Point", "coordinates": [7085.0, 1383.0]}}, {"type": "Feature", "properties": {"sea_point_id": 3776, "name": "Gulf of Finland", "ed_raw": 0, "hst_raw": 0, "pal_raw": 0}, "geometry": {"type": "Point", "coordinates": [7288.0, 1277.0]}}, {"type": "Feature", "properties": {"sea_point_id": 3777, "name": "Caribbean Sea", "ed_raw": 0, "hst_raw": 0, "pal_raw": 0}, "geometry": {"type": "Point", "coordinates": [3419.0, 2939.0]}}, {"type": "Feature", "properties": {"sea_point_id": 3778, "name": "Caribbean Sea", "ed_raw": 0, "hst_raw": 0, "pal_raw": 0}, "geometry": {"type": "Point", "coordinates": [2968.0, 2708.0]}}, {"type": "Feature", "properties": {"sea_point_id": 3779, "name": "Caribbean Sea", "ed_raw": 0, "hst_raw": 0, "pal_raw": 0}, "geometry": {"type": "Point", "coordinates": [2779.0, 3178.0]}}, {"type": "Feature", "properties": {"sea_point_id": 3780, "name": "Gulf of Finland", "ed_raw": 0, "hst_raw": 0, "pal_raw": 0}, "geometry": {"type": "Point", "coordinates": [7151.0, 1322.0]}}, {"type": "Feature", "properties": {"sea_point_id": 3781, "name": "Gulf of Finland", "ed_raw": 0, "hst_raw": 0, "pal_raw": 0}, "geometry": {"type": "Point", "coordinates": [7315.0, 1259.0]}}, {"type": "Feature", "properties": {"sea_point_id": 3782, "name": "Beaufort Sea", "ed_raw": 0, "hst_raw": 0, "pal_raw": 0}, "geometry": {"type": "Point", "coordinates": [702.0, 249.0]}}, {"type": "Feature", "properties": {"sea_point_id": 3783, "name": "Sea of Japan", "ed_raw": 0, "hst_raw": 0, "pal_raw": 0}, "geometry": {"type": "Point", "coordinates": [11653.0, 2660.0]}}, {"type": "Feature", "properties": {"sea_point_id": 3784, "name": "Caribbean Sea", "ed_raw": 0, "hst_raw": 0, "pal_raw": 0}, "geometry": {"type": "Point", "coordinates": [2905.0, 3313.0]}}, {"type": "Feature", "properties": {"sea_point_id": 3785, "name": "Caribbean Sea", "ed_raw": 0, "hst_raw": 0, "pal_raw": 0}, "geometry": {"type": "Point", "coordinates": [3035.0, 3891.0]}}, {"type": "Feature", "properties": {"sea_point_id": 3786, "name": "Caribbean Sea", "ed_raw": 0, "hst_raw": 0, "pal_raw": 0}, "geometry": {"type": "Point", "coordinates": [3402.0, 3668.0]}}, {"type": "Feature", "properties": {"sea_point_id": 3787, "name": "Gulf of Bothnia", "ed_raw": 0, "hst_raw": 0, "pal_raw": 0}, "geometry": {"type": "Point", "coordinates": [7070.0, 1279.0]}}, {"type": "Feature", "properties": {"sea_point_id": 3788, "name": "Baffin Bay", "ed_raw": 0, "hst_raw": 0, "pal_raw": 0}, "geometry": {"type": "Point", "coordinates": [4602.0, 509.0]}}, {"type": "Feature", "properties": {"sea_point_id": 3789, "name": "Gulf of Bothnia", "ed_raw": 0, "hst_raw": 0, "pal_raw": 0}, "geometry": {"type": "Point", "coordinates": [7035.0, 1195.0]}}, {"type": "Feature", "properties": {"sea_point_id": 3790, "name": "Baffin Bay", "ed_raw": 0, "hst_raw": 0, "pal_raw": 0}, "geometry": {"type": "Point", "coordinates": [3645.0, 767.0]}}, {"type": "Feature", "properties": {"sea_point_id": 3791, "name": "Caribbean Sea", "ed_raw": 0, "hst_raw": 0, "pal_raw": 0}, "geometry": {"type": "Point", "coordinates": [3841.0, 3644.0]}}, {"type": "Feature", "properties": {"sea_point_id": 3792, "name": "Gulf of Bothnia", "ed_raw": 0, "hst_raw": 0, "pal_raw": 0}, "geometry": {"type": "Point", "coordinates": [6987.0, 1139.0]}}, {"type": "Feature", "properties": {"sea_point_id": 3793, "name": "Gulf of Bothnia", "ed_raw": 0, "hst_raw": 0, "pal_raw": 0}, "geometry": {"type": "Point", "coordinates": [7019.0, 1071.0]}}, {"type": "Feature", "properties": {"sea_point_id": 3794, "name": "Gulf of Bothnia", "ed_raw": 0, "hst_raw": 0, "pal_raw": 0}, "geometry": {"type": "Point", "coordinates": [7067.0, 1034.0]}}, {"type": "Feature", "properties": {"sea_point_id": 3795, "name": "Gulf of Bothnia", "ed_raw": 0, "hst_raw": 0, "pal_raw": 0}, "geometry": {"type": "Point", "coordinates": [7156.0, 904.0]}}, {"type": "Feature", "properties": {"sea_point_id": 3796, "name": "Gulf of Bothnia", "ed_raw": 0, "hst_raw": 0, "pal_raw": 0}, "geometry": {"type": "Point", "coordinates": [7105.0, 909.0]}}, {"type": "Feature", "properties": {"sea_point_id": 3798, "name": "Gulf of Bothnia", "ed_raw": 0, "hst_raw": 0, "pal_raw": 0}, "geometry": {"type": "Point", "coordinates": [7083.0, 954.0]}}, {"type": "Feature", "properties": {"sea_point_id": 3799, "name": "Gulf of Bothnia", "ed_raw": 0, "hst_raw": 0, "pal_raw": 0}, "geometry": {"type": "Point", "coordinates": [7112.0, 992.0]}}, {"type": "Feature", "properties": {"sea_point_id": 3801, "name": "Gulf of Bothnia", "ed_raw": 0, "hst_raw": 0, "pal_raw": 0}, "geometry": {"type": "Point", "coordinates": [6976.0, 1227.0]}}, {"type": "Feature", "properties": {"sea_point_id": 3802, "name": "Atlantic Ocean", "ed_raw": 0, "hst_raw": 0, "pal_raw": 0}, "geometry": {"type": "Point", "coordinates": [4626.0, 4202.0]}}, {"type": "Feature", "properties": {"sea_point_id": 3803, "name": "Baltic Sea", "ed_raw": 0, "hst_raw": 0, "pal_raw": 0}, "geometry": {"type": "Point", "coordinates": [7036.0, 1331.0]}}, {"type": "Feature", "properties": {"sea_point_id": 3804, "name": "Atlantic Ocean", "ed_raw": 0, "hst_raw": 0, "pal_raw": 0}, "geometry": {"type": "Point", "coordinates": [4885.0, 4726.0]}}, {"type": "Feature", "properties": {"sea_point_id": 3805, "name": "Baltic Sea", "ed_raw": 0, "hst_raw": 0, "pal_raw": 0}, "geometry": {"type": "Point", "coordinates": [6925.0, 1430.0]}}, {"type": "Feature", "properties": {"sea_point_id": 3806, "name": "Baltic Sea", "ed_raw": 0, "hst_raw": 0, "pal_raw": 0}, "geometry": {"type": "Point", "coordinates": [6931.0, 1544.0]}}, {"type": "Feature", "properties": {"sea_point_id": 3807, "name": "Halten Bank", "ed_raw": 0, "hst_raw": 0, "pal_raw": 0}, "geometry": {"type": "Point", "coordinates": [6500.0, 1085.0]}}, {"type": "Feature", "properties": {"sea_point_id": 3808, "name": "Atlantic Ocean", "ed_raw": 0, "hst_raw": 0, "pal_raw": 0}, "geometry": {"type": "Point", "coordinates": [3847.0, 5866.0]}}, {"type": "Feature", "properties": {"sea_point_id": 3809, "name": "North Sea", "ed_raw": 0, "hst_raw": 0, "pal_raw": 0}, "geometry": {"type": "Point", "coordinates": [6445.0, 1303.0]}}, {"type": "Feature", "properties": {"sea_point_id": 3810, "name": "Halten Bank", "ed_raw": 0, "hst_raw": 0, "pal_raw": 0}, "geometry": {"type": "Point", "coordinates": [6596.0, 1049.0]}}, {"type": "Feature", "properties": {"sea_point_id": 3811, "name": "Norwegian Sea", "ed_raw": 0, "hst_raw": 0, "pal_raw": 0}, "geometry": {"type": "Point", "coordinates": [6662.0, 986.0]}}, {"type": "Feature", "properties": {"sea_point_id": 3812, "name": "Norwegian Sea", "ed_raw": 0, "hst_raw": 0, "pal_raw": 0}, "geometry": {"type": "Point", "coordinates": [6777.0, 806.0]}}, {"type": "Feature", "properties": {"sea_point_id": 3813, "name": "Norwegian Sea", "ed_raw": 0, "hst_raw": 0, "pal_raw": 0}, "geometry": {"type": "Point", "coordinates": [6891.0, 660.0]}}, {"type": "Feature", "properties": {"sea_point_id": 3814, "name": "Norwegian Sea", "ed_raw": 0, "hst_raw": 0, "pal_raw": 0}, "geometry": {"type": "Point", "coordinates": [6797.0, 726.0]}}, {"type": "Feature", "properties": {"sea_point_id": 3815, "name": "Norwegian Sea", "ed_raw": 0, "hst_raw": 0, "pal_raw": 0}, "geometry": {"type": "Point", "coordinates": [7046.0, 600.0]}}, {"type": "Feature", "properties": {"sea_point_id": 3816, "name": "Barents Sea", "ed_raw": 0, "hst_raw": 0, "pal_raw": 0}, "geometry": {"type": "Point", "coordinates": [7228.0, 565.0]}}, {"type": "Feature", "properties": {"sea_point_id": 3817, "name": "Barents Sea", "ed_raw": 0, "hst_raw": 0, "pal_raw": 0}, "geometry": {"type": "Point", "coordinates": [7434.0, 645.0]}}, {"type": "Feature", "properties": {"sea_point_id": 3818, "name": "Sea of Japan", "ed_raw": 0, "hst_raw": 0, "pal_raw": 0}, "geometry": {"type": "Point", "coordinates": [11705.0, 2647.0]}}, {"type": "Feature", "properties": {"sea_point_id": 3819, "name": "Barents Sea", "ed_raw": 0, "hst_raw": 0, "pal_raw": 0}, "geometry": {"type": "Point", "coordinates": [7369.0, 614.0]}}, {"type": "Feature", "properties": {"sea_point_id": 3820, "name": "Barents Sea", "ed_raw": 0, "hst_raw": 0, "pal_raw": 0}, "geometry": {"type": "Point", "coordinates": [7555.0, 679.0]}}, {"type": "Feature", "properties": {"sea_point_id": 3821, "name": "Barents Sea", "ed_raw": 0, "hst_raw": 0, "pal_raw": 0}, "geometry": {"type": "Point", "coordinates": [7653.0, 743.0]}}, {"type": "Feature", "properties": {"sea_point_id": 3822, "name": "Atlantic Ocean", "ed_raw": 0, "hst_raw": 0, "pal_raw": 0}, "geometry": {"type": "Point", "coordinates": [3800.0, 5920.0]}}, {"type": "Feature", "properties": {"sea_point_id": 3823, "name": "Sea of Japan", "ed_raw": 0, "hst_raw": 0, "pal_raw": 0}, "geometry": {"type": "Point", "coordinates": [11727.0, 2637.0]}}, {"type": "Feature", "properties": {"sea_point_id": 3824, "name": "Atlantic Ocean", "ed_raw": 0, "hst_raw": 0, "pal_raw": 0}, "geometry": {"type": "Point", "coordinates": [3893.0, 6248.0]}}, {"type": "Feature", "properties": {"sea_point_id": 3825, "name": "Pacific Ocean", "ed_raw": 0, "hst_raw": 0, "pal_raw": 0}, "geometry": {"type": "Point", "coordinates": [11763.0, 2710.0]}}, {"type": "Feature", "properties": {"sea_point_id": 3827, "name": "Scotia Sea", "ed_raw": 0, "hst_raw": 0, "pal_raw": 0}, "geometry": {"type": "Point", "coordinates": [3835.0, 6306.0]}}, {"type": "Feature", "properties": {"sea_point_id": 3828, "name": "Pacific Ocean", "ed_raw": 0, "hst_raw": 0, "pal_raw": 0}, "geometry": {"type": "Point", "coordinates": [11732.0, 2811.0]}}, {"type": "Feature", "properties": {"sea_point_id": 3829, "name": "Atlantic Ocean", "ed_raw": 0, "hst_raw": 0, "pal_raw": 0}, "geometry": {"type": "Point", "coordinates": [4002.0, 6281.0]}}, {"type": "Feature", "properties": {"sea_point_id": 3830, "name": "Scotia Sea", "ed_raw": 0, "hst_raw": 0, "pal_raw": 0}, "geometry": {"type": "Point", "coordinates": [3424.0, 5647.0]}}, {"type": "Feature", "properties": {"sea_point_id": 3831, "name": "Sea of Japan", "ed_raw": 0, "hst_raw": 0, "pal_raw": 0}, "geometry": {"type": "Point", "coordinates": [11744.0, 2660.0]}}, {"type": "Feature", "properties": {"sea_point_id": 3832, "name": "Sea of Japan", "ed_raw": 0, "hst_raw": 0, "pal_raw": 0}, "geometry": {"type": "Point", "coordinates": [11752.0, 2678.0]}}, {"type": "Feature", "properties": {"sea_point_id": 3833, "name": "Scotia Sea", "ed_raw": 0, "hst_raw": 0, "pal_raw": 0}, "geometry": {"type": "Point", "coordinates": [2834.0, 4164.0]}}, {"type": "Feature", "properties": {"sea_point_id": 3834, "name": "Beaufort Sea", "ed_raw": 0, "hst_raw": 0, "pal_raw": 0}, "geometry": {"type": "Point", "coordinates": [1154.0, 249.0]}}, {"type": "Feature", "properties": {"sea_point_id": 3835, "name": "Sea of Japan", "ed_raw": 0, "hst_raw": 0, "pal_raw": 0}, "geometry": {"type": "Point", "coordinates": [11761.0, 2630.0]}}, {"type": "Feature", "properties": {"sea_point_id": 3836, "name": "Sea of Japan", "ed_raw": 0, "hst_raw": 0, "pal_raw": 0}, "geometry": {"type": "Point", "coordinates": [11779.0, 2614.0]}}, {"type": "Feature", "properties": {"sea_point_id": 3837, "name": "Laptev Sea", "ed_raw": 0, "hst_raw": 0, "pal_raw": 0}, "geometry": {"type": "Point", "coordinates": [11216.0, 249.0]}}, {"type": "Feature", "properties": {"sea_point_id": 3838, "name": "Sea of Japan", "ed_raw": 0, "hst_raw": 0, "pal_raw": 0}, "geometry": {"type": "Point", "coordinates": [11836.0, 2597.0]}}, {"type": "Feature", "properties": {"sea_point_id": 3839, "name": "Beaufort Sea", "ed_raw": 0, "hst_raw": 0, "pal_raw": 0}, "geometry": {"type": "Point", "coordinates": [943.0, 265.0]}}, {"type": "Feature", "properties": {"sea_point_id": 3840, "name": "Sea of Japan", "ed_raw": 0, "hst_raw": 0, "pal_raw": 0}, "geometry": {"type": "Point", "coordinates": [11856.0, 2624.0]}}, {"type": "Feature", "properties": {"sea_point_id": 3841, "name": "Beaufort Sea", "ed_raw": 0, "hst_raw": 0, "pal_raw": 0}, "geometry": {"type": "Point", "coordinates": [1333.0, 265.0]}}, {"type": "Feature", "properties": {"sea_point_id": 3842, "name": "Sea of Japan", "ed_raw": 0, "hst_raw": 0, "pal_raw": 0}, "geometry": {"type": "Point", "coordinates": [11861.0, 2601.0]}}, {"type": "Feature", "properties": {"sea_point_id": 3843, "name": "Scotia Sea", "ed_raw": 0, "hst_raw": 0, "pal_raw": 0}, "geometry": {"type": "Point", "coordinates": [2648.0, 3597.0]}}, {"type": "Feature", "properties": {"sea_point_id": 3844, "name": "Atlantic Ocean", "ed_raw": 0, "hst_raw": 0, "pal_raw": 0}, "geometry": {"type": "Point", "coordinates": [4929.0, 1242.0]}}, {"type": "Feature", "properties": {"sea_point_id": 3845, "name": "Pacific Ocean", "ed_raw": 0, "hst_raw": 0, "pal_raw": 0}, "geometry": {"type": "Point", "coordinates": [11858.0, 2657.0]}}, {"type": "Feature", "properties": {"sea_point_id": 3846, "name": "Scotia Sea", "ed_raw": 0, "hst_raw": 0, "pal_raw": 0}, "geometry": {"type": "Point", "coordinates": [1725.0, 2725.0]}}, {"type": "Feature", "properties": {"sea_point_id": 3847, "name": "St. Lawrence", "ed_raw": 0, "hst_raw": 0, "pal_raw": 0}, "geometry": {"type": "Point", "coordinates": [3848.0, 1617.0]}}, {"type": "Feature", "properties": {"sea_point_id": 3848, "name": "Pacific Ocean", "ed_raw": 0, "hst_raw": 0, "pal_raw": 0}, "geometry": {"type": "Point", "coordinates": [11816.0, 2677.0]}}, {"type": "Feature", "properties": {"sea_point_id": 3849, "name": "White Sea", "ed_raw": 0, "hst_raw": 0, "pal_raw": 0}, "geometry": {"type": "Point", "coordinates": [7720.0, 754.0]}}, {"type": "Feature", "properties": {"sea_point_id": 3850, "name": "White Sea", "ed_raw": 0, "hst_raw": 0, "pal_raw": 0}, "geometry": {"type": "Point", "coordinates": [7597.0, 941.0]}}, {"type": "Feature", "properties": {"sea_point_id": 3851, "name": "White Sea", "ed_raw": 0, "hst_raw": 0, "pal_raw": 0}, "geometry": {"type": "Point", "coordinates": [7655.0, 835.0]}}, {"type": "Feature", "properties": {"sea_point_id": 3852, "name": "White Sea", "ed_raw": 0, "hst_raw": 0, "pal_raw": 0}, "geometry": {"type": "Point", "coordinates": [7796.0, 785.0]}}, {"type": "Feature", "properties": {"sea_point_id": 3853, "name": "White Sea", "ed_raw": 0, "hst_raw": 0, "pal_raw": 0}, "geometry": {"type": "Point", "coordinates": [7421.0, 878.0]}}, {"type": "Feature", "properties": {"sea_point_id": 3854, "name": "White Sea", "ed_raw": 0, "hst_raw": 0, "pal_raw": 0}, "geometry": {"type": "Point", "coordinates": [7503.0, 1022.0]}}, {"type": "Feature", "properties": {"sea_point_id": 3855, "name": "White Sea", "ed_raw": 0, "hst_raw": 0, "pal_raw": 0}, "geometry": {"type": "Point", "coordinates": [7489.0, 939.0]}}, {"type": "Feature", "properties": {"sea_point_id": 3856, "name": "Gulf of Bothnia", "ed_raw": 0, "hst_raw": 0, "pal_raw": 0}, "geometry": {"type": "Point", "coordinates": [7082.0, 984.0]}}, {"type": "Feature", "properties": {"sea_point_id": 3857, "name": "Gulf of Bothnia", "ed_raw": 0, "hst_raw": 0, "pal_raw": 0}, "geometry": {"type": "Point", "coordinates": [7023.0, 1282.0]}}, {"type": "Feature", "properties": {"sea_point_id": 3858, "name": "Red Sea", "ed_raw": 0, "hst_raw": 0, "pal_raw": 0}, "geometry": {"type": "Point", "coordinates": [7884.0, 3387.0]}}, {"type": "Feature", "properties": {"sea_point_id": 3859, "name": "White Sea", "ed_raw": 0, "hst_raw": 0, "pal_raw": 0}, "geometry": {"type": "Point", "coordinates": [7553.0, 903.0]}}, {"type": "Feature", "properties": {"sea_point_id": 3860, "name": "Gulf of Riga", "ed_raw": 0, "hst_raw": 0, "pal_raw": 0}, "geometry": {"type": "Point", "coordinates": [7137.0, 1415.0]}}, {"type": "Feature", "properties": {"sea_point_id": 3861, "name": "Baltic Sea", "ed_raw": 0, "hst_raw": 0, "pal_raw": 0}, "geometry": {"type": "Point", "coordinates": [7082.0, 1439.0]}}, {"type": "Feature", "properties": {"sea_point_id": 3862, "name": "Red Sea", "ed_raw": 0, "hst_raw": 0, "pal_raw": 0}, "geometry": {"type": "Point", "coordinates": [7949.0, 3489.0]}}, {"type": "Feature", "properties": {"sea_point_id": 3863, "name": "Red Sea", "ed_raw": 0, "hst_raw": 0, "pal_raw": 0}, "geometry": {"type": "Point", "coordinates": [8058.0, 3602.0]}}, {"type": "Feature", "properties": {"sea_point_id": 3864, "name": "Red Sea", "ed_raw": 0, "hst_raw": 0, "pal_raw": 0}, "geometry": {"type": "Point", "coordinates": [8111.0, 3673.0]}}, {"type": "Feature", "properties": {"sea_point_id": 3865, "name": "Red Sea", "ed_raw": 0, "hst_raw": 0, "pal_raw": 0}, "geometry": {"type": "Point", "coordinates": [8162.0, 3773.0]}}, {"type": "Feature", "properties": {"sea_point_id": 3866, "name": "Red Sea", "ed_raw": 0, "hst_raw": 0, "pal_raw": 0}, "geometry": {"type": "Point", "coordinates": [8198.0, 3859.0]}}, {"type": "Feature", "properties": {"sea_point_id": 3867, "name": "Gulf of Aden", "ed_raw": 0, "hst_raw": 0, "pal_raw": 0}, "geometry": {"type": "Point", "coordinates": [8323.0, 3898.0]}}, {"type": "Feature", "properties": {"sea_point_id": 3868, "name": "Gulf of Aden", "ed_raw": 0, "hst_raw": 0, "pal_raw": 0}, "geometry": {"type": "Point", "coordinates": [8230.0, 3911.0]}}, {"type": "Feature", "properties": {"sea_point_id": 3869, "name": "Gulf of Aden", "ed_raw": 0, "hst_raw": 0, "pal_raw": 0}, "geometry": {"type": "Point", "coordinates": [8444.0, 3828.0]}}, {"type": "Feature", "properties": {"sea_point_id": 3870, "name": "Baltic Sea", "ed_raw": 0, "hst_raw": 0, "pal_raw": 0}, "geometry": {"type": "Point", "coordinates": [6933.0, 1475.0]}}, {"type": "Feature", "properties": {"sea_point_id": 3871, "name": "Arabian Sea", "ed_raw": 0, "hst_raw": 0, "pal_raw": 0}, "geometry": {"type": "Point", "coordinates": [8519.0, 3779.0]}}, {"type": "Feature", "properties": {"sea_point_id": 3872, "name": "Arabian Sea", "ed_raw": 0, "hst_raw": 0, "pal_raw": 0}, "geometry": {"type": "Point", "coordinates": [8623.0, 3692.0]}}, {"type": "Feature", "properties": {"sea_point_id": 3873, "name": "Arabian Sea", "ed_raw": 0, "hst_raw": 0, "pal_raw": 0}, "geometry": {"type": "Point", "coordinates": [8729.0, 3588.0]}}, {"type": "Feature", "properties": {"sea_point_id": 3874, "name": "Arabian Sea", "ed_raw": 0, "hst_raw": 0, "pal_raw": 0}, "geometry": {"type": "Point", "coordinates": [8789.0, 3446.0]}}, {"type": "Feature", "properties": {"sea_point_id": 3875, "name": "Arabian Sea", "ed_raw": 0, "hst_raw": 0, "pal_raw": 0}, "geometry": {"type": "Point", "coordinates": [8769.0, 3515.0]}}, {"type": "Feature", "properties": {"sea_point_id": 3876, "name": "Arabian Sea", "ed_raw": 0, "hst_raw": 0, "pal_raw": 0}, "geometry": {"type": "Point", "coordinates": [8786.0, 3332.0]}}, {"type": "Feature", "properties": {"sea_point_id": 3877, "name": "Arabian Sea", "ed_raw": 0, "hst_raw": 0, "pal_raw": 0}, "geometry": {"type": "Point", "coordinates": [8723.0, 3285.0]}}, {"type": "Feature", "properties": {"sea_point_id": 3878, "name": "Persian Gulf", "ed_raw": 0, "hst_raw": 0, "pal_raw": 0}, "geometry": {"type": "Point", "coordinates": [8658.0, 3177.0]}}, {"type": "Feature", "properties": {"sea_point_id": 3879, "name": "Persian Gulf", "ed_raw": 0, "hst_raw": 0, "pal_raw": 0}, "geometry": {"type": "Point", "coordinates": [8578.0, 3248.0]}}, {"type": "Feature", "properties": {"sea_point_id": 3880, "name": "Persian Gulf", "ed_raw": 0, "hst_raw": 0, "pal_raw": 0}, "geometry": {"type": "Point", "coordinates": [8516.0, 3258.0]}}, {"type": "Feature", "properties": {"sea_point_id": 3881, "name": "Persian Gulf", "ed_raw": 0, "hst_raw": 0, "pal_raw": 0}, "geometry": {"type": "Point", "coordinates": [8446.0, 3206.0]}}, {"type": "Feature", "properties": {"sea_point_id": 3882, "name": "Persian Gulf", "ed_raw": 0, "hst_raw": 0, "pal_raw": 0}, "geometry": {"type": "Point", "coordinates": [8399.0, 3176.0]}}, {"type": "Feature", "properties": {"sea_point_id": 3883, "name": "Baltic Sea", "ed_raw": 0, "hst_raw": 0, "pal_raw": 0}, "geometry": {"type": "Point", "coordinates": [6899.0, 1559.0]}}, {"type": "Feature", "properties": {"sea_point_id": 3884, "name": "Persian Gulf", "ed_raw": 0, "hst_raw": 0, "pal_raw": 0}, "geometry": {"type": "Point", "coordinates": [8429.0, 3248.0]}}, {"type": "Feature", "properties": {"sea_point_id": 3885, "name": "Persian Gulf", "ed_raw": 0, "hst_raw": 0, "pal_raw": 0}, "geometry": {"type": "Point", "coordinates": [8327.0, 3093.0]}}, {"type": "Feature", "properties": {"sea_point_id": 3886, "name": "Baltic Sea", "ed_raw": 0, "hst_raw": 0, "pal_raw": 0}, "geometry": {"type": "Point", "coordinates": [6894.0, 1530.0]}}, {"type": "Feature", "properties": {"sea_point_id": 3887, "name": "Persian Gulf", "ed_raw": 0, "hst_raw": 0, "pal_raw": 0}, "geometry": {"type": "Point", "coordinates": [8298.0, 3003.0]}}, {"type": "Feature", "properties": {"sea_point_id": 3888, "name": "Persian Gulf", "ed_raw": 0, "hst_raw": 0, "pal_raw": 0}, "geometry": {"type": "Point", "coordinates": [8339.0, 2957.0]}}, {"type": "Feature", "properties": {"sea_point_id": 3889, "name": "Persian Gulf", "ed_raw": 0, "hst_raw": 0, "pal_raw": 0}, "geometry": {"type": "Point", "coordinates": [8407.0, 2981.0]}}, {"type": "Feature", "properties": {"sea_point_id": 3890, "name": "Persian Gulf", "ed_raw": 0, "hst_raw": 0, "pal_raw": 0}, "geometry": {"type": "Point", "coordinates": [8463.0, 3049.0]}}, {"type": "Feature", "properties": {"sea_point_id": 3891, "name": "Persian Gulf", "ed_raw": 0, "hst_raw": 0, "pal_raw": 0}, "geometry": {"type": "Point", "coordinates": [8569.0, 3096.0]}}, {"type": "Feature", "properties": {"sea_point_id": 3892, "name": "Kara Sea", "ed_raw": 0, "hst_raw": 0, "pal_raw": 0}, "geometry": {"type": "Point", "coordinates": [9055.0, 296.0]}}, {"type": "Feature", "properties": {"sea_point_id": 3893, "name": "Persian Gulf", "ed_raw": 0, "hst_raw": 0, "pal_raw": 0}, "geometry": {"type": "Point", "coordinates": [8651.0, 3067.0]}}, {"type": "Feature", "properties": {"sea_point_id": 3894, "name": "Persian Gulf", "ed_raw": 0, "hst_raw": 0, "pal_raw": 0}, "geometry": {"type": "Point", "coordinates": [8700.0, 3124.0]}}, {"type": "Feature", "properties": {"sea_point_id": 3895, "name": "Arabian Sea", "ed_raw": 0, "hst_raw": 0, "pal_raw": 0}, "geometry": {"type": "Point", "coordinates": [8823.0, 3149.0]}}, {"type": "Feature", "properties": {"sea_point_id": 3896, "name": "Arabian Sea", "ed_raw": 0, "hst_raw": 0, "pal_raw": 0}, "geometry": {"type": "Point", "coordinates": [8915.0, 3155.0]}}, {"type": "Feature", "properties": {"sea_point_id": 3897, "name": "Arabian Sea", "ed_raw": 0, "hst_raw": 0, "pal_raw": 0}, "geometry": {"type": "Point", "coordinates": [9008.0, 3161.0]}}, {"type": "Feature", "properties": {"sea_point_id": 3898, "name": "Arabian Sea", "ed_raw": 0, "hst_raw": 0, "pal_raw": 0}, "geometry": {"type": "Point", "coordinates": [9094.0, 3191.0]}}, {"type": "Feature", "properties": {"sea_point_id": 3899, "name": "Arabian Sea", "ed_raw": 0, "hst_raw": 0, "pal_raw": 0}, "geometry": {"type": "Point", "coordinates": [9144.0, 3235.0]}}, {"type": "Feature", "properties": {"sea_point_id": 3900, "name": "Arabian Sea", "ed_raw": 0, "hst_raw": 0, "pal_raw": 0}, "geometry": {"type": "Point", "coordinates": [9231.0, 3273.0]}}, {"type": "Feature", "properties": {"sea_point_id": 3901, "name": "Arabian Sea", "ed_raw": 0, "hst_raw": 0, "pal_raw": 0}, "geometry": {"type": "Point", "coordinates": [9227.0, 3337.0]}}, {"type": "Feature", "properties": {"sea_point_id": 3902, "name": "Arabian Sea", "ed_raw": 0, "hst_raw": 0, "pal_raw": 0}, "geometry": {"type": "Point", "coordinates": [9358.0, 3292.0]}}, {"type": "Feature", "properties": {"sea_point_id": 3903, "name": "Arabian Sea", "ed_raw": 0, "hst_raw": 0, "pal_raw": 0}, "geometry": {"type": "Point", "coordinates": [9321.0, 3365.0]}}, {"type": "Feature", "properties": {"sea_point_id": 3904, "name": "Arabian Sea", "ed_raw": 0, "hst_raw": 0, "pal_raw": 0}, "geometry": {"type": "Point", "coordinates": [9361.0, 3430.0]}}, {"type": "Feature", "properties": {"sea_point_id": 3905, "name": "Arabian Sea", "ed_raw": 0, "hst_raw": 0, "pal_raw": 0}, "geometry": {"type": "Point", "coordinates": [9365.0, 3362.0]}}, {"type": "Feature", "properties": {"sea_point_id": 3906, "name": "Arabian Sea", "ed_raw": 0, "hst_raw": 0, "pal_raw": 0}, "geometry": {"type": "Point", "coordinates": [9369.0, 3472.0]}}, {"type": "Feature", "properties": {"sea_point_id": 3907, "name": "Arabian Sea", "ed_raw": 0, "hst_raw": 0, "pal_raw": 0}, "geometry": {"type": "Point", "coordinates": [9386.0, 3552.0]}}, {"type": "Feature", "properties": {"sea_point_id": 3908, "name": "Arabian Sea", "ed_raw": 0, "hst_raw": 0, "pal_raw": 0}, "geometry": {"type": "Point", "coordinates": [9419.0, 3631.0]}}, {"type": "Feature", "properties": {"sea_point_id": 3909, "name": "Arabian Sea", "ed_raw": 0, "hst_raw": 0, "pal_raw": 0}, "geometry": {"type": "Point", "coordinates": [9467.0, 3738.0]}}, {"type": "Feature", "properties": {"sea_point_id": 3910, "name": "Arabian Sea", "ed_raw": 0, "hst_raw": 0, "pal_raw": 0}, "geometry": {"type": "Point", "coordinates": [9516.0, 3823.0]}}, {"type": "Feature", "properties": {"sea_point_id": 3911, "name": "Bay of Kiel", "ed_raw": 0, "hst_raw": 0, "pal_raw": 0}, "geometry": {"type": "Point", "coordinates": [6652.0, 1594.0]}}, {"type": "Feature", "properties": {"sea_point_id": 3912, "name": "Laccadive Sea", "ed_raw": 0, "hst_raw": 0, "pal_raw": 0}, "geometry": {"type": "Point", "coordinates": [9558.0, 3926.0]}}, {"type": "Feature", "properties": {"sea_point_id": 3913, "name": "St. Lawrence", "ed_raw": 0, "hst_raw": 0, "pal_raw": 0}, "geometry": {"type": "Point", "coordinates": [3821.0, 1629.0]}}, {"type": "Feature", "properties": {"sea_point_id": 3914, "name": "Laccadive Sea", "ed_raw": 0, "hst_raw": 0, "pal_raw": 0}, "geometry": {"type": "Point", "coordinates": [9601.0, 3970.0]}}, {"type": "Feature", "properties": {"sea_point_id": 3915, "name": "Laccadive Sea", "ed_raw": 0, "hst_raw": 0, "pal_raw": 0}, "geometry": {"type": "Point", "coordinates": [9676.0, 3896.0]}}, {"type": "Feature", "properties": {"sea_point_id": 3916, "name": "Bay of Bengal", "ed_raw": 0, "hst_raw": 0, "pal_raw": 0}, "geometry": {"type": "Point", "coordinates": [9725.0, 3806.0]}}, {"type": "Feature", "properties": {"sea_point_id": 3917, "name": "Laccadive Sea", "ed_raw": 0, "hst_raw": 0, "pal_raw": 0}, "geometry": {"type": "Point", "coordinates": [9708.0, 3855.0]}}, {"type": "Feature", "properties": {"sea_point_id": 3918, "name": "Bay of Bengal", "ed_raw": 0, "hst_raw": 0, "pal_raw": 0}, "geometry": {"type": "Point", "coordinates": [9741.0, 3730.0]}}, {"type": "Feature", "properties": {"sea_point_id": 3919, "name": "Bay of Bengal", "ed_raw": 0, "hst_raw": 0, "pal_raw": 0}, "geometry": {"type": "Point", "coordinates": [9727.0, 3662.0]}}, {"type": "Feature", "properties": {"sea_point_id": 3920, "name": "Bay of Bengal", "ed_raw": 0, "hst_raw": 0, "pal_raw": 0}, "geometry": {"type": "Point", "coordinates": [9757.0, 3594.0]}}, {"type": "Feature", "properties": {"sea_point_id": 3921, "name": "Bay of Bengal", "ed_raw": 0, "hst_raw": 0, "pal_raw": 0}, "geometry": {"type": "Point", "coordinates": [9850.0, 3519.0]}}, {"type": "Feature", "properties": {"sea_point_id": 3922, "name": "Bay of Bengal", "ed_raw": 0, "hst_raw": 0, "pal_raw": 0}, "geometry": {"type": "Point", "coordinates": [9906.0, 3452.0]}}, {"type": "Feature", "properties": {"sea_point_id": 3923, "name": "Bay of Kiel", "ed_raw": 0, "hst_raw": 0, "pal_raw": 0}, "geometry": {"type": "Point", "coordinates": [6660.0, 1558.0]}}, {"type": "Feature", "properties": {"sea_point_id": 3924, "name": "Bay of Bengal", "ed_raw": 0, "hst_raw": 0, "pal_raw": 0}, "geometry": {"type": "Point", "coordinates": [9963.0, 3402.0]}}, {"type": "Feature", "properties": {"sea_point_id": 3925, "name": "Bay of Bengal", "ed_raw": 0, "hst_raw": 0, "pal_raw": 0}, "geometry": {"type": "Point", "coordinates": [9998.0, 3336.0]}}, {"type": "Feature", "properties": {"sea_point_id": 3926, "name": "Bay of Bengal", "ed_raw": 0, "hst_raw": 0, "pal_raw": 0}, "geometry": {"type": "Point", "coordinates": [10045.0, 3329.0]}}, {"type": "Feature", "properties": {"sea_point_id": 3927, "name": "Bay of Bengal", "ed_raw": 0, "hst_raw": 0, "pal_raw": 0}, "geometry": {"type": "Point", "coordinates": [10156.0, 3295.0]}}, {"type": "Feature", "properties": {"sea_point_id": 3928, "name": "Bay of Kiel", "ed_raw": 0, "hst_raw": 0, "pal_raw": 0}, "geometry": {"type": "Point", "coordinates": [6618.0, 1556.0]}}, {"type": "Feature", "properties": {"sea_point_id": 3929, "name": "Bay of Bengal", "ed_raw": 0, "hst_raw": 0, "pal_raw": 0}, "geometry": {"type": "Point", "coordinates": [10186.0, 3350.0]}}, {"type": "Feature", "properties": {"sea_point_id": 3930, "name": "Bay of Bengal", "ed_raw": 0, "hst_raw": 0, "pal_raw": 0}, "geometry": {"type": "Point", "coordinates": [10271.0, 3456.0]}}, {"type": "Feature", "properties": {"sea_point_id": 3931, "name": "Kara Sea", "ed_raw": 0, "hst_raw": 0, "pal_raw": 0}, "geometry": {"type": "Point", "coordinates": [9570.0, 296.0]}}, {"type": "Feature", "properties": {"sea_point_id": 3932, "name": "Bay of Kiel", "ed_raw": 0, "hst_raw": 0, "pal_raw": 0}, "geometry": {"type": "Point", "coordinates": [6746.0, 1557.0]}}, {"type": "Feature", "properties": {"sea_point_id": 3933, "name": "Bay of Bengal", "ed_raw": 0, "hst_raw": 0, "pal_raw": 0}, "geometry": {"type": "Point", "coordinates": [10299.0, 3530.0]}}, {"type": "Feature", "properties": {"sea_point_id": 3934, "name": "Bay of Bengal", "ed_raw": 0, "hst_raw": 0, "pal_raw": 0}, "geometry": {"type": "Point", "coordinates": [10346.0, 3606.0]}}, {"type": "Feature", "properties": {"sea_point_id": 3935, "name": "Bay of Bengal", "ed_raw": 0, "hst_raw": 0, "pal_raw": 0}, "geometry": {"type": "Point", "coordinates": [10405.0, 3571.0]}}, {"type": "Feature", "properties": {"sea_point_id": 3936, "name": "Bay of Bengal", "ed_raw": 0, "hst_raw": 0, "pal_raw": 0}, "geometry": {"type": "Point", "coordinates": [10443.0, 3537.0]}}, {"type": "Feature", "properties": {"sea_point_id": 3937, "name": "Bay of Bengal", "ed_raw": 0, "hst_raw": 0, "pal_raw": 0}, "geometry": {"type": "Point", "coordinates": [10460.0, 3575.0]}}, {"type": "Feature", "properties": {"sea_point_id": 3938, "name": "Pacific Ocean", "ed_raw": 0, "hst_raw": 0, "pal_raw": 0}, "geometry": {"type": "Point", "coordinates": [11899.0, 2676.0]}}, {"type": "Feature", "properties": {"sea_point_id": 3939, "name": "Bay of Kiel", "ed_raw": 0, "hst_raw": 0, "pal_raw": 0}, "geometry": {"type": "Point", "coordinates": [6576.0, 1442.0]}}, {"type": "Feature", "properties": {"sea_point_id": 3940, "name": "Bay of Kiel", "ed_raw": 0, "hst_raw": 0, "pal_raw": 0}, "geometry": {"type": "Point", "coordinates": [6561.0, 1468.0]}}, {"type": "Feature", "properties": {"sea_point_id": 3941, "name": "Pacific Ocean", "ed_raw": 0, "hst_raw": 0, "pal_raw": 0}, "geometry": {"type": "Point", "coordinates": [11921.0, 2583.0]}}, {"type": "Feature", "properties": {"sea_point_id": 3942, "name": "Pacific Ocean", "ed_raw": 0, "hst_raw": 0, "pal_raw": 0}, "geometry": {"type": "Point", "coordinates": [11944.0, 2606.0]}}, {"type": "Feature", "properties": {"sea_point_id": 3943, "name": "St. Lawrence", "ed_raw": 0, "hst_raw": 0, "pal_raw": 0}, "geometry": {"type": "Point", "coordinates": [3794.0, 1640.0]}}, {"type": "Feature", "properties": {"sea_point_id": 3944, "name": "Laptev Sea", "ed_raw": 0, "hst_raw": 0, "pal_raw": 0}, "geometry": {"type": "Point", "coordinates": [11349.0, 296.0]}}, {"type": "Feature", "properties": {"sea_point_id": 3945, "name": "St. Lawrence", "ed_raw": 0, "hst_raw": 0, "pal_raw": 0}, "geometry": {"type": "Point", "coordinates": [3794.0, 1657.0]}}, {"type": "Feature", "properties": {"sea_point_id": 3946, "name": "Pacific Ocean", "ed_raw": 0, "hst_raw": 0, "pal_raw": 0}, "geometry": {"type": "Point", "coordinates": [11991.0, 2597.0]}}, {"type": "Feature", "properties": {"sea_point_id": 3947, "name": "St. Lawrence", "ed_raw": 0, "hst_raw": 0, "pal_raw": 0}, "geometry": {"type": "Point", "coordinates": [3797.0, 1674.0]}}, {"type": "Feature", "properties": {"sea_point_id": 3948, "name": "St. Lawrence", "ed_raw": 0, "hst_raw": 0, "pal_raw": 0}, "geometry": {"type": "Point", "coordinates": [3786.0, 1681.0]}}, {"type": "Feature", "properties": {"sea_point_id": 3949, "name": "Bay of Bengal", "ed_raw": 0, "hst_raw": 0, "pal_raw": 0}, "geometry": {"type": "Point", "coordinates": [10496.0, 3691.0]}}, {"type": "Feature", "properties": {"sea_point_id": 3950, "name": "Artic Ocean", "ed_raw": 0, "hst_raw": 0, "pal_raw": 0}, "geometry": {"type": "Point", "coordinates": [5272.0, 312.0]}}, {"type": "Feature", "properties": {"sea_point_id": 3951, "name": "Pacific Ocean", "ed_raw": 0, "hst_raw": 0, "pal_raw": 0}, "geometry": {"type": "Point", "coordinates": [12028.0, 2574.0]}}, {"type": "Feature", "properties": {"sea_point_id": 3952, "name": "St. Lawrence", "ed_raw": 0, "hst_raw": 0, "pal_raw": 0}, "geometry": {"type": "Point", "coordinates": [3769.0, 1686.0]}}, {"type": "Feature", "properties": {"sea_point_id": 3953, "name": "St. Lawrence", "ed_raw": 0, "hst_raw": 0, "pal_raw": 0}, "geometry": {"type": "Point", "coordinates": [3759.0, 1698.0]}}, {"type": "Feature", "properties": {"sea_point_id": 3954, "name": "Bay of Bengal", "ed_raw": 0, "hst_raw": 0, "pal_raw": 0}, "geometry": {"type": "Point", "coordinates": [10509.0, 3786.0]}}, {"type": "Feature", "properties": {"sea_point_id": 3955, "name": "Bay of Bengal", "ed_raw": 0, "hst_raw": 0, "pal_raw": 0}, "geometry": {"type": "Point", "coordinates": [10493.0, 3895.0]}}, {"type": "Feature", "properties": {"sea_point_id": 3956, "name": "Malacca Strait", "ed_raw": 0, "hst_raw": 0, "pal_raw": 0}, "geometry": {"type": "Point", "coordinates": [10540.0, 3978.0]}}, {"type": "Feature", "properties": {"sea_point_id": 3957, "name": "Malacca Strait", "ed_raw": 0, "hst_raw": 0, "pal_raw": 0}, "geometry": {"type": "Point", "coordinates": [10592.0, 4039.0]}}, {"type": "Feature", "properties": {"sea_point_id": 3958, "name": "Malacca Strait", "ed_raw": 0, "hst_raw": 0, "pal_raw": 0}, "geometry": {"type": "Point", "coordinates": [10637.0, 4139.0]}}, {"type": "Feature", "properties": {"sea_point_id": 3960, "name": "Malacca Strait", "ed_raw": 0, "hst_raw": 0, "pal_raw": 0}, "geometry": {"type": "Point", "coordinates": [10745.0, 4232.0]}}, {"type": "Feature", "properties": {"sea_point_id": 3961, "name": "St. Lawrence", "ed_raw": 0, "hst_raw": 0, "pal_raw": 0}, "geometry": {"type": "Point", "coordinates": [3749.0, 1700.0]}}, {"type": "Feature", "properties": {"sea_point_id": 3962, "name": "Pacific Ocean", "ed_raw": 0, "hst_raw": 0, "pal_raw": 0}, "geometry": {"type": "Point", "coordinates": [12036.0, 2543.0]}}, {"type": "Feature", "properties": {"sea_point_id": 3963, "name": "Bay of Kiel", "ed_raw": 0, "hst_raw": 0, "pal_raw": 0}, "geometry": {"type": "Point", "coordinates": [6676.0, 1413.0]}}, {"type": "Feature", "properties": {"sea_point_id": 3964, "name": "Pacific Ocean", "ed_raw": 0, "hst_raw": 0, "pal_raw": 0}, "geometry": {"type": "Point", "coordinates": [12063.0, 2576.0]}}, {"type": "Feature", "properties": {"sea_point_id": 3965, "name": "Bay of Kiel", "ed_raw": 0, "hst_raw": 0, "pal_raw": 0}, "geometry": {"type": "Point", "coordinates": [6470.0, 1140.0]}}, {"type": "Feature", "properties": {"sea_point_id": 3966, "name": "Pacific Ocean", "ed_raw": 0, "hst_raw": 0, "pal_raw": 0}, "geometry": {"type": "Point", "coordinates": [12061.0, 2504.0]}}, {"type": "Feature", "properties": {"sea_point_id": 3967, "name": "Pacific Ocean", "ed_raw": 0, "hst_raw": 0, "pal_raw": 0}, "geometry": {"type": "Point", "coordinates": [12060.0, 2481.0]}}, {"type": "Feature", "properties": {"sea_point_id": 3968, "name": "Bay of Kiel", "ed_raw": 0, "hst_raw": 0, "pal_raw": 0}, "geometry": {"type": "Point", "coordinates": [7135.0, 574.0]}}, {"type": "Feature", "properties": {"sea_point_id": 3969, "name": "Laptev Sea", "ed_raw": 0, "hst_raw": 0, "pal_raw": 0}, "geometry": {"type": "Point", "coordinates": [11481.0, 312.0]}}, {"type": "Feature", "properties": {"sea_point_id": 3970, "name": "Pacific Ocean", "ed_raw": 0, "hst_raw": 0, "pal_raw": 0}, "geometry": {"type": "Point", "coordinates": [12068.0, 2403.0]}}, {"type": "Feature", "properties": {"sea_point_id": 3971, "name": "Bay of Kiel", "ed_raw": 0, "hst_raw": 0, "pal_raw": 0}, "geometry": {"type": "Point", "coordinates": [7728.0, 792.0]}}, {"type": "Feature", "properties": {"sea_point_id": 3972, "name": "Laptev Sea", "ed_raw": 0, "hst_raw": 0, "pal_raw": 0}, "geometry": {"type": "Point", "coordinates": [11622.0, 312.0]}}, {"type": "Feature", "properties": {"sea_point_id": 3973, "name": "Bay of Kiel", "ed_raw": 0, "hst_raw": 0, "pal_raw": 0}, "geometry": {"type": "Point", "coordinates": [8903.0, 436.0]}}, {"type": "Feature", "properties": {"sea_point_id": 3974, "name": "Pacific Ocean", "ed_raw": 0, "hst_raw": 0, "pal_raw": 0}, "geometry": {"type": "Point", "coordinates": [12094.0, 2306.0]}}, {"type": "Feature", "properties": {"sea_point_id": 3975, "name": "Bay of Kiel", "ed_raw": 0, "hst_raw": 0, "pal_raw": 0}, "geometry": {"type": "Point", "coordinates": [9425.0, 515.0]}}, {"type": "Feature", "properties": {"sea_point_id": 3976, "name": "Pacific Ocean", "ed_raw": 0, "hst_raw": 0, "pal_raw": 0}, "geometry": {"type": "Point", "coordinates": [12044.0, 2190.0]}}, {"type": "Feature", "properties": {"sea_point_id": 3977, "name": "Chukchi Sea", "ed_raw": 0, "hst_raw": 0, "pal_raw": 0}, "geometry": {"type": "Point", "coordinates": [195.0, 327.0]}}, {"type": "Feature", "properties": {"sea_point_id": 3978, "name": "Tsugaru Strait", "ed_raw": 0, "hst_raw": 0, "pal_raw": 0}, "geometry": {"type": "Point", "coordinates": [11984.0, 2214.0]}}, {"type": "Feature", "properties": {"sea_point_id": 3979, "name": "Sea of Japan", "ed_raw": 0, "hst_raw": 0, "pal_raw": 0}, "geometry": {"type": "Point", "coordinates": [11953.0, 2250.0]}}, {"type": "Feature", "properties": {"sea_point_id": 3980, "name": "Bay of Kiel", "ed_raw": 0, "hst_raw": 0, "pal_raw": 0}, "geometry": {"type": "Point", "coordinates": [9609.0, 379.0]}}, {"type": "Feature", "properties": {"sea_point_id": 3981, "name": "Sea of Japan", "ed_raw": 0, "hst_raw": 0, "pal_raw": 0}, "geometry": {"type": "Point", "coordinates": [11965.0, 2357.0]}}, {"type": "Feature", "properties": {"sea_point_id": 3982, "name": "Kara Sea", "ed_raw": 0, "hst_raw": 0, "pal_raw": 0}, "geometry": {"type": "Point", "coordinates": [10071.0, 318.0]}}, {"type": "Feature", "properties": {"sea_point_id": 3983, "name": "Sea of Japan", "ed_raw": 0, "hst_raw": 0, "pal_raw": 0}, "geometry": {"type": "Point", "coordinates": [11933.0, 2438.0]}}, {"type": "Feature", "properties": {"sea_point_id": 3984, "name": "Sea of Japan", "ed_raw": 0, "hst_raw": 0, "pal_raw": 0}, "geometry": {"type": "Point", "coordinates": [11903.0, 2418.0]}}, {"type": "Feature", "properties": {"sea_point_id": 3985, "name": "Kara Sea", "ed_raw": 0, "hst_raw": 0, "pal_raw": 0}, "geometry": {"type": "Point", "coordinates": [10369.0, 227.0]}}, {"type": "Feature", "properties": {"sea_point_id": 3986, "name": "Sea of Japan", "ed_raw": 0, "hst_raw": 0, "pal_raw": 0}, "geometry": {"type": "Point", "coordinates": [11881.0, 2474.0]}}, {"type": "Feature", "properties": {"sea_point_id": 3987, "name": "Sea of Japan", "ed_raw": 0, "hst_raw": 0, "pal_raw": 0}, "geometry": {"type": "Point", "coordinates": [11876.0, 2530.0]}}, {"type": "Feature", "properties": {"sea_point_id": 3988, "name": "Kara Sea", "ed_raw": 0, "hst_raw": 0, "pal_raw": 0}, "geometry": {"type": "Point", "coordinates": [12416.0, 1355.0]}}, {"type": "Feature", "properties": {"sea_point_id": 3989, "name": "Java Sea", "ed_raw": 0, "hst_raw": 0, "pal_raw": 0}, "geometry": {"type": "Point", "coordinates": [10808.0, 4228.0]}}, {"type": "Feature", "properties": {"sea_point_id": 3990, "name": "Gulf of Thailand", "ed_raw": 0, "hst_raw": 0, "pal_raw": 0}, "geometry": {"type": "Point", "coordinates": [10769.0, 4158.0]}}, {"type": "Feature", "properties": {"sea_point_id": 3991, "name": "Gulf of Thailand", "ed_raw": 0, "hst_raw": 0, "pal_raw": 0}, "geometry": {"type": "Point", "coordinates": [10745.0, 4026.0]}}, {"type": "Feature", "properties": {"sea_point_id": 3992, "name": "Kara Sea", "ed_raw": 0, "hst_raw": 0, "pal_raw": 0}, "geometry": {"type": "Point", "coordinates": [12418.0, 1396.0]}}, {"type": "Feature", "properties": {"sea_point_id": 3993, "name": "Gulf of Thailand", "ed_raw": 0, "hst_raw": 0, "pal_raw": 0}, "geometry": {"type": "Point", "coordinates": [10660.0, 3953.0]}}, {"type": "Feature", "properties": {"sea_point_id": 3994, "name": "Kara Sea", "ed_raw": 0, "hst_raw": 0, "pal_raw": 0}, "geometry": {"type": "Point", "coordinates": [12383.0, 1366.0]}}, {"type": "Feature", "properties": {"sea_point_id": 3995, "name": "Gulf of Thailand", "ed_raw": 0, "hst_raw": 0, "pal_raw": 0}, "geometry": {"type": "Point", "coordinates": [10602.0, 3881.0]}}, {"type": "Feature", "properties": {"sea_point_id": 3996, "name": "Sea of Okhotsk", "ed_raw": 0, "hst_raw": 0, "pal_raw": 0}, "geometry": {"type": "Point", "coordinates": [12293.0, 984.0]}}, {"type": "Feature", "properties": {"sea_point_id": 3997, "name": "Sea of Japan", "ed_raw": 0, "hst_raw": 0, "pal_raw": 0}, "geometry": {"type": "Point", "coordinates": [11840.0, 2527.0]}}, {"type": "Feature", "properties": {"sea_point_id": 3998, "name": "Gulf of Thailand", "ed_raw": 0, "hst_raw": 0, "pal_raw": 0}, "geometry": {"type": "Point", "coordinates": [10576.0, 3811.0]}}, {"type": "Feature", "properties": {"sea_point_id": 3999, "name": "Gulf of Thailand", "ed_raw": 0, "hst_raw": 0, "pal_raw": 0}, "geometry": {"type": "Point", "coordinates": [10604.0, 3702.0]}}, {"type": "Feature", "properties": {"sea_point_id": 4000, "name": "Gulf of Thailand", "ed_raw": 0, "hst_raw": 0, "pal_raw": 0}, "geometry": {"type": "Point", "coordinates": [10676.0, 3744.0]}}, {"type": "Feature", "properties": {"sea_point_id": 4001, "name": "Sea of Okhotsk", "ed_raw": 0, "hst_raw": 0, "pal_raw": 0}, "geometry": {"type": "Point", "coordinates": [11677.0, 1338.0]}}, {"type": "Feature", "properties": {"sea_point_id": 4002, "name": "Sea of Okhotsk", "ed_raw": 0, "hst_raw": 0, "pal_raw": 0}, "geometry": {"type": "Point", "coordinates": [11714.0, 1387.0]}}, {"type": "Feature", "properties": {"sea_point_id": 4003, "name": "Gulf of Thailand", "ed_raw": 0, "hst_raw": 0, "pal_raw": 0}, "geometry": {"type": "Point", "coordinates": [10760.0, 3836.0]}}, {"type": "Feature", "properties": {"sea_point_id": 4004, "name": "Sea of Okhotsk", "ed_raw": 0, "hst_raw": 0, "pal_raw": 0}, "geometry": {"type": "Point", "coordinates": [11796.0, 1347.0]}}, {"type": "Feature", "properties": {"sea_point_id": 4005, "name": "Gulf of Thailand", "ed_raw": 0, "hst_raw": 0, "pal_raw": 0}, "geometry": {"type": "Point", "coordinates": [10806.0, 3920.0]}}, {"type": "Feature", "properties": {"sea_point_id": 4006, "name": "Sea of Okhotsk", "ed_raw": 0, "hst_raw": 0, "pal_raw": 0}, "geometry": {"type": "Point", "coordinates": [11871.0, 1433.0]}}, {"type": "Feature", "properties": {"sea_point_id": 4007, "name": "South China Sea", "ed_raw": 0, "hst_raw": 0, "pal_raw": 0}, "geometry": {"type": "Point", "coordinates": [10932.0, 3850.0]}}, {"type": "Feature", "properties": {"sea_point_id": 4008, "name": "South China Sea", "ed_raw": 0, "hst_raw": 0, "pal_raw": 0}, "geometry": {"type": "Point", "coordinates": [10978.0, 3800.0]}}, {"type": "Feature", "properties": {"sea_point_id": 4009, "name": "Sea of Japan", "ed_raw": 0, "hst_raw": 0, "pal_raw": 0}, "geometry": {"type": "Point", "coordinates": [11766.0, 2539.0]}}, {"type": "Feature", "properties": {"sea_point_id": 4010, "name": "South China Sea", "ed_raw": 0, "hst_raw": 0, "pal_raw": 0}, "geometry": {"type": "Point", "coordinates": [11011.0, 3758.0]}}, {"type": "Feature", "properties": {"sea_point_id": 4011, "name": "South China Sea", "ed_raw": 0, "hst_raw": 0, "pal_raw": 0}, "geometry": {"type": "Point", "coordinates": [11014.0, 3691.0]}}, {"type": "Feature", "properties": {"sea_point_id": 4012, "name": "Sea of Japan", "ed_raw": 0, "hst_raw": 0, "pal_raw": 0}, "geometry": {"type": "Point", "coordinates": [11726.0, 2584.0]}}, {"type": "Feature", "properties": {"sea_point_id": 4013, "name": "Beaufort Sea", "ed_raw": 0, "hst_raw": 0, "pal_raw": 0}, "geometry": {"type": "Point", "coordinates": [1474.0, 327.0]}}, {"type": "Feature", "properties": {"sea_point_id": 4014, "name": "East Siberian Sea", "ed_raw": 0, "hst_raw": 0, "pal_raw": 0}, "geometry": {"type": "Point", "coordinates": [11801.0, 327.0]}}, {"type": "Feature", "properties": {"sea_point_id": 4015, "name": "Kara Sea", "ed_raw": 0, "hst_raw": 0, "pal_raw": 0}, "geometry": {"type": "Point", "coordinates": [9188.0, 343.0]}}, {"type": "Feature", "properties": {"sea_point_id": 4016, "name": "Sea of Okhotsk", "ed_raw": 0, "hst_raw": 0, "pal_raw": 0}, "geometry": {"type": "Point", "coordinates": [11924.0, 1531.0]}}, {"type": "Feature", "properties": {"sea_point_id": 4017, "name": "Beaufort Sea", "ed_raw": 0, "hst_raw": 0, "pal_raw": 0}, "geometry": {"type": "Point", "coordinates": [1606.0, 374.0]}}, {"type": "Feature", "properties": {"sea_point_id": 4019, "name": "Artic Ocean", "ed_raw": 0, "hst_raw": 0, "pal_raw": 0}, "geometry": {"type": "Point", "coordinates": [2854.0, 374.0]}}, {"type": "Feature", "properties": {"sea_point_id": 4020, "name": "Artic Ocean", "ed_raw": 0, "hst_raw": 0, "pal_raw": 0}, "geometry": {"type": "Point", "coordinates": [3026.0, 374.0]}}, {"type": "Feature", "properties": {"sea_point_id": 4021, "name": "Barents Sea", "ed_raw": 0, "hst_raw": 0, "pal_raw": 0}, "geometry": {"type": "Point", "coordinates": [8814.0, 374.0]}}, {"type": "Feature", "properties": {"sea_point_id": 4022, "name": "East Siberian Sea", "ed_raw": 0, "hst_raw": 0, "pal_raw": 0}, "geometry": {"type": "Point", "coordinates": [12027.0, 374.0]}}, {"type": "Feature", "properties": {"sea_point_id": 4023, "name": "East Siberian Sea", "ed_raw": 0, "hst_raw": 0, "pal_raw": 0}, "geometry": {"type": "Point", "coordinates": [12261.0, 374.0]}}, {"type": "Feature", "properties": {"sea_point_id": 4024, "name": "Artic Ocean", "ed_raw": 0, "hst_raw": 0, "pal_raw": 0}, "geometry": {"type": "Point", "coordinates": [3159.0, 390.0]}}, {"type": "Feature", "properties": {"sea_point_id": 4025, "name": "Sea of Japan", "ed_raw": 0, "hst_raw": 0, "pal_raw": 0}, "geometry": {"type": "Point", "coordinates": [11696.0, 2601.0]}}, {"type": "Feature", "properties": {"sea_point_id": 4026, "name": "Sea of Japan", "ed_raw": 0, "hst_raw": 0, "pal_raw": 0}, "geometry": {"type": "Point", "coordinates": [11682.0, 2634.0]}}, {"type": "Feature", "properties": {"sea_point_id": 4027, "name": "Sea of Okhotsk", "ed_raw": 0, "hst_raw": 0, "pal_raw": 0}, "geometry": {"type": "Point", "coordinates": [11921.0, 1554.0]}}, {"type": "Feature", "properties": {"sea_point_id": 4028, "name": "South China Sea", "ed_raw": 0, "hst_raw": 0, "pal_raw": 0}, "geometry": {"type": "Point", "coordinates": [10985.0, 3571.0]}}, {"type": "Feature", "properties": {"sea_point_id": 4029, "name": "South China Sea", "ed_raw": 0, "hst_raw": 0, "pal_raw": 0}, "geometry": {"type": "Point", "coordinates": [10933.0, 3529.0]}}, {"type": "Feature", "properties": {"sea_point_id": 4030, "name": "South China Sea", "ed_raw": 0, "hst_raw": 0, "pal_raw": 0}, "geometry": {"type": "Point", "coordinates": [10877.0, 3496.0]}}, {"type": "Feature", "properties": {"sea_point_id": 4031, "name": "South China Sea", "ed_raw": 0, "hst_raw": 0, "pal_raw": 0}, "geometry": {"type": "Point", "coordinates": [10835.0, 3445.0]}}, {"type": "Feature", "properties": {"sea_point_id": 4032, "name": "South China Sea", "ed_raw": 0, "hst_raw": 0, "pal_raw": 0}, "geometry": {"type": "Point", "coordinates": [10878.0, 3380.0]}}, {"type": "Feature", "properties": {"sea_point_id": 4033, "name": "South China Sea", "ed_raw": 0, "hst_raw": 0, "pal_raw": 0}, "geometry": {"type": "Point", "coordinates": [10942.0, 3323.0]}}, {"type": "Feature", "properties": {"sea_point_id": 4034, "name": "South China Sea", "ed_raw": 0, "hst_raw": 0, "pal_raw": 0}, "geometry": {"type": "Point", "coordinates": [10998.0, 3375.0]}}, {"type": "Feature", "properties": {"sea_point_id": 4035, "name": "South China Sea", "ed_raw": 0, "hst_raw": 0, "pal_raw": 0}, "geometry": {"type": "Point", "coordinates": [11049.0, 3351.0]}}, {"type": "Feature", "properties": {"sea_point_id": 4036, "name": "South China Sea", "ed_raw": 0, "hst_raw": 0, "pal_raw": 0}, "geometry": {"type": "Point", "coordinates": [11111.0, 3328.0]}}, {"type": "Feature", "properties": {"sea_point_id": 4037, "name": "South China Sea", "ed_raw": 0, "hst_raw": 0, "pal_raw": 0}, "geometry": {"type": "Point", "coordinates": [11152.0, 3291.0]}}, {"type": "Feature", "properties": {"sea_point_id": 4038, "name": "Sea of Okhotsk", "ed_raw": 0, "hst_raw": 0, "pal_raw": 0}, "geometry": {"type": "Point", "coordinates": [11971.0, 1931.0]}}, {"type": "Feature", "properties": {"sea_point_id": 4039, "name": "Sea of Okhotsk", "ed_raw": 0, "hst_raw": 0, "pal_raw": 0}, "geometry": {"type": "Point", "coordinates": [11985.0, 1980.0]}}, {"type": "Feature", "properties": {"sea_point_id": 4040, "name": "Sea of Okhotsk", "ed_raw": 0, "hst_raw": 0, "pal_raw": 0}, "geometry": {"type": "Point", "coordinates": [12004.0, 2201.0]}}, {"type": "Feature", "properties": {"sea_point_id": 4041, "name": "Sea of Okhotsk", "ed_raw": 0, "hst_raw": 0, "pal_raw": 0}, "geometry": {"type": "Point", "coordinates": [12110.0, 2174.0]}}, {"type": "Feature", "properties": {"sea_point_id": 4042, "name": "Sea of Japan", "ed_raw": 0, "hst_raw": 0, "pal_raw": 0}, "geometry": {"type": "Point", "coordinates": [11939.0, 2103.0]}}, {"type": "Feature", "properties": {"sea_point_id": 4043, "name": "Pacific Ocean", "ed_raw": 0, "hst_raw": 0, "pal_raw": 0}, "geometry": {"type": "Point", "coordinates": [764.0, 3290.0]}}, {"type": "Feature", "properties": {"sea_point_id": 4044, "name": "Sea of Japan", "ed_raw": 0, "hst_raw": 0, "pal_raw": 0}, "geometry": {"type": "Point", "coordinates": [11981.0, 2089.0]}}, {"type": "Feature", "properties": {"sea_point_id": 4045, "name": "Sea of Japan", "ed_raw": 0, "hst_raw": 0, "pal_raw": 0}, "geometry": {"type": "Point", "coordinates": [11997.0, 2016.0]}}, {"type": "Feature", "properties": {"sea_point_id": 4046, "name": "St. Lawrence", "ed_raw": 0, "hst_raw": 0, "pal_raw": 0}, "geometry": {"type": "Point", "coordinates": [3730.0, 1717.0]}}, {"type": "Feature", "properties": {"sea_point_id": 4047, "name": "South China Sea", "ed_raw": 0, "hst_raw": 0, "pal_raw": 0}, "geometry": {"type": "Point", "coordinates": [11194.0, 3259.0]}}, {"type": "Feature", "properties": {"sea_point_id": 4048, "name": "South China Sea", "ed_raw": 0, "hst_raw": 0, "pal_raw": 0}, "geometry": {"type": "Point", "coordinates": [11281.0, 3222.0]}}, {"type": "Feature", "properties": {"sea_point_id": 4049, "name": "South China Sea", "ed_raw": 0, "hst_raw": 0, "pal_raw": 0}, "geometry": {"type": "Point", "coordinates": [11336.0, 3158.0]}}, {"type": "Feature", "properties": {"sea_point_id": 4050, "name": "South China Sea", "ed_raw": 0, "hst_raw": 0, "pal_raw": 0}, "geometry": {"type": "Point", "coordinates": [11372.0, 3092.0]}}, {"type": "Feature", "properties": {"sea_point_id": 4051, "name": "East China Sea", "ed_raw": 0, "hst_raw": 0, "pal_raw": 0}, "geometry": {"type": "Point", "coordinates": [11383.0, 3019.0]}}, {"type": "Feature", "properties": {"sea_point_id": 4052, "name": "East China Sea", "ed_raw": 0, "hst_raw": 0, "pal_raw": 0}, "geometry": {"type": "Point", "coordinates": [11418.0, 2951.0]}}, {"type": "Feature", "properties": {"sea_point_id": 4053, "name": "Pacific Ocean", "ed_raw": 0, "hst_raw": 0, "pal_raw": 0}, "geometry": {"type": "Point", "coordinates": [673.0, 3168.0]}}, {"type": "Feature", "properties": {"sea_point_id": 4054, "name": "East China Sea", "ed_raw": 0, "hst_raw": 0, "pal_raw": 0}, "geometry": {"type": "Point", "coordinates": [11437.0, 2806.0]}}, {"type": "Feature", "properties": {"sea_point_id": 4055, "name": "La Pérouse Strait", "ed_raw": 0, "hst_raw": 0, "pal_raw": 0}, "geometry": {"type": "Point", "coordinates": [11996.0, 1959.0]}}, {"type": "Feature", "properties": {"sea_point_id": 4056, "name": "Pacific Ocean", "ed_raw": 0, "hst_raw": 0, "pal_raw": 0}, "geometry": {"type": "Point", "coordinates": [1648.0, 4723.0]}}, {"type": "Feature", "properties": {"sea_point_id": 4057, "name": "East China Sea", "ed_raw": 0, "hst_raw": 0, "pal_raw": 0}, "geometry": {"type": "Point", "coordinates": [11420.0, 2740.0]}}, {"type": "Feature", "properties": {"sea_point_id": 4058, "name": "East China Sea", "ed_raw": 0, "hst_raw": 0, "pal_raw": 0}, "geometry": {"type": "Point", "coordinates": [11386.0, 2653.0]}}, {"type": "Feature", "properties": {"sea_point_id": 4059, "name": "Pacific Ocean", "ed_raw": 0, "hst_raw": 0, "pal_raw": 0}, "geometry": {"type": "Point", "coordinates": [12063.0, 1987.0]}}, {"type": "Feature", "properties": {"sea_point_id": 4060, "name": "East China Sea", "ed_raw": 0, "hst_raw": 0, "pal_raw": 0}, "geometry": {"type": "Point", "coordinates": [11329.0, 2556.0]}}, {"type": "Feature", "properties": {"sea_point_id": 4061, "name": "Indian Ocean", "ed_raw": 0, "hst_raw": 0, "pal_raw": 0}, "geometry": {"type": "Point", "coordinates": [8277.0, 4856.0]}}, {"type": "Feature", "properties": {"sea_point_id": 4062, "name": "Arabian Sea", "ed_raw": 0, "hst_raw": 0, "pal_raw": 0}, "geometry": {"type": "Point", "coordinates": [8809.0, 3368.0]}}, {"type": "Feature", "properties": {"sea_point_id": 4063, "name": "East China Sea", "ed_raw": 0, "hst_raw": 0, "pal_raw": 0}, "geometry": {"type": "Point", "coordinates": [11312.0, 2467.0]}}, {"type": "Feature", "properties": {"sea_point_id": 4064, "name": "East China Sea", "ed_raw": 0, "hst_raw": 0, "pal_raw": 0}, "geometry": {"type": "Point", "coordinates": [11246.0, 2498.0]}}, {"type": "Feature", "properties": {"sea_point_id": 4065, "name": "East China Sea", "ed_raw": 0, "hst_raw": 0, "pal_raw": 0}, "geometry": {"type": "Point", "coordinates": [11193.0, 2466.0]}}, {"type": "Feature", "properties": {"sea_point_id": 4066, "name": "Arabian Sea", "ed_raw": 0, "hst_raw": 0, "pal_raw": 0}, "geometry": {"type": "Point", "coordinates": [8679.0, 3250.0]}}, {"type": "Feature", "properties": {"sea_point_id": 4067, "name": "Arabian Sea", "ed_raw": 0, "hst_raw": 0, "pal_raw": 0}, "geometry": {"type": "Point", "coordinates": [8620.0, 3194.0]}}, {"type": "Feature", "properties": {"sea_point_id": 4068, "name": "East China Sea", "ed_raw": 0, "hst_raw": 0, "pal_raw": 0}, "geometry": {"type": "Point", "coordinates": [11247.0, 2390.0]}}, {"type": "Feature", "properties": {"sea_point_id": 4069, "name": "St. Lawrence", "ed_raw": 0, "hst_raw": 0, "pal_raw": 0}, "geometry": {"type": "Point", "coordinates": [3717.0, 1719.0]}}, {"type": "Feature", "properties": {"sea_point_id": 4070, "name": "East China Sea", "ed_raw": 0, "hst_raw": 0, "pal_raw": 0}, "geometry": {"type": "Point", "coordinates": [11291.0, 2348.0]}}, {"type": "Feature", "properties": {"sea_point_id": 4071, "name": "East China Sea", "ed_raw": 0, "hst_raw": 0, "pal_raw": 0}, "geometry": {"type": "Point", "coordinates": [11273.0, 2416.0]}}, {"type": "Feature", "properties": {"sea_point_id": 4072, "name": "East China Sea", "ed_raw": 0, "hst_raw": 0, "pal_raw": 0}, "geometry": {"type": "Point", "coordinates": [11441.0, 2376.0]}}, {"type": "Feature", "properties": {"sea_point_id": 4073, "name": "East China Sea", "ed_raw": 0, "hst_raw": 0, "pal_raw": 0}, "geometry": {"type": "Point", "coordinates": [11390.0, 2372.0]}}, {"type": "Feature", "properties": {"sea_point_id": 4075, "name": "Arabian Sea", "ed_raw": 0, "hst_raw": 0, "pal_raw": 0}, "geometry": {"type": "Point", "coordinates": [8759.0, 3141.0]}}, {"type": "Feature", "properties": {"sea_point_id": 4076, "name": "East China Sea", "ed_raw": 0, "hst_raw": 0, "pal_raw": 0}, "geometry": {"type": "Point", "coordinates": [11341.0, 2425.0]}}, {"type": "Feature", "properties": {"sea_point_id": 4077, "name": "East China Sea", "ed_raw": 0, "hst_raw": 0, "pal_raw": 0}, "geometry": {"type": "Point", "coordinates": [11428.0, 2410.0]}}, {"type": "Feature", "properties": {"sea_point_id": 4079, "name": "Pacific Ocean", "ed_raw": 0, "hst_raw": 0, "pal_raw": 0}, "geometry": {"type": "Point", "coordinates": [12181.0, 2002.0]}}, {"type": "Feature", "properties": {"sea_point_id": 4080, "name": "East China Sea", "ed_raw": 0, "hst_raw": 0, "pal_raw": 0}, "geometry": {"type": "Point", "coordinates": [11503.0, 2483.0]}}, {"type": "Feature", "properties": {"sea_point_id": 4081, "name": "East China Sea", "ed_raw": 0, "hst_raw": 0, "pal_raw": 0}, "geometry": {"type": "Point", "coordinates": [11441.0, 2467.0]}}, {"type": "Feature", "properties": {"sea_point_id": 4082, "name": "East China Sea", "ed_raw": 0, "hst_raw": 0, "pal_raw": 0}, "geometry": {"type": "Point", "coordinates": [11514.0, 2533.0]}}, {"type": "Feature", "properties": {"sea_point_id": 4083, "name": "East China Sea", "ed_raw": 0, "hst_raw": 0, "pal_raw": 0}, "geometry": {"type": "Point", "coordinates": [11528.0, 2603.0]}}, {"type": "Feature", "properties": {"sea_point_id": 4084, "name": "East China Sea", "ed_raw": 0, "hst_raw": 0, "pal_raw": 0}, "geometry": {"type": "Point", "coordinates": [11496.0, 2669.0]}}, {"type": "Feature", "properties": {"sea_point_id": 4085, "name": "East China Sea", "ed_raw": 0, "hst_raw": 0, "pal_raw": 0}, "geometry": {"type": "Point", "coordinates": [11571.0, 2667.0]}}, {"type": "Feature", "properties": {"sea_point_id": 4086, "name": "Sea of Japan", "ed_raw": 0, "hst_raw": 0, "pal_raw": 0}, "geometry": {"type": "Point", "coordinates": [11601.0, 2643.0]}}, {"type": "Feature", "properties": {"sea_point_id": 4087, "name": "Sea of Japan", "ed_raw": 0, "hst_raw": 0, "pal_raw": 0}, "geometry": {"type": "Point", "coordinates": [11660.0, 2600.0]}}, {"type": "Feature", "properties": {"sea_point_id": 4088, "name": "Sea of Japan", "ed_raw": 0, "hst_raw": 0, "pal_raw": 0}, "geometry": {"type": "Point", "coordinates": [11683.0, 2555.0]}}, {"type": "Feature", "properties": {"sea_point_id": 4089, "name": "Sea of Japan", "ed_raw": 0, "hst_raw": 0, "pal_raw": 0}, "geometry": {"type": "Point", "coordinates": [11669.0, 2486.0]}}, {"type": "Feature", "properties": {"sea_point_id": 4090, "name": "Sea of Japan", "ed_raw": 0, "hst_raw": 0, "pal_raw": 0}, "geometry": {"type": "Point", "coordinates": [11652.0, 2427.0]}}, {"type": "Feature", "properties": {"sea_point_id": 4091, "name": "Persian Gulf", "ed_raw": 0, "hst_raw": 0, "pal_raw": 0}, "geometry": {"type": "Point", "coordinates": [8615.0, 3091.0]}}, {"type": "Feature", "properties": {"sea_point_id": 4092, "name": "Sea of Japan", "ed_raw": 0, "hst_raw": 0, "pal_raw": 0}, "geometry": {"type": "Point", "coordinates": [11598.0, 2356.0]}}, {"type": "Feature", "properties": {"sea_point_id": 4093, "name": "Sea of Japan", "ed_raw": 0, "hst_raw": 0, "pal_raw": 0}, "geometry": {"type": "Point", "coordinates": [11627.0, 2290.0]}}, {"type": "Feature", "properties": {"sea_point_id": 4094, "name": "Persian Gulf", "ed_raw": 0, "hst_raw": 0, "pal_raw": 0}, "geometry": {"type": "Point", "coordinates": [8413.0, 3233.0]}}, {"type": "Feature", "properties": {"sea_point_id": 4095, "name": "Pacific Ocean", "ed_raw": 0, "hst_raw": 0, "pal_raw": 0}, "geometry": {"type": "Point", "coordinates": [12183.0, 2060.0]}}, {"type": "Feature", "properties": {"sea_point_id": 4096, "name": "East Siberian Sea", "ed_raw": 0, "hst_raw": 0, "pal_raw": 0}, "geometry": {"type": "Point", "coordinates": [12417.0, 405.0]}}, {"type": "Feature", "properties": {"sea_point_id": 4097, "name": "East Siberian Sea", "ed_raw": 0, "hst_raw": 0, "pal_raw": 0}, "geometry": {"type": "Point", "coordinates": [9107.0, 3206.0]}}, {"type": "Feature", "properties": {"sea_point_id": 4098, "name": "Beaufort Sea", "ed_raw": 0, "hst_raw": 0, "pal_raw": 0}, "geometry": {"type": "Point", "coordinates": [1755.0, 421.0]}}, {"type": "Feature", "properties": {"sea_point_id": 4099, "name": "Pacific Ocean", "ed_raw": 0, "hst_raw": 0, "pal_raw": 0}, "geometry": {"type": "Point", "coordinates": [12228.0, 2101.0]}}, {"type": "Feature", "properties": {"sea_point_id": 4100, "name": "Sea of Japan", "ed_raw": 0, "hst_raw": 0, "pal_raw": 0}, "geometry": {"type": "Point", "coordinates": [11643.0, 2241.0]}}, {"type": "Feature", "properties": {"sea_point_id": 4101, "name": "Sea of Japan", "ed_raw": 0, "hst_raw": 0, "pal_raw": 0}, "geometry": {"type": "Point", "coordinates": [11702.0, 2191.0]}}, {"type": "Feature", "properties": {"sea_point_id": 4102, "name": "Sea of Japan", "ed_raw": 0, "hst_raw": 0, "pal_raw": 0}, "geometry": {"type": "Point", "coordinates": [11776.0, 2160.0]}}, {"type": "Feature", "properties": {"sea_point_id": 4103, "name": "Persian Gulf", "ed_raw": 0, "hst_raw": 0, "pal_raw": 0}, "geometry": {"type": "Point", "coordinates": [9265.0, 3371.0]}}, {"type": "Feature", "properties": {"sea_point_id": 4104, "name": "Sea of Japan", "ed_raw": 0, "hst_raw": 0, "pal_raw": 0}, "geometry": {"type": "Point", "coordinates": [11856.0, 2025.0]}}, {"type": "Feature", "properties": {"sea_point_id": 4105, "name": "Sea of Japan", "ed_raw": 0, "hst_raw": 0, "pal_raw": 0}, "geometry": {"type": "Point", "coordinates": [11899.0, 1936.0]}}, {"type": "Feature", "properties": {"sea_point_id": 4106, "name": "Persian Gulf", "ed_raw": 0, "hst_raw": 0, "pal_raw": 0}, "geometry": {"type": "Point", "coordinates": [9351.0, 3328.0]}}, {"type": "Feature", "properties": {"sea_point_id": 4107, "name": "Persian Gulf", "ed_raw": 0, "hst_raw": 0, "pal_raw": 0}, "geometry": {"type": "Point", "coordinates": [9359.0, 3396.0]}}, {"type": "Feature", "properties": {"sea_point_id": 4108, "name": "Strait of Tartary", "ed_raw": 0, "hst_raw": 0, "pal_raw": 0}, "geometry": {"type": "Point", "coordinates": [11906.0, 1728.0]}}, {"type": "Feature", "properties": {"sea_point_id": 4109, "name": "Persian Gulf", "ed_raw": 0, "hst_raw": 0, "pal_raw": 0}, "geometry": {"type": "Point", "coordinates": [9533.0, 3888.0]}}, {"type": "Feature", "properties": {"sea_point_id": 4110, "name": "Persian Gulf", "ed_raw": 0, "hst_raw": 0, "pal_raw": 0}, "geometry": {"type": "Point", "coordinates": [9574.0, 3949.0]}}, {"type": "Feature", "properties": {"sea_point_id": 4111, "name": "Strait of Tartary", "ed_raw": 0, "hst_raw": 0, "pal_raw": 0}, "geometry": {"type": "Point", "coordinates": [11898.0, 1528.0]}}, {"type": "Feature", "properties": {"sea_point_id": 4112, "name": "Strait of Tartary", "ed_raw": 0, "hst_raw": 0, "pal_raw": 0}, "geometry": {"type": "Point", "coordinates": [11885.0, 1472.0]}}, {"type": "Feature", "properties": {"sea_point_id": 4113, "name": "Sea of Okhotsk", "ed_raw": 0, "hst_raw": 0, "pal_raw": 0}, "geometry": {"type": "Point", "coordinates": [11837.0, 1387.0]}}, {"type": "Feature", "properties": {"sea_point_id": 4114, "name": "Sea of Okhotsk", "ed_raw": 0, "hst_raw": 0, "pal_raw": 0}, "geometry": {"type": "Point", "coordinates": [11713.0, 1416.0]}}, {"type": "Feature", "properties": {"sea_point_id": 4115, "name": "Sea of Okhotsk", "ed_raw": 0, "hst_raw": 0, "pal_raw": 0}, "geometry": {"type": "Point", "coordinates": [11748.0, 1340.0]}}, {"type": "Feature", "properties": {"sea_point_id": 4116, "name": "Pacific Ocean", "ed_raw": 0, "hst_raw": 0, "pal_raw": 0}, "geometry": {"type": "Point", "coordinates": [12147.0, 2121.0]}}, {"type": "Feature", "properties": {"sea_point_id": 4117, "name": "Sea of Okhotsk", "ed_raw": 0, "hst_raw": 0, "pal_raw": 0}, "geometry": {"type": "Point", "coordinates": [11631.0, 1327.0]}}, {"type": "Feature", "properties": {"sea_point_id": 4118, "name": "Sea of Okhotsk", "ed_raw": 0, "hst_raw": 0, "pal_raw": 0}, "geometry": {"type": "Point", "coordinates": [11697.0, 1372.0]}}, {"type": "Feature", "properties": {"sea_point_id": 4119, "name": "Persian Gulf", "ed_raw": 0, "hst_raw": 0, "pal_raw": 0}, "geometry": {"type": "Point", "coordinates": [9654.0, 3942.0]}}, {"type": "Feature", "properties": {"sea_point_id": 4120, "name": "Sea of Okhotsk", "ed_raw": 0, "hst_raw": 0, "pal_raw": 0}, "geometry": {"type": "Point", "coordinates": [11657.0, 1269.0]}}, {"type": "Feature", "properties": {"sea_point_id": 4121, "name": "Sea of Okhotsk", "ed_raw": 0, "hst_raw": 0, "pal_raw": 0}, "geometry": {"type": "Point", "coordinates": [11716.0, 1188.0]}}, {"type": "Feature", "properties": {"sea_point_id": 4122, "name": "Sea of Okhotsk", "ed_raw": 0, "hst_raw": 0, "pal_raw": 0}, "geometry": {"type": "Point", "coordinates": [11811.0, 1125.0]}}, {"type": "Feature", "properties": {"sea_point_id": 4123, "name": "Sea of Okhotsk", "ed_raw": 0, "hst_raw": 0, "pal_raw": 0}, "geometry": {"type": "Point", "coordinates": [11891.0, 1076.0]}}, {"type": "Feature", "properties": {"sea_point_id": 4124, "name": "Sea of Okhotsk", "ed_raw": 0, "hst_raw": 0, "pal_raw": 0}, "geometry": {"type": "Point", "coordinates": [11995.0, 1070.0]}}, {"type": "Feature", "properties": {"sea_point_id": 4125, "name": "Sea of Okhotsk", "ed_raw": 0, "hst_raw": 0, "pal_raw": 0}, "geometry": {"type": "Point", "coordinates": [12153.0, 1069.0]}}, {"type": "Feature", "properties": {"sea_point_id": 4126, "name": "Sea of Okhotsk", "ed_raw": 0, "hst_raw": 0, "pal_raw": 0}, "geometry": {"type": "Point", "coordinates": [12213.0, 1003.0]}}, {"type": "Feature", "properties": {"sea_point_id": 4127, "name": "Laccadive Sea", "ed_raw": 0, "hst_raw": 0, "pal_raw": 0}, "geometry": {"type": "Point", "coordinates": [9730.0, 3622.0]}}, {"type": "Feature", "properties": {"sea_point_id": 4128, "name": "Sea of Okhotsk", "ed_raw": 0, "hst_raw": 0, "pal_raw": 0}, "geometry": {"type": "Point", "coordinates": [12357.0, 921.0]}}, {"type": "Feature", "properties": {"sea_point_id": 4129, "name": "Sea of Okhotsk", "ed_raw": 0, "hst_raw": 0, "pal_raw": 0}, "geometry": {"type": "Point", "coordinates": [12483.0, 880.0]}}, {"type": "Feature", "properties": {"sea_point_id": 4130, "name": "Sea of Okhotsk", "ed_raw": 0, "hst_raw": 0, "pal_raw": 0}, "geometry": {"type": "Point", "coordinates": [12732.0, 846.0]}}, {"type": "Feature", "properties": {"sea_point_id": 4131, "name": "Sea of Okhotsk", "ed_raw": 0, "hst_raw": 0, "pal_raw": 0}, "geometry": {"type": "Point", "coordinates": [12635.0, 907.0]}}, {"type": "Feature", "properties": {"sea_point_id": 4132, "name": "Sea of Okhotsk", "ed_raw": 0, "hst_raw": 0, "pal_raw": 0}, "geometry": {"type": "Point", "coordinates": [12535.0, 949.0]}}, {"type": "Feature", "properties": {"sea_point_id": 4133, "name": "Indus River", "ed_raw": 0, "hst_raw": 0, "pal_raw": 0}, "geometry": {"type": "Point", "coordinates": [9124.0, 3189.0]}}, {"type": "Feature", "properties": {"sea_point_id": 4134, "name": "Sea of Okhotsk", "ed_raw": 0, "hst_raw": 0, "pal_raw": 0}, "geometry": {"type": "Point", "coordinates": [12437.0, 1125.0]}}, {"type": "Feature", "properties": {"sea_point_id": 4135, "name": "Laccadive Sea", "ed_raw": 0, "hst_raw": 0, "pal_raw": 0}, "geometry": {"type": "Point", "coordinates": [9991.0, 3370.0]}}, {"type": "Feature", "properties": {"sea_point_id": 4136, "name": "Sea of Okhotsk", "ed_raw": 0, "hst_raw": 0, "pal_raw": 0}, "geometry": {"type": "Point", "coordinates": [12405.0, 1306.0]}}, {"type": "Feature", "properties": {"sea_point_id": 4137, "name": "Pacific Ocean", "ed_raw": 0, "hst_raw": 0, "pal_raw": 0}, "geometry": {"type": "Point", "coordinates": [12555.0, 1255.0]}}, {"type": "Feature", "properties": {"sea_point_id": 4138, "name": "Pacific Ocean", "ed_raw": 0, "hst_raw": 0, "pal_raw": 0}, "geometry": {"type": "Point", "coordinates": [12446.0, 1358.0]}}, {"type": "Feature", "properties": {"sea_point_id": 4139, "name": "Sea of Okhotsk", "ed_raw": 0, "hst_raw": 0, "pal_raw": 0}, "geometry": {"type": "Point", "coordinates": [12387.0, 1412.0]}}, {"type": "Feature", "properties": {"sea_point_id": 4140, "name": "Bering Sea", "ed_raw": 0, "hst_raw": 0, "pal_raw": 0}, "geometry": {"type": "Point", "coordinates": [12679.0, 1145.0]}}, {"type": "Feature", "properties": {"sea_point_id": 4141, "name": "Bering Sea", "ed_raw": 0, "hst_raw": 0, "pal_raw": 0}, "geometry": {"type": "Point", "coordinates": [12759.0, 956.0]}}, {"type": "Feature", "properties": {"sea_point_id": 4142, "name": "Bering Sea", "ed_raw": 0, "hst_raw": 0, "pal_raw": 0}, "geometry": {"type": "Point", "coordinates": [12738.0, 1066.0]}}, {"type": "Feature", "properties": {"sea_point_id": 4143, "name": "Bering Sea", "ed_raw": 0, "hst_raw": 0, "pal_raw": 0}, "geometry": {"type": "Point", "coordinates": [12849.0, 891.0]}}, {"type": "Feature", "properties": {"sea_point_id": 4144, "name": "Bering Sea", "ed_raw": 0, "hst_raw": 0, "pal_raw": 0}, "geometry": {"type": "Point", "coordinates": [13035.0, 883.0]}}, {"type": "Feature", "properties": {"sea_point_id": 4145, "name": "Bering Sea", "ed_raw": 0, "hst_raw": 0, "pal_raw": 0}, "geometry": {"type": "Point", "coordinates": [13222.0, 854.0]}}, {"type": "Feature", "properties": {"sea_point_id": 4146, "name": "Bering Sea", "ed_raw": 0, "hst_raw": 0, "pal_raw": 0}, "geometry": {"type": "Point", "coordinates": [13305.0, 776.0]}}, {"type": "Feature", "properties": {"sea_point_id": 4147, "name": "Bering Sea", "ed_raw": 0, "hst_raw": 0, "pal_raw": 0}, "geometry": {"type": "Point", "coordinates": [13469.0, 798.0]}}, {"type": "Feature", "properties": {"sea_point_id": 4148, "name": "Artic Ocean", "ed_raw": 0, "hst_raw": 0, "pal_raw": 0}, "geometry": {"type": "Point", "coordinates": [1926.0, 421.0]}}, {"type": "Feature", "properties": {"sea_point_id": 4149, "name": "Laccadive Sea", "ed_raw": 0, "hst_raw": 0, "pal_raw": 0}, "geometry": {"type": "Point", "coordinates": [10020.0, 3325.0]}}, {"type": "Feature", "properties": {"sea_point_id": 4150, "name": "Laccadive Sea", "ed_raw": 0, "hst_raw": 0, "pal_raw": 0}, "geometry": {"type": "Point", "coordinates": [10105.0, 3324.0]}}, {"type": "Feature", "properties": {"sea_point_id": 4151, "name": "Laccadive Sea", "ed_raw": 0, "hst_raw": 0, "pal_raw": 0}, "geometry": {"type": "Point", "coordinates": [10249.0, 3609.0]}}, {"type": "Feature", "properties": {"sea_point_id": 4152, "name": "Artic Ocean", "ed_raw": 0, "hst_raw": 0, "pal_raw": 0}, "geometry": {"type": "Point", "coordinates": [2067.0, 421.0]}}, {"type": "Feature", "properties": {"sea_point_id": 4153, "name": "Sea of Japan", "ed_raw": 0, "hst_raw": 0, "pal_raw": 0}, "geometry": {"type": "Point", "coordinates": [11768.0, 2434.0]}}, {"type": "Feature", "properties": {"sea_point_id": 4154, "name": "Pacific Ocean", "ed_raw": 0, "hst_raw": 0, "pal_raw": 0}, "geometry": {"type": "Point", "coordinates": [12215.0, 2055.0]}}, {"type": "Feature", "properties": {"sea_point_id": 4155, "name": "Pacific Ocean", "ed_raw": 0, "hst_raw": 0, "pal_raw": 0}, "geometry": {"type": "Point", "coordinates": [12216.0, 1979.0]}}, {"type": "Feature", "properties": {"sea_point_id": 4156, "name": "East Siberian Sea", "ed_raw": 0, "hst_raw": 0, "pal_raw": 0}, "geometry": {"type": "Point", "coordinates": [13487.0, 670.0]}}, {"type": "Feature", "properties": {"sea_point_id": 4157, "name": "Bering Sea", "ed_raw": 0, "hst_raw": 0, "pal_raw": 0}, "geometry": {"type": "Point", "coordinates": [1.0, 715.0]}}, {"type": "Feature", "properties": {"sea_point_id": 4158, "name": "Laccadive Sea", "ed_raw": 0, "hst_raw": 0, "pal_raw": 0}, "geometry": {"type": "Point", "coordinates": [10295.0, 3582.0]}}, {"type": "Feature", "properties": {"sea_point_id": 4159, "name": "Bering Sea", "ed_raw": 0, "hst_raw": 0, "pal_raw": 0}, "geometry": {"type": "Point", "coordinates": [13559.0, 744.0]}}, {"type": "Feature", "properties": {"sea_point_id": 4160, "name": "Bering Sea", "ed_raw": 0, "hst_raw": 0, "pal_raw": 0}, "geometry": {"type": "Point", "coordinates": [13526.0, 774.0]}}, {"type": "Feature", "properties": {"sea_point_id": 4161, "name": "East Siberian Sea", "ed_raw": 0, "hst_raw": 0, "pal_raw": 0}, "geometry": {"type": "Point", "coordinates": [13395.0, 634.0]}}, {"type": "Feature", "properties": {"sea_point_id": 4162, "name": "East Siberian Sea", "ed_raw": 0, "hst_raw": 0, "pal_raw": 0}, "geometry": {"type": "Point", "coordinates": [13297.0, 585.0]}}, {"type": "Feature", "properties": {"sea_point_id": 4163, "name": "East Siberian Sea", "ed_raw": 0, "hst_raw": 0, "pal_raw": 0}, "geometry": {"type": "Point", "coordinates": [13159.0, 562.0]}}, {"type": "Feature", "properties": {"sea_point_id": 4164, "name": "East Siberian Sea", "ed_raw": 0, "hst_raw": 0, "pal_raw": 0}, "geometry": {"type": "Point", "coordinates": [13033.0, 537.0]}}, {"type": "Feature", "properties": {"sea_point_id": 4165, "name": "Artic Ocean", "ed_raw": 0, "hst_raw": 0, "pal_raw": 0}, "geometry": {"type": "Point", "coordinates": [2207.0, 421.0]}}, {"type": "Feature", "properties": {"sea_point_id": 4166, "name": "East Siberian Sea", "ed_raw": 0, "hst_raw": 0, "pal_raw": 0}, "geometry": {"type": "Point", "coordinates": [12944.0, 577.0]}}, {"type": "Feature", "properties": {"sea_point_id": 4167, "name": "East Siberian Sea", "ed_raw": 0, "hst_raw": 0, "pal_raw": 0}, "geometry": {"type": "Point", "coordinates": [12844.0, 588.0]}}, {"type": "Feature", "properties": {"sea_point_id": 4168, "name": "East Siberian Sea", "ed_raw": 0, "hst_raw": 0, "pal_raw": 0}, "geometry": {"type": "Point", "coordinates": [12748.0, 585.0]}}, {"type": "Feature", "properties": {"sea_point_id": 4169, "name": "East Siberian Sea", "ed_raw": 0, "hst_raw": 0, "pal_raw": 0}, "geometry": {"type": "Point", "coordinates": [12636.0, 588.0]}}, {"type": "Feature", "properties": {"sea_point_id": 4170, "name": "East Siberian Sea", "ed_raw": 0, "hst_raw": 0, "pal_raw": 0}, "geometry": {"type": "Point", "coordinates": [12507.0, 534.0]}}, {"type": "Feature", "properties": {"sea_point_id": 4171, "name": "East Siberian Sea", "ed_raw": 0, "hst_raw": 0, "pal_raw": 0}, "geometry": {"type": "Point", "coordinates": [12314.0, 518.0]}}, {"type": "Feature", "properties": {"sea_point_id": 4172, "name": "East Siberian Sea", "ed_raw": 0, "hst_raw": 0, "pal_raw": 0}, "geometry": {"type": "Point", "coordinates": [12143.0, 473.0]}}, {"type": "Feature", "properties": {"sea_point_id": 4173, "name": "East Siberian Sea", "ed_raw": 0, "hst_raw": 0, "pal_raw": 0}, "geometry": {"type": "Point", "coordinates": [11893.0, 449.0]}}, {"type": "Feature", "properties": {"sea_point_id": 4174, "name": "East Siberian Sea", "ed_raw": 0, "hst_raw": 0, "pal_raw": 0}, "geometry": {"type": "Point", "coordinates": [11702.0, 447.0]}}, {"type": "Feature", "properties": {"sea_point_id": 4175, "name": "Laptev Sea", "ed_raw": 0, "hst_raw": 0, "pal_raw": 0}, "geometry": {"type": "Point", "coordinates": [11544.0, 426.0]}}, {"type": "Feature", "properties": {"sea_point_id": 4176, "name": "Laptev Sea", "ed_raw": 0, "hst_raw": 0, "pal_raw": 0}, "geometry": {"type": "Point", "coordinates": [11407.0, 441.0]}}, {"type": "Feature", "properties": {"sea_point_id": 4177, "name": "Laptev Sea", "ed_raw": 0, "hst_raw": 0, "pal_raw": 0}, "geometry": {"type": "Point", "coordinates": [11256.0, 403.0]}}, {"type": "Feature", "properties": {"sea_point_id": 4178, "name": "Laptev Sea", "ed_raw": 0, "hst_raw": 0, "pal_raw": 0}, "geometry": {"type": "Point", "coordinates": [11122.0, 367.0]}}, {"type": "Feature", "properties": {"sea_point_id": 4179, "name": "Laptev Sea", "ed_raw": 0, "hst_raw": 0, "pal_raw": 0}, "geometry": {"type": "Point", "coordinates": [11014.0, 346.0]}}, {"type": "Feature", "properties": {"sea_point_id": 4180, "name": "Laptev Sea", "ed_raw": 0, "hst_raw": 0, "pal_raw": 0}, "geometry": {"type": "Point", "coordinates": [10917.0, 308.0]}}, {"type": "Feature", "properties": {"sea_point_id": 4181, "name": "Laptev Sea", "ed_raw": 0, "hst_raw": 0, "pal_raw": 0}, "geometry": {"type": "Point", "coordinates": [10814.0, 313.0]}}, {"type": "Feature", "properties": {"sea_point_id": 4183, "name": "Laptev Sea", "ed_raw": 0, "hst_raw": 0, "pal_raw": 0}, "geometry": {"type": "Point", "coordinates": [10561.0, 260.0]}}, {"type": "Feature", "properties": {"sea_point_id": 4185, "name": "Kara Sea", "ed_raw": 0, "hst_raw": 0, "pal_raw": 0}, "geometry": {"type": "Point", "coordinates": [10288.0, 239.0]}}, {"type": "Feature", "properties": {"sea_point_id": 4186, "name": "Kara Sea", "ed_raw": 0, "hst_raw": 0, "pal_raw": 0}, "geometry": {"type": "Point", "coordinates": [10174.0, 289.0]}}, {"type": "Feature", "properties": {"sea_point_id": 4187, "name": "Kara Sea", "ed_raw": 0, "hst_raw": 0, "pal_raw": 0}, "geometry": {"type": "Point", "coordinates": [9949.0, 317.0]}}, {"type": "Feature", "properties": {"sea_point_id": 4188, "name": "Kara Sea", "ed_raw": 0, "hst_raw": 0, "pal_raw": 0}, "geometry": {"type": "Point", "coordinates": [9715.0, 337.0]}}, {"type": "Feature", "properties": {"sea_point_id": 4189, "name": "Kara Sea", "ed_raw": 0, "hst_raw": 0, "pal_raw": 0}, "geometry": {"type": "Point", "coordinates": [9567.0, 441.0]}}, {"type": "Feature", "properties": {"sea_point_id": 4190, "name": "Kara Sea", "ed_raw": 0, "hst_raw": 0, "pal_raw": 0}, "geometry": {"type": "Point", "coordinates": [9399.0, 429.0]}}, {"type": "Feature", "properties": {"sea_point_id": 4191, "name": "Kara Sea", "ed_raw": 0, "hst_raw": 0, "pal_raw": 0}, "geometry": {"type": "Point", "coordinates": [9402.0, 489.0]}}, {"type": "Feature", "properties": {"sea_point_id": 4192, "name": "Kara Sea", "ed_raw": 0, "hst_raw": 0, "pal_raw": 0}, "geometry": {"type": "Point", "coordinates": [9480.0, 536.0]}}, {"type": "Feature", "properties": {"sea_point_id": 4193, "name": "Kara Sea", "ed_raw": 0, "hst_raw": 0, "pal_raw": 0}, "geometry": {"type": "Point", "coordinates": [9315.0, 504.0]}}, {"type": "Feature", "properties": {"sea_point_id": 4194, "name": "Kara Sea", "ed_raw": 0, "hst_raw": 0, "pal_raw": 0}, "geometry": {"type": "Point", "coordinates": [9211.0, 489.0]}}, {"type": "Feature", "properties": {"sea_point_id": 4195, "name": "Kara Sea", "ed_raw": 0, "hst_raw": 0, "pal_raw": 0}, "geometry": {"type": "Point", "coordinates": [9079.0, 452.0]}}, {"type": "Feature", "properties": {"sea_point_id": 4196, "name": "Kara Sea", "ed_raw": 0, "hst_raw": 0, "pal_raw": 0}, "geometry": {"type": "Point", "coordinates": [9081.0, 593.0]}}, {"type": "Feature", "properties": {"sea_point_id": 4197, "name": "Kara Sea", "ed_raw": 0, "hst_raw": 0, "pal_raw": 0}, "geometry": {"type": "Point", "coordinates": [9224.0, 636.0]}}, {"type": "Feature", "properties": {"sea_point_id": 4198, "name": "Kara Sea", "ed_raw": 0, "hst_raw": 0, "pal_raw": 0}, "geometry": {"type": "Point", "coordinates": [9148.0, 634.0]}}, {"type": "Feature", "properties": {"sea_point_id": 4199, "name": "Barents Sea", "ed_raw": 0, "hst_raw": 0, "pal_raw": 0}, "geometry": {"type": "Point", "coordinates": [8969.0, 406.0]}}, {"type": "Feature", "properties": {"sea_point_id": 4200, "name": "Barents Sea", "ed_raw": 0, "hst_raw": 0, "pal_raw": 0}, "geometry": {"type": "Point", "coordinates": [8869.0, 516.0]}}, {"type": "Feature", "properties": {"sea_point_id": 4201, "name": "Barents Sea", "ed_raw": 0, "hst_raw": 0, "pal_raw": 0}, "geometry": {"type": "Point", "coordinates": [8837.0, 610.0]}}, {"type": "Feature", "properties": {"sea_point_id": 4202, "name": "Barents Sea", "ed_raw": 0, "hst_raw": 0, "pal_raw": 0}, "geometry": {"type": "Point", "coordinates": [8700.0, 592.0]}}, {"type": "Feature", "properties": {"sea_point_id": 4203, "name": "Barents Sea", "ed_raw": 0, "hst_raw": 0, "pal_raw": 0}, "geometry": {"type": "Point", "coordinates": [8527.0, 597.0]}}, {"type": "Feature", "properties": {"sea_point_id": 4204, "name": "Barents Sea", "ed_raw": 0, "hst_raw": 0, "pal_raw": 0}, "geometry": {"type": "Point", "coordinates": [8392.0, 598.0]}}, {"type": "Feature", "properties": {"sea_point_id": 4205, "name": "Barents Sea", "ed_raw": 0, "hst_raw": 0, "pal_raw": 0}, "geometry": {"type": "Point", "coordinates": [8253.0, 624.0]}}, {"type": "Feature", "properties": {"sea_point_id": 4206, "name": "Barents Sea", "ed_raw": 0, "hst_raw": 0, "pal_raw": 0}, "geometry": {"type": "Point", "coordinates": [8148.0, 652.0]}}, {"type": "Feature", "properties": {"sea_point_id": 4207, "name": "Barents Sea", "ed_raw": 0, "hst_raw": 0, "pal_raw": 0}, "geometry": {"type": "Point", "coordinates": [8022.0, 680.0]}}, {"type": "Feature", "properties": {"sea_point_id": 4208, "name": "Laccadive Sea", "ed_raw": 0, "hst_raw": 0, "pal_raw": 0}, "geometry": {"type": "Point", "coordinates": [10430.0, 3556.0]}}, {"type": "Feature", "properties": {"sea_point_id": 4209, "name": "Barents Sea", "ed_raw": 0, "hst_raw": 0, "pal_raw": 0}, "geometry": {"type": "Point", "coordinates": [7843.0, 715.0]}}, {"type": "Feature", "properties": {"sea_point_id": 4210, "name": "Barents Sea", "ed_raw": 0, "hst_raw": 0, "pal_raw": 0}, "geometry": {"type": "Point", "coordinates": [7910.0, 680.0]}}, {"type": "Feature", "properties": {"sea_point_id": 4211, "name": "Barents Sea", "ed_raw": 0, "hst_raw": 0, "pal_raw": 0}, "geometry": {"type": "Point", "coordinates": [7784.0, 668.0]}}, {"type": "Feature", "properties": {"sea_point_id": 4212, "name": "Barents Sea", "ed_raw": 0, "hst_raw": 0, "pal_raw": 0}, "geometry": {"type": "Point", "coordinates": [7720.0, 689.0]}}, {"type": "Feature", "properties": {"sea_point_id": 4213, "name": "Caspian Sea", "ed_raw": 0, "hst_raw": 0, "pal_raw": 0}, "geometry": {"type": "Point", "coordinates": [8321.0, 2174.0]}}, {"type": "Feature", "properties": {"sea_point_id": 4214, "name": "Caspian Sea", "ed_raw": 0, "hst_raw": 0, "pal_raw": 0}, "geometry": {"type": "Point", "coordinates": [8343.0, 2334.0]}}, {"type": "Feature", "properties": {"sea_point_id": 4215, "name": "Caspian Sea", "ed_raw": 0, "hst_raw": 0, "pal_raw": 0}, "geometry": {"type": "Point", "coordinates": [8327.0, 2259.0]}}, {"type": "Feature", "properties": {"sea_point_id": 4216, "name": "Caspian Sea", "ed_raw": 0, "hst_raw": 0, "pal_raw": 0}, "geometry": {"type": "Point", "coordinates": [8472.0, 2076.0]}}, {"type": "Feature", "properties": {"sea_point_id": 4217, "name": "Laccadive Sea", "ed_raw": 0, "hst_raw": 0, "pal_raw": 0}, "geometry": {"type": "Point", "coordinates": [10509.0, 3737.0]}}, {"type": "Feature", "properties": {"sea_point_id": 4218, "name": "Caspian Sea", "ed_raw": 0, "hst_raw": 0, "pal_raw": 0}, "geometry": {"type": "Point", "coordinates": [8391.0, 2090.0]}}, {"type": "Feature", "properties": {"sea_point_id": 4219, "name": "Caspian Sea", "ed_raw": 0, "hst_raw": 0, "pal_raw": 0}, "geometry": {"type": "Point", "coordinates": [8412.0, 2159.0]}}, {"type": "Feature", "properties": {"sea_point_id": 4220, "name": "Caspian Sea", "ed_raw": 0, "hst_raw": 0, "pal_raw": 0}, "geometry": {"type": "Point", "coordinates": [8424.0, 2241.0]}}, {"type": "Feature", "properties": {"sea_point_id": 4221, "name": "Laccadive Sea", "ed_raw": 0, "hst_raw": 0, "pal_raw": 0}, "geometry": {"type": "Point", "coordinates": [10508.0, 3842.0]}}, {"type": "Feature", "properties": {"sea_point_id": 4222, "name": "Caspian Sea", "ed_raw": 0, "hst_raw": 0, "pal_raw": 0}, "geometry": {"type": "Point", "coordinates": [8552.0, 2377.0]}}, {"type": "Feature", "properties": {"sea_point_id": 4223, "name": "Caspian Sea", "ed_raw": 0, "hst_raw": 0, "pal_raw": 0}, "geometry": {"type": "Point", "coordinates": [8505.0, 2355.0]}}, {"type": "Feature", "properties": {"sea_point_id": 4224, "name": "Caspian Sea", "ed_raw": 0, "hst_raw": 0, "pal_raw": 0}, "geometry": {"type": "Point", "coordinates": [8403.0, 2399.0]}}, {"type": "Feature", "properties": {"sea_point_id": 4225, "name": "Caspian Sea", "ed_raw": 0, "hst_raw": 0, "pal_raw": 0}, "geometry": {"type": "Point", "coordinates": [8401.0, 2505.0]}}, {"type": "Feature", "properties": {"sea_point_id": 4226, "name": "Caspian Sea", "ed_raw": 0, "hst_raw": 0, "pal_raw": 0}, "geometry": {"type": "Point", "coordinates": [8411.0, 2574.0]}}, {"type": "Feature", "properties": {"sea_point_id": 4227, "name": "Caspian Sea", "ed_raw": 0, "hst_raw": 0, "pal_raw": 0}, "geometry": {"type": "Point", "coordinates": [8488.0, 2598.0]}}, {"type": "Feature", "properties": {"sea_point_id": 4228, "name": "Caspian Sea", "ed_raw": 0, "hst_raw": 0, "pal_raw": 0}, "geometry": {"type": "Point", "coordinates": [8568.0, 2595.0]}}, {"type": "Feature", "properties": {"sea_point_id": 4229, "name": "Caspian Sea", "ed_raw": 0, "hst_raw": 0, "pal_raw": 0}, "geometry": {"type": "Point", "coordinates": [8584.0, 2561.0]}}, {"type": "Feature", "properties": {"sea_point_id": 4230, "name": "Caspian Sea", "ed_raw": 0, "hst_raw": 0, "pal_raw": 0}, "geometry": {"type": "Point", "coordinates": [8565.0, 2507.0]}}, {"type": "Feature", "properties": {"sea_point_id": 4231, "name": "Laccadive Sea", "ed_raw": 0, "hst_raw": 0, "pal_raw": 0}, "geometry": {"type": "Point", "coordinates": [10497.0, 3944.0]}}, {"type": "Feature", "properties": {"sea_point_id": 4232, "name": "East Siberian Sea", "ed_raw": 0, "hst_raw": 0, "pal_raw": 0}, "geometry": {"type": "Point", "coordinates": [12924.0, 421.0]}}, {"type": "Feature", "properties": {"sea_point_id": 4233, "name": "Caspian Sea", "ed_raw": 0, "hst_raw": 0, "pal_raw": 0}, "geometry": {"type": "Point", "coordinates": [8527.0, 2452.0]}}, {"type": "Feature", "properties": {"sea_point_id": 4234, "name": "Malacca Strait", "ed_raw": 0, "hst_raw": 0, "pal_raw": 0}, "geometry": {"type": "Point", "coordinates": [10576.0, 4001.0]}}, {"type": "Feature", "properties": {"sea_point_id": 4235, "name": "Atlantic Ocean", "ed_raw": 0, "hst_raw": 0, "pal_raw": 0}, "geometry": {"type": "Point", "coordinates": [5553.0, 1056.0]}}, {"type": "Feature", "properties": {"sea_point_id": 4236, "name": "Atlantic Ocean", "ed_raw": 0, "hst_raw": 0, "pal_raw": 0}, "geometry": {"type": "Point", "coordinates": [5606.0, 986.0]}}, {"type": "Feature", "properties": {"sea_point_id": 4237, "name": "Malacca Strait", "ed_raw": 0, "hst_raw": 0, "pal_raw": 0}, "geometry": {"type": "Point", "coordinates": [10609.0, 4105.0]}}, {"type": "Feature", "properties": {"sea_point_id": 4238, "name": "Pacific Ocean", "ed_raw": 0, "hst_raw": 0, "pal_raw": 0}, "geometry": {"type": "Point", "coordinates": [12247.0, 2007.0]}}, {"type": "Feature", "properties": {"sea_point_id": 4239, "name": "Norwegian Sea", "ed_raw": 0, "hst_raw": 0, "pal_raw": 0}, "geometry": {"type": "Point", "coordinates": [5429.0, 895.0]}}, {"type": "Feature", "properties": {"sea_point_id": 4240, "name": "Java Sea", "ed_raw": 0, "hst_raw": 0, "pal_raw": 0}, "geometry": {"type": "Point", "coordinates": [10799.0, 4369.0]}}, {"type": "Feature", "properties": {"sea_point_id": 4241, "name": "East Siberian Sea", "ed_raw": 0, "hst_raw": 0, "pal_raw": 0}, "geometry": {"type": "Point", "coordinates": [13096.0, 421.0]}}, {"type": "Feature", "properties": {"sea_point_id": 4242, "name": "Norwegian Sea", "ed_raw": 0, "hst_raw": 0, "pal_raw": 0}, "geometry": {"type": "Point", "coordinates": [5272.0, 912.0]}}, {"type": "Feature", "properties": {"sea_point_id": 4243, "name": "Java Sea", "ed_raw": 0, "hst_raw": 0, "pal_raw": 0}, "geometry": {"type": "Point", "coordinates": [10848.0, 4391.0]}}, {"type": "Feature", "properties": {"sea_point_id": 4244, "name": "Java Sea", "ed_raw": 0, "hst_raw": 0, "pal_raw": 0}, "geometry": {"type": "Point", "coordinates": [10767.0, 4222.0]}}, {"type": "Feature", "properties": {"sea_point_id": 4245, "name": "Denmark Strait", "ed_raw": 0, "hst_raw": 0, "pal_raw": 0}, "geometry": {"type": "Point", "coordinates": [5237.0, 1016.0]}}, {"type": "Feature", "properties": {"sea_point_id": 4246, "name": "Denmark Strait", "ed_raw": 0, "hst_raw": 0, "pal_raw": 0}, "geometry": {"type": "Point", "coordinates": [5278.0, 1033.0]}}, {"type": "Feature", "properties": {"sea_point_id": 4247, "name": "Atlantic Ocean", "ed_raw": 0, "hst_raw": 0, "pal_raw": 0}, "geometry": {"type": "Point", "coordinates": [5324.0, 1102.0]}}, {"type": "Feature", "properties": {"sea_point_id": 4248, "name": "Java Sea", "ed_raw": 0, "hst_raw": 0, "pal_raw": 0}, "geometry": {"type": "Point", "coordinates": [10831.0, 3919.0]}}, {"type": "Feature", "properties": {"sea_point_id": 4249, "name": "Denmark Strait", "ed_raw": 0, "hst_raw": 0, "pal_raw": 0}, "geometry": {"type": "Point", "coordinates": [4885.0, 938.0]}}, {"type": "Feature", "properties": {"sea_point_id": 4250, "name": "Atlantic Ocean", "ed_raw": 0, "hst_raw": 0, "pal_raw": 0}, "geometry": {"type": "Point", "coordinates": [5435.0, 1100.0]}}, {"type": "Feature", "properties": {"sea_point_id": 4251, "name": "Atlantic Ocean", "ed_raw": 0, "hst_raw": 0, "pal_raw": 0}, "geometry": {"type": "Point", "coordinates": [5502.0, 1079.0]}}, {"type": "Feature", "properties": {"sea_point_id": 4252, "name": "Atlantic Ocean", "ed_raw": 0, "hst_raw": 0, "pal_raw": 0}, "geometry": {"type": "Point", "coordinates": [4971.0, 864.0]}}, {"type": "Feature", "properties": {"sea_point_id": 4253, "name": "Atlantic Ocean", "ed_raw": 0, "hst_raw": 0, "pal_raw": 0}, "geometry": {"type": "Point", "coordinates": [5086.0, 806.0]}}, {"type": "Feature", "properties": {"sea_point_id": 4254, "name": "Java Sea", "ed_raw": 0, "hst_raw": 0, "pal_raw": 0}, "geometry": {"type": "Point", "coordinates": [11028.0, 3377.0]}}, {"type": "Feature", "properties": {"sea_point_id": 4255, "name": "Greenland Sea", "ed_raw": 0, "hst_raw": 0, "pal_raw": 0}, "geometry": {"type": "Point", "coordinates": [5170.0, 738.0]}}, {"type": "Feature", "properties": {"sea_point_id": 4256, "name": "Greenland Sea", "ed_raw": 0, "hst_raw": 0, "pal_raw": 0}, "geometry": {"type": "Point", "coordinates": [5207.0, 627.0]}}, {"type": "Feature", "properties": {"sea_point_id": 4257, "name": "Greenland Sea", "ed_raw": 0, "hst_raw": 0, "pal_raw": 0}, "geometry": {"type": "Point", "coordinates": [5257.0, 509.0]}}, {"type": "Feature", "properties": {"sea_point_id": 4258, "name": "Greenland Sea", "ed_raw": 0, "hst_raw": 0, "pal_raw": 0}, "geometry": {"type": "Point", "coordinates": [5344.0, 449.0]}}, {"type": "Feature", "properties": {"sea_point_id": 4259, "name": "Artic Ocean", "ed_raw": 0, "hst_raw": 0, "pal_raw": 0}, "geometry": {"type": "Point", "coordinates": [5171.0, 390.0]}}, {"type": "Feature", "properties": {"sea_point_id": 4260, "name": "St. Lawrence", "ed_raw": 0, "hst_raw": 0, "pal_raw": 0}, "geometry": {"type": "Point", "coordinates": [3705.0, 1712.0]}}, {"type": "Feature", "properties": {"sea_point_id": 4261, "name": "Artic Ocean", "ed_raw": 0, "hst_raw": 0, "pal_raw": 0}, "geometry": {"type": "Point", "coordinates": [4872.0, 422.0]}}, {"type": "Feature", "properties": {"sea_point_id": 4262, "name": "sea", "ed_raw": 0, "hst_raw": 0, "pal_raw": 0}, "geometry": {"type": "Point", "coordinates": [5392.0, 332.0]}}, {"type": "Feature", "properties": {"sea_point_id": 4263, "name": "Artic Ocean", "ed_raw": 0, "hst_raw": 0, "pal_raw": 0}, "geometry": {"type": "Point", "coordinates": [4663.0, 476.0]}}, {"type": "Feature", "properties": {"sea_point_id": 4264, "name": "Baffin Bay", "ed_raw": 0, "hst_raw": 0, "pal_raw": 0}, "geometry": {"type": "Point", "coordinates": [4596.0, 557.0]}}, {"type": "Feature", "properties": {"sea_point_id": 4265, "name": "St. Lawrence", "ed_raw": 0, "hst_raw": 0, "pal_raw": 0}, "geometry": {"type": "Point", "coordinates": [3689.0, 1724.0]}}, {"type": "Feature", "properties": {"sea_point_id": 4266, "name": "Java Sea", "ed_raw": 0, "hst_raw": 0, "pal_raw": 0}, "geometry": {"type": "Point", "coordinates": [10946.0, 3409.0]}}, {"type": "Feature", "properties": {"sea_point_id": 4267, "name": "St. Lawrence", "ed_raw": 0, "hst_raw": 0, "pal_raw": 0}, "geometry": {"type": "Point", "coordinates": [3677.0, 1714.0]}}, {"type": "Feature", "properties": {"sea_point_id": 4268, "name": "Baffin Bay", "ed_raw": 0, "hst_raw": 0, "pal_raw": 0}, "geometry": {"type": "Point", "coordinates": [4691.0, 877.0]}}, {"type": "Feature", "properties": {"sea_point_id": 4269, "name": "Baffin Bay", "ed_raw": 0, "hst_raw": 0, "pal_raw": 0}, "geometry": {"type": "Point", "coordinates": [4699.0, 972.0]}}, {"type": "Feature", "properties": {"sea_point_id": 4270, "name": "Labrador Sea", "ed_raw": 0, "hst_raw": 0, "pal_raw": 0}, "geometry": {"type": "Point", "coordinates": [4758.0, 1045.0]}}, {"type": "Feature", "properties": {"sea_point_id": 4271, "name": "Labrador Sea", "ed_raw": 0, "hst_raw": 0, "pal_raw": 0}, "geometry": {"type": "Point", "coordinates": [4833.0, 1021.0]}}, {"type": "Feature", "properties": {"sea_point_id": 4272, "name": "Artic Ocean", "ed_raw": 0, "hst_raw": 0, "pal_raw": 0}, "geometry": {"type": "Point", "coordinates": [2467.0, 605.0]}}, {"type": "Feature", "properties": {"sea_point_id": 4273, "name": "Artic Ocean", "ed_raw": 0, "hst_raw": 0, "pal_raw": 0}, "geometry": {"type": "Point", "coordinates": [2288.0, 551.0]}}, {"type": "Feature", "properties": {"sea_point_id": 4274, "name": "Artic Ocean", "ed_raw": 0, "hst_raw": 0, "pal_raw": 0}, "geometry": {"type": "Point", "coordinates": [2139.0, 555.0]}}, {"type": "Feature", "properties": {"sea_point_id": 4275, "name": "Artic Ocean", "ed_raw": 0, "hst_raw": 0, "pal_raw": 0}, "geometry": {"type": "Point", "coordinates": [2005.0, 554.0]}}, {"type": "Feature", "properties": {"sea_point_id": 4276, "name": "Beaufort Sea", "ed_raw": 0, "hst_raw": 0, "pal_raw": 0}, "geometry": {"type": "Point", "coordinates": [1838.0, 551.0]}}, {"type": "Feature", "properties": {"sea_point_id": 4277, "name": "Beaufort Sea", "ed_raw": 0, "hst_raw": 0, "pal_raw": 0}, "geometry": {"type": "Point", "coordinates": [1656.0, 524.0]}}, {"type": "Feature", "properties": {"sea_point_id": 4278, "name": "(0.0,1283.0", "ed_raw": 0, "hst_raw": 0, "pal_raw": 0}, "geometry": {"type": "Point", "coordinates": [1517.0, 479.0]}}, {"type": "Feature", "properties": {"sea_point_id": 4279, "name": "Beaufort Sea", "ed_raw": 0, "hst_raw": 0, "pal_raw": 0}, "geometry": {"type": "Point", "coordinates": [1353.0, 423.0]}}, {"type": "Feature", "properties": {"sea_point_id": 4280, "name": "Beaufort Sea", "ed_raw": 0, "hst_raw": 0, "pal_raw": 0}, "geometry": {"type": "Point", "coordinates": [1227.0, 384.0]}}, {"type": "Feature", "properties": {"sea_point_id": 4281, "name": "Beaufort Sea", "ed_raw": 0, "hst_raw": 0, "pal_raw": 0}, "geometry": {"type": "Point", "coordinates": [1069.0, 360.0]}}, {"type": "Feature", "properties": {"sea_point_id": 4282, "name": "Beaufort Sea", "ed_raw": 0, "hst_raw": 0, "pal_raw": 0}, "geometry": {"type": "Point", "coordinates": [816.0, 343.0]}}, {"type": "Feature", "properties": {"sea_point_id": 4283, "name": "Beaufort Sea", "ed_raw": 0, "hst_raw": 0, "pal_raw": 0}, "geometry": {"type": "Point", "coordinates": [572.0, 315.0]}}, {"type": "Feature", "properties": {"sea_point_id": 4284, "name": "Beaufort Sea", "ed_raw": 0, "hst_raw": 0, "pal_raw": 0}, "geometry": {"type": "Point", "coordinates": [353.0, 347.0]}}, {"type": "Feature", "properties": {"sea_point_id": 4285, "name": "Chukchi Sea", "ed_raw": 0, "hst_raw": 0, "pal_raw": 0}, "geometry": {"type": "Point", "coordinates": [221.0, 477.0]}}, {"type": "Feature", "properties": {"sea_point_id": 4286, "name": "Chukchi Sea", "ed_raw": 0, "hst_raw": 0, "pal_raw": 0}, "geometry": {"type": "Point", "coordinates": [233.0, 577.0]}}, {"type": "Feature", "properties": {"sea_point_id": 4287, "name": "Pacific Ocean", "ed_raw": 0, "hst_raw": 0, "pal_raw": 0}, "geometry": {"type": "Point", "coordinates": [11701.0, 2912.0]}}, {"type": "Feature", "properties": {"sea_point_id": 4288, "name": "Chukchi Sea", "ed_raw": 0, "hst_raw": 0, "pal_raw": 0}, "geometry": {"type": "Point", "coordinates": [378.0, 570.0]}}, {"type": "Feature", "properties": {"sea_point_id": 4289, "name": "Chukchi Sea", "ed_raw": 0, "hst_raw": 0, "pal_raw": 0}, "geometry": {"type": "Point", "coordinates": [73.0, 642.0]}}, {"type": "Feature", "properties": {"sea_point_id": 4290, "name": "Bering Sea", "ed_raw": 0, "hst_raw": 0, "pal_raw": 0}, "geometry": {"type": "Point", "coordinates": [61.0, 766.0]}}, {"type": "Feature", "properties": {"sea_point_id": 4291, "name": "Bering Sea", "ed_raw": 0, "hst_raw": 0, "pal_raw": 0}, "geometry": {"type": "Point", "coordinates": [217.0, 790.0]}}, {"type": "Feature", "properties": {"sea_point_id": 4292, "name": "Bering Sea", "ed_raw": 0, "hst_raw": 0, "pal_raw": 0}, "geometry": {"type": "Point", "coordinates": [352.0, 817.0]}}, {"type": "Feature", "properties": {"sea_point_id": 4293, "name": "Bering Sea", "ed_raw": 0, "hst_raw": 0, "pal_raw": 0}, "geometry": {"type": "Point", "coordinates": [229.0, 874.0]}}, {"type": "Feature", "properties": {"sea_point_id": 4294, "name": "Bering Sea", "ed_raw": 0, "hst_raw": 0, "pal_raw": 0}, "geometry": {"type": "Point", "coordinates": [154.0, 930.0]}}, {"type": "Feature", "properties": {"sea_point_id": 4295, "name": "Bering Sea", "ed_raw": 0, "hst_raw": 0, "pal_raw": 0}, "geometry": {"type": "Point", "coordinates": [196.0, 1039.0]}}, {"type": "Feature", "properties": {"sea_point_id": 4296, "name": "Kvichak Bay", "ed_raw": 0, "hst_raw": 0, "pal_raw": 0}, "geometry": {"type": "Point", "coordinates": [471.0, 1002.0]}}, {"type": "Feature", "properties": {"sea_point_id": 4297, "name": "Bering Sea", "ed_raw": 0, "hst_raw": 0, "pal_raw": 0}, "geometry": {"type": "Point", "coordinates": [339.0, 1046.0]}}, {"type": "Feature", "properties": {"sea_point_id": 4298, "name": "Pacific Ocean", "ed_raw": 0, "hst_raw": 0, "pal_raw": 0}, "geometry": {"type": "Point", "coordinates": [12301.0, 1935.0]}}, {"type": "Feature", "properties": {"sea_point_id": 4299, "name": "Bering Sea", "ed_raw": 0, "hst_raw": 0, "pal_raw": 0}, "geometry": {"type": "Point", "coordinates": [129.0, 1171.0]}}, {"type": "Feature", "properties": {"sea_point_id": 4300, "name": "Bering Sea", "ed_raw": 0, "hst_raw": 0, "pal_raw": 0}, "geometry": {"type": "Point", "coordinates": [3.0, 1270.0]}}, {"type": "Feature", "properties": {"sea_point_id": 4301, "name": "Bering Sea", "ed_raw": 0, "hst_raw": 0, "pal_raw": 0}, "geometry": {"type": "Point", "coordinates": [0.0, 1283.0]}}, {"type": "Feature", "properties": {"sea_point_id": 4302, "name": "Bering Sea", "ed_raw": 0, "hst_raw": 0, "pal_raw": 0}, "geometry": {"type": "Point", "coordinates": [67.0, 1284.0]}}, {"type": "Feature", "properties": {"sea_point_id": 4303, "name": "Gulf of Alaska", "ed_raw": 0, "hst_raw": 0, "pal_raw": 0}, "geometry": {"type": "Point", "coordinates": [221.0, 1246.0]}}, {"type": "Feature", "properties": {"sea_point_id": 4304, "name": "Pacific Ocean", "ed_raw": 0, "hst_raw": 0, "pal_raw": 0}, "geometry": {"type": "Point", "coordinates": [12323.0, 1900.0]}}, {"type": "Feature", "properties": {"sea_point_id": 4305, "name": "Gulf of Alaska", "ed_raw": 0, "hst_raw": 0, "pal_raw": 0}, "geometry": {"type": "Point", "coordinates": [345.0, 1202.0]}}, {"type": "Feature", "properties": {"sea_point_id": 4306, "name": "Pacific Ocean", "ed_raw": 0, "hst_raw": 0, "pal_raw": 0}, "geometry": {"type": "Point", "coordinates": [11690.0, 2831.0]}}, {"type": "Feature", "properties": {"sea_point_id": 4307, "name": "Gulf of Alaska", "ed_raw": 0, "hst_raw": 0, "pal_raw": 0}, "geometry": {"type": "Point", "coordinates": [698.0, 1069.0]}}, {"type": "Feature", "properties": {"sea_point_id": 4308, "name": "Gulf of Alaska", "ed_raw": 0, "hst_raw": 0, "pal_raw": 0}, "geometry": {"type": "Point", "coordinates": [820.0, 1079.0]}}, {"type": "Feature", "properties": {"sea_point_id": 4309, "name": "Gulf of Alaska", "ed_raw": 0, "hst_raw": 0, "pal_raw": 0}, "geometry": {"type": "Point", "coordinates": [894.0, 1024.0]}}, {"type": "Feature", "properties": {"sea_point_id": 4310, "name": "Gulf of Alaska", "ed_raw": 0, "hst_raw": 0, "pal_raw": 0}, "geometry": {"type": "Point", "coordinates": [986.0, 1066.0]}}, {"type": "Feature", "properties": {"sea_point_id": 4311, "name": "Gulf of Alaska", "ed_raw": 0, "hst_raw": 0, "pal_raw": 0}, "geometry": {"type": "Point", "coordinates": [1062.0, 1127.0]}}, {"type": "Feature", "properties": {"sea_point_id": 4312, "name": "Gulf of Alaska", "ed_raw": 0, "hst_raw": 0, "pal_raw": 0}, "geometry": {"type": "Point", "coordinates": [1084.0, 1222.0]}}, {"type": "Feature", "properties": {"sea_point_id": 4313, "name": "Gulf of Alaska", "ed_raw": 0, "hst_raw": 0, "pal_raw": 0}, "geometry": {"type": "Point", "coordinates": [1099.0, 1307.0]}}, {"type": "Feature", "properties": {"sea_point_id": 4314, "name": "Juan de Fuca Strait", "ed_raw": 0, "hst_raw": 0, "pal_raw": 0}, "geometry": {"type": "Point", "coordinates": [1194.0, 1406.0]}}, {"type": "Feature", "properties": {"sea_point_id": 4315, "name": "Pacific Ocean", "ed_raw": 0, "hst_raw": 0, "pal_raw": 0}, "geometry": {"type": "Point", "coordinates": [11641.0, 2683.0]}}, {"type": "Feature", "properties": {"sea_point_id": 4316, "name": "Juan de Fuca Strait", "ed_raw": 0, "hst_raw": 0, "pal_raw": 0}, "geometry": {"type": "Point", "coordinates": [1254.0, 1448.0]}}, {"type": "Feature", "properties": {"sea_point_id": 4317, "name": "Juan de Fuca Strait", "ed_raw": 0, "hst_raw": 0, "pal_raw": 0}, "geometry": {"type": "Point", "coordinates": [1301.0, 1519.0]}}, {"type": "Feature", "properties": {"sea_point_id": 4318, "name": "Juan de Fuca Strait", "ed_raw": 0, "hst_raw": 0, "pal_raw": 0}, "geometry": {"type": "Point", "coordinates": [1244.0, 1493.0]}}, {"type": "Feature", "properties": {"sea_point_id": 4319, "name": "Pacific Ocean", "ed_raw": 0, "hst_raw": 0, "pal_raw": 0}, "geometry": {"type": "Point", "coordinates": [1179.0, 1483.0]}}, {"type": "Feature", "properties": {"sea_point_id": 4320, "name": "Pacific Ocean", "ed_raw": 0, "hst_raw": 0, "pal_raw": 0}, "geometry": {"type": "Point", "coordinates": [1198.0, 1588.0]}}, {"type": "Feature", "properties": {"sea_point_id": 4321, "name": "Pacific Ocean", "ed_raw": 0, "hst_raw": 0, "pal_raw": 0}, "geometry": {"type": "Point", "coordinates": [1209.0, 1660.0]}}, {"type": "Feature", "properties": {"sea_point_id": 4322, "name": "Pacific Ocean", "ed_raw": 0, "hst_raw": 0, "pal_raw": 0}, "geometry": {"type": "Point", "coordinates": [1206.0, 1753.0]}}, {"type": "Feature", "properties": {"sea_point_id": 4323, "name": "Pacific Ocean", "ed_raw": 0, "hst_raw": 0, "pal_raw": 0}, "geometry": {"type": "Point", "coordinates": [11569.0, 2692.0]}}, {"type": "Feature", "properties": {"sea_point_id": 4324, "name": "Pacific Ocean", "ed_raw": 0, "hst_raw": 0, "pal_raw": 0}, "geometry": {"type": "Point", "coordinates": [1176.0, 1914.0]}}, {"type": "Feature", "properties": {"sea_point_id": 4325, "name": "Pacific Ocean", "ed_raw": 0, "hst_raw": 0, "pal_raw": 0}, "geometry": {"type": "Point", "coordinates": [1192.0, 2011.0]}}, {"type": "Feature", "properties": {"sea_point_id": 4326, "name": "Pacific Ocean", "ed_raw": 0, "hst_raw": 0, "pal_raw": 0}, "geometry": {"type": "Point", "coordinates": [1209.0, 2111.0]}}, {"type": "Feature", "properties": {"sea_point_id": 4327, "name": "Pacific Ocean", "ed_raw": 0, "hst_raw": 0, "pal_raw": 0}, "geometry": {"type": "Point", "coordinates": [1258.0, 2226.0]}}, {"type": "Feature", "properties": {"sea_point_id": 4328, "name": "Pacific Ocean", "ed_raw": 0, "hst_raw": 0, "pal_raw": 0}, "geometry": {"type": "Point", "coordinates": [11276.0, 2383.0]}}, {"type": "Feature", "properties": {"sea_point_id": 4329, "name": "Pacific Ocean", "ed_raw": 0, "hst_raw": 0, "pal_raw": 0}, "geometry": {"type": "Point", "coordinates": [1284.0, 2276.0]}}, {"type": "Feature", "properties": {"sea_point_id": 4330, "name": "Pacific Ocean", "ed_raw": 0, "hst_raw": 0, "pal_raw": 0}, "geometry": {"type": "Point", "coordinates": [1340.0, 2340.0]}}, {"type": "Feature", "properties": {"sea_point_id": 4331, "name": "Pacific Ocean", "ed_raw": 0, "hst_raw": 0, "pal_raw": 0}, "geometry": {"type": "Point", "coordinates": [1368.0, 2360.0]}}, {"type": "Feature", "properties": {"sea_point_id": 4332, "name": "Pacific Ocean", "ed_raw": 0, "hst_raw": 0, "pal_raw": 0}, "geometry": {"type": "Point", "coordinates": [1382.0, 2411.0]}}, {"type": "Feature", "properties": {"sea_point_id": 4333, "name": "Pacific Ocean", "ed_raw": 0, "hst_raw": 0, "pal_raw": 0}, "geometry": {"type": "Point", "coordinates": [1433.0, 2427.0]}}, {"type": "Feature", "properties": {"sea_point_id": 4334, "name": "Pacific Ocean", "ed_raw": 0, "hst_raw": 0, "pal_raw": 0}, "geometry": {"type": "Point", "coordinates": [1490.0, 2453.0]}}, {"type": "Feature", "properties": {"sea_point_id": 4335, "name": "Pacific Ocean", "ed_raw": 0, "hst_raw": 0, "pal_raw": 0}, "geometry": {"type": "Point", "coordinates": [11277.0, 2457.0]}}, {"type": "Feature", "properties": {"sea_point_id": 4336, "name": "Pacific Ocean", "ed_raw": 0, "hst_raw": 0, "pal_raw": 0}, "geometry": {"type": "Point", "coordinates": [1518.0, 2467.0]}}, {"type": "Feature", "properties": {"sea_point_id": 4337, "name": "East Siberian Sea", "ed_raw": 0, "hst_raw": 0, "pal_raw": 0}, "geometry": {"type": "Point", "coordinates": [12604.0, 436.0]}}, {"type": "Feature", "properties": {"sea_point_id": 4338, "name": "Pacific Ocean", "ed_raw": 0, "hst_raw": 0, "pal_raw": 0}, "geometry": {"type": "Point", "coordinates": [1547.0, 2496.0]}}, {"type": "Feature", "properties": {"sea_point_id": 4339, "name": "Pacific Ocean", "ed_raw": 0, "hst_raw": 0, "pal_raw": 0}, "geometry": {"type": "Point", "coordinates": [1556.0, 2528.0]}}, {"type": "Feature", "properties": {"sea_point_id": 4340, "name": "Pacific Ocean", "ed_raw": 0, "hst_raw": 0, "pal_raw": 0}, "geometry": {"type": "Point", "coordinates": [1561.0, 2551.0]}}, {"type": "Feature", "properties": {"sea_point_id": 4341, "name": "Pacific Ocean", "ed_raw": 0, "hst_raw": 0, "pal_raw": 0}, "geometry": {"type": "Point", "coordinates": [11279.0, 2475.0]}}, {"type": "Feature", "properties": {"sea_point_id": 4342, "name": "Pacific Ocean", "ed_raw": 0, "hst_raw": 0, "pal_raw": 0}, "geometry": {"type": "Point", "coordinates": [1574.0, 2595.0]}}, {"type": "Feature", "properties": {"sea_point_id": 4343, "name": "Pacific Ocean", "ed_raw": 0, "hst_raw": 0, "pal_raw": 0}, "geometry": {"type": "Point", "coordinates": [1608.0, 2646.0]}}, {"type": "Feature", "properties": {"sea_point_id": 4344, "name": "Pacific Ocean", "ed_raw": 0, "hst_raw": 0, "pal_raw": 0}, "geometry": {"type": "Point", "coordinates": [1623.0, 2700.0]}}, {"type": "Feature", "properties": {"sea_point_id": 4345, "name": "Pacific Ocean", "ed_raw": 0, "hst_raw": 0, "pal_raw": 0}, "geometry": {"type": "Point", "coordinates": [1669.0, 2747.0]}}, {"type": "Feature", "properties": {"sea_point_id": 4346, "name": "St. Lawrence", "ed_raw": 0, "hst_raw": 0, "pal_raw": 0}, "geometry": {"type": "Point", "coordinates": [3644.0, 1706.0]}}, {"type": "Feature", "properties": {"sea_point_id": 4347, "name": "Pacific Ocean", "ed_raw": 0, "hst_raw": 0, "pal_raw": 0}, "geometry": {"type": "Point", "coordinates": [1720.0, 2879.0]}}, {"type": "Feature", "properties": {"sea_point_id": 4348, "name": "Pacific Ocean", "ed_raw": 0, "hst_raw": 0, "pal_raw": 0}, "geometry": {"type": "Point", "coordinates": [1665.0, 2823.0]}}, {"type": "Feature", "properties": {"sea_point_id": 4349, "name": "Pacific Ocean", "ed_raw": 0, "hst_raw": 0, "pal_raw": 0}, "geometry": {"type": "Point", "coordinates": [1786.0, 2909.0]}}, {"type": "Feature", "properties": {"sea_point_id": 4350, "name": "Pacific Ocean", "ed_raw": 0, "hst_raw": 0, "pal_raw": 0}, "geometry": {"type": "Point", "coordinates": [1788.0, 2980.0]}}, {"type": "Feature", "properties": {"sea_point_id": 4351, "name": "Pacific Ocean", "ed_raw": 0, "hst_raw": 0, "pal_raw": 0}, "geometry": {"type": "Point", "coordinates": [1837.0, 3016.0]}}, {"type": "Feature", "properties": {"sea_point_id": 4352, "name": "Pacific Ocean", "ed_raw": 0, "hst_raw": 0, "pal_raw": 0}, "geometry": {"type": "Point", "coordinates": [1888.0, 3054.0]}}, {"type": "Feature", "properties": {"sea_point_id": 4353, "name": "Pacific Ocean", "ed_raw": 0, "hst_raw": 0, "pal_raw": 0}, "geometry": {"type": "Point", "coordinates": [1927.0, 3101.0]}}, {"type": "Feature", "properties": {"sea_point_id": 4354, "name": "Gulf of California", "ed_raw": 0, "hst_raw": 0, "pal_raw": 0}, "geometry": {"type": "Point", "coordinates": [1954.0, 3068.0]}}, {"type": "Feature", "properties": {"sea_point_id": 4355, "name": "Pacific Ocean", "ed_raw": 0, "hst_raw": 0, "pal_raw": 0}, "geometry": {"type": "Point", "coordinates": [11442.0, 2885.0]}}, {"type": "Feature", "properties": {"sea_point_id": 4356, "name": "Gulf of California", "ed_raw": 0, "hst_raw": 0, "pal_raw": 0}, "geometry": {"type": "Point", "coordinates": [1923.0, 3007.0]}}, {"type": "Feature", "properties": {"sea_point_id": 4357, "name": "Gulf of California", "ed_raw": 0, "hst_raw": 0, "pal_raw": 0}, "geometry": {"type": "Point", "coordinates": [1864.0, 2919.0]}}, {"type": "Feature", "properties": {"sea_point_id": 4358, "name": "Gulf of California", "ed_raw": 0, "hst_raw": 0, "pal_raw": 0}, "geometry": {"type": "Point", "coordinates": [1805.0, 2823.0]}}, {"type": "Feature", "properties": {"sea_point_id": 4359, "name": "Gulf of California", "ed_raw": 0, "hst_raw": 0, "pal_raw": 0}, "geometry": {"type": "Point", "coordinates": [1841.0, 2871.0]}}, {"type": "Feature", "properties": {"sea_point_id": 4360, "name": "South China Sea", "ed_raw": 0, "hst_raw": 0, "pal_raw": 0}, "geometry": {"type": "Point", "coordinates": [11482.0, 3625.0]}}, {"type": "Feature", "properties": {"sea_point_id": 4361, "name": "Gulf of California", "ed_raw": 0, "hst_raw": 0, "pal_raw": 0}, "geometry": {"type": "Point", "coordinates": [1714.0, 2678.0]}}, {"type": "Feature", "properties": {"sea_point_id": 4362, "name": "South China Sea", "ed_raw": 0, "hst_raw": 0, "pal_raw": 0}, "geometry": {"type": "Point", "coordinates": [11494.0, 3655.0]}}, {"type": "Feature", "properties": {"sea_point_id": 4363, "name": "Pacific Ocean", "ed_raw": 0, "hst_raw": 0, "pal_raw": 0}, "geometry": {"type": "Point", "coordinates": [11534.0, 3655.0]}}, {"type": "Feature", "properties": {"sea_point_id": 4364, "name": "Gulf of California", "ed_raw": 0, "hst_raw": 0, "pal_raw": 0}, "geometry": {"type": "Point", "coordinates": [1692.0, 2631.0]}}, {"type": "Feature", "properties": {"sea_point_id": 4365, "name": "South China Sea", "ed_raw": 0, "hst_raw": 0, "pal_raw": 0}, "geometry": {"type": "Point", "coordinates": [11552.0, 3728.0]}}, {"type": "Feature", "properties": {"sea_point_id": 4366, "name": "South China Sea", "ed_raw": 0, "hst_raw": 0, "pal_raw": 0}, "geometry": {"type": "Point", "coordinates": [11499.0, 3730.0]}}, {"type": "Feature", "properties": {"sea_point_id": 4367, "name": "South China Sea", "ed_raw": 0, "hst_raw": 0, "pal_raw": 0}, "geometry": {"type": "Point", "coordinates": [11463.0, 3671.0]}}, {"type": "Feature", "properties": {"sea_point_id": 4368, "name": "Gulf of California", "ed_raw": 0, "hst_raw": 0, "pal_raw": 0}, "geometry": {"type": "Point", "coordinates": [1756.0, 2674.0]}}, {"type": "Feature", "properties": {"sea_point_id": 4369, "name": "St. Lawrence", "ed_raw": 0, "hst_raw": 0, "pal_raw": 0}, "geometry": {"type": "Point", "coordinates": [3597.0, 1706.0]}}, {"type": "Feature", "properties": {"sea_point_id": 4370, "name": "Gulf of California", "ed_raw": 0, "hst_raw": 0, "pal_raw": 0}, "geometry": {"type": "Point", "coordinates": [1840.0, 2806.0]}}, {"type": "Feature", "properties": {"sea_point_id": 4371, "name": "Gulf of California", "ed_raw": 0, "hst_raw": 0, "pal_raw": 0}, "geometry": {"type": "Point", "coordinates": [1801.0, 2776.0]}}, {"type": "Feature", "properties": {"sea_point_id": 4372, "name": "Gulf of California", "ed_raw": 0, "hst_raw": 0, "pal_raw": 0}, "geometry": {"type": "Point", "coordinates": [1868.0, 2859.0]}}, {"type": "Feature", "properties": {"sea_point_id": 4373, "name": "Gulf of California", "ed_raw": 0, "hst_raw": 0, "pal_raw": 0}, "geometry": {"type": "Point", "coordinates": [1905.0, 2938.0]}}, {"type": "Feature", "properties": {"sea_point_id": 4374, "name": "Gulf of California", "ed_raw": 0, "hst_raw": 0, "pal_raw": 0}, "geometry": {"type": "Point", "coordinates": [1950.0, 2980.0]}}, {"type": "Feature", "properties": {"sea_point_id": 4375, "name": "Gulf of California", "ed_raw": 0, "hst_raw": 0, "pal_raw": 0}, "geometry": {"type": "Point", "coordinates": [1996.0, 3064.0]}}, {"type": "Feature", "properties": {"sea_point_id": 4376, "name": "Gulf of California", "ed_raw": 0, "hst_raw": 0, "pal_raw": 0}, "geometry": {"type": "Point", "coordinates": [1972.0, 3022.0]}}, {"type": "Feature", "properties": {"sea_point_id": 4377, "name": "Pacific Ocean", "ed_raw": 0, "hst_raw": 0, "pal_raw": 0}, "geometry": {"type": "Point", "coordinates": [2043.0, 3145.0]}}, {"type": "Feature", "properties": {"sea_point_id": 4378, "name": "Pacific Ocean", "ed_raw": 0, "hst_raw": 0, "pal_raw": 0}, "geometry": {"type": "Point", "coordinates": [2049.0, 3274.0]}}, {"type": "Feature", "properties": {"sea_point_id": 4379, "name": "Pacific Ocean", "ed_raw": 0, "hst_raw": 0, "pal_raw": 0}, "geometry": {"type": "Point", "coordinates": [2125.0, 3332.0]}}, {"type": "Feature", "properties": {"sea_point_id": 4380, "name": "Pacific Ocean", "ed_raw": 0, "hst_raw": 0, "pal_raw": 0}, "geometry": {"type": "Point", "coordinates": [2210.0, 3381.0]}}, {"type": "Feature", "properties": {"sea_point_id": 4381, "name": "Pacific Ocean", "ed_raw": 0, "hst_raw": 0, "pal_raw": 0}, "geometry": {"type": "Point", "coordinates": [2322.0, 3437.0]}}, {"type": "Feature", "properties": {"sea_point_id": 4382, "name": "Pacific Ocean", "ed_raw": 0, "hst_raw": 0, "pal_raw": 0}, "geometry": {"type": "Point", "coordinates": [2384.0, 3465.0]}}, {"type": "Feature", "properties": {"sea_point_id": 4383, "name": "East Siberian Sea", "ed_raw": 0, "hst_raw": 0, "pal_raw": 0}, "geometry": {"type": "Point", "coordinates": [13244.0, 436.0]}}, {"type": "Feature", "properties": {"sea_point_id": 4384, "name": "Pacific Ocean", "ed_raw": 0, "hst_raw": 0, "pal_raw": 0}, "geometry": {"type": "Point", "coordinates": [2447.0, 3490.0]}}, {"type": "Feature", "properties": {"sea_point_id": 4385, "name": "Pacific Ocean", "ed_raw": 0, "hst_raw": 0, "pal_raw": 0}, "geometry": {"type": "Point", "coordinates": [2524.0, 3504.0]}}, {"type": "Feature", "properties": {"sea_point_id": 4386, "name": "South China Sea", "ed_raw": 0, "hst_raw": 0, "pal_raw": 0}, "geometry": {"type": "Point", "coordinates": [11634.0, 3635.0]}}, {"type": "Feature", "properties": {"sea_point_id": 4387, "name": "Pacific Ocean", "ed_raw": 0, "hst_raw": 0, "pal_raw": 0}, "geometry": {"type": "Point", "coordinates": [2609.0, 3542.0]}}, {"type": "Feature", "properties": {"sea_point_id": 4388, "name": "South China Sea", "ed_raw": 0, "hst_raw": 0, "pal_raw": 0}, "geometry": {"type": "Point", "coordinates": [11493.0, 3407.0]}}, {"type": "Feature", "properties": {"sea_point_id": 4389, "name": "Pacific Ocean", "ed_raw": 0, "hst_raw": 0, "pal_raw": 0}, "geometry": {"type": "Point", "coordinates": [2715.0, 3630.0]}}, {"type": "Feature", "properties": {"sea_point_id": 4390, "name": "South China Sea", "ed_raw": 0, "hst_raw": 0, "pal_raw": 0}, "geometry": {"type": "Point", "coordinates": [11791.0, 2710.0]}}, {"type": "Feature", "properties": {"sea_point_id": 4391, "name": "Pacific Ocean", "ed_raw": 0, "hst_raw": 0, "pal_raw": 0}, "geometry": {"type": "Point", "coordinates": [2819.0, 3651.0]}}, {"type": "Feature", "properties": {"sea_point_id": 4392, "name": "South China Sea", "ed_raw": 0, "hst_raw": 0, "pal_raw": 0}, "geometry": {"type": "Point", "coordinates": [11789.0, 2613.0]}}, {"type": "Feature", "properties": {"sea_point_id": 4393, "name": "Pacific Ocean", "ed_raw": 0, "hst_raw": 0, "pal_raw": 0}, "geometry": {"type": "Point", "coordinates": [2851.0, 3713.0]}}, {"type": "Feature", "properties": {"sea_point_id": 4394, "name": "Sea of Ja", "ed_raw": 0, "hst_raw": 0, "pal_raw": 0}, "geometry": {"type": "Point", "coordinates": [11837.0, 2612.0]}}, {"type": "Feature", "properties": {"sea_point_id": 4395, "name": "Pacific Ocean", "ed_raw": 0, "hst_raw": 0, "pal_raw": 0}, "geometry": {"type": "Point", "coordinates": [12011.0, 2594.0]}}, {"type": "Feature", "properties": {"sea_point_id": 4396, "name": "Pacific Ocean", "ed_raw": 0, "hst_raw": 0, "pal_raw": 0}, "geometry": {"type": "Point", "coordinates": [12258.0, 1932.0]}}, {"type": "Feature", "properties": {"sea_point_id": 4397, "name": "Pacific Ocean", "ed_raw": 0, "hst_raw": 0, "pal_raw": 0}, "geometry": {"type": "Point", "coordinates": [2871.0, 3818.0]}}, {"type": "Feature", "properties": {"sea_point_id": 4398, "name": "Pacific Ocean", "ed_raw": 0, "hst_raw": 0, "pal_raw": 0}, "geometry": {"type": "Point", "coordinates": [12042.0, 2579.0]}}, {"type": "Feature", "properties": {"sea_point_id": 4399, "name": "Pacific Ocean", "ed_raw": 0, "hst_raw": 0, "pal_raw": 0}, "geometry": {"type": "Point", "coordinates": [12036.0, 2564.0]}}, {"type": "Feature", "properties": {"sea_point_id": 4400, "name": "Pacific Ocean", "ed_raw": 0, "hst_raw": 0, "pal_raw": 0}, "geometry": {"type": "Point", "coordinates": [2955.0, 3878.0]}}, {"type": "Feature", "properties": {"sea_point_id": 4401, "name": "Gulf of Panama", "ed_raw": 0, "hst_raw": 0, "pal_raw": 0}, "geometry": {"type": "Point", "coordinates": [3008.0, 3915.0]}}, {"type": "Feature", "properties": {"sea_point_id": 4402, "name": "Pacific Ocean", "ed_raw": 0, "hst_raw": 0, "pal_raw": 0}, "geometry": {"type": "Point", "coordinates": [12071.0, 2530.0]}}, {"type": "Feature", "properties": {"sea_point_id": 4403, "name": "Panama Bay", "ed_raw": 0, "hst_raw": 0, "pal_raw": 0}, "geometry": {"type": "Point", "coordinates": [3068.0, 3845.0]}}, {"type": "Feature", "properties": {"sea_point_id": 4404, "name": "Caribbean Sea", "ed_raw": 0, "hst_raw": 0, "pal_raw": 0}, "geometry": {"type": "Point", "coordinates": [3054.0, 3819.0]}}, {"type": "Feature", "properties": {"sea_point_id": 4405, "name": "Baffin Bay", "ed_raw": 0, "hst_raw": 0, "pal_raw": 0}, "geometry": {"type": "Point", "coordinates": [3410.0, 499.0]}}, {"type": "Feature", "properties": {"sea_point_id": 4406, "name": "Gulf of Panama", "ed_raw": 0, "hst_raw": 0, "pal_raw": 0}, "geometry": {"type": "Point", "coordinates": [3096.0, 3868.0]}}, {"type": "Feature", "properties": {"sea_point_id": 4407, "name": "Pacific Ocean", "ed_raw": 0, "hst_raw": 0, "pal_raw": 0}, "geometry": {"type": "Point", "coordinates": [12174.0, 2037.0]}}, {"type": "Feature", "properties": {"sea_point_id": 4408, "name": "Sea of Okhotsk", "ed_raw": 0, "hst_raw": 0, "pal_raw": 0}, "geometry": {"type": "Point", "coordinates": [12050.0, 1835.0]}}, {"type": "Feature", "properties": {"sea_point_id": 4409, "name": "Gulf of Panama", "ed_raw": 0, "hst_raw": 0, "pal_raw": 0}, "geometry": {"type": "Point", "coordinates": [3122.0, 3920.0]}}, {"type": "Feature", "properties": {"sea_point_id": 4410, "name": "Gulf of Panama", "ed_raw": 0, "hst_raw": 0, "pal_raw": 0}, "geometry": {"type": "Point", "coordinates": [3127.0, 3976.0]}}, {"type": "Feature", "properties": {"sea_point_id": 4412, "name": "Pacific Ocean", "ed_raw": 0, "hst_raw": 0, "pal_raw": 0}, "geometry": {"type": "Point", "coordinates": [12243.0, 1984.0]}}, {"type": "Feature", "properties": {"sea_point_id": 4413, "name": "Pacific Ocean", "ed_raw": 0, "hst_raw": 0, "pal_raw": 0}, "geometry": {"type": "Point", "coordinates": [3060.0, 4054.0]}}, {"type": "Feature", "properties": {"sea_point_id": 4414, "name": "Pacific Ocean", "ed_raw": 0, "hst_raw": 0, "pal_raw": 0}, "geometry": {"type": "Point", "coordinates": [12286.0, 1900.0]}}, {"type": "Feature", "properties": {"sea_point_id": 4415, "name": "Pacific Ocean", "ed_raw": 0, "hst_raw": 0, "pal_raw": 0}, "geometry": {"type": "Point", "coordinates": [11994.0, 1378.0]}}, {"type": "Feature", "properties": {"sea_point_id": 4416, "name": "Pacific Ocean", "ed_raw": 0, "hst_raw": 0, "pal_raw": 0}, "geometry": {"type": "Point", "coordinates": [2988.0, 4109.0]}}, {"type": "Feature", "properties": {"sea_point_id": 4417, "name": "Sea of Okhotsk", "ed_raw": 0, "hst_raw": 0, "pal_raw": 0}, "geometry": {"type": "Point", "coordinates": [11944.0, 1348.0]}}, {"type": "Feature", "properties": {"sea_point_id": 4418, "name": "Pacific Ocean", "ed_raw": 0, "hst_raw": 0, "pal_raw": 0}, "geometry": {"type": "Point", "coordinates": [2947.0, 4240.0]}}, {"type": "Feature", "properties": {"sea_point_id": 4419, "name": "Pacific Ocean", "ed_raw": 0, "hst_raw": 0, "pal_raw": 0}, "geometry": {"type": "Point", "coordinates": [2997.0, 4287.0]}}, {"type": "Feature", "properties": {"sea_point_id": 4420, "name": "Southern Ocean", "ed_raw": 0, "hst_raw": 0, "pal_raw": 0}, "geometry": {"type": "Point", "coordinates": [12848.0, 6213.0]}}, {"type": "Feature", "properties": {"sea_point_id": 4421, "name": "Pacific Ocean", "ed_raw": 0, "hst_raw": 0, "pal_raw": 0}, "geometry": {"type": "Point", "coordinates": [13405.0, 5953.0]}}, {"type": "Feature", "properties": {"sea_point_id": 4422, "name": "Pacific Ocean", "ed_raw": 0, "hst_raw": 0, "pal_raw": 0}, "geometry": {"type": "Point", "coordinates": [2945.0, 4353.0]}}, {"type": "Feature", "properties": {"sea_point_id": 4423, "name": "Pacific Ocean", "ed_raw": 0, "hst_raw": 0, "pal_raw": 0}, "geometry": {"type": "Point", "coordinates": [2952.0, 4437.0]}}, {"type": "Feature", "properties": {"sea_point_id": 4424, "name": "Pacific Ocean", "ed_raw": 0, "hst_raw": 0, "pal_raw": 0}, "geometry": {"type": "Point", "coordinates": [3030.0, 4460.0]}}, {"type": "Feature", "properties": {"sea_point_id": 4425, "name": "Pacific Ocean", "ed_raw": 0, "hst_raw": 0, "pal_raw": 0}, "geometry": {"type": "Point", "coordinates": [3083.0, 4557.0]}}, {"type": "Feature", "properties": {"sea_point_id": 4426, "name": "Pacific Ocean", "ed_raw": 0, "hst_raw": 0, "pal_raw": 0}, "geometry": {"type": "Point", "coordinates": [13305.0, 5460.0]}}, {"type": "Feature", "properties": {"sea_point_id": 4427, "name": "Pacific Ocean", "ed_raw": 0, "hst_raw": 0, "pal_raw": 0}, "geometry": {"type": "Point", "coordinates": [3130.0, 4633.0]}}, {"type": "Feature", "properties": {"sea_point_id": 4428, "name": "Pacific Ocean", "ed_raw": 0, "hst_raw": 0, "pal_raw": 0}, "geometry": {"type": "Point", "coordinates": [3159.0, 4688.0]}}, {"type": "Feature", "properties": {"sea_point_id": 4429, "name": "Pacific Ocean", "ed_raw": 0, "hst_raw": 0, "pal_raw": 0}, "geometry": {"type": "Point", "coordinates": [3195.0, 4732.0]}}, {"type": "Feature", "properties": {"sea_point_id": 4430, "name": "Pacific Ocean", "ed_raw": 0, "hst_raw": 0, "pal_raw": 0}, "geometry": {"type": "Point", "coordinates": [3216.0, 4770.0]}}, {"type": "Feature", "properties": {"sea_point_id": 4431, "name": "Pacific Ocean", "ed_raw": 0, "hst_raw": 0, "pal_raw": 0}, "geometry": {"type": "Point", "coordinates": [3272.0, 4807.0]}}, {"type": "Feature", "properties": {"sea_point_id": 4432, "name": "Pacific Ocean", "ed_raw": 0, "hst_raw": 0, "pal_raw": 0}, "geometry": {"type": "Point", "coordinates": [3361.0, 4855.0]}}, {"type": "Feature", "properties": {"sea_point_id": 4433, "name": "Pacific Ocean", "ed_raw": 0, "hst_raw": 0, "pal_raw": 0}, "geometry": {"type": "Point", "coordinates": [3434.0, 4902.0]}}, {"type": "Feature", "properties": {"sea_point_id": 4434, "name": "Pacific Ocean", "ed_raw": 0, "hst_raw": 0, "pal_raw": 0}, "geometry": {"type": "Point", "coordinates": [3472.0, 4993.0]}}, {"type": "Feature", "properties": {"sea_point_id": 4435, "name": "Pacific Ocean", "ed_raw": 0, "hst_raw": 0, "pal_raw": 0}, "geometry": {"type": "Point", "coordinates": [3477.0, 5135.0]}}, {"type": "Feature", "properties": {"sea_point_id": 4436, "name": "Pacific Ocean", "ed_raw": 0, "hst_raw": 0, "pal_raw": 0}, "geometry": {"type": "Point", "coordinates": [3463.0, 5282.0]}}, {"type": "Feature", "properties": {"sea_point_id": 4437, "name": "Pacific Ocean", "ed_raw": 0, "hst_raw": 0, "pal_raw": 0}, "geometry": {"type": "Point", "coordinates": [3448.0, 5408.0]}}, {"type": "Feature", "properties": {"sea_point_id": 4438, "name": "Pacific Ocean", "ed_raw": 0, "hst_raw": 0, "pal_raw": 0}, "geometry": {"type": "Point", "coordinates": [3454.0, 5501.0]}}, {"type": "Feature", "properties": {"sea_point_id": 4439, "name": "Pacific Ocean", "ed_raw": 0, "hst_raw": 0, "pal_raw": 0}, "geometry": {"type": "Point", "coordinates": [3445.0, 5599.0]}}, {"type": "Feature", "properties": {"sea_point_id": 4440, "name": "Pacific Ocean", "ed_raw": 0, "hst_raw": 0, "pal_raw": 0}, "geometry": {"type": "Point", "coordinates": [3431.0, 5775.0]}}, {"type": "Feature", "properties": {"sea_point_id": 4441, "name": "Pacific Ocean", "ed_raw": 0, "hst_raw": 0, "pal_raw": 0}, "geometry": {"type": "Point", "coordinates": [3425.0, 5877.0]}}, {"type": "Feature", "properties": {"sea_point_id": 4442, "name": "Pacific Ocean", "ed_raw": 0, "hst_raw": 0, "pal_raw": 0}, "geometry": {"type": "Point", "coordinates": [13267.0, 5547.0]}}, {"type": "Feature", "properties": {"sea_point_id": 4443, "name": "Tasman Sea", "ed_raw": 0, "hst_raw": 0, "pal_raw": 0}, "geometry": {"type": "Point", "coordinates": [13221.0, 5876.0]}}, {"type": "Feature", "properties": {"sea_point_id": 4444, "name": "Tasman Sea", "ed_raw": 0, "hst_raw": 0, "pal_raw": 0}, "geometry": {"type": "Point", "coordinates": [12601.0, 6045.0]}}, {"type": "Feature", "properties": {"sea_point_id": 4445, "name": "Pacific Ocean", "ed_raw": 0, "hst_raw": 0, "pal_raw": 0}, "geometry": {"type": "Point", "coordinates": [3450.0, 6018.0]}}, {"type": "Feature", "properties": {"sea_point_id": 4446, "name": "Tasman Sea", "ed_raw": 0, "hst_raw": 0, "pal_raw": 0}, "geometry": {"type": "Point", "coordinates": [12644.0, 6021.0]}}, {"type": "Feature", "properties": {"sea_point_id": 4447, "name": "Great Australian Bight", "ed_raw": 0, "hst_raw": 0, "pal_raw": 0}, "geometry": {"type": "Point", "coordinates": [12514.0, 5880.0]}}, {"type": "Feature", "properties": {"sea_point_id": 4448, "name": "Pacific Ocean", "ed_raw": 0, "hst_raw": 0, "pal_raw": 0}, "geometry": {"type": "Point", "coordinates": [3423.0, 6128.0]}}, {"type": "Feature", "properties": {"sea_point_id": 4449, "name": "Pacific Ocean", "ed_raw": 0, "hst_raw": 0, "pal_raw": 0}, "geometry": {"type": "Point", "coordinates": [3458.0, 6185.0]}}, {"type": "Feature", "properties": {"sea_point_id": 4450, "name": "Pacific Ocean", "ed_raw": 0, "hst_raw": 0, "pal_raw": 0}, "geometry": {"type": "Point", "coordinates": [3467.0, 6267.0]}}, {"type": "Feature", "properties": {"sea_point_id": 4451, "name": "Pacific Ocean", "ed_raw": 0, "hst_raw": 0, "pal_raw": 0}, "geometry": {"type": "Point", "coordinates": [3495.0, 6342.0]}}, {"type": "Feature", "properties": {"sea_point_id": 4452, "name": "St. Lawrence", "ed_raw": 0, "hst_raw": 0, "pal_raw": 0}, "geometry": {"type": "Point", "coordinates": [3561.0, 1671.0]}}, {"type": "Feature", "properties": {"sea_point_id": 4453, "name": "Sea of Okhotsk", "ed_raw": 0, "hst_raw": 0, "pal_raw": 0}, "geometry": {"type": "Point", "coordinates": [12112.0, 1730.0]}}, {"type": "Feature", "properties": {"sea_point_id": 4454, "name": "Great Australian Bight", "ed_raw": 0, "hst_raw": 0, "pal_raw": 0}, "geometry": {"type": "Point", "coordinates": [12369.0, 5797.0]}}, {"type": "Feature", "properties": {"sea_point_id": 4455, "name": "Sea of Okhotsk", "ed_raw": 0, "hst_raw": 0, "pal_raw": 0}, "geometry": {"type": "Point", "coordinates": [12044.0, 1606.0]}}, {"type": "Feature", "properties": {"sea_point_id": 4456, "name": "Sea of Okhotsk", "ed_raw": 0, "hst_raw": 0, "pal_raw": 0}, "geometry": {"type": "Point", "coordinates": [12019.0, 1522.0]}}, {"type": "Feature", "properties": {"sea_point_id": 4457, "name": "Sea of Okhotsk", "ed_raw": 0, "hst_raw": 0, "pal_raw": 0}, "geometry": {"type": "Point", "coordinates": [12008.0, 1420.0]}}, {"type": "Feature", "properties": {"sea_point_id": 4458, "name": "Sea of Okhotsk", "ed_raw": 0, "hst_raw": 0, "pal_raw": 0}, "geometry": {"type": "Point", "coordinates": [11969.0, 1333.0]}}, {"type": "Feature", "properties": {"sea_point_id": 4459, "name": "Artic Ocean", "ed_raw": 0, "hst_raw": 0, "pal_raw": 0}, "geometry": {"type": "Point", "coordinates": [2503.0, 452.0]}}, {"type": "Feature", "properties": {"sea_point_id": 4460, "name": "Sea of Okhotsk", "ed_raw": 0, "hst_raw": 0, "pal_raw": 0}, "geometry": {"type": "Point", "coordinates": [11924.0, 1373.0]}}, {"type": "Feature", "properties": {"sea_point_id": 4461, "name": "Southern Ocean", "ed_raw": 0, "hst_raw": 0, "pal_raw": 0}, "geometry": {"type": "Point", "coordinates": [3503.0, 6416.0]}}, {"type": "Feature", "properties": {"sea_point_id": 4462, "name": "Southern Ocean", "ed_raw": 0, "hst_raw": 0, "pal_raw": 0}, "geometry": {"type": "Point", "coordinates": [3562.0, 6445.0]}}, {"type": "Feature", "properties": {"sea_point_id": 4463, "name": "St. Lawrence", "ed_raw": 0, "hst_raw": 0, "pal_raw": 0}, "geometry": {"type": "Point", "coordinates": [3498.0, 1645.0]}}, {"type": "Feature", "properties": {"sea_point_id": 4464, "name": "Southern Ocean", "ed_raw": 0, "hst_raw": 0, "pal_raw": 0}, "geometry": {"type": "Point", "coordinates": [3634.0, 6472.0]}}, {"type": "Feature", "properties": {"sea_point_id": 4465, "name": "Indian Ocean", "ed_raw": 0, "hst_raw": 0, "pal_raw": 0}, "geometry": {"type": "Point", "coordinates": [11554.0, 5723.0]}}, {"type": "Feature", "properties": {"sea_point_id": 4466, "name": "Southern Ocean", "ed_raw": 0, "hst_raw": 0, "pal_raw": 0}, "geometry": {"type": "Point", "coordinates": [3717.0, 6484.0]}}, {"type": "Feature", "properties": {"sea_point_id": 4467, "name": "Sea of Okhotsk", "ed_raw": 0, "hst_raw": 0, "pal_raw": 0}, "geometry": {"type": "Point", "coordinates": [11915.0, 1423.0]}}, {"type": "Feature", "properties": {"sea_point_id": 4468, "name": "Indian Ocean", "ed_raw": 0, "hst_raw": 0, "pal_raw": 0}, "geometry": {"type": "Point", "coordinates": [11467.0, 5390.0]}}, {"type": "Feature", "properties": {"sea_point_id": 4469, "name": "Scotia Sea", "ed_raw": 0, "hst_raw": 0, "pal_raw": 0}, "geometry": {"type": "Point", "coordinates": [3802.0, 6448.0]}}, {"type": "Feature", "properties": {"sea_point_id": 4470, "name": "Timor Sea", "ed_raw": 0, "hst_raw": 0, "pal_raw": 0}, "geometry": {"type": "Point", "coordinates": [11742.0, 5015.0]}}, {"type": "Feature", "properties": {"sea_point_id": 4471, "name": "Scotia Sea", "ed_raw": 0, "hst_raw": 0, "pal_raw": 0}, "geometry": {"type": "Point", "coordinates": [3726.0, 6419.0]}}, {"type": "Feature", "properties": {"sea_point_id": 4472, "name": "Timor Sea", "ed_raw": 0, "hst_raw": 0, "pal_raw": 0}, "geometry": {"type": "Point", "coordinates": [11948.0, 4945.0]}}, {"type": "Feature", "properties": {"sea_point_id": 4473, "name": "Atlantic Ocean", "ed_raw": 0, "hst_raw": 0, "pal_raw": 0}, "geometry": {"type": "Point", "coordinates": [3676.0, 6356.0]}}, {"type": "Feature", "properties": {"sea_point_id": 4474, "name": "Atlantic Ocean", "ed_raw": 0, "hst_raw": 0, "pal_raw": 0}, "geometry": {"type": "Point", "coordinates": [3660.0, 6311.0]}}, {"type": "Feature", "properties": {"sea_point_id": 4475, "name": "Atlantic Ocean", "ed_raw": 0, "hst_raw": 0, "pal_raw": 0}, "geometry": {"type": "Point", "coordinates": [3664.0, 6272.0]}}, {"type": "Feature", "properties": {"sea_point_id": 4476, "name": "Timor Sea", "ed_raw": 0, "hst_raw": 0, "pal_raw": 0}, "geometry": {"type": "Point", "coordinates": [12047.0, 4796.0]}}, {"type": "Feature", "properties": {"sea_point_id": 4477, "name": "Atlantic Ocean", "ed_raw": 0, "hst_raw": 0, "pal_raw": 0}, "geometry": {"type": "Point", "coordinates": [3728.0, 6198.0]}}, {"type": "Feature", "properties": {"sea_point_id": 4478, "name": "Arafura Sea", "ed_raw": 0, "hst_raw": 0, "pal_raw": 0}, "geometry": {"type": "Point", "coordinates": [12226.0, 4819.0]}}, {"type": "Feature", "properties": {"sea_point_id": 4480, "name": "Coral Sea", "ed_raw": 0, "hst_raw": 0, "pal_raw": 0}, "geometry": {"type": "Point", "coordinates": [12463.0, 4892.0]}}, {"type": "Feature", "properties": {"sea_point_id": 4481, "name": "Coral Sea", "ed_raw": 0, "hst_raw": 0, "pal_raw": 0}, "geometry": {"type": "Point", "coordinates": [12512.0, 4920.0]}}, {"type": "Feature", "properties": {"sea_point_id": 4482, "name": "Atlantic Ocean", "ed_raw": 0, "hst_raw": 0, "pal_raw": 0}, "geometry": {"type": "Point", "coordinates": [3714.0, 6074.0]}}, {"type": "Feature", "properties": {"sea_point_id": 4483, "name": "Pacific Ocean", "ed_raw": 0, "hst_raw": 0, "pal_raw": 0}, "geometry": {"type": "Point", "coordinates": [13167.0, 5037.0]}}, {"type": "Feature", "properties": {"sea_point_id": 4484, "name": "Pacific Ocean", "ed_raw": 0, "hst_raw": 0, "pal_raw": 0}, "geometry": {"type": "Point", "coordinates": [13146.0, 5023.0]}}, {"type": "Feature", "properties": {"sea_point_id": 4485, "name": "Atlantic Ocean", "ed_raw": 0, "hst_raw": 0, "pal_raw": 0}, "geometry": {"type": "Point", "coordinates": [3769.0, 6037.0]}}, {"type": "Feature", "properties": {"sea_point_id": 4486, "name": "Pacific Ocean", "ed_raw": 0, "hst_raw": 0, "pal_raw": 0}, "geometry": {"type": "Point", "coordinates": [13226.0, 4993.0]}}, {"type": "Feature", "properties": {"sea_point_id": 4487, "name": "Atlantic Ocean", "ed_raw": 0, "hst_raw": 0, "pal_raw": 0}, "geometry": {"type": "Point", "coordinates": [3773.0, 5970.0]}}, {"type": "Feature", "properties": {"sea_point_id": 4488, "name": "Atlantic Ocean", "ed_raw": 0, "hst_raw": 0, "pal_raw": 0}, "geometry": {"type": "Point", "coordinates": [3819.0, 5944.0]}}, {"type": "Feature", "properties": {"sea_point_id": 4489, "name": "Pacific Ocean", "ed_raw": 0, "hst_raw": 0, "pal_raw": 0}, "geometry": {"type": "Point", "coordinates": [13361.0, 4965.0]}}, {"type": "Feature", "properties": {"sea_point_id": 4490, "name": "Solomon Sea", "ed_raw": 0, "hst_raw": 0, "pal_raw": 0}, "geometry": {"type": "Point", "coordinates": [13219.0, 4933.0]}}, {"type": "Feature", "properties": {"sea_point_id": 4491, "name": "Solomon Sea", "ed_raw": 0, "hst_raw": 0, "pal_raw": 0}, "geometry": {"type": "Point", "coordinates": [13177.0, 4936.0]}}, {"type": "Feature", "properties": {"sea_point_id": 4492, "name": "Atlantic Ocean", "ed_raw": 0, "hst_raw": 0, "pal_raw": 0}, "geometry": {"type": "Point", "coordinates": [3770.0, 5913.0]}}, {"type": "Feature", "properties": {"sea_point_id": 4493, "name": "Atlantic Ocean", "ed_raw": 0, "hst_raw": 0, "pal_raw": 0}, "geometry": {"type": "Point", "coordinates": [3757.0, 5883.0]}}, {"type": "Feature", "properties": {"sea_point_id": 4494, "name": "Atlantic Ocean", "ed_raw": 0, "hst_raw": 0, "pal_raw": 0}, "geometry": {"type": "Point", "coordinates": [3829.0, 5894.0]}}, {"type": "Feature", "properties": {"sea_point_id": 4495, "name": "Solomon Sea", "ed_raw": 0, "hst_raw": 0, "pal_raw": 0}, "geometry": {"type": "Point", "coordinates": [13186.0, 4898.0]}}, {"type": "Feature", "properties": {"sea_point_id": 4496, "name": "Solomon Sea", "ed_raw": 0, "hst_raw": 0, "pal_raw": 0}, "geometry": {"type": "Point", "coordinates": [13156.0, 4859.0]}}, {"type": "Feature", "properties": {"sea_point_id": 4497, "name": "Atlantic Ocean", "ed_raw": 0, "hst_raw": 0, "pal_raw": 0}, "geometry": {"type": "Point", "coordinates": [3864.0, 5812.0]}}, {"type": "Feature", "properties": {"sea_point_id": 4498, "name": "Strait of Tartary", "ed_raw": 0, "hst_raw": 0, "pal_raw": 0}, "geometry": {"type": "Point", "coordinates": [11939.0, 1587.0]}}, {"type": "Feature", "properties": {"sea_point_id": 4499, "name": "Atlantic Ocean", "ed_raw": 0, "hst_raw": 0, "pal_raw": 0}, "geometry": {"type": "Point", "coordinates": [3903.0, 5795.0]}}, {"type": "Feature", "properties": {"sea_point_id": 4500, "name": "Atlantic Ocean", "ed_raw": 0, "hst_raw": 0, "pal_raw": 0}, "geometry": {"type": "Point", "coordinates": [3991.0, 5782.0]}}, {"type": "Feature", "properties": {"sea_point_id": 4501, "name": "Atlantic Ocean", "ed_raw": 0, "hst_raw": 0, "pal_raw": 0}, "geometry": {"type": "Point", "coordinates": [4049.0, 5723.0]}}, {"type": "Feature", "properties": {"sea_point_id": 4502, "name": "Atlantic Ocean", "ed_raw": 0, "hst_raw": 0, "pal_raw": 0}, "geometry": {"type": "Point", "coordinates": [3985.0, 5601.0]}}, {"type": "Feature", "properties": {"sea_point_id": 4503, "name": "Atlantic Ocean", "ed_raw": 0, "hst_raw": 0, "pal_raw": 0}, "geometry": {"type": "Point", "coordinates": [4047.0, 5623.0]}}, {"type": "Feature", "properties": {"sea_point_id": 4504, "name": "Solomon Sea", "ed_raw": 0, "hst_raw": 0, "pal_raw": 0}, "geometry": {"type": "Point", "coordinates": [13386.0, 4877.0]}}, {"type": "Feature", "properties": {"sea_point_id": 4505, "name": "Solomon Sea", "ed_raw": 0, "hst_raw": 0, "pal_raw": 0}, "geometry": {"type": "Point", "coordinates": [13513.0, 4837.0]}}, {"type": "Feature", "properties": {"sea_point_id": 4506, "name": "Solomon Sea", "ed_raw": 0, "hst_raw": 0, "pal_raw": 0}, "geometry": {"type": "Point", "coordinates": [13469.0, 4820.0]}}, {"type": "Feature", "properties": {"sea_point_id": 4507, "name": "Atlantic Ocean", "ed_raw": 0, "hst_raw": 0, "pal_raw": 0}, "geometry": {"type": "Point", "coordinates": [4129.0, 5625.0]}}, {"type": "Feature", "properties": {"sea_point_id": 4508, "name": "Atlantic Ocean", "ed_raw": 0, "hst_raw": 0, "pal_raw": 0}, "geometry": {"type": "Point", "coordinates": [4177.0, 5591.0]}}, {"type": "Feature", "properties": {"sea_point_id": 4509, "name": "Atlantic Ocean", "ed_raw": 0, "hst_raw": 0, "pal_raw": 0}, "geometry": {"type": "Point", "coordinates": [4209.0, 5554.0]}}, {"type": "Feature", "properties": {"sea_point_id": 4510, "name": "Atlantic Ocean", "ed_raw": 0, "hst_raw": 0, "pal_raw": 0}, "geometry": {"type": "Point", "coordinates": [4234.0, 5489.0]}}, {"type": "Feature", "properties": {"sea_point_id": 4511, "name": "Atlantic Ocean", "ed_raw": 0, "hst_raw": 0, "pal_raw": 0}, "geometry": {"type": "Point", "coordinates": [4270.0, 5445.0]}}, {"type": "Feature", "properties": {"sea_point_id": 4512, "name": "Solomon Sea", "ed_raw": 0, "hst_raw": 0, "pal_raw": 0}, "geometry": {"type": "Point", "coordinates": [13543.0, 4818.0]}}, {"type": "Feature", "properties": {"sea_point_id": 4513, "name": "Solomon Sea", "ed_raw": 0, "hst_raw": 0, "pal_raw": 0}, "geometry": {"type": "Point", "coordinates": [13106.0, 4678.0]}}, {"type": "Feature", "properties": {"sea_point_id": 4514, "name": "Atlantic Ocean", "ed_raw": 0, "hst_raw": 0, "pal_raw": 0}, "geometry": {"type": "Point", "coordinates": [4306.0, 5460.0]}}, {"type": "Feature", "properties": {"sea_point_id": 4515, "name": "Solomon Sea", "ed_raw": 0, "hst_raw": 0, "pal_raw": 0}, "geometry": {"type": "Point", "coordinates": [13090.0, 4657.0]}}, {"type": "Feature", "properties": {"sea_point_id": 4516, "name": "Strait of Tartary", "ed_raw": 0, "hst_raw": 0, "pal_raw": 0}, "geometry": {"type": "Point", "coordinates": [11956.0, 1675.0]}}, {"type": "Feature", "properties": {"sea_point_id": 4517, "name": "Atlantic Ocean", "ed_raw": 0, "hst_raw": 0, "pal_raw": 0}, "geometry": {"type": "Point", "coordinates": [4367.0, 5370.0]}}, {"type": "Feature", "properties": {"sea_point_id": 4518, "name": "Atlantic Ocean", "ed_raw": 0, "hst_raw": 0, "pal_raw": 0}, "geometry": {"type": "Point", "coordinates": [4407.0, 5331.0]}}, {"type": "Feature", "properties": {"sea_point_id": 4519, "name": "Atlantic Ocean", "ed_raw": 0, "hst_raw": 0, "pal_raw": 0}, "geometry": {"type": "Point", "coordinates": [4394.0, 5277.0]}}, {"type": "Feature", "properties": {"sea_point_id": 4520, "name": "Atlantic Ocean", "ed_raw": 0, "hst_raw": 0, "pal_raw": 0}, "geometry": {"type": "Point", "coordinates": [4408.0, 5234.0]}}, {"type": "Feature", "properties": {"sea_point_id": 4521, "name": "Atlantic Ocean", "ed_raw": 0, "hst_raw": 0, "pal_raw": 0}, "geometry": {"type": "Point", "coordinates": [4445.0, 5209.0]}}, {"type": "Feature", "properties": {"sea_point_id": 4522, "name": "Solomon Sea", "ed_raw": 0, "hst_raw": 0, "pal_raw": 0}, "geometry": {"type": "Point", "coordinates": [13053.0, 4615.0]}}, {"type": "Feature", "properties": {"sea_point_id": 4523, "name": "Coral Sea", "ed_raw": 0, "hst_raw": 0, "pal_raw": 0}, "geometry": {"type": "Point", "coordinates": [12744.0, 4702.0]}}, {"type": "Feature", "properties": {"sea_point_id": 4524, "name": "Atlantic Ocean", "ed_raw": 0, "hst_raw": 0, "pal_raw": 0}, "geometry": {"type": "Point", "coordinates": [4532.0, 5163.0]}}, {"type": "Feature", "properties": {"sea_point_id": 4525, "name": "Atlantic Ocean", "ed_raw": 0, "hst_raw": 0, "pal_raw": 0}, "geometry": {"type": "Point", "coordinates": [4586.0, 5148.0]}}, {"type": "Feature", "properties": {"sea_point_id": 4526, "name": "Coral Sea", "ed_raw": 0, "hst_raw": 0, "pal_raw": 0}, "geometry": {"type": "Point", "coordinates": [12545.0, 4645.0]}}, {"type": "Feature", "properties": {"sea_point_id": 4527, "name": "Coral Sea", "ed_raw": 0, "hst_raw": 0, "pal_raw": 0}, "geometry": {"type": "Point", "coordinates": [12423.0, 4655.0]}}, {"type": "Feature", "properties": {"sea_point_id": 4528, "name": "Atlantic Ocean", "ed_raw": 0, "hst_raw": 0, "pal_raw": 0}, "geometry": {"type": "Point", "coordinates": [4708.0, 5133.0]}}, {"type": "Feature", "properties": {"sea_point_id": 4529, "name": "Arafura Sea", "ed_raw": 0, "hst_raw": 0, "pal_raw": 0}, "geometry": {"type": "Point", "coordinates": [12121.0, 4248.0]}}, {"type": "Feature", "properties": {"sea_point_id": 4530, "name": "Atlantic Ocean", "ed_raw": 0, "hst_raw": 0, "pal_raw": 0}, "geometry": {"type": "Point", "coordinates": [4760.0, 5042.0]}}, {"type": "Feature", "properties": {"sea_point_id": 4531, "name": "Atlantic Ocean", "ed_raw": 0, "hst_raw": 0, "pal_raw": 0}, "geometry": {"type": "Point", "coordinates": [4809.0, 4979.0]}}, {"type": "Feature", "properties": {"sea_point_id": 4532, "name": "Atlantic Ocean", "ed_raw": 0, "hst_raw": 0, "pal_raw": 0}, "geometry": {"type": "Point", "coordinates": [4827.0, 4919.0]}}, {"type": "Feature", "properties": {"sea_point_id": 4533, "name": "Atlantic Ocean", "ed_raw": 0, "hst_raw": 0, "pal_raw": 0}, "geometry": {"type": "Point", "coordinates": [4834.0, 4863.0]}}, {"type": "Feature", "properties": {"sea_point_id": 4534, "name": "Atlantic Ocean", "ed_raw": 0, "hst_raw": 0, "pal_raw": 0}, "geometry": {"type": "Point", "coordinates": [4844.0, 4822.0]}}, {"type": "Feature", "properties": {"sea_point_id": 4535, "name": "Atlantic Ocean", "ed_raw": 0, "hst_raw": 0, "pal_raw": 0}, "geometry": {"type": "Point", "coordinates": [4845.0, 4774.0]}}, {"type": "Feature", "properties": {"sea_point_id": 4536, "name": "Atlantic Ocean", "ed_raw": 0, "hst_raw": 0, "pal_raw": 0}, "geometry": {"type": "Point", "coordinates": [4852.0, 4741.0]}}, {"type": "Feature", "properties": {"sea_point_id": 4537, "name": "Arafura Sea", "ed_raw": 0, "hst_raw": 0, "pal_raw": 0}, "geometry": {"type": "Point", "coordinates": [12758.0, 4461.0]}}, {"type": "Feature", "properties": {"sea_point_id": 4538, "name": "Atlantic Ocean", "ed_raw": 0, "hst_raw": 0, "pal_raw": 0}, "geometry": {"type": "Point", "coordinates": [4933.0, 4687.0]}}, {"type": "Feature", "properties": {"sea_point_id": 4539, "name": "Atlantic Ocean", "ed_raw": 0, "hst_raw": 0, "pal_raw": 0}, "geometry": {"type": "Point", "coordinates": [4996.0, 4635.0]}}, {"type": "Feature", "properties": {"sea_point_id": 4540, "name": "Atlantic Ocean", "ed_raw": 0, "hst_raw": 0, "pal_raw": 0}, "geometry": {"type": "Point", "coordinates": [5018.0, 4603.0]}}, {"type": "Feature", "properties": {"sea_point_id": 4541, "name": "Atlantic Ocean", "ed_raw": 0, "hst_raw": 0, "pal_raw": 0}, "geometry": {"type": "Point", "coordinates": [5052.0, 4550.0]}}, {"type": "Feature", "properties": {"sea_point_id": 4542, "name": "Atlantic Ocean", "ed_raw": 0, "hst_raw": 0, "pal_raw": 0}, "geometry": {"type": "Point", "coordinates": [5068.0, 4467.0]}}, {"type": "Feature", "properties": {"sea_point_id": 4543, "name": "Arafura Sea", "ed_raw": 0, "hst_raw": 0, "pal_raw": 0}, "geometry": {"type": "Point", "coordinates": [13056.0, 4017.0]}}, {"type": "Feature", "properties": {"sea_point_id": 4544, "name": "Atlantic Ocean", "ed_raw": 0, "hst_raw": 0, "pal_raw": 0}, "geometry": {"type": "Point", "coordinates": [5055.0, 4433.0]}}, {"type": "Feature", "properties": {"sea_point_id": 4545, "name": "Atlantic Ocean", "ed_raw": 0, "hst_raw": 0, "pal_raw": 0}, "geometry": {"type": "Point", "coordinates": [5036.0, 4388.0]}}, {"type": "Feature", "properties": {"sea_point_id": 4546, "name": "Atlantic Ocean", "ed_raw": 0, "hst_raw": 0, "pal_raw": 0}, "geometry": {"type": "Point", "coordinates": [4980.0, 4384.0]}}, {"type": "Feature", "properties": {"sea_point_id": 4547, "name": "Atlantic Ocean", "ed_raw": 0, "hst_raw": 0, "pal_raw": 0}, "geometry": {"type": "Point", "coordinates": [4934.0, 4349.0]}}, {"type": "Feature", "properties": {"sea_point_id": 4548, "name": "Atlantic Ocean", "ed_raw": 0, "hst_raw": 0, "pal_raw": 0}, "geometry": {"type": "Point", "coordinates": [4903.0, 4312.0]}}, {"type": "Feature", "properties": {"sea_point_id": 4549, "name": "Atlantic Ocean", "ed_raw": 0, "hst_raw": 0, "pal_raw": 0}, "geometry": {"type": "Point", "coordinates": [4865.0, 4286.0]}}, {"type": "Feature", "properties": {"sea_point_id": 4550, "name": "Atlantic Ocean", "ed_raw": 0, "hst_raw": 0, "pal_raw": 0}, "geometry": {"type": "Point", "coordinates": [4811.0, 4269.0]}}, {"type": "Feature", "properties": {"sea_point_id": 4551, "name": "Atlantic Ocean", "ed_raw": 0, "hst_raw": 0, "pal_raw": 0}, "geometry": {"type": "Point", "coordinates": [4746.0, 4259.0]}}, {"type": "Feature", "properties": {"sea_point_id": 4552, "name": "Atlantic Ocean", "ed_raw": 0, "hst_raw": 0, "pal_raw": 0}, "geometry": {"type": "Point", "coordinates": [4673.0, 4241.0]}}, {"type": "Feature", "properties": {"sea_point_id": 4553, "name": "Atlantic Ocean", "ed_raw": 0, "hst_raw": 0, "pal_raw": 0}, "geometry": {"type": "Point", "coordinates": [4635.0, 4234.0]}}, {"type": "Feature", "properties": {"sea_point_id": 4554, "name": "Atlantic Ocean", "ed_raw": 0, "hst_raw": 0, "pal_raw": 0}, "geometry": {"type": "Point", "coordinates": [4585.0, 4182.0]}}, {"type": "Feature", "properties": {"sea_point_id": 4555, "name": "Atlantic Ocean", "ed_raw": 0, "hst_raw": 0, "pal_raw": 0}, "geometry": {"type": "Point", "coordinates": [4512.0, 4156.0]}}, {"type": "Feature", "properties": {"sea_point_id": 4556, "name": "Tocantina River", "ed_raw": 0, "hst_raw": 0, "pal_raw": 0}, "geometry": {"type": "Point", "coordinates": [4410.0, 4236.0]}}, {"type": "Feature", "properties": {"sea_point_id": 4557, "name": "Tocantina River", "ed_raw": 0, "hst_raw": 0, "pal_raw": 0}, "geometry": {"type": "Point", "coordinates": [4420.0, 4208.0]}}, {"type": "Feature", "properties": {"sea_point_id": 4558, "name": "Tocantina River", "ed_raw": 0, "hst_raw": 0, "pal_raw": 0}, "geometry": {"type": "Point", "coordinates": [4448.0, 4187.0]}}, {"type": "Feature", "properties": {"sea_point_id": 4559, "name": "Atlantic Ocean", "ed_raw": 0, "hst_raw": 0, "pal_raw": 0}, "geometry": {"type": "Point", "coordinates": [4467.0, 4152.0]}}, {"type": "Feature", "properties": {"sea_point_id": 4560, "name": "Tocantina River", "ed_raw": 0, "hst_raw": 0, "pal_raw": 0}, "geometry": {"type": "Point", "coordinates": [4384.0, 4214.0]}}, {"type": "Feature", "properties": {"sea_point_id": 4561, "name": "Arafura Sea", "ed_raw": 0, "hst_raw": 0, "pal_raw": 0}, "geometry": {"type": "Point", "coordinates": [12857.0, 3960.0]}}, {"type": "Feature", "properties": {"sea_point_id": 4562, "name": "Atlantic Ocean", "ed_raw": 0, "hst_raw": 0, "pal_raw": 0}, "geometry": {"type": "Point", "coordinates": [4429.0, 4136.0]}}, {"type": "Feature", "properties": {"sea_point_id": 4563, "name": "Atlantic Ocean", "ed_raw": 0, "hst_raw": 0, "pal_raw": 0}, "geometry": {"type": "Point", "coordinates": [4391.0, 4139.0]}}, {"type": "Feature", "properties": {"sea_point_id": 4564, "name": "Rio Amazonas", "ed_raw": 0, "hst_raw": 0, "pal_raw": 0}, "geometry": {"type": "Point", "coordinates": [4319.0, 4155.0]}}, {"type": "Feature", "properties": {"sea_point_id": 4565, "name": "Rio Amazonas", "ed_raw": 0, "hst_raw": 0, "pal_raw": 0}, "geometry": {"type": "Point", "coordinates": [4344.0, 4134.0]}}, {"type": "Feature", "properties": {"sea_point_id": 4566, "name": "Atlantic Ocean", "ed_raw": 0, "hst_raw": 0, "pal_raw": 0}, "geometry": {"type": "Point", "coordinates": [4380.0, 4116.0]}}, {"type": "Feature", "properties": {"sea_point_id": 4567, "name": "St. Lawrence", "ed_raw": 0, "hst_raw": 0, "pal_raw": 0}, "geometry": {"type": "Point", "coordinates": [3688.0, 1737.0]}}, {"type": "Feature", "properties": {"sea_point_id": 4569, "name": "Atlantic Ocean", "ed_raw": 0, "hst_raw": 0, "pal_raw": 0}, "geometry": {"type": "Point", "coordinates": [4401.0, 4074.0]}}, {"type": "Feature", "properties": {"sea_point_id": 4570, "name": "Atlantic Ocean", "ed_raw": 0, "hst_raw": 0, "pal_raw": 0}, "geometry": {"type": "Point", "coordinates": [4369.0, 4030.0]}}, {"type": "Feature", "properties": {"sea_point_id": 4571, "name": "Atlantic Ocean", "ed_raw": 0, "hst_raw": 0, "pal_raw": 0}, "geometry": {"type": "Point", "coordinates": [4346.0, 3951.0]}}, {"type": "Feature", "properties": {"sea_point_id": 4572, "name": "Pacific Ocean", "ed_raw": 0, "hst_raw": 0, "pal_raw": 0}, "geometry": {"type": "Point", "coordinates": [12920.0, 3935.0]}}, {"type": "Feature", "properties": {"sea_point_id": 4573, "name": "Atlantic Ocean", "ed_raw": 0, "hst_raw": 0, "pal_raw": 0}, "geometry": {"type": "Point", "coordinates": [4213.0, 3858.0]}}, {"type": "Feature", "properties": {"sea_point_id": 4574, "name": "Atlantic Ocean", "ed_raw": 0, "hst_raw": 0, "pal_raw": 0}, "geometry": {"type": "Point", "coordinates": [4148.0, 3856.0]}}, {"type": "Feature", "properties": {"sea_point_id": 4575, "name": "Atlantic Ocean", "ed_raw": 0, "hst_raw": 0, "pal_raw": 0}, "geometry": {"type": "Point", "coordinates": [4087.0, 3855.0]}}, {"type": "Feature", "properties": {"sea_point_id": 4576, "name": "Pacific Ocean", "ed_raw": 0, "hst_raw": 0, "pal_raw": 0}, "geometry": {"type": "Point", "coordinates": [12674.0, 3582.0]}}, {"type": "Feature", "properties": {"sea_point_id": 4577, "name": "St. Lawrence", "ed_raw": 0, "hst_raw": 0, "pal_raw": 0}, "geometry": {"type": "Point", "coordinates": [3642.0, 1776.0]}}, {"type": "Feature", "properties": {"sea_point_id": 4578, "name": "Caribbean Sea", "ed_raw": 0, "hst_raw": 0, "pal_raw": 0}, "geometry": {"type": "Point", "coordinates": [3982.0, 3767.0]}}, {"type": "Feature", "properties": {"sea_point_id": 4579, "name": "Caribbean Sea", "ed_raw": 0, "hst_raw": 0, "pal_raw": 0}, "geometry": {"type": "Point", "coordinates": [3931.0, 3736.0]}}, {"type": "Feature", "properties": {"sea_point_id": 4580, "name": "Caribbean Sea", "ed_raw": 0, "hst_raw": 0, "pal_raw": 0}, "geometry": {"type": "Point", "coordinates": [3859.0, 3678.0]}}, {"type": "Feature", "properties": {"sea_point_id": 4581, "name": "Pacific Ocean", "ed_raw": 0, "hst_raw": 0, "pal_raw": 0}, "geometry": {"type": "Point", "coordinates": [12064.0, 3967.0]}}, {"type": "Feature", "properties": {"sea_point_id": 4582, "name": "Davao Gulf", "ed_raw": 0, "hst_raw": 0, "pal_raw": 0}, "geometry": {"type": "Point", "coordinates": [11787.0, 3952.0]}}, {"type": "Feature", "properties": {"sea_point_id": 4583, "name": "Caribbean Sea", "ed_raw": 0, "hst_raw": 0, "pal_raw": 0}, "geometry": {"type": "Point", "coordinates": [3721.0, 3668.0]}}, {"type": "Feature", "properties": {"sea_point_id": 4584, "name": "Caribbean Sea", "ed_raw": 0, "hst_raw": 0, "pal_raw": 0}, "geometry": {"type": "Point", "coordinates": [3674.0, 3676.0]}}, {"type": "Feature", "properties": {"sea_point_id": 4585, "name": "Davao Gulf", "ed_raw": 0, "hst_raw": 0, "pal_raw": 0}, "geometry": {"type": "Point", "coordinates": [11736.0, 3973.0]}}, {"type": "Feature", "properties": {"sea_point_id": 4586, "name": "Caribbean Sea", "ed_raw": 0, "hst_raw": 0, "pal_raw": 0}, "geometry": {"type": "Point", "coordinates": [3604.0, 3648.0]}}, {"type": "Feature", "properties": {"sea_point_id": 4587, "name": "Celebes Sea", "ed_raw": 0, "hst_raw": 0, "pal_raw": 0}, "geometry": {"type": "Point", "coordinates": [11655.0, 3961.0]}}, {"type": "Feature", "properties": {"sea_point_id": 4588, "name": "Celebes Sea", "ed_raw": 0, "hst_raw": 0, "pal_raw": 0}, "geometry": {"type": "Point", "coordinates": [11619.0, 3964.0]}}, {"type": "Feature", "properties": {"sea_point_id": 4589, "name": "Caribbean Sea", "ed_raw": 0, "hst_raw": 0, "pal_raw": 0}, "geometry": {"type": "Point", "coordinates": [3401.0, 3724.0]}}, {"type": "Feature", "properties": {"sea_point_id": 4590, "name": "Caribbean Sea", "ed_raw": 0, "hst_raw": 0, "pal_raw": 0}, "geometry": {"type": "Point", "coordinates": [3404.0, 3688.0]}}, {"type": "Feature", "properties": {"sea_point_id": 4591, "name": "Caribbean Sea", "ed_raw": 0, "hst_raw": 0, "pal_raw": 0}, "geometry": {"type": "Point", "coordinates": [3405.0, 3652.0]}}, {"type": "Feature", "properties": {"sea_point_id": 4592, "name": "Caribbean Sea", "ed_raw": 0, "hst_raw": 0, "pal_raw": 0}, "geometry": {"type": "Point", "coordinates": [3439.0, 3648.0]}}, {"type": "Feature", "properties": {"sea_point_id": 4593, "name": "Sea of Japan", "ed_raw": 0, "hst_raw": 0, "pal_raw": 0}, "geometry": {"type": "Point", "coordinates": [11943.0, 1870.0]}}, {"type": "Feature", "properties": {"sea_point_id": 4594, "name": "Sea of Japan", "ed_raw": 0, "hst_raw": 0, "pal_raw": 0}, "geometry": {"type": "Point", "coordinates": [12013.0, 1914.0]}}, {"type": "Feature", "properties": {"sea_point_id": 4595, "name": "Pacific Ocean", "ed_raw": 0, "hst_raw": 0, "pal_raw": 0}, "geometry": {"type": "Point", "coordinates": [11618.0, 3846.0]}}, {"type": "Feature", "properties": {"sea_point_id": 4596, "name": "Pacific Ocean", "ed_raw": 0, "hst_raw": 0, "pal_raw": 0}, "geometry": {"type": "Point", "coordinates": [11635.0, 3843.0]}}, {"type": "Feature", "properties": {"sea_point_id": 4597, "name": "Indian Ocean", "ed_raw": 0, "hst_raw": 0, "pal_raw": 0}, "geometry": {"type": "Point", "coordinates": [11532.0, 5162.0]}}, {"type": "Feature", "properties": {"sea_point_id": 4598, "name": "Timor Sea", "ed_raw": 0, "hst_raw": 0, "pal_raw": 0}, "geometry": {"type": "Point", "coordinates": [11633.0, 5122.0]}}, {"type": "Feature", "properties": {"sea_point_id": 4599, "name": "Indian Ocean", "ed_raw": 0, "hst_raw": 0, "pal_raw": 0}, "geometry": {"type": "Point", "coordinates": [11464.0, 5308.0]}}, {"type": "Feature", "properties": {"sea_point_id": 4600, "name": "Indian Ocean", "ed_raw": 0, "hst_raw": 0, "pal_raw": 0}, "geometry": {"type": "Point", "coordinates": [11465.0, 5218.0]}}, {"type": "Feature", "properties": {"sea_point_id": 4601, "name": "Pacific Ocean", "ed_raw": 0, "hst_raw": 0, "pal_raw": 0}, "geometry": {"type": "Point", "coordinates": [11638.0, 3813.0]}}, {"type": "Feature", "properties": {"sea_point_id": 4602, "name": "Indian Ocean", "ed_raw": 0, "hst_raw": 0, "pal_raw": 0}, "geometry": {"type": "Point", "coordinates": [11482.0, 5452.0]}}, {"type": "Feature", "properties": {"sea_point_id": 4603, "name": "Indian Ocean", "ed_raw": 0, "hst_raw": 0, "pal_raw": 0}, "geometry": {"type": "Point", "coordinates": [11519.0, 5507.0]}}, {"type": "Feature", "properties": {"sea_point_id": 4604, "name": "Indian Ocean", "ed_raw": 0, "hst_raw": 0, "pal_raw": 0}, "geometry": {"type": "Point", "coordinates": [11556.0, 5612.0]}}, {"type": "Feature", "properties": {"sea_point_id": 4605, "name": "Pacific Ocean", "ed_raw": 0, "hst_raw": 0, "pal_raw": 0}, "geometry": {"type": "Point", "coordinates": [11654.0, 3801.0]}}, {"type": "Feature", "properties": {"sea_point_id": 4606, "name": "Caribbean Sea", "ed_raw": 0, "hst_raw": 0, "pal_raw": 0}, "geometry": {"type": "Point", "coordinates": [3455.0, 3599.0]}}, {"type": "Feature", "properties": {"sea_point_id": 4607, "name": "Indian Ocean", "ed_raw": 0, "hst_raw": 0, "pal_raw": 0}, "geometry": {"type": "Point", "coordinates": [11545.0, 5692.0]}}, {"type": "Feature", "properties": {"sea_point_id": 4608, "name": "Caribbean Sea", "ed_raw": 0, "hst_raw": 0, "pal_raw": 0}, "geometry": {"type": "Point", "coordinates": [3498.0, 3621.0]}}, {"type": "Feature", "properties": {"sea_point_id": 4609, "name": "Caribbean Sea", "ed_raw": 0, "hst_raw": 0, "pal_raw": 0}, "geometry": {"type": "Point", "coordinates": [3422.0, 3604.0]}}, {"type": "Feature", "properties": {"sea_point_id": 4610, "name": "Caribbean Sea", "ed_raw": 0, "hst_raw": 0, "pal_raw": 0}, "geometry": {"type": "Point", "coordinates": [3398.0, 3589.0]}}, {"type": "Feature", "properties": {"sea_point_id": 4611, "name": "Caribbean Sea", "ed_raw": 0, "hst_raw": 0, "pal_raw": 0}, "geometry": {"type": "Point", "coordinates": [3332.0, 3624.0]}}, {"type": "Feature", "properties": {"sea_point_id": 4612, "name": "Pacific Ocean", "ed_raw": 0, "hst_raw": 0, "pal_raw": 0}, "geometry": {"type": "Point", "coordinates": [11629.0, 3790.0]}}, {"type": "Feature", "properties": {"sea_point_id": 4613, "name": "Caribbean Sea", "ed_raw": 0, "hst_raw": 0, "pal_raw": 0}, "geometry": {"type": "Point", "coordinates": [3242.0, 3654.0]}}, {"type": "Feature", "properties": {"sea_point_id": 4614, "name": "Caribbean Sea", "ed_raw": 0, "hst_raw": 0, "pal_raw": 0}, "geometry": {"type": "Point", "coordinates": [3188.0, 3705.0]}}, {"type": "Feature", "properties": {"sea_point_id": 4615, "name": "Caribbean Sea", "ed_raw": 0, "hst_raw": 0, "pal_raw": 0}, "geometry": {"type": "Point", "coordinates": [3151.0, 3762.0]}}, {"type": "Feature", "properties": {"sea_point_id": 4616, "name": "Caribbean Sea", "ed_raw": 0, "hst_raw": 0, "pal_raw": 0}, "geometry": {"type": "Point", "coordinates": [3122.0, 3797.0]}}, {"type": "Feature", "properties": {"sea_point_id": 4617, "name": "Pacific Ocean", "ed_raw": 0, "hst_raw": 0, "pal_raw": 0}, "geometry": {"type": "Point", "coordinates": [11587.0, 3803.0]}}, {"type": "Feature", "properties": {"sea_point_id": 4618, "name": "Pacific Ocean", "ed_raw": 0, "hst_raw": 0, "pal_raw": 0}, "geometry": {"type": "Point", "coordinates": [11708.0, 3819.0]}}, {"type": "Feature", "properties": {"sea_point_id": 4619, "name": "Caribbean Sea", "ed_raw": 0, "hst_raw": 0, "pal_raw": 0}, "geometry": {"type": "Point", "coordinates": [2991.0, 3822.0]}}, {"type": "Feature", "properties": {"sea_point_id": 4620, "name": "Caribbean Sea", "ed_raw": 0, "hst_raw": 0, "pal_raw": 0}, "geometry": {"type": "Point", "coordinates": [2966.0, 3768.0]}}, {"type": "Feature", "properties": {"sea_point_id": 4621, "name": "Pacific Ocean", "ed_raw": 0, "hst_raw": 0, "pal_raw": 0}, "geometry": {"type": "Point", "coordinates": [11714.0, 3731.0]}}, {"type": "Feature", "properties": {"sea_point_id": 4622, "name": "Caribbean Sea", "ed_raw": 0, "hst_raw": 0, "pal_raw": 0}, "geometry": {"type": "Point", "coordinates": [3001.0, 3639.0]}}, {"type": "Feature", "properties": {"sea_point_id": 4623, "name": "Caribbean Sea", "ed_raw": 0, "hst_raw": 0, "pal_raw": 0}, "geometry": {"type": "Point", "coordinates": [3032.0, 3567.0]}}, {"type": "Feature", "properties": {"sea_point_id": 4624, "name": "Caribbean Sea", "ed_raw": 0, "hst_raw": 0, "pal_raw": 0}, "geometry": {"type": "Point", "coordinates": [3004.0, 3517.0]}}, {"type": "Feature", "properties": {"sea_point_id": 4625, "name": "Caribbean Sea", "ed_raw": 0, "hst_raw": 0, "pal_raw": 0}, "geometry": {"type": "Point", "coordinates": [2906.0, 3506.0]}}, {"type": "Feature", "properties": {"sea_point_id": 4626, "name": "Great Australian Bight", "ed_raw": 0, "hst_raw": 0, "pal_raw": 0}, "geometry": {"type": "Point", "coordinates": [11612.0, 5763.0]}}, {"type": "Feature", "properties": {"sea_point_id": 4627, "name": "Caribbean Sea", "ed_raw": 0, "hst_raw": 0, "pal_raw": 0}, "geometry": {"type": "Point", "coordinates": [2831.0, 3508.0]}}, {"type": "Feature", "properties": {"sea_point_id": 4628, "name": "Great Australian Bight", "ed_raw": 0, "hst_raw": 0, "pal_raw": 0}, "geometry": {"type": "Point", "coordinates": [11683.0, 5754.0]}}, {"type": "Feature", "properties": {"sea_point_id": 4629, "name": "Caribbean Sea", "ed_raw": 0, "hst_raw": 0, "pal_raw": 0}, "geometry": {"type": "Point", "coordinates": [2835.0, 3471.0]}}, {"type": "Feature", "properties": {"sea_point_id": 4630, "name": "Caribbean Sea", "ed_raw": 0, "hst_raw": 0, "pal_raw": 0}, "geometry": {"type": "Point", "coordinates": [2855.0, 3420.0]}}, {"type": "Feature", "properties": {"sea_point_id": 4631, "name": "Caribbean Sea", "ed_raw": 0, "hst_raw": 0, "pal_raw": 0}, "geometry": {"type": "Point", "coordinates": [2877.0, 3355.0]}}, {"type": "Feature", "properties": {"sea_point_id": 4632, "name": "Lake Erie", "ed_raw": 0, "hst_raw": 0, "pal_raw": 0}, "geometry": {"type": "Point", "coordinates": [3294.0, 1903.0]}}, {"type": "Feature", "properties": {"sea_point_id": 4633, "name": "Caribbean Sea", "ed_raw": 0, "hst_raw": 0, "pal_raw": 0}, "geometry": {"type": "Point", "coordinates": [2911.0, 3257.0]}}, {"type": "Feature", "properties": {"sea_point_id": 4634, "name": "Caribbean Sea", "ed_raw": 0, "hst_raw": 0, "pal_raw": 0}, "geometry": {"type": "Point", "coordinates": [2946.0, 3199.0]}}, {"type": "Feature", "properties": {"sea_point_id": 4635, "name": "Gulf of Mexico", "ed_raw": 0, "hst_raw": 0, "pal_raw": 0}, "geometry": {"type": "Point", "coordinates": [2949.0, 3150.0]}}, {"type": "Feature", "properties": {"sea_point_id": 4636, "name": "Gulf of Mexico", "ed_raw": 0, "hst_raw": 0, "pal_raw": 0}, "geometry": {"type": "Point", "coordinates": [2871.0, 3138.0]}}, {"type": "Feature", "properties": {"sea_point_id": 4637, "name": "Gulf of Mexico", "ed_raw": 0, "hst_raw": 0, "pal_raw": 0}, "geometry": {"type": "Point", "coordinates": [2815.0, 3163.0]}}, {"type": "Feature", "properties": {"sea_point_id": 4638, "name": "Pacific Ocean", "ed_raw": 0, "hst_raw": 0, "pal_raw": 0}, "geometry": {"type": "Point", "coordinates": [11349.0, 3933.0]}}, {"type": "Feature", "properties": {"sea_point_id": 4639, "name": "Atlantic Ocean", "ed_raw": 0, "hst_raw": 0, "pal_raw": 0}, "geometry": {"type": "Point", "coordinates": [5703.0, 1076.0]}}, {"type": "Feature", "properties": {"sea_point_id": 4640, "name": "Gulf of Mexico", "ed_raw": 0, "hst_raw": 0, "pal_raw": 0}, "geometry": {"type": "Point", "coordinates": [2761.0, 3213.0]}}, {"type": "Feature", "properties": {"sea_point_id": 4641, "name": "Pacific Ocean", "ed_raw": 0, "hst_raw": 0, "pal_raw": 0}, "geometry": {"type": "Point", "coordinates": [11063.0, 4425.0]}}, {"type": "Feature", "properties": {"sea_point_id": 4642, "name": "Gulf of Mexico", "ed_raw": 0, "hst_raw": 0, "pal_raw": 0}, "geometry": {"type": "Point", "coordinates": [2741.0, 3290.0]}}, {"type": "Feature", "properties": {"sea_point_id": 4643, "name": "Pacific Ocean", "ed_raw": 0, "hst_raw": 0, "pal_raw": 0}, "geometry": {"type": "Point", "coordinates": [11140.0, 4446.0]}}, {"type": "Feature", "properties": {"sea_point_id": 4644, "name": "Gulf of Mexico", "ed_raw": 0, "hst_raw": 0, "pal_raw": 0}, "geometry": {"type": "Point", "coordinates": [2668.0, 3312.0]}}, {"type": "Feature", "properties": {"sea_point_id": 4645, "name": "Pacific Ocean", "ed_raw": 0, "hst_raw": 0, "pal_raw": 0}, "geometry": {"type": "Point", "coordinates": [11256.0, 4481.0]}}, {"type": "Feature", "properties": {"sea_point_id": 4646, "name": "Gulf of Mexico", "ed_raw": 0, "hst_raw": 0, "pal_raw": 0}, "geometry": {"type": "Point", "coordinates": [2581.0, 3331.0]}}, {"type": "Feature", "properties": {"sea_point_id": 4647, "name": "Makassar Strait", "ed_raw": 0, "hst_raw": 0, "pal_raw": 0}, "geometry": {"type": "Point", "coordinates": [11382.0, 4335.0]}}, {"type": "Feature", "properties": {"sea_point_id": 4648, "name": "Gulf of Mexico", "ed_raw": 0, "hst_raw": 0, "pal_raw": 0}, "geometry": {"type": "Point", "coordinates": [2542.0, 3274.0]}}, {"type": "Feature", "properties": {"sea_point_id": 4649, "name": "Gulf of Mexico", "ed_raw": 0, "hst_raw": 0, "pal_raw": 0}, "geometry": {"type": "Point", "coordinates": [2481.0, 3172.0]}}, {"type": "Feature", "properties": {"sea_point_id": 4650, "name": "Makassar Strait", "ed_raw": 0, "hst_raw": 0, "pal_raw": 0}, "geometry": {"type": "Point", "coordinates": [11525.0, 4251.0]}}, {"type": "Feature", "properties": {"sea_point_id": 4651, "name": "Gulf of Mexico", "ed_raw": 0, "hst_raw": 0, "pal_raw": 0}, "geometry": {"type": "Point", "coordinates": [2419.0, 3095.0]}}, {"type": "Feature", "properties": {"sea_point_id": 4652, "name": "Gulf of Mexico", "ed_raw": 0, "hst_raw": 0, "pal_raw": 0}, "geometry": {"type": "Point", "coordinates": [2445.0, 3003.0]}}, {"type": "Feature", "properties": {"sea_point_id": 4653, "name": "Makassar Strait", "ed_raw": 0, "hst_raw": 0, "pal_raw": 0}, "geometry": {"type": "Point", "coordinates": [11645.0, 4288.0]}}, {"type": "Feature", "properties": {"sea_point_id": 4654, "name": "Gulf of Mexico", "ed_raw": 0, "hst_raw": 0, "pal_raw": 0}, "geometry": {"type": "Point", "coordinates": [2456.0, 2932.0]}}, {"type": "Feature", "properties": {"sea_point_id": 4655, "name": "Gulf of Mexico", "ed_raw": 0, "hst_raw": 0, "pal_raw": 0}, "geometry": {"type": "Point", "coordinates": [2464.0, 2869.0]}}, {"type": "Feature", "properties": {"sea_point_id": 4656, "name": "Gulf of Mexico", "ed_raw": 0, "hst_raw": 0, "pal_raw": 0}, "geometry": {"type": "Point", "coordinates": [2466.0, 2831.0]}}, {"type": "Feature", "properties": {"sea_point_id": 4657, "name": "Gulf of Mexico", "ed_raw": 0, "hst_raw": 0, "pal_raw": 0}, "geometry": {"type": "Point", "coordinates": [2573.0, 2766.0]}}, {"type": "Feature", "properties": {"sea_point_id": 4658, "name": "Gulf of Mexico", "ed_raw": 0, "hst_raw": 0, "pal_raw": 0}, "geometry": {"type": "Point", "coordinates": [2515.0, 2789.0]}}, {"type": "Feature", "properties": {"sea_point_id": 4659, "name": "Gulf of Mexico", "ed_raw": 0, "hst_raw": 0, "pal_raw": 0}, "geometry": {"type": "Point", "coordinates": [2644.0, 2739.0]}}, {"type": "Feature", "properties": {"sea_point_id": 4660, "name": "Gulf of Mexico", "ed_raw": 0, "hst_raw": 0, "pal_raw": 0}, "geometry": {"type": "Point", "coordinates": [2681.0, 2722.0]}}, {"type": "Feature", "properties": {"sea_point_id": 4661, "name": "Gulf of Mexico", "ed_raw": 0, "hst_raw": 0, "pal_raw": 0}, "geometry": {"type": "Point", "coordinates": [2721.0, 2715.0]}}, {"type": "Feature", "properties": {"sea_point_id": 4662, "name": "Gulf of Mexico", "ed_raw": 0, "hst_raw": 0, "pal_raw": 0}, "geometry": {"type": "Point", "coordinates": [2809.0, 2708.0]}}, {"type": "Feature", "properties": {"sea_point_id": 4663, "name": "Makassar Strait", "ed_raw": 0, "hst_raw": 0, "pal_raw": 0}, "geometry": {"type": "Point", "coordinates": [11669.0, 4265.0]}}, {"type": "Feature", "properties": {"sea_point_id": 4664, "name": "Gulf of Mexico", "ed_raw": 0, "hst_raw": 0, "pal_raw": 0}, "geometry": {"type": "Point", "coordinates": [2942.0, 2736.0]}}, {"type": "Feature", "properties": {"sea_point_id": 4665, "name": "Banda Sea", "ed_raw": 0, "hst_raw": 0, "pal_raw": 0}, "geometry": {"type": "Point", "coordinates": [11578.0, 4357.0]}}, {"type": "Feature", "properties": {"sea_point_id": 4666, "name": "Gulf of Mexico", "ed_raw": 0, "hst_raw": 0, "pal_raw": 0}, "geometry": {"type": "Point", "coordinates": [2969.0, 2675.0]}}, {"type": "Feature", "properties": {"sea_point_id": 4667, "name": "Flores Sea", "ed_raw": 0, "hst_raw": 0, "pal_raw": 0}, "geometry": {"type": "Point", "coordinates": [11470.0, 4638.0]}}, {"type": "Feature", "properties": {"sea_point_id": 4668, "name": "Great Australian Bight", "ed_raw": 0, "hst_raw": 0, "pal_raw": 0}, "geometry": {"type": "Point", "coordinates": [11786.0, 5718.0]}}, {"type": "Feature", "properties": {"sea_point_id": 4669, "name": "Gulf of Mexico", "ed_raw": 0, "hst_raw": 0, "pal_raw": 0}, "geometry": {"type": "Point", "coordinates": [3016.0, 2657.0]}}, {"type": "Feature", "properties": {"sea_point_id": 4670, "name": "Great Australian Bight", "ed_raw": 0, "hst_raw": 0, "pal_raw": 0}, "geometry": {"type": "Point", "coordinates": [11876.0, 5697.0]}}, {"type": "Feature", "properties": {"sea_point_id": 4671, "name": "Java Sea", "ed_raw": 0, "hst_raw": 0, "pal_raw": 0}, "geometry": {"type": "Point", "coordinates": [11328.0, 4607.0]}}, {"type": "Feature", "properties": {"sea_point_id": 4672, "name": "Great Australian Bight", "ed_raw": 0, "hst_raw": 0, "pal_raw": 0}, "geometry": {"type": "Point", "coordinates": [11897.0, 5659.0]}}, {"type": "Feature", "properties": {"sea_point_id": 4673, "name": "Gulf of Mexico", "ed_raw": 0, "hst_raw": 0, "pal_raw": 0}, "geometry": {"type": "Point", "coordinates": [3137.0, 2688.0]}}, {"type": "Feature", "properties": {"sea_point_id": 4674, "name": "Indian Ocean", "ed_raw": 0, "hst_raw": 0, "pal_raw": 0}, "geometry": {"type": "Point", "coordinates": [11290.0, 4653.0]}}, {"type": "Feature", "properties": {"sea_point_id": 4675, "name": "Gulf of Mexico", "ed_raw": 0, "hst_raw": 0, "pal_raw": 0}, "geometry": {"type": "Point", "coordinates": [3212.0, 2702.0]}}, {"type": "Feature", "properties": {"sea_point_id": 4676, "name": "Gulf of Mexico", "ed_raw": 0, "hst_raw": 0, "pal_raw": 0}, "geometry": {"type": "Point", "coordinates": [3269.0, 2717.0]}}, {"type": "Feature", "properties": {"sea_point_id": 4677, "name": "Gulf of Mexico", "ed_raw": 0, "hst_raw": 0, "pal_raw": 0}, "geometry": {"type": "Point", "coordinates": [3281.0, 2805.0]}}, {"type": "Feature", "properties": {"sea_point_id": 4678, "name": "Java Sea", "ed_raw": 0, "hst_raw": 0, "pal_raw": 0}, "geometry": {"type": "Point", "coordinates": [11245.0, 4616.0]}}, {"type": "Feature", "properties": {"sea_point_id": 4679, "name": "Gulf of Guinea", "ed_raw": 0, "hst_raw": 0, "pal_raw": 0}, "geometry": {"type": "Point", "coordinates": [6442.0, 4396.0]}}, {"type": "Feature", "properties": {"sea_point_id": 4680, "name": "Gulf of Mexico", "ed_raw": 0, "hst_raw": 0, "pal_raw": 0}, "geometry": {"type": "Point", "coordinates": [3327.0, 2880.0]}}, {"type": "Feature", "properties": {"sea_point_id": 4681, "name": "Strait of Florida", "ed_raw": 0, "hst_raw": 0, "pal_raw": 0}, "geometry": {"type": "Point", "coordinates": [3378.0, 2962.0]}}, {"type": "Feature", "properties": {"sea_point_id": 4682, "name": "Java Sea", "ed_raw": 0, "hst_raw": 0, "pal_raw": 0}, "geometry": {"type": "Point", "coordinates": [11166.0, 4546.0]}}, {"type": "Feature", "properties": {"sea_point_id": 4683, "name": "Strait of Florida", "ed_raw": 0, "hst_raw": 0, "pal_raw": 0}, "geometry": {"type": "Point", "coordinates": [3441.0, 2882.0]}}, {"type": "Feature", "properties": {"sea_point_id": 4684, "name": "Atlantic Ocean", "ed_raw": 0, "hst_raw": 0, "pal_raw": 0}, "geometry": {"type": "Point", "coordinates": [3429.0, 2794.0]}}, {"type": "Feature", "properties": {"sea_point_id": 4685, "name": "Baffin Bay", "ed_raw": 0, "hst_raw": 0, "pal_raw": 0}, "geometry": {"type": "Point", "coordinates": [1288.0, 1479.0]}}, {"type": "Feature", "properties": {"sea_point_id": 4686, "name": "Atlantic Ocean", "ed_raw": 0, "hst_raw": 0, "pal_raw": 0}, "geometry": {"type": "Point", "coordinates": [3386.0, 2692.0]}}, {"type": "Feature", "properties": {"sea_point_id": 4687, "name": "Atlantic Ocean", "ed_raw": 0, "hst_raw": 0, "pal_raw": 0}, "geometry": {"type": "Point", "coordinates": [3383.0, 2626.0]}}, {"type": "Feature", "properties": {"sea_point_id": 4688, "name": "Baffin Bay", "ed_raw": 0, "hst_raw": 0, "pal_raw": 0}, "geometry": {"type": "Point", "coordinates": [1280.0, 1500.0]}}, {"type": "Feature", "properties": {"sea_point_id": 4689, "name": "Atlantic Ocean", "ed_raw": 0, "hst_raw": 0, "pal_raw": 0}, "geometry": {"type": "Point", "coordinates": [3434.0, 2533.0]}}, {"type": "Feature", "properties": {"sea_point_id": 4690, "name": "Baffin Bay", "ed_raw": 0, "hst_raw": 0, "pal_raw": 0}, "geometry": {"type": "Point", "coordinates": [1209.0, 1482.0]}}, {"type": "Feature", "properties": {"sea_point_id": 4691, "name": "Atlantic Ocean", "ed_raw": 0, "hst_raw": 0, "pal_raw": 0}, "geometry": {"type": "Point", "coordinates": [3554.0, 2445.0]}}, {"type": "Feature", "properties": {"sea_point_id": 4692, "name": "Atlantic Ocean", "ed_raw": 0, "hst_raw": 0, "pal_raw": 0}, "geometry": {"type": "Point", "coordinates": [3602.0, 2410.0]}}, {"type": "Feature", "properties": {"sea_point_id": 4693, "name": "Gulf of St. Lawrence", "ed_raw": 0, "hst_raw": 0, "pal_raw": 0}, "geometry": {"type": "Point", "coordinates": [4433.0, 1618.0]}}, {"type": "Feature", "properties": {"sea_point_id": 4694, "name": "Atlantic Ocean", "ed_raw": 0, "hst_raw": 0, "pal_raw": 0}, "geometry": {"type": "Point", "coordinates": [3648.0, 2339.0]}}, {"type": "Feature", "properties": {"sea_point_id": 4695, "name": "Atlantic Ocean", "ed_raw": 0, "hst_raw": 0, "pal_raw": 0}, "geometry": {"type": "Point", "coordinates": [3651.0, 2271.0]}}, {"type": "Feature", "properties": {"sea_point_id": 4696, "name": "Chesapeake Bay", "ed_raw": 0, "hst_raw": 0, "pal_raw": 0}, "geometry": {"type": "Point", "coordinates": [3617.0, 2146.0]}}, {"type": "Feature", "properties": {"sea_point_id": 4697, "name": "Chesapeake Bay", "ed_raw": 0, "hst_raw": 0, "pal_raw": 0}, "geometry": {"type": "Point", "coordinates": [3625.0, 2188.0]}}, {"type": "Feature", "properties": {"sea_point_id": 4698, "name": "Great Australian Bight", "ed_raw": 0, "hst_raw": 0, "pal_raw": 0}, "geometry": {"type": "Point", "coordinates": [11963.0, 5632.0]}}, {"type": "Feature", "properties": {"sea_point_id": 4699, "name": "Chesapeake Bay", "ed_raw": 0, "hst_raw": 0, "pal_raw": 0}, "geometry": {"type": "Point", "coordinates": [3621.0, 2224.0]}}, {"type": "Feature", "properties": {"sea_point_id": 4701, "name": "Atlantic Ocean", "ed_raw": 0, "hst_raw": 0, "pal_raw": 0}, "geometry": {"type": "Point", "coordinates": [3711.0, 2146.0]}}, {"type": "Feature", "properties": {"sea_point_id": 4702, "name": "Great Australian Bight", "ed_raw": 0, "hst_raw": 0, "pal_raw": 0}, "geometry": {"type": "Point", "coordinates": [12076.0, 5609.0]}}, {"type": "Feature", "properties": {"sea_point_id": 4703, "name": "Atlantic Ocean", "ed_raw": 0, "hst_raw": 0, "pal_raw": 0}, "geometry": {"type": "Point", "coordinates": [3734.0, 2081.0]}}, {"type": "Feature", "properties": {"sea_point_id": 4705, "name": "Atlantic Ocean", "ed_raw": 0, "hst_raw": 0, "pal_raw": 0}, "geometry": {"type": "Point", "coordinates": [3859.0, 1999.0]}}, {"type": "Feature", "properties": {"sea_point_id": 4706, "name": "Atlantic Ocean", "ed_raw": 0, "hst_raw": 0, "pal_raw": 0}, "geometry": {"type": "Point", "coordinates": [3783.0, 2003.0]}}, {"type": "Feature", "properties": {"sea_point_id": 4707, "name": "Persian Gulf", "ed_raw": 0, "hst_raw": 0, "pal_raw": 0}, "geometry": {"type": "Point", "coordinates": [11594.0, 4730.0]}}, {"type": "Feature", "properties": {"sea_point_id": 4708, "name": "Atlantic Ocean", "ed_raw": 0, "hst_raw": 0, "pal_raw": 0}, "geometry": {"type": "Point", "coordinates": [3953.0, 1936.0]}}, {"type": "Feature", "properties": {"sea_point_id": 4709, "name": "Great Australian Bight", "ed_raw": 0, "hst_raw": 0, "pal_raw": 0}, "geometry": {"type": "Point", "coordinates": [12177.0, 5649.0]}}, {"type": "Feature", "properties": {"sea_point_id": 4710, "name": "Massachusetts Bay", "ed_raw": 0, "hst_raw": 0, "pal_raw": 0}, "geometry": {"type": "Point", "coordinates": [3908.0, 1886.0]}}, {"type": "Feature", "properties": {"sea_point_id": 4711, "name": "Persian Gulf", "ed_raw": 0, "hst_raw": 0, "pal_raw": 0}, "geometry": {"type": "Point", "coordinates": [11782.0, 4640.0]}}, {"type": "Feature", "properties": {"sea_point_id": 4712, "name": "Cape Ann", "ed_raw": 0, "hst_raw": 0, "pal_raw": 0}, "geometry": {"type": "Point", "coordinates": [3932.0, 1822.0]}}, {"type": "Feature", "properties": {"sea_point_id": 4713, "name": "Atlantic Ocean", "ed_raw": 0, "hst_raw": 0, "pal_raw": 0}, "geometry": {"type": "Point", "coordinates": [3989.0, 1790.0]}}, {"type": "Feature", "properties": {"sea_point_id": 4714, "name": "Fundy Bay", "ed_raw": 0, "hst_raw": 0, "pal_raw": 0}, "geometry": {"type": "Point", "coordinates": [4081.0, 1760.0]}}, {"type": "Feature", "properties": {"sea_point_id": 4715, "name": "Great Australian Bight", "ed_raw": 0, "hst_raw": 0, "pal_raw": 0}, "geometry": {"type": "Point", "coordinates": [12232.0, 5711.0]}}, {"type": "Feature", "properties": {"sea_point_id": 4716, "name": "Fundy Bay", "ed_raw": 0, "hst_raw": 0, "pal_raw": 0}, "geometry": {"type": "Point", "coordinates": [4181.0, 1706.0]}}, {"type": "Feature", "properties": {"sea_point_id": 4717, "name": "Fundy Bay", "ed_raw": 0, "hst_raw": 0, "pal_raw": 0}, "geometry": {"type": "Point", "coordinates": [4115.0, 1808.0]}}, {"type": "Feature", "properties": {"sea_point_id": 4718, "name": "Gulf of St. Lawrence", "ed_raw": 0, "hst_raw": 0, "pal_raw": 0}, "geometry": {"type": "Point", "coordinates": [4234.0, 1458.0]}}, {"type": "Feature", "properties": {"sea_point_id": 4719, "name": "Atlantic Ocean", "ed_raw": 0, "hst_raw": 0, "pal_raw": 0}, "geometry": {"type": "Point", "coordinates": [4162.0, 1834.0]}}, {"type": "Feature", "properties": {"sea_point_id": 4720, "name": "Atlantic Ocean", "ed_raw": 0, "hst_raw": 0, "pal_raw": 0}, "geometry": {"type": "Point", "coordinates": [4219.0, 1802.0]}}, {"type": "Feature", "properties": {"sea_point_id": 4721, "name": "St. Lawrence", "ed_raw": 0, "hst_raw": 0, "pal_raw": 0}, "geometry": {"type": "Point", "coordinates": [4065.0, 1428.0]}}, {"type": "Feature", "properties": {"sea_point_id": 4722, "name": "Atlantic Ocean", "ed_raw": 0, "hst_raw": 0, "pal_raw": 0}, "geometry": {"type": "Point", "coordinates": [4368.0, 1732.0]}}, {"type": "Feature", "properties": {"sea_point_id": 4723, "name": "St. Lawrence", "ed_raw": 0, "hst_raw": 0, "pal_raw": 0}, "geometry": {"type": "Point", "coordinates": [3968.0, 1495.0]}}, {"type": "Feature", "properties": {"sea_point_id": 4724, "name": "Great Australian Bight", "ed_raw": 0, "hst_raw": 0, "pal_raw": 0}, "geometry": {"type": "Point", "coordinates": [12282.0, 5673.0]}}, {"type": "Feature", "properties": {"sea_point_id": 4725, "name": "Atlantic Ocean", "ed_raw": 0, "hst_raw": 0, "pal_raw": 0}, "geometry": {"type": "Point", "coordinates": [4467.0, 1651.0]}}, {"type": "Feature", "properties": {"sea_point_id": 4726, "name": "Great Australian Bight", "ed_raw": 0, "hst_raw": 0, "pal_raw": 0}, "geometry": {"type": "Point", "coordinates": [12290.0, 5723.0]}}, {"type": "Feature", "properties": {"sea_point_id": 4727, "name": "Gulf of St. Lawrence", "ed_raw": 0, "hst_raw": 0, "pal_raw": 0}, "geometry": {"type": "Point", "coordinates": [4417.0, 1570.0]}}, {"type": "Feature", "properties": {"sea_point_id": 4728, "name": "Gulf of St. Lawrence", "ed_raw": 0, "hst_raw": 0, "pal_raw": 0}, "geometry": {"type": "Point", "coordinates": [4332.0, 1642.0]}}, {"type": "Feature", "properties": {"sea_point_id": 4729, "name": "Gulf of St. Lawrence", "ed_raw": 0, "hst_raw": 0, "pal_raw": 0}, "geometry": {"type": "Point", "coordinates": [4125.0, 1759.0]}}, {"type": "Feature", "properties": {"sea_point_id": 4730, "name": "Gulf of St. Lawrence", "ed_raw": 0, "hst_raw": 0, "pal_raw": 0}, "geometry": {"type": "Point", "coordinates": [4221.0, 1617.0]}}, {"type": "Feature", "properties": {"sea_point_id": 4731, "name": "Gulf of St. Lawrence", "ed_raw": 0, "hst_raw": 0, "pal_raw": 0}, "geometry": {"type": "Point", "coordinates": [4789.0, 1609.0]}}, {"type": "Feature", "properties": {"sea_point_id": 4732, "name": "Gulf of St. Lawrence", "ed_raw": 0, "hst_raw": 0, "pal_raw": 0}, "geometry": {"type": "Point", "coordinates": [4218.0, 1507.0]}}, {"type": "Feature", "properties": {"sea_point_id": 4733, "name": "Gulf of St. Lawrence", "ed_raw": 0, "hst_raw": 0, "pal_raw": 0}, "geometry": {"type": "Point", "coordinates": [4152.0, 1509.0]}}, {"type": "Feature", "properties": {"sea_point_id": 4734, "name": "Gulf of St. Lawrence", "ed_raw": 0, "hst_raw": 0, "pal_raw": 0}, "geometry": {"type": "Point", "coordinates": [3923.0, 1967.0]}}, {"type": "Feature", "properties": {"sea_point_id": 4735, "name": "St. Lawrence", "ed_raw": 0, "hst_raw": 0, "pal_raw": 0}, "geometry": {"type": "Point", "coordinates": [3950.0, 1521.0]}}, {"type": "Feature", "properties": {"sea_point_id": 4736, "name": "St. Lawrence", "ed_raw": 0, "hst_raw": 0, "pal_raw": 0}, "geometry": {"type": "Point", "coordinates": [4017.0, 1455.0]}}, {"type": "Feature", "properties": {"sea_point_id": 4737, "name": "St. Lawrence", "ed_raw": 0, "hst_raw": 0, "pal_raw": 0}, "geometry": {"type": "Point", "coordinates": [4132.0, 1413.0]}}, {"type": "Feature", "properties": {"sea_point_id": 4738, "name": "Gulf of St. Lawrence", "ed_raw": 0, "hst_raw": 0, "pal_raw": 0}, "geometry": {"type": "Point", "coordinates": [4212.0, 1413.0]}}, {"type": "Feature", "properties": {"sea_point_id": 4739, "name": "Gulf of St. Lawrence", "ed_raw": 0, "hst_raw": 0, "pal_raw": 0}, "geometry": {"type": "Point", "coordinates": [3732.0, 2032.0]}}, {"type": "Feature", "properties": {"sea_point_id": 4740, "name": "Great Australian Bight", "ed_raw": 0, "hst_raw": 0, "pal_raw": 0}, "geometry": {"type": "Point", "coordinates": [12346.0, 5736.0]}}, {"type": "Feature", "properties": {"sea_point_id": 4741, "name": "Gulf of St. Lawrence", "ed_raw": 0, "hst_raw": 0, "pal_raw": 0}, "geometry": {"type": "Point", "coordinates": [4358.0, 1375.0]}}, {"type": "Feature", "properties": {"sea_point_id": 4742, "name": "Gulf of St. Lawrence", "ed_raw": 0, "hst_raw": 0, "pal_raw": 0}, "geometry": {"type": "Point", "coordinates": [4446.0, 1349.0]}}, {"type": "Feature", "properties": {"sea_point_id": 4743, "name": "Strait of Belle Isle", "ed_raw": 0, "hst_raw": 0, "pal_raw": 0}, "geometry": {"type": "Point", "coordinates": [4574.0, 1326.0]}}, {"type": "Feature", "properties": {"sea_point_id": 4744, "name": "Atlantic Ocean", "ed_raw": 0, "hst_raw": 0, "pal_raw": 0}, "geometry": {"type": "Point", "coordinates": [4619.0, 1221.0]}}, {"type": "Feature", "properties": {"sea_point_id": 4745, "name": "Atlantic Ocean", "ed_raw": 0, "hst_raw": 0, "pal_raw": 0}, "geometry": {"type": "Point", "coordinates": [4447.0, 1116.0]}}, {"type": "Feature", "properties": {"sea_point_id": 4746, "name": "Atlantic Ocean", "ed_raw": 0, "hst_raw": 0, "pal_raw": 0}, "geometry": {"type": "Point", "coordinates": [4418.0, 978.0]}}, {"type": "Feature", "properties": {"sea_point_id": 4747, "name": "Northwestern Passages", "ed_raw": 0, "hst_raw": 0, "pal_raw": 0}, "geometry": {"type": "Point", "coordinates": [4188.0, 1012.0]}}, {"type": "Feature", "properties": {"sea_point_id": 4748, "name": "Lake Ontario", "ed_raw": 0, "hst_raw": 0, "pal_raw": 0}, "geometry": {"type": "Point", "coordinates": [3581.0, 1809.0]}}, {"type": "Feature", "properties": {"sea_point_id": 4749, "name": "Bering Sea", "ed_raw": 0, "hst_raw": 0, "pal_raw": 0}, "geometry": {"type": "Point", "coordinates": [13556.0, 700.0]}}, {"type": "Feature", "properties": {"sea_point_id": 4750, "name": "Northwestern Passages", "ed_raw": 0, "hst_raw": 0, "pal_raw": 0}, "geometry": {"type": "Point", "coordinates": [4100.0, 879.0]}}, {"type": "Feature", "properties": {"sea_point_id": 4751, "name": "Northwestern Passages", "ed_raw": 0, "hst_raw": 0, "pal_raw": 0}, "geometry": {"type": "Point", "coordinates": [3963.0, 850.0]}}, {"type": "Feature", "properties": {"sea_point_id": 4752, "name": "Hudson Bay", "ed_raw": 0, "hst_raw": 0, "pal_raw": 0}, "geometry": {"type": "Point", "coordinates": [3865.0, 850.0]}}, {"type": "Feature", "properties": {"sea_point_id": 4753, "name": "Hudson Bay", "ed_raw": 0, "hst_raw": 0, "pal_raw": 0}, "geometry": {"type": "Point", "coordinates": [3773.0, 971.0]}}, {"type": "Feature", "properties": {"sea_point_id": 4754, "name": "Hudson Bay", "ed_raw": 0, "hst_raw": 0, "pal_raw": 0}, "geometry": {"type": "Point", "coordinates": [3686.0, 1045.0]}}, {"type": "Feature", "properties": {"sea_point_id": 4755, "name": "Atlantic Ocean", "ed_raw": 0, "hst_raw": 0, "pal_raw": 0}, "geometry": {"type": "Point", "coordinates": [5940.0, 5120.0]}}, {"type": "Feature", "properties": {"sea_point_id": 4756, "name": "Hudson Bay", "ed_raw": 0, "hst_raw": 0, "pal_raw": 0}, "geometry": {"type": "Point", "coordinates": [3536.0, 1172.0]}}, {"type": "Feature", "properties": {"sea_point_id": 4757, "name": "Hudson Bay", "ed_raw": 0, "hst_raw": 0, "pal_raw": 0}, "geometry": {"type": "Point", "coordinates": [3459.0, 1280.0]}}, {"type": "Feature", "properties": {"sea_point_id": 4758, "name": "Yangtze River", "ed_raw": 0, "hst_raw": 0, "pal_raw": 0}, "geometry": {"type": "Point", "coordinates": [11364.0, 2761.0]}}, {"type": "Feature", "properties": {"sea_point_id": 4759, "name": "Hudson Bay", "ed_raw": 0, "hst_raw": 0, "pal_raw": 0}, "geometry": {"type": "Point", "coordinates": [3444.0, 1190.0]}}, {"type": "Feature", "properties": {"sea_point_id": 4760, "name": "Hudson Bay", "ed_raw": 0, "hst_raw": 0, "pal_raw": 0}, "geometry": {"type": "Point", "coordinates": [3368.0, 1141.0]}}, {"type": "Feature", "properties": {"sea_point_id": 4761, "name": "Hudson Bay", "ed_raw": 0, "hst_raw": 0, "pal_raw": 0}, "geometry": {"type": "Point", "coordinates": [3252.0, 1116.0]}}, {"type": "Feature", "properties": {"sea_point_id": 4762, "name": "Hudson Bay", "ed_raw": 0, "hst_raw": 0, "pal_raw": 0}, "geometry": {"type": "Point", "coordinates": [3136.0, 1061.0]}}, {"type": "Feature", "properties": {"sea_point_id": 4763, "name": "Hudson Bay", "ed_raw": 0, "hst_raw": 0, "pal_raw": 0}, "geometry": {"type": "Point", "coordinates": [3063.0, 1006.0]}}, {"type": "Feature", "properties": {"sea_point_id": 4764, "name": "Hudson Bay", "ed_raw": 0, "hst_raw": 0, "pal_raw": 0}, "geometry": {"type": "Point", "coordinates": [3152.0, 955.0]}}, {"type": "Feature", "properties": {"sea_point_id": 4765, "name": "Hudson Bay", "ed_raw": 0, "hst_raw": 0, "pal_raw": 0}, "geometry": {"type": "Point", "coordinates": [3328.0, 913.0]}}, {"type": "Feature", "properties": {"sea_point_id": 4766, "name": "Hudson Bay", "ed_raw": 0, "hst_raw": 0, "pal_raw": 0}, "geometry": {"type": "Point", "coordinates": [3454.0, 869.0]}}, {"type": "Feature", "properties": {"sea_point_id": 4767, "name": "Hudson Bay", "ed_raw": 0, "hst_raw": 0, "pal_raw": 0}, "geometry": {"type": "Point", "coordinates": [3575.0, 810.0]}}, {"type": "Feature", "properties": {"sea_point_id": 4768, "name": "Lake Huron", "ed_raw": 0, "hst_raw": 0, "pal_raw": 0}, "geometry": {"type": "Point", "coordinates": [3274.0, 1705.0]}}, {"type": "Feature", "properties": {"sea_point_id": 4769, "name": "Hudson Bay", "ed_raw": 0, "hst_raw": 0, "pal_raw": 0}, "geometry": {"type": "Point", "coordinates": [3770.0, 774.0]}}, {"type": "Feature", "properties": {"sea_point_id": 4770, "name": "Hudson Bay", "ed_raw": 0, "hst_raw": 0, "pal_raw": 0}, "geometry": {"type": "Point", "coordinates": [3218.0, 1654.0]}}, {"type": "Feature", "properties": {"sea_point_id": 4771, "name": "Pacific Ocean", "ed_raw": 0, "hst_raw": 0, "pal_raw": 0}, "geometry": {"type": "Point", "coordinates": [30.0, 2664.0]}}, {"type": "Feature", "properties": {"sea_point_id": 4772, "name": "Hudson Bay", "ed_raw": 0, "hst_raw": 0, "pal_raw": 0}, "geometry": {"type": "Point", "coordinates": [3722.0, 886.0]}}, {"type": "Feature", "properties": {"sea_point_id": 4773, "name": "Hudson Bay", "ed_raw": 0, "hst_raw": 0, "pal_raw": 0}, "geometry": {"type": "Point", "coordinates": [3537.0, 873.0]}}, {"type": "Feature", "properties": {"sea_point_id": 4774, "name": "Hudson Bay", "ed_raw": 0, "hst_raw": 0, "pal_raw": 0}, "geometry": {"type": "Point", "coordinates": [3914.0, 759.0]}}, {"type": "Feature", "properties": {"sea_point_id": 4775, "name": "Lake Huron", "ed_raw": 0, "hst_raw": 0, "pal_raw": 0}, "geometry": {"type": "Point", "coordinates": [3329.0, 1847.0]}}, {"type": "Feature", "properties": {"sea_point_id": 4780, "name": "Northwestern Passages", "ed_raw": 0, "hst_raw": 0, "pal_raw": 0}, "geometry": {"type": "Point", "coordinates": [3966.0, 676.0]}}, {"type": "Feature", "properties": {"sea_point_id": 4781, "name": "Northwestern Passages", "ed_raw": 0, "hst_raw": 0, "pal_raw": 0}, "geometry": {"type": "Point", "coordinates": [3807.0, 650.0]}}, {"type": "Feature", "properties": {"sea_point_id": 4783, "name": "Northwestern Passages", "ed_raw": 0, "hst_raw": 0, "pal_raw": 0}, "geometry": {"type": "Point", "coordinates": [3589.0, 594.0]}}, {"type": "Feature", "properties": {"sea_point_id": 4784, "name": "Northwestern Passages", "ed_raw": 0, "hst_raw": 0, "pal_raw": 0}, "geometry": {"type": "Point", "coordinates": [3706.0, 590.0]}}, {"type": "Feature", "properties": {"sea_point_id": 4785, "name": "Northwestern Passages", "ed_raw": 0, "hst_raw": 0, "pal_raw": 0}, "geometry": {"type": "Point", "coordinates": [3456.0, 607.0]}}, {"type": "Feature", "properties": {"sea_point_id": 4786, "name": "Northwestern Passages", "ed_raw": 0, "hst_raw": 0, "pal_raw": 0}, "geometry": {"type": "Point", "coordinates": [3425.0, 676.0]}}, {"type": "Feature", "properties": {"sea_point_id": 4787, "name": "Northwestern Passages", "ed_raw": 0, "hst_raw": 0, "pal_raw": 0}, "geometry": {"type": "Point", "coordinates": [3239.0, 692.0]}}, {"type": "Feature", "properties": {"sea_point_id": 4788, "name": "Northwestern Passages", "ed_raw": 0, "hst_raw": 0, "pal_raw": 0}, "geometry": {"type": "Point", "coordinates": [3059.0, 694.0]}}, {"type": "Feature", "properties": {"sea_point_id": 4789, "name": "Artic Ocean", "ed_raw": 0, "hst_raw": 0, "pal_raw": 0}, "geometry": {"type": "Point", "coordinates": [2946.0, 672.0]}}, {"type": "Feature", "properties": {"sea_point_id": 4790, "name": "Artic Ocean", "ed_raw": 0, "hst_raw": 0, "pal_raw": 0}, "geometry": {"type": "Point", "coordinates": [2769.0, 693.0]}}, {"type": "Feature", "properties": {"sea_point_id": 4791, "name": "Artic Ocean", "ed_raw": 0, "hst_raw": 0, "pal_raw": 0}, "geometry": {"type": "Point", "coordinates": [2635.0, 694.0]}}, {"type": "Feature", "properties": {"sea_point_id": 4792, "name": "Artic Ocean", "ed_raw": 0, "hst_raw": 0, "pal_raw": 0}, "geometry": {"type": "Point", "coordinates": [2566.0, 614.0]}}, {"type": "Feature", "properties": {"sea_point_id": 4793, "name": "Northwestern Passages", "ed_raw": 0, "hst_raw": 0, "pal_raw": 0}, "geometry": {"type": "Point", "coordinates": [3343.0, 604.0]}}, {"type": "Feature", "properties": {"sea_point_id": 4794, "name": "Bering Sea", "ed_raw": 0, "hst_raw": 0, "pal_raw": 0}, "geometry": {"type": "Point", "coordinates": [145.0, 793.0]}}, {"type": "Feature", "properties": {"sea_point_id": 4795, "name": "Gulf of St. Lawrence", "ed_raw": 0, "hst_raw": 0, "pal_raw": 0}, "geometry": {"type": "Point", "coordinates": [4461.0, 1530.0]}}, {"type": "Feature", "properties": {"sea_point_id": 4796, "name": "Northwestern Passages", "ed_raw": 0, "hst_raw": 0, "pal_raw": 0}, "geometry": {"type": "Point", "coordinates": [3242.0, 625.0]}}, {"type": "Feature", "properties": {"sea_point_id": 4797, "name": "Northwestern Passages", "ed_raw": 0, "hst_raw": 0, "pal_raw": 0}, "geometry": {"type": "Point", "coordinates": [3274.0, 571.0]}}, {"type": "Feature", "properties": {"sea_point_id": 4798, "name": "Artic Ocean", "ed_raw": 0, "hst_raw": 0, "pal_raw": 0}, "geometry": {"type": "Point", "coordinates": [3212.0, 529.0]}}, {"type": "Feature", "properties": {"sea_point_id": 4799, "name": "Artic Ocean", "ed_raw": 0, "hst_raw": 0, "pal_raw": 0}, "geometry": {"type": "Point", "coordinates": [3088.0, 518.0]}}, {"type": "Feature", "properties": {"sea_point_id": 4800, "name": "Artic Ocean", "ed_raw": 0, "hst_raw": 0, "pal_raw": 0}, "geometry": {"type": "Point", "coordinates": [2937.0, 505.0]}}, {"type": "Feature", "properties": {"sea_point_id": 4801, "name": "Artic Ocean", "ed_raw": 0, "hst_raw": 0, "pal_raw": 0}, "geometry": {"type": "Point", "coordinates": [2757.0, 464.0]}}, {"type": "Feature", "properties": {"sea_point_id": 4802, "name": "Artic Ocean", "ed_raw": 0, "hst_raw": 0, "pal_raw": 0}, "geometry": {"type": "Point", "coordinates": [2632.0, 521.0]}}, {"type": "Feature", "properties": {"sea_point_id": 4803, "name": "Northwestern Passages", "ed_raw": 0, "hst_raw": 0, "pal_raw": 0}, "geometry": {"type": "Point", "coordinates": [4199.0, 914.0]}}, {"type": "Feature", "properties": {"sea_point_id": 4804, "name": "Baltic Sea", "ed_raw": 0, "hst_raw": 0, "pal_raw": 0}, "geometry": {"type": "Point", "coordinates": [7039.0, 1423.0]}}, {"type": "Feature", "properties": {"sea_point_id": 4805, "name": "Bering Sea", "ed_raw": 0, "hst_raw": 0, "pal_raw": 0}, "geometry": {"type": "Point", "coordinates": [0.0, 1278.0]}}, {"type": "Feature", "properties": {"sea_point_id": 4806, "name": "Northwestern Passages", "ed_raw": 0, "hst_raw": 0, "pal_raw": 0}, "geometry": {"type": "Point", "coordinates": [4348.0, 953.0]}}, {"type": "Feature", "properties": {"sea_point_id": 4807, "name": "Baffin Bay", "ed_raw": 0, "hst_raw": 0, "pal_raw": 0}, "geometry": {"type": "Point", "coordinates": [4433.0, 867.0]}}, {"type": "Feature", "properties": {"sea_point_id": 4808, "name": "Great Australian Bight", "ed_raw": 0, "hst_raw": 0, "pal_raw": 0}, "geometry": {"type": "Point", "coordinates": [12428.0, 5824.0]}}, {"type": "Feature", "properties": {"sea_point_id": 4809, "name": "Baffin Bay", "ed_raw": 0, "hst_raw": 0, "pal_raw": 0}, "geometry": {"type": "Point", "coordinates": [4531.0, 839.0]}}, {"type": "Feature", "properties": {"sea_point_id": 4810, "name": "Baffin Bay", "ed_raw": 0, "hst_raw": 0, "pal_raw": 0}, "geometry": {"type": "Point", "coordinates": [4635.0, 805.0]}}, {"type": "Feature", "properties": {"sea_point_id": 4811, "name": "Baffin Bay", "ed_raw": 0, "hst_raw": 0, "pal_raw": 0}, "geometry": {"type": "Point", "coordinates": [4679.0, 780.0]}}, {"type": "Feature", "properties": {"sea_point_id": 4812, "name": "Yangtze River", "ed_raw": 0, "hst_raw": 0, "pal_raw": 0}, "geometry": {"type": "Point", "coordinates": [11364.0, 2768.0]}}, {"type": "Feature", "properties": {"sea_point_id": 4813, "name": "South China Sea", "ed_raw": 0, "hst_raw": 0, "pal_raw": 0}, "geometry": {"type": "Point", "coordinates": [11475.0, 3840.0]}}, {"type": "Feature", "properties": {"sea_point_id": 4816, "name": "sea", "ed_raw": 0, "hst_raw": 0, "pal_raw": 0}, "geometry": {"type": "Point", "coordinates": [5484.0, 360.0]}}, {"type": "Feature", "properties": {"sea_point_id": 4817, "name": "Atlantic Ocean", "ed_raw": 0, "hst_raw": 0, "pal_raw": 0}, "geometry": {"type": "Point", "coordinates": [4827.0, 1563.0]}}, {"type": "Feature", "properties": {"sea_point_id": 4819, "name": "Atlantic Ocean", "ed_raw": 0, "hst_raw": 0, "pal_raw": 0}, "geometry": {"type": "Point", "coordinates": [4774.0, 1418.0]}}, {"type": "Feature", "properties": {"sea_point_id": 4820, "name": "Great Australian Bight", "ed_raw": 0, "hst_raw": 0, "pal_raw": 0}, "geometry": {"type": "Point", "coordinates": [12487.0, 5835.0]}}, {"type": "Feature", "properties": {"sea_point_id": 4822, "name": "Atlantic Ocean", "ed_raw": 0, "hst_raw": 0, "pal_raw": 0}, "geometry": {"type": "Point", "coordinates": [4668.0, 1320.0]}}, {"type": "Feature", "properties": {"sea_point_id": 4823, "name": "Pacific Ocean", "ed_raw": 0, "hst_raw": 0, "pal_raw": 0}, "geometry": {"type": "Point", "coordinates": [364.0, 2002.0]}}, {"type": "Feature", "properties": {"sea_point_id": 4825, "name": "Gulf of St. Lawrence", "ed_raw": 0, "hst_raw": 0, "pal_raw": 0}, "geometry": {"type": "Point", "coordinates": [4464.0, 1461.0]}}, {"type": "Feature", "properties": {"sea_point_id": 4827, "name": "Gulf of St. Lawrence", "ed_raw": 0, "hst_raw": 0, "pal_raw": 0}, "geometry": {"type": "Point", "coordinates": [4480.0, 1556.0]}}, {"type": "Feature", "properties": {"sea_point_id": 4828, "name": "Yangtze River", "ed_raw": 0, "hst_raw": 0, "pal_raw": 0}, "geometry": {"type": "Point", "coordinates": [11346.0, 2771.0]}}, {"type": "Feature", "properties": {"sea_point_id": 4829, "name": "Atlantic Ocean", "ed_raw": 0, "hst_raw": 0, "pal_raw": 0}, "geometry": {"type": "Point", "coordinates": [4606.0, 1584.0]}}, {"type": "Feature", "properties": {"sea_point_id": 4830, "name": "Yangtze River", "ed_raw": 0, "hst_raw": 0, "pal_raw": 0}, "geometry": {"type": "Point", "coordinates": [11337.0, 2784.0]}}, {"type": "Feature", "properties": {"sea_point_id": 4831, "name": "Tasman Sea", "ed_raw": 0, "hst_raw": 0, "pal_raw": 0}, "geometry": {"type": "Point", "coordinates": [12547.0, 5810.0]}}, {"type": "Feature", "properties": {"sea_point_id": 4832, "name": "sea", "ed_raw": 0, "hst_raw": 0, "pal_raw": 0}, "geometry": {"type": "Point", "coordinates": [5628.0, 456.0]}}, {"type": "Feature", "properties": {"sea_point_id": 4833, "name": "Atlantic Ocean", "ed_raw": 0, "hst_raw": 0, "pal_raw": 0}, "geometry": {"type": "Point", "coordinates": [4731.0, 1615.0]}}, {"type": "Feature", "properties": {"sea_point_id": 4835, "name": "sea", "ed_raw": 0, "hst_raw": 0, "pal_raw": 0}, "geometry": {"type": "Point", "coordinates": [9660.0, 5352.0]}}, {"type": "Feature", "properties": {"sea_point_id": 4836, "name": "Atlantic Ocean", "ed_raw": 0, "hst_raw": 0, "pal_raw": 0}, "geometry": {"type": "Point", "coordinates": [5333.0, 3168.0]}}, {"type": "Feature", "properties": {"sea_point_id": 4837, "name": "Gulf of Mexico", "ed_raw": 0, "hst_raw": 0, "pal_raw": 0}, "geometry": {"type": "Point", "coordinates": [3284.0, 3063.0]}}, {"type": "Feature", "properties": {"sea_point_id": 4838, "name": "Strait of Florida", "ed_raw": 0, "hst_raw": 0, "pal_raw": 0}, "geometry": {"type": "Point", "coordinates": [3350.0, 3051.0]}}, {"type": "Feature", "properties": {"sea_point_id": 4839, "name": "sea", "ed_raw": 0, "hst_raw": 0, "pal_raw": 0}, "geometry": {"type": "Point", "coordinates": [10092.0, 5352.0]}}, {"type": "Feature", "properties": {"sea_point_id": 4840, "name": "Atlantic Ocean", "ed_raw": 0, "hst_raw": 0, "pal_raw": 0}, "geometry": {"type": "Point", "coordinates": [3445.0, 3062.0]}}, {"type": "Feature", "properties": {"sea_point_id": 4841, "name": "Atlantic Ocean", "ed_raw": 0, "hst_raw": 0, "pal_raw": 0}, "geometry": {"type": "Point", "coordinates": [3507.0, 3094.0]}}, {"type": "Feature", "properties": {"sea_point_id": 4842, "name": "sea", "ed_raw": 0, "hst_raw": 0, "pal_raw": 0}, "geometry": {"type": "Point", "coordinates": [10572.0, 5352.0]}}, {"type": "Feature", "properties": {"sea_point_id": 4843, "name": "Atlantic Ocean", "ed_raw": 0, "hst_raw": 0, "pal_raw": 0}, "geometry": {"type": "Point", "coordinates": [3557.0, 3126.0]}}, {"type": "Feature", "properties": {"sea_point_id": 4844, "name": "Atlantic Ocean", "ed_raw": 0, "hst_raw": 0, "pal_raw": 0}, "geometry": {"type": "Point", "coordinates": [3597.0, 3146.0]}}, {"type": "Feature", "properties": {"sea_point_id": 4845, "name": "Atlantic Ocean", "ed_raw": 0, "hst_raw": 0, "pal_raw": 0}, "geometry": {"type": "Point", "coordinates": [3660.0, 3172.0]}}, {"type": "Feature", "properties": {"sea_point_id": 4846, "name": "sea", "ed_raw": 0, "hst_raw": 0, "pal_raw": 0}, "geometry": {"type": "Point", "coordinates": [9816.0, 5376.0]}}, {"type": "Feature", "properties": {"sea_point_id": 4847, "name": "Atlantic Ocean", "ed_raw": 0, "hst_raw": 0, "pal_raw": 0}, "geometry": {"type": "Point", "coordinates": [3701.0, 3222.0]}}, {"type": "Feature", "properties": {"sea_point_id": 4848, "name": "Caribbean Sea", "ed_raw": 0, "hst_raw": 0, "pal_raw": 0}, "geometry": {"type": "Point", "coordinates": [3609.0, 3227.0]}}, {"type": "Feature", "properties": {"sea_point_id": 4849, "name": "sea", "ed_raw": 0, "hst_raw": 0, "pal_raw": 0}, "geometry": {"type": "Point", "coordinates": [10248.0, 5376.0]}}, {"type": "Feature", "properties": {"sea_point_id": 4850, "name": "Tasman Sea", "ed_raw": 0, "hst_raw": 0, "pal_raw": 0}, "geometry": {"type": "Point", "coordinates": [12518.0, 5838.0]}}, {"type": "Feature", "properties": {"sea_point_id": 4851, "name": "Caribbean Sea", "ed_raw": 0, "hst_raw": 0, "pal_raw": 0}, "geometry": {"type": "Point", "coordinates": [3567.0, 3225.0]}}, {"type": "Feature", "properties": {"sea_point_id": 4852, "name": "Caribbean Sea", "ed_raw": 0, "hst_raw": 0, "pal_raw": 0}, "geometry": {"type": "Point", "coordinates": [3532.0, 3213.0]}}, {"type": "Feature", "properties": {"sea_point_id": 4853, "name": "Caribbean Sea", "ed_raw": 0, "hst_raw": 0, "pal_raw": 0}, "geometry": {"type": "Point", "coordinates": [3503.0, 3167.0]}}, {"type": "Feature", "properties": {"sea_point_id": 4854, "name": "Caribbean Sea", "ed_raw": 0, "hst_raw": 0, "pal_raw": 0}, "geometry": {"type": "Point", "coordinates": [3448.0, 3143.0]}}, {"type": "Feature", "properties": {"sea_point_id": 4855, "name": "sea", "ed_raw": 0, "hst_raw": 0, "pal_raw": 0}, "geometry": {"type": "Point", "coordinates": [10416.0, 5376.0]}}, {"type": "Feature", "properties": {"sea_point_id": 4856, "name": "Caribbean Sea", "ed_raw": 0, "hst_raw": 0, "pal_raw": 0}, "geometry": {"type": "Point", "coordinates": [3400.0, 3120.0]}}, {"type": "Feature", "properties": {"sea_point_id": 4857, "name": "Caribbean Sea", "ed_raw": 0, "hst_raw": 0, "pal_raw": 0}, "geometry": {"type": "Point", "coordinates": [3301.0, 3129.0]}}, {"type": "Feature", "properties": {"sea_point_id": 4858, "name": "Caribbean Sea", "ed_raw": 0, "hst_raw": 0, "pal_raw": 0}, "geometry": {"type": "Point", "coordinates": [3250.0, 3130.0]}}, {"type": "Feature", "properties": {"sea_point_id": 4860, "name": "sea", "ed_raw": 0, "hst_raw": 0, "pal_raw": 0}, "geometry": {"type": "Point", "coordinates": [10644.0, 5496.0]}}, {"type": "Feature", "properties": {"sea_point_id": 4862, "name": "Caribbean Sea", "ed_raw": 0, "hst_raw": 0, "pal_raw": 0}, "geometry": {"type": "Point", "coordinates": [3347.0, 3177.0]}}, {"type": "Feature", "properties": {"sea_point_id": 4863, "name": "Gulf of Mexico", "ed_raw": 0, "hst_raw": 0, "pal_raw": 0}, "geometry": {"type": "Point", "coordinates": [2966.0, 3074.0]}}, {"type": "Feature", "properties": {"sea_point_id": 4864, "name": "Atlantic Ocean", "ed_raw": 0, "hst_raw": 0, "pal_raw": 0}, "geometry": {"type": "Point", "coordinates": [3477.0, 2960.0]}}, {"type": "Feature", "properties": {"sea_point_id": 4866, "name": "Atlantic Ocean", "ed_raw": 0, "hst_raw": 0, "pal_raw": 0}, "geometry": {"type": "Point", "coordinates": [3484.0, 2946.0]}}, {"type": "Feature", "properties": {"sea_point_id": 4867, "name": "Tasman Sea", "ed_raw": 0, "hst_raw": 0, "pal_raw": 0}, "geometry": {"type": "Point", "coordinates": [12601.0, 5844.0]}}, {"type": "Feature", "properties": {"sea_point_id": 4869, "name": "Atlantic Ocean", "ed_raw": 0, "hst_raw": 0, "pal_raw": 0}, "geometry": {"type": "Point", "coordinates": [3488.0, 2999.0]}}, {"type": "Feature", "properties": {"sea_point_id": 4870, "name": "Atlantic Ocean", "ed_raw": 0, "hst_raw": 0, "pal_raw": 0}, "geometry": {"type": "Point", "coordinates": [3537.0, 3019.0]}}, {"type": "Feature", "properties": {"sea_point_id": 4871, "name": "Atlantic Ocean", "ed_raw": 0, "hst_raw": 0, "pal_raw": 0}, "geometry": {"type": "Point", "coordinates": [3537.0, 2970.0]}}, {"type": "Feature", "properties": {"sea_point_id": 4872, "name": "Tasman Sea", "ed_raw": 0, "hst_raw": 0, "pal_raw": 0}, "geometry": {"type": "Point", "coordinates": [12634.0, 5815.0]}}, {"type": "Feature", "properties": {"sea_point_id": 4876, "name": "Caribbean Sea", "ed_raw": 0, "hst_raw": 0, "pal_raw": 0}, "geometry": {"type": "Point", "coordinates": [3595.0, 3347.0]}}, {"type": "Feature", "properties": {"sea_point_id": 4878, "name": "Caribbean Sea", "ed_raw": 0, "hst_raw": 0, "pal_raw": 0}, "geometry": {"type": "Point", "coordinates": [3535.0, 3341.0]}}, {"type": "Feature", "properties": {"sea_point_id": 4879, "name": "Caribbean Sea", "ed_raw": 0, "hst_raw": 0, "pal_raw": 0}, "geometry": {"type": "Point", "coordinates": [3478.0, 3308.0]}}, {"type": "Feature", "properties": {"sea_point_id": 4880, "name": "Caribbean Sea", "ed_raw": 0, "hst_raw": 0, "pal_raw": 0}, "geometry": {"type": "Point", "coordinates": [3530.0, 3277.0]}}, {"type": "Feature", "properties": {"sea_point_id": 4881, "name": "Tasman Sea", "ed_raw": 0, "hst_raw": 0, "pal_raw": 0}, "geometry": {"type": "Point", "coordinates": [12723.0, 5792.0]}}, {"type": "Feature", "properties": {"sea_point_id": 4882, "name": "sea", "ed_raw": 0, "hst_raw": 0, "pal_raw": 0}, "geometry": {"type": "Point", "coordinates": [5916.0, 5784.0]}}, {"type": "Feature", "properties": {"sea_point_id": 4884, "name": "sea", "ed_raw": 0, "hst_raw": 0, "pal_raw": 0}, "geometry": {"type": "Point", "coordinates": [1272.0, 5808.0]}}, {"type": "Feature", "properties": {"sea_point_id": 4886, "name": "Atlantic Ocean", "ed_raw": 0, "hst_raw": 0, "pal_raw": 0}, "geometry": {"type": "Point", "coordinates": [3770.0, 3229.0]}}, {"type": "Feature", "properties": {"sea_point_id": 4888, "name": "Atlantic Ocean", "ed_raw": 0, "hst_raw": 0, "pal_raw": 0}, "geometry": {"type": "Point", "coordinates": [3828.0, 3226.0]}}, {"type": "Feature", "properties": {"sea_point_id": 4890, "name": "Atlantic Ocean", "ed_raw": 0, "hst_raw": 0, "pal_raw": 0}, "geometry": {"type": "Point", "coordinates": [3927.0, 3263.0]}}, {"type": "Feature", "properties": {"sea_point_id": 4891, "name": "sea", "ed_raw": 0, "hst_raw": 0, "pal_raw": 0}, "geometry": {"type": "Point", "coordinates": [1428.0, 5832.0]}}, {"type": "Feature", "properties": {"sea_point_id": 4892, "name": "Caribbean Sea", "ed_raw": 0, "hst_raw": 0, "pal_raw": 0}, "geometry": {"type": "Point", "coordinates": [3889.0, 3311.0]}}, {"type": "Feature", "properties": {"sea_point_id": 4893, "name": "sea", "ed_raw": 0, "hst_raw": 0, "pal_raw": 0}, "geometry": {"type": "Point", "coordinates": [2028.0, 5832.0]}}, {"type": "Feature", "properties": {"sea_point_id": 4894, "name": "Caribbean Sea", "ed_raw": 0, "hst_raw": 0, "pal_raw": 0}, "geometry": {"type": "Point", "coordinates": [3839.0, 3340.0]}}, {"type": "Feature", "properties": {"sea_point_id": 4895, "name": "sea", "ed_raw": 0, "hst_raw": 0, "pal_raw": 0}, "geometry": {"type": "Point", "coordinates": [5748.0, 5832.0]}}, {"type": "Feature", "properties": {"sea_point_id": 4896, "name": "Caribbean Sea", "ed_raw": 0, "hst_raw": 0, "pal_raw": 0}, "geometry": {"type": "Point", "coordinates": [3764.0, 3323.0]}}, {"type": "Feature", "properties": {"sea_point_id": 4898, "name": "sea", "ed_raw": 0, "hst_raw": 0, "pal_raw": 0}, "geometry": {"type": "Point", "coordinates": [1680.0, 5856.0]}}, {"type": "Feature", "properties": {"sea_point_id": 4899, "name": "sea", "ed_raw": 0, "hst_raw": 0, "pal_raw": 0}, "geometry": {"type": "Point", "coordinates": [1836.0, 5880.0]}}, {"type": "Feature", "properties": {"sea_point_id": 4900, "name": "Caribbean Sea", "ed_raw": 0, "hst_raw": 0, "pal_raw": 0}, "geometry": {"type": "Point", "coordinates": [3665.0, 3296.0]}}, {"type": "Feature", "properties": {"sea_point_id": 4901, "name": "Tasman Sea", "ed_raw": 0, "hst_raw": 0, "pal_raw": 0}, "geometry": {"type": "Point", "coordinates": [12733.0, 5717.0]}}, {"type": "Feature", "properties": {"sea_point_id": 4902, "name": "Gulf of Gonâve", "ed_raw": 0, "hst_raw": 0, "pal_raw": 0}, "geometry": {"type": "Point", "coordinates": [3720.0, 3269.0]}}, {"type": "Feature", "properties": {"sea_point_id": 4903, "name": "Tasman Sea", "ed_raw": 0, "hst_raw": 0, "pal_raw": 0}, "geometry": {"type": "Point", "coordinates": [12756.0, 5651.0]}}, {"type": "Feature", "properties": {"sea_point_id": 4904, "name": "sea", "ed_raw": 0, "hst_raw": 0, "pal_raw": 0}, "geometry": {"type": "Point", "coordinates": [5436.0, 5880.0]}}, {"type": "Feature", "properties": {"sea_point_id": 4906, "name": "Hudson Bay", "ed_raw": 0, "hst_raw": 0, "pal_raw": 0}, "geometry": {"type": "Point", "coordinates": [3194.0, 1659.0]}}, {"type": "Feature", "properties": {"sea_point_id": 4907, "name": "Hudson Bay", "ed_raw": 0, "hst_raw": 0, "pal_raw": 0}, "geometry": {"type": "Point", "coordinates": [3194.0, 1624.0]}}, {"type": "Feature", "properties": {"sea_point_id": 4908, "name": "sea", "ed_raw": 0, "hst_raw": 0, "pal_raw": 0}, "geometry": {"type": "Point", "coordinates": [5160.0, 5904.0]}}, {"type": "Feature", "properties": {"sea_point_id": 4909, "name": "Atlantic Ocean", "ed_raw": 0, "hst_raw": 0, "pal_raw": 0}, "geometry": {"type": "Point", "coordinates": [4066.0, 3307.0]}}, {"type": "Feature", "properties": {"sea_point_id": 4910, "name": "Caribbean Sea", "ed_raw": 0, "hst_raw": 0, "pal_raw": 0}, "geometry": {"type": "Point", "coordinates": [4030.0, 3340.0]}}, {"type": "Feature", "properties": {"sea_point_id": 4911, "name": "sea", "ed_raw": 0, "hst_raw": 0, "pal_raw": 0}, "geometry": {"type": "Point", "coordinates": [5592.0, 5904.0]}}, {"type": "Feature", "properties": {"sea_point_id": 4912, "name": "Caribbean Sea", "ed_raw": 0, "hst_raw": 0, "pal_raw": 0}, "geometry": {"type": "Point", "coordinates": [3954.0, 3309.0]}}, {"type": "Feature", "properties": {"sea_point_id": 4914, "name": "Atlantic Ocean", "ed_raw": 0, "hst_raw": 0, "pal_raw": 0}, "geometry": {"type": "Point", "coordinates": [4943.0, 2643.0]}}, {"type": "Feature", "properties": {"sea_point_id": 4915, "name": "Atlantic Ocean", "ed_raw": 0, "hst_raw": 0, "pal_raw": 0}, "geometry": {"type": "Point", "coordinates": [4972.0, 2627.0]}}, {"type": "Feature", "properties": {"sea_point_id": 4917, "name": "Atlantic Ocean", "ed_raw": 0, "hst_raw": 0, "pal_raw": 0}, "geometry": {"type": "Point", "coordinates": [4927.0, 2623.0]}}, {"type": "Feature", "properties": {"sea_point_id": 4918, "name": "sea", "ed_raw": 0, "hst_raw": 0, "pal_raw": 0}, "geometry": {"type": "Point", "coordinates": [4692.0, 5928.0]}}, {"type": "Feature", "properties": {"sea_point_id": 4919, "name": "Atlantic Ocean", "ed_raw": 0, "hst_raw": 0, "pal_raw": 0}, "geometry": {"type": "Point", "coordinates": [5021.0, 2648.0]}}, {"type": "Feature", "properties": {"sea_point_id": 4920, "name": "Atlantic Ocean", "ed_raw": 0, "hst_raw": 0, "pal_raw": 0}, "geometry": {"type": "Point", "coordinates": [4913.0, 2590.0]}}, {"type": "Feature", "properties": {"sea_point_id": 4921, "name": "sea", "ed_raw": 0, "hst_raw": 0, "pal_raw": 0}, "geometry": {"type": "Point", "coordinates": [4860.0, 5928.0]}}, {"type": "Feature", "properties": {"sea_point_id": 4922, "name": "Pacific Ocean", "ed_raw": 0, "hst_raw": 0, "pal_raw": 0}, "geometry": {"type": "Point", "coordinates": [2790.0, 4120.0]}}, {"type": "Feature", "properties": {"sea_point_id": 4924, "name": "Pacific Ocean", "ed_raw": 0, "hst_raw": 0, "pal_raw": 0}, "geometry": {"type": "Point", "coordinates": [2825.0, 4213.0]}}, {"type": "Feature", "properties": {"sea_point_id": 4925, "name": "sea", "ed_raw": 0, "hst_raw": 0, "pal_raw": 0}, "geometry": {"type": "Point", "coordinates": [2136.0, 5952.0]}}, {"type": "Feature", "properties": {"sea_point_id": 4926, "name": "Tasman Sea", "ed_raw": 0, "hst_raw": 0, "pal_raw": 0}, "geometry": {"type": "Point", "coordinates": [12795.0, 5582.0]}}, {"type": "Feature", "properties": {"sea_point_id": 4930, "name": "Pacific Ocean", "ed_raw": 0, "hst_raw": 0, "pal_raw": 0}, "geometry": {"type": "Point", "coordinates": [2752.0, 4201.0]}}, {"type": "Feature", "properties": {"sea_point_id": 4931, "name": "Tasman Sea", "ed_raw": 0, "hst_raw": 0, "pal_raw": 0}, "geometry": {"type": "Point", "coordinates": [12818.0, 5536.0]}}, {"type": "Feature", "properties": {"sea_point_id": 4933, "name": "Pacific Ocean", "ed_raw": 0, "hst_raw": 0, "pal_raw": 0}, "geometry": {"type": "Point", "coordinates": [2735.0, 4156.0]}}, {"type": "Feature", "properties": {"sea_point_id": 4934, "name": "Pacific Ocean", "ed_raw": 0, "hst_raw": 0, "pal_raw": 0}, "geometry": {"type": "Point", "coordinates": [1566.0, 4761.0]}}, {"type": "Feature", "properties": {"sea_point_id": 4935, "name": "Pacific Ocean", "ed_raw": 0, "hst_raw": 0, "pal_raw": 0}, "geometry": {"type": "Point", "coordinates": [1543.0, 4656.0]}}, {"type": "Feature", "properties": {"sea_point_id": 4936, "name": "Tasman Sea", "ed_raw": 0, "hst_raw": 0, "pal_raw": 0}, "geometry": {"type": "Point", "coordinates": [12825.0, 5506.0]}}, {"type": "Feature", "properties": {"sea_point_id": 4937, "name": "Pacific Ocean", "ed_raw": 0, "hst_raw": 0, "pal_raw": 0}, "geometry": {"type": "Point", "coordinates": [1508.0, 4731.0]}}, {"type": "Feature", "properties": {"sea_point_id": 4938, "name": "East Siberian Sea", "ed_raw": 0, "hst_raw": 0, "pal_raw": 0}, "geometry": {"type": "Point", "coordinates": [12768.0, 452.0]}}, {"type": "Feature", "properties": {"sea_point_id": 4939, "name": "Pacific Ocean", "ed_raw": 0, "hst_raw": 0, "pal_raw": 0}, "geometry": {"type": "Point", "coordinates": [1444.0, 4726.0]}}, {"type": "Feature", "properties": {"sea_point_id": 4940, "name": "Pacific Ocean", "ed_raw": 0, "hst_raw": 0, "pal_raw": 0}, "geometry": {"type": "Point", "coordinates": [1446.0, 4663.0]}}, {"type": "Feature", "properties": {"sea_point_id": 4941, "name": "sea", "ed_raw": 0, "hst_raw": 0, "pal_raw": 0}, "geometry": {"type": "Point", "coordinates": [4536.0, 6048.0]}}, {"type": "Feature", "properties": {"sea_point_id": 4942, "name": "Pacific Ocean", "ed_raw": 0, "hst_raw": 0, "pal_raw": 0}, "geometry": {"type": "Point", "coordinates": [1625.0, 4704.0]}}, {"type": "Feature", "properties": {"sea_point_id": 4943, "name": "sea", "ed_raw": 0, "hst_raw": 0, "pal_raw": 0}, "geometry": {"type": "Point", "coordinates": [2244.0, 6072.0]}}, {"type": "Feature", "properties": {"sea_point_id": 4944, "name": "Pacific Ocean", "ed_raw": 0, "hst_raw": 0, "pal_raw": 0}, "geometry": {"type": "Point", "coordinates": [1655.0, 4758.0]}}, {"type": "Feature", "properties": {"sea_point_id": 4945, "name": "Pacific Ocean", "ed_raw": 0, "hst_raw": 0, "pal_raw": 0}, "geometry": {"type": "Point", "coordinates": [859.0, 3266.0]}}, {"type": "Feature", "properties": {"sea_point_id": 4946, "name": "Tasman Sea", "ed_raw": 0, "hst_raw": 0, "pal_raw": 0}, "geometry": {"type": "Point", "coordinates": [12830.0, 5473.0]}}, {"type": "Feature", "properties": {"sea_point_id": 4947, "name": "Pacific Ocean", "ed_raw": 0, "hst_raw": 0, "pal_raw": 0}, "geometry": {"type": "Point", "coordinates": [757.0, 3240.0]}}, {"type": "Feature", "properties": {"sea_point_id": 4948, "name": "Pacific Ocean", "ed_raw": 0, "hst_raw": 0, "pal_raw": 0}, "geometry": {"type": "Point", "coordinates": [824.0, 3210.0]}}, {"type": "Feature", "properties": {"sea_point_id": 4950, "name": "Coral Sea", "ed_raw": 0, "hst_raw": 0, "pal_raw": 0}, "geometry": {"type": "Point", "coordinates": [12826.0, 5405.0]}}, {"type": "Feature", "properties": {"sea_point_id": 4951, "name": "Ob River", "ed_raw": 0, "hst_raw": 0, "pal_raw": 0}, "geometry": {"type": "Point", "coordinates": [9031.0, 670.0]}}, {"type": "Feature", "properties": {"sea_point_id": 4953, "name": "Pacific Ocean", "ed_raw": 0, "hst_raw": 0, "pal_raw": 0}, "geometry": {"type": "Point", "coordinates": [690.0, 3115.0]}}, {"type": "Feature", "properties": {"sea_point_id": 4954, "name": "Pacific Ocean", "ed_raw": 0, "hst_raw": 0, "pal_raw": 0}, "geometry": {"type": "Point", "coordinates": [662.0, 3134.0]}}, {"type": "Feature", "properties": {"sea_point_id": 4955, "name": "sea", "ed_raw": 0, "hst_raw": 0, "pal_raw": 0}, "geometry": {"type": "Point", "coordinates": [4428.0, 6168.0]}}, {"type": "Feature", "properties": {"sea_point_id": 4956, "name": "Pacific Ocean", "ed_raw": 0, "hst_raw": 0, "pal_raw": 0}, "geometry": {"type": "Point", "coordinates": [839.0, 3320.0]}}, {"type": "Feature", "properties": {"sea_point_id": 4957, "name": "Pacific Ocean", "ed_raw": 0, "hst_raw": 0, "pal_raw": 0}, "geometry": {"type": "Point", "coordinates": [794.0, 3342.0]}}, {"type": "Feature", "properties": {"sea_point_id": 4959, "name": "Norwegian Sea", "ed_raw": 0, "hst_raw": 0, "pal_raw": 0}, "geometry": {"type": "Point", "coordinates": [7113.0, 468.0]}}, {"type": "Feature", "properties": {"sea_point_id": 4960, "name": "sea", "ed_raw": 0, "hst_raw": 0, "pal_raw": 0}, "geometry": {"type": "Point", "coordinates": [2352.0, 6192.0]}}, {"type": "Feature", "properties": {"sea_point_id": 4961, "name": "Coral Sea", "ed_raw": 0, "hst_raw": 0, "pal_raw": 0}, "geometry": {"type": "Point", "coordinates": [12790.0, 5307.0]}}, {"type": "Feature", "properties": {"sea_point_id": 4962, "name": "Coral Sea", "ed_raw": 0, "hst_raw": 0, "pal_raw": 0}, "geometry": {"type": "Point", "coordinates": [12734.0, 5245.0]}}, {"type": "Feature", "properties": {"sea_point_id": 4964, "name": "Coral Sea", "ed_raw": 0, "hst_raw": 0, "pal_raw": 0}, "geometry": {"type": "Point", "coordinates": [12706.0, 5190.0]}}, {"type": "Feature", "properties": {"sea_point_id": 4965, "name": "Coral Sea", "ed_raw": 0, "hst_raw": 0, "pal_raw": 0}, "geometry": {"type": "Point", "coordinates": [12660.0, 5151.0]}}, {"type": "Feature", "properties": {"sea_point_id": 4966, "name": "Coral Sea", "ed_raw": 0, "hst_raw": 0, "pal_raw": 0}, "geometry": {"type": "Point", "coordinates": [12611.0, 5090.0]}}, {"type": "Feature", "properties": {"sea_point_id": 4967, "name": "Coral Sea", "ed_raw": 0, "hst_raw": 0, "pal_raw": 0}, "geometry": {"type": "Point", "coordinates": [12574.0, 5078.0]}}, {"type": "Feature", "properties": {"sea_point_id": 4968, "name": "Coral Sea", "ed_raw": 0, "hst_raw": 0, "pal_raw": 0}, "geometry": {"type": "Point", "coordinates": [12553.0, 5034.0]}}, {"type": "Feature", "properties": {"sea_point_id": 4969, "name": "Ob River", "ed_raw": 0, "hst_raw": 0, "pal_raw": 0}, "geometry": {"type": "Point", "coordinates": [9017.0, 699.0]}}, {"type": "Feature", "properties": {"sea_point_id": 4970, "name": "Pacific Ocean", "ed_raw": 0, "hst_raw": 0, "pal_raw": 0}, "geometry": {"type": "Point", "coordinates": [628.0, 3072.0]}}, {"type": "Feature", "properties": {"sea_point_id": 4971, "name": "Pacific Ocean", "ed_raw": 0, "hst_raw": 0, "pal_raw": 0}, "geometry": {"type": "Point", "coordinates": [585.0, 3091.0]}}, {"type": "Feature", "properties": {"sea_point_id": 4972, "name": "Pacific Ocean", "ed_raw": 0, "hst_raw": 0, "pal_raw": 0}, "geometry": {"type": "Point", "coordinates": [597.0, 3134.0]}}, {"type": "Feature", "properties": {"sea_point_id": 4973, "name": "Pacific Ocean", "ed_raw": 0, "hst_raw": 0, "pal_raw": 0}, "geometry": {"type": "Point", "coordinates": [564.0, 3128.0]}}, {"type": "Feature", "properties": {"sea_point_id": 4974, "name": "Pacific Ocean", "ed_raw": 0, "hst_raw": 0, "pal_raw": 0}, "geometry": {"type": "Point", "coordinates": [190.0, 3301.0]}}, {"type": "Feature", "properties": {"sea_point_id": 4975, "name": "Pacific Ocean", "ed_raw": 0, "hst_raw": 0, "pal_raw": 0}, "geometry": {"type": "Point", "coordinates": [176.0, 3251.0]}}, {"type": "Feature", "properties": {"sea_point_id": 4976, "name": "Pacific Ocean", "ed_raw": 0, "hst_raw": 0, "pal_raw": 0}, "geometry": {"type": "Point", "coordinates": [159.0, 3285.0]}}, {"type": "Feature", "properties": {"sea_point_id": 4977, "name": "Pacific Ocean", "ed_raw": 0, "hst_raw": 0, "pal_raw": 0}, "geometry": {"type": "Point", "coordinates": [224.0, 3256.0]}}, {"type": "Feature", "properties": {"sea_point_id": 4978, "name": "Pacific Ocean", "ed_raw": 0, "hst_raw": 0, "pal_raw": 0}, "geometry": {"type": "Point", "coordinates": [69.0, 2654.0]}}, {"type": "Feature", "properties": {"sea_point_id": 4979, "name": "Pacific Ocean", "ed_raw": 0, "hst_raw": 0, "pal_raw": 0}, "geometry": {"type": "Point", "coordinates": [68.0, 2619.0]}}, {"type": "Feature", "properties": {"sea_point_id": 4980, "name": "Pacific Ocean", "ed_raw": 0, "hst_raw": 0, "pal_raw": 0}, "geometry": {"type": "Point", "coordinates": [111.0, 2624.0]}}, {"type": "Feature", "properties": {"sea_point_id": 4981, "name": "Pacific Ocean", "ed_raw": 0, "hst_raw": 0, "pal_raw": 0}, "geometry": {"type": "Point", "coordinates": [100.0, 2650.0]}}, {"type": "Feature", "properties": {"sea_point_id": 4982, "name": "Pacific Ocean", "ed_raw": 0, "hst_raw": 0, "pal_raw": 0}, "geometry": {"type": "Point", "coordinates": [31.0, 2627.0]}}, {"type": "Feature", "properties": {"sea_point_id": 4983, "name": "Pacific Ocean", "ed_raw": 0, "hst_raw": 0, "pal_raw": 0}, "geometry": {"type": "Point", "coordinates": [22.0, 2659.0]}}, {"type": "Feature", "properties": {"sea_point_id": 4984, "name": "Pacific Ocean", "ed_raw": 0, "hst_raw": 0, "pal_raw": 0}, "geometry": {"type": "Point", "coordinates": [42.0, 2664.0]}}, {"type": "Feature", "properties": {"sea_point_id": 4985, "name": "Atlantic Ocean", "ed_raw": 0, "hst_raw": 0, "pal_raw": 0}, "geometry": {"type": "Point", "coordinates": [3929.0, 6269.0]}}, {"type": "Feature", "properties": {"sea_point_id": 4986, "name": "Scotia Sea", "ed_raw": 0, "hst_raw": 0, "pal_raw": 0}, "geometry": {"type": "Point", "coordinates": [3902.0, 6329.0]}}, {"type": "Feature", "properties": {"sea_point_id": 4987, "name": "Scotia Sea", "ed_raw": 0, "hst_raw": 0, "pal_raw": 0}, "geometry": {"type": "Point", "coordinates": [3943.0, 6361.0]}}, {"type": "Feature", "properties": {"sea_point_id": 4988, "name": "Scotia Sea", "ed_raw": 0, "hst_raw": 0, "pal_raw": 0}, "geometry": {"type": "Point", "coordinates": [4011.0, 6318.0]}}, {"type": "Feature", "properties": {"sea_point_id": 4990, "name": "Atlantic Ocean", "ed_raw": 0, "hst_raw": 0, "pal_raw": 0}, "geometry": {"type": "Point", "coordinates": [3971.0, 6261.0]}}, {"type": "Feature", "properties": {"sea_point_id": 4992, "name": "Atlantic Ocean", "ed_raw": 0, "hst_raw": 0, "pal_raw": 0}, "geometry": {"type": "Point", "coordinates": [3839.0, 6277.0]}}, {"type": "Feature", "properties": {"sea_point_id": 4994, "name": "Scotia Sea", "ed_raw": 0, "hst_raw": 0, "pal_raw": 0}, "geometry": {"type": "Point", "coordinates": [3851.0, 6335.0]}}, {"type": "Feature", "properties": {"sea_point_id": 4995, "name": "sea", "ed_raw": 0, "hst_raw": 0, "pal_raw": 0}, "geometry": {"type": "Point", "coordinates": [2460.0, 6312.0]}}, {"type": "Feature", "properties": {"sea_point_id": 4996, "name": "Atlantic Ocean", "ed_raw": 0, "hst_raw": 0, "pal_raw": 0}, "geometry": {"type": "Point", "coordinates": [5937.0, 5078.0]}}, {"type": "Feature", "properties": {"sea_point_id": 4997, "name": "Atlantic Ocean", "ed_raw": 0, "hst_raw": 0, "pal_raw": 0}, "geometry": {"type": "Point", "coordinates": [5969.0, 5101.0]}}, {"type": "Feature", "properties": {"sea_point_id": 4998, "name": "Atlantic Ocean", "ed_raw": 0, "hst_raw": 0, "pal_raw": 0}, "geometry": {"type": "Point", "coordinates": [5920.0, 5105.0]}}, {"type": "Feature", "properties": {"sea_point_id": 4999, "name": "Indian Ocean", "ed_raw": 0, "hst_raw": 0, "pal_raw": 0}, "geometry": {"type": "Point", "coordinates": [8143.0, 5420.0]}}, {"type": "Feature", "properties": {"sea_point_id": 5000, "name": "Indian Ocean", "ed_raw": 0, "hst_raw": 0, "pal_raw": 0}, "geometry": {"type": "Point", "coordinates": [8034.0, 5436.0]}}, {"type": "Feature", "properties": {"sea_point_id": 5001, "name": "Indian Ocean", "ed_raw": 0, "hst_raw": 0, "pal_raw": 0}, "geometry": {"type": "Point", "coordinates": [7998.0, 5386.0]}}, {"type": "Feature", "properties": {"sea_point_id": 5002, "name": "Coral Sea", "ed_raw": 0, "hst_raw": 0, "pal_raw": 0}, "geometry": {"type": "Point", "coordinates": [12535.0, 4995.0]}}, {"type": "Feature", "properties": {"sea_point_id": 5003, "name": "Mozambique Channel", "ed_raw": 0, "hst_raw": 0, "pal_raw": 0}, "geometry": {"type": "Point", "coordinates": [7988.0, 5324.0]}}, {"type": "Feature", "properties": {"sea_point_id": 5004, "name": "Mozambique Channel", "ed_raw": 0, "hst_raw": 0, "pal_raw": 0}, "geometry": {"type": "Point", "coordinates": [7980.0, 5260.0]}}, {"type": "Feature", "properties": {"sea_point_id": 5005, "name": "Mozambique Channel", "ed_raw": 0, "hst_raw": 0, "pal_raw": 0}, "geometry": {"type": "Point", "coordinates": [8013.0, 5188.0]}}, {"type": "Feature", "properties": {"sea_point_id": 5006, "name": "Ob River", "ed_raw": 0, "hst_raw": 0, "pal_raw": 0}, "geometry": {"type": "Point", "coordinates": [8987.0, 710.0]}}, {"type": "Feature", "properties": {"sea_point_id": 5007, "name": "Mozambique Channel", "ed_raw": 0, "hst_raw": 0, "pal_raw": 0}, "geometry": {"type": "Point", "coordinates": [8038.0, 5073.0]}}, {"type": "Feature", "properties": {"sea_point_id": 5008, "name": "Mozambique Channel", "ed_raw": 0, "hst_raw": 0, "pal_raw": 0}, "geometry": {"type": "Point", "coordinates": [8063.0, 5012.0]}}, {"type": "Feature", "properties": {"sea_point_id": 5009, "name": "Indian Ocean", "ed_raw": 0, "hst_raw": 0, "pal_raw": 0}, "geometry": {"type": "Point", "coordinates": [8086.0, 4984.0]}}, {"type": "Feature", "properties": {"sea_point_id": 5010, "name": "Coral Sea", "ed_raw": 0, "hst_raw": 0, "pal_raw": 0}, "geometry": {"type": "Point", "coordinates": [12516.0, 4947.0]}}, {"type": "Feature", "properties": {"sea_point_id": 5011, "name": "Indian Ocean", "ed_raw": 0, "hst_raw": 0, "pal_raw": 0}, "geometry": {"type": "Point", "coordinates": [8185.0, 4953.0]}}, {"type": "Feature", "properties": {"sea_point_id": 5012, "name": "Coral Sea", "ed_raw": 0, "hst_raw": 0, "pal_raw": 0}, "geometry": {"type": "Point", "coordinates": [12478.0, 4896.0]}}, {"type": "Feature", "properties": {"sea_point_id": 5013, "name": "Indian Ocean", "ed_raw": 0, "hst_raw": 0, "pal_raw": 0}, "geometry": {"type": "Point", "coordinates": [8146.0, 4979.0]}}, {"type": "Feature", "properties": {"sea_point_id": 5015, "name": "Indian Ocean", "ed_raw": 0, "hst_raw": 0, "pal_raw": 0}, "geometry": {"type": "Point", "coordinates": [8224.0, 4938.0]}}, {"type": "Feature", "properties": {"sea_point_id": 5016, "name": "Indian Ocean", "ed_raw": 0, "hst_raw": 0, "pal_raw": 0}, "geometry": {"type": "Point", "coordinates": [8253.0, 4891.0]}}, {"type": "Feature", "properties": {"sea_point_id": 5017, "name": "Indian Ocean", "ed_raw": 0, "hst_raw": 0, "pal_raw": 0}, "geometry": {"type": "Point", "coordinates": [8314.0, 4834.0]}}, {"type": "Feature", "properties": {"sea_point_id": 5018, "name": "Coral Sea", "ed_raw": 0, "hst_raw": 0, "pal_raw": 0}, "geometry": {"type": "Point", "coordinates": [12452.0, 4854.0]}}, {"type": "Feature", "properties": {"sea_point_id": 5019, "name": "Indian Ocean", "ed_raw": 0, "hst_raw": 0, "pal_raw": 0}, "geometry": {"type": "Point", "coordinates": [8355.0, 4871.0]}}, {"type": "Feature", "properties": {"sea_point_id": 5020, "name": "Coral Sea", "ed_raw": 0, "hst_raw": 0, "pal_raw": 0}, "geometry": {"type": "Point", "coordinates": [12412.0, 4767.0]}}, {"type": "Feature", "properties": {"sea_point_id": 5021, "name": "Indian Ocean", "ed_raw": 0, "hst_raw": 0, "pal_raw": 0}, "geometry": {"type": "Point", "coordinates": [8362.0, 4932.0]}}, {"type": "Feature", "properties": {"sea_point_id": 5022, "name": "Arafura Sea", "ed_raw": 0, "hst_raw": 0, "pal_raw": 0}, "geometry": {"type": "Point", "coordinates": [12390.0, 4776.0]}}, {"type": "Feature", "properties": {"sea_point_id": 5023, "name": "Indian Ocean", "ed_raw": 0, "hst_raw": 0, "pal_raw": 0}, "geometry": {"type": "Point", "coordinates": [8364.0, 4986.0]}}, {"type": "Feature", "properties": {"sea_point_id": 5024, "name": "Indian Ocean", "ed_raw": 0, "hst_raw": 0, "pal_raw": 0}, "geometry": {"type": "Point", "coordinates": [8340.0, 5019.0]}}, {"type": "Feature", "properties": {"sea_point_id": 5025, "name": "Indian Ocean", "ed_raw": 0, "hst_raw": 0, "pal_raw": 0}, "geometry": {"type": "Point", "coordinates": [8325.0, 5004.0]}}, {"type": "Feature", "properties": {"sea_point_id": 5026, "name": "Indian Ocean", "ed_raw": 0, "hst_raw": 0, "pal_raw": 0}, "geometry": {"type": "Point", "coordinates": [8325.0, 5032.0]}}, {"type": "Feature", "properties": {"sea_point_id": 5027, "name": "Arafura Sea", "ed_raw": 0, "hst_raw": 0, "pal_raw": 0}, "geometry": {"type": "Point", "coordinates": [12360.0, 4859.0]}}, {"type": "Feature", "properties": {"sea_point_id": 5028, "name": "Indian Ocean", "ed_raw": 0, "hst_raw": 0, "pal_raw": 0}, "geometry": {"type": "Point", "coordinates": [8312.0, 5065.0]}}, {"type": "Feature", "properties": {"sea_point_id": 5029, "name": "Arafura Sea", "ed_raw": 0, "hst_raw": 0, "pal_raw": 0}, "geometry": {"type": "Point", "coordinates": [12377.0, 4933.0]}}, {"type": "Feature", "properties": {"sea_point_id": 5030, "name": "Indian Ocean", "ed_raw": 0, "hst_raw": 0, "pal_raw": 0}, "geometry": {"type": "Point", "coordinates": [8301.0, 5088.0]}}, {"type": "Feature", "properties": {"sea_point_id": 5031, "name": "Indian Ocean", "ed_raw": 0, "hst_raw": 0, "pal_raw": 0}, "geometry": {"type": "Point", "coordinates": [8284.0, 5131.0]}}, {"type": "Feature", "properties": {"sea_point_id": 5032, "name": "Indian Ocean", "ed_raw": 0, "hst_raw": 0, "pal_raw": 0}, "geometry": {"type": "Point", "coordinates": [8262.0, 5181.0]}}, {"type": "Feature", "properties": {"sea_point_id": 5033, "name": "Indian Ocean", "ed_raw": 0, "hst_raw": 0, "pal_raw": 0}, "geometry": {"type": "Point", "coordinates": [8236.0, 5234.0]}}, {"type": "Feature", "properties": {"sea_point_id": 5034, "name": "Indian Ocean", "ed_raw": 0, "hst_raw": 0, "pal_raw": 0}, "geometry": {"type": "Point", "coordinates": [8210.0, 5286.0]}}, {"type": "Feature", "properties": {"sea_point_id": 5035, "name": "Indian Ocean", "ed_raw": 0, "hst_raw": 0, "pal_raw": 0}, "geometry": {"type": "Point", "coordinates": [8188.0, 5344.0]}}, {"type": "Feature", "properties": {"sea_point_id": 5036, "name": "Indian Ocean", "ed_raw": 0, "hst_raw": 0, "pal_raw": 0}, "geometry": {"type": "Point", "coordinates": [8173.0, 5370.0]}}, {"type": "Feature", "properties": {"sea_point_id": 5037, "name": "Arabian Sea", "ed_raw": 0, "hst_raw": 0, "pal_raw": 0}, "geometry": {"type": "Point", "coordinates": [8562.0, 3941.0]}}, {"type": "Feature", "properties": {"sea_point_id": 5038, "name": "Arabian Sea", "ed_raw": 0, "hst_raw": 0, "pal_raw": 0}, "geometry": {"type": "Point", "coordinates": [8506.0, 3869.0]}}, {"type": "Feature", "properties": {"sea_point_id": 5039, "name": "sea", "ed_raw": 0, "hst_raw": 0, "pal_raw": 0}, "geometry": {"type": "Point", "coordinates": [12120.0, 6336.0]}}, {"type": "Feature", "properties": {"sea_point_id": 5040, "name": "sea", "ed_raw": 0, "hst_raw": 0, "pal_raw": 0}, "geometry": {"type": "Point", "coordinates": [12288.0, 6336.0]}}, {"type": "Feature", "properties": {"sea_point_id": 5041, "name": "Arabian Sea", "ed_raw": 0, "hst_raw": 0, "pal_raw": 0}, "geometry": {"type": "Point", "coordinates": [8624.0, 3844.0]}}, {"type": "Feature", "properties": {"sea_point_id": 5042, "name": "sea", "ed_raw": 0, "hst_raw": 0, "pal_raw": 0}, "geometry": {"type": "Point", "coordinates": [4332.0, 6360.0]}}, {"type": "Feature", "properties": {"sea_point_id": 5043, "name": "Aegean Sea", "ed_raw": 0, "hst_raw": 0, "pal_raw": 0}, "geometry": {"type": "Point", "coordinates": [7461.0, 2792.0]}}, {"type": "Feature", "properties": {"sea_point_id": 5045, "name": "Sea of Crete", "ed_raw": 0, "hst_raw": 0, "pal_raw": 0}, "geometry": {"type": "Point", "coordinates": [7420.0, 2904.0]}}, {"type": "Feature", "properties": {"sea_point_id": 5046, "name": "Mediterranean Sea", "ed_raw": 0, "hst_raw": 0, "pal_raw": 0}, "geometry": {"type": "Point", "coordinates": [7416.0, 2972.0]}}, {"type": "Feature", "properties": {"sea_point_id": 5047, "name": "sea", "ed_raw": 0, "hst_raw": 0, "pal_raw": 0}, "geometry": {"type": "Point", "coordinates": [2568.0, 6432.0]}}, {"type": "Feature", "properties": {"sea_point_id": 5048, "name": "Ob River", "ed_raw": 0, "hst_raw": 0, "pal_raw": 0}, "geometry": {"type": "Point", "coordinates": [8969.0, 722.0]}}, {"type": "Feature", "properties": {"sea_point_id": 5049, "name": "Mediterranean Sea", "ed_raw": 0, "hst_raw": 0, "pal_raw": 0}, "geometry": {"type": "Point", "coordinates": [7503.0, 2915.0]}}, {"type": "Feature", "properties": {"sea_point_id": 5050, "name": "Ob River", "ed_raw": 0, "hst_raw": 0, "pal_raw": 0}, "geometry": {"type": "Point", "coordinates": [8973.0, 740.0]}}, {"type": "Feature", "properties": {"sea_point_id": 5051, "name": "Mediterranean Sea", "ed_raw": 0, "hst_raw": 0, "pal_raw": 0}, "geometry": {"type": "Point", "coordinates": [7326.0, 2953.0]}}, {"type": "Feature", "properties": {"sea_point_id": 5052, "name": "Arafura Sea", "ed_raw": 0, "hst_raw": 0, "pal_raw": 0}, "geometry": {"type": "Point", "coordinates": [12328.0, 5018.0]}}, {"type": "Feature", "properties": {"sea_point_id": 5053, "name": "Sea of Crete", "ed_raw": 0, "hst_raw": 0, "pal_raw": 0}, "geometry": {"type": "Point", "coordinates": [7335.0, 2897.0]}}, {"type": "Feature", "properties": {"sea_point_id": 5054, "name": "Arafura Sea", "ed_raw": 0, "hst_raw": 0, "pal_raw": 0}, "geometry": {"type": "Point", "coordinates": [12288.0, 4990.0]}}, {"type": "Feature", "properties": {"sea_point_id": 5055, "name": "sea", "ed_raw": 0, "hst_raw": 0, "pal_raw": 0}, "geometry": {"type": "Point", "coordinates": [4224.0, 6480.0]}}, {"type": "Feature", "properties": {"sea_point_id": 5056, "name": "Malta Channel", "ed_raw": 0, "hst_raw": 0, "pal_raw": 0}, "geometry": {"type": "Point", "coordinates": [6810.0, 2938.0]}}, {"type": "Feature", "properties": {"sea_point_id": 5057, "name": "Mediterranean Sea", "ed_raw": 0, "hst_raw": 0, "pal_raw": 0}, "geometry": {"type": "Point", "coordinates": [6757.0, 2947.0]}}, {"type": "Feature", "properties": {"sea_point_id": 5058, "name": "sea", "ed_raw": 0, "hst_raw": 0, "pal_raw": 0}, "geometry": {"type": "Point", "coordinates": [2712.0, 6528.0]}}, {"type": "Feature", "properties": {"sea_point_id": 5059, "name": "Balearic Sea", "ed_raw": 0, "hst_raw": 0, "pal_raw": 0}, "geometry": {"type": "Point", "coordinates": [6110.0, 2665.0]}}, {"type": "Feature", "properties": {"sea_point_id": 5060, "name": "Balearic Sea", "ed_raw": 0, "hst_raw": 0, "pal_raw": 0}, "geometry": {"type": "Point", "coordinates": [6134.0, 2638.0]}}, {"type": "Feature", "properties": {"sea_point_id": 5061, "name": "Ob River", "ed_raw": 0, "hst_raw": 0, "pal_raw": 0}, "geometry": {"type": "Point", "coordinates": [8967.0, 751.0]}}, {"type": "Feature", "properties": {"sea_point_id": 5062, "name": "Mediterranean Sea", "ed_raw": 0, "hst_raw": 0, "pal_raw": 0}, "geometry": {"type": "Point", "coordinates": [6183.0, 2692.0]}}, {"type": "Feature", "properties": {"sea_point_id": 5063, "name": "Ob River", "ed_raw": 0, "hst_raw": 0, "pal_raw": 0}, "geometry": {"type": "Point", "coordinates": [8968.0, 763.0]}}, {"type": "Feature", "properties": {"sea_point_id": 5064, "name": "sea", "ed_raw": 0, "hst_raw": 0, "pal_raw": 0}, "geometry": {"type": "Point", "coordinates": [2904.0, 6576.0]}}, {"type": "Feature", "properties": {"sea_point_id": 5065, "name": "Tyrrhenian Sea", "ed_raw": 0, "hst_raw": 0, "pal_raw": 0}, "geometry": {"type": "Point", "coordinates": [6551.0, 2656.0]}}, {"type": "Feature", "properties": {"sea_point_id": 5066, "name": "Ob River", "ed_raw": 0, "hst_raw": 0, "pal_raw": 0}, "geometry": {"type": "Point", "coordinates": [8974.0, 778.0]}}, {"type": "Feature", "properties": {"sea_point_id": 5067, "name": "Tyrrhenian Sea", "ed_raw": 0, "hst_raw": 0, "pal_raw": 0}, "geometry": {"type": "Point", "coordinates": [6544.0, 2550.0]}}, {"type": "Feature", "properties": {"sea_point_id": 5068, "name": "Mediterranean Sea", "ed_raw": 0, "hst_raw": 0, "pal_raw": 0}, "geometry": {"type": "Point", "coordinates": [6467.0, 2681.0]}}, {"type": "Feature", "properties": {"sea_point_id": 5069, "name": "Ob River", "ed_raw": 0, "hst_raw": 0, "pal_raw": 0}, "geometry": {"type": "Point", "coordinates": [8962.0, 800.0]}}, {"type": "Feature", "properties": {"sea_point_id": 5070, "name": "Strait of Bonifacio", "ed_raw": 0, "hst_raw": 0, "pal_raw": 0}, "geometry": {"type": "Point", "coordinates": [6491.0, 2550.0]}}, {"type": "Feature", "properties": {"sea_point_id": 5071, "name": "sea", "ed_raw": 0, "hst_raw": 0, "pal_raw": 0}, "geometry": {"type": "Point", "coordinates": [4044.0, 6600.0]}}, {"type": "Feature", "properties": {"sea_point_id": 5072, "name": "Ob River", "ed_raw": 0, "hst_raw": 0, "pal_raw": 0}, "geometry": {"type": "Point", "coordinates": [8971.0, 796.0]}}, {"type": "Feature", "properties": {"sea_point_id": 5073, "name": "Liguere Sea", "ed_raw": 0, "hst_raw": 0, "pal_raw": 0}, "geometry": {"type": "Point", "coordinates": [6496.0, 2452.0]}}, {"type": "Feature", "properties": {"sea_point_id": 5074, "name": "sea", "ed_raw": 0, "hst_raw": 0, "pal_raw": 0}, "geometry": {"type": "Point", "coordinates": [3060.0, 6648.0]}}, {"type": "Feature", "properties": {"sea_point_id": 5075, "name": "sea", "ed_raw": 0, "hst_raw": 0, "pal_raw": 0}, "geometry": {"type": "Point", "coordinates": [3888.0, 6672.0]}}, {"type": "Feature", "properties": {"sea_point_id": 5076, "name": "sea", "ed_raw": 0, "hst_raw": 0, "pal_raw": 0}, "geometry": {"type": "Point", "coordinates": [3228.0, 6696.0]}}, {"type": "Feature", "properties": {"sea_point_id": 5077, "name": "Mediterranean Sea", "ed_raw": 0, "hst_raw": 0, "pal_raw": 0}, "geometry": {"type": "Point", "coordinates": [6789.0, 2985.0]}}, {"type": "Feature", "properties": {"sea_point_id": 5078, "name": "sea", "ed_raw": 0, "hst_raw": 0, "pal_raw": 0}, "geometry": {"type": "Point", "coordinates": [3396.0, 6696.0]}}, {"type": "Feature", "properties": {"sea_point_id": 5079, "name": "Arafura Sea", "ed_raw": 0, "hst_raw": 0, "pal_raw": 0}, "geometry": {"type": "Point", "coordinates": [12240.0, 4936.0]}}, {"type": "Feature", "properties": {"sea_point_id": 5080, "name": "sea", "ed_raw": 0, "hst_raw": 0, "pal_raw": 0}, "geometry": {"type": "Point", "coordinates": [3660.0, 6744.0]}}, {"type": "Feature", "properties": {"sea_point_id": 5081, "name": "Tyrrhenian Sea", "ed_raw": 0, "hst_raw": 0, "pal_raw": 0}, "geometry": {"type": "Point", "coordinates": [6771.0, 2817.0]}}, {"type": "Feature", "properties": {"sea_point_id": 5082, "name": "Yangtze River", "ed_raw": 0, "hst_raw": 0, "pal_raw": 0}, "geometry": {"type": "Point", "coordinates": [11383.0, 2744.0]}}, {"type": "Feature", "properties": {"sea_point_id": 5083, "name": "Ob River", "ed_raw": 0, "hst_raw": 0, "pal_raw": 0}, "geometry": {"type": "Point", "coordinates": [8967.0, 827.0]}}, {"type": "Feature", "properties": {"sea_point_id": 5084, "name": "Mediterranean Sea", "ed_raw": 0, "hst_raw": 0, "pal_raw": 0}, "geometry": {"type": "Point", "coordinates": [6860.0, 2928.0]}}, {"type": "Feature", "properties": {"sea_point_id": 5085, "name": "Yangtze River", "ed_raw": 0, "hst_raw": 0, "pal_raw": 0}, "geometry": {"type": "Point", "coordinates": [11371.0, 2752.0]}}, {"type": "Feature", "properties": {"sea_point_id": 5086, "name": "Yangtze River", "ed_raw": 0, "hst_raw": 0, "pal_raw": 0}, "geometry": {"type": "Point", "coordinates": [11314.0, 2788.0]}}, {"type": "Feature", "properties": {"sea_point_id": 5087, "name": "Arafura Sea", "ed_raw": 0, "hst_raw": 0, "pal_raw": 0}, "geometry": {"type": "Point", "coordinates": [12227.0, 4852.0]}}, {"type": "Feature", "properties": {"sea_point_id": 5088, "name": "Mediterranean Sea", "ed_raw": 0, "hst_raw": 0, "pal_raw": 0}, "geometry": {"type": "Point", "coordinates": [6732.0, 2874.0]}}, {"type": "Feature", "properties": {"sea_point_id": 5089, "name": "Mediterranean Sea", "ed_raw": 0, "hst_raw": 0, "pal_raw": 0}, "geometry": {"type": "Point", "coordinates": [6664.0, 2846.0]}}, {"type": "Feature", "properties": {"sea_point_id": 5090, "name": "Tyrrhenian Sea", "ed_raw": 0, "hst_raw": 0, "pal_raw": 0}, "geometry": {"type": "Point", "coordinates": [6723.0, 2803.0]}}, {"type": "Feature", "properties": {"sea_point_id": 5091, "name": "Tyrrhenian Sea", "ed_raw": 0, "hst_raw": 0, "pal_raw": 0}, "geometry": {"type": "Point", "coordinates": [6828.0, 2815.0]}}, {"type": "Feature", "properties": {"sea_point_id": 5092, "name": "Laccadive Sea", "ed_raw": 0, "hst_raw": 0, "pal_raw": 0}, "geometry": {"type": "Point", "coordinates": [9703.0, 3972.0]}}, {"type": "Feature", "properties": {"sea_point_id": 5093, "name": "Laccadive Sea", "ed_raw": 0, "hst_raw": 0, "pal_raw": 0}, "geometry": {"type": "Point", "coordinates": [9728.0, 4042.0]}}, {"type": "Feature", "properties": {"sea_point_id": 5094, "name": "Arafura Sea", "ed_raw": 0, "hst_raw": 0, "pal_raw": 0}, "geometry": {"type": "Point", "coordinates": [12187.0, 4810.0]}}, {"type": "Feature", "properties": {"sea_point_id": 5095, "name": "Yangtze River", "ed_raw": 0, "hst_raw": 0, "pal_raw": 0}, "geometry": {"type": "Point", "coordinates": [11304.0, 2795.0]}}, {"type": "Feature", "properties": {"sea_point_id": 5096, "name": "Bay of Bengal", "ed_raw": 0, "hst_raw": 0, "pal_raw": 0}, "geometry": {"type": "Point", "coordinates": [9823.0, 3999.0]}}, {"type": "Feature", "properties": {"sea_point_id": 5097, "name": "Timor Sea", "ed_raw": 0, "hst_raw": 0, "pal_raw": 0}, "geometry": {"type": "Point", "coordinates": [12096.0, 4790.0]}}, {"type": "Feature", "properties": {"sea_point_id": 5098, "name": "Yangtze River", "ed_raw": 0, "hst_raw": 0, "pal_raw": 0}, "geometry": {"type": "Point", "coordinates": [11298.0, 2802.0]}}, {"type": "Feature", "properties": {"sea_point_id": 5099, "name": "Yangtze River", "ed_raw": 0, "hst_raw": 0, "pal_raw": 0}, "geometry": {"type": "Point", "coordinates": [11290.0, 2798.0]}}, {"type": "Feature", "properties": {"sea_point_id": 5100, "name": "Bay of Bengal", "ed_raw": 0, "hst_raw": 0, "pal_raw": 0}, "geometry": {"type": "Point", "coordinates": [9794.0, 3901.0]}}, {"type": "Feature", "properties": {"sea_point_id": 5101, "name": "Yangtze River", "ed_raw": 0, "hst_raw": 0, "pal_raw": 0}, "geometry": {"type": "Point", "coordinates": [11284.0, 2783.0]}}, {"type": "Feature", "properties": {"sea_point_id": 5102, "name": "Yangtze River", "ed_raw": 0, "hst_raw": 0, "pal_raw": 0}, "geometry": {"type": "Point", "coordinates": [11275.0, 2779.0]}}, {"type": "Feature", "properties": {"sea_point_id": 5103, "name": "Barents Sea", "ed_raw": 0, "hst_raw": 0, "pal_raw": 0}, "geometry": {"type": "Point", "coordinates": [7316.0, 468.0]}}, {"type": "Feature", "properties": {"sea_point_id": 5104, "name": "Laccadive Sea", "ed_raw": 0, "hst_raw": 0, "pal_raw": 0}, "geometry": {"type": "Point", "coordinates": [9706.0, 3939.0]}}, {"type": "Feature", "properties": {"sea_point_id": 5105, "name": "Malacca Strait", "ed_raw": 0, "hst_raw": 0, "pal_raw": 0}, "geometry": {"type": "Point", "coordinates": [10517.0, 4045.0]}}, {"type": "Feature", "properties": {"sea_point_id": 5106, "name": "Malacca Strait", "ed_raw": 0, "hst_raw": 0, "pal_raw": 0}, "geometry": {"type": "Point", "coordinates": [10585.0, 4122.0]}}, {"type": "Feature", "properties": {"sea_point_id": 5107, "name": "Yangtze River", "ed_raw": 0, "hst_raw": 0, "pal_raw": 0}, "geometry": {"type": "Point", "coordinates": [11264.0, 2782.0]}}, {"type": "Feature", "properties": {"sea_point_id": 5108, "name": "Malacca Strait", "ed_raw": 0, "hst_raw": 0, "pal_raw": 0}, "geometry": {"type": "Point", "coordinates": [10621.0, 4169.0]}}, {"type": "Feature", "properties": {"sea_point_id": 5109, "name": "Malacca Strait", "ed_raw": 0, "hst_raw": 0, "pal_raw": 0}, "geometry": {"type": "Point", "coordinates": [10678.0, 4194.0]}}, {"type": "Feature", "properties": {"sea_point_id": 5110, "name": "Malacca Strait", "ed_raw": 0, "hst_raw": 0, "pal_raw": 0}, "geometry": {"type": "Point", "coordinates": [10714.0, 4244.0]}}, {"type": "Feature", "properties": {"sea_point_id": 5111, "name": "Malacca Strait", "ed_raw": 0, "hst_raw": 0, "pal_raw": 0}, "geometry": {"type": "Point", "coordinates": [10748.0, 4268.0]}}, {"type": "Feature", "properties": {"sea_point_id": 5112, "name": "Yangtze River", "ed_raw": 0, "hst_raw": 0, "pal_raw": 0}, "geometry": {"type": "Point", "coordinates": [11246.0, 2778.0]}}, {"type": "Feature", "properties": {"sea_point_id": 5113, "name": "Java Sea", "ed_raw": 0, "hst_raw": 0, "pal_raw": 0}, "geometry": {"type": "Point", "coordinates": [10796.0, 4313.0]}}, {"type": "Feature", "properties": {"sea_point_id": 5114, "name": "Java Sea", "ed_raw": 0, "hst_raw": 0, "pal_raw": 0}, "geometry": {"type": "Point", "coordinates": [10786.0, 4390.0]}}, {"type": "Feature", "properties": {"sea_point_id": 5115, "name": "Java Sea", "ed_raw": 0, "hst_raw": 0, "pal_raw": 0}, "geometry": {"type": "Point", "coordinates": [10814.0, 4357.0]}}, {"type": "Feature", "properties": {"sea_point_id": 5116, "name": "Yangtze River", "ed_raw": 0, "hst_raw": 0, "pal_raw": 0}, "geometry": {"type": "Point", "coordinates": [11236.0, 2785.0]}}, {"type": "Feature", "properties": {"sea_point_id": 5117, "name": "Java Sea", "ed_raw": 0, "hst_raw": 0, "pal_raw": 0}, "geometry": {"type": "Point", "coordinates": [10869.0, 4442.0]}}, {"type": "Feature", "properties": {"sea_point_id": 5118, "name": "Yangtze River", "ed_raw": 0, "hst_raw": 0, "pal_raw": 0}, "geometry": {"type": "Point", "coordinates": [11210.0, 2787.0]}}, {"type": "Feature", "properties": {"sea_point_id": 5119, "name": "Bay of Bengal", "ed_raw": 0, "hst_raw": 0, "pal_raw": 0}, "geometry": {"type": "Point", "coordinates": [9789.0, 3573.0]}}, {"type": "Feature", "properties": {"sea_point_id": 5120, "name": "Indian Ocean", "ed_raw": 0, "hst_raw": 0, "pal_raw": 0}, "geometry": {"type": "Point", "coordinates": [10746.0, 4509.0]}}, {"type": "Feature", "properties": {"sea_point_id": 5121, "name": "Indian Ocean", "ed_raw": 0, "hst_raw": 0, "pal_raw": 0}, "geometry": {"type": "Point", "coordinates": [10691.0, 4466.0]}}, {"type": "Feature", "properties": {"sea_point_id": 5122, "name": "Indian Ocean", "ed_raw": 0, "hst_raw": 0, "pal_raw": 0}, "geometry": {"type": "Point", "coordinates": [10645.0, 4414.0]}}, {"type": "Feature", "properties": {"sea_point_id": 5123, "name": "Indian Ocean", "ed_raw": 0, "hst_raw": 0, "pal_raw": 0}, "geometry": {"type": "Point", "coordinates": [10610.0, 4351.0]}}, {"type": "Feature", "properties": {"sea_point_id": 5124, "name": "Krishna River", "ed_raw": 0, "hst_raw": 0, "pal_raw": 0}, "geometry": {"type": "Point", "coordinates": [9780.0, 3566.0]}}, {"type": "Feature", "properties": {"sea_point_id": 5125, "name": "Krishna River", "ed_raw": 0, "hst_raw": 0, "pal_raw": 0}, "geometry": {"type": "Point", "coordinates": [9778.0, 3534.0]}}, {"type": "Feature", "properties": {"sea_point_id": 5126, "name": "Timor Sea", "ed_raw": 0, "hst_raw": 0, "pal_raw": 0}, "geometry": {"type": "Point", "coordinates": [11997.0, 4818.0]}}, {"type": "Feature", "properties": {"sea_point_id": 5127, "name": "Indian Ocean", "ed_raw": 0, "hst_raw": 0, "pal_raw": 0}, "geometry": {"type": "Point", "coordinates": [10552.0, 4271.0]}}, {"type": "Feature", "properties": {"sea_point_id": 5128, "name": "Indian Ocean", "ed_raw": 0, "hst_raw": 0, "pal_raw": 0}, "geometry": {"type": "Point", "coordinates": [10533.0, 4215.0]}}, {"type": "Feature", "properties": {"sea_point_id": 5129, "name": "Indian Ocean", "ed_raw": 0, "hst_raw": 0, "pal_raw": 0}, "geometry": {"type": "Point", "coordinates": [10465.0, 4166.0]}}, {"type": "Feature", "properties": {"sea_point_id": 5130, "name": "Krishna River", "ed_raw": 0, "hst_raw": 0, "pal_raw": 0}, "geometry": {"type": "Point", "coordinates": [9762.0, 3521.0]}}, {"type": "Feature", "properties": {"sea_point_id": 5131, "name": "Krishna River", "ed_raw": 0, "hst_raw": 0, "pal_raw": 0}, "geometry": {"type": "Point", "coordinates": [9746.0, 3522.0]}}, {"type": "Feature", "properties": {"sea_point_id": 5132, "name": "Bay of Bengal", "ed_raw": 0, "hst_raw": 0, "pal_raw": 0}, "geometry": {"type": "Point", "coordinates": [10390.0, 4050.0]}}, {"type": "Feature", "properties": {"sea_point_id": 5133, "name": "Bay of Bengal", "ed_raw": 0, "hst_raw": 0, "pal_raw": 0}, "geometry": {"type": "Point", "coordinates": [10415.0, 4016.0]}}, {"type": "Feature", "properties": {"sea_point_id": 5134, "name": "Krishna River", "ed_raw": 0, "hst_raw": 0, "pal_raw": 0}, "geometry": {"type": "Point", "coordinates": [9725.0, 3520.0]}}, {"type": "Feature", "properties": {"sea_point_id": 5135, "name": "Timor Sea", "ed_raw": 0, "hst_raw": 0, "pal_raw": 0}, "geometry": {"type": "Point", "coordinates": [11972.0, 4893.0]}}, {"type": "Feature", "properties": {"sea_point_id": 5136, "name": "Krishna River", "ed_raw": 0, "hst_raw": 0, "pal_raw": 0}, "geometry": {"type": "Point", "coordinates": [9703.0, 3529.0]}}, {"type": "Feature", "properties": {"sea_point_id": 5137, "name": "Java Sea", "ed_raw": 0, "hst_raw": 0, "pal_raw": 0}, "geometry": {"type": "Point", "coordinates": [10923.0, 4511.0]}}, {"type": "Feature", "properties": {"sea_point_id": 5138, "name": "Timor Sea", "ed_raw": 0, "hst_raw": 0, "pal_raw": 0}, "geometry": {"type": "Point", "coordinates": [11952.0, 4931.0]}}, {"type": "Feature", "properties": {"sea_point_id": 5139, "name": "Java Sea", "ed_raw": 0, "hst_raw": 0, "pal_raw": 0}, "geometry": {"type": "Point", "coordinates": [10870.0, 4495.0]}}, {"type": "Feature", "properties": {"sea_point_id": 5140, "name": "Krishna River", "ed_raw": 0, "hst_raw": 0, "pal_raw": 0}, "geometry": {"type": "Point", "coordinates": [9675.0, 3527.0]}}, {"type": "Feature", "properties": {"sea_point_id": 5141, "name": "Indian Ocean", "ed_raw": 0, "hst_raw": 0, "pal_raw": 0}, "geometry": {"type": "Point", "coordinates": [10819.0, 4561.0]}}, {"type": "Feature", "properties": {"sea_point_id": 5142, "name": "Indian Ocean", "ed_raw": 0, "hst_raw": 0, "pal_raw": 0}, "geometry": {"type": "Point", "coordinates": [10873.0, 4570.0]}}, {"type": "Feature", "properties": {"sea_point_id": 5143, "name": "Indus River", "ed_raw": 0, "hst_raw": 0, "pal_raw": 0}, "geometry": {"type": "Point", "coordinates": [9144.0, 3189.0]}}, {"type": "Feature", "properties": {"sea_point_id": 5144, "name": "Timor Sea", "ed_raw": 0, "hst_raw": 0, "pal_raw": 0}, "geometry": {"type": "Point", "coordinates": [11902.0, 4883.0]}}, {"type": "Feature", "properties": {"sea_point_id": 5145, "name": "Timor Sea", "ed_raw": 0, "hst_raw": 0, "pal_raw": 0}, "geometry": {"type": "Point", "coordinates": [11834.0, 4930.0]}}, {"type": "Feature", "properties": {"sea_point_id": 5146, "name": "Timor Sea", "ed_raw": 0, "hst_raw": 0, "pal_raw": 0}, "geometry": {"type": "Point", "coordinates": [11781.0, 4984.0]}}, {"type": "Feature", "properties": {"sea_point_id": 5147, "name": "Indian Ocean", "ed_raw": 0, "hst_raw": 0, "pal_raw": 0}, "geometry": {"type": "Point", "coordinates": [10956.0, 4602.0]}}, {"type": "Feature", "properties": {"sea_point_id": 5148, "name": "Indian Ocean", "ed_raw": 0, "hst_raw": 0, "pal_raw": 0}, "geometry": {"type": "Point", "coordinates": [11004.0, 4603.0]}}, {"type": "Feature", "properties": {"sea_point_id": 5149, "name": "Indus River", "ed_raw": 0, "hst_raw": 0, "pal_raw": 0}, "geometry": {"type": "Point", "coordinates": [9152.0, 3177.0]}}, {"type": "Feature", "properties": {"sea_point_id": 5150, "name": "Indian Ocean", "ed_raw": 0, "hst_raw": 0, "pal_raw": 0}, "geometry": {"type": "Point", "coordinates": [11094.0, 4623.0]}}, {"type": "Feature", "properties": {"sea_point_id": 5151, "name": "Indus River", "ed_raw": 0, "hst_raw": 0, "pal_raw": 0}, "geometry": {"type": "Point", "coordinates": [9158.0, 3161.0]}}, {"type": "Feature", "properties": {"sea_point_id": 5152, "name": "Indian Ocean", "ed_raw": 0, "hst_raw": 0, "pal_raw": 0}, "geometry": {"type": "Point", "coordinates": [11159.0, 4631.0]}}, {"type": "Feature", "properties": {"sea_point_id": 5153, "name": "Indian Ocean", "ed_raw": 0, "hst_raw": 0, "pal_raw": 0}, "geometry": {"type": "Point", "coordinates": [11215.0, 4635.0]}}, {"type": "Feature", "properties": {"sea_point_id": 5154, "name": "Indian Ocean", "ed_raw": 0, "hst_raw": 0, "pal_raw": 0}, "geometry": {"type": "Point", "coordinates": [11254.0, 4639.0]}}, {"type": "Feature", "properties": {"sea_point_id": 5155, "name": "Java Sea", "ed_raw": 0, "hst_raw": 0, "pal_raw": 0}, "geometry": {"type": "Point", "coordinates": [11248.0, 4605.0]}}, {"type": "Feature", "properties": {"sea_point_id": 5156, "name": "Java Sea", "ed_raw": 0, "hst_raw": 0, "pal_raw": 0}, "geometry": {"type": "Point", "coordinates": [11246.0, 4591.0]}}, {"type": "Feature", "properties": {"sea_point_id": 5157, "name": "Indus River", "ed_raw": 0, "hst_raw": 0, "pal_raw": 0}, "geometry": {"type": "Point", "coordinates": [9191.0, 3147.0]}}, {"type": "Feature", "properties": {"sea_point_id": 5158, "name": "Java Sea", "ed_raw": 0, "hst_raw": 0, "pal_raw": 0}, "geometry": {"type": "Point", "coordinates": [11182.0, 4570.0]}}, {"type": "Feature", "properties": {"sea_point_id": 5159, "name": "Indus River", "ed_raw": 0, "hst_raw": 0, "pal_raw": 0}, "geometry": {"type": "Point", "coordinates": [9201.0, 3129.0]}}, {"type": "Feature", "properties": {"sea_point_id": 5160, "name": "Java Sea", "ed_raw": 0, "hst_raw": 0, "pal_raw": 0}, "geometry": {"type": "Point", "coordinates": [11105.0, 4524.0]}}, {"type": "Feature", "properties": {"sea_point_id": 5161, "name": "Indus River", "ed_raw": 0, "hst_raw": 0, "pal_raw": 0}, "geometry": {"type": "Point", "coordinates": [9179.0, 3123.0]}}, {"type": "Feature", "properties": {"sea_point_id": 5162, "name": "Barents Sea", "ed_raw": 0, "hst_raw": 0, "pal_raw": 0}, "geometry": {"type": "Point", "coordinates": [8439.0, 468.0]}}, {"type": "Feature", "properties": {"sea_point_id": 5163, "name": "Indus River", "ed_raw": 0, "hst_raw": 0, "pal_raw": 0}, "geometry": {"type": "Point", "coordinates": [9173.0, 3111.0]}}, {"type": "Feature", "properties": {"sea_point_id": 5164, "name": "Java Sea", "ed_raw": 0, "hst_raw": 0, "pal_raw": 0}, "geometry": {"type": "Point", "coordinates": [11017.0, 4546.0]}}, {"type": "Feature", "properties": {"sea_point_id": 5165, "name": "Java Sea", "ed_raw": 0, "hst_raw": 0, "pal_raw": 0}, "geometry": {"type": "Point", "coordinates": [10987.0, 4524.0]}}, {"type": "Feature", "properties": {"sea_point_id": 5166, "name": "Java Sea", "ed_raw": 0, "hst_raw": 0, "pal_raw": 0}, "geometry": {"type": "Point", "coordinates": [10951.0, 4515.0]}}, {"type": "Feature", "properties": {"sea_point_id": 5167, "name": "Java Sea", "ed_raw": 0, "hst_raw": 0, "pal_raw": 0}, "geometry": {"type": "Point", "coordinates": [11281.0, 4599.0]}}, {"type": "Feature", "properties": {"sea_point_id": 5168, "name": "Java Sea", "ed_raw": 0, "hst_raw": 0, "pal_raw": 0}, "geometry": {"type": "Point", "coordinates": [11310.0, 4612.0]}}, {"type": "Feature", "properties": {"sea_point_id": 5169, "name": "Timor Sea", "ed_raw": 0, "hst_raw": 0, "pal_raw": 0}, "geometry": {"type": "Point", "coordinates": [11713.0, 5070.0]}}, {"type": "Feature", "properties": {"sea_point_id": 5170, "name": "Indus River", "ed_raw": 0, "hst_raw": 0, "pal_raw": 0}, "geometry": {"type": "Point", "coordinates": [9160.0, 3110.0]}}, {"type": "Feature", "properties": {"sea_point_id": 5171, "name": "Great Australian Bight", "ed_raw": 0, "hst_raw": 0, "pal_raw": 0}, "geometry": {"type": "Point", "coordinates": [12499.0, 5960.0]}}, {"type": "Feature", "properties": {"sea_point_id": 5172, "name": "Barents Sea", "ed_raw": 0, "hst_raw": 0, "pal_raw": 0}, "geometry": {"type": "Point", "coordinates": [8611.0, 468.0]}}, {"type": "Feature", "properties": {"sea_point_id": 5173, "name": "Great Australian Bight", "ed_raw": 0, "hst_raw": 0, "pal_raw": 0}, "geometry": {"type": "Point", "coordinates": [12481.0, 5887.0]}}, {"type": "Feature", "properties": {"sea_point_id": 5174, "name": "Indus River", "ed_raw": 0, "hst_raw": 0, "pal_raw": 0}, "geometry": {"type": "Point", "coordinates": [9146.0, 3100.0]}}, {"type": "Feature", "properties": {"sea_point_id": 5175, "name": "Tasman Sea", "ed_raw": 0, "hst_raw": 0, "pal_raw": 0}, "geometry": {"type": "Point", "coordinates": [12578.0, 5901.0]}}, {"type": "Feature", "properties": {"sea_point_id": 5176, "name": "Tasman Sea", "ed_raw": 0, "hst_raw": 0, "pal_raw": 0}, "geometry": {"type": "Point", "coordinates": [12636.0, 5884.0]}}, {"type": "Feature", "properties": {"sea_point_id": 5177, "name": "Chukchi Sea", "ed_raw": 0, "hst_raw": 0, "pal_raw": 0}, "geometry": {"type": "Point", "coordinates": [85.0, 483.0]}}, {"type": "Feature", "properties": {"sea_point_id": 5178, "name": "Tasman Sea", "ed_raw": 0, "hst_raw": 0, "pal_raw": 0}, "geometry": {"type": "Point", "coordinates": [12658.0, 5907.0]}}, {"type": "Feature", "properties": {"sea_point_id": 5179, "name": "Barents Sea", "ed_raw": 0, "hst_raw": 0, "pal_raw": 0}, "geometry": {"type": "Point", "coordinates": [8291.0, 483.0]}}, {"type": "Feature", "properties": {"sea_point_id": 5180, "name": "Tasman Sea", "ed_raw": 0, "hst_raw": 0, "pal_raw": 0}, "geometry": {"type": "Point", "coordinates": [12651.0, 5939.0]}}, {"type": "Feature", "properties": {"sea_point_id": 5181, "name": "Indus River", "ed_raw": 0, "hst_raw": 0, "pal_raw": 0}, "geometry": {"type": "Point", "coordinates": [9154.0, 3085.0]}}, {"type": "Feature", "properties": {"sea_point_id": 5182, "name": "Indus River", "ed_raw": 0, "hst_raw": 0, "pal_raw": 0}, "geometry": {"type": "Point", "coordinates": [9158.0, 3064.0]}}, {"type": "Feature", "properties": {"sea_point_id": 5183, "name": "Indus River", "ed_raw": 0, "hst_raw": 0, "pal_raw": 0}, "geometry": {"type": "Point", "coordinates": [9175.0, 3052.0]}}, {"type": "Feature", "properties": {"sea_point_id": 5184, "name": "Indus River", "ed_raw": 0, "hst_raw": 0, "pal_raw": 0}, "geometry": {"type": "Point", "coordinates": [9178.0, 3033.0]}}, {"type": "Feature", "properties": {"sea_point_id": 5185, "name": "Indian Ocean", "ed_raw": 0, "hst_raw": 0, "pal_raw": 0}, "geometry": {"type": "Point", "coordinates": [11331.0, 4655.0]}}, {"type": "Feature", "properties": {"sea_point_id": 5186, "name": "Indian Ocean", "ed_raw": 0, "hst_raw": 0, "pal_raw": 0}, "geometry": {"type": "Point", "coordinates": [11387.0, 4657.0]}}, {"type": "Feature", "properties": {"sea_point_id": 5187, "name": "Indus River", "ed_raw": 0, "hst_raw": 0, "pal_raw": 0}, "geometry": {"type": "Point", "coordinates": [9184.0, 3023.0]}}, {"type": "Feature", "properties": {"sea_point_id": 5188, "name": "Indus River", "ed_raw": 0, "hst_raw": 0, "pal_raw": 0}, "geometry": {"type": "Point", "coordinates": [9197.0, 3017.0]}}, {"type": "Feature", "properties": {"sea_point_id": 5189, "name": "Indus River", "ed_raw": 0, "hst_raw": 0, "pal_raw": 0}, "geometry": {"type": "Point", "coordinates": [9204.0, 3004.0]}}, {"type": "Feature", "properties": {"sea_point_id": 5190, "name": "Indus River", "ed_raw": 0, "hst_raw": 0, "pal_raw": 0}, "geometry": {"type": "Point", "coordinates": [9218.0, 2992.0]}}, {"type": "Feature", "properties": {"sea_point_id": 5191, "name": "Indian Ocean", "ed_raw": 0, "hst_raw": 0, "pal_raw": 0}, "geometry": {"type": "Point", "coordinates": [11450.0, 4640.0]}}, {"type": "Feature", "properties": {"sea_point_id": 5192, "name": "Flores Sea", "ed_raw": 0, "hst_raw": 0, "pal_raw": 0}, "geometry": {"type": "Point", "coordinates": [11445.0, 4614.0]}}, {"type": "Feature", "properties": {"sea_point_id": 5193, "name": "Indus River", "ed_raw": 0, "hst_raw": 0, "pal_raw": 0}, "geometry": {"type": "Point", "coordinates": [9221.0, 2981.0]}}, {"type": "Feature", "properties": {"sea_point_id": 5194, "name": "Flores Sea", "ed_raw": 0, "hst_raw": 0, "pal_raw": 0}, "geometry": {"type": "Point", "coordinates": [11430.0, 4603.0]}}, {"type": "Feature", "properties": {"sea_point_id": 5195, "name": "Flores Sea", "ed_raw": 0, "hst_raw": 0, "pal_raw": 0}, "geometry": {"type": "Point", "coordinates": [11410.0, 4611.0]}}, {"type": "Feature", "properties": {"sea_point_id": 5196, "name": "Flores Sea", "ed_raw": 0, "hst_raw": 0, "pal_raw": 0}, "geometry": {"type": "Point", "coordinates": [11393.0, 4600.0]}}, {"type": "Feature", "properties": {"sea_point_id": 5197, "name": "Sea of Azov", "ed_raw": 0, "hst_raw": 0, "pal_raw": 0}, "geometry": {"type": "Point", "coordinates": [7808.0, 1995.0]}}, {"type": "Feature", "properties": {"sea_point_id": 5198, "name": "Flores Sea", "ed_raw": 0, "hst_raw": 0, "pal_raw": 0}, "geometry": {"type": "Point", "coordinates": [11469.0, 4625.0]}}, {"type": "Feature", "properties": {"sea_point_id": 5199, "name": "Java Sea", "ed_raw": 0, "hst_raw": 0, "pal_raw": 0}, "geometry": {"type": "Point", "coordinates": [11349.0, 4614.0]}}, {"type": "Feature", "properties": {"sea_point_id": 5200, "name": "Tasman Sea", "ed_raw": 0, "hst_raw": 0, "pal_raw": 0}, "geometry": {"type": "Point", "coordinates": [12607.0, 6025.0]}}, {"type": "Feature", "properties": {"sea_point_id": 5201, "name": "Volga", "ed_raw": 0, "hst_raw": 0, "pal_raw": 0}, "geometry": {"type": "Point", "coordinates": [7817.0, 1970.0]}}, {"type": "Feature", "properties": {"sea_point_id": 5202, "name": "Volga", "ed_raw": 0, "hst_raw": 0, "pal_raw": 0}, "geometry": {"type": "Point", "coordinates": [7806.0, 1959.0]}}, {"type": "Feature", "properties": {"sea_point_id": 5203, "name": "Indian Ocean", "ed_raw": 0, "hst_raw": 0, "pal_raw": 0}, "geometry": {"type": "Point", "coordinates": [11488.0, 4657.0]}}, {"type": "Feature", "properties": {"sea_point_id": 5204, "name": "Indian Ocean", "ed_raw": 0, "hst_raw": 0, "pal_raw": 0}, "geometry": {"type": "Point", "coordinates": [11467.0, 4654.0]}}, {"type": "Feature", "properties": {"sea_point_id": 5205, "name": "Coral Sea", "ed_raw": 0, "hst_raw": 0, "pal_raw": 0}, "geometry": {"type": "Point", "coordinates": [12606.0, 4673.0]}}, {"type": "Feature", "properties": {"sea_point_id": 5206, "name": "Volga", "ed_raw": 0, "hst_raw": 0, "pal_raw": 0}, "geometry": {"type": "Point", "coordinates": [7804.0, 1941.0]}}, {"type": "Feature", "properties": {"sea_point_id": 5207, "name": "Indian Ocean", "ed_raw": 0, "hst_raw": 0, "pal_raw": 0}, "geometry": {"type": "Point", "coordinates": [11440.0, 4673.0]}}, {"type": "Feature", "properties": {"sea_point_id": 5208, "name": "East Siberian Sea", "ed_raw": 0, "hst_raw": 0, "pal_raw": 0}, "geometry": {"type": "Point", "coordinates": [13377.0, 483.0]}}, {"type": "Feature", "properties": {"sea_point_id": 5209, "name": "Indian Ocean", "ed_raw": 0, "hst_raw": 0, "pal_raw": 0}, "geometry": {"type": "Point", "coordinates": [11471.0, 4681.0]}}, {"type": "Feature", "properties": {"sea_point_id": 5210, "name": "Pacific Ocean", "ed_raw": 0, "hst_raw": 0, "pal_raw": 0}, "geometry": {"type": "Point", "coordinates": [13188.0, 6230.0]}}, {"type": "Feature", "properties": {"sea_point_id": 5211, "name": "Bay of Bengal", "ed_raw": 0, "hst_raw": 0, "pal_raw": 0}, "geometry": {"type": "Point", "coordinates": [10411.0, 3646.0]}}, {"type": "Feature", "properties": {"sea_point_id": 5212, "name": "Volga", "ed_raw": 0, "hst_raw": 0, "pal_raw": 0}, "geometry": {"type": "Point", "coordinates": [7821.0, 1939.0]}}, {"type": "Feature", "properties": {"sea_point_id": 5213, "name": "Tasman Sea", "ed_raw": 0, "hst_raw": 0, "pal_raw": 0}, "geometry": {"type": "Point", "coordinates": [12567.0, 6049.0]}}, {"type": "Feature", "properties": {"sea_point_id": 5214, "name": "Great Australian Bight", "ed_raw": 0, "hst_raw": 0, "pal_raw": 0}, "geometry": {"type": "Point", "coordinates": [12529.0, 6019.0]}}, {"type": "Feature", "properties": {"sea_point_id": 5215, "name": "Volga", "ed_raw": 0, "hst_raw": 0, "pal_raw": 0}, "geometry": {"type": "Point", "coordinates": [7844.0, 1950.0]}}, {"type": "Feature", "properties": {"sea_point_id": 5216, "name": "South China Sea", "ed_raw": 0, "hst_raw": 0, "pal_raw": 0}, "geometry": {"type": "Point", "coordinates": [11439.0, 3419.0]}}, {"type": "Feature", "properties": {"sea_point_id": 5217, "name": "Indian Ocean", "ed_raw": 0, "hst_raw": 0, "pal_raw": 0}, "geometry": {"type": "Point", "coordinates": [11489.0, 4689.0]}}, {"type": "Feature", "properties": {"sea_point_id": 5218, "name": "Volga", "ed_raw": 0, "hst_raw": 0, "pal_raw": 0}, "geometry": {"type": "Point", "coordinates": [7866.0, 1944.0]}}, {"type": "Feature", "properties": {"sea_point_id": 5219, "name": "Indian Ocean", "ed_raw": 0, "hst_raw": 0, "pal_raw": 0}, "geometry": {"type": "Point", "coordinates": [11499.0, 4680.0]}}, {"type": "Feature", "properties": {"sea_point_id": 5220, "name": "Flores Sea", "ed_raw": 0, "hst_raw": 0, "pal_raw": 0}, "geometry": {"type": "Point", "coordinates": [11489.0, 4607.0]}}, {"type": "Feature", "properties": {"sea_point_id": 5221, "name": "Volga", "ed_raw": 0, "hst_raw": 0, "pal_raw": 0}, "geometry": {"type": "Point", "coordinates": [7920.0, 1969.0]}}, {"type": "Feature", "properties": {"sea_point_id": 5222, "name": "Flores Sea", "ed_raw": 0, "hst_raw": 0, "pal_raw": 0}, "geometry": {"type": "Point", "coordinates": [11564.0, 4620.0]}}, {"type": "Feature", "properties": {"sea_point_id": 5223, "name": "Volga", "ed_raw": 0, "hst_raw": 0, "pal_raw": 0}, "geometry": {"type": "Point", "coordinates": [7943.0, 1963.0]}}, {"type": "Feature", "properties": {"sea_point_id": 5224, "name": "Banda Sea", "ed_raw": 0, "hst_raw": 0, "pal_raw": 0}, "geometry": {"type": "Point", "coordinates": [11605.0, 4603.0]}}, {"type": "Feature", "properties": {"sea_point_id": 5225, "name": "Barents Sea", "ed_raw": 0, "hst_raw": 0, "pal_raw": 0}, "geometry": {"type": "Point", "coordinates": [7441.0, 499.0]}}, {"type": "Feature", "properties": {"sea_point_id": 5226, "name": "Flores Sea", "ed_raw": 0, "hst_raw": 0, "pal_raw": 0}, "geometry": {"type": "Point", "coordinates": [11613.0, 4622.0]}}, {"type": "Feature", "properties": {"sea_point_id": 5227, "name": "Indian Ocean", "ed_raw": 0, "hst_raw": 0, "pal_raw": 0}, "geometry": {"type": "Point", "coordinates": [11584.0, 4643.0]}}, {"type": "Feature", "properties": {"sea_point_id": 5228, "name": "Indian Ocean", "ed_raw": 0, "hst_raw": 0, "pal_raw": 0}, "geometry": {"type": "Point", "coordinates": [11552.0, 4650.0]}}, {"type": "Feature", "properties": {"sea_point_id": 5229, "name": "Volga", "ed_raw": 0, "hst_raw": 0, "pal_raw": 0}, "geometry": {"type": "Point", "coordinates": [7961.0, 1974.0]}}, {"type": "Feature", "properties": {"sea_point_id": 5230, "name": "Indian Ocean", "ed_raw": 0, "hst_raw": 0, "pal_raw": 0}, "geometry": {"type": "Point", "coordinates": [11626.0, 4684.0]}}, {"type": "Feature", "properties": {"sea_point_id": 5231, "name": "Indian Ocean", "ed_raw": 0, "hst_raw": 0, "pal_raw": 0}, "geometry": {"type": "Point", "coordinates": [11643.0, 4664.0]}}, {"type": "Feature", "properties": {"sea_point_id": 5232, "name": "Banda Sea", "ed_raw": 0, "hst_raw": 0, "pal_raw": 0}, "geometry": {"type": "Point", "coordinates": [11711.0, 4619.0]}}, {"type": "Feature", "properties": {"sea_point_id": 5233, "name": "Volga", "ed_raw": 0, "hst_raw": 0, "pal_raw": 0}, "geometry": {"type": "Point", "coordinates": [7986.0, 1976.0]}}, {"type": "Feature", "properties": {"sea_point_id": 5234, "name": "Banda Sea", "ed_raw": 0, "hst_raw": 0, "pal_raw": 0}, "geometry": {"type": "Point", "coordinates": [11805.0, 4602.0]}}, {"type": "Feature", "properties": {"sea_point_id": 5235, "name": "Volga", "ed_raw": 0, "hst_raw": 0, "pal_raw": 0}, "geometry": {"type": "Point", "coordinates": [8009.0, 1966.0]}}, {"type": "Feature", "properties": {"sea_point_id": 5236, "name": "Timor Sea", "ed_raw": 0, "hst_raw": 0, "pal_raw": 0}, "geometry": {"type": "Point", "coordinates": [11731.0, 4657.0]}}, {"type": "Feature", "properties": {"sea_point_id": 5237, "name": "Volga", "ed_raw": 0, "hst_raw": 0, "pal_raw": 0}, "geometry": {"type": "Point", "coordinates": [8028.0, 1968.0]}}, {"type": "Feature", "properties": {"sea_point_id": 5238, "name": "Timor Sea", "ed_raw": 0, "hst_raw": 0, "pal_raw": 0}, "geometry": {"type": "Point", "coordinates": [11668.0, 4723.0]}}, {"type": "Feature", "properties": {"sea_point_id": 5239, "name": "Indian Ocean", "ed_raw": 0, "hst_raw": 0, "pal_raw": 0}, "geometry": {"type": "Point", "coordinates": [11623.0, 4717.0]}}, {"type": "Feature", "properties": {"sea_point_id": 5240, "name": "Indian Ocean", "ed_raw": 0, "hst_raw": 0, "pal_raw": 0}, "geometry": {"type": "Point", "coordinates": [11606.0, 4702.0]}}, {"type": "Feature", "properties": {"sea_point_id": 5241, "name": "Volga", "ed_raw": 0, "hst_raw": 0, "pal_raw": 0}, "geometry": {"type": "Point", "coordinates": [8043.0, 1964.0]}}, {"type": "Feature", "properties": {"sea_point_id": 5242, "name": "Pacific Ocean", "ed_raw": 0, "hst_raw": 0, "pal_raw": 0}, "geometry": {"type": "Point", "coordinates": [11542.0, 3422.0]}}, {"type": "Feature", "properties": {"sea_point_id": 5243, "name": "Indian Ocean", "ed_raw": 0, "hst_raw": 0, "pal_raw": 0}, "geometry": {"type": "Point", "coordinates": [11571.0, 4731.0]}}, {"type": "Feature", "properties": {"sea_point_id": 5244, "name": "Indian Ocean", "ed_raw": 0, "hst_raw": 0, "pal_raw": 0}, "geometry": {"type": "Point", "coordinates": [11583.0, 4717.0]}}, {"type": "Feature", "properties": {"sea_point_id": 5245, "name": "Java Sea", "ed_raw": 0, "hst_raw": 0, "pal_raw": 0}, "geometry": {"type": "Point", "coordinates": [10994.0, 4267.0]}}, {"type": "Feature", "properties": {"sea_point_id": 5246, "name": "South China Sea", "ed_raw": 0, "hst_raw": 0, "pal_raw": 0}, "geometry": {"type": "Point", "coordinates": [10990.0, 4197.0]}}, {"type": "Feature", "properties": {"sea_point_id": 5247, "name": "Volga", "ed_raw": 0, "hst_raw": 0, "pal_raw": 0}, "geometry": {"type": "Point", "coordinates": [8064.0, 1977.0]}}, {"type": "Feature", "properties": {"sea_point_id": 5248, "name": "South China Sea", "ed_raw": 0, "hst_raw": 0, "pal_raw": 0}, "geometry": {"type": "Point", "coordinates": [11081.0, 4174.0]}}, {"type": "Feature", "properties": {"sea_point_id": 5249, "name": "South China Sea", "ed_raw": 0, "hst_raw": 0, "pal_raw": 0}, "geometry": {"type": "Point", "coordinates": [11113.0, 4151.0]}}, {"type": "Feature", "properties": {"sea_point_id": 5250, "name": "South China Sea", "ed_raw": 0, "hst_raw": 0, "pal_raw": 0}, "geometry": {"type": "Point", "coordinates": [11182.0, 4125.0]}}, {"type": "Feature", "properties": {"sea_point_id": 5251, "name": "Volga", "ed_raw": 0, "hst_raw": 0, "pal_raw": 0}, "geometry": {"type": "Point", "coordinates": [8076.0, 1980.0]}}, {"type": "Feature", "properties": {"sea_point_id": 5252, "name": "Pacific Ocean", "ed_raw": 0, "hst_raw": 0, "pal_raw": 0}, "geometry": {"type": "Point", "coordinates": [11548.0, 3482.0]}}, {"type": "Feature", "properties": {"sea_point_id": 5253, "name": "South China Sea", "ed_raw": 0, "hst_raw": 0, "pal_raw": 0}, "geometry": {"type": "Point", "coordinates": [11245.0, 4040.0]}}, {"type": "Feature", "properties": {"sea_point_id": 5254, "name": "South China Sea", "ed_raw": 0, "hst_raw": 0, "pal_raw": 0}, "geometry": {"type": "Point", "coordinates": [11315.0, 3976.0]}}, {"type": "Feature", "properties": {"sea_point_id": 5255, "name": "Ob River", "ed_raw": 0, "hst_raw": 0, "pal_raw": 0}, "geometry": {"type": "Point", "coordinates": [8962.0, 848.0]}}, {"type": "Feature", "properties": {"sea_point_id": 5257, "name": "Pacific Ocean", "ed_raw": 0, "hst_raw": 0, "pal_raw": 0}, "geometry": {"type": "Point", "coordinates": [11552.0, 3513.0]}}, {"type": "Feature", "properties": {"sea_point_id": 5258, "name": "Celebes Sea", "ed_raw": 0, "hst_raw": 0, "pal_raw": 0}, "geometry": {"type": "Point", "coordinates": [11395.0, 3978.0]}}, {"type": "Feature", "properties": {"sea_point_id": 5259, "name": "South China Sea", "ed_raw": 0, "hst_raw": 0, "pal_raw": 0}, "geometry": {"type": "Point", "coordinates": [11373.0, 3946.0]}}, {"type": "Feature", "properties": {"sea_point_id": 5260, "name": "Celebes Sea", "ed_raw": 0, "hst_raw": 0, "pal_raw": 0}, "geometry": {"type": "Point", "coordinates": [11426.0, 4017.0]}}, {"type": "Feature", "properties": {"sea_point_id": 5261, "name": "Celebes Sea", "ed_raw": 0, "hst_raw": 0, "pal_raw": 0}, "geometry": {"type": "Point", "coordinates": [11469.0, 4039.0]}}, {"type": "Feature", "properties": {"sea_point_id": 5262, "name": "Volga", "ed_raw": 0, "hst_raw": 0, "pal_raw": 0}, "geometry": {"type": "Point", "coordinates": [8077.0, 1971.0]}}, {"type": "Feature", "properties": {"sea_point_id": 5263, "name": "Volga", "ed_raw": 0, "hst_raw": 0, "pal_raw": 0}, "geometry": {"type": "Point", "coordinates": [8103.0, 1964.0]}}, {"type": "Feature", "properties": {"sea_point_id": 5264, "name": "Volga", "ed_raw": 0, "hst_raw": 0, "pal_raw": 0}, "geometry": {"type": "Point", "coordinates": [8134.0, 1980.0]}}, {"type": "Feature", "properties": {"sea_point_id": 5265, "name": "Volga", "ed_raw": 0, "hst_raw": 0, "pal_raw": 0}, "geometry": {"type": "Point", "coordinates": [8167.0, 1974.0]}}, {"type": "Feature", "properties": {"sea_point_id": 5266, "name": "Celebes Sea", "ed_raw": 0, "hst_raw": 0, "pal_raw": 0}, "geometry": {"type": "Point", "coordinates": [11407.0, 4115.0]}}, {"type": "Feature", "properties": {"sea_point_id": 5267, "name": "Volga", "ed_raw": 0, "hst_raw": 0, "pal_raw": 0}, "geometry": {"type": "Point", "coordinates": [8178.0, 1961.0]}}, {"type": "Feature", "properties": {"sea_point_id": 5268, "name": "Celebes Sea", "ed_raw": 0, "hst_raw": 0, "pal_raw": 0}, "geometry": {"type": "Point", "coordinates": [11425.0, 4215.0]}}, {"type": "Feature", "properties": {"sea_point_id": 5269, "name": "Volga", "ed_raw": 0, "hst_raw": 0, "pal_raw": 0}, "geometry": {"type": "Point", "coordinates": [8176.0, 1950.0]}}, {"type": "Feature", "properties": {"sea_point_id": 5270, "name": "Makassar Strait", "ed_raw": 0, "hst_raw": 0, "pal_raw": 0}, "geometry": {"type": "Point", "coordinates": [11402.0, 4262.0]}}, {"type": "Feature", "properties": {"sea_point_id": 5271, "name": "Makassar Strait", "ed_raw": 0, "hst_raw": 0, "pal_raw": 0}, "geometry": {"type": "Point", "coordinates": [11390.0, 4310.0]}}, {"type": "Feature", "properties": {"sea_point_id": 5272, "name": "Volga", "ed_raw": 0, "hst_raw": 0, "pal_raw": 0}, "geometry": {"type": "Point", "coordinates": [8186.0, 1936.0]}}, {"type": "Feature", "properties": {"sea_point_id": 5273, "name": "Makassar Strait", "ed_raw": 0, "hst_raw": 0, "pal_raw": 0}, "geometry": {"type": "Point", "coordinates": [11347.0, 4347.0]}}, {"type": "Feature", "properties": {"sea_point_id": 5274, "name": "Pacific Ocean", "ed_raw": 0, "hst_raw": 0, "pal_raw": 0}, "geometry": {"type": "Point", "coordinates": [11518.0, 3576.0]}}, {"type": "Feature", "properties": {"sea_point_id": 5275, "name": "Volga", "ed_raw": 0, "hst_raw": 0, "pal_raw": 0}, "geometry": {"type": "Point", "coordinates": [8188.0, 1924.0]}}, {"type": "Feature", "properties": {"sea_point_id": 5276, "name": "Makassar Strait", "ed_raw": 0, "hst_raw": 0, "pal_raw": 0}, "geometry": {"type": "Point", "coordinates": [11336.0, 4431.0]}}, {"type": "Feature", "properties": {"sea_point_id": 5277, "name": "Java Sea", "ed_raw": 0, "hst_raw": 0, "pal_raw": 0}, "geometry": {"type": "Point", "coordinates": [11281.0, 4472.0]}}, {"type": "Feature", "properties": {"sea_point_id": 5278, "name": "Volga", "ed_raw": 0, "hst_raw": 0, "pal_raw": 0}, "geometry": {"type": "Point", "coordinates": [8196.0, 1924.0]}}, {"type": "Feature", "properties": {"sea_point_id": 5279, "name": "Java Sea", "ed_raw": 0, "hst_raw": 0, "pal_raw": 0}, "geometry": {"type": "Point", "coordinates": [11241.0, 4458.0]}}, {"type": "Feature", "properties": {"sea_point_id": 5280, "name": "Volga", "ed_raw": 0, "hst_raw": 0, "pal_raw": 0}, "geometry": {"type": "Point", "coordinates": [8216.0, 1938.0]}}, {"type": "Feature", "properties": {"sea_point_id": 5281, "name": "Java Sea", "ed_raw": 0, "hst_raw": 0, "pal_raw": 0}, "geometry": {"type": "Point", "coordinates": [11185.0, 4439.0]}}, {"type": "Feature", "properties": {"sea_point_id": 5282, "name": "Volga", "ed_raw": 0, "hst_raw": 0, "pal_raw": 0}, "geometry": {"type": "Point", "coordinates": [8219.0, 1957.0]}}, {"type": "Feature", "properties": {"sea_point_id": 5283, "name": "Java Sea", "ed_raw": 0, "hst_raw": 0, "pal_raw": 0}, "geometry": {"type": "Point", "coordinates": [11109.0, 4434.0]}}, {"type": "Feature", "properties": {"sea_point_id": 5284, "name": "Volga", "ed_raw": 0, "hst_raw": 0, "pal_raw": 0}, "geometry": {"type": "Point", "coordinates": [8237.0, 1990.0]}}, {"type": "Feature", "properties": {"sea_point_id": 5285, "name": "Java Sea", "ed_raw": 0, "hst_raw": 0, "pal_raw": 0}, "geometry": {"type": "Point", "coordinates": [11036.0, 4387.0]}}, {"type": "Feature", "properties": {"sea_point_id": 5286, "name": "Volga", "ed_raw": 0, "hst_raw": 0, "pal_raw": 0}, "geometry": {"type": "Point", "coordinates": [8255.0, 1998.0]}}, {"type": "Feature", "properties": {"sea_point_id": 5287, "name": "Volga", "ed_raw": 0, "hst_raw": 0, "pal_raw": 0}, "geometry": {"type": "Point", "coordinates": [8277.0, 2019.0]}}, {"type": "Feature", "properties": {"sea_point_id": 5288, "name": "Java Sea", "ed_raw": 0, "hst_raw": 0, "pal_raw": 0}, "geometry": {"type": "Point", "coordinates": [10999.0, 4313.0]}}, {"type": "Feature", "properties": {"sea_point_id": 5289, "name": "Celebes Sea", "ed_raw": 0, "hst_raw": 0, "pal_raw": 0}, "geometry": {"type": "Point", "coordinates": [11677.0, 4209.0]}}, {"type": "Feature", "properties": {"sea_point_id": 5290, "name": "Celebes Sea", "ed_raw": 0, "hst_raw": 0, "pal_raw": 0}, "geometry": {"type": "Point", "coordinates": [11735.0, 4190.0]}}, {"type": "Feature", "properties": {"sea_point_id": 5291, "name": "Celebes Sea", "ed_raw": 0, "hst_raw": 0, "pal_raw": 0}, "geometry": {"type": "Point", "coordinates": [11744.0, 4212.0]}}, {"type": "Feature", "properties": {"sea_point_id": 5292, "name": "Maluku Sea", "ed_raw": 0, "hst_raw": 0, "pal_raw": 0}, "geometry": {"type": "Point", "coordinates": [11707.0, 4257.0]}}, {"type": "Feature", "properties": {"sea_point_id": 5293, "name": "Volga", "ed_raw": 0, "hst_raw": 0, "pal_raw": 0}, "geometry": {"type": "Point", "coordinates": [8307.0, 2033.0]}}, {"type": "Feature", "properties": {"sea_point_id": 5294, "name": "Volga", "ed_raw": 0, "hst_raw": 0, "pal_raw": 0}, "geometry": {"type": "Point", "coordinates": [8325.0, 2039.0]}}, {"type": "Feature", "properties": {"sea_point_id": 5295, "name": "Volga", "ed_raw": 0, "hst_raw": 0, "pal_raw": 0}, "geometry": {"type": "Point", "coordinates": [8334.0, 2057.0]}}, {"type": "Feature", "properties": {"sea_point_id": 5296, "name": "Maluku Sea", "ed_raw": 0, "hst_raw": 0, "pal_raw": 0}, "geometry": {"type": "Point", "coordinates": [11519.0, 4284.0]}}, {"type": "Feature", "properties": {"sea_point_id": 5297, "name": "Maluku Sea", "ed_raw": 0, "hst_raw": 0, "pal_raw": 0}, "geometry": {"type": "Point", "coordinates": [11535.0, 4317.0]}}, {"type": "Feature", "properties": {"sea_point_id": 5298, "name": "Volga", "ed_raw": 0, "hst_raw": 0, "pal_raw": 0}, "geometry": {"type": "Point", "coordinates": [8337.0, 2071.0]}}, {"type": "Feature", "properties": {"sea_point_id": 5299, "name": "Celebes Sea", "ed_raw": 0, "hst_raw": 0, "pal_raw": 0}, "geometry": {"type": "Point", "coordinates": [11530.0, 4187.0]}}, {"type": "Feature", "properties": {"sea_point_id": 5300, "name": "Celebes Sea", "ed_raw": 0, "hst_raw": 0, "pal_raw": 0}, "geometry": {"type": "Point", "coordinates": [11467.0, 4240.0]}}, {"type": "Feature", "properties": {"sea_point_id": 5301, "name": "Caspian Sea", "ed_raw": 0, "hst_raw": 0, "pal_raw": 0}, "geometry": {"type": "Point", "coordinates": [8355.0, 2103.0]}}, {"type": "Feature", "properties": {"sea_point_id": 5302, "name": "Makassar Strait", "ed_raw": 0, "hst_raw": 0, "pal_raw": 0}, "geometry": {"type": "Point", "coordinates": [11456.0, 4297.0]}}, {"type": "Feature", "properties": {"sea_point_id": 5303, "name": "Rhein", "ed_raw": 0, "hst_raw": 0, "pal_raw": 0}, "geometry": {"type": "Point", "coordinates": [6304.0, 1768.0]}}, {"type": "Feature", "properties": {"sea_point_id": 5304, "name": "Makassar Strait", "ed_raw": 0, "hst_raw": 0, "pal_raw": 0}, "geometry": {"type": "Point", "coordinates": [11419.0, 4398.0]}}, {"type": "Feature", "properties": {"sea_point_id": 5305, "name": "Rhein", "ed_raw": 0, "hst_raw": 0, "pal_raw": 0}, "geometry": {"type": "Point", "coordinates": [6311.0, 1773.0]}}, {"type": "Feature", "properties": {"sea_point_id": 5306, "name": "Barents Sea", "ed_raw": 0, "hst_raw": 0, "pal_raw": 0}, "geometry": {"type": "Point", "coordinates": [8158.0, 499.0]}}, {"type": "Feature", "properties": {"sea_point_id": 5307, "name": "Makassar Strait", "ed_raw": 0, "hst_raw": 0, "pal_raw": 0}, "geometry": {"type": "Point", "coordinates": [11446.0, 4439.0]}}, {"type": "Feature", "properties": {"sea_point_id": 5308, "name": "Rhein", "ed_raw": 0, "hst_raw": 0, "pal_raw": 0}, "geometry": {"type": "Point", "coordinates": [6325.0, 1777.0]}}, {"type": "Feature", "properties": {"sea_point_id": 5309, "name": "Rhein", "ed_raw": 0, "hst_raw": 0, "pal_raw": 0}, "geometry": {"type": "Point", "coordinates": [6331.0, 1774.0]}}, {"type": "Feature", "properties": {"sea_point_id": 5310, "name": "Flores Sea", "ed_raw": 0, "hst_raw": 0, "pal_raw": 0}, "geometry": {"type": "Point", "coordinates": [11451.0, 4485.0]}}, {"type": "Feature", "properties": {"sea_point_id": 5311, "name": "Flores Sea", "ed_raw": 0, "hst_raw": 0, "pal_raw": 0}, "geometry": {"type": "Point", "coordinates": [11436.0, 4518.0]}}, {"type": "Feature", "properties": {"sea_point_id": 5312, "name": "Rhein", "ed_raw": 0, "hst_raw": 0, "pal_raw": 0}, "geometry": {"type": "Point", "coordinates": [6343.0, 1778.0]}}, {"type": "Feature", "properties": {"sea_point_id": 5313, "name": "Flores Sea", "ed_raw": 0, "hst_raw": 0, "pal_raw": 0}, "geometry": {"type": "Point", "coordinates": [11498.0, 4537.0]}}, {"type": "Feature", "properties": {"sea_point_id": 5314, "name": "Rhein", "ed_raw": 0, "hst_raw": 0, "pal_raw": 0}, "geometry": {"type": "Point", "coordinates": [6357.0, 1774.0]}}, {"type": "Feature", "properties": {"sea_point_id": 5315, "name": "Gulf of Boni", "ed_raw": 0, "hst_raw": 0, "pal_raw": 0}, "geometry": {"type": "Point", "coordinates": [11519.0, 4502.0]}}, {"type": "Feature", "properties": {"sea_point_id": 5316, "name": "Gulf of Boni", "ed_raw": 0, "hst_raw": 0, "pal_raw": 0}, "geometry": {"type": "Point", "coordinates": [11520.0, 4470.0]}}, {"type": "Feature", "properties": {"sea_point_id": 5317, "name": "Gulf of Boni", "ed_raw": 0, "hst_raw": 0, "pal_raw": 0}, "geometry": {"type": "Point", "coordinates": [11516.0, 4438.0]}}, {"type": "Feature", "properties": {"sea_point_id": 5318, "name": "Gulf of Boni", "ed_raw": 0, "hst_raw": 0, "pal_raw": 0}, "geometry": {"type": "Point", "coordinates": [11516.0, 4399.0]}}, {"type": "Feature", "properties": {"sea_point_id": 5319, "name": "Rhein", "ed_raw": 0, "hst_raw": 0, "pal_raw": 0}, "geometry": {"type": "Point", "coordinates": [6366.0, 1770.0]}}, {"type": "Feature", "properties": {"sea_point_id": 5320, "name": "Rhein", "ed_raw": 0, "hst_raw": 0, "pal_raw": 0}, "geometry": {"type": "Point", "coordinates": [6374.0, 1770.0]}}, {"type": "Feature", "properties": {"sea_point_id": 5321, "name": "Black Sea", "ed_raw": 0, "hst_raw": 0, "pal_raw": 0}, "geometry": {"type": "Point", "coordinates": [7490.0, 2180.0]}}, {"type": "Feature", "properties": {"sea_point_id": 5322, "name": "Norwegian Sea", "ed_raw": 0, "hst_raw": 0, "pal_raw": 0}, "geometry": {"type": "Point", "coordinates": [6918.0, 514.0]}}, {"type": "Feature", "properties": {"sea_point_id": 5323, "name": "Donau", "ed_raw": 0, "hst_raw": 0, "pal_raw": 0}, "geometry": {"type": "Point", "coordinates": [7466.0, 2170.0]}}, {"type": "Feature", "properties": {"sea_point_id": 5324, "name": "Flores Sea", "ed_raw": 0, "hst_raw": 0, "pal_raw": 0}, "geometry": {"type": "Point", "coordinates": [11578.0, 4516.0]}}, {"type": "Feature", "properties": {"sea_point_id": 5325, "name": "Banda Sea", "ed_raw": 0, "hst_raw": 0, "pal_raw": 0}, "geometry": {"type": "Point", "coordinates": [11636.0, 4455.0]}}, {"type": "Feature", "properties": {"sea_point_id": 5326, "name": "Banda Sea", "ed_raw": 0, "hst_raw": 0, "pal_raw": 0}, "geometry": {"type": "Point", "coordinates": [11599.0, 4429.0]}}, {"type": "Feature", "properties": {"sea_point_id": 5327, "name": "Banda Sea", "ed_raw": 0, "hst_raw": 0, "pal_raw": 0}, "geometry": {"type": "Point", "coordinates": [11593.0, 4386.0]}}, {"type": "Feature", "properties": {"sea_point_id": 5328, "name": "Donau", "ed_raw": 0, "hst_raw": 0, "pal_raw": 0}, "geometry": {"type": "Point", "coordinates": [7450.0, 2177.0]}}, {"type": "Feature", "properties": {"sea_point_id": 5329, "name": "Banda Sea", "ed_raw": 0, "hst_raw": 0, "pal_raw": 0}, "geometry": {"type": "Point", "coordinates": [11609.0, 4343.0]}}, {"type": "Feature", "properties": {"sea_point_id": 5330, "name": "Donau", "ed_raw": 0, "hst_raw": 0, "pal_raw": 0}, "geometry": {"type": "Point", "coordinates": [7449.0, 2191.0]}}, {"type": "Feature", "properties": {"sea_point_id": 5331, "name": "Banda Sea", "ed_raw": 0, "hst_raw": 0, "pal_raw": 0}, "geometry": {"type": "Point", "coordinates": [11666.0, 4309.0]}}, {"type": "Feature", "properties": {"sea_point_id": 5332, "name": "Donau", "ed_raw": 0, "hst_raw": 0, "pal_raw": 0}, "geometry": {"type": "Point", "coordinates": [7426.0, 2201.0]}}, {"type": "Feature", "properties": {"sea_point_id": 5333, "name": "Maluku Sea", "ed_raw": 0, "hst_raw": 0, "pal_raw": 0}, "geometry": {"type": "Point", "coordinates": [11557.0, 4290.0]}}, {"type": "Feature", "properties": {"sea_point_id": 5334, "name": "Maluku Sea", "ed_raw": 0, "hst_raw": 0, "pal_raw": 0}, "geometry": {"type": "Point", "coordinates": [11610.0, 4294.0]}}, {"type": "Feature", "properties": {"sea_point_id": 5335, "name": "Donau", "ed_raw": 0, "hst_raw": 0, "pal_raw": 0}, "geometry": {"type": "Point", "coordinates": [7412.0, 2226.0]}}, {"type": "Feature", "properties": {"sea_point_id": 5336, "name": "Bering Sea", "ed_raw": 0, "hst_raw": 0, "pal_raw": 0}, "geometry": {"type": "Point", "coordinates": [370.0, 850.0]}}, {"type": "Feature", "properties": {"sea_point_id": 5337, "name": "Maluku Sea", "ed_raw": 0, "hst_raw": 0, "pal_raw": 0}, "geometry": {"type": "Point", "coordinates": [11605.0, 4259.0]}}, {"type": "Feature", "properties": {"sea_point_id": 5338, "name": "Yukon River", "ed_raw": 0, "hst_raw": 0, "pal_raw": 0}, "geometry": {"type": "Point", "coordinates": [463.0, 852.0]}}, {"type": "Feature", "properties": {"sea_point_id": 5339, "name": "South China Sea", "ed_raw": 0, "hst_raw": 0, "pal_raw": 0}, "geometry": {"type": "Point", "coordinates": [10937.0, 3468.0]}}, {"type": "Feature", "properties": {"sea_point_id": 5340, "name": "Yukon River", "ed_raw": 0, "hst_raw": 0, "pal_raw": 0}, "geometry": {"type": "Point", "coordinates": [572.0, 831.0]}}, {"type": "Feature", "properties": {"sea_point_id": 5341, "name": "Barents Sea", "ed_raw": 0, "hst_raw": 0, "pal_raw": 0}, "geometry": {"type": "Point", "coordinates": [7706.0, 530.0]}}, {"type": "Feature", "properties": {"sea_point_id": 5342, "name": "South China Sea", "ed_raw": 0, "hst_raw": 0, "pal_raw": 0}, "geometry": {"type": "Point", "coordinates": [11010.0, 3489.0]}}, {"type": "Feature", "properties": {"sea_point_id": 5343, "name": "Yukon River", "ed_raw": 0, "hst_raw": 0, "pal_raw": 0}, "geometry": {"type": "Point", "coordinates": [614.0, 804.0]}}, {"type": "Feature", "properties": {"sea_point_id": 5344, "name": "South China Sea", "ed_raw": 0, "hst_raw": 0, "pal_raw": 0}, "geometry": {"type": "Point", "coordinates": [11068.0, 3401.0]}}, {"type": "Feature", "properties": {"sea_point_id": 5345, "name": "Yukon River", "ed_raw": 0, "hst_raw": 0, "pal_raw": 0}, "geometry": {"type": "Point", "coordinates": [638.0, 813.0]}}, {"type": "Feature", "properties": {"sea_point_id": 5346, "name": "Yukon River", "ed_raw": 0, "hst_raw": 0, "pal_raw": 0}, "geometry": {"type": "Point", "coordinates": [689.0, 808.0]}}, {"type": "Feature", "properties": {"sea_point_id": 5347, "name": "Yukon River", "ed_raw": 0, "hst_raw": 0, "pal_raw": 0}, "geometry": {"type": "Point", "coordinates": [719.0, 802.0]}}, {"type": "Feature", "properties": {"sea_point_id": 5348, "name": "South China Sea", "ed_raw": 0, "hst_raw": 0, "pal_raw": 0}, "geometry": {"type": "Point", "coordinates": [11421.0, 3185.0]}}, {"type": "Feature", "properties": {"sea_point_id": 5349, "name": "Pacific Ocean", "ed_raw": 0, "hst_raw": 0, "pal_raw": 0}, "geometry": {"type": "Point", "coordinates": [1219.0, 1729.0]}}, {"type": "Feature", "properties": {"sea_point_id": 5350, "name": "Yukon River", "ed_raw": 0, "hst_raw": 0, "pal_raw": 0}, "geometry": {"type": "Point", "coordinates": [742.0, 803.0]}}, {"type": "Feature", "properties": {"sea_point_id": 5351, "name": "Yukon River", "ed_raw": 0, "hst_raw": 0, "pal_raw": 0}, "geometry": {"type": "Point", "coordinates": [761.0, 806.0]}}, {"type": "Feature", "properties": {"sea_point_id": 5352, "name": "Yukon River", "ed_raw": 0, "hst_raw": 0, "pal_raw": 0}, "geometry": {"type": "Point", "coordinates": [803.0, 798.0]}}, {"type": "Feature", "properties": {"sea_point_id": 5353, "name": "Yukon River", "ed_raw": 0, "hst_raw": 0, "pal_raw": 0}, "geometry": {"type": "Point", "coordinates": [817.0, 774.0]}}, {"type": "Feature", "properties": {"sea_point_id": 5354, "name": "Yukon River", "ed_raw": 0, "hst_raw": 0, "pal_raw": 0}, "geometry": {"type": "Point", "coordinates": [834.0, 758.0]}}, {"type": "Feature", "properties": {"sea_point_id": 5355, "name": "Pacific Ocean", "ed_raw": 0, "hst_raw": 0, "pal_raw": 0}, "geometry": {"type": "Point", "coordinates": [11647.0, 3671.0]}}, {"type": "Feature", "properties": {"sea_point_id": 5356, "name": "Pacific Ocean", "ed_raw": 0, "hst_raw": 0, "pal_raw": 0}, "geometry": {"type": "Point", "coordinates": [11637.0, 3701.0]}}, {"type": "Feature", "properties": {"sea_point_id": 5357, "name": "Yukon River", "ed_raw": 0, "hst_raw": 0, "pal_raw": 0}, "geometry": {"type": "Point", "coordinates": [851.0, 748.0]}}, {"type": "Feature", "properties": {"sea_point_id": 5358, "name": "Pacific Ocean", "ed_raw": 0, "hst_raw": 0, "pal_raw": 0}, "geometry": {"type": "Point", "coordinates": [11586.0, 3669.0]}}, {"type": "Feature", "properties": {"sea_point_id": 5359, "name": "Pacific Ocean", "ed_raw": 0, "hst_raw": 0, "pal_raw": 0}, "geometry": {"type": "Point", "coordinates": [11566.0, 3684.0]}}, {"type": "Feature", "properties": {"sea_point_id": 5360, "name": "Pacific Ocean", "ed_raw": 0, "hst_raw": 0, "pal_raw": 0}, "geometry": {"type": "Point", "coordinates": [11552.0, 3659.0]}}, {"type": "Feature", "properties": {"sea_point_id": 5361, "name": "Barents Sea", "ed_raw": 0, "hst_raw": 0, "pal_raw": 0}, "geometry": {"type": "Point", "coordinates": [7862.0, 530.0]}}, {"type": "Feature", "properties": {"sea_point_id": 5362, "name": "Yukon River", "ed_raw": 0, "hst_raw": 0, "pal_raw": 0}, "geometry": {"type": "Point", "coordinates": [898.0, 746.0]}}, {"type": "Feature", "properties": {"sea_point_id": 5363, "name": "Yukon River", "ed_raw": 0, "hst_raw": 0, "pal_raw": 0}, "geometry": {"type": "Point", "coordinates": [914.0, 721.0]}}, {"type": "Feature", "properties": {"sea_point_id": 5364, "name": "Pacific Ocean", "ed_raw": 0, "hst_raw": 0, "pal_raw": 0}, "geometry": {"type": "Point", "coordinates": [11526.0, 3665.0]}}, {"type": "Feature", "properties": {"sea_point_id": 5365, "name": "Yukon River", "ed_raw": 0, "hst_raw": 0, "pal_raw": 0}, "geometry": {"type": "Point", "coordinates": [914.0, 704.0]}}, {"type": "Feature", "properties": {"sea_point_id": 5366, "name": "Yukon River", "ed_raw": 0, "hst_raw": 0, "pal_raw": 0}, "geometry": {"type": "Point", "coordinates": [950.0, 684.0]}}, {"type": "Feature", "properties": {"sea_point_id": 5367, "name": "South China Sea", "ed_raw": 0, "hst_raw": 0, "pal_raw": 0}, "geometry": {"type": "Point", "coordinates": [11478.0, 3660.0]}}, {"type": "Feature", "properties": {"sea_point_id": 5368, "name": "Yukon River", "ed_raw": 0, "hst_raw": 0, "pal_raw": 0}, "geometry": {"type": "Point", "coordinates": [973.0, 684.0]}}, {"type": "Feature", "properties": {"sea_point_id": 5369, "name": "Yukon River", "ed_raw": 0, "hst_raw": 0, "pal_raw": 0}, "geometry": {"type": "Point", "coordinates": [977.0, 798.0]}}, {"type": "Feature", "properties": {"sea_point_id": 5370, "name": "South China Sea", "ed_raw": 0, "hst_raw": 0, "pal_raw": 0}, "geometry": {"type": "Point", "coordinates": [11472.0, 3634.0]}}, {"type": "Feature", "properties": {"sea_point_id": 5371, "name": "South China Sea", "ed_raw": 0, "hst_raw": 0, "pal_raw": 0}, "geometry": {"type": "Point", "coordinates": [11413.0, 3601.0]}}, {"type": "Feature", "properties": {"sea_point_id": 5372, "name": "Yukon River", "ed_raw": 0, "hst_raw": 0, "pal_raw": 0}, "geometry": {"type": "Point", "coordinates": [1006.0, 785.0]}}, {"type": "Feature", "properties": {"sea_point_id": 5373, "name": "Yukon River", "ed_raw": 0, "hst_raw": 0, "pal_raw": 0}, "geometry": {"type": "Point", "coordinates": [1043.0, 768.0]}}, {"type": "Feature", "properties": {"sea_point_id": 5374, "name": "South China Sea", "ed_raw": 0, "hst_raw": 0, "pal_raw": 0}, "geometry": {"type": "Point", "coordinates": [11436.0, 3521.0]}}, {"type": "Feature", "properties": {"sea_point_id": 5375, "name": "Yukon River", "ed_raw": 0, "hst_raw": 0, "pal_raw": 0}, "geometry": {"type": "Point", "coordinates": [1070.0, 759.0]}}, {"type": "Feature", "properties": {"sea_point_id": 5376, "name": "Yukon River", "ed_raw": 0, "hst_raw": 0, "pal_raw": 0}, "geometry": {"type": "Point", "coordinates": [1111.0, 757.0]}}, {"type": "Feature", "properties": {"sea_point_id": 5377, "name": "Yukon River", "ed_raw": 0, "hst_raw": 0, "pal_raw": 0}, "geometry": {"type": "Point", "coordinates": [1136.0, 765.0]}}, {"type": "Feature", "properties": {"sea_point_id": 5378, "name": "Barents Sea", "ed_raw": 0, "hst_raw": 0, "pal_raw": 0}, "geometry": {"type": "Point", "coordinates": [7995.0, 546.0]}}, {"type": "Feature", "properties": {"sea_point_id": 5379, "name": "South China Sea", "ed_raw": 0, "hst_raw": 0, "pal_raw": 0}, "geometry": {"type": "Point", "coordinates": [11469.0, 3700.0]}}, {"type": "Feature", "properties": {"sea_point_id": 5380, "name": "Yukon River", "ed_raw": 0, "hst_raw": 0, "pal_raw": 0}, "geometry": {"type": "Point", "coordinates": [1154.0, 783.0]}}, {"type": "Feature", "properties": {"sea_point_id": 5381, "name": "Yukon River", "ed_raw": 0, "hst_raw": 0, "pal_raw": 0}, "geometry": {"type": "Point", "coordinates": [1170.0, 786.0]}}, {"type": "Feature", "properties": {"sea_point_id": 5382, "name": "Red Sea", "ed_raw": 0, "hst_raw": 0, "pal_raw": 0}, "geometry": {"type": "Point", "coordinates": [7983.0, 3632.0]}}, {"type": "Feature", "properties": {"sea_point_id": 5383, "name": "Pacific Ocean", "ed_raw": 0, "hst_raw": 0, "pal_raw": 0}, "geometry": {"type": "Point", "coordinates": [11540.0, 3696.0]}}, {"type": "Feature", "properties": {"sea_point_id": 5384, "name": "Yukon River", "ed_raw": 0, "hst_raw": 0, "pal_raw": 0}, "geometry": {"type": "Point", "coordinates": [1170.0, 802.0]}}, {"type": "Feature", "properties": {"sea_point_id": 5385, "name": "Greenland Sea", "ed_raw": 0, "hst_raw": 0, "pal_raw": 0}, "geometry": {"type": "Point", "coordinates": [5374.0, 577.0]}}, {"type": "Feature", "properties": {"sea_point_id": 5386, "name": "Yukon River", "ed_raw": 0, "hst_raw": 0, "pal_raw": 0}, "geometry": {"type": "Point", "coordinates": [1163.0, 834.0]}}, {"type": "Feature", "properties": {"sea_point_id": 5387, "name": "Snake River", "ed_raw": 0, "hst_raw": 0, "pal_raw": 0}, "geometry": {"type": "Point", "coordinates": [1265.0, 1730.0]}}, {"type": "Feature", "properties": {"sea_point_id": 5388, "name": "Norwegian Sea", "ed_raw": 0, "hst_raw": 0, "pal_raw": 0}, "geometry": {"type": "Point", "coordinates": [6762.0, 577.0]}}, {"type": "Feature", "properties": {"sea_point_id": 5389, "name": "Snake River", "ed_raw": 0, "hst_raw": 0, "pal_raw": 0}, "geometry": {"type": "Point", "coordinates": [1282.0, 1727.0]}}, {"type": "Feature", "properties": {"sea_point_id": 5390, "name": "Snake River", "ed_raw": 0, "hst_raw": 0, "pal_raw": 0}, "geometry": {"type": "Point", "coordinates": [1325.0, 1739.0]}}, {"type": "Feature", "properties": {"sea_point_id": 5391, "name": "Snake River", "ed_raw": 0, "hst_raw": 0, "pal_raw": 0}, "geometry": {"type": "Point", "coordinates": [1341.0, 1749.0]}}, {"type": "Feature", "properties": {"sea_point_id": 5392, "name": "Red Sea", "ed_raw": 0, "hst_raw": 0, "pal_raw": 0}, "geometry": {"type": "Point", "coordinates": [8067.0, 3755.0]}}, {"type": "Feature", "properties": {"sea_point_id": 5393, "name": "Pacific Ocean", "ed_raw": 0, "hst_raw": 0, "pal_raw": 0}, "geometry": {"type": "Point", "coordinates": [11583.0, 3733.0]}}, {"type": "Feature", "properties": {"sea_point_id": 5394, "name": "Norwegian Sea", "ed_raw": 0, "hst_raw": 0, "pal_raw": 0}, "geometry": {"type": "Point", "coordinates": [6669.0, 702.0]}}, {"type": "Feature", "properties": {"sea_point_id": 5395, "name": "Greenland Sea", "ed_raw": 0, "hst_raw": 0, "pal_raw": 0}, "geometry": {"type": "Point", "coordinates": [5304.0, 717.0]}}, {"type": "Feature", "properties": {"sea_point_id": 5396, "name": "Snake River", "ed_raw": 0, "hst_raw": 0, "pal_raw": 0}, "geometry": {"type": "Point", "coordinates": [1359.0, 1749.0]}}, {"type": "Feature", "properties": {"sea_point_id": 5397, "name": "Norwegian Sea", "ed_raw": 0, "hst_raw": 0, "pal_raw": 0}, "geometry": {"type": "Point", "coordinates": [5499.0, 764.0]}}, {"type": "Feature", "properties": {"sea_point_id": 5398, "name": "Norwegian Sea", "ed_raw": 0, "hst_raw": 0, "pal_raw": 0}, "geometry": {"type": "Point", "coordinates": [5662.0, 842.0]}}, {"type": "Feature", "properties": {"sea_point_id": 5399, "name": "Norwegian Sea", "ed_raw": 0, "hst_raw": 0, "pal_raw": 0}, "geometry": {"type": "Point", "coordinates": [6630.0, 842.0]}}, {"type": "Feature", "properties": {"sea_point_id": 5400, "name": "Pacific Ocean", "ed_raw": 0, "hst_raw": 0, "pal_raw": 0}, "geometry": {"type": "Point", "coordinates": [11636.0, 3721.0]}}, {"type": "Feature", "properties": {"sea_point_id": 5401, "name": "Bering Sea", "ed_raw": 0, "hst_raw": 0, "pal_raw": 0}, "geometry": {"type": "Point", "coordinates": [13377.0, 889.0]}}, {"type": "Feature", "properties": {"sea_point_id": 5402, "name": "Snake River", "ed_raw": 0, "hst_raw": 0, "pal_raw": 0}, "geometry": {"type": "Point", "coordinates": [1382.0, 1735.0]}}, {"type": "Feature", "properties": {"sea_point_id": 5403, "name": "Snake River", "ed_raw": 0, "hst_raw": 0, "pal_raw": 0}, "geometry": {"type": "Point", "coordinates": [1400.0, 1727.0]}}, {"type": "Feature", "properties": {"sea_point_id": 5404, "name": "Norwegian Sea", "ed_raw": 0, "hst_raw": 0, "pal_raw": 0}, "geometry": {"type": "Point", "coordinates": [6528.0, 920.0]}}, {"type": "Feature", "properties": {"sea_point_id": 5405, "name": "Snake River", "ed_raw": 0, "hst_raw": 0, "pal_raw": 0}, "geometry": {"type": "Point", "coordinates": [1407.0, 1713.0]}}, {"type": "Feature", "properties": {"sea_point_id": 5406, "name": "Snake River", "ed_raw": 0, "hst_raw": 0, "pal_raw": 0}, "geometry": {"type": "Point", "coordinates": [1406.0, 1702.0]}}, {"type": "Feature", "properties": {"sea_point_id": 5407, "name": "Snake River", "ed_raw": 0, "hst_raw": 0, "pal_raw": 0}, "geometry": {"type": "Point", "coordinates": [1417.0, 1705.0]}}, {"type": "Feature", "properties": {"sea_point_id": 5408, "name": "Pacific Ocean", "ed_raw": 0, "hst_raw": 0, "pal_raw": 0}, "geometry": {"type": "Point", "coordinates": [11653.0, 3765.0]}}, {"type": "Feature", "properties": {"sea_point_id": 5409, "name": "Denmark Strait", "ed_raw": 0, "hst_raw": 0, "pal_raw": 0}, "geometry": {"type": "Point", "coordinates": [5085.0, 936.0]}}, {"type": "Feature", "properties": {"sea_point_id": 5410, "name": "Snake River", "ed_raw": 0, "hst_raw": 0, "pal_raw": 0}, "geometry": {"type": "Point", "coordinates": [1439.0, 1704.0]}}, {"type": "Feature", "properties": {"sea_point_id": 5411, "name": "Snake River", "ed_raw": 0, "hst_raw": 0, "pal_raw": 0}, "geometry": {"type": "Point", "coordinates": [1465.0, 1697.0]}}, {"type": "Feature", "properties": {"sea_point_id": 5412, "name": "Snake River", "ed_raw": 0, "hst_raw": 0, "pal_raw": 0}, "geometry": {"type": "Point", "coordinates": [1477.0, 1691.0]}}, {"type": "Feature", "properties": {"sea_point_id": 5413, "name": "Snake River", "ed_raw": 0, "hst_raw": 0, "pal_raw": 0}, "geometry": {"type": "Point", "coordinates": [1470.0, 1672.0]}}, {"type": "Feature", "properties": {"sea_point_id": 5414, "name": "Snake River", "ed_raw": 0, "hst_raw": 0, "pal_raw": 0}, "geometry": {"type": "Point", "coordinates": [1456.0, 1666.0]}}, {"type": "Feature", "properties": {"sea_point_id": 5415, "name": "Snake River", "ed_raw": 0, "hst_raw": 0, "pal_raw": 0}, "geometry": {"type": "Point", "coordinates": [1453.0, 1648.0]}}, {"type": "Feature", "properties": {"sea_point_id": 5416, "name": "Snake River", "ed_raw": 0, "hst_raw": 0, "pal_raw": 0}, "geometry": {"type": "Point", "coordinates": [1459.0, 1622.0]}}, {"type": "Feature", "properties": {"sea_point_id": 5417, "name": "Atlantic Ocean", "ed_raw": 0, "hst_raw": 0, "pal_raw": 0}, "geometry": {"type": "Point", "coordinates": [4555.0, 967.0]}}, {"type": "Feature", "properties": {"sea_point_id": 5418, "name": "Pacific Ocean", "ed_raw": 0, "hst_raw": 0, "pal_raw": 0}, "geometry": {"type": "Point", "coordinates": [11700.0, 3841.0]}}, {"type": "Feature", "properties": {"sea_point_id": 5419, "name": "Snake River", "ed_raw": 0, "hst_raw": 0, "pal_raw": 0}, "geometry": {"type": "Point", "coordinates": [1460.0, 1607.0]}}, {"type": "Feature", "properties": {"sea_point_id": 5420, "name": "Atlantic Ocean", "ed_raw": 0, "hst_raw": 0, "pal_raw": 0}, "geometry": {"type": "Point", "coordinates": [5756.0, 967.0]}}, {"type": "Feature", "properties": {"sea_point_id": 5421, "name": "Snake River", "ed_raw": 0, "hst_raw": 0, "pal_raw": 0}, "geometry": {"type": "Point", "coordinates": [1468.0, 1598.0]}}, {"type": "Feature", "properties": {"sea_point_id": 5422, "name": "Snake River", "ed_raw": 0, "hst_raw": 0, "pal_raw": 0}, "geometry": {"type": "Point", "coordinates": [1473.0, 1584.0]}}, {"type": "Feature", "properties": {"sea_point_id": 5423, "name": "Bering Sea", "ed_raw": 0, "hst_raw": 0, "pal_raw": 0}, "geometry": {"type": "Point", "coordinates": [13135.0, 967.0]}}, {"type": "Feature", "properties": {"sea_point_id": 5424, "name": "Snake River", "ed_raw": 0, "hst_raw": 0, "pal_raw": 0}, "geometry": {"type": "Point", "coordinates": [1491.0, 1568.0]}}, {"type": "Feature", "properties": {"sea_point_id": 5425, "name": "Pacific Ocean", "ed_raw": 0, "hst_raw": 0, "pal_raw": 0}, "geometry": {"type": "Point", "coordinates": [11668.0, 3864.0]}}, {"type": "Feature", "properties": {"sea_point_id": 5426, "name": "Norwegian Sea", "ed_raw": 0, "hst_raw": 0, "pal_raw": 0}, "geometry": {"type": "Point", "coordinates": [5889.0, 982.0]}}, {"type": "Feature", "properties": {"sea_point_id": 5427, "name": "Snake River", "ed_raw": 0, "hst_raw": 0, "pal_raw": 0}, "geometry": {"type": "Point", "coordinates": [1515.0, 1556.0]}}, {"type": "Feature", "properties": {"sea_point_id": 5428, "name": "Pacific Ocean", "ed_raw": 0, "hst_raw": 0, "pal_raw": 0}, "geometry": {"type": "Point", "coordinates": [11612.0, 3868.0]}}, {"type": "Feature", "properties": {"sea_point_id": 5429, "name": "Indian Ocean", "ed_raw": 0, "hst_raw": 0, "pal_raw": 0}, "geometry": {"type": "Point", "coordinates": [11010.0, 4681.0]}}, {"type": "Feature", "properties": {"sea_point_id": 5430, "name": "South China Sea", "ed_raw": 0, "hst_raw": 0, "pal_raw": 0}, "geometry": {"type": "Point", "coordinates": [11577.0, 3924.0]}}, {"type": "Feature", "properties": {"sea_point_id": 5431, "name": "Celebes Sea", "ed_raw": 0, "hst_raw": 0, "pal_raw": 0}, "geometry": {"type": "Point", "coordinates": [11569.0, 3971.0]}}, {"type": "Feature", "properties": {"sea_point_id": 5432, "name": "Mississippi River", "ed_raw": 0, "hst_raw": 0, "pal_raw": 0}, "geometry": {"type": "Point", "coordinates": [2929.0, 2698.0]}}, {"type": "Feature", "properties": {"sea_point_id": 5433, "name": "Bering Sea", "ed_raw": 0, "hst_raw": 0, "pal_raw": 0}, "geometry": {"type": "Point", "coordinates": [12940.0, 982.0]}}, {"type": "Feature", "properties": {"sea_point_id": 5434, "name": "Mississippi River", "ed_raw": 0, "hst_raw": 0, "pal_raw": 0}, "geometry": {"type": "Point", "coordinates": [2917.0, 2684.0]}}, {"type": "Feature", "properties": {"sea_point_id": 5435, "name": "Hudson Bay", "ed_raw": 0, "hst_raw": 0, "pal_raw": 0}, "geometry": {"type": "Point", "coordinates": [3432.0, 998.0]}}, {"type": "Feature", "properties": {"sea_point_id": 5436, "name": "Mississippi River", "ed_raw": 0, "hst_raw": 0, "pal_raw": 0}, "geometry": {"type": "Point", "coordinates": [2914.0, 2676.0]}}, {"type": "Feature", "properties": {"sea_point_id": 5437, "name": "Mississippi River", "ed_raw": 0, "hst_raw": 0, "pal_raw": 0}, "geometry": {"type": "Point", "coordinates": [2917.0, 2670.0]}}, {"type": "Feature", "properties": {"sea_point_id": 5438, "name": "Mississippi River", "ed_raw": 0, "hst_raw": 0, "pal_raw": 0}, "geometry": {"type": "Point", "coordinates": [2904.0, 2667.0]}}, {"type": "Feature", "properties": {"sea_point_id": 5439, "name": "Denmark Strait", "ed_raw": 0, "hst_raw": 0, "pal_raw": 0}, "geometry": {"type": "Point", "coordinates": [4976.0, 1029.0]}}, {"type": "Feature", "properties": {"sea_point_id": 5440, "name": "Mississippi River", "ed_raw": 0, "hst_raw": 0, "pal_raw": 0}, "geometry": {"type": "Point", "coordinates": [2893.0, 2656.0]}}, {"type": "Feature", "properties": {"sea_point_id": 5441, "name": "Celebes Sea", "ed_raw": 0, "hst_raw": 0, "pal_raw": 0}, "geometry": {"type": "Point", "coordinates": [11666.0, 3944.0]}}, {"type": "Feature", "properties": {"sea_point_id": 5442, "name": "Denmark Strait", "ed_raw": 0, "hst_raw": 0, "pal_raw": 0}, "geometry": {"type": "Point", "coordinates": [5116.0, 1060.0]}}, {"type": "Feature", "properties": {"sea_point_id": 5443, "name": "Mississippi River", "ed_raw": 0, "hst_raw": 0, "pal_raw": 0}, "geometry": {"type": "Point", "coordinates": [2885.0, 2636.0]}}, {"type": "Feature", "properties": {"sea_point_id": 5444, "name": "Celebes Sea", "ed_raw": 0, "hst_raw": 0, "pal_raw": 0}, "geometry": {"type": "Point", "coordinates": [11667.0, 4004.0]}}, {"type": "Feature", "properties": {"sea_point_id": 5445, "name": "Mississippi River", "ed_raw": 0, "hst_raw": 0, "pal_raw": 0}, "geometry": {"type": "Point", "coordinates": [2879.0, 2628.0]}}, {"type": "Feature", "properties": {"sea_point_id": 5446, "name": "Mississippi River", "ed_raw": 0, "hst_raw": 0, "pal_raw": 0}, "geometry": {"type": "Point", "coordinates": [2864.0, 2623.0]}}, {"type": "Feature", "properties": {"sea_point_id": 5447, "name": "Mississippi River", "ed_raw": 0, "hst_raw": 0, "pal_raw": 0}, "geometry": {"type": "Point", "coordinates": [2862.0, 2616.0]}}, {"type": "Feature", "properties": {"sea_point_id": 5448, "name": "Celebes Sea", "ed_raw": 0, "hst_raw": 0, "pal_raw": 0}, "geometry": {"type": "Point", "coordinates": [11740.0, 4021.0]}}, {"type": "Feature", "properties": {"sea_point_id": 5449, "name": "Davao Gulf", "ed_raw": 0, "hst_raw": 0, "pal_raw": 0}, "geometry": {"type": "Point", "coordinates": [11755.0, 3982.0]}}, {"type": "Feature", "properties": {"sea_point_id": 5450, "name": "North Sea", "ed_raw": 0, "hst_raw": 0, "pal_raw": 0}, "geometry": {"type": "Point", "coordinates": [6060.0, 1076.0]}}, {"type": "Feature", "properties": {"sea_point_id": 5451, "name": "Davao Gulf", "ed_raw": 0, "hst_raw": 0, "pal_raw": 0}, "geometry": {"type": "Point", "coordinates": [11727.0, 3964.0]}}, {"type": "Feature", "properties": {"sea_point_id": 5452, "name": "Atlantic Ocean", "ed_raw": 0, "hst_raw": 0, "pal_raw": 0}, "geometry": {"type": "Point", "coordinates": [4626.0, 1103.0]}}, {"type": "Feature", "properties": {"sea_point_id": 5453, "name": "Davao Gulf", "ed_raw": 0, "hst_raw": 0, "pal_raw": 0}, "geometry": {"type": "Point", "coordinates": [11737.0, 3942.0]}}, {"type": "Feature", "properties": {"sea_point_id": 5454, "name": "Mississippi River", "ed_raw": 0, "hst_raw": 0, "pal_raw": 0}, "geometry": {"type": "Point", "coordinates": [2870.0, 2574.0]}}, {"type": "Feature", "properties": {"sea_point_id": 5455, "name": "North Sea", "ed_raw": 0, "hst_raw": 0, "pal_raw": 0}, "geometry": {"type": "Point", "coordinates": [6364.0, 1123.0]}}, {"type": "Feature", "properties": {"sea_point_id": 5456, "name": "Mississippi River", "ed_raw": 0, "hst_raw": 0, "pal_raw": 0}, "geometry": {"type": "Point", "coordinates": [2853.0, 2544.0]}}, {"type": "Feature", "properties": {"sea_point_id": 5457, "name": "Sea of Okhotsk", "ed_raw": 0, "hst_raw": 0, "pal_raw": 0}, "geometry": {"type": "Point", "coordinates": [12277.0, 1123.0]}}, {"type": "Feature", "properties": {"sea_point_id": 5458, "name": "Mississippi River", "ed_raw": 0, "hst_raw": 0, "pal_raw": 0}, "geometry": {"type": "Point", "coordinates": [2853.0, 2530.0]}}, {"type": "Feature", "properties": {"sea_point_id": 5459, "name": "Mississippi River", "ed_raw": 0, "hst_raw": 0, "pal_raw": 0}, "geometry": {"type": "Point", "coordinates": [2862.0, 2522.0]}}, {"type": "Feature", "properties": {"sea_point_id": 5460, "name": "Labrador Sea", "ed_raw": 0, "hst_raw": 0, "pal_raw": 0}, "geometry": {"type": "Point", "coordinates": [4836.0, 1154.0]}}, {"type": "Feature", "properties": {"sea_point_id": 5461, "name": "Pacific Ocean", "ed_raw": 0, "hst_raw": 0, "pal_raw": 0}, "geometry": {"type": "Point", "coordinates": [11786.0, 3905.0]}}, {"type": "Feature", "properties": {"sea_point_id": 5462, "name": "Pacific Ocean", "ed_raw": 0, "hst_raw": 0, "pal_raw": 0}, "geometry": {"type": "Point", "coordinates": [11761.0, 3861.0]}}, {"type": "Feature", "properties": {"sea_point_id": 5463, "name": "Pacific Ocean", "ed_raw": 0, "hst_raw": 0, "pal_raw": 0}, "geometry": {"type": "Point", "coordinates": [11727.0, 3809.0]}}, {"type": "Feature", "properties": {"sea_point_id": 5464, "name": "Mississippi River", "ed_raw": 0, "hst_raw": 0, "pal_raw": 0}, "geometry": {"type": "Point", "coordinates": [2862.0, 2512.0]}}, {"type": "Feature", "properties": {"sea_point_id": 5465, "name": "Pacific Ocean", "ed_raw": 0, "hst_raw": 0, "pal_raw": 0}, "geometry": {"type": "Point", "coordinates": [11714.0, 3764.0]}}, {"type": "Feature", "properties": {"sea_point_id": 5466, "name": "Mississippi River", "ed_raw": 0, "hst_raw": 0, "pal_raw": 0}, "geometry": {"type": "Point", "coordinates": [2864.0, 2506.0]}}, {"type": "Feature", "properties": {"sea_point_id": 5467, "name": "Mississippi River", "ed_raw": 0, "hst_raw": 0, "pal_raw": 0}, "geometry": {"type": "Point", "coordinates": [2862.0, 2500.0]}}, {"type": "Feature", "properties": {"sea_point_id": 5468, "name": "Pacific Ocean", "ed_raw": 0, "hst_raw": 0, "pal_raw": 0}, "geometry": {"type": "Point", "coordinates": [11694.0, 3687.0]}}, {"type": "Feature", "properties": {"sea_point_id": 5469, "name": "Mississippi River", "ed_raw": 0, "hst_raw": 0, "pal_raw": 0}, "geometry": {"type": "Point", "coordinates": [2874.0, 2492.0]}}, {"type": "Feature", "properties": {"sea_point_id": 5470, "name": "Mississippi River", "ed_raw": 0, "hst_raw": 0, "pal_raw": 0}, "geometry": {"type": "Point", "coordinates": [2875.0, 2457.0]}}, {"type": "Feature", "properties": {"sea_point_id": 5471, "name": "Bering Sea", "ed_raw": 0, "hst_raw": 0, "pal_raw": 0}, "geometry": {"type": "Point", "coordinates": [12838.0, 1154.0]}}, {"type": "Feature", "properties": {"sea_point_id": 5472, "name": "South China Sea", "ed_raw": 0, "hst_raw": 0, "pal_raw": 0}, "geometry": {"type": "Point", "coordinates": [11550.0, 3784.0]}}, {"type": "Feature", "properties": {"sea_point_id": 5473, "name": "Mississippi River", "ed_raw": 0, "hst_raw": 0, "pal_raw": 0}, "geometry": {"type": "Point", "coordinates": [2878.0, 2445.0]}}, {"type": "Feature", "properties": {"sea_point_id": 5474, "name": "Atlantic Ocean", "ed_raw": 0, "hst_raw": 0, "pal_raw": 0}, "geometry": {"type": "Point", "coordinates": [5187.0, 1170.0]}}, {"type": "Feature", "properties": {"sea_point_id": 5475, "name": "South China Sea", "ed_raw": 0, "hst_raw": 0, "pal_raw": 0}, "geometry": {"type": "Point", "coordinates": [11529.0, 3738.0]}}, {"type": "Feature", "properties": {"sea_point_id": 5476, "name": "South China Sea", "ed_raw": 0, "hst_raw": 0, "pal_raw": 0}, "geometry": {"type": "Point", "coordinates": [11555.0, 3814.0]}}, {"type": "Feature", "properties": {"sea_point_id": 5477, "name": "Mississippi River", "ed_raw": 0, "hst_raw": 0, "pal_raw": 0}, "geometry": {"type": "Point", "coordinates": [2884.0, 2439.0]}}, {"type": "Feature", "properties": {"sea_point_id": 5478, "name": "Mississippi River", "ed_raw": 0, "hst_raw": 0, "pal_raw": 0}, "geometry": {"type": "Point", "coordinates": [2906.0, 2426.0]}}, {"type": "Feature", "properties": {"sea_point_id": 5479, "name": "Pacific Ocean", "ed_raw": 0, "hst_raw": 0, "pal_raw": 0}, "geometry": {"type": "Point", "coordinates": [11610.0, 3760.0]}}, {"type": "Feature", "properties": {"sea_point_id": 5480, "name": "Mississippi River", "ed_raw": 0, "hst_raw": 0, "pal_raw": 0}, "geometry": {"type": "Point", "coordinates": [2913.0, 2418.0]}}, {"type": "Feature", "properties": {"sea_point_id": 5481, "name": "Mississippi River", "ed_raw": 0, "hst_raw": 0, "pal_raw": 0}, "geometry": {"type": "Point", "coordinates": [2915.0, 2395.0]}}, {"type": "Feature", "properties": {"sea_point_id": 5482, "name": "Gulf of Alaska", "ed_raw": 0, "hst_raw": 0, "pal_raw": 0}, "geometry": {"type": "Point", "coordinates": [904.0, 1185.0]}}, {"type": "Feature", "properties": {"sea_point_id": 5483, "name": "Mississippi River", "ed_raw": 0, "hst_raw": 0, "pal_raw": 0}, "geometry": {"type": "Point", "coordinates": [2920.0, 2390.0]}}, {"type": "Feature", "properties": {"sea_point_id": 5484, "name": "Mississippi River", "ed_raw": 0, "hst_raw": 0, "pal_raw": 0}, "geometry": {"type": "Point", "coordinates": [2940.0, 2387.0]}}, {"type": "Feature", "properties": {"sea_point_id": 5485, "name": "Pacific Ocean", "ed_raw": 0, "hst_raw": 0, "pal_raw": 0}, "geometry": {"type": "Point", "coordinates": [11627.0, 3775.0]}}, {"type": "Feature", "properties": {"sea_point_id": 5486, "name": "Pacific Ocean", "ed_raw": 0, "hst_raw": 0, "pal_raw": 0}, "geometry": {"type": "Point", "coordinates": [11620.0, 3810.0]}}, {"type": "Feature", "properties": {"sea_point_id": 5487, "name": "Colorado River", "ed_raw": 0, "hst_raw": 0, "pal_raw": 0}, "geometry": {"type": "Point", "coordinates": [1693.0, 2553.0]}}, {"type": "Feature", "properties": {"sea_point_id": 5488, "name": "Colorado River", "ed_raw": 0, "hst_raw": 0, "pal_raw": 0}, "geometry": {"type": "Point", "coordinates": [1699.0, 2539.0]}}, {"type": "Feature", "properties": {"sea_point_id": 5489, "name": "South China Sea", "ed_raw": 0, "hst_raw": 0, "pal_raw": 0}, "geometry": {"type": "Point", "coordinates": [11564.0, 3840.0]}}, {"type": "Feature", "properties": {"sea_point_id": 5490, "name": "Pacific Ocean", "ed_raw": 0, "hst_raw": 0, "pal_raw": 0}, "geometry": {"type": "Point", "coordinates": [12087.0, 3995.0]}}, {"type": "Feature", "properties": {"sea_point_id": 5491, "name": "Pacific Ocean", "ed_raw": 0, "hst_raw": 0, "pal_raw": 0}, "geometry": {"type": "Point", "coordinates": [12062.0, 4041.0]}}, {"type": "Feature", "properties": {"sea_point_id": 5492, "name": "Pacific Ocean", "ed_raw": 0, "hst_raw": 0, "pal_raw": 0}, "geometry": {"type": "Point", "coordinates": [12028.0, 4052.0]}}, {"type": "Feature", "properties": {"sea_point_id": 5493, "name": "Pacific Ocean", "ed_raw": 0, "hst_raw": 0, "pal_raw": 0}, "geometry": {"type": "Point", "coordinates": [12036.0, 4015.0]}}, {"type": "Feature", "properties": {"sea_point_id": 5494, "name": "Sea of Okhotsk", "ed_raw": 0, "hst_raw": 0, "pal_raw": 0}, "geometry": {"type": "Point", "coordinates": [12058.0, 1185.0]}}, {"type": "Feature", "properties": {"sea_point_id": 5495, "name": "Pacific Ocean", "ed_raw": 0, "hst_raw": 0, "pal_raw": 0}, "geometry": {"type": "Point", "coordinates": [12056.0, 3981.0]}}, {"type": "Feature", "properties": {"sea_point_id": 5496, "name": "Pacific Ocean", "ed_raw": 0, "hst_raw": 0, "pal_raw": 0}, "geometry": {"type": "Point", "coordinates": [12078.0, 3963.0]}}, {"type": "Feature", "properties": {"sea_point_id": 5497, "name": "Colorado River", "ed_raw": 0, "hst_raw": 0, "pal_raw": 0}, "geometry": {"type": "Point", "coordinates": [1703.0, 2526.0]}}, {"type": "Feature", "properties": {"sea_point_id": 5498, "name": "Pacific Ocean", "ed_raw": 0, "hst_raw": 0, "pal_raw": 0}, "geometry": {"type": "Point", "coordinates": [12487.0, 3755.0]}}, {"type": "Feature", "properties": {"sea_point_id": 5499, "name": "Pacific Ocean", "ed_raw": 0, "hst_raw": 0, "pal_raw": 0}, "geometry": {"type": "Point", "coordinates": [12530.0, 3695.0]}}, {"type": "Feature", "properties": {"sea_point_id": 5500, "name": "Pacific Ocean", "ed_raw": 0, "hst_raw": 0, "pal_raw": 0}, "geometry": {"type": "Point", "coordinates": [12639.0, 3564.0]}}, {"type": "Feature", "properties": {"sea_point_id": 5501, "name": "Pacific Ocean", "ed_raw": 0, "hst_raw": 0, "pal_raw": 0}, "geometry": {"type": "Point", "coordinates": [12605.0, 3670.0]}}, {"type": "Feature", "properties": {"sea_point_id": 5502, "name": "Colorado River", "ed_raw": 0, "hst_raw": 0, "pal_raw": 0}, "geometry": {"type": "Point", "coordinates": [1689.0, 2519.0]}}, {"type": "Feature", "properties": {"sea_point_id": 5503, "name": "Pacific Ocean", "ed_raw": 0, "hst_raw": 0, "pal_raw": 0}, "geometry": {"type": "Point", "coordinates": [12550.0, 3640.0]}}, {"type": "Feature", "properties": {"sea_point_id": 5504, "name": "Pacific Ocean", "ed_raw": 0, "hst_raw": 0, "pal_raw": 0}, "geometry": {"type": "Point", "coordinates": [12587.0, 3533.0]}}, {"type": "Feature", "properties": {"sea_point_id": 5505, "name": "Pacific Ocean", "ed_raw": 0, "hst_raw": 0, "pal_raw": 0}, "geometry": {"type": "Point", "coordinates": [12673.0, 3636.0]}}, {"type": "Feature", "properties": {"sea_point_id": 5506, "name": "Sea of Okhotsk", "ed_raw": 0, "hst_raw": 0, "pal_raw": 0}, "geometry": {"type": "Point", "coordinates": [11926.0, 1201.0]}}, {"type": "Feature", "properties": {"sea_point_id": 5507, "name": "Pacific Ocean", "ed_raw": 0, "hst_raw": 0, "pal_raw": 0}, "geometry": {"type": "Point", "coordinates": [12592.0, 3610.0]}}, {"type": "Feature", "properties": {"sea_point_id": 5508, "name": "Pacific Ocean", "ed_raw": 0, "hst_raw": 0, "pal_raw": 0}, "geometry": {"type": "Point", "coordinates": [12744.0, 3546.0]}}, {"type": "Feature", "properties": {"sea_point_id": 5509, "name": "Pacific Ocean", "ed_raw": 0, "hst_raw": 0, "pal_raw": 0}, "geometry": {"type": "Point", "coordinates": [12691.0, 3478.0]}}, {"type": "Feature", "properties": {"sea_point_id": 5510, "name": "Colorado River", "ed_raw": 0, "hst_raw": 0, "pal_raw": 0}, "geometry": {"type": "Point", "coordinates": [1691.0, 2490.0]}}, {"type": "Feature", "properties": {"sea_point_id": 5511, "name": "Colorado River", "ed_raw": 0, "hst_raw": 0, "pal_raw": 0}, "geometry": {"type": "Point", "coordinates": [1704.0, 2482.0]}}, {"type": "Feature", "properties": {"sea_point_id": 5512, "name": "Atlantic Ocean", "ed_raw": 0, "hst_raw": 0, "pal_raw": 0}, "geometry": {"type": "Point", "coordinates": [5382.0, 1216.0]}}, {"type": "Feature", "properties": {"sea_point_id": 5513, "name": "Colorado River", "ed_raw": 0, "hst_raw": 0, "pal_raw": 0}, "geometry": {"type": "Point", "coordinates": [1696.0, 2456.0]}}, {"type": "Feature", "properties": {"sea_point_id": 5514, "name": "Colorado River", "ed_raw": 0, "hst_raw": 0, "pal_raw": 0}, "geometry": {"type": "Point", "coordinates": [1716.0, 2435.0]}}, {"type": "Feature", "properties": {"sea_point_id": 5515, "name": "Colorado River", "ed_raw": 0, "hst_raw": 0, "pal_raw": 0}, "geometry": {"type": "Point", "coordinates": [1718.0, 2422.0]}}, {"type": "Feature", "properties": {"sea_point_id": 5516, "name": "Pacific Ocean", "ed_raw": 0, "hst_raw": 0, "pal_raw": 0}, "geometry": {"type": "Point", "coordinates": [13258.0, 3262.0]}}, {"type": "Feature", "properties": {"sea_point_id": 5517, "name": "Pacific Ocean", "ed_raw": 0, "hst_raw": 0, "pal_raw": 0}, "geometry": {"type": "Point", "coordinates": [13196.0, 3294.0]}}, {"type": "Feature", "properties": {"sea_point_id": 5518, "name": "Pacific Ocean", "ed_raw": 0, "hst_raw": 0, "pal_raw": 0}, "geometry": {"type": "Point", "coordinates": [13280.0, 3331.0]}}, {"type": "Feature", "properties": {"sea_point_id": 5519, "name": "Pacific Ocean", "ed_raw": 0, "hst_raw": 0, "pal_raw": 0}, "geometry": {"type": "Point", "coordinates": [12843.0, 3978.0]}}, {"type": "Feature", "properties": {"sea_point_id": 5520, "name": "Colorado River", "ed_raw": 0, "hst_raw": 0, "pal_raw": 0}, "geometry": {"type": "Point", "coordinates": [1696.0, 2405.0]}}, {"type": "Feature", "properties": {"sea_point_id": 5521, "name": "Colorado River", "ed_raw": 0, "hst_raw": 0, "pal_raw": 0}, "geometry": {"type": "Point", "coordinates": [1688.0, 2385.0]}}, {"type": "Feature", "properties": {"sea_point_id": 5522, "name": "Atlantic Ocean", "ed_raw": 0, "hst_raw": 0, "pal_raw": 0}, "geometry": {"type": "Point", "coordinates": [5522.0, 1216.0]}}, {"type": "Feature", "properties": {"sea_point_id": 5523, "name": "Pacific Ocean", "ed_raw": 0, "hst_raw": 0, "pal_raw": 0}, "geometry": {"type": "Point", "coordinates": [12879.0, 4004.0]}}, {"type": "Feature", "properties": {"sea_point_id": 5524, "name": "Pacific Ocean", "ed_raw": 0, "hst_raw": 0, "pal_raw": 0}, "geometry": {"type": "Point", "coordinates": [12881.0, 3957.0]}}, {"type": "Feature", "properties": {"sea_point_id": 5525, "name": "Colorado River", "ed_raw": 0, "hst_raw": 0, "pal_raw": 0}, "geometry": {"type": "Point", "coordinates": [1729.0, 2362.0]}}, {"type": "Feature", "properties": {"sea_point_id": 5526, "name": "Pacific Ocean", "ed_raw": 0, "hst_raw": 0, "pal_raw": 0}, "geometry": {"type": "Point", "coordinates": [12955.0, 3928.0]}}, {"type": "Feature", "properties": {"sea_point_id": 5527, "name": "Colorado River", "ed_raw": 0, "hst_raw": 0, "pal_raw": 0}, "geometry": {"type": "Point", "coordinates": [1740.0, 2367.0]}}, {"type": "Feature", "properties": {"sea_point_id": 5528, "name": "Pacific Ocean", "ed_raw": 0, "hst_raw": 0, "pal_raw": 0}, "geometry": {"type": "Point", "coordinates": [12925.0, 3968.0]}}, {"type": "Feature", "properties": {"sea_point_id": 5529, "name": "North Sea", "ed_raw": 0, "hst_raw": 0, "pal_raw": 0}, "geometry": {"type": "Point", "coordinates": [6302.0, 1248.0]}}, {"type": "Feature", "properties": {"sea_point_id": 5530, "name": "Pacific Ocean", "ed_raw": 0, "hst_raw": 0, "pal_raw": 0}, "geometry": {"type": "Point", "coordinates": [12903.0, 3948.0]}}, {"type": "Feature", "properties": {"sea_point_id": 5531, "name": "Colorado River", "ed_raw": 0, "hst_raw": 0, "pal_raw": 0}, "geometry": {"type": "Point", "coordinates": [1752.0, 2367.0]}}, {"type": "Feature", "properties": {"sea_point_id": 5532, "name": "Pacific Ocean", "ed_raw": 0, "hst_raw": 0, "pal_raw": 0}, "geometry": {"type": "Point", "coordinates": [12961.0, 3999.0]}}, {"type": "Feature", "properties": {"sea_point_id": 5533, "name": "Pacific Ocean", "ed_raw": 0, "hst_raw": 0, "pal_raw": 0}, "geometry": {"type": "Point", "coordinates": [13076.0, 4020.0]}}, {"type": "Feature", "properties": {"sea_point_id": 5534, "name": "Pacific Ocean", "ed_raw": 0, "hst_raw": 0, "pal_raw": 0}, "geometry": {"type": "Point", "coordinates": [13062.0, 3968.0]}}, {"type": "Feature", "properties": {"sea_point_id": 5535, "name": "Pacific Ocean", "ed_raw": 0, "hst_raw": 0, "pal_raw": 0}, "geometry": {"type": "Point", "coordinates": [13093.0, 3992.0]}}, {"type": "Feature", "properties": {"sea_point_id": 5536, "name": "Pacific Ocean", "ed_raw": 0, "hst_raw": 0, "pal_raw": 0}, "geometry": {"type": "Point", "coordinates": [13048.0, 4004.0]}}, {"type": "Feature", "properties": {"sea_point_id": 5537, "name": "Gulf of Alaska", "ed_raw": 0, "hst_raw": 0, "pal_raw": 0}, "geometry": {"type": "Point", "coordinates": [460.0, 1263.0]}}, {"type": "Feature", "properties": {"sea_point_id": 5538, "name": "Pacific Ocean", "ed_raw": 0, "hst_raw": 0, "pal_raw": 0}, "geometry": {"type": "Point", "coordinates": [13168.0, 3874.0]}}, {"type": "Feature", "properties": {"sea_point_id": 5539, "name": "North Sea", "ed_raw": 0, "hst_raw": 0, "pal_raw": 0}, "geometry": {"type": "Point", "coordinates": [6138.0, 1263.0]}}, {"type": "Feature", "properties": {"sea_point_id": 5540, "name": "Pacific Ocean", "ed_raw": 0, "hst_raw": 0, "pal_raw": 0}, "geometry": {"type": "Point", "coordinates": [13169.0, 3938.0]}}, {"type": "Feature", "properties": {"sea_point_id": 5541, "name": "Atlantic Ocean", "ed_raw": 0, "hst_raw": 0, "pal_raw": 0}, "geometry": {"type": "Point", "coordinates": [4796.0, 1291.0]}}, {"type": "Feature", "properties": {"sea_point_id": 5542, "name": "Pacific Ocean", "ed_raw": 0, "hst_raw": 0, "pal_raw": 0}, "geometry": {"type": "Point", "coordinates": [13134.0, 3909.0]}}, {"type": "Feature", "properties": {"sea_point_id": 5543, "name": "Pacific Ocean", "ed_raw": 0, "hst_raw": 0, "pal_raw": 0}, "geometry": {"type": "Point", "coordinates": [13193.0, 3912.0]}}, {"type": "Feature", "properties": {"sea_point_id": 5544, "name": "Pacific Ocean", "ed_raw": 0, "hst_raw": 0, "pal_raw": 0}, "geometry": {"type": "Point", "coordinates": [13463.0, 4029.0]}}, {"type": "Feature", "properties": {"sea_point_id": 5545, "name": "Pacific Ocean", "ed_raw": 0, "hst_raw": 0, "pal_raw": 0}, "geometry": {"type": "Point", "coordinates": [13473.0, 3986.0]}}, {"type": "Feature", "properties": {"sea_point_id": 5546, "name": "Pacific Ocean", "ed_raw": 0, "hst_raw": 0, "pal_raw": 0}, "geometry": {"type": "Point", "coordinates": [13493.0, 4018.0]}}, {"type": "Feature", "properties": {"sea_point_id": 5547, "name": "Pacific Ocean", "ed_raw": 0, "hst_raw": 0, "pal_raw": 0}, "geometry": {"type": "Point", "coordinates": [13430.0, 3997.0]}}, {"type": "Feature", "properties": {"sea_point_id": 5548, "name": "Bering Sea", "ed_raw": 0, "hst_raw": 0, "pal_raw": 0}, "geometry": {"type": "Point", "coordinates": [12682.0, 1279.0]}}, {"type": "Feature", "properties": {"sea_point_id": 5549, "name": "Pacific Ocean", "ed_raw": 0, "hst_raw": 0, "pal_raw": 0}, "geometry": {"type": "Point", "coordinates": [13260.0, 3991.0]}}, {"type": "Feature", "properties": {"sea_point_id": 5550, "name": "Gulf of Alaska", "ed_raw": 0, "hst_raw": 0, "pal_raw": 0}, "geometry": {"type": "Point", "coordinates": [951.0, 1310.0]}}, {"type": "Feature", "properties": {"sea_point_id": 5551, "name": "Pacific Ocean", "ed_raw": 0, "hst_raw": 0, "pal_raw": 0}, "geometry": {"type": "Point", "coordinates": [13272.0, 3928.0]}}, {"type": "Feature", "properties": {"sea_point_id": 5552, "name": "Pacific Ocean", "ed_raw": 0, "hst_raw": 0, "pal_raw": 0}, "geometry": {"type": "Point", "coordinates": [13314.0, 3971.0]}}, {"type": "Feature", "properties": {"sea_point_id": 5553, "name": "Pacific Ocean", "ed_raw": 0, "hst_raw": 0, "pal_raw": 0}, "geometry": {"type": "Point", "coordinates": [13219.0, 3968.0]}}, {"type": "Feature", "properties": {"sea_point_id": 5554, "name": "Colorado River", "ed_raw": 0, "hst_raw": 0, "pal_raw": 0}, "geometry": {"type": "Point", "coordinates": [1771.0, 2351.0]}}, {"type": "Feature", "properties": {"sea_point_id": 5555, "name": "Sea of Okhotsk", "ed_raw": 0, "hst_raw": 0, "pal_raw": 0}, "geometry": {"type": "Point", "coordinates": [12105.0, 1310.0]}}, {"type": "Feature", "properties": {"sea_point_id": 5556, "name": "Colorado River", "ed_raw": 0, "hst_raw": 0, "pal_raw": 0}, "geometry": {"type": "Point", "coordinates": [1781.0, 2356.0]}}, {"type": "Feature", "properties": {"sea_point_id": 5557, "name": "Pacific Ocean", "ed_raw": 0, "hst_raw": 0, "pal_raw": 0}, "geometry": {"type": "Point", "coordinates": [13481.0, 4791.0]}}, {"type": "Feature", "properties": {"sea_point_id": 5558, "name": "Pacific Ocean", "ed_raw": 0, "hst_raw": 0, "pal_raw": 0}, "geometry": {"type": "Point", "coordinates": [13463.0, 4804.0]}}, {"type": "Feature", "properties": {"sea_point_id": 5559, "name": "Colorado River", "ed_raw": 0, "hst_raw": 0, "pal_raw": 0}, "geometry": {"type": "Point", "coordinates": [1794.0, 2351.0]}}, {"type": "Feature", "properties": {"sea_point_id": 5560, "name": "Sea of Okhotsk", "ed_raw": 0, "hst_raw": 0, "pal_raw": 0}, "geometry": {"type": "Point", "coordinates": [12277.0, 1310.0]}}, {"type": "Feature", "properties": {"sea_point_id": 5561, "name": "Colorado River", "ed_raw": 0, "hst_raw": 0, "pal_raw": 0}, "geometry": {"type": "Point", "coordinates": [1804.0, 2348.0]}}, {"type": "Feature", "properties": {"sea_point_id": 5562, "name": "Gulf of Alaska", "ed_raw": 0, "hst_raw": 0, "pal_raw": 0}, "geometry": {"type": "Point", "coordinates": [312.0, 1341.0]}}, {"type": "Feature", "properties": {"sea_point_id": 5563, "name": "Pacific Ocean", "ed_raw": 0, "hst_raw": 0, "pal_raw": 0}, "geometry": {"type": "Point", "coordinates": [13513.0, 4801.0]}}, {"type": "Feature", "properties": {"sea_point_id": 5564, "name": "Colorado River", "ed_raw": 0, "hst_raw": 0, "pal_raw": 0}, "geometry": {"type": "Point", "coordinates": [1823.0, 2352.0]}}, {"type": "Feature", "properties": {"sea_point_id": 5565, "name": "Colorado River", "ed_raw": 0, "hst_raw": 0, "pal_raw": 0}, "geometry": {"type": "Point", "coordinates": [1843.0, 2368.0]}}, {"type": "Feature", "properties": {"sea_point_id": 5566, "name": "Atlantic Ocean", "ed_raw": 0, "hst_raw": 0, "pal_raw": 0}, "geometry": {"type": "Point", "coordinates": [5553.0, 1341.0]}}, {"type": "Feature", "properties": {"sea_point_id": 5567, "name": "Pacific Ocean", "ed_raw": 0, "hst_raw": 0, "pal_raw": 0}, "geometry": {"type": "Point", "coordinates": [13534.0, 4834.0]}}, {"type": "Feature", "properties": {"sea_point_id": 5568, "name": "Colorado River", "ed_raw": 0, "hst_raw": 0, "pal_raw": 0}, "geometry": {"type": "Point", "coordinates": [1847.0, 2354.0]}}, {"type": "Feature", "properties": {"sea_point_id": 5569, "name": "Pacific Ocean", "ed_raw": 0, "hst_raw": 0, "pal_raw": 0}, "geometry": {"type": "Point", "coordinates": [13403.0, 4953.0]}}, {"type": "Feature", "properties": {"sea_point_id": 5570, "name": "Colorado River", "ed_raw": 0, "hst_raw": 0, "pal_raw": 0}, "geometry": {"type": "Point", "coordinates": [1841.0, 2348.0]}}, {"type": "Feature", "properties": {"sea_point_id": 5571, "name": "Pacific Ocean", "ed_raw": 0, "hst_raw": 0, "pal_raw": 0}, "geometry": {"type": "Point", "coordinates": [13314.0, 4960.0]}}, {"type": "Feature", "properties": {"sea_point_id": 5572, "name": "Gulf of Alaska", "ed_raw": 0, "hst_raw": 0, "pal_raw": 0}, "geometry": {"type": "Point", "coordinates": [171.0, 1372.0]}}, {"type": "Feature", "properties": {"sea_point_id": 5573, "name": "Colorado River", "ed_raw": 0, "hst_raw": 0, "pal_raw": 0}, "geometry": {"type": "Point", "coordinates": [1837.0, 2330.0]}}, {"type": "Feature", "properties": {"sea_point_id": 5574, "name": "Pacific Ocean", "ed_raw": 0, "hst_raw": 0, "pal_raw": 0}, "geometry": {"type": "Point", "coordinates": [13364.0, 4903.0]}}, {"type": "Feature", "properties": {"sea_point_id": 5575, "name": "Pacific Ocean", "ed_raw": 0, "hst_raw": 0, "pal_raw": 0}, "geometry": {"type": "Point", "coordinates": [13413.0, 4895.0]}}, {"type": "Feature", "properties": {"sea_point_id": 5576, "name": "Atlantic Ocean", "ed_raw": 0, "hst_raw": 0, "pal_raw": 0}, "geometry": {"type": "Point", "coordinates": [4898.0, 1372.0]}}, {"type": "Feature", "properties": {"sea_point_id": 5577, "name": "Colorado River", "ed_raw": 0, "hst_raw": 0, "pal_raw": 0}, "geometry": {"type": "Point", "coordinates": [1854.0, 2319.0]}}, {"type": "Feature", "properties": {"sea_point_id": 5578, "name": "Colorado River", "ed_raw": 0, "hst_raw": 0, "pal_raw": 0}, "geometry": {"type": "Point", "coordinates": [1853.0, 2306.0]}}, {"type": "Feature", "properties": {"sea_point_id": 5579, "name": "Colorado River", "ed_raw": 0, "hst_raw": 0, "pal_raw": 0}, "geometry": {"type": "Point", "coordinates": [1836.0, 2295.0]}}, {"type": "Feature", "properties": {"sea_point_id": 5580, "name": "Colorado River", "ed_raw": 0, "hst_raw": 0, "pal_raw": 0}, "geometry": {"type": "Point", "coordinates": [1822.0, 2295.0]}}, {"type": "Feature", "properties": {"sea_point_id": 5581, "name": "Pacific Ocean", "ed_raw": 0, "hst_raw": 0, "pal_raw": 0}, "geometry": {"type": "Point", "coordinates": [13207.0, 4841.0]}}, {"type": "Feature", "properties": {"sea_point_id": 5582, "name": "North Sea", "ed_raw": 0, "hst_raw": 0, "pal_raw": 0}, "geometry": {"type": "Point", "coordinates": [6286.0, 1394.0]}}, {"type": "Feature", "properties": {"sea_point_id": 5583, "name": "Pacific Ocean", "ed_raw": 0, "hst_raw": 0, "pal_raw": 0}, "geometry": {"type": "Point", "coordinates": [13164.0, 4823.0]}}, {"type": "Feature", "properties": {"sea_point_id": 5584, "name": "Colorado River", "ed_raw": 0, "hst_raw": 0, "pal_raw": 0}, "geometry": {"type": "Point", "coordinates": [1815.0, 2282.0]}}, {"type": "Feature", "properties": {"sea_point_id": 5585, "name": "Pacific Ocean", "ed_raw": 0, "hst_raw": 0, "pal_raw": 0}, "geometry": {"type": "Point", "coordinates": [12581.0, 1388.0]}}, {"type": "Feature", "properties": {"sea_point_id": 5586, "name": "Colorado River", "ed_raw": 0, "hst_raw": 0, "pal_raw": 0}, "geometry": {"type": "Point", "coordinates": [1827.0, 2272.0]}}, {"type": "Feature", "properties": {"sea_point_id": 5587, "name": "Colorado River", "ed_raw": 0, "hst_raw": 0, "pal_raw": 0}, "geometry": {"type": "Point", "coordinates": [1837.0, 2252.0]}}, {"type": "Feature", "properties": {"sea_point_id": 5588, "name": "North Sea", "ed_raw": 0, "hst_raw": 0, "pal_raw": 0}, "geometry": {"type": "Point", "coordinates": [6162.0, 1404.0]}}, {"type": "Feature", "properties": {"sea_point_id": 5589, "name": "Colorado River", "ed_raw": 0, "hst_raw": 0, "pal_raw": 0}, "geometry": {"type": "Point", "coordinates": [1841.0, 2240.0]}}, {"type": "Feature", "properties": {"sea_point_id": 5590, "name": "Colorado River", "ed_raw": 0, "hst_raw": 0, "pal_raw": 0}, "geometry": {"type": "Point", "coordinates": [1839.0, 2229.0]}}, {"type": "Feature", "properties": {"sea_point_id": 5591, "name": "Pacific Ocean", "ed_raw": 0, "hst_raw": 0, "pal_raw": 0}, "geometry": {"type": "Point", "coordinates": [1021.0, 1419.0]}}, {"type": "Feature", "properties": {"sea_point_id": 5592, "name": "Colorado River", "ed_raw": 0, "hst_raw": 0, "pal_raw": 0}, "geometry": {"type": "Point", "coordinates": [1826.0, 2213.0]}}, {"type": "Feature", "properties": {"sea_point_id": 5593, "name": "Sea of Okhotsk", "ed_raw": 0, "hst_raw": 0, "pal_raw": 0}, "geometry": {"type": "Point", "coordinates": [12136.0, 1435.0]}}, {"type": "Feature", "properties": {"sea_point_id": 5594, "name": "Solomon Sea", "ed_raw": 0, "hst_raw": 0, "pal_raw": 0}, "geometry": {"type": "Point", "coordinates": [13167.0, 4896.0]}}, {"type": "Feature", "properties": {"sea_point_id": 5595, "name": "Colorado River", "ed_raw": 0, "hst_raw": 0, "pal_raw": 0}, "geometry": {"type": "Point", "coordinates": [1827.0, 2196.0]}}, {"type": "Feature", "properties": {"sea_point_id": 5596, "name": "Atlantic Ocean", "ed_raw": 0, "hst_raw": 0, "pal_raw": 0}, "geometry": {"type": "Point", "coordinates": [5428.0, 1466.0]}}, {"type": "Feature", "properties": {"sea_point_id": 5597, "name": "Solomon Sea", "ed_raw": 0, "hst_raw": 0, "pal_raw": 0}, "geometry": {"type": "Point", "coordinates": [13205.0, 4890.0]}}, {"type": "Feature", "properties": {"sea_point_id": 5598, "name": "Atlantic Ocean", "ed_raw": 0, "hst_raw": 0, "pal_raw": 0}, "geometry": {"type": "Point", "coordinates": [4945.0, 1497.0]}}, {"type": "Feature", "properties": {"sea_point_id": 5599, "name": "Colorado River", "ed_raw": 0, "hst_raw": 0, "pal_raw": 0}, "geometry": {"type": "Point", "coordinates": [1850.0, 2187.0]}}, {"type": "Feature", "properties": {"sea_point_id": 5600, "name": "Colorado River", "ed_raw": 0, "hst_raw": 0, "pal_raw": 0}, "geometry": {"type": "Point", "coordinates": [1870.0, 2186.0]}}, {"type": "Feature", "properties": {"sea_point_id": 5601, "name": "Solomon Sea", "ed_raw": 0, "hst_raw": 0, "pal_raw": 0}, "geometry": {"type": "Point", "coordinates": [13203.0, 4955.0]}}, {"type": "Feature", "properties": {"sea_point_id": 5602, "name": "Colorado River", "ed_raw": 0, "hst_raw": 0, "pal_raw": 0}, "geometry": {"type": "Point", "coordinates": [1884.0, 2179.0]}}, {"type": "Feature", "properties": {"sea_point_id": 5603, "name": "Solomon Sea", "ed_raw": 0, "hst_raw": 0, "pal_raw": 0}, "geometry": {"type": "Point", "coordinates": [13197.0, 4916.0]}}, {"type": "Feature", "properties": {"sea_point_id": 5604, "name": "Colorado River", "ed_raw": 0, "hst_raw": 0, "pal_raw": 0}, "geometry": {"type": "Point", "coordinates": [1893.0, 2180.0]}}, {"type": "Feature", "properties": {"sea_point_id": 5605, "name": "Colorado River", "ed_raw": 0, "hst_raw": 0, "pal_raw": 0}, "geometry": {"type": "Point", "coordinates": [1915.0, 2165.0]}}, {"type": "Feature", "properties": {"sea_point_id": 5606, "name": "Colorado River", "ed_raw": 0, "hst_raw": 0, "pal_raw": 0}, "geometry": {"type": "Point", "coordinates": [1934.0, 2155.0]}}, {"type": "Feature", "properties": {"sea_point_id": 5607, "name": "Colorado River", "ed_raw": 0, "hst_raw": 0, "pal_raw": 0}, "geometry": {"type": "Point", "coordinates": [1694.0, 2376.0]}}, {"type": "Feature", "properties": {"sea_point_id": 5608, "name": "Colorado River", "ed_raw": 0, "hst_raw": 0, "pal_raw": 0}, "geometry": {"type": "Point", "coordinates": [1694.0, 2347.0]}}, {"type": "Feature", "properties": {"sea_point_id": 5609, "name": "Pacific Ocean", "ed_raw": 0, "hst_raw": 0, "pal_raw": 0}, "geometry": {"type": "Point", "coordinates": [13154.0, 5090.0]}}, {"type": "Feature", "properties": {"sea_point_id": 5610, "name": "Pacific Ocean", "ed_raw": 0, "hst_raw": 0, "pal_raw": 0}, "geometry": {"type": "Point", "coordinates": [13118.0, 5038.0]}}, {"type": "Feature", "properties": {"sea_point_id": 5611, "name": "Colorado River", "ed_raw": 0, "hst_raw": 0, "pal_raw": 0}, "geometry": {"type": "Point", "coordinates": [1697.0, 2330.0]}}, {"type": "Feature", "properties": {"sea_point_id": 5612, "name": "Colorado River", "ed_raw": 0, "hst_raw": 0, "pal_raw": 0}, "geometry": {"type": "Point", "coordinates": [1708.0, 2312.0]}}, {"type": "Feature", "properties": {"sea_point_id": 5613, "name": "Pacific Ocean", "ed_raw": 0, "hst_raw": 0, "pal_raw": 0}, "geometry": {"type": "Point", "coordinates": [13195.0, 5093.0]}}, {"type": "Feature", "properties": {"sea_point_id": 5614, "name": "Pacific Ocean", "ed_raw": 0, "hst_raw": 0, "pal_raw": 0}, "geometry": {"type": "Point", "coordinates": [13167.0, 5058.0]}}, {"type": "Feature", "properties": {"sea_point_id": 5615, "name": "Pacific Ocean", "ed_raw": 0, "hst_raw": 0, "pal_raw": 0}, "geometry": {"type": "Point", "coordinates": [13182.0, 5032.0]}}, {"type": "Feature", "properties": {"sea_point_id": 5616, "name": "Pacific Ocean", "ed_raw": 0, "hst_raw": 0, "pal_raw": 0}, "geometry": {"type": "Point", "coordinates": [13231.0, 5050.0]}}, {"type": "Feature", "properties": {"sea_point_id": 5617, "name": "Rio Amazonas", "ed_raw": 0, "hst_raw": 0, "pal_raw": 0}, "geometry": {"type": "Point", "coordinates": [4278.0, 4199.0]}}, {"type": "Feature", "properties": {"sea_point_id": 5618, "name": "Pacific Ocean", "ed_raw": 0, "hst_raw": 0, "pal_raw": 0}, "geometry": {"type": "Point", "coordinates": [13090.0, 6271.0]}}, {"type": "Feature", "properties": {"sea_point_id": 5619, "name": "Rio Amazonas", "ed_raw": 0, "hst_raw": 0, "pal_raw": 0}, "geometry": {"type": "Point", "coordinates": [4255.0, 4245.0]}}, {"type": "Feature", "properties": {"sea_point_id": 5620, "name": "Foveaux Strait", "ed_raw": 0, "hst_raw": 0, "pal_raw": 0}, "geometry": {"type": "Point", "coordinates": [12968.0, 6312.0]}}, {"type": "Feature", "properties": {"sea_point_id": 5621, "name": "Southern Ocean", "ed_raw": 0, "hst_raw": 0, "pal_raw": 0}, "geometry": {"type": "Point", "coordinates": [12862.0, 6261.0]}}, {"type": "Feature", "properties": {"sea_point_id": 5622, "name": "Pacific Ocean", "ed_raw": 0, "hst_raw": 0, "pal_raw": 0}, "geometry": {"type": "Point", "coordinates": [12495.0, 1497.0]}}, {"type": "Feature", "properties": {"sea_point_id": 5623, "name": "Kattegat", "ed_raw": 0, "hst_raw": 0, "pal_raw": 0}, "geometry": {"type": "Point", "coordinates": [6735.0, 1521.0]}}, {"type": "Feature", "properties": {"sea_point_id": 5624, "name": "North Sea", "ed_raw": 0, "hst_raw": 0, "pal_raw": 0}, "geometry": {"type": "Point", "coordinates": [6232.0, 1513.0]}}, {"type": "Feature", "properties": {"sea_point_id": 5625, "name": "Tasman Sea", "ed_raw": 0, "hst_raw": 0, "pal_raw": 0}, "geometry": {"type": "Point", "coordinates": [12901.0, 6148.0]}}, {"type": "Feature", "properties": {"sea_point_id": 5626, "name": "Tasman Sea", "ed_raw": 0, "hst_raw": 0, "pal_raw": 0}, "geometry": {"type": "Point", "coordinates": [12970.0, 6102.0]}}, {"type": "Feature", "properties": {"sea_point_id": 5627, "name": "Tasman Sea", "ed_raw": 0, "hst_raw": 0, "pal_raw": 0}, "geometry": {"type": "Point", "coordinates": [13033.0, 6076.0]}}, {"type": "Feature", "properties": {"sea_point_id": 5628, "name": "Tasman Sea", "ed_raw": 0, "hst_raw": 0, "pal_raw": 0}, "geometry": {"type": "Point", "coordinates": [13087.0, 6035.0]}}, {"type": "Feature", "properties": {"sea_point_id": 5629, "name": "Tasman Sea", "ed_raw": 0, "hst_raw": 0, "pal_raw": 0}, "geometry": {"type": "Point", "coordinates": [13115.0, 6020.0]}}, {"type": "Feature", "properties": {"sea_point_id": 5630, "name": "Tasman Sea", "ed_raw": 0, "hst_raw": 0, "pal_raw": 0}, "geometry": {"type": "Point", "coordinates": [13146.0, 5960.0]}}, {"type": "Feature", "properties": {"sea_point_id": 5631, "name": "Tasman Sea", "ed_raw": 0, "hst_raw": 0, "pal_raw": 0}, "geometry": {"type": "Point", "coordinates": [13182.0, 5895.0]}}, {"type": "Feature", "properties": {"sea_point_id": 5632, "name": "Rio Amazonas", "ed_raw": 0, "hst_raw": 0, "pal_raw": 0}, "geometry": {"type": "Point", "coordinates": [4188.0, 4258.0]}}, {"type": "Feature", "properties": {"sea_point_id": 5633, "name": "Cook Strait", "ed_raw": 0, "hst_raw": 0, "pal_raw": 0}, "geometry": {"type": "Point", "coordinates": [13286.0, 5907.0]}}, {"type": "Feature", "properties": {"sea_point_id": 5634, "name": "Fitzroy Bay", "ed_raw": 0, "hst_raw": 0, "pal_raw": 0}, "geometry": {"type": "Point", "coordinates": [13314.0, 5939.0]}}, {"type": "Feature", "properties": {"sea_point_id": 5635, "name": "Pacific Ocean", "ed_raw": 0, "hst_raw": 0, "pal_raw": 0}, "geometry": {"type": "Point", "coordinates": [13301.0, 6000.0]}}, {"type": "Feature", "properties": {"sea_point_id": 5636, "name": "Pacific Ocean", "ed_raw": 0, "hst_raw": 0, "pal_raw": 0}, "geometry": {"type": "Point", "coordinates": [13261.0, 6054.0]}}, {"type": "Feature", "properties": {"sea_point_id": 5637, "name": "Pacific Ocean", "ed_raw": 0, "hst_raw": 0, "pal_raw": 0}, "geometry": {"type": "Point", "coordinates": [1053.0, 1544.0]}}, {"type": "Feature", "properties": {"sea_point_id": 5638, "name": "Pegasus Bay", "ed_raw": 0, "hst_raw": 0, "pal_raw": 0}, "geometry": {"type": "Point", "coordinates": [13219.0, 6079.0]}}, {"type": "Feature", "properties": {"sea_point_id": 5639, "name": "Sea of Okhotsk", "ed_raw": 0, "hst_raw": 0, "pal_raw": 0}, "geometry": {"type": "Point", "coordinates": [12168.0, 1560.0]}}, {"type": "Feature", "properties": {"sea_point_id": 5640, "name": "Pegasus Bay", "ed_raw": 0, "hst_raw": 0, "pal_raw": 0}, "geometry": {"type": "Point", "coordinates": [13217.0, 6094.0]}}, {"type": "Feature", "properties": {"sea_point_id": 5641, "name": "Pacific Ocean", "ed_raw": 0, "hst_raw": 0, "pal_raw": 0}, "geometry": {"type": "Point", "coordinates": [13224.0, 6116.0]}}, {"type": "Feature", "properties": {"sea_point_id": 5642, "name": "Atlantic Ocean", "ed_raw": 0, "hst_raw": 0, "pal_raw": 0}, "geometry": {"type": "Point", "coordinates": [4921.0, 1638.0]}}, {"type": "Feature", "properties": {"sea_point_id": 5643, "name": "Rio Amazonas", "ed_raw": 0, "hst_raw": 0, "pal_raw": 0}, "geometry": {"type": "Point", "coordinates": [4155.0, 4281.0]}}, {"type": "Feature", "properties": {"sea_point_id": 5644, "name": "Atlantic Ocean", "ed_raw": 0, "hst_raw": 0, "pal_raw": 0}, "geometry": {"type": "Point", "coordinates": [5405.0, 1638.0]}}, {"type": "Feature", "properties": {"sea_point_id": 5645, "name": "Canterbury Bight", "ed_raw": 0, "hst_raw": 0, "pal_raw": 0}, "geometry": {"type": "Point", "coordinates": [13148.0, 6142.0]}}, {"type": "Feature", "properties": {"sea_point_id": 5646, "name": "Pacific Ocean", "ed_raw": 0, "hst_raw": 0, "pal_raw": 0}, "geometry": {"type": "Point", "coordinates": [13120.0, 6188.0]}}, {"type": "Feature", "properties": {"sea_point_id": 5647, "name": "Pacific Ocean", "ed_raw": 0, "hst_raw": 0, "pal_raw": 0}, "geometry": {"type": "Point", "coordinates": [1076.0, 1684.0]}}, {"type": "Feature", "properties": {"sea_point_id": 5648, "name": "Sea of Okhotsk", "ed_raw": 0, "hst_raw": 0, "pal_raw": 0}, "geometry": {"type": "Point", "coordinates": [12257.0, 1676.0]}}, {"type": "Feature", "properties": {"sea_point_id": 5649, "name": "Atlantic Ocean", "ed_raw": 0, "hst_raw": 0, "pal_raw": 0}, "geometry": {"type": "Point", "coordinates": [4570.0, 1716.0]}}, {"type": "Feature", "properties": {"sea_point_id": 5650, "name": "Rio Amazonas", "ed_raw": 0, "hst_raw": 0, "pal_raw": 0}, "geometry": {"type": "Point", "coordinates": [4113.0, 4237.0]}}, {"type": "Feature", "properties": {"sea_point_id": 5651, "name": "Atlantic Ocean", "ed_raw": 0, "hst_raw": 0, "pal_raw": 0}, "geometry": {"type": "Point", "coordinates": [4695.0, 1747.0]}}, {"type": "Feature", "properties": {"sea_point_id": 5652, "name": "Pacific Ocean", "ed_raw": 0, "hst_raw": 0, "pal_raw": 0}, "geometry": {"type": "Point", "coordinates": [12313.0, 1802.0]}}, {"type": "Feature", "properties": {"sea_point_id": 5653, "name": "Rio Amazonas", "ed_raw": 0, "hst_raw": 0, "pal_raw": 0}, "geometry": {"type": "Point", "coordinates": [4073.0, 4247.0]}}, {"type": "Feature", "properties": {"sea_point_id": 5654, "name": "Atlantic Ocean", "ed_raw": 0, "hst_raw": 0, "pal_raw": 0}, "geometry": {"type": "Point", "coordinates": [4453.0, 1825.0]}}, {"type": "Feature", "properties": {"sea_point_id": 5655, "name": "Pacific Ocean", "ed_raw": 0, "hst_raw": 0, "pal_raw": 0}, "geometry": {"type": "Point", "coordinates": [13106.0, 6215.0]}}, {"type": "Feature", "properties": {"sea_point_id": 5656, "name": "Cook Strait", "ed_raw": 0, "hst_raw": 0, "pal_raw": 0}, "geometry": {"type": "Point", "coordinates": [13344.0, 5894.0]}}, {"type": "Feature", "properties": {"sea_point_id": 5657, "name": "Tasman Sea", "ed_raw": 0, "hst_raw": 0, "pal_raw": 0}, "geometry": {"type": "Point", "coordinates": [13283.0, 5854.0]}}, {"type": "Feature", "properties": {"sea_point_id": 5658, "name": "Tasman Sea", "ed_raw": 0, "hst_raw": 0, "pal_raw": 0}, "geometry": {"type": "Point", "coordinates": [13272.0, 5804.0]}}, {"type": "Feature", "properties": {"sea_point_id": 5659, "name": "Pacific Ocean", "ed_raw": 0, "hst_raw": 0, "pal_raw": 0}, "geometry": {"type": "Point", "coordinates": [1060.0, 1840.0]}}, {"type": "Feature", "properties": {"sea_point_id": 5660, "name": "Rio Amazonas", "ed_raw": 0, "hst_raw": 0, "pal_raw": 0}, "geometry": {"type": "Point", "coordinates": [4047.0, 4238.0]}}, {"type": "Feature", "properties": {"sea_point_id": 5661, "name": "Pacific Ocean", "ed_raw": 0, "hst_raw": 0, "pal_raw": 0}, "geometry": {"type": "Point", "coordinates": [12433.0, 1840.0]}}, {"type": "Feature", "properties": {"sea_point_id": 5662, "name": "Tasman Sea", "ed_raw": 0, "hst_raw": 0, "pal_raw": 0}, "geometry": {"type": "Point", "coordinates": [13328.0, 5762.0]}}, {"type": "Feature", "properties": {"sea_point_id": 5663, "name": "Tasman Sea", "ed_raw": 0, "hst_raw": 0, "pal_raw": 0}, "geometry": {"type": "Point", "coordinates": [13339.0, 5701.0]}}, {"type": "Feature", "properties": {"sea_point_id": 5664, "name": "Tasman Sea", "ed_raw": 0, "hst_raw": 0, "pal_raw": 0}, "geometry": {"type": "Point", "coordinates": [13321.0, 5633.0]}}, {"type": "Feature", "properties": {"sea_point_id": 5665, "name": "Atlantic Ocean", "ed_raw": 0, "hst_raw": 0, "pal_raw": 0}, "geometry": {"type": "Point", "coordinates": [4313.0, 1887.0]}}, {"type": "Feature", "properties": {"sea_point_id": 5666, "name": "Tasman Sea", "ed_raw": 0, "hst_raw": 0, "pal_raw": 0}, "geometry": {"type": "Point", "coordinates": [13326.0, 5595.0]}}, {"type": "Feature", "properties": {"sea_point_id": 5667, "name": "Rio Amazonas", "ed_raw": 0, "hst_raw": 0, "pal_raw": 0}, "geometry": {"type": "Point", "coordinates": [4015.0, 4250.0]}}, {"type": "Feature", "properties": {"sea_point_id": 5668, "name": "Rio Amazonas", "ed_raw": 0, "hst_raw": 0, "pal_raw": 0}, "geometry": {"type": "Point", "coordinates": [3994.0, 4263.0]}}, {"type": "Feature", "properties": {"sea_point_id": 5669, "name": "Pacific Ocean", "ed_raw": 0, "hst_raw": 0, "pal_raw": 0}, "geometry": {"type": "Point", "coordinates": [13238.0, 5451.0]}}, {"type": "Feature", "properties": {"sea_point_id": 5670, "name": "Rio Amazonas", "ed_raw": 0, "hst_raw": 0, "pal_raw": 0}, "geometry": {"type": "Point", "coordinates": [3970.0, 4257.0]}}, {"type": "Feature", "properties": {"sea_point_id": 5671, "name": "Atlantic Ocean", "ed_raw": 0, "hst_raw": 0, "pal_raw": 0}, "geometry": {"type": "Point", "coordinates": [5506.0, 1859.0]}}, {"type": "Feature", "properties": {"sea_point_id": 5672, "name": "Atlantic Ocean", "ed_raw": 0, "hst_raw": 0, "pal_raw": 0}, "geometry": {"type": "Point", "coordinates": [4065.0, 1909.0]}}, {"type": "Feature", "properties": {"sea_point_id": 5673, "name": "Atlantic Ocean", "ed_raw": 0, "hst_raw": 0, "pal_raw": 0}, "geometry": {"type": "Point", "coordinates": [5639.0, 1950.0]}}, {"type": "Feature", "properties": {"sea_point_id": 5674, "name": "Rio Amazonas", "ed_raw": 0, "hst_raw": 0, "pal_raw": 0}, "geometry": {"type": "Point", "coordinates": [3946.0, 4263.0]}}, {"type": "Feature", "properties": {"sea_point_id": 5675, "name": "Pacific Ocean", "ed_raw": 0, "hst_raw": 0, "pal_raw": 0}, "geometry": {"type": "Point", "coordinates": [13355.0, 5532.0]}}, {"type": "Feature", "properties": {"sea_point_id": 5676, "name": "Pacific Ocean", "ed_raw": 0, "hst_raw": 0, "pal_raw": 0}, "geometry": {"type": "Point", "coordinates": [13363.0, 5577.0]}}, {"type": "Feature", "properties": {"sea_point_id": 5677, "name": "Rio Amazonas", "ed_raw": 0, "hst_raw": 0, "pal_raw": 0}, "geometry": {"type": "Point", "coordinates": [3927.0, 4283.0]}}, {"type": "Feature", "properties": {"sea_point_id": 5678, "name": "Kiel Canal", "ed_raw": 0, "hst_raw": 0, "pal_raw": 0}, "geometry": {"type": "Point", "coordinates": [6583.0, 1668.0]}}, {"type": "Feature", "properties": {"sea_point_id": 5679, "name": "Kiel Canal", "ed_raw": 0, "hst_raw": 0, "pal_raw": 0}, "geometry": {"type": "Point", "coordinates": [6608.0, 1667.0]}}, {"type": "Feature", "properties": {"sea_point_id": 5680, "name": "Pacific Ocean", "ed_raw": 0, "hst_raw": 0, "pal_raw": 0}, "geometry": {"type": "Point", "coordinates": [13434.0, 5648.0]}}, {"type": "Feature", "properties": {"sea_point_id": 5681, "name": "Pacific Ocean", "ed_raw": 0, "hst_raw": 0, "pal_raw": 0}, "geometry": {"type": "Point", "coordinates": [13471.0, 5699.0]}}, {"type": "Feature", "properties": {"sea_point_id": 5682, "name": "Pacific Ocean", "ed_raw": 0, "hst_raw": 0, "pal_raw": 0}, "geometry": {"type": "Point", "coordinates": [13525.0, 5691.0]}}, {"type": "Feature", "properties": {"sea_point_id": 5683, "name": "Pacific Ocean", "ed_raw": 0, "hst_raw": 0, "pal_raw": 0}, "geometry": {"type": "Point", "coordinates": [13559.0, 5697.0]}}, {"type": "Feature", "properties": {"sea_point_id": 5684, "name": "Pacific Ocean", "ed_raw": 0, "hst_raw": 0, "pal_raw": 0}, "geometry": {"type": "Point", "coordinates": [1053.0, 1981.0]}}, {"type": "Feature", "properties": {"sea_point_id": 5685, "name": "Pacific Ocean", "ed_raw": 0, "hst_raw": 0, "pal_raw": 0}, "geometry": {"type": "Point", "coordinates": [13547.0, 5782.0]}}, {"type": "Feature", "properties": {"sea_point_id": 5686, "name": "Kiel Canal", "ed_raw": 0, "hst_raw": 0, "pal_raw": 0}, "geometry": {"type": "Point", "coordinates": [6627.0, 1667.0]}}, {"type": "Feature", "properties": {"sea_point_id": 5687, "name": "Pacific Ocean", "ed_raw": 0, "hst_raw": 0, "pal_raw": 0}, "geometry": {"type": "Point", "coordinates": [13483.0, 5861.0]}}, {"type": "Feature", "properties": {"sea_point_id": 5688, "name": "Kiel Canal", "ed_raw": 0, "hst_raw": 0, "pal_raw": 0}, "geometry": {"type": "Point", "coordinates": [6642.0, 1675.0]}}, {"type": "Feature", "properties": {"sea_point_id": 5689, "name": "Pacific Ocean", "ed_raw": 0, "hst_raw": 0, "pal_raw": 0}, "geometry": {"type": "Point", "coordinates": [13440.0, 5913.0]}}, {"type": "Feature", "properties": {"sea_point_id": 5690, "name": "Pacific Ocean", "ed_raw": 0, "hst_raw": 0, "pal_raw": 0}, "geometry": {"type": "Point", "coordinates": [12425.0, 1981.0]}}, {"type": "Feature", "properties": {"sea_point_id": 5691, "name": "Kiel Canal", "ed_raw": 0, "hst_raw": 0, "pal_raw": 0}, "geometry": {"type": "Point", "coordinates": [6659.0, 1677.0]}}, {"type": "Feature", "properties": {"sea_point_id": 5692, "name": "Pacific Ocean", "ed_raw": 0, "hst_raw": 0, "pal_raw": 0}, "geometry": {"type": "Point", "coordinates": [13357.0, 5976.0]}}, {"type": "Feature", "properties": {"sea_point_id": 5693, "name": "Banda Sea", "ed_raw": 0, "hst_raw": 0, "pal_raw": 0}, "geometry": {"type": "Point", "coordinates": [11987.0, 4208.0]}}, {"type": "Feature", "properties": {"sea_point_id": 5694, "name": "Pacific Ocean", "ed_raw": 0, "hst_raw": 0, "pal_raw": 0}, "geometry": {"type": "Point", "coordinates": [12094.0, 4219.0]}}, {"type": "Feature", "properties": {"sea_point_id": 5695, "name": "Atlantic Ocean", "ed_raw": 0, "hst_raw": 0, "pal_raw": 0}, "geometry": {"type": "Point", "coordinates": [4024.0, 2059.0]}}, {"type": "Feature", "properties": {"sea_point_id": 5696, "name": "Kiel Canal", "ed_raw": 0, "hst_raw": 0, "pal_raw": 0}, "geometry": {"type": "Point", "coordinates": [6675.0, 1672.0]}}, {"type": "Feature", "properties": {"sea_point_id": 5697, "name": "Bay of Biscay", "ed_raw": 0, "hst_raw": 0, "pal_raw": 0}, "geometry": {"type": "Point", "coordinates": [5688.0, 2107.0]}}, {"type": "Feature", "properties": {"sea_point_id": 5698, "name": "Pacific Ocean", "ed_raw": 0, "hst_raw": 0, "pal_raw": 0}, "geometry": {"type": "Point", "coordinates": [12124.0, 4308.0]}}, {"type": "Feature", "properties": {"sea_point_id": 5699, "name": "Kiel Canal", "ed_raw": 0, "hst_raw": 0, "pal_raw": 0}, "geometry": {"type": "Point", "coordinates": [6681.0, 1658.0]}}, {"type": "Feature", "properties": {"sea_point_id": 5700, "name": "Pacific Ocean", "ed_raw": 0, "hst_raw": 0, "pal_raw": 0}, "geometry": {"type": "Point", "coordinates": [12207.0, 4299.0]}}, {"type": "Feature", "properties": {"sea_point_id": 5701, "name": "Pacific Ocean", "ed_raw": 0, "hst_raw": 0, "pal_raw": 0}, "geometry": {"type": "Point", "coordinates": [12290.0, 4256.0]}}, {"type": "Feature", "properties": {"sea_point_id": 5702, "name": "Pacific Ocean", "ed_raw": 0, "hst_raw": 0, "pal_raw": 0}, "geometry": {"type": "Point", "coordinates": [12373.0, 4295.0]}}, {"type": "Feature", "properties": {"sea_point_id": 5703, "name": "Pacific Ocean", "ed_raw": 0, "hst_raw": 0, "pal_raw": 0}, "geometry": {"type": "Point", "coordinates": [12433.0, 4315.0]}}, {"type": "Feature", "properties": {"sea_point_id": 5704, "name": "Pacific Ocean", "ed_raw": 0, "hst_raw": 0, "pal_raw": 0}, "geometry": {"type": "Point", "coordinates": [12535.0, 4347.0]}}, {"type": "Feature", "properties": {"sea_point_id": 5705, "name": "Bismarck Sea", "ed_raw": 0, "hst_raw": 0, "pal_raw": 0}, "geometry": {"type": "Point", "coordinates": [12604.0, 4379.0]}}, {"type": "Feature", "properties": {"sea_point_id": 5706, "name": "Bismarck Sea", "ed_raw": 0, "hst_raw": 0, "pal_raw": 0}, "geometry": {"type": "Point", "coordinates": [12652.0, 4417.0]}}, {"type": "Feature", "properties": {"sea_point_id": 5707, "name": "Bismarck Sea", "ed_raw": 0, "hst_raw": 0, "pal_raw": 0}, "geometry": {"type": "Point", "coordinates": [12658.0, 4449.0]}}, {"type": "Feature", "properties": {"sea_point_id": 5708, "name": "Bismarck Sea", "ed_raw": 0, "hst_raw": 0, "pal_raw": 0}, "geometry": {"type": "Point", "coordinates": [12711.0, 4472.0]}}, {"type": "Feature", "properties": {"sea_point_id": 5709, "name": "Solomon Sea", "ed_raw": 0, "hst_raw": 0, "pal_raw": 0}, "geometry": {"type": "Point", "coordinates": [12766.0, 4491.0]}}, {"type": "Feature", "properties": {"sea_point_id": 5710, "name": "Ob River", "ed_raw": 0, "hst_raw": 0, "pal_raw": 0}, "geometry": {"type": "Point", "coordinates": [8966.0, 863.0]}}, {"type": "Feature", "properties": {"sea_point_id": 5711, "name": "Atlantic Ocean", "ed_raw": 0, "hst_raw": 0, "pal_raw": 0}, "geometry": {"type": "Point", "coordinates": [6650.0, 4640.0]}}, {"type": "Feature", "properties": {"sea_point_id": 5712, "name": "Solomon Sea", "ed_raw": 0, "hst_raw": 0, "pal_raw": 0}, "geometry": {"type": "Point", "coordinates": [12740.0, 4562.0]}}, {"type": "Feature", "properties": {"sea_point_id": 5713, "name": "Congo River", "ed_raw": 0, "hst_raw": 0, "pal_raw": 0}, "geometry": {"type": "Point", "coordinates": [6691.0, 4633.0]}}, {"type": "Feature", "properties": {"sea_point_id": 5714, "name": "Atlantic Ocean", "ed_raw": 0, "hst_raw": 0, "pal_raw": 0}, "geometry": {"type": "Point", "coordinates": [5514.0, 2106.0]}}, {"type": "Feature", "properties": {"sea_point_id": 5715, "name": "Congo River", "ed_raw": 0, "hst_raw": 0, "pal_raw": 0}, "geometry": {"type": "Point", "coordinates": [6713.0, 4621.0]}}, {"type": "Feature", "properties": {"sea_point_id": 5716, "name": "Pacific Ocean", "ed_raw": 0, "hst_raw": 0, "pal_raw": 0}, "geometry": {"type": "Point", "coordinates": [12341.0, 2069.0]}}, {"type": "Feature", "properties": {"sea_point_id": 5717, "name": "Solomon Sea", "ed_raw": 0, "hst_raw": 0, "pal_raw": 0}, "geometry": {"type": "Point", "coordinates": [12821.0, 4622.0]}}, {"type": "Feature", "properties": {"sea_point_id": 5718, "name": "Congo River", "ed_raw": 0, "hst_raw": 0, "pal_raw": 0}, "geometry": {"type": "Point", "coordinates": [6727.0, 4623.0]}}, {"type": "Feature", "properties": {"sea_point_id": 5719, "name": "Solomon Sea", "ed_raw": 0, "hst_raw": 0, "pal_raw": 0}, "geometry": {"type": "Point", "coordinates": [12931.0, 4690.0]}}, {"type": "Feature", "properties": {"sea_point_id": 5720, "name": "Coral Sea", "ed_raw": 0, "hst_raw": 0, "pal_raw": 0}, "geometry": {"type": "Point", "coordinates": [12842.0, 4730.0]}}, {"type": "Feature", "properties": {"sea_point_id": 5721, "name": "Atlantic Ocean", "ed_raw": 0, "hst_raw": 0, "pal_raw": 0}, "geometry": {"type": "Point", "coordinates": [3884.0, 2121.0]}}, {"type": "Feature", "properties": {"sea_point_id": 5722, "name": "Congo River", "ed_raw": 0, "hst_raw": 0, "pal_raw": 0}, "geometry": {"type": "Point", "coordinates": [6734.0, 4629.0]}}, {"type": "Feature", "properties": {"sea_point_id": 5723, "name": "Congo River", "ed_raw": 0, "hst_raw": 0, "pal_raw": 0}, "geometry": {"type": "Point", "coordinates": [6758.0, 4626.0]}}, {"type": "Feature", "properties": {"sea_point_id": 5724, "name": "Coral Sea", "ed_raw": 0, "hst_raw": 0, "pal_raw": 0}, "geometry": {"type": "Point", "coordinates": [12691.0, 4637.0]}}, {"type": "Feature", "properties": {"sea_point_id": 5725, "name": "Coral Sea", "ed_raw": 0, "hst_raw": 0, "pal_raw": 0}, "geometry": {"type": "Point", "coordinates": [12658.0, 4605.0]}}, {"type": "Feature", "properties": {"sea_point_id": 5726, "name": "Coral Sea", "ed_raw": 0, "hst_raw": 0, "pal_raw": 0}, "geometry": {"type": "Point", "coordinates": [12603.0, 4577.0]}}, {"type": "Feature", "properties": {"sea_point_id": 5727, "name": "Congo River", "ed_raw": 0, "hst_raw": 0, "pal_raw": 0}, "geometry": {"type": "Point", "coordinates": [6762.0, 4633.0]}}, {"type": "Feature", "properties": {"sea_point_id": 5728, "name": "Congo River", "ed_raw": 0, "hst_raw": 0, "pal_raw": 0}, "geometry": {"type": "Point", "coordinates": [6779.0, 4640.0]}}, {"type": "Feature", "properties": {"sea_point_id": 5729, "name": "Congo River", "ed_raw": 0, "hst_raw": 0, "pal_raw": 0}, "geometry": {"type": "Point", "coordinates": [6797.0, 4632.0]}}, {"type": "Feature", "properties": {"sea_point_id": 5730, "name": "Coral Sea", "ed_raw": 0, "hst_raw": 0, "pal_raw": 0}, "geometry": {"type": "Point", "coordinates": [12497.0, 4667.0]}}, {"type": "Feature", "properties": {"sea_point_id": 5731, "name": "Congo River", "ed_raw": 0, "hst_raw": 0, "pal_raw": 0}, "geometry": {"type": "Point", "coordinates": [6822.0, 4630.0]}}, {"type": "Feature", "properties": {"sea_point_id": 5732, "name": "Arafura Sea", "ed_raw": 0, "hst_raw": 0, "pal_raw": 0}, "geometry": {"type": "Point", "coordinates": [12380.0, 4619.0]}}, {"type": "Feature", "properties": {"sea_point_id": 5733, "name": "Congo River", "ed_raw": 0, "hst_raw": 0, "pal_raw": 0}, "geometry": {"type": "Point", "coordinates": [6833.0, 4624.0]}}, {"type": "Feature", "properties": {"sea_point_id": 5734, "name": "Arafura Sea", "ed_raw": 0, "hst_raw": 0, "pal_raw": 0}, "geometry": {"type": "Point", "coordinates": [12272.0, 4619.0]}}, {"type": "Feature", "properties": {"sea_point_id": 5735, "name": "Congo River", "ed_raw": 0, "hst_raw": 0, "pal_raw": 0}, "geometry": {"type": "Point", "coordinates": [6836.0, 4617.0]}}, {"type": "Feature", "properties": {"sea_point_id": 5736, "name": "Congo River", "ed_raw": 0, "hst_raw": 0, "pal_raw": 0}, "geometry": {"type": "Point", "coordinates": [6857.0, 4601.0]}}, {"type": "Feature", "properties": {"sea_point_id": 5737, "name": "Arafura Sea", "ed_raw": 0, "hst_raw": 0, "pal_raw": 0}, "geometry": {"type": "Point", "coordinates": [12290.0, 4505.0]}}, {"type": "Feature", "properties": {"sea_point_id": 5738, "name": "Congo River", "ed_raw": 0, "hst_raw": 0, "pal_raw": 0}, "geometry": {"type": "Point", "coordinates": [6868.0, 4573.0]}}, {"type": "Feature", "properties": {"sea_point_id": 5739, "name": "Congo River", "ed_raw": 0, "hst_raw": 0, "pal_raw": 0}, "geometry": {"type": "Point", "coordinates": [6879.0, 4559.0]}}, {"type": "Feature", "properties": {"sea_point_id": 5740, "name": "Arafura Sea", "ed_raw": 0, "hst_raw": 0, "pal_raw": 0}, "geometry": {"type": "Point", "coordinates": [12216.0, 4451.0]}}, {"type": "Feature", "properties": {"sea_point_id": 5741, "name": "Congo River", "ed_raw": 0, "hst_raw": 0, "pal_raw": 0}, "geometry": {"type": "Point", "coordinates": [6882.0, 4546.0]}}, {"type": "Feature", "properties": {"sea_point_id": 5742, "name": "Arafura Sea", "ed_raw": 0, "hst_raw": 0, "pal_raw": 0}, "geometry": {"type": "Point", "coordinates": [12093.0, 4399.0]}}, {"type": "Feature", "properties": {"sea_point_id": 5743, "name": "Arafura Sea", "ed_raw": 0, "hst_raw": 0, "pal_raw": 0}, "geometry": {"type": "Point", "coordinates": [12034.0, 4435.0]}}, {"type": "Feature", "properties": {"sea_point_id": 5744, "name": "Pacific Ocean", "ed_raw": 0, "hst_raw": 0, "pal_raw": 0}, "geometry": {"type": "Point", "coordinates": [1115.0, 2199.0]}}, {"type": "Feature", "properties": {"sea_point_id": 5745, "name": "Congo River", "ed_raw": 0, "hst_raw": 0, "pal_raw": 0}, "geometry": {"type": "Point", "coordinates": [6892.0, 4527.0]}}, {"type": "Feature", "properties": {"sea_point_id": 5746, "name": "Banda Sea", "ed_raw": 0, "hst_raw": 0, "pal_raw": 0}, "geometry": {"type": "Point", "coordinates": [11994.0, 4332.0]}}, {"type": "Feature", "properties": {"sea_point_id": 5747, "name": "Congo River", "ed_raw": 0, "hst_raw": 0, "pal_raw": 0}, "geometry": {"type": "Point", "coordinates": [6929.0, 4486.0]}}, {"type": "Feature", "properties": {"sea_point_id": 5748, "name": "Banda Sea", "ed_raw": 0, "hst_raw": 0, "pal_raw": 0}, "geometry": {"type": "Point", "coordinates": [11906.0, 4252.0]}}, {"type": "Feature", "properties": {"sea_point_id": 5749, "name": "Banda Sea", "ed_raw": 0, "hst_raw": 0, "pal_raw": 0}, "geometry": {"type": "Point", "coordinates": [11973.0, 4290.0]}}, {"type": "Feature", "properties": {"sea_point_id": 5750, "name": "Congo River", "ed_raw": 0, "hst_raw": 0, "pal_raw": 0}, "geometry": {"type": "Point", "coordinates": [6946.0, 4487.0]}}, {"type": "Feature", "properties": {"sea_point_id": 5751, "name": "Pacific Ocean", "ed_raw": 0, "hst_raw": 0, "pal_raw": 0}, "geometry": {"type": "Point", "coordinates": [12253.0, 2199.0]}}, {"type": "Feature", "properties": {"sea_point_id": 5752, "name": "Solomon Sea", "ed_raw": 0, "hst_raw": 0, "pal_raw": 0}, "geometry": {"type": "Point", "coordinates": [12996.0, 4506.0]}}, {"type": "Feature", "properties": {"sea_point_id": 5753, "name": "Solomon Sea", "ed_raw": 0, "hst_raw": 0, "pal_raw": 0}, "geometry": {"type": "Point", "coordinates": [12945.0, 4482.0]}}, {"type": "Feature", "properties": {"sea_point_id": 5754, "name": "Solomon Sea", "ed_raw": 0, "hst_raw": 0, "pal_raw": 0}, "geometry": {"type": "Point", "coordinates": [12987.0, 4559.0]}}, {"type": "Feature", "properties": {"sea_point_id": 5755, "name": "Solomon Sea", "ed_raw": 0, "hst_raw": 0, "pal_raw": 0}, "geometry": {"type": "Point", "coordinates": [12948.0, 4594.0]}}, {"type": "Feature", "properties": {"sea_point_id": 5756, "name": "Congo River", "ed_raw": 0, "hst_raw": 0, "pal_raw": 0}, "geometry": {"type": "Point", "coordinates": [6952.0, 4470.0]}}, {"type": "Feature", "properties": {"sea_point_id": 5757, "name": "Solomon Sea", "ed_raw": 0, "hst_raw": 0, "pal_raw": 0}, "geometry": {"type": "Point", "coordinates": [13021.0, 4555.0]}}, {"type": "Feature", "properties": {"sea_point_id": 5758, "name": "Atlantic Ocean", "ed_raw": 0, "hst_raw": 0, "pal_raw": 0}, "geometry": {"type": "Point", "coordinates": [3814.0, 2230.0]}}, {"type": "Feature", "properties": {"sea_point_id": 5759, "name": "Congo River", "ed_raw": 0, "hst_raw": 0, "pal_raw": 0}, "geometry": {"type": "Point", "coordinates": [6951.0, 4450.0]}}, {"type": "Feature", "properties": {"sea_point_id": 5760, "name": "Congo River", "ed_raw": 0, "hst_raw": 0, "pal_raw": 0}, "geometry": {"type": "Point", "coordinates": [6956.0, 4438.0]}}, {"type": "Feature", "properties": {"sea_point_id": 5761, "name": "Congo River", "ed_raw": 0, "hst_raw": 0, "pal_raw": 0}, "geometry": {"type": "Point", "coordinates": [6955.0, 4420.0]}}, {"type": "Feature", "properties": {"sea_point_id": 5762, "name": "Solomon Sea", "ed_raw": 0, "hst_raw": 0, "pal_raw": 0}, "geometry": {"type": "Point", "coordinates": [13081.0, 4662.0]}}, {"type": "Feature", "properties": {"sea_point_id": 5763, "name": "Pacific Ocean", "ed_raw": 0, "hst_raw": 0, "pal_raw": 0}, "geometry": {"type": "Point", "coordinates": [13066.0, 4590.0]}}, {"type": "Feature", "properties": {"sea_point_id": 5764, "name": "Pacific Ocean", "ed_raw": 0, "hst_raw": 0, "pal_raw": 0}, "geometry": {"type": "Point", "coordinates": [13093.0, 4641.0]}}, {"type": "Feature", "properties": {"sea_point_id": 5765, "name": "Solomon Sea", "ed_raw": 0, "hst_raw": 0, "pal_raw": 0}, "geometry": {"type": "Point", "coordinates": [13030.0, 4624.0]}}, {"type": "Feature", "properties": {"sea_point_id": 5766, "name": "Solomon Sea", "ed_raw": 0, "hst_raw": 0, "pal_raw": 0}, "geometry": {"type": "Point", "coordinates": [13039.0, 4674.0]}}, {"type": "Feature", "properties": {"sea_point_id": 5767, "name": "Solomon Sea", "ed_raw": 0, "hst_raw": 0, "pal_raw": 0}, "geometry": {"type": "Point", "coordinates": [13098.0, 4728.0]}}, {"type": "Feature", "properties": {"sea_point_id": 5768, "name": "Bismarck Sea", "ed_raw": 0, "hst_raw": 0, "pal_raw": 0}, "geometry": {"type": "Point", "coordinates": [12860.0, 4422.0]}}, {"type": "Feature", "properties": {"sea_point_id": 5769, "name": "Congo River", "ed_raw": 0, "hst_raw": 0, "pal_raw": 0}, "geometry": {"type": "Point", "coordinates": [6960.0, 4398.0]}}, {"type": "Feature", "properties": {"sea_point_id": 5770, "name": "Atlantic Ocean", "ed_raw": 0, "hst_raw": 0, "pal_raw": 0}, "geometry": {"type": "Point", "coordinates": [5374.0, 2262.0]}}, {"type": "Feature", "properties": {"sea_point_id": 5771, "name": "Congo River", "ed_raw": 0, "hst_raw": 0, "pal_raw": 0}, "geometry": {"type": "Point", "coordinates": [6957.0, 4375.0]}}, {"type": "Feature", "properties": {"sea_point_id": 5772, "name": "Congo River", "ed_raw": 0, "hst_raw": 0, "pal_raw": 0}, "geometry": {"type": "Point", "coordinates": [6963.0, 4363.0]}}, {"type": "Feature", "properties": {"sea_point_id": 5773, "name": "Bismarck Sea", "ed_raw": 0, "hst_raw": 0, "pal_raw": 0}, "geometry": {"type": "Point", "coordinates": [12904.0, 4374.0]}}, {"type": "Feature", "properties": {"sea_point_id": 5774, "name": "Pacific Ocean", "ed_raw": 0, "hst_raw": 0, "pal_raw": 0}, "geometry": {"type": "Point", "coordinates": [1146.0, 2324.0]}}, {"type": "Feature", "properties": {"sea_point_id": 5775, "name": "Bismarck Sea", "ed_raw": 0, "hst_raw": 0, "pal_raw": 0}, "geometry": {"type": "Point", "coordinates": [12955.0, 4382.0]}}, {"type": "Feature", "properties": {"sea_point_id": 5776, "name": "Solomon Sea", "ed_raw": 0, "hst_raw": 0, "pal_raw": 0}, "geometry": {"type": "Point", "coordinates": [12971.0, 4439.0]}}, {"type": "Feature", "properties": {"sea_point_id": 5777, "name": "Pacific Ocean", "ed_raw": 0, "hst_raw": 0, "pal_raw": 0}, "geometry": {"type": "Point", "coordinates": [12207.0, 2324.0]}}, {"type": "Feature", "properties": {"sea_point_id": 5778, "name": "Congo River", "ed_raw": 0, "hst_raw": 0, "pal_raw": 0}, "geometry": {"type": "Point", "coordinates": [6964.0, 4347.0]}}, {"type": "Feature", "properties": {"sea_point_id": 5779, "name": "Congo River", "ed_raw": 0, "hst_raw": 0, "pal_raw": 0}, "geometry": {"type": "Point", "coordinates": [6980.0, 4329.0]}}, {"type": "Feature", "properties": {"sea_point_id": 5780, "name": "Solomon Sea", "ed_raw": 0, "hst_raw": 0, "pal_raw": 0}, "geometry": {"type": "Point", "coordinates": [12819.0, 4525.0]}}, {"type": "Feature", "properties": {"sea_point_id": 5781, "name": "Congo River", "ed_raw": 0, "hst_raw": 0, "pal_raw": 0}, "geometry": {"type": "Point", "coordinates": [6987.0, 4304.0]}}, {"type": "Feature", "properties": {"sea_point_id": 5782, "name": "Congo River", "ed_raw": 0, "hst_raw": 0, "pal_raw": 0}, "geometry": {"type": "Point", "coordinates": [7002.0, 4276.0]}}, {"type": "Feature", "properties": {"sea_point_id": 5783, "name": "Bismarck Sea", "ed_raw": 0, "hst_raw": 0, "pal_raw": 0}, "geometry": {"type": "Point", "coordinates": [12773.0, 4446.0]}}, {"type": "Feature", "properties": {"sea_point_id": 5784, "name": "Atlantic Ocean", "ed_raw": 0, "hst_raw": 0, "pal_raw": 0}, "geometry": {"type": "Point", "coordinates": [3783.0, 2355.0]}}, {"type": "Feature", "properties": {"sea_point_id": 5785, "name": "Congo River", "ed_raw": 0, "hst_raw": 0, "pal_raw": 0}, "geometry": {"type": "Point", "coordinates": [7027.0, 4256.0]}}, {"type": "Feature", "properties": {"sea_point_id": 5786, "name": "Congo River", "ed_raw": 0, "hst_raw": 0, "pal_raw": 0}, "geometry": {"type": "Point", "coordinates": [7051.0, 4254.0]}}, {"type": "Feature", "properties": {"sea_point_id": 5787, "name": "Bismarck Sea", "ed_raw": 0, "hst_raw": 0, "pal_raw": 0}, "geometry": {"type": "Point", "coordinates": [12876.0, 4311.0]}}, {"type": "Feature", "properties": {"sea_point_id": 5788, "name": "Pacific Ocean", "ed_raw": 0, "hst_raw": 0, "pal_raw": 0}, "geometry": {"type": "Point", "coordinates": [12929.0, 4308.0]}}, {"type": "Feature", "properties": {"sea_point_id": 5789, "name": "Congo River", "ed_raw": 0, "hst_raw": 0, "pal_raw": 0}, "geometry": {"type": "Point", "coordinates": [7076.0, 4268.0]}}, {"type": "Feature", "properties": {"sea_point_id": 5790, "name": "Pacific Ocean", "ed_raw": 0, "hst_raw": 0, "pal_raw": 0}, "geometry": {"type": "Point", "coordinates": [13013.0, 4383.0]}}, {"type": "Feature", "properties": {"sea_point_id": 5791, "name": "Congo River", "ed_raw": 0, "hst_raw": 0, "pal_raw": 0}, "geometry": {"type": "Point", "coordinates": [7109.0, 4267.0]}}, {"type": "Feature", "properties": {"sea_point_id": 5792, "name": "Congo River", "ed_raw": 0, "hst_raw": 0, "pal_raw": 0}, "geometry": {"type": "Point", "coordinates": [7132.0, 4273.0]}}, {"type": "Feature", "properties": {"sea_point_id": 5793, "name": "Congo River", "ed_raw": 0, "hst_raw": 0, "pal_raw": 0}, "geometry": {"type": "Point", "coordinates": [7154.0, 4266.0]}}, {"type": "Feature", "properties": {"sea_point_id": 5794, "name": "Atlantic Ocean", "ed_raw": 0, "hst_raw": 0, "pal_raw": 0}, "geometry": {"type": "Point", "coordinates": [5382.0, 2402.0]}}, {"type": "Feature", "properties": {"sea_point_id": 5795, "name": "Pacific Ocean", "ed_raw": 0, "hst_raw": 0, "pal_raw": 0}, "geometry": {"type": "Point", "coordinates": [1232.0, 2433.0]}}, {"type": "Feature", "properties": {"sea_point_id": 5796, "name": "Atlantic Ocean", "ed_raw": 0, "hst_raw": 0, "pal_raw": 0}, "geometry": {"type": "Point", "coordinates": [4906.0, 2449.0]}}, {"type": "Feature", "properties": {"sea_point_id": 5797, "name": "Pacific Ocean", "ed_raw": 0, "hst_raw": 0, "pal_raw": 0}, "geometry": {"type": "Point", "coordinates": [109.0, 2464.0]}}, {"type": "Feature", "properties": {"sea_point_id": 5798, "name": "Pacific Ocean", "ed_raw": 0, "hst_raw": 0, "pal_raw": 0}, "geometry": {"type": "Point", "coordinates": [12199.0, 2464.0]}}, {"type": "Feature", "properties": {"sea_point_id": 5799, "name": "Atlantic Ocean", "ed_raw": 0, "hst_raw": 0, "pal_raw": 0}, "geometry": {"type": "Point", "coordinates": [3720.0, 2480.0]}}, {"type": "Feature", "properties": {"sea_point_id": 5800, "name": "Atlantic Ocean", "ed_raw": 0, "hst_raw": 0, "pal_raw": 0}, "geometry": {"type": "Point", "coordinates": [5031.0, 2480.0]}}, {"type": "Feature", "properties": {"sea_point_id": 5801, "name": "Pacific Ocean", "ed_raw": 0, "hst_raw": 0, "pal_raw": 0}, "geometry": {"type": "Point", "coordinates": [1326.0, 2527.0]}}, {"type": "Feature", "properties": {"sea_point_id": 5802, "name": "Pacific Ocean", "ed_raw": 0, "hst_raw": 0, "pal_raw": 0}, "geometry": {"type": "Point", "coordinates": [210.0, 2542.0]}}, {"type": "Feature", "properties": {"sea_point_id": 5803, "name": "Atlantic Ocean", "ed_raw": 0, "hst_raw": 0, "pal_raw": 0}, "geometry": {"type": "Point", "coordinates": [3619.0, 2558.0]}}, {"type": "Feature", "properties": {"sea_point_id": 5804, "name": "Atlantic Ocean", "ed_raw": 0, "hst_raw": 0, "pal_raw": 0}, "geometry": {"type": "Point", "coordinates": [4789.0, 2558.0]}}, {"type": "Feature", "properties": {"sea_point_id": 5805, "name": "Atlantic Ocean", "ed_raw": 0, "hst_raw": 0, "pal_raw": 0}, "geometry": {"type": "Point", "coordinates": [5319.0, 2558.0]}}, {"type": "Feature", "properties": {"sea_point_id": 5806, "name": "Congo River", "ed_raw": 0, "hst_raw": 0, "pal_raw": 0}, "geometry": {"type": "Point", "coordinates": [7164.0, 4258.0]}}, {"type": "Feature", "properties": {"sea_point_id": 5807, "name": "Pacific Ocean", "ed_raw": 0, "hst_raw": 0, "pal_raw": 0}, "geometry": {"type": "Point", "coordinates": [1427.0, 2605.0]}}, {"type": "Feature", "properties": {"sea_point_id": 5808, "name": "Pacific Ocean", "ed_raw": 0, "hst_raw": 0, "pal_raw": 0}, "geometry": {"type": "Point", "coordinates": [12178.0, 2631.0]}}, {"type": "Feature", "properties": {"sea_point_id": 5809, "name": "Atlantic Ocean", "ed_raw": 0, "hst_raw": 0, "pal_raw": 0}, "geometry": {"type": "Point", "coordinates": [3503.0, 2655.0]}}, {"type": "Feature", "properties": {"sea_point_id": 5810, "name": "Pacific Ocean", "ed_raw": 0, "hst_raw": 0, "pal_raw": 0}, "geometry": {"type": "Point", "coordinates": [241.0, 2667.0]}}, {"type": "Feature", "properties": {"sea_point_id": 5811, "name": "Atlantic Ocean", "ed_raw": 0, "hst_raw": 0, "pal_raw": 0}, "geometry": {"type": "Point", "coordinates": [5288.0, 2683.0]}}, {"type": "Feature", "properties": {"sea_point_id": 5812, "name": "Pacific Ocean", "ed_raw": 0, "hst_raw": 0, "pal_raw": 0}, "geometry": {"type": "Point", "coordinates": [12068.0, 2714.0]}}, {"type": "Feature", "properties": {"sea_point_id": 5813, "name": "Balearic Sea", "ed_raw": 0, "hst_raw": 0, "pal_raw": 0}, "geometry": {"type": "Point", "coordinates": [6051.0, 2670.0]}}, {"type": "Feature", "properties": {"sea_point_id": 5814, "name": "Pacific Ocean", "ed_raw": 0, "hst_raw": 0, "pal_raw": 0}, "geometry": {"type": "Point", "coordinates": [1474.0, 2730.0]}}, {"type": "Feature", "properties": {"sea_point_id": 5815, "name": "Atlantic Ocean", "ed_raw": 0, "hst_raw": 0, "pal_raw": 0}, "geometry": {"type": "Point", "coordinates": [4812.0, 2730.0]}}, {"type": "Feature", "properties": {"sea_point_id": 5816, "name": "Atlantic Ocean", "ed_raw": 0, "hst_raw": 0, "pal_raw": 0}, "geometry": {"type": "Point", "coordinates": [3537.0, 2785.0]}}, {"type": "Feature", "properties": {"sea_point_id": 5817, "name": "Pacific Ocean", "ed_raw": 0, "hst_raw": 0, "pal_raw": 0}, "geometry": {"type": "Point", "coordinates": [11969.0, 2802.0]}}, {"type": "Feature", "properties": {"sea_point_id": 5818, "name": "Pacific Ocean", "ed_raw": 0, "hst_raw": 0, "pal_raw": 0}, "geometry": {"type": "Point", "coordinates": [124.0, 2776.0]}}, {"type": "Feature", "properties": {"sea_point_id": 5819, "name": "Atlantic Ocean", "ed_raw": 0, "hst_raw": 0, "pal_raw": 0}, "geometry": {"type": "Point", "coordinates": [5023.0, 2776.0]}}, {"type": "Feature", "properties": {"sea_point_id": 5820, "name": "Gulf of Mexico", "ed_raw": 0, "hst_raw": 0, "pal_raw": 0}, "geometry": {"type": "Point", "coordinates": [3065.0, 2792.0]}}, {"type": "Feature", "properties": {"sea_point_id": 5821, "name": "Gulf of Mexico", "ed_raw": 0, "hst_raw": 0, "pal_raw": 0}, "geometry": {"type": "Point", "coordinates": [2761.0, 2839.0]}}, {"type": "Feature", "properties": {"sea_point_id": 5822, "name": "South China Sea", "ed_raw": 0, "hst_raw": 0, "pal_raw": 0}, "geometry": {"type": "Point", "coordinates": [11254.0, 3378.0]}}, {"type": "Feature", "properties": {"sea_point_id": 5823, "name": "Gulf of Mexico", "ed_raw": 0, "hst_raw": 0, "pal_raw": 0}, "geometry": {"type": "Point", "coordinates": [2893.0, 2854.0]}}, {"type": "Feature", "properties": {"sea_point_id": 5824, "name": "Gulf of Mexico", "ed_raw": 0, "hst_raw": 0, "pal_raw": 0}, "geometry": {"type": "Point", "coordinates": [3166.0, 2870.0]}}, {"type": "Feature", "properties": {"sea_point_id": 5825, "name": "Atlantic Ocean", "ed_raw": 0, "hst_raw": 0, "pal_raw": 0}, "geometry": {"type": "Point", "coordinates": [3636.0, 2885.0]}}, {"type": "Feature", "properties": {"sea_point_id": 5826, "name": "Iberian Basin", "ed_raw": 0, "hst_raw": 0, "pal_raw": 0}, "geometry": {"type": "Point", "coordinates": [5429.0, 2884.0]}}, {"type": "Feature", "properties": {"sea_point_id": 5827, "name": "Gulf of Mexico", "ed_raw": 0, "hst_raw": 0, "pal_raw": 0}, "geometry": {"type": "Point", "coordinates": [2622.0, 2922.0]}}, {"type": "Feature", "properties": {"sea_point_id": 5828, "name": "Pacific Ocean", "ed_raw": 0, "hst_raw": 0, "pal_raw": 0}, "geometry": {"type": "Point", "coordinates": [1567.0, 2917.0]}}, {"type": "Feature", "properties": {"sea_point_id": 5829, "name": "Pacific Ocean", "ed_raw": 0, "hst_raw": 0, "pal_raw": 0}, "geometry": {"type": "Point", "coordinates": [553.0, 2948.0]}}, {"type": "Feature", "properties": {"sea_point_id": 5830, "name": "South China Sea", "ed_raw": 0, "hst_raw": 0, "pal_raw": 0}, "geometry": {"type": "Point", "coordinates": [11330.0, 3474.0]}}, {"type": "Feature", "properties": {"sea_point_id": 5831, "name": "Pacific Ocean", "ed_raw": 0, "hst_raw": 0, "pal_raw": 0}, "geometry": {"type": "Point", "coordinates": [709.0, 2979.0]}}, {"type": "Feature", "properties": {"sea_point_id": 5832, "name": "Gulf of Mexico", "ed_raw": 0, "hst_raw": 0, "pal_raw": 0}, "geometry": {"type": "Point", "coordinates": [2917.0, 2995.0]}}, {"type": "Feature", "properties": {"sea_point_id": 5833, "name": "Atlantic Ocean", "ed_raw": 0, "hst_raw": 0, "pal_raw": 0}, "geometry": {"type": "Point", "coordinates": [3666.0, 2995.0]}}, {"type": "Feature", "properties": {"sea_point_id": 5834, "name": "Atlantic Ocean", "ed_raw": 0, "hst_raw": 0, "pal_raw": 0}, "geometry": {"type": "Point", "coordinates": [5428.0, 2995.0]}}, {"type": "Feature", "properties": {"sea_point_id": 5835, "name": "Pacific Ocean", "ed_raw": 0, "hst_raw": 0, "pal_raw": 0}, "geometry": {"type": "Point", "coordinates": [1661.0, 3010.0]}}, {"type": "Feature", "properties": {"sea_point_id": 5836, "name": "Gulf of Mexico", "ed_raw": 0, "hst_raw": 0, "pal_raw": 0}, "geometry": {"type": "Point", "coordinates": [2553.0, 3054.0]}}, {"type": "Feature", "properties": {"sea_point_id": 5837, "name": "Gulf of Mexico", "ed_raw": 0, "hst_raw": 0, "pal_raw": 0}, "geometry": {"type": "Point", "coordinates": [2784.0, 3010.0]}}, {"type": "Feature", "properties": {"sea_point_id": 5838, "name": "Gulf of Mexico", "ed_raw": 0, "hst_raw": 0, "pal_raw": 0}, "geometry": {"type": "Point", "coordinates": [3143.0, 3010.0]}}, {"type": "Feature", "properties": {"sea_point_id": 5839, "name": "Pacific Ocean", "ed_raw": 0, "hst_raw": 0, "pal_raw": 0}, "geometry": {"type": "Point", "coordinates": [452.0, 3026.0]}}, {"type": "Feature", "properties": {"sea_point_id": 5840, "name": "Pacific Ocean", "ed_raw": 0, "hst_raw": 0, "pal_raw": 0}, "geometry": {"type": "Point", "coordinates": [842.0, 3057.0]}}, {"type": "Feature", "properties": {"sea_point_id": 5841, "name": "Atlantic Ocean", "ed_raw": 0, "hst_raw": 0, "pal_raw": 0}, "geometry": {"type": "Point", "coordinates": [3761.0, 3133.0]}}, {"type": "Feature", "properties": {"sea_point_id": 5842, "name": "Bay of Bengal", "ed_raw": 0, "hst_raw": 0, "pal_raw": 0}, "geometry": {"type": "Point", "coordinates": [10173.0, 3965.0]}}, {"type": "Feature", "properties": {"sea_point_id": 5843, "name": "Gulf of Mexico", "ed_raw": 0, "hst_raw": 0, "pal_raw": 0}, "geometry": {"type": "Point", "coordinates": [2683.0, 3088.0]}}, {"type": "Feature", "properties": {"sea_point_id": 5844, "name": "Pacific Ocean", "ed_raw": 0, "hst_raw": 0, "pal_raw": 0}, "geometry": {"type": "Point", "coordinates": [179.0, 3104.0]}}, {"type": "Feature", "properties": {"sea_point_id": 5845, "name": "Atlantic Ocean", "ed_raw": 0, "hst_raw": 0, "pal_raw": 0}, "geometry": {"type": "Point", "coordinates": [3892.0, 3104.0]}}, {"type": "Feature", "properties": {"sea_point_id": 5846, "name": "Pacific Ocean", "ed_raw": 0, "hst_raw": 0, "pal_raw": 0}, "geometry": {"type": "Point", "coordinates": [1747.0, 3120.0]}}, {"type": "Feature", "properties": {"sea_point_id": 5847, "name": "Pacific Ocean", "ed_raw": 0, "hst_raw": 0, "pal_raw": 0}, "geometry": {"type": "Point", "coordinates": [943.0, 3135.0]}}, {"type": "Feature", "properties": {"sea_point_id": 5848, "name": "Caribbean Sea", "ed_raw": 0, "hst_raw": 0, "pal_raw": 0}, "geometry": {"type": "Point", "coordinates": [3081.0, 3135.0]}}, {"type": "Feature", "properties": {"sea_point_id": 5849, "name": "Atlantic Ocean", "ed_raw": 0, "hst_raw": 0, "pal_raw": 0}, "geometry": {"type": "Point", "coordinates": [4017.0, 3135.0]}}, {"type": "Feature", "properties": {"sea_point_id": 5850, "name": "Pacific Ocean", "ed_raw": 0, "hst_raw": 0, "pal_raw": 0}, "geometry": {"type": "Point", "coordinates": [13166.0, 3151.0]}}, {"type": "Feature", "properties": {"sea_point_id": 5851, "name": "Bay of Bengal", "ed_raw": 0, "hst_raw": 0, "pal_raw": 0}, "geometry": {"type": "Point", "coordinates": [10270.0, 4043.0]}}, {"type": "Feature", "properties": {"sea_point_id": 5852, "name": "Pacific Ocean", "ed_raw": 0, "hst_raw": 0, "pal_raw": 0}, "geometry": {"type": "Point", "coordinates": [13299.0, 3166.0]}}, {"type": "Feature", "properties": {"sea_point_id": 5853, "name": "Atlantic Ocean", "ed_raw": 0, "hst_raw": 0, "pal_raw": 0}, "geometry": {"type": "Point", "coordinates": [4141.0, 3198.0]}}, {"type": "Feature", "properties": {"sea_point_id": 5854, "name": "Atlantic Ocean", "ed_raw": 0, "hst_raw": 0, "pal_raw": 0}, "geometry": {"type": "Point", "coordinates": [5202.0, 3198.0]}}, {"type": "Feature", "properties": {"sea_point_id": 5855, "name": "Pacific Ocean", "ed_raw": 0, "hst_raw": 0, "pal_raw": 0}, "geometry": {"type": "Point", "coordinates": [1911.0, 3229.0]}}, {"type": "Feature", "properties": {"sea_point_id": 5856, "name": "Caribbean Sea", "ed_raw": 0, "hst_raw": 0, "pal_raw": 0}, "geometry": {"type": "Point", "coordinates": [3174.0, 3229.0]}}, {"type": "Feature", "properties": {"sea_point_id": 5857, "name": "Pacific Ocean", "ed_raw": 0, "hst_raw": 0, "pal_raw": 0}, "geometry": {"type": "Point", "coordinates": [13400.0, 3244.0]}}, {"type": "Feature", "properties": {"sea_point_id": 5858, "name": "Pacific Ocean", "ed_raw": 0, "hst_raw": 0, "pal_raw": 0}, "geometry": {"type": "Point", "coordinates": [522.0, 3260.0]}}, {"type": "Feature", "properties": {"sea_point_id": 5859, "name": "Caribbean Sea", "ed_raw": 0, "hst_raw": 0, "pal_raw": 0}, "geometry": {"type": "Point", "coordinates": [3307.0, 3276.0]}}, {"type": "Feature", "properties": {"sea_point_id": 5860, "name": "Indian Ocean", "ed_raw": 0, "hst_raw": 0, "pal_raw": 0}, "geometry": {"type": "Point", "coordinates": [10233.0, 4137.0]}}, {"type": "Feature", "properties": {"sea_point_id": 5861, "name": "Pacific Ocean", "ed_raw": 0, "hst_raw": 0, "pal_raw": 0}, "geometry": {"type": "Point", "coordinates": [13088.0, 3276.0]}}, {"type": "Feature", "properties": {"sea_point_id": 5862, "name": "Pacific Ocean", "ed_raw": 0, "hst_raw": 0, "pal_raw": 0}, "geometry": {"type": "Point", "coordinates": [990.0, 3291.0]}}, {"type": "Feature", "properties": {"sea_point_id": 5863, "name": "Caribbean Sea", "ed_raw": 0, "hst_raw": 0, "pal_raw": 0}, "geometry": {"type": "Point", "coordinates": [3049.0, 3291.0]}}, {"type": "Feature", "properties": {"sea_point_id": 5864, "name": "Arabian Sea", "ed_raw": 0, "hst_raw": 0, "pal_raw": 0}, "geometry": {"type": "Point", "coordinates": [8915.0, 3291.0]}}, {"type": "Feature", "properties": {"sea_point_id": 5865, "name": "Pacific Ocean", "ed_raw": 0, "hst_raw": 0, "pal_raw": 0}, "geometry": {"type": "Point", "coordinates": [343.0, 3307.0]}}, {"type": "Feature", "properties": {"sea_point_id": 5866, "name": "Pacific Ocean", "ed_raw": 0, "hst_raw": 0, "pal_raw": 0}, "geometry": {"type": "Point", "coordinates": [647.0, 3322.0]}}, {"type": "Feature", "properties": {"sea_point_id": 5867, "name": "Atlantic Ocean", "ed_raw": 0, "hst_raw": 0, "pal_raw": 0}, "geometry": {"type": "Point", "coordinates": [4177.0, 3350.0]}}, {"type": "Feature", "properties": {"sea_point_id": 5868, "name": "Atlantic Ocean", "ed_raw": 0, "hst_raw": 0, "pal_raw": 0}, "geometry": {"type": "Point", "coordinates": [5233.0, 3322.0]}}, {"type": "Feature", "properties": {"sea_point_id": 5869, "name": "Arabian Sea", "ed_raw": 0, "hst_raw": 0, "pal_raw": 0}, "geometry": {"type": "Point", "coordinates": [9040.0, 3322.0]}}, {"type": "Feature", "properties": {"sea_point_id": 5870, "name": "Bay of Bengal", "ed_raw": 0, "hst_raw": 0, "pal_raw": 0}, "geometry": {"type": "Point", "coordinates": [10258.0, 3932.0]}}, {"type": "Feature", "properties": {"sea_point_id": 5871, "name": "Congo River", "ed_raw": 0, "hst_raw": 0, "pal_raw": 0}, "geometry": {"type": "Point", "coordinates": [7186.0, 4256.0]}}, {"type": "Feature", "properties": {"sea_point_id": 5872, "name": "Pacific Ocean", "ed_raw": 0, "hst_raw": 0, "pal_raw": 0}, "geometry": {"type": "Point", "coordinates": [12659.0, 3385.0]}}, {"type": "Feature", "properties": {"sea_point_id": 5873, "name": "Pacific Ocean", "ed_raw": 0, "hst_raw": 0, "pal_raw": 0}, "geometry": {"type": "Point", "coordinates": [13377.0, 3385.0]}}, {"type": "Feature", "properties": {"sea_point_id": 5874, "name": "Pacific Ocean", "ed_raw": 0, "hst_raw": 0, "pal_raw": 0}, "geometry": {"type": "Point", "coordinates": [78.0, 3400.0]}}, {"type": "Feature", "properties": {"sea_point_id": 5875, "name": "Pacific Ocean", "ed_raw": 0, "hst_raw": 0, "pal_raw": 0}, "geometry": {"type": "Point", "coordinates": [1981.0, 3400.0]}}, {"type": "Feature", "properties": {"sea_point_id": 5876, "name": "Bay of Bengal", "ed_raw": 0, "hst_raw": 0, "pal_raw": 0}, "geometry": {"type": "Point", "coordinates": [10311.0, 3855.0]}}, {"type": "Feature", "properties": {"sea_point_id": 5877, "name": "Pacific Ocean", "ed_raw": 0, "hst_raw": 0, "pal_raw": 0}, "geometry": {"type": "Point", "coordinates": [13135.0, 3400.0]}}, {"type": "Feature", "properties": {"sea_point_id": 5878, "name": "Pacific Ocean", "ed_raw": 0, "hst_raw": 0, "pal_raw": 0}, "geometry": {"type": "Point", "coordinates": [257.0, 3416.0]}}, {"type": "Feature", "properties": {"sea_point_id": 5879, "name": "Pacific Ocean", "ed_raw": 0, "hst_raw": 0, "pal_raw": 0}, "geometry": {"type": "Point", "coordinates": [928.0, 3416.0]}}, {"type": "Feature", "properties": {"sea_point_id": 5880, "name": "Caribbean Sea", "ed_raw": 0, "hst_raw": 0, "pal_raw": 0}, "geometry": {"type": "Point", "coordinates": [3408.0, 3416.0]}}, {"type": "Feature", "properties": {"sea_point_id": 5881, "name": "Pacific Ocean", "ed_raw": 0, "hst_raw": 0, "pal_raw": 0}, "geometry": {"type": "Point", "coordinates": [12784.0, 3416.0]}}, {"type": "Feature", "properties": {"sea_point_id": 5882, "name": "Caribbean Sea", "ed_raw": 0, "hst_raw": 0, "pal_raw": 0}, "geometry": {"type": "Point", "coordinates": [3104.0, 3432.0]}}, {"type": "Feature", "properties": {"sea_point_id": 5883, "name": "Caribbean Sea", "ed_raw": 0, "hst_raw": 0, "pal_raw": 0}, "geometry": {"type": "Point", "coordinates": [3711.0, 3418.0]}}, {"type": "Feature", "properties": {"sea_point_id": 5884, "name": "Caribbean Sea", "ed_raw": 0, "hst_raw": 0, "pal_raw": 0}, "geometry": {"type": "Point", "coordinates": [3877.0, 3441.0]}}, {"type": "Feature", "properties": {"sea_point_id": 5885, "name": "Atlantic Ocean", "ed_raw": 0, "hst_raw": 0, "pal_raw": 0}, "geometry": {"type": "Point", "coordinates": [4110.0, 3447.0]}}, {"type": "Feature", "properties": {"sea_point_id": 5886, "name": "Pacific Ocean", "ed_raw": 0, "hst_raw": 0, "pal_raw": 0}, "geometry": {"type": "Point", "coordinates": [2106.0, 3463.0]}}, {"type": "Feature", "properties": {"sea_point_id": 5887, "name": "Arabian Sea", "ed_raw": 0, "hst_raw": 0, "pal_raw": 0}, "geometry": {"type": "Point", "coordinates": [9204.0, 3463.0]}}, {"type": "Feature", "properties": {"sea_point_id": 5888, "name": "Bay of Bengal", "ed_raw": 0, "hst_raw": 0, "pal_raw": 0}, "geometry": {"type": "Point", "coordinates": [10077.0, 3463.0]}}, {"type": "Feature", "properties": {"sea_point_id": 5889, "name": "Pacific Ocean", "ed_raw": 0, "hst_raw": 0, "pal_raw": 0}, "geometry": {"type": "Point", "coordinates": [12500.0, 3499.0]}}, {"type": "Feature", "properties": {"sea_point_id": 5890, "name": "Caribbean Sea", "ed_raw": 0, "hst_raw": 0, "pal_raw": 0}, "geometry": {"type": "Point", "coordinates": [3283.0, 3478.0]}}, {"type": "Feature", "properties": {"sea_point_id": 5891, "name": "Caribbean Sea", "ed_raw": 0, "hst_raw": 0, "pal_raw": 0}, "geometry": {"type": "Point", "coordinates": [3533.0, 3478.0]}}, {"type": "Feature", "properties": {"sea_point_id": 5892, "name": "Arabian Sea", "ed_raw": 0, "hst_raw": 0, "pal_raw": 0}, "geometry": {"type": "Point", "coordinates": [8915.0, 3478.0]}}, {"type": "Feature", "properties": {"sea_point_id": 5893, "name": "Congo River", "ed_raw": 0, "hst_raw": 0, "pal_raw": 0}, "geometry": {"type": "Point", "coordinates": [7214.0, 4256.0]}}, {"type": "Feature", "properties": {"sea_point_id": 5894, "name": "Bay of Bengal", "ed_raw": 0, "hst_raw": 0, "pal_raw": 0}, "geometry": {"type": "Point", "coordinates": [10351.0, 3942.0]}}, {"type": "Feature", "properties": {"sea_point_id": 5895, "name": "Caribbean Sea", "ed_raw": 0, "hst_raw": 0, "pal_raw": 0}, "geometry": {"type": "Point", "coordinates": [3767.0, 3551.0]}}, {"type": "Feature", "properties": {"sea_point_id": 5896, "name": "Pacific Ocean", "ed_raw": 0, "hst_raw": 0, "pal_raw": 0}, "geometry": {"type": "Point", "coordinates": [13083.0, 4484.0]}}, {"type": "Feature", "properties": {"sea_point_id": 5897, "name": "Pacific Ocean", "ed_raw": 0, "hst_raw": 0, "pal_raw": 0}, "geometry": {"type": "Point", "coordinates": [2233.0, 3529.0]}}, {"type": "Feature", "properties": {"sea_point_id": 5898, "name": "Atlantic Ocean", "ed_raw": 0, "hst_raw": 0, "pal_raw": 0}, "geometry": {"type": "Point", "coordinates": [5171.0, 3541.0]}}, {"type": "Feature", "properties": {"sea_point_id": 5899, "name": "Pacific Ocean", "ed_raw": 0, "hst_raw": 0, "pal_raw": 0}, "geometry": {"type": "Point", "coordinates": [12831.0, 3541.0]}}, {"type": "Feature", "properties": {"sea_point_id": 5900, "name": "Bay of Bengal", "ed_raw": 0, "hst_raw": 0, "pal_raw": 0}, "geometry": {"type": "Point", "coordinates": [9984.0, 3556.0]}}, {"type": "Feature", "properties": {"sea_point_id": 5901, "name": "Bay of Bengal", "ed_raw": 0, "hst_raw": 0, "pal_raw": 0}, "geometry": {"type": "Point", "coordinates": [10171.0, 3556.0]}}, {"type": "Feature", "properties": {"sea_point_id": 5902, "name": "Pacific Ocean", "ed_raw": 0, "hst_raw": 0, "pal_raw": 0}, "geometry": {"type": "Point", "coordinates": [12431.0, 3601.0]}}, {"type": "Feature", "properties": {"sea_point_id": 5903, "name": "Pacific Ocean", "ed_raw": 0, "hst_raw": 0, "pal_raw": 0}, "geometry": {"type": "Point", "coordinates": [2364.0, 3571.0]}}, {"type": "Feature", "properties": {"sea_point_id": 5904, "name": "Caribbean Sea", "ed_raw": 0, "hst_raw": 0, "pal_raw": 0}, "geometry": {"type": "Point", "coordinates": [3962.0, 3588.0]}}, {"type": "Feature", "properties": {"sea_point_id": 5905, "name": "Arabian Sea", "ed_raw": 0, "hst_raw": 0, "pal_raw": 0}, "geometry": {"type": "Point", "coordinates": [8868.0, 3603.0]}}, {"type": "Feature", "properties": {"sea_point_id": 5906, "name": "Indian Ocean", "ed_raw": 0, "hst_raw": 0, "pal_raw": 0}, "geometry": {"type": "Point", "coordinates": [10309.0, 4235.0]}}, {"type": "Feature", "properties": {"sea_point_id": 5907, "name": "Pacific Ocean", "ed_raw": 0, "hst_raw": 0, "pal_raw": 0}, "geometry": {"type": "Point", "coordinates": [2488.0, 3642.0]}}, {"type": "Feature", "properties": {"sea_point_id": 5908, "name": "Arabian Sea", "ed_raw": 0, "hst_raw": 0, "pal_raw": 0}, "geometry": {"type": "Point", "coordinates": [9266.0, 3619.0]}}, {"type": "Feature", "properties": {"sea_point_id": 5909, "name": "South China Sea", "ed_raw": 0, "hst_raw": 0, "pal_raw": 0}, "geometry": {"type": "Point", "coordinates": [11105.0, 3645.0]}}, {"type": "Feature", "properties": {"sea_point_id": 5910, "name": "Bay of Bengal", "ed_raw": 0, "hst_raw": 0, "pal_raw": 0}, "geometry": {"type": "Point", "coordinates": [9874.0, 3650.0]}}, {"type": "Feature", "properties": {"sea_point_id": 5911, "name": "Indian Ocean", "ed_raw": 0, "hst_raw": 0, "pal_raw": 0}, "geometry": {"type": "Point", "coordinates": [10339.0, 4131.0]}}, {"type": "Feature", "properties": {"sea_point_id": 5912, "name": "Atlantic Ocean", "ed_raw": 0, "hst_raw": 0, "pal_raw": 0}, "geometry": {"type": "Point", "coordinates": [4063.0, 3666.0]}}, {"type": "Feature", "properties": {"sea_point_id": 5913, "name": "Atlantic Ocean", "ed_raw": 0, "hst_raw": 0, "pal_raw": 0}, "geometry": {"type": "Point", "coordinates": [5202.0, 3666.0]}}, {"type": "Feature", "properties": {"sea_point_id": 5914, "name": "Pacific Ocean", "ed_raw": 0, "hst_raw": 0, "pal_raw": 0}, "geometry": {"type": "Point", "coordinates": [12363.0, 3666.0]}}, {"type": "Feature", "properties": {"sea_point_id": 5915, "name": "Pacific Ocean", "ed_raw": 0, "hst_raw": 0, "pal_raw": 0}, "geometry": {"type": "Point", "coordinates": [12768.0, 3666.0]}}, {"type": "Feature", "properties": {"sea_point_id": 5916, "name": "Pacific Ocean", "ed_raw": 0, "hst_raw": 0, "pal_raw": 0}, "geometry": {"type": "Point", "coordinates": [2589.0, 3712.0]}}, {"type": "Feature", "properties": {"sea_point_id": 5917, "name": "Atlantic Ocean", "ed_raw": 0, "hst_raw": 0, "pal_raw": 0}, "geometry": {"type": "Point", "coordinates": [4196.0, 3712.0]}}, {"type": "Feature", "properties": {"sea_point_id": 5918, "name": "Arabian Sea", "ed_raw": 0, "hst_raw": 0, "pal_raw": 0}, "geometry": {"type": "Point", "coordinates": [8767.0, 3712.0]}}, {"type": "Feature", "properties": {"sea_point_id": 5919, "name": "Congo River", "ed_raw": 0, "hst_raw": 0, "pal_raw": 0}, "geometry": {"type": "Point", "coordinates": [7228.0, 4260.0]}}, {"type": "Feature", "properties": {"sea_point_id": 5920, "name": "Arabian Sea", "ed_raw": 0, "hst_raw": 0, "pal_raw": 0}, "geometry": {"type": "Point", "coordinates": [9313.0, 3744.0]}}, {"type": "Feature", "properties": {"sea_point_id": 5921, "name": "Bay of Bengal", "ed_raw": 0, "hst_raw": 0, "pal_raw": 0}, "geometry": {"type": "Point", "coordinates": [10358.0, 3744.0]}}, {"type": "Feature", "properties": {"sea_point_id": 5922, "name": "Atlantic Ocean", "ed_raw": 0, "hst_raw": 0, "pal_raw": 0}, "geometry": {"type": "Point", "coordinates": [4329.0, 3759.0]}}, {"type": "Feature", "properties": {"sea_point_id": 5923, "name": "South China Sea", "ed_raw": 0, "hst_raw": 0, "pal_raw": 0}, "geometry": {"type": "Point", "coordinates": [11146.0, 3759.0]}}, {"type": "Feature", "properties": {"sea_point_id": 5924, "name": "Pacific Ocean", "ed_raw": 0, "hst_raw": 0, "pal_raw": 0}, "geometry": {"type": "Point", "coordinates": [13111.0, 3759.0]}}, {"type": "Feature", "properties": {"sea_point_id": 5925, "name": "Pacific Ocean", "ed_raw": 0, "hst_raw": 0, "pal_raw": 0}, "geometry": {"type": "Point", "coordinates": [2714.0, 3775.0]}}, {"type": "Feature", "properties": {"sea_point_id": 5926, "name": "Congo River", "ed_raw": 0, "hst_raw": 0, "pal_raw": 0}, "geometry": {"type": "Point", "coordinates": [7244.0, 4278.0]}}, {"type": "Feature", "properties": {"sea_point_id": 5927, "name": "Pacific Ocean", "ed_raw": 0, "hst_raw": 0, "pal_raw": 0}, "geometry": {"type": "Point", "coordinates": [12648.0, 3780.0]}}, {"type": "Feature", "properties": {"sea_point_id": 5928, "name": "Pacific Ocean", "ed_raw": 0, "hst_raw": 0, "pal_raw": 0}, "geometry": {"type": "Point", "coordinates": [13235.0, 3805.0]}}, {"type": "Feature", "properties": {"sea_point_id": 5929, "name": "Bay of Bengal", "ed_raw": 0, "hst_raw": 0, "pal_raw": 0}, "geometry": {"type": "Point", "coordinates": [9867.0, 3790.0]}}, {"type": "Feature", "properties": {"sea_point_id": 5930, "name": "Pacific Ocean", "ed_raw": 0, "hst_raw": 0, "pal_raw": 0}, "geometry": {"type": "Point", "coordinates": [12893.0, 3790.0]}}, {"type": "Feature", "properties": {"sea_point_id": 5931, "name": "Atlantic Ocean", "ed_raw": 0, "hst_raw": 0, "pal_raw": 0}, "geometry": {"type": "Point", "coordinates": [5194.0, 3806.0]}}, {"type": "Feature", "properties": {"sea_point_id": 5932, "name": "Pacific Ocean", "ed_raw": 0, "hst_raw": 0, "pal_raw": 0}, "geometry": {"type": "Point", "coordinates": [11917.0, 4002.0]}}, {"type": "Feature", "properties": {"sea_point_id": 5933, "name": "Atlantic Ocean", "ed_raw": 0, "hst_raw": 0, "pal_raw": 0}, "geometry": {"type": "Point", "coordinates": [4430.0, 3837.0]}}, {"type": "Feature", "properties": {"sea_point_id": 5934, "name": "Pacific Ocean", "ed_raw": 0, "hst_raw": 0, "pal_raw": 0}, "geometry": {"type": "Point", "coordinates": [13369.0, 3837.0]}}, {"type": "Feature", "properties": {"sea_point_id": 5935, "name": "Arabian Sea", "ed_raw": 0, "hst_raw": 0, "pal_raw": 0}, "geometry": {"type": "Point", "coordinates": [9383.0, 3853.0]}}, {"type": "Feature", "properties": {"sea_point_id": 5936, "name": "South China Sea", "ed_raw": 0, "hst_raw": 0, "pal_raw": 0}, "geometry": {"type": "Point", "coordinates": [11239.0, 3853.0]}}, {"type": "Feature", "properties": {"sea_point_id": 5937, "name": "Congo River", "ed_raw": 0, "hst_raw": 0, "pal_raw": 0}, "geometry": {"type": "Point", "coordinates": [7255.0, 4283.0]}}, {"type": "Feature", "properties": {"sea_point_id": 5938, "name": "Pacific Ocean", "ed_raw": 0, "hst_raw": 0, "pal_raw": 0}, "geometry": {"type": "Point", "coordinates": [12768.0, 3853.0]}}, {"type": "Feature", "properties": {"sea_point_id": 5939, "name": "Pacific Ocean", "ed_raw": 0, "hst_raw": 0, "pal_raw": 0}, "geometry": {"type": "Point", "coordinates": [12183.0, 3868.0]}}, {"type": "Feature", "properties": {"sea_point_id": 5940, "name": "Pacific Ocean", "ed_raw": 0, "hst_raw": 0, "pal_raw": 0}, "geometry": {"type": "Point", "coordinates": [12558.0, 3868.0]}}, {"type": "Feature", "properties": {"sea_point_id": 5941, "name": "Pacific Ocean", "ed_raw": 0, "hst_raw": 0, "pal_raw": 0}, "geometry": {"type": "Point", "coordinates": [2784.0, 3884.0]}}, {"type": "Feature", "properties": {"sea_point_id": 5942, "name": "Congo River", "ed_raw": 0, "hst_raw": 0, "pal_raw": 0}, "geometry": {"type": "Point", "coordinates": [7269.0, 4281.0]}}, {"type": "Feature", "properties": {"sea_point_id": 5943, "name": "Indian Ocean", "ed_raw": 0, "hst_raw": 0, "pal_raw": 0}, "geometry": {"type": "Point", "coordinates": [10385.0, 4356.0]}}, {"type": "Feature", "properties": {"sea_point_id": 5944, "name": "South China Sea", "ed_raw": 0, "hst_raw": 0, "pal_raw": 0}, "geometry": {"type": "Point", "coordinates": [11083.0, 3884.0]}}, {"type": "Feature", "properties": {"sea_point_id": 5945, "name": "Bay of Bengal", "ed_raw": 0, "hst_raw": 0, "pal_raw": 0}, "geometry": {"type": "Point", "coordinates": [9937.0, 3900.0]}}, {"type": "Feature", "properties": {"sea_point_id": 5946, "name": "Atlantic Ocean", "ed_raw": 0, "hst_raw": 0, "pal_raw": 0}, "geometry": {"type": "Point", "coordinates": [5226.0, 3931.0]}}, {"type": "Feature", "properties": {"sea_point_id": 5947, "name": "Atlantic Ocean", "ed_raw": 0, "hst_raw": 0, "pal_raw": 0}, "geometry": {"type": "Point", "coordinates": [4500.0, 3946.0]}}, {"type": "Feature", "properties": {"sea_point_id": 5948, "name": "Arabian Sea", "ed_raw": 0, "hst_raw": 0, "pal_raw": 0}, "geometry": {"type": "Point", "coordinates": [9430.0, 3978.0]}}, {"type": "Feature", "properties": {"sea_point_id": 5949, "name": "South China Sea", "ed_raw": 0, "hst_raw": 0, "pal_raw": 0}, "geometry": {"type": "Point", "coordinates": [10974.0, 3978.0]}}, {"type": "Feature", "properties": {"sea_point_id": 5950, "name": "Pacific Ocean", "ed_raw": 0, "hst_raw": 0, "pal_raw": 0}, "geometry": {"type": "Point", "coordinates": [12721.0, 3978.0]}}, {"type": "Feature", "properties": {"sea_point_id": 5951, "name": "Pacific Ocean", "ed_raw": 0, "hst_raw": 0, "pal_raw": 0}, "geometry": {"type": "Point", "coordinates": [2714.0, 3993.0]}}, {"type": "Feature", "properties": {"sea_point_id": 5952, "name": "Pacific Ocean", "ed_raw": 0, "hst_raw": 0, "pal_raw": 0}, "geometry": {"type": "Point", "coordinates": [2870.0, 3993.0]}}, {"type": "Feature", "properties": {"sea_point_id": 5953, "name": "Indian Ocean", "ed_raw": 0, "hst_raw": 0, "pal_raw": 0}, "geometry": {"type": "Point", "coordinates": [10571.0, 4547.0]}}, {"type": "Feature", "properties": {"sea_point_id": 5954, "name": "Indian Ocean", "ed_raw": 0, "hst_raw": 0, "pal_raw": 0}, "geometry": {"type": "Point", "coordinates": [10662.0, 4641.0]}}, {"type": "Feature", "properties": {"sea_point_id": 5955, "name": "Congo River", "ed_raw": 0, "hst_raw": 0, "pal_raw": 0}, "geometry": {"type": "Point", "coordinates": [7297.0, 4251.0]}}, {"type": "Feature", "properties": {"sea_point_id": 5956, "name": "Atlantic Ocean", "ed_raw": 0, "hst_raw": 0, "pal_raw": 0}, "geometry": {"type": "Point", "coordinates": [4602.0, 4024.0]}}, {"type": "Feature", "properties": {"sea_point_id": 5957, "name": "Arabian Sea", "ed_raw": 0, "hst_raw": 0, "pal_raw": 0}, "geometry": {"type": "Point", "coordinates": [8619.0, 4040.0]}}, {"type": "Feature", "properties": {"sea_point_id": 5958, "name": "Bay of Bengal", "ed_raw": 0, "hst_raw": 0, "pal_raw": 0}, "geometry": {"type": "Point", "coordinates": [9929.0, 4040.0]}}, {"type": "Feature", "properties": {"sea_point_id": 5959, "name": "Atlantic Ocean", "ed_raw": 0, "hst_raw": 0, "pal_raw": 0}, "geometry": {"type": "Point", "coordinates": [5272.0, 4056.0]}}, {"type": "Feature", "properties": {"sea_point_id": 5960, "name": "Congo River", "ed_raw": 0, "hst_raw": 0, "pal_raw": 0}, "geometry": {"type": "Point", "coordinates": [7310.0, 4259.0]}}, {"type": "Feature", "properties": {"sea_point_id": 5961, "name": "Laccadive Sea", "ed_raw": 0, "hst_raw": 0, "pal_raw": 0}, "geometry": {"type": "Point", "coordinates": [9523.0, 4071.0]}}, {"type": "Feature", "properties": {"sea_point_id": 5962, "name": "Pacific Ocean", "ed_raw": 0, "hst_raw": 0, "pal_raw": 0}, "geometry": {"type": "Point", "coordinates": [2620.0, 4087.0]}}, {"type": "Feature", "properties": {"sea_point_id": 5963, "name": "Pacific Ocean", "ed_raw": 0, "hst_raw": 0, "pal_raw": 0}, "geometry": {"type": "Point", "coordinates": [12792.0, 4087.0]}}, {"type": "Feature", "properties": {"sea_point_id": 5964, "name": "Pacific Ocean", "ed_raw": 0, "hst_raw": 0, "pal_raw": 0}, "geometry": {"type": "Point", "coordinates": [13197.0, 4087.0]}}, {"type": "Feature", "properties": {"sea_point_id": 5965, "name": "Pacific Ocean", "ed_raw": 0, "hst_raw": 0, "pal_raw": 0}, "geometry": {"type": "Point", "coordinates": [13338.0, 4087.0]}}, {"type": "Feature", "properties": {"sea_point_id": 5966, "name": "Atlantic Ocean", "ed_raw": 0, "hst_raw": 0, "pal_raw": 0}, "geometry": {"type": "Point", "coordinates": [4703.0, 4102.0]}}, {"type": "Feature", "properties": {"sea_point_id": 5967, "name": "Indian Ocean", "ed_raw": 0, "hst_raw": 0, "pal_raw": 0}, "geometry": {"type": "Point", "coordinates": [10787.0, 4693.0]}}, {"type": "Feature", "properties": {"sea_point_id": 5968, "name": "Congo River", "ed_raw": 0, "hst_raw": 0, "pal_raw": 0}, "geometry": {"type": "Point", "coordinates": [7323.0, 4260.0]}}, {"type": "Feature", "properties": {"sea_point_id": 5969, "name": "Pacific Ocean", "ed_raw": 0, "hst_raw": 0, "pal_raw": 0}, "geometry": {"type": "Point", "coordinates": [12916.0, 4118.0]}}, {"type": "Feature", "properties": {"sea_point_id": 5970, "name": "Atlantic Ocean", "ed_raw": 0, "hst_raw": 0, "pal_raw": 0}, "geometry": {"type": "Point", "coordinates": [4828.0, 4134.0]}}, {"type": "Feature", "properties": {"sea_point_id": 5971, "name": "Atlantic Ocean", "ed_raw": 0, "hst_raw": 0, "pal_raw": 0}, "geometry": {"type": "Point", "coordinates": [5374.0, 4134.0]}}, {"type": "Feature", "properties": {"sea_point_id": 5972, "name": "Indian Ocean", "ed_raw": 0, "hst_raw": 0, "pal_raw": 0}, "geometry": {"type": "Point", "coordinates": [10925.0, 4739.0]}}, {"type": "Feature", "properties": {"sea_point_id": 5973, "name": "Pacific Ocean", "ed_raw": 0, "hst_raw": 0, "pal_raw": 0}, "geometry": {"type": "Point", "coordinates": [12331.0, 4134.0]}}, {"type": "Feature", "properties": {"sea_point_id": 5974, "name": "Laccadive Sea", "ed_raw": 0, "hst_raw": 0, "pal_raw": 0}, "geometry": {"type": "Point", "coordinates": [9656.0, 4149.0]}}, {"type": "Feature", "properties": {"sea_point_id": 5975, "name": "Indian Ocean", "ed_raw": 0, "hst_raw": 0, "pal_raw": 0}, "geometry": {"type": "Point", "coordinates": [9828.0, 4149.0]}}, {"type": "Feature", "properties": {"sea_point_id": 5976, "name": "Pacific Ocean", "ed_raw": 0, "hst_raw": 0, "pal_raw": 0}, "geometry": {"type": "Point", "coordinates": [13041.0, 4149.0]}}, {"type": "Feature", "properties": {"sea_point_id": 5977, "name": "Pacific Ocean", "ed_raw": 0, "hst_raw": 0, "pal_raw": 0}, "geometry": {"type": "Point", "coordinates": [13462.0, 4149.0]}}, {"type": "Feature", "properties": {"sea_point_id": 5978, "name": "Atlantic Ocean", "ed_raw": 0, "hst_raw": 0, "pal_raw": 0}, "geometry": {"type": "Point", "coordinates": [4953.0, 4165.0]}}, {"type": "Feature", "properties": {"sea_point_id": 5979, "name": "Pacific Ocean", "ed_raw": 0, "hst_raw": 0, "pal_raw": 0}, "geometry": {"type": "Point", "coordinates": [12456.0, 4165.0]}}, {"type": "Feature", "properties": {"sea_point_id": 5980, "name": "Indian Ocean", "ed_raw": 0, "hst_raw": 0, "pal_raw": 0}, "geometry": {"type": "Point", "coordinates": [8548.0, 4180.0]}}, {"type": "Feature", "properties": {"sea_point_id": 5981, "name": "Pacific Ocean", "ed_raw": 0, "hst_raw": 0, "pal_raw": 0}, "geometry": {"type": "Point", "coordinates": [2613.0, 4227.0]}}, {"type": "Feature", "properties": {"sea_point_id": 5982, "name": "Pacific Ocean", "ed_raw": 0, "hst_raw": 0, "pal_raw": 0}, "geometry": {"type": "Point", "coordinates": [12581.0, 4227.0]}}, {"type": "Feature", "properties": {"sea_point_id": 5983, "name": "Atlantic Ocean", "ed_raw": 0, "hst_raw": 0, "pal_raw": 0}, "geometry": {"type": "Point", "coordinates": [5054.0, 4243.0]}}, {"type": "Feature", "properties": {"sea_point_id": 5984, "name": "Atlantic Ocean", "ed_raw": 0, "hst_raw": 0, "pal_raw": 0}, "geometry": {"type": "Point", "coordinates": [5444.0, 4243.0]}}, {"type": "Feature", "properties": {"sea_point_id": 5985, "name": "Indian Ocean", "ed_raw": 0, "hst_raw": 0, "pal_raw": 0}, "geometry": {"type": "Point", "coordinates": [11057.0, 4765.0]}}, {"type": "Feature", "properties": {"sea_point_id": 5986, "name": "Bismarck Sea", "ed_raw": 0, "hst_raw": 0, "pal_raw": 0}, "geometry": {"type": "Point", "coordinates": [12734.0, 4368.0]}}, {"type": "Feature", "properties": {"sea_point_id": 5987, "name": "Pacific Ocean", "ed_raw": 0, "hst_raw": 0, "pal_raw": 0}, "geometry": {"type": "Point", "coordinates": [13072.0, 4274.0]}}, {"type": "Feature", "properties": {"sea_point_id": 5988, "name": "Indian Ocean", "ed_raw": 0, "hst_raw": 0, "pal_raw": 0}, "geometry": {"type": "Point", "coordinates": [8463.0, 4290.0]}}, {"type": "Feature", "properties": {"sea_point_id": 5989, "name": "Pacific Ocean", "ed_raw": 0, "hst_raw": 0, "pal_raw": 0}, "geometry": {"type": "Point", "coordinates": [2706.0, 4321.0]}}, {"type": "Feature", "properties": {"sea_point_id": 5990, "name": "Atlantic Ocean", "ed_raw": 0, "hst_raw": 0, "pal_raw": 0}, "geometry": {"type": "Point", "coordinates": [5155.0, 4321.0]}}, {"type": "Feature", "properties": {"sea_point_id": 5991, "name": "Atlantic Ocean", "ed_raw": 0, "hst_raw": 0, "pal_raw": 0}, "geometry": {"type": "Point", "coordinates": [5545.0, 4321.0]}}, {"type": "Feature", "properties": {"sea_point_id": 5992, "name": "Gulf of Guinea", "ed_raw": 0, "hst_raw": 0, "pal_raw": 0}, "geometry": {"type": "Point", "coordinates": [6232.0, 4321.0]}}, {"type": "Feature", "properties": {"sea_point_id": 5993, "name": "South China Sea", "ed_raw": 0, "hst_raw": 0, "pal_raw": 0}, "geometry": {"type": "Point", "coordinates": [11113.0, 4063.0]}}, {"type": "Feature", "properties": {"sea_point_id": 5994, "name": "Gulf of Guinea", "ed_raw": 0, "hst_raw": 0, "pal_raw": 0}, "geometry": {"type": "Point", "coordinates": [6107.0, 4352.0]}}, {"type": "Feature", "properties": {"sea_point_id": 5995, "name": "Indian Ocean", "ed_raw": 0, "hst_raw": 0, "pal_raw": 0}, "geometry": {"type": "Point", "coordinates": [11170.0, 4737.0]}}, {"type": "Feature", "properties": {"sea_point_id": 5996, "name": "Gulf of Guinea", "ed_raw": 0, "hst_raw": 0, "pal_raw": 0}, "geometry": {"type": "Point", "coordinates": [5896.0, 4368.0]}}, {"type": "Feature", "properties": {"sea_point_id": 5997, "name": "Pacific Ocean", "ed_raw": 0, "hst_raw": 0, "pal_raw": 0}, "geometry": {"type": "Point", "coordinates": [2849.0, 4353.0]}}, {"type": "Feature", "properties": {"sea_point_id": 5998, "name": "Atlantic Ocean", "ed_raw": 0, "hst_raw": 0, "pal_raw": 0}, "geometry": {"type": "Point", "coordinates": [5694.0, 4399.0]}}, {"type": "Feature", "properties": {"sea_point_id": 5999, "name": "Indian Ocean", "ed_raw": 0, "hst_raw": 0, "pal_raw": 0}, "geometry": {"type": "Point", "coordinates": [8377.0, 4399.0]}}, {"type": "Feature", "properties": {"sea_point_id": 6000, "name": "Pacific Ocean", "ed_raw": 0, "hst_raw": 0, "pal_raw": 0}, "geometry": {"type": "Point", "coordinates": [13111.0, 4406.0]}}, {"type": "Feature", "properties": {"sea_point_id": 6001, "name": "Gulf of Guinea", "ed_raw": 0, "hst_raw": 0, "pal_raw": 0}, "geometry": {"type": "Point", "coordinates": [6325.0, 4414.0]}}, {"type": "Feature", "properties": {"sea_point_id": 6002, "name": "Atlantic Ocean", "ed_raw": 0, "hst_raw": 0, "pal_raw": 0}, "geometry": {"type": "Point", "coordinates": [5202.0, 4446.0]}}, {"type": "Feature", "properties": {"sea_point_id": 6003, "name": "Congo River", "ed_raw": 0, "hst_raw": 0, "pal_raw": 0}, "geometry": {"type": "Point", "coordinates": [7329.0, 4266.0]}}, {"type": "Feature", "properties": {"sea_point_id": 6004, "name": "Indian Ocean", "ed_raw": 0, "hst_raw": 0, "pal_raw": 0}, "geometry": {"type": "Point", "coordinates": [11320.0, 4802.0]}}, {"type": "Feature", "properties": {"sea_point_id": 6005, "name": "Congo River", "ed_raw": 0, "hst_raw": 0, "pal_raw": 0}, "geometry": {"type": "Point", "coordinates": [7344.0, 4271.0]}}, {"type": "Feature", "properties": {"sea_point_id": 6006, "name": "Indian Ocean", "ed_raw": 0, "hst_raw": 0, "pal_raw": 0}, "geometry": {"type": "Point", "coordinates": [8260.0, 4477.0]}}, {"type": "Feature", "properties": {"sea_point_id": 6007, "name": "Pacific Ocean", "ed_raw": 0, "hst_raw": 0, "pal_raw": 0}, "geometry": {"type": "Point", "coordinates": [1466.0, 4524.0]}}, {"type": "Feature", "properties": {"sea_point_id": 6008, "name": "Pacific Ocean", "ed_raw": 0, "hst_raw": 0, "pal_raw": 0}, "geometry": {"type": "Point", "coordinates": [13197.0, 4524.0]}}, {"type": "Feature", "properties": {"sea_point_id": 6009, "name": "Pacific Ocean", "ed_raw": 0, "hst_raw": 0, "pal_raw": 0}, "geometry": {"type": "Point", "coordinates": [2893.0, 4539.0]}}, {"type": "Feature", "properties": {"sea_point_id": 6010, "name": "Timor Sea", "ed_raw": 0, "hst_raw": 0, "pal_raw": 0}, "geometry": {"type": "Point", "coordinates": [11844.0, 4666.0]}}, {"type": "Feature", "properties": {"sea_point_id": 6011, "name": "Pacific Ocean", "ed_raw": 0, "hst_raw": 0, "pal_raw": 0}, "geometry": {"type": "Point", "coordinates": [1622.0, 4555.0]}}, {"type": "Feature", "properties": {"sea_point_id": 6012, "name": "Atlantic Ocean", "ed_raw": 0, "hst_raw": 0, "pal_raw": 0}, "geometry": {"type": "Point", "coordinates": [6411.0, 4555.0]}}, {"type": "Feature", "properties": {"sea_point_id": 6013, "name": "Indian Ocean", "ed_raw": 0, "hst_raw": 0, "pal_raw": 0}, "geometry": {"type": "Point", "coordinates": [11440.0, 4817.0]}}, {"type": "Feature", "properties": {"sea_point_id": 6014, "name": "Indian Ocean", "ed_raw": 0, "hst_raw": 0, "pal_raw": 0}, "geometry": {"type": "Point", "coordinates": [8159.0, 4588.0]}}, {"type": "Feature", "properties": {"sea_point_id": 6015, "name": "Flores Sea", "ed_raw": 0, "hst_raw": 0, "pal_raw": 0}, "geometry": {"type": "Point", "coordinates": [11568.0, 4563.0]}}, {"type": "Feature", "properties": {"sea_point_id": 6016, "name": "Atlantic Ocean", "ed_raw": 0, "hst_raw": 0, "pal_raw": 0}, "geometry": {"type": "Point", "coordinates": [5171.0, 4602.0]}}, {"type": "Feature", "properties": {"sea_point_id": 6017, "name": "Pacific Ocean", "ed_raw": 0, "hst_raw": 0, "pal_raw": 0}, "geometry": {"type": "Point", "coordinates": [1341.0, 4617.0]}}, {"type": "Feature", "properties": {"sea_point_id": 6018, "name": "Pacific Ocean", "ed_raw": 0, "hst_raw": 0, "pal_raw": 0}, "geometry": {"type": "Point", "coordinates": [1739.0, 4633.0]}}, {"type": "Feature", "properties": {"sea_point_id": 6019, "name": "Timor Sea", "ed_raw": 0, "hst_raw": 0, "pal_raw": 0}, "geometry": {"type": "Point", "coordinates": [11712.0, 4865.0]}}, {"type": "Feature", "properties": {"sea_point_id": 6020, "name": "Pacific Ocean", "ed_raw": 0, "hst_raw": 0, "pal_raw": 0}, "geometry": {"type": "Point", "coordinates": [2979.0, 4648.0]}}, {"type": "Feature", "properties": {"sea_point_id": 6021, "name": "Timor Sea", "ed_raw": 0, "hst_raw": 0, "pal_raw": 0}, "geometry": {"type": "Point", "coordinates": [12067.0, 4673.0]}}, {"type": "Feature", "properties": {"sea_point_id": 6022, "name": "Pacific Ocean", "ed_raw": 0, "hst_raw": 0, "pal_raw": 0}, "geometry": {"type": "Point", "coordinates": [13235.0, 4718.0]}}, {"type": "Feature", "properties": {"sea_point_id": 6023, "name": "Pacific Ocean", "ed_raw": 0, "hst_raw": 0, "pal_raw": 0}, "geometry": {"type": "Point", "coordinates": [13431.0, 4648.0]}}, {"type": "Feature", "properties": {"sea_point_id": 6024, "name": "Atlantic Ocean", "ed_raw": 0, "hst_raw": 0, "pal_raw": 0}, "geometry": {"type": "Point", "coordinates": [6481.0, 4664.0]}}, {"type": "Feature", "properties": {"sea_point_id": 6025, "name": "Indian Ocean", "ed_raw": 0, "hst_raw": 0, "pal_raw": 0}, "geometry": {"type": "Point", "coordinates": [8057.0, 4664.0]}}, {"type": "Feature", "properties": {"sea_point_id": 6026, "name": "Congo River", "ed_raw": 0, "hst_raw": 0, "pal_raw": 0}, "geometry": {"type": "Point", "coordinates": [7361.0, 4297.0]}}, {"type": "Feature", "properties": {"sea_point_id": 6027, "name": "Atlantic Ocean", "ed_raw": 0, "hst_raw": 0, "pal_raw": 0}, "geometry": {"type": "Point", "coordinates": [5064.0, 4716.0]}}, {"type": "Feature", "properties": {"sea_point_id": 6028, "name": "Timor Sea", "ed_raw": 0, "hst_raw": 0, "pal_raw": 0}, "geometry": {"type": "Point", "coordinates": [11846.0, 4817.0]}}, {"type": "Feature", "properties": {"sea_point_id": 6029, "name": "Indian Ocean", "ed_raw": 0, "hst_raw": 0, "pal_raw": 0}, "geometry": {"type": "Point", "coordinates": [8385.0, 4726.0]}}, {"type": "Feature", "properties": {"sea_point_id": 6030, "name": "Indian Ocean", "ed_raw": 0, "hst_raw": 0, "pal_raw": 0}, "geometry": {"type": "Point", "coordinates": [8221.0, 4791.0]}}, {"type": "Feature", "properties": {"sea_point_id": 6031, "name": "Timor Sea", "ed_raw": 0, "hst_raw": 0, "pal_raw": 0}, "geometry": {"type": "Point", "coordinates": [11914.0, 4694.0]}}, {"type": "Feature", "properties": {"sea_point_id": 6032, "name": "Pacific Ocean", "ed_raw": 0, "hst_raw": 0, "pal_raw": 0}, "geometry": {"type": "Point", "coordinates": [13322.0, 4742.0]}}, {"type": "Feature", "properties": {"sea_point_id": 6033, "name": "Pacific Ocean", "ed_raw": 0, "hst_raw": 0, "pal_raw": 0}, "geometry": {"type": "Point", "coordinates": [1333.0, 4758.0]}}, {"type": "Feature", "properties": {"sea_point_id": 6034, "name": "Pacific Ocean", "ed_raw": 0, "hst_raw": 0, "pal_raw": 0}, "geometry": {"type": "Point", "coordinates": [3049.0, 4758.0]}}, {"type": "Feature", "properties": {"sea_point_id": 6035, "name": "Congo River", "ed_raw": 0, "hst_raw": 0, "pal_raw": 0}, "geometry": {"type": "Point", "coordinates": [7379.0, 4306.0]}}, {"type": "Feature", "properties": {"sea_point_id": 6036, "name": "Banda Sea", "ed_raw": 0, "hst_raw": 0, "pal_raw": 0}, "geometry": {"type": "Point", "coordinates": [11655.0, 4542.0]}}, {"type": "Feature", "properties": {"sea_point_id": 6037, "name": "Indian Ocean", "ed_raw": 0, "hst_raw": 0, "pal_raw": 0}, "geometry": {"type": "Point", "coordinates": [11540.0, 4849.0]}}, {"type": "Feature", "properties": {"sea_point_id": 6038, "name": "Atlantic Ocean", "ed_raw": 0, "hst_raw": 0, "pal_raw": 0}, "geometry": {"type": "Point", "coordinates": [6528.0, 4789.0]}}, {"type": "Feature", "properties": {"sea_point_id": 6039, "name": "Indian Ocean", "ed_raw": 0, "hst_raw": 0, "pal_raw": 0}, "geometry": {"type": "Point", "coordinates": [10458.0, 4460.0]}}, {"type": "Feature", "properties": {"sea_point_id": 6040, "name": "Indian Ocean", "ed_raw": 0, "hst_raw": 0, "pal_raw": 0}, "geometry": {"type": "Point", "coordinates": [10497.0, 4357.0]}}, {"type": "Feature", "properties": {"sea_point_id": 6041, "name": "Congo River", "ed_raw": 0, "hst_raw": 0, "pal_raw": 0}, "geometry": {"type": "Point", "coordinates": [7398.0, 4304.0]}}, {"type": "Feature", "properties": {"sea_point_id": 6042, "name": "Atlantic Ocean", "ed_raw": 0, "hst_raw": 0, "pal_raw": 0}, "geometry": {"type": "Point", "coordinates": [4967.0, 4795.0]}}, {"type": "Feature", "properties": {"sea_point_id": 6043, "name": "Indian Ocean", "ed_raw": 0, "hst_raw": 0, "pal_raw": 0}, "geometry": {"type": "Point", "coordinates": [8082.0, 4813.0]}}, {"type": "Feature", "properties": {"sea_point_id": 6044, "name": "Congo River", "ed_raw": 0, "hst_raw": 0, "pal_raw": 0}, "geometry": {"type": "Point", "coordinates": [7416.0, 4300.0]}}, {"type": "Feature", "properties": {"sea_point_id": 6045, "name": "Coral Sea", "ed_raw": 0, "hst_raw": 0, "pal_raw": 0}, "geometry": {"type": "Point", "coordinates": [12721.0, 4820.0]}}, {"type": "Feature", "properties": {"sea_point_id": 6046, "name": "Indian Ocean", "ed_raw": 0, "hst_raw": 0, "pal_raw": 0}, "geometry": {"type": "Point", "coordinates": [8486.0, 4836.0]}}, {"type": "Feature", "properties": {"sea_point_id": 6047, "name": "Pacific Ocean", "ed_raw": 0, "hst_raw": 0, "pal_raw": 0}, "geometry": {"type": "Point", "coordinates": [1427.0, 4851.0]}}, {"type": "Feature", "properties": {"sea_point_id": 6048, "name": "Congo River", "ed_raw": 0, "hst_raw": 0, "pal_raw": 0}, "geometry": {"type": "Point", "coordinates": [7423.0, 4292.0]}}, {"type": "Feature", "properties": {"sea_point_id": 6049, "name": "Coral Sea", "ed_raw": 0, "hst_raw": 0, "pal_raw": 0}, "geometry": {"type": "Point", "coordinates": [12884.0, 4871.0]}}, {"type": "Feature", "properties": {"sea_point_id": 6050, "name": "Pacific Ocean", "ed_raw": 0, "hst_raw": 0, "pal_raw": 0}, "geometry": {"type": "Point", "coordinates": [3120.0, 4867.0]}}, {"type": "Feature", "properties": {"sea_point_id": 6051, "name": "Pacific Ocean", "ed_raw": 0, "hst_raw": 0, "pal_raw": 0}, "geometry": {"type": "Point", "coordinates": [1692.0, 4882.0]}}, {"type": "Feature", "properties": {"sea_point_id": 6052, "name": "Pacific Ocean", "ed_raw": 0, "hst_raw": 0, "pal_raw": 0}, "geometry": {"type": "Point", "coordinates": [1560.0, 4898.0]}}, {"type": "Feature", "properties": {"sea_point_id": 6053, "name": "Congo River", "ed_raw": 0, "hst_raw": 0, "pal_raw": 0}, "geometry": {"type": "Point", "coordinates": [7437.0, 4299.0]}}, {"type": "Feature", "properties": {"sea_point_id": 6054, "name": "Atlantic Ocean", "ed_raw": 0, "hst_raw": 0, "pal_raw": 0}, "geometry": {"type": "Point", "coordinates": [4960.0, 4929.0]}}, {"type": "Feature", "properties": {"sea_point_id": 6055, "name": "Coral Sea", "ed_raw": 0, "hst_raw": 0, "pal_raw": 0}, "geometry": {"type": "Point", "coordinates": [12651.0, 4929.0]}}, {"type": "Feature", "properties": {"sea_point_id": 6056, "name": "Pacific Ocean", "ed_raw": 0, "hst_raw": 0, "pal_raw": 0}, "geometry": {"type": "Point", "coordinates": [3237.0, 4945.0]}}, {"type": "Feature", "properties": {"sea_point_id": 6057, "name": "Atlantic Ocean", "ed_raw": 0, "hst_raw": 0, "pal_raw": 0}, "geometry": {"type": "Point", "coordinates": [5920.0, 4945.0]}}, {"type": "Feature", "properties": {"sea_point_id": 6058, "name": "Atlantic Ocean", "ed_raw": 0, "hst_raw": 0, "pal_raw": 0}, "geometry": {"type": "Point", "coordinates": [6528.0, 4945.0]}}, {"type": "Feature", "properties": {"sea_point_id": 6059, "name": "Indian Ocean", "ed_raw": 0, "hst_raw": 0, "pal_raw": 0}, "geometry": {"type": "Point", "coordinates": [8517.0, 4960.0]}}, {"type": "Feature", "properties": {"sea_point_id": 6060, "name": "Atlantic Ocean", "ed_raw": 0, "hst_raw": 0, "pal_raw": 0}, "geometry": {"type": "Point", "coordinates": [6045.0, 4976.0]}}, {"type": "Feature", "properties": {"sea_point_id": 6061, "name": "Timor Sea", "ed_raw": 0, "hst_raw": 0, "pal_raw": 0}, "geometry": {"type": "Point", "coordinates": [11622.0, 4979.0]}}, {"type": "Feature", "properties": {"sea_point_id": 6062, "name": "Pacific Ocean", "ed_raw": 0, "hst_raw": 0, "pal_raw": 0}, "geometry": {"type": "Point", "coordinates": [3338.0, 5023.0]}}, {"type": "Feature", "properties": {"sea_point_id": 6063, "name": "Atlantic Ocean", "ed_raw": 0, "hst_raw": 0, "pal_raw": 0}, "geometry": {"type": "Point", "coordinates": [5787.0, 5023.0]}}, {"type": "Feature", "properties": {"sea_point_id": 6064, "name": "Coral Sea", "ed_raw": 0, "hst_raw": 0, "pal_raw": 0}, "geometry": {"type": "Point", "coordinates": [12745.0, 5023.0]}}, {"type": "Feature", "properties": {"sea_point_id": 6065, "name": "Coral Sea", "ed_raw": 0, "hst_raw": 0, "pal_raw": 0}, "geometry": {"type": "Point", "coordinates": [13017.0, 4998.0]}}, {"type": "Feature", "properties": {"sea_point_id": 6066, "name": "Atlantic Ocean", "ed_raw": 0, "hst_raw": 0, "pal_raw": 0}, "geometry": {"type": "Point", "coordinates": [4914.0, 5054.0]}}, {"type": "Feature", "properties": {"sea_point_id": 6067, "name": "Pacific Ocean", "ed_raw": 0, "hst_raw": 0, "pal_raw": 0}, "geometry": {"type": "Point", "coordinates": [13478.0, 5054.0]}}, {"type": "Feature", "properties": {"sea_point_id": 6068, "name": "Indian Ocean", "ed_raw": 0, "hst_raw": 0, "pal_raw": 0}, "geometry": {"type": "Point", "coordinates": [11411.0, 5070.0]}}, {"type": "Feature", "properties": {"sea_point_id": 6069, "name": "Atlantic Ocean", "ed_raw": 0, "hst_raw": 0, "pal_raw": 0}, "geometry": {"type": "Point", "coordinates": [6489.0, 5085.0]}}, {"type": "Feature", "properties": {"sea_point_id": 6070, "name": "Indian Ocean", "ed_raw": 0, "hst_raw": 0, "pal_raw": 0}, "geometry": {"type": "Point", "coordinates": [8455.0, 5085.0]}}, {"type": "Feature", "properties": {"sea_point_id": 6071, "name": "Pacific Ocean", "ed_raw": 0, "hst_raw": 0, "pal_raw": 0}, "geometry": {"type": "Point", "coordinates": [13341.0, 5126.0]}}, {"type": "Feature", "properties": {"sea_point_id": 6072, "name": "Coral Sea", "ed_raw": 0, "hst_raw": 0, "pal_raw": 0}, "geometry": {"type": "Point", "coordinates": [12850.0, 5169.0]}}, {"type": "Feature", "properties": {"sea_point_id": 6073, "name": "Atlantic Ocean", "ed_raw": 0, "hst_raw": 0, "pal_raw": 0}, "geometry": {"type": "Point", "coordinates": [5795.0, 5163.0]}}, {"type": "Feature", "properties": {"sea_point_id": 6074, "name": "Atlantic Ocean", "ed_raw": 0, "hst_raw": 0, "pal_raw": 0}, "geometry": {"type": "Point", "coordinates": [6096.0, 5124.0]}}, {"type": "Feature", "properties": {"sea_point_id": 6075, "name": "Coral Sea", "ed_raw": 0, "hst_raw": 0, "pal_raw": 0}, "geometry": {"type": "Point", "coordinates": [13033.0, 5163.0]}}, {"type": "Feature", "properties": {"sea_point_id": 6076, "name": "Pacific Ocean", "ed_raw": 0, "hst_raw": 0, "pal_raw": 0}, "geometry": {"type": "Point", "coordinates": [3354.0, 5179.0]}}, {"type": "Feature", "properties": {"sea_point_id": 6077, "name": "Atlantic Ocean", "ed_raw": 0, "hst_raw": 0, "pal_raw": 0}, "geometry": {"type": "Point", "coordinates": [4836.0, 5179.0]}}, {"type": "Feature", "properties": {"sea_point_id": 6078, "name": "Pacific Ocean", "ed_raw": 0, "hst_raw": 0, "pal_raw": 0}, "geometry": {"type": "Point", "coordinates": [13267.0, 5194.0]}}, {"type": "Feature", "properties": {"sea_point_id": 6079, "name": "Indian Ocean", "ed_raw": 0, "hst_raw": 0, "pal_raw": 0}, "geometry": {"type": "Point", "coordinates": [8392.0, 5210.0]}}, {"type": "Feature", "properties": {"sea_point_id": 6080, "name": "Atlantic Ocean", "ed_raw": 0, "hst_raw": 0, "pal_raw": 0}, "geometry": {"type": "Point", "coordinates": [6497.0, 5226.0]}}, {"type": "Feature", "properties": {"sea_point_id": 6081, "name": "Indian Ocean", "ed_raw": 0, "hst_raw": 0, "pal_raw": 0}, "geometry": {"type": "Point", "coordinates": [11333.0, 5226.0]}}, {"type": "Feature", "properties": {"sea_point_id": 6082, "name": "Coral Sea", "ed_raw": 0, "hst_raw": 0, "pal_raw": 0}, "geometry": {"type": "Point", "coordinates": [12901.0, 5241.0]}}, {"type": "Feature", "properties": {"sea_point_id": 6083, "name": "Atlantic Ocean", "ed_raw": 0, "hst_raw": 0, "pal_raw": 0}, "geometry": {"type": "Point", "coordinates": [5889.0, 5257.0]}}, {"type": "Feature", "properties": {"sea_point_id": 6084, "name": "Atlantic Ocean", "ed_raw": 0, "hst_raw": 0, "pal_raw": 0}, "geometry": {"type": "Point", "coordinates": [4558.0, 5281.0]}}, {"type": "Feature", "properties": {"sea_point_id": 6085, "name": "Atlantic Ocean", "ed_raw": 0, "hst_raw": 0, "pal_raw": 0}, "geometry": {"type": "Point", "coordinates": [4742.0, 5272.0]}}, {"type": "Feature", "properties": {"sea_point_id": 6086, "name": "Mozambique Channel", "ed_raw": 0, "hst_raw": 0, "pal_raw": 0}, "geometry": {"type": "Point", "coordinates": [7846.0, 5304.0]}}, {"type": "Feature", "properties": {"sea_point_id": 6087, "name": "Pacific Ocean", "ed_raw": 0, "hst_raw": 0, "pal_raw": 0}, "geometry": {"type": "Point", "coordinates": [3330.0, 5319.0]}}, {"type": "Feature", "properties": {"sea_point_id": 6088, "name": "Pacific Ocean", "ed_raw": 0, "hst_raw": 0, "pal_raw": 0}, "geometry": {"type": "Point", "coordinates": [13189.0, 5319.0]}}, {"type": "Feature", "properties": {"sea_point_id": 6089, "name": "Atlantic Ocean", "ed_raw": 0, "hst_raw": 0, "pal_raw": 0}, "geometry": {"type": "Point", "coordinates": [6567.0, 5335.0]}}, {"type": "Feature", "properties": {"sea_point_id": 6090, "name": "Indian Ocean", "ed_raw": 0, "hst_raw": 0, "pal_raw": 0}, "geometry": {"type": "Point", "coordinates": [8330.0, 5335.0]}}, {"type": "Feature", "properties": {"sea_point_id": 6091, "name": "Pacific Ocean", "ed_raw": 0, "hst_raw": 0, "pal_raw": 0}, "geometry": {"type": "Point", "coordinates": [13322.0, 5335.0]}}, {"type": "Feature", "properties": {"sea_point_id": 6092, "name": "Indian Ocean", "ed_raw": 0, "hst_raw": 0, "pal_raw": 0}, "geometry": {"type": "Point", "coordinates": [11325.0, 5366.0]}}, {"type": "Feature", "properties": {"sea_point_id": 6093, "name": "Coral Sea", "ed_raw": 0, "hst_raw": 0, "pal_raw": 0}, "geometry": {"type": "Point", "coordinates": [12948.0, 5366.0]}}, {"type": "Feature", "properties": {"sea_point_id": 6094, "name": "Atlantic Ocean", "ed_raw": 0, "hst_raw": 0, "pal_raw": 0}, "geometry": {"type": "Point", "coordinates": [4524.0, 5397.0]}}, {"type": "Feature", "properties": {"sea_point_id": 6095, "name": "Pacific Ocean", "ed_raw": 0, "hst_raw": 0, "pal_raw": 0}, "geometry": {"type": "Point", "coordinates": [13423.0, 5413.0]}}, {"type": "Feature", "properties": {"sea_point_id": 6096, "name": "Indian Ocean", "ed_raw": 0, "hst_raw": 0, "pal_raw": 0}, "geometry": {"type": "Point", "coordinates": [7878.0, 5428.0]}}, {"type": "Feature", "properties": {"sea_point_id": 6097, "name": "Coral Sea", "ed_raw": 0, "hst_raw": 0, "pal_raw": 0}, "geometry": {"type": "Point", "coordinates": [13119.0, 5428.0]}}, {"type": "Feature", "properties": {"sea_point_id": 6098, "name": "Pacific Ocean", "ed_raw": 0, "hst_raw": 0, "pal_raw": 0}, "geometry": {"type": "Point", "coordinates": [3307.0, 5460.0]}}, {"type": "Feature", "properties": {"sea_point_id": 6099, "name": "Atlantic Ocean", "ed_raw": 0, "hst_raw": 0, "pal_raw": 0}, "geometry": {"type": "Point", "coordinates": [6598.0, 5460.0]}}, {"type": "Feature", "properties": {"sea_point_id": 6100, "name": "Indian Ocean", "ed_raw": 0, "hst_raw": 0, "pal_raw": 0}, "geometry": {"type": "Point", "coordinates": [8268.0, 5460.0]}}, {"type": "Feature", "properties": {"sea_point_id": 6101, "name": "Indian Ocean", "ed_raw": 0, "hst_raw": 0, "pal_raw": 0}, "geometry": {"type": "Point", "coordinates": [11356.0, 5491.0]}}, {"type": "Feature", "properties": {"sea_point_id": 6102, "name": "Atlantic Ocean", "ed_raw": 0, "hst_raw": 0, "pal_raw": 0}, "geometry": {"type": "Point", "coordinates": [4438.0, 5506.0]}}, {"type": "Feature", "properties": {"sea_point_id": 6103, "name": "Tasman Sea", "ed_raw": 0, "hst_raw": 0, "pal_raw": 0}, "geometry": {"type": "Point", "coordinates": [12955.0, 5506.0]}}, {"type": "Feature", "properties": {"sea_point_id": 6104, "name": "Indian Ocean", "ed_raw": 0, "hst_raw": 0, "pal_raw": 0}, "geometry": {"type": "Point", "coordinates": [7768.0, 5522.0]}}, {"type": "Feature", "properties": {"sea_point_id": 6105, "name": "Indian Ocean", "ed_raw": 0, "hst_raw": 0, "pal_raw": 0}, "geometry": {"type": "Point", "coordinates": [7971.0, 5522.0]}}, {"type": "Feature", "properties": {"sea_point_id": 6106, "name": "Indian Ocean", "ed_raw": 0, "hst_raw": 0, "pal_raw": 0}, "geometry": {"type": "Point", "coordinates": [8129.0, 5553.0]}}, {"type": "Feature", "properties": {"sea_point_id": 6107, "name": "Tasman Sea", "ed_raw": 0, "hst_raw": 0, "pal_raw": 0}, "geometry": {"type": "Point", "coordinates": [13127.0, 5569.0]}}, {"type": "Feature", "properties": {"sea_point_id": 6108, "name": "Atlantic Ocean", "ed_raw": 0, "hst_raw": 0, "pal_raw": 0}, "geometry": {"type": "Point", "coordinates": [6645.0, 5584.0]}}, {"type": "Feature", "properties": {"sea_point_id": 6109, "name": "Atlantic Ocean", "ed_raw": 0, "hst_raw": 0, "pal_raw": 0}, "geometry": {"type": "Point", "coordinates": [4344.0, 5600.0]}}, {"type": "Feature", "properties": {"sea_point_id": 6110, "name": "Indian Ocean", "ed_raw": 0, "hst_raw": 0, "pal_raw": 0}, "geometry": {"type": "Point", "coordinates": [11403.0, 5616.0]}}, {"type": "Feature", "properties": {"sea_point_id": 6111, "name": "Indian Ocean", "ed_raw": 0, "hst_raw": 0, "pal_raw": 0}, "geometry": {"type": "Point", "coordinates": [7698.0, 5631.0]}}, {"type": "Feature", "properties": {"sea_point_id": 6112, "name": "Tasman Sea", "ed_raw": 0, "hst_raw": 0, "pal_raw": 0}, "geometry": {"type": "Point", "coordinates": [12899.0, 5651.0]}}, {"type": "Feature", "properties": {"sea_point_id": 6113, "name": "Pacific Ocean", "ed_raw": 0, "hst_raw": 0, "pal_raw": 0}, "geometry": {"type": "Point", "coordinates": [3330.0, 5662.0]}}, {"type": "Feature", "properties": {"sea_point_id": 6114, "name": "Tasman Sea", "ed_raw": 0, "hst_raw": 0, "pal_raw": 0}, "geometry": {"type": "Point", "coordinates": [13197.0, 5678.0]}}, {"type": "Feature", "properties": {"sea_point_id": 6115, "name": "Atlantic Ocean", "ed_raw": 0, "hst_raw": 0, "pal_raw": 0}, "geometry": {"type": "Point", "coordinates": [6715.0, 5694.0]}}, {"type": "Feature", "properties": {"sea_point_id": 6116, "name": "Atlantic Ocean", "ed_raw": 0, "hst_raw": 0, "pal_raw": 0}, "geometry": {"type": "Point", "coordinates": [4243.0, 5709.0]}}, {"type": "Feature", "properties": {"sea_point_id": 6117, "name": "Indian Ocean", "ed_raw": 0, "hst_raw": 0, "pal_raw": 0}, "geometry": {"type": "Point", "coordinates": [7597.0, 5740.0]}}, {"type": "Feature", "properties": {"sea_point_id": 6118, "name": "Great Australian Bight", "ed_raw": 0, "hst_raw": 0, "pal_raw": 0}, "geometry": {"type": "Point", "coordinates": [12043.0, 5740.0]}}, {"type": "Feature", "properties": {"sea_point_id": 6119, "name": "Tasman Sea", "ed_raw": 0, "hst_raw": 0, "pal_raw": 0}, "geometry": {"type": "Point", "coordinates": [12839.0, 5754.0]}}, {"type": "Feature", "properties": {"sea_point_id": 6120, "name": "Tasman Sea", "ed_raw": 0, "hst_raw": 0, "pal_raw": 0}, "geometry": {"type": "Point", "coordinates": [13104.0, 5772.0]}}, {"type": "Feature", "properties": {"sea_point_id": 6121, "name": "Pacific Ocean", "ed_raw": 0, "hst_raw": 0, "pal_raw": 0}, "geometry": {"type": "Point", "coordinates": [3299.0, 5787.0]}}, {"type": "Feature", "properties": {"sea_point_id": 6122, "name": "Indian Ocean", "ed_raw": 0, "hst_raw": 0, "pal_raw": 0}, "geometry": {"type": "Point", "coordinates": [11458.0, 5787.0]}}, {"type": "Feature", "properties": {"sea_point_id": 6123, "name": "Atlantic Ocean", "ed_raw": 0, "hst_raw": 0, "pal_raw": 0}, "geometry": {"type": "Point", "coordinates": [4141.0, 5818.0]}}, {"type": "Feature", "properties": {"sea_point_id": 6124, "name": "Atlantic Ocean", "ed_raw": 0, "hst_raw": 0, "pal_raw": 0}, "geometry": {"type": "Point", "coordinates": [6762.0, 5818.0]}}, {"type": "Feature", "properties": {"sea_point_id": 6125, "name": "Indian Ocean", "ed_raw": 0, "hst_raw": 0, "pal_raw": 0}, "geometry": {"type": "Point", "coordinates": [7503.0, 5834.0]}}, {"type": "Feature", "properties": {"sea_point_id": 6126, "name": "Great Australian Bight", "ed_raw": 0, "hst_raw": 0, "pal_raw": 0}, "geometry": {"type": "Point", "coordinates": [11840.0, 5834.0]}}, {"type": "Feature", "properties": {"sea_point_id": 6127, "name": "Great Australian Bight", "ed_raw": 0, "hst_raw": 0, "pal_raw": 0}, "geometry": {"type": "Point", "coordinates": [12183.0, 5834.0]}}, {"type": "Feature", "properties": {"sea_point_id": 6128, "name": "Congo River", "ed_raw": 0, "hst_raw": 0, "pal_raw": 0}, "geometry": {"type": "Point", "coordinates": [7451.0, 4300.0]}}, {"type": "Feature", "properties": {"sea_point_id": 6129, "name": "Great Australian Bight", "ed_raw": 0, "hst_raw": 0, "pal_raw": 0}, "geometry": {"type": "Point", "coordinates": [11707.0, 5881.0]}}, {"type": "Feature", "properties": {"sea_point_id": 6130, "name": "Tasman Sea", "ed_raw": 0, "hst_raw": 0, "pal_raw": 0}, "geometry": {"type": "Point", "coordinates": [13033.0, 5881.0]}}, {"type": "Feature", "properties": {"sea_point_id": 6131, "name": "Atlantic Ocean", "ed_raw": 0, "hst_raw": 0, "pal_raw": 0}, "geometry": {"type": "Point", "coordinates": [3999.0, 5948.0]}}, {"type": "Feature", "properties": {"sea_point_id": 6132, "name": "Indian Ocean", "ed_raw": 0, "hst_raw": 0, "pal_raw": 0}, "geometry": {"type": "Point", "coordinates": [7386.0, 5912.0]}}, {"type": "Feature", "properties": {"sea_point_id": 6133, "name": "Great Australian Bight", "ed_raw": 0, "hst_raw": 0, "pal_raw": 0}, "geometry": {"type": "Point", "coordinates": [12300.0, 5912.0]}}, {"type": "Feature", "properties": {"sea_point_id": 6134, "name": "Pacific Ocean", "ed_raw": 0, "hst_raw": 0, "pal_raw": 0}, "geometry": {"type": "Point", "coordinates": [3291.0, 5928.0]}}, {"type": "Feature", "properties": {"sea_point_id": 6135, "name": "Atlantic Ocean", "ed_raw": 0, "hst_raw": 0, "pal_raw": 0}, "geometry": {"type": "Point", "coordinates": [6809.0, 5943.0]}}, {"type": "Feature", "properties": {"sea_point_id": 6136, "name": "Indian Ocean", "ed_raw": 0, "hst_raw": 0, "pal_raw": 0}, "geometry": {"type": "Point", "coordinates": [7254.0, 5959.0]}}, {"type": "Feature", "properties": {"sea_point_id": 6137, "name": "Tasman Sea", "ed_raw": 0, "hst_raw": 0, "pal_raw": 0}, "geometry": {"type": "Point", "coordinates": [12932.0, 5959.0]}}, {"type": "Feature", "properties": {"sea_point_id": 6138, "name": "Atlantic Ocean", "ed_raw": 0, "hst_raw": 0, "pal_raw": 0}, "geometry": {"type": "Point", "coordinates": [7105.0, 5974.0]}}, {"type": "Feature", "properties": {"sea_point_id": 6139, "name": "Atlantic Ocean", "ed_raw": 0, "hst_raw": 0, "pal_raw": 0}, "geometry": {"type": "Point", "coordinates": [6942.0, 5990.0]}}, {"type": "Feature", "properties": {"sea_point_id": 6140, "name": "Tasman Sea", "ed_raw": 0, "hst_raw": 0, "pal_raw": 0}, "geometry": {"type": "Point", "coordinates": [12920.0, 5842.0]}}, {"type": "Feature", "properties": {"sea_point_id": 6141, "name": "Great Australian Bight", "ed_raw": 0, "hst_raw": 0, "pal_raw": 0}, "geometry": {"type": "Point", "coordinates": [12370.0, 6021.0]}}, {"type": "Feature", "properties": {"sea_point_id": 6142, "name": "Atlantic Ocean", "ed_raw": 0, "hst_raw": 0, "pal_raw": 0}, "geometry": {"type": "Point", "coordinates": [3809.0, 6198.0]}}, {"type": "Feature", "properties": {"sea_point_id": 6143, "name": "Pacific Ocean", "ed_raw": 0, "hst_raw": 0, "pal_raw": 0}, "geometry": {"type": "Point", "coordinates": [3322.0, 6052.0]}}, {"type": "Feature", "properties": {"sea_point_id": 6144, "name": "Pacific Ocean", "ed_raw": 0, "hst_raw": 0, "pal_raw": 0}, "geometry": {"type": "Point", "coordinates": [13435.0, 6068.0]}}, {"type": "Feature", "properties": {"sea_point_id": 6145, "name": "Tasman Sea", "ed_raw": 0, "hst_raw": 0, "pal_raw": 0}, "geometry": {"type": "Point", "coordinates": [12729.0, 6115.0]}}, {"type": "Feature", "properties": {"sea_point_id": 6146, "name": "Atlantic Ocean", "ed_raw": 0, "hst_raw": 0, "pal_raw": 0}, "geometry": {"type": "Point", "coordinates": [4001.0, 6130.0]}}, {"type": "Feature", "properties": {"sea_point_id": 6147, "name": "Southern Ocean", "ed_raw": 0, "hst_raw": 0, "pal_raw": 0}, "geometry": {"type": "Point", "coordinates": [12441.0, 6130.0]}}, {"type": "Feature", "properties": {"sea_point_id": 6148, "name": "Pacific Ocean", "ed_raw": 0, "hst_raw": 0, "pal_raw": 0}, "geometry": {"type": "Point", "coordinates": [13353.0, 6146.0]}}, {"type": "Feature", "properties": {"sea_point_id": 6149, "name": "Southern Ocean", "ed_raw": 0, "hst_raw": 0, "pal_raw": 0}, "geometry": {"type": "Point", "coordinates": [12573.0, 6177.0]}}, {"type": "Feature", "properties": {"sea_point_id": 6150, "name": "Pacific Ocean", "ed_raw": 0, "hst_raw": 0, "pal_raw": 0}, "geometry": {"type": "Point", "coordinates": [3299.0, 6193.0]}}, {"type": "Feature", "properties": {"sea_point_id": 6151, "name": "Atlantic Ocean", "ed_raw": 0, "hst_raw": 0, "pal_raw": 0}, "geometry": {"type": "Point", "coordinates": [4102.0, 6208.0]}}, {"type": "Feature", "properties": {"sea_point_id": 6152, "name": "Pacific Ocean", "ed_raw": 0, "hst_raw": 0, "pal_raw": 0}, "geometry": {"type": "Point", "coordinates": [13260.0, 6240.0]}}, {"type": "Feature", "properties": {"sea_point_id": 6153, "name": "Southern Ocean", "ed_raw": 0, "hst_raw": 0, "pal_raw": 0}, "geometry": {"type": "Point", "coordinates": [12706.0, 6255.0]}}, {"type": "Feature", "properties": {"sea_point_id": 6154, "name": "Pacific Ocean", "ed_raw": 0, "hst_raw": 0, "pal_raw": 0}, "geometry": {"type": "Point", "coordinates": [3346.0, 6318.0]}}, {"type": "Feature", "properties": {"sea_point_id": 6155, "name": "Scotia Sea", "ed_raw": 0, "hst_raw": 0, "pal_raw": 0}, "geometry": {"type": "Point", "coordinates": [4106.0, 6362.0]}}, {"type": "Feature", "properties": {"sea_point_id": 6156, "name": "Pacific Ocean", "ed_raw": 0, "hst_raw": 0, "pal_raw": 0}, "geometry": {"type": "Point", "coordinates": [13189.0, 6349.0]}}, {"type": "Feature", "properties": {"sea_point_id": 6157, "name": "Southern Ocean", "ed_raw": 0, "hst_raw": 0, "pal_raw": 0}, "geometry": {"type": "Point", "coordinates": [12838.0, 6396.0]}}, {"type": "Feature", "properties": {"sea_point_id": 6158, "name": "Southern Ocean", "ed_raw": 0, "hst_raw": 0, "pal_raw": 0}, "geometry": {"type": "Point", "coordinates": [12963.0, 6427.0]}}, {"type": "Feature", "properties": {"sea_point_id": 6159, "name": "Southern Ocean", "ed_raw": 0, "hst_raw": 0, "pal_raw": 0}, "geometry": {"type": "Point", "coordinates": [3377.0, 6442.0]}}, {"type": "Feature", "properties": {"sea_point_id": 6160, "name": "Scotia Sea", "ed_raw": 0, "hst_raw": 0, "pal_raw": 0}, "geometry": {"type": "Point", "coordinates": [4032.0, 6442.0]}}, {"type": "Feature", "properties": {"sea_point_id": 6161, "name": "Southern Ocean", "ed_raw": 0, "hst_raw": 0, "pal_raw": 0}, "geometry": {"type": "Point", "coordinates": [3907.0, 6505.0]}}, {"type": "Feature", "properties": {"sea_point_id": 6162, "name": "Southern Ocean", "ed_raw": 0, "hst_raw": 0, "pal_raw": 0}, "geometry": {"type": "Point", "coordinates": [3463.0, 6552.0]}}, {"type": "Feature", "properties": {"sea_point_id": 6163, "name": "Southern Ocean", "ed_raw": 0, "hst_raw": 0, "pal_raw": 0}, "geometry": {"type": "Point", "coordinates": [3595.0, 6598.0]}}, {"type": "Feature", "properties": {"sea_point_id": 6164, "name": "Southern Ocean", "ed_raw": 0, "hst_raw": 0, "pal_raw": 0}, "geometry": {"type": "Point", "coordinates": [3736.0, 6598.0]}}, {"type": "Feature", "properties": {"sea_point_id": 6165, "name": "Congo River", "ed_raw": 0, "hst_raw": 0, "pal_raw": 0}, "geometry": {"type": "Point", "coordinates": [7464.0, 4311.0]}}, {"type": "Feature", "properties": {"sea_point_id": 6166, "name": "Congo River", "ed_raw": 0, "hst_raw": 0, "pal_raw": 0}, "geometry": {"type": "Point", "coordinates": [7483.0, 4322.0]}}, {"type": "Feature", "properties": {"sea_point_id": 6167, "name": "Congo River", "ed_raw": 0, "hst_raw": 0, "pal_raw": 0}, "geometry": {"type": "Point", "coordinates": [7515.0, 4335.0]}}, {"type": "Feature", "properties": {"sea_point_id": 6168, "name": "Congo River", "ed_raw": 0, "hst_raw": 0, "pal_raw": 0}, "geometry": {"type": "Point", "coordinates": [7521.0, 4350.0]}}, {"type": "Feature", "properties": {"sea_point_id": 6169, "name": "Congo River", "ed_raw": 0, "hst_raw": 0, "pal_raw": 0}, "geometry": {"type": "Point", "coordinates": [7513.0, 4372.0]}}, {"type": "Feature", "properties": {"sea_point_id": 6170, "name": "Congo River", "ed_raw": 0, "hst_raw": 0, "pal_raw": 0}, "geometry": {"type": "Point", "coordinates": [7515.0, 4379.0]}}, {"type": "Feature", "properties": {"sea_point_id": 6171, "name": "Congo River", "ed_raw": 0, "hst_raw": 0, "pal_raw": 0}, "geometry": {"type": "Point", "coordinates": [7508.0, 4409.0]}}, {"type": "Feature", "properties": {"sea_point_id": 6172, "name": "Lake Tangenyika", "ed_raw": 0, "hst_raw": 0, "pal_raw": 0}, "geometry": {"type": "Point", "coordinates": [7490.0, 4442.0]}}, {"type": "Feature", "properties": {"sea_point_id": 6173, "name": "Kara Sea", "ed_raw": 0, "hst_raw": 0, "pal_raw": 0}, "geometry": {"type": "Point", "coordinates": [9932.0, 215.0]}}, {"type": "Feature", "properties": {"sea_point_id": 6174, "name": "Lake Tangenyika", "ed_raw": 0, "hst_raw": 0, "pal_raw": 0}, "geometry": {"type": "Point", "coordinates": [7475.0, 4478.0]}}, {"type": "Feature", "properties": {"sea_point_id": 6175, "name": "Congo River", "ed_raw": 0, "hst_raw": 0, "pal_raw": 0}, "geometry": {"type": "Point", "coordinates": [7487.0, 4486.0]}}, {"type": "Feature", "properties": {"sea_point_id": 6176, "name": "Artic Ocean", "ed_raw": 0, "hst_raw": 0, "pal_raw": 0}, "geometry": {"type": "Point", "coordinates": [4828.0, 171.0]}}, {"type": "Feature", "properties": {"sea_point_id": 6177, "name": "Congo River", "ed_raw": 0, "hst_raw": 0, "pal_raw": 0}, "geometry": {"type": "Point", "coordinates": [7504.0, 4498.0]}}, {"type": "Feature", "properties": {"sea_point_id": 6178, "name": "Congo River", "ed_raw": 0, "hst_raw": 0, "pal_raw": 0}, "geometry": {"type": "Point", "coordinates": [7516.0, 4485.0]}}, {"type": "Feature", "properties": {"sea_point_id": 6179, "name": "Congo River", "ed_raw": 0, "hst_raw": 0, "pal_raw": 0}, "geometry": {"type": "Point", "coordinates": [7536.0, 4481.0]}}, {"type": "Feature", "properties": {"sea_point_id": 6180, "name": "Congo River", "ed_raw": 0, "hst_raw": 0, "pal_raw": 0}, "geometry": {"type": "Point", "coordinates": [7549.0, 4474.0]}}, {"type": "Feature", "properties": {"sea_point_id": 6181, "name": "Congo River", "ed_raw": 0, "hst_raw": 0, "pal_raw": 0}, "geometry": {"type": "Point", "coordinates": [7561.0, 4478.0]}}, {"type": "Feature", "properties": {"sea_point_id": 6182, "name": "Beaufort Sea", "ed_raw": 0, "hst_raw": 0, "pal_raw": 0}, "geometry": {"type": "Point", "coordinates": [288.0, 202.0]}}, {"type": "Feature", "properties": {"sea_point_id": 6183, "name": "Congo River", "ed_raw": 0, "hst_raw": 0, "pal_raw": 0}, "geometry": {"type": "Point", "coordinates": [7581.0, 4479.0]}}, {"type": "Feature", "properties": {"sea_point_id": 6184, "name": "Lake Victoria", "ed_raw": 0, "hst_raw": 0, "pal_raw": 0}, "geometry": {"type": "Point", "coordinates": [7601.0, 4479.0]}}, {"type": "Feature", "properties": {"sea_point_id": 6185, "name": "Lake Victoria", "ed_raw": 0, "hst_raw": 0, "pal_raw": 0}, "geometry": {"type": "Point", "coordinates": [7624.0, 4441.0]}}, {"type": "Feature", "properties": {"sea_point_id": 6188, "name": "Barents Sea", "ed_raw": 0, "hst_raw": 0, "pal_raw": 0}, "geometry": {"type": "Point", "coordinates": [8926.0, 313.0]}}, {"type": "Feature", "properties": {"sea_point_id": 6189, "name": "East Siberian Sea", "ed_raw": 0, "hst_raw": 0, "pal_raw": 0}, "geometry": {"type": "Point", "coordinates": [11937.0, 320.0]}}, {"type": "Feature", "properties": {"sea_point_id": 6190, "name": "Lake Victoria", "ed_raw": 0, "hst_raw": 0, "pal_raw": 0}, "geometry": {"type": "Point", "coordinates": [7673.0, 4466.0]}}, {"type": "Feature", "properties": {"sea_point_id": 6191, "name": "Lake Victoria", "ed_raw": 0, "hst_raw": 0, "pal_raw": 0}, "geometry": {"type": "Point", "coordinates": [7678.0, 4438.0]}}, {"type": "Feature", "properties": {"sea_point_id": 6192, "name": "Nile", "ed_raw": 0, "hst_raw": 0, "pal_raw": 0}, "geometry": {"type": "Point", "coordinates": [7686.0, 4415.0]}}, {"type": "Feature", "properties": {"sea_point_id": 6193, "name": "Nile", "ed_raw": 0, "hst_raw": 0, "pal_raw": 0}, "geometry": {"type": "Point", "coordinates": [7679.0, 4393.0]}}, {"type": "Feature", "properties": {"sea_point_id": 6195, "name": "Nile", "ed_raw": 0, "hst_raw": 0, "pal_raw": 0}, "geometry": {"type": "Point", "coordinates": [7668.0, 4378.0]}}, {"type": "Feature", "properties": {"sea_point_id": 6196, "name": "Kara Sea", "ed_raw": 0, "hst_raw": 0, "pal_raw": 0}, "geometry": {"type": "Point", "coordinates": [9422.0, 280.0]}}, {"type": "Feature", "properties": {"sea_point_id": 6197, "name": "East Siberian Sea", "ed_raw": 0, "hst_raw": 0, "pal_raw": 0}, "geometry": {"type": "Point", "coordinates": [12133.0, 336.0]}}, {"type": "Feature", "properties": {"sea_point_id": 6198, "name": "Nile", "ed_raw": 0, "hst_raw": 0, "pal_raw": 0}, "geometry": {"type": "Point", "coordinates": [7671.0, 4363.0]}}, {"type": "Feature", "properties": {"sea_point_id": 6199, "name": "Nile", "ed_raw": 0, "hst_raw": 0, "pal_raw": 0}, "geometry": {"type": "Point", "coordinates": [7680.0, 4355.0]}}, {"type": "Feature", "properties": {"sea_point_id": 6200, "name": "Nile", "ed_raw": 0, "hst_raw": 0, "pal_raw": 0}, "geometry": {"type": "Point", "coordinates": [7680.0, 4336.0]}}, {"type": "Feature", "properties": {"sea_point_id": 6201, "name": "Nile", "ed_raw": 0, "hst_raw": 0, "pal_raw": 0}, "geometry": {"type": "Point", "coordinates": [7674.0, 4323.0]}}, {"type": "Feature", "properties": {"sea_point_id": 6202, "name": "Nile", "ed_raw": 0, "hst_raw": 0, "pal_raw": 0}, "geometry": {"type": "Point", "coordinates": [7665.0, 4319.0]}}, {"type": "Feature", "properties": {"sea_point_id": 6203, "name": "Nile", "ed_raw": 0, "hst_raw": 0, "pal_raw": 0}, "geometry": {"type": "Point", "coordinates": [7647.0, 4318.0]}}, {"type": "Feature", "properties": {"sea_point_id": 6204, "name": "Nile", "ed_raw": 0, "hst_raw": 0, "pal_raw": 0}, "geometry": {"type": "Point", "coordinates": [7626.0, 4331.0]}}, {"type": "Feature", "properties": {"sea_point_id": 6205, "name": "Nile", "ed_raw": 0, "hst_raw": 0, "pal_raw": 0}, "geometry": {"type": "Point", "coordinates": [7612.0, 4331.0]}}, {"type": "Feature", "properties": {"sea_point_id": 6206, "name": "Artic Ocean", "ed_raw": 0, "hst_raw": 0, "pal_raw": 0}, "geometry": {"type": "Point", "coordinates": [3533.0, 327.0]}}, {"type": "Feature", "properties": {"sea_point_id": 6207, "name": "Nile", "ed_raw": 0, "hst_raw": 0, "pal_raw": 0}, "geometry": {"type": "Point", "coordinates": [7604.0, 4326.0]}}, {"type": "Feature", "properties": {"sea_point_id": 6208, "name": "Nile", "ed_raw": 0, "hst_raw": 0, "pal_raw": 0}, "geometry": {"type": "Point", "coordinates": [7606.0, 4319.0]}}, {"type": "Feature", "properties": {"sea_point_id": 6209, "name": "Nile", "ed_raw": 0, "hst_raw": 0, "pal_raw": 0}, "geometry": {"type": "Point", "coordinates": [7603.0, 4315.0]}}, {"type": "Feature", "properties": {"sea_point_id": 6210, "name": "Nile", "ed_raw": 0, "hst_raw": 0, "pal_raw": 0}, "geometry": {"type": "Point", "coordinates": [7604.0, 4308.0]}}, {"type": "Feature", "properties": {"sea_point_id": 6211, "name": "Nile", "ed_raw": 0, "hst_raw": 0, "pal_raw": 0}, "geometry": {"type": "Point", "coordinates": [7613.0, 4299.0]}}, {"type": "Feature", "properties": {"sea_point_id": 6212, "name": "Artic Ocean", "ed_raw": 0, "hst_raw": 0, "pal_raw": 0}, "geometry": {"type": "Point", "coordinates": [3315.0, 358.0]}}, {"type": "Feature", "properties": {"sea_point_id": 6213, "name": "Nile", "ed_raw": 0, "hst_raw": 0, "pal_raw": 0}, "geometry": {"type": "Point", "coordinates": [7614.0, 4286.0]}}, {"type": "Feature", "properties": {"sea_point_id": 6214, "name": "Nile", "ed_raw": 0, "hst_raw": 0, "pal_raw": 0}, "geometry": {"type": "Point", "coordinates": [7606.0, 4276.0]}}, {"type": "Feature", "properties": {"sea_point_id": 6215, "name": "Nile", "ed_raw": 0, "hst_raw": 0, "pal_raw": 0}, "geometry": {"type": "Point", "coordinates": [7590.0, 4277.0]}}, {"type": "Feature", "properties": {"sea_point_id": 6216, "name": "Nile", "ed_raw": 0, "hst_raw": 0, "pal_raw": 0}, "geometry": {"type": "Point", "coordinates": [7580.0, 4269.0]}}, {"type": "Feature", "properties": {"sea_point_id": 6217, "name": "Artic Ocean", "ed_raw": 0, "hst_raw": 0, "pal_raw": 0}, "geometry": {"type": "Point", "coordinates": [2363.0, 390.0]}}, {"type": "Feature", "properties": {"sea_point_id": 6218, "name": "Nile", "ed_raw": 0, "hst_raw": 0, "pal_raw": 0}, "geometry": {"type": "Point", "coordinates": [7574.0, 4269.0]}}, {"type": "Feature", "properties": {"sea_point_id": 6219, "name": "Nile", "ed_raw": 0, "hst_raw": 0, "pal_raw": 0}, "geometry": {"type": "Point", "coordinates": [7568.0, 4253.0]}}, {"type": "Feature", "properties": {"sea_point_id": 6220, "name": "Lake Victoria", "ed_raw": 0, "hst_raw": 0, "pal_raw": 0}, "geometry": {"type": "Point", "coordinates": [7660.0, 4494.0]}}, {"type": "Feature", "properties": {"sea_point_id": 6221, "name": "Lake Victoria", "ed_raw": 0, "hst_raw": 0, "pal_raw": 0}, "geometry": {"type": "Point", "coordinates": [7625.0, 4509.0]}}, {"type": "Feature", "properties": {"sea_point_id": 6222, "name": "Lake Victoria", "ed_raw": 0, "hst_raw": 0, "pal_raw": 0}, "geometry": {"type": "Point", "coordinates": [7625.0, 4527.0]}}, {"type": "Feature", "properties": {"sea_point_id": 6223, "name": "Lake Victoria", "ed_raw": 0, "hst_raw": 0, "pal_raw": 0}, "geometry": {"type": "Point", "coordinates": [7595.0, 4516.0]}}, {"type": "Feature", "properties": {"sea_point_id": 6224, "name": "Lake Tangenyika", "ed_raw": 0, "hst_raw": 0, "pal_raw": 0}, "geometry": {"type": "Point", "coordinates": [7470.0, 4489.0]}}, {"type": "Feature", "properties": {"sea_point_id": 6225, "name": "Lake Tangenyika", "ed_raw": 0, "hst_raw": 0, "pal_raw": 0}, "geometry": {"type": "Point", "coordinates": [7460.0, 4499.0]}}, {"type": "Feature", "properties": {"sea_point_id": 6226, "name": "Lake Tangenyika", "ed_raw": 0, "hst_raw": 0, "pal_raw": 0}, "geometry": {"type": "Point", "coordinates": [7464.0, 4528.0]}}, {"type": "Feature", "properties": {"sea_point_id": 6227, "name": "Lake Tangenyika", "ed_raw": 0, "hst_raw": 0, "pal_raw": 0}, "geometry": {"type": "Point", "coordinates": [7456.0, 4541.0]}}, {"type": "Feature", "properties": {"sea_point_id": 6228, "name": "Norwegian Sea", "ed_raw": 0, "hst_raw": 0, "pal_raw": 0}, "geometry": {"type": "Point", "coordinates": [6637.0, 546.0]}}, {"type": "Feature", "properties": {"sea_point_id": 6229, "name": "Greenland Sea", "ed_raw": 0, "hst_raw": 0, "pal_raw": 0}, "geometry": {"type": "Point", "coordinates": [5499.0, 608.0]}}, {"type": "Feature", "properties": {"sea_point_id": 6230, "name": "Norwegian Sea", "ed_raw": 0, "hst_raw": 0, "pal_raw": 0}, "geometry": {"type": "Point", "coordinates": [5631.0, 686.0]}}, {"type": "Feature", "properties": {"sea_point_id": 6231, "name": "Norwegian Sea", "ed_raw": 0, "hst_raw": 0, "pal_raw": 0}, "geometry": {"type": "Point", "coordinates": [6536.0, 717.0]}}, {"type": "Feature", "properties": {"sea_point_id": 6232, "name": "Norwegian Sea", "ed_raw": 0, "hst_raw": 0, "pal_raw": 0}, "geometry": {"type": "Point", "coordinates": [5787.0, 811.0]}}, {"type": "Feature", "properties": {"sea_point_id": 6233, "name": "Norwegian Sea", "ed_raw": 0, "hst_raw": 0, "pal_raw": 0}, "geometry": {"type": "Point", "coordinates": [6029.0, 920.0]}}, {"type": "Feature", "properties": {"sea_point_id": 6234, "name": "Norwegian Sea", "ed_raw": 0, "hst_raw": 0, "pal_raw": 0}, "geometry": {"type": "Point", "coordinates": [6380.0, 967.0]}}, {"type": "Feature", "properties": {"sea_point_id": 6235, "name": "Bering Sea", "ed_raw": 0, "hst_raw": 0, "pal_raw": 0}, "geometry": {"type": "Point", "coordinates": [13267.0, 982.0]}}, {"type": "Feature", "properties": {"sea_point_id": 6236, "name": "Bering Sea", "ed_raw": 0, "hst_raw": 0, "pal_raw": 0}, "geometry": {"type": "Point", "coordinates": [13041.0, 1060.0]}}, {"type": "Feature", "properties": {"sea_point_id": 6237, "name": "North Sea", "ed_raw": 0, "hst_raw": 0, "pal_raw": 0}, "geometry": {"type": "Point", "coordinates": [6216.0, 1076.0]}}, {"type": "Feature", "properties": {"sea_point_id": 6238, "name": "Atlantic Ocean", "ed_raw": 0, "hst_raw": 0, "pal_raw": 0}, "geometry": {"type": "Point", "coordinates": [5034.0, 1185.0]}}, {"type": "Feature", "properties": {"sea_point_id": 6239, "name": "Gulf of Alaska", "ed_raw": 0, "hst_raw": 0, "pal_raw": 0}, "geometry": {"type": "Point", "coordinates": [787.0, 1263.0]}}, {"type": "Feature", "properties": {"sea_point_id": 6240, "name": "Atlantic Ocean", "ed_raw": 0, "hst_raw": 0, "pal_raw": 0}, "geometry": {"type": "Point", "coordinates": [5222.0, 1268.0]}}, {"type": "Feature", "properties": {"sea_point_id": 6241, "name": "Bering Sea", "ed_raw": 0, "hst_raw": 0, "pal_raw": 0}, "geometry": {"type": "Point", "coordinates": [12815.0, 1294.0]}}, {"type": "Feature", "properties": {"sea_point_id": 6242, "name": "Gulf of Alaska", "ed_raw": 0, "hst_raw": 0, "pal_raw": 0}, "geometry": {"type": "Point", "coordinates": [622.0, 1257.0]}}, {"type": "Feature", "properties": {"sea_point_id": 6243, "name": "Atlantic Ocean", "ed_raw": 0, "hst_raw": 0, "pal_raw": 0}, "geometry": {"type": "Point", "coordinates": [5358.0, 1357.0]}}, {"type": "Feature", "properties": {"sea_point_id": 6244, "name": "Atlantic Ocean", "ed_raw": 0, "hst_raw": 0, "pal_raw": 0}, "geometry": {"type": "Point", "coordinates": [5038.0, 1372.0]}}, {"type": "Feature", "properties": {"sea_point_id": 6245, "name": "Gulf of Alaska", "ed_raw": 0, "hst_raw": 0, "pal_raw": 0}, "geometry": {"type": "Point", "coordinates": [436.0, 1404.0]}}, {"type": "Feature", "properties": {"sea_point_id": 6246, "name": "Pacific Ocean", "ed_raw": 0, "hst_raw": 0, "pal_raw": 0}, "geometry": {"type": "Point", "coordinates": [12714.0, 1404.0]}}, {"type": "Feature", "properties": {"sea_point_id": 6247, "name": "Pacific Ocean", "ed_raw": 0, "hst_raw": 0, "pal_raw": 0}, "geometry": {"type": "Point", "coordinates": [865.0, 1419.0]}}, {"type": "Feature", "properties": {"sea_point_id": 6248, "name": "Pacific Ocean", "ed_raw": 0, "hst_raw": 0, "pal_raw": 0}, "geometry": {"type": "Point", "coordinates": [265.0, 1466.0]}}, {"type": "Feature", "properties": {"sea_point_id": 6249, "name": "Sea of Okhotsk", "ed_raw": 0, "hst_raw": 0, "pal_raw": 0}, "geometry": {"type": "Point", "coordinates": [12261.0, 1466.0]}}, {"type": "Feature", "properties": {"sea_point_id": 6250, "name": "Pacific Ocean", "ed_raw": 0, "hst_raw": 0, "pal_raw": 0}, "geometry": {"type": "Point", "coordinates": [12628.0, 1513.0]}}, {"type": "Feature", "properties": {"sea_point_id": 6251, "name": "Atlantic Ocean", "ed_raw": 0, "hst_raw": 0, "pal_raw": 0}, "geometry": {"type": "Point", "coordinates": [5304.0, 1528.0]}}, {"type": "Feature", "properties": {"sea_point_id": 6252, "name": "Sea of Okhotsk", "ed_raw": 0, "hst_raw": 0, "pal_raw": 0}, "geometry": {"type": "Point", "coordinates": [12363.0, 1544.0]}}, {"type": "Feature", "properties": {"sea_point_id": 6253, "name": "Atlantic Ocean", "ed_raw": 0, "hst_raw": 0, "pal_raw": 0}, "geometry": {"type": "Point", "coordinates": [5046.0, 1575.0]}}, {"type": "Feature", "properties": {"sea_point_id": 6254, "name": "Pacific Ocean", "ed_raw": 0, "hst_raw": 0, "pal_raw": 0}, "geometry": {"type": "Point", "coordinates": [936.0, 1622.0]}}, {"type": "Feature", "properties": {"sea_point_id": 6255, "name": "Pacific Ocean", "ed_raw": 0, "hst_raw": 0, "pal_raw": 0}, "geometry": {"type": "Point", "coordinates": [12417.0, 1684.0]}}, {"type": "Feature", "properties": {"sea_point_id": 6256, "name": "Atlantic Ocean", "ed_raw": 0, "hst_raw": 0, "pal_raw": 0}, "geometry": {"type": "Point", "coordinates": [4836.0, 1747.0]}}, {"type": "Feature", "properties": {"sea_point_id": 6257, "name": "Pacific Ocean", "ed_raw": 0, "hst_raw": 0, "pal_raw": 0}, "geometry": {"type": "Point", "coordinates": [943.0, 1762.0]}}, {"type": "Feature", "properties": {"sea_point_id": 6258, "name": "Atlantic Ocean", "ed_raw": 0, "hst_raw": 0, "pal_raw": 0}, "geometry": {"type": "Point", "coordinates": [5374.0, 1762.0]}}, {"type": "Feature", "properties": {"sea_point_id": 6259, "name": "Atlantic Ocean", "ed_raw": 0, "hst_raw": 0, "pal_raw": 0}, "geometry": {"type": "Point", "coordinates": [4602.0, 1840.0]}}, {"type": "Feature", "properties": {"sea_point_id": 6260, "name": "Pacific Ocean", "ed_raw": 0, "hst_raw": 0, "pal_raw": 0}, "geometry": {"type": "Point", "coordinates": [920.0, 1903.0]}}, {"type": "Feature", "properties": {"sea_point_id": 6261, "name": "Pacific Ocean", "ed_raw": 0, "hst_raw": 0, "pal_raw": 0}, "geometry": {"type": "Point", "coordinates": [12558.0, 1903.0]}}, {"type": "Feature", "properties": {"sea_point_id": 6262, "name": "Atlantic Ocean", "ed_raw": 0, "hst_raw": 0, "pal_raw": 0}, "geometry": {"type": "Point", "coordinates": [4414.0, 1965.0]}}, {"type": "Feature", "properties": {"sea_point_id": 6263, "name": "Atlantic Ocean", "ed_raw": 0, "hst_raw": 0, "pal_raw": 0}, "geometry": {"type": "Point", "coordinates": [4219.0, 1981.0]}}, {"type": "Feature", "properties": {"sea_point_id": 6264, "name": "Atlantic Ocean", "ed_raw": 0, "hst_raw": 0, "pal_raw": 0}, "geometry": {"type": "Point", "coordinates": [5421.0, 1981.0]}}, {"type": "Feature", "properties": {"sea_point_id": 6265, "name": "Pacific Ocean", "ed_raw": 0, "hst_raw": 0, "pal_raw": 0}, "geometry": {"type": "Point", "coordinates": [12519.0, 2074.0]}}, {"type": "Feature", "properties": {"sea_point_id": 6266, "name": "Atlantic Ocean", "ed_raw": 0, "hst_raw": 0, "pal_raw": 0}, "geometry": {"type": "Point", "coordinates": [4149.0, 2090.0]}}, {"type": "Feature", "properties": {"sea_point_id": 6267, "name": "Pacific Ocean", "ed_raw": 0, "hst_raw": 0, "pal_raw": 0}, "geometry": {"type": "Point", "coordinates": [990.0, 2106.0]}}, {"type": "Feature", "properties": {"sea_point_id": 6268, "name": "Atlantic Ocean", "ed_raw": 0, "hst_raw": 0, "pal_raw": 0}, "geometry": {"type": "Point", "coordinates": [5358.0, 2106.0]}}, {"type": "Feature", "properties": {"sea_point_id": 6269, "name": "Atlantic Ocean", "ed_raw": 0, "hst_raw": 0, "pal_raw": 0}, "geometry": {"type": "Point", "coordinates": [3985.0, 2199.0]}}, {"type": "Feature", "properties": {"sea_point_id": 6270, "name": "Pacific Ocean", "ed_raw": 0, "hst_raw": 0, "pal_raw": 0}, "geometry": {"type": "Point", "coordinates": [12394.0, 2230.0]}}, {"type": "Feature", "properties": {"sea_point_id": 6271, "name": "Pacific Ocean", "ed_raw": 0, "hst_raw": 0, "pal_raw": 0}, "geometry": {"type": "Point", "coordinates": [998.0, 2277.0]}}, {"type": "Feature", "properties": {"sea_point_id": 6272, "name": "Atlantic Ocean", "ed_raw": 0, "hst_raw": 0, "pal_raw": 0}, "geometry": {"type": "Point", "coordinates": [3915.0, 2308.0]}}, {"type": "Feature", "properties": {"sea_point_id": 6273, "name": "Atlantic Ocean", "ed_raw": 0, "hst_raw": 0, "pal_raw": 0}, "geometry": {"type": "Point", "coordinates": [4999.0, 2324.0]}}, {"type": "Feature", "properties": {"sea_point_id": 6274, "name": "Atlantic Ocean", "ed_raw": 0, "hst_raw": 0, "pal_raw": 0}, "geometry": {"type": "Point", "coordinates": [5249.0, 2324.0]}}, {"type": "Feature", "properties": {"sea_point_id": 6275, "name": "Pacific Ocean", "ed_raw": 0, "hst_raw": 0, "pal_raw": 0}, "geometry": {"type": "Point", "coordinates": [210.0, 2386.0]}}, {"type": "Feature", "properties": {"sea_point_id": 6276, "name": "Pacific Ocean", "ed_raw": 0, "hst_raw": 0, "pal_raw": 0}, "geometry": {"type": "Point", "coordinates": [12331.0, 2386.0]}}, {"type": "Feature", "properties": {"sea_point_id": 6277, "name": "Atlantic Ocean", "ed_raw": 0, "hst_raw": 0, "pal_raw": 0}, "geometry": {"type": "Point", "coordinates": [4758.0, 2402.0]}}, {"type": "Feature", "properties": {"sea_point_id": 6278, "name": "Pacific Ocean", "ed_raw": 0, "hst_raw": 0, "pal_raw": 0}, "geometry": {"type": "Point", "coordinates": [1076.0, 2433.0]}}, {"type": "Feature", "properties": {"sea_point_id": 6279, "name": "Atlantic Ocean", "ed_raw": 0, "hst_raw": 0, "pal_raw": 0}, "geometry": {"type": "Point", "coordinates": [3876.0, 2449.0]}}, {"type": "Feature", "properties": {"sea_point_id": 6280, "name": "Atlantic Ocean", "ed_raw": 0, "hst_raw": 0, "pal_raw": 0}, "geometry": {"type": "Point", "coordinates": [5187.0, 2480.0]}}, {"type": "Feature", "properties": {"sea_point_id": 6281, "name": "Pacific Ocean", "ed_raw": 0, "hst_raw": 0, "pal_raw": 0}, "geometry": {"type": "Point", "coordinates": [12297.0, 2536.0]}}, {"type": "Feature", "properties": {"sea_point_id": 6282, "name": "Pacific Ocean", "ed_raw": 0, "hst_raw": 0, "pal_raw": 0}, "geometry": {"type": "Point", "coordinates": [343.0, 2558.0]}}, {"type": "Feature", "properties": {"sea_point_id": 6283, "name": "Pacific Ocean", "ed_raw": 0, "hst_raw": 0, "pal_raw": 0}, "geometry": {"type": "Point", "coordinates": [1170.0, 2558.0]}}, {"type": "Feature", "properties": {"sea_point_id": 6284, "name": "Atlantic Ocean", "ed_raw": 0, "hst_raw": 0, "pal_raw": 0}, "geometry": {"type": "Point", "coordinates": [3751.0, 2605.0]}}, {"type": "Feature", "properties": {"sea_point_id": 6285, "name": "Atlantic Ocean", "ed_raw": 0, "hst_raw": 0, "pal_raw": 0}, "geometry": {"type": "Point", "coordinates": [5155.0, 2605.0]}}, {"type": "Feature", "properties": {"sea_point_id": 6286, "name": "Atlantic Ocean", "ed_raw": 0, "hst_raw": 0, "pal_raw": 0}, "geometry": {"type": "Point", "coordinates": [4687.0, 2636.0]}}, {"type": "Feature", "properties": {"sea_point_id": 6287, "name": "Pacific Ocean", "ed_raw": 0, "hst_raw": 0, "pal_raw": 0}, "geometry": {"type": "Point", "coordinates": [1279.0, 2652.0]}}, {"type": "Feature", "properties": {"sea_point_id": 6288, "name": "Atlantic Ocean", "ed_raw": 0, "hst_raw": 0, "pal_raw": 0}, "geometry": {"type": "Point", "coordinates": [3625.0, 2704.0]}}, {"type": "Feature", "properties": {"sea_point_id": 6289, "name": "Pacific Ocean", "ed_raw": 0, "hst_raw": 0, "pal_raw": 0}, "geometry": {"type": "Point", "coordinates": [12222.0, 2730.0]}}, {"type": "Feature", "properties": {"sea_point_id": 6290, "name": "Atlantic Ocean", "ed_raw": 0, "hst_raw": 0, "pal_raw": 0}, "geometry": {"type": "Point", "coordinates": [5148.0, 2745.0]}}, {"type": "Feature", "properties": {"sea_point_id": 6291, "name": "Pacific Ocean", "ed_raw": 0, "hst_raw": 0, "pal_raw": 0}, "geometry": {"type": "Point", "coordinates": [273.0, 2792.0]}}, {"type": "Feature", "properties": {"sea_point_id": 6292, "name": "Atlantic Ocean", "ed_raw": 0, "hst_raw": 0, "pal_raw": 0}, "geometry": {"type": "Point", "coordinates": [5249.0, 2823.0]}}, {"type": "Feature", "properties": {"sea_point_id": 6293, "name": "Pacific Ocean", "ed_raw": 0, "hst_raw": 0, "pal_raw": 0}, "geometry": {"type": "Point", "coordinates": [639.0, 2839.0]}}, {"type": "Feature", "properties": {"sea_point_id": 6294, "name": "Atlantic Ocean", "ed_raw": 0, "hst_raw": 0, "pal_raw": 0}, "geometry": {"type": "Point", "coordinates": [4882.0, 2839.0]}}, {"type": "Feature", "properties": {"sea_point_id": 6295, "name": "Pacific Ocean", "ed_raw": 0, "hst_raw": 0, "pal_raw": 0}, "geometry": {"type": "Point", "coordinates": [12074.0, 2839.0]}}, {"type": "Feature", "properties": {"sea_point_id": 6296, "name": "Pacific Ocean", "ed_raw": 0, "hst_raw": 0, "pal_raw": 0}, "geometry": {"type": "Point", "coordinates": [1427.0, 2854.0]}}, {"type": "Feature", "properties": {"sea_point_id": 6297, "name": "Pacific Ocean", "ed_raw": 0, "hst_raw": 0, "pal_raw": 0}, "geometry": {"type": "Point", "coordinates": [421.0, 2870.0]}}, {"type": "Feature", "properties": {"sea_point_id": 6298, "name": "Atlantic Ocean", "ed_raw": 0, "hst_raw": 0, "pal_raw": 0}, "geometry": {"type": "Point", "coordinates": [3766.0, 2898.0]}}, {"type": "Feature", "properties": {"sea_point_id": 6299, "name": "Pacific Ocean", "ed_raw": 0, "hst_raw": 0, "pal_raw": 0}, "geometry": {"type": "Point", "coordinates": [811.0, 2901.0]}}, {"type": "Feature", "properties": {"sea_point_id": 6300, "name": "Gulf of Mexico", "ed_raw": 0, "hst_raw": 0, "pal_raw": 0}, "geometry": {"type": "Point", "coordinates": [3018.0, 2917.0]}}, {"type": "Feature", "properties": {"sea_point_id": 6301, "name": "Pacific Ocean", "ed_raw": 0, "hst_raw": 0, "pal_raw": 0}, "geometry": {"type": "Point", "coordinates": [11957.0, 2917.0]}}, {"type": "Feature", "properties": {"sea_point_id": 6302, "name": "Atlantic Ocean", "ed_raw": 0, "hst_raw": 0, "pal_raw": 0}, "geometry": {"type": "Point", "coordinates": [3861.0, 2948.0]}}, {"type": "Feature", "properties": {"sea_point_id": 6303, "name": "Atlantic Ocean", "ed_raw": 0, "hst_raw": 0, "pal_raw": 0}, "geometry": {"type": "Point", "coordinates": [5280.0, 2948.0]}}, {"type": "Feature", "properties": {"sea_point_id": 6304, "name": "Pacific Ocean", "ed_raw": 0, "hst_raw": 0, "pal_raw": 0}, "geometry": {"type": "Point", "coordinates": [943.0, 2979.0]}}, {"type": "Feature", "properties": {"sea_point_id": 6305, "name": "Atlantic Ocean", "ed_raw": 0, "hst_raw": 0, "pal_raw": 0}, "geometry": {"type": "Point", "coordinates": [3985.0, 2979.0]}}, {"type": "Feature", "properties": {"sea_point_id": 6306, "name": "Pacific Ocean", "ed_raw": 0, "hst_raw": 0, "pal_raw": 0}, "geometry": {"type": "Point", "coordinates": [304.0, 3010.0]}}, {"type": "Feature", "properties": {"sea_point_id": 6307, "name": "Pacific Ocean", "ed_raw": 0, "hst_raw": 0, "pal_raw": 0}, "geometry": {"type": "Point", "coordinates": [13228.0, 3026.0]}}, {"type": "Feature", "properties": {"sea_point_id": 6308, "name": "Pacific Ocean", "ed_raw": 0, "hst_raw": 0, "pal_raw": 0}, "geometry": {"type": "Point", "coordinates": [1505.0, 3042.0]}}, {"type": "Feature", "properties": {"sea_point_id": 6309, "name": "Atlantic Ocean", "ed_raw": 0, "hst_raw": 0, "pal_raw": 0}, "geometry": {"type": "Point", "coordinates": [4110.0, 3042.0]}}, {"type": "Feature", "properties": {"sea_point_id": 6310, "name": "Atlantic Ocean", "ed_raw": 0, "hst_raw": 0, "pal_raw": 0}, "geometry": {"type": "Point", "coordinates": [5233.0, 3073.0]}}, {"type": "Feature", "properties": {"sea_point_id": 6311, "name": "Pacific Ocean", "ed_raw": 0, "hst_raw": 0, "pal_raw": 0}, "geometry": {"type": "Point", "coordinates": [11895.0, 3073.0]}}, {"type": "Feature", "properties": {"sea_point_id": 6312, "name": "Pacific Ocean", "ed_raw": 0, "hst_raw": 0, "pal_raw": 0}, "geometry": {"type": "Point", "coordinates": [13400.0, 3088.0]}}, {"type": "Feature", "properties": {"sea_point_id": 6313, "name": "Pacific Ocean", "ed_raw": 0, "hst_raw": 0, "pal_raw": 0}, "geometry": {"type": "Point", "coordinates": [1599.0, 3135.0]}}, {"type": "Feature", "properties": {"sea_point_id": 6314, "name": "Pacific Ocean", "ed_raw": 0, "hst_raw": 0, "pal_raw": 0}, "geometry": {"type": "Point", "coordinates": [13018.0, 3135.0]}}, {"type": "Feature", "properties": {"sea_point_id": 6315, "name": "Pacific Ocean", "ed_raw": 0, "hst_raw": 0, "pal_raw": 0}, "geometry": {"type": "Point", "coordinates": [312.0, 3151.0]}}, {"type": "Feature", "properties": {"sea_point_id": 6316, "name": "Pacific Ocean", "ed_raw": 0, "hst_raw": 0, "pal_raw": 0}, "geometry": {"type": "Point", "coordinates": [1068.0, 3166.0]}}, {"type": "Feature", "properties": {"sea_point_id": 6317, "name": "Atlantic Ocean", "ed_raw": 0, "hst_raw": 0, "pal_raw": 0}, "geometry": {"type": "Point", "coordinates": [4282.0, 3198.0]}}, {"type": "Feature", "properties": {"sea_point_id": 6318, "name": "Pacific Ocean", "ed_raw": 0, "hst_raw": 0, "pal_raw": 0}, "geometry": {"type": "Point", "coordinates": [11815.0, 3224.0]}}, {"type": "Feature", "properties": {"sea_point_id": 6319, "name": "Pacific Ocean", "ed_raw": 0, "hst_raw": 0, "pal_raw": 0}, "geometry": {"type": "Point", "coordinates": [1778.0, 3244.0]}}, {"type": "Feature", "properties": {"sea_point_id": 6320, "name": "Pacific Ocean", "ed_raw": 0, "hst_raw": 0, "pal_raw": 0}, "geometry": {"type": "Point", "coordinates": [12753.0, 3260.0]}}, {"type": "Feature", "properties": {"sea_point_id": 6321, "name": "Atlantic Ocean", "ed_raw": 0, "hst_raw": 0, "pal_raw": 0}, "geometry": {"type": "Point", "coordinates": [5085.0, 3276.0]}}, {"type": "Feature", "properties": {"sea_point_id": 6322, "name": "Pacific Ocean", "ed_raw": 0, "hst_raw": 0, "pal_raw": 0}, "geometry": {"type": "Point", "coordinates": [12526.0, 3307.0]}}, {"type": "Feature", "properties": {"sea_point_id": 6323, "name": "Pacific Ocean", "ed_raw": 0, "hst_raw": 0, "pal_raw": 0}, "geometry": {"type": "Point", "coordinates": [1848.0, 3354.0]}}, {"type": "Feature", "properties": {"sea_point_id": 6324, "name": "Caribbean Sea", "ed_raw": 0, "hst_raw": 0, "pal_raw": 0}, "geometry": {"type": "Point", "coordinates": [3205.0, 3354.0]}}, {"type": "Feature", "properties": {"sea_point_id": 6325, "name": "Pacific Ocean", "ed_raw": 0, "hst_raw": 0, "pal_raw": 0}, "geometry": {"type": "Point", "coordinates": [12987.0, 3354.0]}}, {"type": "Feature", "properties": {"sea_point_id": 6326, "name": "Pacific Ocean", "ed_raw": 0, "hst_raw": 0, "pal_raw": 0}, "geometry": {"type": "Point", "coordinates": [444.0, 3385.0]}}, {"type": "Feature", "properties": {"sea_point_id": 6327, "name": "Pacific Ocean", "ed_raw": 0, "hst_raw": 0, "pal_raw": 0}, "geometry": {"type": "Point", "coordinates": [1084.0, 3385.0]}}, {"type": "Feature", "properties": {"sea_point_id": 6328, "name": "Atlantic Ocean", "ed_raw": 0, "hst_raw": 0, "pal_raw": 0}, "geometry": {"type": "Point", "coordinates": [5116.0, 3400.0]}}, {"type": "Feature", "properties": {"sea_point_id": 6329, "name": "Pacific Ocean", "ed_raw": 0, "hst_raw": 0, "pal_raw": 0}, "geometry": {"type": "Point", "coordinates": [12402.0, 3400.0]}}, {"type": "Feature", "properties": {"sea_point_id": 6330, "name": "Pacific Ocean", "ed_raw": 0, "hst_raw": 0, "pal_raw": 0}, "geometry": {"type": "Point", "coordinates": [11801.0, 3416.0]}}, {"type": "Feature", "properties": {"sea_point_id": 6331, "name": "Atlantic Ocean", "ed_raw": 0, "hst_raw": 0, "pal_raw": 0}, "geometry": {"type": "Point", "coordinates": [4263.0, 3456.0]}}, {"type": "Feature", "properties": {"sea_point_id": 6332, "name": "Pacific Ocean", "ed_raw": 0, "hst_raw": 0, "pal_raw": 0}, "geometry": {"type": "Point", "coordinates": [678.0, 3447.0]}}, {"type": "Feature", "properties": {"sea_point_id": 6333, "name": "Arabian Sea", "ed_raw": 0, "hst_raw": 0, "pal_raw": 0}, "geometry": {"type": "Point", "coordinates": [9071.0, 3447.0]}}, {"type": "Feature", "properties": {"sea_point_id": 6334, "name": "Pacific Ocean", "ed_raw": 0, "hst_raw": 0, "pal_raw": 0}, "geometry": {"type": "Point", "coordinates": [13260.0, 3463.0]}}, {"type": "Feature", "properties": {"sea_point_id": 6335, "name": "Pacific Ocean", "ed_raw": 0, "hst_raw": 0, "pal_raw": 0}, "geometry": {"type": "Point", "coordinates": [803.0, 3478.0]}}, {"type": "Feature", "properties": {"sea_point_id": 6336, "name": "Pacific Ocean", "ed_raw": 0, "hst_raw": 0, "pal_raw": 0}, "geometry": {"type": "Point", "coordinates": [148.0, 3510.0]}}, {"type": "Feature", "properties": {"sea_point_id": 6337, "name": "Pacific Ocean", "ed_raw": 0, "hst_raw": 0, "pal_raw": 0}, "geometry": {"type": "Point", "coordinates": [12292.0, 3525.0]}}, {"type": "Feature", "properties": {"sea_point_id": 6338, "name": "Pacific Ocean", "ed_raw": 0, "hst_raw": 0, "pal_raw": 0}, "geometry": {"type": "Point", "coordinates": [1973.0, 3541.0]}}, {"type": "Feature", "properties": {"sea_point_id": 6339, "name": "Atlantic Ocean", "ed_raw": 0, "hst_raw": 0, "pal_raw": 0}, "geometry": {"type": "Point", "coordinates": [4156.0, 3568.0]}}, {"type": "Feature", "properties": {"sea_point_id": 6340, "name": "Arabian Sea", "ed_raw": 0, "hst_raw": 0, "pal_raw": 0}, "geometry": {"type": "Point", "coordinates": [9009.0, 3572.0]}}, {"type": "Feature", "properties": {"sea_point_id": 6341, "name": "Arabian Sea", "ed_raw": 0, "hst_raw": 0, "pal_raw": 0}, "geometry": {"type": "Point", "coordinates": [9141.0, 3588.0]}}, {"type": "Feature", "properties": {"sea_point_id": 6342, "name": "Pacific Ocean", "ed_raw": 0, "hst_raw": 0, "pal_raw": 0}, "geometry": {"type": "Point", "coordinates": [11941.0, 3603.0]}}, {"type": "Feature", "properties": {"sea_point_id": 6343, "name": "Pacific Ocean", "ed_raw": 0, "hst_raw": 0, "pal_raw": 0}, "geometry": {"type": "Point", "coordinates": [2074.0, 3619.0]}}, {"type": "Feature", "properties": {"sea_point_id": 6344, "name": "Atlantic Ocean", "ed_raw": 0, "hst_raw": 0, "pal_raw": 0}, "geometry": {"type": "Point", "coordinates": [4305.0, 3619.0]}}, {"type": "Feature", "properties": {"sea_point_id": 6345, "name": "Atlantic Ocean", "ed_raw": 0, "hst_raw": 0, "pal_raw": 0}, "geometry": {"type": "Point", "coordinates": [5054.0, 3619.0]}}, {"type": "Feature", "properties": {"sea_point_id": 6346, "name": "Pacific Ocean", "ed_raw": 0, "hst_raw": 0, "pal_raw": 0}, "geometry": {"type": "Point", "coordinates": [12924.0, 3634.0]}}, {"type": "Feature", "properties": {"sea_point_id": 6347, "name": "Pacific Ocean", "ed_raw": 0, "hst_raw": 0, "pal_raw": 0}, "geometry": {"type": "Point", "coordinates": [13174.0, 3634.0]}}, {"type": "Feature", "properties": {"sea_point_id": 6348, "name": "Bay of Bengal", "ed_raw": 0, "hst_raw": 0, "pal_raw": 0}, "geometry": {"type": "Point", "coordinates": [10077.0, 3650.0]}}, {"type": "Feature", "properties": {"sea_point_id": 6349, "name": "Pacific Ocean", "ed_raw": 0, "hst_raw": 0, "pal_raw": 0}, "geometry": {"type": "Point", "coordinates": [2238.0, 3666.0]}}, {"type": "Feature", "properties": {"sea_point_id": 6350, "name": "Atlantic Ocean", "ed_raw": 0, "hst_raw": 0, "pal_raw": 0}, "geometry": {"type": "Point", "coordinates": [4430.0, 3681.0]}}, {"type": "Feature", "properties": {"sea_point_id": 6351, "name": "Bay of Bengal", "ed_raw": 0, "hst_raw": 0, "pal_raw": 0}, "geometry": {"type": "Point", "coordinates": [10218.0, 3681.0]}}, {"type": "Feature", "properties": {"sea_point_id": 6352, "name": "Pacific Ocean", "ed_raw": 0, "hst_raw": 0, "pal_raw": 0}, "geometry": {"type": "Point", "coordinates": [13338.0, 3681.0]}}, {"type": "Feature", "properties": {"sea_point_id": 6353, "name": "Pacific Ocean", "ed_raw": 0, "hst_raw": 0, "pal_raw": 0}, "geometry": {"type": "Point", "coordinates": [2371.0, 3712.0]}}, {"type": "Feature", "properties": {"sea_point_id": 6354, "name": "Arabian Sea", "ed_raw": 0, "hst_raw": 0, "pal_raw": 0}, "geometry": {"type": "Point", "coordinates": [9172.0, 3712.0]}}, {"type": "Feature", "properties": {"sea_point_id": 6355, "name": "Pacific Ocean", "ed_raw": 0, "hst_raw": 0, "pal_raw": 0}, "geometry": {"type": "Point", "coordinates": [12152.0, 3712.0]}}, {"type": "Feature", "properties": {"sea_point_id": 6356, "name": "Arabian Sea", "ed_raw": 0, "hst_raw": 0, "pal_raw": 0}, "geometry": {"type": "Point", "coordinates": [8899.0, 3728.0]}}, {"type": "Feature", "properties": {"sea_point_id": 6357, "name": "Bay of Bengal", "ed_raw": 0, "hst_raw": 0, "pal_raw": 0}, "geometry": {"type": "Point", "coordinates": [9991.0, 3759.0]}}, {"type": "Feature", "properties": {"sea_point_id": 6358, "name": "Pacific Ocean", "ed_raw": 0, "hst_raw": 0, "pal_raw": 0}, "geometry": {"type": "Point", "coordinates": [12277.0, 3775.0]}}, {"type": "Feature", "properties": {"sea_point_id": 6359, "name": "Atlantic Ocean", "ed_raw": 0, "hst_raw": 0, "pal_raw": 0}, "geometry": {"type": "Point", "coordinates": [4555.0, 3806.0]}}, {"type": "Feature", "properties": {"sea_point_id": 6360, "name": "Pacific Ocean", "ed_raw": 0, "hst_raw": 0, "pal_raw": 0}, "geometry": {"type": "Point", "coordinates": [2581.0, 3853.0]}}, {"type": "Feature", "properties": {"sea_point_id": 6361, "name": "Arabian Sea", "ed_raw": 0, "hst_raw": 0, "pal_raw": 0}, "geometry": {"type": "Point", "coordinates": [9227.0, 3853.0]}}, {"type": "Feature", "properties": {"sea_point_id": 6362, "name": "Bay of Bengal", "ed_raw": 0, "hst_raw": 0, "pal_raw": 0}, "geometry": {"type": "Point", "coordinates": [10194.0, 3853.0]}}, {"type": "Feature", "properties": {"sea_point_id": 6363, "name": "Pacific Ocean", "ed_raw": 0, "hst_raw": 0, "pal_raw": 0}, "geometry": {"type": "Point", "coordinates": [12402.0, 3868.0]}}, {"type": "Feature", "properties": {"sea_point_id": 6364, "name": "Atlantic Ocean", "ed_raw": 0, "hst_raw": 0, "pal_raw": 0}, "geometry": {"type": "Point", "coordinates": [5077.0, 3884.0]}}, {"type": "Feature", "properties": {"sea_point_id": 6365, "name": "Atlantic Ocean", "ed_raw": 0, "hst_raw": 0, "pal_raw": 0}, "geometry": {"type": "Point", "coordinates": [4648.0, 3900.0]}}, {"type": "Feature", "properties": {"sea_point_id": 6366, "name": "Arabian Sea", "ed_raw": 0, "hst_raw": 0, "pal_raw": 0}, "geometry": {"type": "Point", "coordinates": [9297.0, 3962.0]}}, {"type": "Feature", "properties": {"sea_point_id": 6367, "name": "Bay of Bengal", "ed_raw": 0, "hst_raw": 0, "pal_raw": 0}, "geometry": {"type": "Point", "coordinates": [10062.0, 3962.0]}}, {"type": "Feature", "properties": {"sea_point_id": 6368, "name": "Atlantic Ocean", "ed_raw": 0, "hst_raw": 0, "pal_raw": 0}, "geometry": {"type": "Point", "coordinates": [4750.0, 3978.0]}}, {"type": "Feature", "properties": {"sea_point_id": 6369, "name": "Pacific Ocean", "ed_raw": 0, "hst_raw": 0, "pal_raw": 0}, "geometry": {"type": "Point", "coordinates": [12400.0, 4020.0]}}, {"type": "Feature", "properties": {"sea_point_id": 6370, "name": "Pacific Ocean", "ed_raw": 0, "hst_raw": 0, "pal_raw": 0}, "geometry": {"type": "Point", "coordinates": [12589.0, 3993.0]}}, {"type": "Feature", "properties": {"sea_point_id": 6371, "name": "Atlantic Ocean", "ed_raw": 0, "hst_raw": 0, "pal_raw": 0}, "geometry": {"type": "Point", "coordinates": [4921.0, 4009.0]}}, {"type": "Feature", "properties": {"sea_point_id": 6372, "name": "Atlantic Ocean", "ed_raw": 0, "hst_raw": 0, "pal_raw": 0}, "geometry": {"type": "Point", "coordinates": [5124.0, 4009.0]}}, {"type": "Feature", "properties": {"sea_point_id": 6373, "name": "Arabian Sea", "ed_raw": 0, "hst_raw": 0, "pal_raw": 0}, "geometry": {"type": "Point", "coordinates": [8759.0, 4009.0]}}, {"type": "Feature", "properties": {"sea_point_id": 6374, "name": "Indian Ocean", "ed_raw": 0, "hst_raw": 0, "pal_raw": 0}, "geometry": {"type": "Point", "coordinates": [10147.0, 4071.0]}}, {"type": "Feature", "properties": {"sea_point_id": 6375, "name": "Indian Ocean", "ed_raw": 0, "hst_raw": 0, "pal_raw": 0}, "geometry": {"type": "Point", "coordinates": [9367.0, 4102.0]}}, {"type": "Feature", "properties": {"sea_point_id": 6376, "name": "Pacific Ocean", "ed_raw": 0, "hst_raw": 0, "pal_raw": 0}, "geometry": {"type": "Point", "coordinates": [12659.0, 4102.0]}}, {"type": "Feature", "properties": {"sea_point_id": 6377, "name": "Pacific Ocean", "ed_raw": 0, "hst_raw": 0, "pal_raw": 0}, "geometry": {"type": "Point", "coordinates": [2488.0, 4134.0]}}, {"type": "Feature", "properties": {"sea_point_id": 6378, "name": "Atlantic Ocean", "ed_raw": 0, "hst_raw": 0, "pal_raw": 0}, "geometry": {"type": "Point", "coordinates": [5155.0, 4134.0]}}, {"type": "Feature", "properties": {"sea_point_id": 6379, "name": "Indian Ocean", "ed_raw": 0, "hst_raw": 0, "pal_raw": 0}, "geometry": {"type": "Point", "coordinates": [8689.0, 4149.0]}}, {"type": "Feature", "properties": {"sea_point_id": 6380, "name": "Indian Ocean", "ed_raw": 0, "hst_raw": 0, "pal_raw": 0}, "geometry": {"type": "Point", "coordinates": [9960.0, 4165.0]}}, {"type": "Feature", "properties": {"sea_point_id": 6381, "name": "Pacific Ocean", "ed_raw": 0, "hst_raw": 0, "pal_raw": 0}, "geometry": {"type": "Point", "coordinates": [13267.0, 4196.0]}}, {"type": "Feature", "properties": {"sea_point_id": 6382, "name": "Atlantic Ocean", "ed_raw": 0, "hst_raw": 0, "pal_raw": 0}, "geometry": {"type": "Point", "coordinates": [5257.0, 4212.0]}}, {"type": "Feature", "properties": {"sea_point_id": 6383, "name": "Indian Ocean", "ed_raw": 0, "hst_raw": 0, "pal_raw": 0}, "geometry": {"type": "Point", "coordinates": [9516.0, 4212.0]}}, {"type": "Feature", "properties": {"sea_point_id": 6384, "name": "Indian Ocean", "ed_raw": 0, "hst_raw": 0, "pal_raw": 0}, "geometry": {"type": "Point", "coordinates": [10202.0, 4243.0]}}, {"type": "Feature", "properties": {"sea_point_id": 6385, "name": "Indian Ocean", "ed_raw": 0, "hst_raw": 0, "pal_raw": 0}, "geometry": {"type": "Point", "coordinates": [9726.0, 4258.0]}}, {"type": "Feature", "properties": {"sea_point_id": 6386, "name": "Indian Ocean", "ed_raw": 0, "hst_raw": 0, "pal_raw": 0}, "geometry": {"type": "Point", "coordinates": [8619.0, 4290.0]}}, {"type": "Feature", "properties": {"sea_point_id": 6387, "name": "Atlantic Ocean", "ed_raw": 0, "hst_raw": 0, "pal_raw": 0}, "geometry": {"type": "Point", "coordinates": [5288.0, 4336.0]}}, {"type": "Feature", "properties": {"sea_point_id": 6388, "name": "Pacific Ocean", "ed_raw": 0, "hst_raw": 0, "pal_raw": 0}, "geometry": {"type": "Point", "coordinates": [2550.0, 4352.0]}}, {"type": "Feature", "properties": {"sea_point_id": 6389, "name": "Indian Ocean", "ed_raw": 0, "hst_raw": 0, "pal_raw": 0}, "geometry": {"type": "Point", "coordinates": [10272.0, 4352.0]}}, {"type": "Feature", "properties": {"sea_point_id": 6390, "name": "Atlantic Ocean", "ed_raw": 0, "hst_raw": 0, "pal_raw": 0}, "geometry": {"type": "Point", "coordinates": [5413.0, 4368.0]}}, {"type": "Feature", "properties": {"sea_point_id": 6391, "name": "Pacific Ocean", "ed_raw": 0, "hst_raw": 0, "pal_raw": 0}, "geometry": {"type": "Point", "coordinates": [13267.0, 4383.0]}}, {"type": "Feature", "properties": {"sea_point_id": 6392, "name": "Indian Ocean", "ed_raw": 0, "hst_raw": 0, "pal_raw": 0}, "geometry": {"type": "Point", "coordinates": [8533.0, 4399.0]}}, {"type": "Feature", "properties": {"sea_point_id": 6393, "name": "Pacific Ocean", "ed_raw": 0, "hst_raw": 0, "pal_raw": 0}, "geometry": {"type": "Point", "coordinates": [1552.0, 4414.0]}}, {"type": "Feature", "properties": {"sea_point_id": 6394, "name": "Gulf of Guinea", "ed_raw": 0, "hst_raw": 0, "pal_raw": 0}, "geometry": {"type": "Point", "coordinates": [5998.0, 4446.0]}}, {"type": "Feature", "properties": {"sea_point_id": 6395, "name": "Gulf of Guinea", "ed_raw": 0, "hst_raw": 0, "pal_raw": 0}, "geometry": {"type": "Point", "coordinates": [6201.0, 4446.0]}}, {"type": "Feature", "properties": {"sea_point_id": 6396, "name": "Pacific Ocean", "ed_raw": 0, "hst_raw": 0, "pal_raw": 0}, "geometry": {"type": "Point", "coordinates": [1326.0, 4461.0]}}, {"type": "Feature", "properties": {"sea_point_id": 6397, "name": "Pacific Ocean", "ed_raw": 0, "hst_raw": 0, "pal_raw": 0}, "geometry": {"type": "Point", "coordinates": [2737.0, 4469.0]}}, {"type": "Feature", "properties": {"sea_point_id": 6398, "name": "Atlantic Ocean", "ed_raw": 0, "hst_raw": 0, "pal_raw": 0}, "geometry": {"type": "Point", "coordinates": [5553.0, 4461.0]}}, {"type": "Feature", "properties": {"sea_point_id": 6399, "name": "Indian Ocean", "ed_raw": 0, "hst_raw": 0, "pal_raw": 0}, "geometry": {"type": "Point", "coordinates": [10342.0, 4461.0]}}, {"type": "Feature", "properties": {"sea_point_id": 6400, "name": "Pacific Ocean", "ed_raw": 0, "hst_raw": 0, "pal_raw": 0}, "geometry": {"type": "Point", "coordinates": [1723.0, 4477.0]}}, {"type": "Feature", "properties": {"sea_point_id": 6401, "name": "Atlantic Ocean", "ed_raw": 0, "hst_raw": 0, "pal_raw": 0}, "geometry": {"type": "Point", "coordinates": [5795.0, 4477.0]}}, {"type": "Feature", "properties": {"sea_point_id": 6402, "name": "Atlantic Ocean", "ed_raw": 0, "hst_raw": 0, "pal_raw": 0}, "geometry": {"type": "Point", "coordinates": [5304.0, 4524.0]}}, {"type": "Feature", "properties": {"sea_point_id": 6403, "name": "Indian Ocean", "ed_raw": 0, "hst_raw": 0, "pal_raw": 0}, "geometry": {"type": "Point", "coordinates": [8408.0, 4524.0]}}, {"type": "Feature", "properties": {"sea_point_id": 6404, "name": "Pacific Ocean", "ed_raw": 0, "hst_raw": 0, "pal_raw": 0}, "geometry": {"type": "Point", "coordinates": [13338.0, 4524.0]}}, {"type": "Feature", "properties": {"sea_point_id": 6405, "name": "Atlantic Ocean", "ed_raw": 0, "hst_raw": 0, "pal_raw": 0}, "geometry": {"type": "Point", "coordinates": [6271.0, 4555.0]}}, {"type": "Feature", "properties": {"sea_point_id": 6406, "name": "Indian Ocean", "ed_raw": 0, "hst_raw": 0, "pal_raw": 0}, "geometry": {"type": "Point", "coordinates": [10436.0, 4586.0]}}, {"type": "Feature", "properties": {"sea_point_id": 6407, "name": "Indian Ocean", "ed_raw": 0, "hst_raw": 0, "pal_raw": 0}, "geometry": {"type": "Point", "coordinates": [8296.0, 4645.0]}}, {"type": "Feature", "properties": {"sea_point_id": 6408, "name": "Pacific Ocean", "ed_raw": 0, "hst_raw": 0, "pal_raw": 0}, "geometry": {"type": "Point", "coordinates": [2813.0, 4621.0]}}, {"type": "Feature", "properties": {"sea_point_id": 6409, "name": "Pacific Ocean", "ed_raw": 0, "hst_raw": 0, "pal_raw": 0}, "geometry": {"type": "Point", "coordinates": [1209.0, 4664.0]}}, {"type": "Feature", "properties": {"sea_point_id": 6410, "name": "Atlantic Ocean", "ed_raw": 0, "hst_raw": 0, "pal_raw": 0}, "geometry": {"type": "Point", "coordinates": [6341.0, 4664.0]}}, {"type": "Feature", "properties": {"sea_point_id": 6411, "name": "Indian Ocean", "ed_raw": 0, "hst_raw": 0, "pal_raw": 0}, "geometry": {"type": "Point", "coordinates": [8517.0, 4680.0]}}, {"type": "Feature", "properties": {"sea_point_id": 6412, "name": "Indian Ocean", "ed_raw": 0, "hst_raw": 0, "pal_raw": 0}, "geometry": {"type": "Point", "coordinates": [10545.0, 4680.0]}}, {"type": "Feature", "properties": {"sea_point_id": 6413, "name": "Atlantic Ocean", "ed_raw": 0, "hst_raw": 0, "pal_raw": 0}, "geometry": {"type": "Point", "coordinates": [5241.0, 4711.0]}}, {"type": "Feature", "properties": {"sea_point_id": 6414, "name": "Pacific Ocean", "ed_raw": 0, "hst_raw": 0, "pal_raw": 0}, "geometry": {"type": "Point", "coordinates": [1809.0, 4742.0]}}, {"type": "Feature", "properties": {"sea_point_id": 6415, "name": "Pacific Ocean", "ed_raw": 0, "hst_raw": 0, "pal_raw": 0}, "geometry": {"type": "Point", "coordinates": [2893.0, 4758.0]}}, {"type": "Feature", "properties": {"sea_point_id": 6416, "name": "Indian Ocean", "ed_raw": 0, "hst_raw": 0, "pal_raw": 0}, "geometry": {"type": "Point", "coordinates": [10686.0, 4773.0]}}, {"type": "Feature", "properties": {"sea_point_id": 6417, "name": "Atlantic Ocean", "ed_raw": 0, "hst_raw": 0, "pal_raw": 0}, "geometry": {"type": "Point", "coordinates": [6388.0, 4789.0]}}, {"type": "Feature", "properties": {"sea_point_id": 6418, "name": "Atlantic Ocean", "ed_raw": 0, "hst_raw": 0, "pal_raw": 0}, "geometry": {"type": "Point", "coordinates": [6013.0, 4820.0]}}, {"type": "Feature", "properties": {"sea_point_id": 6419, "name": "Indian Ocean", "ed_raw": 0, "hst_raw": 0, "pal_raw": 0}, "geometry": {"type": "Point", "coordinates": [10849.0, 4820.0]}}, {"type": "Feature", "properties": {"sea_point_id": 6420, "name": "Atlantic Ocean", "ed_raw": 0, "hst_raw": 0, "pal_raw": 0}, "geometry": {"type": "Point", "coordinates": [5132.0, 4836.0]}}, {"type": "Feature", "properties": {"sea_point_id": 6421, "name": "Indian Ocean", "ed_raw": 0, "hst_raw": 0, "pal_raw": 0}, "geometry": {"type": "Point", "coordinates": [8619.0, 4851.0]}}, {"type": "Feature", "properties": {"sea_point_id": 6422, "name": "Pacific Ocean", "ed_raw": 0, "hst_raw": 0, "pal_raw": 0}, "geometry": {"type": "Point", "coordinates": [2964.0, 4867.0]}}, {"type": "Feature", "properties": {"sea_point_id": 6423, "name": "Atlantic Ocean", "ed_raw": 0, "hst_raw": 0, "pal_raw": 0}, "geometry": {"type": "Point", "coordinates": [5787.0, 4867.0]}}, {"type": "Feature", "properties": {"sea_point_id": 6424, "name": "Indian Ocean", "ed_raw": 0, "hst_raw": 0, "pal_raw": 0}, "geometry": {"type": "Point", "coordinates": [10982.0, 4867.0]}}, {"type": "Feature", "properties": {"sea_point_id": 6425, "name": "Pacific Ocean", "ed_raw": 0, "hst_raw": 0, "pal_raw": 0}, "geometry": {"type": "Point", "coordinates": [1271.0, 4882.0]}}, {"type": "Feature", "properties": {"sea_point_id": 6426, "name": "Indian Ocean", "ed_raw": 0, "hst_raw": 0, "pal_raw": 0}, "geometry": {"type": "Point", "coordinates": [11115.0, 4882.0]}}, {"type": "Feature", "properties": {"sea_point_id": 6427, "name": "Indian Ocean", "ed_raw": 0, "hst_raw": 0, "pal_raw": 0}, "geometry": {"type": "Point", "coordinates": [11247.0, 4898.0]}}, {"type": "Feature", "properties": {"sea_point_id": 6428, "name": "Indian Ocean", "ed_raw": 0, "hst_raw": 0, "pal_raw": 0}, "geometry": {"type": "Point", "coordinates": [11380.0, 4914.0]}}, {"type": "Feature", "properties": {"sea_point_id": 6429, "name": "Atlantic Ocean", "ed_raw": 0, "hst_raw": 0, "pal_raw": 0}, "geometry": {"type": "Point", "coordinates": [6396.0, 4960.0]}}, {"type": "Feature", "properties": {"sea_point_id": 6430, "name": "Pacific Ocean", "ed_raw": 0, "hst_raw": 0, "pal_raw": 0}, "geometry": {"type": "Point", "coordinates": [1458.0, 4976.0]}}, {"type": "Feature", "properties": {"sea_point_id": 6431, "name": "Pacific Ocean", "ed_raw": 0, "hst_raw": 0, "pal_raw": 0}, "geometry": {"type": "Point", "coordinates": [3088.0, 4992.0]}}, {"type": "Feature", "properties": {"sea_point_id": 6432, "name": "Pacific Ocean", "ed_raw": 0, "hst_raw": 0, "pal_raw": 0}, "geometry": {"type": "Point", "coordinates": [1630.0, 5007.0]}}, {"type": "Feature", "properties": {"sea_point_id": 6433, "name": "Atlantic Ocean", "ed_raw": 0, "hst_raw": 0, "pal_raw": 0}, "geometry": {"type": "Point", "coordinates": [5062.0, 5007.0]}}, {"type": "Feature", "properties": {"sea_point_id": 6434, "name": "Atlantic Ocean", "ed_raw": 0, "hst_raw": 0, "pal_raw": 0}, "geometry": {"type": "Point", "coordinates": [6169.0, 5038.0]}}, {"type": "Feature", "properties": {"sea_point_id": 6435, "name": "Indian Ocean", "ed_raw": 0, "hst_raw": 0, "pal_raw": 0}, "geometry": {"type": "Point", "coordinates": [8611.0, 5054.0]}}, {"type": "Feature", "properties": {"sea_point_id": 6436, "name": "Pacific Ocean", "ed_raw": 0, "hst_raw": 0, "pal_raw": 0}, "geometry": {"type": "Point", "coordinates": [3190.0, 5070.0]}}, {"type": "Feature", "properties": {"sea_point_id": 6437, "name": "Atlantic Ocean", "ed_raw": 0, "hst_raw": 0, "pal_raw": 0}, "geometry": {"type": "Point", "coordinates": [5662.0, 5085.0]}}, {"type": "Feature", "properties": {"sea_point_id": 6438, "name": "Indian Ocean", "ed_raw": 0, "hst_raw": 0, "pal_raw": 0}, "geometry": {"type": "Point", "coordinates": [11263.0, 5085.0]}}, {"type": "Feature", "properties": {"sea_point_id": 6439, "name": "Atlantic Ocean", "ed_raw": 0, "hst_raw": 0, "pal_raw": 0}, "geometry": {"type": "Point", "coordinates": [6364.0, 5148.0]}}, {"type": "Feature", "properties": {"sea_point_id": 6440, "name": "Atlantic Ocean", "ed_raw": 0, "hst_raw": 0, "pal_raw": 0}, "geometry": {"type": "Point", "coordinates": [4984.0, 5163.0]}}, {"type": "Feature", "properties": {"sea_point_id": 6441, "name": "Indian Ocean", "ed_raw": 0, "hst_raw": 0, "pal_raw": 0}, "geometry": {"type": "Point", "coordinates": [8548.0, 5179.0]}}, {"type": "Feature", "properties": {"sea_point_id": 6442, "name": "Pacific Ocean", "ed_raw": 0, "hst_raw": 0, "pal_raw": 0}, "geometry": {"type": "Point", "coordinates": [13431.0, 5179.0]}}, {"type": "Feature", "properties": {"sea_point_id": 6443, "name": "Pacific Ocean", "ed_raw": 0, "hst_raw": 0, "pal_raw": 0}, "geometry": {"type": "Point", "coordinates": [3229.0, 5210.0]}}, {"type": "Feature", "properties": {"sea_point_id": 6444, "name": "Atlantic Ocean", "ed_raw": 0, "hst_raw": 0, "pal_raw": 0}, "geometry": {"type": "Point", "coordinates": [6021.0, 5272.0]}}, {"type": "Feature", "properties": {"sea_point_id": 6445, "name": "Indian Ocean", "ed_raw": 0, "hst_raw": 0, "pal_raw": 0}, "geometry": {"type": "Point", "coordinates": [11200.0, 5272.0]}}, {"type": "Feature", "properties": {"sea_point_id": 6446, "name": "Atlantic Ocean", "ed_raw": 0, "hst_raw": 0, "pal_raw": 0}, "geometry": {"type": "Point", "coordinates": [5733.0, 5288.0]}}, {"type": "Feature", "properties": {"sea_point_id": 6447, "name": "Coral Sea", "ed_raw": 0, "hst_raw": 0, "pal_raw": 0}, "geometry": {"type": "Point", "coordinates": [13065.0, 5288.0]}}, {"type": "Feature", "properties": {"sea_point_id": 6448, "name": "Atlantic Ocean", "ed_raw": 0, "hst_raw": 0, "pal_raw": 0}, "geometry": {"type": "Point", "coordinates": [4867.0, 5304.0]}}, {"type": "Feature", "properties": {"sea_point_id": 6449, "name": "Indian Ocean", "ed_raw": 0, "hst_raw": 0, "pal_raw": 0}, "geometry": {"type": "Point", "coordinates": [8486.0, 5304.0]}}, {"type": "Feature", "properties": {"sea_point_id": 6450, "name": "Atlantic Ocean", "ed_raw": 0, "hst_raw": 0, "pal_raw": 0}, "geometry": {"type": "Point", "coordinates": [6411.0, 5335.0]}}, {"type": "Feature", "properties": {"sea_point_id": 6451, "name": "Pacific Ocean", "ed_raw": 0, "hst_raw": 0, "pal_raw": 0}, "geometry": {"type": "Point", "coordinates": [3205.0, 5350.0]}}, {"type": "Feature", "properties": {"sea_point_id": 6452, "name": "Atlantic Ocean", "ed_raw": 0, "hst_raw": 0, "pal_raw": 0}, "geometry": {"type": "Point", "coordinates": [4672.0, 5382.0]}}, {"type": "Feature", "properties": {"sea_point_id": 6453, "name": "Indian Ocean", "ed_raw": 0, "hst_raw": 0, "pal_raw": 0}, "geometry": {"type": "Point", "coordinates": [8424.0, 5428.0]}}, {"type": "Feature", "properties": {"sea_point_id": 6454, "name": "Indian Ocean", "ed_raw": 0, "hst_raw": 0, "pal_raw": 0}, "geometry": {"type": "Point", "coordinates": [11208.0, 5444.0]}}, {"type": "Feature", "properties": {"sea_point_id": 6455, "name": "Atlantic Ocean", "ed_raw": 0, "hst_raw": 0, "pal_raw": 0}, "geometry": {"type": "Point", "coordinates": [4594.0, 5506.0]}}, {"type": "Feature", "properties": {"sea_point_id": 6456, "name": "Atlantic Ocean", "ed_raw": 0, "hst_raw": 0, "pal_raw": 0}, "geometry": {"type": "Point", "coordinates": [6497.0, 5538.0]}}, {"type": "Feature", "properties": {"sea_point_id": 6457, "name": "Pacific Ocean", "ed_raw": 0, "hst_raw": 0, "pal_raw": 0}, "geometry": {"type": "Point", "coordinates": [3205.0, 5569.0]}}, {"type": "Feature", "properties": {"sea_point_id": 6458, "name": "Indian Ocean", "ed_raw": 0, "hst_raw": 0, "pal_raw": 0}, "geometry": {"type": "Point", "coordinates": [11255.0, 5569.0]}}, {"type": "Feature", "properties": {"sea_point_id": 6459, "name": "Indian Ocean", "ed_raw": 0, "hst_raw": 0, "pal_raw": 0}, "geometry": {"type": "Point", "coordinates": [8258.0, 5609.0]}}, {"type": "Feature", "properties": {"sea_point_id": 6460, "name": "Indian Ocean", "ed_raw": 0, "hst_raw": 0, "pal_raw": 0}, "geometry": {"type": "Point", "coordinates": [7870.0, 5600.0]}}, {"type": "Feature", "properties": {"sea_point_id": 6461, "name": "Atlantic Ocean", "ed_raw": 0, "hst_raw": 0, "pal_raw": 0}, "geometry": {"type": "Point", "coordinates": [4469.0, 5631.0]}}, {"type": "Feature", "properties": {"sea_point_id": 6462, "name": "Indian Ocean", "ed_raw": 0, "hst_raw": 0, "pal_raw": 0}, "geometry": {"type": "Point", "coordinates": [8002.0, 5647.0]}}, {"type": "Feature", "properties": {"sea_point_id": 6463, "name": "Pacific Ocean", "ed_raw": 0, "hst_raw": 0, "pal_raw": 0}, "geometry": {"type": "Point", "coordinates": [3174.0, 5694.0]}}, {"type": "Feature", "properties": {"sea_point_id": 6464, "name": "Atlantic Ocean", "ed_raw": 0, "hst_raw": 0, "pal_raw": 0}, "geometry": {"type": "Point", "coordinates": [6559.0, 5694.0]}}, {"type": "Feature", "properties": {"sea_point_id": 6465, "name": "Atlantic Ocean", "ed_raw": 0, "hst_raw": 0, "pal_raw": 0}, "geometry": {"type": "Point", "coordinates": [4375.0, 5725.0]}}, {"type": "Feature", "properties": {"sea_point_id": 6466, "name": "Indian Ocean", "ed_raw": 0, "hst_raw": 0, "pal_raw": 0}, "geometry": {"type": "Point", "coordinates": [11317.0, 5725.0]}}, {"type": "Feature", "properties": {"sea_point_id": 6467, "name": "Indian Ocean", "ed_raw": 0, "hst_raw": 0, "pal_raw": 0}, "geometry": {"type": "Point", "coordinates": [7729.0, 5756.0]}}, {"type": "Feature", "properties": {"sea_point_id": 6468, "name": "Atlantic Ocean", "ed_raw": 0, "hst_raw": 0, "pal_raw": 0}, "geometry": {"type": "Point", "coordinates": [6630.0, 5803.0]}}, {"type": "Feature", "properties": {"sea_point_id": 6469, "name": "Pacific Ocean", "ed_raw": 0, "hst_raw": 0, "pal_raw": 0}, "geometry": {"type": "Point", "coordinates": [3166.0, 5834.0]}}, {"type": "Feature", "properties": {"sea_point_id": 6470, "name": "Atlantic Ocean", "ed_raw": 0, "hst_raw": 0, "pal_raw": 0}, "geometry": {"type": "Point", "coordinates": [4274.0, 5834.0]}}, {"type": "Feature", "properties": {"sea_point_id": 6471, "name": "Great Australian Bight", "ed_raw": 0, "hst_raw": 0, "pal_raw": 0}, "geometry": {"type": "Point", "coordinates": [11973.0, 5850.0]}}, {"type": "Feature", "properties": {"sea_point_id": 6472, "name": "Indian Ocean", "ed_raw": 0, "hst_raw": 0, "pal_raw": 0}, "geometry": {"type": "Point", "coordinates": [7628.0, 5865.0]}}, {"type": "Feature", "properties": {"sea_point_id": 6473, "name": "Indian Ocean", "ed_raw": 0, "hst_raw": 0, "pal_raw": 0}, "geometry": {"type": "Point", "coordinates": [11551.0, 5881.0]}}, {"type": "Feature", "properties": {"sea_point_id": 6474, "name": "Atlantic Ocean", "ed_raw": 0, "hst_raw": 0, "pal_raw": 0}, "geometry": {"type": "Point", "coordinates": [6661.0, 5928.0]}}, {"type": "Feature", "properties": {"sea_point_id": 6475, "name": "Atlantic Ocean", "ed_raw": 0, "hst_raw": 0, "pal_raw": 0}, "geometry": {"type": "Point", "coordinates": [4110.0, 5943.0]}}, {"type": "Feature", "properties": {"sea_point_id": 6476, "name": "Indian Ocean", "ed_raw": 0, "hst_raw": 0, "pal_raw": 0}, "geometry": {"type": "Point", "coordinates": [7534.0, 5959.0]}}, {"type": "Feature", "properties": {"sea_point_id": 6477, "name": "Great Australian Bight", "ed_raw": 0, "hst_raw": 0, "pal_raw": 0}, "geometry": {"type": "Point", "coordinates": [11809.0, 5959.0]}}, {"type": "Feature", "properties": {"sea_point_id": 6478, "name": "Great Australian Bight", "ed_raw": 0, "hst_raw": 0, "pal_raw": 0}, "geometry": {"type": "Point", "coordinates": [12152.0, 5959.0]}}, {"type": "Feature", "properties": {"sea_point_id": 6479, "name": "Pacific Ocean", "ed_raw": 0, "hst_raw": 0, "pal_raw": 0}, "geometry": {"type": "Point", "coordinates": [3174.0, 6006.0]}}, {"type": "Feature", "properties": {"sea_point_id": 6480, "name": "Indian Ocean", "ed_raw": 0, "hst_raw": 0, "pal_raw": 0}, "geometry": {"type": "Point", "coordinates": [7355.0, 6037.0]}}, {"type": "Feature", "properties": {"sea_point_id": 6481, "name": "Great Australian Bight", "ed_raw": 0, "hst_raw": 0, "pal_raw": 0}, "geometry": {"type": "Point", "coordinates": [12246.0, 6052.0]}}, {"type": "Feature", "properties": {"sea_point_id": 6482, "name": "Atlantic Ocean", "ed_raw": 0, "hst_raw": 0, "pal_raw": 0}, "geometry": {"type": "Point", "coordinates": [4141.0, 6068.0]}}, {"type": "Feature", "properties": {"sea_point_id": 6483, "name": "Atlantic Ocean", "ed_raw": 0, "hst_raw": 0, "pal_raw": 0}, "geometry": {"type": "Point", "coordinates": [6840.0, 6068.0]}}, {"type": "Feature", "properties": {"sea_point_id": 6484, "name": "Atlantic Ocean", "ed_raw": 0, "hst_raw": 0, "pal_raw": 0}, "geometry": {"type": "Point", "coordinates": [7035.0, 6084.0]}}, {"type": "Feature", "properties": {"sea_point_id": 6485, "name": "Indian Ocean", "ed_raw": 0, "hst_raw": 0, "pal_raw": 0}, "geometry": {"type": "Point", "coordinates": [7176.0, 6084.0]}}, {"type": "Feature", "properties": {"sea_point_id": 6486, "name": "Southern Ocean", "ed_raw": 0, "hst_raw": 0, "pal_raw": 0}, "geometry": {"type": "Point", "coordinates": [12316.0, 6162.0]}}, {"type": "Feature", "properties": {"sea_point_id": 6487, "name": "Lake Tangenyika", "ed_raw": 0, "hst_raw": 0, "pal_raw": 0}, "geometry": {"type": "Point", "coordinates": [7462.0, 4577.0]}}, {"type": "Feature", "properties": {"sea_point_id": 6488, "name": "Atlantic Ocean", "ed_raw": 0, "hst_raw": 0, "pal_raw": 0}, "geometry": {"type": "Point", "coordinates": [4235.0, 6224.0]}}, {"type": "Feature", "properties": {"sea_point_id": 6489, "name": "Southern Ocean", "ed_raw": 0, "hst_raw": 0, "pal_raw": 0}, "geometry": {"type": "Point", "coordinates": [12472.0, 6255.0]}}, {"type": "Feature", "properties": {"sea_point_id": 6490, "name": "Pacific Ocean", "ed_raw": 0, "hst_raw": 0, "pal_raw": 0}, "geometry": {"type": "Point", "coordinates": [3198.0, 6271.0]}}, {"type": "Feature", "properties": {"sea_point_id": 6491, "name": "Lake Tangenyika", "ed_raw": 0, "hst_raw": 0, "pal_raw": 0}, "geometry": {"type": "Point", "coordinates": [7470.0, 4583.0]}}, {"type": "Feature", "properties": {"sea_point_id": 6492, "name": "Southern Ocean", "ed_raw": 0, "hst_raw": 0, "pal_raw": 0}, "geometry": {"type": "Point", "coordinates": [12573.0, 6333.0]}}, {"type": "Feature", "properties": {"sea_point_id": 6493, "name": "Southern Ocean", "ed_raw": 0, "hst_raw": 0, "pal_raw": 0}, "geometry": {"type": "Point", "coordinates": [3229.0, 6396.0]}}, {"type": "Feature", "properties": {"sea_point_id": 6494, "name": "Southern Ocean", "ed_raw": 0, "hst_raw": 0, "pal_raw": 0}, "geometry": {"type": "Point", "coordinates": [12698.0, 6396.0]}}, {"type": "Feature", "properties": {"sea_point_id": 6495, "name": "Southern Ocean", "ed_raw": 0, "hst_raw": 0, "pal_raw": 0}, "geometry": {"type": "Point", "coordinates": [13096.0, 6442.0]}}, {"type": "Feature", "properties": {"sea_point_id": 6496, "name": "Lake Tangenyika", "ed_raw": 0, "hst_raw": 0, "pal_raw": 0}, "geometry": {"type": "Point", "coordinates": [7482.0, 4626.0]}}, {"type": "Feature", "properties": {"sea_point_id": 6497, "name": "Lake Tangenyika", "ed_raw": 0, "hst_raw": 0, "pal_raw": 0}, "geometry": {"type": "Point", "coordinates": [7486.0, 4678.0]}}, {"type": "Feature", "properties": {"sea_point_id": 6498, "name": "Southern Ocean", "ed_raw": 0, "hst_raw": 0, "pal_raw": 0}, "geometry": {"type": "Point", "coordinates": [3307.0, 6552.0]}}, {"type": "Feature", "properties": {"sea_point_id": 6499, "name": "Lake Tangenyika", "ed_raw": 0, "hst_raw": 0, "pal_raw": 0}, "geometry": {"type": "Point", "coordinates": [7491.0, 4713.0]}}, {"type": "Feature", "properties": {"sea_point_id": 6500, "name": "Lake Tangenyika", "ed_raw": 0, "hst_raw": 0, "pal_raw": 0}, "geometry": {"type": "Point", "coordinates": [7517.0, 4729.0]}}, {"type": "Feature", "properties": {"sea_point_id": 6501, "name": "Lake Tangenyika", "ed_raw": 0, "hst_raw": 0, "pal_raw": 0}, "geometry": {"type": "Point", "coordinates": [7542.0, 4779.0]}}, {"type": "Feature", "properties": {"sea_point_id": 6502, "name": "Mediterranean Sea", "ed_raw": 0, "hst_raw": 0, "pal_raw": 0}, "geometry": {"type": "Point", "coordinates": [7446.0, 3064.0]}}, {"type": "Feature", "properties": {"sea_point_id": 6503, "name": "Nile", "ed_raw": 0, "hst_raw": 0, "pal_raw": 0}, "geometry": {"type": "Point", "coordinates": [7448.0, 3074.0]}}, {"type": "Feature", "properties": {"sea_point_id": 6504, "name": "Nile", "ed_raw": 0, "hst_raw": 0, "pal_raw": 0}, "geometry": {"type": "Point", "coordinates": [7454.0, 3080.0]}}, {"type": "Feature", "properties": {"sea_point_id": 6505, "name": "Nile", "ed_raw": 0, "hst_raw": 0, "pal_raw": 0}, "geometry": {"type": "Point", "coordinates": [7455.0, 3092.0]}}, {"type": "Feature", "properties": {"sea_point_id": 6506, "name": "Nile", "ed_raw": 0, "hst_raw": 0, "pal_raw": 0}, "geometry": {"type": "Point", "coordinates": [7449.0, 3101.0]}}, {"type": "Feature", "properties": {"sea_point_id": 6507, "name": "Nile", "ed_raw": 0, "hst_raw": 0, "pal_raw": 0}, "geometry": {"type": "Point", "coordinates": [7442.0, 3105.0]}}, {"type": "Feature", "properties": {"sea_point_id": 6508, "name": "Nile", "ed_raw": 0, "hst_raw": 0, "pal_raw": 0}, "geometry": {"type": "Point", "coordinates": [7449.0, 3113.0]}}, {"type": "Feature", "properties": {"sea_point_id": 6509, "name": "Nile", "ed_raw": 0, "hst_raw": 0, "pal_raw": 0}, "geometry": {"type": "Point", "coordinates": [7448.0, 3124.0]}}, {"type": "Feature", "properties": {"sea_point_id": 6510, "name": "Nile", "ed_raw": 0, "hst_raw": 0, "pal_raw": 0}, "geometry": {"type": "Point", "coordinates": [7465.0, 3129.0]}}, {"type": "Feature", "properties": {"sea_point_id": 6511, "name": "Nile", "ed_raw": 0, "hst_raw": 0, "pal_raw": 0}, "geometry": {"type": "Point", "coordinates": [7486.0, 3129.0]}}, {"type": "Feature", "properties": {"sea_point_id": 6512, "name": "Hooghly River", "ed_raw": 0, "hst_raw": 0, "pal_raw": 0}, "geometry": {"type": "Point", "coordinates": [10015.0, 3298.0]}}, {"type": "Feature", "properties": {"sea_point_id": 6513, "name": "Hooghly River", "ed_raw": 0, "hst_raw": 0, "pal_raw": 0}, "geometry": {"type": "Point", "coordinates": [10018.0, 3282.0]}}, {"type": "Feature", "properties": {"sea_point_id": 6514, "name": "Hooghly River", "ed_raw": 0, "hst_raw": 0, "pal_raw": 0}, "geometry": {"type": "Point", "coordinates": [10026.0, 3271.0]}}, {"type": "Feature", "properties": {"sea_point_id": 6515, "name": "Hooghly River", "ed_raw": 0, "hst_raw": 0, "pal_raw": 0}, "geometry": {"type": "Point", "coordinates": [10033.0, 3265.0]}}, {"type": "Feature", "properties": {"sea_point_id": 6516, "name": "Padma River", "ed_raw": 0, "hst_raw": 0, "pal_raw": 0}, "geometry": {"type": "Point", "coordinates": [10035.0, 3236.0]}}, {"type": "Feature", "properties": {"sea_point_id": 6517, "name": "Padma River", "ed_raw": 0, "hst_raw": 0, "pal_raw": 0}, "geometry": {"type": "Point", "coordinates": [10035.0, 3214.0]}}, {"type": "Feature", "properties": {"sea_point_id": 6518, "name": "Padma River", "ed_raw": 0, "hst_raw": 0, "pal_raw": 0}, "geometry": {"type": "Point", "coordinates": [10041.0, 3202.0]}}, {"type": "Feature", "properties": {"sea_point_id": 6519, "name": "Ob River", "ed_raw": 0, "hst_raw": 0, "pal_raw": 0}, "geometry": {"type": "Point", "coordinates": [8967.0, 881.0]}}, {"type": "Feature", "properties": {"sea_point_id": 6520, "name": "Padma River", "ed_raw": 0, "hst_raw": 0, "pal_raw": 0}, "geometry": {"type": "Point", "coordinates": [10052.0, 3197.0]}}, {"type": "Feature", "properties": {"sea_point_id": 6521, "name": "Padma River", "ed_raw": 0, "hst_raw": 0, "pal_raw": 0}, "geometry": {"type": "Point", "coordinates": [10052.0, 3183.0]}}, {"type": "Feature", "properties": {"sea_point_id": 6522, "name": "Ganga River", "ed_raw": 0, "hst_raw": 0, "pal_raw": 0}, "geometry": {"type": "Point", "coordinates": [10062.0, 3166.0]}}, {"type": "Feature", "properties": {"sea_point_id": 6523, "name": "Meghna River", "ed_raw": 0, "hst_raw": 0, "pal_raw": 0}, "geometry": {"type": "Point", "coordinates": [10103.0, 3272.0]}}, {"type": "Feature", "properties": {"sea_point_id": 6524, "name": "Meghna River", "ed_raw": 0, "hst_raw": 0, "pal_raw": 0}, "geometry": {"type": "Point", "coordinates": [10112.0, 3261.0]}}, {"type": "Feature", "properties": {"sea_point_id": 6525, "name": "Padma River", "ed_raw": 0, "hst_raw": 0, "pal_raw": 0}, "geometry": {"type": "Point", "coordinates": [10112.0, 3255.0]}}, {"type": "Feature", "properties": {"sea_point_id": 6526, "name": "Padma River", "ed_raw": 0, "hst_raw": 0, "pal_raw": 0}, "geometry": {"type": "Point", "coordinates": [10104.0, 3254.0]}}, {"type": "Feature", "properties": {"sea_point_id": 6527, "name": "Padma River", "ed_raw": 0, "hst_raw": 0, "pal_raw": 0}, "geometry": {"type": "Point", "coordinates": [10103.0, 3249.0]}}, {"type": "Feature", "properties": {"sea_point_id": 6528, "name": "Padma River", "ed_raw": 0, "hst_raw": 0, "pal_raw": 0}, "geometry": {"type": "Point", "coordinates": [10103.0, 3242.0]}}, {"type": "Feature", "properties": {"sea_point_id": 6529, "name": "Padma River", "ed_raw": 0, "hst_raw": 0, "pal_raw": 0}, "geometry": {"type": "Point", "coordinates": [10084.0, 3245.0]}}, {"type": "Feature", "properties": {"sea_point_id": 6530, "name": "Padma River", "ed_raw": 0, "hst_raw": 0, "pal_raw": 0}, "geometry": {"type": "Point", "coordinates": [10069.0, 3247.0]}}, {"type": "Feature", "properties": {"sea_point_id": 6531, "name": "Padma River", "ed_raw": 0, "hst_raw": 0, "pal_raw": 0}, "geometry": {"type": "Point", "coordinates": [10049.0, 3243.0]}}, {"type": "Feature", "properties": {"sea_point_id": 6532, "name": "Ganga River", "ed_raw": 0, "hst_raw": 0, "pal_raw": 0}, "geometry": {"type": "Point", "coordinates": [10056.0, 3159.0]}}, {"type": "Feature", "properties": {"sea_point_id": 6534, "name": "Ganga River", "ed_raw": 0, "hst_raw": 0, "pal_raw": 0}, "geometry": {"type": "Point", "coordinates": [10055.0, 3152.0]}}, {"type": "Feature", "properties": {"sea_point_id": 6535, "name": "Ganga River", "ed_raw": 0, "hst_raw": 0, "pal_raw": 0}, "geometry": {"type": "Point", "coordinates": [10040.0, 3147.0]}}, {"type": "Feature", "properties": {"sea_point_id": 6536, "name": "Ganga River", "ed_raw": 0, "hst_raw": 0, "pal_raw": 0}, "geometry": {"type": "Point", "coordinates": [10026.0, 3156.0]}}, {"type": "Feature", "properties": {"sea_point_id": 6538, "name": "Artic Ocean", "ed_raw": 0, "hst_raw": 0, "pal_raw": 0}, "geometry": {"type": "Point", "coordinates": [3642.0, 234.0]}}, {"type": "Feature", "properties": {"sea_point_id": 6539, "name": "Ganga River", "ed_raw": 0, "hst_raw": 0, "pal_raw": 0}, "geometry": {"type": "Point", "coordinates": [10009.0, 3156.0]}}, {"type": "Feature", "properties": {"sea_point_id": 6540, "name": "Ganga River", "ed_raw": 0, "hst_raw": 0, "pal_raw": 0}, "geometry": {"type": "Point", "coordinates": [9998.0, 3156.0]}}, {"type": "Feature", "properties": {"sea_point_id": 6541, "name": "Ganga River", "ed_raw": 0, "hst_raw": 0, "pal_raw": 0}, "geometry": {"type": "Point", "coordinates": [9998.0, 3164.0]}}, {"type": "Feature", "properties": {"sea_point_id": 6542, "name": "Ganga River", "ed_raw": 0, "hst_raw": 0, "pal_raw": 0}, "geometry": {"type": "Point", "coordinates": [9992.0, 3175.0]}}, {"type": "Feature", "properties": {"sea_point_id": 6543, "name": "Ganga River", "ed_raw": 0, "hst_raw": 0, "pal_raw": 0}, "geometry": {"type": "Point", "coordinates": [9983.0, 3175.0]}}, {"type": "Feature", "properties": {"sea_point_id": 6544, "name": "Ganga River", "ed_raw": 0, "hst_raw": 0, "pal_raw": 0}, "geometry": {"type": "Point", "coordinates": [9977.0, 3169.0]}}, {"type": "Feature", "properties": {"sea_point_id": 6545, "name": "Ganga River", "ed_raw": 0, "hst_raw": 0, "pal_raw": 0}, "geometry": {"type": "Point", "coordinates": [9976.0, 3163.0]}}, {"type": "Feature", "properties": {"sea_point_id": 6546, "name": "Ganga River", "ed_raw": 0, "hst_raw": 0, "pal_raw": 0}, "geometry": {"type": "Point", "coordinates": [9968.0, 3160.0]}}, {"type": "Feature", "properties": {"sea_point_id": 6547, "name": "Ganga River", "ed_raw": 0, "hst_raw": 0, "pal_raw": 0}, "geometry": {"type": "Point", "coordinates": [9936.0, 3160.0]}}, {"type": "Feature", "properties": {"sea_point_id": 6548, "name": "Ganga River", "ed_raw": 0, "hst_raw": 0, "pal_raw": 0}, "geometry": {"type": "Point", "coordinates": [9924.0, 3144.0]}}, {"type": "Feature", "properties": {"sea_point_id": 6549, "name": "Yangtze River", "ed_raw": 0, "hst_raw": 0, "pal_raw": 0}, "geometry": {"type": "Point", "coordinates": [11200.0, 2783.0]}}, {"type": "Feature", "properties": {"sea_point_id": 6550, "name": "Yangtze River", "ed_raw": 0, "hst_raw": 0, "pal_raw": 0}, "geometry": {"type": "Point", "coordinates": [11173.0, 2791.0]}}, {"type": "Feature", "properties": {"sea_point_id": 6551, "name": "Yangtze River", "ed_raw": 0, "hst_raw": 0, "pal_raw": 0}, "geometry": {"type": "Point", "coordinates": [11166.0, 2809.0]}}, {"type": "Feature", "properties": {"sea_point_id": 6552, "name": "Yangtze River", "ed_raw": 0, "hst_raw": 0, "pal_raw": 0}, "geometry": {"type": "Point", "coordinates": [11148.0, 2814.0]}}, {"type": "Feature", "properties": {"sea_point_id": 6553, "name": "Yangtze River", "ed_raw": 0, "hst_raw": 0, "pal_raw": 0}, "geometry": {"type": "Point", "coordinates": [11110.0, 2796.0]}}, {"type": "Feature", "properties": {"sea_point_id": 6554, "name": "Yangtze River", "ed_raw": 0, "hst_raw": 0, "pal_raw": 0}, "geometry": {"type": "Point", "coordinates": [11108.0, 2774.0]}}, {"type": "Feature", "properties": {"sea_point_id": 6555, "name": "Norwegian Sea", "ed_raw": 0, "hst_raw": 0, "pal_raw": 0}, "geometry": {"type": "Point", "coordinates": [6505.0, 561.0]}}, {"type": "Feature", "properties": {"sea_point_id": 6556, "name": "Norwegian Sea", "ed_raw": 0, "hst_raw": 0, "pal_raw": 0}, "geometry": {"type": "Point", "coordinates": [5756.0, 655.0]}}, {"type": "Feature", "properties": {"sea_point_id": 6557, "name": "Norwegian Sea", "ed_raw": 0, "hst_raw": 0, "pal_raw": 0}, "geometry": {"type": "Point", "coordinates": [5935.0, 795.0]}}, {"type": "Feature", "properties": {"sea_point_id": 6558, "name": "Norwegian Sea", "ed_raw": 0, "hst_raw": 0, "pal_raw": 0}, "geometry": {"type": "Point", "coordinates": [6435.0, 795.0]}}, {"type": "Feature", "properties": {"sea_point_id": 6559, "name": "Norwegian Sea", "ed_raw": 0, "hst_raw": 0, "pal_raw": 0}, "geometry": {"type": "Point", "coordinates": [6185.0, 920.0]}}, {"type": "Feature", "properties": {"sea_point_id": 6560, "name": "Bering Sea", "ed_raw": 0, "hst_raw": 0, "pal_raw": 0}, "geometry": {"type": "Point", "coordinates": [13408.0, 1014.0]}}, {"type": "Feature", "properties": {"sea_point_id": 6561, "name": "Bering Sea", "ed_raw": 0, "hst_raw": 0, "pal_raw": 0}, "geometry": {"type": "Point", "coordinates": [13166.0, 1092.0]}}, {"type": "Feature", "properties": {"sea_point_id": 6562, "name": "Bering Sea", "ed_raw": 0, "hst_raw": 0, "pal_raw": 0}, "geometry": {"type": "Point", "coordinates": [12971.0, 1170.0]}}, {"type": "Feature", "properties": {"sea_point_id": 6563, "name": "Gulf of Alaska", "ed_raw": 0, "hst_raw": 0, "pal_raw": 0}, "geometry": {"type": "Point", "coordinates": [717.0, 1372.0]}}, {"type": "Feature", "properties": {"sea_point_id": 6564, "name": "Atlantic Ocean", "ed_raw": 0, "hst_raw": 0, "pal_raw": 0}, "geometry": {"type": "Point", "coordinates": [5171.0, 1388.0]}}, {"type": "Feature", "properties": {"sea_point_id": 6565, "name": "Pacific Ocean", "ed_raw": 0, "hst_raw": 0, "pal_raw": 0}, "geometry": {"type": "Point", "coordinates": [12846.0, 1419.0]}}, {"type": "Feature", "properties": {"sea_point_id": 6566, "name": "Gulf of Alaska", "ed_raw": 0, "hst_raw": 0, "pal_raw": 0}, "geometry": {"type": "Point", "coordinates": [561.0, 1435.0]}}, {"type": "Feature", "properties": {"sea_point_id": 6567, "name": "Pacific Ocean", "ed_raw": 0, "hst_raw": 0, "pal_raw": 0}, "geometry": {"type": "Point", "coordinates": [109.0, 1497.0]}}, {"type": "Feature", "properties": {"sea_point_id": 6568, "name": "Pacific Ocean", "ed_raw": 0, "hst_raw": 0, "pal_raw": 0}, "geometry": {"type": "Point", "coordinates": [390.0, 1528.0]}}, {"type": "Feature", "properties": {"sea_point_id": 6569, "name": "Pacific Ocean", "ed_raw": 0, "hst_raw": 0, "pal_raw": 0}, "geometry": {"type": "Point", "coordinates": [12760.0, 1528.0]}}, {"type": "Feature", "properties": {"sea_point_id": 6570, "name": "Pacific Ocean", "ed_raw": 0, "hst_raw": 0, "pal_raw": 0}, "geometry": {"type": "Point", "coordinates": [803.0, 1544.0]}}, {"type": "Feature", "properties": {"sea_point_id": 6571, "name": "Atlantic Ocean", "ed_raw": 0, "hst_raw": 0, "pal_raw": 0}, "geometry": {"type": "Point", "coordinates": [5171.0, 1544.0]}}, {"type": "Feature", "properties": {"sea_point_id": 6572, "name": "Pacific Ocean", "ed_raw": 0, "hst_raw": 0, "pal_raw": 0}, "geometry": {"type": "Point", "coordinates": [12542.0, 1622.0]}}, {"type": "Feature", "properties": {"sea_point_id": 6573, "name": "Atlantic Ocean", "ed_raw": 0, "hst_raw": 0, "pal_raw": 0}, "geometry": {"type": "Point", "coordinates": [5257.0, 1653.0]}}, {"type": "Feature", "properties": {"sea_point_id": 6574, "name": "Pacific Ocean", "ed_raw": 0, "hst_raw": 0, "pal_raw": 0}, "geometry": {"type": "Point", "coordinates": [811.0, 1684.0]}}, {"type": "Feature", "properties": {"sea_point_id": 6575, "name": "Atlantic Ocean", "ed_raw": 0, "hst_raw": 0, "pal_raw": 0}, "geometry": {"type": "Point", "coordinates": [5023.0, 1716.0]}}, {"type": "Feature", "properties": {"sea_point_id": 6576, "name": "Pacific Ocean", "ed_raw": 0, "hst_raw": 0, "pal_raw": 0}, "geometry": {"type": "Point", "coordinates": [12534.0, 1762.0]}}, {"type": "Feature", "properties": {"sea_point_id": 6577, "name": "Pacific Ocean", "ed_raw": 0, "hst_raw": 0, "pal_raw": 0}, "geometry": {"type": "Point", "coordinates": [803.0, 1825.0]}}, {"type": "Feature", "properties": {"sea_point_id": 6578, "name": "Atlantic Ocean", "ed_raw": 0, "hst_raw": 0, "pal_raw": 0}, "geometry": {"type": "Point", "coordinates": [4765.0, 1856.0]}}, {"type": "Feature", "properties": {"sea_point_id": 6579, "name": "Atlantic Ocean", "ed_raw": 0, "hst_raw": 0, "pal_raw": 0}, "geometry": {"type": "Point", "coordinates": [5296.0, 1887.0]}}, {"type": "Feature", "properties": {"sea_point_id": 6580, "name": "Atlantic Ocean", "ed_raw": 0, "hst_raw": 0, "pal_raw": 0}, "geometry": {"type": "Point", "coordinates": [4555.0, 1965.0]}}, {"type": "Feature", "properties": {"sea_point_id": 6581, "name": "Pacific Ocean", "ed_raw": 0, "hst_raw": 0, "pal_raw": 0}, "geometry": {"type": "Point", "coordinates": [12651.0, 1996.0]}}, {"type": "Feature", "properties": {"sea_point_id": 6582, "name": "Atlantic Ocean", "ed_raw": 0, "hst_raw": 0, "pal_raw": 0}, "geometry": {"type": "Point", "coordinates": [5265.0, 2012.0]}}, {"type": "Feature", "properties": {"sea_point_id": 6583, "name": "Pacific Ocean", "ed_raw": 0, "hst_raw": 0, "pal_raw": 0}, "geometry": {"type": "Point", "coordinates": [858.0, 2028.0]}}, {"type": "Feature", "properties": {"sea_point_id": 6584, "name": "Atlantic Ocean", "ed_raw": 0, "hst_raw": 0, "pal_raw": 0}, "geometry": {"type": "Point", "coordinates": [4321.0, 2059.0]}}, {"type": "Feature", "properties": {"sea_point_id": 6585, "name": "Atlantic Ocean", "ed_raw": 0, "hst_raw": 0, "pal_raw": 0}, "geometry": {"type": "Point", "coordinates": [5218.0, 2168.0]}}, {"type": "Feature", "properties": {"sea_point_id": 6586, "name": "Pacific Ocean", "ed_raw": 0, "hst_raw": 0, "pal_raw": 0}, "geometry": {"type": "Point", "coordinates": [873.0, 2184.0]}}, {"type": "Feature", "properties": {"sea_point_id": 6587, "name": "Pacific Ocean", "ed_raw": 0, "hst_raw": 0, "pal_raw": 0}, "geometry": {"type": "Point", "coordinates": [12550.0, 2199.0]}}, {"type": "Feature", "properties": {"sea_point_id": 6588, "name": "Atlantic Ocean", "ed_raw": 0, "hst_raw": 0, "pal_raw": 0}, "geometry": {"type": "Point", "coordinates": [4118.0, 2215.0]}}, {"type": "Feature", "properties": {"sea_point_id": 6589, "name": "Atlantic Ocean", "ed_raw": 0, "hst_raw": 0, "pal_raw": 0}, "geometry": {"type": "Point", "coordinates": [5116.0, 2246.0]}}, {"type": "Feature", "properties": {"sea_point_id": 6590, "name": "Atlantic Ocean", "ed_raw": 0, "hst_raw": 0, "pal_raw": 0}, "geometry": {"type": "Point", "coordinates": [4851.0, 2277.0]}}, {"type": "Feature", "properties": {"sea_point_id": 6591, "name": "Pacific Ocean", "ed_raw": 0, "hst_raw": 0, "pal_raw": 0}, "geometry": {"type": "Point", "coordinates": [78.0, 2308.0]}}, {"type": "Feature", "properties": {"sea_point_id": 6592, "name": "Atlantic Ocean", "ed_raw": 0, "hst_raw": 0, "pal_raw": 0}, "geometry": {"type": "Point", "coordinates": [4048.0, 2324.0]}}, {"type": "Feature", "properties": {"sea_point_id": 6593, "name": "Pacific Ocean", "ed_raw": 0, "hst_raw": 0, "pal_raw": 0}, "geometry": {"type": "Point", "coordinates": [12464.0, 2340.0]}}, {"type": "Feature", "properties": {"sea_point_id": 6594, "name": "Pacific Ocean", "ed_raw": 0, "hst_raw": 0, "pal_raw": 0}, "geometry": {"type": "Point", "coordinates": [928.0, 2386.0]}}, {"type": "Feature", "properties": {"sea_point_id": 6595, "name": "Pacific Ocean", "ed_raw": 0, "hst_raw": 0, "pal_raw": 0}, "geometry": {"type": "Point", "coordinates": [343.0, 2402.0]}}, {"type": "Feature", "properties": {"sea_point_id": 6596, "name": "Atlantic Ocean", "ed_raw": 0, "hst_raw": 0, "pal_raw": 0}, "geometry": {"type": "Point", "coordinates": [4656.0, 2480.0]}}, {"type": "Feature", "properties": {"sea_point_id": 6597, "name": "Pacific Ocean", "ed_raw": 0, "hst_raw": 0, "pal_raw": 0}, "geometry": {"type": "Point", "coordinates": [12456.0, 2480.0]}}, {"type": "Feature", "properties": {"sea_point_id": 6598, "name": "Pacific Ocean", "ed_raw": 0, "hst_raw": 0, "pal_raw": 0}, "geometry": {"type": "Point", "coordinates": [1014.0, 2558.0]}}, {"type": "Feature", "properties": {"sea_point_id": 6599, "name": "Atlantic Ocean", "ed_raw": 0, "hst_raw": 0, "pal_raw": 0}, "geometry": {"type": "Point", "coordinates": [3907.0, 2574.0]}}, {"type": "Feature", "properties": {"sea_point_id": 6600, "name": "Pacific Ocean", "ed_raw": 0, "hst_raw": 0, "pal_raw": 0}, "geometry": {"type": "Point", "coordinates": [12355.0, 2652.0]}}, {"type": "Feature", "properties": {"sea_point_id": 6601, "name": "Pacific Ocean", "ed_raw": 0, "hst_raw": 0, "pal_raw": 0}, "geometry": {"type": "Point", "coordinates": [374.0, 2683.0]}}, {"type": "Feature", "properties": {"sea_point_id": 6602, "name": "Pacific Ocean", "ed_raw": 0, "hst_raw": 0, "pal_raw": 0}, "geometry": {"type": "Point", "coordinates": [1123.0, 2683.0]}}, {"type": "Feature", "properties": {"sea_point_id": 6603, "name": "Atlantic Ocean", "ed_raw": 0, "hst_raw": 0, "pal_raw": 0}, "geometry": {"type": "Point", "coordinates": [3783.0, 2730.0]}}, {"type": "Feature", "properties": {"sea_point_id": 6604, "name": "Pacific Ocean", "ed_raw": 0, "hst_raw": 0, "pal_raw": 0}, "geometry": {"type": "Point", "coordinates": [514.0, 2745.0]}}, {"type": "Feature", "properties": {"sea_point_id": 6605, "name": "Pacific Ocean", "ed_raw": 0, "hst_raw": 0, "pal_raw": 0}, "geometry": {"type": "Point", "coordinates": [741.0, 2761.0]}}, {"type": "Feature", "properties": {"sea_point_id": 6606, "name": "Atlantic Ocean", "ed_raw": 0, "hst_raw": 0, "pal_raw": 0}, "geometry": {"type": "Point", "coordinates": [4656.0, 2761.0]}}, {"type": "Feature", "properties": {"sea_point_id": 6607, "name": "Pacific Ocean", "ed_raw": 0, "hst_raw": 0, "pal_raw": 0}, "geometry": {"type": "Point", "coordinates": [1310.0, 2776.0]}}, {"type": "Feature", "properties": {"sea_point_id": 6608, "name": "Atlantic Ocean", "ed_raw": 0, "hst_raw": 0, "pal_raw": 0}, "geometry": {"type": "Point", "coordinates": [3884.0, 2808.0]}}, {"type": "Feature", "properties": {"sea_point_id": 6609, "name": "Pacific Ocean", "ed_raw": 0, "hst_raw": 0, "pal_raw": 0}, "geometry": {"type": "Point", "coordinates": [912.0, 2823.0]}}, {"type": "Feature", "properties": {"sea_point_id": 6610, "name": "Atlantic Ocean", "ed_raw": 0, "hst_raw": 0, "pal_raw": 0}, "geometry": {"type": "Point", "coordinates": [4750.0, 2854.0]}}, {"type": "Feature", "properties": {"sea_point_id": 6611, "name": "Atlantic Ocean", "ed_raw": 0, "hst_raw": 0, "pal_raw": 0}, "geometry": {"type": "Point", "coordinates": [5116.0, 2870.0]}}, {"type": "Feature", "properties": {"sea_point_id": 6612, "name": "Pacific Ocean", "ed_raw": 0, "hst_raw": 0, "pal_raw": 0}, "geometry": {"type": "Point", "coordinates": [12199.0, 2870.0]}}, {"type": "Feature", "properties": {"sea_point_id": 6613, "name": "Atlantic Ocean", "ed_raw": 0, "hst_raw": 0, "pal_raw": 0}, "geometry": {"type": "Point", "coordinates": [4079.0, 2886.0]}}, {"type": "Feature", "properties": {"sea_point_id": 6614, "name": "Pacific Ocean", "ed_raw": 0, "hst_raw": 0, "pal_raw": 0}, "geometry": {"type": "Point", "coordinates": [171.0, 2901.0]}}, {"type": "Feature", "properties": {"sea_point_id": 6615, "name": "Atlantic Ocean", "ed_raw": 0, "hst_raw": 0, "pal_raw": 0}, "geometry": {"type": "Point", "coordinates": [4984.0, 2917.0]}}, {"type": "Feature", "properties": {"sea_point_id": 6616, "name": "Pacific Ocean", "ed_raw": 0, "hst_raw": 0, "pal_raw": 0}, "geometry": {"type": "Point", "coordinates": [13330.0, 2948.0]}}, {"type": "Feature", "properties": {"sea_point_id": 6617, "name": "Pacific Ocean", "ed_raw": 0, "hst_raw": 0, "pal_raw": 0}, "geometry": {"type": "Point", "coordinates": [12105.0, 2964.0]}}, {"type": "Feature", "properties": {"sea_point_id": 6618, "name": "Pacific Ocean", "ed_raw": 0, "hst_raw": 0, "pal_raw": 0}, "geometry": {"type": "Point", "coordinates": [1365.0, 2979.0]}}, {"type": "Feature", "properties": {"sea_point_id": 6619, "name": "Pacific Ocean", "ed_raw": 0, "hst_raw": 0, "pal_raw": 0}, "geometry": {"type": "Point", "coordinates": [13072.0, 2995.0]}}, {"type": "Feature", "properties": {"sea_point_id": 6620, "name": "Pacific Ocean", "ed_raw": 0, "hst_raw": 0, "pal_raw": 0}, "geometry": {"type": "Point", "coordinates": [1068.0, 3010.0]}}, {"type": "Feature", "properties": {"sea_point_id": 6621, "name": "Atlantic Ocean", "ed_raw": 0, "hst_raw": 0, "pal_raw": 0}, "geometry": {"type": "Point", "coordinates": [4251.0, 3042.0]}}, {"type": "Feature", "properties": {"sea_point_id": 6622, "name": "Atlantic Ocean", "ed_raw": 0, "hst_raw": 0, "pal_raw": 0}, "geometry": {"type": "Point", "coordinates": [5101.0, 3088.0]}}, {"type": "Feature", "properties": {"sea_point_id": 6623, "name": "Pacific Ocean", "ed_raw": 0, "hst_raw": 0, "pal_raw": 0}, "geometry": {"type": "Point", "coordinates": [1443.0, 3166.0]}}, {"type": "Feature", "properties": {"sea_point_id": 6624, "name": "Pacific Ocean", "ed_raw": 0, "hst_raw": 0, "pal_raw": 0}, "geometry": {"type": "Point", "coordinates": [12862.0, 3166.0]}}, {"type": "Feature", "properties": {"sea_point_id": 6625, "name": "Pacific Ocean", "ed_raw": 0, "hst_raw": 0, "pal_raw": 0}, "geometry": {"type": "Point", "coordinates": [12620.0, 3182.0]}}, {"type": "Feature", "properties": {"sea_point_id": 6626, "name": "Pacific Ocean", "ed_raw": 0, "hst_raw": 0, "pal_raw": 0}, "geometry": {"type": "Point", "coordinates": [11926.0, 3198.0]}}, {"type": "Feature", "properties": {"sea_point_id": 6627, "name": "Pacific Ocean", "ed_raw": 0, "hst_raw": 0, "pal_raw": 0}, "geometry": {"type": "Point", "coordinates": [12386.0, 3244.0]}}, {"type": "Feature", "properties": {"sea_point_id": 6628, "name": "Pacific Ocean", "ed_raw": 0, "hst_raw": 0, "pal_raw": 0}, "geometry": {"type": "Point", "coordinates": [1162.0, 3260.0]}}, {"type": "Feature", "properties": {"sea_point_id": 6629, "name": "Pacific Ocean", "ed_raw": 0, "hst_raw": 0, "pal_raw": 0}, "geometry": {"type": "Point", "coordinates": [1630.0, 3260.0]}}, {"type": "Feature", "properties": {"sea_point_id": 6630, "name": "Atlantic Ocean", "ed_raw": 0, "hst_raw": 0, "pal_raw": 0}, "geometry": {"type": "Point", "coordinates": [4347.0, 3342.0]}}, {"type": "Feature", "properties": {"sea_point_id": 6631, "name": "Atlantic Ocean", "ed_raw": 0, "hst_raw": 0, "pal_raw": 0}, "geometry": {"type": "Point", "coordinates": [4968.0, 3354.0]}}, {"type": "Feature", "properties": {"sea_point_id": 6632, "name": "Pacific Ocean", "ed_raw": 0, "hst_raw": 0, "pal_raw": 0}, "geometry": {"type": "Point", "coordinates": [1700.0, 3369.0]}}, {"type": "Feature", "properties": {"sea_point_id": 6633, "name": "Pacific Ocean", "ed_raw": 0, "hst_raw": 0, "pal_raw": 0}, "geometry": {"type": "Point", "coordinates": [12261.0, 3369.0]}}, {"type": "Feature", "properties": {"sea_point_id": 6634, "name": "Pacific Ocean", "ed_raw": 0, "hst_raw": 0, "pal_raw": 0}, "geometry": {"type": "Point", "coordinates": [11926.0, 3447.0]}}, {"type": "Feature", "properties": {"sea_point_id": 6635, "name": "Pacific Ocean", "ed_raw": 0, "hst_raw": 0, "pal_raw": 0}, "geometry": {"type": "Point", "coordinates": [546.0, 3463.0]}}, {"type": "Feature", "properties": {"sea_point_id": 6636, "name": "Atlantic Ocean", "ed_raw": 0, "hst_raw": 0, "pal_raw": 0}, "geometry": {"type": "Point", "coordinates": [4999.0, 3478.0]}}, {"type": "Feature", "properties": {"sea_point_id": 6637, "name": "Pacific Ocean", "ed_raw": 0, "hst_raw": 0, "pal_raw": 0}, "geometry": {"type": "Point", "coordinates": [12955.0, 3478.0]}}, {"type": "Feature", "properties": {"sea_point_id": 6638, "name": "Pacific Ocean", "ed_raw": 0, "hst_raw": 0, "pal_raw": 0}, "geometry": {"type": "Point", "coordinates": [358.0, 3494.0]}}, {"type": "Feature", "properties": {"sea_point_id": 6639, "name": "Pacific Ocean", "ed_raw": 0, "hst_raw": 0, "pal_raw": 0}, "geometry": {"type": "Point", "coordinates": [1825.0, 3494.0]}}, {"type": "Feature", "properties": {"sea_point_id": 6640, "name": "Atlantic Ocean", "ed_raw": 0, "hst_raw": 0, "pal_raw": 0}, "geometry": {"type": "Point", "coordinates": [4383.0, 3494.0]}}, {"type": "Feature", "properties": {"sea_point_id": 6641, "name": "Pacific Ocean", "ed_raw": 0, "hst_raw": 0, "pal_raw": 0}, "geometry": {"type": "Point", "coordinates": [1021.0, 3510.0]}}, {"type": "Feature", "properties": {"sea_point_id": 6642, "name": "Pacific Ocean", "ed_raw": 0, "hst_raw": 0, "pal_raw": 0}, "geometry": {"type": "Point", "coordinates": [13408.0, 3510.0]}}, {"type": "Feature", "properties": {"sea_point_id": 6643, "name": "Pacific Ocean", "ed_raw": 0, "hst_raw": 0, "pal_raw": 0}, "geometry": {"type": "Point", "coordinates": [13088.0, 3525.0]}}, {"type": "Feature", "properties": {"sea_point_id": 6644, "name": "Pacific Ocean", "ed_raw": 0, "hst_raw": 0, "pal_raw": 0}, "geometry": {"type": "Point", "coordinates": [12136.0, 3556.0]}}, {"type": "Feature", "properties": {"sea_point_id": 6645, "name": "Pacific Ocean", "ed_raw": 0, "hst_raw": 0, "pal_raw": 0}, "geometry": {"type": "Point", "coordinates": [709.0, 3572.0]}}, {"type": "Feature", "properties": {"sea_point_id": 6646, "name": "Pacific Ocean", "ed_raw": 0, "hst_raw": 0, "pal_raw": 0}, "geometry": {"type": "Point", "coordinates": [897.0, 3572.0]}}, {"type": "Feature", "properties": {"sea_point_id": 6647, "name": "Atlantic Ocean", "ed_raw": 0, "hst_raw": 0, "pal_raw": 0}, "geometry": {"type": "Point", "coordinates": [4555.0, 3650.0]}}, {"type": "Feature", "properties": {"sea_point_id": 6648, "name": "Pacific Ocean", "ed_raw": 0, "hst_raw": 0, "pal_raw": 0}, "geometry": {"type": "Point", "coordinates": [1926.0, 3666.0]}}, {"type": "Feature", "properties": {"sea_point_id": 6649, "name": "Arabian Sea", "ed_raw": 0, "hst_raw": 0, "pal_raw": 0}, "geometry": {"type": "Point", "coordinates": [9040.0, 3697.0]}}, {"type": "Feature", "properties": {"sea_point_id": 6650, "name": "Pacific Ocean", "ed_raw": 0, "hst_raw": 0, "pal_raw": 0}, "geometry": {"type": "Point", "coordinates": [13462.0, 3712.0]}}, {"type": "Feature", "properties": {"sea_point_id": 6651, "name": "Pacific Ocean", "ed_raw": 0, "hst_raw": 0, "pal_raw": 0}, "geometry": {"type": "Point", "coordinates": [2106.0, 3744.0]}}, {"type": "Feature", "properties": {"sea_point_id": 6652, "name": "Atlantic Ocean", "ed_raw": 0, "hst_raw": 0, "pal_raw": 0}, "geometry": {"type": "Point", "coordinates": [4680.0, 3744.0]}}, {"type": "Feature", "properties": {"sea_point_id": 6653, "name": "Atlantic Ocean", "ed_raw": 0, "hst_raw": 0, "pal_raw": 0}, "geometry": {"type": "Point", "coordinates": [5007.0, 3744.0]}}, {"type": "Feature", "properties": {"sea_point_id": 6654, "name": "Pacific Ocean", "ed_raw": 0, "hst_raw": 0, "pal_raw": 0}, "geometry": {"type": "Point", "coordinates": [2269.0, 3790.0]}}, {"type": "Feature", "properties": {"sea_point_id": 6655, "name": "Pacific Ocean", "ed_raw": 0, "hst_raw": 0, "pal_raw": 0}, "geometry": {"type": "Point", "coordinates": [2441.0, 3822.0]}}, {"type": "Feature", "properties": {"sea_point_id": 6656, "name": "Atlantic Ocean", "ed_raw": 0, "hst_raw": 0, "pal_raw": 0}, "geometry": {"type": "Point", "coordinates": [4781.0, 3822.0]}}, {"type": "Feature", "properties": {"sea_point_id": 6657, "name": "Arabian Sea", "ed_raw": 0, "hst_raw": 0, "pal_raw": 0}, "geometry": {"type": "Point", "coordinates": [9071.0, 3822.0]}}, {"type": "Feature", "properties": {"sea_point_id": 6658, "name": "Atlantic Ocean", "ed_raw": 0, "hst_raw": 0, "pal_raw": 0}, "geometry": {"type": "Point", "coordinates": [4921.0, 3853.0]}}, {"type": "Feature", "properties": {"sea_point_id": 6659, "name": "Arabian Sea", "ed_raw": 0, "hst_raw": 0, "pal_raw": 0}, "geometry": {"type": "Point", "coordinates": [8784.0, 3882.0]}}, {"type": "Feature", "properties": {"sea_point_id": 6660, "name": "Arabian Sea", "ed_raw": 0, "hst_raw": 0, "pal_raw": 0}, "geometry": {"type": "Point", "coordinates": [9141.0, 3962.0]}}, {"type": "Feature", "properties": {"sea_point_id": 6661, "name": "Pacific Ocean", "ed_raw": 0, "hst_raw": 0, "pal_raw": 0}, "geometry": {"type": "Point", "coordinates": [2488.0, 3978.0]}}, {"type": "Feature", "properties": {"sea_point_id": 6662, "name": "Indian Ocean", "ed_raw": 0, "hst_raw": 0, "pal_raw": 0}, "geometry": {"type": "Point", "coordinates": [9211.0, 4071.0]}}, {"type": "Feature", "properties": {"sea_point_id": 6663, "name": "Indian Ocean", "ed_raw": 0, "hst_raw": 0, "pal_raw": 0}, "geometry": {"type": "Point", "coordinates": [8829.0, 4118.0]}}, {"type": "Feature", "properties": {"sea_point_id": 6664, "name": "Indian Ocean", "ed_raw": 0, "hst_raw": 0, "pal_raw": 0}, "geometry": {"type": "Point", "coordinates": [9360.0, 4243.0]}}, {"type": "Feature", "properties": {"sea_point_id": 6665, "name": "Indian Ocean", "ed_raw": 0, "hst_raw": 0, "pal_raw": 0}, "geometry": {"type": "Point", "coordinates": [10062.0, 4243.0]}}, {"type": "Feature", "properties": {"sea_point_id": 6666, "name": "Pacific Ocean", "ed_raw": 0, "hst_raw": 0, "pal_raw": 0}, "geometry": {"type": "Point", "coordinates": [2425.0, 4258.0]}}, {"type": "Feature", "properties": {"sea_point_id": 6667, "name": "Indian Ocean", "ed_raw": 0, "hst_raw": 0, "pal_raw": 0}, "geometry": {"type": "Point", "coordinates": [8759.0, 4258.0]}}, {"type": "Feature", "properties": {"sea_point_id": 6668, "name": "Pacific Ocean", "ed_raw": 0, "hst_raw": 0, "pal_raw": 0}, "geometry": {"type": "Point", "coordinates": [13392.0, 4258.0]}}, {"type": "Feature", "properties": {"sea_point_id": 6669, "name": "Indian Ocean", "ed_raw": 0, "hst_raw": 0, "pal_raw": 0}, "geometry": {"type": "Point", "coordinates": [9859.0, 4274.0]}}, {"type": "Feature", "properties": {"sea_point_id": 6670, "name": "Indian Ocean", "ed_raw": 0, "hst_raw": 0, "pal_raw": 0}, "geometry": {"type": "Point", "coordinates": [9586.0, 4321.0]}}, {"type": "Feature", "properties": {"sea_point_id": 6671, "name": "Pacific Ocean", "ed_raw": 0, "hst_raw": 0, "pal_raw": 0}, "geometry": {"type": "Point", "coordinates": [1419.0, 4336.0]}}, {"type": "Feature", "properties": {"sea_point_id": 6672, "name": "Pacific Ocean", "ed_raw": 0, "hst_raw": 0, "pal_raw": 0}, "geometry": {"type": "Point", "coordinates": [1653.0, 4336.0]}}, {"type": "Feature", "properties": {"sea_point_id": 6673, "name": "Indian Ocean", "ed_raw": 0, "hst_raw": 0, "pal_raw": 0}, "geometry": {"type": "Point", "coordinates": [10132.0, 4352.0]}}, {"type": "Feature", "properties": {"sea_point_id": 6674, "name": "Indian Ocean", "ed_raw": 0, "hst_raw": 0, "pal_raw": 0}, "geometry": {"type": "Point", "coordinates": [8689.0, 4399.0]}}, {"type": "Feature", "properties": {"sea_point_id": 6675, "name": "Pacific Ocean", "ed_raw": 0, "hst_raw": 0, "pal_raw": 0}, "geometry": {"type": "Point", "coordinates": [13400.0, 4399.0]}}, {"type": "Feature", "properties": {"sea_point_id": 6676, "name": "Indian Ocean", "ed_raw": 0, "hst_raw": 0, "pal_raw": 0}, "geometry": {"type": "Point", "coordinates": [10202.0, 4461.0]}}, {"type": "Feature", "properties": {"sea_point_id": 6677, "name": "Pacific Ocean", "ed_raw": 0, "hst_raw": 0, "pal_raw": 0}, "geometry": {"type": "Point", "coordinates": [2542.0, 4492.0]}}, {"type": "Feature", "properties": {"sea_point_id": 6678, "name": "Pacific Ocean", "ed_raw": 0, "hst_raw": 0, "pal_raw": 0}, "geometry": {"type": "Point", "coordinates": [1177.0, 4508.0]}}, {"type": "Feature", "properties": {"sea_point_id": 6679, "name": "Pacific Ocean", "ed_raw": 0, "hst_raw": 0, "pal_raw": 0}, "geometry": {"type": "Point", "coordinates": [13470.0, 4508.0]}}, {"type": "Feature", "properties": {"sea_point_id": 6680, "name": "Atlantic Ocean", "ed_raw": 0, "hst_raw": 0, "pal_raw": 0}, "geometry": {"type": "Point", "coordinates": [6099.0, 4524.0]}}, {"type": "Feature", "properties": {"sea_point_id": 6681, "name": "Indian Ocean", "ed_raw": 0, "hst_raw": 0, "pal_raw": 0}, "geometry": {"type": "Point", "coordinates": [8564.0, 4524.0]}}, {"type": "Feature", "properties": {"sea_point_id": 6682, "name": "Pacific Ocean", "ed_raw": 0, "hst_raw": 0, "pal_raw": 0}, "geometry": {"type": "Point", "coordinates": [1848.0, 4539.0]}}, {"type": "Feature", "properties": {"sea_point_id": 6683, "name": "Atlantic Ocean", "ed_raw": 0, "hst_raw": 0, "pal_raw": 0}, "geometry": {"type": "Point", "coordinates": [5436.0, 4539.0]}}, {"type": "Feature", "properties": {"sea_point_id": 6684, "name": "Atlantic Ocean", "ed_raw": 0, "hst_raw": 0, "pal_raw": 0}, "geometry": {"type": "Point", "coordinates": [5655.0, 4539.0]}}, {"type": "Feature", "properties": {"sea_point_id": 6685, "name": "Atlantic Ocean", "ed_raw": 0, "hst_raw": 0, "pal_raw": 0}, "geometry": {"type": "Point", "coordinates": [5896.0, 4555.0]}}, {"type": "Feature", "properties": {"sea_point_id": 6686, "name": "Indian Ocean", "ed_raw": 0, "hst_raw": 0, "pal_raw": 0}, "geometry": {"type": "Point", "coordinates": [10280.0, 4586.0]}}, {"type": "Feature", "properties": {"sea_point_id": 6687, "name": "Pacific Ocean", "ed_raw": 0, "hst_raw": 0, "pal_raw": 0}, "geometry": {"type": "Point", "coordinates": [2657.0, 4604.0]}}, {"type": "Feature", "properties": {"sea_point_id": 6688, "name": "Atlantic Ocean", "ed_raw": 0, "hst_raw": 0, "pal_raw": 0}, "geometry": {"type": "Point", "coordinates": [5366.0, 4648.0]}}, {"type": "Feature", "properties": {"sea_point_id": 6689, "name": "Atlantic Ocean", "ed_raw": 0, "hst_raw": 0, "pal_raw": 0}, "geometry": {"type": "Point", "coordinates": [6185.0, 4664.0]}}, {"type": "Feature", "properties": {"sea_point_id": 6690, "name": "Indian Ocean", "ed_raw": 0, "hst_raw": 0, "pal_raw": 0}, "geometry": {"type": "Point", "coordinates": [8650.0, 4695.0]}}, {"type": "Feature", "properties": {"sea_point_id": 6691, "name": "Indian Ocean", "ed_raw": 0, "hst_raw": 0, "pal_raw": 0}, "geometry": {"type": "Point", "coordinates": [10389.0, 4711.0]}}, {"type": "Feature", "properties": {"sea_point_id": 6692, "name": "Atlantic Ocean", "ed_raw": 0, "hst_raw": 0, "pal_raw": 0}, "geometry": {"type": "Point", "coordinates": [5881.0, 4742.0]}}, {"type": "Feature", "properties": {"sea_point_id": 6693, "name": "Pacific Ocean", "ed_raw": 0, "hst_raw": 0, "pal_raw": 0}, "geometry": {"type": "Point", "coordinates": [2737.0, 4758.0]}}, {"type": "Feature", "properties": {"sea_point_id": 6694, "name": "Atlantic Ocean", "ed_raw": 0, "hst_raw": 0, "pal_raw": 0}, "geometry": {"type": "Point", "coordinates": [6255.0, 4773.0]}}, {"type": "Feature", "properties": {"sea_point_id": 6695, "name": "Pacific Ocean", "ed_raw": 0, "hst_raw": 0, "pal_raw": 0}, "geometry": {"type": "Point", "coordinates": [1146.0, 4789.0]}}, {"type": "Feature", "properties": {"sea_point_id": 6696, "name": "Indian Ocean", "ed_raw": 0, "hst_raw": 0, "pal_raw": 0}, "geometry": {"type": "Point", "coordinates": [10537.0, 4820.0]}}, {"type": "Feature", "properties": {"sea_point_id": 6697, "name": "Atlantic Ocean", "ed_raw": 0, "hst_raw": 0, "pal_raw": 0}, "geometry": {"type": "Point", "coordinates": [5272.0, 4836.0]}}, {"type": "Feature", "properties": {"sea_point_id": 6698, "name": "Atlantic Ocean", "ed_raw": 0, "hst_raw": 0, "pal_raw": 0}, "geometry": {"type": "Point", "coordinates": [6138.0, 4851.0]}}, {"type": "Feature", "properties": {"sea_point_id": 6699, "name": "Pacific Ocean", "ed_raw": 0, "hst_raw": 0, "pal_raw": 0}, "geometry": {"type": "Point", "coordinates": [1840.0, 4867.0]}}, {"type": "Feature", "properties": {"sea_point_id": 6700, "name": "Pacific Ocean", "ed_raw": 0, "hst_raw": 0, "pal_raw": 0}, "geometry": {"type": "Point", "coordinates": [2808.0, 4867.0]}}, {"type": "Feature", "properties": {"sea_point_id": 6701, "name": "Indian Ocean", "ed_raw": 0, "hst_raw": 0, "pal_raw": 0}, "geometry": {"type": "Point", "coordinates": [10717.0, 4898.0]}}, {"type": "Feature", "properties": {"sea_point_id": 6702, "name": "Atlantic Ocean", "ed_raw": 0, "hst_raw": 0, "pal_raw": 0}, "geometry": {"type": "Point", "coordinates": [6263.0, 4914.0]}}, {"type": "Feature", "properties": {"sea_point_id": 6703, "name": "Atlantic Ocean", "ed_raw": 0, "hst_raw": 0, "pal_raw": 0}, "geometry": {"type": "Point", "coordinates": [5647.0, 4929.0]}}, {"type": "Feature", "properties": {"sea_point_id": 6704, "name": "Atlantic Ocean", "ed_raw": 0, "hst_raw": 0, "pal_raw": 0}, "geometry": {"type": "Point", "coordinates": [5202.0, 4945.0]}}, {"type": "Feature", "properties": {"sea_point_id": 6705, "name": "Indian Ocean", "ed_raw": 0, "hst_raw": 0, "pal_raw": 0}, "geometry": {"type": "Point", "coordinates": [8712.0, 4945.0]}}, {"type": "Feature", "properties": {"sea_point_id": 6706, "name": "Indian Ocean", "ed_raw": 0, "hst_raw": 0, "pal_raw": 0}, "geometry": {"type": "Point", "coordinates": [10881.0, 4945.0]}}, {"type": "Feature", "properties": {"sea_point_id": 6707, "name": "Pacific Ocean", "ed_raw": 0, "hst_raw": 0, "pal_raw": 0}, "geometry": {"type": "Point", "coordinates": [1762.0, 4992.0]}}, {"type": "Feature", "properties": {"sea_point_id": 6708, "name": "Pacific Ocean", "ed_raw": 0, "hst_raw": 0, "pal_raw": 0}, "geometry": {"type": "Point", "coordinates": [2932.0, 4992.0]}}, {"type": "Feature", "properties": {"sea_point_id": 6709, "name": "Indian Ocean", "ed_raw": 0, "hst_raw": 0, "pal_raw": 0}, "geometry": {"type": "Point", "coordinates": [11013.0, 4992.0]}}, {"type": "Feature", "properties": {"sea_point_id": 6710, "name": "Pacific Ocean", "ed_raw": 0, "hst_raw": 0, "pal_raw": 0}, "geometry": {"type": "Point", "coordinates": [1302.0, 5007.0]}}, {"type": "Feature", "properties": {"sea_point_id": 6711, "name": "Indian Ocean", "ed_raw": 0, "hst_raw": 0, "pal_raw": 0}, "geometry": {"type": "Point", "coordinates": [11146.0, 5007.0]}}, {"type": "Feature", "properties": {"sea_point_id": 6712, "name": "Pacific Ocean", "ed_raw": 0, "hst_raw": 0, "pal_raw": 0}, "geometry": {"type": "Point", "coordinates": [1528.0, 5085.0]}}, {"type": "Feature", "properties": {"sea_point_id": 6713, "name": "Pacific Ocean", "ed_raw": 0, "hst_raw": 0, "pal_raw": 0}, "geometry": {"type": "Point", "coordinates": [3042.0, 5116.0]}}, {"type": "Feature", "properties": {"sea_point_id": 6714, "name": "Atlantic Ocean", "ed_raw": 0, "hst_raw": 0, "pal_raw": 0}, "geometry": {"type": "Point", "coordinates": [5132.0, 5116.0]}}, {"type": "Feature", "properties": {"sea_point_id": 6715, "name": "Indian Ocean", "ed_raw": 0, "hst_raw": 0, "pal_raw": 0}, "geometry": {"type": "Point", "coordinates": [8704.0, 5148.0]}}, {"type": "Feature", "properties": {"sea_point_id": 6716, "name": "Indian Ocean", "ed_raw": 0, "hst_raw": 0, "pal_raw": 0}, "geometry": {"type": "Point", "coordinates": [11122.0, 5148.0]}}, {"type": "Feature", "properties": {"sea_point_id": 6717, "name": "Atlantic Ocean", "ed_raw": 0, "hst_raw": 0, "pal_raw": 0}, "geometry": {"type": "Point", "coordinates": [6232.0, 5163.0]}}, {"type": "Feature", "properties": {"sea_point_id": 6718, "name": "Atlantic Ocean", "ed_raw": 0, "hst_raw": 0, "pal_raw": 0}, "geometry": {"type": "Point", "coordinates": [5600.0, 5210.0]}}, {"type": "Feature", "properties": {"sea_point_id": 6719, "name": "Pacific Ocean", "ed_raw": 0, "hst_raw": 0, "pal_raw": 0}, "geometry": {"type": "Point", "coordinates": [3104.0, 5241.0]}}, {"type": "Feature", "properties": {"sea_point_id": 6720, "name": "Atlantic Ocean", "ed_raw": 0, "hst_raw": 0, "pal_raw": 0}, "geometry": {"type": "Point", "coordinates": [6162.0, 5272.0]}}, {"type": "Feature", "properties": {"sea_point_id": 6721, "name": "Indian Ocean", "ed_raw": 0, "hst_raw": 0, "pal_raw": 0}, "geometry": {"type": "Point", "coordinates": [8642.0, 5272.0]}}, {"type": "Feature", "properties": {"sea_point_id": 6722, "name": "Atlantic Ocean", "ed_raw": 0, "hst_raw": 0, "pal_raw": 0}, "geometry": {"type": "Point", "coordinates": [5015.0, 5288.0]}}, {"type": "Feature", "properties": {"sea_point_id": 6723, "name": "Indian Ocean", "ed_raw": 0, "hst_raw": 0, "pal_raw": 0}, "geometry": {"type": "Point", "coordinates": [11083.0, 5350.0]}}, {"type": "Feature", "properties": {"sea_point_id": 6724, "name": "Atlantic Ocean", "ed_raw": 0, "hst_raw": 0, "pal_raw": 0}, "geometry": {"type": "Point", "coordinates": [5826.0, 5382.0]}}, {"type": "Feature", "properties": {"sea_point_id": 6725, "name": "Atlantic Ocean", "ed_raw": 0, "hst_raw": 0, "pal_raw": 0}, "geometry": {"type": "Point", "coordinates": [5959.0, 5397.0]}}, {"type": "Feature", "properties": {"sea_point_id": 6726, "name": "Indian Ocean", "ed_raw": 0, "hst_raw": 0, "pal_raw": 0}, "geometry": {"type": "Point", "coordinates": [8580.0, 5397.0]}}, {"type": "Feature", "properties": {"sea_point_id": 6727, "name": "Atlantic Ocean", "ed_raw": 0, "hst_raw": 0, "pal_raw": 0}, "geometry": {"type": "Point", "coordinates": [4797.0, 5413.0]}}, {"type": "Feature", "properties": {"sea_point_id": 6728, "name": "Pacific Ocean", "ed_raw": 0, "hst_raw": 0, "pal_raw": 0}, "geometry": {"type": "Point", "coordinates": [3112.0, 5444.0]}}, {"type": "Feature", "properties": {"sea_point_id": 6729, "name": "Atlantic Ocean", "ed_raw": 0, "hst_raw": 0, "pal_raw": 0}, "geometry": {"type": "Point", "coordinates": [6364.0, 5460.0]}}, {"type": "Feature", "properties": {"sea_point_id": 6730, "name": "Atlantic Ocean", "ed_raw": 0, "hst_raw": 0, "pal_raw": 0}, "geometry": {"type": "Point", "coordinates": [4726.0, 5522.0]}}, {"type": "Feature", "properties": {"sea_point_id": 6731, "name": "Indian Ocean", "ed_raw": 0, "hst_raw": 0, "pal_raw": 0}, "geometry": {"type": "Point", "coordinates": [11107.0, 5522.0]}}, {"type": "Feature", "properties": {"sea_point_id": 6732, "name": "Indian Ocean", "ed_raw": 0, "hst_raw": 0, "pal_raw": 0}, "geometry": {"type": "Point", "coordinates": [8361.0, 5553.0]}}, {"type": "Feature", "properties": {"sea_point_id": 6733, "name": "Pacific Ocean", "ed_raw": 0, "hst_raw": 0, "pal_raw": 0}, "geometry": {"type": "Point", "coordinates": [3073.0, 5584.0]}}, {"type": "Feature", "properties": {"sea_point_id": 6734, "name": "Atlantic Ocean", "ed_raw": 0, "hst_raw": 0, "pal_raw": 0}, "geometry": {"type": "Point", "coordinates": [4625.0, 5631.0]}}, {"type": "Feature", "properties": {"sea_point_id": 6735, "name": "Atlantic Ocean", "ed_raw": 0, "hst_raw": 0, "pal_raw": 0}, "geometry": {"type": "Point", "coordinates": [6411.0, 5647.0]}}, {"type": "Feature", "properties": {"sea_point_id": 6736, "name": "Indian Ocean", "ed_raw": 0, "hst_raw": 0, "pal_raw": 0}, "geometry": {"type": "Point", "coordinates": [8127.0, 5678.0]}}, {"type": "Feature", "properties": {"sea_point_id": 6737, "name": "Indian Ocean", "ed_raw": 0, "hst_raw": 0, "pal_raw": 0}, "geometry": {"type": "Point", "coordinates": [11169.0, 5678.0]}}, {"type": "Feature", "properties": {"sea_point_id": 6738, "name": "Indian Ocean", "ed_raw": 0, "hst_raw": 0, "pal_raw": 0}, "geometry": {"type": "Point", "coordinates": [7901.0, 5725.0]}}, {"type": "Feature", "properties": {"sea_point_id": 6739, "name": "Pacific Ocean", "ed_raw": 0, "hst_raw": 0, "pal_raw": 0}, "geometry": {"type": "Point", "coordinates": [3042.0, 5740.0]}}, {"type": "Feature", "properties": {"sea_point_id": 6740, "name": "Atlantic Ocean", "ed_raw": 0, "hst_raw": 0, "pal_raw": 0}, "geometry": {"type": "Point", "coordinates": [4500.0, 5756.0]}}, {"type": "Feature", "properties": {"sea_point_id": 6741, "name": "Atlantic Ocean", "ed_raw": 0, "hst_raw": 0, "pal_raw": 0}, "geometry": {"type": "Point", "coordinates": [6474.0, 5803.0]}}, {"type": "Feature", "properties": {"sea_point_id": 6742, "name": "Atlantic Ocean", "ed_raw": 0, "hst_raw": 0, "pal_raw": 0}, "geometry": {"type": "Point", "coordinates": [4407.0, 5850.0]}}, {"type": "Feature", "properties": {"sea_point_id": 6743, "name": "Indian Ocean", "ed_raw": 0, "hst_raw": 0, "pal_raw": 0}, "geometry": {"type": "Point", "coordinates": [11325.0, 5865.0]}}, {"type": "Feature", "properties": {"sea_point_id": 6744, "name": "Indian Ocean", "ed_raw": 0, "hst_raw": 0, "pal_raw": 0}, "geometry": {"type": "Point", "coordinates": [7761.0, 5881.0]}}, {"type": "Feature", "properties": {"sea_point_id": 6745, "name": "Pacific Ocean", "ed_raw": 0, "hst_raw": 0, "pal_raw": 0}, "geometry": {"type": "Point", "coordinates": [3049.0, 5912.0]}}, {"type": "Feature", "properties": {"sea_point_id": 6746, "name": "Indian Ocean", "ed_raw": 0, "hst_raw": 0, "pal_raw": 0}, "geometry": {"type": "Point", "coordinates": [11427.0, 5943.0]}}, {"type": "Feature", "properties": {"sea_point_id": 6747, "name": "Atlantic Ocean", "ed_raw": 0, "hst_raw": 0, "pal_raw": 0}, "geometry": {"type": "Point", "coordinates": [4243.0, 5959.0]}}, {"type": "Feature", "properties": {"sea_point_id": 6748, "name": "Great Australian Bight", "ed_raw": 0, "hst_raw": 0, "pal_raw": 0}, "geometry": {"type": "Point", "coordinates": [11941.0, 5974.0]}}, {"type": "Feature", "properties": {"sea_point_id": 6749, "name": "Yangtze River", "ed_raw": 0, "hst_raw": 0, "pal_raw": 0}, "geometry": {"type": "Point", "coordinates": [11092.0, 2763.0]}}, {"type": "Feature", "properties": {"sea_point_id": 6750, "name": "Indian Ocean", "ed_raw": 0, "hst_raw": 0, "pal_raw": 0}, "geometry": {"type": "Point", "coordinates": [11622.0, 5990.0]}}, {"type": "Feature", "properties": {"sea_point_id": 6751, "name": "Yangtze River", "ed_raw": 0, "hst_raw": 0, "pal_raw": 0}, "geometry": {"type": "Point", "coordinates": [11050.0, 2765.0]}}, {"type": "Feature", "properties": {"sea_point_id": 6752, "name": "Atlantic Ocean", "ed_raw": 0, "hst_raw": 0, "pal_raw": 0}, "geometry": {"type": "Point", "coordinates": [4274.0, 6084.0]}}, {"type": "Feature", "properties": {"sea_point_id": 6753, "name": "Yangtze River", "ed_raw": 0, "hst_raw": 0, "pal_raw": 0}, "geometry": {"type": "Point", "coordinates": [11017.0, 2759.0]}}, {"type": "Feature", "properties": {"sea_point_id": 6754, "name": "Great Australian Bight", "ed_raw": 0, "hst_raw": 0, "pal_raw": 0}, "geometry": {"type": "Point", "coordinates": [12090.0, 6084.0]}}, {"type": "Feature", "properties": {"sea_point_id": 6755, "name": "Pacific Ocean", "ed_raw": 0, "hst_raw": 0, "pal_raw": 0}, "geometry": {"type": "Point", "coordinates": [3127.0, 6130.0]}}, {"type": "Feature", "properties": {"sea_point_id": 6756, "name": "Yangtze River", "ed_raw": 0, "hst_raw": 0, "pal_raw": 0}, "geometry": {"type": "Point", "coordinates": [10994.0, 2771.0]}}, {"type": "Feature", "properties": {"sea_point_id": 6757, "name": "Yangtze River", "ed_raw": 0, "hst_raw": 0, "pal_raw": 0}, "geometry": {"type": "Point", "coordinates": [10994.0, 2788.0]}}, {"type": "Feature", "properties": {"sea_point_id": 6758, "name": "Southern Ocean", "ed_raw": 0, "hst_raw": 0, "pal_raw": 0}, "geometry": {"type": "Point", "coordinates": [12183.0, 6177.0]}}, {"type": "Feature", "properties": {"sea_point_id": 6759, "name": "Yangtze River", "ed_raw": 0, "hst_raw": 0, "pal_raw": 0}, "geometry": {"type": "Point", "coordinates": [10974.0, 2797.0]}}, {"type": "Feature", "properties": {"sea_point_id": 6760, "name": "Yangtze River", "ed_raw": 0, "hst_raw": 0, "pal_raw": 0}, "geometry": {"type": "Point", "coordinates": [10970.0, 2803.0]}}, {"type": "Feature", "properties": {"sea_point_id": 6761, "name": "Southern Ocean", "ed_raw": 0, "hst_raw": 0, "pal_raw": 0}, "geometry": {"type": "Point", "coordinates": [3081.0, 6349.0]}}, {"type": "Feature", "properties": {"sea_point_id": 6762, "name": "Yangtze River", "ed_raw": 0, "hst_raw": 0, "pal_raw": 0}, "geometry": {"type": "Point", "coordinates": [10956.0, 2804.0]}}, {"type": "Feature", "properties": {"sea_point_id": 6763, "name": "Yangtze River", "ed_raw": 0, "hst_raw": 0, "pal_raw": 0}, "geometry": {"type": "Point", "coordinates": [10942.0, 2800.0]}}, {"type": "Feature", "properties": {"sea_point_id": 6764, "name": "Yangtze River", "ed_raw": 0, "hst_raw": 0, "pal_raw": 0}, "geometry": {"type": "Point", "coordinates": [10922.0, 2815.0]}}, {"type": "Feature", "properties": {"sea_point_id": 6765, "name": "Yangtze River", "ed_raw": 0, "hst_raw": 0, "pal_raw": 0}, "geometry": {"type": "Point", "coordinates": [10905.0, 2815.0]}}, {"type": "Feature", "properties": {"sea_point_id": 6766, "name": "Southern Ocean", "ed_raw": 0, "hst_raw": 0, "pal_raw": 0}, "geometry": {"type": "Point", "coordinates": [3159.0, 6505.0]}}, {"type": "Feature", "properties": {"sea_point_id": 6767, "name": "Yangtze River", "ed_raw": 0, "hst_raw": 0, "pal_raw": 0}, "geometry": {"type": "Point", "coordinates": [10894.0, 2822.0]}}, {"type": "Feature", "properties": {"sea_point_id": 6768, "name": "Yangtze River", "ed_raw": 0, "hst_raw": 0, "pal_raw": 0}, "geometry": {"type": "Point", "coordinates": [10879.0, 2820.0]}}, {"type": "Feature", "properties": {"sea_point_id": 6769, "name": "Yangtze River", "ed_raw": 0, "hst_raw": 0, "pal_raw": 0}, "geometry": {"type": "Point", "coordinates": [10862.0, 2835.0]}}, {"type": "Feature", "properties": {"sea_point_id": 6770, "name": "East China Sea", "ed_raw": 0, "hst_raw": 0, "pal_raw": 0}, "geometry": {"type": "Point", "coordinates": [11183.0, 2491.0]}}, {"type": "Feature", "properties": {"sea_point_id": 6771, "name": "Yellow River", "ed_raw": 0, "hst_raw": 0, "pal_raw": 0}, "geometry": {"type": "Point", "coordinates": [11165.0, 2501.0]}}, {"type": "Feature", "properties": {"sea_point_id": 6772, "name": "Yellow River", "ed_raw": 0, "hst_raw": 0, "pal_raw": 0}, "geometry": {"type": "Point", "coordinates": [11134.0, 2500.0]}}, {"type": "Feature", "properties": {"sea_point_id": 6773, "name": "Yellow River", "ed_raw": 0, "hst_raw": 0, "pal_raw": 0}, "geometry": {"type": "Point", "coordinates": [11117.0, 2484.0]}}, {"type": "Feature", "properties": {"sea_point_id": 6774, "name": "Yellow River", "ed_raw": 0, "hst_raw": 0, "pal_raw": 0}, "geometry": {"type": "Point", "coordinates": [11101.0, 2487.0]}}, {"type": "Feature", "properties": {"sea_point_id": 6775, "name": "South China Sea", "ed_raw": 0, "hst_raw": 0, "pal_raw": 0}, "geometry": {"type": "Point", "coordinates": [10915.0, 3828.0]}}, {"type": "Feature", "properties": {"sea_point_id": 6776, "name": "Mekong River", "ed_raw": 0, "hst_raw": 0, "pal_raw": 0}, "geometry": {"type": "Point", "coordinates": [10898.0, 3801.0]}}, {"type": "Feature", "properties": {"sea_point_id": 6777, "name": "Mekong River", "ed_raw": 0, "hst_raw": 0, "pal_raw": 0}, "geometry": {"type": "Point", "coordinates": [10886.0, 3806.0]}}, {"type": "Feature", "properties": {"sea_point_id": 6778, "name": "Ob River", "ed_raw": 0, "hst_raw": 0, "pal_raw": 0}, "geometry": {"type": "Point", "coordinates": [8951.0, 908.0]}}, {"type": "Feature", "properties": {"sea_point_id": 6779, "name": "Ob River", "ed_raw": 0, "hst_raw": 0, "pal_raw": 0}, "geometry": {"type": "Point", "coordinates": [8921.0, 941.0]}}, {"type": "Feature", "properties": {"sea_point_id": 6780, "name": "Ob River", "ed_raw": 0, "hst_raw": 0, "pal_raw": 0}, "geometry": {"type": "Point", "coordinates": [8919.0, 962.0]}}, {"type": "Feature", "properties": {"sea_point_id": 6781, "name": "Ob River", "ed_raw": 0, "hst_raw": 0, "pal_raw": 0}, "geometry": {"type": "Point", "coordinates": [8920.0, 993.0]}}, {"type": "Feature", "properties": {"sea_point_id": 6782, "name": "Ob River", "ed_raw": 0, "hst_raw": 0, "pal_raw": 0}, "geometry": {"type": "Point", "coordinates": [8900.0, 1014.0]}}, {"type": "Feature", "properties": {"sea_point_id": 6783, "name": "Yunisei", "ed_raw": 0, "hst_raw": 0, "pal_raw": 0}, "geometry": {"type": "Point", "coordinates": [9458.0, 571.0]}}, {"type": "Feature", "properties": {"sea_point_id": 6784, "name": "Yunisei", "ed_raw": 0, "hst_raw": 0, "pal_raw": 0}, "geometry": {"type": "Point", "coordinates": [9461.0, 582.0]}}, {"type": "Feature", "properties": {"sea_point_id": 6785, "name": "Yunisei", "ed_raw": 0, "hst_raw": 0, "pal_raw": 0}, "geometry": {"type": "Point", "coordinates": [9510.0, 611.0]}}, {"type": "Feature", "properties": {"sea_point_id": 6786, "name": "Yunisei", "ed_raw": 0, "hst_raw": 0, "pal_raw": 0}, "geometry": {"type": "Point", "coordinates": [9527.0, 628.0]}}, {"type": "Feature", "properties": {"sea_point_id": 6787, "name": "Yunisei", "ed_raw": 0, "hst_raw": 0, "pal_raw": 0}, "geometry": {"type": "Point", "coordinates": [9537.0, 651.0]}}, {"type": "Feature", "properties": {"sea_point_id": 6788, "name": "Yunisei", "ed_raw": 0, "hst_raw": 0, "pal_raw": 0}, "geometry": {"type": "Point", "coordinates": [9533.0, 667.0]}}, {"type": "Feature", "properties": {"sea_point_id": 6789, "name": "Yunisei", "ed_raw": 0, "hst_raw": 0, "pal_raw": 0}, "geometry": {"type": "Point", "coordinates": [9506.0, 677.0]}}, {"type": "Feature", "properties": {"sea_point_id": 6790, "name": "Yunisei", "ed_raw": 0, "hst_raw": 0, "pal_raw": 0}, "geometry": {"type": "Point", "coordinates": [9507.0, 714.0]}}, {"type": "Feature", "properties": {"sea_point_id": 6791, "name": "Yunisei", "ed_raw": 0, "hst_raw": 0, "pal_raw": 0}, "geometry": {"type": "Point", "coordinates": [9513.0, 725.0]}}, {"type": "Feature", "properties": {"sea_point_id": 6792, "name": "Yunisei", "ed_raw": 0, "hst_raw": 0, "pal_raw": 0}, "geometry": {"type": "Point", "coordinates": [9513.0, 740.0]}}, {"type": "Feature", "properties": {"sea_point_id": 6793, "name": "Yunisei", "ed_raw": 0, "hst_raw": 0, "pal_raw": 0}, "geometry": {"type": "Point", "coordinates": [9519.0, 750.0]}}, {"type": "Feature", "properties": {"sea_point_id": 6794, "name": "Yunisei", "ed_raw": 0, "hst_raw": 0, "pal_raw": 0}, "geometry": {"type": "Point", "coordinates": [9546.0, 767.0]}}, {"type": "Feature", "properties": {"sea_point_id": 6795, "name": "Yunisei", "ed_raw": 0, "hst_raw": 0, "pal_raw": 0}, "geometry": {"type": "Point", "coordinates": [9551.0, 795.0]}}, {"type": "Feature", "properties": {"sea_point_id": 6796, "name": "Yunisei", "ed_raw": 0, "hst_raw": 0, "pal_raw": 0}, "geometry": {"type": "Point", "coordinates": [9554.0, 812.0]}}, {"type": "Feature", "properties": {"sea_point_id": 6797, "name": "Yunisei", "ed_raw": 0, "hst_raw": 0, "pal_raw": 0}, "geometry": {"type": "Point", "coordinates": [9566.0, 820.0]}}, {"type": "Feature", "properties": {"sea_point_id": 6798, "name": "Yunisei", "ed_raw": 0, "hst_raw": 0, "pal_raw": 0}, "geometry": {"type": "Point", "coordinates": [9571.0, 856.0]}}, {"type": "Feature", "properties": {"sea_point_id": 6799, "name": "Yunisei", "ed_raw": 0, "hst_raw": 0, "pal_raw": 0}, "geometry": {"type": "Point", "coordinates": [9604.0, 870.0]}}, {"type": "Feature", "properties": {"sea_point_id": 6800, "name": "Yunisei", "ed_raw": 0, "hst_raw": 0, "pal_raw": 0}, "geometry": {"type": "Point", "coordinates": [9607.0, 883.0]}}, {"type": "Feature", "properties": {"sea_point_id": 6801, "name": "Yunisei", "ed_raw": 0, "hst_raw": 0, "pal_raw": 0}, "geometry": {"type": "Point", "coordinates": [9599.0, 907.0]}}, {"type": "Feature", "properties": {"sea_point_id": 6802, "name": "Yunisei", "ed_raw": 0, "hst_raw": 0, "pal_raw": 0}, "geometry": {"type": "Point", "coordinates": [9618.0, 920.0]}}, {"type": "Feature", "properties": {"sea_point_id": 6804, "name": "Yunisei", "ed_raw": 0, "hst_raw": 0, "pal_raw": 0}, "geometry": {"type": "Point", "coordinates": [9643.0, 927.0]}}, {"type": "Feature", "properties": {"sea_point_id": 6805, "name": "Yunisei", "ed_raw": 0, "hst_raw": 0, "pal_raw": 0}, "geometry": {"type": "Point", "coordinates": [9653.0, 935.0]}}, {"type": "Feature", "properties": {"sea_point_id": 6806, "name": "Norwegian Sea", "ed_raw": 0, "hst_raw": 0, "pal_raw": 0}, "geometry": {"type": "Point", "coordinates": [5904.0, 639.0]}}, {"type": "Feature", "properties": {"sea_point_id": 6807, "name": "Norwegian Sea", "ed_raw": 0, "hst_raw": 0, "pal_raw": 0}, "geometry": {"type": "Point", "coordinates": [6403.0, 639.0]}}, {"type": "Feature", "properties": {"sea_point_id": 6808, "name": "Norwegian Sea", "ed_raw": 0, "hst_raw": 0, "pal_raw": 0}, "geometry": {"type": "Point", "coordinates": [6060.0, 764.0]}}, {"type": "Feature", "properties": {"sea_point_id": 6809, "name": "Norwegian Sea", "ed_raw": 0, "hst_raw": 0, "pal_raw": 0}, "geometry": {"type": "Point", "coordinates": [6279.0, 795.0]}}, {"type": "Feature", "properties": {"sea_point_id": 6810, "name": "Bering Sea", "ed_raw": 0, "hst_raw": 0, "pal_raw": 0}, "geometry": {"type": "Point", "coordinates": [13299.0, 1107.0]}}, {"type": "Feature", "properties": {"sea_point_id": 6811, "name": "Bering Sea", "ed_raw": 0, "hst_raw": 0, "pal_raw": 0}, "geometry": {"type": "Point", "coordinates": [13096.0, 1201.0]}}, {"type": "Feature", "properties": {"sea_point_id": 6812, "name": "Bering Sea", "ed_raw": 0, "hst_raw": 0, "pal_raw": 0}, "geometry": {"type": "Point", "coordinates": [12948.0, 1310.0]}}, {"type": "Feature", "properties": {"sea_point_id": 6813, "name": "Pacific Ocean", "ed_raw": 0, "hst_raw": 0, "pal_raw": 0}, "geometry": {"type": "Point", "coordinates": [663.0, 1513.0]}}, {"type": "Feature", "properties": {"sea_point_id": 6814, "name": "Pacific Ocean", "ed_raw": 0, "hst_raw": 0, "pal_raw": 0}, "geometry": {"type": "Point", "coordinates": [12916.0, 1528.0]}}, {"type": "Feature", "properties": {"sea_point_id": 6815, "name": "Pacific Ocean", "ed_raw": 0, "hst_raw": 0, "pal_raw": 0}, "geometry": {"type": "Point", "coordinates": [514.0, 1560.0]}}, {"type": "Feature", "properties": {"sea_point_id": 6816, "name": "Pacific Ocean", "ed_raw": 0, "hst_raw": 0, "pal_raw": 0}, "geometry": {"type": "Point", "coordinates": [202.0, 1591.0]}}, {"type": "Feature", "properties": {"sea_point_id": 6817, "name": "Pacific Ocean", "ed_raw": 0, "hst_raw": 0, "pal_raw": 0}, "geometry": {"type": "Point", "coordinates": [12675.0, 1638.0]}}, {"type": "Feature", "properties": {"sea_point_id": 6818, "name": "Pacific Ocean", "ed_raw": 0, "hst_raw": 0, "pal_raw": 0}, "geometry": {"type": "Point", "coordinates": [678.0, 1731.0]}}, {"type": "Feature", "properties": {"sea_point_id": 6819, "name": "Atlantic Ocean", "ed_raw": 0, "hst_raw": 0, "pal_raw": 0}, "geometry": {"type": "Point", "coordinates": [5155.0, 1731.0]}}, {"type": "Feature", "properties": {"sea_point_id": 6820, "name": "Pacific Ocean", "ed_raw": 0, "hst_raw": 0, "pal_raw": 0}, "geometry": {"type": "Point", "coordinates": [12659.0, 1794.0]}}, {"type": "Feature", "properties": {"sea_point_id": 6821, "name": "Atlantic Ocean", "ed_raw": 0, "hst_raw": 0, "pal_raw": 0}, "geometry": {"type": "Point", "coordinates": [4937.0, 1825.0]}}, {"type": "Feature", "properties": {"sea_point_id": 6822, "name": "Atlantic Ocean", "ed_raw": 0, "hst_raw": 0, "pal_raw": 0}, "geometry": {"type": "Point", "coordinates": [5163.0, 1903.0]}}, {"type": "Feature", "properties": {"sea_point_id": 6823, "name": "Pacific Ocean", "ed_raw": 0, "hst_raw": 0, "pal_raw": 0}, "geometry": {"type": "Point", "coordinates": [733.0, 1934.0]}}, {"type": "Feature", "properties": {"sea_point_id": 6824, "name": "Atlantic Ocean", "ed_raw": 0, "hst_raw": 0, "pal_raw": 0}, "geometry": {"type": "Point", "coordinates": [4695.0, 1965.0]}}, {"type": "Feature", "properties": {"sea_point_id": 6825, "name": "Atlantic Ocean", "ed_raw": 0, "hst_raw": 0, "pal_raw": 0}, "geometry": {"type": "Point", "coordinates": [5124.0, 2043.0]}}, {"type": "Feature", "properties": {"sea_point_id": 6826, "name": "Atlantic Ocean", "ed_raw": 0, "hst_raw": 0, "pal_raw": 0}, "geometry": {"type": "Point", "coordinates": [4485.0, 2074.0]}}, {"type": "Feature", "properties": {"sea_point_id": 6827, "name": "Pacific Ocean", "ed_raw": 0, "hst_raw": 0, "pal_raw": 0}, "geometry": {"type": "Point", "coordinates": [741.0, 2106.0]}}, {"type": "Feature", "properties": {"sea_point_id": 6828, "name": "Pacific Ocean", "ed_raw": 0, "hst_raw": 0, "pal_raw": 0}, "geometry": {"type": "Point", "coordinates": [12682.0, 2121.0]}}, {"type": "Feature", "properties": {"sea_point_id": 6829, "name": "Atlantic Ocean", "ed_raw": 0, "hst_raw": 0, "pal_raw": 0}, "geometry": {"type": "Point", "coordinates": [4251.0, 2168.0]}}, {"type": "Feature", "properties": {"sea_point_id": 6830, "name": "Atlantic Ocean", "ed_raw": 0, "hst_raw": 0, "pal_raw": 0}, "geometry": {"type": "Point", "coordinates": [4984.0, 2168.0]}}, {"type": "Feature", "properties": {"sea_point_id": 6831, "name": "Pacific Ocean", "ed_raw": 0, "hst_raw": 0, "pal_raw": 0}, "geometry": {"type": "Point", "coordinates": [179.0, 2230.0]}}, {"type": "Feature", "properties": {"sea_point_id": 6832, "name": "Atlantic Ocean", "ed_raw": 0, "hst_raw": 0, "pal_raw": 0}, "geometry": {"type": "Point", "coordinates": [4726.0, 2246.0]}}, {"type": "Feature", "properties": {"sea_point_id": 6833, "name": "Pacific Ocean", "ed_raw": 0, "hst_raw": 0, "pal_raw": 0}, "geometry": {"type": "Point", "coordinates": [304.0, 2262.0]}}, {"type": "Feature", "properties": {"sea_point_id": 6834, "name": "Pacific Ocean", "ed_raw": 0, "hst_raw": 0, "pal_raw": 0}, "geometry": {"type": "Point", "coordinates": [803.0, 2293.0]}}, {"type": "Feature", "properties": {"sea_point_id": 6835, "name": "Pacific Ocean", "ed_raw": 0, "hst_raw": 0, "pal_raw": 0}, "geometry": {"type": "Point", "coordinates": [12620.0, 2308.0]}}, {"type": "Feature", "properties": {"sea_point_id": 6836, "name": "Atlantic Ocean", "ed_raw": 0, "hst_raw": 0, "pal_raw": 0}, "geometry": {"type": "Point", "coordinates": [4188.0, 2324.0]}}, {"type": "Feature", "properties": {"sea_point_id": 6837, "name": "Atlantic Ocean", "ed_raw": 0, "hst_raw": 0, "pal_raw": 0}, "geometry": {"type": "Point", "coordinates": [4625.0, 2324.0]}}, {"type": "Feature", "properties": {"sea_point_id": 6838, "name": "Pacific Ocean", "ed_raw": 0, "hst_raw": 0, "pal_raw": 0}, "geometry": {"type": "Point", "coordinates": [12589.0, 2433.0]}}, {"type": "Feature", "properties": {"sea_point_id": 6839, "name": "Atlantic Ocean", "ed_raw": 0, "hst_raw": 0, "pal_raw": 0}, "geometry": {"type": "Point", "coordinates": [4017.0, 2449.0]}}, {"type": "Feature", "properties": {"sea_point_id": 6840, "name": "Pacific Ocean", "ed_raw": 0, "hst_raw": 0, "pal_raw": 0}, "geometry": {"type": "Point", "coordinates": [468.0, 2464.0]}}, {"type": "Feature", "properties": {"sea_point_id": 6841, "name": "Pacific Ocean", "ed_raw": 0, "hst_raw": 0, "pal_raw": 0}, "geometry": {"type": "Point", "coordinates": [865.0, 2511.0]}}, {"type": "Feature", "properties": {"sea_point_id": 6842, "name": "Atlantic Ocean", "ed_raw": 0, "hst_raw": 0, "pal_raw": 0}, "geometry": {"type": "Point", "coordinates": [4555.0, 2558.0]}}, {"type": "Feature", "properties": {"sea_point_id": 6843, "name": "Pacific Ocean", "ed_raw": 0, "hst_raw": 0, "pal_raw": 0}, "geometry": {"type": "Point", "coordinates": [499.0, 2589.0]}}, {"type": "Feature", "properties": {"sea_point_id": 6844, "name": "Pacific Ocean", "ed_raw": 0, "hst_raw": 0, "pal_raw": 0}, "geometry": {"type": "Point", "coordinates": [12487.0, 2605.0]}}, {"type": "Feature", "properties": {"sea_point_id": 6845, "name": "Pacific Ocean", "ed_raw": 0, "hst_raw": 0, "pal_raw": 0}, "geometry": {"type": "Point", "coordinates": [639.0, 2652.0]}}, {"type": "Feature", "properties": {"sea_point_id": 6846, "name": "Pacific Ocean", "ed_raw": 0, "hst_raw": 0, "pal_raw": 0}, "geometry": {"type": "Point", "coordinates": [912.0, 2667.0]}}, {"type": "Feature", "properties": {"sea_point_id": 6847, "name": "Atlantic Ocean", "ed_raw": 0, "hst_raw": 0, "pal_raw": 0}, "geometry": {"type": "Point", "coordinates": [3978.0, 2683.0]}}, {"type": "Feature", "properties": {"sea_point_id": 6848, "name": "Pacific Ocean", "ed_raw": 0, "hst_raw": 0, "pal_raw": 0}, "geometry": {"type": "Point", "coordinates": [1037.0, 2792.0]}}, {"type": "Feature", "properties": {"sea_point_id": 6849, "name": "Pacific Ocean", "ed_raw": 0, "hst_raw": 0, "pal_raw": 0}, "geometry": {"type": "Point", "coordinates": [12347.0, 2792.0]}}, {"type": "Feature", "properties": {"sea_point_id": 6850, "name": "Pacific Ocean", "ed_raw": 0, "hst_raw": 0, "pal_raw": 0}, "geometry": {"type": "Point", "coordinates": [1170.0, 2808.0]}}, {"type": "Feature", "properties": {"sea_point_id": 6851, "name": "Pacific Ocean", "ed_raw": 0, "hst_raw": 0, "pal_raw": 0}, "geometry": {"type": "Point", "coordinates": [13197.0, 2870.0]}}, {"type": "Feature", "properties": {"sea_point_id": 6852, "name": "Atlantic Ocean", "ed_raw": 0, "hst_raw": 0, "pal_raw": 0}, "geometry": {"type": "Point", "coordinates": [4219.0, 2886.0]}}, {"type": "Feature", "properties": {"sea_point_id": 6853, "name": "Atlantic Ocean", "ed_raw": 0, "hst_raw": 0, "pal_raw": 0}, "geometry": {"type": "Point", "coordinates": [4594.0, 2886.0]}}, {"type": "Feature", "properties": {"sea_point_id": 6854, "name": "Pacific Ocean", "ed_raw": 0, "hst_raw": 0, "pal_raw": 0}, "geometry": {"type": "Point", "coordinates": [1263.0, 2901.0]}}, {"type": "Feature", "properties": {"sea_point_id": 6855, "name": "Pacific Ocean", "ed_raw": 0, "hst_raw": 0, "pal_raw": 0}, "geometry": {"type": "Point", "coordinates": [13470.0, 2948.0]}}, {"type": "Feature", "properties": {"sea_point_id": 6856, "name": "Atlantic Ocean", "ed_raw": 0, "hst_raw": 0, "pal_raw": 0}, "geometry": {"type": "Point", "coordinates": [4820.0, 2964.0]}}, {"type": "Feature", "properties": {"sea_point_id": 6857, "name": "Pacific Ocean", "ed_raw": 0, "hst_raw": 0, "pal_raw": 0}, "geometry": {"type": "Point", "coordinates": [78.0, 2995.0]}}, {"type": "Feature", "properties": {"sea_point_id": 6858, "name": "Pacific Ocean", "ed_raw": 0, "hst_raw": 0, "pal_raw": 0}, "geometry": {"type": "Point", "coordinates": [12230.0, 2995.0]}}, {"type": "Feature", "properties": {"sea_point_id": 6859, "name": "Pacific Ocean", "ed_raw": 0, "hst_raw": 0, "pal_raw": 0}, "geometry": {"type": "Point", "coordinates": [12924.0, 3010.0]}}, {"type": "Feature", "properties": {"sea_point_id": 6860, "name": "Pacific Ocean", "ed_raw": 0, "hst_raw": 0, "pal_raw": 0}, "geometry": {"type": "Point", "coordinates": [1216.0, 3026.0]}}, {"type": "Feature", "properties": {"sea_point_id": 6861, "name": "Atlantic Ocean", "ed_raw": 0, "hst_raw": 0, "pal_raw": 0}, "geometry": {"type": "Point", "coordinates": [4953.0, 3042.0]}}, {"type": "Feature", "properties": {"sea_point_id": 6862, "name": "Atlantic Ocean", "ed_raw": 0, "hst_raw": 0, "pal_raw": 0}, "geometry": {"type": "Point", "coordinates": [4375.0, 3073.0]}}, {"type": "Feature", "properties": {"sea_point_id": 6863, "name": "Pacific Ocean", "ed_raw": 0, "hst_raw": 0, "pal_raw": 0}, "geometry": {"type": "Point", "coordinates": [12035.0, 3073.0]}}, {"type": "Feature", "properties": {"sea_point_id": 6864, "name": "Pacific Ocean", "ed_raw": 0, "hst_raw": 0, "pal_raw": 0}, "geometry": {"type": "Point", "coordinates": [12729.0, 3088.0]}}, {"type": "Feature", "properties": {"sea_point_id": 6865, "name": "Pacific Ocean", "ed_raw": 0, "hst_raw": 0, "pal_raw": 0}, "geometry": {"type": "Point", "coordinates": [1318.0, 3104.0]}}, {"type": "Feature", "properties": {"sea_point_id": 6866, "name": "Pacific Ocean", "ed_raw": 0, "hst_raw": 0, "pal_raw": 0}, "geometry": {"type": "Point", "coordinates": [12480.0, 3120.0]}}, {"type": "Feature", "properties": {"sea_point_id": 6867, "name": "Atlantic Ocean", "ed_raw": 0, "hst_raw": 0, "pal_raw": 0}, "geometry": {"type": "Point", "coordinates": [4984.0, 3166.0]}}, {"type": "Feature", "properties": {"sea_point_id": 6868, "name": "Atlantic Ocean", "ed_raw": 0, "hst_raw": 0, "pal_raw": 0}, "geometry": {"type": "Point", "coordinates": [4422.0, 3198.0]}}, {"type": "Feature", "properties": {"sea_point_id": 6869, "name": "Pacific Ocean", "ed_raw": 0, "hst_raw": 0, "pal_raw": 0}, "geometry": {"type": "Point", "coordinates": [12230.0, 3213.0]}}, {"type": "Feature", "properties": {"sea_point_id": 6870, "name": "Pacific Ocean", "ed_raw": 0, "hst_raw": 0, "pal_raw": 0}, "geometry": {"type": "Point", "coordinates": [1310.0, 3244.0]}}, {"type": "Feature", "properties": {"sea_point_id": 6871, "name": "Pacific Ocean", "ed_raw": 0, "hst_raw": 0, "pal_raw": 0}, "geometry": {"type": "Point", "coordinates": [1474.0, 3291.0]}}, {"type": "Feature", "properties": {"sea_point_id": 6872, "name": "Pacific Ocean", "ed_raw": 0, "hst_raw": 0, "pal_raw": 0}, "geometry": {"type": "Point", "coordinates": [11996.0, 3307.0]}}, {"type": "Feature", "properties": {"sea_point_id": 6873, "name": "Pacific Ocean", "ed_raw": 0, "hst_raw": 0, "pal_raw": 0}, "geometry": {"type": "Point", "coordinates": [1232.0, 3369.0]}}, {"type": "Feature", "properties": {"sea_point_id": 6874, "name": "Atlantic Ocean", "ed_raw": 0, "hst_raw": 0, "pal_raw": 0}, "geometry": {"type": "Point", "coordinates": [4477.0, 3369.0]}}, {"type": "Feature", "properties": {"sea_point_id": 6875, "name": "Pacific Ocean", "ed_raw": 0, "hst_raw": 0, "pal_raw": 0}, "geometry": {"type": "Point", "coordinates": [1567.0, 3385.0]}}, {"type": "Feature", "properties": {"sea_point_id": 6876, "name": "Pacific Ocean", "ed_raw": 0, "hst_raw": 0, "pal_raw": 0}, "geometry": {"type": "Point", "coordinates": [12105.0, 3400.0]}}, {"type": "Feature", "properties": {"sea_point_id": 6877, "name": "Atlantic Ocean", "ed_raw": 0, "hst_raw": 0, "pal_raw": 0}, "geometry": {"type": "Point", "coordinates": [4851.0, 3432.0]}}, {"type": "Feature", "properties": {"sea_point_id": 6878, "name": "Pacific Ocean", "ed_raw": 0, "hst_raw": 0, "pal_raw": 0}, "geometry": {"type": "Point", "coordinates": [1154.0, 3494.0]}}, {"type": "Feature", "properties": {"sea_point_id": 6879, "name": "Pacific Ocean", "ed_raw": 0, "hst_raw": 0, "pal_raw": 0}, "geometry": {"type": "Point", "coordinates": [1669.0, 3494.0]}}, {"type": "Feature", "properties": {"sea_point_id": 6880, "name": "Atlantic Ocean", "ed_raw": 0, "hst_raw": 0, "pal_raw": 0}, "geometry": {"type": "Point", "coordinates": [4541.0, 3504.0]}}, {"type": "Feature", "properties": {"sea_point_id": 6881, "name": "Pacific Ocean", "ed_raw": 0, "hst_raw": 0, "pal_raw": 0}, "geometry": {"type": "Point", "coordinates": [460.0, 3572.0]}}, {"type": "Feature", "properties": {"sea_point_id": 6882, "name": "Atlantic Ocean", "ed_raw": 0, "hst_raw": 0, "pal_raw": 0}, "geometry": {"type": "Point", "coordinates": [4906.0, 3572.0]}}, {"type": "Feature", "properties": {"sea_point_id": 6883, "name": "Pacific Ocean", "ed_raw": 0, "hst_raw": 0, "pal_raw": 0}, "geometry": {"type": "Point", "coordinates": [249.0, 3588.0]}}, {"type": "Feature", "properties": {"sea_point_id": 6884, "name": "Atlantic Ocean", "ed_raw": 0, "hst_raw": 0, "pal_raw": 0}, "geometry": {"type": "Point", "coordinates": [4680.0, 3588.0]}}, {"type": "Feature", "properties": {"sea_point_id": 6885, "name": "Pacific Ocean", "ed_raw": 0, "hst_raw": 0, "pal_raw": 0}, "geometry": {"type": "Point", "coordinates": [585.0, 3603.0]}}, {"type": "Feature", "properties": {"sea_point_id": 6886, "name": "Pacific Ocean", "ed_raw": 0, "hst_raw": 0, "pal_raw": 0}, "geometry": {"type": "Point", "coordinates": [1778.0, 3619.0]}}, {"type": "Feature", "properties": {"sea_point_id": 6887, "name": "Pacific Ocean", "ed_raw": 0, "hst_raw": 0, "pal_raw": 0}, "geometry": {"type": "Point", "coordinates": [998.0, 3650.0]}}, {"type": "Feature", "properties": {"sea_point_id": 6888, "name": "Pacific Ocean", "ed_raw": 0, "hst_raw": 0, "pal_raw": 0}, "geometry": {"type": "Point", "coordinates": [803.0, 3666.0]}}, {"type": "Feature", "properties": {"sea_point_id": 6889, "name": "Atlantic Ocean", "ed_raw": 0, "hst_raw": 0, "pal_raw": 0}, "geometry": {"type": "Point", "coordinates": [4781.0, 3666.0]}}, {"type": "Feature", "properties": {"sea_point_id": 6890, "name": "Pacific Ocean", "ed_raw": 0, "hst_raw": 0, "pal_raw": 0}, "geometry": {"type": "Point", "coordinates": [1957.0, 3790.0]}}, {"type": "Feature", "properties": {"sea_point_id": 6891, "name": "Pacific Ocean", "ed_raw": 0, "hst_raw": 0, "pal_raw": 0}, "geometry": {"type": "Point", "coordinates": [2137.0, 3868.0]}}, {"type": "Feature", "properties": {"sea_point_id": 6892, "name": "Pacific Ocean", "ed_raw": 0, "hst_raw": 0, "pal_raw": 0}, "geometry": {"type": "Point", "coordinates": [2340.0, 3900.0]}}, {"type": "Feature", "properties": {"sea_point_id": 6893, "name": "Arabian Sea", "ed_raw": 0, "hst_raw": 0, "pal_raw": 0}, "geometry": {"type": "Point", "coordinates": [8977.0, 3915.0]}}, {"type": "Feature", "properties": {"sea_point_id": 6894, "name": "Pacific Ocean", "ed_raw": 0, "hst_raw": 0, "pal_raw": 0}, "geometry": {"type": "Point", "coordinates": [2363.0, 4040.0]}}, {"type": "Feature", "properties": {"sea_point_id": 6895, "name": "Indian Ocean", "ed_raw": 0, "hst_raw": 0, "pal_raw": 0}, "geometry": {"type": "Point", "coordinates": [9055.0, 4071.0]}}, {"type": "Feature", "properties": {"sea_point_id": 6896, "name": "Pacific Ocean", "ed_raw": 0, "hst_raw": 0, "pal_raw": 0}, "geometry": {"type": "Point", "coordinates": [2332.0, 4165.0]}}, {"type": "Feature", "properties": {"sea_point_id": 6897, "name": "Indian Ocean", "ed_raw": 0, "hst_raw": 0, "pal_raw": 0}, "geometry": {"type": "Point", "coordinates": [9204.0, 4212.0]}}, {"type": "Feature", "properties": {"sea_point_id": 6898, "name": "Indian Ocean", "ed_raw": 0, "hst_raw": 0, "pal_raw": 0}, "geometry": {"type": "Point", "coordinates": [8899.0, 4227.0]}}, {"type": "Feature", "properties": {"sea_point_id": 6899, "name": "Pacific Ocean", "ed_raw": 0, "hst_raw": 0, "pal_raw": 0}, "geometry": {"type": "Point", "coordinates": [1528.0, 4243.0]}}, {"type": "Feature", "properties": {"sea_point_id": 6900, "name": "Pacific Ocean", "ed_raw": 0, "hst_raw": 0, "pal_raw": 0}, "geometry": {"type": "Point", "coordinates": [1294.0, 4305.0]}}, {"type": "Feature", "properties": {"sea_point_id": 6901, "name": "Pacific Ocean", "ed_raw": 0, "hst_raw": 0, "pal_raw": 0}, "geometry": {"type": "Point", "coordinates": [1794.0, 4336.0]}}, {"type": "Feature", "properties": {"sea_point_id": 6902, "name": "Indian Ocean", "ed_raw": 0, "hst_raw": 0, "pal_raw": 0}, "geometry": {"type": "Point", "coordinates": [9453.0, 4336.0]}}, {"type": "Feature", "properties": {"sea_point_id": 6903, "name": "Indian Ocean", "ed_raw": 0, "hst_raw": 0, "pal_raw": 0}, "geometry": {"type": "Point", "coordinates": [9960.0, 4352.0]}}, {"type": "Feature", "properties": {"sea_point_id": 6904, "name": "Indian Ocean", "ed_raw": 0, "hst_raw": 0, "pal_raw": 0}, "geometry": {"type": "Point", "coordinates": [8829.0, 4368.0]}}, {"type": "Feature", "properties": {"sea_point_id": 6905, "name": "Pacific Ocean", "ed_raw": 0, "hst_raw": 0, "pal_raw": 0}, "geometry": {"type": "Point", "coordinates": [2394.0, 4383.0]}}, {"type": "Feature", "properties": {"sea_point_id": 6906, "name": "Indian Ocean", "ed_raw": 0, "hst_raw": 0, "pal_raw": 0}, "geometry": {"type": "Point", "coordinates": [9757.0, 4383.0]}}, {"type": "Feature", "properties": {"sea_point_id": 6907, "name": "Indian Ocean", "ed_raw": 0, "hst_raw": 0, "pal_raw": 0}, "geometry": {"type": "Point", "coordinates": [10046.0, 4461.0]}}, {"type": "Feature", "properties": {"sea_point_id": 6908, "name": "Indian Ocean", "ed_raw": 0, "hst_raw": 0, "pal_raw": 0}, "geometry": {"type": "Point", "coordinates": [8720.0, 4524.0]}}, {"type": "Feature", "properties": {"sea_point_id": 6909, "name": "Indian Ocean", "ed_raw": 0, "hst_raw": 0, "pal_raw": 0}, "geometry": {"type": "Point", "coordinates": [10132.0, 4570.0]}}, {"type": "Feature", "properties": {"sea_point_id": 6910, "name": "Pacific Ocean", "ed_raw": 0, "hst_raw": 0, "pal_raw": 0}, "geometry": {"type": "Point", "coordinates": [1076.0, 4586.0]}}, {"type": "Feature", "properties": {"sea_point_id": 6911, "name": "Atlantic Ocean", "ed_raw": 0, "hst_raw": 0, "pal_raw": 0}, "geometry": {"type": "Point", "coordinates": [5538.0, 4617.0]}}, {"type": "Feature", "properties": {"sea_point_id": 6912, "name": "Atlantic Ocean", "ed_raw": 0, "hst_raw": 0, "pal_raw": 0}, "geometry": {"type": "Point", "coordinates": [5756.0, 4617.0]}}, {"type": "Feature", "properties": {"sea_point_id": 6913, "name": "Pacific Ocean", "ed_raw": 0, "hst_raw": 0, "pal_raw": 0}, "geometry": {"type": "Point", "coordinates": [2519.0, 4633.0]}}, {"type": "Feature", "properties": {"sea_point_id": 6914, "name": "Atlantic Ocean", "ed_raw": 0, "hst_raw": 0, "pal_raw": 0}, "geometry": {"type": "Point", "coordinates": [5998.0, 4633.0]}}, {"type": "Feature", "properties": {"sea_point_id": 6915, "name": "Pacific Ocean", "ed_raw": 0, "hst_raw": 0, "pal_raw": 0}, "geometry": {"type": "Point", "coordinates": [1918.0, 4648.0]}}, {"type": "Feature", "properties": {"sea_point_id": 6916, "name": "Indian Ocean", "ed_raw": 0, "hst_raw": 0, "pal_raw": 0}, "geometry": {"type": "Point", "coordinates": [10233.0, 4711.0]}}, {"type": "Feature", "properties": {"sea_point_id": 6917, "name": "Pacific Ocean", "ed_raw": 0, "hst_raw": 0, "pal_raw": 0}, "geometry": {"type": "Point", "coordinates": [2613.0, 4726.0]}}, {"type": "Feature", "properties": {"sea_point_id": 6918, "name": "Atlantic Ocean", "ed_raw": 0, "hst_raw": 0, "pal_raw": 0}, "geometry": {"type": "Point", "coordinates": [5725.0, 4742.0]}}, {"type": "Feature", "properties": {"sea_point_id": 6919, "name": "Pacific Ocean", "ed_raw": 0, "hst_raw": 0, "pal_raw": 0}, "geometry": {"type": "Point", "coordinates": [1950.0, 4773.0]}}, {"type": "Feature", "properties": {"sea_point_id": 6920, "name": "Atlantic Ocean", "ed_raw": 0, "hst_raw": 0, "pal_raw": 0}, "geometry": {"type": "Point", "coordinates": [5397.0, 4773.0]}}, {"type": "Feature", "properties": {"sea_point_id": 6921, "name": "Indian Ocean", "ed_raw": 0, "hst_raw": 0, "pal_raw": 0}, "geometry": {"type": "Point", "coordinates": [8751.0, 4773.0]}}, {"type": "Feature", "properties": {"sea_point_id": 6922, "name": "Indian Ocean", "ed_raw": 0, "hst_raw": 0, "pal_raw": 0}, "geometry": {"type": "Point", "coordinates": [10381.0, 4851.0]}}, {"type": "Feature", "properties": {"sea_point_id": 6923, "name": "Pacific Ocean", "ed_raw": 0, "hst_raw": 0, "pal_raw": 0}, "geometry": {"type": "Point", "coordinates": [2652.0, 4867.0]}}, {"type": "Feature", "properties": {"sea_point_id": 6924, "name": "Pacific Ocean", "ed_raw": 0, "hst_raw": 0, "pal_raw": 0}, "geometry": {"type": "Point", "coordinates": [1115.0, 4914.0]}}, {"type": "Feature", "properties": {"sea_point_id": 6925, "name": "Atlantic Ocean", "ed_raw": 0, "hst_raw": 0, "pal_raw": 0}, "geometry": {"type": "Point", "coordinates": [5343.0, 4945.0]}}, {"type": "Feature", "properties": {"sea_point_id": 6926, "name": "Indian Ocean", "ed_raw": 0, "hst_raw": 0, "pal_raw": 0}, "geometry": {"type": "Point", "coordinates": [10569.0, 4945.0]}}, {"type": "Feature", "properties": {"sea_point_id": 6927, "name": "Pacific Ocean", "ed_raw": 0, "hst_raw": 0, "pal_raw": 0}, "geometry": {"type": "Point", "coordinates": [1911.0, 4976.0]}}, {"type": "Feature", "properties": {"sea_point_id": 6928, "name": "Pacific Ocean", "ed_raw": 0, "hst_raw": 0, "pal_raw": 0}, "geometry": {"type": "Point", "coordinates": [2776.0, 4992.0]}}, {"type": "Feature", "properties": {"sea_point_id": 6929, "name": "Atlantic Ocean", "ed_raw": 0, "hst_raw": 0, "pal_raw": 0}, "geometry": {"type": "Point", "coordinates": [5530.0, 5007.0]}}, {"type": "Feature", "properties": {"sea_point_id": 6930, "name": "Indian Ocean", "ed_raw": 0, "hst_raw": 0, "pal_raw": 0}, "geometry": {"type": "Point", "coordinates": [10748.0, 5023.0]}}, {"type": "Feature", "properties": {"sea_point_id": 6931, "name": "Indian Ocean", "ed_raw": 0, "hst_raw": 0, "pal_raw": 0}, "geometry": {"type": "Point", "coordinates": [8806.0, 5038.0]}}, {"type": "Feature", "properties": {"sea_point_id": 6932, "name": "Atlantic Ocean", "ed_raw": 0, "hst_raw": 0, "pal_raw": 0}, "geometry": {"type": "Point", "coordinates": [5272.0, 5054.0]}}, {"type": "Feature", "properties": {"sea_point_id": 6933, "name": "Indian Ocean", "ed_raw": 0, "hst_raw": 0, "pal_raw": 0}, "geometry": {"type": "Point", "coordinates": [10912.0, 5070.0]}}, {"type": "Feature", "properties": {"sea_point_id": 6934, "name": "Pacific Ocean", "ed_raw": 0, "hst_raw": 0, "pal_raw": 0}, "geometry": {"type": "Point", "coordinates": [1396.0, 5101.0]}}, {"type": "Feature", "properties": {"sea_point_id": 6935, "name": "Pacific Ocean", "ed_raw": 0, "hst_raw": 0, "pal_raw": 0}, "geometry": {"type": "Point", "coordinates": [1700.0, 5116.0]}}, {"type": "Feature", "properties": {"sea_point_id": 6936, "name": "Pacific Ocean", "ed_raw": 0, "hst_raw": 0, "pal_raw": 0}, "geometry": {"type": "Point", "coordinates": [2886.0, 5116.0]}}, {"type": "Feature", "properties": {"sea_point_id": 6937, "name": "Pacific Ocean", "ed_raw": 0, "hst_raw": 0, "pal_raw": 0}, "geometry": {"type": "Point", "coordinates": [2956.0, 5226.0]}}, {"type": "Feature", "properties": {"sea_point_id": 6938, "name": "Indian Ocean", "ed_raw": 0, "hst_raw": 0, "pal_raw": 0}, "geometry": {"type": "Point", "coordinates": [10990.0, 5226.0]}}, {"type": "Feature", "properties": {"sea_point_id": 6939, "name": "Atlantic Ocean", "ed_raw": 0, "hst_raw": 0, "pal_raw": 0}, "geometry": {"type": "Point", "coordinates": [5163.0, 5241.0]}}, {"type": "Feature", "properties": {"sea_point_id": 6940, "name": "Indian Ocean", "ed_raw": 0, "hst_raw": 0, "pal_raw": 0}, "geometry": {"type": "Point", "coordinates": [8798.0, 5241.0]}}, {"type": "Feature", "properties": {"sea_point_id": 6941, "name": "Atlantic Ocean", "ed_raw": 0, "hst_raw": 0, "pal_raw": 0}, "geometry": {"type": "Point", "coordinates": [6286.0, 5304.0]}}, {"type": "Feature", "properties": {"sea_point_id": 6942, "name": "Pacific Ocean", "ed_raw": 0, "hst_raw": 0, "pal_raw": 0}, "geometry": {"type": "Point", "coordinates": [3003.0, 5350.0]}}, {"type": "Feature", "properties": {"sea_point_id": 6943, "name": "Atlantic Ocean", "ed_raw": 0, "hst_raw": 0, "pal_raw": 0}, "geometry": {"type": "Point", "coordinates": [5592.0, 5350.0]}}, {"type": "Feature", "properties": {"sea_point_id": 6944, "name": "Indian Ocean", "ed_raw": 0, "hst_raw": 0, "pal_raw": 0}, "geometry": {"type": "Point", "coordinates": [8736.0, 5366.0]}}, {"type": "Feature", "properties": {"sea_point_id": 6945, "name": "Atlantic Ocean", "ed_raw": 0, "hst_raw": 0, "pal_raw": 0}, "geometry": {"type": "Point", "coordinates": [6091.0, 5382.0]}}, {"type": "Feature", "properties": {"sea_point_id": 6946, "name": "Atlantic Ocean", "ed_raw": 0, "hst_raw": 0, "pal_raw": 0}, "geometry": {"type": "Point", "coordinates": [4937.0, 5413.0]}}, {"type": "Feature", "properties": {"sea_point_id": 6947, "name": "Atlantic Ocean", "ed_raw": 0, "hst_raw": 0, "pal_raw": 0}, "geometry": {"type": "Point", "coordinates": [6216.0, 5413.0]}}, {"type": "Feature", "properties": {"sea_point_id": 6948, "name": "Atlantic Ocean", "ed_raw": 0, "hst_raw": 0, "pal_raw": 0}, "geometry": {"type": "Point", "coordinates": [5694.0, 5428.0]}}, {"type": "Feature", "properties": {"sea_point_id": 6949, "name": "Indian Ocean", "ed_raw": 0, "hst_raw": 0, "pal_raw": 0}, "geometry": {"type": "Point", "coordinates": [10982.0, 5428.0]}}, {"type": "Feature", "properties": {"sea_point_id": 6950, "name": "Pacific Ocean", "ed_raw": 0, "hst_raw": 0, "pal_raw": 0}, "geometry": {"type": "Point", "coordinates": [2971.0, 5475.0]}}, {"type": "Feature", "properties": {"sea_point_id": 6951, "name": "Atlantic Ocean", "ed_raw": 0, "hst_raw": 0, "pal_raw": 0}, "geometry": {"type": "Point", "coordinates": [5857.0, 5506.0]}}, {"type": "Feature", "properties": {"sea_point_id": 6952, "name": "Atlantic Ocean", "ed_raw": 0, "hst_raw": 0, "pal_raw": 0}, "geometry": {"type": "Point", "coordinates": [4867.0, 5522.0]}}, {"type": "Feature", "properties": {"sea_point_id": 6953, "name": "Indian Ocean", "ed_raw": 0, "hst_raw": 0, "pal_raw": 0}, "geometry": {"type": "Point", "coordinates": [8517.0, 5522.0]}}, {"type": "Feature", "properties": {"sea_point_id": 6954, "name": "Atlantic Ocean", "ed_raw": 0, "hst_raw": 0, "pal_raw": 0}, "geometry": {"type": "Point", "coordinates": [6279.0, 5569.0]}}, {"type": "Feature", "properties": {"sea_point_id": 6955, "name": "Pacific Ocean", "ed_raw": 0, "hst_raw": 0, "pal_raw": 0}, "geometry": {"type": "Point", "coordinates": [2948.0, 5616.0]}}, {"type": "Feature", "properties": {"sea_point_id": 6956, "name": "Indian Ocean", "ed_raw": 0, "hst_raw": 0, "pal_raw": 0}, "geometry": {"type": "Point", "coordinates": [11021.0, 5631.0]}}, {"type": "Feature", "properties": {"sea_point_id": 6957, "name": "Atlantic Ocean", "ed_raw": 0, "hst_raw": 0, "pal_raw": 0}, "geometry": {"type": "Point", "coordinates": [4758.0, 5647.0]}}, {"type": "Feature", "properties": {"sea_point_id": 6958, "name": "Yunisei", "ed_raw": 0, "hst_raw": 0, "pal_raw": 0}, "geometry": {"type": "Point", "coordinates": [9658.0, 968.0]}}, {"type": "Feature", "properties": {"sea_point_id": 6959, "name": "Atlantic Ocean", "ed_raw": 0, "hst_raw": 0, "pal_raw": 0}, "geometry": {"type": "Point", "coordinates": [4656.0, 5756.0]}}, {"type": "Feature", "properties": {"sea_point_id": 6960, "name": "Atlantic Ocean", "ed_raw": 0, "hst_raw": 0, "pal_raw": 0}, "geometry": {"type": "Point", "coordinates": [6325.0, 5756.0]}}, {"type": "Feature", "properties": {"sea_point_id": 6961, "name": "Indian Ocean", "ed_raw": 0, "hst_raw": 0, "pal_raw": 0}, "geometry": {"type": "Point", "coordinates": [8034.0, 5772.0]}}, {"type": "Feature", "properties": {"sea_point_id": 6962, "name": "Yunisei", "ed_raw": 0, "hst_raw": 0, "pal_raw": 0}, "geometry": {"type": "Point", "coordinates": [9651.0, 987.0]}}, {"type": "Feature", "properties": {"sea_point_id": 6963, "name": "Pacific Ocean", "ed_raw": 0, "hst_raw": 0, "pal_raw": 0}, "geometry": {"type": "Point", "coordinates": [2925.0, 5818.0]}}, {"type": "Feature", "properties": {"sea_point_id": 6964, "name": "Indian Ocean", "ed_raw": 0, "hst_raw": 0, "pal_raw": 0}, "geometry": {"type": "Point", "coordinates": [7893.0, 5865.0]}}, {"type": "Feature", "properties": {"sea_point_id": 6965, "name": "Atlantic Ocean", "ed_raw": 0, "hst_raw": 0, "pal_raw": 0}, "geometry": {"type": "Point", "coordinates": [4531.0, 5881.0]}}, {"type": "Feature", "properties": {"sea_point_id": 6966, "name": "Yunisei", "ed_raw": 0, "hst_raw": 0, "pal_raw": 0}, "geometry": {"type": "Point", "coordinates": [9639.0, 996.0]}}, {"type": "Feature", "properties": {"sea_point_id": 6967, "name": "Atlantic Ocean", "ed_raw": 0, "hst_raw": 0, "pal_raw": 0}, "geometry": {"type": "Point", "coordinates": [4375.0, 5974.0]}}, {"type": "Feature", "properties": {"sea_point_id": 6968, "name": "Yunisei", "ed_raw": 0, "hst_raw": 0, "pal_raw": 0}, "geometry": {"type": "Point", "coordinates": [9641.0, 1007.0]}}, {"type": "Feature", "properties": {"sea_point_id": 6969, "name": "Yunisei", "ed_raw": 0, "hst_raw": 0, "pal_raw": 0}, "geometry": {"type": "Point", "coordinates": [9653.0, 1015.0]}}, {"type": "Feature", "properties": {"sea_point_id": 6970, "name": "Pacific Ocean", "ed_raw": 0, "hst_raw": 0, "pal_raw": 0}, "geometry": {"type": "Point", "coordinates": [3003.0, 6037.0]}}, {"type": "Feature", "properties": {"sea_point_id": 6971, "name": "Indian Ocean", "ed_raw": 0, "hst_raw": 0, "pal_raw": 0}, "geometry": {"type": "Point", "coordinates": [11497.0, 6052.0]}}, {"type": "Feature", "properties": {"sea_point_id": 6972, "name": "Indian Ocean", "ed_raw": 0, "hst_raw": 0, "pal_raw": 0}, "geometry": {"type": "Point", "coordinates": [11723.0, 6068.0]}}, {"type": "Feature", "properties": {"sea_point_id": 6973, "name": "Great Australian Bight", "ed_raw": 0, "hst_raw": 0, "pal_raw": 0}, "geometry": {"type": "Point", "coordinates": [11856.0, 6084.0]}}, {"type": "Feature", "properties": {"sea_point_id": 6974, "name": "Yunisei", "ed_raw": 0, "hst_raw": 0, "pal_raw": 0}, "geometry": {"type": "Point", "coordinates": [9656.0, 1034.0]}}, {"type": "Feature", "properties": {"sea_point_id": 6975, "name": "Yunisei", "ed_raw": 0, "hst_raw": 0, "pal_raw": 0}, "geometry": {"type": "Point", "coordinates": [9654.0, 1053.0]}}, {"type": "Feature", "properties": {"sea_point_id": 6976, "name": "Yunisei", "ed_raw": 0, "hst_raw": 0, "pal_raw": 0}, "geometry": {"type": "Point", "coordinates": [9628.0, 1094.0]}}, {"type": "Feature", "properties": {"sea_point_id": 6977, "name": "Yunisei", "ed_raw": 0, "hst_raw": 0, "pal_raw": 0}, "geometry": {"type": "Point", "coordinates": [9627.0, 1111.0]}}, {"type": "Feature", "properties": {"sea_point_id": 6978, "name": "Pacific Ocean", "ed_raw": 0, "hst_raw": 0, "pal_raw": 0}, "geometry": {"type": "Point", "coordinates": [3010.0, 6208.0]}}, {"type": "Feature", "properties": {"sea_point_id": 6979, "name": "Southern Ocean", "ed_raw": 0, "hst_raw": 0, "pal_raw": 0}, "geometry": {"type": "Point", "coordinates": [12027.0, 6208.0]}}, {"type": "Feature", "properties": {"sea_point_id": 6980, "name": "Yunisei", "ed_raw": 0, "hst_raw": 0, "pal_raw": 0}, "geometry": {"type": "Point", "coordinates": [9635.0, 1126.0]}}, {"type": "Feature", "properties": {"sea_point_id": 6981, "name": "Yunisei", "ed_raw": 0, "hst_raw": 0, "pal_raw": 0}, "geometry": {"type": "Point", "coordinates": [9653.0, 1135.0]}}, {"type": "Feature", "properties": {"sea_point_id": 6982, "name": "Yunisei", "ed_raw": 0, "hst_raw": 0, "pal_raw": 0}, "geometry": {"type": "Point", "coordinates": [9658.0, 1143.0]}}, {"type": "Feature", "properties": {"sea_point_id": 6983, "name": "Yunisei", "ed_raw": 0, "hst_raw": 0, "pal_raw": 0}, "geometry": {"type": "Point", "coordinates": [9672.0, 1141.0]}}, {"type": "Feature", "properties": {"sea_point_id": 6984, "name": "Yunisei", "ed_raw": 0, "hst_raw": 0, "pal_raw": 0}, "geometry": {"type": "Point", "coordinates": [9717.0, 1146.0]}}, {"type": "Feature", "properties": {"sea_point_id": 6985, "name": "Southern Ocean", "ed_raw": 0, "hst_raw": 0, "pal_raw": 0}, "geometry": {"type": "Point", "coordinates": [3010.0, 6458.0]}}, {"type": "Feature", "properties": {"sea_point_id": 6986, "name": "Yunisei", "ed_raw": 0, "hst_raw": 0, "pal_raw": 0}, "geometry": {"type": "Point", "coordinates": [9726.0, 1162.0]}}, {"type": "Feature", "properties": {"sea_point_id": 6987, "name": "Yunisei", "ed_raw": 0, "hst_raw": 0, "pal_raw": 0}, "geometry": {"type": "Point", "coordinates": [9726.0, 1191.0]}}, {"type": "Feature", "properties": {"sea_point_id": 6988, "name": "Yunisei", "ed_raw": 0, "hst_raw": 0, "pal_raw": 0}, "geometry": {"type": "Point", "coordinates": [9711.0, 1203.0]}}, {"type": "Feature", "properties": {"sea_point_id": 6989, "name": "Yunisei", "ed_raw": 0, "hst_raw": 0, "pal_raw": 0}, "geometry": {"type": "Point", "coordinates": [9710.0, 1214.0]}}, {"type": "Feature", "properties": {"sea_point_id": 6990, "name": "Yunisei", "ed_raw": 0, "hst_raw": 0, "pal_raw": 0}, "geometry": {"type": "Point", "coordinates": [9714.0, 1222.0]}}, {"type": "Feature", "properties": {"sea_point_id": 6991, "name": "Yunisei", "ed_raw": 0, "hst_raw": 0, "pal_raw": 0}, "geometry": {"type": "Point", "coordinates": [9725.0, 1233.0]}}, {"type": "Feature", "properties": {"sea_point_id": 6992, "name": "Yunisei", "ed_raw": 0, "hst_raw": 0, "pal_raw": 0}, "geometry": {"type": "Point", "coordinates": [9734.0, 1234.0]}}, {"type": "Feature", "properties": {"sea_point_id": 6993, "name": "Yunisei", "ed_raw": 0, "hst_raw": 0, "pal_raw": 0}, "geometry": {"type": "Point", "coordinates": [9744.0, 1255.0]}}, {"type": "Feature", "properties": {"sea_point_id": 6994, "name": "Bering Sea", "ed_raw": 0, "hst_raw": 0, "pal_raw": 0}, "geometry": {"type": "Point", "coordinates": [13482.0, 1266.0]}}, {"type": "Feature", "properties": {"sea_point_id": 6995, "name": "Bering Sea", "ed_raw": 0, "hst_raw": 0, "pal_raw": 0}, "geometry": {"type": "Point", "coordinates": [13556.0, 1177.0]}}, {"type": "Feature", "properties": {"sea_point_id": 6996, "name": "Yunisei", "ed_raw": 0, "hst_raw": 0, "pal_raw": 0}, "geometry": {"type": "Point", "coordinates": [9739.0, 1267.0]}}, {"type": "Feature", "properties": {"sea_point_id": 6997, "name": "Yunisei", "ed_raw": 0, "hst_raw": 0, "pal_raw": 0}, "geometry": {"type": "Point", "coordinates": [9740.0, 1280.0]}}, {"type": "Feature", "properties": {"sea_point_id": 6998, "name": "Yunisei", "ed_raw": 0, "hst_raw": 0, "pal_raw": 0}, "geometry": {"type": "Point", "coordinates": [9744.0, 1287.0]}}, {"type": "Feature", "properties": {"sea_point_id": 6999, "name": "Yunisei", "ed_raw": 0, "hst_raw": 0, "pal_raw": 0}, "geometry": {"type": "Point", "coordinates": [9739.0, 1301.0]}}, {"type": "Feature", "properties": {"sea_point_id": 7000, "name": "Yunisei", "ed_raw": 0, "hst_raw": 0, "pal_raw": 0}, "geometry": {"type": "Point", "coordinates": [9731.0, 1306.0]}}, {"type": "Feature", "properties": {"sea_point_id": 7001, "name": "Yunisei", "ed_raw": 0, "hst_raw": 0, "pal_raw": 0}, "geometry": {"type": "Point", "coordinates": [9724.0, 1317.0]}}, {"type": "Feature", "properties": {"sea_point_id": 7002, "name": "Yunisei", "ed_raw": 0, "hst_raw": 0, "pal_raw": 0}, "geometry": {"type": "Point", "coordinates": [9726.0, 1328.0]}}, {"type": "Feature", "properties": {"sea_point_id": 7003, "name": "Yunisei", "ed_raw": 0, "hst_raw": 0, "pal_raw": 0}, "geometry": {"type": "Point", "coordinates": [9738.0, 1331.0]}}, {"type": "Feature", "properties": {"sea_point_id": 7004, "name": "Yunisei", "ed_raw": 0, "hst_raw": 0, "pal_raw": 0}, "geometry": {"type": "Point", "coordinates": [9749.0, 1344.0]}}, {"type": "Feature", "properties": {"sea_point_id": 7005, "name": "Yunisei", "ed_raw": 0, "hst_raw": 0, "pal_raw": 0}, "geometry": {"type": "Point", "coordinates": [9768.0, 1351.0]}}, {"type": "Feature", "properties": {"sea_point_id": 7006, "name": "Yunisei", "ed_raw": 0, "hst_raw": 0, "pal_raw": 0}, "geometry": {"type": "Point", "coordinates": [9775.0, 1370.0]}}, {"type": "Feature", "properties": {"sea_point_id": 7007, "name": "Yunisei", "ed_raw": 0, "hst_raw": 0, "pal_raw": 0}, "geometry": {"type": "Point", "coordinates": [9790.0, 1380.0]}}, {"type": "Feature", "properties": {"sea_point_id": 7008, "name": "Laptev Sea", "ed_raw": 0, "hst_raw": 0, "pal_raw": 0}, "geometry": {"type": "Point", "coordinates": [11026.0, 398.0]}}, {"type": "Feature", "properties": {"sea_point_id": 7009, "name": "Lena", "ed_raw": 0, "hst_raw": 0, "pal_raw": 0}, "geometry": {"type": "Point", "coordinates": [11014.0, 417.0]}}, {"type": "Feature", "properties": {"sea_point_id": 7010, "name": "Lena", "ed_raw": 0, "hst_raw": 0, "pal_raw": 0}, "geometry": {"type": "Point", "coordinates": [11020.0, 432.0]}}, {"type": "Feature", "properties": {"sea_point_id": 7011, "name": "East Siberian Sea", "ed_raw": 0, "hst_raw": 0, "pal_raw": 0}, "geometry": {"type": "Point", "coordinates": [13503.0, 518.0]}}, {"type": "Feature", "properties": {"sea_point_id": 7012, "name": "Norwegian Sea", "ed_raw": 0, "hst_raw": 0, "pal_raw": 0}, "geometry": {"type": "Point", "coordinates": [6029.0, 608.0]}}, {"type": "Feature", "properties": {"sea_point_id": 7013, "name": "Norwegian Sea", "ed_raw": 0, "hst_raw": 0, "pal_raw": 0}, "geometry": {"type": "Point", "coordinates": [6247.0, 639.0]}}, {"type": "Feature", "properties": {"sea_point_id": 7014, "name": "Bering Sea", "ed_raw": 0, "hst_raw": 0, "pal_raw": 0}, "geometry": {"type": "Point", "coordinates": [7.0, 889.0]}}, {"type": "Feature", "properties": {"sea_point_id": 7015, "name": "Bering Sea", "ed_raw": 0, "hst_raw": 0, "pal_raw": 0}, "geometry": {"type": "Point", "coordinates": [13493.0, 931.0]}}, {"type": "Feature", "properties": {"sea_point_id": 7016, "name": "Bering Sea", "ed_raw": 0, "hst_raw": 0, "pal_raw": 0}, "geometry": {"type": "Point", "coordinates": [54.0, 1014.0]}}, {"type": "Feature", "properties": {"sea_point_id": 7017, "name": "Bering Sea", "ed_raw": 0, "hst_raw": 0, "pal_raw": 0}, "geometry": {"type": "Point", "coordinates": [13482.0, 1142.0]}}, {"type": "Feature", "properties": {"sea_point_id": 7018, "name": "Bering Sea", "ed_raw": 0, "hst_raw": 0, "pal_raw": 0}, "geometry": {"type": "Point", "coordinates": [13228.0, 1216.0]}}, {"type": "Feature", "properties": {"sea_point_id": 7019, "name": "Bering Sea", "ed_raw": 0, "hst_raw": 0, "pal_raw": 0}, "geometry": {"type": "Point", "coordinates": [13353.0, 1248.0]}}, {"type": "Feature", "properties": {"sea_point_id": 7020, "name": "Bering Sea", "ed_raw": 0, "hst_raw": 0, "pal_raw": 0}, "geometry": {"type": "Point", "coordinates": [13072.0, 1341.0]}}, {"type": "Feature", "properties": {"sea_point_id": 7021, "name": "Bering Sea", "ed_raw": 0, "hst_raw": 0, "pal_raw": 0}, "geometry": {"type": "Point", "coordinates": [13504.0, 1388.0]}}, {"type": "Feature", "properties": {"sea_point_id": 7022, "name": "Pacific Ocean", "ed_raw": 0, "hst_raw": 0, "pal_raw": 0}, "geometry": {"type": "Point", "coordinates": [7.0, 1419.0]}}, {"type": "Feature", "properties": {"sea_point_id": 7023, "name": "Pacific Ocean", "ed_raw": 0, "hst_raw": 0, "pal_raw": 0}, "geometry": {"type": "Point", "coordinates": [46.0, 1622.0]}}, {"type": "Feature", "properties": {"sea_point_id": 7024, "name": "Pacific Ocean", "ed_raw": 0, "hst_raw": 0, "pal_raw": 0}, "geometry": {"type": "Point", "coordinates": [12831.0, 1638.0]}}, {"type": "Feature", "properties": {"sea_point_id": 7025, "name": "Pacific Ocean", "ed_raw": 0, "hst_raw": 0, "pal_raw": 0}, "geometry": {"type": "Point", "coordinates": [327.0, 1653.0]}}, {"type": "Feature", "properties": {"sea_point_id": 7026, "name": "Pacific Ocean", "ed_raw": 0, "hst_raw": 0, "pal_raw": 0}, "geometry": {"type": "Point", "coordinates": [546.0, 1684.0]}}, {"type": "Feature", "properties": {"sea_point_id": 7027, "name": "Pacific Ocean", "ed_raw": 0, "hst_raw": 0, "pal_raw": 0}, "geometry": {"type": "Point", "coordinates": [608.0, 1840.0]}}, {"type": "Feature", "properties": {"sea_point_id": 7028, "name": "Pacific Ocean", "ed_raw": 0, "hst_raw": 0, "pal_raw": 0}, "geometry": {"type": "Point", "coordinates": [12753.0, 1887.0]}}, {"type": "Feature", "properties": {"sea_point_id": 7029, "name": "Atlantic Ocean", "ed_raw": 0, "hst_raw": 0, "pal_raw": 0}, "geometry": {"type": "Point", "coordinates": [5031.0, 1918.0]}}, {"type": "Feature", "properties": {"sea_point_id": 7030, "name": "Atlantic Ocean", "ed_raw": 0, "hst_raw": 0, "pal_raw": 0}, "geometry": {"type": "Point", "coordinates": [4867.0, 1934.0]}}, {"type": "Feature", "properties": {"sea_point_id": 7031, "name": "Pacific Ocean", "ed_raw": 0, "hst_raw": 0, "pal_raw": 0}, "geometry": {"type": "Point", "coordinates": [616.0, 2012.0]}}, {"type": "Feature", "properties": {"sea_point_id": 7032, "name": "Pacific Ocean", "ed_raw": 0, "hst_raw": 0, "pal_raw": 0}, "geometry": {"type": "Point", "coordinates": [12784.0, 2012.0]}}, {"type": "Feature", "properties": {"sea_point_id": 7033, "name": "Atlantic Ocean", "ed_raw": 0, "hst_raw": 0, "pal_raw": 0}, "geometry": {"type": "Point", "coordinates": [4625.0, 2074.0]}}, {"type": "Feature", "properties": {"sea_point_id": 7034, "name": "Atlantic Ocean", "ed_raw": 0, "hst_raw": 0, "pal_raw": 0}, "geometry": {"type": "Point", "coordinates": [4758.0, 2090.0]}}, {"type": "Feature", "properties": {"sea_point_id": 7035, "name": "Pacific Ocean", "ed_raw": 0, "hst_raw": 0, "pal_raw": 0}, "geometry": {"type": "Point", "coordinates": [273.0, 2106.0]}}, {"type": "Feature", "properties": {"sea_point_id": 7036, "name": "Pacific Ocean", "ed_raw": 0, "hst_raw": 0, "pal_raw": 0}, "geometry": {"type": "Point", "coordinates": [46.0, 2152.0]}}, {"type": "Feature", "properties": {"sea_point_id": 7037, "name": "Atlantic Ocean", "ed_raw": 0, "hst_raw": 0, "pal_raw": 0}, "geometry": {"type": "Point", "coordinates": [4391.0, 2168.0]}}, {"type": "Feature", "properties": {"sea_point_id": 7038, "name": "Atlantic Ocean", "ed_raw": 0, "hst_raw": 0, "pal_raw": 0}, "geometry": {"type": "Point", "coordinates": [4555.0, 2184.0]}}, {"type": "Feature", "properties": {"sea_point_id": 7039, "name": "Pacific Ocean", "ed_raw": 0, "hst_raw": 0, "pal_raw": 0}, "geometry": {"type": "Point", "coordinates": [670.0, 2215.0]}}, {"type": "Feature", "properties": {"sea_point_id": 7040, "name": "Pacific Ocean", "ed_raw": 0, "hst_raw": 0, "pal_raw": 0}, "geometry": {"type": "Point", "coordinates": [12753.0, 2230.0]}}, {"type": "Feature", "properties": {"sea_point_id": 7041, "name": "Pacific Ocean", "ed_raw": 0, "hst_raw": 0, "pal_raw": 0}, "geometry": {"type": "Point", "coordinates": [436.0, 2277.0]}}, {"type": "Feature", "properties": {"sea_point_id": 7042, "name": "Atlantic Ocean", "ed_raw": 0, "hst_raw": 0, "pal_raw": 0}, "geometry": {"type": "Point", "coordinates": [4321.0, 2277.0]}}, {"type": "Feature", "properties": {"sea_point_id": 7043, "name": "Pacific Ocean", "ed_raw": 0, "hst_raw": 0, "pal_raw": 0}, "geometry": {"type": "Point", "coordinates": [12721.0, 2386.0]}}, {"type": "Feature", "properties": {"sea_point_id": 7044, "name": "Atlantic Ocean", "ed_raw": 0, "hst_raw": 0, "pal_raw": 0}, "geometry": {"type": "Point", "coordinates": [4524.0, 2402.0]}}, {"type": "Feature", "properties": {"sea_point_id": 7045, "name": "Pacific Ocean", "ed_raw": 0, "hst_raw": 0, "pal_raw": 0}, "geometry": {"type": "Point", "coordinates": [741.0, 2418.0]}}, {"type": "Feature", "properties": {"sea_point_id": 7046, "name": "Atlantic Ocean", "ed_raw": 0, "hst_raw": 0, "pal_raw": 0}, "geometry": {"type": "Point", "coordinates": [4157.0, 2449.0]}}, {"type": "Feature", "properties": {"sea_point_id": 7047, "name": "Pacific Ocean", "ed_raw": 0, "hst_raw": 0, "pal_raw": 0}, "geometry": {"type": "Point", "coordinates": [600.0, 2480.0]}}, {"type": "Feature", "properties": {"sea_point_id": 7048, "name": "Pacific Ocean", "ed_raw": 0, "hst_raw": 0, "pal_raw": 0}, "geometry": {"type": "Point", "coordinates": [733.0, 2558.0]}}, {"type": "Feature", "properties": {"sea_point_id": 7049, "name": "Pacific Ocean", "ed_raw": 0, "hst_raw": 0, "pal_raw": 0}, "geometry": {"type": "Point", "coordinates": [12620.0, 2558.0]}}, {"type": "Feature", "properties": {"sea_point_id": 7050, "name": "Atlantic Ocean", "ed_raw": 0, "hst_raw": 0, "pal_raw": 0}, "geometry": {"type": "Point", "coordinates": [4048.0, 2574.0]}}, {"type": "Feature", "properties": {"sea_point_id": 7051, "name": "Atlantic Ocean", "ed_raw": 0, "hst_raw": 0, "pal_raw": 0}, "geometry": {"type": "Point", "coordinates": [4524.0, 2683.0]}}, {"type": "Feature", "properties": {"sea_point_id": 7052, "name": "Atlantic Ocean", "ed_raw": 0, "hst_raw": 0, "pal_raw": 0}, "geometry": {"type": "Point", "coordinates": [4110.0, 2730.0]}}, {"type": "Feature", "properties": {"sea_point_id": 7053, "name": "Pacific Ocean", "ed_raw": 0, "hst_raw": 0, "pal_raw": 0}, "geometry": {"type": "Point", "coordinates": [12480.0, 2745.0]}}, {"type": "Feature", "properties": {"sea_point_id": 7054, "name": "Pacific Ocean", "ed_raw": 0, "hst_raw": 0, "pal_raw": 0}, "geometry": {"type": "Point", "coordinates": [13299.0, 2792.0]}}, {"type": "Feature", "properties": {"sea_point_id": 7055, "name": "Pacific Ocean", "ed_raw": 0, "hst_raw": 0, "pal_raw": 0}, "geometry": {"type": "Point", "coordinates": [28.0, 2813.0]}}, {"type": "Feature", "properties": {"sea_point_id": 7056, "name": "Pacific Ocean", "ed_raw": 0, "hst_raw": 0, "pal_raw": 0}, "geometry": {"type": "Point", "coordinates": [13423.0, 2823.0]}}, {"type": "Feature", "properties": {"sea_point_id": 7057, "name": "Pacific Ocean", "ed_raw": 0, "hst_raw": 0, "pal_raw": 0}, "geometry": {"type": "Point", "coordinates": [13041.0, 2839.0]}}, {"type": "Feature", "properties": {"sea_point_id": 7058, "name": "Atlantic Ocean", "ed_raw": 0, "hst_raw": 0, "pal_raw": 0}, "geometry": {"type": "Point", "coordinates": [4344.0, 2917.0]}}, {"type": "Feature", "properties": {"sea_point_id": 7059, "name": "Pacific Ocean", "ed_raw": 0, "hst_raw": 0, "pal_raw": 0}, "geometry": {"type": "Point", "coordinates": [12355.0, 2932.0]}}, {"type": "Feature", "properties": {"sea_point_id": 7060, "name": "Atlantic Ocean", "ed_raw": 0, "hst_raw": 0, "pal_raw": 0}, "geometry": {"type": "Point", "coordinates": [4469.0, 2948.0]}}, {"type": "Feature", "properties": {"sea_point_id": 7061, "name": "Pacific Ocean", "ed_raw": 0, "hst_raw": 0, "pal_raw": 0}, "geometry": {"type": "Point", "coordinates": [12784.0, 2948.0]}}, {"type": "Feature", "properties": {"sea_point_id": 7062, "name": "Atlantic Ocean", "ed_raw": 0, "hst_raw": 0, "pal_raw": 0}, "geometry": {"type": "Point", "coordinates": [4687.0, 2979.0]}}, {"type": "Feature", "properties": {"sea_point_id": 7063, "name": "Pacific Ocean", "ed_raw": 0, "hst_raw": 0, "pal_raw": 0}, "geometry": {"type": "Point", "coordinates": [12589.0, 3026.0]}}, {"type": "Feature", "properties": {"sea_point_id": 7064, "name": "Pacific Ocean", "ed_raw": 0, "hst_raw": 0, "pal_raw": 0}, "geometry": {"type": "Point", "coordinates": [13520.0, 3061.0]}}, {"type": "Feature", "properties": {"sea_point_id": 7065, "name": "Atlantic Ocean", "ed_raw": 0, "hst_raw": 0, "pal_raw": 0}, "geometry": {"type": "Point", "coordinates": [4516.0, 3073.0]}}, {"type": "Feature", "properties": {"sea_point_id": 7066, "name": "Pacific Ocean", "ed_raw": 0, "hst_raw": 0, "pal_raw": 0}, "geometry": {"type": "Point", "coordinates": [12331.0, 3073.0]}}, {"type": "Feature", "properties": {"sea_point_id": 7067, "name": "Atlantic Ocean", "ed_raw": 0, "hst_raw": 0, "pal_raw": 0}, "geometry": {"type": "Point", "coordinates": [4812.0, 3104.0]}}, {"type": "Feature", "properties": {"sea_point_id": 7068, "name": "Pacific Ocean", "ed_raw": 0, "hst_raw": 0, "pal_raw": 0}, "geometry": {"type": "Point", "coordinates": [12160.0, 3104.0]}}, {"type": "Feature", "properties": {"sea_point_id": 7069, "name": "Pacific Ocean", "ed_raw": 0, "hst_raw": 0, "pal_raw": 0}, "geometry": {"type": "Point", "coordinates": [31.0, 3120.0]}}, {"type": "Feature", "properties": {"sea_point_id": 7070, "name": "Pacific Ocean", "ed_raw": 0, "hst_raw": 0, "pal_raw": 0}, "geometry": {"type": "Point", "coordinates": [12066.0, 3198.0]}}, {"type": "Feature", "properties": {"sea_point_id": 7071, "name": "Atlantic Ocean", "ed_raw": 0, "hst_raw": 0, "pal_raw": 0}, "geometry": {"type": "Point", "coordinates": [4547.0, 3229.0]}}, {"type": "Feature", "properties": {"sea_point_id": 7072, "name": "Atlantic Ocean", "ed_raw": 0, "hst_raw": 0, "pal_raw": 0}, "geometry": {"type": "Point", "coordinates": [4867.0, 3244.0]}}, {"type": "Feature", "properties": {"sea_point_id": 7073, "name": "Pacific Ocean", "ed_raw": 0, "hst_raw": 0, "pal_raw": 0}, "geometry": {"type": "Point", "coordinates": [7.0, 3260.0]}}, {"type": "Feature", "properties": {"sea_point_id": 7074, "name": "Pacific Ocean", "ed_raw": 0, "hst_raw": 0, "pal_raw": 0}, "geometry": {"type": "Point", "coordinates": [13501.0, 3322.0]}}, {"type": "Feature", "properties": {"sea_point_id": 7075, "name": "Pacific Ocean", "ed_raw": 0, "hst_raw": 0, "pal_raw": 0}, "geometry": {"type": "Point", "coordinates": [1372.0, 3369.0]}}, {"type": "Feature", "properties": {"sea_point_id": 7076, "name": "Atlantic Ocean", "ed_raw": 0, "hst_raw": 0, "pal_raw": 0}, "geometry": {"type": "Point", "coordinates": [4617.0, 3369.0]}}, {"type": "Feature", "properties": {"sea_point_id": 7077, "name": "Atlantic Ocean", "ed_raw": 0, "hst_raw": 0, "pal_raw": 0}, "geometry": {"type": "Point", "coordinates": [4693.0, 3462.0]}}, {"type": "Feature", "properties": {"sea_point_id": 7078, "name": "Pacific Ocean", "ed_raw": 0, "hst_raw": 0, "pal_raw": 0}, "geometry": {"type": "Point", "coordinates": [1302.0, 3478.0]}}, {"type": "Feature", "properties": {"sea_point_id": 7079, "name": "Pacific Ocean", "ed_raw": 0, "hst_raw": 0, "pal_raw": 0}, "geometry": {"type": "Point", "coordinates": [7.0, 3510.0]}}, {"type": "Feature", "properties": {"sea_point_id": 7080, "name": "Pacific Ocean", "ed_raw": 0, "hst_raw": 0, "pal_raw": 0}, "geometry": {"type": "Point", "coordinates": [1521.0, 3510.0]}}, {"type": "Feature", "properties": {"sea_point_id": 7081, "name": "Pacific Ocean", "ed_raw": 0, "hst_raw": 0, "pal_raw": 0}, "geometry": {"type": "Point", "coordinates": [13509.0, 3602.0]}}, {"type": "Feature", "properties": {"sea_point_id": 7082, "name": "Pacific Ocean", "ed_raw": 0, "hst_raw": 0, "pal_raw": 0}, "geometry": {"type": "Point", "coordinates": [1123.0, 3619.0]}}, {"type": "Feature", "properties": {"sea_point_id": 7083, "name": "Pacific Ocean", "ed_raw": 0, "hst_raw": 0, "pal_raw": 0}, "geometry": {"type": "Point", "coordinates": [1622.0, 3619.0]}}, {"type": "Feature", "properties": {"sea_point_id": 7084, "name": "Pacific Ocean", "ed_raw": 0, "hst_raw": 0, "pal_raw": 0}, "geometry": {"type": "Point", "coordinates": [101.0, 3634.0]}}, {"type": "Feature", "properties": {"sea_point_id": 7085, "name": "Pacific Ocean", "ed_raw": 0, "hst_raw": 0, "pal_raw": 0}, "geometry": {"type": "Point", "coordinates": [351.0, 3666.0]}}, {"type": "Feature", "properties": {"sea_point_id": 7086, "name": "Pacific Ocean", "ed_raw": 0, "hst_raw": 0, "pal_raw": 0}, "geometry": {"type": "Point", "coordinates": [491.0, 3697.0]}}, {"type": "Feature", "properties": {"sea_point_id": 7087, "name": "Pacific Ocean", "ed_raw": 0, "hst_raw": 0, "pal_raw": 0}, "geometry": {"type": "Point", "coordinates": [678.0, 3697.0]}}, {"type": "Feature", "properties": {"sea_point_id": 7088, "name": "Pacific Ocean", "ed_raw": 0, "hst_raw": 0, "pal_raw": 0}, "geometry": {"type": "Point", "coordinates": [904.0, 3744.0]}}, {"type": "Feature", "properties": {"sea_point_id": 7089, "name": "Pacific Ocean", "ed_raw": 0, "hst_raw": 0, "pal_raw": 0}, "geometry": {"type": "Point", "coordinates": [1809.0, 3744.0]}}, {"type": "Feature", "properties": {"sea_point_id": 7090, "name": "Pacific Ocean", "ed_raw": 0, "hst_raw": 0, "pal_raw": 0}, "geometry": {"type": "Point", "coordinates": [13525.0, 3870.0]}}, {"type": "Feature", "properties": {"sea_point_id": 7091, "name": "Pacific Ocean", "ed_raw": 0, "hst_raw": 0, "pal_raw": 0}, "geometry": {"type": "Point", "coordinates": [1989.0, 3915.0]}}, {"type": "Feature", "properties": {"sea_point_id": 7092, "name": "Pacific Ocean", "ed_raw": 0, "hst_raw": 0, "pal_raw": 0}, "geometry": {"type": "Point", "coordinates": [2207.0, 3978.0]}}, {"type": "Feature", "properties": {"sea_point_id": 7093, "name": "Arabian Sea", "ed_raw": 0, "hst_raw": 0, "pal_raw": 0}, "geometry": {"type": "Point", "coordinates": [8931.0, 4040.0]}}, {"type": "Feature", "properties": {"sea_point_id": 7094, "name": "Pacific Ocean", "ed_raw": 0, "hst_raw": 0, "pal_raw": 0}, "geometry": {"type": "Point", "coordinates": [1388.0, 4180.0]}}, {"type": "Feature", "properties": {"sea_point_id": 7095, "name": "Pacific Ocean", "ed_raw": 0, "hst_raw": 0, "pal_raw": 0}, "geometry": {"type": "Point", "coordinates": [1653.0, 4180.0]}}, {"type": "Feature", "properties": {"sea_point_id": 7096, "name": "Indian Ocean", "ed_raw": 0, "hst_raw": 0, "pal_raw": 0}, "geometry": {"type": "Point", "coordinates": [9024.0, 4196.0]}}, {"type": "Feature", "properties": {"sea_point_id": 7097, "name": "Pacific Ocean", "ed_raw": 0, "hst_raw": 0, "pal_raw": 0}, "geometry": {"type": "Point", "coordinates": [13497.0, 4306.0]}}, {"type": "Feature", "properties": {"sea_point_id": 7098, "name": "Pacific Ocean", "ed_raw": 0, "hst_raw": 0, "pal_raw": 0}, "geometry": {"type": "Point", "coordinates": [2269.0, 4290.0]}}, {"type": "Feature", "properties": {"sea_point_id": 7099, "name": "Indian Ocean", "ed_raw": 0, "hst_raw": 0, "pal_raw": 0}, "geometry": {"type": "Point", "coordinates": [8970.0, 4336.0]}}, {"type": "Feature", "properties": {"sea_point_id": 7100, "name": "Indian Ocean", "ed_raw": 0, "hst_raw": 0, "pal_raw": 0}, "geometry": {"type": "Point", "coordinates": [9235.0, 4336.0]}}, {"type": "Feature", "properties": {"sea_point_id": 7101, "name": "Pacific Ocean", "ed_raw": 0, "hst_raw": 0, "pal_raw": 0}, "geometry": {"type": "Point", "coordinates": [1146.0, 4352.0]}}, {"type": "Feature", "properties": {"sea_point_id": 7102, "name": "Pacific Ocean", "ed_raw": 0, "hst_raw": 0, "pal_raw": 0}, "geometry": {"type": "Point", "coordinates": [1918.0, 4399.0]}}, {"type": "Feature", "properties": {"sea_point_id": 7103, "name": "Pacific Ocean", "ed_raw": 0, "hst_raw": 0, "pal_raw": 0}, "geometry": {"type": "Point", "coordinates": [13507.0, 4414.0]}}, {"type": "Feature", "properties": {"sea_point_id": 7104, "name": "Pacific Ocean", "ed_raw": 0, "hst_raw": 0, "pal_raw": 0}, "geometry": {"type": "Point", "coordinates": [1045.0, 4430.0]}}, {"type": "Feature", "properties": {"sea_point_id": 7105, "name": "Indian Ocean", "ed_raw": 0, "hst_raw": 0, "pal_raw": 0}, "geometry": {"type": "Point", "coordinates": [9523.0, 4446.0]}}, {"type": "Feature", "properties": {"sea_point_id": 7106, "name": "Indian Ocean", "ed_raw": 0, "hst_raw": 0, "pal_raw": 0}, "geometry": {"type": "Point", "coordinates": [9656.0, 4461.0]}}, {"type": "Feature", "properties": {"sea_point_id": 7107, "name": "Indian Ocean", "ed_raw": 0, "hst_raw": 0, "pal_raw": 0}, "geometry": {"type": "Point", "coordinates": [9859.0, 4461.0]}}, {"type": "Feature", "properties": {"sea_point_id": 7108, "name": "Indian Ocean", "ed_raw": 0, "hst_raw": 0, "pal_raw": 0}, "geometry": {"type": "Point", "coordinates": [8860.0, 4492.0]}}, {"type": "Feature", "properties": {"sea_point_id": 7109, "name": "Pacific Ocean", "ed_raw": 0, "hst_raw": 0, "pal_raw": 0}, "geometry": {"type": "Point", "coordinates": [1989.0, 4508.0]}}, {"type": "Feature", "properties": {"sea_point_id": 7110, "name": "Pacific Ocean", "ed_raw": 0, "hst_raw": 0, "pal_raw": 0}, "geometry": {"type": "Point", "coordinates": [2386.0, 4524.0]}}, {"type": "Feature", "properties": {"sea_point_id": 7111, "name": "Indian Ocean", "ed_raw": 0, "hst_raw": 0, "pal_raw": 0}, "geometry": {"type": "Point", "coordinates": [9976.0, 4570.0]}}, {"type": "Feature", "properties": {"sea_point_id": 7112, "name": "Pacific Ocean", "ed_raw": 0, "hst_raw": 0, "pal_raw": 0}, "geometry": {"type": "Point", "coordinates": [13534.0, 4603.0]}}, {"type": "Feature", "properties": {"sea_point_id": 7113, "name": "Indian Ocean", "ed_raw": 0, "hst_raw": 0, "pal_raw": 0}, "geometry": {"type": "Point", "coordinates": [8790.0, 4633.0]}}, {"type": "Feature", "properties": {"sea_point_id": 7114, "name": "Pacific Ocean", "ed_raw": 0, "hst_raw": 0, "pal_raw": 0}, "geometry": {"type": "Point", "coordinates": [2051.0, 4664.0]}}, {"type": "Feature", "properties": {"sea_point_id": 7115, "name": "Indian Ocean", "ed_raw": 0, "hst_raw": 0, "pal_raw": 0}, "geometry": {"type": "Point", "coordinates": [10085.0, 4695.0]}}, {"type": "Feature", "properties": {"sea_point_id": 7116, "name": "Pacific Ocean", "ed_raw": 0, "hst_raw": 0, "pal_raw": 0}, "geometry": {"type": "Point", "coordinates": [1014.0, 4711.0]}}, {"type": "Feature", "properties": {"sea_point_id": 7117, "name": "Atlantic Ocean", "ed_raw": 0, "hst_raw": 0, "pal_raw": 0}, "geometry": {"type": "Point", "coordinates": [5569.0, 4742.0]}}, {"type": "Feature", "properties": {"sea_point_id": 7118, "name": "Pacific Ocean", "ed_raw": 0, "hst_raw": 0, "pal_raw": 0}, "geometry": {"type": "Point", "coordinates": [2457.0, 4758.0]}}, {"type": "Feature", "properties": {"sea_point_id": 7119, "name": "Atlantic Ocean", "ed_raw": 0, "hst_raw": 0, "pal_raw": 0}, "geometry": {"type": "Point", "coordinates": [5499.0, 4851.0]}}, {"type": "Feature", "properties": {"sea_point_id": 7120, "name": "Indian Ocean", "ed_raw": 0, "hst_raw": 0, "pal_raw": 0}, "geometry": {"type": "Point", "coordinates": [10225.0, 4851.0]}}, {"type": "Feature", "properties": {"sea_point_id": 7121, "name": "Indian Ocean", "ed_raw": 0, "hst_raw": 0, "pal_raw": 0}, "geometry": {"type": "Point", "coordinates": [8845.0, 4867.0]}}, {"type": "Feature", "properties": {"sea_point_id": 7122, "name": "Pacific Ocean", "ed_raw": 0, "hst_raw": 0, "pal_raw": 0}, "geometry": {"type": "Point", "coordinates": [2020.0, 4882.0]}}, {"type": "Feature", "properties": {"sea_point_id": 7123, "name": "Indian Ocean", "ed_raw": 0, "hst_raw": 0, "pal_raw": 0}, "geometry": {"type": "Point", "coordinates": [10413.0, 4976.0]}}, {"type": "Feature", "properties": {"sea_point_id": 7124, "name": "Pacific Ocean", "ed_raw": 0, "hst_raw": 0, "pal_raw": 0}, "geometry": {"type": "Point", "coordinates": [2620.0, 4992.0]}}, {"type": "Feature", "properties": {"sea_point_id": 7125, "name": "Pacific Ocean", "ed_raw": 0, "hst_raw": 0, "pal_raw": 0}, "geometry": {"type": "Point", "coordinates": [1146.0, 5038.0]}}, {"type": "Feature", "properties": {"sea_point_id": 7126, "name": "Atlantic Ocean", "ed_raw": 0, "hst_raw": 0, "pal_raw": 0}, "geometry": {"type": "Point", "coordinates": [5405.0, 5070.0]}}, {"type": "Feature", "properties": {"sea_point_id": 7127, "name": "Indian Ocean", "ed_raw": 0, "hst_raw": 0, "pal_raw": 0}, "geometry": {"type": "Point", "coordinates": [10600.0, 5070.0]}}, {"type": "Feature", "properties": {"sea_point_id": 7128, "name": "Pacific Ocean", "ed_raw": 0, "hst_raw": 0, "pal_raw": 0}, "geometry": {"type": "Point", "coordinates": [1833.0, 5101.0]}}, {"type": "Feature", "properties": {"sea_point_id": 7129, "name": "Pacific Ocean", "ed_raw": 0, "hst_raw": 0, "pal_raw": 0}, "geometry": {"type": "Point", "coordinates": [2730.0, 5116.0]}}, {"type": "Feature", "properties": {"sea_point_id": 7130, "name": "Pacific Ocean", "ed_raw": 0, "hst_raw": 0, "pal_raw": 0}, "geometry": {"type": "Point", "coordinates": [1240.0, 5132.0]}}, {"type": "Feature", "properties": {"sea_point_id": 7131, "name": "Indian Ocean", "ed_raw": 0, "hst_raw": 0, "pal_raw": 0}, "geometry": {"type": "Point", "coordinates": [8899.0, 5132.0]}}, {"type": "Feature", "properties": {"sea_point_id": 7132, "name": "Indian Ocean", "ed_raw": 0, "hst_raw": 0, "pal_raw": 0}, "geometry": {"type": "Point", "coordinates": [10779.0, 5148.0]}}, {"type": "Feature", "properties": {"sea_point_id": 7133, "name": "Atlantic Ocean", "ed_raw": 0, "hst_raw": 0, "pal_raw": 0}, "geometry": {"type": "Point", "coordinates": [5304.0, 5179.0]}}, {"type": "Feature", "properties": {"sea_point_id": 7134, "name": "Pacific Ocean", "ed_raw": 0, "hst_raw": 0, "pal_raw": 0}, "geometry": {"type": "Point", "coordinates": [1599.0, 5194.0]}}, {"type": "Feature", "properties": {"sea_point_id": 7135, "name": "Pacific Ocean", "ed_raw": 0, "hst_raw": 0, "pal_raw": 0}, "geometry": {"type": "Point", "coordinates": [1466.0, 5210.0]}}, {"type": "Feature", "properties": {"sea_point_id": 7136, "name": "Pacific Ocean", "ed_raw": 0, "hst_raw": 0, "pal_raw": 0}, "geometry": {"type": "Point", "coordinates": [2800.0, 5226.0]}}, {"type": "Feature", "properties": {"sea_point_id": 7137, "name": "Atlantic Ocean", "ed_raw": 0, "hst_raw": 0, "pal_raw": 0}, "geometry": {"type": "Point", "coordinates": [5467.0, 5257.0]}}, {"type": "Feature", "properties": {"sea_point_id": 7138, "name": "Pacific Ocean", "ed_raw": 0, "hst_raw": 0, "pal_raw": 0}, "geometry": {"type": "Point", "coordinates": [13501.0, 5288.0]}}, {"type": "Feature", "properties": {"sea_point_id": 7139, "name": "Indian Ocean", "ed_raw": 0, "hst_raw": 0, "pal_raw": 0}, "geometry": {"type": "Point", "coordinates": [10888.0, 5304.0]}}, {"type": "Feature", "properties": {"sea_point_id": 7140, "name": "Pacific Ocean", "ed_raw": 0, "hst_raw": 0, "pal_raw": 0}, "geometry": {"type": "Point", "coordinates": [2870.0, 5335.0]}}, {"type": "Feature", "properties": {"sea_point_id": 7141, "name": "Indian Ocean", "ed_raw": 0, "hst_raw": 0, "pal_raw": 0}, "geometry": {"type": "Point", "coordinates": [8892.0, 5335.0]}}, {"type": "Feature", "properties": {"sea_point_id": 7142, "name": "Atlantic Ocean", "ed_raw": 0, "hst_raw": 0, "pal_raw": 0}, "geometry": {"type": "Point", "coordinates": [5116.0, 5366.0]}}, {"type": "Feature", "properties": {"sea_point_id": 7143, "name": "Atlantic Ocean", "ed_raw": 0, "hst_raw": 0, "pal_raw": 0}, "geometry": {"type": "Point", "coordinates": [5545.0, 5475.0]}}, {"type": "Feature", "properties": {"sea_point_id": 7144, "name": "Indian Ocean", "ed_raw": 0, "hst_raw": 0, "pal_raw": 0}, "geometry": {"type": "Point", "coordinates": [8673.0, 5491.0]}}, {"type": "Feature", "properties": {"sea_point_id": 7145, "name": "Pacific Ocean", "ed_raw": 0, "hst_raw": 0, "pal_raw": 0}, "geometry": {"type": "Point", "coordinates": [2847.0, 5506.0]}}, {"type": "Feature", "properties": {"sea_point_id": 7146, "name": "Atlantic Ocean", "ed_raw": 0, "hst_raw": 0, "pal_raw": 0}, "geometry": {"type": "Point", "coordinates": [6029.0, 5506.0]}}, {"type": "Feature", "properties": {"sea_point_id": 7147, "name": "Pacific Ocean", "ed_raw": 0, "hst_raw": 0, "pal_raw": 0}, "geometry": {"type": "Point", "coordinates": [13503.0, 5617.0]}}, {"type": "Feature", "properties": {"sea_point_id": 7148, "name": "Atlantic Ocean", "ed_raw": 0, "hst_raw": 0, "pal_raw": 0}, "geometry": {"type": "Point", "coordinates": [5007.0, 5522.0]}}, {"type": "Feature", "properties": {"sea_point_id": 7149, "name": "Atlantic Ocean", "ed_raw": 0, "hst_raw": 0, "pal_raw": 0}, "geometry": {"type": "Point", "coordinates": [6154.0, 5538.0]}}, {"type": "Feature", "properties": {"sea_point_id": 7150, "name": "Indian Ocean", "ed_raw": 0, "hst_raw": 0, "pal_raw": 0}, "geometry": {"type": "Point", "coordinates": [10896.0, 5538.0]}}, {"type": "Feature", "properties": {"sea_point_id": 7151, "name": "Atlantic Ocean", "ed_raw": 0, "hst_raw": 0, "pal_raw": 0}, "geometry": {"type": "Point", "coordinates": [5725.0, 5553.0]}}, {"type": "Feature", "properties": {"sea_point_id": 7152, "name": "Atlantic Ocean", "ed_raw": 0, "hst_raw": 0, "pal_raw": 0}, "geometry": {"type": "Point", "coordinates": [4898.0, 5647.0]}}, {"type": "Feature", "properties": {"sea_point_id": 7153, "name": "Lena", "ed_raw": 0, "hst_raw": 0, "pal_raw": 0}, "geometry": {"type": "Point", "coordinates": [11020.0, 445.0]}}, {"type": "Feature", "properties": {"sea_point_id": 7154, "name": "Atlantic Ocean", "ed_raw": 0, "hst_raw": 0, "pal_raw": 0}, "geometry": {"type": "Point", "coordinates": [6193.0, 5678.0]}}, {"type": "Feature", "properties": {"sea_point_id": 7155, "name": "Pacific Ocean", "ed_raw": 0, "hst_raw": 0, "pal_raw": 0}, "geometry": {"type": "Point", "coordinates": [2831.0, 5694.0]}}, {"type": "Feature", "properties": {"sea_point_id": 7156, "name": "Lena", "ed_raw": 0, "hst_raw": 0, "pal_raw": 0}, "geometry": {"type": "Point", "coordinates": [11045.0, 474.0]}}, {"type": "Feature", "properties": {"sea_point_id": 7157, "name": "Atlantic Ocean", "ed_raw": 0, "hst_raw": 0, "pal_raw": 0}, "geometry": {"type": "Point", "coordinates": [4789.0, 5772.0]}}, {"type": "Feature", "properties": {"sea_point_id": 7158, "name": "Lena", "ed_raw": 0, "hst_raw": 0, "pal_raw": 0}, "geometry": {"type": "Point", "coordinates": [11049.0, 487.0]}}, {"type": "Feature", "properties": {"sea_point_id": 7159, "name": "Lena", "ed_raw": 0, "hst_raw": 0, "pal_raw": 0}, "geometry": {"type": "Point", "coordinates": [11046.0, 509.0]}}, {"type": "Feature", "properties": {"sea_point_id": 7160, "name": "Lena", "ed_raw": 0, "hst_raw": 0, "pal_raw": 0}, "geometry": {"type": "Point", "coordinates": [11052.0, 531.0]}}, {"type": "Feature", "properties": {"sea_point_id": 7161, "name": "Lena", "ed_raw": 0, "hst_raw": 0, "pal_raw": 0}, "geometry": {"type": "Point", "coordinates": [11066.0, 544.0]}}, {"type": "Feature", "properties": {"sea_point_id": 7162, "name": "Lena", "ed_raw": 0, "hst_raw": 0, "pal_raw": 0}, "geometry": {"type": "Point", "coordinates": [11072.0, 560.0]}}, {"type": "Feature", "properties": {"sea_point_id": 7163, "name": "Pacific Ocean", "ed_raw": 0, "hst_raw": 0, "pal_raw": 0}, "geometry": {"type": "Point", "coordinates": [2878.0, 5943.0]}}, {"type": "Feature", "properties": {"sea_point_id": 7164, "name": "Lena", "ed_raw": 0, "hst_raw": 0, "pal_raw": 0}, "geometry": {"type": "Point", "coordinates": [11065.0, 577.0]}}, {"type": "Feature", "properties": {"sea_point_id": 7165, "name": "Lena", "ed_raw": 0, "hst_raw": 0, "pal_raw": 0}, "geometry": {"type": "Point", "coordinates": [11053.0, 595.0]}}, {"type": "Feature", "properties": {"sea_point_id": 7166, "name": "Lena", "ed_raw": 0, "hst_raw": 0, "pal_raw": 0}, "geometry": {"type": "Point", "coordinates": [11054.0, 612.0]}}, {"type": "Feature", "properties": {"sea_point_id": 7167, "name": "Lena", "ed_raw": 0, "hst_raw": 0, "pal_raw": 0}, "geometry": {"type": "Point", "coordinates": [11082.0, 628.0]}}, {"type": "Feature", "properties": {"sea_point_id": 7168, "name": "Pacific Ocean", "ed_raw": 0, "hst_raw": 0, "pal_raw": 0}, "geometry": {"type": "Point", "coordinates": [2886.0, 6115.0]}}, {"type": "Feature", "properties": {"sea_point_id": 7169, "name": "Lena", "ed_raw": 0, "hst_raw": 0, "pal_raw": 0}, "geometry": {"type": "Point", "coordinates": [11088.0, 645.0]}}, {"type": "Feature", "properties": {"sea_point_id": 7170, "name": "Indian Ocean", "ed_raw": 0, "hst_raw": 0, "pal_raw": 0}, "geometry": {"type": "Point", "coordinates": [11598.0, 6130.0]}}, {"type": "Feature", "properties": {"sea_point_id": 7171, "name": "Lena", "ed_raw": 0, "hst_raw": 0, "pal_raw": 0}, "geometry": {"type": "Point", "coordinates": [11101.0, 657.0]}}, {"type": "Feature", "properties": {"sea_point_id": 7172, "name": "Southern Ocean", "ed_raw": 0, "hst_raw": 0, "pal_raw": 0}, "geometry": {"type": "Point", "coordinates": [11754.0, 6193.0]}}, {"type": "Feature", "properties": {"sea_point_id": 7173, "name": "Southern Ocean", "ed_raw": 0, "hst_raw": 0, "pal_raw": 0}, "geometry": {"type": "Point", "coordinates": [11887.0, 6208.0]}}, {"type": "Feature", "properties": {"sea_point_id": 7174, "name": "Lena", "ed_raw": 0, "hst_raw": 0, "pal_raw": 0}, "geometry": {"type": "Point", "coordinates": [11118.0, 665.0]}}, {"type": "Feature", "properties": {"sea_point_id": 7175, "name": "Lena", "ed_raw": 0, "hst_raw": 0, "pal_raw": 0}, "geometry": {"type": "Point", "coordinates": [11116.0, 685.0]}}, {"type": "Feature", "properties": {"sea_point_id": 7176, "name": "Lena", "ed_raw": 0, "hst_raw": 0, "pal_raw": 0}, "geometry": {"type": "Point", "coordinates": [11121.0, 720.0]}}, {"type": "Feature", "properties": {"sea_point_id": 7177, "name": "Lena", "ed_raw": 0, "hst_raw": 0, "pal_raw": 0}, "geometry": {"type": "Point", "coordinates": [11109.0, 739.0]}}, {"type": "Feature", "properties": {"sea_point_id": 7178, "name": "Pacific Ocean", "ed_raw": 0, "hst_raw": 0, "pal_raw": 0}, "geometry": {"type": "Point", "coordinates": [2925.0, 6318.0]}}, {"type": "Feature", "properties": {"sea_point_id": 7179, "name": "Lena", "ed_raw": 0, "hst_raw": 0, "pal_raw": 0}, "geometry": {"type": "Point", "coordinates": [11105.0, 757.0]}}, {"type": "Feature", "properties": {"sea_point_id": 7180, "name": "Lena", "ed_raw": 0, "hst_raw": 0, "pal_raw": 0}, "geometry": {"type": "Point", "coordinates": [11109.0, 765.0]}}, {"type": "Feature", "properties": {"sea_point_id": 7181, "name": "Lena", "ed_raw": 0, "hst_raw": 0, "pal_raw": 0}, "geometry": {"type": "Point", "coordinates": [11099.0, 792.0]}}, {"type": "Feature", "properties": {"sea_point_id": 7182, "name": "Lena", "ed_raw": 0, "hst_raw": 0, "pal_raw": 0}, "geometry": {"type": "Point", "coordinates": [11087.0, 800.0]}}, {"type": "Feature", "properties": {"sea_point_id": 7183, "name": "Lena", "ed_raw": 0, "hst_raw": 0, "pal_raw": 0}, "geometry": {"type": "Point", "coordinates": [11083.0, 812.0]}}, {"type": "Feature", "properties": {"sea_point_id": 7184, "name": "Lena", "ed_raw": 0, "hst_raw": 0, "pal_raw": 0}, "geometry": {"type": "Point", "coordinates": [11072.0, 822.0]}}, {"type": "Feature", "properties": {"sea_point_id": 7185, "name": "Lena", "ed_raw": 0, "hst_raw": 0, "pal_raw": 0}, "geometry": {"type": "Point", "coordinates": [11064.0, 856.0]}}, {"type": "Feature", "properties": {"sea_point_id": 7186, "name": "Lena", "ed_raw": 0, "hst_raw": 0, "pal_raw": 0}, "geometry": {"type": "Point", "coordinates": [11069.0, 884.0]}}, {"type": "Feature", "properties": {"sea_point_id": 7187, "name": "Lena", "ed_raw": 0, "hst_raw": 0, "pal_raw": 0}, "geometry": {"type": "Point", "coordinates": [11064.0, 903.0]}}, {"type": "Feature", "properties": {"sea_point_id": 7188, "name": "Lena", "ed_raw": 0, "hst_raw": 0, "pal_raw": 0}, "geometry": {"type": "Point", "coordinates": [11052.0, 915.0]}}, {"type": "Feature", "properties": {"sea_point_id": 7189, "name": "Lena", "ed_raw": 0, "hst_raw": 0, "pal_raw": 0}, "geometry": {"type": "Point", "coordinates": [11046.0, 928.0]}}, {"type": "Feature", "properties": {"sea_point_id": 7190, "name": "Lena", "ed_raw": 0, "hst_raw": 0, "pal_raw": 0}, "geometry": {"type": "Point", "coordinates": [11047.0, 947.0]}}, {"type": "Feature", "properties": {"sea_point_id": 7191, "name": "Lena", "ed_raw": 0, "hst_raw": 0, "pal_raw": 0}, "geometry": {"type": "Point", "coordinates": [11058.0, 948.0]}}, {"type": "Feature", "properties": {"sea_point_id": 7192, "name": "Lena", "ed_raw": 0, "hst_raw": 0, "pal_raw": 0}, "geometry": {"type": "Point", "coordinates": [11067.0, 956.0]}}, {"type": "Feature", "properties": {"sea_point_id": 7193, "name": "Lena", "ed_raw": 0, "hst_raw": 0, "pal_raw": 0}, "geometry": {"type": "Point", "coordinates": [11086.0, 955.0]}}, {"type": "Feature", "properties": {"sea_point_id": 7198, "name": "Bering Sea", "ed_raw": 0, "hst_raw": 0, "pal_raw": 0}, "geometry": {"type": "Point", "coordinates": [13260.0, 1341.0]}}, {"type": "Feature", "properties": {"sea_point_id": 7199, "name": "Bering Sea", "ed_raw": 0, "hst_raw": 0, "pal_raw": 0}, "geometry": {"type": "Point", "coordinates": [13384.0, 1372.0]}}, {"type": "Feature", "properties": {"sea_point_id": 7200, "name": "Pacific Ocean", "ed_raw": 0, "hst_raw": 0, "pal_raw": 0}, "geometry": {"type": "Point", "coordinates": [13041.0, 1466.0]}}, {"type": "Feature", "properties": {"sea_point_id": 7201, "name": "Pacific Ocean", "ed_raw": 0, "hst_raw": 0, "pal_raw": 0}, "geometry": {"type": "Point", "coordinates": [12987.0, 1638.0]}}, {"type": "Feature", "properties": {"sea_point_id": 7202, "name": "Pacific Ocean", "ed_raw": 0, "hst_raw": 0, "pal_raw": 0}, "geometry": {"type": "Point", "coordinates": [140.0, 1716.0]}}, {"type": "Feature", "properties": {"sea_point_id": 7203, "name": "Pacific Ocean", "ed_raw": 0, "hst_raw": 0, "pal_raw": 0}, "geometry": {"type": "Point", "coordinates": [421.0, 1747.0]}}, {"type": "Feature", "properties": {"sea_point_id": 7204, "name": "Pacific Ocean", "ed_raw": 0, "hst_raw": 0, "pal_raw": 0}, "geometry": {"type": "Point", "coordinates": [12784.0, 1762.0]}}, {"type": "Feature", "properties": {"sea_point_id": 7205, "name": "Pacific Ocean", "ed_raw": 0, "hst_raw": 0, "pal_raw": 0}, "geometry": {"type": "Point", "coordinates": [12885.0, 1903.0]}}, {"type": "Feature", "properties": {"sea_point_id": 7206, "name": "Pacific Ocean", "ed_raw": 0, "hst_raw": 0, "pal_raw": 0}, "geometry": {"type": "Point", "coordinates": [491.0, 1918.0]}}, {"type": "Feature", "properties": {"sea_point_id": 7207, "name": "Pacific Ocean", "ed_raw": 0, "hst_raw": 0, "pal_raw": 0}, "geometry": {"type": "Point", "coordinates": [140.0, 2028.0]}}, {"type": "Feature", "properties": {"sea_point_id": 7208, "name": "Atlantic Ocean", "ed_raw": 0, "hst_raw": 0, "pal_raw": 0}, "geometry": {"type": "Point", "coordinates": [4960.0, 2028.0]}}, {"type": "Feature", "properties": {"sea_point_id": 7209, "name": "Pacific Ocean", "ed_raw": 0, "hst_raw": 0, "pal_raw": 0}, "geometry": {"type": "Point", "coordinates": [405.0, 2121.0]}}, {"type": "Feature", "properties": {"sea_point_id": 7210, "name": "Pacific Ocean", "ed_raw": 0, "hst_raw": 0, "pal_raw": 0}, "geometry": {"type": "Point", "coordinates": [546.0, 2121.0]}}, {"type": "Feature", "properties": {"sea_point_id": 7211, "name": "Pacific Ocean", "ed_raw": 0, "hst_raw": 0, "pal_raw": 0}, "geometry": {"type": "Point", "coordinates": [12854.0, 2121.0]}}, {"type": "Feature", "properties": {"sea_point_id": 7212, "name": "Atlantic Ocean", "ed_raw": 0, "hst_raw": 0, "pal_raw": 0}, "geometry": {"type": "Point", "coordinates": [4461.0, 2277.0]}}, {"type": "Feature", "properties": {"sea_point_id": 7213, "name": "Pacific Ocean", "ed_raw": 0, "hst_raw": 0, "pal_raw": 0}, "geometry": {"type": "Point", "coordinates": [569.0, 2293.0]}}, {"type": "Feature", "properties": {"sea_point_id": 7214, "name": "Pacific Ocean", "ed_raw": 0, "hst_raw": 0, "pal_raw": 0}, "geometry": {"type": "Point", "coordinates": [12854.0, 2308.0]}}, {"type": "Feature", "properties": {"sea_point_id": 7215, "name": "Atlantic Ocean", "ed_raw": 0, "hst_raw": 0, "pal_raw": 0}, "geometry": {"type": "Point", "coordinates": [4391.0, 2386.0]}}, {"type": "Feature", "properties": {"sea_point_id": 7216, "name": "Atlantic Ocean", "ed_raw": 0, "hst_raw": 0, "pal_raw": 0}, "geometry": {"type": "Point", "coordinates": [4422.0, 2511.0]}}, {"type": "Feature", "properties": {"sea_point_id": 7217, "name": "Pacific Ocean", "ed_raw": 0, "hst_raw": 0, "pal_raw": 0}, "geometry": {"type": "Point", "coordinates": [12753.0, 2511.0]}}, {"type": "Feature", "properties": {"sea_point_id": 7218, "name": "Atlantic Ocean", "ed_raw": 0, "hst_raw": 0, "pal_raw": 0}, "geometry": {"type": "Point", "coordinates": [4188.0, 2574.0]}}, {"type": "Feature", "properties": {"sea_point_id": 7219, "name": "Pacific Ocean", "ed_raw": 0, "hst_raw": 0, "pal_raw": 0}, "geometry": {"type": "Point", "coordinates": [13392.0, 2667.0]}}, {"type": "Feature", "properties": {"sea_point_id": 7220, "name": "Pacific Ocean", "ed_raw": 0, "hst_raw": 0, "pal_raw": 0}, "geometry": {"type": "Point", "coordinates": [12612.0, 2698.0]}}, {"type": "Feature", "properties": {"sea_point_id": 7221, "name": "Pacific Ocean", "ed_raw": 0, "hst_raw": 0, "pal_raw": 0}, "geometry": {"type": "Point", "coordinates": [13166.0, 2714.0]}}, {"type": "Feature", "properties": {"sea_point_id": 7222, "name": "Atlantic Ocean", "ed_raw": 0, "hst_raw": 0, "pal_raw": 0}, "geometry": {"type": "Point", "coordinates": [4251.0, 2730.0]}}, {"type": "Feature", "properties": {"sea_point_id": 7223, "name": "Atlantic Ocean", "ed_raw": 0, "hst_raw": 0, "pal_raw": 0}, "geometry": {"type": "Point", "coordinates": [4399.0, 2776.0]}}, {"type": "Feature", "properties": {"sea_point_id": 7224, "name": "Pacific Ocean", "ed_raw": 0, "hst_raw": 0, "pal_raw": 0}, "geometry": {"type": "Point", "coordinates": [12885.0, 2839.0]}}, {"type": "Feature", "properties": {"sea_point_id": 7225, "name": "Pacific Ocean", "ed_raw": 0, "hst_raw": 0, "pal_raw": 0}, "geometry": {"type": "Point", "coordinates": [13542.0, 2874.0]}}, {"type": "Feature", "properties": {"sea_point_id": 7226, "name": "Pacific Ocean", "ed_raw": 0, "hst_raw": 0, "pal_raw": 0}, "geometry": {"type": "Point", "coordinates": [12558.0, 2870.0]}}, {"type": "Feature", "properties": {"sea_point_id": 7227, "name": "Atlantic Ocean", "ed_raw": 0, "hst_raw": 0, "pal_raw": 0}, "geometry": {"type": "Point", "coordinates": [4641.0, 3104.0]}}, {"type": "Feature", "properties": {"sea_point_id": 7228, "name": "Pacific Ocean", "ed_raw": 0, "hst_raw": 0, "pal_raw": 0}, "geometry": {"type": "Point", "coordinates": [13506.0, 3178.0]}}, {"type": "Feature", "properties": {"sea_point_id": 7229, "name": "Atlantic Ocean", "ed_raw": 0, "hst_raw": 0, "pal_raw": 0}, "geometry": {"type": "Point", "coordinates": [4711.0, 3213.0]}}, {"type": "Feature", "properties": {"sea_point_id": 7230, "name": "Pacific Ocean", "ed_raw": 0, "hst_raw": 0, "pal_raw": 0}, "geometry": {"type": "Point", "coordinates": [1396.0, 3572.0]}}, {"type": "Feature", "properties": {"sea_point_id": 7231, "name": "Pacific Ocean", "ed_raw": 0, "hst_raw": 0, "pal_raw": 0}, "geometry": {"type": "Point", "coordinates": [1255.0, 3603.0]}}, {"type": "Feature", "properties": {"sea_point_id": 7232, "name": "Pacific Ocean", "ed_raw": 0, "hst_raw": 0, "pal_raw": 0}, "geometry": {"type": "Point", "coordinates": [1497.0, 3650.0]}}, {"type": "Feature", "properties": {"sea_point_id": 7233, "name": "Pacific Ocean", "ed_raw": 0, "hst_raw": 0, "pal_raw": 0}, "geometry": {"type": "Point", "coordinates": [202.0, 3712.0]}}, {"type": "Feature", "properties": {"sea_point_id": 7234, "name": "Pacific Ocean", "ed_raw": 0, "hst_raw": 0, "pal_raw": 0}, "geometry": {"type": "Point", "coordinates": [1092.0, 3744.0]}}, {"type": "Feature", "properties": {"sea_point_id": 7235, "name": "Pacific Ocean", "ed_raw": 0, "hst_raw": 0, "pal_raw": 0}, "geometry": {"type": "Point", "coordinates": [1653.0, 3744.0]}}, {"type": "Feature", "properties": {"sea_point_id": 7236, "name": "Pacific Ocean", "ed_raw": 0, "hst_raw": 0, "pal_raw": 0}, "geometry": {"type": "Point", "coordinates": [382.0, 3790.0]}}, {"type": "Feature", "properties": {"sea_point_id": 7237, "name": "Pacific Ocean", "ed_raw": 0, "hst_raw": 0, "pal_raw": 0}, "geometry": {"type": "Point", "coordinates": [585.0, 3790.0]}}, {"type": "Feature", "properties": {"sea_point_id": 7238, "name": "Pacific Ocean", "ed_raw": 0, "hst_raw": 0, "pal_raw": 0}, "geometry": {"type": "Point", "coordinates": [772.0, 3790.0]}}, {"type": "Feature", "properties": {"sea_point_id": 7239, "name": "Pacific Ocean", "ed_raw": 0, "hst_raw": 0, "pal_raw": 0}, "geometry": {"type": "Point", "coordinates": [1840.0, 3868.0]}}, {"type": "Feature", "properties": {"sea_point_id": 7240, "name": "Pacific Ocean", "ed_raw": 0, "hst_raw": 0, "pal_raw": 0}, "geometry": {"type": "Point", "coordinates": [2082.0, 4009.0]}}, {"type": "Feature", "properties": {"sea_point_id": 7241, "name": "Pacific Ocean", "ed_raw": 0, "hst_raw": 0, "pal_raw": 0}, "geometry": {"type": "Point", "coordinates": [1497.0, 4087.0]}}, {"type": "Feature", "properties": {"sea_point_id": 7242, "name": "Pacific Ocean", "ed_raw": 0, "hst_raw": 0, "pal_raw": 0}, "geometry": {"type": "Point", "coordinates": [2184.0, 4118.0]}}, {"type": "Feature", "properties": {"sea_point_id": 7243, "name": "Pacific Ocean", "ed_raw": 0, "hst_raw": 0, "pal_raw": 0}, "geometry": {"type": "Point", "coordinates": [1263.0, 4149.0]}}, {"type": "Feature", "properties": {"sea_point_id": 7244, "name": "Pacific Ocean", "ed_raw": 0, "hst_raw": 0, "pal_raw": 0}, "geometry": {"type": "Point", "coordinates": [1794.0, 4180.0]}}, {"type": "Feature", "properties": {"sea_point_id": 7245, "name": "Pacific Ocean", "ed_raw": 0, "hst_raw": 0, "pal_raw": 0}, "geometry": {"type": "Point", "coordinates": [1918.0, 4243.0]}}, {"type": "Feature", "properties": {"sea_point_id": 7246, "name": "Pacific Ocean", "ed_raw": 0, "hst_raw": 0, "pal_raw": 0}, "geometry": {"type": "Point", "coordinates": [1014.0, 4274.0]}}, {"type": "Feature", "properties": {"sea_point_id": 7247, "name": "Indian Ocean", "ed_raw": 0, "hst_raw": 0, "pal_raw": 0}, "geometry": {"type": "Point", "coordinates": [9094.0, 4305.0]}}, {"type": "Feature", "properties": {"sea_point_id": 7248, "name": "Pacific Ocean", "ed_raw": 0, "hst_raw": 0, "pal_raw": 0}, "geometry": {"type": "Point", "coordinates": [2043.0, 4368.0]}}, {"type": "Feature", "properties": {"sea_point_id": 7249, "name": "Pacific Ocean", "ed_raw": 0, "hst_raw": 0, "pal_raw": 0}, "geometry": {"type": "Point", "coordinates": [2238.0, 4414.0]}}, {"type": "Feature", "properties": {"sea_point_id": 7250, "name": "Indian Ocean", "ed_raw": 0, "hst_raw": 0, "pal_raw": 0}, "geometry": {"type": "Point", "coordinates": [9336.0, 4414.0]}}, {"type": "Feature", "properties": {"sea_point_id": 7251, "name": "Indian Ocean", "ed_raw": 0, "hst_raw": 0, "pal_raw": 0}, "geometry": {"type": "Point", "coordinates": [9001.0, 4461.0]}}, {"type": "Feature", "properties": {"sea_point_id": 7252, "name": "Pacific Ocean", "ed_raw": 0, "hst_raw": 0, "pal_raw": 0}, "geometry": {"type": "Point", "coordinates": [943.0, 4508.0]}}, {"type": "Feature", "properties": {"sea_point_id": 7253, "name": "Pacific Ocean", "ed_raw": 0, "hst_raw": 0, "pal_raw": 0}, "geometry": {"type": "Point", "coordinates": [2121.0, 4524.0]}}, {"type": "Feature", "properties": {"sea_point_id": 7254, "name": "Indian Ocean", "ed_raw": 0, "hst_raw": 0, "pal_raw": 0}, "geometry": {"type": "Point", "coordinates": [9757.0, 4539.0]}}, {"type": "Feature", "properties": {"sea_point_id": 7255, "name": "Indian Ocean", "ed_raw": 0, "hst_raw": 0, "pal_raw": 0}, "geometry": {"type": "Point", "coordinates": [9555.0, 4570.0]}}, {"type": "Feature", "properties": {"sea_point_id": 7256, "name": "Indian Ocean", "ed_raw": 0, "hst_raw": 0, "pal_raw": 0}, "geometry": {"type": "Point", "coordinates": [8931.0, 4602.0]}}, {"type": "Feature", "properties": {"sea_point_id": 7257, "name": "Pacific Ocean", "ed_raw": 0, "hst_raw": 0, "pal_raw": 0}, "geometry": {"type": "Point", "coordinates": [2355.0, 4648.0]}}, {"type": "Feature", "properties": {"sea_point_id": 7258, "name": "Indian Ocean", "ed_raw": 0, "hst_raw": 0, "pal_raw": 0}, "geometry": {"type": "Point", "coordinates": [9929.0, 4695.0]}}, {"type": "Feature", "properties": {"sea_point_id": 7259, "name": "Indian Ocean", "ed_raw": 0, "hst_raw": 0, "pal_raw": 0}, "geometry": {"type": "Point", "coordinates": [8884.0, 4726.0]}}, {"type": "Feature", "properties": {"sea_point_id": 7260, "name": "Pacific Ocean", "ed_raw": 0, "hst_raw": 0, "pal_raw": 0}, "geometry": {"type": "Point", "coordinates": [2121.0, 4773.0]}}, {"type": "Feature", "properties": {"sea_point_id": 7261, "name": "Pacific Ocean", "ed_raw": 0, "hst_raw": 0, "pal_raw": 0}, "geometry": {"type": "Point", "coordinates": [982.0, 4836.0]}}, {"type": "Feature", "properties": {"sea_point_id": 7262, "name": "Indian Ocean", "ed_raw": 0, "hst_raw": 0, "pal_raw": 0}, "geometry": {"type": "Point", "coordinates": [10077.0, 4836.0]}}, {"type": "Feature", "properties": {"sea_point_id": 7263, "name": "Pacific Ocean", "ed_raw": 0, "hst_raw": 0, "pal_raw": 0}, "geometry": {"type": "Point", "coordinates": [2503.0, 4882.0]}}, {"type": "Feature", "properties": {"sea_point_id": 7264, "name": "Indian Ocean", "ed_raw": 0, "hst_raw": 0, "pal_raw": 0}, "geometry": {"type": "Point", "coordinates": [8938.0, 4960.0]}}, {"type": "Feature", "properties": {"sea_point_id": 7265, "name": "Indian Ocean", "ed_raw": 0, "hst_raw": 0, "pal_raw": 0}, "geometry": {"type": "Point", "coordinates": [10257.0, 4976.0]}}, {"type": "Feature", "properties": {"sea_point_id": 7266, "name": "Pacific Ocean", "ed_raw": 0, "hst_raw": 0, "pal_raw": 0}, "geometry": {"type": "Point", "coordinates": [998.0, 4992.0]}}, {"type": "Feature", "properties": {"sea_point_id": 7267, "name": "Pacific Ocean", "ed_raw": 0, "hst_raw": 0, "pal_raw": 0}, "geometry": {"type": "Point", "coordinates": [2051.0, 5007.0]}}, {"type": "Feature", "properties": {"sea_point_id": 7268, "name": "Indian Ocean", "ed_raw": 0, "hst_raw": 0, "pal_raw": 0}, "geometry": {"type": "Point", "coordinates": [10444.0, 5101.0]}}, {"type": "Feature", "properties": {"sea_point_id": 7269, "name": "Pacific Ocean", "ed_raw": 0, "hst_raw": 0, "pal_raw": 0}, "geometry": {"type": "Point", "coordinates": [1965.0, 5116.0]}}, {"type": "Feature", "properties": {"sea_point_id": 7270, "name": "Pacific Ocean", "ed_raw": 0, "hst_raw": 0, "pal_raw": 0}, "geometry": {"type": "Point", "coordinates": [2574.0, 5116.0]}}, {"type": "Feature", "properties": {"sea_point_id": 7271, "name": "Pacific Ocean", "ed_raw": 0, "hst_raw": 0, "pal_raw": 0}, "geometry": {"type": "Point", "coordinates": [1084.0, 5163.0]}}, {"type": "Feature", "properties": {"sea_point_id": 7272, "name": "Indian Ocean", "ed_raw": 0, "hst_raw": 0, "pal_raw": 0}, "geometry": {"type": "Point", "coordinates": [10631.0, 5194.0]}}, {"type": "Feature", "properties": {"sea_point_id": 7273, "name": "Pacific Ocean", "ed_raw": 0, "hst_raw": 0, "pal_raw": 0}, "geometry": {"type": "Point", "coordinates": [1333.0, 5226.0]}}, {"type": "Feature", "properties": {"sea_point_id": 7274, "name": "Pacific Ocean", "ed_raw": 0, "hst_raw": 0, "pal_raw": 0}, "geometry": {"type": "Point", "coordinates": [1770.0, 5226.0]}}, {"type": "Feature", "properties": {"sea_point_id": 7275, "name": "Pacific Ocean", "ed_raw": 0, "hst_raw": 0, "pal_raw": 0}, "geometry": {"type": "Point", "coordinates": [2644.0, 5226.0]}}, {"type": "Feature", "properties": {"sea_point_id": 7276, "name": "Indian Ocean", "ed_raw": 0, "hst_raw": 0, "pal_raw": 0}, "geometry": {"type": "Point", "coordinates": [8993.0, 5226.0]}}, {"type": "Feature", "properties": {"sea_point_id": 7277, "name": "Indian Ocean", "ed_raw": 0, "hst_raw": 0, "pal_raw": 0}, "geometry": {"type": "Point", "coordinates": [10732.0, 5272.0]}}, {"type": "Feature", "properties": {"sea_point_id": 7278, "name": "Atlantic Ocean", "ed_raw": 0, "hst_raw": 0, "pal_raw": 0}, "geometry": {"type": "Point", "coordinates": [5335.0, 5304.0]}}, {"type": "Feature", "properties": {"sea_point_id": 7279, "name": "Pacific Ocean", "ed_raw": 0, "hst_raw": 0, "pal_raw": 0}, "geometry": {"type": "Point", "coordinates": [1536.0, 5319.0]}}, {"type": "Feature", "properties": {"sea_point_id": 7280, "name": "Pacific Ocean", "ed_raw": 0, "hst_raw": 0, "pal_raw": 0}, "geometry": {"type": "Point", "coordinates": [2714.0, 5335.0]}}, {"type": "Feature", "properties": {"sea_point_id": 7281, "name": "Atlantic Ocean", "ed_raw": 0, "hst_raw": 0, "pal_raw": 0}, "geometry": {"type": "Point", "coordinates": [5436.0, 5382.0]}}, {"type": "Feature", "properties": {"sea_point_id": 7282, "name": "Indian Ocean", "ed_raw": 0, "hst_raw": 0, "pal_raw": 0}, "geometry": {"type": "Point", "coordinates": [10803.0, 5413.0]}}, {"type": "Feature", "properties": {"sea_point_id": 7283, "name": "Indian Ocean", "ed_raw": 0, "hst_raw": 0, "pal_raw": 0}, "geometry": {"type": "Point", "coordinates": [8829.0, 5460.0]}}, {"type": "Feature", "properties": {"sea_point_id": 7284, "name": "Atlantic Ocean", "ed_raw": 0, "hst_raw": 0, "pal_raw": 0}, "geometry": {"type": "Point", "coordinates": [5148.0, 5491.0]}}, {"type": "Feature", "properties": {"sea_point_id": 7285, "name": "Pacific Ocean", "ed_raw": 0, "hst_raw": 0, "pal_raw": 0}, "geometry": {"type": "Point", "coordinates": [2730.0, 5584.0]}}, {"type": "Feature", "properties": {"sea_point_id": 7286, "name": "Atlantic Ocean", "ed_raw": 0, "hst_raw": 0, "pal_raw": 0}, "geometry": {"type": "Point", "coordinates": [5577.0, 5600.0]}}, {"type": "Feature", "properties": {"sea_point_id": 7287, "name": "Atlantic Ocean", "ed_raw": 0, "hst_raw": 0, "pal_raw": 0}, "geometry": {"type": "Point", "coordinates": [5928.0, 5616.0]}}, {"type": "Feature", "properties": {"sea_point_id": 7289, "name": "Atlantic Ocean", "ed_raw": 0, "hst_raw": 0, "pal_raw": 0}, "geometry": {"type": "Point", "coordinates": [6060.0, 5631.0]}}, {"type": "Feature", "properties": {"sea_point_id": 7290, "name": "Atlantic Ocean", "ed_raw": 0, "hst_raw": 0, "pal_raw": 0}, "geometry": {"type": "Point", "coordinates": [5038.0, 5647.0]}}, {"type": "Feature", "properties": {"sea_point_id": 7292, "name": "Atlantic Ocean", "ed_raw": 0, "hst_raw": 0, "pal_raw": 0}, "geometry": {"type": "Point", "coordinates": [4929.0, 5772.0]}}, {"type": "Feature", "properties": {"sea_point_id": 7294, "name": "Pacific Ocean", "ed_raw": 0, "hst_raw": 0, "pal_raw": 0}, "geometry": {"type": "Point", "coordinates": [2769.0, 5818.0]}}, {"type": "Feature", "properties": {"sea_point_id": 7301, "name": "Pacific Ocean", "ed_raw": 0, "hst_raw": 0, "pal_raw": 0}, "geometry": {"type": "Point", "coordinates": [2761.0, 6021.0]}}, {"type": "Feature", "properties": {"sea_point_id": 7309, "name": "Pacific Ocean", "ed_raw": 0, "hst_raw": 0, "pal_raw": 0}, "geometry": {"type": "Point", "coordinates": [2800.0, 6224.0]}}, {"type": "Feature", "properties": {"sea_point_id": 7319, "name": "Southern Ocean", "ed_raw": 0, "hst_raw": 0, "pal_raw": 0}, "geometry": {"type": "Point", "coordinates": [2854.0, 6427.0]}}, {"type": "Feature", "properties": {"sea_point_id": 7330, "name": "Pacific Ocean", "ed_raw": 0, "hst_raw": 0, "pal_raw": 0}, "geometry": {"type": "Point", "coordinates": [13166.0, 1435.0]}}, {"type": "Feature", "properties": {"sea_point_id": 7331, "name": "Pacific Ocean", "ed_raw": 0, "hst_raw": 0, "pal_raw": 0}, "geometry": {"type": "Point", "coordinates": [13291.0, 1466.0]}}, {"type": "Feature", "properties": {"sea_point_id": 7332, "name": "Pacific Ocean", "ed_raw": 0, "hst_raw": 0, "pal_raw": 0}, "geometry": {"type": "Point", "coordinates": [13455.0, 1482.0]}}, {"type": "Feature", "properties": {"sea_point_id": 7333, "name": "Pacific Ocean", "ed_raw": 0, "hst_raw": 0, "pal_raw": 0}, "geometry": {"type": "Point", "coordinates": [13111.0, 1575.0]}}, {"type": "Feature", "properties": {"sea_point_id": 7334, "name": "Pacific Ocean", "ed_raw": 0, "hst_raw": 0, "pal_raw": 0}, "geometry": {"type": "Point", "coordinates": [16.0, 1747.0]}}, {"type": "Feature", "properties": {"sea_point_id": 7335, "name": "Pacific Ocean", "ed_raw": 0, "hst_raw": 0, "pal_raw": 0}, "geometry": {"type": "Point", "coordinates": [12916.0, 1747.0]}}, {"type": "Feature", "properties": {"sea_point_id": 7336, "name": "Pacific Ocean", "ed_raw": 0, "hst_raw": 0, "pal_raw": 0}, "geometry": {"type": "Point", "coordinates": [265.0, 1778.0]}}, {"type": "Feature", "properties": {"sea_point_id": 7337, "name": "Pacific Ocean", "ed_raw": 0, "hst_raw": 0, "pal_raw": 0}, "geometry": {"type": "Point", "coordinates": [109.0, 1872.0]}}, {"type": "Feature", "properties": {"sea_point_id": 7338, "name": "Pacific Ocean", "ed_raw": 0, "hst_raw": 0, "pal_raw": 0}, "geometry": {"type": "Point", "coordinates": [358.0, 1872.0]}}, {"type": "Feature", "properties": {"sea_point_id": 7339, "name": "Pacific Ocean", "ed_raw": 0, "hst_raw": 0, "pal_raw": 0}, "geometry": {"type": "Point", "coordinates": [241.0, 1950.0]}}, {"type": "Feature", "properties": {"sea_point_id": 7340, "name": "Pacific Ocean", "ed_raw": 0, "hst_raw": 0, "pal_raw": 0}, "geometry": {"type": "Point", "coordinates": [15.0, 1996.0]}}, {"type": "Feature", "properties": {"sea_point_id": 7341, "name": "Pacific Ocean", "ed_raw": 0, "hst_raw": 0, "pal_raw": 0}, "geometry": {"type": "Point", "coordinates": [12955.0, 2012.0]}}, {"type": "Feature", "properties": {"sea_point_id": 7342, "name": "Pacific Ocean", "ed_raw": 0, "hst_raw": 0, "pal_raw": 0}, "geometry": {"type": "Point", "coordinates": [12955.0, 2199.0]}}, {"type": "Feature", "properties": {"sea_point_id": 7343, "name": "Pacific Ocean", "ed_raw": 0, "hst_raw": 0, "pal_raw": 0}, "geometry": {"type": "Point", "coordinates": [12885.0, 2433.0]}}, {"type": "Feature", "properties": {"sea_point_id": 7344, "name": "Atlantic Ocean", "ed_raw": 0, "hst_raw": 0, "pal_raw": 0}, "geometry": {"type": "Point", "coordinates": [4290.0, 2464.0]}}, {"type": "Feature", "properties": {"sea_point_id": 7345, "name": "Atlantic Ocean", "ed_raw": 0, "hst_raw": 0, "pal_raw": 0}, "geometry": {"type": "Point", "coordinates": [4321.0, 2589.0]}}, {"type": "Feature", "properties": {"sea_point_id": 7346, "name": "Pacific Ocean", "ed_raw": 0, "hst_raw": 0, "pal_raw": 0}, "geometry": {"type": "Point", "coordinates": [13260.0, 2589.0]}}, {"type": "Feature", "properties": {"sea_point_id": 7347, "name": "Pacific Ocean", "ed_raw": 0, "hst_raw": 0, "pal_raw": 0}, "geometry": {"type": "Point", "coordinates": [12745.0, 2652.0]}}, {"type": "Feature", "properties": {"sea_point_id": 7348, "name": "Pacific Ocean", "ed_raw": 0, "hst_raw": 0, "pal_raw": 0}, "geometry": {"type": "Point", "coordinates": [13010.0, 2683.0]}}, {"type": "Feature", "properties": {"sea_point_id": 7349, "name": "Pacific Ocean", "ed_raw": 0, "hst_raw": 0, "pal_raw": 0}, "geometry": {"type": "Point", "coordinates": [13495.0, 2728.0]}}, {"type": "Feature", "properties": {"sea_point_id": 7350, "name": "Pacific Ocean", "ed_raw": 0, "hst_raw": 0, "pal_raw": 0}, "geometry": {"type": "Point", "coordinates": [12737.0, 2792.0]}}, {"type": "Feature", "properties": {"sea_point_id": 7351, "name": "Pacific Ocean", "ed_raw": 0, "hst_raw": 0, "pal_raw": 0}, "geometry": {"type": "Point", "coordinates": [1349.0, 3697.0]}}, {"type": "Feature", "properties": {"sea_point_id": 7352, "name": "Pacific Ocean", "ed_raw": 0, "hst_raw": 0, "pal_raw": 0}, "geometry": {"type": "Point", "coordinates": [1224.0, 3728.0]}}, {"type": "Feature", "properties": {"sea_point_id": 7353, "name": "Pacific Ocean", "ed_raw": 0, "hst_raw": 0, "pal_raw": 0}, "geometry": {"type": "Point", "coordinates": [54.0, 3759.0]}}, {"type": "Feature", "properties": {"sea_point_id": 7354, "name": "Pacific Ocean", "ed_raw": 0, "hst_raw": 0, "pal_raw": 0}, "geometry": {"type": "Point", "coordinates": [1528.0, 3775.0]}}, {"type": "Feature", "properties": {"sea_point_id": 7355, "name": "Pacific Ocean", "ed_raw": 0, "hst_raw": 0, "pal_raw": 0}, "geometry": {"type": "Point", "coordinates": [234.0, 3837.0]}}, {"type": "Feature", "properties": {"sea_point_id": 7356, "name": "Pacific Ocean", "ed_raw": 0, "hst_raw": 0, "pal_raw": 0}, "geometry": {"type": "Point", "coordinates": [998.0, 3837.0]}}, {"type": "Feature", "properties": {"sea_point_id": 7357, "name": "Pacific Ocean", "ed_raw": 0, "hst_raw": 0, "pal_raw": 0}, "geometry": {"type": "Point", "coordinates": [483.0, 3868.0]}}, {"type": "Feature", "properties": {"sea_point_id": 7358, "name": "Pacific Ocean", "ed_raw": 0, "hst_raw": 0, "pal_raw": 0}, "geometry": {"type": "Point", "coordinates": [873.0, 3868.0]}}, {"type": "Feature", "properties": {"sea_point_id": 7359, "name": "Pacific Ocean", "ed_raw": 0, "hst_raw": 0, "pal_raw": 0}, "geometry": {"type": "Point", "coordinates": [1684.0, 3868.0]}}, {"type": "Feature", "properties": {"sea_point_id": 7360, "name": "Pacific Ocean", "ed_raw": 0, "hst_raw": 0, "pal_raw": 0}, "geometry": {"type": "Point", "coordinates": [678.0, 3884.0]}}, {"type": "Feature", "properties": {"sea_point_id": 7361, "name": "Pacific Ocean", "ed_raw": 0, "hst_raw": 0, "pal_raw": 0}, "geometry": {"type": "Point", "coordinates": [1872.0, 3993.0]}}, {"type": "Feature", "properties": {"sea_point_id": 7362, "name": "Pacific Ocean", "ed_raw": 0, "hst_raw": 0, "pal_raw": 0}, "geometry": {"type": "Point", "coordinates": [1357.0, 4024.0]}}, {"type": "Feature", "properties": {"sea_point_id": 7363, "name": "Pacific Ocean", "ed_raw": 0, "hst_raw": 0, "pal_raw": 0}, "geometry": {"type": "Point", "coordinates": [1622.0, 4024.0]}}, {"type": "Feature", "properties": {"sea_point_id": 7364, "name": "Pacific Ocean", "ed_raw": 0, "hst_raw": 0, "pal_raw": 0}, "geometry": {"type": "Point", "coordinates": [1747.0, 4056.0]}}, {"type": "Feature", "properties": {"sea_point_id": 7365, "name": "Pacific Ocean", "ed_raw": 0, "hst_raw": 0, "pal_raw": 0}, "geometry": {"type": "Point", "coordinates": [1957.0, 4102.0]}}, {"type": "Feature", "properties": {"sea_point_id": 7366, "name": "Pacific Ocean", "ed_raw": 0, "hst_raw": 0, "pal_raw": 0}, "geometry": {"type": "Point", "coordinates": [1107.0, 4149.0]}}, {"type": "Feature", "properties": {"sea_point_id": 7367, "name": "Pacific Ocean", "ed_raw": 0, "hst_raw": 0, "pal_raw": 0}, "geometry": {"type": "Point", "coordinates": [2059.0, 4180.0]}}, {"type": "Feature", "properties": {"sea_point_id": 7368, "name": "Pacific Ocean", "ed_raw": 0, "hst_raw": 0, "pal_raw": 0}, "geometry": {"type": "Point", "coordinates": [912.0, 4352.0]}}, {"type": "Feature", "properties": {"sea_point_id": 7369, "name": "Indian Ocean", "ed_raw": 0, "hst_raw": 0, "pal_raw": 0}, "geometry": {"type": "Point", "coordinates": [9126.0, 4430.0]}}, {"type": "Feature", "properties": {"sea_point_id": 7370, "name": "Indian Ocean", "ed_raw": 0, "hst_raw": 0, "pal_raw": 0}, "geometry": {"type": "Point", "coordinates": [9406.0, 4524.0]}}, {"type": "Feature", "properties": {"sea_point_id": 7371, "name": "Pacific Ocean", "ed_raw": 0, "hst_raw": 0, "pal_raw": 0}, "geometry": {"type": "Point", "coordinates": [2246.0, 4555.0]}}, {"type": "Feature", "properties": {"sea_point_id": 7372, "name": "Indian Ocean", "ed_raw": 0, "hst_raw": 0, "pal_raw": 0}, "geometry": {"type": "Point", "coordinates": [9071.0, 4570.0]}}, {"type": "Feature", "properties": {"sea_point_id": 7373, "name": "Pacific Ocean", "ed_raw": 0, "hst_raw": 0, "pal_raw": 0}, "geometry": {"type": "Point", "coordinates": [881.0, 4633.0]}}, {"type": "Feature", "properties": {"sea_point_id": 7374, "name": "Indian Ocean", "ed_raw": 0, "hst_raw": 0, "pal_raw": 0}, "geometry": {"type": "Point", "coordinates": [9656.0, 4648.0]}}, {"type": "Feature", "properties": {"sea_point_id": 7375, "name": "Indian Ocean", "ed_raw": 0, "hst_raw": 0, "pal_raw": 0}, "geometry": {"type": "Point", "coordinates": [9789.0, 4664.0]}}, {"type": "Feature", "properties": {"sea_point_id": 7376, "name": "Pacific Ocean", "ed_raw": 0, "hst_raw": 0, "pal_raw": 0}, "geometry": {"type": "Point", "coordinates": [2215.0, 4680.0]}}, {"type": "Feature", "properties": {"sea_point_id": 7377, "name": "Indian Ocean", "ed_raw": 0, "hst_raw": 0, "pal_raw": 0}, "geometry": {"type": "Point", "coordinates": [9024.0, 4695.0]}}, {"type": "Feature", "properties": {"sea_point_id": 7378, "name": "Pacific Ocean", "ed_raw": 0, "hst_raw": 0, "pal_raw": 0}, "geometry": {"type": "Point", "coordinates": [2308.0, 4773.0]}}, {"type": "Feature", "properties": {"sea_point_id": 7379, "name": "Indian Ocean", "ed_raw": 0, "hst_raw": 0, "pal_raw": 0}, "geometry": {"type": "Point", "coordinates": [8977.0, 4820.0]}}, {"type": "Feature", "properties": {"sea_point_id": 7380, "name": "Indian Ocean", "ed_raw": 0, "hst_raw": 0, "pal_raw": 0}, "geometry": {"type": "Point", "coordinates": [9921.0, 4836.0]}}, {"type": "Feature", "properties": {"sea_point_id": 7381, "name": "Pacific Ocean", "ed_raw": 0, "hst_raw": 0, "pal_raw": 0}, "geometry": {"type": "Point", "coordinates": [2152.0, 4898.0]}}, {"type": "Feature", "properties": {"sea_point_id": 7382, "name": "Pacific Ocean", "ed_raw": 0, "hst_raw": 0, "pal_raw": 0}, "geometry": {"type": "Point", "coordinates": [865.0, 4914.0]}}, {"type": "Feature", "properties": {"sea_point_id": 7383, "name": "Indian Ocean", "ed_raw": 0, "hst_raw": 0, "pal_raw": 0}, "geometry": {"type": "Point", "coordinates": [10108.0, 4960.0]}}, {"type": "Feature", "properties": {"sea_point_id": 7384, "name": "Pacific Ocean", "ed_raw": 0, "hst_raw": 0, "pal_raw": 0}, "geometry": {"type": "Point", "coordinates": [2472.0, 5007.0]}}, {"type": "Feature", "properties": {"sea_point_id": 7385, "name": "Indian Ocean", "ed_raw": 0, "hst_raw": 0, "pal_raw": 0}, "geometry": {"type": "Point", "coordinates": [9032.0, 5054.0]}}, {"type": "Feature", "properties": {"sea_point_id": 7386, "name": "Indian Ocean", "ed_raw": 0, "hst_raw": 0, "pal_raw": 0}, "geometry": {"type": "Point", "coordinates": [10288.0, 5101.0]}}, {"type": "Feature", "properties": {"sea_point_id": 7387, "name": "Pacific Ocean", "ed_raw": 0, "hst_raw": 0, "pal_raw": 0}, "geometry": {"type": "Point", "coordinates": [936.0, 5116.0]}}, {"type": "Feature", "properties": {"sea_point_id": 7388, "name": "Pacific Ocean", "ed_raw": 0, "hst_raw": 0, "pal_raw": 0}, "geometry": {"type": "Point", "coordinates": [2121.0, 5116.0]}}, {"type": "Feature", "properties": {"sea_point_id": 7389, "name": "Pacific Ocean", "ed_raw": 0, "hst_raw": 0, "pal_raw": 0}, "geometry": {"type": "Point", "coordinates": [2488.0, 5226.0]}}, {"type": "Feature", "properties": {"sea_point_id": 7390, "name": "Indian Ocean", "ed_raw": 0, "hst_raw": 0, "pal_raw": 0}, "geometry": {"type": "Point", "coordinates": [10475.0, 5226.0]}}, {"type": "Feature", "properties": {"sea_point_id": 7391, "name": "Pacific Ocean", "ed_raw": 0, "hst_raw": 0, "pal_raw": 0}, "geometry": {"type": "Point", "coordinates": [1903.0, 5241.0]}}, {"type": "Feature", "properties": {"sea_point_id": 7392, "name": "Pacific Ocean", "ed_raw": 0, "hst_raw": 0, "pal_raw": 0}, "geometry": {"type": "Point", "coordinates": [1177.0, 5257.0]}}, {"type": "Feature", "properties": {"sea_point_id": 7393, "name": "Pacific Ocean", "ed_raw": 0, "hst_raw": 0, "pal_raw": 0}, "geometry": {"type": "Point", "coordinates": [1669.0, 5304.0]}}, {"type": "Feature", "properties": {"sea_point_id": 7395, "name": "Pacific Ocean", "ed_raw": 0, "hst_raw": 0, "pal_raw": 0}, "geometry": {"type": "Point", "coordinates": [1404.0, 5335.0]}}, {"type": "Feature", "properties": {"sea_point_id": 7396, "name": "Pacific Ocean", "ed_raw": 0, "hst_raw": 0, "pal_raw": 0}, "geometry": {"type": "Point", "coordinates": [2558.0, 5335.0]}}, {"type": "Feature", "properties": {"sea_point_id": 7397, "name": "Indian Ocean", "ed_raw": 0, "hst_raw": 0, "pal_raw": 0}, "geometry": {"type": "Point", "coordinates": [9024.0, 5350.0]}}, {"type": "Feature", "properties": {"sea_point_id": 7398, "name": "Atlantic Ocean", "ed_raw": 0, "hst_raw": 0, "pal_raw": 0}, "geometry": {"type": "Point", "coordinates": [5241.0, 5397.0]}}, {"type": "Feature", "properties": {"sea_point_id": 7399, "name": "Pacific Ocean", "ed_raw": 0, "hst_raw": 0, "pal_raw": 0}, "geometry": {"type": "Point", "coordinates": [2636.0, 5460.0]}}, {"type": "Feature", "properties": {"sea_point_id": 7400, "name": "Indian Ocean", "ed_raw": 0, "hst_raw": 0, "pal_raw": 0}, "geometry": {"type": "Point", "coordinates": [8962.0, 5475.0]}}, {"type": "Feature", "properties": {"sea_point_id": 7401, "name": "Atlantic Ocean", "ed_raw": 0, "hst_raw": 0, "pal_raw": 0}, "geometry": {"type": "Point", "coordinates": [5389.0, 5506.0]}}, {"type": "Feature", "properties": {"sea_point_id": 7404, "name": "Atlantic Ocean", "ed_raw": 0, "hst_raw": 0, "pal_raw": 0}, "geometry": {"type": "Point", "coordinates": [5179.0, 5616.0]}}, {"type": "Feature", "properties": {"sea_point_id": 7405, "name": "Atlantic Ocean", "ed_raw": 0, "hst_raw": 0, "pal_raw": 0}, "geometry": {"type": "Point", "coordinates": [5795.0, 5662.0]}}, {"type": "Feature", "properties": {"sea_point_id": 7406, "name": "Atlantic Ocean", "ed_raw": 0, "hst_raw": 0, "pal_raw": 0}, "geometry": {"type": "Point", "coordinates": [5670.0, 5694.0]}}, {"type": "Feature", "properties": {"sea_point_id": 7407, "name": "Pacific Ocean", "ed_raw": 0, "hst_raw": 0, "pal_raw": 0}, "geometry": {"type": "Point", "coordinates": [2667.0, 5709.0]}}, {"type": "Feature", "properties": {"sea_point_id": 7410, "name": "Atlantic Ocean", "ed_raw": 0, "hst_raw": 0, "pal_raw": 0}, "geometry": {"type": "Point", "coordinates": [5070.0, 5772.0]}}, {"type": "Feature", "properties": {"sea_point_id": 7413, "name": "Pacific Ocean", "ed_raw": 0, "hst_raw": 0, "pal_raw": 0}, "geometry": {"type": "Point", "coordinates": [2667.0, 5896.0]}}, {"type": "Feature", "properties": {"sea_point_id": 7420, "name": "Pacific Ocean", "ed_raw": 0, "hst_raw": 0, "pal_raw": 0}, "geometry": {"type": "Point", "coordinates": [2675.0, 6130.0]}}, {"type": "Feature", "properties": {"sea_point_id": 7429, "name": "Southern Ocean", "ed_raw": 0, "hst_raw": 0, "pal_raw": 0}, "geometry": {"type": "Point", "coordinates": [2730.0, 6333.0]}}, {"type": "Feature", "properties": {"sea_point_id": 7445, "name": "Pacific Ocean", "ed_raw": 0, "hst_raw": 0, "pal_raw": 0}, "geometry": {"type": "Point", "coordinates": [13361.0, 1575.0]}}, {"type": "Feature", "properties": {"sea_point_id": 7446, "name": "Pacific Ocean", "ed_raw": 0, "hst_raw": 0, "pal_raw": 0}, "geometry": {"type": "Point", "coordinates": [13236.0, 1606.0]}}, {"type": "Feature", "properties": {"sea_point_id": 7447, "name": "Pacific Ocean", "ed_raw": 0, "hst_raw": 0, "pal_raw": 0}, "geometry": {"type": "Point", "coordinates": [13088.0, 1716.0]}}, {"type": "Feature", "properties": {"sea_point_id": 7448, "name": "Pacific Ocean", "ed_raw": 0, "hst_raw": 0, "pal_raw": 0}, "geometry": {"type": "Point", "coordinates": [13018.0, 1825.0]}}, {"type": "Feature", "properties": {"sea_point_id": 7449, "name": "Pacific Ocean", "ed_raw": 0, "hst_raw": 0, "pal_raw": 0}, "geometry": {"type": "Point", "coordinates": [13057.0, 2090.0]}}, {"type": "Feature", "properties": {"sea_point_id": 7450, "name": "Pacific Ocean", "ed_raw": 0, "hst_raw": 0, "pal_raw": 0}, "geometry": {"type": "Point", "coordinates": [12987.0, 2324.0]}}, {"type": "Feature", "properties": {"sea_point_id": 7451, "name": "Pacific Ocean", "ed_raw": 0, "hst_raw": 0, "pal_raw": 0}, "geometry": {"type": "Point", "coordinates": [13361.0, 2511.0]}}, {"type": "Feature", "properties": {"sea_point_id": 7452, "name": "Pacific Ocean", "ed_raw": 0, "hst_raw": 0, "pal_raw": 0}, "geometry": {"type": "Point", "coordinates": [12979.0, 2527.0]}}, {"type": "Feature", "properties": {"sea_point_id": 7453, "name": "Pacific Ocean", "ed_raw": 0, "hst_raw": 0, "pal_raw": 0}, "geometry": {"type": "Point", "coordinates": [13486.0, 2542.0]}}, {"type": "Feature", "properties": {"sea_point_id": 7454, "name": "Pacific Ocean", "ed_raw": 0, "hst_raw": 0, "pal_raw": 0}, "geometry": {"type": "Point", "coordinates": [13104.0, 2558.0]}}, {"type": "Feature", "properties": {"sea_point_id": 7455, "name": "Pacific Ocean", "ed_raw": 0, "hst_raw": 0, "pal_raw": 0}, "geometry": {"type": "Point", "coordinates": [12877.0, 2605.0]}}, {"type": "Feature", "properties": {"sea_point_id": 7456, "name": "Pacific Ocean", "ed_raw": 0, "hst_raw": 0, "pal_raw": 0}, "geometry": {"type": "Point", "coordinates": [1318.0, 3822.0]}}, {"type": "Feature", "properties": {"sea_point_id": 7457, "name": "Pacific Ocean", "ed_raw": 0, "hst_raw": 0, "pal_raw": 0}, "geometry": {"type": "Point", "coordinates": [1162.0, 3853.0]}}, {"type": "Feature", "properties": {"sea_point_id": 7458, "name": "Pacific Ocean", "ed_raw": 0, "hst_raw": 0, "pal_raw": 0}, "geometry": {"type": "Point", "coordinates": [85.0, 3884.0]}}, {"type": "Feature", "properties": {"sea_point_id": 7459, "name": "Pacific Ocean", "ed_raw": 0, "hst_raw": 0, "pal_raw": 0}, "geometry": {"type": "Point", "coordinates": [1435.0, 3900.0]}}, {"type": "Feature", "properties": {"sea_point_id": 7460, "name": "Pacific Ocean", "ed_raw": 0, "hst_raw": 0, "pal_raw": 0}, "geometry": {"type": "Point", "coordinates": [335.0, 3915.0]}}, {"type": "Feature", "properties": {"sea_point_id": 7461, "name": "Pacific Ocean", "ed_raw": 0, "hst_raw": 0, "pal_raw": 0}, "geometry": {"type": "Point", "coordinates": [577.0, 3962.0]}}, {"type": "Feature", "properties": {"sea_point_id": 7462, "name": "Pacific Ocean", "ed_raw": 0, "hst_raw": 0, "pal_raw": 0}, "geometry": {"type": "Point", "coordinates": [780.0, 3962.0]}}, {"type": "Feature", "properties": {"sea_point_id": 7463, "name": "Pacific Ocean", "ed_raw": 0, "hst_raw": 0, "pal_raw": 0}, "geometry": {"type": "Point", "coordinates": [967.0, 3962.0]}}, {"type": "Feature", "properties": {"sea_point_id": 7464, "name": "Pacific Ocean", "ed_raw": 0, "hst_raw": 0, "pal_raw": 0}, "geometry": {"type": "Point", "coordinates": [1232.0, 3993.0]}}, {"type": "Feature", "properties": {"sea_point_id": 7465, "name": "Pacific Ocean", "ed_raw": 0, "hst_raw": 0, "pal_raw": 0}, "geometry": {"type": "Point", "coordinates": [982.0, 4118.0]}}, {"type": "Feature", "properties": {"sea_point_id": 7466, "name": "Pacific Ocean", "ed_raw": 0, "hst_raw": 0, "pal_raw": 0}, "geometry": {"type": "Point", "coordinates": [881.0, 4196.0]}}, {"type": "Feature", "properties": {"sea_point_id": 7467, "name": "Pacific Ocean", "ed_raw": 0, "hst_raw": 0, "pal_raw": 0}, "geometry": {"type": "Point", "coordinates": [811.0, 4430.0]}}, {"type": "Feature", "properties": {"sea_point_id": 7468, "name": "Indian Ocean", "ed_raw": 0, "hst_raw": 0, "pal_raw": 0}, "geometry": {"type": "Point", "coordinates": [9227.0, 4508.0]}}, {"type": "Feature", "properties": {"sea_point_id": 7469, "name": "Indian Ocean", "ed_raw": 0, "hst_raw": 0, "pal_raw": 0}, "geometry": {"type": "Point", "coordinates": [9172.0, 4648.0]}}, {"type": "Feature", "properties": {"sea_point_id": 7470, "name": "Indian Ocean", "ed_raw": 0, "hst_raw": 0, "pal_raw": 0}, "geometry": {"type": "Point", "coordinates": [9438.0, 4648.0]}}, {"type": "Feature", "properties": {"sea_point_id": 7471, "name": "Indian Ocean", "ed_raw": 0, "hst_raw": 0, "pal_raw": 0}, "geometry": {"type": "Point", "coordinates": [9539.0, 4726.0]}}, {"type": "Feature", "properties": {"sea_point_id": 7472, "name": "Pacific Ocean", "ed_raw": 0, "hst_raw": 0, "pal_raw": 0}, "geometry": {"type": "Point", "coordinates": [834.0, 4758.0]}}, {"type": "Feature", "properties": {"sea_point_id": 7473, "name": "Indian Ocean", "ed_raw": 0, "hst_raw": 0, "pal_raw": 0}, "geometry": {"type": "Point", "coordinates": [9126.0, 4773.0]}}, {"type": "Feature", "properties": {"sea_point_id": 7474, "name": "Indian Ocean", "ed_raw": 0, "hst_raw": 0, "pal_raw": 0}, "geometry": {"type": "Point", "coordinates": [9687.0, 4773.0]}}, {"type": "Feature", "properties": {"sea_point_id": 7475, "name": "Pacific Ocean", "ed_raw": 0, "hst_raw": 0, "pal_raw": 0}, "geometry": {"type": "Point", "coordinates": [2355.0, 4898.0]}}, {"type": "Feature", "properties": {"sea_point_id": 7476, "name": "Indian Ocean", "ed_raw": 0, "hst_raw": 0, "pal_raw": 0}, "geometry": {"type": "Point", "coordinates": [9079.0, 4898.0]}}, {"type": "Feature", "properties": {"sea_point_id": 7477, "name": "Indian Ocean", "ed_raw": 0, "hst_raw": 0, "pal_raw": 0}, "geometry": {"type": "Point", "coordinates": [9952.0, 4960.0]}}, {"type": "Feature", "properties": {"sea_point_id": 7478, "name": "Pacific Ocean", "ed_raw": 0, "hst_raw": 0, "pal_raw": 0}, "geometry": {"type": "Point", "coordinates": [2223.0, 5007.0]}}, {"type": "Feature", "properties": {"sea_point_id": 7479, "name": "Pacific Ocean", "ed_raw": 0, "hst_raw": 0, "pal_raw": 0}, "geometry": {"type": "Point", "coordinates": [803.0, 5038.0]}}, {"type": "Feature", "properties": {"sea_point_id": 7480, "name": "Indian Ocean", "ed_raw": 0, "hst_raw": 0, "pal_raw": 0}, "geometry": {"type": "Point", "coordinates": [10140.0, 5085.0]}}, {"type": "Feature", "properties": {"sea_point_id": 7481, "name": "Pacific Ocean", "ed_raw": 0, "hst_raw": 0, "pal_raw": 0}, "geometry": {"type": "Point", "coordinates": [2386.0, 5116.0]}}, {"type": "Feature", "properties": {"sea_point_id": 7482, "name": "Indian Ocean", "ed_raw": 0, "hst_raw": 0, "pal_raw": 0}, "geometry": {"type": "Point", "coordinates": [9126.0, 5148.0]}}, {"type": "Feature", "properties": {"sea_point_id": 7483, "name": "Pacific Ocean", "ed_raw": 0, "hst_raw": 0, "pal_raw": 0}, "geometry": {"type": "Point", "coordinates": [2035.0, 5226.0]}}, {"type": "Feature", "properties": {"sea_point_id": 7484, "name": "Indian Ocean", "ed_raw": 0, "hst_raw": 0, "pal_raw": 0}, "geometry": {"type": "Point", "coordinates": [10319.0, 5226.0]}}, {"type": "Feature", "properties": {"sea_point_id": 7485, "name": "Pacific Ocean", "ed_raw": 0, "hst_raw": 0, "pal_raw": 0}, "geometry": {"type": "Point", "coordinates": [967.0, 5241.0]}}, {"type": "Feature", "properties": {"sea_point_id": 7486, "name": "Pacific Ocean", "ed_raw": 0, "hst_raw": 0, "pal_raw": 0}, "geometry": {"type": "Point", "coordinates": [2402.0, 5335.0]}}, {"type": "Feature", "properties": {"sea_point_id": 7487, "name": "Pacific Ocean", "ed_raw": 0, "hst_raw": 0, "pal_raw": 0}, "geometry": {"type": "Point", "coordinates": [1271.0, 5350.0]}}, {"type": "Feature", "properties": {"sea_point_id": 7488, "name": "Pacific Ocean", "ed_raw": 0, "hst_raw": 0, "pal_raw": 0}, "geometry": {"type": "Point", "coordinates": [1801.0, 5350.0]}}, {"type": "Feature", "properties": {"sea_point_id": 7490, "name": "Pacific Ocean", "ed_raw": 0, "hst_raw": 0, "pal_raw": 0}, "geometry": {"type": "Point", "coordinates": [1606.0, 5428.0]}}, {"type": "Feature", "properties": {"sea_point_id": 7492, "name": "Pacific Ocean", "ed_raw": 0, "hst_raw": 0, "pal_raw": 0}, "geometry": {"type": "Point", "coordinates": [1474.0, 5444.0]}}, {"type": "Feature", "properties": {"sea_point_id": 7493, "name": "Pacific Ocean", "ed_raw": 0, "hst_raw": 0, "pal_raw": 0}, "geometry": {"type": "Point", "coordinates": [2488.0, 5444.0]}}, {"type": "Feature", "properties": {"sea_point_id": 7494, "name": "Indian Ocean", "ed_raw": 0, "hst_raw": 0, "pal_raw": 0}, "geometry": {"type": "Point", "coordinates": [9118.0, 5444.0]}}, {"type": "Feature", "properties": {"sea_point_id": 7495, "name": "Pacific Ocean", "ed_raw": 0, "hst_raw": 0, "pal_raw": 0}, "geometry": {"type": "Point", "coordinates": [2574.0, 5584.0]}}, {"type": "Feature", "properties": {"sea_point_id": 7497, "name": "Atlantic Ocean", "ed_raw": 0, "hst_raw": 0, "pal_raw": 0}, "geometry": {"type": "Point", "coordinates": [5319.0, 5616.0]}}, {"type": "Feature", "properties": {"sea_point_id": 7498, "name": "Atlantic Ocean", "ed_raw": 0, "hst_raw": 0, "pal_raw": 0}, "geometry": {"type": "Point", "coordinates": [5452.0, 5631.0]}}, {"type": "Feature", "properties": {"sea_point_id": 7501, "name": "Atlantic Ocean", "ed_raw": 0, "hst_raw": 0, "pal_raw": 0}, "geometry": {"type": "Point", "coordinates": [5545.0, 5725.0]}}, {"type": "Feature", "properties": {"sea_point_id": 7502, "name": "Atlantic Ocean", "ed_raw": 0, "hst_raw": 0, "pal_raw": 0}, "geometry": {"type": "Point", "coordinates": [5210.0, 5740.0]}}, {"type": "Feature", "properties": {"sea_point_id": 7503, "name": "Pacific Ocean", "ed_raw": 0, "hst_raw": 0, "pal_raw": 0}, "geometry": {"type": "Point", "coordinates": [2566.0, 5787.0]}}, {"type": "Feature", "properties": {"sea_point_id": 7509, "name": "Pacific Ocean", "ed_raw": 0, "hst_raw": 0, "pal_raw": 0}, "geometry": {"type": "Point", "coordinates": [2581.0, 6006.0]}}, {"type": "Feature", "properties": {"sea_point_id": 7516, "name": "Pacific Ocean", "ed_raw": 0, "hst_raw": 0, "pal_raw": 0}, "geometry": {"type": "Point", "coordinates": [2605.0, 6240.0]}}, {"type": "Feature", "properties": {"sea_point_id": 7536, "name": "Pacific Ocean", "ed_raw": 0, "hst_raw": 0, "pal_raw": 0}, "geometry": {"type": "Point", "coordinates": [13486.0, 1606.0]}}, {"type": "Feature", "properties": {"sea_point_id": 7537, "name": "Pacific Ocean", "ed_raw": 0, "hst_raw": 0, "pal_raw": 0}, "geometry": {"type": "Point", "coordinates": [13330.0, 1700.0]}}, {"type": "Feature", "properties": {"sea_point_id": 7538, "name": "Pacific Ocean", "ed_raw": 0, "hst_raw": 0, "pal_raw": 0}, "geometry": {"type": "Point", "coordinates": [13158.0, 1825.0]}}, {"type": "Feature", "properties": {"sea_point_id": 7539, "name": "Pacific Ocean", "ed_raw": 0, "hst_raw": 0, "pal_raw": 0}, "geometry": {"type": "Point", "coordinates": [13088.0, 1934.0]}}, {"type": "Feature", "properties": {"sea_point_id": 7540, "name": "Pacific Ocean", "ed_raw": 0, "hst_raw": 0, "pal_raw": 0}, "geometry": {"type": "Point", "coordinates": [13088.0, 2215.0]}}, {"type": "Feature", "properties": {"sea_point_id": 7541, "name": "Pacific Ocean", "ed_raw": 0, "hst_raw": 0, "pal_raw": 0}, "geometry": {"type": "Point", "coordinates": [13455.0, 2386.0]}}, {"type": "Feature", "properties": {"sea_point_id": 7542, "name": "Pacific Ocean", "ed_raw": 0, "hst_raw": 0, "pal_raw": 0}, "geometry": {"type": "Point", "coordinates": [13088.0, 2402.0]}}, {"type": "Feature", "properties": {"sea_point_id": 7543, "name": "Pacific Ocean", "ed_raw": 0, "hst_raw": 0, "pal_raw": 0}, "geometry": {"type": "Point", "coordinates": [13228.0, 2433.0]}}, {"type": "Feature", "properties": {"sea_point_id": 7544, "name": "Pacific Ocean", "ed_raw": 0, "hst_raw": 0, "pal_raw": 0}, "geometry": {"type": "Point", "coordinates": [187.0, 3962.0]}}, {"type": "Feature", "properties": {"sea_point_id": 7545, "name": "Pacific Ocean", "ed_raw": 0, "hst_raw": 0, "pal_raw": 0}, "geometry": {"type": "Point", "coordinates": [1099.0, 3978.0]}}, {"type": "Feature", "properties": {"sea_point_id": 7546, "name": "Pacific Ocean", "ed_raw": 0, "hst_raw": 0, "pal_raw": 0}, "geometry": {"type": "Point", "coordinates": [436.0, 3993.0]}}, {"type": "Feature", "properties": {"sea_point_id": 7547, "name": "Pacific Ocean", "ed_raw": 0, "hst_raw": 0, "pal_raw": 0}, "geometry": {"type": "Point", "coordinates": [678.0, 4040.0]}}, {"type": "Feature", "properties": {"sea_point_id": 7548, "name": "Pacific Ocean", "ed_raw": 0, "hst_raw": 0, "pal_raw": 0}, "geometry": {"type": "Point", "coordinates": [850.0, 4071.0]}}, {"type": "Feature", "properties": {"sea_point_id": 7549, "name": "Pacific Ocean", "ed_raw": 0, "hst_raw": 0, "pal_raw": 0}, "geometry": {"type": "Point", "coordinates": [780.0, 4274.0]}}, {"type": "Feature", "properties": {"sea_point_id": 7550, "name": "Pacific Ocean", "ed_raw": 0, "hst_raw": 0, "pal_raw": 0}, "geometry": {"type": "Point", "coordinates": [748.0, 4555.0]}}, {"type": "Feature", "properties": {"sea_point_id": 7551, "name": "Indian Ocean", "ed_raw": 0, "hst_raw": 0, "pal_raw": 0}, "geometry": {"type": "Point", "coordinates": [9297.0, 4617.0]}}, {"type": "Feature", "properties": {"sea_point_id": 7552, "name": "Indian Ocean", "ed_raw": 0, "hst_raw": 0, "pal_raw": 0}, "geometry": {"type": "Point", "coordinates": [9266.0, 4742.0]}}, {"type": "Feature", "properties": {"sea_point_id": 7553, "name": "Indian Ocean", "ed_raw": 0, "hst_raw": 0, "pal_raw": 0}, "geometry": {"type": "Point", "coordinates": [9391.0, 4773.0]}}, {"type": "Feature", "properties": {"sea_point_id": 7554, "name": "Pacific Ocean", "ed_raw": 0, "hst_raw": 0, "pal_raw": 0}, "geometry": {"type": "Point", "coordinates": [733.0, 4836.0]}}, {"type": "Feature", "properties": {"sea_point_id": 7555, "name": "Indian Ocean", "ed_raw": 0, "hst_raw": 0, "pal_raw": 0}, "geometry": {"type": "Point", "coordinates": [9570.0, 4851.0]}}, {"type": "Feature", "properties": {"sea_point_id": 7556, "name": "Indian Ocean", "ed_raw": 0, "hst_raw": 0, "pal_raw": 0}, "geometry": {"type": "Point", "coordinates": [9789.0, 4851.0]}}, {"type": "Feature", "properties": {"sea_point_id": 7557, "name": "Indian Ocean", "ed_raw": 0, "hst_raw": 0, "pal_raw": 0}, "geometry": {"type": "Point", "coordinates": [9219.0, 4867.0]}}, {"type": "Feature", "properties": {"sea_point_id": 7558, "name": "Indian Ocean", "ed_raw": 0, "hst_raw": 0, "pal_raw": 0}, "geometry": {"type": "Point", "coordinates": [9172.0, 4992.0]}}, {"type": "Feature", "properties": {"sea_point_id": 7559, "name": "Indian Ocean", "ed_raw": 0, "hst_raw": 0, "pal_raw": 0}, "geometry": {"type": "Point", "coordinates": [9984.0, 5085.0]}}, {"type": "Feature", "properties": {"sea_point_id": 7560, "name": "Pacific Ocean", "ed_raw": 0, "hst_raw": 0, "pal_raw": 0}, "geometry": {"type": "Point", "coordinates": [2254.0, 5132.0]}}, {"type": "Feature", "properties": {"sea_point_id": 7561, "name": "Pacific Ocean", "ed_raw": 0, "hst_raw": 0, "pal_raw": 0}, "geometry": {"type": "Point", "coordinates": [795.0, 5179.0]}}, {"type": "Feature", "properties": {"sea_point_id": 7562, "name": "Indian Ocean", "ed_raw": 0, "hst_raw": 0, "pal_raw": 0}, "geometry": {"type": "Point", "coordinates": [10171.0, 5210.0]}}, {"type": "Feature", "properties": {"sea_point_id": 7563, "name": "Pacific Ocean", "ed_raw": 0, "hst_raw": 0, "pal_raw": 0}, "geometry": {"type": "Point", "coordinates": [2168.0, 5241.0]}}, {"type": "Feature", "properties": {"sea_point_id": 7564, "name": "Indian Ocean", "ed_raw": 0, "hst_raw": 0, "pal_raw": 0}, "geometry": {"type": "Point", "coordinates": [9157.0, 5272.0]}}, {"type": "Feature", "properties": {"sea_point_id": 7565, "name": "Pacific Ocean", "ed_raw": 0, "hst_raw": 0, "pal_raw": 0}, "geometry": {"type": "Point", "coordinates": [1060.0, 5335.0]}}, {"type": "Feature", "properties": {"sea_point_id": 7566, "name": "Pacific Ocean", "ed_raw": 0, "hst_raw": 0, "pal_raw": 0}, "geometry": {"type": "Point", "coordinates": [1973.0, 5350.0]}}, {"type": "Feature", "properties": {"sea_point_id": 7568, "name": "Pacific Ocean", "ed_raw": 0, "hst_raw": 0, "pal_raw": 0}, "geometry": {"type": "Point", "coordinates": [2332.0, 5444.0]}}, {"type": "Feature", "properties": {"sea_point_id": 7570, "name": "Pacific Ocean", "ed_raw": 0, "hst_raw": 0, "pal_raw": 0}, "geometry": {"type": "Point", "coordinates": [1341.0, 5460.0]}}, {"type": "Feature", "properties": {"sea_point_id": 7571, "name": "Pacific Ocean", "ed_raw": 0, "hst_raw": 0, "pal_raw": 0}, "geometry": {"type": "Point", "coordinates": [1731.0, 5460.0]}}, {"type": "Feature", "properties": {"sea_point_id": 7572, "name": "Pacific Ocean", "ed_raw": 0, "hst_raw": 0, "pal_raw": 0}, "geometry": {"type": "Point", "coordinates": [1544.0, 5553.0]}}, {"type": "Feature", "properties": {"sea_point_id": 7573, "name": "Pacific Ocean", "ed_raw": 0, "hst_raw": 0, "pal_raw": 0}, "geometry": {"type": "Point", "coordinates": [2418.0, 5553.0]}}, {"type": "Feature", "properties": {"sea_point_id": 7576, "name": "Pacific Ocean", "ed_raw": 0, "hst_raw": 0, "pal_raw": 0}, "geometry": {"type": "Point", "coordinates": [2464.0, 5678.0]}}, {"type": "Feature", "properties": {"sea_point_id": 7578, "name": "Atlantic Ocean", "ed_raw": 0, "hst_raw": 0, "pal_raw": 0}, "geometry": {"type": "Point", "coordinates": [5350.0, 5740.0]}}, {"type": "Feature", "properties": {"sea_point_id": 7584, "name": "Pacific Ocean", "ed_raw": 0, "hst_raw": 0, "pal_raw": 0}, "geometry": {"type": "Point", "coordinates": [2480.0, 5896.0]}}, {"type": "Feature", "properties": {"sea_point_id": 7589, "name": "Pacific Ocean", "ed_raw": 0, "hst_raw": 0, "pal_raw": 0}, "geometry": {"type": "Point", "coordinates": [2511.0, 6115.0]}}, {"type": "Feature", "properties": {"sea_point_id": 7613, "name": "Pacific Ocean", "ed_raw": 0, "hst_raw": 0, "pal_raw": 0}, "geometry": {"type": "Point", "coordinates": [13455.0, 1731.0]}}, {"type": "Feature", "properties": {"sea_point_id": 7614, "name": "Pacific Ocean", "ed_raw": 0, "hst_raw": 0, "pal_raw": 0}, "geometry": {"type": "Point", "coordinates": [13299.0, 1825.0]}}, {"type": "Feature", "properties": {"sea_point_id": 7615, "name": "Pacific Ocean", "ed_raw": 0, "hst_raw": 0, "pal_raw": 0}, "geometry": {"type": "Point", "coordinates": [13228.0, 1934.0]}}, {"type": "Feature", "properties": {"sea_point_id": 7616, "name": "Pacific Ocean", "ed_raw": 0, "hst_raw": 0, "pal_raw": 0}, "geometry": {"type": "Point", "coordinates": [13182.0, 2059.0]}}, {"type": "Feature", "properties": {"sea_point_id": 7617, "name": "Pacific Ocean", "ed_raw": 0, "hst_raw": 0, "pal_raw": 0}, "geometry": {"type": "Point", "coordinates": [13213.0, 2277.0]}}, {"type": "Feature", "properties": {"sea_point_id": 7618, "name": "Pacific Ocean", "ed_raw": 0, "hst_raw": 0, "pal_raw": 0}, "geometry": {"type": "Point", "coordinates": [13330.0, 2355.0]}}, {"type": "Feature", "properties": {"sea_point_id": 7619, "name": "Pacific Ocean", "ed_raw": 0, "hst_raw": 0, "pal_raw": 0}, "geometry": {"type": "Point", "coordinates": [39.0, 4009.0]}}, {"type": "Feature", "properties": {"sea_point_id": 7620, "name": "Pacific Ocean", "ed_raw": 0, "hst_raw": 0, "pal_raw": 0}, "geometry": {"type": "Point", "coordinates": [288.0, 4040.0]}}, {"type": "Feature", "properties": {"sea_point_id": 7621, "name": "Pacific Ocean", "ed_raw": 0, "hst_raw": 0, "pal_raw": 0}, "geometry": {"type": "Point", "coordinates": [530.0, 4087.0]}}, {"type": "Feature", "properties": {"sea_point_id": 7622, "name": "Pacific Ocean", "ed_raw": 0, "hst_raw": 0, "pal_raw": 0}, "geometry": {"type": "Point", "coordinates": [748.0, 4149.0]}}, {"type": "Feature", "properties": {"sea_point_id": 7623, "name": "Pacific Ocean", "ed_raw": 0, "hst_raw": 0, "pal_raw": 0}, "geometry": {"type": "Point", "coordinates": [678.0, 4352.0]}}, {"type": "Feature", "properties": {"sea_point_id": 7624, "name": "Pacific Ocean", "ed_raw": 0, "hst_raw": 0, "pal_raw": 0}, "geometry": {"type": "Point", "coordinates": [702.0, 4680.0]}}, {"type": "Feature", "properties": {"sea_point_id": 7625, "name": "Indian Ocean", "ed_raw": 0, "hst_raw": 0, "pal_raw": 0}, "geometry": {"type": "Point", "coordinates": [9344.0, 4898.0]}}, {"type": "Feature", "properties": {"sea_point_id": 7626, "name": "Indian Ocean", "ed_raw": 0, "hst_raw": 0, "pal_raw": 0}, "geometry": {"type": "Point", "coordinates": [9672.0, 4929.0]}}, {"type": "Feature", "properties": {"sea_point_id": 7627, "name": "Pacific Ocean", "ed_raw": 0, "hst_raw": 0, "pal_raw": 0}, "geometry": {"type": "Point", "coordinates": [670.0, 4960.0]}}, {"type": "Feature", "properties": {"sea_point_id": 7628, "name": "Indian Ocean", "ed_raw": 0, "hst_raw": 0, "pal_raw": 0}, "geometry": {"type": "Point", "coordinates": [9820.0, 4976.0]}}, {"type": "Feature", "properties": {"sea_point_id": 7629, "name": "Indian Ocean", "ed_raw": 0, "hst_raw": 0, "pal_raw": 0}, "geometry": {"type": "Point", "coordinates": [9266.0, 5085.0]}}, {"type": "Feature", "properties": {"sea_point_id": 7630, "name": "Pacific Ocean", "ed_raw": 0, "hst_raw": 0, "pal_raw": 0}, "geometry": {"type": "Point", "coordinates": [663.0, 5101.0]}}, {"type": "Feature", "properties": {"sea_point_id": 7631, "name": "Indian Ocean", "ed_raw": 0, "hst_raw": 0, "pal_raw": 0}, "geometry": {"type": "Point", "coordinates": [10015.0, 5210.0]}}, {"type": "Feature", "properties": {"sea_point_id": 7632, "name": "Pacific Ocean", "ed_raw": 0, "hst_raw": 0, "pal_raw": 0}, "geometry": {"type": "Point", "coordinates": [2301.0, 5257.0]}}, {"type": "Feature", "properties": {"sea_point_id": 7633, "name": "Pacific Ocean", "ed_raw": 0, "hst_raw": 0, "pal_raw": 0}, "geometry": {"type": "Point", "coordinates": [826.0, 5304.0]}}, {"type": "Feature", "properties": {"sea_point_id": 7635, "name": "Pacific Ocean", "ed_raw": 0, "hst_raw": 0, "pal_raw": 0}, "geometry": {"type": "Point", "coordinates": [2106.0, 5366.0]}}, {"type": "Feature", "properties": {"sea_point_id": 7636, "name": "Indian Ocean", "ed_raw": 0, "hst_raw": 0, "pal_raw": 0}, "geometry": {"type": "Point", "coordinates": [9250.0, 5366.0]}}, {"type": "Feature", "properties": {"sea_point_id": 7637, "name": "Pacific Ocean", "ed_raw": 0, "hst_raw": 0, "pal_raw": 0}, "geometry": {"type": "Point", "coordinates": [928.0, 5382.0]}}, {"type": "Feature", "properties": {"sea_point_id": 7638, "name": "Pacific Ocean", "ed_raw": 0, "hst_raw": 0, "pal_raw": 0}, "geometry": {"type": "Point", "coordinates": [1154.0, 5428.0]}}, {"type": "Feature", "properties": {"sea_point_id": 7639, "name": "Pacific Ocean", "ed_raw": 0, "hst_raw": 0, "pal_raw": 0}, "geometry": {"type": "Point", "coordinates": [1872.0, 5460.0]}}, {"type": "Feature", "properties": {"sea_point_id": 7642, "name": "Pacific Ocean", "ed_raw": 0, "hst_raw": 0, "pal_raw": 0}, "geometry": {"type": "Point", "coordinates": [2262.0, 5553.0]}}, {"type": "Feature", "properties": {"sea_point_id": 7644, "name": "Pacific Ocean", "ed_raw": 0, "hst_raw": 0, "pal_raw": 0}, "geometry": {"type": "Point", "coordinates": [1411.0, 5569.0]}}, {"type": "Feature", "properties": {"sea_point_id": 7645, "name": "Pacific Ocean", "ed_raw": 0, "hst_raw": 0, "pal_raw": 0}, "geometry": {"type": "Point", "coordinates": [1669.0, 5584.0]}}, {"type": "Feature", "properties": {"sea_point_id": 7646, "name": "Pacific Ocean", "ed_raw": 0, "hst_raw": 0, "pal_raw": 0}, "geometry": {"type": "Point", "coordinates": [2332.0, 5662.0]}}, {"type": "Feature", "properties": {"sea_point_id": 7649, "name": "Pacific Ocean", "ed_raw": 0, "hst_raw": 0, "pal_raw": 0}, "geometry": {"type": "Point", "coordinates": [2379.0, 5787.0]}}, {"type": "Feature", "properties": {"sea_point_id": 7657, "name": "Pacific Ocean", "ed_raw": 0, "hst_raw": 0, "pal_raw": 0}, "geometry": {"type": "Point", "coordinates": [2410.0, 6006.0]}}, {"type": "Feature", "properties": {"sea_point_id": 7681, "name": "Pacific Ocean", "ed_raw": 0, "hst_raw": 0, "pal_raw": 0}, "geometry": {"type": "Point", "coordinates": [13423.0, 1856.0]}}, {"type": "Feature", "properties": {"sea_point_id": 7682, "name": "Pacific Ocean", "ed_raw": 0, "hst_raw": 0, "pal_raw": 0}, "geometry": {"type": "Point", "coordinates": [13353.0, 1965.0]}}, {"type": "Feature", "properties": {"sea_point_id": 7683, "name": "Pacific Ocean", "ed_raw": 0, "hst_raw": 0, "pal_raw": 0}, "geometry": {"type": "Point", "coordinates": [13283.0, 2137.0]}}, {"type": "Feature", "properties": {"sea_point_id": 7684, "name": "Pacific Ocean", "ed_raw": 0, "hst_raw": 0, "pal_raw": 0}, "geometry": {"type": "Point", "coordinates": [13423.0, 2230.0]}}, {"type": "Feature", "properties": {"sea_point_id": 7685, "name": "Pacific Ocean", "ed_raw": 0, "hst_raw": 0, "pal_raw": 0}, "geometry": {"type": "Point", "coordinates": [140.0, 4087.0]}}, {"type": "Feature", "properties": {"sea_point_id": 7686, "name": "Pacific Ocean", "ed_raw": 0, "hst_raw": 0, "pal_raw": 0}, "geometry": {"type": "Point", "coordinates": [390.0, 4118.0]}}, {"type": "Feature", "properties": {"sea_point_id": 7687, "name": "Pacific Ocean", "ed_raw": 0, "hst_raw": 0, "pal_raw": 0}, "geometry": {"type": "Point", "coordinates": [624.0, 4180.0]}}, {"type": "Feature", "properties": {"sea_point_id": 7688, "name": "Pacific Ocean", "ed_raw": 0, "hst_raw": 0, "pal_raw": 0}, "geometry": {"type": "Point", "coordinates": [616.0, 4477.0]}}, {"type": "Feature", "properties": {"sea_point_id": 7689, "name": "Pacific Ocean", "ed_raw": 0, "hst_raw": 0, "pal_raw": 0}, "geometry": {"type": "Point", "coordinates": [600.0, 4758.0]}}, {"type": "Feature", "properties": {"sea_point_id": 7690, "name": "Indian Ocean", "ed_raw": 0, "hst_raw": 0, "pal_raw": 0}, "geometry": {"type": "Point", "coordinates": [9469.0, 4929.0]}}, {"type": "Feature", "properties": {"sea_point_id": 7691, "name": "Pacific Ocean", "ed_raw": 0, "hst_raw": 0, "pal_raw": 0}, "geometry": {"type": "Point", "coordinates": [538.0, 5007.0]}}, {"type": "Feature", "properties": {"sea_point_id": 7692, "name": "Indian Ocean", "ed_raw": 0, "hst_raw": 0, "pal_raw": 0}, "geometry": {"type": "Point", "coordinates": [9570.0, 5007.0]}}, {"type": "Feature", "properties": {"sea_point_id": 7693, "name": "Indian Ocean", "ed_raw": 0, "hst_raw": 0, "pal_raw": 0}, "geometry": {"type": "Point", "coordinates": [9399.0, 5038.0]}}, {"type": "Feature", "properties": {"sea_point_id": 7694, "name": "Indian Ocean", "ed_raw": 0, "hst_raw": 0, "pal_raw": 0}, "geometry": {"type": "Point", "coordinates": [9703.0, 5054.0]}}, {"type": "Feature", "properties": {"sea_point_id": 7695, "name": "Indian Ocean", "ed_raw": 0, "hst_raw": 0, "pal_raw": 0}, "geometry": {"type": "Point", "coordinates": [9851.0, 5101.0]}}, {"type": "Feature", "properties": {"sea_point_id": 7696, "name": "Indian Ocean", "ed_raw": 0, "hst_raw": 0, "pal_raw": 0}, "geometry": {"type": "Point", "coordinates": [9297.0, 5210.0]}}, {"type": "Feature", "properties": {"sea_point_id": 7697, "name": "Pacific Ocean", "ed_raw": 0, "hst_raw": 0, "pal_raw": 0}, "geometry": {"type": "Point", "coordinates": [655.0, 5241.0]}}, {"type": "Feature", "properties": {"sea_point_id": 7699, "name": "Pacific Ocean", "ed_raw": 0, "hst_raw": 0, "pal_raw": 0}, "geometry": {"type": "Point", "coordinates": [780.0, 5428.0]}}, {"type": "Feature", "properties": {"sea_point_id": 7700, "name": "Pacific Ocean", "ed_raw": 0, "hst_raw": 0, "pal_raw": 0}, "geometry": {"type": "Point", "coordinates": [1029.0, 5460.0]}}, {"type": "Feature", "properties": {"sea_point_id": 7703, "name": "Pacific Ocean", "ed_raw": 0, "hst_raw": 0, "pal_raw": 0}, "geometry": {"type": "Point", "coordinates": [2004.0, 5475.0]}}, {"type": "Feature", "properties": {"sea_point_id": 7704, "name": "Pacific Ocean", "ed_raw": 0, "hst_raw": 0, "pal_raw": 0}, "geometry": {"type": "Point", "coordinates": [2137.0, 5491.0]}}, {"type": "Feature", "properties": {"sea_point_id": 7705, "name": "Pacific Ocean", "ed_raw": 0, "hst_raw": 0, "pal_raw": 0}, "geometry": {"type": "Point", "coordinates": [1224.0, 5538.0]}}, {"type": "Feature", "properties": {"sea_point_id": 7706, "name": "Pacific Ocean", "ed_raw": 0, "hst_raw": 0, "pal_raw": 0}, "geometry": {"type": "Point", "coordinates": [1801.0, 5569.0]}}, {"type": "Feature", "properties": {"sea_point_id": 7708, "name": "Pacific Ocean", "ed_raw": 0, "hst_raw": 0, "pal_raw": 0}, "geometry": {"type": "Point", "coordinates": [2176.0, 5662.0]}}, {"type": "Feature", "properties": {"sea_point_id": 7710, "name": "Pacific Ocean", "ed_raw": 0, "hst_raw": 0, "pal_raw": 0}, "geometry": {"type": "Point", "coordinates": [1482.0, 5678.0]}}, {"type": "Feature", "properties": {"sea_point_id": 7712, "name": "Pacific Ocean", "ed_raw": 0, "hst_raw": 0, "pal_raw": 0}, "geometry": {"type": "Point", "coordinates": [2246.0, 5772.0]}}, {"type": "Feature", "properties": {"sea_point_id": 7715, "name": "Pacific Ocean", "ed_raw": 0, "hst_raw": 0, "pal_raw": 0}, "geometry": {"type": "Point", "coordinates": [2308.0, 5896.0]}}, {"type": "Feature", "properties": {"sea_point_id": 7741, "name": "Pacific Ocean", "ed_raw": 0, "hst_raw": 0, "pal_raw": 0}, "geometry": {"type": "Point", "coordinates": [13526.0, 1833.0]}}, {"type": "Feature", "properties": {"sea_point_id": 7742, "name": "Pacific Ocean", "ed_raw": 0, "hst_raw": 0, "pal_raw": 0}, "geometry": {"type": "Point", "coordinates": [13494.0, 1965.0]}}, {"type": "Feature", "properties": {"sea_point_id": 7743, "name": "Pacific Ocean", "ed_raw": 0, "hst_raw": 0, "pal_raw": 0}, "geometry": {"type": "Point", "coordinates": [13423.0, 2074.0]}}, {"type": "Feature", "properties": {"sea_point_id": 7744, "name": "Pacific Ocean", "ed_raw": 0, "hst_raw": 0, "pal_raw": 0}, "geometry": {"type": "Point", "coordinates": [13548.0, 2262.0]}}, {"type": "Feature", "properties": {"sea_point_id": 7745, "name": "Pacific Ocean", "ed_raw": 0, "hst_raw": 0, "pal_raw": 0}, "geometry": {"type": "Point", "coordinates": [7.0, 4134.0]}}, {"type": "Feature", "properties": {"sea_point_id": 7746, "name": "Pacific Ocean", "ed_raw": 0, "hst_raw": 0, "pal_raw": 0}, "geometry": {"type": "Point", "coordinates": [241.0, 4165.0]}}, {"type": "Feature", "properties": {"sea_point_id": 7747, "name": "Pacific Ocean", "ed_raw": 0, "hst_raw": 0, "pal_raw": 0}, "geometry": {"type": "Point", "coordinates": [483.0, 4212.0]}}, {"type": "Feature", "properties": {"sea_point_id": 7748, "name": "Pacific Ocean", "ed_raw": 0, "hst_raw": 0, "pal_raw": 0}, "geometry": {"type": "Point", "coordinates": [553.0, 4321.0]}}, {"type": "Feature", "properties": {"sea_point_id": 7749, "name": "Pacific Ocean", "ed_raw": 0, "hst_raw": 0, "pal_raw": 0}, "geometry": {"type": "Point", "coordinates": [569.0, 4602.0]}}, {"type": "Feature", "properties": {"sea_point_id": 7750, "name": "Pacific Ocean", "ed_raw": 0, "hst_raw": 0, "pal_raw": 0}, "geometry": {"type": "Point", "coordinates": [507.0, 4851.0]}}, {"type": "Feature", "properties": {"sea_point_id": 7751, "name": "Indian Ocean", "ed_raw": 0, "hst_raw": 0, "pal_raw": 0}, "geometry": {"type": "Point", "coordinates": [9508.0, 5109.0]}}, {"type": "Feature", "properties": {"sea_point_id": 7752, "name": "Pacific Ocean", "ed_raw": 0, "hst_raw": 0, "pal_raw": 0}, "geometry": {"type": "Point", "coordinates": [507.0, 5132.0]}}, {"type": "Feature", "properties": {"sea_point_id": 7753, "name": "Indian Ocean", "ed_raw": 0, "hst_raw": 0, "pal_raw": 0}, "geometry": {"type": "Point", "coordinates": [9734.0, 5179.0]}}, {"type": "Feature", "properties": {"sea_point_id": 7754, "name": "Indian Ocean", "ed_raw": 0, "hst_raw": 0, "pal_raw": 0}, "geometry": {"type": "Point", "coordinates": [9882.0, 5226.0]}}, {"type": "Feature", "properties": {"sea_point_id": 7755, "name": "Indian Ocean", "ed_raw": 0, "hst_raw": 0, "pal_raw": 0}, "geometry": {"type": "Point", "coordinates": [9391.0, 5304.0]}}, {"type": "Feature", "properties": {"sea_point_id": 7756, "name": "Pacific Ocean", "ed_raw": 0, "hst_raw": 0, "pal_raw": 0}, "geometry": {"type": "Point", "coordinates": [631.0, 5382.0]}}, {"type": "Feature", "properties": {"sea_point_id": 7758, "name": "Pacific Ocean", "ed_raw": 0, "hst_raw": 0, "pal_raw": 0}, "geometry": {"type": "Point", "coordinates": [881.0, 5506.0]}}, {"type": "Feature", "properties": {"sea_point_id": 7759, "name": "Pacific Ocean", "ed_raw": 0, "hst_raw": 0, "pal_raw": 0}, "geometry": {"type": "Point", "coordinates": [1099.0, 5569.0]}}, {"type": "Feature", "properties": {"sea_point_id": 7760, "name": "Pacific Ocean", "ed_raw": 0, "hst_raw": 0, "pal_raw": 0}, "geometry": {"type": "Point", "coordinates": [1934.0, 5584.0]}}, {"type": "Feature", "properties": {"sea_point_id": 7763, "name": "Pacific Ocean", "ed_raw": 0, "hst_raw": 0, "pal_raw": 0}, "geometry": {"type": "Point", "coordinates": [1294.0, 5647.0]}}, {"type": "Feature", "properties": {"sea_point_id": 7764, "name": "Pacific Ocean", "ed_raw": 0, "hst_raw": 0, "pal_raw": 0}, "geometry": {"type": "Point", "coordinates": [1739.0, 5694.0]}}, {"type": "Feature", "properties": {"sea_point_id": 7765, "name": "Pacific Ocean", "ed_raw": 0, "hst_raw": 0, "pal_raw": 0}, "geometry": {"type": "Point", "coordinates": [1606.0, 5709.0]}}, {"type": "Feature", "properties": {"sea_point_id": 7792, "name": "Pacific Ocean", "ed_raw": 0, "hst_raw": 0, "pal_raw": 0}, "geometry": {"type": "Point", "coordinates": [13527.0, 2148.0]}}, {"type": "Feature", "properties": {"sea_point_id": 7793, "name": "Pacific Ocean", "ed_raw": 0, "hst_raw": 0, "pal_raw": 0}, "geometry": {"type": "Point", "coordinates": [109.0, 4212.0]}}, {"type": "Feature", "properties": {"sea_point_id": 7794, "name": "Pacific Ocean", "ed_raw": 0, "hst_raw": 0, "pal_raw": 0}, "geometry": {"type": "Point", "coordinates": [343.0, 4243.0]}}, {"type": "Feature", "properties": {"sea_point_id": 7795, "name": "Pacific Ocean", "ed_raw": 0, "hst_raw": 0, "pal_raw": 0}, "geometry": {"type": "Point", "coordinates": [413.0, 4352.0]}}, {"type": "Feature", "properties": {"sea_point_id": 7796, "name": "Pacific Ocean", "ed_raw": 0, "hst_raw": 0, "pal_raw": 0}, "geometry": {"type": "Point", "coordinates": [483.0, 4461.0]}}, {"type": "Feature", "properties": {"sea_point_id": 7797, "name": "Pacific Ocean", "ed_raw": 0, "hst_raw": 0, "pal_raw": 0}, "geometry": {"type": "Point", "coordinates": [468.0, 4680.0]}}, {"type": "Feature", "properties": {"sea_point_id": 7798, "name": "Pacific Ocean", "ed_raw": 0, "hst_raw": 0, "pal_raw": 0}, "geometry": {"type": "Point", "coordinates": [405.0, 4929.0]}}, {"type": "Feature", "properties": {"sea_point_id": 7799, "name": "Indian Ocean", "ed_raw": 0, "hst_raw": 0, "pal_raw": 0}, "geometry": {"type": "Point", "coordinates": [9601.0, 5194.0]}}, {"type": "Feature", "properties": {"sea_point_id": 7800, "name": "Pacific Ocean", "ed_raw": 0, "hst_raw": 0, "pal_raw": 0}, "geometry": {"type": "Point", "coordinates": [499.0, 5272.0]}}, {"type": "Feature", "properties": {"sea_point_id": 7804, "name": "Pacific Ocean", "ed_raw": 0, "hst_raw": 0, "pal_raw": 0}, "geometry": {"type": "Point", "coordinates": [663.0, 5506.0]}}, {"type": "Feature", "properties": {"sea_point_id": 7807, "name": "Pacific Ocean", "ed_raw": 0, "hst_raw": 0, "pal_raw": 0}, "geometry": {"type": "Point", "coordinates": [764.0, 5584.0]}}, {"type": "Feature", "properties": {"sea_point_id": 7808, "name": "Pacific Ocean", "ed_raw": 0, "hst_raw": 0, "pal_raw": 0}, "geometry": {"type": "Point", "coordinates": [975.0, 5600.0]}}, {"type": "Feature", "properties": {"sea_point_id": 7809, "name": "Pacific Ocean", "ed_raw": 0, "hst_raw": 0, "pal_raw": 0}, "geometry": {"type": "Point", "coordinates": [1170.0, 5678.0]}}, {"type": "Feature", "properties": {"sea_point_id": 7810, "name": "Pacific Ocean", "ed_raw": 0, "hst_raw": 0, "pal_raw": 0}, "geometry": {"type": "Point", "coordinates": [1872.0, 5709.0]}}, {"type": "Feature", "properties": {"sea_point_id": 7839, "name": "Pacific Ocean", "ed_raw": 0, "hst_raw": 0, "pal_raw": 0}, "geometry": {"type": "Point", "coordinates": [7.0, 4290.0]}}, {"type": "Feature", "properties": {"sea_point_id": 7840, "name": "Pacific Ocean", "ed_raw": 0, "hst_raw": 0, "pal_raw": 0}, "geometry": {"type": "Point", "coordinates": [210.0, 4290.0]}}, {"type": "Feature", "properties": {"sea_point_id": 7841, "name": "Pacific Ocean", "ed_raw": 0, "hst_raw": 0, "pal_raw": 0}, "geometry": {"type": "Point", "coordinates": [327.0, 4461.0]}}, {"type": "Feature", "properties": {"sea_point_id": 7842, "name": "Pacific Ocean", "ed_raw": 0, "hst_raw": 0, "pal_raw": 0}, "geometry": {"type": "Point", "coordinates": [397.0, 4570.0]}}, {"type": "Feature", "properties": {"sea_point_id": 7843, "name": "Pacific Ocean", "ed_raw": 0, "hst_raw": 0, "pal_raw": 0}, "geometry": {"type": "Point", "coordinates": [374.0, 4773.0]}}, {"type": "Feature", "properties": {"sea_point_id": 7844, "name": "Pacific Ocean", "ed_raw": 0, "hst_raw": 0, "pal_raw": 0}, "geometry": {"type": "Point", "coordinates": [374.0, 5054.0]}}, {"type": "Feature", "properties": {"sea_point_id": 7845, "name": "Pacific Ocean", "ed_raw": 0, "hst_raw": 0, "pal_raw": 0}, "geometry": {"type": "Point", "coordinates": [366.0, 5194.0]}}, {"type": "Feature", "properties": {"sea_point_id": 7847, "name": "Pacific Ocean", "ed_raw": 0, "hst_raw": 0, "pal_raw": 0}, "geometry": {"type": "Point", "coordinates": [475.0, 5413.0]}}, {"type": "Feature", "properties": {"sea_point_id": 7851, "name": "Pacific Ocean", "ed_raw": 0, "hst_raw": 0, "pal_raw": 0}, "geometry": {"type": "Point", "coordinates": [616.0, 5631.0]}}, {"type": "Feature", "properties": {"sea_point_id": 7852, "name": "Pacific Ocean", "ed_raw": 0, "hst_raw": 0, "pal_raw": 0}, "geometry": {"type": "Point", "coordinates": [858.0, 5678.0]}}, {"type": "Feature", "properties": {"sea_point_id": 7855, "name": "Pacific Ocean", "ed_raw": 0, "hst_raw": 0, "pal_raw": 0}, "geometry": {"type": "Point", "coordinates": [1045.0, 5709.0]}}, {"type": "Feature", "properties": {"sea_point_id": 7883, "name": "Pacific Ocean", "ed_raw": 0, "hst_raw": 0, "pal_raw": 0}, "geometry": {"type": "Point", "coordinates": [109.0, 4368.0]}}, {"type": "Feature", "properties": {"sea_point_id": 7884, "name": "Pacific Ocean", "ed_raw": 0, "hst_raw": 0, "pal_raw": 0}, "geometry": {"type": "Point", "coordinates": [241.0, 4570.0]}}, {"type": "Feature", "properties": {"sea_point_id": 7885, "name": "Pacific Ocean", "ed_raw": 0, "hst_raw": 0, "pal_raw": 0}, "geometry": {"type": "Point", "coordinates": [273.0, 4851.0]}}, {"type": "Feature", "properties": {"sea_point_id": 7886, "name": "Pacific Ocean", "ed_raw": 0, "hst_raw": 0, "pal_raw": 0}, "geometry": {"type": "Point", "coordinates": [241.0, 5101.0]}}, {"type": "Feature", "properties": {"sea_point_id": 7887, "name": "Pacific Ocean", "ed_raw": 0, "hst_raw": 0, "pal_raw": 0}, "geometry": {"type": "Point", "coordinates": [343.0, 5335.0]}}, {"type": "Feature", "properties": {"sea_point_id": 7888, "name": "Pacific Ocean", "ed_raw": 0, "hst_raw": 0, "pal_raw": 0}, "geometry": {"type": "Point", "coordinates": [507.0, 5538.0]}}, {"type": "Feature", "properties": {"sea_point_id": 7892, "name": "Pacific Ocean", "ed_raw": 0, "hst_raw": 0, "pal_raw": 0}, "geometry": {"type": "Point", "coordinates": [717.0, 5709.0]}}, {"type": "Feature", "properties": {"sea_point_id": 7918, "name": "Pacific Ocean", "ed_raw": 0, "hst_raw": 0, "pal_raw": 0}, "geometry": {"type": "Point", "coordinates": [7.0, 4446.0]}}, {"type": "Feature", "properties": {"sea_point_id": 7919, "name": "Pacific Ocean", "ed_raw": 0, "hst_raw": 0, "pal_raw": 0}, "geometry": {"type": "Point", "coordinates": [140.0, 4492.0]}}, {"type": "Feature", "properties": {"sea_point_id": 7920, "name": "Pacific Ocean", "ed_raw": 0, "hst_raw": 0, "pal_raw": 0}, "geometry": {"type": "Point", "coordinates": [273.0, 4695.0]}}, {"type": "Feature", "properties": {"sea_point_id": 7921, "name": "Pacific Ocean", "ed_raw": 0, "hst_raw": 0, "pal_raw": 0}, "geometry": {"type": "Point", "coordinates": [171.0, 4960.0]}}, {"type": "Feature", "properties": {"sea_point_id": 7922, "name": "Pacific Ocean", "ed_raw": 0, "hst_raw": 0, "pal_raw": 0}, "geometry": {"type": "Point", "coordinates": [210.0, 5226.0]}}, {"type": "Feature", "properties": {"sea_point_id": 7923, "name": "Pacific Ocean", "ed_raw": 0, "hst_raw": 0, "pal_raw": 0}, "geometry": {"type": "Point", "coordinates": [335.0, 5475.0]}}, {"type": "Feature", "properties": {"sea_point_id": 7924, "name": "Pacific Ocean", "ed_raw": 0, "hst_raw": 0, "pal_raw": 0}, "geometry": {"type": "Point", "coordinates": [460.0, 5662.0]}}, {"type": "Feature", "properties": {"sea_point_id": 7926, "name": "Pacific Ocean", "ed_raw": 0, "hst_raw": 0, "pal_raw": 0}, "geometry": {"type": "Point", "coordinates": [569.0, 5756.0]}}, {"type": "Feature", "properties": {"sea_point_id": 7951, "name": "Pacific Ocean", "ed_raw": 0, "hst_raw": 0, "pal_raw": 0}, "geometry": {"type": "Point", "coordinates": [39.0, 4570.0]}}, {"type": "Feature", "properties": {"sea_point_id": 7952, "name": "Pacific Ocean", "ed_raw": 0, "hst_raw": 0, "pal_raw": 0}, "geometry": {"type": "Point", "coordinates": [140.0, 4648.0]}}, {"type": "Feature", "properties": {"sea_point_id": 7953, "name": "Pacific Ocean", "ed_raw": 0, "hst_raw": 0, "pal_raw": 0}, "geometry": {"type": "Point", "coordinates": [171.0, 4773.0]}}, {"type": "Feature", "properties": {"sea_point_id": 7954, "name": "Pacific Ocean", "ed_raw": 0, "hst_raw": 0, "pal_raw": 0}, "geometry": {"type": "Point", "coordinates": [85.0, 5070.0]}}, {"type": "Feature", "properties": {"sea_point_id": 7955, "name": "Pacific Ocean", "ed_raw": 0, "hst_raw": 0, "pal_raw": 0}, "geometry": {"type": "Point", "coordinates": [187.0, 5366.0]}}, {"type": "Feature", "properties": {"sea_point_id": 7956, "name": "Pacific Ocean", "ed_raw": 0, "hst_raw": 0, "pal_raw": 0}, "geometry": {"type": "Point", "coordinates": [312.0, 5616.0]}}, {"type": "Feature", "properties": {"sea_point_id": 7957, "name": "Pacific Ocean", "ed_raw": 0, "hst_raw": 0, "pal_raw": 0}, "geometry": {"type": "Point", "coordinates": [413.0, 5787.0]}}, {"type": "Feature", "properties": {"sea_point_id": 7980, "name": "Pacific Ocean", "ed_raw": 0, "hst_raw": 0, "pal_raw": 0}, "geometry": {"type": "Point", "coordinates": [7.0, 4695.0]}}, {"type": "Feature", "properties": {"sea_point_id": 7981, "name": "Pacific Ocean", "ed_raw": 0, "hst_raw": 0, "pal_raw": 0}, "geometry": {"type": "Point", "coordinates": [70.0, 4851.0]}}, {"type": "Feature", "properties": {"sea_point_id": 7982, "name": "Pacific Ocean", "ed_raw": 0, "hst_raw": 0, "pal_raw": 0}, "geometry": {"type": "Point", "coordinates": [54.0, 5194.0]}}, {"type": "Feature", "properties": {"sea_point_id": 7983, "name": "Pacific Ocean", "ed_raw": 0, "hst_raw": 0, "pal_raw": 0}, "geometry": {"type": "Point", "coordinates": [179.0, 5506.0]}}, {"type": "Feature", "properties": {"sea_point_id": 7984, "name": "Pacific Ocean", "ed_raw": 0, "hst_raw": 0, "pal_raw": 0}, "geometry": {"type": "Point", "coordinates": [265.0, 5740.0]}}, {"type": "Feature", "properties": {"sea_point_id": 8005, "name": "Pacific Ocean", "ed_raw": 0, "hst_raw": 0, "pal_raw": 0}, "geometry": {"type": "Point", "coordinates": [13.0, 4960.0]}}, {"type": "Feature", "properties": {"sea_point_id": 8006, "name": "Pacific Ocean", "ed_raw": 0, "hst_raw": 0, "pal_raw": 0}, "geometry": {"type": "Point", "coordinates": [31.0, 5335.0]}}, {"type": "Feature", "properties": {"sea_point_id": 8007, "name": "Pacific Ocean", "ed_raw": 0, "hst_raw": 0, "pal_raw": 0}, "geometry": {"type": "Point", "coordinates": [140.0, 5647.0]}}, {"type": "Feature", "properties": {"sea_point_id": 8026, "name": "Pacific Ocean", "ed_raw": 0, "hst_raw": 0, "pal_raw": 0}, "geometry": {"type": "Point", "coordinates": [23.0, 5475.0]}}, {"type": "Feature", "properties": {"sea_point_id": 8027, "name": "Pacific Ocean", "ed_raw": 0, "hst_raw": 0, "pal_raw": 0}, "geometry": {"type": "Point", "coordinates": [109.0, 5772.0]}}, {"type": "Feature", "properties": {"sea_point_id": 8044, "name": "Pacific Ocean", "ed_raw": 0, "hst_raw": 0, "pal_raw": 0}, "geometry": {"type": "Point", "coordinates": [11.0, 5616.0]}}, {"type": "Feature", "properties": {"sea_point_id": 8106, "name": "Gulf of Mexico", "ed_raw": 0, "hst_raw": 0, "pal_raw": 0}, "geometry": {"type": "Point", "coordinates": [2589.0, 3151.0]}}, {"type": "Feature", "properties": {"sea_point_id": 8107, "name": "Gulf of Mexico", "ed_raw": 0, "hst_raw": 0, "pal_raw": 0}, "geometry": {"type": "Point", "coordinates": [2664.0, 3222.0]}}, {"type": "Feature", "properties": {"sea_point_id": 8108, "name": "Caribbean Sea", "ed_raw": 0, "hst_raw": 0, "pal_raw": 0}, "geometry": {"type": "Point", "coordinates": [3160.0, 3552.0]}}, {"type": "Feature", "properties": {"sea_point_id": 8109, "name": "Caribbean Sea", "ed_raw": 0, "hst_raw": 0, "pal_raw": 0}, "geometry": {"type": "Point", "coordinates": [3110.0, 3649.0]}}, {"type": "Feature", "properties": {"sea_point_id": 8110, "name": "Caribbean Sea", "ed_raw": 0, "hst_raw": 0, "pal_raw": 0}, "geometry": {"type": "Point", "coordinates": [3061.0, 3732.0]}}, {"type": "Feature", "properties": {"sea_point_id": 8117, "name": "Caribbean Sea", "ed_raw": 0, "hst_raw": 0, "pal_raw": 0}, "geometry": {"type": "Point", "coordinates": [3443.0, 3236.0]}}, {"type": "Feature", "properties": {"sea_point_id": 8118, "name": "Gulf of Mexico", "ed_raw": 0, "hst_raw": 0, "pal_raw": 0}, "geometry": {"type": "Point", "coordinates": [3032.0, 3026.0]}}, {"type": "Feature", "properties": {"sea_point_id": 8119, "name": "Caribbean Sea", "ed_raw": 0, "hst_raw": 0, "pal_raw": 0}, "geometry": {"type": "Point", "coordinates": [2986.0, 3403.0]}}, {"type": "Feature", "properties": {"sea_point_id": 8120, "name": "Atlantic Ocean", "ed_raw": 0, "hst_raw": 0, "pal_raw": 0}, "geometry": {"type": "Point", "coordinates": [5141.0, 2983.0]}}, {"type": "Feature", "properties": {"sea_point_id": 8121, "name": "Atlantic Ocean", "ed_raw": 0, "hst_raw": 0, "pal_raw": 0}, "geometry": {"type": "Point", "coordinates": [4882.0, 3731.0]}}, {"type": "Feature", "properties": {"sea_point_id": 8122, "name": "Atlantic Ocean", "ed_raw": 0, "hst_raw": 0, "pal_raw": 0}, "geometry": {"type": "Point", "coordinates": [4794.0, 3543.0]}}, {"type": "Feature", "properties": {"sea_point_id": 8123, "name": "Atlantic Ocean", "ed_raw": 0, "hst_raw": 0, "pal_raw": 0}, "geometry": {"type": "Point", "coordinates": [4759.0, 3337.0]}}, {"type": "Feature", "properties": {"sea_point_id": 8124, "name": "Atlantic Ocean", "ed_raw": 0, "hst_raw": 0, "pal_raw": 0}, "geometry": {"type": "Point", "coordinates": [4526.0, 2815.0]}}, {"type": "Feature", "properties": {"sea_point_id": 8125, "name": "Atlantic Ocean", "ed_raw": 0, "hst_raw": 0, "pal_raw": 0}, "geometry": {"type": "Point", "coordinates": [4422.0, 2649.0]}}, {"type": "Feature", "properties": {"sea_point_id": 8126, "name": "Atlantic Ocean", "ed_raw": 0, "hst_raw": 0, "pal_raw": 0}, "geometry": {"type": "Point", "coordinates": [5116.0, 2381.0]}}, {"type": "Feature", "properties": {"sea_point_id": 8127, "name": "Atlantic Ocean", "ed_raw": 0, "hst_raw": 0, "pal_raw": 0}, "geometry": {"type": "Point", "coordinates": [5532.0, 5137.0]}}, {"type": "Feature", "properties": {"sea_point_id": 8128, "name": "Atlantic Ocean", "ed_raw": 0, "hst_raw": 0, "pal_raw": 0}, "geometry": {"type": "Point", "coordinates": [6292.0, 5054.0]}}, {"type": "Feature", "properties": {"sea_point_id": 8130, "name": "Atlantic Ocean", "ed_raw": 0, "hst_raw": 0, "pal_raw": 0}, "geometry": {"type": "Point", "coordinates": [6474.0, 5423.0]}}, {"type": "Feature", "properties": {"sea_point_id": 8132, "name": "Indian Ocean", "ed_raw": 0, "hst_raw": 0, "pal_raw": 0}, "geometry": {"type": "Point", "coordinates": [9510.0, 5278.0]}}, {"type": "Feature", "properties": {"sea_point_id": 8133, "name": "Indian Ocean", "ed_raw": 0, "hst_raw": 0, "pal_raw": 0}, "geometry": {"type": "Point", "coordinates": [9407.0, 5171.0]}}, {"type": "Feature", "properties": {"sea_point_id": 8134, "name": "Indian Ocean", "ed_raw": 0, "hst_raw": 0, "pal_raw": 0}, "geometry": {"type": "Point", "coordinates": [9874.0, 4581.0]}}, {"type": "Feature", "properties": {"sea_point_id": 8135, "name": "Bay of Bengal", "ed_raw": 0, "hst_raw": 0, "pal_raw": 0}, "geometry": {"type": "Point", "coordinates": [10062.0, 3868.0]}}, {"type": "Feature", "properties": {"sea_point_id": 8136, "name": "Bay of Bengal", "ed_raw": 0, "hst_raw": 0, "pal_raw": 0}, "geometry": {"type": "Point", "coordinates": [10119.0, 3764.0]}}, {"type": "Feature", "properties": {"sea_point_id": 8137, "name": "Pacific Ocean", "ed_raw": 0, "hst_raw": 0, "pal_raw": 0}, "geometry": {"type": "Point", "coordinates": [12448.0, 2974.0]}}, {"type": "Feature", "properties": {"sea_point_id": 8138, "name": "Pacific Ocean", "ed_raw": 0, "hst_raw": 0, "pal_raw": 0}, "geometry": {"type": "Point", "coordinates": [12901.0, 3312.0]}}, {"type": "Feature", "properties": {"sea_point_id": 8139, "name": "Indian Ocean", "ed_raw": 0, "hst_raw": 0, "pal_raw": 0}, "geometry": {"type": "Point", "coordinates": [10041.0, 4061.0]}}, {"type": "Feature", "properties": {"sea_point_id": 8140, "name": "Indian Ocean", "ed_raw": 0, "hst_raw": 0, "pal_raw": 0}, "geometry": {"type": "Point", "coordinates": [10062.0, 4144.0]}}, {"type": "Feature", "properties": {"sea_point_id": 8143, "name": "Atlantic Ocean", "ed_raw": 0, "hst_raw": 0, "pal_raw": 0}, "geometry": {"type": "Point", "coordinates": [5262.0, 5517.0]}}, {"type": "Feature", "properties": {"sea_point_id": 8144, "name": "Atlantic Ocean", "ed_raw": 0, "hst_raw": 0, "pal_raw": 0}, "geometry": {"type": "Point", "coordinates": [5647.0, 4659.0]}}, {"type": "Feature", "properties": {"sea_point_id": 8145, "name": "Atlantic Ocean", "ed_raw": 0, "hst_raw": 0, "pal_raw": 0}, "geometry": {"type": "Point", "coordinates": [6078.0, 4732.0]}}, {"type": "Feature", "properties": {"sea_point_id": 8146, "name": "Atlantic Ocean", "ed_raw": 0, "hst_raw": 0, "pal_raw": 0}, "geometry": {"type": "Point", "coordinates": [5033.0, 4087.0]}}, {"type": "Feature", "properties": {"sea_point_id": 8147, "name": "Atlantic Ocean", "ed_raw": 0, "hst_raw": 0, "pal_raw": 0}, "geometry": {"type": "Point", "coordinates": [4888.0, 2142.0]}}, {"type": "Feature", "properties": {"sea_point_id": 8148, "name": "Bay of Biscay", "ed_raw": 0, "hst_raw": 0, "pal_raw": 0}, "geometry": {"type": "Point", "coordinates": [5860.0, 2210.0]}}, {"type": "Feature", "properties": {"sea_point_id": 8149, "name": "Bay of Biscay", "ed_raw": 0, "hst_raw": 0, "pal_raw": 0}, "geometry": {"type": "Point", "coordinates": [5798.0, 2152.0]}}, {"type": "Feature", "properties": {"sea_point_id": 8150, "name": "Atlantic Ocean", "ed_raw": 0, "hst_raw": 0, "pal_raw": 0}, "geometry": {"type": "Point", "coordinates": [3998.0, 2860.0]}}, {"type": "Feature", "properties": {"sea_point_id": 8151, "name": "Atlantic Ocean", "ed_raw": 0, "hst_raw": 0, "pal_raw": 0}, "geometry": {"type": "Point", "coordinates": [3991.0, 2782.0]}}, {"type": "Feature", "properties": {"sea_point_id": 8153, "name": "Caribbean Sea", "ed_raw": 0, "hst_raw": 0, "pal_raw": 0}, "geometry": {"type": "Point", "coordinates": [3993.0, 3464.0]}}, {"type": "Feature", "properties": {"sea_point_id": 8154, "name": "Atlantic Ocean", "ed_raw": 0, "hst_raw": 0, "pal_raw": 0}, "geometry": {"type": "Point", "coordinates": [3760.0, 6278.0]}}, {"type": "Feature", "properties": {"sea_point_id": 8156, "name": "Scotia Sea", "ed_raw": 0, "hst_raw": 0, "pal_raw": 0}, "geometry": {"type": "Point", "coordinates": [3790.0, 6372.0]}}, {"type": "Feature", "properties": {"sea_point_id": 8159, "name": "Scotia Sea", "ed_raw": 0, "hst_raw": 0, "pal_raw": 0}, "geometry": {"type": "Point", "coordinates": [3866.0, 6398.0]}}, {"type": "Feature", "properties": {"sea_point_id": 8160, "name": "Scotia Sea", "ed_raw": 0, "hst_raw": 0, "pal_raw": 0}, "geometry": {"type": "Point", "coordinates": [3939.0, 6424.0]}}, {"type": "Feature", "properties": {"sea_point_id": 8163, "name": "Southern Ocean", "ed_raw": 0, "hst_raw": 0, "pal_raw": 0}, "geometry": {"type": "Point", "coordinates": [3781.0, 6528.0]}}, {"type": "Feature", "properties": {"sea_point_id": 8164, "name": "Atlantic Ocean", "ed_raw": 0, "hst_raw": 0, "pal_raw": 0}, "geometry": {"type": "Point", "coordinates": [3890.0, 6147.0]}}, {"type": "Feature", "properties": {"sea_point_id": 8165, "name": "Atlantic Ocean", "ed_raw": 0, "hst_raw": 0, "pal_raw": 0}, "geometry": {"type": "Point", "coordinates": [3807.0, 6104.0]}}, {"type": "Feature", "properties": {"sea_point_id": 8168, "name": "Atlantic Ocean", "ed_raw": 0, "hst_raw": 0, "pal_raw": 0}, "geometry": {"type": "Point", "coordinates": [3931.0, 6028.0]}}, {"type": "Feature", "properties": {"sea_point_id": 8169, "name": "Atlantic Ocean", "ed_raw": 0, "hst_raw": 0, "pal_raw": 0}, "geometry": {"type": "Point", "coordinates": [4040.0, 6028.0]}}, {"type": "Feature", "properties": {"sea_point_id": 8171, "name": "Atlantic Ocean", "ed_raw": 0, "hst_raw": 0, "pal_raw": 0}, "geometry": {"type": "Point", "coordinates": [3844.0, 6036.0]}}, {"type": "Feature", "properties": {"sea_point_id": 8172, "name": "Atlantic Ocean", "ed_raw": 0, "hst_raw": 0, "pal_raw": 0}, "geometry": {"type": "Point", "coordinates": [3894.0, 5932.0]}}, {"type": "Feature", "properties": {"sea_point_id": 8173, "name": "Atlantic Ocean", "ed_raw": 0, "hst_raw": 0, "pal_raw": 0}, "geometry": {"type": "Point", "coordinates": [3925.0, 5854.0]}}, {"type": "Feature", "properties": {"sea_point_id": 8175, "name": "Pacific Ocean", "ed_raw": 0, "hst_raw": 0, "pal_raw": 0}, "geometry": {"type": "Point", "coordinates": [1554.0, 3906.0]}}, {"type": "Feature", "properties": {"sea_point_id": 8176, "name": "Pacific Ocean", "ed_raw": 0, "hst_raw": 0, "pal_raw": 0}, "geometry": {"type": "Point", "coordinates": [2165.0, 4245.0]}}, {"type": "Feature", "properties": {"sea_point_id": 8177, "name": "Pacific Ocean", "ed_raw": 0, "hst_raw": 0, "pal_raw": 0}, "geometry": {"type": "Point", "coordinates": [2150.0, 4323.0]}}, {"type": "Feature", "properties": {"sea_point_id": 8178, "name": "Pacific Ocean", "ed_raw": 0, "hst_raw": 0, "pal_raw": 0}, "geometry": {"type": "Point", "coordinates": [2054.0, 5579.0]}}, {"type": "Feature", "properties": {"sea_point_id": 8179, "name": "Pacific Ocean", "ed_raw": 0, "hst_raw": 0, "pal_raw": 0}, "geometry": {"type": "Point", "coordinates": [1986.0, 5681.0]}}, {"type": "Feature", "properties": {"sea_point_id": 8182, "name": "Pacific Ocean", "ed_raw": 0, "hst_raw": 0, "pal_raw": 0}, "geometry": {"type": "Point", "coordinates": [2080.0, 5668.0]}}, {"type": "Feature", "properties": {"sea_point_id": 8183, "name": "Pacific Ocean", "ed_raw": 0, "hst_raw": 0, "pal_raw": 0}, "geometry": {"type": "Point", "coordinates": [2215.0, 5370.0]}}, {"type": "Feature", "properties": {"sea_point_id": 8185, "name": "Pacific Ocean", "ed_raw": 0, "hst_raw": 0, "pal_raw": 0}, "geometry": {"type": "Point", "coordinates": [2753.0, 5458.0]}}, {"type": "Feature", "properties": {"sea_point_id": 8186, "name": "Pacific Ocean", "ed_raw": 0, "hst_raw": 0, "pal_raw": 0}, "geometry": {"type": "Point", "coordinates": [288.0, 4984.0]}}, {"type": "Feature", "properties": {"sea_point_id": 8187, "name": "Pacific Ocean", "ed_raw": 0, "hst_raw": 0, "pal_raw": 0}, "geometry": {"type": "Point", "coordinates": [1201.0, 3161.0]}}, {"type": "Feature", "properties": {"sea_point_id": 8188, "name": "Pacific Ocean", "ed_raw": 0, "hst_raw": 0, "pal_raw": 0}, "geometry": {"type": "Point", "coordinates": [1159.0, 2925.0]}}, {"type": "Feature", "properties": {"sea_point_id": 8189, "name": "Pacific Ocean", "ed_raw": 0, "hst_raw": 0, "pal_raw": 0}, "geometry": {"type": "Point", "coordinates": [1034.0, 2880.0]}}, {"type": "Feature", "properties": {"sea_point_id": 8190, "name": "Pacific Ocean", "ed_raw": 0, "hst_raw": 0, "pal_raw": 0}, "geometry": {"type": "Point", "coordinates": [418.0, 3203.0]}}, {"type": "Feature", "properties": {"sea_point_id": 8191, "name": "Pacific Ocean", "ed_raw": 0, "hst_raw": 0, "pal_raw": 0}, "geometry": {"type": "Point", "coordinates": [452.0, 3138.0]}}, {"type": "Feature", "properties": {"sea_point_id": 8193, "name": "Pacific Ocean", "ed_raw": 0, "hst_raw": 0, "pal_raw": 0}, "geometry": {"type": "Point", "coordinates": [659.0, 2369.0]}}, {"type": "Feature", "properties": {"sea_point_id": 8194, "name": "Strait of Florida", "ed_raw": 0, "hst_raw": 0, "pal_raw": 0}, "geometry": {"type": "Point", "coordinates": [3291.0, 2978.0]}}, {"type": "Feature", "properties": {"sea_point_id": 8198, "name": "Gulf of Mexico", "ed_raw": 0, "hst_raw": 0, "pal_raw": 0}, "geometry": {"type": "Point", "coordinates": [3243.0, 2928.0]}}, {"type": "Feature", "properties": {"sea_point_id": 8200, "name": "Gulf of Mexico", "ed_raw": 0, "hst_raw": 0, "pal_raw": 0}, "geometry": {"type": "Point", "coordinates": [3154.0, 2777.0]}}, {"type": "Feature", "properties": {"sea_point_id": 8201, "name": "Caribbean Sea", "ed_raw": 0, "hst_raw": 0, "pal_raw": 0}, "geometry": {"type": "Point", "coordinates": [3163.0, 3105.0]}}, {"type": "Feature", "properties": {"sea_point_id": 8202, "name": "Atlantic Ocean", "ed_raw": 0, "hst_raw": 0, "pal_raw": 0}, "geometry": {"type": "Point", "coordinates": [3447.0, 2992.0]}}, {"type": "Feature", "properties": {"sea_point_id": 8204, "name": "Atlantic Ocean", "ed_raw": 0, "hst_raw": 0, "pal_raw": 0}, "geometry": {"type": "Point", "coordinates": [3596.0, 3069.0]}}, {"type": "Feature", "properties": {"sea_point_id": 8206, "name": "Atlantic Ocean", "ed_raw": 0, "hst_raw": 0, "pal_raw": 0}, "geometry": {"type": "Point", "coordinates": [3660.0, 3097.0]}}, {"type": "Feature", "properties": {"sea_point_id": 8209, "name": "Atlantic Ocean", "ed_raw": 0, "hst_raw": 0, "pal_raw": 0}, "geometry": {"type": "Point", "coordinates": [3538.0, 2886.0]}}, {"type": "Feature", "properties": {"sea_point_id": 8215, "name": "Pacific Ocean", "ed_raw": 0, "hst_raw": 0, "pal_raw": 0}, "geometry": {"type": "Point", "coordinates": [488.0, 2022.0]}}, {"type": "Feature", "properties": {"sea_point_id": 8216, "name": "Pacific Ocean", "ed_raw": 0, "hst_raw": 0, "pal_raw": 0}, "geometry": {"type": "Point", "coordinates": [444.0, 1638.0]}}, {"type": "Feature", "properties": {"sea_point_id": 8218, "name": "Pacific Ocean", "ed_raw": 0, "hst_raw": 0, "pal_raw": 0}, "geometry": {"type": "Point", "coordinates": [712.0, 1622.0]}}, {"type": "Feature", "properties": {"sea_point_id": 8219, "name": "Pacific Ocean", "ed_raw": 0, "hst_raw": 0, "pal_raw": 0}, "geometry": {"type": "Point", "coordinates": [913.0, 1521.0]}}, {"type": "Feature", "properties": {"sea_point_id": 8221, "name": "Georgian Bay", "ed_raw": 0, "hst_raw": 0, "pal_raw": 0}, "geometry": {"type": "Point", "coordinates": [3383.0, 1678.0]}}, {"type": "Feature", "properties": {"sea_point_id": 8222, "name": "Georgian Bay", "ed_raw": 0, "hst_raw": 0, "pal_raw": 0}, "geometry": {"type": "Point", "coordinates": [3424.0, 1736.0]}}, {"type": "Feature", "properties": {"sea_point_id": 8224, "name": "Georgian Bay", "ed_raw": 0, "hst_raw": 0, "pal_raw": 0}, "geometry": {"type": "Point", "coordinates": [3351.0, 1693.0]}}, {"type": "Feature", "properties": {"sea_point_id": 8225, "name": "Lake Huron", "ed_raw": 0, "hst_raw": 0, "pal_raw": 0}, "geometry": {"type": "Point", "coordinates": [3341.0, 1774.0]}}, {"type": "Feature", "properties": {"sea_point_id": 8228, "name": "Lake Huron", "ed_raw": 0, "hst_raw": 0, "pal_raw": 0}, "geometry": {"type": "Point", "coordinates": [3276.0, 1774.0]}}, {"type": "Feature", "properties": {"sea_point_id": 8229, "name": "Georgian Bay", "ed_raw": 0, "hst_raw": 0, "pal_raw": 0}, "geometry": {"type": "Point", "coordinates": [3248.0, 1650.0]}}, {"type": "Feature", "properties": {"sea_point_id": 8230, "name": "Lake Michigan", "ed_raw": 0, "hst_raw": 0, "pal_raw": 0}, "geometry": {"type": "Point", "coordinates": [3163.0, 1658.0]}}, {"type": "Feature", "properties": {"sea_point_id": 8231, "name": "Lake Michigan", "ed_raw": 0, "hst_raw": 0, "pal_raw": 0}, "geometry": {"type": "Point", "coordinates": [3095.0, 1686.0]}}, {"type": "Feature", "properties": {"sea_point_id": 8232, "name": "Lake Michigan", "ed_raw": 0, "hst_raw": 0, "pal_raw": 0}, "geometry": {"type": "Point", "coordinates": [3091.0, 1766.0]}}, {"type": "Feature", "properties": {"sea_point_id": 8233, "name": "Lake Michigan", "ed_raw": 0, "hst_raw": 0, "pal_raw": 0}, "geometry": {"type": "Point", "coordinates": [3062.0, 1829.0]}}, {"type": "Feature", "properties": {"sea_point_id": 8234, "name": "Lake Michigan", "ed_raw": 0, "hst_raw": 0, "pal_raw": 0}, "geometry": {"type": "Point", "coordinates": [3053.0, 1891.0]}}, {"type": "Feature", "properties": {"sea_point_id": 8235, "name": "Lake Michigan", "ed_raw": 0, "hst_raw": 0, "pal_raw": 0}, "geometry": {"type": "Point", "coordinates": [3050.0, 1934.0]}}, {"type": "Feature", "properties": {"sea_point_id": 8236, "name": "Lake Michigan", "ed_raw": 0, "hst_raw": 0, "pal_raw": 0}, "geometry": {"type": "Point", "coordinates": [3084.0, 1946.0]}}, {"type": "Feature", "properties": {"sea_point_id": 8238, "name": "Lake Michigan", "ed_raw": 0, "hst_raw": 0, "pal_raw": 0}, "geometry": {"type": "Point", "coordinates": [3095.0, 1895.0]}}, {"type": "Feature", "properties": {"sea_point_id": 8239, "name": "Lake Michigan", "ed_raw": 0, "hst_raw": 0, "pal_raw": 0}, "geometry": {"type": "Point", "coordinates": [3083.0, 1831.0]}}, {"type": "Feature", "properties": {"sea_point_id": 8240, "name": "Lake Erie", "ed_raw": 0, "hst_raw": 0, "pal_raw": 0}, "geometry": {"type": "Point", "coordinates": [3299.0, 1957.0]}}, {"type": "Feature", "properties": {"sea_point_id": 8241, "name": "Lake Erie", "ed_raw": 0, "hst_raw": 0, "pal_raw": 0}, "geometry": {"type": "Point", "coordinates": [3363.0, 1940.0]}}, {"type": "Feature", "properties": {"sea_point_id": 8242, "name": "Lake Erie", "ed_raw": 0, "hst_raw": 0, "pal_raw": 0}, "geometry": {"type": "Point", "coordinates": [3442.0, 1889.0]}}, {"type": "Feature", "properties": {"sea_point_id": 8243, "name": "Lake Erie", "ed_raw": 0, "hst_raw": 0, "pal_raw": 0}, "geometry": {"type": "Point", "coordinates": [3416.0, 1922.0]}}, {"type": "Feature", "properties": {"sea_point_id": 8244, "name": "Lake Erie", "ed_raw": 0, "hst_raw": 0, "pal_raw": 0}, "geometry": {"type": "Point", "coordinates": [3393.0, 1893.0]}}, {"type": "Feature", "properties": {"sea_point_id": 8245, "name": "Lake Erie", "ed_raw": 0, "hst_raw": 0, "pal_raw": 0}, "geometry": {"type": "Point", "coordinates": [3336.0, 1922.0]}}, {"type": "Feature", "properties": {"sea_point_id": 8246, "name": "Lake Ontario", "ed_raw": 0, "hst_raw": 0, "pal_raw": 0}, "geometry": {"type": "Point", "coordinates": [3486.0, 1840.0]}}, {"type": "Feature", "properties": {"sea_point_id": 8247, "name": "Lake Ontario", "ed_raw": 0, "hst_raw": 0, "pal_raw": 0}, "geometry": {"type": "Point", "coordinates": [3532.0, 1838.0]}}, {"type": "Feature", "properties": {"sea_point_id": 8248, "name": "Lake Ontario", "ed_raw": 0, "hst_raw": 0, "pal_raw": 0}, "geometry": {"type": "Point", "coordinates": [3594.0, 1832.0]}}, {"type": "Feature", "properties": {"sea_point_id": 8250, "name": "Lake Ontario", "ed_raw": 0, "hst_raw": 0, "pal_raw": 0}, "geometry": {"type": "Point", "coordinates": [3610.0, 1801.0]}}, {"type": "Feature", "properties": {"sea_point_id": 8253, "name": "Lake Ontario", "ed_raw": 0, "hst_raw": 0, "pal_raw": 0}, "geometry": {"type": "Point", "coordinates": [3513.0, 1808.0]}}, {"type": "Feature", "properties": {"sea_point_id": 8254, "name": "Lake Superior", "ed_raw": 0, "hst_raw": 0, "pal_raw": 0}, "geometry": {"type": "Point", "coordinates": [2857.0, 1597.0]}}, {"type": "Feature", "properties": {"sea_point_id": 8255, "name": "Lake Superior", "ed_raw": 0, "hst_raw": 0, "pal_raw": 0}, "geometry": {"type": "Point", "coordinates": [2906.0, 1573.0]}}, {"type": "Feature", "properties": {"sea_point_id": 8256, "name": "Lake Superior", "ed_raw": 0, "hst_raw": 0, "pal_raw": 0}, "geometry": {"type": "Point", "coordinates": [2971.0, 1519.0]}}, {"type": "Feature", "properties": {"sea_point_id": 8257, "name": "Lake Superior", "ed_raw": 0, "hst_raw": 0, "pal_raw": 0}, "geometry": {"type": "Point", "coordinates": [3042.0, 1467.0]}}, {"type": "Feature", "properties": {"sea_point_id": 8258, "name": "Lake Superior", "ed_raw": 0, "hst_raw": 0, "pal_raw": 0}, "geometry": {"type": "Point", "coordinates": [3129.0, 1496.0]}}, {"type": "Feature", "properties": {"sea_point_id": 8259, "name": "Lake Superior", "ed_raw": 0, "hst_raw": 0, "pal_raw": 0}, "geometry": {"type": "Point", "coordinates": [3186.0, 1550.0]}}, {"type": "Feature", "properties": {"sea_point_id": 8260, "name": "Lake Superior", "ed_raw": 0, "hst_raw": 0, "pal_raw": 0}, "geometry": {"type": "Point", "coordinates": [3201.0, 1608.0]}}, {"type": "Feature", "properties": {"sea_point_id": 8261, "name": "Lake Superior", "ed_raw": 0, "hst_raw": 0, "pal_raw": 0}, "geometry": {"type": "Point", "coordinates": [3133.0, 1588.0]}}, {"type": "Feature", "properties": {"sea_point_id": 8262, "name": "Lake Superior", "ed_raw": 0, "hst_raw": 0, "pal_raw": 0}, "geometry": {"type": "Point", "coordinates": [3066.0, 1585.0]}}, {"type": "Feature", "properties": {"sea_point_id": 8263, "name": "Lake Superior", "ed_raw": 0, "hst_raw": 0, "pal_raw": 0}, "geometry": {"type": "Point", "coordinates": [3040.0, 1527.0]}}, {"type": "Feature", "properties": {"sea_point_id": 8266, "name": "Lake Superior", "ed_raw": 0, "hst_raw": 0, "pal_raw": 0}, "geometry": {"type": "Point", "coordinates": [2913.0, 1616.0]}}, {"type": "Feature", "properties": {"sea_point_id": 8270, "name": "Lake Superior", "ed_raw": 0, "hst_raw": 0, "pal_raw": 0}, "geometry": {"type": "Point", "coordinates": [3093.0, 1549.0]}}, {"type": "Feature", "properties": {"sea_point_id": 8272, "name": "Hudson Bay", "ed_raw": 0, "hst_raw": 0, "pal_raw": 0}, "geometry": {"type": "Point", "coordinates": [3264.0, 1018.0]}}, {"type": "Feature", "properties": {"sea_point_id": 8273, "name": "Hudson Bay", "ed_raw": 0, "hst_raw": 0, "pal_raw": 0}, "geometry": {"type": "Point", "coordinates": [3582.0, 995.0]}}, {"type": "Feature", "properties": {"sea_point_id": 8279, "name": "Arabian Sea", "ed_raw": 0, "hst_raw": 0, "pal_raw": 0}, "geometry": {"type": "Point", "coordinates": [8785.0, 3211.0]}}, {"type": "Feature", "properties": {"sea_point_id": 8296, "name": "Barents Sea", "ed_raw": 0, "hst_raw": 0, "pal_raw": 0}, "geometry": {"type": "Point", "coordinates": [8759.0, 527.0]}}, {"type": "Feature", "properties": {"sea_point_id": 8297, "name": "Barents Sea", "ed_raw": 0, "hst_raw": 0, "pal_raw": 0}, "geometry": {"type": "Point", "coordinates": [8715.0, 426.0]}}, {"type": "Feature", "properties": {"sea_point_id": 8298, "name": "Kara Sea", "ed_raw": 0, "hst_raw": 0, "pal_raw": 0}, "geometry": {"type": "Point", "coordinates": [9310.0, 312.0]}}, {"type": "Feature", "properties": {"sea_point_id": 8299, "name": "Kara Sea", "ed_raw": 0, "hst_raw": 0, "pal_raw": 0}, "geometry": {"type": "Point", "coordinates": [9302.0, 392.0]}}, {"type": "Feature", "properties": {"sea_point_id": 8302, "name": "Alboran Sea", "ed_raw": 0, "hst_raw": 0, "pal_raw": 0}, "geometry": {"type": "Point", "coordinates": [5896.0, 2878.0]}}, {"type": "Feature", "properties": {"sea_point_id": 8305, "name": "Balearic Sea", "ed_raw": 0, "hst_raw": 0, "pal_raw": 0}, "geometry": {"type": "Point", "coordinates": [6112.0, 2610.0]}}, {"type": "Feature", "properties": {"sea_point_id": 8312, "name": "Mediterranean Sea", "ed_raw": 0, "hst_raw": 0, "pal_raw": 0}, "geometry": {"type": "Point", "coordinates": [6152.0, 2811.0]}}, {"type": "Feature", "properties": {"sea_point_id": 8316, "name": "Mediterranean Sea", "ed_raw": 0, "hst_raw": 0, "pal_raw": 0}, "geometry": {"type": "Point", "coordinates": [6242.0, 2804.0]}}, {"type": "Feature", "properties": {"sea_point_id": 8317, "name": "Mediterranean Sea", "ed_raw": 0, "hst_raw": 0, "pal_raw": 0}, "geometry": {"type": "Point", "coordinates": [6380.0, 2761.0]}}, {"type": "Feature", "properties": {"sea_point_id": 8323, "name": "Mediterranean Sea", "ed_raw": 0, "hst_raw": 0, "pal_raw": 0}, "geometry": {"type": "Point", "coordinates": [6846.0, 3059.0]}}, {"type": "Feature", "properties": {"sea_point_id": 8329, "name": "Mediterranean Sea", "ed_raw": 0, "hst_raw": 0, "pal_raw": 0}, "geometry": {"type": "Point", "coordinates": [6984.0, 2872.0]}}, {"type": "Feature", "properties": {"sea_point_id": 8331, "name": "Mediterranean Sea", "ed_raw": 0, "hst_raw": 0, "pal_raw": 0}, "geometry": {"type": "Point", "coordinates": [7004.0, 2928.0]}}, {"type": "Feature", "properties": {"sea_point_id": 8332, "name": "Ionian Sea", "ed_raw": 0, "hst_raw": 0, "pal_raw": 0}, "geometry": {"type": "Point", "coordinates": [7062.0, 2796.0]}}, {"type": "Feature", "properties": {"sea_point_id": 8333, "name": "Mediterranean Sea", "ed_raw": 0, "hst_raw": 0, "pal_raw": 0}, "geometry": {"type": "Point", "coordinates": [7156.0, 2906.0]}}, {"type": "Feature", "properties": {"sea_point_id": 8334, "name": "Mediterranean Sea", "ed_raw": 0, "hst_raw": 0, "pal_raw": 0}, "geometry": {"type": "Point", "coordinates": [7098.0, 2857.0]}}, {"type": "Feature", "properties": {"sea_point_id": 8336, "name": "Mediterranean Sea", "ed_raw": 0, "hst_raw": 0, "pal_raw": 0}, "geometry": {"type": "Point", "coordinates": [7237.0, 2954.0]}}, {"type": "Feature", "properties": {"sea_point_id": 8340, "name": "Aegean Sea", "ed_raw": 0, "hst_raw": 0, "pal_raw": 0}, "geometry": {"type": "Point", "coordinates": [7386.0, 2831.0]}}, {"type": "Feature", "properties": {"sea_point_id": 8346, "name": "Mediterranean Sea", "ed_raw": 0, "hst_raw": 0, "pal_raw": 0}, "geometry": {"type": "Point", "coordinates": [7482.0, 2986.0]}}, {"type": "Feature", "properties": {"sea_point_id": 8357, "name": "Mediterranean Sea", "ed_raw": 0, "hst_raw": 0, "pal_raw": 0}, "geometry": {"type": "Point", "coordinates": [7630.0, 2902.0]}}, {"type": "Feature", "properties": {"sea_point_id": 8359, "name": "Black Sea", "ed_raw": 0, "hst_raw": 0, "pal_raw": 0}, "geometry": {"type": "Point", "coordinates": [7575.0, 2337.0]}}, {"type": "Feature", "properties": {"sea_point_id": 8361, "name": "Black Sea", "ed_raw": 0, "hst_raw": 0, "pal_raw": 0}, "geometry": {"type": "Point", "coordinates": [7578.0, 2234.0]}}, {"type": "Feature", "properties": {"sea_point_id": 8364, "name": "Black Sea", "ed_raw": 0, "hst_raw": 0, "pal_raw": 0}, "geometry": {"type": "Point", "coordinates": [7927.0, 2267.0]}}, {"type": "Feature", "properties": {"sea_point_id": 8374, "name": "Black Sea", "ed_raw": 0, "hst_raw": 0, "pal_raw": 0}, "geometry": {"type": "Point", "coordinates": [7679.0, 2281.0]}}, {"type": "Feature", "properties": {"sea_point_id": 8378, "name": "Black Sea", "ed_raw": 0, "hst_raw": 0, "pal_raw": 0}, "geometry": {"type": "Point", "coordinates": [7836.0, 2273.0]}}, {"type": "Feature", "properties": {"sea_point_id": 8379, "name": "Black Sea", "ed_raw": 0, "hst_raw": 0, "pal_raw": 0}, "geometry": {"type": "Point", "coordinates": [7766.0, 2231.0]}}, {"type": "Feature", "properties": {"sea_point_id": 8405, "name": "Adriatic Sea", "ed_raw": 0, "hst_raw": 0, "pal_raw": 0}, "geometry": {"type": "Point", "coordinates": [6847.0, 2445.0]}}, {"type": "Feature", "properties": {"sea_point_id": 8409, "name": "Adriatic Sea", "ed_raw": 0, "hst_raw": 0, "pal_raw": 0}, "geometry": {"type": "Point", "coordinates": [6946.0, 2505.0]}}, {"type": "Feature", "properties": {"sea_point_id": 8426, "name": "Tyrrhenian Sea", "ed_raw": 0, "hst_raw": 0, "pal_raw": 0}, "geometry": {"type": "Point", "coordinates": [6627.0, 2647.0]}}, {"type": "Feature", "properties": {"sea_point_id": 8432, "name": "Mediterranean Sea", "ed_raw": 0, "hst_raw": 0, "pal_raw": 0}, "geometry": {"type": "Point", "coordinates": [6295.0, 2524.0]}}, {"type": "Feature", "properties": {"sea_point_id": 8449, "name": "North Sea", "ed_raw": 0, "hst_raw": 0, "pal_raw": 0}, "geometry": {"type": "Point", "coordinates": [6386.0, 1476.0]}}, {"type": "Feature", "properties": {"sea_point_id": 8452, "name": "North Sea", "ed_raw": 0, "hst_raw": 0, "pal_raw": 0}, "geometry": {"type": "Point", "coordinates": [6357.0, 1662.0]}}, {"type": "Feature", "properties": {"sea_point_id": 8458, "name": "North Sea", "ed_raw": 0, "hst_raw": 0, "pal_raw": 0}, "geometry": {"type": "Point", "coordinates": [6443.0, 1564.0]}}, {"type": "Feature", "properties": {"sea_point_id": 8459, "name": "North Sea", "ed_raw": 0, "hst_raw": 0, "pal_raw": 0}, "geometry": {"type": "Point", "coordinates": [6324.0, 1575.0]}}, {"type": "Feature", "properties": {"sea_point_id": 8464, "name": "Norwegian Sea", "ed_raw": 0, "hst_raw": 0, "pal_raw": 0}, "geometry": {"type": "Point", "coordinates": [6175.0, 794.0]}}, {"type": "Feature", "properties": {"sea_point_id": 8465, "name": "Norwegian Sea", "ed_raw": 0, "hst_raw": 0, "pal_raw": 0}, "geometry": {"type": "Point", "coordinates": [6143.0, 668.0]}}, {"type": "Feature", "properties": {"sea_point_id": 8469, "name": "Gulf of St. Lawrence", "ed_raw": 0, "hst_raw": 0, "pal_raw": 0}, "geometry": {"type": "Point", "coordinates": [4329.0, 1554.0]}}, {"type": "Feature", "properties": {"sea_point_id": 8472, "name": "Gulf of St. Lawrence", "ed_raw": 0, "hst_raw": 0, "pal_raw": 0}, "geometry": {"type": "Point", "coordinates": [4348.0, 1464.0]}}, {"type": "Feature", "properties": {"sea_point_id": 8479, "name": "Gulf of Thailand", "ed_raw": 0, "hst_raw": 0, "pal_raw": 0}, "geometry": {"type": "Point", "coordinates": [10684.0, 3864.0]}}, {"type": "Feature", "properties": {"sea_point_id": 8480, "name": "Indian Ocean", "ed_raw": 0, "hst_raw": 0, "pal_raw": 0}, "geometry": {"type": "Point", "coordinates": [11499.0, 5031.0]}}, {"type": "Feature", "properties": {"sea_point_id": 8481, "name": "Indian Ocean", "ed_raw": 0, "hst_raw": 0, "pal_raw": 0}, "geometry": {"type": "Point", "coordinates": [11480.0, 4933.0]}}, {"type": "Feature", "properties": {"sea_point_id": 8482, "name": "Indian Ocean", "ed_raw": 0, "hst_raw": 0, "pal_raw": 0}, "geometry": {"type": "Point", "coordinates": [10560.0, 4442.0]}}, {"type": "Feature", "properties": {"sea_point_id": 8486, "name": "Bay of Bengal", "ed_raw": 0, "hst_raw": 0, "pal_raw": 0}, "geometry": {"type": "Point", "coordinates": [10389.0, 3850.0]}}, {"type": "Feature", "properties": {"sea_point_id": 8487, "name": "Bay of Bengal", "ed_raw": 0, "hst_raw": 0, "pal_raw": 0}, "geometry": {"type": "Point", "coordinates": [10427.0, 3939.0]}}, {"type": "Feature", "properties": {"sea_point_id": 8490, "name": "Gulf of Thailand", "ed_raw": 0, "hst_raw": 0, "pal_raw": 0}, "geometry": {"type": "Point", "coordinates": [10830.0, 4084.0]}}, {"type": "Feature", "properties": {"sea_point_id": 8491, "name": "South China Sea", "ed_raw": 0, "hst_raw": 0, "pal_raw": 0}, "geometry": {"type": "Point", "coordinates": [10873.0, 4153.0]}}, {"type": "Feature", "properties": {"sea_point_id": 8492, "name": "Java Sea", "ed_raw": 0, "hst_raw": 0, "pal_raw": 0}, "geometry": {"type": "Point", "coordinates": [10885.0, 4291.0]}}, {"type": "Feature", "properties": {"sea_point_id": 8493, "name": "South China Sea", "ed_raw": 0, "hst_raw": 0, "pal_raw": 0}, "geometry": {"type": "Point", "coordinates": [10916.0, 4060.0]}}, {"type": "Feature", "properties": {"sea_point_id": 8494, "name": "South China Sea", "ed_raw": 0, "hst_raw": 0, "pal_raw": 0}, "geometry": {"type": "Point", "coordinates": [10882.0, 3997.0]}}, {"type": "Feature", "properties": {"sea_point_id": 8495, "name": "South China Sea", "ed_raw": 0, "hst_raw": 0, "pal_raw": 0}, "geometry": {"type": "Point", "coordinates": [11173.0, 3950.0]}}, {"type": "Feature", "properties": {"sea_point_id": 8497, "name": "South China Sea", "ed_raw": 0, "hst_raw": 0, "pal_raw": 0}, "geometry": {"type": "Point", "coordinates": [11078.0, 3996.0]}}, {"type": "Feature", "properties": {"sea_point_id": 8498, "name": "South China Sea", "ed_raw": 0, "hst_raw": 0, "pal_raw": 0}, "geometry": {"type": "Point", "coordinates": [11017.0, 4078.0]}}, {"type": "Feature", "properties": {"sea_point_id": 8503, "name": "Java Sea", "ed_raw": 0, "hst_raw": 0, "pal_raw": 0}, "geometry": {"type": "Point", "coordinates": [10947.0, 4417.0]}}, {"type": "Feature", "properties": {"sea_point_id": 8504, "name": "Indian Ocean", "ed_raw": 0, "hst_raw": 0, "pal_raw": 0}, "geometry": {"type": "Point", "coordinates": [10664.0, 4557.0]}}, {"type": "Feature", "properties": {"sea_point_id": 8505, "name": "Indian Ocean", "ed_raw": 0, "hst_raw": 0, "pal_raw": 0}, "geometry": {"type": "Point", "coordinates": [10745.0, 4605.0]}}, {"type": "Feature", "properties": {"sea_point_id": 8506, "name": "Indian Ocean", "ed_raw": 0, "hst_raw": 0, "pal_raw": 0}, "geometry": {"type": "Point", "coordinates": [10864.0, 4643.0]}}, {"type": "Feature", "properties": {"sea_point_id": 8507, "name": "Indian Ocean", "ed_raw": 0, "hst_raw": 0, "pal_raw": 0}, "geometry": {"type": "Point", "coordinates": [10435.0, 4277.0]}}, {"type": "Feature", "properties": {"sea_point_id": 8509, "name": "Indian Ocean", "ed_raw": 0, "hst_raw": 0, "pal_raw": 0}, "geometry": {"type": "Point", "coordinates": [11270.0, 4720.0]}}, {"type": "Feature", "properties": {"sea_point_id": 8510, "name": "Indian Ocean", "ed_raw": 0, "hst_raw": 0, "pal_raw": 0}, "geometry": {"type": "Point", "coordinates": [11389.0, 4739.0]}}, {"type": "Feature", "properties": {"sea_point_id": 8511, "name": "Indian Ocean", "ed_raw": 0, "hst_raw": 0, "pal_raw": 0}, "geometry": {"type": "Point", "coordinates": [11509.0, 4773.0]}}, {"type": "Feature", "properties": {"sea_point_id": 8512, "name": "Indian Ocean", "ed_raw": 0, "hst_raw": 0, "pal_raw": 0}, "geometry": {"type": "Point", "coordinates": [11595.0, 4794.0]}}, {"type": "Feature", "properties": {"sea_point_id": 8515, "name": "Timor Sea", "ed_raw": 0, "hst_raw": 0, "pal_raw": 0}, "geometry": {"type": "Point", "coordinates": [11801.0, 4731.0]}}, {"type": "Feature", "properties": {"sea_point_id": 8520, "name": "Java Sea", "ed_raw": 0, "hst_raw": 0, "pal_raw": 0}, "geometry": {"type": "Point", "coordinates": [11042.0, 4485.0]}}, {"type": "Feature", "properties": {"sea_point_id": 8525, "name": "Flores Sea", "ed_raw": 0, "hst_raw": 0, "pal_raw": 0}, "geometry": {"type": "Point", "coordinates": [11379.0, 4466.0]}}, {"type": "Feature", "properties": {"sea_point_id": 8526, "name": "Java Sea", "ed_raw": 0, "hst_raw": 0, "pal_raw": 0}, "geometry": {"type": "Point", "coordinates": [11266.0, 4529.0]}}, {"type": "Feature", "properties": {"sea_point_id": 8532, "name": "Flores Sea", "ed_raw": 0, "hst_raw": 0, "pal_raw": 0}, "geometry": {"type": "Point", "coordinates": [11361.0, 4548.0]}}, {"type": "Feature", "properties": {"sea_point_id": 8534, "name": "Flores Sea", "ed_raw": 0, "hst_raw": 0, "pal_raw": 0}, "geometry": {"type": "Point", "coordinates": [11450.0, 4567.0]}}, {"type": "Feature", "properties": {"sea_point_id": 8537, "name": "Banda Sea", "ed_raw": 0, "hst_raw": 0, "pal_raw": 0}, "geometry": {"type": "Point", "coordinates": [11662.0, 4590.0]}}, {"type": "Feature", "properties": {"sea_point_id": 8538, "name": "Banda Sea", "ed_raw": 0, "hst_raw": 0, "pal_raw": 0}, "geometry": {"type": "Point", "coordinates": [11726.0, 4563.0]}}, {"type": "Feature", "properties": {"sea_point_id": 8539, "name": "Banda Sea", "ed_raw": 0, "hst_raw": 0, "pal_raw": 0}, "geometry": {"type": "Point", "coordinates": [11883.0, 4603.0]}}, {"type": "Feature", "properties": {"sea_point_id": 8540, "name": "Timor Sea", "ed_raw": 0, "hst_raw": 0, "pal_raw": 0}, "geometry": {"type": "Point", "coordinates": [11953.0, 4624.0]}}, {"type": "Feature", "properties": {"sea_point_id": 8541, "name": "Arafura Sea", "ed_raw": 0, "hst_raw": 0, "pal_raw": 0}, "geometry": {"type": "Point", "coordinates": [12303.0, 4768.0]}}, {"type": "Feature", "properties": {"sea_point_id": 8543, "name": "Arafura Sea", "ed_raw": 0, "hst_raw": 0, "pal_raw": 0}, "geometry": {"type": "Point", "coordinates": [12214.0, 4694.0]}}, {"type": "Feature", "properties": {"sea_point_id": 8549, "name": "Arafura Sea", "ed_raw": 0, "hst_raw": 0, "pal_raw": 0}, "geometry": {"type": "Point", "coordinates": [12080.0, 4542.0]}}, {"type": "Feature", "properties": {"sea_point_id": 8550, "name": "Banda Sea", "ed_raw": 0, "hst_raw": 0, "pal_raw": 0}, "geometry": {"type": "Point", "coordinates": [11729.0, 4436.0]}}, {"type": "Feature", "properties": {"sea_point_id": 8551, "name": "Banda Sea", "ed_raw": 0, "hst_raw": 0, "pal_raw": 0}, "geometry": {"type": "Point", "coordinates": [11663.0, 4400.0]}}, {"type": "Feature", "properties": {"sea_point_id": 8556, "name": "Arabian Sea", "ed_raw": 0, "hst_raw": 0, "pal_raw": 0}, "geometry": {"type": "Point", "coordinates": [8997.0, 3234.0]}}, {"type": "Feature", "properties": {"sea_point_id": 8557, "name": "South China Sea", "ed_raw": 0, "hst_raw": 0, "pal_raw": 0}, "geometry": {"type": "Point", "coordinates": [11298.0, 3708.0]}}, {"type": "Feature", "properties": {"sea_point_id": 8558, "name": "South China Sea", "ed_raw": 0, "hst_raw": 0, "pal_raw": 0}, "geometry": {"type": "Point", "coordinates": [11337.0, 3831.0]}}, {"type": "Feature", "properties": {"sea_point_id": 8559, "name": "South China Sea", "ed_raw": 0, "hst_raw": 0, "pal_raw": 0}, "geometry": {"type": "Point", "coordinates": [11111.0, 3555.0]}}, {"type": "Feature", "properties": {"sea_point_id": 8560, "name": "South China Sea", "ed_raw": 0, "hst_raw": 0, "pal_raw": 0}, "geometry": {"type": "Point", "coordinates": [11188.0, 3485.0]}}, {"type": "Feature", "properties": {"sea_point_id": 8562, "name": "South China Sea", "ed_raw": 0, "hst_raw": 0, "pal_raw": 0}, "geometry": {"type": "Point", "coordinates": [11235.0, 3581.0]}}, {"type": "Feature", "properties": {"sea_point_id": 8564, "name": "South China Sea", "ed_raw": 0, "hst_raw": 0, "pal_raw": 0}, "geometry": {"type": "Point", "coordinates": [11385.0, 3319.0]}}, {"type": "Feature", "properties": {"sea_point_id": 8566, "name": "South China Sea", "ed_raw": 0, "hst_raw": 0, "pal_raw": 0}, "geometry": {"type": "Point", "coordinates": [11371.0, 3233.0]}}, {"type": "Feature", "properties": {"sea_point_id": 8570, "name": "South China Sea", "ed_raw": 0, "hst_raw": 0, "pal_raw": 0}, "geometry": {"type": "Point", "coordinates": [11488.0, 3911.0]}}, {"type": "Feature", "properties": {"sea_point_id": 8574, "name": "Banda Sea", "ed_raw": 0, "hst_raw": 0, "pal_raw": 0}, "geometry": {"type": "Point", "coordinates": [11818.0, 4522.0]}}, {"type": "Feature", "properties": {"sea_point_id": 8575, "name": "Banda Sea", "ed_raw": 0, "hst_raw": 0, "pal_raw": 0}, "geometry": {"type": "Point", "coordinates": [11754.0, 4349.0]}}, {"type": "Feature", "properties": {"sea_point_id": 8576, "name": "Banda Sea", "ed_raw": 0, "hst_raw": 0, "pal_raw": 0}, "geometry": {"type": "Point", "coordinates": [11849.0, 4413.0]}}, {"type": "Feature", "properties": {"sea_point_id": 8577, "name": "Banda Sea", "ed_raw": 0, "hst_raw": 0, "pal_raw": 0}, "geometry": {"type": "Point", "coordinates": [11928.0, 4514.0]}}, {"type": "Feature", "properties": {"sea_point_id": 8579, "name": "Banda Sea", "ed_raw": 0, "hst_raw": 0, "pal_raw": 0}, "geometry": {"type": "Point", "coordinates": [11939.0, 4421.0]}}, {"type": "Feature", "properties": {"sea_point_id": 8580, "name": "Banda Sea", "ed_raw": 0, "hst_raw": 0, "pal_raw": 0}, "geometry": {"type": "Point", "coordinates": [11880.0, 4344.0]}}, {"type": "Feature", "properties": {"sea_point_id": 8581, "name": "Maluku Sea", "ed_raw": 0, "hst_raw": 0, "pal_raw": 0}, "geometry": {"type": "Point", "coordinates": [11813.0, 4267.0]}}, {"type": "Feature", "properties": {"sea_point_id": 8582, "name": "Banda Sea", "ed_raw": 0, "hst_raw": 0, "pal_raw": 0}, "geometry": {"type": "Point", "coordinates": [11868.0, 4157.0]}}, {"type": "Feature", "properties": {"sea_point_id": 8583, "name": "Celebes Sea", "ed_raw": 0, "hst_raw": 0, "pal_raw": 0}, "geometry": {"type": "Point", "coordinates": [11545.0, 4070.0]}}, {"type": "Feature", "properties": {"sea_point_id": 8588, "name": "Celebes Sea", "ed_raw": 0, "hst_raw": 0, "pal_raw": 0}, "geometry": {"type": "Point", "coordinates": [11636.0, 4120.0]}}, {"type": "Feature", "properties": {"sea_point_id": 8589, "name": "Celebes Sea", "ed_raw": 0, "hst_raw": 0, "pal_raw": 0}, "geometry": {"type": "Point", "coordinates": [11717.0, 4069.0]}}, {"type": "Feature", "properties": {"sea_point_id": 8590, "name": "Celebes Sea", "ed_raw": 0, "hst_raw": 0, "pal_raw": 0}, "geometry": {"type": "Point", "coordinates": [11785.0, 4125.0]}}, {"type": "Feature", "properties": {"sea_point_id": 8591, "name": "Celebes Sea", "ed_raw": 0, "hst_raw": 0, "pal_raw": 0}, "geometry": {"type": "Point", "coordinates": [11817.0, 4042.0]}}, {"type": "Feature", "properties": {"sea_point_id": 8592, "name": "Celebes Sea", "ed_raw": 0, "hst_raw": 0, "pal_raw": 0}, "geometry": {"type": "Point", "coordinates": [11874.0, 4095.0]}}, {"type": "Feature", "properties": {"sea_point_id": 8593, "name": "Pacific Ocean", "ed_raw": 0, "hst_raw": 0, "pal_raw": 0}, "geometry": {"type": "Point", "coordinates": [11958.0, 4122.0]}}, {"type": "Feature", "properties": {"sea_point_id": 8594, "name": "Pacific Ocean", "ed_raw": 0, "hst_raw": 0, "pal_raw": 0}, "geometry": {"type": "Point", "coordinates": [12045.0, 4146.0]}}, {"type": "Feature", "properties": {"sea_point_id": 8595, "name": "Pacific Ocean", "ed_raw": 0, "hst_raw": 0, "pal_raw": 0}, "geometry": {"type": "Point", "coordinates": [12136.0, 4123.0]}}, {"type": "Feature", "properties": {"sea_point_id": 8596, "name": "Pacific Ocean", "ed_raw": 0, "hst_raw": 0, "pal_raw": 0}, "geometry": {"type": "Point", "coordinates": [12157.0, 4035.0]}}, {"type": "Feature", "properties": {"sea_point_id": 8597, "name": "Pacific Ocean", "ed_raw": 0, "hst_raw": 0, "pal_raw": 0}, "geometry": {"type": "Point", "coordinates": [12212.0, 4191.0]}}, {"type": "Feature", "properties": {"sea_point_id": 8598, "name": "Pacific Ocean", "ed_raw": 0, "hst_raw": 0, "pal_raw": 0}, "geometry": {"type": "Point", "coordinates": [12257.0, 4087.0]}}, {"type": "Feature", "properties": {"sea_point_id": 8599, "name": "Pacific Ocean", "ed_raw": 0, "hst_raw": 0, "pal_raw": 0}, "geometry": {"type": "Point", "coordinates": [12540.0, 4104.0]}}, {"type": "Feature", "properties": {"sea_point_id": 8600, "name": "Bismarck Sea", "ed_raw": 0, "hst_raw": 0, "pal_raw": 0}, "geometry": {"type": "Point", "coordinates": [12803.0, 4372.0]}}, {"type": "Feature", "properties": {"sea_point_id": 8601, "name": "Bismarck Sea", "ed_raw": 0, "hst_raw": 0, "pal_raw": 0}, "geometry": {"type": "Point", "coordinates": [12782.0, 4291.0]}}, {"type": "Feature", "properties": {"sea_point_id": 8602, "name": "Bismarck Sea", "ed_raw": 0, "hst_raw": 0, "pal_raw": 0}, "geometry": {"type": "Point", "coordinates": [12675.0, 4290.0]}}, {"type": "Feature", "properties": {"sea_point_id": 8604, "name": "Coral Sea", "ed_raw": 0, "hst_raw": 0, "pal_raw": 0}, "geometry": {"type": "Point", "coordinates": [12863.0, 4995.0]}}, {"type": "Feature", "properties": {"sea_point_id": 8605, "name": "Coral Sea", "ed_raw": 0, "hst_raw": 0, "pal_raw": 0}, "geometry": {"type": "Point", "coordinates": [12589.0, 4789.0]}}, {"type": "Feature", "properties": {"sea_point_id": 8607, "name": "Arafura Sea", "ed_raw": 0, "hst_raw": 0, "pal_raw": 0}, "geometry": {"type": "Point", "coordinates": [12362.0, 4698.0]}}, {"type": "Feature", "properties": {"sea_point_id": 8608, "name": "Pacific Ocean", "ed_raw": 0, "hst_raw": 0, "pal_raw": 0}, "geometry": {"type": "Point", "coordinates": [11859.0, 3981.0]}}, {"type": "Feature", "properties": {"sea_point_id": 8609, "name": "Pacific Ocean", "ed_raw": 0, "hst_raw": 0, "pal_raw": 0}, "geometry": {"type": "Point", "coordinates": [11978.0, 3907.0]}}, {"type": "Feature", "properties": {"sea_point_id": 8610, "name": "Pacific Ocean", "ed_raw": 0, "hst_raw": 0, "pal_raw": 0}, "geometry": {"type": "Point", "coordinates": [11870.0, 3853.0]}}, {"type": "Feature", "properties": {"sea_point_id": 8611, "name": "Pacific Ocean", "ed_raw": 0, "hst_raw": 0, "pal_raw": 0}, "geometry": {"type": "Point", "coordinates": [12078.0, 3840.0]}}, {"type": "Feature", "properties": {"sea_point_id": 8612, "name": "Pacific Ocean", "ed_raw": 0, "hst_raw": 0, "pal_raw": 0}, "geometry": {"type": "Point", "coordinates": [12065.0, 3671.0]}}, {"type": "Feature", "properties": {"sea_point_id": 8614, "name": "Pacific Ocean", "ed_raw": 0, "hst_raw": 0, "pal_raw": 0}, "geometry": {"type": "Point", "coordinates": [11989.0, 3727.0]}}, {"type": "Feature", "properties": {"sea_point_id": 8615, "name": "Pacific Ocean", "ed_raw": 0, "hst_raw": 0, "pal_raw": 0}, "geometry": {"type": "Point", "coordinates": [11974.0, 3827.0]}}, {"type": "Feature", "properties": {"sea_point_id": 8616, "name": "Pacific Ocean", "ed_raw": 0, "hst_raw": 0, "pal_raw": 0}, "geometry": {"type": "Point", "coordinates": [11892.0, 3726.0]}}, {"type": "Feature", "properties": {"sea_point_id": 8618, "name": "Pacific Ocean", "ed_raw": 0, "hst_raw": 0, "pal_raw": 0}, "geometry": {"type": "Point", "coordinates": [11805.0, 3782.0]}}, {"type": "Feature", "properties": {"sea_point_id": 8619, "name": "Pacific Ocean", "ed_raw": 0, "hst_raw": 0, "pal_raw": 0}, "geometry": {"type": "Point", "coordinates": [11798.0, 3704.0]}}, {"type": "Feature", "properties": {"sea_point_id": 8621, "name": "Pacific Ocean", "ed_raw": 0, "hst_raw": 0, "pal_raw": 0}, "geometry": {"type": "Point", "coordinates": [11779.0, 3552.0]}}, {"type": "Feature", "properties": {"sea_point_id": 8622, "name": "Pacific Ocean", "ed_raw": 0, "hst_raw": 0, "pal_raw": 0}, "geometry": {"type": "Point", "coordinates": [11866.0, 3619.0]}}, {"type": "Feature", "properties": {"sea_point_id": 8623, "name": "South China Sea", "ed_raw": 0, "hst_raw": 0, "pal_raw": 0}, "geometry": {"type": "Point", "coordinates": [11482.0, 3337.0]}}, {"type": "Feature", "properties": {"sea_point_id": 8624, "name": "Pacific Ocean", "ed_raw": 0, "hst_raw": 0, "pal_raw": 0}, "geometry": {"type": "Point", "coordinates": [11591.0, 3317.0]}}, {"type": "Feature", "properties": {"sea_point_id": 8625, "name": "Pacific Ocean", "ed_raw": 0, "hst_raw": 0, "pal_raw": 0}, "geometry": {"type": "Point", "coordinates": [11671.0, 3563.0]}}, {"type": "Feature", "properties": {"sea_point_id": 8631, "name": "Pacific Ocean", "ed_raw": 0, "hst_raw": 0, "pal_raw": 0}, "geometry": {"type": "Point", "coordinates": [11681.0, 3450.0]}}, {"type": "Feature", "properties": {"sea_point_id": 8632, "name": "Pacific Ocean", "ed_raw": 0, "hst_raw": 0, "pal_raw": 0}, "geometry": {"type": "Point", "coordinates": [11711.0, 3317.0]}}, {"type": "Feature", "properties": {"sea_point_id": 8633, "name": "Pacific Ocean", "ed_raw": 0, "hst_raw": 0, "pal_raw": 0}, "geometry": {"type": "Point", "coordinates": [11611.0, 3226.0]}}, {"type": "Feature", "properties": {"sea_point_id": 8636, "name": "East China Sea", "ed_raw": 0, "hst_raw": 0, "pal_raw": 0}, "geometry": {"type": "Point", "coordinates": [11556.0, 3026.0]}}, {"type": "Feature", "properties": {"sea_point_id": 8637, "name": "Pacific Ocean", "ed_raw": 0, "hst_raw": 0, "pal_raw": 0}, "geometry": {"type": "Point", "coordinates": [11578.0, 3152.0]}}, {"type": "Feature", "properties": {"sea_point_id": 8638, "name": "Pacific Ocean", "ed_raw": 0, "hst_raw": 0, "pal_raw": 0}, "geometry": {"type": "Point", "coordinates": [11688.0, 3235.0]}}, {"type": "Feature", "properties": {"sea_point_id": 8640, "name": "Pacific Ocean", "ed_raw": 0, "hst_raw": 0, "pal_raw": 0}, "geometry": {"type": "Point", "coordinates": [11757.0, 3116.0]}}, {"type": "Feature", "properties": {"sea_point_id": 8641, "name": "Pacific Ocean", "ed_raw": 0, "hst_raw": 0, "pal_raw": 0}, "geometry": {"type": "Point", "coordinates": [11649.0, 3102.0]}}, {"type": "Feature", "properties": {"sea_point_id": 8645, "name": "Pacific Ocean", "ed_raw": 0, "hst_raw": 0, "pal_raw": 0}, "geometry": {"type": "Point", "coordinates": [11791.0, 3014.0]}}, {"type": "Feature", "properties": {"sea_point_id": 8646, "name": "Pacific Ocean", "ed_raw": 0, "hst_raw": 0, "pal_raw": 0}, "geometry": {"type": "Point", "coordinates": [11859.0, 2865.0]}}, {"type": "Feature", "properties": {"sea_point_id": 8649, "name": "Pacific Ocean", "ed_raw": 0, "hst_raw": 0, "pal_raw": 0}, "geometry": {"type": "Point", "coordinates": [11776.0, 2877.0]}}, {"type": "Feature", "properties": {"sea_point_id": 8650, "name": "Pacific Ocean", "ed_raw": 0, "hst_raw": 0, "pal_raw": 0}, "geometry": {"type": "Point", "coordinates": [11834.0, 2796.0]}}, {"type": "Feature", "properties": {"sea_point_id": 8654, "name": "East China Sea", "ed_raw": 0, "hst_raw": 0, "pal_raw": 0}, "geometry": {"type": "Point", "coordinates": [11497.0, 2936.0]}}, {"type": "Feature", "properties": {"sea_point_id": 8656, "name": "East China Sea", "ed_raw": 0, "hst_raw": 0, "pal_raw": 0}, "geometry": {"type": "Point", "coordinates": [11429.0, 2565.0]}}, {"type": "Feature", "properties": {"sea_point_id": 8660, "name": "East China Sea", "ed_raw": 0, "hst_raw": 0, "pal_raw": 0}, "geometry": {"type": "Point", "coordinates": [11387.0, 2483.0]}}, {"type": "Feature", "properties": {"sea_point_id": 8661, "name": "Pacific Ocean", "ed_raw": 0, "hst_raw": 0, "pal_raw": 0}, "geometry": {"type": "Point", "coordinates": [12444.0, 2857.0]}}, {"type": "Feature", "properties": {"sea_point_id": 8662, "name": "Pacific Ocean", "ed_raw": 0, "hst_raw": 0, "pal_raw": 0}, "geometry": {"type": "Point", "coordinates": [12688.0, 2971.0]}}, {"type": "Feature", "properties": {"sea_point_id": 8663, "name": "Pacific Ocean", "ed_raw": 0, "hst_raw": 0, "pal_raw": 0}, "geometry": {"type": "Point", "coordinates": [12838.0, 2719.0]}}, {"type": "Feature", "properties": {"sea_point_id": 8664, "name": "Pacific Ocean", "ed_raw": 0, "hst_raw": 0, "pal_raw": 0}, "geometry": {"type": "Point", "coordinates": [12957.0, 3222.0]}}, {"type": "Feature", "properties": {"sea_point_id": 8665, "name": "East China Sea", "ed_raw": 0, "hst_raw": 0, "pal_raw": 0}, "geometry": {"type": "Point", "coordinates": [11523.0, 2826.0]}}, {"type": "Feature", "properties": {"sea_point_id": 8666, "name": "East China Sea", "ed_raw": 0, "hst_raw": 0, "pal_raw": 0}, "geometry": {"type": "Point", "coordinates": [11575.0, 2907.0]}}, {"type": "Feature", "properties": {"sea_point_id": 8668, "name": "East China Sea", "ed_raw": 0, "hst_raw": 0, "pal_raw": 0}, "geometry": {"type": "Point", "coordinates": [11490.0, 2741.0]}}, {"type": "Feature", "properties": {"sea_point_id": 8673, "name": "East China Sea", "ed_raw": 0, "hst_raw": 0, "pal_raw": 0}, "geometry": {"type": "Point", "coordinates": [11612.0, 2794.0]}}, {"type": "Feature", "properties": {"sea_point_id": 8679, "name": "Pacific Ocean", "ed_raw": 0, "hst_raw": 0, "pal_raw": 0}, "geometry": {"type": "Point", "coordinates": [12261.0, 3967.0]}}, {"type": "Feature", "properties": {"sea_point_id": 8681, "name": "Bismarck Sea", "ed_raw": 0, "hst_raw": 0, "pal_raw": 0}, "geometry": {"type": "Point", "coordinates": [12825.0, 4197.0]}}, {"type": "Feature", "properties": {"sea_point_id": 8682, "name": "Great Australian Bight", "ed_raw": 0, "hst_raw": 0, "pal_raw": 0}, "geometry": {"type": "Point", "coordinates": [12402.0, 5922.0]}}, {"type": "Feature", "properties": {"sea_point_id": 8683, "name": "Tasman Sea", "ed_raw": 0, "hst_raw": 0, "pal_raw": 0}, "geometry": {"type": "Point", "coordinates": [12815.0, 5863.0]}}, {"type": "Feature", "properties": {"sea_point_id": 8685, "name": "Tasman Sea", "ed_raw": 0, "hst_raw": 0, "pal_raw": 0}, "geometry": {"type": "Point", "coordinates": [12842.0, 6051.0]}}, {"type": "Feature", "properties": {"sea_point_id": 8687, "name": "Tasman Sea", "ed_raw": 0, "hst_raw": 0, "pal_raw": 0}, "geometry": {"type": "Point", "coordinates": [12743.0, 6004.0]}}, {"type": "Feature", "properties": {"sea_point_id": 8688, "name": "Tasman Sea", "ed_raw": 0, "hst_raw": 0, "pal_raw": 0}, "geometry": {"type": "Point", "coordinates": [12723.0, 5874.0]}}, {"type": "Feature", "properties": {"sea_point_id": 8689, "name": "Tasman Sea", "ed_raw": 0, "hst_raw": 0, "pal_raw": 0}, "geometry": {"type": "Point", "coordinates": [12794.0, 5941.0]}}, {"type": "Feature", "properties": {"sea_point_id": 8690, "name": "Tasman Sea", "ed_raw": 0, "hst_raw": 0, "pal_raw": 0}, "geometry": {"type": "Point", "coordinates": [12988.0, 5768.0]}}, {"type": "Feature", "properties": {"sea_point_id": 8691, "name": "Tasman Sea", "ed_raw": 0, "hst_raw": 0, "pal_raw": 0}, "geometry": {"type": "Point", "coordinates": [13016.0, 5616.0]}}, {"type": "Feature", "properties": {"sea_point_id": 8694, "name": "Pacific Ocean", "ed_raw": 0, "hst_raw": 0, "pal_raw": 0}, "geometry": {"type": "Point", "coordinates": [13419.0, 5556.0]}}, {"type": "Feature", "properties": {"sea_point_id": 8696, "name": "Pacific Ocean", "ed_raw": 0, "hst_raw": 0, "pal_raw": 0}, "geometry": {"type": "Point", "coordinates": [13501.0, 5508.0]}}, {"type": "Feature", "properties": {"sea_point_id": 8698, "name": "Pacific Ocean", "ed_raw": 0, "hst_raw": 0, "pal_raw": 0}, "geometry": {"type": "Point", "coordinates": [13521.0, 5396.0]}}, {"type": "Feature", "properties": {"sea_point_id": 8699, "name": "Pacific Ocean", "ed_raw": 0, "hst_raw": 0, "pal_raw": 0}, "geometry": {"type": "Point", "coordinates": [13150.0, 5210.0]}}, {"type": "Feature", "properties": {"sea_point_id": 8703, "name": "Pacific Ocean", "ed_raw": 0, "hst_raw": 0, "pal_raw": 0}, "geometry": {"type": "Point", "coordinates": [13505.0, 4944.0]}}, {"type": "Feature", "properties": {"sea_point_id": 8704, "name": "Pacific Ocean", "ed_raw": 0, "hst_raw": 0, "pal_raw": 0}, "geometry": {"type": "Point", "coordinates": [13299.0, 4828.0]}}, {"type": "Feature", "properties": {"sea_point_id": 8705, "name": "Pacific Ocean", "ed_raw": 0, "hst_raw": 0, "pal_raw": 0}, "geometry": {"type": "Point", "coordinates": [13483.0, 4728.0]}}, {"type": "Feature", "properties": {"sea_point_id": 8707, "name": "Pacific Ocean", "ed_raw": 0, "hst_raw": 0, "pal_raw": 0}, "geometry": {"type": "Point", "coordinates": [13182.0, 4305.0]}}, {"type": "Feature", "properties": {"sea_point_id": 8709, "name": "Pacific Ocean", "ed_raw": 0, "hst_raw": 0, "pal_raw": 0}, "geometry": {"type": "Point", "coordinates": [13540.0, 4765.0]}}, {"type": "Feature", "properties": {"sea_point_id": 8711, "name": "Pacific Ocean", "ed_raw": 0, "hst_raw": 0, "pal_raw": 0}, "geometry": {"type": "Point", "coordinates": [13150.0, 4195.0]}}, {"type": "Feature", "properties": {"sea_point_id": 8713, "name": "Pacific Ocean", "ed_raw": 0, "hst_raw": 0, "pal_raw": 0}, "geometry": {"type": "Point", "coordinates": [13493.0, 3428.0]}}, {"type": "Feature", "properties": {"sea_point_id": 8715, "name": "Pacific Ocean", "ed_raw": 0, "hst_raw": 0, "pal_raw": 0}, "geometry": {"type": "Point", "coordinates": [13016.0, 3868.0]}}, {"type": "Feature", "properties": {"sea_point_id": 8716, "name": "Pacific Ocean", "ed_raw": 0, "hst_raw": 0, "pal_raw": 0}, "geometry": {"type": "Point", "coordinates": [13213.0, 1731.0]}}, {"type": "Feature", "properties": {"sea_point_id": 8717, "name": "Bering Sea", "ed_raw": 0, "hst_raw": 0, "pal_raw": 0}, "geometry": {"type": "Point", "coordinates": [13526.0, 1031.0]}}, {"type": "Feature", "properties": {"sea_point_id": 8722, "name": "Laptev Sea", "ed_raw": 0, "hst_raw": 0, "pal_raw": 0}, "geometry": {"type": "Point", "coordinates": [11113.0, 223.0]}}, {"type": "Feature", "properties": {"sea_point_id": 8725, "name": "Barents Sea", "ed_raw": 0, "hst_raw": 0, "pal_raw": 0}, "geometry": {"type": "Point", "coordinates": [7559.0, 573.0]}}, {"type": "Feature", "properties": {"sea_point_id": 8726, "name": "Sea of Japan", "ed_raw": 0, "hst_raw": 0, "pal_raw": 0}, "geometry": {"type": "Point", "coordinates": [11732.0, 2319.0]}}, {"type": "Feature", "properties": {"sea_point_id": 8730, "name": "Sea of Japan", "ed_raw": 0, "hst_raw": 0, "pal_raw": 0}, "geometry": {"type": "Point", "coordinates": [11848.0, 2304.0]}}, {"type": "Feature", "properties": {"sea_point_id": 8732, "name": "Sea of Japan", "ed_raw": 0, "hst_raw": 0, "pal_raw": 0}, "geometry": {"type": "Point", "coordinates": [11892.0, 2198.0]}}, {"type": "Feature", "properties": {"sea_point_id": 8739, "name": "Pacific Ocean", "ed_raw": 0, "hst_raw": 0, "pal_raw": 0}, "geometry": {"type": "Point", "coordinates": [12103.0, 1914.0]}}, {"type": "Feature", "properties": {"sea_point_id": 8742, "name": "Pacific Ocean", "ed_raw": 0, "hst_raw": 0, "pal_raw": 0}, "geometry": {"type": "Point", "coordinates": [12185.0, 1857.0]}}, {"type": "Feature", "properties": {"sea_point_id": 8744, "name": "Sea of Okhotsk", "ed_raw": 0, "hst_raw": 0, "pal_raw": 0}, "geometry": {"type": "Point", "coordinates": [11810.0, 1251.0]}}, {"type": "Feature", "properties": {"sea_point_id": 8745, "name": "Sea of Okhotsk", "ed_raw": 0, "hst_raw": 0, "pal_raw": 0}, "geometry": {"type": "Point", "coordinates": [12170.0, 1197.0]}}, {"type": "Feature", "properties": {"sea_point_id": 8746, "name": "Sea of Okhotsk", "ed_raw": 0, "hst_raw": 0, "pal_raw": 0}, "geometry": {"type": "Point", "coordinates": [12374.0, 1022.0]}}, {"type": "Feature", "properties": {"sea_point_id": 8748, "name": "Atlantic Ocean", "ed_raw": 0, "hst_raw": 0, "pal_raw": 0}, "geometry": {"type": "Point", "coordinates": [5927.0, 5018.0]}}, {"type": "Feature", "properties": {"sea_point_id": 8751, "name": "Baltic Sea", "ed_raw": 0, "hst_raw": 0, "pal_raw": 0}, "geometry": {"type": "Point", "coordinates": [7002.0, 1540.0]}}, {"type": "Feature", "properties": {"sea_point_id": 8752, "name": "Baltic Sea", "ed_raw": 0, "hst_raw": 0, "pal_raw": 0}, "geometry": {"type": "Point", "coordinates": [7023.0, 1478.0]}}, {"type": "Feature", "properties": {"sea_point_id": 8753, "name": "Baltic Sea", "ed_raw": 0, "hst_raw": 0, "pal_raw": 0}, "geometry": {"type": "Point", "coordinates": [7021.0, 1413.0]}}, {"type": "Feature", "properties": {"sea_point_id": 8755, "name": "North Sea", "ed_raw": 0, "hst_raw": 0, "pal_raw": 0}, "geometry": {"type": "Point", "coordinates": [6374.0, 1360.0]}}, {"type": "Feature", "properties": {"sea_point_id": 8756, "name": "Lake Victoria", "ed_raw": 0, "hst_raw": 0, "pal_raw": 0}, "geometry": {"type": "Point", "coordinates": [7623.0, 4480.0]}}, {"type": "Feature", "properties": {"sea_point_id": 8766, "name": "Artic Ocean", "ed_raw": 0, "hst_raw": 0, "pal_raw": 0}, "geometry": {"type": "Point", "coordinates": [5168.0, 858.0]}}, {"type": "Feature", "properties": {"sea_point_id": 8774, "name": "Gulf of Mexico", "ed_raw": 0, "hst_raw": 0, "pal_raw": 0}, "geometry": {"type": "Point", "coordinates": [3045.0, 2713.0]}}, {"type": "Feature", "properties": {"sea_point_id": 8775, "name": "Pacific Ocean", "ed_raw": 0, "hst_raw": 0, "pal_raw": 0}, "geometry": {"type": "Point", "coordinates": [11987.0, 2682.0]}}, {"type": "Feature", "properties": {"sea_point_id": 8777, "name": "Pacific Ocean", "ed_raw": 0, "hst_raw": 0, "pal_raw": 0}, "geometry": {"type": "Point", "coordinates": [12156.0, 2251.0]}}, {"type": "Feature", "properties": {"sea_point_id": 8779, "name": "Pacific Ocean", "ed_raw": 0, "hst_raw": 0, "pal_raw": 0}, "geometry": {"type": "Point", "coordinates": [12137.0, 2541.0]}}, {"type": "Feature", "properties": {"sea_point_id": 8781, "name": "Caribbean Sea", "ed_raw": 0, "hst_raw": 0, "pal_raw": 0}, "geometry": {"type": "Point", "coordinates": [3623.0, 3547.0]}}, {"type": "Feature", "properties": {"sea_point_id": 8782, "name": "Messina Canyon", "ed_raw": 0, "hst_raw": 0, "pal_raw": 0}, "geometry": {"type": "Point", "coordinates": [6885.0, 2824.0]}}, {"type": "Feature", "properties": {"sea_point_id": 8783, "name": "Arabian Sea", "ed_raw": 0, "hst_raw": 0, "pal_raw": 0}, "geometry": {"type": "Point", "coordinates": [9166.0, 3274.0]}}]}