{"type": "FeatureCollection", "features": [{"type": "Feature", "properties": {"province_id": 24, "name": "Arjeborg", "marker_index": 0, "terrain_type_id": 12, "terrain_type": "Mountain"}, "geometry": {"type": "Point", "coordinates": [6888.0, 881.0]}}, {"type": "Feature", "properties": {"province_id": 24, "name": "Arjeborg", "marker_index": 1, "terrain_type_id": 12, "terrain_type": "Mountain"}, "geometry": {"type": "Point", "coordinates": [6915.0, 848.0]}}, {"type": "Feature", "properties": {"province_id": 24, "name": "Arjeborg", "marker_index": 2, "terrain_type_id": 12, "terrain_type": "Mountain"}, "geometry": {"type": "Point", "coordinates": [6916.0, 872.0]}}, {"type": "Feature", "properties": {"province_id": 24, "name": "Arjeborg", "marker_index": 3, "terrain_type_id": 12, "terrain_type": "Mountain"}, "geometry": {"type": "Point", "coordinates": [6917.0, 889.0]}}, {"type": "Feature", "properties": {"province_id": 24, "name": "Arjeborg", "marker_index": 4, "terrain_type_id": 12, "terrain_type": "Mountain"}, "geometry": {"type": "Point", "coordinates": [6929.0, 832.0]}}, {"type": "Feature", "properties": {"province_id": 24, "name": "Arjeborg", "marker_index": 5, "terrain_type_id": 12, "terrain_type": "Mountain"}, "geometry": {"type": "Point", "coordinates": [6934.0, 874.0]}}, {"type": "Feature", "properties": {"province_id": 24, "name": "Arjeborg", "marker_index": 6, "terrain_type_id": 12, "terrain_type": "Mountain"}, "geometry": {"type": "Point", "coordinates": [6935.0, 853.0]}}, {"type": "Feature", "properties": {"province_id": 24, "name": "Arjeborg", "marker_index": 7, "terrain_type_id": 12, "terrain_type": "Mountain"}, "geometry": {"type": "Point", "coordinates": [6941.0, 813.0]}}, {"type": "Feature", "properties": {"province_id": 24, "name": "Arjeborg", "marker_index": 8, "terrain_type_id": 12, "terrain_type": "Mountain"}, "geometry": {"type": "Point", "coordinates": [6949.0, 841.0]}}, {"type": "Feature", "properties": {"province_id": 24, "name": "Arjeborg", "marker_index": 9, "terrain_type_id": 12, "terrain_type": "Mountain"}, "geometry": {"type": "Point", "coordinates": [6960.0, 798.0]}}, {"type": "Feature", "properties": {"province_id": 24, "name": "Arjeborg", "marker_index": 10, "terrain_type_id": 12, "terrain_type": "Mountain"}, "geometry": {"type": "Point", "coordinates": [6967.0, 833.0]}}, {"type": "Feature", "properties": {"province_id": 24, "name": "Arjeborg", "marker_index": 11, "terrain_type_id": 12, "terrain_type": "Mountain"}, "geometry": {"type": "Point", "coordinates": [6969.0, 823.0]}}, {"type": "Feature", "properties": {"province_id": 24, "name": "Arjeborg", "marker_index": 12, "terrain_type_id": 12, "terrain_type": "Mountain"}, "geometry": {"type": "Point", "coordinates": [6976.0, 797.0]}}, {"type": "Feature", "properties": {"province_id": 24, "name": "Arjeborg", "marker_index": 13, "terrain_type_id": 12, "terrain_type": "Mountain"}, "geometry": {"type": "Point", "coordinates": [6983.0, 832.0]}}, {"type": "Feature", "properties": {"province_id": 40, "name": "Narvik", "marker_index": 0, "terrain_type_id": 12, "terrain_type": "Mountain"}, "geometry": {"type": "Point", "coordinates": [6870.0, 805.0]}}, {"type": "Feature", "properties": {"province_id": 40, "name": "Narvik", "marker_index": 1, "terrain_type_id": 12, "terrain_type": "Mountain"}, "geometry": {"type": "Point", "coordinates": [6887.0, 793.0]}}, {"type": "Feature", "properties": {"province_id": 40, "name": "Narvik", "marker_index": 2, "terrain_type_id": 12, "terrain_type": "Mountain"}, "geometry": {"type": "Point", "coordinates": [6889.0, 815.0]}}, {"type": "Feature", "properties": {"province_id": 40, "name": "Narvik", "marker_index": 3, "terrain_type_id": 12, "terrain_type": "Mountain"}, "geometry": {"type": "Point", "coordinates": [6905.0, 803.0]}}, {"type": "Feature", "properties": {"province_id": 40, "name": "Narvik", "marker_index": 4, "terrain_type_id": 12, "terrain_type": "Mountain"}, "geometry": {"type": "Point", "coordinates": [6907.0, 790.0]}}, {"type": "Feature", "properties": {"province_id": 40, "name": "Narvik", "marker_index": 5, "terrain_type_id": 12, "terrain_type": "Mountain"}, "geometry": {"type": "Point", "coordinates": [6921.0, 786.0]}}, {"type": "Feature", "properties": {"province_id": 40, "name": "Narvik", "marker_index": 6, "terrain_type_id": 12, "terrain_type": "Mountain"}, "geometry": {"type": "Point", "coordinates": [6922.0, 772.0]}}, {"type": "Feature", "properties": {"province_id": 40, "name": "Narvik", "marker_index": 7, "terrain_type_id": 12, "terrain_type": "Mountain"}, "geometry": {"type": "Point", "coordinates": [6923.0, 748.0]}}, {"type": "Feature", "properties": {"province_id": 40, "name": "Narvik", "marker_index": 8, "terrain_type_id": 12, "terrain_type": "Mountain"}, "geometry": {"type": "Point", "coordinates": [6933.0, 732.0]}}, {"type": "Feature", "properties": {"province_id": 40, "name": "Narvik", "marker_index": 9, "terrain_type_id": 12, "terrain_type": "Mountain"}, "geometry": {"type": "Point", "coordinates": [6935.0, 757.0]}}, {"type": "Feature", "properties": {"province_id": 40, "name": "Narvik", "marker_index": 10, "terrain_type_id": 12, "terrain_type": "Mountain"}, "geometry": {"type": "Point", "coordinates": [6948.0, 734.0]}}, {"type": "Feature", "properties": {"province_id": 40, "name": "Narvik", "marker_index": 11, "terrain_type_id": 12, "terrain_type": "Mountain"}, "geometry": {"type": "Point", "coordinates": [6948.0, 760.0]}}, {"type": "Feature", "properties": {"province_id": 40, "name": "Narvik", "marker_index": 12, "terrain_type_id": 12, "terrain_type": "Mountain"}, "geometry": {"type": "Point", "coordinates": [6949.0, 716.0]}}, {"type": "Feature", "properties": {"province_id": 40, "name": "Narvik", "marker_index": 13, "terrain_type_id": 12, "terrain_type": "Mountain"}, "geometry": {"type": "Point", "coordinates": [6966.0, 720.0]}}, {"type": "Feature", "properties": {"province_id": 40, "name": "Narvik", "marker_index": 14, "terrain_type_id": 12, "terrain_type": "Mountain"}, "geometry": {"type": "Point", "coordinates": [6966.0, 731.0]}}, {"type": "Feature", "properties": {"province_id": 40, "name": "Narvik", "marker_index": 15, "terrain_type_id": 12, "terrain_type": "Mountain"}, "geometry": {"type": "Point", "coordinates": [6986.0, 724.0]}}, {"type": "Feature", "properties": {"province_id": 40, "name": "Narvik", "marker_index": 16, "terrain_type_id": 12, "terrain_type": "Mountain"}, "geometry": {"type": "Point", "coordinates": [7004.0, 711.0]}}, {"type": "Feature", "properties": {"province_id": 42, "name": "Alta", "marker_index": 0, "terrain_type_id": 12, "terrain_type": "Mountain"}, "geometry": {"type": "Point", "coordinates": [7031.0, 677.0]}}, {"type": "Feature", "properties": {"province_id": 42, "name": "Alta", "marker_index": 1, "terrain_type_id": 12, "terrain_type": "Mountain"}, "geometry": {"type": "Point", "coordinates": [7036.0, 693.0]}}, {"type": "Feature", "properties": {"province_id": 42, "name": "Alta", "marker_index": 2, "terrain_type_id": 12, "terrain_type": "Mountain"}, "geometry": {"type": "Point", "coordinates": [7055.0, 673.0]}}, {"type": "Feature", "properties": {"province_id": 42, "name": "Alta", "marker_index": 3, "terrain_type_id": 12, "terrain_type": "Mountain"}, "geometry": {"type": "Point", "coordinates": [7075.0, 663.0]}}, {"type": "Feature", "properties": {"province_id": 42, "name": "Alta", "marker_index": 4, "terrain_type_id": 12, "terrain_type": "Mountain"}, "geometry": {"type": "Point", "coordinates": [7106.0, 671.0]}}, {"type": "Feature", "properties": {"province_id": 42, "name": "Alta", "marker_index": 5, "terrain_type_id": 12, "terrain_type": "Mountain"}, "geometry": {"type": "Point", "coordinates": [7117.0, 654.0]}}, {"type": "Feature", "properties": {"province_id": 42, "name": "Alta", "marker_index": 6, "terrain_type_id": 12, "terrain_type": "Mountain"}, "geometry": {"type": "Point", "coordinates": [7123.0, 686.0]}}, {"type": "Feature", "properties": {"province_id": 42, "name": "Alta", "marker_index": 7, "terrain_type_id": 12, "terrain_type": "Mountain"}, "geometry": {"type": "Point", "coordinates": [7137.0, 640.0]}}, {"type": "Feature", "properties": {"province_id": 42, "name": "Alta", "marker_index": 8, "terrain_type_id": 12, "terrain_type": "Mountain"}, "geometry": {"type": "Point", "coordinates": [7140.0, 662.0]}}, {"type": "Feature", "properties": {"province_id": 42, "name": "Alta", "marker_index": 9, "terrain_type_id": 12, "terrain_type": "Mountain"}, "geometry": {"type": "Point", "coordinates": [7155.0, 707.0]}}, {"type": "Feature", "properties": {"province_id": 42, "name": "Alta", "marker_index": 10, "terrain_type_id": 12, "terrain_type": "Mountain"}, "geometry": {"type": "Point", "coordinates": [7166.0, 670.0]}}, {"type": "Feature", "properties": {"province_id": 42, "name": "Alta", "marker_index": 11, "terrain_type_id": 12, "terrain_type": "Mountain"}, "geometry": {"type": "Point", "coordinates": [7194.0, 673.0]}}, {"type": "Feature", "properties": {"province_id": 42, "name": "Alta", "marker_index": 12, "terrain_type_id": 12, "terrain_type": "Mountain"}, "geometry": {"type": "Point", "coordinates": [7209.0, 652.0]}}, {"type": "Feature", "properties": {"province_id": 42, "name": "Alta", "marker_index": 13, "terrain_type_id": 12, "terrain_type": "Mountain"}, "geometry": {"type": "Point", "coordinates": [7228.0, 650.0]}}, {"type": "Feature", "properties": {"province_id": 42, "name": "Alta", "marker_index": 14, "terrain_type_id": 12, "terrain_type": "Mountain"}, "geometry": {"type": "Point", "coordinates": [7289.0, 623.0]}}, {"type": "Feature", "properties": {"province_id": 42, "name": "Alta", "marker_index": 15, "terrain_type_id": 12, "terrain_type": "Mountain"}, "geometry": {"type": "Point", "coordinates": [7296.0, 625.0]}}, {"type": "Feature", "properties": {"province_id": 44, "name": "Steinkjer", "marker_index": 0, "terrain_type_id": 12, "terrain_type": "Mountain"}, "geometry": {"type": "Point", "coordinates": [6697.0, 1016.0]}}, {"type": "Feature", "properties": {"province_id": 44, "name": "Steinkjer", "marker_index": 1, "terrain_type_id": 12, "terrain_type": "Mountain"}, "geometry": {"type": "Point", "coordinates": [6718.0, 1006.0]}}, {"type": "Feature", "properties": {"province_id": 44, "name": "Steinkjer", "marker_index": 2, "terrain_type_id": 12, "terrain_type": "Mountain"}, "geometry": {"type": "Point", "coordinates": [6734.0, 1043.0]}}, {"type": "Feature", "properties": {"province_id": 44, "name": "Steinkjer", "marker_index": 3, "terrain_type_id": 12, "terrain_type": "Mountain"}, "geometry": {"type": "Point", "coordinates": [6735.0, 1008.0]}}, {"type": "Feature", "properties": {"province_id": 44, "name": "Steinkjer", "marker_index": 4, "terrain_type_id": 12, "terrain_type": "Mountain"}, "geometry": {"type": "Point", "coordinates": [6746.0, 1033.0]}}, {"type": "Feature", "properties": {"province_id": 44, "name": "Steinkjer", "marker_index": 5, "terrain_type_id": 12, "terrain_type": "Mountain"}, "geometry": {"type": "Point", "coordinates": [6751.0, 979.0]}}, {"type": "Feature", "properties": {"province_id": 44, "name": "Steinkjer", "marker_index": 6, "terrain_type_id": 12, "terrain_type": "Mountain"}, "geometry": {"type": "Point", "coordinates": [6756.0, 1016.0]}}, {"type": "Feature", "properties": {"province_id": 44, "name": "Steinkjer", "marker_index": 7, "terrain_type_id": 12, "terrain_type": "Mountain"}, "geometry": {"type": "Point", "coordinates": [6760.0, 955.0]}}, {"type": "Feature", "properties": {"province_id": 44, "name": "Steinkjer", "marker_index": 8, "terrain_type_id": 12, "terrain_type": "Mountain"}, "geometry": {"type": "Point", "coordinates": [6769.0, 930.0]}}, {"type": "Feature", "properties": {"province_id": 44, "name": "Steinkjer", "marker_index": 9, "terrain_type_id": 12, "terrain_type": "Mountain"}, "geometry": {"type": "Point", "coordinates": [6771.0, 978.0]}}, {"type": "Feature", "properties": {"province_id": 44, "name": "Steinkjer", "marker_index": 10, "terrain_type_id": 12, "terrain_type": "Mountain"}, "geometry": {"type": "Point", "coordinates": [6772.0, 999.0]}}, {"type": "Feature", "properties": {"province_id": 44, "name": "Steinkjer", "marker_index": 11, "terrain_type_id": 12, "terrain_type": "Mountain"}, "geometry": {"type": "Point", "coordinates": [6782.0, 945.0]}}, {"type": "Feature", "properties": {"province_id": 44, "name": "Steinkjer", "marker_index": 12, "terrain_type_id": 12, "terrain_type": "Mountain"}, "geometry": {"type": "Point", "coordinates": [6786.0, 977.0]}}, {"type": "Feature", "properties": {"province_id": 44, "name": "Steinkjer", "marker_index": 13, "terrain_type_id": 12, "terrain_type": "Mountain"}, "geometry": {"type": "Point", "coordinates": [6793.0, 921.0]}}, {"type": "Feature", "properties": {"province_id": 44, "name": "Steinkjer", "marker_index": 14, "terrain_type_id": 12, "terrain_type": "Mountain"}, "geometry": {"type": "Point", "coordinates": [6806.0, 953.0]}}, {"type": "Feature", "properties": {"province_id": 44, "name": "Steinkjer", "marker_index": 15, "terrain_type_id": 12, "terrain_type": "Mountain"}, "geometry": {"type": "Point", "coordinates": [6810.0, 939.0]}}, {"type": "Feature", "properties": {"province_id": 44, "name": "Steinkjer", "marker_index": 16, "terrain_type_id": 12, "terrain_type": "Mountain"}, "geometry": {"type": "Point", "coordinates": [6812.0, 965.0]}}, {"type": "Feature", "properties": {"province_id": 44, "name": "Steinkjer", "marker_index": 17, "terrain_type_id": 12, "terrain_type": "Mountain"}, "geometry": {"type": "Point", "coordinates": [6816.0, 924.0]}}, {"type": "Feature", "properties": {"province_id": 44, "name": "Steinkjer", "marker_index": 18, "terrain_type_id": 12, "terrain_type": "Mountain"}, "geometry": {"type": "Point", "coordinates": [6819.0, 945.0]}}, {"type": "Feature", "properties": {"province_id": 44, "name": "Steinkjer", "marker_index": 19, "terrain_type_id": 12, "terrain_type": "Mountain"}, "geometry": {"type": "Point", "coordinates": [6836.0, 934.0]}}, {"type": "Feature", "properties": {"province_id": 50, "name": "Bergen", "marker_index": 0, "terrain_type_id": 12, "terrain_type": "Mountain"}, "geometry": {"type": "Point", "coordinates": [6517.0, 1228.0]}}, {"type": "Feature", "properties": {"province_id": 50, "name": "Bergen", "marker_index": 1, "terrain_type_id": 12, "terrain_type": "Mountain"}, "geometry": {"type": "Point", "coordinates": [6531.0, 1223.0]}}, {"type": "Feature", "properties": {"province_id": 50, "name": "Bergen", "marker_index": 2, "terrain_type_id": 12, "terrain_type": "Mountain"}, "geometry": {"type": "Point", "coordinates": [6535.0, 1259.0]}}, {"type": "Feature", "properties": {"province_id": 50, "name": "Bergen", "marker_index": 3, "terrain_type_id": 12, "terrain_type": "Mountain"}, "geometry": {"type": "Point", "coordinates": [6544.0, 1238.0]}}, {"type": "Feature", "properties": {"province_id": 50, "name": "Bergen", "marker_index": 4, "terrain_type_id": 12, "terrain_type": "Mountain"}, "geometry": {"type": "Point", "coordinates": [6555.0, 1227.0]}}, {"type": "Feature", "properties": {"province_id": 50, "name": "Bergen", "marker_index": 5, "terrain_type_id": 12, "terrain_type": "Mountain"}, "geometry": {"type": "Point", "coordinates": [6567.0, 1218.0]}}, {"type": "Feature", "properties": {"province_id": 50, "name": "Bergen", "marker_index": 6, "terrain_type_id": 12, "terrain_type": "Mountain"}, "geometry": {"type": "Point", "coordinates": [6569.0, 1233.0]}}, {"type": "Feature", "properties": {"province_id": 50, "name": "Bergen", "marker_index": 7, "terrain_type_id": 12, "terrain_type": "Mountain"}, "geometry": {"type": "Point", "coordinates": [6570.0, 1248.0]}}, {"type": "Feature", "properties": {"province_id": 50, "name": "Bergen", "marker_index": 8, "terrain_type_id": 12, "terrain_type": "Mountain"}, "geometry": {"type": "Point", "coordinates": [6586.0, 1244.0]}}, {"type": "Feature", "properties": {"province_id": 50, "name": "Bergen", "marker_index": 9, "terrain_type_id": 12, "terrain_type": "Mountain"}, "geometry": {"type": "Point", "coordinates": [6591.0, 1216.0]}}, {"type": "Feature", "properties": {"province_id": 50, "name": "Bergen", "marker_index": 10, "terrain_type_id": 12, "terrain_type": "Mountain"}, "geometry": {"type": "Point", "coordinates": [6591.0, 1233.0]}}, {"type": "Feature", "properties": {"province_id": 50, "name": "Bergen", "marker_index": 11, "terrain_type_id": 12, "terrain_type": "Mountain"}, "geometry": {"type": "Point", "coordinates": [6603.0, 1220.0]}}, {"type": "Feature", "properties": {"province_id": 50, "name": "Bergen", "marker_index": 12, "terrain_type_id": 12, "terrain_type": "Mountain"}, "geometry": {"type": "Point", "coordinates": [6610.0, 1206.0]}}, {"type": "Feature", "properties": {"province_id": 50, "name": "Bergen", "marker_index": 13, "terrain_type_id": 12, "terrain_type": "Mountain"}, "geometry": {"type": "Point", "coordinates": [6613.0, 1239.0]}}, {"type": "Feature", "properties": {"province_id": 50, "name": "Bergen", "marker_index": 14, "terrain_type_id": 12, "terrain_type": "Mountain"}, "geometry": {"type": "Point", "coordinates": [6622.0, 1212.0]}}, {"type": "Feature", "properties": {"province_id": 50, "name": "Bergen", "marker_index": 15, "terrain_type_id": 12, "terrain_type": "Mountain"}, "geometry": {"type": "Point", "coordinates": [6631.0, 1201.0]}}, {"type": "Feature", "properties": {"province_id": 51, "name": "Stryn", "marker_index": 0, "terrain_type_id": 12, "terrain_type": "Mountain"}, "geometry": {"type": "Point", "coordinates": [6497.0, 1181.0]}}, {"type": "Feature", "properties": {"province_id": 51, "name": "Stryn", "marker_index": 1, "terrain_type_id": 12, "terrain_type": "Mountain"}, "geometry": {"type": "Point", "coordinates": [6511.0, 1173.0]}}, {"type": "Feature", "properties": {"province_id": 51, "name": "Stryn", "marker_index": 2, "terrain_type_id": 12, "terrain_type": "Mountain"}, "geometry": {"type": "Point", "coordinates": [6533.0, 1176.0]}}, {"type": "Feature", "properties": {"province_id": 51, "name": "Stryn", "marker_index": 3, "terrain_type_id": 12, "terrain_type": "Mountain"}, "geometry": {"type": "Point", "coordinates": [6545.0, 1130.0]}}, {"type": "Feature", "properties": {"province_id": 51, "name": "Stryn", "marker_index": 4, "terrain_type_id": 12, "terrain_type": "Mountain"}, "geometry": {"type": "Point", "coordinates": [6553.0, 1161.0]}}, {"type": "Feature", "properties": {"province_id": 51, "name": "Stryn", "marker_index": 5, "terrain_type_id": 12, "terrain_type": "Mountain"}, "geometry": {"type": "Point", "coordinates": [6562.0, 1180.0]}}, {"type": "Feature", "properties": {"province_id": 51, "name": "Stryn", "marker_index": 6, "terrain_type_id": 12, "terrain_type": "Mountain"}, "geometry": {"type": "Point", "coordinates": [6568.0, 1126.0]}}, {"type": "Feature", "properties": {"province_id": 51, "name": "Stryn", "marker_index": 7, "terrain_type_id": 12, "terrain_type": "Mountain"}, "geometry": {"type": "Point", "coordinates": [6570.0, 1143.0]}}, {"type": "Feature", "properties": {"province_id": 51, "name": "Stryn", "marker_index": 8, "terrain_type_id": 12, "terrain_type": "Mountain"}, "geometry": {"type": "Point", "coordinates": [6571.0, 1155.0]}}, {"type": "Feature", "properties": {"province_id": 51, "name": "Stryn", "marker_index": 9, "terrain_type_id": 12, "terrain_type": "Mountain"}, "geometry": {"type": "Point", "coordinates": [6574.0, 1175.0]}}, {"type": "Feature", "properties": {"province_id": 51, "name": "Stryn", "marker_index": 10, "terrain_type_id": 12, "terrain_type": "Mountain"}, "geometry": {"type": "Point", "coordinates": [6583.0, 1138.0]}}, {"type": "Feature", "properties": {"province_id": 51, "name": "Stryn", "marker_index": 11, "terrain_type_id": 12, "terrain_type": "Mountain"}, "geometry": {"type": "Point", "coordinates": [6590.0, 1123.0]}}, {"type": "Feature", "properties": {"province_id": 51, "name": "Stryn", "marker_index": 12, "terrain_type_id": 12, "terrain_type": "Mountain"}, "geometry": {"type": "Point", "coordinates": [6591.0, 1163.0]}}, {"type": "Feature", "properties": {"province_id": 51, "name": "Stryn", "marker_index": 13, "terrain_type_id": 12, "terrain_type": "Mountain"}, "geometry": {"type": "Point", "coordinates": [6601.0, 1139.0]}}, {"type": "Feature", "properties": {"province_id": 51, "name": "Stryn", "marker_index": 14, "terrain_type_id": 12, "terrain_type": "Mountain"}, "geometry": {"type": "Point", "coordinates": [6606.0, 1117.0]}}, {"type": "Feature", "properties": {"province_id": 51, "name": "Stryn", "marker_index": 15, "terrain_type_id": 12, "terrain_type": "Mountain"}, "geometry": {"type": "Point", "coordinates": [6608.0, 1176.0]}}, {"type": "Feature", "properties": {"province_id": 51, "name": "Stryn", "marker_index": 16, "terrain_type_id": 12, "terrain_type": "Mountain"}, "geometry": {"type": "Point", "coordinates": [6611.0, 1157.0]}}, {"type": "Feature", "properties": {"province_id": 51, "name": "Stryn", "marker_index": 17, "terrain_type_id": 12, "terrain_type": "Mountain"}, "geometry": {"type": "Point", "coordinates": [6629.0, 1138.0]}}, {"type": "Feature", "properties": {"province_id": 51, "name": "Stryn", "marker_index": 18, "terrain_type_id": 12, "terrain_type": "Mountain"}, "geometry": {"type": "Point", "coordinates": [6630.0, 1127.0]}}, {"type": "Feature", "properties": {"province_id": 51, "name": "Stryn", "marker_index": 19, "terrain_type_id": 12, "terrain_type": "Mountain"}, "geometry": {"type": "Point", "coordinates": [6631.0, 1177.0]}}, {"type": "Feature", "properties": {"province_id": 51, "name": "Stryn", "marker_index": 20, "terrain_type_id": 12, "terrain_type": "Mountain"}, "geometry": {"type": "Point", "coordinates": [6639.0, 1162.0]}}, {"type": "Feature", "properties": {"province_id": 57, "name": "Bern", "marker_index": 0, "terrain_type_id": 12, "terrain_type": "Mountain"}, "geometry": {"type": "Point", "coordinates": [6398.0, 2165.0]}}, {"type": "Feature", "properties": {"province_id": 57, "name": "Bern", "marker_index": 1, "terrain_type_id": 12, "terrain_type": "Mountain"}, "geometry": {"type": "Point", "coordinates": [6415.0, 2142.0]}}, {"type": "Feature", "properties": {"province_id": 57, "name": "Bern", "marker_index": 2, "terrain_type_id": 12, "terrain_type": "Mountain"}, "geometry": {"type": "Point", "coordinates": [6428.0, 2151.0]}}, {"type": "Feature", "properties": {"province_id": 57, "name": "Bern", "marker_index": 3, "terrain_type_id": 12, "terrain_type": "Mountain"}, "geometry": {"type": "Point", "coordinates": [6435.0, 2133.0]}}, {"type": "Feature", "properties": {"province_id": 57, "name": "Bern", "marker_index": 4, "terrain_type_id": 12, "terrain_type": "Mountain"}, "geometry": {"type": "Point", "coordinates": [6441.0, 2156.0]}}, {"type": "Feature", "properties": {"province_id": 57, "name": "Bern", "marker_index": 5, "terrain_type_id": 12, "terrain_type": "Mountain"}, "geometry": {"type": "Point", "coordinates": [6445.0, 2131.0]}}, {"type": "Feature", "properties": {"province_id": 57, "name": "Bern", "marker_index": 6, "terrain_type_id": 12, "terrain_type": "Mountain"}, "geometry": {"type": "Point", "coordinates": [6450.0, 2158.0]}}, {"type": "Feature", "properties": {"province_id": 57, "name": "Bern", "marker_index": 7, "terrain_type_id": 12, "terrain_type": "Mountain"}, "geometry": {"type": "Point", "coordinates": [6452.0, 2140.0]}}, {"type": "Feature", "properties": {"province_id": 57, "name": "Bern", "marker_index": 8, "terrain_type_id": 12, "terrain_type": "Mountain"}, "geometry": {"type": "Point", "coordinates": [6460.0, 2134.0]}}, {"type": "Feature", "properties": {"province_id": 57, "name": "Bern", "marker_index": 9, "terrain_type_id": 12, "terrain_type": "Mountain"}, "geometry": {"type": "Point", "coordinates": [6473.0, 2140.0]}}, {"type": "Feature", "properties": {"province_id": 80, "name": "Tarnów", "marker_index": 0, "terrain_type_id": 12, "terrain_type": "Mountain"}, "geometry": {"type": "Point", "coordinates": [7059.0, 1946.0]}}, {"type": "Feature", "properties": {"province_id": 80, "name": "Tarnów", "marker_index": 1, "terrain_type_id": 12, "terrain_type": "Mountain"}, "geometry": {"type": "Point", "coordinates": [7069.0, 1958.0]}}, {"type": "Feature", "properties": {"province_id": 80, "name": "Tarnów", "marker_index": 2, "terrain_type_id": 12, "terrain_type": "Mountain"}, "geometry": {"type": "Point", "coordinates": [7072.0, 1948.0]}}, {"type": "Feature", "properties": {"province_id": 80, "name": "Tarnów", "marker_index": 3, "terrain_type_id": 12, "terrain_type": "Mountain"}, "geometry": {"type": "Point", "coordinates": [7090.0, 1943.0]}}, {"type": "Feature", "properties": {"province_id": 80, "name": "Tarnów", "marker_index": 4, "terrain_type_id": 12, "terrain_type": "Mountain"}, "geometry": {"type": "Point", "coordinates": [7090.0, 1962.0]}}, {"type": "Feature", "properties": {"province_id": 80, "name": "Tarnów", "marker_index": 5, "terrain_type_id": 12, "terrain_type": "Mountain"}, "geometry": {"type": "Point", "coordinates": [7104.0, 1938.0]}}, {"type": "Feature", "properties": {"province_id": 80, "name": "Tarnów", "marker_index": 6, "terrain_type_id": 12, "terrain_type": "Mountain"}, "geometry": {"type": "Point", "coordinates": [7111.0, 1958.0]}}, {"type": "Feature", "properties": {"province_id": 80, "name": "Tarnów", "marker_index": 7, "terrain_type_id": 12, "terrain_type": "Mountain"}, "geometry": {"type": "Point", "coordinates": [7116.0, 1947.0]}}, {"type": "Feature", "properties": {"province_id": 152, "name": "Chur", "marker_index": 0, "terrain_type_id": 12, "terrain_type": "Mountain"}, "geometry": {"type": "Point", "coordinates": [6497.0, 2149.0]}}, {"type": "Feature", "properties": {"province_id": 152, "name": "Chur", "marker_index": 1, "terrain_type_id": 12, "terrain_type": "Mountain"}, "geometry": {"type": "Point", "coordinates": [6503.0, 2172.0]}}, {"type": "Feature", "properties": {"province_id": 152, "name": "Chur", "marker_index": 2, "terrain_type_id": 12, "terrain_type": "Mountain"}, "geometry": {"type": "Point", "coordinates": [6507.0, 2156.0]}}, {"type": "Feature", "properties": {"province_id": 152, "name": "Chur", "marker_index": 3, "terrain_type_id": 12, "terrain_type": "Mountain"}, "geometry": {"type": "Point", "coordinates": [6520.0, 2177.0]}}, {"type": "Feature", "properties": {"province_id": 152, "name": "Chur", "marker_index": 4, "terrain_type_id": 12, "terrain_type": "Mountain"}, "geometry": {"type": "Point", "coordinates": [6525.0, 2161.0]}}, {"type": "Feature", "properties": {"province_id": 152, "name": "Chur", "marker_index": 5, "terrain_type_id": 12, "terrain_type": "Mountain"}, "geometry": {"type": "Point", "coordinates": [6529.0, 2142.0]}}, {"type": "Feature", "properties": {"province_id": 152, "name": "Chur", "marker_index": 6, "terrain_type_id": 12, "terrain_type": "Mountain"}, "geometry": {"type": "Point", "coordinates": [6535.0, 2163.0]}}, {"type": "Feature", "properties": {"province_id": 152, "name": "Chur", "marker_index": 7, "terrain_type_id": 12, "terrain_type": "Mountain"}, "geometry": {"type": "Point", "coordinates": [6537.0, 2179.0]}}, {"type": "Feature", "properties": {"province_id": 152, "name": "Chur", "marker_index": 8, "terrain_type_id": 12, "terrain_type": "Mountain"}, "geometry": {"type": "Point", "coordinates": [6552.0, 2187.0]}}, {"type": "Feature", "properties": {"province_id": 152, "name": "Chur", "marker_index": 9, "terrain_type_id": 12, "terrain_type": "Mountain"}, "geometry": {"type": "Point", "coordinates": [6562.0, 2179.0]}}, {"type": "Feature", "properties": {"province_id": 153, "name": "Lugano", "marker_index": 0, "terrain_type_id": 12, "terrain_type": "Mountain"}, "geometry": {"type": "Point", "coordinates": [6475.0, 2193.0]}}, {"type": "Feature", "properties": {"province_id": 153, "name": "Lugano", "marker_index": 1, "terrain_type_id": 12, "terrain_type": "Mountain"}, "geometry": {"type": "Point", "coordinates": [6487.0, 2201.0]}}, {"type": "Feature", "properties": {"province_id": 153, "name": "Lugano", "marker_index": 2, "terrain_type_id": 12, "terrain_type": "Mountain"}, "geometry": {"type": "Point", "coordinates": [6494.0, 2191.0]}}, {"type": "Feature", "properties": {"province_id": 153, "name": "Lugano", "marker_index": 3, "terrain_type_id": 12, "terrain_type": "Mountain"}, "geometry": {"type": "Point", "coordinates": [6500.0, 2206.0]}}, {"type": "Feature", "properties": {"province_id": 153, "name": "Lugano", "marker_index": 4, "terrain_type_id": 12, "terrain_type": "Mountain"}, "geometry": {"type": "Point", "coordinates": [6504.0, 2217.0]}}, {"type": "Feature", "properties": {"province_id": 153, "name": "Lugano", "marker_index": 5, "terrain_type_id": 12, "terrain_type": "Mountain"}, "geometry": {"type": "Point", "coordinates": [6511.0, 2197.0]}}, {"type": "Feature", "properties": {"province_id": 153, "name": "Lugano", "marker_index": 6, "terrain_type_id": 12, "terrain_type": "Mountain"}, "geometry": {"type": "Point", "coordinates": [6514.0, 2207.0]}}, {"type": "Feature", "properties": {"province_id": 153, "name": "Lugano", "marker_index": 7, "terrain_type_id": 12, "terrain_type": "Mountain"}, "geometry": {"type": "Point", "coordinates": [6533.0, 2208.0]}}, {"type": "Feature", "properties": {"province_id": 156, "name": "Lausanne", "marker_index": 0, "terrain_type_id": 12, "terrain_type": "Mountain"}, "geometry": {"type": "Point", "coordinates": [6386.0, 2184.0]}}, {"type": "Feature", "properties": {"province_id": 156, "name": "Lausanne", "marker_index": 1, "terrain_type_id": 12, "terrain_type": "Mountain"}, "geometry": {"type": "Point", "coordinates": [6407.0, 2181.0]}}, {"type": "Feature", "properties": {"province_id": 156, "name": "Lausanne", "marker_index": 2, "terrain_type_id": 12, "terrain_type": "Mountain"}, "geometry": {"type": "Point", "coordinates": [6417.0, 2222.0]}}, {"type": "Feature", "properties": {"province_id": 156, "name": "Lausanne", "marker_index": 3, "terrain_type_id": 12, "terrain_type": "Mountain"}, "geometry": {"type": "Point", "coordinates": [6419.0, 2208.0]}}, {"type": "Feature", "properties": {"province_id": 156, "name": "Lausanne", "marker_index": 4, "terrain_type_id": 12, "terrain_type": "Mountain"}, "geometry": {"type": "Point", "coordinates": [6427.0, 2193.0]}}, {"type": "Feature", "properties": {"province_id": 156, "name": "Lausanne", "marker_index": 5, "terrain_type_id": 12, "terrain_type": "Mountain"}, "geometry": {"type": "Point", "coordinates": [6431.0, 2206.0]}}, {"type": "Feature", "properties": {"province_id": 156, "name": "Lausanne", "marker_index": 6, "terrain_type_id": 12, "terrain_type": "Mountain"}, "geometry": {"type": "Point", "coordinates": [6439.0, 2204.0]}}, {"type": "Feature", "properties": {"province_id": 156, "name": "Lausanne", "marker_index": 7, "terrain_type_id": 12, "terrain_type": "Mountain"}, "geometry": {"type": "Point", "coordinates": [6439.0, 2222.0]}}, {"type": "Feature", "properties": {"province_id": 156, "name": "Lausanne", "marker_index": 8, "terrain_type_id": 12, "terrain_type": "Mountain"}, "geometry": {"type": "Point", "coordinates": [6445.0, 2194.0]}}, {"type": "Feature", "properties": {"province_id": 156, "name": "Lausanne", "marker_index": 9, "terrain_type_id": 12, "terrain_type": "Mountain"}, "geometry": {"type": "Point", "coordinates": [6454.0, 2183.0]}}, {"type": "Feature", "properties": {"province_id": 166, "name": "Graz", "marker_index": 0, "terrain_type_id": 12, "terrain_type": "Mountain"}, "geometry": {"type": "Point", "coordinates": [6817.0, 2152.0]}}, {"type": "Feature", "properties": {"province_id": 166, "name": "Graz", "marker_index": 1, "terrain_type_id": 12, "terrain_type": "Mountain"}, "geometry": {"type": "Point", "coordinates": [6820.0, 2169.0]}}, {"type": "Feature", "properties": {"province_id": 166, "name": "Graz", "marker_index": 2, "terrain_type_id": 12, "terrain_type": "Mountain"}, "geometry": {"type": "Point", "coordinates": [6822.0, 2135.0]}}, {"type": "Feature", "properties": {"province_id": 166, "name": "Graz", "marker_index": 3, "terrain_type_id": 12, "terrain_type": "Mountain"}, "geometry": {"type": "Point", "coordinates": [6831.0, 2146.0]}}, {"type": "Feature", "properties": {"province_id": 166, "name": "Graz", "marker_index": 4, "terrain_type_id": 12, "terrain_type": "Mountain"}, "geometry": {"type": "Point", "coordinates": [6832.0, 2158.0]}}, {"type": "Feature", "properties": {"province_id": 166, "name": "Graz", "marker_index": 5, "terrain_type_id": 12, "terrain_type": "Mountain"}, "geometry": {"type": "Point", "coordinates": [6839.0, 2131.0]}}, {"type": "Feature", "properties": {"province_id": 166, "name": "Graz", "marker_index": 6, "terrain_type_id": 12, "terrain_type": "Mountain"}, "geometry": {"type": "Point", "coordinates": [6843.0, 2163.0]}}, {"type": "Feature", "properties": {"province_id": 166, "name": "Graz", "marker_index": 7, "terrain_type_id": 12, "terrain_type": "Mountain"}, "geometry": {"type": "Point", "coordinates": [6852.0, 2155.0]}}, {"type": "Feature", "properties": {"province_id": 166, "name": "Graz", "marker_index": 8, "terrain_type_id": 12, "terrain_type": "Mountain"}, "geometry": {"type": "Point", "coordinates": [6853.0, 2142.0]}}, {"type": "Feature", "properties": {"province_id": 166, "name": "Graz", "marker_index": 9, "terrain_type_id": 12, "terrain_type": "Mountain"}, "geometry": {"type": "Point", "coordinates": [6863.0, 2139.0]}}, {"type": "Feature", "properties": {"province_id": 166, "name": "Graz", "marker_index": 10, "terrain_type_id": 12, "terrain_type": "Mountain"}, "geometry": {"type": "Point", "coordinates": [6866.0, 2121.0]}}, {"type": "Feature", "properties": {"province_id": 166, "name": "Graz", "marker_index": 11, "terrain_type_id": 12, "terrain_type": "Mountain"}, "geometry": {"type": "Point", "coordinates": [6872.0, 2158.0]}}, {"type": "Feature", "properties": {"province_id": 166, "name": "Graz", "marker_index": 12, "terrain_type_id": 12, "terrain_type": "Mountain"}, "geometry": {"type": "Point", "coordinates": [6875.0, 2120.0]}}, {"type": "Feature", "properties": {"province_id": 166, "name": "Graz", "marker_index": 13, "terrain_type_id": 12, "terrain_type": "Mountain"}, "geometry": {"type": "Point", "coordinates": [6877.0, 2150.0]}}, {"type": "Feature", "properties": {"province_id": 166, "name": "Graz", "marker_index": 14, "terrain_type_id": 12, "terrain_type": "Mountain"}, "geometry": {"type": "Point", "coordinates": [6883.0, 2128.0]}}, {"type": "Feature", "properties": {"province_id": 166, "name": "Graz", "marker_index": 15, "terrain_type_id": 12, "terrain_type": "Mountain"}, "geometry": {"type": "Point", "coordinates": [6886.0, 2114.0]}}, {"type": "Feature", "properties": {"province_id": 167, "name": "Salzburg", "marker_index": 0, "terrain_type_id": 12, "terrain_type": "Mountain"}, "geometry": {"type": "Point", "coordinates": [6726.0, 2147.0]}}, {"type": "Feature", "properties": {"province_id": 167, "name": "Salzburg", "marker_index": 1, "terrain_type_id": 12, "terrain_type": "Mountain"}, "geometry": {"type": "Point", "coordinates": [6749.0, 2152.0]}}, {"type": "Feature", "properties": {"province_id": 167, "name": "Salzburg", "marker_index": 2, "terrain_type_id": 12, "terrain_type": "Mountain"}, "geometry": {"type": "Point", "coordinates": [6752.0, 2140.0]}}, {"type": "Feature", "properties": {"province_id": 167, "name": "Salzburg", "marker_index": 3, "terrain_type_id": 12, "terrain_type": "Mountain"}, "geometry": {"type": "Point", "coordinates": [6756.0, 2128.0]}}, {"type": "Feature", "properties": {"province_id": 167, "name": "Salzburg", "marker_index": 4, "terrain_type_id": 12, "terrain_type": "Mountain"}, "geometry": {"type": "Point", "coordinates": [6763.0, 2154.0]}}, {"type": "Feature", "properties": {"province_id": 167, "name": "Salzburg", "marker_index": 5, "terrain_type_id": 12, "terrain_type": "Mountain"}, "geometry": {"type": "Point", "coordinates": [6767.0, 2133.0]}}, {"type": "Feature", "properties": {"province_id": 167, "name": "Salzburg", "marker_index": 6, "terrain_type_id": 12, "terrain_type": "Mountain"}, "geometry": {"type": "Point", "coordinates": [6770.0, 2116.0]}}, {"type": "Feature", "properties": {"province_id": 167, "name": "Salzburg", "marker_index": 7, "terrain_type_id": 12, "terrain_type": "Mountain"}, "geometry": {"type": "Point", "coordinates": [6774.0, 2083.0]}}, {"type": "Feature", "properties": {"province_id": 167, "name": "Salzburg", "marker_index": 8, "terrain_type_id": 12, "terrain_type": "Mountain"}, "geometry": {"type": "Point", "coordinates": [6775.0, 2160.0]}}, {"type": "Feature", "properties": {"province_id": 167, "name": "Salzburg", "marker_index": 9, "terrain_type_id": 12, "terrain_type": "Mountain"}, "geometry": {"type": "Point", "coordinates": [6778.0, 2131.0]}}, {"type": "Feature", "properties": {"province_id": 167, "name": "Salzburg", "marker_index": 10, "terrain_type_id": 12, "terrain_type": "Mountain"}, "geometry": {"type": "Point", "coordinates": [6781.0, 2101.0]}}, {"type": "Feature", "properties": {"province_id": 167, "name": "Salzburg", "marker_index": 11, "terrain_type_id": 12, "terrain_type": "Mountain"}, "geometry": {"type": "Point", "coordinates": [6788.0, 2150.0]}}, {"type": "Feature", "properties": {"province_id": 167, "name": "Salzburg", "marker_index": 12, "terrain_type_id": 12, "terrain_type": "Mountain"}, "geometry": {"type": "Point", "coordinates": [6790.0, 2130.0]}}, {"type": "Feature", "properties": {"province_id": 168, "name": "Innsbruck", "marker_index": 0, "terrain_type_id": 12, "terrain_type": "Mountain"}, "geometry": {"type": "Point", "coordinates": [6564.0, 2150.0]}}, {"type": "Feature", "properties": {"province_id": 168, "name": "Innsbruck", "marker_index": 1, "terrain_type_id": 12, "terrain_type": "Mountain"}, "geometry": {"type": "Point", "coordinates": [6583.0, 2153.0]}}, {"type": "Feature", "properties": {"province_id": 168, "name": "Innsbruck", "marker_index": 2, "terrain_type_id": 12, "terrain_type": "Mountain"}, "geometry": {"type": "Point", "coordinates": [6598.0, 2165.0]}}, {"type": "Feature", "properties": {"province_id": 168, "name": "Innsbruck", "marker_index": 3, "terrain_type_id": 12, "terrain_type": "Mountain"}, "geometry": {"type": "Point", "coordinates": [6612.0, 2150.0]}}, {"type": "Feature", "properties": {"province_id": 168, "name": "Innsbruck", "marker_index": 4, "terrain_type_id": 12, "terrain_type": "Mountain"}, "geometry": {"type": "Point", "coordinates": [6616.0, 2174.0]}}, {"type": "Feature", "properties": {"province_id": 168, "name": "Innsbruck", "marker_index": 5, "terrain_type_id": 12, "terrain_type": "Mountain"}, "geometry": {"type": "Point", "coordinates": [6623.0, 2161.0]}}, {"type": "Feature", "properties": {"province_id": 168, "name": "Innsbruck", "marker_index": 6, "terrain_type_id": 12, "terrain_type": "Mountain"}, "geometry": {"type": "Point", "coordinates": [6628.0, 2150.0]}}, {"type": "Feature", "properties": {"province_id": 168, "name": "Innsbruck", "marker_index": 7, "terrain_type_id": 12, "terrain_type": "Mountain"}, "geometry": {"type": "Point", "coordinates": [6633.0, 2174.0]}}, {"type": "Feature", "properties": {"province_id": 168, "name": "Innsbruck", "marker_index": 8, "terrain_type_id": 12, "terrain_type": "Mountain"}, "geometry": {"type": "Point", "coordinates": [6640.0, 2150.0]}}, {"type": "Feature", "properties": {"province_id": 168, "name": "Innsbruck", "marker_index": 9, "terrain_type_id": 12, "terrain_type": "Mountain"}, "geometry": {"type": "Point", "coordinates": [6648.0, 2170.0]}}, {"type": "Feature", "properties": {"province_id": 168, "name": "Innsbruck", "marker_index": 10, "terrain_type_id": 12, "terrain_type": "Mountain"}, "geometry": {"type": "Point", "coordinates": [6661.0, 2170.0]}}, {"type": "Feature", "properties": {"province_id": 168, "name": "Innsbruck", "marker_index": 11, "terrain_type_id": 12, "terrain_type": "Mountain"}, "geometry": {"type": "Point", "coordinates": [6666.0, 2158.0]}}, {"type": "Feature", "properties": {"province_id": 168, "name": "Innsbruck", "marker_index": 12, "terrain_type_id": 12, "terrain_type": "Mountain"}, "geometry": {"type": "Point", "coordinates": [6674.0, 2147.0]}}, {"type": "Feature", "properties": {"province_id": 168, "name": "Innsbruck", "marker_index": 13, "terrain_type_id": 12, "terrain_type": "Mountain"}, "geometry": {"type": "Point", "coordinates": [6682.0, 2165.0]}}, {"type": "Feature", "properties": {"province_id": 168, "name": "Innsbruck", "marker_index": 14, "terrain_type_id": 12, "terrain_type": "Mountain"}, "geometry": {"type": "Point", "coordinates": [6682.0, 2181.0]}}, {"type": "Feature", "properties": {"province_id": 168, "name": "Innsbruck", "marker_index": 15, "terrain_type_id": 12, "terrain_type": "Mountain"}, "geometry": {"type": "Point", "coordinates": [6692.0, 2148.0]}}, {"type": "Feature", "properties": {"province_id": 168, "name": "Innsbruck", "marker_index": 16, "terrain_type_id": 12, "terrain_type": "Mountain"}, "geometry": {"type": "Point", "coordinates": [6693.0, 2182.0]}}, {"type": "Feature", "properties": {"province_id": 168, "name": "Innsbruck", "marker_index": 17, "terrain_type_id": 12, "terrain_type": "Mountain"}, "geometry": {"type": "Point", "coordinates": [6698.0, 2160.0]}}, {"type": "Feature", "properties": {"province_id": 168, "name": "Innsbruck", "marker_index": 18, "terrain_type_id": 12, "terrain_type": "Mountain"}, "geometry": {"type": "Point", "coordinates": [6713.0, 2172.0]}}, {"type": "Feature", "properties": {"province_id": 168, "name": "Innsbruck", "marker_index": 19, "terrain_type_id": 12, "terrain_type": "Mountain"}, "geometry": {"type": "Point", "coordinates": [6732.0, 2175.0]}}, {"type": "Feature", "properties": {"province_id": 168, "name": "Innsbruck", "marker_index": 20, "terrain_type_id": 12, "terrain_type": "Mountain"}, "geometry": {"type": "Point", "coordinates": [6792.0, 2184.0]}}, {"type": "Feature", "properties": {"province_id": 174, "name": "Žilina", "marker_index": 0, "terrain_type_id": 12, "terrain_type": "Mountain"}, "geometry": {"type": "Point", "coordinates": [7002.0, 1989.0]}}, {"type": "Feature", "properties": {"province_id": 174, "name": "Žilina", "marker_index": 1, "terrain_type_id": 12, "terrain_type": "Mountain"}, "geometry": {"type": "Point", "coordinates": [7014.0, 1999.0]}}, {"type": "Feature", "properties": {"province_id": 174, "name": "Žilina", "marker_index": 2, "terrain_type_id": 12, "terrain_type": "Mountain"}, "geometry": {"type": "Point", "coordinates": [7025.0, 1990.0]}}, {"type": "Feature", "properties": {"province_id": 174, "name": "Žilina", "marker_index": 3, "terrain_type_id": 12, "terrain_type": "Mountain"}, "geometry": {"type": "Point", "coordinates": [7030.0, 2001.0]}}, {"type": "Feature", "properties": {"province_id": 174, "name": "Žilina", "marker_index": 4, "terrain_type_id": 12, "terrain_type": "Mountain"}, "geometry": {"type": "Point", "coordinates": [7042.0, 2001.0]}}, {"type": "Feature", "properties": {"province_id": 174, "name": "Žilina", "marker_index": 5, "terrain_type_id": 12, "terrain_type": "Mountain"}, "geometry": {"type": "Point", "coordinates": [7059.0, 1998.0]}}, {"type": "Feature", "properties": {"province_id": 174, "name": "Žilina", "marker_index": 6, "terrain_type_id": 12, "terrain_type": "Mountain"}, "geometry": {"type": "Point", "coordinates": [7083.0, 1996.0]}}, {"type": "Feature", "properties": {"province_id": 175, "name": "Košice", "marker_index": 0, "terrain_type_id": 12, "terrain_type": "Mountain"}, "geometry": {"type": "Point", "coordinates": [7120.0, 2009.0]}}, {"type": "Feature", "properties": {"province_id": 175, "name": "Košice", "marker_index": 1, "terrain_type_id": 12, "terrain_type": "Mountain"}, "geometry": {"type": "Point", "coordinates": [7124.0, 1991.0]}}, {"type": "Feature", "properties": {"province_id": 175, "name": "Košice", "marker_index": 2, "terrain_type_id": 12, "terrain_type": "Mountain"}, "geometry": {"type": "Point", "coordinates": [7138.0, 1983.0]}}, {"type": "Feature", "properties": {"province_id": 175, "name": "Košice", "marker_index": 3, "terrain_type_id": 12, "terrain_type": "Mountain"}, "geometry": {"type": "Point", "coordinates": [7142.0, 2010.0]}}, {"type": "Feature", "properties": {"province_id": 175, "name": "Košice", "marker_index": 4, "terrain_type_id": 12, "terrain_type": "Mountain"}, "geometry": {"type": "Point", "coordinates": [7146.0, 1995.0]}}, {"type": "Feature", "properties": {"province_id": 175, "name": "Košice", "marker_index": 5, "terrain_type_id": 12, "terrain_type": "Mountain"}, "geometry": {"type": "Point", "coordinates": [7161.0, 2000.0]}}, {"type": "Feature", "properties": {"province_id": 175, "name": "Košice", "marker_index": 6, "terrain_type_id": 12, "terrain_type": "Mountain"}, "geometry": {"type": "Point", "coordinates": [7180.0, 2005.0]}}, {"type": "Feature", "properties": {"province_id": 175, "name": "Košice", "marker_index": 7, "terrain_type_id": 12, "terrain_type": "Mountain"}, "geometry": {"type": "Point", "coordinates": [7191.0, 2000.0]}}, {"type": "Feature", "properties": {"province_id": 176, "name": "Mukačevo", "marker_index": 0, "terrain_type_id": 12, "terrain_type": "Mountain"}, "geometry": {"type": "Point", "coordinates": [7221.0, 2014.0]}}, {"type": "Feature", "properties": {"province_id": 176, "name": "Mukačevo", "marker_index": 1, "terrain_type_id": 12, "terrain_type": "Mountain"}, "geometry": {"type": "Point", "coordinates": [7224.0, 2024.0]}}, {"type": "Feature", "properties": {"province_id": 176, "name": "Mukačevo", "marker_index": 2, "terrain_type_id": 12, "terrain_type": "Mountain"}, "geometry": {"type": "Point", "coordinates": [7238.0, 2018.0]}}, {"type": "Feature", "properties": {"province_id": 176, "name": "Mukačevo", "marker_index": 3, "terrain_type_id": 12, "terrain_type": "Mountain"}, "geometry": {"type": "Point", "coordinates": [7251.0, 2024.0]}}, {"type": "Feature", "properties": {"province_id": 176, "name": "Mukačevo", "marker_index": 4, "terrain_type_id": 12, "terrain_type": "Mountain"}, "geometry": {"type": "Point", "coordinates": [7256.0, 2015.0]}}, {"type": "Feature", "properties": {"province_id": 176, "name": "Mukačevo", "marker_index": 5, "terrain_type_id": 12, "terrain_type": "Mountain"}, "geometry": {"type": "Point", "coordinates": [7271.0, 2027.0]}}, {"type": "Feature", "properties": {"province_id": 176, "name": "Mukačevo", "marker_index": 6, "terrain_type_id": 12, "terrain_type": "Mountain"}, "geometry": {"type": "Point", "coordinates": [7285.0, 2021.0]}}, {"type": "Feature", "properties": {"province_id": 201, "name": "Reykjavík", "marker_index": 0, "terrain_type_id": 14, "terrain_type": "Urban"}, "geometry": {"type": "Point", "coordinates": [5324.0, 997.0]}}, {"type": "Feature", "properties": {"province_id": 201, "name": "Reykjavík", "marker_index": 1, "terrain_type_id": 14, "terrain_type": "Urban"}, "geometry": {"type": "Point", "coordinates": [5345.0, 1002.0]}}, {"type": "Feature", "properties": {"province_id": 201, "name": "Reykjavík", "marker_index": 2, "terrain_type_id": 14, "terrain_type": "Urban"}, "geometry": {"type": "Point", "coordinates": [5356.0, 1017.0]}}, {"type": "Feature", "properties": {"province_id": 202, "name": "Akureyri", "marker_index": 0, "terrain_type_id": 12, "terrain_type": "Mountain"}, "geometry": {"type": "Point", "coordinates": [5267.0, 947.0]}}, {"type": "Feature", "properties": {"province_id": 202, "name": "Akureyri", "marker_index": 1, "terrain_type_id": 12, "terrain_type": "Mountain"}, "geometry": {"type": "Point", "coordinates": [5278.0, 950.0]}}, {"type": "Feature", "properties": {"province_id": 202, "name": "Akureyri", "marker_index": 2, "terrain_type_id": 12, "terrain_type": "Mountain"}, "geometry": {"type": "Point", "coordinates": [5290.0, 954.0]}}, {"type": "Feature", "properties": {"province_id": 202, "name": "Akureyri", "marker_index": 3, "terrain_type_id": 12, "terrain_type": "Mountain"}, "geometry": {"type": "Point", "coordinates": [5310.0, 942.0]}}, {"type": "Feature", "properties": {"province_id": 202, "name": "Akureyri", "marker_index": 4, "terrain_type_id": 12, "terrain_type": "Mountain"}, "geometry": {"type": "Point", "coordinates": [5330.0, 983.0]}}, {"type": "Feature", "properties": {"province_id": 202, "name": "Akureyri", "marker_index": 5, "terrain_type_id": 12, "terrain_type": "Mountain"}, "geometry": {"type": "Point", "coordinates": [5340.0, 988.0]}}, {"type": "Feature", "properties": {"province_id": 202, "name": "Akureyri", "marker_index": 6, "terrain_type_id": 12, "terrain_type": "Mountain"}, "geometry": {"type": "Point", "coordinates": [5349.0, 980.0]}}, {"type": "Feature", "properties": {"province_id": 202, "name": "Akureyri", "marker_index": 7, "terrain_type_id": 12, "terrain_type": "Mountain"}, "geometry": {"type": "Point", "coordinates": [5361.0, 992.0]}}, {"type": "Feature", "properties": {"province_id": 202, "name": "Akureyri", "marker_index": 8, "terrain_type_id": 12, "terrain_type": "Mountain"}, "geometry": {"type": "Point", "coordinates": [5370.0, 982.0]}}, {"type": "Feature", "properties": {"province_id": 202, "name": "Akureyri", "marker_index": 9, "terrain_type_id": 12, "terrain_type": "Mountain"}, "geometry": {"type": "Point", "coordinates": [5375.0, 999.0]}}, {"type": "Feature", "properties": {"province_id": 202, "name": "Akureyri", "marker_index": 10, "terrain_type_id": 12, "terrain_type": "Mountain"}, "geometry": {"type": "Point", "coordinates": [5377.0, 964.0]}}, {"type": "Feature", "properties": {"province_id": 202, "name": "Akureyri", "marker_index": 11, "terrain_type_id": 12, "terrain_type": "Mountain"}, "geometry": {"type": "Point", "coordinates": [5386.0, 982.0]}}, {"type": "Feature", "properties": {"province_id": 202, "name": "Akureyri", "marker_index": 12, "terrain_type_id": 12, "terrain_type": "Mountain"}, "geometry": {"type": "Point", "coordinates": [5386.0, 1010.0]}}, {"type": "Feature", "properties": {"province_id": 202, "name": "Akureyri", "marker_index": 13, "terrain_type_id": 12, "terrain_type": "Mountain"}, "geometry": {"type": "Point", "coordinates": [5392.0, 1019.0]}}, {"type": "Feature", "properties": {"province_id": 202, "name": "Akureyri", "marker_index": 14, "terrain_type_id": 12, "terrain_type": "Mountain"}, "geometry": {"type": "Point", "coordinates": [5401.0, 1007.0]}}, {"type": "Feature", "properties": {"province_id": 202, "name": "Akureyri", "marker_index": 15, "terrain_type_id": 12, "terrain_type": "Mountain"}, "geometry": {"type": "Point", "coordinates": [5407.0, 974.0]}}, {"type": "Feature", "properties": {"province_id": 202, "name": "Akureyri", "marker_index": 16, "terrain_type_id": 12, "terrain_type": "Mountain"}, "geometry": {"type": "Point", "coordinates": [5413.0, 1014.0]}}, {"type": "Feature", "properties": {"province_id": 202, "name": "Akureyri", "marker_index": 17, "terrain_type_id": 12, "terrain_type": "Mountain"}, "geometry": {"type": "Point", "coordinates": [5416.0, 984.0]}}, {"type": "Feature", "properties": {"province_id": 202, "name": "Akureyri", "marker_index": 18, "terrain_type_id": 12, "terrain_type": "Mountain"}, "geometry": {"type": "Point", "coordinates": [5434.0, 965.0]}}, {"type": "Feature", "properties": {"province_id": 202, "name": "Akureyri", "marker_index": 19, "terrain_type_id": 12, "terrain_type": "Mountain"}, "geometry": {"type": "Point", "coordinates": [5434.0, 977.0]}}, {"type": "Feature", "properties": {"province_id": 202, "name": "Akureyri", "marker_index": 20, "terrain_type_id": 12, "terrain_type": "Mountain"}, "geometry": {"type": "Point", "coordinates": [5446.0, 970.0]}}, {"type": "Feature", "properties": {"province_id": 202, "name": "Akureyri", "marker_index": 21, "terrain_type_id": 12, "terrain_type": "Mountain"}, "geometry": {"type": "Point", "coordinates": [5446.0, 1019.0]}}, {"type": "Feature", "properties": {"province_id": 202, "name": "Akureyri", "marker_index": 22, "terrain_type_id": 12, "terrain_type": "Mountain"}, "geometry": {"type": "Point", "coordinates": [5446.0, 1029.0]}}, {"type": "Feature", "properties": {"province_id": 202, "name": "Akureyri", "marker_index": 23, "terrain_type_id": 12, "terrain_type": "Mountain"}, "geometry": {"type": "Point", "coordinates": [5449.0, 954.0]}}, {"type": "Feature", "properties": {"province_id": 202, "name": "Akureyri", "marker_index": 24, "terrain_type_id": 12, "terrain_type": "Mountain"}, "geometry": {"type": "Point", "coordinates": [5451.0, 1006.0]}}, {"type": "Feature", "properties": {"province_id": 202, "name": "Akureyri", "marker_index": 25, "terrain_type_id": 12, "terrain_type": "Mountain"}, "geometry": {"type": "Point", "coordinates": [5457.0, 1032.0]}}, {"type": "Feature", "properties": {"province_id": 202, "name": "Akureyri", "marker_index": 26, "terrain_type_id": 12, "terrain_type": "Mountain"}, "geometry": {"type": "Point", "coordinates": [5459.0, 1005.0]}}, {"type": "Feature", "properties": {"province_id": 202, "name": "Akureyri", "marker_index": 27, "terrain_type_id": 12, "terrain_type": "Mountain"}, "geometry": {"type": "Point", "coordinates": [5464.0, 961.0]}}, {"type": "Feature", "properties": {"province_id": 202, "name": "Akureyri", "marker_index": 28, "terrain_type_id": 12, "terrain_type": "Mountain"}, "geometry": {"type": "Point", "coordinates": [5464.0, 1021.0]}}, {"type": "Feature", "properties": {"province_id": 202, "name": "Akureyri", "marker_index": 29, "terrain_type_id": 12, "terrain_type": "Mountain"}, "geometry": {"type": "Point", "coordinates": [5468.0, 1012.0]}}, {"type": "Feature", "properties": {"province_id": 202, "name": "Akureyri", "marker_index": 30, "terrain_type_id": 12, "terrain_type": "Mountain"}, "geometry": {"type": "Point", "coordinates": [5472.0, 1027.0]}}, {"type": "Feature", "properties": {"province_id": 202, "name": "Akureyri", "marker_index": 31, "terrain_type_id": 12, "terrain_type": "Mountain"}, "geometry": {"type": "Point", "coordinates": [5476.0, 1007.0]}}, {"type": "Feature", "properties": {"province_id": 202, "name": "Akureyri", "marker_index": 32, "terrain_type_id": 12, "terrain_type": "Mountain"}, "geometry": {"type": "Point", "coordinates": [5477.0, 1014.0]}}, {"type": "Feature", "properties": {"province_id": 202, "name": "Akureyri", "marker_index": 33, "terrain_type_id": 12, "terrain_type": "Mountain"}, "geometry": {"type": "Point", "coordinates": [5480.0, 963.0]}}, {"type": "Feature", "properties": {"province_id": 202, "name": "Akureyri", "marker_index": 34, "terrain_type_id": 12, "terrain_type": "Mountain"}, "geometry": {"type": "Point", "coordinates": [5496.0, 968.0]}}, {"type": "Feature", "properties": {"province_id": 202, "name": "Akureyri", "marker_index": 35, "terrain_type_id": 12, "terrain_type": "Mountain"}, "geometry": {"type": "Point", "coordinates": [5498.0, 951.0]}}, {"type": "Feature", "properties": {"province_id": 202, "name": "Akureyri", "marker_index": 36, "terrain_type_id": 12, "terrain_type": "Mountain"}, "geometry": {"type": "Point", "coordinates": [5501.0, 938.0]}}, {"type": "Feature", "properties": {"province_id": 202, "name": "Akureyri", "marker_index": 37, "terrain_type_id": 12, "terrain_type": "Mountain"}, "geometry": {"type": "Point", "coordinates": [5507.0, 954.0]}}, {"type": "Feature", "properties": {"province_id": 202, "name": "Akureyri", "marker_index": 38, "terrain_type_id": 12, "terrain_type": "Mountain"}, "geometry": {"type": "Point", "coordinates": [5511.0, 937.0]}}, {"type": "Feature", "properties": {"province_id": 211, "name": "Safford", "marker_index": 0, "terrain_type_id": 12, "terrain_type": "Mountain"}, "geometry": {"type": "Point", "coordinates": [1860.0, 2481.0]}}, {"type": "Feature", "properties": {"province_id": 211, "name": "Safford", "marker_index": 1, "terrain_type_id": 12, "terrain_type": "Mountain"}, "geometry": {"type": "Point", "coordinates": [1883.0, 2486.0]}}, {"type": "Feature", "properties": {"province_id": 211, "name": "Safford", "marker_index": 2, "terrain_type_id": 12, "terrain_type": "Mountain"}, "geometry": {"type": "Point", "coordinates": [1909.0, 2490.0]}}, {"type": "Feature", "properties": {"province_id": 211, "name": "Safford", "marker_index": 3, "terrain_type_id": 12, "terrain_type": "Mountain"}, "geometry": {"type": "Point", "coordinates": [1914.0, 2506.0]}}, {"type": "Feature", "properties": {"province_id": 211, "name": "Safford", "marker_index": 4, "terrain_type_id": 12, "terrain_type": "Mountain"}, "geometry": {"type": "Point", "coordinates": [1936.0, 2506.0]}}, {"type": "Feature", "properties": {"province_id": 211, "name": "Safford", "marker_index": 5, "terrain_type_id": 12, "terrain_type": "Mountain"}, "geometry": {"type": "Point", "coordinates": [1941.0, 2521.0]}}, {"type": "Feature", "properties": {"province_id": 212, "name": "Prescott", "marker_index": 0, "terrain_type_id": 12, "terrain_type": "Mountain"}, "geometry": {"type": "Point", "coordinates": [1711.0, 2390.0]}}, {"type": "Feature", "properties": {"province_id": 212, "name": "Prescott", "marker_index": 1, "terrain_type_id": 12, "terrain_type": "Mountain"}, "geometry": {"type": "Point", "coordinates": [1736.0, 2390.0]}}, {"type": "Feature", "properties": {"province_id": 212, "name": "Prescott", "marker_index": 2, "terrain_type_id": 12, "terrain_type": "Mountain"}, "geometry": {"type": "Point", "coordinates": [1762.0, 2408.0]}}, {"type": "Feature", "properties": {"province_id": 212, "name": "Prescott", "marker_index": 3, "terrain_type_id": 12, "terrain_type": "Mountain"}, "geometry": {"type": "Point", "coordinates": [1771.0, 2377.0]}}, {"type": "Feature", "properties": {"province_id": 212, "name": "Prescott", "marker_index": 4, "terrain_type_id": 12, "terrain_type": "Mountain"}, "geometry": {"type": "Point", "coordinates": [1781.0, 2424.0]}}, {"type": "Feature", "properties": {"province_id": 212, "name": "Prescott", "marker_index": 5, "terrain_type_id": 12, "terrain_type": "Mountain"}, "geometry": {"type": "Point", "coordinates": [1788.0, 2397.0]}}, {"type": "Feature", "properties": {"province_id": 212, "name": "Prescott", "marker_index": 6, "terrain_type_id": 12, "terrain_type": "Mountain"}, "geometry": {"type": "Point", "coordinates": [1809.0, 2391.0]}}, {"type": "Feature", "properties": {"province_id": 212, "name": "Prescott", "marker_index": 7, "terrain_type_id": 12, "terrain_type": "Mountain"}, "geometry": {"type": "Point", "coordinates": [1809.0, 2422.0]}}, {"type": "Feature", "properties": {"province_id": 220, "name": "Missoula", "marker_index": 0, "terrain_type_id": 12, "terrain_type": "Mountain"}, "geometry": {"type": "Point", "coordinates": [1652.0, 1482.0]}}, {"type": "Feature", "properties": {"province_id": 220, "name": "Missoula", "marker_index": 1, "terrain_type_id": 12, "terrain_type": "Mountain"}, "geometry": {"type": "Point", "coordinates": [1653.0, 1512.0]}}, {"type": "Feature", "properties": {"province_id": 220, "name": "Missoula", "marker_index": 2, "terrain_type_id": 12, "terrain_type": "Mountain"}, "geometry": {"type": "Point", "coordinates": [1676.0, 1544.0]}}, {"type": "Feature", "properties": {"province_id": 220, "name": "Missoula", "marker_index": 3, "terrain_type_id": 12, "terrain_type": "Mountain"}, "geometry": {"type": "Point", "coordinates": [1683.0, 1487.0]}}, {"type": "Feature", "properties": {"province_id": 220, "name": "Missoula", "marker_index": 4, "terrain_type_id": 12, "terrain_type": "Mountain"}, "geometry": {"type": "Point", "coordinates": [1691.0, 1530.0]}}, {"type": "Feature", "properties": {"province_id": 220, "name": "Missoula", "marker_index": 5, "terrain_type_id": 12, "terrain_type": "Mountain"}, "geometry": {"type": "Point", "coordinates": [1698.0, 1496.0]}}, {"type": "Feature", "properties": {"province_id": 220, "name": "Missoula", "marker_index": 6, "terrain_type_id": 12, "terrain_type": "Mountain"}, "geometry": {"type": "Point", "coordinates": [1705.0, 1585.0]}}, {"type": "Feature", "properties": {"province_id": 220, "name": "Missoula", "marker_index": 7, "terrain_type_id": 12, "terrain_type": "Mountain"}, "geometry": {"type": "Point", "coordinates": [1722.0, 1470.0]}}, {"type": "Feature", "properties": {"province_id": 220, "name": "Missoula", "marker_index": 8, "terrain_type_id": 12, "terrain_type": "Mountain"}, "geometry": {"type": "Point", "coordinates": [1737.0, 1515.0]}}, {"type": "Feature", "properties": {"province_id": 220, "name": "Missoula", "marker_index": 9, "terrain_type_id": 12, "terrain_type": "Mountain"}, "geometry": {"type": "Point", "coordinates": [1738.0, 1577.0]}}, {"type": "Feature", "properties": {"province_id": 220, "name": "Missoula", "marker_index": 10, "terrain_type_id": 12, "terrain_type": "Mountain"}, "geometry": {"type": "Point", "coordinates": [1740.0, 1482.0]}}, {"type": "Feature", "properties": {"province_id": 220, "name": "Missoula", "marker_index": 11, "terrain_type_id": 12, "terrain_type": "Mountain"}, "geometry": {"type": "Point", "coordinates": [1752.0, 1548.0]}}, {"type": "Feature", "properties": {"province_id": 220, "name": "Missoula", "marker_index": 12, "terrain_type_id": 12, "terrain_type": "Mountain"}, "geometry": {"type": "Point", "coordinates": [1760.0, 1526.0]}}, {"type": "Feature", "properties": {"province_id": 221, "name": "Bozeman", "marker_index": 0, "terrain_type_id": 12, "terrain_type": "Mountain"}, "geometry": {"type": "Point", "coordinates": [1863.0, 1667.0]}}, {"type": "Feature", "properties": {"province_id": 221, "name": "Bozeman", "marker_index": 1, "terrain_type_id": 12, "terrain_type": "Mountain"}, "geometry": {"type": "Point", "coordinates": [1874.0, 1640.0]}}, {"type": "Feature", "properties": {"province_id": 221, "name": "Bozeman", "marker_index": 2, "terrain_type_id": 12, "terrain_type": "Mountain"}, "geometry": {"type": "Point", "coordinates": [1879.0, 1711.0]}}, {"type": "Feature", "properties": {"province_id": 221, "name": "Bozeman", "marker_index": 3, "terrain_type_id": 12, "terrain_type": "Mountain"}, "geometry": {"type": "Point", "coordinates": [1888.0, 1672.0]}}, {"type": "Feature", "properties": {"province_id": 221, "name": "Bozeman", "marker_index": 4, "terrain_type_id": 12, "terrain_type": "Mountain"}, "geometry": {"type": "Point", "coordinates": [1926.0, 1694.0]}}, {"type": "Feature", "properties": {"province_id": 221, "name": "Bozeman", "marker_index": 5, "terrain_type_id": 12, "terrain_type": "Mountain"}, "geometry": {"type": "Point", "coordinates": [1928.0, 1644.0]}}, {"type": "Feature", "properties": {"province_id": 221, "name": "Bozeman", "marker_index": 6, "terrain_type_id": 12, "terrain_type": "Mountain"}, "geometry": {"type": "Point", "coordinates": [1930.0, 1716.0]}}, {"type": "Feature", "properties": {"province_id": 221, "name": "Bozeman", "marker_index": 7, "terrain_type_id": 12, "terrain_type": "Mountain"}, "geometry": {"type": "Point", "coordinates": [1998.0, 1713.0]}}, {"type": "Feature", "properties": {"province_id": 222, "name": "Helena", "marker_index": 0, "terrain_type_id": 12, "terrain_type": "Mountain"}, "geometry": {"type": "Point", "coordinates": [1728.0, 1658.0]}}, {"type": "Feature", "properties": {"province_id": 222, "name": "Helena", "marker_index": 1, "terrain_type_id": 12, "terrain_type": "Mountain"}, "geometry": {"type": "Point", "coordinates": [1746.0, 1622.0]}}, {"type": "Feature", "properties": {"province_id": 222, "name": "Helena", "marker_index": 2, "terrain_type_id": 12, "terrain_type": "Mountain"}, "geometry": {"type": "Point", "coordinates": [1752.0, 1676.0]}}, {"type": "Feature", "properties": {"province_id": 222, "name": "Helena", "marker_index": 3, "terrain_type_id": 12, "terrain_type": "Mountain"}, "geometry": {"type": "Point", "coordinates": [1761.0, 1651.0]}}, {"type": "Feature", "properties": {"province_id": 222, "name": "Helena", "marker_index": 4, "terrain_type_id": 12, "terrain_type": "Mountain"}, "geometry": {"type": "Point", "coordinates": [1764.0, 1714.0]}}, {"type": "Feature", "properties": {"province_id": 222, "name": "Helena", "marker_index": 5, "terrain_type_id": 12, "terrain_type": "Mountain"}, "geometry": {"type": "Point", "coordinates": [1771.0, 1729.0]}}, {"type": "Feature", "properties": {"province_id": 222, "name": "Helena", "marker_index": 6, "terrain_type_id": 12, "terrain_type": "Mountain"}, "geometry": {"type": "Point", "coordinates": [1778.0, 1584.0]}}, {"type": "Feature", "properties": {"province_id": 222, "name": "Helena", "marker_index": 7, "terrain_type_id": 12, "terrain_type": "Mountain"}, "geometry": {"type": "Point", "coordinates": [1780.0, 1703.0]}}, {"type": "Feature", "properties": {"province_id": 222, "name": "Helena", "marker_index": 8, "terrain_type_id": 12, "terrain_type": "Mountain"}, "geometry": {"type": "Point", "coordinates": [1786.0, 1668.0]}}, {"type": "Feature", "properties": {"province_id": 222, "name": "Helena", "marker_index": 9, "terrain_type_id": 12, "terrain_type": "Mountain"}, "geometry": {"type": "Point", "coordinates": [1797.0, 1617.0]}}, {"type": "Feature", "properties": {"province_id": 222, "name": "Helena", "marker_index": 10, "terrain_type_id": 12, "terrain_type": "Mountain"}, "geometry": {"type": "Point", "coordinates": [1811.0, 1697.0]}}, {"type": "Feature", "properties": {"province_id": 222, "name": "Helena", "marker_index": 11, "terrain_type_id": 12, "terrain_type": "Mountain"}, "geometry": {"type": "Point", "coordinates": [1819.0, 1640.0]}}, {"type": "Feature", "properties": {"province_id": 241, "name": "Inverness", "marker_index": 0, "terrain_type_id": 12, "terrain_type": "Mountain"}, "geometry": {"type": "Point", "coordinates": [5742.0, 1233.0]}}, {"type": "Feature", "properties": {"province_id": 241, "name": "Inverness", "marker_index": 1, "terrain_type_id": 12, "terrain_type": "Mountain"}, "geometry": {"type": "Point", "coordinates": [5789.0, 1295.0]}}, {"type": "Feature", "properties": {"province_id": 241, "name": "Inverness", "marker_index": 2, "terrain_type_id": 12, "terrain_type": "Mountain"}, "geometry": {"type": "Point", "coordinates": [5812.0, 1310.0]}}, {"type": "Feature", "properties": {"province_id": 241, "name": "Inverness", "marker_index": 3, "terrain_type_id": 12, "terrain_type": "Mountain"}, "geometry": {"type": "Point", "coordinates": [5814.0, 1289.0]}}, {"type": "Feature", "properties": {"province_id": 241, "name": "Inverness", "marker_index": 4, "terrain_type_id": 12, "terrain_type": "Mountain"}, "geometry": {"type": "Point", "coordinates": [5820.0, 1346.0]}}, {"type": "Feature", "properties": {"province_id": 241, "name": "Inverness", "marker_index": 5, "terrain_type_id": 12, "terrain_type": "Mountain"}, "geometry": {"type": "Point", "coordinates": [5832.0, 1319.0]}}, {"type": "Feature", "properties": {"province_id": 241, "name": "Inverness", "marker_index": 6, "terrain_type_id": 12, "terrain_type": "Mountain"}, "geometry": {"type": "Point", "coordinates": [5836.0, 1360.0]}}, {"type": "Feature", "properties": {"province_id": 241, "name": "Inverness", "marker_index": 7, "terrain_type_id": 12, "terrain_type": "Mountain"}, "geometry": {"type": "Point", "coordinates": [5839.0, 1298.0]}}, {"type": "Feature", "properties": {"province_id": 241, "name": "Inverness", "marker_index": 8, "terrain_type_id": 12, "terrain_type": "Mountain"}, "geometry": {"type": "Point", "coordinates": [5839.0, 1337.0]}}, {"type": "Feature", "properties": {"province_id": 241, "name": "Inverness", "marker_index": 9, "terrain_type_id": 12, "terrain_type": "Mountain"}, "geometry": {"type": "Point", "coordinates": [5853.0, 1305.0]}}, {"type": "Feature", "properties": {"province_id": 241, "name": "Inverness", "marker_index": 10, "terrain_type_id": 12, "terrain_type": "Mountain"}, "geometry": {"type": "Point", "coordinates": [5862.0, 1275.0]}}, {"type": "Feature", "properties": {"province_id": 241, "name": "Inverness", "marker_index": 11, "terrain_type_id": 12, "terrain_type": "Mountain"}, "geometry": {"type": "Point", "coordinates": [5873.0, 1305.0]}}, {"type": "Feature", "properties": {"province_id": 241, "name": "Inverness", "marker_index": 12, "terrain_type_id": 12, "terrain_type": "Mountain"}, "geometry": {"type": "Point", "coordinates": [5890.0, 1285.0]}}, {"type": "Feature", "properties": {"province_id": 241, "name": "Inverness", "marker_index": 13, "terrain_type_id": 12, "terrain_type": "Mountain"}, "geometry": {"type": "Point", "coordinates": [5908.0, 1285.0]}}, {"type": "Feature", "properties": {"province_id": 242, "name": "Thurso", "marker_index": 0, "terrain_type_id": 12, "terrain_type": "Mountain"}, "geometry": {"type": "Point", "coordinates": [5790.0, 1211.0]}}, {"type": "Feature", "properties": {"province_id": 242, "name": "Thurso", "marker_index": 1, "terrain_type_id": 12, "terrain_type": "Mountain"}, "geometry": {"type": "Point", "coordinates": [5813.0, 1258.0]}}, {"type": "Feature", "properties": {"province_id": 242, "name": "Thurso", "marker_index": 2, "terrain_type_id": 12, "terrain_type": "Mountain"}, "geometry": {"type": "Point", "coordinates": [5814.0, 1216.0]}}, {"type": "Feature", "properties": {"province_id": 242, "name": "Thurso", "marker_index": 3, "terrain_type_id": 12, "terrain_type": "Mountain"}, "geometry": {"type": "Point", "coordinates": [5815.0, 1242.0]}}, {"type": "Feature", "properties": {"province_id": 242, "name": "Thurso", "marker_index": 4, "terrain_type_id": 12, "terrain_type": "Mountain"}, "geometry": {"type": "Point", "coordinates": [5819.0, 1182.0]}}, {"type": "Feature", "properties": {"province_id": 242, "name": "Thurso", "marker_index": 5, "terrain_type_id": 12, "terrain_type": "Mountain"}, "geometry": {"type": "Point", "coordinates": [5821.0, 1200.0]}}, {"type": "Feature", "properties": {"province_id": 242, "name": "Thurso", "marker_index": 6, "terrain_type_id": 12, "terrain_type": "Mountain"}, "geometry": {"type": "Point", "coordinates": [5823.0, 1159.0]}}, {"type": "Feature", "properties": {"province_id": 242, "name": "Thurso", "marker_index": 7, "terrain_type_id": 12, "terrain_type": "Mountain"}, "geometry": {"type": "Point", "coordinates": [5824.0, 1138.0]}}, {"type": "Feature", "properties": {"province_id": 242, "name": "Thurso", "marker_index": 8, "terrain_type_id": 12, "terrain_type": "Mountain"}, "geometry": {"type": "Point", "coordinates": [5824.0, 1223.0]}}, {"type": "Feature", "properties": {"province_id": 242, "name": "Thurso", "marker_index": 9, "terrain_type_id": 12, "terrain_type": "Mountain"}, "geometry": {"type": "Point", "coordinates": [5835.0, 1169.0]}}, {"type": "Feature", "properties": {"province_id": 242, "name": "Thurso", "marker_index": 10, "terrain_type_id": 12, "terrain_type": "Mountain"}, "geometry": {"type": "Point", "coordinates": [5836.0, 1188.0]}}, {"type": "Feature", "properties": {"province_id": 242, "name": "Thurso", "marker_index": 11, "terrain_type_id": 12, "terrain_type": "Mountain"}, "geometry": {"type": "Point", "coordinates": [5838.0, 1152.0]}}, {"type": "Feature", "properties": {"province_id": 242, "name": "Thurso", "marker_index": 12, "terrain_type_id": 12, "terrain_type": "Mountain"}, "geometry": {"type": "Point", "coordinates": [5838.0, 1223.0]}}, {"type": "Feature", "properties": {"province_id": 242, "name": "Thurso", "marker_index": 13, "terrain_type_id": 12, "terrain_type": "Mountain"}, "geometry": {"type": "Point", "coordinates": [5844.0, 1200.0]}}, {"type": "Feature", "properties": {"province_id": 242, "name": "Thurso", "marker_index": 14, "terrain_type_id": 12, "terrain_type": "Mountain"}, "geometry": {"type": "Point", "coordinates": [5854.0, 1157.0]}}, {"type": "Feature", "properties": {"province_id": 242, "name": "Thurso", "marker_index": 15, "terrain_type_id": 12, "terrain_type": "Mountain"}, "geometry": {"type": "Point", "coordinates": [5862.0, 1170.0]}}, {"type": "Feature", "properties": {"province_id": 242, "name": "Thurso", "marker_index": 16, "terrain_type_id": 12, "terrain_type": "Mountain"}, "geometry": {"type": "Point", "coordinates": [5874.0, 1155.0]}}, {"type": "Feature", "properties": {"province_id": 242, "name": "Thurso", "marker_index": 17, "terrain_type_id": 12, "terrain_type": "Mountain"}, "geometry": {"type": "Point", "coordinates": [5885.0, 1148.0]}}, {"type": "Feature", "properties": {"province_id": 244, "name": "Turin", "marker_index": 0, "terrain_type_id": 12, "terrain_type": "Mountain"}, "geometry": {"type": "Point", "coordinates": [6409.0, 2288.0]}}, {"type": "Feature", "properties": {"province_id": 244, "name": "Turin", "marker_index": 1, "terrain_type_id": 12, "terrain_type": "Mountain"}, "geometry": {"type": "Point", "coordinates": [6413.0, 2267.0]}}, {"type": "Feature", "properties": {"province_id": 244, "name": "Turin", "marker_index": 2, "terrain_type_id": 12, "terrain_type": "Mountain"}, "geometry": {"type": "Point", "coordinates": [6415.0, 2321.0]}}, {"type": "Feature", "properties": {"province_id": 244, "name": "Turin", "marker_index": 3, "terrain_type_id": 12, "terrain_type": "Mountain"}, "geometry": {"type": "Point", "coordinates": [6423.0, 2306.0]}}, {"type": "Feature", "properties": {"province_id": 244, "name": "Turin", "marker_index": 4, "terrain_type_id": 12, "terrain_type": "Mountain"}, "geometry": {"type": "Point", "coordinates": [6430.0, 2278.0]}}, {"type": "Feature", "properties": {"province_id": 244, "name": "Turin", "marker_index": 5, "terrain_type_id": 12, "terrain_type": "Mountain"}, "geometry": {"type": "Point", "coordinates": [6433.0, 2255.0]}}, {"type": "Feature", "properties": {"province_id": 244, "name": "Turin", "marker_index": 6, "terrain_type_id": 12, "terrain_type": "Mountain"}, "geometry": {"type": "Point", "coordinates": [6439.0, 2328.0]}}, {"type": "Feature", "properties": {"province_id": 244, "name": "Turin", "marker_index": 7, "terrain_type_id": 12, "terrain_type": "Mountain"}, "geometry": {"type": "Point", "coordinates": [6443.0, 2295.0]}}, {"type": "Feature", "properties": {"province_id": 244, "name": "Turin", "marker_index": 8, "terrain_type_id": 12, "terrain_type": "Mountain"}, "geometry": {"type": "Point", "coordinates": [6446.0, 2272.0]}}, {"type": "Feature", "properties": {"province_id": 244, "name": "Turin", "marker_index": 9, "terrain_type_id": 12, "terrain_type": "Mountain"}, "geometry": {"type": "Point", "coordinates": [6459.0, 2265.0]}}, {"type": "Feature", "properties": {"province_id": 244, "name": "Turin", "marker_index": 10, "terrain_type_id": 12, "terrain_type": "Mountain"}, "geometry": {"type": "Point", "coordinates": [6459.0, 2282.0]}}, {"type": "Feature", "properties": {"province_id": 244, "name": "Turin", "marker_index": 11, "terrain_type_id": 12, "terrain_type": "Mountain"}, "geometry": {"type": "Point", "coordinates": [6461.0, 2313.0]}}, {"type": "Feature", "properties": {"province_id": 244, "name": "Turin", "marker_index": 12, "terrain_type_id": 12, "terrain_type": "Mountain"}, "geometry": {"type": "Point", "coordinates": [6472.0, 2240.0]}}, {"type": "Feature", "properties": {"province_id": 273, "name": "Ajaccio", "marker_index": 0, "terrain_type_id": 12, "terrain_type": "Mountain"}, "geometry": {"type": "Point", "coordinates": [6509.0, 2512.0]}}, {"type": "Feature", "properties": {"province_id": 273, "name": "Ajaccio", "marker_index": 1, "terrain_type_id": 12, "terrain_type": "Mountain"}, "geometry": {"type": "Point", "coordinates": [6512.0, 2487.0]}}, {"type": "Feature", "properties": {"province_id": 291, "name": "Saint Étienne", "marker_index": 0, "terrain_type_id": 12, "terrain_type": "Mountain"}, "geometry": {"type": "Point", "coordinates": [6237.0, 2220.0]}}, {"type": "Feature", "properties": {"province_id": 291, "name": "Saint Étienne", "marker_index": 1, "terrain_type_id": 12, "terrain_type": "Mountain"}, "geometry": {"type": "Point", "coordinates": [6249.0, 2239.0]}}, {"type": "Feature", "properties": {"province_id": 291, "name": "Saint Étienne", "marker_index": 2, "terrain_type_id": 12, "terrain_type": "Mountain"}, "geometry": {"type": "Point", "coordinates": [6252.0, 2224.0]}}, {"type": "Feature", "properties": {"province_id": 291, "name": "Saint Étienne", "marker_index": 3, "terrain_type_id": 12, "terrain_type": "Mountain"}, "geometry": {"type": "Point", "coordinates": [6266.0, 2264.0]}}, {"type": "Feature", "properties": {"province_id": 291, "name": "Saint Étienne", "marker_index": 4, "terrain_type_id": 12, "terrain_type": "Mountain"}, "geometry": {"type": "Point", "coordinates": [6274.0, 2277.0]}}, {"type": "Feature", "properties": {"province_id": 291, "name": "Saint Étienne", "marker_index": 5, "terrain_type_id": 12, "terrain_type": "Mountain"}, "geometry": {"type": "Point", "coordinates": [6278.0, 2254.0]}}, {"type": "Feature", "properties": {"province_id": 291, "name": "Saint Étienne", "marker_index": 6, "terrain_type_id": 12, "terrain_type": "Mountain"}, "geometry": {"type": "Point", "coordinates": [6296.0, 2283.0]}}, {"type": "Feature", "properties": {"province_id": 291, "name": "Saint Étienne", "marker_index": 7, "terrain_type_id": 12, "terrain_type": "Mountain"}, "geometry": {"type": "Point", "coordinates": [6297.0, 2265.0]}}, {"type": "Feature", "properties": {"province_id": 291, "name": "Saint Étienne", "marker_index": 8, "terrain_type_id": 12, "terrain_type": "Mountain"}, "geometry": {"type": "Point", "coordinates": [6307.0, 2275.0]}}, {"type": "Feature", "properties": {"province_id": 291, "name": "Saint Étienne", "marker_index": 9, "terrain_type_id": 12, "terrain_type": "Mountain"}, "geometry": {"type": "Point", "coordinates": [6328.0, 2256.0]}}, {"type": "Feature", "properties": {"province_id": 291, "name": "Saint Étienne", "marker_index": 10, "terrain_type_id": 12, "terrain_type": "Mountain"}, "geometry": {"type": "Point", "coordinates": [6338.0, 2270.0]}}, {"type": "Feature", "properties": {"province_id": 291, "name": "Saint Étienne", "marker_index": 11, "terrain_type_id": 12, "terrain_type": "Mountain"}, "geometry": {"type": "Point", "coordinates": [6350.0, 2251.0]}}, {"type": "Feature", "properties": {"province_id": 291, "name": "Saint Étienne", "marker_index": 12, "terrain_type_id": 12, "terrain_type": "Mountain"}, "geometry": {"type": "Point", "coordinates": [6356.0, 2267.0]}}, {"type": "Feature", "properties": {"province_id": 291, "name": "Saint Étienne", "marker_index": 13, "terrain_type_id": 12, "terrain_type": "Mountain"}, "geometry": {"type": "Point", "coordinates": [6361.0, 2253.0]}}, {"type": "Feature", "properties": {"province_id": 291, "name": "Saint Étienne", "marker_index": 14, "terrain_type_id": 12, "terrain_type": "Mountain"}, "geometry": {"type": "Point", "coordinates": [6365.0, 2281.0]}}, {"type": "Feature", "properties": {"province_id": 291, "name": "Saint Étienne", "marker_index": 15, "terrain_type_id": 12, "terrain_type": "Mountain"}, "geometry": {"type": "Point", "coordinates": [6374.0, 2270.0]}}, {"type": "Feature", "properties": {"province_id": 291, "name": "Saint Étienne", "marker_index": 16, "terrain_type_id": 12, "terrain_type": "Mountain"}, "geometry": {"type": "Point", "coordinates": [6377.0, 2243.0]}}, {"type": "Feature", "properties": {"province_id": 291, "name": "Saint Étienne", "marker_index": 17, "terrain_type_id": 12, "terrain_type": "Mountain"}, "geometry": {"type": "Point", "coordinates": [6381.0, 2229.0]}}, {"type": "Feature", "properties": {"province_id": 291, "name": "Saint Étienne", "marker_index": 18, "terrain_type_id": 12, "terrain_type": "Mountain"}, "geometry": {"type": "Point", "coordinates": [6382.0, 2258.0]}}, {"type": "Feature", "properties": {"province_id": 293, "name": "Grenoble", "marker_index": 0, "terrain_type_id": 12, "terrain_type": "Mountain"}, "geometry": {"type": "Point", "coordinates": [6336.0, 2304.0]}}, {"type": "Feature", "properties": {"province_id": 293, "name": "Grenoble", "marker_index": 1, "terrain_type_id": 12, "terrain_type": "Mountain"}, "geometry": {"type": "Point", "coordinates": [6336.0, 2329.0]}}, {"type": "Feature", "properties": {"province_id": 293, "name": "Grenoble", "marker_index": 2, "terrain_type_id": 12, "terrain_type": "Mountain"}, "geometry": {"type": "Point", "coordinates": [6343.0, 2350.0]}}, {"type": "Feature", "properties": {"province_id": 293, "name": "Grenoble", "marker_index": 3, "terrain_type_id": 12, "terrain_type": "Mountain"}, "geometry": {"type": "Point", "coordinates": [6350.0, 2374.0]}}, {"type": "Feature", "properties": {"province_id": 293, "name": "Grenoble", "marker_index": 4, "terrain_type_id": 12, "terrain_type": "Mountain"}, "geometry": {"type": "Point", "coordinates": [6357.0, 2336.0]}}, {"type": "Feature", "properties": {"province_id": 293, "name": "Grenoble", "marker_index": 5, "terrain_type_id": 12, "terrain_type": "Mountain"}, "geometry": {"type": "Point", "coordinates": [6369.0, 2409.0]}}, {"type": "Feature", "properties": {"province_id": 293, "name": "Grenoble", "marker_index": 6, "terrain_type_id": 12, "terrain_type": "Mountain"}, "geometry": {"type": "Point", "coordinates": [6371.0, 2380.0]}}, {"type": "Feature", "properties": {"province_id": 293, "name": "Grenoble", "marker_index": 7, "terrain_type_id": 12, "terrain_type": "Mountain"}, "geometry": {"type": "Point", "coordinates": [6376.0, 2320.0]}}, {"type": "Feature", "properties": {"province_id": 293, "name": "Grenoble", "marker_index": 8, "terrain_type_id": 12, "terrain_type": "Mountain"}, "geometry": {"type": "Point", "coordinates": [6378.0, 2348.0]}}, {"type": "Feature", "properties": {"province_id": 299, "name": "Lugo", "marker_index": 0, "terrain_type_id": 12, "terrain_type": "Mountain"}, "geometry": {"type": "Point", "coordinates": [5625.0, 2299.0]}}, {"type": "Feature", "properties": {"province_id": 299, "name": "Lugo", "marker_index": 1, "terrain_type_id": 12, "terrain_type": "Mountain"}, "geometry": {"type": "Point", "coordinates": [5666.0, 2312.0]}}, {"type": "Feature", "properties": {"province_id": 299, "name": "Lugo", "marker_index": 2, "terrain_type_id": 12, "terrain_type": "Mountain"}, "geometry": {"type": "Point", "coordinates": [5701.0, 2328.0]}}, {"type": "Feature", "properties": {"province_id": 299, "name": "Lugo", "marker_index": 3, "terrain_type_id": 12, "terrain_type": "Mountain"}, "geometry": {"type": "Point", "coordinates": [5725.0, 2321.0]}}, {"type": "Feature", "properties": {"province_id": 302, "name": "Pamplona", "marker_index": 0, "terrain_type_id": 12, "terrain_type": "Mountain"}, "geometry": {"type": "Point", "coordinates": [5904.0, 2385.0]}}, {"type": "Feature", "properties": {"province_id": 302, "name": "Pamplona", "marker_index": 1, "terrain_type_id": 12, "terrain_type": "Mountain"}, "geometry": {"type": "Point", "coordinates": [5915.0, 2432.0]}}, {"type": "Feature", "properties": {"province_id": 302, "name": "Pamplona", "marker_index": 2, "terrain_type_id": 12, "terrain_type": "Mountain"}, "geometry": {"type": "Point", "coordinates": [5930.0, 2374.0]}}, {"type": "Feature", "properties": {"province_id": 302, "name": "Pamplona", "marker_index": 3, "terrain_type_id": 12, "terrain_type": "Mountain"}, "geometry": {"type": "Point", "coordinates": [5944.0, 2460.0]}}, {"type": "Feature", "properties": {"province_id": 302, "name": "Pamplona", "marker_index": 4, "terrain_type_id": 12, "terrain_type": "Mountain"}, "geometry": {"type": "Point", "coordinates": [5951.0, 2389.0]}}, {"type": "Feature", "properties": {"province_id": 302, "name": "Pamplona", "marker_index": 5, "terrain_type_id": 12, "terrain_type": "Mountain"}, "geometry": {"type": "Point", "coordinates": [5956.0, 2434.0]}}, {"type": "Feature", "properties": {"province_id": 302, "name": "Pamplona", "marker_index": 6, "terrain_type_id": 12, "terrain_type": "Mountain"}, "geometry": {"type": "Point", "coordinates": [5957.0, 2401.0]}}, {"type": "Feature", "properties": {"province_id": 302, "name": "Pamplona", "marker_index": 7, "terrain_type_id": 12, "terrain_type": "Mountain"}, "geometry": {"type": "Point", "coordinates": [5973.0, 2398.0]}}, {"type": "Feature", "properties": {"province_id": 302, "name": "Pamplona", "marker_index": 8, "terrain_type_id": 12, "terrain_type": "Mountain"}, "geometry": {"type": "Point", "coordinates": [5980.0, 2415.0]}}, {"type": "Feature", "properties": {"province_id": 304, "name": "Lleida", "marker_index": 0, "terrain_type_id": 12, "terrain_type": "Mountain"}, "geometry": {"type": "Point", "coordinates": [6026.0, 2428.0]}}, {"type": "Feature", "properties": {"province_id": 304, "name": "Lleida", "marker_index": 1, "terrain_type_id": 12, "terrain_type": "Mountain"}, "geometry": {"type": "Point", "coordinates": [6037.0, 2468.0]}}, {"type": "Feature", "properties": {"province_id": 304, "name": "Lleida", "marker_index": 2, "terrain_type_id": 12, "terrain_type": "Mountain"}, "geometry": {"type": "Point", "coordinates": [6054.0, 2491.0]}}, {"type": "Feature", "properties": {"province_id": 304, "name": "Lleida", "marker_index": 3, "terrain_type_id": 12, "terrain_type": "Mountain"}, "geometry": {"type": "Point", "coordinates": [6057.0, 2443.0]}}, {"type": "Feature", "properties": {"province_id": 304, "name": "Lleida", "marker_index": 4, "terrain_type_id": 12, "terrain_type": "Mountain"}, "geometry": {"type": "Point", "coordinates": [6075.0, 2444.0]}}, {"type": "Feature", "properties": {"province_id": 304, "name": "Lleida", "marker_index": 5, "terrain_type_id": 12, "terrain_type": "Mountain"}, "geometry": {"type": "Point", "coordinates": [6086.0, 2492.0]}}, {"type": "Feature", "properties": {"province_id": 304, "name": "Lleida", "marker_index": 6, "terrain_type_id": 12, "terrain_type": "Mountain"}, "geometry": {"type": "Point", "coordinates": [6115.0, 2459.0]}}, {"type": "Feature", "properties": {"province_id": 304, "name": "Lleida", "marker_index": 7, "terrain_type_id": 12, "terrain_type": "Mountain"}, "geometry": {"type": "Point", "coordinates": [6121.0, 2492.0]}}, {"type": "Feature", "properties": {"province_id": 304, "name": "Lleida", "marker_index": 8, "terrain_type_id": 12, "terrain_type": "Mountain"}, "geometry": {"type": "Point", "coordinates": [6138.0, 2478.0]}}, {"type": "Feature", "properties": {"province_id": 304, "name": "Lleida", "marker_index": 9, "terrain_type_id": 12, "terrain_type": "Mountain"}, "geometry": {"type": "Point", "coordinates": [6167.0, 2488.0]}}, {"type": "Feature", "properties": {"province_id": 313, "name": "Granada", "marker_index": 0, "terrain_type_id": 12, "terrain_type": "Mountain"}, "geometry": {"type": "Point", "coordinates": [5776.0, 2791.0]}}, {"type": "Feature", "properties": {"province_id": 313, "name": "Granada", "marker_index": 1, "terrain_type_id": 12, "terrain_type": "Mountain"}, "geometry": {"type": "Point", "coordinates": [5800.0, 2785.0]}}, {"type": "Feature", "properties": {"province_id": 313, "name": "Granada", "marker_index": 2, "terrain_type_id": 12, "terrain_type": "Mountain"}, "geometry": {"type": "Point", "coordinates": [5823.0, 2800.0]}}, {"type": "Feature", "properties": {"province_id": 344, "name": "Deva", "marker_index": 0, "terrain_type_id": 12, "terrain_type": "Mountain"}, "geometry": {"type": "Point", "coordinates": [7204.0, 2177.0]}}, {"type": "Feature", "properties": {"province_id": 344, "name": "Deva", "marker_index": 1, "terrain_type_id": 12, "terrain_type": "Mountain"}, "geometry": {"type": "Point", "coordinates": [7218.0, 2174.0]}}, {"type": "Feature", "properties": {"province_id": 344, "name": "Deva", "marker_index": 2, "terrain_type_id": 12, "terrain_type": "Mountain"}, "geometry": {"type": "Point", "coordinates": [7219.0, 2190.0]}}, {"type": "Feature", "properties": {"province_id": 344, "name": "Deva", "marker_index": 3, "terrain_type_id": 12, "terrain_type": "Mountain"}, "geometry": {"type": "Point", "coordinates": [7232.0, 2188.0]}}, {"type": "Feature", "properties": {"province_id": 344, "name": "Deva", "marker_index": 4, "terrain_type_id": 12, "terrain_type": "Mountain"}, "geometry": {"type": "Point", "coordinates": [7241.0, 2204.0]}}, {"type": "Feature", "properties": {"province_id": 344, "name": "Deva", "marker_index": 5, "terrain_type_id": 12, "terrain_type": "Mountain"}, "geometry": {"type": "Point", "coordinates": [7248.0, 2175.0]}}, {"type": "Feature", "properties": {"province_id": 344, "name": "Deva", "marker_index": 6, "terrain_type_id": 12, "terrain_type": "Mountain"}, "geometry": {"type": "Point", "coordinates": [7255.0, 2213.0]}}, {"type": "Feature", "properties": {"province_id": 344, "name": "Deva", "marker_index": 7, "terrain_type_id": 12, "terrain_type": "Mountain"}, "geometry": {"type": "Point", "coordinates": [7261.0, 2191.0]}}, {"type": "Feature", "properties": {"province_id": 344, "name": "Deva", "marker_index": 8, "terrain_type_id": 12, "terrain_type": "Mountain"}, "geometry": {"type": "Point", "coordinates": [7267.0, 2181.0]}}, {"type": "Feature", "properties": {"province_id": 344, "name": "Deva", "marker_index": 9, "terrain_type_id": 12, "terrain_type": "Mountain"}, "geometry": {"type": "Point", "coordinates": [7270.0, 2204.0]}}, {"type": "Feature", "properties": {"province_id": 344, "name": "Deva", "marker_index": 10, "terrain_type_id": 12, "terrain_type": "Mountain"}, "geometry": {"type": "Point", "coordinates": [7274.0, 2223.0]}}, {"type": "Feature", "properties": {"province_id": 344, "name": "Deva", "marker_index": 11, "terrain_type_id": 12, "terrain_type": "Mountain"}, "geometry": {"type": "Point", "coordinates": [7284.0, 2190.0]}}, {"type": "Feature", "properties": {"province_id": 346, "name": "Reșița", "marker_index": 0, "terrain_type_id": 12, "terrain_type": "Mountain"}, "geometry": {"type": "Point", "coordinates": [7181.0, 2221.0]}}, {"type": "Feature", "properties": {"province_id": 346, "name": "Reșița", "marker_index": 1, "terrain_type_id": 12, "terrain_type": "Mountain"}, "geometry": {"type": "Point", "coordinates": [7192.0, 2237.0]}}, {"type": "Feature", "properties": {"province_id": 346, "name": "Reșița", "marker_index": 2, "terrain_type_id": 12, "terrain_type": "Mountain"}, "geometry": {"type": "Point", "coordinates": [7199.0, 2216.0]}}, {"type": "Feature", "properties": {"province_id": 346, "name": "Reșița", "marker_index": 3, "terrain_type_id": 12, "terrain_type": "Mountain"}, "geometry": {"type": "Point", "coordinates": [7211.0, 2262.0]}}, {"type": "Feature", "properties": {"province_id": 346, "name": "Reșița", "marker_index": 4, "terrain_type_id": 12, "terrain_type": "Mountain"}, "geometry": {"type": "Point", "coordinates": [7212.0, 2240.0]}}, {"type": "Feature", "properties": {"province_id": 346, "name": "Reșița", "marker_index": 5, "terrain_type_id": 12, "terrain_type": "Mountain"}, "geometry": {"type": "Point", "coordinates": [7219.0, 2216.0]}}, {"type": "Feature", "properties": {"province_id": 346, "name": "Reșița", "marker_index": 6, "terrain_type_id": 12, "terrain_type": "Mountain"}, "geometry": {"type": "Point", "coordinates": [7222.0, 2228.0]}}, {"type": "Feature", "properties": {"province_id": 348, "name": "Satu Mare", "marker_index": 0, "terrain_type_id": 12, "terrain_type": "Mountain"}, "geometry": {"type": "Point", "coordinates": [7226.0, 2064.0]}}, {"type": "Feature", "properties": {"province_id": 348, "name": "Satu Mare", "marker_index": 1, "terrain_type_id": 12, "terrain_type": "Mountain"}, "geometry": {"type": "Point", "coordinates": [7242.0, 2074.0]}}, {"type": "Feature", "properties": {"province_id": 348, "name": "Satu Mare", "marker_index": 2, "terrain_type_id": 12, "terrain_type": "Mountain"}, "geometry": {"type": "Point", "coordinates": [7246.0, 2084.0]}}, {"type": "Feature", "properties": {"province_id": 348, "name": "Satu Mare", "marker_index": 3, "terrain_type_id": 12, "terrain_type": "Mountain"}, "geometry": {"type": "Point", "coordinates": [7261.0, 2076.0]}}, {"type": "Feature", "properties": {"province_id": 348, "name": "Satu Mare", "marker_index": 4, "terrain_type_id": 12, "terrain_type": "Mountain"}, "geometry": {"type": "Point", "coordinates": [7276.0, 2066.0]}}, {"type": "Feature", "properties": {"province_id": 348, "name": "Satu Mare", "marker_index": 5, "terrain_type_id": 12, "terrain_type": "Mountain"}, "geometry": {"type": "Point", "coordinates": [7297.0, 2068.0]}}, {"type": "Feature", "properties": {"province_id": 348, "name": "Satu Mare", "marker_index": 6, "terrain_type_id": 12, "terrain_type": "Mountain"}, "geometry": {"type": "Point", "coordinates": [7304.0, 2084.0]}}, {"type": "Feature", "properties": {"province_id": 348, "name": "Satu Mare", "marker_index": 7, "terrain_type_id": 12, "terrain_type": "Mountain"}, "geometry": {"type": "Point", "coordinates": [7313.0, 2070.0]}}, {"type": "Feature", "properties": {"province_id": 349, "name": "Zalău", "marker_index": 0, "terrain_type_id": 12, "terrain_type": "Mountain"}, "geometry": {"type": "Point", "coordinates": [7248.0, 2122.0]}}, {"type": "Feature", "properties": {"province_id": 349, "name": "Zalău", "marker_index": 1, "terrain_type_id": 12, "terrain_type": "Mountain"}, "geometry": {"type": "Point", "coordinates": [7263.0, 2123.0]}}, {"type": "Feature", "properties": {"province_id": 349, "name": "Zalău", "marker_index": 2, "terrain_type_id": 12, "terrain_type": "Mountain"}, "geometry": {"type": "Point", "coordinates": [7264.0, 2144.0]}}, {"type": "Feature", "properties": {"province_id": 349, "name": "Zalău", "marker_index": 3, "terrain_type_id": 12, "terrain_type": "Mountain"}, "geometry": {"type": "Point", "coordinates": [7269.0, 2131.0]}}, {"type": "Feature", "properties": {"province_id": 349, "name": "Zalău", "marker_index": 4, "terrain_type_id": 12, "terrain_type": "Mountain"}, "geometry": {"type": "Point", "coordinates": [7280.0, 2114.0]}}, {"type": "Feature", "properties": {"province_id": 349, "name": "Zalău", "marker_index": 5, "terrain_type_id": 12, "terrain_type": "Mountain"}, "geometry": {"type": "Point", "coordinates": [7285.0, 2137.0]}}, {"type": "Feature", "properties": {"province_id": 349, "name": "Zalău", "marker_index": 6, "terrain_type_id": 12, "terrain_type": "Mountain"}, "geometry": {"type": "Point", "coordinates": [7285.0, 2149.0]}}, {"type": "Feature", "properties": {"province_id": 349, "name": "Zalău", "marker_index": 7, "terrain_type_id": 12, "terrain_type": "Mountain"}, "geometry": {"type": "Point", "coordinates": [7290.0, 2123.0]}}, {"type": "Feature", "properties": {"province_id": 349, "name": "Zalău", "marker_index": 8, "terrain_type_id": 12, "terrain_type": "Mountain"}, "geometry": {"type": "Point", "coordinates": [7303.0, 2151.0]}}, {"type": "Feature", "properties": {"province_id": 349, "name": "Zalău", "marker_index": 9, "terrain_type_id": 12, "terrain_type": "Mountain"}, "geometry": {"type": "Point", "coordinates": [7305.0, 2128.0]}}, {"type": "Feature", "properties": {"province_id": 349, "name": "Zalău", "marker_index": 10, "terrain_type_id": 12, "terrain_type": "Mountain"}, "geometry": {"type": "Point", "coordinates": [7316.0, 2150.0]}}, {"type": "Feature", "properties": {"province_id": 353, "name": "Târgu-Mureș", "marker_index": 0, "terrain_type_id": 12, "terrain_type": "Mountain"}, "geometry": {"type": "Point", "coordinates": [7325.0, 2108.0]}}, {"type": "Feature", "properties": {"province_id": 353, "name": "Târgu-Mureș", "marker_index": 1, "terrain_type_id": 12, "terrain_type": "Mountain"}, "geometry": {"type": "Point", "coordinates": [7339.0, 2112.0]}}, {"type": "Feature", "properties": {"province_id": 353, "name": "Târgu-Mureș", "marker_index": 2, "terrain_type_id": 12, "terrain_type": "Mountain"}, "geometry": {"type": "Point", "coordinates": [7343.0, 2129.0]}}, {"type": "Feature", "properties": {"province_id": 353, "name": "Târgu-Mureș", "marker_index": 3, "terrain_type_id": 12, "terrain_type": "Mountain"}, "geometry": {"type": "Point", "coordinates": [7353.0, 2136.0]}}, {"type": "Feature", "properties": {"province_id": 353, "name": "Târgu-Mureș", "marker_index": 4, "terrain_type_id": 12, "terrain_type": "Mountain"}, "geometry": {"type": "Point", "coordinates": [7366.0, 2100.0]}}, {"type": "Feature", "properties": {"province_id": 353, "name": "Târgu-Mureș", "marker_index": 5, "terrain_type_id": 12, "terrain_type": "Mountain"}, "geometry": {"type": "Point", "coordinates": [7366.0, 2115.0]}}, {"type": "Feature", "properties": {"province_id": 353, "name": "Târgu-Mureș", "marker_index": 6, "terrain_type_id": 12, "terrain_type": "Mountain"}, "geometry": {"type": "Point", "coordinates": [7381.0, 2112.0]}}, {"type": "Feature", "properties": {"province_id": 359, "name": "Mostar", "marker_index": 0, "terrain_type_id": 12, "terrain_type": "Mountain"}, "geometry": {"type": "Point", "coordinates": [6982.0, 2428.0]}}, {"type": "Feature", "properties": {"province_id": 359, "name": "Mostar", "marker_index": 1, "terrain_type_id": 12, "terrain_type": "Mountain"}, "geometry": {"type": "Point", "coordinates": [6994.0, 2430.0]}}, {"type": "Feature", "properties": {"province_id": 359, "name": "Mostar", "marker_index": 2, "terrain_type_id": 12, "terrain_type": "Mountain"}, "geometry": {"type": "Point", "coordinates": [6995.0, 2414.0]}}, {"type": "Feature", "properties": {"province_id": 359, "name": "Mostar", "marker_index": 3, "terrain_type_id": 12, "terrain_type": "Mountain"}, "geometry": {"type": "Point", "coordinates": [7012.0, 2432.0]}}, {"type": "Feature", "properties": {"province_id": 359, "name": "Mostar", "marker_index": 4, "terrain_type_id": 12, "terrain_type": "Mountain"}, "geometry": {"type": "Point", "coordinates": [7023.0, 2447.0]}}, {"type": "Feature", "properties": {"province_id": 359, "name": "Mostar", "marker_index": 5, "terrain_type_id": 12, "terrain_type": "Mountain"}, "geometry": {"type": "Point", "coordinates": [7032.0, 2439.0]}}, {"type": "Feature", "properties": {"province_id": 369, "name": "Ljubljana", "marker_index": 0, "terrain_type_id": 12, "terrain_type": "Mountain"}, "geometry": {"type": "Point", "coordinates": [6789.0, 2225.0]}}, {"type": "Feature", "properties": {"province_id": 369, "name": "Ljubljana", "marker_index": 1, "terrain_type_id": 12, "terrain_type": "Mountain"}, "geometry": {"type": "Point", "coordinates": [6794.0, 2209.0]}}, {"type": "Feature", "properties": {"province_id": 369, "name": "Ljubljana", "marker_index": 2, "terrain_type_id": 12, "terrain_type": "Mountain"}, "geometry": {"type": "Point", "coordinates": [6794.0, 2244.0]}}, {"type": "Feature", "properties": {"province_id": 369, "name": "Ljubljana", "marker_index": 3, "terrain_type_id": 12, "terrain_type": "Mountain"}, "geometry": {"type": "Point", "coordinates": [6803.0, 2217.0]}}, {"type": "Feature", "properties": {"province_id": 369, "name": "Ljubljana", "marker_index": 4, "terrain_type_id": 12, "terrain_type": "Mountain"}, "geometry": {"type": "Point", "coordinates": [6810.0, 2252.0]}}, {"type": "Feature", "properties": {"province_id": 369, "name": "Ljubljana", "marker_index": 5, "terrain_type_id": 12, "terrain_type": "Mountain"}, "geometry": {"type": "Point", "coordinates": [6811.0, 2231.0]}}, {"type": "Feature", "properties": {"province_id": 369, "name": "Ljubljana", "marker_index": 6, "terrain_type_id": 12, "terrain_type": "Mountain"}, "geometry": {"type": "Point", "coordinates": [6822.0, 2232.0]}}, {"type": "Feature", "properties": {"province_id": 369, "name": "Ljubljana", "marker_index": 7, "terrain_type_id": 12, "terrain_type": "Mountain"}, "geometry": {"type": "Point", "coordinates": [6824.0, 2215.0]}}, {"type": "Feature", "properties": {"province_id": 369, "name": "Ljubljana", "marker_index": 8, "terrain_type_id": 12, "terrain_type": "Mountain"}, "geometry": {"type": "Point", "coordinates": [6836.0, 2229.0]}}, {"type": "Feature", "properties": {"province_id": 369, "name": "Ljubljana", "marker_index": 9, "terrain_type_id": 12, "terrain_type": "Mountain"}, "geometry": {"type": "Point", "coordinates": [6836.0, 2249.0]}}, {"type": "Feature", "properties": {"province_id": 372, "name": "Negotin", "marker_index": 0, "terrain_type_id": 12, "terrain_type": "Mountain"}, "geometry": {"type": "Point", "coordinates": [7210.0, 2298.0]}}, {"type": "Feature", "properties": {"province_id": 372, "name": "Negotin", "marker_index": 1, "terrain_type_id": 12, "terrain_type": "Mountain"}, "geometry": {"type": "Point", "coordinates": [7210.0, 2319.0]}}, {"type": "Feature", "properties": {"province_id": 372, "name": "Negotin", "marker_index": 2, "terrain_type_id": 12, "terrain_type": "Mountain"}, "geometry": {"type": "Point", "coordinates": [7218.0, 2349.0]}}, {"type": "Feature", "properties": {"province_id": 372, "name": "Negotin", "marker_index": 3, "terrain_type_id": 12, "terrain_type": "Mountain"}, "geometry": {"type": "Point", "coordinates": [7221.0, 2304.0]}}, {"type": "Feature", "properties": {"province_id": 372, "name": "Negotin", "marker_index": 4, "terrain_type_id": 12, "terrain_type": "Mountain"}, "geometry": {"type": "Point", "coordinates": [7222.0, 2332.0]}}, {"type": "Feature", "properties": {"province_id": 372, "name": "Negotin", "marker_index": 5, "terrain_type_id": 12, "terrain_type": "Mountain"}, "geometry": {"type": "Point", "coordinates": [7234.0, 2295.0]}}, {"type": "Feature", "properties": {"province_id": 372, "name": "Negotin", "marker_index": 6, "terrain_type_id": 12, "terrain_type": "Mountain"}, "geometry": {"type": "Point", "coordinates": [7236.0, 2312.0]}}, {"type": "Feature", "properties": {"province_id": 372, "name": "Negotin", "marker_index": 7, "terrain_type_id": 12, "terrain_type": "Mountain"}, "geometry": {"type": "Point", "coordinates": [7236.0, 2344.0]}}, {"type": "Feature", "properties": {"province_id": 372, "name": "Negotin", "marker_index": 8, "terrain_type_id": 12, "terrain_type": "Mountain"}, "geometry": {"type": "Point", "coordinates": [7242.0, 2359.0]}}, {"type": "Feature", "properties": {"province_id": 372, "name": "Negotin", "marker_index": 9, "terrain_type_id": 12, "terrain_type": "Mountain"}, "geometry": {"type": "Point", "coordinates": [7252.0, 2316.0]}}, {"type": "Feature", "properties": {"province_id": 377, "name": "Podgorica", "marker_index": 0, "terrain_type_id": 12, "terrain_type": "Mountain"}, "geometry": {"type": "Point", "coordinates": [7059.0, 2473.0]}}, {"type": "Feature", "properties": {"province_id": 377, "name": "Podgorica", "marker_index": 1, "terrain_type_id": 12, "terrain_type": "Mountain"}, "geometry": {"type": "Point", "coordinates": [7064.0, 2451.0]}}, {"type": "Feature", "properties": {"province_id": 377, "name": "Podgorica", "marker_index": 2, "terrain_type_id": 12, "terrain_type": "Mountain"}, "geometry": {"type": "Point", "coordinates": [7072.0, 2484.0]}}, {"type": "Feature", "properties": {"province_id": 377, "name": "Podgorica", "marker_index": 3, "terrain_type_id": 12, "terrain_type": "Mountain"}, "geometry": {"type": "Point", "coordinates": [7073.0, 2462.0]}}, {"type": "Feature", "properties": {"province_id": 377, "name": "Podgorica", "marker_index": 4, "terrain_type_id": 12, "terrain_type": "Mountain"}, "geometry": {"type": "Point", "coordinates": [7081.0, 2469.0]}}, {"type": "Feature", "properties": {"province_id": 380, "name": "Vratsa", "marker_index": 0, "terrain_type_id": 12, "terrain_type": "Mountain"}, "geometry": {"type": "Point", "coordinates": [7272.0, 2375.0]}}, {"type": "Feature", "properties": {"province_id": 380, "name": "Vratsa", "marker_index": 1, "terrain_type_id": 12, "terrain_type": "Mountain"}, "geometry": {"type": "Point", "coordinates": [7278.0, 2355.0]}}, {"type": "Feature", "properties": {"province_id": 380, "name": "Vratsa", "marker_index": 2, "terrain_type_id": 12, "terrain_type": "Mountain"}, "geometry": {"type": "Point", "coordinates": [7281.0, 2326.0]}}, {"type": "Feature", "properties": {"province_id": 380, "name": "Vratsa", "marker_index": 3, "terrain_type_id": 12, "terrain_type": "Mountain"}, "geometry": {"type": "Point", "coordinates": [7289.0, 2370.0]}}, {"type": "Feature", "properties": {"province_id": 380, "name": "Vratsa", "marker_index": 4, "terrain_type_id": 12, "terrain_type": "Mountain"}, "geometry": {"type": "Point", "coordinates": [7295.0, 2336.0]}}, {"type": "Feature", "properties": {"province_id": 380, "name": "Vratsa", "marker_index": 5, "terrain_type_id": 12, "terrain_type": "Mountain"}, "geometry": {"type": "Point", "coordinates": [7299.0, 2360.0]}}, {"type": "Feature", "properties": {"province_id": 380, "name": "Vratsa", "marker_index": 6, "terrain_type_id": 12, "terrain_type": "Mountain"}, "geometry": {"type": "Point", "coordinates": [7304.0, 2317.0]}}, {"type": "Feature", "properties": {"province_id": 380, "name": "Vratsa", "marker_index": 7, "terrain_type_id": 12, "terrain_type": "Mountain"}, "geometry": {"type": "Point", "coordinates": [7305.0, 2377.0]}}, {"type": "Feature", "properties": {"province_id": 380, "name": "Vratsa", "marker_index": 8, "terrain_type_id": 12, "terrain_type": "Mountain"}, "geometry": {"type": "Point", "coordinates": [7310.0, 2333.0]}}, {"type": "Feature", "properties": {"province_id": 380, "name": "Vratsa", "marker_index": 9, "terrain_type_id": 12, "terrain_type": "Mountain"}, "geometry": {"type": "Point", "coordinates": [7315.0, 2357.0]}}, {"type": "Feature", "properties": {"province_id": 380, "name": "Vratsa", "marker_index": 10, "terrain_type_id": 12, "terrain_type": "Mountain"}, "geometry": {"type": "Point", "coordinates": [7321.0, 2324.0]}}, {"type": "Feature", "properties": {"province_id": 383, "name": "Pleven", "marker_index": 0, "terrain_type_id": 12, "terrain_type": "Mountain"}, "geometry": {"type": "Point", "coordinates": [7348.0, 2353.0]}}, {"type": "Feature", "properties": {"province_id": 383, "name": "Pleven", "marker_index": 1, "terrain_type_id": 12, "terrain_type": "Mountain"}, "geometry": {"type": "Point", "coordinates": [7355.0, 2339.0]}}, {"type": "Feature", "properties": {"province_id": 383, "name": "Pleven", "marker_index": 2, "terrain_type_id": 12, "terrain_type": "Mountain"}, "geometry": {"type": "Point", "coordinates": [7362.0, 2315.0]}}, {"type": "Feature", "properties": {"province_id": 383, "name": "Pleven", "marker_index": 3, "terrain_type_id": 12, "terrain_type": "Mountain"}, "geometry": {"type": "Point", "coordinates": [7369.0, 2341.0]}}, {"type": "Feature", "properties": {"province_id": 383, "name": "Pleven", "marker_index": 4, "terrain_type_id": 12, "terrain_type": "Mountain"}, "geometry": {"type": "Point", "coordinates": [7371.0, 2320.0]}}, {"type": "Feature", "properties": {"province_id": 383, "name": "Pleven", "marker_index": 5, "terrain_type_id": 12, "terrain_type": "Mountain"}, "geometry": {"type": "Point", "coordinates": [7385.0, 2326.0]}}, {"type": "Feature", "properties": {"province_id": 383, "name": "Pleven", "marker_index": 6, "terrain_type_id": 12, "terrain_type": "Mountain"}, "geometry": {"type": "Point", "coordinates": [7393.0, 2315.0]}}, {"type": "Feature", "properties": {"province_id": 391, "name": "Ioannina", "marker_index": 0, "terrain_type_id": 12, "terrain_type": "Mountain"}, "geometry": {"type": "Point", "coordinates": [7149.0, 2646.0]}}, {"type": "Feature", "properties": {"province_id": 391, "name": "Ioannina", "marker_index": 1, "terrain_type_id": 12, "terrain_type": "Mountain"}, "geometry": {"type": "Point", "coordinates": [7151.0, 2633.0]}}, {"type": "Feature", "properties": {"province_id": 391, "name": "Ioannina", "marker_index": 2, "terrain_type_id": 12, "terrain_type": "Mountain"}, "geometry": {"type": "Point", "coordinates": [7162.0, 2624.0]}}, {"type": "Feature", "properties": {"province_id": 391, "name": "Ioannina", "marker_index": 3, "terrain_type_id": 12, "terrain_type": "Mountain"}, "geometry": {"type": "Point", "coordinates": [7164.0, 2635.0]}}, {"type": "Feature", "properties": {"province_id": 392, "name": "Xanthi", "marker_index": 0, "terrain_type_id": 12, "terrain_type": "Mountain"}, "geometry": {"type": "Point", "coordinates": [7323.0, 2531.0]}}, {"type": "Feature", "properties": {"province_id": 392, "name": "Xanthi", "marker_index": 1, "terrain_type_id": 12, "terrain_type": "Mountain"}, "geometry": {"type": "Point", "coordinates": [7324.0, 2517.0]}}, {"type": "Feature", "properties": {"province_id": 392, "name": "Xanthi", "marker_index": 2, "terrain_type_id": 12, "terrain_type": "Mountain"}, "geometry": {"type": "Point", "coordinates": [7335.0, 2519.0]}}, {"type": "Feature", "properties": {"province_id": 392, "name": "Xanthi", "marker_index": 3, "terrain_type_id": 12, "terrain_type": "Mountain"}, "geometry": {"type": "Point", "coordinates": [7348.0, 2510.0]}}, {"type": "Feature", "properties": {"province_id": 392, "name": "Xanthi", "marker_index": 4, "terrain_type_id": 12, "terrain_type": "Mountain"}, "geometry": {"type": "Point", "coordinates": [7348.0, 2521.0]}}, {"type": "Feature", "properties": {"province_id": 392, "name": "Xanthi", "marker_index": 5, "terrain_type_id": 12, "terrain_type": "Mountain"}, "geometry": {"type": "Point", "coordinates": [7360.0, 2522.0]}}, {"type": "Feature", "properties": {"province_id": 392, "name": "Xanthi", "marker_index": 6, "terrain_type_id": 12, "terrain_type": "Mountain"}, "geometry": {"type": "Point", "coordinates": [7368.0, 2504.0]}}, {"type": "Feature", "properties": {"province_id": 394, "name": "Serres", "marker_index": 0, "terrain_type_id": 12, "terrain_type": "Mountain"}, "geometry": {"type": "Point", "coordinates": [7266.0, 2556.0]}}, {"type": "Feature", "properties": {"province_id": 394, "name": "Serres", "marker_index": 1, "terrain_type_id": 12, "terrain_type": "Mountain"}, "geometry": {"type": "Point", "coordinates": [7281.0, 2548.0]}}, {"type": "Feature", "properties": {"province_id": 394, "name": "Serres", "marker_index": 2, "terrain_type_id": 12, "terrain_type": "Mountain"}, "geometry": {"type": "Point", "coordinates": [7282.0, 2525.0]}}, {"type": "Feature", "properties": {"province_id": 394, "name": "Serres", "marker_index": 3, "terrain_type_id": 12, "terrain_type": "Mountain"}, "geometry": {"type": "Point", "coordinates": [7286.0, 2534.0]}}, {"type": "Feature", "properties": {"province_id": 394, "name": "Serres", "marker_index": 4, "terrain_type_id": 12, "terrain_type": "Mountain"}, "geometry": {"type": "Point", "coordinates": [7292.0, 2525.0]}}, {"type": "Feature", "properties": {"province_id": 415, "name": "Kars", "marker_index": 0, "terrain_type_id": 12, "terrain_type": "Mountain"}, "geometry": {"type": "Point", "coordinates": [7968.0, 2363.0]}}, {"type": "Feature", "properties": {"province_id": 415, "name": "Kars", "marker_index": 1, "terrain_type_id": 12, "terrain_type": "Mountain"}, "geometry": {"type": "Point", "coordinates": [7988.0, 2368.0]}}, {"type": "Feature", "properties": {"province_id": 415, "name": "Kars", "marker_index": 2, "terrain_type_id": 12, "terrain_type": "Mountain"}, "geometry": {"type": "Point", "coordinates": [8002.0, 2347.0]}}, {"type": "Feature", "properties": {"province_id": 415, "name": "Kars", "marker_index": 3, "terrain_type_id": 12, "terrain_type": "Mountain"}, "geometry": {"type": "Point", "coordinates": [8015.0, 2374.0]}}, {"type": "Feature", "properties": {"province_id": 415, "name": "Kars", "marker_index": 4, "terrain_type_id": 12, "terrain_type": "Mountain"}, "geometry": {"type": "Point", "coordinates": [8035.0, 2357.0]}}, {"type": "Feature", "properties": {"province_id": 415, "name": "Kars", "marker_index": 5, "terrain_type_id": 12, "terrain_type": "Mountain"}, "geometry": {"type": "Point", "coordinates": [8049.0, 2391.0]}}, {"type": "Feature", "properties": {"province_id": 415, "name": "Kars", "marker_index": 6, "terrain_type_id": 12, "terrain_type": "Mountain"}, "geometry": {"type": "Point", "coordinates": [8060.0, 2348.0]}}, {"type": "Feature", "properties": {"province_id": 415, "name": "Kars", "marker_index": 7, "terrain_type_id": 12, "terrain_type": "Mountain"}, "geometry": {"type": "Point", "coordinates": [8063.0, 2379.0]}}, {"type": "Feature", "properties": {"province_id": 415, "name": "Kars", "marker_index": 8, "terrain_type_id": 12, "terrain_type": "Mountain"}, "geometry": {"type": "Point", "coordinates": [8074.0, 2405.0]}}, {"type": "Feature", "properties": {"province_id": 415, "name": "Kars", "marker_index": 9, "terrain_type_id": 12, "terrain_type": "Mountain"}, "geometry": {"type": "Point", "coordinates": [8088.0, 2370.0]}}, {"type": "Feature", "properties": {"province_id": 415, "name": "Kars", "marker_index": 10, "terrain_type_id": 12, "terrain_type": "Mountain"}, "geometry": {"type": "Point", "coordinates": [8095.0, 2392.0]}}, {"type": "Feature", "properties": {"province_id": 415, "name": "Kars", "marker_index": 11, "terrain_type_id": 12, "terrain_type": "Mountain"}, "geometry": {"type": "Point", "coordinates": [8111.0, 2388.0]}}, {"type": "Feature", "properties": {"province_id": 415, "name": "Kars", "marker_index": 12, "terrain_type_id": 12, "terrain_type": "Mountain"}, "geometry": {"type": "Point", "coordinates": [8112.0, 2356.0]}}, {"type": "Feature", "properties": {"province_id": 415, "name": "Kars", "marker_index": 13, "terrain_type_id": 12, "terrain_type": "Mountain"}, "geometry": {"type": "Point", "coordinates": [8117.0, 2371.0]}}, {"type": "Feature", "properties": {"province_id": 415, "name": "Kars", "marker_index": 14, "terrain_type_id": 12, "terrain_type": "Mountain"}, "geometry": {"type": "Point", "coordinates": [8129.0, 2393.0]}}, {"type": "Feature", "properties": {"province_id": 418, "name": "Erzurum", "marker_index": 0, "terrain_type_id": 12, "terrain_type": "Mountain"}, "geometry": {"type": "Point", "coordinates": [7905.0, 2383.0]}}, {"type": "Feature", "properties": {"province_id": 418, "name": "Erzurum", "marker_index": 1, "terrain_type_id": 12, "terrain_type": "Mountain"}, "geometry": {"type": "Point", "coordinates": [7916.0, 2400.0]}}, {"type": "Feature", "properties": {"province_id": 418, "name": "Erzurum", "marker_index": 2, "terrain_type_id": 12, "terrain_type": "Mountain"}, "geometry": {"type": "Point", "coordinates": [7938.0, 2413.0]}}, {"type": "Feature", "properties": {"province_id": 418, "name": "Erzurum", "marker_index": 3, "terrain_type_id": 12, "terrain_type": "Mountain"}, "geometry": {"type": "Point", "coordinates": [7962.0, 2405.0]}}, {"type": "Feature", "properties": {"province_id": 418, "name": "Erzurum", "marker_index": 4, "terrain_type_id": 12, "terrain_type": "Mountain"}, "geometry": {"type": "Point", "coordinates": [7987.0, 2408.0]}}, {"type": "Feature", "properties": {"province_id": 418, "name": "Erzurum", "marker_index": 5, "terrain_type_id": 12, "terrain_type": "Mountain"}, "geometry": {"type": "Point", "coordinates": [7987.0, 2427.0]}}, {"type": "Feature", "properties": {"province_id": 418, "name": "Erzurum", "marker_index": 6, "terrain_type_id": 12, "terrain_type": "Mountain"}, "geometry": {"type": "Point", "coordinates": [8006.0, 2451.0]}}, {"type": "Feature", "properties": {"province_id": 418, "name": "Erzurum", "marker_index": 7, "terrain_type_id": 12, "terrain_type": "Mountain"}, "geometry": {"type": "Point", "coordinates": [8013.0, 2437.0]}}, {"type": "Feature", "properties": {"province_id": 418, "name": "Erzurum", "marker_index": 8, "terrain_type_id": 12, "terrain_type": "Mountain"}, "geometry": {"type": "Point", "coordinates": [8032.0, 2447.0]}}, {"type": "Feature", "properties": {"province_id": 425, "name": "Malatya", "marker_index": 0, "terrain_type_id": 12, "terrain_type": "Mountain"}, "geometry": {"type": "Point", "coordinates": [7839.0, 2479.0]}}, {"type": "Feature", "properties": {"province_id": 425, "name": "Malatya", "marker_index": 1, "terrain_type_id": 12, "terrain_type": "Mountain"}, "geometry": {"type": "Point", "coordinates": [7864.0, 2502.0]}}, {"type": "Feature", "properties": {"province_id": 425, "name": "Malatya", "marker_index": 2, "terrain_type_id": 12, "terrain_type": "Mountain"}, "geometry": {"type": "Point", "coordinates": [7877.0, 2468.0]}}, {"type": "Feature", "properties": {"province_id": 425, "name": "Malatya", "marker_index": 3, "terrain_type_id": 12, "terrain_type": "Mountain"}, "geometry": {"type": "Point", "coordinates": [7897.0, 2497.0]}}, {"type": "Feature", "properties": {"province_id": 425, "name": "Malatya", "marker_index": 4, "terrain_type_id": 12, "terrain_type": "Mountain"}, "geometry": {"type": "Point", "coordinates": [7925.0, 2483.0]}}, {"type": "Feature", "properties": {"province_id": 425, "name": "Malatya", "marker_index": 5, "terrain_type_id": 12, "terrain_type": "Mountain"}, "geometry": {"type": "Point", "coordinates": [7930.0, 2450.0]}}, {"type": "Feature", "properties": {"province_id": 425, "name": "Malatya", "marker_index": 6, "terrain_type_id": 12, "terrain_type": "Mountain"}, "geometry": {"type": "Point", "coordinates": [7946.0, 2489.0]}}, {"type": "Feature", "properties": {"province_id": 442, "name": "Idaho Falls", "marker_index": 0, "terrain_type_id": 12, "terrain_type": "Mountain"}, "geometry": {"type": "Point", "coordinates": [1820.0, 1804.0]}}, {"type": "Feature", "properties": {"province_id": 442, "name": "Idaho Falls", "marker_index": 1, "terrain_type_id": 12, "terrain_type": "Mountain"}, "geometry": {"type": "Point", "coordinates": [1841.0, 1822.0]}}, {"type": "Feature", "properties": {"province_id": 442, "name": "Idaho Falls", "marker_index": 2, "terrain_type_id": 12, "terrain_type": "Mountain"}, "geometry": {"type": "Point", "coordinates": [1845.0, 1845.0]}}, {"type": "Feature", "properties": {"province_id": 443, "name": "Pocatello", "marker_index": 0, "terrain_type_id": 12, "terrain_type": "Mountain"}, "geometry": {"type": "Point", "coordinates": [1813.0, 1911.0]}}, {"type": "Feature", "properties": {"province_id": 443, "name": "Pocatello", "marker_index": 1, "terrain_type_id": 12, "terrain_type": "Mountain"}, "geometry": {"type": "Point", "coordinates": [1817.0, 1881.0]}}, {"type": "Feature", "properties": {"province_id": 443, "name": "Pocatello", "marker_index": 2, "terrain_type_id": 12, "terrain_type": "Mountain"}, "geometry": {"type": "Point", "coordinates": [1837.0, 1906.0]}}, {"type": "Feature", "properties": {"province_id": 443, "name": "Pocatello", "marker_index": 3, "terrain_type_id": 12, "terrain_type": "Mountain"}, "geometry": {"type": "Point", "coordinates": [1843.0, 1919.0]}}, {"type": "Feature", "properties": {"province_id": 448, "name": "Bend", "marker_index": 0, "terrain_type_id": 12, "terrain_type": "Mountain"}, "geometry": {"type": "Point", "coordinates": [1312.0, 1896.0]}}, {"type": "Feature", "properties": {"province_id": 448, "name": "Bend", "marker_index": 1, "terrain_type_id": 12, "terrain_type": "Mountain"}, "geometry": {"type": "Point", "coordinates": [1335.0, 1872.0]}}, {"type": "Feature", "properties": {"province_id": 448, "name": "Bend", "marker_index": 2, "terrain_type_id": 12, "terrain_type": "Mountain"}, "geometry": {"type": "Point", "coordinates": [1410.0, 1758.0]}}, {"type": "Feature", "properties": {"province_id": 448, "name": "Bend", "marker_index": 3, "terrain_type_id": 12, "terrain_type": "Mountain"}, "geometry": {"type": "Point", "coordinates": [1427.0, 1800.0]}}, {"type": "Feature", "properties": {"province_id": 448, "name": "Bend", "marker_index": 4, "terrain_type_id": 12, "terrain_type": "Mountain"}, "geometry": {"type": "Point", "coordinates": [1432.0, 1819.0]}}, {"type": "Feature", "properties": {"province_id": 448, "name": "Bend", "marker_index": 5, "terrain_type_id": 12, "terrain_type": "Mountain"}, "geometry": {"type": "Point", "coordinates": [1436.0, 1726.0]}}, {"type": "Feature", "properties": {"province_id": 448, "name": "Bend", "marker_index": 6, "terrain_type_id": 12, "terrain_type": "Mountain"}, "geometry": {"type": "Point", "coordinates": [1444.0, 1767.0]}}, {"type": "Feature", "properties": {"province_id": 448, "name": "Bend", "marker_index": 7, "terrain_type_id": 12, "terrain_type": "Mountain"}, "geometry": {"type": "Point", "coordinates": [1453.0, 1746.0]}}, {"type": "Feature", "properties": {"province_id": 449, "name": "Eugene", "marker_index": 0, "terrain_type_id": 13, "terrain_type": "Forest"}, "geometry": {"type": "Point", "coordinates": [1237.0, 1895.0]}}, {"type": "Feature", "properties": {"province_id": 449, "name": "Eugene", "marker_index": 1, "terrain_type_id": 13, "terrain_type": "Forest"}, "geometry": {"type": "Point", "coordinates": [1247.0, 1869.0]}}, {"type": "Feature", "properties": {"province_id": 449, "name": "Eugene", "marker_index": 2, "terrain_type_id": 13, "terrain_type": "Forest"}, "geometry": {"type": "Point", "coordinates": [1249.0, 1917.0]}}, {"type": "Feature", "properties": {"province_id": 449, "name": "Eugene", "marker_index": 3, "terrain_type_id": 13, "terrain_type": "Forest"}, "geometry": {"type": "Point", "coordinates": [1278.0, 1889.0]}}, {"type": "Feature", "properties": {"province_id": 454, "name": "Klamath Falls", "marker_index": 0, "terrain_type_id": 10, "terrain_type": "Plains"}, "geometry": {"type": "Point", "coordinates": [1328.0, 1916.0]}}, {"type": "Feature", "properties": {"province_id": 454, "name": "Klamath Falls", "marker_index": 1, "terrain_type_id": 10, "terrain_type": "Plains"}, "geometry": {"type": "Point", "coordinates": [1344.0, 1900.0]}}, {"type": "Feature", "properties": {"province_id": 455, "name": "Yakima", "marker_index": 0, "terrain_type_id": 12, "terrain_type": "Mountain"}, "geometry": {"type": "Point", "coordinates": [1401.0, 1579.0]}}, {"type": "Feature", "properties": {"province_id": 455, "name": "Yakima", "marker_index": 1, "terrain_type_id": 12, "terrain_type": "Mountain"}, "geometry": {"type": "Point", "coordinates": [1420.0, 1617.0]}}, {"type": "Feature", "properties": {"province_id": 455, "name": "Yakima", "marker_index": 2, "terrain_type_id": 12, "terrain_type": "Mountain"}, "geometry": {"type": "Point", "coordinates": [1428.0, 1656.0]}}, {"type": "Feature", "properties": {"province_id": 455, "name": "Yakima", "marker_index": 3, "terrain_type_id": 12, "terrain_type": "Mountain"}, "geometry": {"type": "Point", "coordinates": [1436.0, 1591.0]}}, {"type": "Feature", "properties": {"province_id": 455, "name": "Yakima", "marker_index": 4, "terrain_type_id": 12, "terrain_type": "Mountain"}, "geometry": {"type": "Point", "coordinates": [1442.0, 1571.0]}}, {"type": "Feature", "properties": {"province_id": 456, "name": "Everett", "marker_index": 0, "terrain_type_id": 12, "terrain_type": "Mountain"}, "geometry": {"type": "Point", "coordinates": [1349.0, 1484.0]}}, {"type": "Feature", "properties": {"province_id": 456, "name": "Everett", "marker_index": 1, "terrain_type_id": 12, "terrain_type": "Mountain"}, "geometry": {"type": "Point", "coordinates": [1379.0, 1524.0]}}, {"type": "Feature", "properties": {"province_id": 456, "name": "Everett", "marker_index": 2, "terrain_type_id": 12, "terrain_type": "Mountain"}, "geometry": {"type": "Point", "coordinates": [1380.0, 1484.0]}}, {"type": "Feature", "properties": {"province_id": 456, "name": "Everett", "marker_index": 3, "terrain_type_id": 12, "terrain_type": "Mountain"}, "geometry": {"type": "Point", "coordinates": [1404.0, 1480.0]}}, {"type": "Feature", "properties": {"province_id": 456, "name": "Everett", "marker_index": 4, "terrain_type_id": 12, "terrain_type": "Mountain"}, "geometry": {"type": "Point", "coordinates": [1421.0, 1515.0]}}, {"type": "Feature", "properties": {"province_id": 489, "name": "Bakersfield", "marker_index": 0, "terrain_type_id": 12, "terrain_type": "Mountain"}, "geometry": {"type": "Point", "coordinates": [1414.0, 2380.0]}}, {"type": "Feature", "properties": {"province_id": 489, "name": "Bakersfield", "marker_index": 1, "terrain_type_id": 12, "terrain_type": "Mountain"}, "geometry": {"type": "Point", "coordinates": [1422.0, 2391.0]}}, {"type": "Feature", "properties": {"province_id": 489, "name": "Bakersfield", "marker_index": 2, "terrain_type_id": 12, "terrain_type": "Mountain"}, "geometry": {"type": "Point", "coordinates": [1438.0, 2368.0]}}, {"type": "Feature", "properties": {"province_id": 489, "name": "Bakersfield", "marker_index": 3, "terrain_type_id": 12, "terrain_type": "Mountain"}, "geometry": {"type": "Point", "coordinates": [1449.0, 2387.0]}}, {"type": "Feature", "properties": {"province_id": 489, "name": "Bakersfield", "marker_index": 4, "terrain_type_id": 12, "terrain_type": "Mountain"}, "geometry": {"type": "Point", "coordinates": [1458.0, 2363.0]}}, {"type": "Feature", "properties": {"province_id": 489, "name": "Bakersfield", "marker_index": 5, "terrain_type_id": 12, "terrain_type": "Mountain"}, "geometry": {"type": "Point", "coordinates": [1468.0, 2384.0]}}, {"type": "Feature", "properties": {"province_id": 489, "name": "Bakersfield", "marker_index": 6, "terrain_type_id": 12, "terrain_type": "Mountain"}, "geometry": {"type": "Point", "coordinates": [1477.0, 2367.0]}}, {"type": "Feature", "properties": {"province_id": 489, "name": "Bakersfield", "marker_index": 7, "terrain_type_id": 12, "terrain_type": "Mountain"}, "geometry": {"type": "Point", "coordinates": [1484.0, 2381.0]}}, {"type": "Feature", "properties": {"province_id": 497, "name": "Reno", "marker_index": 0, "terrain_type_id": 14, "terrain_type": "Urban"}, "geometry": {"type": "Point", "coordinates": [1458.0, 2119.0]}}, {"type": "Feature", "properties": {"province_id": 497, "name": "Reno", "marker_index": 1, "terrain_type_id": 14, "terrain_type": "Urban"}, "geometry": {"type": "Point", "coordinates": [1461.0, 2096.0]}}, {"type": "Feature", "properties": {"province_id": 497, "name": "Reno", "marker_index": 2, "terrain_type_id": 14, "terrain_type": "Urban"}, "geometry": {"type": "Point", "coordinates": [1465.0, 2105.0]}}, {"type": "Feature", "properties": {"province_id": 497, "name": "Reno", "marker_index": 3, "terrain_type_id": 14, "terrain_type": "Urban"}, "geometry": {"type": "Point", "coordinates": [1466.0, 2134.0]}}, {"type": "Feature", "properties": {"province_id": 497, "name": "Reno", "marker_index": 4, "terrain_type_id": 14, "terrain_type": "Urban"}, "geometry": {"type": "Point", "coordinates": [1470.0, 2112.0]}}, {"type": "Feature", "properties": {"province_id": 497, "name": "Reno", "marker_index": 5, "terrain_type_id": 14, "terrain_type": "Urban"}, "geometry": {"type": "Point", "coordinates": [1476.0, 2125.0]}}, {"type": "Feature", "properties": {"province_id": 497, "name": "Reno", "marker_index": 6, "terrain_type_id": 14, "terrain_type": "Urban"}, "geometry": {"type": "Point", "coordinates": [1484.0, 2131.0]}}, {"type": "Feature", "properties": {"province_id": 498, "name": "Eureka", "marker_index": 0, "terrain_type_id": 12, "terrain_type": "Mountain"}, "geometry": {"type": "Point", "coordinates": [1234.0, 1965.0]}}, {"type": "Feature", "properties": {"province_id": 498, "name": "Eureka", "marker_index": 1, "terrain_type_id": 12, "terrain_type": "Mountain"}, "geometry": {"type": "Point", "coordinates": [1237.0, 1989.0]}}, {"type": "Feature", "properties": {"province_id": 498, "name": "Eureka", "marker_index": 2, "terrain_type_id": 12, "terrain_type": "Mountain"}, "geometry": {"type": "Point", "coordinates": [1237.0, 2015.0]}}, {"type": "Feature", "properties": {"province_id": 498, "name": "Eureka", "marker_index": 3, "terrain_type_id": 12, "terrain_type": "Mountain"}, "geometry": {"type": "Point", "coordinates": [1238.0, 2043.0]}}, {"type": "Feature", "properties": {"province_id": 498, "name": "Eureka", "marker_index": 4, "terrain_type_id": 12, "terrain_type": "Mountain"}, "geometry": {"type": "Point", "coordinates": [1246.0, 2068.0]}}, {"type": "Feature", "properties": {"province_id": 498, "name": "Eureka", "marker_index": 5, "terrain_type_id": 12, "terrain_type": "Mountain"}, "geometry": {"type": "Point", "coordinates": [1268.0, 2075.0]}}, {"type": "Feature", "properties": {"province_id": 498, "name": "Eureka", "marker_index": 6, "terrain_type_id": 12, "terrain_type": "Mountain"}, "geometry": {"type": "Point", "coordinates": [1270.0, 1974.0]}}, {"type": "Feature", "properties": {"province_id": 498, "name": "Eureka", "marker_index": 7, "terrain_type_id": 12, "terrain_type": "Mountain"}, "geometry": {"type": "Point", "coordinates": [1273.0, 2010.0]}}, {"type": "Feature", "properties": {"province_id": 498, "name": "Eureka", "marker_index": 8, "terrain_type_id": 12, "terrain_type": "Mountain"}, "geometry": {"type": "Point", "coordinates": [1276.0, 1993.0]}}, {"type": "Feature", "properties": {"province_id": 498, "name": "Eureka", "marker_index": 9, "terrain_type_id": 12, "terrain_type": "Mountain"}, "geometry": {"type": "Point", "coordinates": [1278.0, 2038.0]}}, {"type": "Feature", "properties": {"province_id": 498, "name": "Eureka", "marker_index": 10, "terrain_type_id": 12, "terrain_type": "Mountain"}, "geometry": {"type": "Point", "coordinates": [1293.0, 2029.0]}}, {"type": "Feature", "properties": {"province_id": 499, "name": "Salinas", "marker_index": 0, "terrain_type_id": 12, "terrain_type": "Mountain"}, "geometry": {"type": "Point", "coordinates": [1342.0, 2287.0]}}, {"type": "Feature", "properties": {"province_id": 499, "name": "Salinas", "marker_index": 1, "terrain_type_id": 12, "terrain_type": "Mountain"}, "geometry": {"type": "Point", "coordinates": [1354.0, 2293.0]}}, {"type": "Feature", "properties": {"province_id": 499, "name": "Salinas", "marker_index": 2, "terrain_type_id": 12, "terrain_type": "Mountain"}, "geometry": {"type": "Point", "coordinates": [1364.0, 2272.0]}}, {"type": "Feature", "properties": {"province_id": 499, "name": "Salinas", "marker_index": 3, "terrain_type_id": 12, "terrain_type": "Mountain"}, "geometry": {"type": "Point", "coordinates": [1371.0, 2301.0]}}, {"type": "Feature", "properties": {"province_id": 499, "name": "Salinas", "marker_index": 4, "terrain_type_id": 12, "terrain_type": "Mountain"}, "geometry": {"type": "Point", "coordinates": [1385.0, 2292.0]}}, {"type": "Feature", "properties": {"province_id": 500, "name": "Redding", "marker_index": 0, "terrain_type_id": 12, "terrain_type": "Mountain"}, "geometry": {"type": "Point", "coordinates": [1323.0, 1969.0]}}, {"type": "Feature", "properties": {"province_id": 500, "name": "Redding", "marker_index": 1, "terrain_type_id": 12, "terrain_type": "Mountain"}, "geometry": {"type": "Point", "coordinates": [1330.0, 2014.0]}}, {"type": "Feature", "properties": {"province_id": 500, "name": "Redding", "marker_index": 2, "terrain_type_id": 12, "terrain_type": "Mountain"}, "geometry": {"type": "Point", "coordinates": [1331.0, 2041.0]}}, {"type": "Feature", "properties": {"province_id": 500, "name": "Redding", "marker_index": 3, "terrain_type_id": 12, "terrain_type": "Mountain"}, "geometry": {"type": "Point", "coordinates": [1334.0, 1983.0]}}, {"type": "Feature", "properties": {"province_id": 500, "name": "Redding", "marker_index": 4, "terrain_type_id": 12, "terrain_type": "Mountain"}, "geometry": {"type": "Point", "coordinates": [1352.0, 2027.0]}}, {"type": "Feature", "properties": {"province_id": 500, "name": "Redding", "marker_index": 5, "terrain_type_id": 12, "terrain_type": "Mountain"}, "geometry": {"type": "Point", "coordinates": [1354.0, 1996.0]}}, {"type": "Feature", "properties": {"province_id": 500, "name": "Redding", "marker_index": 6, "terrain_type_id": 12, "terrain_type": "Mountain"}, "geometry": {"type": "Point", "coordinates": [1366.0, 2054.0]}}, {"type": "Feature", "properties": {"province_id": 500, "name": "Redding", "marker_index": 7, "terrain_type_id": 12, "terrain_type": "Mountain"}, "geometry": {"type": "Point", "coordinates": [1369.0, 2018.0]}}, {"type": "Feature", "properties": {"province_id": 500, "name": "Redding", "marker_index": 8, "terrain_type_id": 12, "terrain_type": "Mountain"}, "geometry": {"type": "Point", "coordinates": [1378.0, 2070.0]}}, {"type": "Feature", "properties": {"province_id": 500, "name": "Redding", "marker_index": 9, "terrain_type_id": 12, "terrain_type": "Mountain"}, "geometry": {"type": "Point", "coordinates": [1389.0, 2038.0]}}, {"type": "Feature", "properties": {"province_id": 500, "name": "Redding", "marker_index": 10, "terrain_type_id": 12, "terrain_type": "Mountain"}, "geometry": {"type": "Point", "coordinates": [1414.0, 2042.0]}}, {"type": "Feature", "properties": {"province_id": 500, "name": "Redding", "marker_index": 11, "terrain_type_id": 12, "terrain_type": "Mountain"}, "geometry": {"type": "Point", "coordinates": [1421.0, 2050.0]}}, {"type": "Feature", "properties": {"province_id": 501, "name": "Santa Rosa (CA)", "marker_index": 0, "terrain_type_id": 12, "terrain_type": "Mountain"}, "geometry": {"type": "Point", "coordinates": [1259.0, 2100.0]}}, {"type": "Feature", "properties": {"province_id": 501, "name": "Santa Rosa (CA)", "marker_index": 1, "terrain_type_id": 12, "terrain_type": "Mountain"}, "geometry": {"type": "Point", "coordinates": [1260.0, 2117.0]}}, {"type": "Feature", "properties": {"province_id": 501, "name": "Santa Rosa (CA)", "marker_index": 2, "terrain_type_id": 12, "terrain_type": "Mountain"}, "geometry": {"type": "Point", "coordinates": [1267.0, 2152.0]}}, {"type": "Feature", "properties": {"province_id": 501, "name": "Santa Rosa (CA)", "marker_index": 3, "terrain_type_id": 12, "terrain_type": "Mountain"}, "geometry": {"type": "Point", "coordinates": [1272.0, 2110.0]}}, {"type": "Feature", "properties": {"province_id": 501, "name": "Santa Rosa (CA)", "marker_index": 4, "terrain_type_id": 12, "terrain_type": "Mountain"}, "geometry": {"type": "Point", "coordinates": [1277.0, 2128.0]}}, {"type": "Feature", "properties": {"province_id": 501, "name": "Santa Rosa (CA)", "marker_index": 5, "terrain_type_id": 12, "terrain_type": "Mountain"}, "geometry": {"type": "Point", "coordinates": [1288.0, 2103.0]}}, {"type": "Feature", "properties": {"province_id": 501, "name": "Santa Rosa (CA)", "marker_index": 6, "terrain_type_id": 12, "terrain_type": "Mountain"}, "geometry": {"type": "Point", "coordinates": [1294.0, 2148.0]}}, {"type": "Feature", "properties": {"province_id": 501, "name": "Santa Rosa (CA)", "marker_index": 7, "terrain_type_id": 12, "terrain_type": "Mountain"}, "geometry": {"type": "Point", "coordinates": [1295.0, 2130.0]}}, {"type": "Feature", "properties": {"province_id": 501, "name": "Santa Rosa (CA)", "marker_index": 8, "terrain_type_id": 12, "terrain_type": "Mountain"}, "geometry": {"type": "Point", "coordinates": [1300.0, 2161.0]}}, {"type": "Feature", "properties": {"province_id": 504, "name": "Fresno", "marker_index": 0, "terrain_type_id": 12, "terrain_type": "Mountain"}, "geometry": {"type": "Point", "coordinates": [1388.0, 2330.0]}}, {"type": "Feature", "properties": {"province_id": 504, "name": "Fresno", "marker_index": 1, "terrain_type_id": 12, "terrain_type": "Mountain"}, "geometry": {"type": "Point", "coordinates": [1400.0, 2326.0]}}, {"type": "Feature", "properties": {"province_id": 504, "name": "Fresno", "marker_index": 2, "terrain_type_id": 12, "terrain_type": "Mountain"}, "geometry": {"type": "Point", "coordinates": [1406.0, 2347.0]}}, {"type": "Feature", "properties": {"province_id": 504, "name": "Fresno", "marker_index": 3, "terrain_type_id": 12, "terrain_type": "Mountain"}, "geometry": {"type": "Point", "coordinates": [1420.0, 2336.0]}}, {"type": "Feature", "properties": {"province_id": 504, "name": "Fresno", "marker_index": 4, "terrain_type_id": 12, "terrain_type": "Mountain"}, "geometry": {"type": "Point", "coordinates": [1436.0, 2324.0]}}, {"type": "Feature", "properties": {"province_id": 504, "name": "Fresno", "marker_index": 5, "terrain_type_id": 12, "terrain_type": "Mountain"}, "geometry": {"type": "Point", "coordinates": [1448.0, 2329.0]}}, {"type": "Feature", "properties": {"province_id": 504, "name": "Fresno", "marker_index": 6, "terrain_type_id": 12, "terrain_type": "Mountain"}, "geometry": {"type": "Point", "coordinates": [1474.0, 2329.0]}}, {"type": "Feature", "properties": {"province_id": 505, "name": "Tonopah", "marker_index": 0, "terrain_type_id": 12, "terrain_type": "Mountain"}, "geometry": {"type": "Point", "coordinates": [1541.0, 2262.0]}}, {"type": "Feature", "properties": {"province_id": 505, "name": "Tonopah", "marker_index": 1, "terrain_type_id": 12, "terrain_type": "Mountain"}, "geometry": {"type": "Point", "coordinates": [1546.0, 2226.0]}}, {"type": "Feature", "properties": {"province_id": 505, "name": "Tonopah", "marker_index": 2, "terrain_type_id": 12, "terrain_type": "Mountain"}, "geometry": {"type": "Point", "coordinates": [1547.0, 2248.0]}}, {"type": "Feature", "properties": {"province_id": 505, "name": "Tonopah", "marker_index": 3, "terrain_type_id": 12, "terrain_type": "Mountain"}, "geometry": {"type": "Point", "coordinates": [1553.0, 2266.0]}}, {"type": "Feature", "properties": {"province_id": 505, "name": "Tonopah", "marker_index": 4, "terrain_type_id": 12, "terrain_type": "Mountain"}, "geometry": {"type": "Point", "coordinates": [1564.0, 2236.0]}}, {"type": "Feature", "properties": {"province_id": 505, "name": "Tonopah", "marker_index": 5, "terrain_type_id": 12, "terrain_type": "Mountain"}, "geometry": {"type": "Point", "coordinates": [1566.0, 2261.0]}}, {"type": "Feature", "properties": {"province_id": 505, "name": "Tonopah", "marker_index": 6, "terrain_type_id": 12, "terrain_type": "Mountain"}, "geometry": {"type": "Point", "coordinates": [1568.0, 2275.0]}}, {"type": "Feature", "properties": {"province_id": 506, "name": "Austin (NV)", "marker_index": 0, "terrain_type_id": 11, "terrain_type": "Hills"}, "geometry": {"type": "Point", "coordinates": [1490.0, 2104.0]}}, {"type": "Feature", "properties": {"province_id": 506, "name": "Austin (NV)", "marker_index": 1, "terrain_type_id": 11, "terrain_type": "Hills"}, "geometry": {"type": "Point", "coordinates": [1496.0, 2134.0]}}, {"type": "Feature", "properties": {"province_id": 507, "name": "Olancha", "marker_index": 0, "terrain_type_id": 12, "terrain_type": "Mountain"}, "geometry": {"type": "Point", "coordinates": [1507.0, 2342.0]}}, {"type": "Feature", "properties": {"province_id": 507, "name": "Olancha", "marker_index": 1, "terrain_type_id": 12, "terrain_type": "Mountain"}, "geometry": {"type": "Point", "coordinates": [1510.0, 2322.0]}}, {"type": "Feature", "properties": {"province_id": 507, "name": "Olancha", "marker_index": 2, "terrain_type_id": 12, "terrain_type": "Mountain"}, "geometry": {"type": "Point", "coordinates": [1524.0, 2331.0]}}, {"type": "Feature", "properties": {"province_id": 507, "name": "Olancha", "marker_index": 3, "terrain_type_id": 12, "terrain_type": "Mountain"}, "geometry": {"type": "Point", "coordinates": [1526.0, 2310.0]}}, {"type": "Feature", "properties": {"province_id": 507, "name": "Olancha", "marker_index": 4, "terrain_type_id": 12, "terrain_type": "Mountain"}, "geometry": {"type": "Point", "coordinates": [1539.0, 2304.0]}}, {"type": "Feature", "properties": {"province_id": 507, "name": "Olancha", "marker_index": 5, "terrain_type_id": 12, "terrain_type": "Mountain"}, "geometry": {"type": "Point", "coordinates": [1548.0, 2313.0]}}, {"type": "Feature", "properties": {"province_id": 507, "name": "Olancha", "marker_index": 6, "terrain_type_id": 12, "terrain_type": "Mountain"}, "geometry": {"type": "Point", "coordinates": [1553.0, 2300.0]}}, {"type": "Feature", "properties": {"province_id": 508, "name": "Bishop", "marker_index": 0, "terrain_type_id": 10, "terrain_type": "Plains"}, "geometry": {"type": "Point", "coordinates": [1481.0, 2147.0]}}, {"type": "Feature", "properties": {"province_id": 508, "name": "Bishop", "marker_index": 1, "terrain_type_id": 10, "terrain_type": "Plains"}, "geometry": {"type": "Point", "coordinates": [1500.0, 2144.0]}}, {"type": "Feature", "properties": {"province_id": 512, "name": "Ogden", "marker_index": 0, "terrain_type_id": 12, "terrain_type": "Mountain"}, "geometry": {"type": "Point", "coordinates": [1747.0, 1993.0]}}, {"type": "Feature", "properties": {"province_id": 512, "name": "Ogden", "marker_index": 1, "terrain_type_id": 12, "terrain_type": "Mountain"}, "geometry": {"type": "Point", "coordinates": [1751.0, 2032.0]}}, {"type": "Feature", "properties": {"province_id": 512, "name": "Ogden", "marker_index": 2, "terrain_type_id": 12, "terrain_type": "Mountain"}, "geometry": {"type": "Point", "coordinates": [1761.0, 1969.0]}}, {"type": "Feature", "properties": {"province_id": 512, "name": "Ogden", "marker_index": 3, "terrain_type_id": 12, "terrain_type": "Mountain"}, "geometry": {"type": "Point", "coordinates": [1796.0, 1996.0]}}, {"type": "Feature", "properties": {"province_id": 512, "name": "Ogden", "marker_index": 4, "terrain_type_id": 12, "terrain_type": "Mountain"}, "geometry": {"type": "Point", "coordinates": [1811.0, 1971.0]}}, {"type": "Feature", "properties": {"province_id": 512, "name": "Ogden", "marker_index": 5, "terrain_type_id": 12, "terrain_type": "Mountain"}, "geometry": {"type": "Point", "coordinates": [1844.0, 1965.0]}}, {"type": "Feature", "properties": {"province_id": 517, "name": "Vernal", "marker_index": 0, "terrain_type_id": 12, "terrain_type": "Mountain"}, "geometry": {"type": "Point", "coordinates": [1887.0, 2046.0]}}, {"type": "Feature", "properties": {"province_id": 517, "name": "Vernal", "marker_index": 1, "terrain_type_id": 12, "terrain_type": "Mountain"}, "geometry": {"type": "Point", "coordinates": [1904.0, 2007.0]}}, {"type": "Feature", "properties": {"province_id": 517, "name": "Vernal", "marker_index": 2, "terrain_type_id": 12, "terrain_type": "Mountain"}, "geometry": {"type": "Point", "coordinates": [1920.0, 2059.0]}}, {"type": "Feature", "properties": {"province_id": 517, "name": "Vernal", "marker_index": 3, "terrain_type_id": 12, "terrain_type": "Mountain"}, "geometry": {"type": "Point", "coordinates": [1933.0, 2026.0]}}, {"type": "Feature", "properties": {"province_id": 517, "name": "Vernal", "marker_index": 4, "terrain_type_id": 12, "terrain_type": "Mountain"}, "geometry": {"type": "Point", "coordinates": [1959.0, 2030.0]}}, {"type": "Feature", "properties": {"province_id": 517, "name": "Vernal", "marker_index": 5, "terrain_type_id": 12, "terrain_type": "Mountain"}, "geometry": {"type": "Point", "coordinates": [1964.0, 2060.0]}}, {"type": "Feature", "properties": {"province_id": 517, "name": "Vernal", "marker_index": 6, "terrain_type_id": 12, "terrain_type": "Mountain"}, "geometry": {"type": "Point", "coordinates": [1997.0, 1997.0]}}, {"type": "Feature", "properties": {"province_id": 522, "name": "Jackson (WY)", "marker_index": 0, "terrain_type_id": 12, "terrain_type": "Mountain"}, "geometry": {"type": "Point", "coordinates": [1895.0, 1804.0]}}, {"type": "Feature", "properties": {"province_id": 522, "name": "Jackson (WY)", "marker_index": 1, "terrain_type_id": 12, "terrain_type": "Mountain"}, "geometry": {"type": "Point", "coordinates": [1895.0, 1822.0]}}, {"type": "Feature", "properties": {"province_id": 522, "name": "Jackson (WY)", "marker_index": 2, "terrain_type_id": 12, "terrain_type": "Mountain"}, "geometry": {"type": "Point", "coordinates": [1896.0, 1772.0]}}, {"type": "Feature", "properties": {"province_id": 522, "name": "Jackson (WY)", "marker_index": 3, "terrain_type_id": 12, "terrain_type": "Mountain"}, "geometry": {"type": "Point", "coordinates": [1920.0, 1843.0]}}, {"type": "Feature", "properties": {"province_id": 522, "name": "Jackson (WY)", "marker_index": 4, "terrain_type_id": 12, "terrain_type": "Mountain"}, "geometry": {"type": "Point", "coordinates": [1925.0, 1799.0]}}, {"type": "Feature", "properties": {"province_id": 522, "name": "Jackson (WY)", "marker_index": 5, "terrain_type_id": 12, "terrain_type": "Mountain"}, "geometry": {"type": "Point", "coordinates": [1939.0, 1773.0]}}, {"type": "Feature", "properties": {"province_id": 522, "name": "Jackson (WY)", "marker_index": 6, "terrain_type_id": 12, "terrain_type": "Mountain"}, "geometry": {"type": "Point", "coordinates": [1955.0, 1819.0]}}, {"type": "Feature", "properties": {"province_id": 527, "name": "Colorado Springs", "marker_index": 0, "terrain_type_id": 12, "terrain_type": "Mountain"}, "geometry": {"type": "Point", "coordinates": [2161.0, 2166.0]}}, {"type": "Feature", "properties": {"province_id": 527, "name": "Colorado Springs", "marker_index": 1, "terrain_type_id": 12, "terrain_type": "Mountain"}, "geometry": {"type": "Point", "coordinates": [2182.0, 2159.0]}}, {"type": "Feature", "properties": {"province_id": 527, "name": "Colorado Springs", "marker_index": 2, "terrain_type_id": 12, "terrain_type": "Mountain"}, "geometry": {"type": "Point", "coordinates": [2184.0, 2141.0]}}, {"type": "Feature", "properties": {"province_id": 527, "name": "Colorado Springs", "marker_index": 3, "terrain_type_id": 12, "terrain_type": "Mountain"}, "geometry": {"type": "Point", "coordinates": [2201.0, 2175.0]}}, {"type": "Feature", "properties": {"province_id": 527, "name": "Colorado Springs", "marker_index": 4, "terrain_type_id": 12, "terrain_type": "Mountain"}, "geometry": {"type": "Point", "coordinates": [2202.0, 2153.0]}}, {"type": "Feature", "properties": {"province_id": 528, "name": "Pueblo", "marker_index": 0, "terrain_type_id": 12, "terrain_type": "Mountain"}, "geometry": {"type": "Point", "coordinates": [2152.0, 2253.0]}}, {"type": "Feature", "properties": {"province_id": 528, "name": "Pueblo", "marker_index": 1, "terrain_type_id": 12, "terrain_type": "Mountain"}, "geometry": {"type": "Point", "coordinates": [2153.0, 2220.0]}}, {"type": "Feature", "properties": {"province_id": 528, "name": "Pueblo", "marker_index": 2, "terrain_type_id": 12, "terrain_type": "Mountain"}, "geometry": {"type": "Point", "coordinates": [2178.0, 2237.0]}}, {"type": "Feature", "properties": {"province_id": 528, "name": "Pueblo", "marker_index": 3, "terrain_type_id": 12, "terrain_type": "Mountain"}, "geometry": {"type": "Point", "coordinates": [2194.0, 2215.0]}}, {"type": "Feature", "properties": {"province_id": 528, "name": "Pueblo", "marker_index": 4, "terrain_type_id": 12, "terrain_type": "Mountain"}, "geometry": {"type": "Point", "coordinates": [2198.0, 2250.0]}}, {"type": "Feature", "properties": {"province_id": 528, "name": "Pueblo", "marker_index": 5, "terrain_type_id": 12, "terrain_type": "Mountain"}, "geometry": {"type": "Point", "coordinates": [2203.0, 2226.0]}}, {"type": "Feature", "properties": {"province_id": 534, "name": "Aspen", "marker_index": 0, "terrain_type_id": 12, "terrain_type": "Mountain"}, "geometry": {"type": "Point", "coordinates": [2048.0, 2138.0]}}, {"type": "Feature", "properties": {"province_id": 534, "name": "Aspen", "marker_index": 1, "terrain_type_id": 12, "terrain_type": "Mountain"}, "geometry": {"type": "Point", "coordinates": [2050.0, 2152.0]}}, {"type": "Feature", "properties": {"province_id": 534, "name": "Aspen", "marker_index": 2, "terrain_type_id": 12, "terrain_type": "Mountain"}, "geometry": {"type": "Point", "coordinates": [2054.0, 2122.0]}}, {"type": "Feature", "properties": {"province_id": 534, "name": "Aspen", "marker_index": 3, "terrain_type_id": 12, "terrain_type": "Mountain"}, "geometry": {"type": "Point", "coordinates": [2072.0, 2142.0]}}, {"type": "Feature", "properties": {"province_id": 534, "name": "Aspen", "marker_index": 4, "terrain_type_id": 12, "terrain_type": "Mountain"}, "geometry": {"type": "Point", "coordinates": [2089.0, 2138.0]}}, {"type": "Feature", "properties": {"province_id": 534, "name": "Aspen", "marker_index": 5, "terrain_type_id": 12, "terrain_type": "Mountain"}, "geometry": {"type": "Point", "coordinates": [2092.0, 2168.0]}}, {"type": "Feature", "properties": {"province_id": 534, "name": "Aspen", "marker_index": 6, "terrain_type_id": 12, "terrain_type": "Mountain"}, "geometry": {"type": "Point", "coordinates": [2105.0, 2156.0]}}, {"type": "Feature", "properties": {"province_id": 534, "name": "Aspen", "marker_index": 7, "terrain_type_id": 12, "terrain_type": "Mountain"}, "geometry": {"type": "Point", "coordinates": [2108.0, 2179.0]}}, {"type": "Feature", "properties": {"province_id": 534, "name": "Aspen", "marker_index": 8, "terrain_type_id": 12, "terrain_type": "Mountain"}, "geometry": {"type": "Point", "coordinates": [2122.0, 2122.0]}}, {"type": "Feature", "properties": {"province_id": 597, "name": "El Paso", "marker_index": 0, "terrain_type_id": 12, "terrain_type": "Mountain"}, "geometry": {"type": "Point", "coordinates": [1991.0, 2559.0]}}, {"type": "Feature", "properties": {"province_id": 597, "name": "El Paso", "marker_index": 1, "terrain_type_id": 12, "terrain_type": "Mountain"}, "geometry": {"type": "Point", "coordinates": [2000.0, 2537.0]}}, {"type": "Feature", "properties": {"province_id": 597, "name": "El Paso", "marker_index": 2, "terrain_type_id": 12, "terrain_type": "Mountain"}, "geometry": {"type": "Point", "coordinates": [2021.0, 2553.0]}}, {"type": "Feature", "properties": {"province_id": 597, "name": "El Paso", "marker_index": 3, "terrain_type_id": 12, "terrain_type": "Mountain"}, "geometry": {"type": "Point", "coordinates": [2039.0, 2551.0]}}, {"type": "Feature", "properties": {"province_id": 597, "name": "El Paso", "marker_index": 4, "terrain_type_id": 12, "terrain_type": "Mountain"}, "geometry": {"type": "Point", "coordinates": [2059.0, 2552.0]}}, {"type": "Feature", "properties": {"province_id": 597, "name": "El Paso", "marker_index": 5, "terrain_type_id": 12, "terrain_type": "Mountain"}, "geometry": {"type": "Point", "coordinates": [2084.0, 2556.0]}}, {"type": "Feature", "properties": {"province_id": 621, "name": "Blacksburg", "marker_index": 0, "terrain_type_id": 12, "terrain_type": "Mountain"}, "geometry": {"type": "Point", "coordinates": [3406.0, 2227.0]}}, {"type": "Feature", "properties": {"province_id": 621, "name": "Blacksburg", "marker_index": 1, "terrain_type_id": 12, "terrain_type": "Mountain"}, "geometry": {"type": "Point", "coordinates": [3412.0, 2198.0]}}, {"type": "Feature", "properties": {"province_id": 621, "name": "Blacksburg", "marker_index": 2, "terrain_type_id": 12, "terrain_type": "Mountain"}, "geometry": {"type": "Point", "coordinates": [3419.0, 2216.0]}}, {"type": "Feature", "properties": {"province_id": 621, "name": "Blacksburg", "marker_index": 3, "terrain_type_id": 12, "terrain_type": "Mountain"}, "geometry": {"type": "Point", "coordinates": [3420.0, 2176.0]}}, {"type": "Feature", "properties": {"province_id": 624, "name": "Asheville", "marker_index": 0, "terrain_type_id": 12, "terrain_type": "Mountain"}, "geometry": {"type": "Point", "coordinates": [3261.0, 2374.0]}}, {"type": "Feature", "properties": {"province_id": 624, "name": "Asheville", "marker_index": 1, "terrain_type_id": 12, "terrain_type": "Mountain"}, "geometry": {"type": "Point", "coordinates": [3273.0, 2373.0]}}, {"type": "Feature", "properties": {"province_id": 624, "name": "Asheville", "marker_index": 2, "terrain_type_id": 12, "terrain_type": "Mountain"}, "geometry": {"type": "Point", "coordinates": [3285.0, 2366.0]}}, {"type": "Feature", "properties": {"province_id": 630, "name": "Hickory", "marker_index": 0, "terrain_type_id": 12, "terrain_type": "Mountain"}, "geometry": {"type": "Point", "coordinates": [3331.0, 2354.0]}}, {"type": "Feature", "properties": {"province_id": 630, "name": "Hickory", "marker_index": 1, "terrain_type_id": 12, "terrain_type": "Mountain"}, "geometry": {"type": "Point", "coordinates": [3347.0, 2352.0]}}, {"type": "Feature", "properties": {"province_id": 630, "name": "Hickory", "marker_index": 2, "terrain_type_id": 12, "terrain_type": "Mountain"}, "geometry": {"type": "Point", "coordinates": [3356.0, 2341.0]}}, {"type": "Feature", "properties": {"province_id": 630, "name": "Hickory", "marker_index": 3, "terrain_type_id": 12, "terrain_type": "Mountain"}, "geometry": {"type": "Point", "coordinates": [3372.0, 2323.0]}}, {"type": "Feature", "properties": {"province_id": 635, "name": "Van Horn", "marker_index": 0, "terrain_type_id": 12, "terrain_type": "Mountain"}, "geometry": {"type": "Point", "coordinates": [2107.0, 2566.0]}}, {"type": "Feature", "properties": {"province_id": 635, "name": "Van Horn", "marker_index": 1, "terrain_type_id": 12, "terrain_type": "Mountain"}, "geometry": {"type": "Point", "coordinates": [2146.0, 2621.0]}}, {"type": "Feature", "properties": {"province_id": 635, "name": "Van Horn", "marker_index": 2, "terrain_type_id": 12, "terrain_type": "Mountain"}, "geometry": {"type": "Point", "coordinates": [2148.0, 2596.0]}}, {"type": "Feature", "properties": {"province_id": 635, "name": "Van Horn", "marker_index": 3, "terrain_type_id": 12, "terrain_type": "Mountain"}, "geometry": {"type": "Point", "coordinates": [2157.0, 2639.0]}}, {"type": "Feature", "properties": {"province_id": 635, "name": "Van Horn", "marker_index": 4, "terrain_type_id": 12, "terrain_type": "Mountain"}, "geometry": {"type": "Point", "coordinates": [2169.0, 2602.0]}}, {"type": "Feature", "properties": {"province_id": 635, "name": "Van Horn", "marker_index": 5, "terrain_type_id": 12, "terrain_type": "Mountain"}, "geometry": {"type": "Point", "coordinates": [2174.0, 2623.0]}}, {"type": "Feature", "properties": {"province_id": 635, "name": "Van Horn", "marker_index": 6, "terrain_type_id": 12, "terrain_type": "Mountain"}, "geometry": {"type": "Point", "coordinates": [2184.0, 2643.0]}}, {"type": "Feature", "properties": {"province_id": 639, "name": "Santa Fe", "marker_index": 0, "terrain_type_id": 12, "terrain_type": "Mountain"}, "geometry": {"type": "Point", "coordinates": [2113.0, 2342.0]}}, {"type": "Feature", "properties": {"province_id": 639, "name": "Santa Fe", "marker_index": 1, "terrain_type_id": 12, "terrain_type": "Mountain"}, "geometry": {"type": "Point", "coordinates": [2124.0, 2326.0]}}, {"type": "Feature", "properties": {"province_id": 639, "name": "Santa Fe", "marker_index": 2, "terrain_type_id": 12, "terrain_type": "Mountain"}, "geometry": {"type": "Point", "coordinates": [2130.0, 2385.0]}}, {"type": "Feature", "properties": {"province_id": 639, "name": "Santa Fe", "marker_index": 3, "terrain_type_id": 12, "terrain_type": "Mountain"}, "geometry": {"type": "Point", "coordinates": [2133.0, 2303.0]}}, {"type": "Feature", "properties": {"province_id": 639, "name": "Santa Fe", "marker_index": 4, "terrain_type_id": 12, "terrain_type": "Mountain"}, "geometry": {"type": "Point", "coordinates": [2143.0, 2369.0]}}, {"type": "Feature", "properties": {"province_id": 639, "name": "Santa Fe", "marker_index": 5, "terrain_type_id": 12, "terrain_type": "Mountain"}, "geometry": {"type": "Point", "coordinates": [2155.0, 2344.0]}}, {"type": "Feature", "properties": {"province_id": 639, "name": "Santa Fe", "marker_index": 6, "terrain_type_id": 12, "terrain_type": "Mountain"}, "geometry": {"type": "Point", "coordinates": [2158.0, 2295.0]}}, {"type": "Feature", "properties": {"province_id": 639, "name": "Santa Fe", "marker_index": 7, "terrain_type_id": 12, "terrain_type": "Mountain"}, "geometry": {"type": "Point", "coordinates": [2158.0, 2323.0]}}, {"type": "Feature", "properties": {"province_id": 639, "name": "Santa Fe", "marker_index": 8, "terrain_type_id": 12, "terrain_type": "Mountain"}, "geometry": {"type": "Point", "coordinates": [2180.0, 2300.0]}}, {"type": "Feature", "properties": {"province_id": 640, "name": "Farmington (NM)", "marker_index": 0, "terrain_type_id": 11, "terrain_type": "Hills"}, "geometry": {"type": "Point", "coordinates": [2096.0, 2318.0]}}, {"type": "Feature", "properties": {"province_id": 640, "name": "Farmington (NM)", "marker_index": 1, "terrain_type_id": 11, "terrain_type": "Hills"}, "geometry": {"type": "Point", "coordinates": [2102.0, 2303.0]}}, {"type": "Feature", "properties": {"province_id": 662, "name": "McCarthy", "marker_index": 0, "terrain_type_id": 12, "terrain_type": "Mountain"}, "geometry": {"type": "Point", "coordinates": [799.0, 824.0]}}, {"type": "Feature", "properties": {"province_id": 662, "name": "McCarthy", "marker_index": 1, "terrain_type_id": 12, "terrain_type": "Mountain"}, "geometry": {"type": "Point", "coordinates": [846.0, 819.0]}}, {"type": "Feature", "properties": {"province_id": 662, "name": "McCarthy", "marker_index": 2, "terrain_type_id": 12, "terrain_type": "Mountain"}, "geometry": {"type": "Point", "coordinates": [848.0, 956.0]}}, {"type": "Feature", "properties": {"province_id": 662, "name": "McCarthy", "marker_index": 3, "terrain_type_id": 12, "terrain_type": "Mountain"}, "geometry": {"type": "Point", "coordinates": [883.0, 937.0]}}, {"type": "Feature", "properties": {"province_id": 662, "name": "McCarthy", "marker_index": 4, "terrain_type_id": 12, "terrain_type": "Mountain"}, "geometry": {"type": "Point", "coordinates": [901.0, 802.0]}}, {"type": "Feature", "properties": {"province_id": 662, "name": "McCarthy", "marker_index": 5, "terrain_type_id": 12, "terrain_type": "Mountain"}, "geometry": {"type": "Point", "coordinates": [929.0, 778.0]}}, {"type": "Feature", "properties": {"province_id": 662, "name": "McCarthy", "marker_index": 6, "terrain_type_id": 12, "terrain_type": "Mountain"}, "geometry": {"type": "Point", "coordinates": [938.0, 732.0]}}, {"type": "Feature", "properties": {"province_id": 662, "name": "McCarthy", "marker_index": 7, "terrain_type_id": 12, "terrain_type": "Mountain"}, "geometry": {"type": "Point", "coordinates": [942.0, 953.0]}}, {"type": "Feature", "properties": {"province_id": 663, "name": "Prudhoe Bay", "marker_index": 0, "terrain_type_id": 12, "terrain_type": "Mountain"}, "geometry": {"type": "Point", "coordinates": [689.0, 547.0]}}, {"type": "Feature", "properties": {"province_id": 663, "name": "Prudhoe Bay", "marker_index": 1, "terrain_type_id": 12, "terrain_type": "Mountain"}, "geometry": {"type": "Point", "coordinates": [698.0, 426.0]}}, {"type": "Feature", "properties": {"province_id": 663, "name": "Prudhoe Bay", "marker_index": 2, "terrain_type_id": 12, "terrain_type": "Mountain"}, "geometry": {"type": "Point", "coordinates": [719.0, 550.0]}}, {"type": "Feature", "properties": {"province_id": 663, "name": "Prudhoe Bay", "marker_index": 3, "terrain_type_id": 12, "terrain_type": "Mountain"}, "geometry": {"type": "Point", "coordinates": [726.0, 464.0]}}, {"type": "Feature", "properties": {"province_id": 663, "name": "Prudhoe Bay", "marker_index": 4, "terrain_type_id": 12, "terrain_type": "Mountain"}, "geometry": {"type": "Point", "coordinates": [742.0, 522.0]}}, {"type": "Feature", "properties": {"province_id": 663, "name": "Prudhoe Bay", "marker_index": 5, "terrain_type_id": 12, "terrain_type": "Mountain"}, "geometry": {"type": "Point", "coordinates": [770.0, 547.0]}}, {"type": "Feature", "properties": {"province_id": 663, "name": "Prudhoe Bay", "marker_index": 6, "terrain_type_id": 12, "terrain_type": "Mountain"}, "geometry": {"type": "Point", "coordinates": [804.0, 517.0]}}, {"type": "Feature", "properties": {"province_id": 663, "name": "Prudhoe Bay", "marker_index": 7, "terrain_type_id": 12, "terrain_type": "Mountain"}, "geometry": {"type": "Point", "coordinates": [818.0, 453.0]}}, {"type": "Feature", "properties": {"province_id": 663, "name": "Prudhoe Bay", "marker_index": 8, "terrain_type_id": 12, "terrain_type": "Mountain"}, "geometry": {"type": "Point", "coordinates": [846.0, 474.0]}}, {"type": "Feature", "properties": {"province_id": 663, "name": "Prudhoe Bay", "marker_index": 9, "terrain_type_id": 12, "terrain_type": "Mountain"}, "geometry": {"type": "Point", "coordinates": [851.0, 528.0]}}, {"type": "Feature", "properties": {"province_id": 663, "name": "Prudhoe Bay", "marker_index": 10, "terrain_type_id": 12, "terrain_type": "Mountain"}, "geometry": {"type": "Point", "coordinates": [888.0, 535.0]}}, {"type": "Feature", "properties": {"province_id": 663, "name": "Prudhoe Bay", "marker_index": 11, "terrain_type_id": 12, "terrain_type": "Mountain"}, "geometry": {"type": "Point", "coordinates": [894.0, 441.0]}}, {"type": "Feature", "properties": {"province_id": 663, "name": "Prudhoe Bay", "marker_index": 12, "terrain_type_id": 12, "terrain_type": "Mountain"}, "geometry": {"type": "Point", "coordinates": [903.0, 482.0]}}, {"type": "Feature", "properties": {"province_id": 663, "name": "Prudhoe Bay", "marker_index": 13, "terrain_type_id": 12, "terrain_type": "Mountain"}, "geometry": {"type": "Point", "coordinates": [930.0, 431.0]}}, {"type": "Feature", "properties": {"province_id": 663, "name": "Prudhoe Bay", "marker_index": 14, "terrain_type_id": 12, "terrain_type": "Mountain"}, "geometry": {"type": "Point", "coordinates": [936.0, 475.0]}}, {"type": "Feature", "properties": {"province_id": 663, "name": "Prudhoe Bay", "marker_index": 15, "terrain_type_id": 12, "terrain_type": "Mountain"}, "geometry": {"type": "Point", "coordinates": [950.0, 497.0]}}, {"type": "Feature", "properties": {"province_id": 664, "name": "Barrow", "marker_index": 0, "terrain_type_id": 12, "terrain_type": "Mountain"}, "geometry": {"type": "Point", "coordinates": [327.0, 467.0]}}, {"type": "Feature", "properties": {"province_id": 664, "name": "Barrow", "marker_index": 1, "terrain_type_id": 12, "terrain_type": "Mountain"}, "geometry": {"type": "Point", "coordinates": [389.0, 418.0]}}, {"type": "Feature", "properties": {"province_id": 664, "name": "Barrow", "marker_index": 2, "terrain_type_id": 12, "terrain_type": "Mountain"}, "geometry": {"type": "Point", "coordinates": [416.0, 518.0]}}, {"type": "Feature", "properties": {"province_id": 664, "name": "Barrow", "marker_index": 3, "terrain_type_id": 12, "terrain_type": "Mountain"}, "geometry": {"type": "Point", "coordinates": [449.0, 547.0]}}, {"type": "Feature", "properties": {"province_id": 664, "name": "Barrow", "marker_index": 4, "terrain_type_id": 12, "terrain_type": "Mountain"}, "geometry": {"type": "Point", "coordinates": [469.0, 599.0]}}, {"type": "Feature", "properties": {"province_id": 664, "name": "Barrow", "marker_index": 5, "terrain_type_id": 12, "terrain_type": "Mountain"}, "geometry": {"type": "Point", "coordinates": [501.0, 539.0]}}, {"type": "Feature", "properties": {"province_id": 664, "name": "Barrow", "marker_index": 6, "terrain_type_id": 12, "terrain_type": "Mountain"}, "geometry": {"type": "Point", "coordinates": [503.0, 464.0]}}, {"type": "Feature", "properties": {"province_id": 664, "name": "Barrow", "marker_index": 7, "terrain_type_id": 12, "terrain_type": "Mountain"}, "geometry": {"type": "Point", "coordinates": [513.0, 580.0]}}, {"type": "Feature", "properties": {"province_id": 664, "name": "Barrow", "marker_index": 8, "terrain_type_id": 12, "terrain_type": "Mountain"}, "geometry": {"type": "Point", "coordinates": [550.0, 396.0]}}, {"type": "Feature", "properties": {"province_id": 664, "name": "Barrow", "marker_index": 9, "terrain_type_id": 12, "terrain_type": "Mountain"}, "geometry": {"type": "Point", "coordinates": [559.0, 547.0]}}, {"type": "Feature", "properties": {"province_id": 664, "name": "Barrow", "marker_index": 10, "terrain_type_id": 12, "terrain_type": "Mountain"}, "geometry": {"type": "Point", "coordinates": [581.0, 465.0]}}, {"type": "Feature", "properties": {"province_id": 664, "name": "Barrow", "marker_index": 11, "terrain_type_id": 12, "terrain_type": "Mountain"}, "geometry": {"type": "Point", "coordinates": [594.0, 555.0]}}, {"type": "Feature", "properties": {"province_id": 664, "name": "Barrow", "marker_index": 12, "terrain_type_id": 12, "terrain_type": "Mountain"}, "geometry": {"type": "Point", "coordinates": [607.0, 584.0]}}, {"type": "Feature", "properties": {"province_id": 666, "name": "Aniak", "marker_index": 0, "terrain_type_id": 12, "terrain_type": "Mountain"}, "geometry": {"type": "Point", "coordinates": [285.0, 945.0]}}, {"type": "Feature", "properties": {"province_id": 666, "name": "Aniak", "marker_index": 1, "terrain_type_id": 12, "terrain_type": "Mountain"}, "geometry": {"type": "Point", "coordinates": [321.0, 897.0]}}, {"type": "Feature", "properties": {"province_id": 666, "name": "Aniak", "marker_index": 2, "terrain_type_id": 12, "terrain_type": "Mountain"}, "geometry": {"type": "Point", "coordinates": [386.0, 918.0]}}, {"type": "Feature", "properties": {"province_id": 666, "name": "Aniak", "marker_index": 3, "terrain_type_id": 12, "terrain_type": "Mountain"}, "geometry": {"type": "Point", "coordinates": [416.0, 884.0]}}, {"type": "Feature", "properties": {"province_id": 666, "name": "Aniak", "marker_index": 4, "terrain_type_id": 12, "terrain_type": "Mountain"}, "geometry": {"type": "Point", "coordinates": [492.0, 884.0]}}, {"type": "Feature", "properties": {"province_id": 666, "name": "Aniak", "marker_index": 5, "terrain_type_id": 12, "terrain_type": "Mountain"}, "geometry": {"type": "Point", "coordinates": [498.0, 930.0]}}, {"type": "Feature", "properties": {"province_id": 666, "name": "Aniak", "marker_index": 6, "terrain_type_id": 12, "terrain_type": "Mountain"}, "geometry": {"type": "Point", "coordinates": [601.0, 896.0]}}, {"type": "Feature", "properties": {"province_id": 666, "name": "Aniak", "marker_index": 7, "terrain_type_id": 12, "terrain_type": "Mountain"}, "geometry": {"type": "Point", "coordinates": [694.0, 894.0]}}, {"type": "Feature", "properties": {"province_id": 666, "name": "Aniak", "marker_index": 8, "terrain_type_id": 12, "terrain_type": "Mountain"}, "geometry": {"type": "Point", "coordinates": [705.0, 844.0]}}, {"type": "Feature", "properties": {"province_id": 666, "name": "Aniak", "marker_index": 9, "terrain_type_id": 12, "terrain_type": "Mountain"}, "geometry": {"type": "Point", "coordinates": [733.0, 845.0]}}, {"type": "Feature", "properties": {"province_id": 667, "name": "Perryville", "marker_index": 0, "terrain_type_id": 12, "terrain_type": "Mountain"}, "geometry": {"type": "Point", "coordinates": [307.0, 1161.0]}}, {"type": "Feature", "properties": {"province_id": 667, "name": "Perryville", "marker_index": 1, "terrain_type_id": 12, "terrain_type": "Mountain"}, "geometry": {"type": "Point", "coordinates": [380.0, 1132.0]}}, {"type": "Feature", "properties": {"province_id": 667, "name": "Perryville", "marker_index": 2, "terrain_type_id": 12, "terrain_type": "Mountain"}, "geometry": {"type": "Point", "coordinates": [470.0, 1084.0]}}, {"type": "Feature", "properties": {"province_id": 667, "name": "Perryville", "marker_index": 3, "terrain_type_id": 12, "terrain_type": "Mountain"}, "geometry": {"type": "Point", "coordinates": [525.0, 1064.0]}}, {"type": "Feature", "properties": {"province_id": 667, "name": "Perryville", "marker_index": 4, "terrain_type_id": 12, "terrain_type": "Mountain"}, "geometry": {"type": "Point", "coordinates": [560.0, 1038.0]}}, {"type": "Feature", "properties": {"province_id": 667, "name": "Perryville", "marker_index": 5, "terrain_type_id": 12, "terrain_type": "Mountain"}, "geometry": {"type": "Point", "coordinates": [586.0, 984.0]}}, {"type": "Feature", "properties": {"province_id": 667, "name": "Perryville", "marker_index": 6, "terrain_type_id": 12, "terrain_type": "Mountain"}, "geometry": {"type": "Point", "coordinates": [590.0, 1018.0]}}, {"type": "Feature", "properties": {"province_id": 667, "name": "Perryville", "marker_index": 7, "terrain_type_id": 12, "terrain_type": "Mountain"}, "geometry": {"type": "Point", "coordinates": [636.0, 977.0]}}, {"type": "Feature", "properties": {"province_id": 667, "name": "Perryville", "marker_index": 8, "terrain_type_id": 12, "terrain_type": "Mountain"}, "geometry": {"type": "Point", "coordinates": [637.0, 1008.0]}}, {"type": "Feature", "properties": {"province_id": 667, "name": "Perryville", "marker_index": 9, "terrain_type_id": 12, "terrain_type": "Mountain"}, "geometry": {"type": "Point", "coordinates": [663.0, 987.0]}}, {"type": "Feature", "properties": {"province_id": 667, "name": "Perryville", "marker_index": 10, "terrain_type_id": 12, "terrain_type": "Mountain"}, "geometry": {"type": "Point", "coordinates": [706.0, 979.0]}}, {"type": "Feature", "properties": {"province_id": 668, "name": "Fort St. John", "marker_index": 0, "terrain_type_id": 12, "terrain_type": "Mountain"}, "geometry": {"type": "Point", "coordinates": [1401.0, 1020.0]}}, {"type": "Feature", "properties": {"province_id": 668, "name": "Fort St. John", "marker_index": 1, "terrain_type_id": 12, "terrain_type": "Mountain"}, "geometry": {"type": "Point", "coordinates": [1421.0, 1014.0]}}, {"type": "Feature", "properties": {"province_id": 668, "name": "Fort St. John", "marker_index": 2, "terrain_type_id": 12, "terrain_type": "Mountain"}, "geometry": {"type": "Point", "coordinates": [1424.0, 1039.0]}}, {"type": "Feature", "properties": {"province_id": 668, "name": "Fort St. John", "marker_index": 3, "terrain_type_id": 12, "terrain_type": "Mountain"}, "geometry": {"type": "Point", "coordinates": [1430.0, 1076.0]}}, {"type": "Feature", "properties": {"province_id": 672, "name": "Fort Nelson", "marker_index": 0, "terrain_type_id": 12, "terrain_type": "Mountain"}, "geometry": {"type": "Point", "coordinates": [1330.0, 957.0]}}, {"type": "Feature", "properties": {"province_id": 672, "name": "Fort Nelson", "marker_index": 1, "terrain_type_id": 12, "terrain_type": "Mountain"}, "geometry": {"type": "Point", "coordinates": [1338.0, 973.0]}}, {"type": "Feature", "properties": {"province_id": 672, "name": "Fort Nelson", "marker_index": 2, "terrain_type_id": 12, "terrain_type": "Mountain"}, "geometry": {"type": "Point", "coordinates": [1374.0, 963.0]}}, {"type": "Feature", "properties": {"province_id": 672, "name": "Fort Nelson", "marker_index": 3, "terrain_type_id": 12, "terrain_type": "Mountain"}, "geometry": {"type": "Point", "coordinates": [1397.0, 974.0]}}, {"type": "Feature", "properties": {"province_id": 672, "name": "Fort Nelson", "marker_index": 4, "terrain_type_id": 12, "terrain_type": "Mountain"}, "geometry": {"type": "Point", "coordinates": [1402.0, 955.0]}}, {"type": "Feature", "properties": {"province_id": 672, "name": "Fort Nelson", "marker_index": 5, "terrain_type_id": 12, "terrain_type": "Mountain"}, "geometry": {"type": "Point", "coordinates": [1413.0, 979.0]}}, {"type": "Feature", "properties": {"province_id": 674, "name": "Whistler", "marker_index": 0, "terrain_type_id": 12, "terrain_type": "Mountain"}, "geometry": {"type": "Point", "coordinates": [1210.0, 1357.0]}}, {"type": "Feature", "properties": {"province_id": 674, "name": "Whistler", "marker_index": 1, "terrain_type_id": 12, "terrain_type": "Mountain"}, "geometry": {"type": "Point", "coordinates": [1231.0, 1364.0]}}, {"type": "Feature", "properties": {"province_id": 674, "name": "Whistler", "marker_index": 2, "terrain_type_id": 12, "terrain_type": "Mountain"}, "geometry": {"type": "Point", "coordinates": [1244.0, 1390.0]}}, {"type": "Feature", "properties": {"province_id": 674, "name": "Whistler", "marker_index": 3, "terrain_type_id": 12, "terrain_type": "Mountain"}, "geometry": {"type": "Point", "coordinates": [1250.0, 1347.0]}}, {"type": "Feature", "properties": {"province_id": 674, "name": "Whistler", "marker_index": 4, "terrain_type_id": 12, "terrain_type": "Mountain"}, "geometry": {"type": "Point", "coordinates": [1258.0, 1378.0]}}, {"type": "Feature", "properties": {"province_id": 675, "name": "Terrace", "marker_index": 0, "terrain_type_id": 12, "terrain_type": "Mountain"}, "geometry": {"type": "Point", "coordinates": [1174.0, 1148.0]}}, {"type": "Feature", "properties": {"province_id": 675, "name": "Terrace", "marker_index": 1, "terrain_type_id": 12, "terrain_type": "Mountain"}, "geometry": {"type": "Point", "coordinates": [1180.0, 1172.0]}}, {"type": "Feature", "properties": {"province_id": 675, "name": "Terrace", "marker_index": 2, "terrain_type_id": 12, "terrain_type": "Mountain"}, "geometry": {"type": "Point", "coordinates": [1187.0, 1192.0]}}, {"type": "Feature", "properties": {"province_id": 675, "name": "Terrace", "marker_index": 3, "terrain_type_id": 12, "terrain_type": "Mountain"}, "geometry": {"type": "Point", "coordinates": [1202.0, 1231.0]}}, {"type": "Feature", "properties": {"province_id": 675, "name": "Terrace", "marker_index": 4, "terrain_type_id": 12, "terrain_type": "Mountain"}, "geometry": {"type": "Point", "coordinates": [1204.0, 1204.0]}}, {"type": "Feature", "properties": {"province_id": 675, "name": "Terrace", "marker_index": 5, "terrain_type_id": 12, "terrain_type": "Mountain"}, "geometry": {"type": "Point", "coordinates": [1213.0, 1162.0]}}, {"type": "Feature", "properties": {"province_id": 675, "name": "Terrace", "marker_index": 6, "terrain_type_id": 12, "terrain_type": "Mountain"}, "geometry": {"type": "Point", "coordinates": [1226.0, 1176.0]}}, {"type": "Feature", "properties": {"province_id": 677, "name": "Iskut", "marker_index": 0, "terrain_type_id": 12, "terrain_type": "Mountain"}, "geometry": {"type": "Point", "coordinates": [1106.0, 1129.0]}}, {"type": "Feature", "properties": {"province_id": 677, "name": "Iskut", "marker_index": 1, "terrain_type_id": 12, "terrain_type": "Mountain"}, "geometry": {"type": "Point", "coordinates": [1121.0, 1103.0]}}, {"type": "Feature", "properties": {"province_id": 677, "name": "Iskut", "marker_index": 2, "terrain_type_id": 12, "terrain_type": "Mountain"}, "geometry": {"type": "Point", "coordinates": [1139.0, 1094.0]}}, {"type": "Feature", "properties": {"province_id": 677, "name": "Iskut", "marker_index": 3, "terrain_type_id": 12, "terrain_type": "Mountain"}, "geometry": {"type": "Point", "coordinates": [1168.0, 1085.0]}}, {"type": "Feature", "properties": {"province_id": 677, "name": "Iskut", "marker_index": 4, "terrain_type_id": 12, "terrain_type": "Mountain"}, "geometry": {"type": "Point", "coordinates": [1190.0, 1079.0]}}, {"type": "Feature", "properties": {"province_id": 677, "name": "Iskut", "marker_index": 5, "terrain_type_id": 12, "terrain_type": "Mountain"}, "geometry": {"type": "Point", "coordinates": [1198.0, 1099.0]}}, {"type": "Feature", "properties": {"province_id": 678, "name": "Cassiar", "marker_index": 0, "terrain_type_id": 12, "terrain_type": "Mountain"}, "geometry": {"type": "Point", "coordinates": [1097.0, 961.0]}}, {"type": "Feature", "properties": {"province_id": 678, "name": "Cassiar", "marker_index": 1, "terrain_type_id": 12, "terrain_type": "Mountain"}, "geometry": {"type": "Point", "coordinates": [1137.0, 961.0]}}, {"type": "Feature", "properties": {"province_id": 678, "name": "Cassiar", "marker_index": 2, "terrain_type_id": 12, "terrain_type": "Mountain"}, "geometry": {"type": "Point", "coordinates": [1139.0, 985.0]}}, {"type": "Feature", "properties": {"province_id": 678, "name": "Cassiar", "marker_index": 3, "terrain_type_id": 12, "terrain_type": "Mountain"}, "geometry": {"type": "Point", "coordinates": [1154.0, 1006.0]}}, {"type": "Feature", "properties": {"province_id": 678, "name": "Cassiar", "marker_index": 4, "terrain_type_id": 12, "terrain_type": "Mountain"}, "geometry": {"type": "Point", "coordinates": [1164.0, 972.0]}}, {"type": "Feature", "properties": {"province_id": 678, "name": "Cassiar", "marker_index": 5, "terrain_type_id": 12, "terrain_type": "Mountain"}, "geometry": {"type": "Point", "coordinates": [1177.0, 999.0]}}, {"type": "Feature", "properties": {"province_id": 679, "name": "Toad River", "marker_index": 0, "terrain_type_id": 12, "terrain_type": "Mountain"}, "geometry": {"type": "Point", "coordinates": [1216.0, 953.0]}}, {"type": "Feature", "properties": {"province_id": 679, "name": "Toad River", "marker_index": 1, "terrain_type_id": 12, "terrain_type": "Mountain"}, "geometry": {"type": "Point", "coordinates": [1224.0, 978.0]}}, {"type": "Feature", "properties": {"province_id": 679, "name": "Toad River", "marker_index": 2, "terrain_type_id": 12, "terrain_type": "Mountain"}, "geometry": {"type": "Point", "coordinates": [1226.0, 1006.0]}}, {"type": "Feature", "properties": {"province_id": 679, "name": "Toad River", "marker_index": 3, "terrain_type_id": 12, "terrain_type": "Mountain"}, "geometry": {"type": "Point", "coordinates": [1264.0, 988.0]}}, {"type": "Feature", "properties": {"province_id": 679, "name": "Toad River", "marker_index": 4, "terrain_type_id": 12, "terrain_type": "Mountain"}, "geometry": {"type": "Point", "coordinates": [1274.0, 956.0]}}, {"type": "Feature", "properties": {"province_id": 679, "name": "Toad River", "marker_index": 5, "terrain_type_id": 12, "terrain_type": "Mountain"}, "geometry": {"type": "Point", "coordinates": [1287.0, 1007.0]}}, {"type": "Feature", "properties": {"province_id": 679, "name": "Toad River", "marker_index": 6, "terrain_type_id": 12, "terrain_type": "Mountain"}, "geometry": {"type": "Point", "coordinates": [1293.0, 964.0]}}, {"type": "Feature", "properties": {"province_id": 683, "name": "Kitimat", "marker_index": 0, "terrain_type_id": 12, "terrain_type": "Mountain"}, "geometry": {"type": "Point", "coordinates": [1207.0, 1280.0]}}, {"type": "Feature", "properties": {"province_id": 683, "name": "Kitimat", "marker_index": 1, "terrain_type_id": 12, "terrain_type": "Mountain"}, "geometry": {"type": "Point", "coordinates": [1212.0, 1300.0]}}, {"type": "Feature", "properties": {"province_id": 683, "name": "Kitimat", "marker_index": 2, "terrain_type_id": 12, "terrain_type": "Mountain"}, "geometry": {"type": "Point", "coordinates": [1225.0, 1282.0]}}, {"type": "Feature", "properties": {"province_id": 683, "name": "Kitimat", "marker_index": 3, "terrain_type_id": 12, "terrain_type": "Mountain"}, "geometry": {"type": "Point", "coordinates": [1227.0, 1272.0]}}, {"type": "Feature", "properties": {"province_id": 683, "name": "Kitimat", "marker_index": 4, "terrain_type_id": 12, "terrain_type": "Mountain"}, "geometry": {"type": "Point", "coordinates": [1228.0, 1297.0]}}, {"type": "Feature", "properties": {"province_id": 687, "name": "Cranbrook", "marker_index": 0, "terrain_type_id": 12, "terrain_type": "Mountain"}, "geometry": {"type": "Point", "coordinates": [1548.0, 1399.0]}}, {"type": "Feature", "properties": {"province_id": 687, "name": "Cranbrook", "marker_index": 1, "terrain_type_id": 12, "terrain_type": "Mountain"}, "geometry": {"type": "Point", "coordinates": [1551.0, 1424.0]}}, {"type": "Feature", "properties": {"province_id": 687, "name": "Cranbrook", "marker_index": 2, "terrain_type_id": 12, "terrain_type": "Mountain"}, "geometry": {"type": "Point", "coordinates": [1584.0, 1384.0]}}, {"type": "Feature", "properties": {"province_id": 687, "name": "Cranbrook", "marker_index": 3, "terrain_type_id": 12, "terrain_type": "Mountain"}, "geometry": {"type": "Point", "coordinates": [1596.0, 1382.0]}}, {"type": "Feature", "properties": {"province_id": 687, "name": "Cranbrook", "marker_index": 4, "terrain_type_id": 12, "terrain_type": "Mountain"}, "geometry": {"type": "Point", "coordinates": [1597.0, 1415.0]}}, {"type": "Feature", "properties": {"province_id": 687, "name": "Cranbrook", "marker_index": 5, "terrain_type_id": 12, "terrain_type": "Mountain"}, "geometry": {"type": "Point", "coordinates": [1625.0, 1412.0]}}, {"type": "Feature", "properties": {"province_id": 687, "name": "Cranbrook", "marker_index": 6, "terrain_type_id": 12, "terrain_type": "Mountain"}, "geometry": {"type": "Point", "coordinates": [1627.0, 1380.0]}}, {"type": "Feature", "properties": {"province_id": 687, "name": "Cranbrook", "marker_index": 7, "terrain_type_id": 12, "terrain_type": "Mountain"}, "geometry": {"type": "Point", "coordinates": [1644.0, 1400.0]}}, {"type": "Feature", "properties": {"province_id": 689, "name": "Golden", "marker_index": 0, "terrain_type_id": 12, "terrain_type": "Mountain"}, "geometry": {"type": "Point", "coordinates": [1507.0, 1333.0]}}, {"type": "Feature", "properties": {"province_id": 689, "name": "Golden", "marker_index": 1, "terrain_type_id": 12, "terrain_type": "Mountain"}, "geometry": {"type": "Point", "coordinates": [1521.0, 1293.0]}}, {"type": "Feature", "properties": {"province_id": 689, "name": "Golden", "marker_index": 2, "terrain_type_id": 12, "terrain_type": "Mountain"}, "geometry": {"type": "Point", "coordinates": [1547.0, 1329.0]}}, {"type": "Feature", "properties": {"province_id": 689, "name": "Golden", "marker_index": 3, "terrain_type_id": 12, "terrain_type": "Mountain"}, "geometry": {"type": "Point", "coordinates": [1549.0, 1309.0]}}, {"type": "Feature", "properties": {"province_id": 689, "name": "Golden", "marker_index": 4, "terrain_type_id": 12, "terrain_type": "Mountain"}, "geometry": {"type": "Point", "coordinates": [1572.0, 1332.0]}}, {"type": "Feature", "properties": {"province_id": 689, "name": "Golden", "marker_index": 5, "terrain_type_id": 12, "terrain_type": "Mountain"}, "geometry": {"type": "Point", "coordinates": [1589.0, 1340.0]}}, {"type": "Feature", "properties": {"province_id": 707, "name": "Banff", "marker_index": 0, "terrain_type_id": 12, "terrain_type": "Mountain"}, "geometry": {"type": "Point", "coordinates": [1546.0, 1252.0]}}, {"type": "Feature", "properties": {"province_id": 707, "name": "Banff", "marker_index": 1, "terrain_type_id": 12, "terrain_type": "Mountain"}, "geometry": {"type": "Point", "coordinates": [1568.0, 1266.0]}}, {"type": "Feature", "properties": {"province_id": 707, "name": "Banff", "marker_index": 2, "terrain_type_id": 12, "terrain_type": "Mountain"}, "geometry": {"type": "Point", "coordinates": [1575.0, 1231.0]}}, {"type": "Feature", "properties": {"province_id": 707, "name": "Banff", "marker_index": 3, "terrain_type_id": 12, "terrain_type": "Mountain"}, "geometry": {"type": "Point", "coordinates": [1577.0, 1201.0]}}, {"type": "Feature", "properties": {"province_id": 707, "name": "Banff", "marker_index": 4, "terrain_type_id": 12, "terrain_type": "Mountain"}, "geometry": {"type": "Point", "coordinates": [1590.0, 1214.0]}}, {"type": "Feature", "properties": {"province_id": 707, "name": "Banff", "marker_index": 5, "terrain_type_id": 12, "terrain_type": "Mountain"}, "geometry": {"type": "Point", "coordinates": [1591.0, 1249.0]}}, {"type": "Feature", "properties": {"province_id": 707, "name": "Banff", "marker_index": 6, "terrain_type_id": 12, "terrain_type": "Mountain"}, "geometry": {"type": "Point", "coordinates": [1608.0, 1284.0]}}, {"type": "Feature", "properties": {"province_id": 707, "name": "Banff", "marker_index": 7, "terrain_type_id": 12, "terrain_type": "Mountain"}, "geometry": {"type": "Point", "coordinates": [1626.0, 1265.0]}}, {"type": "Feature", "properties": {"province_id": 707, "name": "Banff", "marker_index": 8, "terrain_type_id": 12, "terrain_type": "Mountain"}, "geometry": {"type": "Point", "coordinates": [1628.0, 1250.0]}}, {"type": "Feature", "properties": {"province_id": 708, "name": "Grand Cache", "marker_index": 0, "terrain_type_id": 12, "terrain_type": "Mountain"}, "geometry": {"type": "Point", "coordinates": [1462.0, 1199.0]}}, {"type": "Feature", "properties": {"province_id": 708, "name": "Grand Cache", "marker_index": 1, "terrain_type_id": 12, "terrain_type": "Mountain"}, "geometry": {"type": "Point", "coordinates": [1465.0, 1174.0]}}, {"type": "Feature", "properties": {"province_id": 708, "name": "Grand Cache", "marker_index": 2, "terrain_type_id": 12, "terrain_type": "Mountain"}, "geometry": {"type": "Point", "coordinates": [1490.0, 1156.0]}}, {"type": "Feature", "properties": {"province_id": 708, "name": "Grand Cache", "marker_index": 3, "terrain_type_id": 12, "terrain_type": "Mountain"}, "geometry": {"type": "Point", "coordinates": [1490.0, 1222.0]}}, {"type": "Feature", "properties": {"province_id": 708, "name": "Grand Cache", "marker_index": 4, "terrain_type_id": 12, "terrain_type": "Mountain"}, "geometry": {"type": "Point", "coordinates": [1495.0, 1190.0]}}, {"type": "Feature", "properties": {"province_id": 708, "name": "Grand Cache", "marker_index": 5, "terrain_type_id": 12, "terrain_type": "Mountain"}, "geometry": {"type": "Point", "coordinates": [1511.0, 1170.0]}}, {"type": "Feature", "properties": {"province_id": 708, "name": "Grand Cache", "marker_index": 6, "terrain_type_id": 12, "terrain_type": "Mountain"}, "geometry": {"type": "Point", "coordinates": [1511.0, 1206.0]}}, {"type": "Feature", "properties": {"province_id": 708, "name": "Grand Cache", "marker_index": 7, "terrain_type_id": 12, "terrain_type": "Mountain"}, "geometry": {"type": "Point", "coordinates": [1536.0, 1170.0]}}, {"type": "Feature", "properties": {"province_id": 737, "name": "Dawson", "marker_index": 0, "terrain_type_id": 12, "terrain_type": "Mountain"}, "geometry": {"type": "Point", "coordinates": [1003.0, 635.0]}}, {"type": "Feature", "properties": {"province_id": 737, "name": "Dawson", "marker_index": 1, "terrain_type_id": 12, "terrain_type": "Mountain"}, "geometry": {"type": "Point", "coordinates": [1013.0, 742.0]}}, {"type": "Feature", "properties": {"province_id": 737, "name": "Dawson", "marker_index": 2, "terrain_type_id": 12, "terrain_type": "Mountain"}, "geometry": {"type": "Point", "coordinates": [1014.0, 721.0]}}, {"type": "Feature", "properties": {"province_id": 737, "name": "Dawson", "marker_index": 3, "terrain_type_id": 12, "terrain_type": "Mountain"}, "geometry": {"type": "Point", "coordinates": [1020.0, 692.0]}}, {"type": "Feature", "properties": {"province_id": 737, "name": "Dawson", "marker_index": 4, "terrain_type_id": 12, "terrain_type": "Mountain"}, "geometry": {"type": "Point", "coordinates": [1027.0, 655.0]}}, {"type": "Feature", "properties": {"province_id": 737, "name": "Dawson", "marker_index": 5, "terrain_type_id": 12, "terrain_type": "Mountain"}, "geometry": {"type": "Point", "coordinates": [1034.0, 608.0]}}, {"type": "Feature", "properties": {"province_id": 737, "name": "Dawson", "marker_index": 6, "terrain_type_id": 12, "terrain_type": "Mountain"}, "geometry": {"type": "Point", "coordinates": [1042.0, 721.0]}}, {"type": "Feature", "properties": {"province_id": 737, "name": "Dawson", "marker_index": 7, "terrain_type_id": 12, "terrain_type": "Mountain"}, "geometry": {"type": "Point", "coordinates": [1047.0, 675.0]}}, {"type": "Feature", "properties": {"province_id": 737, "name": "Dawson", "marker_index": 8, "terrain_type_id": 12, "terrain_type": "Mountain"}, "geometry": {"type": "Point", "coordinates": [1070.0, 725.0]}}, {"type": "Feature", "properties": {"province_id": 737, "name": "Dawson", "marker_index": 9, "terrain_type_id": 12, "terrain_type": "Mountain"}, "geometry": {"type": "Point", "coordinates": [1075.0, 680.0]}}, {"type": "Feature", "properties": {"province_id": 737, "name": "Dawson", "marker_index": 10, "terrain_type_id": 12, "terrain_type": "Mountain"}, "geometry": {"type": "Point", "coordinates": [1097.0, 668.0]}}, {"type": "Feature", "properties": {"province_id": 737, "name": "Dawson", "marker_index": 11, "terrain_type_id": 12, "terrain_type": "Mountain"}, "geometry": {"type": "Point", "coordinates": [1118.0, 723.0]}}, {"type": "Feature", "properties": {"province_id": 737, "name": "Dawson", "marker_index": 12, "terrain_type_id": 12, "terrain_type": "Mountain"}, "geometry": {"type": "Point", "coordinates": [1123.0, 690.0]}}, {"type": "Feature", "properties": {"province_id": 737, "name": "Dawson", "marker_index": 13, "terrain_type_id": 12, "terrain_type": "Mountain"}, "geometry": {"type": "Point", "coordinates": [1153.0, 728.0]}}, {"type": "Feature", "properties": {"province_id": 737, "name": "Dawson", "marker_index": 14, "terrain_type_id": 12, "terrain_type": "Mountain"}, "geometry": {"type": "Point", "coordinates": [1162.0, 748.0]}}, {"type": "Feature", "properties": {"province_id": 737, "name": "Dawson", "marker_index": 15, "terrain_type_id": 12, "terrain_type": "Mountain"}, "geometry": {"type": "Point", "coordinates": [1198.0, 727.0]}}, {"type": "Feature", "properties": {"province_id": 740, "name": "Ross River", "marker_index": 0, "terrain_type_id": 12, "terrain_type": "Mountain"}, "geometry": {"type": "Point", "coordinates": [1185.0, 836.0]}}, {"type": "Feature", "properties": {"province_id": 740, "name": "Ross River", "marker_index": 1, "terrain_type_id": 12, "terrain_type": "Mountain"}, "geometry": {"type": "Point", "coordinates": [1212.0, 797.0]}}, {"type": "Feature", "properties": {"province_id": 740, "name": "Ross River", "marker_index": 2, "terrain_type_id": 12, "terrain_type": "Mountain"}, "geometry": {"type": "Point", "coordinates": [1225.0, 846.0]}}, {"type": "Feature", "properties": {"province_id": 740, "name": "Ross River", "marker_index": 3, "terrain_type_id": 12, "terrain_type": "Mountain"}, "geometry": {"type": "Point", "coordinates": [1245.0, 790.0]}}, {"type": "Feature", "properties": {"province_id": 740, "name": "Ross River", "marker_index": 4, "terrain_type_id": 12, "terrain_type": "Mountain"}, "geometry": {"type": "Point", "coordinates": [1245.0, 810.0]}}, {"type": "Feature", "properties": {"province_id": 740, "name": "Ross River", "marker_index": 5, "terrain_type_id": 12, "terrain_type": "Mountain"}, "geometry": {"type": "Point", "coordinates": [1245.0, 843.0]}}, {"type": "Feature", "properties": {"province_id": 740, "name": "Ross River", "marker_index": 6, "terrain_type_id": 12, "terrain_type": "Mountain"}, "geometry": {"type": "Point", "coordinates": [1256.0, 760.0]}}, {"type": "Feature", "properties": {"province_id": 740, "name": "Ross River", "marker_index": 7, "terrain_type_id": 12, "terrain_type": "Mountain"}, "geometry": {"type": "Point", "coordinates": [1272.0, 808.0]}}, {"type": "Feature", "properties": {"province_id": 740, "name": "Ross River", "marker_index": 8, "terrain_type_id": 12, "terrain_type": "Mountain"}, "geometry": {"type": "Point", "coordinates": [1283.0, 834.0]}}, {"type": "Feature", "properties": {"province_id": 874, "name": "La Paz (MX)", "marker_index": 0, "terrain_type_id": 12, "terrain_type": "Mountain"}, "geometry": {"type": "Point", "coordinates": [1857.0, 2999.0]}}, {"type": "Feature", "properties": {"province_id": 874, "name": "La Paz (MX)", "marker_index": 1, "terrain_type_id": 12, "terrain_type": "Mountain"}, "geometry": {"type": "Point", "coordinates": [1917.0, 3051.0]}}, {"type": "Feature", "properties": {"province_id": 886, "name": "Tampico", "marker_index": 0, "terrain_type_id": 12, "terrain_type": "Mountain"}, "geometry": {"type": "Point", "coordinates": [2322.0, 3092.0]}}, {"type": "Feature", "properties": {"province_id": 886, "name": "Tampico", "marker_index": 1, "terrain_type_id": 12, "terrain_type": "Mountain"}, "geometry": {"type": "Point", "coordinates": [2323.0, 3075.0]}}, {"type": "Feature", "properties": {"province_id": 886, "name": "Tampico", "marker_index": 2, "terrain_type_id": 12, "terrain_type": "Mountain"}, "geometry": {"type": "Point", "coordinates": [2327.0, 3108.0]}}, {"type": "Feature", "properties": {"province_id": 886, "name": "Tampico", "marker_index": 3, "terrain_type_id": 12, "terrain_type": "Mountain"}, "geometry": {"type": "Point", "coordinates": [2344.0, 3057.0]}}, {"type": "Feature", "properties": {"province_id": 886, "name": "Tampico", "marker_index": 4, "terrain_type_id": 12, "terrain_type": "Mountain"}, "geometry": {"type": "Point", "coordinates": [2346.0, 3102.0]}}, {"type": "Feature", "properties": {"province_id": 886, "name": "Tampico", "marker_index": 5, "terrain_type_id": 12, "terrain_type": "Mountain"}, "geometry": {"type": "Point", "coordinates": [2357.0, 3084.0]}}, {"type": "Feature", "properties": {"province_id": 886, "name": "Tampico", "marker_index": 6, "terrain_type_id": 12, "terrain_type": "Mountain"}, "geometry": {"type": "Point", "coordinates": [2381.0, 3096.0]}}, {"type": "Feature", "properties": {"province_id": 886, "name": "Tampico", "marker_index": 7, "terrain_type_id": 12, "terrain_type": "Mountain"}, "geometry": {"type": "Point", "coordinates": [2385.0, 3066.0]}}, {"type": "Feature", "properties": {"province_id": 889, "name": "Irapuato", "marker_index": 0, "terrain_type_id": 12, "terrain_type": "Mountain"}, "geometry": {"type": "Point", "coordinates": [2261.0, 3200.0]}}, {"type": "Feature", "properties": {"province_id": 889, "name": "Irapuato", "marker_index": 1, "terrain_type_id": 12, "terrain_type": "Mountain"}, "geometry": {"type": "Point", "coordinates": [2269.0, 3175.0]}}, {"type": "Feature", "properties": {"province_id": 889, "name": "Irapuato", "marker_index": 2, "terrain_type_id": 12, "terrain_type": "Mountain"}, "geometry": {"type": "Point", "coordinates": [2280.0, 3220.0]}}, {"type": "Feature", "properties": {"province_id": 889, "name": "Irapuato", "marker_index": 3, "terrain_type_id": 12, "terrain_type": "Mountain"}, "geometry": {"type": "Point", "coordinates": [2284.0, 3162.0]}}, {"type": "Feature", "properties": {"province_id": 889, "name": "Irapuato", "marker_index": 4, "terrain_type_id": 12, "terrain_type": "Mountain"}, "geometry": {"type": "Point", "coordinates": [2292.0, 3216.0]}}, {"type": "Feature", "properties": {"province_id": 889, "name": "Irapuato", "marker_index": 5, "terrain_type_id": 12, "terrain_type": "Mountain"}, "geometry": {"type": "Point", "coordinates": [2296.0, 3184.0]}}, {"type": "Feature", "properties": {"province_id": 889, "name": "Irapuato", "marker_index": 6, "terrain_type_id": 12, "terrain_type": "Mountain"}, "geometry": {"type": "Point", "coordinates": [2307.0, 3170.0]}}, {"type": "Feature", "properties": {"province_id": 894, "name": "San Juan del Río", "marker_index": 0, "terrain_type_id": 12, "terrain_type": "Mountain"}, "geometry": {"type": "Point", "coordinates": [2336.0, 3203.0]}}, {"type": "Feature", "properties": {"province_id": 894, "name": "San Juan del Río", "marker_index": 1, "terrain_type_id": 12, "terrain_type": "Mountain"}, "geometry": {"type": "Point", "coordinates": [2337.0, 3163.0]}}, {"type": "Feature", "properties": {"province_id": 894, "name": "San Juan del Río", "marker_index": 2, "terrain_type_id": 12, "terrain_type": "Mountain"}, "geometry": {"type": "Point", "coordinates": [2345.0, 3235.0]}}, {"type": "Feature", "properties": {"province_id": 894, "name": "San Juan del Río", "marker_index": 3, "terrain_type_id": 12, "terrain_type": "Mountain"}, "geometry": {"type": "Point", "coordinates": [2346.0, 3189.0]}}, {"type": "Feature", "properties": {"province_id": 894, "name": "San Juan del Río", "marker_index": 4, "terrain_type_id": 12, "terrain_type": "Mountain"}, "geometry": {"type": "Point", "coordinates": [2351.0, 3168.0]}}, {"type": "Feature", "properties": {"province_id": 894, "name": "San Juan del Río", "marker_index": 5, "terrain_type_id": 12, "terrain_type": "Mountain"}, "geometry": {"type": "Point", "coordinates": [2360.0, 3199.0]}}, {"type": "Feature", "properties": {"province_id": 894, "name": "San Juan del Río", "marker_index": 6, "terrain_type_id": 12, "terrain_type": "Mountain"}, "geometry": {"type": "Point", "coordinates": [2370.0, 3221.0]}}, {"type": "Feature", "properties": {"province_id": 894, "name": "San Juan del Río", "marker_index": 7, "terrain_type_id": 12, "terrain_type": "Mountain"}, "geometry": {"type": "Point", "coordinates": [2379.0, 3239.0]}}, {"type": "Feature", "properties": {"province_id": 899, "name": "Córdoba (MX)", "marker_index": 0, "terrain_type_id": 12, "terrain_type": "Mountain"}, "geometry": {"type": "Point", "coordinates": [2406.0, 3318.0]}}, {"type": "Feature", "properties": {"province_id": 899, "name": "Córdoba (MX)", "marker_index": 1, "terrain_type_id": 12, "terrain_type": "Mountain"}, "geometry": {"type": "Point", "coordinates": [2423.0, 3331.0]}}, {"type": "Feature", "properties": {"province_id": 899, "name": "Córdoba (MX)", "marker_index": 2, "terrain_type_id": 12, "terrain_type": "Mountain"}, "geometry": {"type": "Point", "coordinates": [2438.0, 3312.0]}}, {"type": "Feature", "properties": {"province_id": 899, "name": "Córdoba (MX)", "marker_index": 3, "terrain_type_id": 12, "terrain_type": "Mountain"}, "geometry": {"type": "Point", "coordinates": [2461.0, 3351.0]}}, {"type": "Feature", "properties": {"province_id": 899, "name": "Córdoba (MX)", "marker_index": 4, "terrain_type_id": 12, "terrain_type": "Mountain"}, "geometry": {"type": "Point", "coordinates": [2464.0, 3327.0]}}, {"type": "Feature", "properties": {"province_id": 903, "name": "Tuxtepec", "marker_index": 0, "terrain_type_id": 12, "terrain_type": "Mountain"}, "geometry": {"type": "Point", "coordinates": [2502.0, 3383.0]}}, {"type": "Feature", "properties": {"province_id": 903, "name": "Tuxtepec", "marker_index": 1, "terrain_type_id": 12, "terrain_type": "Mountain"}, "geometry": {"type": "Point", "coordinates": [2521.0, 3398.0]}}, {"type": "Feature", "properties": {"province_id": 903, "name": "Tuxtepec", "marker_index": 2, "terrain_type_id": 12, "terrain_type": "Mountain"}, "geometry": {"type": "Point", "coordinates": [2539.0, 3415.0]}}, {"type": "Feature", "properties": {"province_id": 903, "name": "Tuxtepec", "marker_index": 3, "terrain_type_id": 12, "terrain_type": "Mountain"}, "geometry": {"type": "Point", "coordinates": [2549.0, 3410.0]}}, {"type": "Feature", "properties": {"province_id": 904, "name": "Tuxtla Gutiérrez", "marker_index": 0, "terrain_type_id": 12, "terrain_type": "Mountain"}, "geometry": {"type": "Point", "coordinates": [2582.0, 3457.0]}}, {"type": "Feature", "properties": {"province_id": 904, "name": "Tuxtla Gutiérrez", "marker_index": 1, "terrain_type_id": 12, "terrain_type": "Mountain"}, "geometry": {"type": "Point", "coordinates": [2596.0, 3465.0]}}, {"type": "Feature", "properties": {"province_id": 904, "name": "Tuxtla Gutiérrez", "marker_index": 2, "terrain_type_id": 12, "terrain_type": "Mountain"}, "geometry": {"type": "Point", "coordinates": [2621.0, 3472.0]}}, {"type": "Feature", "properties": {"province_id": 904, "name": "Tuxtla Gutiérrez", "marker_index": 3, "terrain_type_id": 12, "terrain_type": "Mountain"}, "geometry": {"type": "Point", "coordinates": [2623.0, 3489.0]}}, {"type": "Feature", "properties": {"province_id": 904, "name": "Tuxtla Gutiérrez", "marker_index": 4, "terrain_type_id": 12, "terrain_type": "Mountain"}, "geometry": {"type": "Point", "coordinates": [2627.0, 3505.0]}}, {"type": "Feature", "properties": {"province_id": 904, "name": "Tuxtla Gutiérrez", "marker_index": 5, "terrain_type_id": 12, "terrain_type": "Mountain"}, "geometry": {"type": "Point", "coordinates": [2644.0, 3533.0]}}, {"type": "Feature", "properties": {"province_id": 910, "name": "Elfin Cove", "marker_index": 0, "terrain_type_id": 12, "terrain_type": "Mountain"}, "geometry": {"type": "Point", "coordinates": [1017.0, 995.0]}}, {"type": "Feature", "properties": {"province_id": 910, "name": "Elfin Cove", "marker_index": 1, "terrain_type_id": 12, "terrain_type": "Mountain"}, "geometry": {"type": "Point", "coordinates": [1047.0, 1021.0]}}, {"type": "Feature", "properties": {"province_id": 910, "name": "Elfin Cove", "marker_index": 2, "terrain_type_id": 12, "terrain_type": "Mountain"}, "geometry": {"type": "Point", "coordinates": [1061.0, 1050.0]}}, {"type": "Feature", "properties": {"province_id": 910, "name": "Elfin Cove", "marker_index": 3, "terrain_type_id": 12, "terrain_type": "Mountain"}, "geometry": {"type": "Point", "coordinates": [1065.0, 1011.0]}}, {"type": "Feature", "properties": {"province_id": 910, "name": "Elfin Cove", "marker_index": 4, "terrain_type_id": 12, "terrain_type": "Mountain"}, "geometry": {"type": "Point", "coordinates": [1103.0, 1054.0]}}, {"type": "Feature", "properties": {"province_id": 910, "name": "Elfin Cove", "marker_index": 5, "terrain_type_id": 12, "terrain_type": "Mountain"}, "geometry": {"type": "Point", "coordinates": [1109.0, 1038.0]}}, {"type": "Feature", "properties": {"province_id": 911, "name": "Benito Juárez", "marker_index": 0, "terrain_type_id": 12, "terrain_type": "Mountain"}, "geometry": {"type": "Point", "coordinates": [2031.0, 2619.0]}}, {"type": "Feature", "properties": {"province_id": 911, "name": "Benito Juárez", "marker_index": 1, "terrain_type_id": 12, "terrain_type": "Mountain"}, "geometry": {"type": "Point", "coordinates": [2043.0, 2647.0]}}, {"type": "Feature", "properties": {"province_id": 911, "name": "Benito Juárez", "marker_index": 2, "terrain_type_id": 12, "terrain_type": "Mountain"}, "geometry": {"type": "Point", "coordinates": [2059.0, 2616.0]}}, {"type": "Feature", "properties": {"province_id": 911, "name": "Benito Juárez", "marker_index": 3, "terrain_type_id": 12, "terrain_type": "Mountain"}, "geometry": {"type": "Point", "coordinates": [2074.0, 2655.0]}}, {"type": "Feature", "properties": {"province_id": 911, "name": "Benito Juárez", "marker_index": 4, "terrain_type_id": 12, "terrain_type": "Mountain"}, "geometry": {"type": "Point", "coordinates": [2082.0, 2612.0]}}, {"type": "Feature", "properties": {"province_id": 911, "name": "Benito Juárez", "marker_index": 5, "terrain_type_id": 12, "terrain_type": "Mountain"}, "geometry": {"type": "Point", "coordinates": [2089.0, 2639.0]}}, {"type": "Feature", "properties": {"province_id": 911, "name": "Benito Juárez", "marker_index": 6, "terrain_type_id": 12, "terrain_type": "Mountain"}, "geometry": {"type": "Point", "coordinates": [2104.0, 2660.0]}}, {"type": "Feature", "properties": {"province_id": 916, "name": "Delicias", "marker_index": 0, "terrain_type_id": 12, "terrain_type": "Mountain"}, "geometry": {"type": "Point", "coordinates": [2143.0, 2707.0]}}, {"type": "Feature", "properties": {"province_id": 916, "name": "Delicias", "marker_index": 1, "terrain_type_id": 12, "terrain_type": "Mountain"}, "geometry": {"type": "Point", "coordinates": [2155.0, 2761.0]}}, {"type": "Feature", "properties": {"province_id": 916, "name": "Delicias", "marker_index": 2, "terrain_type_id": 12, "terrain_type": "Mountain"}, "geometry": {"type": "Point", "coordinates": [2161.0, 2736.0]}}, {"type": "Feature", "properties": {"province_id": 916, "name": "Delicias", "marker_index": 3, "terrain_type_id": 12, "terrain_type": "Mountain"}, "geometry": {"type": "Point", "coordinates": [2166.0, 2716.0]}}, {"type": "Feature", "properties": {"province_id": 916, "name": "Delicias", "marker_index": 4, "terrain_type_id": 12, "terrain_type": "Mountain"}, "geometry": {"type": "Point", "coordinates": [2175.0, 2750.0]}}, {"type": "Feature", "properties": {"province_id": 917, "name": "Ures", "marker_index": 0, "terrain_type_id": 12, "terrain_type": "Mountain"}, "geometry": {"type": "Point", "coordinates": [1908.0, 2624.0]}}, {"type": "Feature", "properties": {"province_id": 917, "name": "Ures", "marker_index": 1, "terrain_type_id": 12, "terrain_type": "Mountain"}, "geometry": {"type": "Point", "coordinates": [1915.0, 2649.0]}}, {"type": "Feature", "properties": {"province_id": 917, "name": "Ures", "marker_index": 2, "terrain_type_id": 12, "terrain_type": "Mountain"}, "geometry": {"type": "Point", "coordinates": [1945.0, 2648.0]}}, {"type": "Feature", "properties": {"province_id": 917, "name": "Ures", "marker_index": 3, "terrain_type_id": 12, "terrain_type": "Mountain"}, "geometry": {"type": "Point", "coordinates": [1966.0, 2616.0]}}, {"type": "Feature", "properties": {"province_id": 917, "name": "Ures", "marker_index": 4, "terrain_type_id": 12, "terrain_type": "Mountain"}, "geometry": {"type": "Point", "coordinates": [1970.0, 2670.0]}}, {"type": "Feature", "properties": {"province_id": 917, "name": "Ures", "marker_index": 5, "terrain_type_id": 12, "terrain_type": "Mountain"}, "geometry": {"type": "Point", "coordinates": [1981.0, 2633.0]}}, {"type": "Feature", "properties": {"province_id": 917, "name": "Ures", "marker_index": 6, "terrain_type_id": 12, "terrain_type": "Mountain"}, "geometry": {"type": "Point", "coordinates": [1995.0, 2654.0]}}, {"type": "Feature", "properties": {"province_id": 924, "name": "Saltillo", "marker_index": 0, "terrain_type_id": 12, "terrain_type": "Mountain"}, "geometry": {"type": "Point", "coordinates": [2264.0, 2898.0]}}, {"type": "Feature", "properties": {"province_id": 924, "name": "Saltillo", "marker_index": 1, "terrain_type_id": 12, "terrain_type": "Mountain"}, "geometry": {"type": "Point", "coordinates": [2275.0, 2927.0]}}, {"type": "Feature", "properties": {"province_id": 924, "name": "Saltillo", "marker_index": 2, "terrain_type_id": 12, "terrain_type": "Mountain"}, "geometry": {"type": "Point", "coordinates": [2289.0, 2895.0]}}, {"type": "Feature", "properties": {"province_id": 924, "name": "Saltillo", "marker_index": 3, "terrain_type_id": 12, "terrain_type": "Mountain"}, "geometry": {"type": "Point", "coordinates": [2313.0, 2922.0]}}, {"type": "Feature", "properties": {"province_id": 925, "name": "Matehuala", "marker_index": 0, "terrain_type_id": 12, "terrain_type": "Mountain"}, "geometry": {"type": "Point", "coordinates": [2289.0, 2999.0]}}, {"type": "Feature", "properties": {"province_id": 925, "name": "Matehuala", "marker_index": 1, "terrain_type_id": 12, "terrain_type": "Mountain"}, "geometry": {"type": "Point", "coordinates": [2298.0, 2972.0]}}, {"type": "Feature", "properties": {"province_id": 925, "name": "Matehuala", "marker_index": 2, "terrain_type_id": 12, "terrain_type": "Mountain"}, "geometry": {"type": "Point", "coordinates": [2302.0, 3018.0]}}, {"type": "Feature", "properties": {"province_id": 925, "name": "Matehuala", "marker_index": 3, "terrain_type_id": 12, "terrain_type": "Mountain"}, "geometry": {"type": "Point", "coordinates": [2312.0, 2998.0]}}, {"type": "Feature", "properties": {"province_id": 930, "name": "El Hundido", "marker_index": 0, "terrain_type_id": 12, "terrain_type": "Mountain"}, "geometry": {"type": "Point", "coordinates": [2181.0, 2840.0]}}, {"type": "Feature", "properties": {"province_id": 930, "name": "El Hundido", "marker_index": 1, "terrain_type_id": 12, "terrain_type": "Mountain"}, "geometry": {"type": "Point", "coordinates": [2187.0, 2813.0]}}, {"type": "Feature", "properties": {"province_id": 930, "name": "El Hundido", "marker_index": 2, "terrain_type_id": 12, "terrain_type": "Mountain"}, "geometry": {"type": "Point", "coordinates": [2211.0, 2801.0]}}, {"type": "Feature", "properties": {"province_id": 930, "name": "El Hundido", "marker_index": 3, "terrain_type_id": 12, "terrain_type": "Mountain"}, "geometry": {"type": "Point", "coordinates": [2212.0, 2823.0]}}, {"type": "Feature", "properties": {"province_id": 930, "name": "El Hundido", "marker_index": 4, "terrain_type_id": 12, "terrain_type": "Mountain"}, "geometry": {"type": "Point", "coordinates": [2224.0, 2857.0]}}, {"type": "Feature", "properties": {"province_id": 930, "name": "El Hundido", "marker_index": 5, "terrain_type_id": 12, "terrain_type": "Mountain"}, "geometry": {"type": "Point", "coordinates": [2247.0, 2837.0]}}, {"type": "Feature", "properties": {"province_id": 934, "name": "Guatemala", "marker_index": 0, "terrain_type_id": 12, "terrain_type": "Mountain"}, "geometry": {"type": "Point", "coordinates": [2679.0, 3571.0]}}, {"type": "Feature", "properties": {"province_id": 934, "name": "Guatemala", "marker_index": 1, "terrain_type_id": 12, "terrain_type": "Mountain"}, "geometry": {"type": "Point", "coordinates": [2693.0, 3555.0]}}, {"type": "Feature", "properties": {"province_id": 934, "name": "Guatemala", "marker_index": 2, "terrain_type_id": 12, "terrain_type": "Mountain"}, "geometry": {"type": "Point", "coordinates": [2705.0, 3575.0]}}, {"type": "Feature", "properties": {"province_id": 934, "name": "Guatemala", "marker_index": 3, "terrain_type_id": 12, "terrain_type": "Mountain"}, "geometry": {"type": "Point", "coordinates": [2722.0, 3580.0]}}, {"type": "Feature", "properties": {"province_id": 934, "name": "Guatemala", "marker_index": 4, "terrain_type_id": 12, "terrain_type": "Mountain"}, "geometry": {"type": "Point", "coordinates": [2748.0, 3593.0]}}, {"type": "Feature", "properties": {"province_id": 950, "name": "Bayamo", "marker_index": 0, "terrain_type_id": 12, "terrain_type": "Mountain"}, "geometry": {"type": "Point", "coordinates": [3578.0, 3201.0]}}, {"type": "Feature", "properties": {"province_id": 950, "name": "Bayamo", "marker_index": 1, "terrain_type_id": 12, "terrain_type": "Mountain"}, "geometry": {"type": "Point", "coordinates": [3591.0, 3191.0]}}, {"type": "Feature", "properties": {"province_id": 953, "name": "Azua", "marker_index": 0, "terrain_type_id": 12, "terrain_type": "Mountain"}, "geometry": {"type": "Point", "coordinates": [3814.0, 3281.0]}}, {"type": "Feature", "properties": {"province_id": 953, "name": "Azua", "marker_index": 1, "terrain_type_id": 12, "terrain_type": "Mountain"}, "geometry": {"type": "Point", "coordinates": [3828.0, 3284.0]}}, {"type": "Feature", "properties": {"province_id": 968, "name": "Manizales", "marker_index": 0, "terrain_type_id": 12, "terrain_type": "Mountain"}, "geometry": {"type": "Point", "coordinates": [3164.0, 3931.0]}}, {"type": "Feature", "properties": {"province_id": 968, "name": "Manizales", "marker_index": 1, "terrain_type_id": 12, "terrain_type": "Mountain"}, "geometry": {"type": "Point", "coordinates": [3167.0, 3947.0]}}, {"type": "Feature", "properties": {"province_id": 968, "name": "Manizales", "marker_index": 2, "terrain_type_id": 12, "terrain_type": "Mountain"}, "geometry": {"type": "Point", "coordinates": [3181.0, 3943.0]}}, {"type": "Feature", "properties": {"province_id": 968, "name": "Manizales", "marker_index": 3, "terrain_type_id": 12, "terrain_type": "Mountain"}, "geometry": {"type": "Point", "coordinates": [3189.0, 3927.0]}}, {"type": "Feature", "properties": {"province_id": 968, "name": "Manizales", "marker_index": 4, "terrain_type_id": 12, "terrain_type": "Mountain"}, "geometry": {"type": "Point", "coordinates": [3203.0, 3926.0]}}, {"type": "Feature", "properties": {"province_id": 968, "name": "Manizales", "marker_index": 5, "terrain_type_id": 12, "terrain_type": "Mountain"}, "geometry": {"type": "Point", "coordinates": [3203.0, 3956.0]}}, {"type": "Feature", "properties": {"province_id": 968, "name": "Manizales", "marker_index": 6, "terrain_type_id": 12, "terrain_type": "Mountain"}, "geometry": {"type": "Point", "coordinates": [3214.0, 3918.0]}}, {"type": "Feature", "properties": {"province_id": 969, "name": "Cali", "marker_index": 0, "terrain_type_id": 12, "terrain_type": "Mountain"}, "geometry": {"type": "Point", "coordinates": [3150.0, 4037.0]}}, {"type": "Feature", "properties": {"province_id": 969, "name": "Cali", "marker_index": 1, "terrain_type_id": 12, "terrain_type": "Mountain"}, "geometry": {"type": "Point", "coordinates": [3153.0, 4049.0]}}, {"type": "Feature", "properties": {"province_id": 969, "name": "Cali", "marker_index": 2, "terrain_type_id": 12, "terrain_type": "Mountain"}, "geometry": {"type": "Point", "coordinates": [3164.0, 4019.0]}}, {"type": "Feature", "properties": {"province_id": 969, "name": "Cali", "marker_index": 3, "terrain_type_id": 12, "terrain_type": "Mountain"}, "geometry": {"type": "Point", "coordinates": [3172.0, 3985.0]}}, {"type": "Feature", "properties": {"province_id": 969, "name": "Cali", "marker_index": 4, "terrain_type_id": 12, "terrain_type": "Mountain"}, "geometry": {"type": "Point", "coordinates": [3172.0, 4013.0]}}, {"type": "Feature", "properties": {"province_id": 969, "name": "Cali", "marker_index": 5, "terrain_type_id": 12, "terrain_type": "Mountain"}, "geometry": {"type": "Point", "coordinates": [3176.0, 3997.0]}}, {"type": "Feature", "properties": {"province_id": 971, "name": "Florencia", "marker_index": 0, "terrain_type_id": 12, "terrain_type": "Mountain"}, "geometry": {"type": "Point", "coordinates": [3158.0, 4112.0]}}, {"type": "Feature", "properties": {"province_id": 971, "name": "Florencia", "marker_index": 1, "terrain_type_id": 12, "terrain_type": "Mountain"}, "geometry": {"type": "Point", "coordinates": [3170.0, 4099.0]}}, {"type": "Feature", "properties": {"province_id": 971, "name": "Florencia", "marker_index": 2, "terrain_type_id": 12, "terrain_type": "Mountain"}, "geometry": {"type": "Point", "coordinates": [3173.0, 4066.0]}}, {"type": "Feature", "properties": {"province_id": 971, "name": "Florencia", "marker_index": 3, "terrain_type_id": 12, "terrain_type": "Mountain"}, "geometry": {"type": "Point", "coordinates": [3181.0, 4084.0]}}, {"type": "Feature", "properties": {"province_id": 974, "name": "Tunja", "marker_index": 0, "terrain_type_id": 12, "terrain_type": "Mountain"}, "geometry": {"type": "Point", "coordinates": [3248.0, 3907.0]}}, {"type": "Feature", "properties": {"province_id": 974, "name": "Tunja", "marker_index": 1, "terrain_type_id": 12, "terrain_type": "Mountain"}, "geometry": {"type": "Point", "coordinates": [3256.0, 3925.0]}}, {"type": "Feature", "properties": {"province_id": 974, "name": "Tunja", "marker_index": 2, "terrain_type_id": 12, "terrain_type": "Mountain"}, "geometry": {"type": "Point", "coordinates": [3265.0, 3900.0]}}, {"type": "Feature", "properties": {"province_id": 974, "name": "Tunja", "marker_index": 3, "terrain_type_id": 12, "terrain_type": "Mountain"}, "geometry": {"type": "Point", "coordinates": [3273.0, 3885.0]}}, {"type": "Feature", "properties": {"province_id": 977, "name": "Bucaramanga", "marker_index": 0, "terrain_type_id": 12, "terrain_type": "Mountain"}, "geometry": {"type": "Point", "coordinates": [3297.0, 3821.0]}}, {"type": "Feature", "properties": {"province_id": 977, "name": "Bucaramanga", "marker_index": 1, "terrain_type_id": 12, "terrain_type": "Mountain"}, "geometry": {"type": "Point", "coordinates": [3298.0, 3787.0]}}, {"type": "Feature", "properties": {"province_id": 977, "name": "Bucaramanga", "marker_index": 2, "terrain_type_id": 12, "terrain_type": "Mountain"}, "geometry": {"type": "Point", "coordinates": [3307.0, 3805.0]}}, {"type": "Feature", "properties": {"province_id": 977, "name": "Bucaramanga", "marker_index": 3, "terrain_type_id": 12, "terrain_type": "Mountain"}, "geometry": {"type": "Point", "coordinates": [3324.0, 3817.0]}}, {"type": "Feature", "properties": {"province_id": 977, "name": "Bucaramanga", "marker_index": 4, "terrain_type_id": 12, "terrain_type": "Mountain"}, "geometry": {"type": "Point", "coordinates": [3331.0, 3780.0]}}, {"type": "Feature", "properties": {"province_id": 977, "name": "Bucaramanga", "marker_index": 5, "terrain_type_id": 12, "terrain_type": "Mountain"}, "geometry": {"type": "Point", "coordinates": [3351.0, 3827.0]}}, {"type": "Feature", "properties": {"province_id": 985, "name": "Nueva Loja", "marker_index": 0, "terrain_type_id": 12, "terrain_type": "Mountain"}, "geometry": {"type": "Point", "coordinates": [3125.0, 4151.0]}}, {"type": "Feature", "properties": {"province_id": 985, "name": "Nueva Loja", "marker_index": 1, "terrain_type_id": 12, "terrain_type": "Mountain"}, "geometry": {"type": "Point", "coordinates": [3128.0, 4138.0]}}, {"type": "Feature", "properties": {"province_id": 985, "name": "Nueva Loja", "marker_index": 2, "terrain_type_id": 12, "terrain_type": "Mountain"}, "geometry": {"type": "Point", "coordinates": [3131.0, 4160.0]}}, {"type": "Feature", "properties": {"province_id": 985, "name": "Nueva Loja", "marker_index": 3, "terrain_type_id": 12, "terrain_type": "Mountain"}, "geometry": {"type": "Point", "coordinates": [3137.0, 4144.0]}}, {"type": "Feature", "properties": {"province_id": 985, "name": "Nueva Loja", "marker_index": 4, "terrain_type_id": 12, "terrain_type": "Mountain"}, "geometry": {"type": "Point", "coordinates": [3158.0, 4148.0]}}, {"type": "Feature", "properties": {"province_id": 988, "name": "Ambato", "marker_index": 0, "terrain_type_id": 12, "terrain_type": "Mountain"}, "geometry": {"type": "Point", "coordinates": [3109.0, 4184.0]}}, {"type": "Feature", "properties": {"province_id": 988, "name": "Ambato", "marker_index": 1, "terrain_type_id": 12, "terrain_type": "Mountain"}, "geometry": {"type": "Point", "coordinates": [3116.0, 4221.0]}}, {"type": "Feature", "properties": {"province_id": 988, "name": "Ambato", "marker_index": 2, "terrain_type_id": 12, "terrain_type": "Mountain"}, "geometry": {"type": "Point", "coordinates": [3117.0, 4190.0]}}, {"type": "Feature", "properties": {"province_id": 988, "name": "Ambato", "marker_index": 3, "terrain_type_id": 12, "terrain_type": "Mountain"}, "geometry": {"type": "Point", "coordinates": [3120.0, 4212.0]}}, {"type": "Feature", "properties": {"province_id": 988, "name": "Ambato", "marker_index": 4, "terrain_type_id": 12, "terrain_type": "Mountain"}, "geometry": {"type": "Point", "coordinates": [3128.0, 4203.0]}}, {"type": "Feature", "properties": {"province_id": 990, "name": "Cuenca (EC)", "marker_index": 0, "terrain_type_id": 12, "terrain_type": "Mountain"}, "geometry": {"type": "Point", "coordinates": [3028.0, 4318.0]}}, {"type": "Feature", "properties": {"province_id": 990, "name": "Cuenca (EC)", "marker_index": 1, "terrain_type_id": 12, "terrain_type": "Mountain"}, "geometry": {"type": "Point", "coordinates": [3048.0, 4322.0]}}, {"type": "Feature", "properties": {"province_id": 990, "name": "Cuenca (EC)", "marker_index": 2, "terrain_type_id": 12, "terrain_type": "Mountain"}, "geometry": {"type": "Point", "coordinates": [3060.0, 4336.0]}}, {"type": "Feature", "properties": {"province_id": 990, "name": "Cuenca (EC)", "marker_index": 3, "terrain_type_id": 12, "terrain_type": "Mountain"}, "geometry": {"type": "Point", "coordinates": [3067.0, 4316.0]}}, {"type": "Feature", "properties": {"province_id": 990, "name": "Cuenca (EC)", "marker_index": 4, "terrain_type_id": 12, "terrain_type": "Mountain"}, "geometry": {"type": "Point", "coordinates": [3084.0, 4305.0]}}, {"type": "Feature", "properties": {"province_id": 990, "name": "Cuenca (EC)", "marker_index": 5, "terrain_type_id": 12, "terrain_type": "Mountain"}, "geometry": {"type": "Point", "coordinates": [3095.0, 4289.0]}}, {"type": "Feature", "properties": {"province_id": 992, "name": "Puerto Pardo", "marker_index": 0, "terrain_type_id": 12, "terrain_type": "Mountain"}, "geometry": {"type": "Point", "coordinates": [3121.0, 4280.0]}}, {"type": "Feature", "properties": {"province_id": 992, "name": "Puerto Pardo", "marker_index": 1, "terrain_type_id": 12, "terrain_type": "Mountain"}, "geometry": {"type": "Point", "coordinates": [3135.0, 4244.0]}}, {"type": "Feature", "properties": {"province_id": 992, "name": "Puerto Pardo", "marker_index": 2, "terrain_type_id": 12, "terrain_type": "Mountain"}, "geometry": {"type": "Point", "coordinates": [3136.0, 4274.0]}}, {"type": "Feature", "properties": {"province_id": 992, "name": "Puerto Pardo", "marker_index": 3, "terrain_type_id": 12, "terrain_type": "Mountain"}, "geometry": {"type": "Point", "coordinates": [3140.0, 4258.0]}}, {"type": "Feature", "properties": {"province_id": 995, "name": "Carcross", "marker_index": 0, "terrain_type_id": 12, "terrain_type": "Mountain"}, "geometry": {"type": "Point", "coordinates": [1164.0, 909.0]}}, {"type": "Feature", "properties": {"province_id": 995, "name": "Carcross", "marker_index": 1, "terrain_type_id": 12, "terrain_type": "Mountain"}, "geometry": {"type": "Point", "coordinates": [1201.0, 906.0]}}, {"type": "Feature", "properties": {"province_id": 995, "name": "Carcross", "marker_index": 2, "terrain_type_id": 12, "terrain_type": "Mountain"}, "geometry": {"type": "Point", "coordinates": [1204.0, 893.0]}}, {"type": "Feature", "properties": {"province_id": 998, "name": "Piura", "marker_index": 0, "terrain_type_id": 12, "terrain_type": "Mountain"}, "geometry": {"type": "Point", "coordinates": [2992.0, 4377.0]}}, {"type": "Feature", "properties": {"province_id": 998, "name": "Piura", "marker_index": 1, "terrain_type_id": 12, "terrain_type": "Mountain"}, "geometry": {"type": "Point", "coordinates": [2993.0, 4355.0]}}, {"type": "Feature", "properties": {"province_id": 998, "name": "Piura", "marker_index": 2, "terrain_type_id": 12, "terrain_type": "Mountain"}, "geometry": {"type": "Point", "coordinates": [3005.0, 4393.0]}}, {"type": "Feature", "properties": {"province_id": 998, "name": "Piura", "marker_index": 3, "terrain_type_id": 12, "terrain_type": "Mountain"}, "geometry": {"type": "Point", "coordinates": [3019.0, 4387.0]}}, {"type": "Feature", "properties": {"province_id": 998, "name": "Piura", "marker_index": 4, "terrain_type_id": 12, "terrain_type": "Mountain"}, "geometry": {"type": "Point", "coordinates": [3023.0, 4412.0]}}, {"type": "Feature", "properties": {"province_id": 998, "name": "Piura", "marker_index": 5, "terrain_type_id": 12, "terrain_type": "Mountain"}, "geometry": {"type": "Point", "coordinates": [3024.0, 4366.0]}}, {"type": "Feature", "properties": {"province_id": 999, "name": "Chiclayo", "marker_index": 0, "terrain_type_id": 12, "terrain_type": "Mountain"}, "geometry": {"type": "Point", "coordinates": [3045.0, 4440.0]}}, {"type": "Feature", "properties": {"province_id": 999, "name": "Chiclayo", "marker_index": 1, "terrain_type_id": 12, "terrain_type": "Mountain"}, "geometry": {"type": "Point", "coordinates": [3062.0, 4423.0]}}, {"type": "Feature", "properties": {"province_id": 999, "name": "Chiclayo", "marker_index": 2, "terrain_type_id": 12, "terrain_type": "Mountain"}, "geometry": {"type": "Point", "coordinates": [3062.0, 4462.0]}}, {"type": "Feature", "properties": {"province_id": 999, "name": "Chiclayo", "marker_index": 3, "terrain_type_id": 12, "terrain_type": "Mountain"}, "geometry": {"type": "Point", "coordinates": [3067.0, 4449.0]}}, {"type": "Feature", "properties": {"province_id": 999, "name": "Chiclayo", "marker_index": 4, "terrain_type_id": 12, "terrain_type": "Mountain"}, "geometry": {"type": "Point", "coordinates": [3080.0, 4482.0]}}, {"type": "Feature", "properties": {"province_id": 999, "name": "Chiclayo", "marker_index": 5, "terrain_type_id": 12, "terrain_type": "Mountain"}, "geometry": {"type": "Point", "coordinates": [3082.0, 4463.0]}}, {"type": "Feature", "properties": {"province_id": 999, "name": "Chiclayo", "marker_index": 6, "terrain_type_id": 12, "terrain_type": "Mountain"}, "geometry": {"type": "Point", "coordinates": [3088.0, 4498.0]}}, {"type": "Feature", "properties": {"province_id": 1001, "name": "Chincha Alta", "marker_index": 0, "terrain_type_id": 12, "terrain_type": "Mountain"}, "geometry": {"type": "Point", "coordinates": [3185.0, 4663.0]}}, {"type": "Feature", "properties": {"province_id": 1001, "name": "Chincha Alta", "marker_index": 1, "terrain_type_id": 12, "terrain_type": "Mountain"}, "geometry": {"type": "Point", "coordinates": [3198.0, 4684.0]}}, {"type": "Feature", "properties": {"province_id": 1001, "name": "Chincha Alta", "marker_index": 2, "terrain_type_id": 12, "terrain_type": "Mountain"}, "geometry": {"type": "Point", "coordinates": [3216.0, 4705.0]}}, {"type": "Feature", "properties": {"province_id": 1001, "name": "Chincha Alta", "marker_index": 3, "terrain_type_id": 12, "terrain_type": "Mountain"}, "geometry": {"type": "Point", "coordinates": [3218.0, 4673.0]}}, {"type": "Feature", "properties": {"province_id": 1001, "name": "Chincha Alta", "marker_index": 4, "terrain_type_id": 12, "terrain_type": "Mountain"}, "geometry": {"type": "Point", "coordinates": [3219.0, 4689.0]}}, {"type": "Feature", "properties": {"province_id": 1001, "name": "Chincha Alta", "marker_index": 5, "terrain_type_id": 12, "terrain_type": "Mountain"}, "geometry": {"type": "Point", "coordinates": [3238.0, 4706.0]}}, {"type": "Feature", "properties": {"province_id": 1002, "name": "Tacna", "marker_index": 0, "terrain_type_id": 12, "terrain_type": "Mountain"}, "geometry": {"type": "Point", "coordinates": [3375.0, 4823.0]}}, {"type": "Feature", "properties": {"province_id": 1002, "name": "Tacna", "marker_index": 1, "terrain_type_id": 12, "terrain_type": "Mountain"}, "geometry": {"type": "Point", "coordinates": [3388.0, 4808.0]}}, {"type": "Feature", "properties": {"province_id": 1002, "name": "Tacna", "marker_index": 2, "terrain_type_id": 12, "terrain_type": "Mountain"}, "geometry": {"type": "Point", "coordinates": [3405.0, 4806.0]}}, {"type": "Feature", "properties": {"province_id": 1002, "name": "Tacna", "marker_index": 3, "terrain_type_id": 12, "terrain_type": "Mountain"}, "geometry": {"type": "Point", "coordinates": [3412.0, 4826.0]}}, {"type": "Feature", "properties": {"province_id": 1002, "name": "Tacna", "marker_index": 4, "terrain_type_id": 12, "terrain_type": "Mountain"}, "geometry": {"type": "Point", "coordinates": [3429.0, 4848.0]}}, {"type": "Feature", "properties": {"province_id": 1002, "name": "Tacna", "marker_index": 5, "terrain_type_id": 12, "terrain_type": "Mountain"}, "geometry": {"type": "Point", "coordinates": [3446.0, 4840.0]}}, {"type": "Feature", "properties": {"province_id": 1002, "name": "Tacna", "marker_index": 6, "terrain_type_id": 12, "terrain_type": "Mountain"}, "geometry": {"type": "Point", "coordinates": [3463.0, 4844.0]}}, {"type": "Feature", "properties": {"province_id": 1002, "name": "Tacna", "marker_index": 7, "terrain_type_id": 12, "terrain_type": "Mountain"}, "geometry": {"type": "Point", "coordinates": [3480.0, 4841.0]}}, {"type": "Feature", "properties": {"province_id": 1002, "name": "Tacna", "marker_index": 8, "terrain_type_id": 12, "terrain_type": "Mountain"}, "geometry": {"type": "Point", "coordinates": [3494.0, 4831.0]}}, {"type": "Feature", "properties": {"province_id": 1002, "name": "Tacna", "marker_index": 9, "terrain_type_id": 12, "terrain_type": "Mountain"}, "geometry": {"type": "Point", "coordinates": [3513.0, 4842.0]}}, {"type": "Feature", "properties": {"province_id": 1004, "name": "Puno", "marker_index": 0, "terrain_type_id": 12, "terrain_type": "Mountain"}, "geometry": {"type": "Point", "coordinates": [3435.0, 4781.0]}}, {"type": "Feature", "properties": {"province_id": 1004, "name": "Puno", "marker_index": 1, "terrain_type_id": 12, "terrain_type": "Mountain"}, "geometry": {"type": "Point", "coordinates": [3445.0, 4768.0]}}, {"type": "Feature", "properties": {"province_id": 1004, "name": "Puno", "marker_index": 2, "terrain_type_id": 12, "terrain_type": "Mountain"}, "geometry": {"type": "Point", "coordinates": [3458.0, 4776.0]}}, {"type": "Feature", "properties": {"province_id": 1004, "name": "Puno", "marker_index": 3, "terrain_type_id": 12, "terrain_type": "Mountain"}, "geometry": {"type": "Point", "coordinates": [3463.0, 4800.0]}}, {"type": "Feature", "properties": {"province_id": 1004, "name": "Puno", "marker_index": 4, "terrain_type_id": 12, "terrain_type": "Mountain"}, "geometry": {"type": "Point", "coordinates": [3472.0, 4790.0]}}, {"type": "Feature", "properties": {"province_id": 1004, "name": "Puno", "marker_index": 5, "terrain_type_id": 12, "terrain_type": "Mountain"}, "geometry": {"type": "Point", "coordinates": [3482.0, 4762.0]}}, {"type": "Feature", "properties": {"province_id": 1004, "name": "Puno", "marker_index": 6, "terrain_type_id": 12, "terrain_type": "Mountain"}, "geometry": {"type": "Point", "coordinates": [3500.0, 4771.0]}}, {"type": "Feature", "properties": {"province_id": 1016, "name": "Nasca", "marker_index": 0, "terrain_type_id": 12, "terrain_type": "Mountain"}, "geometry": {"type": "Point", "coordinates": [3237.0, 4744.0]}}, {"type": "Feature", "properties": {"province_id": 1016, "name": "Nasca", "marker_index": 1, "terrain_type_id": 12, "terrain_type": "Mountain"}, "geometry": {"type": "Point", "coordinates": [3254.0, 4767.0]}}, {"type": "Feature", "properties": {"province_id": 1016, "name": "Nasca", "marker_index": 2, "terrain_type_id": 12, "terrain_type": "Mountain"}, "geometry": {"type": "Point", "coordinates": [3263.0, 4738.0]}}, {"type": "Feature", "properties": {"province_id": 1016, "name": "Nasca", "marker_index": 3, "terrain_type_id": 12, "terrain_type": "Mountain"}, "geometry": {"type": "Point", "coordinates": [3267.0, 4763.0]}}, {"type": "Feature", "properties": {"province_id": 1016, "name": "Nasca", "marker_index": 4, "terrain_type_id": 12, "terrain_type": "Mountain"}, "geometry": {"type": "Point", "coordinates": [3272.0, 4726.0]}}, {"type": "Feature", "properties": {"province_id": 1016, "name": "Nasca", "marker_index": 5, "terrain_type_id": 12, "terrain_type": "Mountain"}, "geometry": {"type": "Point", "coordinates": [3291.0, 4739.0]}}, {"type": "Feature", "properties": {"province_id": 1018, "name": "Valera", "marker_index": 0, "terrain_type_id": 12, "terrain_type": "Mountain"}, "geometry": {"type": "Point", "coordinates": [3446.0, 3722.0]}}, {"type": "Feature", "properties": {"province_id": 1018, "name": "Valera", "marker_index": 1, "terrain_type_id": 12, "terrain_type": "Mountain"}, "geometry": {"type": "Point", "coordinates": [3459.0, 3733.0]}}, {"type": "Feature", "properties": {"province_id": 1018, "name": "Valera", "marker_index": 2, "terrain_type_id": 12, "terrain_type": "Mountain"}, "geometry": {"type": "Point", "coordinates": [3462.0, 3716.0]}}, {"type": "Feature", "properties": {"province_id": 1018, "name": "Valera", "marker_index": 3, "terrain_type_id": 12, "terrain_type": "Mountain"}, "geometry": {"type": "Point", "coordinates": [3491.0, 3721.0]}}, {"type": "Feature", "properties": {"province_id": 1019, "name": "San Cristóbal", "marker_index": 0, "terrain_type_id": 14, "terrain_type": "Urban"}, "geometry": {"type": "Point", "coordinates": [3383.0, 3783.0]}}, {"type": "Feature", "properties": {"province_id": 1028, "name": "Urimán", "marker_index": 0, "terrain_type_id": 12, "terrain_type": "Mountain"}, "geometry": {"type": "Point", "coordinates": [3808.0, 3931.0]}}, {"type": "Feature", "properties": {"province_id": 1028, "name": "Urimán", "marker_index": 1, "terrain_type_id": 12, "terrain_type": "Mountain"}, "geometry": {"type": "Point", "coordinates": [3833.0, 3916.0]}}, {"type": "Feature", "properties": {"province_id": 1028, "name": "Urimán", "marker_index": 2, "terrain_type_id": 12, "terrain_type": "Mountain"}, "geometry": {"type": "Point", "coordinates": [3851.0, 3924.0]}}, {"type": "Feature", "properties": {"province_id": 1028, "name": "Urimán", "marker_index": 3, "terrain_type_id": 12, "terrain_type": "Mountain"}, "geometry": {"type": "Point", "coordinates": [3877.0, 3912.0]}}, {"type": "Feature", "properties": {"province_id": 1036, "name": "Machiques", "marker_index": 0, "terrain_type_id": 13, "terrain_type": "Forest"}, "geometry": {"type": "Point", "coordinates": [3391.0, 3799.0]}}, {"type": "Feature", "properties": {"province_id": 1037, "name": "Barinas", "marker_index": 0, "terrain_type_id": 13, "terrain_type": "Forest"}, "geometry": {"type": "Point", "coordinates": [3407.0, 3784.0]}}, {"type": "Feature", "properties": {"province_id": 1037, "name": "Barinas", "marker_index": 1, "terrain_type_id": 13, "terrain_type": "Forest"}, "geometry": {"type": "Point", "coordinates": [3413.0, 3771.0]}}, {"type": "Feature", "properties": {"province_id": 1052, "name": "Nuuk", "marker_index": 0, "terrain_type_id": 11, "terrain_type": "Hills"}, "geometry": {"type": "Point", "coordinates": [4678.0, 543.0]}}, {"type": "Feature", "properties": {"province_id": 1052, "name": "Nuuk", "marker_index": 1, "terrain_type_id": 11, "terrain_type": "Hills"}, "geometry": {"type": "Point", "coordinates": [4739.0, 519.0]}}, {"type": "Feature", "properties": {"province_id": 1052, "name": "Nuuk", "marker_index": 2, "terrain_type_id": 11, "terrain_type": "Hills"}, "geometry": {"type": "Point", "coordinates": [4743.0, 883.0]}}, {"type": "Feature", "properties": {"province_id": 1052, "name": "Nuuk", "marker_index": 3, "terrain_type_id": 11, "terrain_type": "Hills"}, "geometry": {"type": "Point", "coordinates": [4750.0, 948.0]}}, {"type": "Feature", "properties": {"province_id": 1052, "name": "Nuuk", "marker_index": 4, "terrain_type_id": 11, "terrain_type": "Hills"}, "geometry": {"type": "Point", "coordinates": [4754.0, 825.0]}}, {"type": "Feature", "properties": {"province_id": 1052, "name": "Nuuk", "marker_index": 5, "terrain_type_id": 11, "terrain_type": "Hills"}, "geometry": {"type": "Point", "coordinates": [4792.0, 586.0]}}, {"type": "Feature", "properties": {"province_id": 1052, "name": "Nuuk", "marker_index": 6, "terrain_type_id": 11, "terrain_type": "Hills"}, "geometry": {"type": "Point", "coordinates": [4793.0, 747.0]}}, {"type": "Feature", "properties": {"province_id": 1052, "name": "Nuuk", "marker_index": 7, "terrain_type_id": 11, "terrain_type": "Hills"}, "geometry": {"type": "Point", "coordinates": [4802.0, 663.0]}}, {"type": "Feature", "properties": {"province_id": 1052, "name": "Nuuk", "marker_index": 8, "terrain_type_id": 11, "terrain_type": "Hills"}, "geometry": {"type": "Point", "coordinates": [4811.0, 802.0]}}, {"type": "Feature", "properties": {"province_id": 1052, "name": "Nuuk", "marker_index": 9, "terrain_type_id": 11, "terrain_type": "Hills"}, "geometry": {"type": "Point", "coordinates": [4822.0, 865.0]}}, {"type": "Feature", "properties": {"province_id": 1052, "name": "Nuuk", "marker_index": 10, "terrain_type_id": 11, "terrain_type": "Hills"}, "geometry": {"type": "Point", "coordinates": [4839.0, 702.0]}}, {"type": "Feature", "properties": {"province_id": 1052, "name": "Nuuk", "marker_index": 11, "terrain_type_id": 11, "terrain_type": "Hills"}, "geometry": {"type": "Point", "coordinates": [4859.0, 757.0]}}, {"type": "Feature", "properties": {"province_id": 1052, "name": "Nuuk", "marker_index": 12, "terrain_type_id": 11, "terrain_type": "Hills"}, "geometry": {"type": "Point", "coordinates": [4913.0, 712.0]}}, {"type": "Feature", "properties": {"province_id": 1052, "name": "Nuuk", "marker_index": 13, "terrain_type_id": 11, "terrain_type": "Hills"}, "geometry": {"type": "Point", "coordinates": [4926.0, 567.0]}}, {"type": "Feature", "properties": {"province_id": 1052, "name": "Nuuk", "marker_index": 14, "terrain_type_id": 11, "terrain_type": "Hills"}, "geometry": {"type": "Point", "coordinates": [4957.0, 710.0]}}, {"type": "Feature", "properties": {"province_id": 1052, "name": "Nuuk", "marker_index": 15, "terrain_type_id": 11, "terrain_type": "Hills"}, "geometry": {"type": "Point", "coordinates": [4969.0, 587.0]}}, {"type": "Feature", "properties": {"province_id": 1052, "name": "Nuuk", "marker_index": 16, "terrain_type_id": 11, "terrain_type": "Hills"}, "geometry": {"type": "Point", "coordinates": [4972.0, 522.0]}}, {"type": "Feature", "properties": {"province_id": 1052, "name": "Nuuk", "marker_index": 17, "terrain_type_id": 11, "terrain_type": "Hills"}, "geometry": {"type": "Point", "coordinates": [4984.0, 674.0]}}, {"type": "Feature", "properties": {"province_id": 1052, "name": "Nuuk", "marker_index": 18, "terrain_type_id": 11, "terrain_type": "Hills"}, "geometry": {"type": "Point", "coordinates": [4998.0, 742.0]}}, {"type": "Feature", "properties": {"province_id": 1052, "name": "Nuuk", "marker_index": 19, "terrain_type_id": 11, "terrain_type": "Hills"}, "geometry": {"type": "Point", "coordinates": [5030.0, 632.0]}}, {"type": "Feature", "properties": {"province_id": 1052, "name": "Nuuk", "marker_index": 20, "terrain_type_id": 11, "terrain_type": "Hills"}, "geometry": {"type": "Point", "coordinates": [5042.0, 668.0]}}, {"type": "Feature", "properties": {"province_id": 1052, "name": "Nuuk", "marker_index": 21, "terrain_type_id": 11, "terrain_type": "Hills"}, "geometry": {"type": "Point", "coordinates": [5057.0, 502.0]}}, {"type": "Feature", "properties": {"province_id": 1052, "name": "Nuuk", "marker_index": 22, "terrain_type_id": 11, "terrain_type": "Hills"}, "geometry": {"type": "Point", "coordinates": [5063.0, 703.0]}}, {"type": "Feature", "properties": {"province_id": 1052, "name": "Nuuk", "marker_index": 23, "terrain_type_id": 11, "terrain_type": "Hills"}, "geometry": {"type": "Point", "coordinates": [5085.0, 593.0]}}, {"type": "Feature", "properties": {"province_id": 1052, "name": "Nuuk", "marker_index": 24, "terrain_type_id": 11, "terrain_type": "Hills"}, "geometry": {"type": "Point", "coordinates": [5098.0, 632.0]}}, {"type": "Feature", "properties": {"province_id": 1052, "name": "Nuuk", "marker_index": 25, "terrain_type_id": 11, "terrain_type": "Hills"}, "geometry": {"type": "Point", "coordinates": [5102.0, 497.0]}}, {"type": "Feature", "properties": {"province_id": 1052, "name": "Nuuk", "marker_index": 26, "terrain_type_id": 11, "terrain_type": "Hills"}, "geometry": {"type": "Point", "coordinates": [5126.0, 561.0]}}, {"type": "Feature", "properties": {"province_id": 1052, "name": "Nuuk", "marker_index": 27, "terrain_type_id": 11, "terrain_type": "Hills"}, "geometry": {"type": "Point", "coordinates": [5150.0, 595.0]}}, {"type": "Feature", "properties": {"province_id": 1052, "name": "Nuuk", "marker_index": 28, "terrain_type_id": 11, "terrain_type": "Hills"}, "geometry": {"type": "Point", "coordinates": [5159.0, 496.0]}}, {"type": "Feature", "properties": {"province_id": 1114, "name": "Chimbote", "marker_index": 0, "terrain_type_id": 12, "terrain_type": "Mountain"}, "geometry": {"type": "Point", "coordinates": [3118.0, 4550.0]}}, {"type": "Feature", "properties": {"province_id": 1114, "name": "Chimbote", "marker_index": 1, "terrain_type_id": 12, "terrain_type": "Mountain"}, "geometry": {"type": "Point", "coordinates": [3133.0, 4560.0]}}, {"type": "Feature", "properties": {"province_id": 1114, "name": "Chimbote", "marker_index": 2, "terrain_type_id": 12, "terrain_type": "Mountain"}, "geometry": {"type": "Point", "coordinates": [3138.0, 4574.0]}}, {"type": "Feature", "properties": {"province_id": 1114, "name": "Chimbote", "marker_index": 3, "terrain_type_id": 12, "terrain_type": "Mountain"}, "geometry": {"type": "Point", "coordinates": [3141.0, 4594.0]}}, {"type": "Feature", "properties": {"province_id": 1114, "name": "Chimbote", "marker_index": 4, "terrain_type_id": 12, "terrain_type": "Mountain"}, "geometry": {"type": "Point", "coordinates": [3149.0, 4602.0]}}, {"type": "Feature", "properties": {"province_id": 1114, "name": "Chimbote", "marker_index": 5, "terrain_type_id": 12, "terrain_type": "Mountain"}, "geometry": {"type": "Point", "coordinates": [3151.0, 4572.0]}}, {"type": "Feature", "properties": {"province_id": 1116, "name": "Camaná", "marker_index": 0, "terrain_type_id": 12, "terrain_type": "Mountain"}, "geometry": {"type": "Point", "coordinates": [3297.0, 4786.0]}}, {"type": "Feature", "properties": {"province_id": 1116, "name": "Camaná", "marker_index": 1, "terrain_type_id": 12, "terrain_type": "Mountain"}, "geometry": {"type": "Point", "coordinates": [3303.0, 4777.0]}}, {"type": "Feature", "properties": {"province_id": 1116, "name": "Camaná", "marker_index": 2, "terrain_type_id": 12, "terrain_type": "Mountain"}, "geometry": {"type": "Point", "coordinates": [3319.0, 4784.0]}}, {"type": "Feature", "properties": {"province_id": 1116, "name": "Camaná", "marker_index": 3, "terrain_type_id": 12, "terrain_type": "Mountain"}, "geometry": {"type": "Point", "coordinates": [3332.0, 4795.0]}}, {"type": "Feature", "properties": {"province_id": 1116, "name": "Camaná", "marker_index": 4, "terrain_type_id": 12, "terrain_type": "Mountain"}, "geometry": {"type": "Point", "coordinates": [3341.0, 4783.0]}}, {"type": "Feature", "properties": {"province_id": 1116, "name": "Camaná", "marker_index": 5, "terrain_type_id": 12, "terrain_type": "Mountain"}, "geometry": {"type": "Point", "coordinates": [3342.0, 4809.0]}}, {"type": "Feature", "properties": {"province_id": 1164, "name": "Cafayate", "marker_index": 0, "terrain_type_id": 12, "terrain_type": "Mountain"}, "geometry": {"type": "Point", "coordinates": [3581.0, 5317.0]}}, {"type": "Feature", "properties": {"province_id": 1164, "name": "Cafayate", "marker_index": 1, "terrain_type_id": 12, "terrain_type": "Mountain"}, "geometry": {"type": "Point", "coordinates": [3602.0, 5286.0]}}, {"type": "Feature", "properties": {"province_id": 1164, "name": "Cafayate", "marker_index": 2, "terrain_type_id": 12, "terrain_type": "Mountain"}, "geometry": {"type": "Point", "coordinates": [3611.0, 5310.0]}}, {"type": "Feature", "properties": {"province_id": 1164, "name": "Cafayate", "marker_index": 3, "terrain_type_id": 12, "terrain_type": "Mountain"}, "geometry": {"type": "Point", "coordinates": [3616.0, 5219.0]}}, {"type": "Feature", "properties": {"province_id": 1164, "name": "Cafayate", "marker_index": 4, "terrain_type_id": 12, "terrain_type": "Mountain"}, "geometry": {"type": "Point", "coordinates": [3617.0, 5279.0]}}, {"type": "Feature", "properties": {"province_id": 1164, "name": "Cafayate", "marker_index": 5, "terrain_type_id": 12, "terrain_type": "Mountain"}, "geometry": {"type": "Point", "coordinates": [3621.0, 5255.0]}}, {"type": "Feature", "properties": {"province_id": 1164, "name": "Cafayate", "marker_index": 6, "terrain_type_id": 12, "terrain_type": "Mountain"}, "geometry": {"type": "Point", "coordinates": [3637.0, 5225.0]}}, {"type": "Feature", "properties": {"province_id": 1183, "name": "Cachorrinho", "marker_index": 0, "terrain_type_id": 13, "terrain_type": "Forest"}, "geometry": {"type": "Point", "coordinates": [4248.0, 4127.0]}}, {"type": "Feature", "properties": {"province_id": 1183, "name": "Cachorrinho", "marker_index": 1, "terrain_type_id": 13, "terrain_type": "Forest"}, "geometry": {"type": "Point", "coordinates": [4251.0, 4093.0]}}, {"type": "Feature", "properties": {"province_id": 1189, "name": "São Marcos", "marker_index": 0, "terrain_type_id": 12, "terrain_type": "Mountain"}, "geometry": {"type": "Point", "coordinates": [3853.0, 3977.0]}}, {"type": "Feature", "properties": {"province_id": 1189, "name": "São Marcos", "marker_index": 1, "terrain_type_id": 12, "terrain_type": "Mountain"}, "geometry": {"type": "Point", "coordinates": [3884.0, 3972.0]}}, {"type": "Feature", "properties": {"province_id": 1189, "name": "São Marcos", "marker_index": 2, "terrain_type_id": 12, "terrain_type": "Mountain"}, "geometry": {"type": "Point", "coordinates": [3896.0, 3955.0]}}, {"type": "Feature", "properties": {"province_id": 1200, "name": "Oruro", "marker_index": 0, "terrain_type_id": 12, "terrain_type": "Mountain"}, "geometry": {"type": "Point", "coordinates": [3562.0, 4917.0]}}, {"type": "Feature", "properties": {"province_id": 1200, "name": "Oruro", "marker_index": 1, "terrain_type_id": 12, "terrain_type": "Mountain"}, "geometry": {"type": "Point", "coordinates": [3572.0, 4930.0]}}, {"type": "Feature", "properties": {"province_id": 1200, "name": "Oruro", "marker_index": 2, "terrain_type_id": 12, "terrain_type": "Mountain"}, "geometry": {"type": "Point", "coordinates": [3582.0, 4954.0]}}, {"type": "Feature", "properties": {"province_id": 1200, "name": "Oruro", "marker_index": 3, "terrain_type_id": 12, "terrain_type": "Mountain"}, "geometry": {"type": "Point", "coordinates": [3585.0, 4907.0]}}, {"type": "Feature", "properties": {"province_id": 1200, "name": "Oruro", "marker_index": 4, "terrain_type_id": 12, "terrain_type": "Mountain"}, "geometry": {"type": "Point", "coordinates": [3596.0, 4938.0]}}, {"type": "Feature", "properties": {"province_id": 1200, "name": "Oruro", "marker_index": 5, "terrain_type_id": 12, "terrain_type": "Mountain"}, "geometry": {"type": "Point", "coordinates": [3601.0, 4879.0]}}, {"type": "Feature", "properties": {"province_id": 1200, "name": "Oruro", "marker_index": 6, "terrain_type_id": 12, "terrain_type": "Mountain"}, "geometry": {"type": "Point", "coordinates": [3603.0, 4916.0]}}, {"type": "Feature", "properties": {"province_id": 1200, "name": "Oruro", "marker_index": 7, "terrain_type_id": 12, "terrain_type": "Mountain"}, "geometry": {"type": "Point", "coordinates": [3616.0, 4921.0]}}, {"type": "Feature", "properties": {"province_id": 1200, "name": "Oruro", "marker_index": 8, "terrain_type_id": 12, "terrain_type": "Mountain"}, "geometry": {"type": "Point", "coordinates": [3621.0, 4894.0]}}, {"type": "Feature", "properties": {"province_id": 1200, "name": "Oruro", "marker_index": 9, "terrain_type_id": 12, "terrain_type": "Mountain"}, "geometry": {"type": "Point", "coordinates": [3621.0, 4911.0]}}, {"type": "Feature", "properties": {"province_id": 1201, "name": "Uyuni", "marker_index": 0, "terrain_type_id": 12, "terrain_type": "Mountain"}, "geometry": {"type": "Point", "coordinates": [3585.0, 4990.0]}}, {"type": "Feature", "properties": {"province_id": 1201, "name": "Uyuni", "marker_index": 1, "terrain_type_id": 12, "terrain_type": "Mountain"}, "geometry": {"type": "Point", "coordinates": [3591.0, 5015.0]}}, {"type": "Feature", "properties": {"province_id": 1201, "name": "Uyuni", "marker_index": 2, "terrain_type_id": 12, "terrain_type": "Mountain"}, "geometry": {"type": "Point", "coordinates": [3602.0, 5031.0]}}, {"type": "Feature", "properties": {"province_id": 1201, "name": "Uyuni", "marker_index": 3, "terrain_type_id": 12, "terrain_type": "Mountain"}, "geometry": {"type": "Point", "coordinates": [3610.0, 5010.0]}}, {"type": "Feature", "properties": {"province_id": 1201, "name": "Uyuni", "marker_index": 4, "terrain_type_id": 12, "terrain_type": "Mountain"}, "geometry": {"type": "Point", "coordinates": [3614.0, 4976.0]}}, {"type": "Feature", "properties": {"province_id": 1201, "name": "Uyuni", "marker_index": 5, "terrain_type_id": 12, "terrain_type": "Mountain"}, "geometry": {"type": "Point", "coordinates": [3632.0, 4968.0]}}, {"type": "Feature", "properties": {"province_id": 1201, "name": "Uyuni", "marker_index": 6, "terrain_type_id": 12, "terrain_type": "Mountain"}, "geometry": {"type": "Point", "coordinates": [3632.0, 4994.0]}}, {"type": "Feature", "properties": {"province_id": 1201, "name": "Uyuni", "marker_index": 7, "terrain_type_id": 12, "terrain_type": "Mountain"}, "geometry": {"type": "Point", "coordinates": [3648.0, 4984.0]}}, {"type": "Feature", "properties": {"province_id": 1202, "name": "San Pablo", "marker_index": 0, "terrain_type_id": 12, "terrain_type": "Mountain"}, "geometry": {"type": "Point", "coordinates": [3614.0, 5069.0]}}, {"type": "Feature", "properties": {"province_id": 1202, "name": "San Pablo", "marker_index": 1, "terrain_type_id": 12, "terrain_type": "Mountain"}, "geometry": {"type": "Point", "coordinates": [3627.0, 5065.0]}}, {"type": "Feature", "properties": {"province_id": 1202, "name": "San Pablo", "marker_index": 2, "terrain_type_id": 12, "terrain_type": "Mountain"}, "geometry": {"type": "Point", "coordinates": [3635.0, 5043.0]}}, {"type": "Feature", "properties": {"province_id": 1202, "name": "San Pablo", "marker_index": 3, "terrain_type_id": 12, "terrain_type": "Mountain"}, "geometry": {"type": "Point", "coordinates": [3654.0, 5034.0]}}, {"type": "Feature", "properties": {"province_id": 1203, "name": "Patacamaya", "marker_index": 0, "terrain_type_id": 12, "terrain_type": "Mountain"}, "geometry": {"type": "Point", "coordinates": [3548.0, 4833.0]}}, {"type": "Feature", "properties": {"province_id": 1203, "name": "Patacamaya", "marker_index": 1, "terrain_type_id": 12, "terrain_type": "Mountain"}, "geometry": {"type": "Point", "coordinates": [3556.0, 4848.0]}}, {"type": "Feature", "properties": {"province_id": 1203, "name": "Patacamaya", "marker_index": 2, "terrain_type_id": 12, "terrain_type": "Mountain"}, "geometry": {"type": "Point", "coordinates": [3556.0, 4861.0]}}, {"type": "Feature", "properties": {"province_id": 1203, "name": "Patacamaya", "marker_index": 3, "terrain_type_id": 12, "terrain_type": "Mountain"}, "geometry": {"type": "Point", "coordinates": [3558.0, 4885.0]}}, {"type": "Feature", "properties": {"province_id": 1204, "name": "Caranavi", "marker_index": 0, "terrain_type_id": 12, "terrain_type": "Mountain"}, "geometry": {"type": "Point", "coordinates": [3548.0, 4768.0]}}, {"type": "Feature", "properties": {"province_id": 1204, "name": "Caranavi", "marker_index": 1, "terrain_type_id": 12, "terrain_type": "Mountain"}, "geometry": {"type": "Point", "coordinates": [3578.0, 4770.0]}}, {"type": "Feature", "properties": {"province_id": 1204, "name": "Caranavi", "marker_index": 2, "terrain_type_id": 12, "terrain_type": "Mountain"}, "geometry": {"type": "Point", "coordinates": [3589.0, 4778.0]}}, {"type": "Feature", "properties": {"province_id": 1204, "name": "Caranavi", "marker_index": 3, "terrain_type_id": 12, "terrain_type": "Mountain"}, "geometry": {"type": "Point", "coordinates": [3591.0, 4766.0]}}, {"type": "Feature", "properties": {"province_id": 1331, "name": "Tilcara", "marker_index": 0, "terrain_type_id": 12, "terrain_type": "Mountain"}, "geometry": {"type": "Point", "coordinates": [3604.0, 5189.0]}}, {"type": "Feature", "properties": {"province_id": 1331, "name": "Tilcara", "marker_index": 1, "terrain_type_id": 12, "terrain_type": "Mountain"}, "geometry": {"type": "Point", "coordinates": [3629.0, 5173.0]}}, {"type": "Feature", "properties": {"province_id": 1331, "name": "Tilcara", "marker_index": 2, "terrain_type_id": 12, "terrain_type": "Mountain"}, "geometry": {"type": "Point", "coordinates": [3649.0, 5180.0]}}, {"type": "Feature", "properties": {"province_id": 1331, "name": "Tilcara", "marker_index": 3, "terrain_type_id": 12, "terrain_type": "Mountain"}, "geometry": {"type": "Point", "coordinates": [3654.0, 5140.0]}}, {"type": "Feature", "properties": {"province_id": 1331, "name": "Tilcara", "marker_index": 4, "terrain_type_id": 12, "terrain_type": "Mountain"}, "geometry": {"type": "Point", "coordinates": [3655.0, 5085.0]}}, {"type": "Feature", "properties": {"province_id": 1331, "name": "Tilcara", "marker_index": 5, "terrain_type_id": 12, "terrain_type": "Mountain"}, "geometry": {"type": "Point", "coordinates": [3656.0, 5103.0]}}, {"type": "Feature", "properties": {"province_id": 1331, "name": "Tilcara", "marker_index": 6, "terrain_type_id": 12, "terrain_type": "Mountain"}, "geometry": {"type": "Point", "coordinates": [3666.0, 5113.0]}}, {"type": "Feature", "properties": {"province_id": 1333, "name": "San Juan (AR)", "marker_index": 0, "terrain_type_id": 12, "terrain_type": "Mountain"}, "geometry": {"type": "Point", "coordinates": [3548.0, 5462.0]}}, {"type": "Feature", "properties": {"province_id": 1333, "name": "San Juan (AR)", "marker_index": 1, "terrain_type_id": 12, "terrain_type": "Mountain"}, "geometry": {"type": "Point", "coordinates": [3556.0, 5428.0]}}, {"type": "Feature", "properties": {"province_id": 1333, "name": "San Juan (AR)", "marker_index": 2, "terrain_type_id": 12, "terrain_type": "Mountain"}, "geometry": {"type": "Point", "coordinates": [3563.0, 5385.0]}}, {"type": "Feature", "properties": {"province_id": 1333, "name": "San Juan (AR)", "marker_index": 3, "terrain_type_id": 12, "terrain_type": "Mountain"}, "geometry": {"type": "Point", "coordinates": [3568.0, 5366.0]}}, {"type": "Feature", "properties": {"province_id": 1333, "name": "San Juan (AR)", "marker_index": 4, "terrain_type_id": 12, "terrain_type": "Mountain"}, "geometry": {"type": "Point", "coordinates": [3568.0, 5405.0]}}, {"type": "Feature", "properties": {"province_id": 1333, "name": "San Juan (AR)", "marker_index": 5, "terrain_type_id": 12, "terrain_type": "Mountain"}, "geometry": {"type": "Point", "coordinates": [3568.0, 5433.0]}}, {"type": "Feature", "properties": {"province_id": 1333, "name": "San Juan (AR)", "marker_index": 6, "terrain_type_id": 12, "terrain_type": "Mountain"}, "geometry": {"type": "Point", "coordinates": [3583.0, 5367.0]}}, {"type": "Feature", "properties": {"province_id": 1372, "name": "Temuco", "marker_index": 0, "terrain_type_id": 12, "terrain_type": "Mountain"}, "geometry": {"type": "Point", "coordinates": [3483.0, 5736.0]}}, {"type": "Feature", "properties": {"province_id": 1372, "name": "Temuco", "marker_index": 1, "terrain_type_id": 12, "terrain_type": "Mountain"}, "geometry": {"type": "Point", "coordinates": [3484.0, 5696.0]}}, {"type": "Feature", "properties": {"province_id": 1372, "name": "Temuco", "marker_index": 2, "terrain_type_id": 12, "terrain_type": "Mountain"}, "geometry": {"type": "Point", "coordinates": [3484.0, 5762.0]}}, {"type": "Feature", "properties": {"province_id": 1372, "name": "Temuco", "marker_index": 3, "terrain_type_id": 12, "terrain_type": "Mountain"}, "geometry": {"type": "Point", "coordinates": [3486.0, 5797.0]}}, {"type": "Feature", "properties": {"province_id": 1372, "name": "Temuco", "marker_index": 4, "terrain_type_id": 12, "terrain_type": "Mountain"}, "geometry": {"type": "Point", "coordinates": [3488.0, 5676.0]}}, {"type": "Feature", "properties": {"province_id": 1372, "name": "Temuco", "marker_index": 5, "terrain_type_id": 12, "terrain_type": "Mountain"}, "geometry": {"type": "Point", "coordinates": [3492.0, 5648.0]}}, {"type": "Feature", "properties": {"province_id": 1372, "name": "Temuco", "marker_index": 6, "terrain_type_id": 12, "terrain_type": "Mountain"}, "geometry": {"type": "Point", "coordinates": [3495.0, 5564.0]}}, {"type": "Feature", "properties": {"province_id": 1372, "name": "Temuco", "marker_index": 7, "terrain_type_id": 12, "terrain_type": "Mountain"}, "geometry": {"type": "Point", "coordinates": [3495.0, 5594.0]}}, {"type": "Feature", "properties": {"province_id": 1372, "name": "Temuco", "marker_index": 8, "terrain_type_id": 12, "terrain_type": "Mountain"}, "geometry": {"type": "Point", "coordinates": [3496.0, 5628.0]}}, {"type": "Feature", "properties": {"province_id": 1372, "name": "Temuco", "marker_index": 9, "terrain_type_id": 12, "terrain_type": "Mountain"}, "geometry": {"type": "Point", "coordinates": [3504.0, 5609.0]}}, {"type": "Feature", "properties": {"province_id": 1372, "name": "Temuco", "marker_index": 10, "terrain_type_id": 12, "terrain_type": "Mountain"}, "geometry": {"type": "Point", "coordinates": [3523.0, 5577.0]}}, {"type": "Feature", "properties": {"province_id": 1373, "name": "Punta Arenas", "marker_index": 0, "terrain_type_id": 12, "terrain_type": "Mountain"}, "geometry": {"type": "Point", "coordinates": [3503.0, 6263.0]}}, {"type": "Feature", "properties": {"province_id": 1373, "name": "Punta Arenas", "marker_index": 1, "terrain_type_id": 12, "terrain_type": "Mountain"}, "geometry": {"type": "Point", "coordinates": [3534.0, 6328.0]}}, {"type": "Feature", "properties": {"province_id": 1373, "name": "Punta Arenas", "marker_index": 2, "terrain_type_id": 12, "terrain_type": "Mountain"}, "geometry": {"type": "Point", "coordinates": [3547.0, 6353.0]}}, {"type": "Feature", "properties": {"province_id": 1373, "name": "Punta Arenas", "marker_index": 3, "terrain_type_id": 12, "terrain_type": "Mountain"}, "geometry": {"type": "Point", "coordinates": [3563.0, 6373.0]}}, {"type": "Feature", "properties": {"province_id": 1373, "name": "Punta Arenas", "marker_index": 4, "terrain_type_id": 12, "terrain_type": "Mountain"}, "geometry": {"type": "Point", "coordinates": [3576.0, 6396.0]}}, {"type": "Feature", "properties": {"province_id": 1373, "name": "Punta Arenas", "marker_index": 5, "terrain_type_id": 12, "terrain_type": "Mountain"}, "geometry": {"type": "Point", "coordinates": [3646.0, 6374.0]}}, {"type": "Feature", "properties": {"province_id": 1373, "name": "Punta Arenas", "marker_index": 6, "terrain_type_id": 12, "terrain_type": "Mountain"}, "geometry": {"type": "Point", "coordinates": [3660.0, 6389.0]}}, {"type": "Feature", "properties": {"province_id": 1373, "name": "Punta Arenas", "marker_index": 7, "terrain_type_id": 12, "terrain_type": "Mountain"}, "geometry": {"type": "Point", "coordinates": [3661.0, 6427.0]}}, {"type": "Feature", "properties": {"province_id": 1374, "name": "Copiapó", "marker_index": 0, "terrain_type_id": 12, "terrain_type": "Mountain"}, "geometry": {"type": "Point", "coordinates": [3493.0, 5359.0]}}, {"type": "Feature", "properties": {"province_id": 1374, "name": "Copiapó", "marker_index": 1, "terrain_type_id": 12, "terrain_type": "Mountain"}, "geometry": {"type": "Point", "coordinates": [3494.0, 5381.0]}}, {"type": "Feature", "properties": {"province_id": 1374, "name": "Copiapó", "marker_index": 2, "terrain_type_id": 12, "terrain_type": "Mountain"}, "geometry": {"type": "Point", "coordinates": [3496.0, 5492.0]}}, {"type": "Feature", "properties": {"province_id": 1374, "name": "Copiapó", "marker_index": 3, "terrain_type_id": 12, "terrain_type": "Mountain"}, "geometry": {"type": "Point", "coordinates": [3497.0, 5417.0]}}, {"type": "Feature", "properties": {"province_id": 1374, "name": "Copiapó", "marker_index": 4, "terrain_type_id": 12, "terrain_type": "Mountain"}, "geometry": {"type": "Point", "coordinates": [3501.0, 5448.0]}}, {"type": "Feature", "properties": {"province_id": 1374, "name": "Copiapó", "marker_index": 5, "terrain_type_id": 12, "terrain_type": "Mountain"}, "geometry": {"type": "Point", "coordinates": [3504.0, 5322.0]}}, {"type": "Feature", "properties": {"province_id": 1374, "name": "Copiapó", "marker_index": 6, "terrain_type_id": 12, "terrain_type": "Mountain"}, "geometry": {"type": "Point", "coordinates": [3508.0, 5297.0]}}, {"type": "Feature", "properties": {"province_id": 1374, "name": "Copiapó", "marker_index": 7, "terrain_type_id": 12, "terrain_type": "Mountain"}, "geometry": {"type": "Point", "coordinates": [3522.0, 5348.0]}}, {"type": "Feature", "properties": {"province_id": 1374, "name": "Copiapó", "marker_index": 8, "terrain_type_id": 12, "terrain_type": "Mountain"}, "geometry": {"type": "Point", "coordinates": [3538.0, 5312.0]}}, {"type": "Feature", "properties": {"province_id": 1375, "name": "Iquique", "marker_index": 0, "terrain_type_id": 12, "terrain_type": "Mountain"}, "geometry": {"type": "Point", "coordinates": [3488.0, 4920.0]}}, {"type": "Feature", "properties": {"province_id": 1375, "name": "Iquique", "marker_index": 1, "terrain_type_id": 12, "terrain_type": "Mountain"}, "geometry": {"type": "Point", "coordinates": [3494.0, 4940.0]}}, {"type": "Feature", "properties": {"province_id": 1375, "name": "Iquique", "marker_index": 2, "terrain_type_id": 12, "terrain_type": "Mountain"}, "geometry": {"type": "Point", "coordinates": [3503.0, 4905.0]}}, {"type": "Feature", "properties": {"province_id": 1375, "name": "Iquique", "marker_index": 3, "terrain_type_id": 12, "terrain_type": "Mountain"}, "geometry": {"type": "Point", "coordinates": [3506.0, 4886.0]}}, {"type": "Feature", "properties": {"province_id": 1375, "name": "Iquique", "marker_index": 4, "terrain_type_id": 12, "terrain_type": "Mountain"}, "geometry": {"type": "Point", "coordinates": [3513.0, 5050.0]}}, {"type": "Feature", "properties": {"province_id": 1375, "name": "Iquique", "marker_index": 5, "terrain_type_id": 12, "terrain_type": "Mountain"}, "geometry": {"type": "Point", "coordinates": [3515.0, 4986.0]}}, {"type": "Feature", "properties": {"province_id": 1375, "name": "Iquique", "marker_index": 6, "terrain_type_id": 12, "terrain_type": "Mountain"}, "geometry": {"type": "Point", "coordinates": [3517.0, 5230.0]}}, {"type": "Feature", "properties": {"province_id": 1375, "name": "Iquique", "marker_index": 7, "terrain_type_id": 12, "terrain_type": "Mountain"}, "geometry": {"type": "Point", "coordinates": [3520.0, 4949.0]}}, {"type": "Feature", "properties": {"province_id": 1375, "name": "Iquique", "marker_index": 8, "terrain_type_id": 12, "terrain_type": "Mountain"}, "geometry": {"type": "Point", "coordinates": [3527.0, 5262.0]}}, {"type": "Feature", "properties": {"province_id": 1375, "name": "Iquique", "marker_index": 9, "terrain_type_id": 12, "terrain_type": "Mountain"}, "geometry": {"type": "Point", "coordinates": [3528.0, 5092.0]}}, {"type": "Feature", "properties": {"province_id": 1375, "name": "Iquique", "marker_index": 10, "terrain_type_id": 12, "terrain_type": "Mountain"}, "geometry": {"type": "Point", "coordinates": [3532.0, 5016.0]}}, {"type": "Feature", "properties": {"province_id": 1375, "name": "Iquique", "marker_index": 11, "terrain_type_id": 12, "terrain_type": "Mountain"}, "geometry": {"type": "Point", "coordinates": [3533.0, 4996.0]}}, {"type": "Feature", "properties": {"province_id": 1375, "name": "Iquique", "marker_index": 12, "terrain_type_id": 12, "terrain_type": "Mountain"}, "geometry": {"type": "Point", "coordinates": [3536.0, 4963.0]}}, {"type": "Feature", "properties": {"province_id": 1375, "name": "Iquique", "marker_index": 13, "terrain_type_id": 12, "terrain_type": "Mountain"}, "geometry": {"type": "Point", "coordinates": [3537.0, 5052.0]}}, {"type": "Feature", "properties": {"province_id": 1375, "name": "Iquique", "marker_index": 14, "terrain_type_id": 12, "terrain_type": "Mountain"}, "geometry": {"type": "Point", "coordinates": [3537.0, 5165.0]}}, {"type": "Feature", "properties": {"province_id": 1375, "name": "Iquique", "marker_index": 15, "terrain_type_id": 12, "terrain_type": "Mountain"}, "geometry": {"type": "Point", "coordinates": [3543.0, 5225.0]}}, {"type": "Feature", "properties": {"province_id": 1375, "name": "Iquique", "marker_index": 16, "terrain_type_id": 12, "terrain_type": "Mountain"}, "geometry": {"type": "Point", "coordinates": [3549.0, 5252.0]}}, {"type": "Feature", "properties": {"province_id": 1375, "name": "Iquique", "marker_index": 17, "terrain_type_id": 12, "terrain_type": "Mountain"}, "geometry": {"type": "Point", "coordinates": [3555.0, 5061.0]}}, {"type": "Feature", "properties": {"province_id": 1375, "name": "Iquique", "marker_index": 18, "terrain_type_id": 12, "terrain_type": "Mountain"}, "geometry": {"type": "Point", "coordinates": [3557.0, 5202.0]}}, {"type": "Feature", "properties": {"province_id": 1375, "name": "Iquique", "marker_index": 19, "terrain_type_id": 12, "terrain_type": "Mountain"}, "geometry": {"type": "Point", "coordinates": [3559.0, 5172.0]}}, {"type": "Feature", "properties": {"province_id": 1375, "name": "Iquique", "marker_index": 20, "terrain_type_id": 12, "terrain_type": "Mountain"}, "geometry": {"type": "Point", "coordinates": [3564.0, 5080.0]}}, {"type": "Feature", "properties": {"province_id": 1375, "name": "Iquique", "marker_index": 21, "terrain_type_id": 12, "terrain_type": "Mountain"}, "geometry": {"type": "Point", "coordinates": [3571.0, 5133.0]}}, {"type": "Feature", "properties": {"province_id": 1375, "name": "Iquique", "marker_index": 22, "terrain_type_id": 12, "terrain_type": "Mountain"}, "geometry": {"type": "Point", "coordinates": [3578.0, 5104.0]}}, {"type": "Feature", "properties": {"province_id": 1376, "name": "Puerto Aysen", "marker_index": 0, "terrain_type_id": 12, "terrain_type": "Mountain"}, "geometry": {"type": "Point", "coordinates": [3480.0, 5880.0]}}, {"type": "Feature", "properties": {"province_id": 1376, "name": "Puerto Aysen", "marker_index": 1, "terrain_type_id": 12, "terrain_type": "Mountain"}, "geometry": {"type": "Point", "coordinates": [3490.0, 5845.0]}}, {"type": "Feature", "properties": {"province_id": 1376, "name": "Puerto Aysen", "marker_index": 2, "terrain_type_id": 12, "terrain_type": "Mountain"}, "geometry": {"type": "Point", "coordinates": [3491.0, 5903.0]}}, {"type": "Feature", "properties": {"province_id": 1376, "name": "Puerto Aysen", "marker_index": 3, "terrain_type_id": 12, "terrain_type": "Mountain"}, "geometry": {"type": "Point", "coordinates": [3497.0, 5976.0]}}, {"type": "Feature", "properties": {"province_id": 1376, "name": "Puerto Aysen", "marker_index": 4, "terrain_type_id": 12, "terrain_type": "Mountain"}, "geometry": {"type": "Point", "coordinates": [3507.0, 6009.0]}}, {"type": "Feature", "properties": {"province_id": 1376, "name": "Puerto Aysen", "marker_index": 5, "terrain_type_id": 12, "terrain_type": "Mountain"}, "geometry": {"type": "Point", "coordinates": [3515.0, 6048.0]}}, {"type": "Feature", "properties": {"province_id": 1377, "name": "Tortel", "marker_index": 0, "terrain_type_id": 12, "terrain_type": "Mountain"}, "geometry": {"type": "Point", "coordinates": [3496.0, 6106.0]}}, {"type": "Feature", "properties": {"province_id": 1377, "name": "Tortel", "marker_index": 1, "terrain_type_id": 12, "terrain_type": "Mountain"}, "geometry": {"type": "Point", "coordinates": [3502.0, 6221.0]}}, {"type": "Feature", "properties": {"province_id": 1377, "name": "Tortel", "marker_index": 2, "terrain_type_id": 12, "terrain_type": "Mountain"}, "geometry": {"type": "Point", "coordinates": [3507.0, 6198.0]}}, {"type": "Feature", "properties": {"province_id": 1377, "name": "Tortel", "marker_index": 3, "terrain_type_id": 12, "terrain_type": "Mountain"}, "geometry": {"type": "Point", "coordinates": [3514.0, 6171.0]}}, {"type": "Feature", "properties": {"province_id": 1377, "name": "Tortel", "marker_index": 4, "terrain_type_id": 12, "terrain_type": "Mountain"}, "geometry": {"type": "Point", "coordinates": [3518.0, 6092.0]}}, {"type": "Feature", "properties": {"province_id": 1400, "name": "Arish", "marker_index": 0, "terrain_type_id": 12, "terrain_type": "Mountain"}, "geometry": {"type": "Point", "coordinates": [7738.0, 3134.0]}}, {"type": "Feature", "properties": {"province_id": 1400, "name": "Arish", "marker_index": 1, "terrain_type_id": 12, "terrain_type": "Mountain"}, "geometry": {"type": "Point", "coordinates": [7743.0, 3142.0]}}, {"type": "Feature", "properties": {"province_id": 1400, "name": "Arish", "marker_index": 2, "terrain_type_id": 12, "terrain_type": "Mountain"}, "geometry": {"type": "Point", "coordinates": [7749.0, 3149.0]}}, {"type": "Feature", "properties": {"province_id": 1400, "name": "Arish", "marker_index": 3, "terrain_type_id": 12, "terrain_type": "Mountain"}, "geometry": {"type": "Point", "coordinates": [7750.0, 3130.0]}}, {"type": "Feature", "properties": {"province_id": 1400, "name": "Arish", "marker_index": 4, "terrain_type_id": 12, "terrain_type": "Mountain"}, "geometry": {"type": "Point", "coordinates": [7750.0, 3139.0]}}, {"type": "Feature", "properties": {"province_id": 1400, "name": "Arish", "marker_index": 5, "terrain_type_id": 12, "terrain_type": "Mountain"}, "geometry": {"type": "Point", "coordinates": [7755.0, 3143.0]}}, {"type": "Feature", "properties": {"province_id": 1411, "name": "Worcester (ZA)", "marker_index": 0, "terrain_type_id": 12, "terrain_type": "Mountain"}, "geometry": {"type": "Point", "coordinates": [6977.0, 5824.0]}}, {"type": "Feature", "properties": {"province_id": 1411, "name": "Worcester (ZA)", "marker_index": 1, "terrain_type_id": 12, "terrain_type": "Mountain"}, "geometry": {"type": "Point", "coordinates": [6991.0, 5817.0]}}, {"type": "Feature", "properties": {"province_id": 1411, "name": "Worcester (ZA)", "marker_index": 2, "terrain_type_id": 12, "terrain_type": "Mountain"}, "geometry": {"type": "Point", "coordinates": [6999.0, 5813.0]}}, {"type": "Feature", "properties": {"province_id": 1423, "name": "Bloemfontein", "marker_index": 0, "terrain_type_id": 14, "terrain_type": "Urban"}, "geometry": {"type": "Point", "coordinates": [7296.0, 5597.0]}}, {"type": "Feature", "properties": {"province_id": 1423, "name": "Bloemfontein", "marker_index": 1, "terrain_type_id": 14, "terrain_type": "Urban"}, "geometry": {"type": "Point", "coordinates": [7311.0, 5585.0]}}, {"type": "Feature", "properties": {"province_id": 1563, "name": "Tozeur", "marker_index": 0, "terrain_type_id": 12, "terrain_type": "Mountain"}, "geometry": {"type": "Point", "coordinates": [6408.0, 3036.0]}}, {"type": "Feature", "properties": {"province_id": 1563, "name": "Tozeur", "marker_index": 1, "terrain_type_id": 12, "terrain_type": "Mountain"}, "geometry": {"type": "Point", "coordinates": [6413.0, 3006.0]}}, {"type": "Feature", "properties": {"province_id": 1563, "name": "Tozeur", "marker_index": 2, "terrain_type_id": 12, "terrain_type": "Mountain"}, "geometry": {"type": "Point", "coordinates": [6434.0, 3054.0]}}, {"type": "Feature", "properties": {"province_id": 1563, "name": "Tozeur", "marker_index": 3, "terrain_type_id": 12, "terrain_type": "Mountain"}, "geometry": {"type": "Point", "coordinates": [6436.0, 3030.0]}}, {"type": "Feature", "properties": {"province_id": 1563, "name": "Tozeur", "marker_index": 4, "terrain_type_id": 12, "terrain_type": "Mountain"}, "geometry": {"type": "Point", "coordinates": [6441.0, 3004.0]}}, {"type": "Feature", "properties": {"province_id": 1571, "name": "Idlès", "marker_index": 0, "terrain_type_id": 12, "terrain_type": "Mountain"}, "geometry": {"type": "Point", "coordinates": [6354.0, 3388.0]}}, {"type": "Feature", "properties": {"province_id": 1571, "name": "Idlès", "marker_index": 1, "terrain_type_id": 12, "terrain_type": "Mountain"}, "geometry": {"type": "Point", "coordinates": [6379.0, 3390.0]}}, {"type": "Feature", "properties": {"province_id": 1571, "name": "Idlès", "marker_index": 2, "terrain_type_id": 12, "terrain_type": "Mountain"}, "geometry": {"type": "Point", "coordinates": [6382.0, 3340.0]}}, {"type": "Feature", "properties": {"province_id": 1571, "name": "Idlès", "marker_index": 3, "terrain_type_id": 12, "terrain_type": "Mountain"}, "geometry": {"type": "Point", "coordinates": [6396.0, 3371.0]}}, {"type": "Feature", "properties": {"province_id": 1574, "name": "Tazrouk", "marker_index": 0, "terrain_type_id": 12, "terrain_type": "Mountain"}, "geometry": {"type": "Point", "coordinates": [6407.0, 3480.0]}}, {"type": "Feature", "properties": {"province_id": 1574, "name": "Tazrouk", "marker_index": 1, "terrain_type_id": 12, "terrain_type": "Mountain"}, "geometry": {"type": "Point", "coordinates": [6426.0, 3471.0]}}, {"type": "Feature", "properties": {"province_id": 1574, "name": "Tazrouk", "marker_index": 2, "terrain_type_id": 12, "terrain_type": "Mountain"}, "geometry": {"type": "Point", "coordinates": [6437.0, 3490.0]}}, {"type": "Feature", "properties": {"province_id": 1574, "name": "Tazrouk", "marker_index": 3, "terrain_type_id": 12, "terrain_type": "Mountain"}, "geometry": {"type": "Point", "coordinates": [6446.0, 3446.0]}}, {"type": "Feature", "properties": {"province_id": 1574, "name": "Tazrouk", "marker_index": 4, "terrain_type_id": 12, "terrain_type": "Mountain"}, "geometry": {"type": "Point", "coordinates": [6469.0, 3451.0]}}, {"type": "Feature", "properties": {"province_id": 1582, "name": "Benoud", "marker_index": 0, "terrain_type_id": 12, "terrain_type": "Mountain"}, "geometry": {"type": "Point", "coordinates": [5955.0, 3074.0]}}, {"type": "Feature", "properties": {"province_id": 1582, "name": "Benoud", "marker_index": 1, "terrain_type_id": 12, "terrain_type": "Mountain"}, "geometry": {"type": "Point", "coordinates": [5980.0, 3051.0]}}, {"type": "Feature", "properties": {"province_id": 1582, "name": "Benoud", "marker_index": 2, "terrain_type_id": 12, "terrain_type": "Mountain"}, "geometry": {"type": "Point", "coordinates": [5990.0, 3087.0]}}, {"type": "Feature", "properties": {"province_id": 1582, "name": "Benoud", "marker_index": 3, "terrain_type_id": 12, "terrain_type": "Mountain"}, "geometry": {"type": "Point", "coordinates": [6019.0, 3065.0]}}, {"type": "Feature", "properties": {"province_id": 1582, "name": "Benoud", "marker_index": 4, "terrain_type_id": 12, "terrain_type": "Mountain"}, "geometry": {"type": "Point", "coordinates": [6023.0, 3086.0]}}, {"type": "Feature", "properties": {"province_id": 1582, "name": "Benoud", "marker_index": 5, "terrain_type_id": 12, "terrain_type": "Mountain"}, "geometry": {"type": "Point", "coordinates": [6044.0, 3086.0]}}, {"type": "Feature", "properties": {"province_id": 1582, "name": "Benoud", "marker_index": 6, "terrain_type_id": 12, "terrain_type": "Mountain"}, "geometry": {"type": "Point", "coordinates": [6060.0, 3066.0]}}, {"type": "Feature", "properties": {"province_id": 1585, "name": "Djelfa", "marker_index": 0, "terrain_type_id": 12, "terrain_type": "Mountain"}, "geometry": {"type": "Point", "coordinates": [6132.0, 2975.0]}}, {"type": "Feature", "properties": {"province_id": 1585, "name": "Djelfa", "marker_index": 1, "terrain_type_id": 12, "terrain_type": "Mountain"}, "geometry": {"type": "Point", "coordinates": [6159.0, 2962.0]}}, {"type": "Feature", "properties": {"province_id": 1585, "name": "Djelfa", "marker_index": 2, "terrain_type_id": 12, "terrain_type": "Mountain"}, "geometry": {"type": "Point", "coordinates": [6174.0, 2980.0]}}, {"type": "Feature", "properties": {"province_id": 1585, "name": "Djelfa", "marker_index": 3, "terrain_type_id": 12, "terrain_type": "Mountain"}, "geometry": {"type": "Point", "coordinates": [6191.0, 2959.0]}}, {"type": "Feature", "properties": {"province_id": 1585, "name": "Djelfa", "marker_index": 4, "terrain_type_id": 12, "terrain_type": "Mountain"}, "geometry": {"type": "Point", "coordinates": [6202.0, 2975.0]}}, {"type": "Feature", "properties": {"province_id": 1596, "name": "Laghouat", "marker_index": 0, "terrain_type_id": 12, "terrain_type": "Mountain"}, "geometry": {"type": "Point", "coordinates": [6114.0, 3057.0]}}, {"type": "Feature", "properties": {"province_id": 1596, "name": "Laghouat", "marker_index": 1, "terrain_type_id": 12, "terrain_type": "Mountain"}, "geometry": {"type": "Point", "coordinates": [6118.0, 3038.0]}}, {"type": "Feature", "properties": {"province_id": 1596, "name": "Laghouat", "marker_index": 2, "terrain_type_id": 12, "terrain_type": "Mountain"}, "geometry": {"type": "Point", "coordinates": [6133.0, 3053.0]}}, {"type": "Feature", "properties": {"province_id": 1596, "name": "Laghouat", "marker_index": 3, "terrain_type_id": 12, "terrain_type": "Mountain"}, "geometry": {"type": "Point", "coordinates": [6152.0, 3049.0]}}, {"type": "Feature", "properties": {"province_id": 1596, "name": "Laghouat", "marker_index": 4, "terrain_type_id": 12, "terrain_type": "Mountain"}, "geometry": {"type": "Point", "coordinates": [6155.0, 3022.0]}}, {"type": "Feature", "properties": {"province_id": 1596, "name": "Laghouat", "marker_index": 5, "terrain_type_id": 12, "terrain_type": "Mountain"}, "geometry": {"type": "Point", "coordinates": [6181.0, 3040.0]}}, {"type": "Feature", "properties": {"province_id": 1596, "name": "Laghouat", "marker_index": 6, "terrain_type_id": 12, "terrain_type": "Mountain"}, "geometry": {"type": "Point", "coordinates": [6190.0, 3027.0]}}, {"type": "Feature", "properties": {"province_id": 1596, "name": "Laghouat", "marker_index": 7, "terrain_type_id": 12, "terrain_type": "Mountain"}, "geometry": {"type": "Point", "coordinates": [6202.0, 3035.0]}}, {"type": "Feature", "properties": {"province_id": 1597, "name": "Biskra", "marker_index": 0, "terrain_type_id": 12, "terrain_type": "Mountain"}, "geometry": {"type": "Point", "coordinates": [6247.0, 2989.0]}}, {"type": "Feature", "properties": {"province_id": 1597, "name": "Biskra", "marker_index": 1, "terrain_type_id": 12, "terrain_type": "Mountain"}, "geometry": {"type": "Point", "coordinates": [6256.0, 2974.0]}}, {"type": "Feature", "properties": {"province_id": 1597, "name": "Biskra", "marker_index": 2, "terrain_type_id": 12, "terrain_type": "Mountain"}, "geometry": {"type": "Point", "coordinates": [6258.0, 3002.0]}}, {"type": "Feature", "properties": {"province_id": 1597, "name": "Biskra", "marker_index": 3, "terrain_type_id": 12, "terrain_type": "Mountain"}, "geometry": {"type": "Point", "coordinates": [6270.0, 2991.0]}}, {"type": "Feature", "properties": {"province_id": 1597, "name": "Biskra", "marker_index": 4, "terrain_type_id": 12, "terrain_type": "Mountain"}, "geometry": {"type": "Point", "coordinates": [6290.0, 2982.0]}}, {"type": "Feature", "properties": {"province_id": 1597, "name": "Biskra", "marker_index": 5, "terrain_type_id": 12, "terrain_type": "Mountain"}, "geometry": {"type": "Point", "coordinates": [6315.0, 2978.0]}}, {"type": "Feature", "properties": {"province_id": 1597, "name": "Biskra", "marker_index": 6, "terrain_type_id": 12, "terrain_type": "Mountain"}, "geometry": {"type": "Point", "coordinates": [6325.0, 2963.0]}}, {"type": "Feature", "properties": {"province_id": 1597, "name": "Biskra", "marker_index": 7, "terrain_type_id": 12, "terrain_type": "Mountain"}, "geometry": {"type": "Point", "coordinates": [6343.0, 2978.0]}}, {"type": "Feature", "properties": {"province_id": 1611, "name": "Bamenda", "marker_index": 0, "terrain_type_id": 12, "terrain_type": "Mountain"}, "geometry": {"type": "Point", "coordinates": [6596.0, 4167.0]}}, {"type": "Feature", "properties": {"province_id": 1611, "name": "Bamenda", "marker_index": 1, "terrain_type_id": 12, "terrain_type": "Mountain"}, "geometry": {"type": "Point", "coordinates": [6611.0, 4206.0]}}, {"type": "Feature", "properties": {"province_id": 1611, "name": "Bamenda", "marker_index": 2, "terrain_type_id": 12, "terrain_type": "Mountain"}, "geometry": {"type": "Point", "coordinates": [6616.0, 4151.0]}}, {"type": "Feature", "properties": {"province_id": 1611, "name": "Bamenda", "marker_index": 3, "terrain_type_id": 12, "terrain_type": "Mountain"}, "geometry": {"type": "Point", "coordinates": [6627.0, 4175.0]}}, {"type": "Feature", "properties": {"province_id": 1620, "name": "Taouz", "marker_index": 0, "terrain_type_id": 12, "terrain_type": "Mountain"}, "geometry": {"type": "Point", "coordinates": [5728.0, 3110.0]}}, {"type": "Feature", "properties": {"province_id": 1620, "name": "Taouz", "marker_index": 1, "terrain_type_id": 12, "terrain_type": "Mountain"}, "geometry": {"type": "Point", "coordinates": [5741.0, 3131.0]}}, {"type": "Feature", "properties": {"province_id": 1620, "name": "Taouz", "marker_index": 2, "terrain_type_id": 12, "terrain_type": "Mountain"}, "geometry": {"type": "Point", "coordinates": [5760.0, 3099.0]}}, {"type": "Feature", "properties": {"province_id": 1620, "name": "Taouz", "marker_index": 3, "terrain_type_id": 12, "terrain_type": "Mountain"}, "geometry": {"type": "Point", "coordinates": [5776.0, 3117.0]}}, {"type": "Feature", "properties": {"province_id": 1620, "name": "Taouz", "marker_index": 4, "terrain_type_id": 12, "terrain_type": "Mountain"}, "geometry": {"type": "Point", "coordinates": [5779.0, 3085.0]}}, {"type": "Feature", "properties": {"province_id": 1620, "name": "Taouz", "marker_index": 5, "terrain_type_id": 12, "terrain_type": "Mountain"}, "geometry": {"type": "Point", "coordinates": [5800.0, 3112.0]}}, {"type": "Feature", "properties": {"province_id": 1620, "name": "Taouz", "marker_index": 6, "terrain_type_id": 12, "terrain_type": "Mountain"}, "geometry": {"type": "Point", "coordinates": [5819.0, 3076.0]}}, {"type": "Feature", "properties": {"province_id": 1621, "name": "Guelmim", "marker_index": 0, "terrain_type_id": 12, "terrain_type": "Mountain"}, "geometry": {"type": "Point", "coordinates": [5564.0, 3164.0]}}, {"type": "Feature", "properties": {"province_id": 1621, "name": "Guelmim", "marker_index": 1, "terrain_type_id": 12, "terrain_type": "Mountain"}, "geometry": {"type": "Point", "coordinates": [5595.0, 3170.0]}}, {"type": "Feature", "properties": {"province_id": 1621, "name": "Guelmim", "marker_index": 2, "terrain_type_id": 12, "terrain_type": "Mountain"}, "geometry": {"type": "Point", "coordinates": [5623.0, 3168.0]}}, {"type": "Feature", "properties": {"province_id": 1621, "name": "Guelmim", "marker_index": 3, "terrain_type_id": 12, "terrain_type": "Mountain"}, "geometry": {"type": "Point", "coordinates": [5665.0, 3156.0]}}, {"type": "Feature", "properties": {"province_id": 1629, "name": "Pietermaritzburg", "marker_index": 0, "terrain_type_id": 10, "terrain_type": "Plains"}, "geometry": {"type": "Point", "coordinates": [7336.0, 5572.0]}}, {"type": "Feature", "properties": {"province_id": 1629, "name": "Pietermaritzburg", "marker_index": 1, "terrain_type_id": 10, "terrain_type": "Plains"}, "geometry": {"type": "Point", "coordinates": [7347.0, 5589.0]}}, {"type": "Feature", "properties": {"province_id": 1629, "name": "Pietermaritzburg", "marker_index": 2, "terrain_type_id": 10, "terrain_type": "Plains"}, "geometry": {"type": "Point", "coordinates": [7361.0, 5578.0]}}, {"type": "Feature", "properties": {"province_id": 1629, "name": "Pietermaritzburg", "marker_index": 3, "terrain_type_id": 10, "terrain_type": "Plains"}, "geometry": {"type": "Point", "coordinates": [7363.0, 5600.0]}}, {"type": "Feature", "properties": {"province_id": 1631, "name": "Aliwal North", "marker_index": 0, "terrain_type_id": 10, "terrain_type": "Plains"}, "geometry": {"type": "Point", "coordinates": [7325.0, 5601.0]}}, {"type": "Feature", "properties": {"province_id": 1700, "name": "Arusha", "marker_index": 0, "terrain_type_id": 12, "terrain_type": "Mountain"}, "geometry": {"type": "Point", "coordinates": [7783.0, 4561.0]}}, {"type": "Feature", "properties": {"province_id": 1700, "name": "Arusha", "marker_index": 1, "terrain_type_id": 12, "terrain_type": "Mountain"}, "geometry": {"type": "Point", "coordinates": [7796.0, 4547.0]}}, {"type": "Feature", "properties": {"province_id": 1700, "name": "Arusha", "marker_index": 2, "terrain_type_id": 12, "terrain_type": "Mountain"}, "geometry": {"type": "Point", "coordinates": [7797.0, 4580.0]}}, {"type": "Feature", "properties": {"province_id": 1700, "name": "Arusha", "marker_index": 3, "terrain_type_id": 12, "terrain_type": "Mountain"}, "geometry": {"type": "Point", "coordinates": [7813.0, 4564.0]}}, {"type": "Feature", "properties": {"province_id": 1700, "name": "Arusha", "marker_index": 4, "terrain_type_id": 12, "terrain_type": "Mountain"}, "geometry": {"type": "Point", "coordinates": [7819.0, 4578.0]}}, {"type": "Feature", "properties": {"province_id": 1700, "name": "Arusha", "marker_index": 5, "terrain_type_id": 12, "terrain_type": "Mountain"}, "geometry": {"type": "Point", "coordinates": [7821.0, 4595.0]}}, {"type": "Feature", "properties": {"province_id": 1701, "name": "Addis Ababa", "marker_index": 0, "terrain_type_id": 14, "terrain_type": "Urban"}, "geometry": {"type": "Point", "coordinates": [7917.0, 4070.0]}}, {"type": "Feature", "properties": {"province_id": 1714, "name": "Ambo", "marker_index": 0, "terrain_type_id": 12, "terrain_type": "Mountain"}, "geometry": {"type": "Point", "coordinates": [7856.0, 4055.0]}}, {"type": "Feature", "properties": {"province_id": 1714, "name": "Ambo", "marker_index": 1, "terrain_type_id": 12, "terrain_type": "Mountain"}, "geometry": {"type": "Point", "coordinates": [7878.0, 4041.0]}}, {"type": "Feature", "properties": {"province_id": 1714, "name": "Ambo", "marker_index": 2, "terrain_type_id": 12, "terrain_type": "Mountain"}, "geometry": {"type": "Point", "coordinates": [7879.0, 4063.0]}}, {"type": "Feature", "properties": {"province_id": 1714, "name": "Ambo", "marker_index": 3, "terrain_type_id": 12, "terrain_type": "Mountain"}, "geometry": {"type": "Point", "coordinates": [7896.0, 4077.0]}}, {"type": "Feature", "properties": {"province_id": 1714, "name": "Ambo", "marker_index": 4, "terrain_type_id": 12, "terrain_type": "Mountain"}, "geometry": {"type": "Point", "coordinates": [7902.0, 4044.0]}}, {"type": "Feature", "properties": {"province_id": 1715, "name": "Bahir Dar", "marker_index": 0, "terrain_type_id": 12, "terrain_type": "Mountain"}, "geometry": {"type": "Point", "coordinates": [7789.0, 4036.0]}}, {"type": "Feature", "properties": {"province_id": 1715, "name": "Bahir Dar", "marker_index": 1, "terrain_type_id": 12, "terrain_type": "Mountain"}, "geometry": {"type": "Point", "coordinates": [7806.0, 4047.0]}}, {"type": "Feature", "properties": {"province_id": 1715, "name": "Bahir Dar", "marker_index": 2, "terrain_type_id": 12, "terrain_type": "Mountain"}, "geometry": {"type": "Point", "coordinates": [7810.0, 4014.0]}}, {"type": "Feature", "properties": {"province_id": 1715, "name": "Bahir Dar", "marker_index": 3, "terrain_type_id": 12, "terrain_type": "Mountain"}, "geometry": {"type": "Point", "coordinates": [7813.0, 4035.0]}}, {"type": "Feature", "properties": {"province_id": 1715, "name": "Bahir Dar", "marker_index": 4, "terrain_type_id": 12, "terrain_type": "Mountain"}, "geometry": {"type": "Point", "coordinates": [7815.0, 3987.0]}}, {"type": "Feature", "properties": {"province_id": 1715, "name": "Bahir Dar", "marker_index": 5, "terrain_type_id": 12, "terrain_type": "Mountain"}, "geometry": {"type": "Point", "coordinates": [7831.0, 4010.0]}}, {"type": "Feature", "properties": {"province_id": 1715, "name": "Bahir Dar", "marker_index": 6, "terrain_type_id": 12, "terrain_type": "Mountain"}, "geometry": {"type": "Point", "coordinates": [7839.0, 3974.0]}}, {"type": "Feature", "properties": {"province_id": 1715, "name": "Bahir Dar", "marker_index": 7, "terrain_type_id": 12, "terrain_type": "Mountain"}, "geometry": {"type": "Point", "coordinates": [7845.0, 3994.0]}}, {"type": "Feature", "properties": {"province_id": 1716, "name": "Debre Markos", "marker_index": 0, "terrain_type_id": 12, "terrain_type": "Mountain"}, "geometry": {"type": "Point", "coordinates": [7881.0, 3986.0]}}, {"type": "Feature", "properties": {"province_id": 1716, "name": "Debre Markos", "marker_index": 1, "terrain_type_id": 12, "terrain_type": "Mountain"}, "geometry": {"type": "Point", "coordinates": [7883.0, 4010.0]}}, {"type": "Feature", "properties": {"province_id": 1716, "name": "Debre Markos", "marker_index": 2, "terrain_type_id": 12, "terrain_type": "Mountain"}, "geometry": {"type": "Point", "coordinates": [7899.0, 4009.0]}}, {"type": "Feature", "properties": {"province_id": 1716, "name": "Debre Markos", "marker_index": 3, "terrain_type_id": 12, "terrain_type": "Mountain"}, "geometry": {"type": "Point", "coordinates": [7906.0, 3979.0]}}, {"type": "Feature", "properties": {"province_id": 1716, "name": "Debre Markos", "marker_index": 4, "terrain_type_id": 12, "terrain_type": "Mountain"}, "geometry": {"type": "Point", "coordinates": [7920.0, 3975.0]}}, {"type": "Feature", "properties": {"province_id": 1716, "name": "Debre Markos", "marker_index": 5, "terrain_type_id": 12, "terrain_type": "Mountain"}, "geometry": {"type": "Point", "coordinates": [7923.0, 4001.0]}}, {"type": "Feature", "properties": {"province_id": 1719, "name": "Mek'ele", "marker_index": 0, "terrain_type_id": 12, "terrain_type": "Mountain"}, "geometry": {"type": "Point", "coordinates": [7929.0, 3872.0]}}, {"type": "Feature", "properties": {"province_id": 1719, "name": "Mek'ele", "marker_index": 1, "terrain_type_id": 12, "terrain_type": "Mountain"}, "geometry": {"type": "Point", "coordinates": [7956.0, 3873.0]}}, {"type": "Feature", "properties": {"province_id": 1719, "name": "Mek'ele", "marker_index": 2, "terrain_type_id": 12, "terrain_type": "Mountain"}, "geometry": {"type": "Point", "coordinates": [7967.0, 3893.0]}}, {"type": "Feature", "properties": {"province_id": 1719, "name": "Mek'ele", "marker_index": 3, "terrain_type_id": 12, "terrain_type": "Mountain"}, "geometry": {"type": "Point", "coordinates": [7978.0, 3875.0]}}, {"type": "Feature", "properties": {"province_id": 1719, "name": "Mek'ele", "marker_index": 4, "terrain_type_id": 12, "terrain_type": "Mountain"}, "geometry": {"type": "Point", "coordinates": [7989.0, 3895.0]}}, {"type": "Feature", "properties": {"province_id": 1719, "name": "Mek'ele", "marker_index": 5, "terrain_type_id": 12, "terrain_type": "Mountain"}, "geometry": {"type": "Point", "coordinates": [7996.0, 3874.0]}}, {"type": "Feature", "properties": {"province_id": 1719, "name": "Mek'ele", "marker_index": 6, "terrain_type_id": 12, "terrain_type": "Mountain"}, "geometry": {"type": "Point", "coordinates": [8013.0, 3887.0]}}, {"type": "Feature", "properties": {"province_id": 1723, "name": "Gijet", "marker_index": 0, "terrain_type_id": 12, "terrain_type": "Mountain"}, "geometry": {"type": "Point", "coordinates": [7880.0, 3939.0]}}, {"type": "Feature", "properties": {"province_id": 1723, "name": "Gijet", "marker_index": 1, "terrain_type_id": 12, "terrain_type": "Mountain"}, "geometry": {"type": "Point", "coordinates": [7909.0, 3931.0]}}, {"type": "Feature", "properties": {"province_id": 1723, "name": "Gijet", "marker_index": 2, "terrain_type_id": 12, "terrain_type": "Mountain"}, "geometry": {"type": "Point", "coordinates": [7914.0, 3914.0]}}, {"type": "Feature", "properties": {"province_id": 1727, "name": "Meki", "marker_index": 0, "terrain_type_id": 12, "terrain_type": "Mountain"}, "geometry": {"type": "Point", "coordinates": [7904.0, 4123.0]}}, {"type": "Feature", "properties": {"province_id": 1727, "name": "Meki", "marker_index": 1, "terrain_type_id": 12, "terrain_type": "Mountain"}, "geometry": {"type": "Point", "coordinates": [7915.0, 4143.0]}}, {"type": "Feature", "properties": {"province_id": 1727, "name": "Meki", "marker_index": 2, "terrain_type_id": 12, "terrain_type": "Mountain"}, "geometry": {"type": "Point", "coordinates": [7937.0, 4125.0]}}, {"type": "Feature", "properties": {"province_id": 1727, "name": "Meki", "marker_index": 3, "terrain_type_id": 12, "terrain_type": "Mountain"}, "geometry": {"type": "Point", "coordinates": [7937.0, 4168.0]}}, {"type": "Feature", "properties": {"province_id": 1727, "name": "Meki", "marker_index": 4, "terrain_type_id": 12, "terrain_type": "Mountain"}, "geometry": {"type": "Point", "coordinates": [7942.0, 4141.0]}}, {"type": "Feature", "properties": {"province_id": 1733, "name": "Asmara", "marker_index": 0, "terrain_type_id": 12, "terrain_type": "Mountain"}, "geometry": {"type": "Point", "coordinates": [7857.0, 3815.0]}}, {"type": "Feature", "properties": {"province_id": 1733, "name": "Asmara", "marker_index": 1, "terrain_type_id": 12, "terrain_type": "Mountain"}, "geometry": {"type": "Point", "coordinates": [7887.0, 3817.0]}}, {"type": "Feature", "properties": {"province_id": 1806, "name": "Ain Galakka", "marker_index": 0, "terrain_type_id": 12, "terrain_type": "Mountain"}, "geometry": {"type": "Point", "coordinates": [6845.0, 3574.0]}}, {"type": "Feature", "properties": {"province_id": 1806, "name": "Ain Galakka", "marker_index": 1, "terrain_type_id": 12, "terrain_type": "Mountain"}, "geometry": {"type": "Point", "coordinates": [6860.0, 3605.0]}}, {"type": "Feature", "properties": {"province_id": 1806, "name": "Ain Galakka", "marker_index": 2, "terrain_type_id": 12, "terrain_type": "Mountain"}, "geometry": {"type": "Point", "coordinates": [6876.0, 3604.0]}}, {"type": "Feature", "properties": {"province_id": 1806, "name": "Ain Galakka", "marker_index": 3, "terrain_type_id": 12, "terrain_type": "Mountain"}, "geometry": {"type": "Point", "coordinates": [6881.0, 3578.0]}}, {"type": "Feature", "properties": {"province_id": 1806, "name": "Ain Galakka", "marker_index": 4, "terrain_type_id": 12, "terrain_type": "Mountain"}, "geometry": {"type": "Point", "coordinates": [6903.0, 3570.0]}}, {"type": "Feature", "properties": {"province_id": 1806, "name": "Ain Galakka", "marker_index": 5, "terrain_type_id": 12, "terrain_type": "Mountain"}, "geometry": {"type": "Point", "coordinates": [6915.0, 3553.0]}}, {"type": "Feature", "properties": {"province_id": 1806, "name": "Ain Galakka", "marker_index": 6, "terrain_type_id": 12, "terrain_type": "Mountain"}, "geometry": {"type": "Point", "coordinates": [6924.0, 3583.0]}}, {"type": "Feature", "properties": {"province_id": 1806, "name": "Ain Galakka", "marker_index": 7, "terrain_type_id": 12, "terrain_type": "Mountain"}, "geometry": {"type": "Point", "coordinates": [6934.0, 3541.0]}}, {"type": "Feature", "properties": {"province_id": 1806, "name": "Ain Galakka", "marker_index": 8, "terrain_type_id": 12, "terrain_type": "Mountain"}, "geometry": {"type": "Point", "coordinates": [6946.0, 3518.0]}}, {"type": "Feature", "properties": {"province_id": 1806, "name": "Ain Galakka", "marker_index": 9, "terrain_type_id": 12, "terrain_type": "Mountain"}, "geometry": {"type": "Point", "coordinates": [6950.0, 3563.0]}}, {"type": "Feature", "properties": {"province_id": 1806, "name": "Ain Galakka", "marker_index": 10, "terrain_type_id": 12, "terrain_type": "Mountain"}, "geometry": {"type": "Point", "coordinates": [6965.0, 3541.0]}}, {"type": "Feature", "properties": {"province_id": 1806, "name": "Ain Galakka", "marker_index": 11, "terrain_type_id": 12, "terrain_type": "Mountain"}, "geometry": {"type": "Point", "coordinates": [6979.0, 3536.0]}}, {"type": "Feature", "properties": {"province_id": 1807, "name": "Bardaï", "marker_index": 0, "terrain_type_id": 12, "terrain_type": "Mountain"}, "geometry": {"type": "Point", "coordinates": [6800.0, 3566.0]}}, {"type": "Feature", "properties": {"province_id": 1807, "name": "Bardaï", "marker_index": 1, "terrain_type_id": 12, "terrain_type": "Mountain"}, "geometry": {"type": "Point", "coordinates": [6808.0, 3485.0]}}, {"type": "Feature", "properties": {"province_id": 1807, "name": "Bardaï", "marker_index": 2, "terrain_type_id": 12, "terrain_type": "Mountain"}, "geometry": {"type": "Point", "coordinates": [6810.0, 3537.0]}}, {"type": "Feature", "properties": {"province_id": 1807, "name": "Bardaï", "marker_index": 3, "terrain_type_id": 12, "terrain_type": "Mountain"}, "geometry": {"type": "Point", "coordinates": [6817.0, 3518.0]}}, {"type": "Feature", "properties": {"province_id": 1807, "name": "Bardaï", "marker_index": 4, "terrain_type_id": 12, "terrain_type": "Mountain"}, "geometry": {"type": "Point", "coordinates": [6843.0, 3498.0]}}, {"type": "Feature", "properties": {"province_id": 1807, "name": "Bardaï", "marker_index": 5, "terrain_type_id": 12, "terrain_type": "Mountain"}, "geometry": {"type": "Point", "coordinates": [6857.0, 3470.0]}}, {"type": "Feature", "properties": {"province_id": 1807, "name": "Bardaï", "marker_index": 6, "terrain_type_id": 12, "terrain_type": "Mountain"}, "geometry": {"type": "Point", "coordinates": [6879.0, 3479.0]}}, {"type": "Feature", "properties": {"province_id": 1807, "name": "Bardaï", "marker_index": 7, "terrain_type_id": 12, "terrain_type": "Mountain"}, "geometry": {"type": "Point", "coordinates": [6903.0, 3486.0]}}, {"type": "Feature", "properties": {"province_id": 1963, "name": "Ananalava", "marker_index": 0, "terrain_type_id": 12, "terrain_type": "Mountain"}, "geometry": {"type": "Point", "coordinates": [8246.0, 4966.0]}}, {"type": "Feature", "properties": {"province_id": 1963, "name": "Ananalava", "marker_index": 1, "terrain_type_id": 12, "terrain_type": "Mountain"}, "geometry": {"type": "Point", "coordinates": [8261.0, 4954.0]}}, {"type": "Feature", "properties": {"province_id": 1963, "name": "Ananalava", "marker_index": 2, "terrain_type_id": 12, "terrain_type": "Mountain"}, "geometry": {"type": "Point", "coordinates": [8263.0, 4969.0]}}, {"type": "Feature", "properties": {"province_id": 1963, "name": "Ananalava", "marker_index": 3, "terrain_type_id": 12, "terrain_type": "Mountain"}, "geometry": {"type": "Point", "coordinates": [8274.0, 4950.0]}}, {"type": "Feature", "properties": {"province_id": 1975, "name": "Ambositra", "marker_index": 0, "terrain_type_id": 12, "terrain_type": "Mountain"}, "geometry": {"type": "Point", "coordinates": [8137.0, 5179.0]}}, {"type": "Feature", "properties": {"province_id": 1975, "name": "Ambositra", "marker_index": 1, "terrain_type_id": 12, "terrain_type": "Mountain"}, "geometry": {"type": "Point", "coordinates": [8152.0, 5172.0]}}, {"type": "Feature", "properties": {"province_id": 1975, "name": "Ambositra", "marker_index": 2, "terrain_type_id": 12, "terrain_type": "Mountain"}, "geometry": {"type": "Point", "coordinates": [8159.0, 5196.0]}}, {"type": "Feature", "properties": {"province_id": 1975, "name": "Ambositra", "marker_index": 3, "terrain_type_id": 12, "terrain_type": "Mountain"}, "geometry": {"type": "Point", "coordinates": [8167.0, 5181.0]}}, {"type": "Feature", "properties": {"province_id": 1975, "name": "Ambositra", "marker_index": 4, "terrain_type_id": 12, "terrain_type": "Mountain"}, "geometry": {"type": "Point", "coordinates": [8178.0, 5192.0]}}, {"type": "Feature", "properties": {"province_id": 1975, "name": "Ambositra", "marker_index": 5, "terrain_type_id": 12, "terrain_type": "Mountain"}, "geometry": {"type": "Point", "coordinates": [8181.0, 5177.0]}}, {"type": "Feature", "properties": {"province_id": 1981, "name": "Mendak", "marker_index": 0, "terrain_type_id": 12, "terrain_type": "Mountain"}, "geometry": {"type": "Point", "coordinates": [8065.0, 3533.0]}}, {"type": "Feature", "properties": {"province_id": 1981, "name": "Mendak", "marker_index": 1, "terrain_type_id": 12, "terrain_type": "Mountain"}, "geometry": {"type": "Point", "coordinates": [8099.0, 3552.0]}}, {"type": "Feature", "properties": {"province_id": 1981, "name": "Mendak", "marker_index": 2, "terrain_type_id": 12, "terrain_type": "Mountain"}, "geometry": {"type": "Point", "coordinates": [8110.0, 3578.0]}}, {"type": "Feature", "properties": {"province_id": 1981, "name": "Mendak", "marker_index": 3, "terrain_type_id": 12, "terrain_type": "Mountain"}, "geometry": {"type": "Point", "coordinates": [8115.0, 3605.0]}}, {"type": "Feature", "properties": {"province_id": 1982, "name": "Ashaira", "marker_index": 0, "terrain_type_id": 12, "terrain_type": "Mountain"}, "geometry": {"type": "Point", "coordinates": [8048.0, 3483.0]}}, {"type": "Feature", "properties": {"province_id": 1982, "name": "Ashaira", "marker_index": 1, "terrain_type_id": 12, "terrain_type": "Mountain"}, "geometry": {"type": "Point", "coordinates": [8061.0, 3501.0]}}, {"type": "Feature", "properties": {"province_id": 1988, "name": "Hadiya", "marker_index": 0, "terrain_type_id": 12, "terrain_type": "Mountain"}, "geometry": {"type": "Point", "coordinates": [7985.0, 3320.0]}}, {"type": "Feature", "properties": {"province_id": 1988, "name": "Hadiya", "marker_index": 1, "terrain_type_id": 12, "terrain_type": "Mountain"}, "geometry": {"type": "Point", "coordinates": [8001.0, 3327.0]}}, {"type": "Feature", "properties": {"province_id": 1988, "name": "Hadiya", "marker_index": 2, "terrain_type_id": 12, "terrain_type": "Mountain"}, "geometry": {"type": "Point", "coordinates": [8015.0, 3343.0]}}, {"type": "Feature", "properties": {"province_id": 1989, "name": "Khaibar", "marker_index": 0, "terrain_type_id": 12, "terrain_type": "Mountain"}, "geometry": {"type": "Point", "coordinates": [8061.0, 3331.0]}}, {"type": "Feature", "properties": {"province_id": 1989, "name": "Khaibar", "marker_index": 1, "terrain_type_id": 12, "terrain_type": "Mountain"}, "geometry": {"type": "Point", "coordinates": [8063.0, 3300.0]}}, {"type": "Feature", "properties": {"province_id": 1989, "name": "Khaibar", "marker_index": 2, "terrain_type_id": 12, "terrain_type": "Mountain"}, "geometry": {"type": "Point", "coordinates": [8076.0, 3348.0]}}, {"type": "Feature", "properties": {"province_id": 1989, "name": "Khaibar", "marker_index": 3, "terrain_type_id": 12, "terrain_type": "Mountain"}, "geometry": {"type": "Point", "coordinates": [8079.0, 3296.0]}}, {"type": "Feature", "properties": {"province_id": 1989, "name": "Khaibar", "marker_index": 4, "terrain_type_id": 12, "terrain_type": "Mountain"}, "geometry": {"type": "Point", "coordinates": [8097.0, 3326.0]}}, {"type": "Feature", "properties": {"province_id": 1989, "name": "Khaibar", "marker_index": 5, "terrain_type_id": 12, "terrain_type": "Mountain"}, "geometry": {"type": "Point", "coordinates": [8106.0, 3370.0]}}, {"type": "Feature", "properties": {"province_id": 1995, "name": "Hajariya", "marker_index": 0, "terrain_type_id": 12, "terrain_type": "Mountain"}, "geometry": {"type": "Point", "coordinates": [8080.0, 3438.0]}}, {"type": "Feature", "properties": {"province_id": 1995, "name": "Hajariya", "marker_index": 1, "terrain_type_id": 12, "terrain_type": "Mountain"}, "geometry": {"type": "Point", "coordinates": [8101.0, 3427.0]}}, {"type": "Feature", "properties": {"province_id": 1995, "name": "Hajariya", "marker_index": 2, "terrain_type_id": 12, "terrain_type": "Mountain"}, "geometry": {"type": "Point", "coordinates": [8115.0, 3472.0]}}, {"type": "Feature", "properties": {"province_id": 1995, "name": "Hajariya", "marker_index": 3, "terrain_type_id": 12, "terrain_type": "Mountain"}, "geometry": {"type": "Point", "coordinates": [8123.0, 3438.0]}}, {"type": "Feature", "properties": {"province_id": 1995, "name": "Hajariya", "marker_index": 4, "terrain_type_id": 12, "terrain_type": "Mountain"}, "geometry": {"type": "Point", "coordinates": [8130.0, 3484.0]}}, {"type": "Feature", "properties": {"province_id": 1996, "name": "Sabiya", "marker_index": 0, "terrain_type_id": 12, "terrain_type": "Mountain"}, "geometry": {"type": "Point", "coordinates": [8155.0, 3639.0]}}, {"type": "Feature", "properties": {"province_id": 1996, "name": "Sabiya", "marker_index": 1, "terrain_type_id": 12, "terrain_type": "Mountain"}, "geometry": {"type": "Point", "coordinates": [8168.0, 3649.0]}}, {"type": "Feature", "properties": {"province_id": 1996, "name": "Sabiya", "marker_index": 2, "terrain_type_id": 12, "terrain_type": "Mountain"}, "geometry": {"type": "Point", "coordinates": [8177.0, 3672.0]}}, {"type": "Feature", "properties": {"province_id": 1996, "name": "Sabiya", "marker_index": 3, "terrain_type_id": 12, "terrain_type": "Mountain"}, "geometry": {"type": "Point", "coordinates": [8190.0, 3664.0]}}, {"type": "Feature", "properties": {"province_id": 1996, "name": "Sabiya", "marker_index": 4, "terrain_type_id": 12, "terrain_type": "Mountain"}, "geometry": {"type": "Point", "coordinates": [8192.0, 3728.0]}}, {"type": "Feature", "properties": {"province_id": 1996, "name": "Sabiya", "marker_index": 5, "terrain_type_id": 12, "terrain_type": "Mountain"}, "geometry": {"type": "Point", "coordinates": [8196.0, 3700.0]}}, {"type": "Feature", "properties": {"province_id": 2012, "name": "Dhamar", "marker_index": 0, "terrain_type_id": 12, "terrain_type": "Mountain"}, "geometry": {"type": "Point", "coordinates": [8240.0, 3761.0]}}, {"type": "Feature", "properties": {"province_id": 2012, "name": "Dhamar", "marker_index": 1, "terrain_type_id": 12, "terrain_type": "Mountain"}, "geometry": {"type": "Point", "coordinates": [8265.0, 3754.0]}}, {"type": "Feature", "properties": {"province_id": 2012, "name": "Dhamar", "marker_index": 2, "terrain_type_id": 12, "terrain_type": "Mountain"}, "geometry": {"type": "Point", "coordinates": [8275.0, 3771.0]}}, {"type": "Feature", "properties": {"province_id": 2012, "name": "Dhamar", "marker_index": 3, "terrain_type_id": 12, "terrain_type": "Mountain"}, "geometry": {"type": "Point", "coordinates": [8302.0, 3766.0]}}, {"type": "Feature", "properties": {"province_id": 2015, "name": "Mocha", "marker_index": 0, "terrain_type_id": 12, "terrain_type": "Mountain"}, "geometry": {"type": "Point", "coordinates": [8222.0, 3816.0]}}, {"type": "Feature", "properties": {"province_id": 2015, "name": "Mocha", "marker_index": 1, "terrain_type_id": 12, "terrain_type": "Mountain"}, "geometry": {"type": "Point", "coordinates": [8231.0, 3836.0]}}, {"type": "Feature", "properties": {"province_id": 2017, "name": "Qadhima", "marker_index": 0, "terrain_type_id": 12, "terrain_type": "Mountain"}, "geometry": {"type": "Point", "coordinates": [7999.0, 3413.0]}}, {"type": "Feature", "properties": {"province_id": 2017, "name": "Qadhima", "marker_index": 1, "terrain_type_id": 12, "terrain_type": "Mountain"}, "geometry": {"type": "Point", "coordinates": [8011.0, 3420.0]}}, {"type": "Feature", "properties": {"province_id": 2017, "name": "Qadhima", "marker_index": 2, "terrain_type_id": 12, "terrain_type": "Mountain"}, "geometry": {"type": "Point", "coordinates": [8024.0, 3419.0]}}, {"type": "Feature", "properties": {"province_id": 2025, "name": "Aden", "marker_index": 0, "terrain_type_id": 12, "terrain_type": "Mountain"}, "geometry": {"type": "Point", "coordinates": [8269.0, 3872.0]}}, {"type": "Feature", "properties": {"province_id": 2025, "name": "Aden", "marker_index": 1, "terrain_type_id": 12, "terrain_type": "Mountain"}, "geometry": {"type": "Point", "coordinates": [8289.0, 3850.0]}}, {"type": "Feature", "properties": {"province_id": 2025, "name": "Aden", "marker_index": 2, "terrain_type_id": 12, "terrain_type": "Mountain"}, "geometry": {"type": "Point", "coordinates": [8316.0, 3839.0]}}, {"type": "Feature", "properties": {"province_id": 2025, "name": "Aden", "marker_index": 3, "terrain_type_id": 12, "terrain_type": "Mountain"}, "geometry": {"type": "Point", "coordinates": [8346.0, 3835.0]}}, {"type": "Feature", "properties": {"province_id": 2027, "name": "Sakwa", "marker_index": 0, "terrain_type_id": 12, "terrain_type": "Mountain"}, "geometry": {"type": "Point", "coordinates": [8348.0, 3798.0]}}, {"type": "Feature", "properties": {"province_id": 2027, "name": "Sakwa", "marker_index": 1, "terrain_type_id": 12, "terrain_type": "Mountain"}, "geometry": {"type": "Point", "coordinates": [8359.0, 3785.0]}}, {"type": "Feature", "properties": {"province_id": 2027, "name": "Sakwa", "marker_index": 2, "terrain_type_id": 12, "terrain_type": "Mountain"}, "geometry": {"type": "Point", "coordinates": [8385.0, 3779.0]}}, {"type": "Feature", "properties": {"province_id": 2027, "name": "Sakwa", "marker_index": 3, "terrain_type_id": 12, "terrain_type": "Mountain"}, "geometry": {"type": "Point", "coordinates": [8399.0, 3758.0]}}, {"type": "Feature", "properties": {"province_id": 2037, "name": "Damascus", "marker_index": 0, "terrain_type_id": 12, "terrain_type": "Mountain"}, "geometry": {"type": "Point", "coordinates": [7886.0, 2832.0]}}, {"type": "Feature", "properties": {"province_id": 2037, "name": "Damascus", "marker_index": 1, "terrain_type_id": 12, "terrain_type": "Mountain"}, "geometry": {"type": "Point", "coordinates": [7894.0, 2850.0]}}, {"type": "Feature", "properties": {"province_id": 2080, "name": "Amol", "marker_index": 0, "terrain_type_id": 12, "terrain_type": "Mountain"}, "geometry": {"type": "Point", "coordinates": [8491.0, 2646.0]}}, {"type": "Feature", "properties": {"province_id": 2080, "name": "Amol", "marker_index": 1, "terrain_type_id": 12, "terrain_type": "Mountain"}, "geometry": {"type": "Point", "coordinates": [8508.0, 2651.0]}}, {"type": "Feature", "properties": {"province_id": 2080, "name": "Amol", "marker_index": 2, "terrain_type_id": 12, "terrain_type": "Mountain"}, "geometry": {"type": "Point", "coordinates": [8526.0, 2660.0]}}, {"type": "Feature", "properties": {"province_id": 2080, "name": "Amol", "marker_index": 3, "terrain_type_id": 12, "terrain_type": "Mountain"}, "geometry": {"type": "Point", "coordinates": [8544.0, 2669.0]}}, {"type": "Feature", "properties": {"province_id": 2080, "name": "Amol", "marker_index": 4, "terrain_type_id": 12, "terrain_type": "Mountain"}, "geometry": {"type": "Point", "coordinates": [8559.0, 2658.0]}}, {"type": "Feature", "properties": {"province_id": 2080, "name": "Amol", "marker_index": 5, "terrain_type_id": 12, "terrain_type": "Mountain"}, "geometry": {"type": "Point", "coordinates": [8559.0, 2697.0]}}, {"type": "Feature", "properties": {"province_id": 2080, "name": "Amol", "marker_index": 6, "terrain_type_id": 12, "terrain_type": "Mountain"}, "geometry": {"type": "Point", "coordinates": [8562.0, 2678.0]}}, {"type": "Feature", "properties": {"province_id": 2081, "name": "Gyumri", "marker_index": 0, "terrain_type_id": 12, "terrain_type": "Mountain"}, "geometry": {"type": "Point", "coordinates": [8161.0, 2349.0]}}, {"type": "Feature", "properties": {"province_id": 2081, "name": "Gyumri", "marker_index": 1, "terrain_type_id": 12, "terrain_type": "Mountain"}, "geometry": {"type": "Point", "coordinates": [8167.0, 2373.0]}}, {"type": "Feature", "properties": {"province_id": 2081, "name": "Gyumri", "marker_index": 2, "terrain_type_id": 12, "terrain_type": "Mountain"}, "geometry": {"type": "Point", "coordinates": [8178.0, 2358.0]}}, {"type": "Feature", "properties": {"province_id": 2081, "name": "Gyumri", "marker_index": 3, "terrain_type_id": 12, "terrain_type": "Mountain"}, "geometry": {"type": "Point", "coordinates": [8180.0, 2377.0]}}, {"type": "Feature", "properties": {"province_id": 2081, "name": "Gyumri", "marker_index": 4, "terrain_type_id": 12, "terrain_type": "Mountain"}, "geometry": {"type": "Point", "coordinates": [8190.0, 2404.0]}}, {"type": "Feature", "properties": {"province_id": 2081, "name": "Gyumri", "marker_index": 5, "terrain_type_id": 12, "terrain_type": "Mountain"}, "geometry": {"type": "Point", "coordinates": [8198.0, 2378.0]}}, {"type": "Feature", "properties": {"province_id": 2081, "name": "Gyumri", "marker_index": 6, "terrain_type_id": 12, "terrain_type": "Mountain"}, "geometry": {"type": "Point", "coordinates": [8204.0, 2404.0]}}, {"type": "Feature", "properties": {"province_id": 2081, "name": "Gyumri", "marker_index": 7, "terrain_type_id": 12, "terrain_type": "Mountain"}, "geometry": {"type": "Point", "coordinates": [8213.0, 2412.0]}}, {"type": "Feature", "properties": {"province_id": 2081, "name": "Gyumri", "marker_index": 8, "terrain_type_id": 12, "terrain_type": "Mountain"}, "geometry": {"type": "Point", "coordinates": [8214.0, 2387.0]}}, {"type": "Feature", "properties": {"province_id": 2081, "name": "Gyumri", "marker_index": 9, "terrain_type_id": 12, "terrain_type": "Mountain"}, "geometry": {"type": "Point", "coordinates": [8216.0, 2401.0]}}, {"type": "Feature", "properties": {"province_id": 2081, "name": "Gyumri", "marker_index": 10, "terrain_type_id": 12, "terrain_type": "Mountain"}, "geometry": {"type": "Point", "coordinates": [8238.0, 2428.0]}}, {"type": "Feature", "properties": {"province_id": 2086, "name": "Urmia", "marker_index": 0, "terrain_type_id": 12, "terrain_type": "Mountain"}, "geometry": {"type": "Point", "coordinates": [8206.0, 2524.0]}}, {"type": "Feature", "properties": {"province_id": 2086, "name": "Urmia", "marker_index": 1, "terrain_type_id": 12, "terrain_type": "Mountain"}, "geometry": {"type": "Point", "coordinates": [8214.0, 2499.0]}}, {"type": "Feature", "properties": {"province_id": 2086, "name": "Urmia", "marker_index": 2, "terrain_type_id": 12, "terrain_type": "Mountain"}, "geometry": {"type": "Point", "coordinates": [8217.0, 2448.0]}}, {"type": "Feature", "properties": {"province_id": 2086, "name": "Urmia", "marker_index": 3, "terrain_type_id": 12, "terrain_type": "Mountain"}, "geometry": {"type": "Point", "coordinates": [8220.0, 2470.0]}}, {"type": "Feature", "properties": {"province_id": 2086, "name": "Urmia", "marker_index": 4, "terrain_type_id": 12, "terrain_type": "Mountain"}, "geometry": {"type": "Point", "coordinates": [8222.0, 2515.0]}}, {"type": "Feature", "properties": {"province_id": 2086, "name": "Urmia", "marker_index": 5, "terrain_type_id": 12, "terrain_type": "Mountain"}, "geometry": {"type": "Point", "coordinates": [8222.0, 2540.0]}}, {"type": "Feature", "properties": {"province_id": 2086, "name": "Urmia", "marker_index": 6, "terrain_type_id": 12, "terrain_type": "Mountain"}, "geometry": {"type": "Point", "coordinates": [8228.0, 2491.0]}}, {"type": "Feature", "properties": {"province_id": 2086, "name": "Urmia", "marker_index": 7, "terrain_type_id": 12, "terrain_type": "Mountain"}, "geometry": {"type": "Point", "coordinates": [8235.0, 2481.0]}}, {"type": "Feature", "properties": {"province_id": 2086, "name": "Urmia", "marker_index": 8, "terrain_type_id": 12, "terrain_type": "Mountain"}, "geometry": {"type": "Point", "coordinates": [8243.0, 2502.0]}}, {"type": "Feature", "properties": {"province_id": 2096, "name": "Mashhad", "marker_index": 0, "terrain_type_id": 12, "terrain_type": "Mountain"}, "geometry": {"type": "Point", "coordinates": [8704.0, 2574.0]}}, {"type": "Feature", "properties": {"province_id": 2096, "name": "Mashhad", "marker_index": 1, "terrain_type_id": 12, "terrain_type": "Mountain"}, "geometry": {"type": "Point", "coordinates": [8706.0, 2605.0]}}, {"type": "Feature", "properties": {"province_id": 2096, "name": "Mashhad", "marker_index": 2, "terrain_type_id": 12, "terrain_type": "Mountain"}, "geometry": {"type": "Point", "coordinates": [8714.0, 2661.0]}}, {"type": "Feature", "properties": {"province_id": 2096, "name": "Mashhad", "marker_index": 3, "terrain_type_id": 12, "terrain_type": "Mountain"}, "geometry": {"type": "Point", "coordinates": [8720.0, 2591.0]}}, {"type": "Feature", "properties": {"province_id": 2096, "name": "Mashhad", "marker_index": 4, "terrain_type_id": 12, "terrain_type": "Mountain"}, "geometry": {"type": "Point", "coordinates": [8730.0, 2638.0]}}, {"type": "Feature", "properties": {"province_id": 2096, "name": "Mashhad", "marker_index": 5, "terrain_type_id": 12, "terrain_type": "Mountain"}, "geometry": {"type": "Point", "coordinates": [8740.0, 2607.0]}}, {"type": "Feature", "properties": {"province_id": 2096, "name": "Mashhad", "marker_index": 6, "terrain_type_id": 12, "terrain_type": "Mountain"}, "geometry": {"type": "Point", "coordinates": [8745.0, 2642.0]}}, {"type": "Feature", "properties": {"province_id": 2096, "name": "Mashhad", "marker_index": 7, "terrain_type_id": 12, "terrain_type": "Mountain"}, "geometry": {"type": "Point", "coordinates": [8769.0, 2611.0]}}, {"type": "Feature", "properties": {"province_id": 2096, "name": "Mashhad", "marker_index": 8, "terrain_type_id": 12, "terrain_type": "Mountain"}, "geometry": {"type": "Point", "coordinates": [8771.0, 2644.0]}}, {"type": "Feature", "properties": {"province_id": 2096, "name": "Mashhad", "marker_index": 9, "terrain_type_id": 12, "terrain_type": "Mountain"}, "geometry": {"type": "Point", "coordinates": [8784.0, 2630.0]}}, {"type": "Feature", "properties": {"province_id": 2097, "name": "Gorgan", "marker_index": 0, "terrain_type_id": 12, "terrain_type": "Mountain"}, "geometry": {"type": "Point", "coordinates": [8604.0, 2620.0]}}, {"type": "Feature", "properties": {"province_id": 2097, "name": "Gorgan", "marker_index": 1, "terrain_type_id": 12, "terrain_type": "Mountain"}, "geometry": {"type": "Point", "coordinates": [8606.0, 2646.0]}}, {"type": "Feature", "properties": {"province_id": 2097, "name": "Gorgan", "marker_index": 2, "terrain_type_id": 12, "terrain_type": "Mountain"}, "geometry": {"type": "Point", "coordinates": [8616.0, 2710.0]}}, {"type": "Feature", "properties": {"province_id": 2097, "name": "Gorgan", "marker_index": 3, "terrain_type_id": 12, "terrain_type": "Mountain"}, "geometry": {"type": "Point", "coordinates": [8620.0, 2636.0]}}, {"type": "Feature", "properties": {"province_id": 2097, "name": "Gorgan", "marker_index": 4, "terrain_type_id": 12, "terrain_type": "Mountain"}, "geometry": {"type": "Point", "coordinates": [8620.0, 2694.0]}}, {"type": "Feature", "properties": {"province_id": 2097, "name": "Gorgan", "marker_index": 5, "terrain_type_id": 12, "terrain_type": "Mountain"}, "geometry": {"type": "Point", "coordinates": [8624.0, 2608.0]}}, {"type": "Feature", "properties": {"province_id": 2097, "name": "Gorgan", "marker_index": 6, "terrain_type_id": 12, "terrain_type": "Mountain"}, "geometry": {"type": "Point", "coordinates": [8636.0, 2667.0]}}, {"type": "Feature", "properties": {"province_id": 2097, "name": "Gorgan", "marker_index": 7, "terrain_type_id": 12, "terrain_type": "Mountain"}, "geometry": {"type": "Point", "coordinates": [8638.0, 2595.0]}}, {"type": "Feature", "properties": {"province_id": 2097, "name": "Gorgan", "marker_index": 8, "terrain_type_id": 12, "terrain_type": "Mountain"}, "geometry": {"type": "Point", "coordinates": [8641.0, 2685.0]}}, {"type": "Feature", "properties": {"province_id": 2097, "name": "Gorgan", "marker_index": 9, "terrain_type_id": 12, "terrain_type": "Mountain"}, "geometry": {"type": "Point", "coordinates": [8643.0, 2633.0]}}, {"type": "Feature", "properties": {"province_id": 2097, "name": "Gorgan", "marker_index": 10, "terrain_type_id": 12, "terrain_type": "Mountain"}, "geometry": {"type": "Point", "coordinates": [8656.0, 2646.0]}}, {"type": "Feature", "properties": {"province_id": 2097, "name": "Gorgan", "marker_index": 11, "terrain_type_id": 12, "terrain_type": "Mountain"}, "geometry": {"type": "Point", "coordinates": [8658.0, 2599.0]}}, {"type": "Feature", "properties": {"province_id": 2097, "name": "Gorgan", "marker_index": 12, "terrain_type_id": 12, "terrain_type": "Mountain"}, "geometry": {"type": "Point", "coordinates": [8661.0, 2623.0]}}, {"type": "Feature", "properties": {"province_id": 2111, "name": "Jelalabad", "marker_index": 0, "terrain_type_id": 12, "terrain_type": "Mountain"}, "geometry": {"type": "Point", "coordinates": [9140.0, 2690.0]}}, {"type": "Feature", "properties": {"province_id": 2111, "name": "Jelalabad", "marker_index": 1, "terrain_type_id": 12, "terrain_type": "Mountain"}, "geometry": {"type": "Point", "coordinates": [9142.0, 2715.0]}}, {"type": "Feature", "properties": {"province_id": 2111, "name": "Jelalabad", "marker_index": 2, "terrain_type_id": 12, "terrain_type": "Mountain"}, "geometry": {"type": "Point", "coordinates": [9149.0, 2728.0]}}, {"type": "Feature", "properties": {"province_id": 2111, "name": "Jelalabad", "marker_index": 3, "terrain_type_id": 12, "terrain_type": "Mountain"}, "geometry": {"type": "Point", "coordinates": [9159.0, 2688.0]}}, {"type": "Feature", "properties": {"province_id": 2111, "name": "Jelalabad", "marker_index": 4, "terrain_type_id": 12, "terrain_type": "Mountain"}, "geometry": {"type": "Point", "coordinates": [9162.0, 2667.0]}}, {"type": "Feature", "properties": {"province_id": 2111, "name": "Jelalabad", "marker_index": 5, "terrain_type_id": 12, "terrain_type": "Mountain"}, "geometry": {"type": "Point", "coordinates": [9162.0, 2741.0]}}, {"type": "Feature", "properties": {"province_id": 2111, "name": "Jelalabad", "marker_index": 6, "terrain_type_id": 12, "terrain_type": "Mountain"}, "geometry": {"type": "Point", "coordinates": [9166.0, 2704.0]}}, {"type": "Feature", "properties": {"province_id": 2111, "name": "Jelalabad", "marker_index": 7, "terrain_type_id": 12, "terrain_type": "Mountain"}, "geometry": {"type": "Point", "coordinates": [9173.0, 2662.0]}}, {"type": "Feature", "properties": {"province_id": 2111, "name": "Jelalabad", "marker_index": 8, "terrain_type_id": 12, "terrain_type": "Mountain"}, "geometry": {"type": "Point", "coordinates": [9177.0, 2644.0]}}, {"type": "Feature", "properties": {"province_id": 2111, "name": "Jelalabad", "marker_index": 9, "terrain_type_id": 12, "terrain_type": "Mountain"}, "geometry": {"type": "Point", "coordinates": [9178.0, 2622.0]}}, {"type": "Feature", "properties": {"province_id": 2111, "name": "Jelalabad", "marker_index": 10, "terrain_type_id": 12, "terrain_type": "Mountain"}, "geometry": {"type": "Point", "coordinates": [9180.0, 2724.0]}}, {"type": "Feature", "properties": {"province_id": 2111, "name": "Jelalabad", "marker_index": 11, "terrain_type_id": 12, "terrain_type": "Mountain"}, "geometry": {"type": "Point", "coordinates": [9182.0, 2738.0]}}, {"type": "Feature", "properties": {"province_id": 2111, "name": "Jelalabad", "marker_index": 12, "terrain_type_id": 12, "terrain_type": "Mountain"}, "geometry": {"type": "Point", "coordinates": [9186.0, 2688.0]}}, {"type": "Feature", "properties": {"province_id": 2111, "name": "Jelalabad", "marker_index": 13, "terrain_type_id": 12, "terrain_type": "Mountain"}, "geometry": {"type": "Point", "coordinates": [9191.0, 2667.0]}}, {"type": "Feature", "properties": {"province_id": 2111, "name": "Jelalabad", "marker_index": 14, "terrain_type_id": 12, "terrain_type": "Mountain"}, "geometry": {"type": "Point", "coordinates": [9191.0, 2708.0]}}, {"type": "Feature", "properties": {"province_id": 2118, "name": "Faizabad", "marker_index": 0, "terrain_type_id": 12, "terrain_type": "Mountain"}, "geometry": {"type": "Point", "coordinates": [9109.0, 2589.0]}}, {"type": "Feature", "properties": {"province_id": 2118, "name": "Faizabad", "marker_index": 1, "terrain_type_id": 12, "terrain_type": "Mountain"}, "geometry": {"type": "Point", "coordinates": [9112.0, 2619.0]}}, {"type": "Feature", "properties": {"province_id": 2118, "name": "Faizabad", "marker_index": 2, "terrain_type_id": 12, "terrain_type": "Mountain"}, "geometry": {"type": "Point", "coordinates": [9112.0, 2634.0]}}, {"type": "Feature", "properties": {"province_id": 2118, "name": "Faizabad", "marker_index": 3, "terrain_type_id": 12, "terrain_type": "Mountain"}, "geometry": {"type": "Point", "coordinates": [9127.0, 2637.0]}}, {"type": "Feature", "properties": {"province_id": 2118, "name": "Faizabad", "marker_index": 4, "terrain_type_id": 12, "terrain_type": "Mountain"}, "geometry": {"type": "Point", "coordinates": [9128.0, 2581.0]}}, {"type": "Feature", "properties": {"province_id": 2118, "name": "Faizabad", "marker_index": 5, "terrain_type_id": 12, "terrain_type": "Mountain"}, "geometry": {"type": "Point", "coordinates": [9128.0, 2598.0]}}, {"type": "Feature", "properties": {"province_id": 2118, "name": "Faizabad", "marker_index": 6, "terrain_type_id": 12, "terrain_type": "Mountain"}, "geometry": {"type": "Point", "coordinates": [9131.0, 2536.0]}}, {"type": "Feature", "properties": {"province_id": 2118, "name": "Faizabad", "marker_index": 7, "terrain_type_id": 12, "terrain_type": "Mountain"}, "geometry": {"type": "Point", "coordinates": [9132.0, 2615.0]}}, {"type": "Feature", "properties": {"province_id": 2118, "name": "Faizabad", "marker_index": 8, "terrain_type_id": 12, "terrain_type": "Mountain"}, "geometry": {"type": "Point", "coordinates": [9138.0, 2564.0]}}, {"type": "Feature", "properties": {"province_id": 2118, "name": "Faizabad", "marker_index": 9, "terrain_type_id": 12, "terrain_type": "Mountain"}, "geometry": {"type": "Point", "coordinates": [9143.0, 2598.0]}}, {"type": "Feature", "properties": {"province_id": 2118, "name": "Faizabad", "marker_index": 10, "terrain_type_id": 12, "terrain_type": "Mountain"}, "geometry": {"type": "Point", "coordinates": [9145.0, 2623.0]}}, {"type": "Feature", "properties": {"province_id": 2118, "name": "Faizabad", "marker_index": 11, "terrain_type_id": 12, "terrain_type": "Mountain"}, "geometry": {"type": "Point", "coordinates": [9151.0, 2609.0]}}, {"type": "Feature", "properties": {"province_id": 2118, "name": "Faizabad", "marker_index": 12, "terrain_type_id": 12, "terrain_type": "Mountain"}, "geometry": {"type": "Point", "coordinates": [9153.0, 2585.0]}}, {"type": "Feature", "properties": {"province_id": 2129, "name": "Leh", "marker_index": 0, "terrain_type_id": 12, "terrain_type": "Mountain"}, "geometry": {"type": "Point", "coordinates": [9466.0, 2740.0]}}, {"type": "Feature", "properties": {"province_id": 2129, "name": "Leh", "marker_index": 1, "terrain_type_id": 12, "terrain_type": "Mountain"}, "geometry": {"type": "Point", "coordinates": [9477.0, 2705.0]}}, {"type": "Feature", "properties": {"province_id": 2129, "name": "Leh", "marker_index": 2, "terrain_type_id": 12, "terrain_type": "Mountain"}, "geometry": {"type": "Point", "coordinates": [9480.0, 2667.0]}}, {"type": "Feature", "properties": {"province_id": 2129, "name": "Leh", "marker_index": 3, "terrain_type_id": 12, "terrain_type": "Mountain"}, "geometry": {"type": "Point", "coordinates": [9488.0, 2688.0]}}, {"type": "Feature", "properties": {"province_id": 2129, "name": "Leh", "marker_index": 4, "terrain_type_id": 12, "terrain_type": "Mountain"}, "geometry": {"type": "Point", "coordinates": [9495.0, 2669.0]}}, {"type": "Feature", "properties": {"province_id": 2129, "name": "Leh", "marker_index": 5, "terrain_type_id": 12, "terrain_type": "Mountain"}, "geometry": {"type": "Point", "coordinates": [9510.0, 2722.0]}}, {"type": "Feature", "properties": {"province_id": 2129, "name": "Leh", "marker_index": 6, "terrain_type_id": 12, "terrain_type": "Mountain"}, "geometry": {"type": "Point", "coordinates": [9511.0, 2681.0]}}, {"type": "Feature", "properties": {"province_id": 2129, "name": "Leh", "marker_index": 7, "terrain_type_id": 12, "terrain_type": "Mountain"}, "geometry": {"type": "Point", "coordinates": [9521.0, 2700.0]}}, {"type": "Feature", "properties": {"province_id": 2129, "name": "Leh", "marker_index": 8, "terrain_type_id": 12, "terrain_type": "Mountain"}, "geometry": {"type": "Point", "coordinates": [9525.0, 2674.0]}}, {"type": "Feature", "properties": {"province_id": 2129, "name": "Leh", "marker_index": 9, "terrain_type_id": 12, "terrain_type": "Mountain"}, "geometry": {"type": "Point", "coordinates": [9540.0, 2665.0]}}, {"type": "Feature", "properties": {"province_id": 2129, "name": "Leh", "marker_index": 10, "terrain_type_id": 12, "terrain_type": "Mountain"}, "geometry": {"type": "Point", "coordinates": [9542.0, 2688.0]}}, {"type": "Feature", "properties": {"province_id": 2129, "name": "Leh", "marker_index": 11, "terrain_type_id": 12, "terrain_type": "Mountain"}, "geometry": {"type": "Point", "coordinates": [9554.0, 2670.0]}}, {"type": "Feature", "properties": {"province_id": 2129, "name": "Leh", "marker_index": 12, "terrain_type_id": 12, "terrain_type": "Mountain"}, "geometry": {"type": "Point", "coordinates": [9562.0, 2691.0]}}, {"type": "Feature", "properties": {"province_id": 2131, "name": "Gilgit", "marker_index": 0, "terrain_type_id": 12, "terrain_type": "Mountain"}, "geometry": {"type": "Point", "coordinates": [9217.0, 2624.0]}}, {"type": "Feature", "properties": {"province_id": 2131, "name": "Gilgit", "marker_index": 1, "terrain_type_id": 12, "terrain_type": "Mountain"}, "geometry": {"type": "Point", "coordinates": [9228.0, 2631.0]}}, {"type": "Feature", "properties": {"province_id": 2131, "name": "Gilgit", "marker_index": 2, "terrain_type_id": 12, "terrain_type": "Mountain"}, "geometry": {"type": "Point", "coordinates": [9236.0, 2644.0]}}, {"type": "Feature", "properties": {"province_id": 2131, "name": "Gilgit", "marker_index": 3, "terrain_type_id": 12, "terrain_type": "Mountain"}, "geometry": {"type": "Point", "coordinates": [9239.0, 2659.0]}}, {"type": "Feature", "properties": {"province_id": 2131, "name": "Gilgit", "marker_index": 4, "terrain_type_id": 12, "terrain_type": "Mountain"}, "geometry": {"type": "Point", "coordinates": [9241.0, 2623.0]}}, {"type": "Feature", "properties": {"province_id": 2131, "name": "Gilgit", "marker_index": 5, "terrain_type_id": 12, "terrain_type": "Mountain"}, "geometry": {"type": "Point", "coordinates": [9245.0, 2642.0]}}, {"type": "Feature", "properties": {"province_id": 2131, "name": "Gilgit", "marker_index": 6, "terrain_type_id": 12, "terrain_type": "Mountain"}, "geometry": {"type": "Point", "coordinates": [9258.0, 2659.0]}}, {"type": "Feature", "properties": {"province_id": 2131, "name": "Gilgit", "marker_index": 7, "terrain_type_id": 12, "terrain_type": "Mountain"}, "geometry": {"type": "Point", "coordinates": [9263.0, 2638.0]}}, {"type": "Feature", "properties": {"province_id": 2131, "name": "Gilgit", "marker_index": 8, "terrain_type_id": 12, "terrain_type": "Mountain"}, "geometry": {"type": "Point", "coordinates": [9280.0, 2620.0]}}, {"type": "Feature", "properties": {"province_id": 2131, "name": "Gilgit", "marker_index": 9, "terrain_type_id": 12, "terrain_type": "Mountain"}, "geometry": {"type": "Point", "coordinates": [9290.0, 2637.0]}}, {"type": "Feature", "properties": {"province_id": 2131, "name": "Gilgit", "marker_index": 10, "terrain_type_id": 12, "terrain_type": "Mountain"}, "geometry": {"type": "Point", "coordinates": [9294.0, 2659.0]}}, {"type": "Feature", "properties": {"province_id": 2131, "name": "Gilgit", "marker_index": 11, "terrain_type_id": 12, "terrain_type": "Mountain"}, "geometry": {"type": "Point", "coordinates": [9302.0, 2618.0]}}, {"type": "Feature", "properties": {"province_id": 2131, "name": "Gilgit", "marker_index": 12, "terrain_type_id": 12, "terrain_type": "Mountain"}, "geometry": {"type": "Point", "coordinates": [9302.0, 2638.0]}}, {"type": "Feature", "properties": {"province_id": 2131, "name": "Gilgit", "marker_index": 13, "terrain_type_id": 12, "terrain_type": "Mountain"}, "geometry": {"type": "Point", "coordinates": [9316.0, 2644.0]}}, {"type": "Feature", "properties": {"province_id": 2131, "name": "Gilgit", "marker_index": 14, "terrain_type_id": 12, "terrain_type": "Mountain"}, "geometry": {"type": "Point", "coordinates": [9320.0, 2622.0]}}, {"type": "Feature", "properties": {"province_id": 2131, "name": "Gilgit", "marker_index": 15, "terrain_type_id": 12, "terrain_type": "Mountain"}, "geometry": {"type": "Point", "coordinates": [9323.0, 2657.0]}}, {"type": "Feature", "properties": {"province_id": 2131, "name": "Gilgit", "marker_index": 16, "terrain_type_id": 12, "terrain_type": "Mountain"}, "geometry": {"type": "Point", "coordinates": [9333.0, 2614.0]}}, {"type": "Feature", "properties": {"province_id": 2131, "name": "Gilgit", "marker_index": 17, "terrain_type_id": 12, "terrain_type": "Mountain"}, "geometry": {"type": "Point", "coordinates": [9333.0, 2635.0]}}, {"type": "Feature", "properties": {"province_id": 2229, "name": "Sil Garhi", "marker_index": 0, "terrain_type_id": 12, "terrain_type": "Mountain"}, "geometry": {"type": "Point", "coordinates": [9732.0, 2993.0]}}, {"type": "Feature", "properties": {"province_id": 2229, "name": "Sil Garhi", "marker_index": 1, "terrain_type_id": 12, "terrain_type": "Mountain"}, "geometry": {"type": "Point", "coordinates": [9740.0, 2969.0]}}, {"type": "Feature", "properties": {"province_id": 2229, "name": "Sil Garhi", "marker_index": 2, "terrain_type_id": 12, "terrain_type": "Mountain"}, "geometry": {"type": "Point", "coordinates": [9742.0, 2956.0]}}, {"type": "Feature", "properties": {"province_id": 2229, "name": "Sil Garhi", "marker_index": 3, "terrain_type_id": 12, "terrain_type": "Mountain"}, "geometry": {"type": "Point", "coordinates": [9761.0, 2966.0]}}, {"type": "Feature", "properties": {"province_id": 2229, "name": "Sil Garhi", "marker_index": 4, "terrain_type_id": 12, "terrain_type": "Mountain"}, "geometry": {"type": "Point", "coordinates": [9761.0, 2979.0]}}, {"type": "Feature", "properties": {"province_id": 2229, "name": "Sil Garhi", "marker_index": 5, "terrain_type_id": 12, "terrain_type": "Mountain"}, "geometry": {"type": "Point", "coordinates": [9774.0, 2990.0]}}, {"type": "Feature", "properties": {"province_id": 2229, "name": "Sil Garhi", "marker_index": 6, "terrain_type_id": 12, "terrain_type": "Mountain"}, "geometry": {"type": "Point", "coordinates": [9775.0, 3022.0]}}, {"type": "Feature", "properties": {"province_id": 2229, "name": "Sil Garhi", "marker_index": 7, "terrain_type_id": 12, "terrain_type": "Mountain"}, "geometry": {"type": "Point", "coordinates": [9794.0, 2980.0]}}, {"type": "Feature", "properties": {"province_id": 2229, "name": "Sil Garhi", "marker_index": 8, "terrain_type_id": 12, "terrain_type": "Mountain"}, "geometry": {"type": "Point", "coordinates": [9801.0, 2995.0]}}, {"type": "Feature", "properties": {"province_id": 2231, "name": "Dhankuta", "marker_index": 0, "terrain_type_id": 12, "terrain_type": "Mountain"}, "geometry": {"type": "Point", "coordinates": [9971.0, 3095.0]}}, {"type": "Feature", "properties": {"province_id": 2231, "name": "Dhankuta", "marker_index": 1, "terrain_type_id": 12, "terrain_type": "Mountain"}, "geometry": {"type": "Point", "coordinates": [9973.0, 3056.0]}}, {"type": "Feature", "properties": {"province_id": 2231, "name": "Dhankuta", "marker_index": 2, "terrain_type_id": 12, "terrain_type": "Mountain"}, "geometry": {"type": "Point", "coordinates": [9975.0, 3102.0]}}, {"type": "Feature", "properties": {"province_id": 2231, "name": "Dhankuta", "marker_index": 3, "terrain_type_id": 12, "terrain_type": "Mountain"}, "geometry": {"type": "Point", "coordinates": [9980.0, 3061.0]}}, {"type": "Feature", "properties": {"province_id": 2231, "name": "Dhankuta", "marker_index": 4, "terrain_type_id": 12, "terrain_type": "Mountain"}, "geometry": {"type": "Point", "coordinates": [9989.0, 3074.0]}}, {"type": "Feature", "properties": {"province_id": 2231, "name": "Dhankuta", "marker_index": 5, "terrain_type_id": 12, "terrain_type": "Mountain"}, "geometry": {"type": "Point", "coordinates": [9995.0, 3061.0]}}, {"type": "Feature", "properties": {"province_id": 2231, "name": "Dhankuta", "marker_index": 6, "terrain_type_id": 12, "terrain_type": "Mountain"}, "geometry": {"type": "Point", "coordinates": [9999.0, 3083.0]}}, {"type": "Feature", "properties": {"province_id": 2231, "name": "Dhankuta", "marker_index": 7, "terrain_type_id": 12, "terrain_type": "Mountain"}, "geometry": {"type": "Point", "coordinates": [10008.0, 3075.0]}}, {"type": "Feature", "properties": {"province_id": 2231, "name": "Dhankuta", "marker_index": 8, "terrain_type_id": 12, "terrain_type": "Mountain"}, "geometry": {"type": "Point", "coordinates": [10013.0, 3065.0]}}, {"type": "Feature", "properties": {"province_id": 2231, "name": "Dhankuta", "marker_index": 9, "terrain_type_id": 12, "terrain_type": "Mountain"}, "geometry": {"type": "Point", "coordinates": [10032.0, 3076.0]}}, {"type": "Feature", "properties": {"province_id": 2233, "name": "Bhadgaon", "marker_index": 0, "terrain_type_id": 12, "terrain_type": "Mountain"}, "geometry": {"type": "Point", "coordinates": [9911.0, 3043.0]}}, {"type": "Feature", "properties": {"province_id": 2233, "name": "Bhadgaon", "marker_index": 1, "terrain_type_id": 12, "terrain_type": "Mountain"}, "geometry": {"type": "Point", "coordinates": [9919.0, 3039.0]}}, {"type": "Feature", "properties": {"province_id": 2233, "name": "Bhadgaon", "marker_index": 2, "terrain_type_id": 12, "terrain_type": "Mountain"}, "geometry": {"type": "Point", "coordinates": [9926.0, 3058.0]}}, {"type": "Feature", "properties": {"province_id": 2233, "name": "Bhadgaon", "marker_index": 3, "terrain_type_id": 12, "terrain_type": "Mountain"}, "geometry": {"type": "Point", "coordinates": [9944.0, 3048.0]}}, {"type": "Feature", "properties": {"province_id": 2245, "name": "Punaka", "marker_index": 0, "terrain_type_id": 14, "terrain_type": "Urban"}, "geometry": {"type": "Point", "coordinates": [10082.0, 3058.0]}}, {"type": "Feature", "properties": {"province_id": 2245, "name": "Punaka", "marker_index": 1, "terrain_type_id": 14, "terrain_type": "Urban"}, "geometry": {"type": "Point", "coordinates": [10085.0, 3066.0]}}, {"type": "Feature", "properties": {"province_id": 2245, "name": "Punaka", "marker_index": 2, "terrain_type_id": 14, "terrain_type": "Urban"}, "geometry": {"type": "Point", "coordinates": [10091.0, 3076.0]}}, {"type": "Feature", "properties": {"province_id": 2245, "name": "Punaka", "marker_index": 3, "terrain_type_id": 14, "terrain_type": "Urban"}, "geometry": {"type": "Point", "coordinates": [10100.0, 3061.0]}}, {"type": "Feature", "properties": {"province_id": 2246, "name": "Bumtan", "marker_index": 0, "terrain_type_id": 12, "terrain_type": "Mountain"}, "geometry": {"type": "Point", "coordinates": [10120.0, 3083.0]}}, {"type": "Feature", "properties": {"province_id": 2246, "name": "Bumtan", "marker_index": 1, "terrain_type_id": 12, "terrain_type": "Mountain"}, "geometry": {"type": "Point", "coordinates": [10131.0, 3078.0]}}, {"type": "Feature", "properties": {"province_id": 2246, "name": "Bumtan", "marker_index": 2, "terrain_type_id": 12, "terrain_type": "Mountain"}, "geometry": {"type": "Point", "coordinates": [10131.0, 3087.0]}}, {"type": "Feature", "properties": {"province_id": 2246, "name": "Bumtan", "marker_index": 3, "terrain_type_id": 12, "terrain_type": "Mountain"}, "geometry": {"type": "Point", "coordinates": [10141.0, 3081.0]}}, {"type": "Feature", "properties": {"province_id": 2261, "name": "Lungnak", "marker_index": 0, "terrain_type_id": 12, "terrain_type": "Mountain"}, "geometry": {"type": "Point", "coordinates": [9593.0, 2541.0]}}, {"type": "Feature", "properties": {"province_id": 2261, "name": "Lungnak", "marker_index": 1, "terrain_type_id": 12, "terrain_type": "Mountain"}, "geometry": {"type": "Point", "coordinates": [9601.0, 2546.0]}}, {"type": "Feature", "properties": {"province_id": 2261, "name": "Lungnak", "marker_index": 2, "terrain_type_id": 12, "terrain_type": "Mountain"}, "geometry": {"type": "Point", "coordinates": [9612.0, 2514.0]}}, {"type": "Feature", "properties": {"province_id": 2261, "name": "Lungnak", "marker_index": 3, "terrain_type_id": 12, "terrain_type": "Mountain"}, "geometry": {"type": "Point", "coordinates": [9617.0, 2529.0]}}, {"type": "Feature", "properties": {"province_id": 2261, "name": "Lungnak", "marker_index": 4, "terrain_type_id": 12, "terrain_type": "Mountain"}, "geometry": {"type": "Point", "coordinates": [9620.0, 2543.0]}}, {"type": "Feature", "properties": {"province_id": 2261, "name": "Lungnak", "marker_index": 5, "terrain_type_id": 12, "terrain_type": "Mountain"}, "geometry": {"type": "Point", "coordinates": [9626.0, 2574.0]}}, {"type": "Feature", "properties": {"province_id": 2261, "name": "Lungnak", "marker_index": 6, "terrain_type_id": 12, "terrain_type": "Mountain"}, "geometry": {"type": "Point", "coordinates": [9636.0, 2525.0]}}, {"type": "Feature", "properties": {"province_id": 2261, "name": "Lungnak", "marker_index": 7, "terrain_type_id": 12, "terrain_type": "Mountain"}, "geometry": {"type": "Point", "coordinates": [9667.0, 2577.0]}}, {"type": "Feature", "properties": {"province_id": 2261, "name": "Lungnak", "marker_index": 8, "terrain_type_id": 12, "terrain_type": "Mountain"}, "geometry": {"type": "Point", "coordinates": [9690.0, 2569.0]}}, {"type": "Feature", "properties": {"province_id": 2261, "name": "Lungnak", "marker_index": 9, "terrain_type_id": 12, "terrain_type": "Mountain"}, "geometry": {"type": "Point", "coordinates": [9691.0, 2590.0]}}, {"type": "Feature", "properties": {"province_id": 2261, "name": "Lungnak", "marker_index": 10, "terrain_type_id": 12, "terrain_type": "Mountain"}, "geometry": {"type": "Point", "coordinates": [9697.0, 2540.0]}}, {"type": "Feature", "properties": {"province_id": 2262, "name": "Lashung", "marker_index": 0, "terrain_type_id": 12, "terrain_type": "Mountain"}, "geometry": {"type": "Point", "coordinates": [9703.0, 2632.0]}}, {"type": "Feature", "properties": {"province_id": 2262, "name": "Lashung", "marker_index": 1, "terrain_type_id": 12, "terrain_type": "Mountain"}, "geometry": {"type": "Point", "coordinates": [9725.0, 2662.0]}}, {"type": "Feature", "properties": {"province_id": 2262, "name": "Lashung", "marker_index": 2, "terrain_type_id": 12, "terrain_type": "Mountain"}, "geometry": {"type": "Point", "coordinates": [9731.0, 2614.0]}}, {"type": "Feature", "properties": {"province_id": 2262, "name": "Lashung", "marker_index": 3, "terrain_type_id": 12, "terrain_type": "Mountain"}, "geometry": {"type": "Point", "coordinates": [9750.0, 2638.0]}}, {"type": "Feature", "properties": {"province_id": 2262, "name": "Lashung", "marker_index": 4, "terrain_type_id": 12, "terrain_type": "Mountain"}, "geometry": {"type": "Point", "coordinates": [9770.0, 2563.0]}}, {"type": "Feature", "properties": {"province_id": 2262, "name": "Lashung", "marker_index": 5, "terrain_type_id": 12, "terrain_type": "Mountain"}, "geometry": {"type": "Point", "coordinates": [9780.0, 2610.0]}}, {"type": "Feature", "properties": {"province_id": 2262, "name": "Lashung", "marker_index": 6, "terrain_type_id": 12, "terrain_type": "Mountain"}, "geometry": {"type": "Point", "coordinates": [9800.0, 2608.0]}}, {"type": "Feature", "properties": {"province_id": 2262, "name": "Lashung", "marker_index": 7, "terrain_type_id": 12, "terrain_type": "Mountain"}, "geometry": {"type": "Point", "coordinates": [9804.0, 2583.0]}}, {"type": "Feature", "properties": {"province_id": 2262, "name": "Lashung", "marker_index": 8, "terrain_type_id": 12, "terrain_type": "Mountain"}, "geometry": {"type": "Point", "coordinates": [9815.0, 2564.0]}}, {"type": "Feature", "properties": {"province_id": 2262, "name": "Lashung", "marker_index": 9, "terrain_type_id": 12, "terrain_type": "Mountain"}, "geometry": {"type": "Point", "coordinates": [9819.0, 2626.0]}}, {"type": "Feature", "properties": {"province_id": 2262, "name": "Lashung", "marker_index": 10, "terrain_type_id": 12, "terrain_type": "Mountain"}, "geometry": {"type": "Point", "coordinates": [9841.0, 2559.0]}}, {"type": "Feature", "properties": {"province_id": 2264, "name": "Rudok", "marker_index": 0, "terrain_type_id": 12, "terrain_type": "Mountain"}, "geometry": {"type": "Point", "coordinates": [9565.0, 2570.0]}}, {"type": "Feature", "properties": {"province_id": 2264, "name": "Rudok", "marker_index": 1, "terrain_type_id": 12, "terrain_type": "Mountain"}, "geometry": {"type": "Point", "coordinates": [9572.0, 2581.0]}}, {"type": "Feature", "properties": {"province_id": 2264, "name": "Rudok", "marker_index": 2, "terrain_type_id": 12, "terrain_type": "Mountain"}, "geometry": {"type": "Point", "coordinates": [9576.0, 2558.0]}}, {"type": "Feature", "properties": {"province_id": 2264, "name": "Rudok", "marker_index": 3, "terrain_type_id": 12, "terrain_type": "Mountain"}, "geometry": {"type": "Point", "coordinates": [9576.0, 2610.0]}}, {"type": "Feature", "properties": {"province_id": 2264, "name": "Rudok", "marker_index": 4, "terrain_type_id": 12, "terrain_type": "Mountain"}, "geometry": {"type": "Point", "coordinates": [9586.0, 2648.0]}}, {"type": "Feature", "properties": {"province_id": 2264, "name": "Rudok", "marker_index": 5, "terrain_type_id": 12, "terrain_type": "Mountain"}, "geometry": {"type": "Point", "coordinates": [9605.0, 2607.0]}}, {"type": "Feature", "properties": {"province_id": 2264, "name": "Rudok", "marker_index": 6, "terrain_type_id": 12, "terrain_type": "Mountain"}, "geometry": {"type": "Point", "coordinates": [9622.0, 2634.0]}}, {"type": "Feature", "properties": {"province_id": 2264, "name": "Rudok", "marker_index": 7, "terrain_type_id": 12, "terrain_type": "Mountain"}, "geometry": {"type": "Point", "coordinates": [9626.0, 2682.0]}}, {"type": "Feature", "properties": {"province_id": 2264, "name": "Rudok", "marker_index": 8, "terrain_type_id": 12, "terrain_type": "Mountain"}, "geometry": {"type": "Point", "coordinates": [9636.0, 2698.0]}}, {"type": "Feature", "properties": {"province_id": 2264, "name": "Rudok", "marker_index": 9, "terrain_type_id": 12, "terrain_type": "Mountain"}, "geometry": {"type": "Point", "coordinates": [9651.0, 2635.0]}}, {"type": "Feature", "properties": {"province_id": 2264, "name": "Rudok", "marker_index": 10, "terrain_type_id": 12, "terrain_type": "Mountain"}, "geometry": {"type": "Point", "coordinates": [9676.0, 2662.0]}}, {"type": "Feature", "properties": {"province_id": 2266, "name": "Ladse Dzong", "marker_index": 0, "terrain_type_id": 12, "terrain_type": "Mountain"}, "geometry": {"type": "Point", "coordinates": [9891.0, 3004.0]}}, {"type": "Feature", "properties": {"province_id": 2266, "name": "Ladse Dzong", "marker_index": 1, "terrain_type_id": 12, "terrain_type": "Mountain"}, "geometry": {"type": "Point", "coordinates": [9898.0, 2996.0]}}, {"type": "Feature", "properties": {"province_id": 2266, "name": "Ladse Dzong", "marker_index": 2, "terrain_type_id": 12, "terrain_type": "Mountain"}, "geometry": {"type": "Point", "coordinates": [9898.0, 3011.0]}}, {"type": "Feature", "properties": {"province_id": 2266, "name": "Ladse Dzong", "marker_index": 3, "terrain_type_id": 12, "terrain_type": "Mountain"}, "geometry": {"type": "Point", "coordinates": [9910.0, 2992.0]}}, {"type": "Feature", "properties": {"province_id": 2266, "name": "Ladse Dzong", "marker_index": 4, "terrain_type_id": 12, "terrain_type": "Mountain"}, "geometry": {"type": "Point", "coordinates": [9919.0, 3007.0]}}, {"type": "Feature", "properties": {"province_id": 2266, "name": "Ladse Dzong", "marker_index": 5, "terrain_type_id": 12, "terrain_type": "Mountain"}, "geometry": {"type": "Point", "coordinates": [9923.0, 2990.0]}}, {"type": "Feature", "properties": {"province_id": 2266, "name": "Ladse Dzong", "marker_index": 6, "terrain_type_id": 12, "terrain_type": "Mountain"}, "geometry": {"type": "Point", "coordinates": [9928.0, 2981.0]}}, {"type": "Feature", "properties": {"province_id": 2266, "name": "Ladse Dzong", "marker_index": 7, "terrain_type_id": 12, "terrain_type": "Mountain"}, "geometry": {"type": "Point", "coordinates": [9933.0, 3003.0]}}, {"type": "Feature", "properties": {"province_id": 2266, "name": "Ladse Dzong", "marker_index": 8, "terrain_type_id": 12, "terrain_type": "Mountain"}, "geometry": {"type": "Point", "coordinates": [9946.0, 2996.0]}}, {"type": "Feature", "properties": {"province_id": 2266, "name": "Ladse Dzong", "marker_index": 9, "terrain_type_id": 12, "terrain_type": "Mountain"}, "geometry": {"type": "Point", "coordinates": [9953.0, 3018.0]}}, {"type": "Feature", "properties": {"province_id": 2266, "name": "Ladse Dzong", "marker_index": 10, "terrain_type_id": 12, "terrain_type": "Mountain"}, "geometry": {"type": "Point", "coordinates": [9956.0, 2994.0]}}, {"type": "Feature", "properties": {"province_id": 2266, "name": "Ladse Dzong", "marker_index": 11, "terrain_type_id": 12, "terrain_type": "Mountain"}, "geometry": {"type": "Point", "coordinates": [9959.0, 2967.0]}}, {"type": "Feature", "properties": {"province_id": 2266, "name": "Ladse Dzong", "marker_index": 12, "terrain_type_id": 12, "terrain_type": "Mountain"}, "geometry": {"type": "Point", "coordinates": [9963.0, 3010.0]}}, {"type": "Feature", "properties": {"province_id": 2266, "name": "Ladse Dzong", "marker_index": 13, "terrain_type_id": 12, "terrain_type": "Mountain"}, "geometry": {"type": "Point", "coordinates": [9972.0, 3005.0]}}, {"type": "Feature", "properties": {"province_id": 2266, "name": "Ladse Dzong", "marker_index": 14, "terrain_type_id": 12, "terrain_type": "Mountain"}, "geometry": {"type": "Point", "coordinates": [9978.0, 3023.0]}}, {"type": "Feature", "properties": {"province_id": 2266, "name": "Ladse Dzong", "marker_index": 15, "terrain_type_id": 12, "terrain_type": "Mountain"}, "geometry": {"type": "Point", "coordinates": [9993.0, 2990.0]}}, {"type": "Feature", "properties": {"province_id": 2266, "name": "Ladse Dzong", "marker_index": 16, "terrain_type_id": 12, "terrain_type": "Mountain"}, "geometry": {"type": "Point", "coordinates": [10000.0, 3025.0]}}, {"type": "Feature", "properties": {"province_id": 2266, "name": "Ladse Dzong", "marker_index": 17, "terrain_type_id": 12, "terrain_type": "Mountain"}, "geometry": {"type": "Point", "coordinates": [10004.0, 3013.0]}}, {"type": "Feature", "properties": {"province_id": 2270, "name": "Tradum", "marker_index": 0, "terrain_type_id": 12, "terrain_type": "Mountain"}, "geometry": {"type": "Point", "coordinates": [9776.0, 2939.0]}}, {"type": "Feature", "properties": {"province_id": 2270, "name": "Tradum", "marker_index": 1, "terrain_type_id": 12, "terrain_type": "Mountain"}, "geometry": {"type": "Point", "coordinates": [9796.0, 2946.0]}}, {"type": "Feature", "properties": {"province_id": 2270, "name": "Tradum", "marker_index": 2, "terrain_type_id": 12, "terrain_type": "Mountain"}, "geometry": {"type": "Point", "coordinates": [9798.0, 2926.0]}}, {"type": "Feature", "properties": {"province_id": 2270, "name": "Tradum", "marker_index": 3, "terrain_type_id": 12, "terrain_type": "Mountain"}, "geometry": {"type": "Point", "coordinates": [9807.0, 2931.0]}}, {"type": "Feature", "properties": {"province_id": 2270, "name": "Tradum", "marker_index": 4, "terrain_type_id": 12, "terrain_type": "Mountain"}, "geometry": {"type": "Point", "coordinates": [9813.0, 2907.0]}}, {"type": "Feature", "properties": {"province_id": 2270, "name": "Tradum", "marker_index": 5, "terrain_type_id": 12, "terrain_type": "Mountain"}, "geometry": {"type": "Point", "coordinates": [9819.0, 2875.0]}}, {"type": "Feature", "properties": {"province_id": 2270, "name": "Tradum", "marker_index": 6, "terrain_type_id": 12, "terrain_type": "Mountain"}, "geometry": {"type": "Point", "coordinates": [9819.0, 2894.0]}}, {"type": "Feature", "properties": {"province_id": 2270, "name": "Tradum", "marker_index": 7, "terrain_type_id": 12, "terrain_type": "Mountain"}, "geometry": {"type": "Point", "coordinates": [9820.0, 2957.0]}}, {"type": "Feature", "properties": {"province_id": 2270, "name": "Tradum", "marker_index": 8, "terrain_type_id": 12, "terrain_type": "Mountain"}, "geometry": {"type": "Point", "coordinates": [9824.0, 2921.0]}}, {"type": "Feature", "properties": {"province_id": 2270, "name": "Tradum", "marker_index": 9, "terrain_type_id": 12, "terrain_type": "Mountain"}, "geometry": {"type": "Point", "coordinates": [9831.0, 2941.0]}}, {"type": "Feature", "properties": {"province_id": 2270, "name": "Tradum", "marker_index": 10, "terrain_type_id": 12, "terrain_type": "Mountain"}, "geometry": {"type": "Point", "coordinates": [9836.0, 2929.0]}}, {"type": "Feature", "properties": {"province_id": 2270, "name": "Tradum", "marker_index": 11, "terrain_type_id": 12, "terrain_type": "Mountain"}, "geometry": {"type": "Point", "coordinates": [9842.0, 2958.0]}}, {"type": "Feature", "properties": {"province_id": 2270, "name": "Tradum", "marker_index": 12, "terrain_type_id": 12, "terrain_type": "Mountain"}, "geometry": {"type": "Point", "coordinates": [9847.0, 2940.0]}}, {"type": "Feature", "properties": {"province_id": 2270, "name": "Tradum", "marker_index": 13, "terrain_type_id": 12, "terrain_type": "Mountain"}, "geometry": {"type": "Point", "coordinates": [9850.0, 2973.0]}}, {"type": "Feature", "properties": {"province_id": 2270, "name": "Tradum", "marker_index": 14, "terrain_type_id": 12, "terrain_type": "Mountain"}, "geometry": {"type": "Point", "coordinates": [9860.0, 2944.0]}}, {"type": "Feature", "properties": {"province_id": 2270, "name": "Tradum", "marker_index": 15, "terrain_type_id": 12, "terrain_type": "Mountain"}, "geometry": {"type": "Point", "coordinates": [9860.0, 2961.0]}}, {"type": "Feature", "properties": {"province_id": 2270, "name": "Tradum", "marker_index": 16, "terrain_type_id": 12, "terrain_type": "Mountain"}, "geometry": {"type": "Point", "coordinates": [9869.0, 2973.0]}}, {"type": "Feature", "properties": {"province_id": 2270, "name": "Tradum", "marker_index": 17, "terrain_type_id": 12, "terrain_type": "Mountain"}, "geometry": {"type": "Point", "coordinates": [9872.0, 2936.0]}}, {"type": "Feature", "properties": {"province_id": 2270, "name": "Tradum", "marker_index": 18, "terrain_type_id": 12, "terrain_type": "Mountain"}, "geometry": {"type": "Point", "coordinates": [9875.0, 2959.0]}}, {"type": "Feature", "properties": {"province_id": 2272, "name": "Chetang", "marker_index": 0, "terrain_type_id": 12, "terrain_type": "Mountain"}, "geometry": {"type": "Point", "coordinates": [10143.0, 2977.0]}}, {"type": "Feature", "properties": {"province_id": 2272, "name": "Chetang", "marker_index": 1, "terrain_type_id": 12, "terrain_type": "Mountain"}, "geometry": {"type": "Point", "coordinates": [10149.0, 2953.0]}}, {"type": "Feature", "properties": {"province_id": 2272, "name": "Chetang", "marker_index": 2, "terrain_type_id": 12, "terrain_type": "Mountain"}, "geometry": {"type": "Point", "coordinates": [10152.0, 2991.0]}}, {"type": "Feature", "properties": {"province_id": 2272, "name": "Chetang", "marker_index": 3, "terrain_type_id": 12, "terrain_type": "Mountain"}, "geometry": {"type": "Point", "coordinates": [10156.0, 3015.0]}}, {"type": "Feature", "properties": {"province_id": 2272, "name": "Chetang", "marker_index": 4, "terrain_type_id": 12, "terrain_type": "Mountain"}, "geometry": {"type": "Point", "coordinates": [10164.0, 2960.0]}}, {"type": "Feature", "properties": {"province_id": 2272, "name": "Chetang", "marker_index": 5, "terrain_type_id": 12, "terrain_type": "Mountain"}, "geometry": {"type": "Point", "coordinates": [10167.0, 2976.0]}}, {"type": "Feature", "properties": {"province_id": 2272, "name": "Chetang", "marker_index": 6, "terrain_type_id": 12, "terrain_type": "Mountain"}, "geometry": {"type": "Point", "coordinates": [10171.0, 2931.0]}}, {"type": "Feature", "properties": {"province_id": 2272, "name": "Chetang", "marker_index": 7, "terrain_type_id": 12, "terrain_type": "Mountain"}, "geometry": {"type": "Point", "coordinates": [10171.0, 2947.0]}}, {"type": "Feature", "properties": {"province_id": 2272, "name": "Chetang", "marker_index": 8, "terrain_type_id": 12, "terrain_type": "Mountain"}, "geometry": {"type": "Point", "coordinates": [10177.0, 2957.0]}}, {"type": "Feature", "properties": {"province_id": 2272, "name": "Chetang", "marker_index": 9, "terrain_type_id": 12, "terrain_type": "Mountain"}, "geometry": {"type": "Point", "coordinates": [10178.0, 2984.0]}}, {"type": "Feature", "properties": {"province_id": 2272, "name": "Chetang", "marker_index": 10, "terrain_type_id": 12, "terrain_type": "Mountain"}, "geometry": {"type": "Point", "coordinates": [10184.0, 2965.0]}}, {"type": "Feature", "properties": {"province_id": 2272, "name": "Chetang", "marker_index": 11, "terrain_type_id": 12, "terrain_type": "Mountain"}, "geometry": {"type": "Point", "coordinates": [10188.0, 2931.0]}}, {"type": "Feature", "properties": {"province_id": 2272, "name": "Chetang", "marker_index": 12, "terrain_type_id": 12, "terrain_type": "Mountain"}, "geometry": {"type": "Point", "coordinates": [10194.0, 2946.0]}}, {"type": "Feature", "properties": {"province_id": 2272, "name": "Chetang", "marker_index": 13, "terrain_type_id": 12, "terrain_type": "Mountain"}, "geometry": {"type": "Point", "coordinates": [10195.0, 2961.0]}}, {"type": "Feature", "properties": {"province_id": 2272, "name": "Chetang", "marker_index": 14, "terrain_type_id": 12, "terrain_type": "Mountain"}, "geometry": {"type": "Point", "coordinates": [10212.0, 2957.0]}}, {"type": "Feature", "properties": {"province_id": 2273, "name": "Dhirang Dzong", "marker_index": 0, "terrain_type_id": 14, "terrain_type": "Urban"}, "geometry": {"type": "Point", "coordinates": [10149.0, 3044.0]}}, {"type": "Feature", "properties": {"province_id": 2273, "name": "Dhirang Dzong", "marker_index": 1, "terrain_type_id": 14, "terrain_type": "Urban"}, "geometry": {"type": "Point", "coordinates": [10158.0, 3030.0]}}, {"type": "Feature", "properties": {"province_id": 2273, "name": "Dhirang Dzong", "marker_index": 2, "terrain_type_id": 14, "terrain_type": "Urban"}, "geometry": {"type": "Point", "coordinates": [10158.0, 3055.0]}}, {"type": "Feature", "properties": {"province_id": 2273, "name": "Dhirang Dzong", "marker_index": 3, "terrain_type_id": 14, "terrain_type": "Urban"}, "geometry": {"type": "Point", "coordinates": [10171.0, 3045.0]}}, {"type": "Feature", "properties": {"province_id": 2274, "name": "Tsari", "marker_index": 0, "terrain_type_id": 12, "terrain_type": "Mountain"}, "geometry": {"type": "Point", "coordinates": [10173.0, 3028.0]}}, {"type": "Feature", "properties": {"province_id": 2274, "name": "Tsari", "marker_index": 1, "terrain_type_id": 12, "terrain_type": "Mountain"}, "geometry": {"type": "Point", "coordinates": [10189.0, 3043.0]}}, {"type": "Feature", "properties": {"province_id": 2274, "name": "Tsari", "marker_index": 2, "terrain_type_id": 12, "terrain_type": "Mountain"}, "geometry": {"type": "Point", "coordinates": [10198.0, 3025.0]}}, {"type": "Feature", "properties": {"province_id": 2274, "name": "Tsari", "marker_index": 3, "terrain_type_id": 12, "terrain_type": "Mountain"}, "geometry": {"type": "Point", "coordinates": [10200.0, 2996.0]}}, {"type": "Feature", "properties": {"province_id": 2274, "name": "Tsari", "marker_index": 4, "terrain_type_id": 12, "terrain_type": "Mountain"}, "geometry": {"type": "Point", "coordinates": [10201.0, 3034.0]}}, {"type": "Feature", "properties": {"province_id": 2274, "name": "Tsari", "marker_index": 5, "terrain_type_id": 12, "terrain_type": "Mountain"}, "geometry": {"type": "Point", "coordinates": [10210.0, 3043.0]}}, {"type": "Feature", "properties": {"province_id": 2274, "name": "Tsari", "marker_index": 6, "terrain_type_id": 12, "terrain_type": "Mountain"}, "geometry": {"type": "Point", "coordinates": [10211.0, 3009.0]}}, {"type": "Feature", "properties": {"province_id": 2274, "name": "Tsari", "marker_index": 7, "terrain_type_id": 12, "terrain_type": "Mountain"}, "geometry": {"type": "Point", "coordinates": [10212.0, 2986.0]}}, {"type": "Feature", "properties": {"province_id": 2274, "name": "Tsari", "marker_index": 8, "terrain_type_id": 12, "terrain_type": "Mountain"}, "geometry": {"type": "Point", "coordinates": [10220.0, 2992.0]}}, {"type": "Feature", "properties": {"province_id": 2274, "name": "Tsari", "marker_index": 9, "terrain_type_id": 12, "terrain_type": "Mountain"}, "geometry": {"type": "Point", "coordinates": [10225.0, 2982.0]}}, {"type": "Feature", "properties": {"province_id": 2274, "name": "Tsari", "marker_index": 10, "terrain_type_id": 12, "terrain_type": "Mountain"}, "geometry": {"type": "Point", "coordinates": [10226.0, 3024.0]}}, {"type": "Feature", "properties": {"province_id": 2274, "name": "Tsari", "marker_index": 11, "terrain_type_id": 12, "terrain_type": "Mountain"}, "geometry": {"type": "Point", "coordinates": [10232.0, 3009.0]}}, {"type": "Feature", "properties": {"province_id": 2274, "name": "Tsari", "marker_index": 12, "terrain_type_id": 12, "terrain_type": "Mountain"}, "geometry": {"type": "Point", "coordinates": [10237.0, 2961.0]}}, {"type": "Feature", "properties": {"province_id": 2274, "name": "Tsari", "marker_index": 13, "terrain_type_id": 12, "terrain_type": "Mountain"}, "geometry": {"type": "Point", "coordinates": [10240.0, 2951.0]}}, {"type": "Feature", "properties": {"province_id": 2274, "name": "Tsari", "marker_index": 14, "terrain_type_id": 12, "terrain_type": "Mountain"}, "geometry": {"type": "Point", "coordinates": [10242.0, 2989.0]}}, {"type": "Feature", "properties": {"province_id": 2274, "name": "Tsari", "marker_index": 15, "terrain_type_id": 12, "terrain_type": "Mountain"}, "geometry": {"type": "Point", "coordinates": [10249.0, 2979.0]}}, {"type": "Feature", "properties": {"province_id": 2274, "name": "Tsari", "marker_index": 16, "terrain_type_id": 12, "terrain_type": "Mountain"}, "geometry": {"type": "Point", "coordinates": [10252.0, 2965.0]}}, {"type": "Feature", "properties": {"province_id": 2274, "name": "Tsari", "marker_index": 17, "terrain_type_id": 12, "terrain_type": "Mountain"}, "geometry": {"type": "Point", "coordinates": [10260.0, 2950.0]}}, {"type": "Feature", "properties": {"province_id": 2274, "name": "Tsari", "marker_index": 18, "terrain_type_id": 12, "terrain_type": "Mountain"}, "geometry": {"type": "Point", "coordinates": [10262.0, 2998.0]}}, {"type": "Feature", "properties": {"province_id": 2274, "name": "Tsari", "marker_index": 19, "terrain_type_id": 12, "terrain_type": "Mountain"}, "geometry": {"type": "Point", "coordinates": [10273.0, 2986.0]}}, {"type": "Feature", "properties": {"province_id": 2274, "name": "Tsari", "marker_index": 20, "terrain_type_id": 12, "terrain_type": "Mountain"}, "geometry": {"type": "Point", "coordinates": [10275.0, 2967.0]}}, {"type": "Feature", "properties": {"province_id": 2274, "name": "Tsari", "marker_index": 21, "terrain_type_id": 12, "terrain_type": "Mountain"}, "geometry": {"type": "Point", "coordinates": [10292.0, 2958.0]}}, {"type": "Feature", "properties": {"province_id": 2275, "name": "Phondu", "marker_index": 0, "terrain_type_id": 12, "terrain_type": "Mountain"}, "geometry": {"type": "Point", "coordinates": [10087.0, 2892.0]}}, {"type": "Feature", "properties": {"province_id": 2275, "name": "Phondu", "marker_index": 1, "terrain_type_id": 12, "terrain_type": "Mountain"}, "geometry": {"type": "Point", "coordinates": [10088.0, 2914.0]}}, {"type": "Feature", "properties": {"province_id": 2275, "name": "Phondu", "marker_index": 2, "terrain_type_id": 12, "terrain_type": "Mountain"}, "geometry": {"type": "Point", "coordinates": [10130.0, 2900.0]}}, {"type": "Feature", "properties": {"province_id": 2275, "name": "Phondu", "marker_index": 3, "terrain_type_id": 12, "terrain_type": "Mountain"}, "geometry": {"type": "Point", "coordinates": [10139.0, 2909.0]}}, {"type": "Feature", "properties": {"province_id": 2275, "name": "Phondu", "marker_index": 4, "terrain_type_id": 12, "terrain_type": "Mountain"}, "geometry": {"type": "Point", "coordinates": [10153.0, 2876.0]}}, {"type": "Feature", "properties": {"province_id": 2275, "name": "Phondu", "marker_index": 5, "terrain_type_id": 12, "terrain_type": "Mountain"}, "geometry": {"type": "Point", "coordinates": [10177.0, 2901.0]}}, {"type": "Feature", "properties": {"province_id": 2276, "name": "Ed Dzong", "marker_index": 0, "terrain_type_id": 12, "terrain_type": "Mountain"}, "geometry": {"type": "Point", "coordinates": [10040.0, 2803.0]}}, {"type": "Feature", "properties": {"province_id": 2276, "name": "Ed Dzong", "marker_index": 1, "terrain_type_id": 12, "terrain_type": "Mountain"}, "geometry": {"type": "Point", "coordinates": [10059.0, 2807.0]}}, {"type": "Feature", "properties": {"province_id": 2276, "name": "Ed Dzong", "marker_index": 2, "terrain_type_id": 12, "terrain_type": "Mountain"}, "geometry": {"type": "Point", "coordinates": [10079.0, 2787.0]}}, {"type": "Feature", "properties": {"province_id": 2276, "name": "Ed Dzong", "marker_index": 3, "terrain_type_id": 12, "terrain_type": "Mountain"}, "geometry": {"type": "Point", "coordinates": [10084.0, 2848.0]}}, {"type": "Feature", "properties": {"province_id": 2276, "name": "Ed Dzong", "marker_index": 4, "terrain_type_id": 12, "terrain_type": "Mountain"}, "geometry": {"type": "Point", "coordinates": [10120.0, 2864.0]}}, {"type": "Feature", "properties": {"province_id": 2276, "name": "Ed Dzong", "marker_index": 5, "terrain_type_id": 12, "terrain_type": "Mountain"}, "geometry": {"type": "Point", "coordinates": [10122.0, 2815.0]}}, {"type": "Feature", "properties": {"province_id": 2276, "name": "Ed Dzong", "marker_index": 6, "terrain_type_id": 12, "terrain_type": "Mountain"}, "geometry": {"type": "Point", "coordinates": [10150.0, 2848.0]}}, {"type": "Feature", "properties": {"province_id": 2280, "name": "Gyangtse", "marker_index": 0, "terrain_type_id": 12, "terrain_type": "Mountain"}, "geometry": {"type": "Point", "coordinates": [10022.0, 3034.0]}}, {"type": "Feature", "properties": {"province_id": 2280, "name": "Gyangtse", "marker_index": 1, "terrain_type_id": 12, "terrain_type": "Mountain"}, "geometry": {"type": "Point", "coordinates": [10030.0, 3034.0]}}, {"type": "Feature", "properties": {"province_id": 2280, "name": "Gyangtse", "marker_index": 2, "terrain_type_id": 12, "terrain_type": "Mountain"}, "geometry": {"type": "Point", "coordinates": [10038.0, 3026.0]}}, {"type": "Feature", "properties": {"province_id": 2280, "name": "Gyangtse", "marker_index": 3, "terrain_type_id": 12, "terrain_type": "Mountain"}, "geometry": {"type": "Point", "coordinates": [10062.0, 2978.0]}}, {"type": "Feature", "properties": {"province_id": 2280, "name": "Gyangtse", "marker_index": 4, "terrain_type_id": 12, "terrain_type": "Mountain"}, "geometry": {"type": "Point", "coordinates": [10068.0, 3035.0]}}, {"type": "Feature", "properties": {"province_id": 2280, "name": "Gyangtse", "marker_index": 5, "terrain_type_id": 12, "terrain_type": "Mountain"}, "geometry": {"type": "Point", "coordinates": [10075.0, 3023.0]}}, {"type": "Feature", "properties": {"province_id": 2280, "name": "Gyangtse", "marker_index": 6, "terrain_type_id": 12, "terrain_type": "Mountain"}, "geometry": {"type": "Point", "coordinates": [10076.0, 3032.0]}}, {"type": "Feature", "properties": {"province_id": 2280, "name": "Gyangtse", "marker_index": 7, "terrain_type_id": 12, "terrain_type": "Mountain"}, "geometry": {"type": "Point", "coordinates": [10085.0, 3019.0]}}, {"type": "Feature", "properties": {"province_id": 2280, "name": "Gyangtse", "marker_index": 8, "terrain_type_id": 12, "terrain_type": "Mountain"}, "geometry": {"type": "Point", "coordinates": [10087.0, 3002.0]}}, {"type": "Feature", "properties": {"province_id": 2280, "name": "Gyangtse", "marker_index": 9, "terrain_type_id": 12, "terrain_type": "Mountain"}, "geometry": {"type": "Point", "coordinates": [10094.0, 3024.0]}}, {"type": "Feature", "properties": {"province_id": 2280, "name": "Gyangtse", "marker_index": 10, "terrain_type_id": 12, "terrain_type": "Mountain"}, "geometry": {"type": "Point", "coordinates": [10117.0, 3032.0]}}, {"type": "Feature", "properties": {"province_id": 2280, "name": "Gyangtse", "marker_index": 11, "terrain_type_id": 12, "terrain_type": "Mountain"}, "geometry": {"type": "Point", "coordinates": [10127.0, 3023.0]}}, {"type": "Feature", "properties": {"province_id": 2280, "name": "Gyangtse", "marker_index": 12, "terrain_type_id": 12, "terrain_type": "Mountain"}, "geometry": {"type": "Point", "coordinates": [10131.0, 3046.0]}}, {"type": "Feature", "properties": {"province_id": 2280, "name": "Gyangtse", "marker_index": 13, "terrain_type_id": 12, "terrain_type": "Mountain"}, "geometry": {"type": "Point", "coordinates": [10144.0, 3028.0]}}, {"type": "Feature", "properties": {"province_id": 2281, "name": "Lhari", "marker_index": 0, "terrain_type_id": 12, "terrain_type": "Mountain"}, "geometry": {"type": "Point", "coordinates": [10192.0, 2863.0]}}, {"type": "Feature", "properties": {"province_id": 2281, "name": "Lhari", "marker_index": 1, "terrain_type_id": 12, "terrain_type": "Mountain"}, "geometry": {"type": "Point", "coordinates": [10198.0, 2904.0]}}, {"type": "Feature", "properties": {"province_id": 2281, "name": "Lhari", "marker_index": 2, "terrain_type_id": 12, "terrain_type": "Mountain"}, "geometry": {"type": "Point", "coordinates": [10208.0, 2883.0]}}, {"type": "Feature", "properties": {"province_id": 2281, "name": "Lhari", "marker_index": 3, "terrain_type_id": 12, "terrain_type": "Mountain"}, "geometry": {"type": "Point", "coordinates": [10211.0, 2917.0]}}, {"type": "Feature", "properties": {"province_id": 2281, "name": "Lhari", "marker_index": 4, "terrain_type_id": 12, "terrain_type": "Mountain"}, "geometry": {"type": "Point", "coordinates": [10215.0, 2852.0]}}, {"type": "Feature", "properties": {"province_id": 2281, "name": "Lhari", "marker_index": 5, "terrain_type_id": 12, "terrain_type": "Mountain"}, "geometry": {"type": "Point", "coordinates": [10220.0, 2931.0]}}, {"type": "Feature", "properties": {"province_id": 2281, "name": "Lhari", "marker_index": 6, "terrain_type_id": 12, "terrain_type": "Mountain"}, "geometry": {"type": "Point", "coordinates": [10222.0, 2902.0]}}, {"type": "Feature", "properties": {"province_id": 2281, "name": "Lhari", "marker_index": 7, "terrain_type_id": 12, "terrain_type": "Mountain"}, "geometry": {"type": "Point", "coordinates": [10225.0, 2883.0]}}, {"type": "Feature", "properties": {"province_id": 2281, "name": "Lhari", "marker_index": 8, "terrain_type_id": 12, "terrain_type": "Mountain"}, "geometry": {"type": "Point", "coordinates": [10233.0, 2911.0]}}, {"type": "Feature", "properties": {"province_id": 2281, "name": "Lhari", "marker_index": 9, "terrain_type_id": 12, "terrain_type": "Mountain"}, "geometry": {"type": "Point", "coordinates": [10234.0, 2888.0]}}, {"type": "Feature", "properties": {"province_id": 2281, "name": "Lhari", "marker_index": 10, "terrain_type_id": 12, "terrain_type": "Mountain"}, "geometry": {"type": "Point", "coordinates": [10238.0, 2862.0]}}, {"type": "Feature", "properties": {"province_id": 2281, "name": "Lhari", "marker_index": 11, "terrain_type_id": 12, "terrain_type": "Mountain"}, "geometry": {"type": "Point", "coordinates": [10238.0, 2926.0]}}, {"type": "Feature", "properties": {"province_id": 2281, "name": "Lhari", "marker_index": 12, "terrain_type_id": 12, "terrain_type": "Mountain"}, "geometry": {"type": "Point", "coordinates": [10243.0, 2873.0]}}, {"type": "Feature", "properties": {"province_id": 2281, "name": "Lhari", "marker_index": 13, "terrain_type_id": 12, "terrain_type": "Mountain"}, "geometry": {"type": "Point", "coordinates": [10248.0, 2894.0]}}, {"type": "Feature", "properties": {"province_id": 2281, "name": "Lhari", "marker_index": 14, "terrain_type_id": 12, "terrain_type": "Mountain"}, "geometry": {"type": "Point", "coordinates": [10256.0, 2924.0]}}, {"type": "Feature", "properties": {"province_id": 2281, "name": "Lhari", "marker_index": 15, "terrain_type_id": 12, "terrain_type": "Mountain"}, "geometry": {"type": "Point", "coordinates": [10258.0, 2870.0]}}, {"type": "Feature", "properties": {"province_id": 2281, "name": "Lhari", "marker_index": 16, "terrain_type_id": 12, "terrain_type": "Mountain"}, "geometry": {"type": "Point", "coordinates": [10262.0, 2841.0]}}, {"type": "Feature", "properties": {"province_id": 2281, "name": "Lhari", "marker_index": 17, "terrain_type_id": 12, "terrain_type": "Mountain"}, "geometry": {"type": "Point", "coordinates": [10267.0, 2910.0]}}, {"type": "Feature", "properties": {"province_id": 2281, "name": "Lhari", "marker_index": 18, "terrain_type_id": 12, "terrain_type": "Mountain"}, "geometry": {"type": "Point", "coordinates": [10272.0, 2882.0]}}, {"type": "Feature", "properties": {"province_id": 2281, "name": "Lhari", "marker_index": 19, "terrain_type_id": 12, "terrain_type": "Mountain"}, "geometry": {"type": "Point", "coordinates": [10272.0, 2900.0]}}, {"type": "Feature", "properties": {"province_id": 2281, "name": "Lhari", "marker_index": 20, "terrain_type_id": 12, "terrain_type": "Mountain"}, "geometry": {"type": "Point", "coordinates": [10274.0, 2831.0]}}, {"type": "Feature", "properties": {"province_id": 2281, "name": "Lhari", "marker_index": 21, "terrain_type_id": 12, "terrain_type": "Mountain"}, "geometry": {"type": "Point", "coordinates": [10283.0, 2853.0]}}, {"type": "Feature", "properties": {"province_id": 2281, "name": "Lhari", "marker_index": 22, "terrain_type_id": 12, "terrain_type": "Mountain"}, "geometry": {"type": "Point", "coordinates": [10285.0, 2871.0]}}, {"type": "Feature", "properties": {"province_id": 2281, "name": "Lhari", "marker_index": 23, "terrain_type_id": 12, "terrain_type": "Mountain"}, "geometry": {"type": "Point", "coordinates": [10290.0, 2899.0]}}, {"type": "Feature", "properties": {"province_id": 2282, "name": "Chamchu", "marker_index": 0, "terrain_type_id": 12, "terrain_type": "Mountain"}, "geometry": {"type": "Point", "coordinates": [9667.0, 2734.0]}}, {"type": "Feature", "properties": {"province_id": 2282, "name": "Chamchu", "marker_index": 1, "terrain_type_id": 12, "terrain_type": "Mountain"}, "geometry": {"type": "Point", "coordinates": [9676.0, 2709.0]}}, {"type": "Feature", "properties": {"province_id": 2282, "name": "Chamchu", "marker_index": 2, "terrain_type_id": 12, "terrain_type": "Mountain"}, "geometry": {"type": "Point", "coordinates": [9683.0, 2750.0]}}, {"type": "Feature", "properties": {"province_id": 2282, "name": "Chamchu", "marker_index": 3, "terrain_type_id": 12, "terrain_type": "Mountain"}, "geometry": {"type": "Point", "coordinates": [9713.0, 2702.0]}}, {"type": "Feature", "properties": {"province_id": 2283, "name": "Parka", "marker_index": 0, "terrain_type_id": 12, "terrain_type": "Mountain"}, "geometry": {"type": "Point", "coordinates": [9700.0, 2878.0]}}, {"type": "Feature", "properties": {"province_id": 2283, "name": "Parka", "marker_index": 1, "terrain_type_id": 12, "terrain_type": "Mountain"}, "geometry": {"type": "Point", "coordinates": [9713.0, 2868.0]}}, {"type": "Feature", "properties": {"province_id": 2283, "name": "Parka", "marker_index": 2, "terrain_type_id": 12, "terrain_type": "Mountain"}, "geometry": {"type": "Point", "coordinates": [9720.0, 2836.0]}}, {"type": "Feature", "properties": {"province_id": 2283, "name": "Parka", "marker_index": 3, "terrain_type_id": 12, "terrain_type": "Mountain"}, "geometry": {"type": "Point", "coordinates": [9723.0, 2819.0]}}, {"type": "Feature", "properties": {"province_id": 2283, "name": "Parka", "marker_index": 4, "terrain_type_id": 12, "terrain_type": "Mountain"}, "geometry": {"type": "Point", "coordinates": [9725.0, 2854.0]}}, {"type": "Feature", "properties": {"province_id": 2283, "name": "Parka", "marker_index": 5, "terrain_type_id": 12, "terrain_type": "Mountain"}, "geometry": {"type": "Point", "coordinates": [9726.0, 2874.0]}}, {"type": "Feature", "properties": {"province_id": 2283, "name": "Parka", "marker_index": 6, "terrain_type_id": 12, "terrain_type": "Mountain"}, "geometry": {"type": "Point", "coordinates": [9727.0, 2846.0]}}, {"type": "Feature", "properties": {"province_id": 2283, "name": "Parka", "marker_index": 7, "terrain_type_id": 12, "terrain_type": "Mountain"}, "geometry": {"type": "Point", "coordinates": [9732.0, 2835.0]}}, {"type": "Feature", "properties": {"province_id": 2283, "name": "Parka", "marker_index": 8, "terrain_type_id": 12, "terrain_type": "Mountain"}, "geometry": {"type": "Point", "coordinates": [9735.0, 2860.0]}}, {"type": "Feature", "properties": {"province_id": 2283, "name": "Parka", "marker_index": 9, "terrain_type_id": 12, "terrain_type": "Mountain"}, "geometry": {"type": "Point", "coordinates": [9735.0, 2876.0]}}, {"type": "Feature", "properties": {"province_id": 2283, "name": "Parka", "marker_index": 10, "terrain_type_id": 12, "terrain_type": "Mountain"}, "geometry": {"type": "Point", "coordinates": [9746.0, 2882.0]}}, {"type": "Feature", "properties": {"province_id": 2283, "name": "Parka", "marker_index": 11, "terrain_type_id": 12, "terrain_type": "Mountain"}, "geometry": {"type": "Point", "coordinates": [9749.0, 2865.0]}}, {"type": "Feature", "properties": {"province_id": 2283, "name": "Parka", "marker_index": 12, "terrain_type_id": 12, "terrain_type": "Mountain"}, "geometry": {"type": "Point", "coordinates": [9750.0, 2821.0]}}, {"type": "Feature", "properties": {"province_id": 2283, "name": "Parka", "marker_index": 13, "terrain_type_id": 12, "terrain_type": "Mountain"}, "geometry": {"type": "Point", "coordinates": [9751.0, 2845.0]}}, {"type": "Feature", "properties": {"province_id": 2283, "name": "Parka", "marker_index": 14, "terrain_type_id": 12, "terrain_type": "Mountain"}, "geometry": {"type": "Point", "coordinates": [9752.0, 2907.0]}}, {"type": "Feature", "properties": {"province_id": 2283, "name": "Parka", "marker_index": 15, "terrain_type_id": 12, "terrain_type": "Mountain"}, "geometry": {"type": "Point", "coordinates": [9753.0, 2856.0]}}, {"type": "Feature", "properties": {"province_id": 2283, "name": "Parka", "marker_index": 16, "terrain_type_id": 12, "terrain_type": "Mountain"}, "geometry": {"type": "Point", "coordinates": [9754.0, 2877.0]}}, {"type": "Feature", "properties": {"province_id": 2283, "name": "Parka", "marker_index": 17, "terrain_type_id": 12, "terrain_type": "Mountain"}, "geometry": {"type": "Point", "coordinates": [9759.0, 2913.0]}}, {"type": "Feature", "properties": {"province_id": 2283, "name": "Parka", "marker_index": 18, "terrain_type_id": 12, "terrain_type": "Mountain"}, "geometry": {"type": "Point", "coordinates": [9760.0, 2888.0]}}, {"type": "Feature", "properties": {"province_id": 2283, "name": "Parka", "marker_index": 19, "terrain_type_id": 12, "terrain_type": "Mountain"}, "geometry": {"type": "Point", "coordinates": [9770.0, 2880.0]}}, {"type": "Feature", "properties": {"province_id": 2283, "name": "Parka", "marker_index": 20, "terrain_type_id": 12, "terrain_type": "Mountain"}, "geometry": {"type": "Point", "coordinates": [9772.0, 2900.0]}}, {"type": "Feature", "properties": {"province_id": 2283, "name": "Parka", "marker_index": 21, "terrain_type_id": 12, "terrain_type": "Mountain"}, "geometry": {"type": "Point", "coordinates": [9773.0, 2865.0]}}, {"type": "Feature", "properties": {"province_id": 2284, "name": "Nagron", "marker_index": 0, "terrain_type_id": 12, "terrain_type": "Mountain"}, "geometry": {"type": "Point", "coordinates": [9765.0, 2671.0]}}, {"type": "Feature", "properties": {"province_id": 2284, "name": "Nagron", "marker_index": 1, "terrain_type_id": 12, "terrain_type": "Mountain"}, "geometry": {"type": "Point", "coordinates": [9791.0, 2747.0]}}, {"type": "Feature", "properties": {"province_id": 2284, "name": "Nagron", "marker_index": 2, "terrain_type_id": 12, "terrain_type": "Mountain"}, "geometry": {"type": "Point", "coordinates": [9801.0, 2663.0]}}, {"type": "Feature", "properties": {"province_id": 2284, "name": "Nagron", "marker_index": 3, "terrain_type_id": 12, "terrain_type": "Mountain"}, "geometry": {"type": "Point", "coordinates": [9810.0, 2703.0]}}, {"type": "Feature", "properties": {"province_id": 2284, "name": "Nagron", "marker_index": 4, "terrain_type_id": 12, "terrain_type": "Mountain"}, "geometry": {"type": "Point", "coordinates": [9836.0, 2731.0]}}, {"type": "Feature", "properties": {"province_id": 2284, "name": "Nagron", "marker_index": 5, "terrain_type_id": 12, "terrain_type": "Mountain"}, "geometry": {"type": "Point", "coordinates": [9851.0, 2697.0]}}, {"type": "Feature", "properties": {"province_id": 2285, "name": "Selipuk", "marker_index": 0, "terrain_type_id": 12, "terrain_type": "Mountain"}, "geometry": {"type": "Point", "coordinates": [9740.0, 2732.0]}}, {"type": "Feature", "properties": {"province_id": 2285, "name": "Selipuk", "marker_index": 1, "terrain_type_id": 12, "terrain_type": "Mountain"}, "geometry": {"type": "Point", "coordinates": [9759.0, 2784.0]}}, {"type": "Feature", "properties": {"province_id": 2287, "name": "Demchok", "marker_index": 0, "terrain_type_id": 12, "terrain_type": "Mountain"}, "geometry": {"type": "Point", "coordinates": [9549.0, 2750.0]}}, {"type": "Feature", "properties": {"province_id": 2287, "name": "Demchok", "marker_index": 1, "terrain_type_id": 12, "terrain_type": "Mountain"}, "geometry": {"type": "Point", "coordinates": [9560.0, 2724.0]}}, {"type": "Feature", "properties": {"province_id": 2287, "name": "Demchok", "marker_index": 2, "terrain_type_id": 12, "terrain_type": "Mountain"}, "geometry": {"type": "Point", "coordinates": [9560.0, 2734.0]}}, {"type": "Feature", "properties": {"province_id": 2287, "name": "Demchok", "marker_index": 3, "terrain_type_id": 12, "terrain_type": "Mountain"}, "geometry": {"type": "Point", "coordinates": [9560.0, 2751.0]}}, {"type": "Feature", "properties": {"province_id": 2287, "name": "Demchok", "marker_index": 4, "terrain_type_id": 12, "terrain_type": "Mountain"}, "geometry": {"type": "Point", "coordinates": [9571.0, 2762.0]}}, {"type": "Feature", "properties": {"province_id": 2287, "name": "Demchok", "marker_index": 5, "terrain_type_id": 12, "terrain_type": "Mountain"}, "geometry": {"type": "Point", "coordinates": [9572.0, 2752.0]}}, {"type": "Feature", "properties": {"province_id": 2287, "name": "Demchok", "marker_index": 6, "terrain_type_id": 12, "terrain_type": "Mountain"}, "geometry": {"type": "Point", "coordinates": [9578.0, 2730.0]}}, {"type": "Feature", "properties": {"province_id": 2287, "name": "Demchok", "marker_index": 7, "terrain_type_id": 12, "terrain_type": "Mountain"}, "geometry": {"type": "Point", "coordinates": [9582.0, 2745.0]}}, {"type": "Feature", "properties": {"province_id": 2287, "name": "Demchok", "marker_index": 8, "terrain_type_id": 12, "terrain_type": "Mountain"}, "geometry": {"type": "Point", "coordinates": [9591.0, 2777.0]}}, {"type": "Feature", "properties": {"province_id": 2287, "name": "Demchok", "marker_index": 9, "terrain_type_id": 12, "terrain_type": "Mountain"}, "geometry": {"type": "Point", "coordinates": [9597.0, 2744.0]}}, {"type": "Feature", "properties": {"province_id": 2287, "name": "Demchok", "marker_index": 10, "terrain_type_id": 12, "terrain_type": "Mountain"}, "geometry": {"type": "Point", "coordinates": [9600.0, 2762.0]}}, {"type": "Feature", "properties": {"province_id": 2287, "name": "Demchok", "marker_index": 11, "terrain_type_id": 12, "terrain_type": "Mountain"}, "geometry": {"type": "Point", "coordinates": [9608.0, 2773.0]}}, {"type": "Feature", "properties": {"province_id": 2287, "name": "Demchok", "marker_index": 12, "terrain_type_id": 12, "terrain_type": "Mountain"}, "geometry": {"type": "Point", "coordinates": [9611.0, 2719.0]}}, {"type": "Feature", "properties": {"province_id": 2288, "name": "Djiacham", "marker_index": 0, "terrain_type_id": 12, "terrain_type": "Mountain"}, "geometry": {"type": "Point", "coordinates": [9636.0, 2791.0]}}, {"type": "Feature", "properties": {"province_id": 2288, "name": "Djiacham", "marker_index": 1, "terrain_type_id": 12, "terrain_type": "Mountain"}, "geometry": {"type": "Point", "coordinates": [9647.0, 2797.0]}}, {"type": "Feature", "properties": {"province_id": 2288, "name": "Djiacham", "marker_index": 2, "terrain_type_id": 12, "terrain_type": "Mountain"}, "geometry": {"type": "Point", "coordinates": [9650.0, 2810.0]}}, {"type": "Feature", "properties": {"province_id": 2288, "name": "Djiacham", "marker_index": 3, "terrain_type_id": 12, "terrain_type": "Mountain"}, "geometry": {"type": "Point", "coordinates": [9667.0, 2791.0]}}, {"type": "Feature", "properties": {"province_id": 2288, "name": "Djiacham", "marker_index": 4, "terrain_type_id": 12, "terrain_type": "Mountain"}, "geometry": {"type": "Point", "coordinates": [9669.0, 2816.0]}}, {"type": "Feature", "properties": {"province_id": 2288, "name": "Djiacham", "marker_index": 5, "terrain_type_id": 12, "terrain_type": "Mountain"}, "geometry": {"type": "Point", "coordinates": [9677.0, 2809.0]}}, {"type": "Feature", "properties": {"province_id": 2288, "name": "Djiacham", "marker_index": 6, "terrain_type_id": 12, "terrain_type": "Mountain"}, "geometry": {"type": "Point", "coordinates": [9686.0, 2788.0]}}, {"type": "Feature", "properties": {"province_id": 2288, "name": "Djiacham", "marker_index": 7, "terrain_type_id": 12, "terrain_type": "Mountain"}, "geometry": {"type": "Point", "coordinates": [9687.0, 2801.0]}}, {"type": "Feature", "properties": {"province_id": 2288, "name": "Djiacham", "marker_index": 8, "terrain_type_id": 12, "terrain_type": "Mountain"}, "geometry": {"type": "Point", "coordinates": [9687.0, 2831.0]}}, {"type": "Feature", "properties": {"province_id": 2288, "name": "Djiacham", "marker_index": 9, "terrain_type_id": 12, "terrain_type": "Mountain"}, "geometry": {"type": "Point", "coordinates": [9689.0, 2820.0]}}, {"type": "Feature", "properties": {"province_id": 2289, "name": "Namling", "marker_index": 0, "terrain_type_id": 12, "terrain_type": "Mountain"}, "geometry": {"type": "Point", "coordinates": [10003.0, 2956.0]}}, {"type": "Feature", "properties": {"province_id": 2289, "name": "Namling", "marker_index": 1, "terrain_type_id": 12, "terrain_type": "Mountain"}, "geometry": {"type": "Point", "coordinates": [10012.0, 2895.0]}}, {"type": "Feature", "properties": {"province_id": 2289, "name": "Namling", "marker_index": 2, "terrain_type_id": 12, "terrain_type": "Mountain"}, "geometry": {"type": "Point", "coordinates": [10026.0, 2848.0]}}, {"type": "Feature", "properties": {"province_id": 2289, "name": "Namling", "marker_index": 3, "terrain_type_id": 12, "terrain_type": "Mountain"}, "geometry": {"type": "Point", "coordinates": [10046.0, 2941.0]}}, {"type": "Feature", "properties": {"province_id": 2289, "name": "Namling", "marker_index": 4, "terrain_type_id": 12, "terrain_type": "Mountain"}, "geometry": {"type": "Point", "coordinates": [10052.0, 2892.0]}}, {"type": "Feature", "properties": {"province_id": 2292, "name": "Yuangchang", "marker_index": 0, "terrain_type_id": 12, "terrain_type": "Mountain"}, "geometry": {"type": "Point", "coordinates": [10505.0, 3107.0]}}, {"type": "Feature", "properties": {"province_id": 2292, "name": "Yuangchang", "marker_index": 1, "terrain_type_id": 12, "terrain_type": "Mountain"}, "geometry": {"type": "Point", "coordinates": [10507.0, 3130.0]}}, {"type": "Feature", "properties": {"province_id": 2292, "name": "Yuangchang", "marker_index": 2, "terrain_type_id": 12, "terrain_type": "Mountain"}, "geometry": {"type": "Point", "coordinates": [10518.0, 3020.0]}}, {"type": "Feature", "properties": {"province_id": 2292, "name": "Yuangchang", "marker_index": 3, "terrain_type_id": 12, "terrain_type": "Mountain"}, "geometry": {"type": "Point", "coordinates": [10521.0, 3071.0]}}, {"type": "Feature", "properties": {"province_id": 2292, "name": "Yuangchang", "marker_index": 4, "terrain_type_id": 12, "terrain_type": "Mountain"}, "geometry": {"type": "Point", "coordinates": [10522.0, 3044.0]}}, {"type": "Feature", "properties": {"province_id": 2292, "name": "Yuangchang", "marker_index": 5, "terrain_type_id": 12, "terrain_type": "Mountain"}, "geometry": {"type": "Point", "coordinates": [10524.0, 3138.0]}}, {"type": "Feature", "properties": {"province_id": 2292, "name": "Yuangchang", "marker_index": 6, "terrain_type_id": 12, "terrain_type": "Mountain"}, "geometry": {"type": "Point", "coordinates": [10526.0, 3086.0]}}, {"type": "Feature", "properties": {"province_id": 2292, "name": "Yuangchang", "marker_index": 7, "terrain_type_id": 12, "terrain_type": "Mountain"}, "geometry": {"type": "Point", "coordinates": [10527.0, 3118.0]}}, {"type": "Feature", "properties": {"province_id": 2292, "name": "Yuangchang", "marker_index": 8, "terrain_type_id": 12, "terrain_type": "Mountain"}, "geometry": {"type": "Point", "coordinates": [10531.0, 3050.0]}}, {"type": "Feature", "properties": {"province_id": 2292, "name": "Yuangchang", "marker_index": 9, "terrain_type_id": 12, "terrain_type": "Mountain"}, "geometry": {"type": "Point", "coordinates": [10539.0, 3066.0]}}, {"type": "Feature", "properties": {"province_id": 2292, "name": "Yuangchang", "marker_index": 10, "terrain_type_id": 12, "terrain_type": "Mountain"}, "geometry": {"type": "Point", "coordinates": [10544.0, 3099.0]}}, {"type": "Feature", "properties": {"province_id": 2292, "name": "Yuangchang", "marker_index": 11, "terrain_type_id": 12, "terrain_type": "Mountain"}, "geometry": {"type": "Point", "coordinates": [10547.0, 3109.0]}}, {"type": "Feature", "properties": {"province_id": 2292, "name": "Yuangchang", "marker_index": 12, "terrain_type_id": 12, "terrain_type": "Mountain"}, "geometry": {"type": "Point", "coordinates": [10548.0, 3139.0]}}, {"type": "Feature", "properties": {"province_id": 2292, "name": "Yuangchang", "marker_index": 13, "terrain_type_id": 12, "terrain_type": "Mountain"}, "geometry": {"type": "Point", "coordinates": [10549.0, 3081.0]}}, {"type": "Feature", "properties": {"province_id": 2294, "name": "Tungchwan", "marker_index": 0, "terrain_type_id": 12, "terrain_type": "Mountain"}, "geometry": {"type": "Point", "coordinates": [10635.0, 3112.0]}}, {"type": "Feature", "properties": {"province_id": 2294, "name": "Tungchwan", "marker_index": 1, "terrain_type_id": 12, "terrain_type": "Mountain"}, "geometry": {"type": "Point", "coordinates": [10646.0, 3082.0]}}, {"type": "Feature", "properties": {"province_id": 2294, "name": "Tungchwan", "marker_index": 2, "terrain_type_id": 12, "terrain_type": "Mountain"}, "geometry": {"type": "Point", "coordinates": [10653.0, 3115.0]}}, {"type": "Feature", "properties": {"province_id": 2294, "name": "Tungchwan", "marker_index": 3, "terrain_type_id": 12, "terrain_type": "Mountain"}, "geometry": {"type": "Point", "coordinates": [10655.0, 3101.0]}}, {"type": "Feature", "properties": {"province_id": 2294, "name": "Tungchwan", "marker_index": 4, "terrain_type_id": 12, "terrain_type": "Mountain"}, "geometry": {"type": "Point", "coordinates": [10656.0, 3018.0]}}, {"type": "Feature", "properties": {"province_id": 2294, "name": "Tungchwan", "marker_index": 5, "terrain_type_id": 12, "terrain_type": "Mountain"}, "geometry": {"type": "Point", "coordinates": [10656.0, 3072.0]}}, {"type": "Feature", "properties": {"province_id": 2294, "name": "Tungchwan", "marker_index": 6, "terrain_type_id": 12, "terrain_type": "Mountain"}, "geometry": {"type": "Point", "coordinates": [10659.0, 3057.0]}}, {"type": "Feature", "properties": {"province_id": 2294, "name": "Tungchwan", "marker_index": 7, "terrain_type_id": 12, "terrain_type": "Mountain"}, "geometry": {"type": "Point", "coordinates": [10660.0, 3081.0]}}, {"type": "Feature", "properties": {"province_id": 2294, "name": "Tungchwan", "marker_index": 8, "terrain_type_id": 12, "terrain_type": "Mountain"}, "geometry": {"type": "Point", "coordinates": [10664.0, 3042.0]}}, {"type": "Feature", "properties": {"province_id": 2294, "name": "Tungchwan", "marker_index": 9, "terrain_type_id": 12, "terrain_type": "Mountain"}, "geometry": {"type": "Point", "coordinates": [10677.0, 3124.0]}}, {"type": "Feature", "properties": {"province_id": 2294, "name": "Tungchwan", "marker_index": 10, "terrain_type_id": 12, "terrain_type": "Mountain"}, "geometry": {"type": "Point", "coordinates": [10682.0, 3101.0]}}, {"type": "Feature", "properties": {"province_id": 2294, "name": "Tungchwan", "marker_index": 11, "terrain_type_id": 12, "terrain_type": "Mountain"}, "geometry": {"type": "Point", "coordinates": [10683.0, 3032.0]}}, {"type": "Feature", "properties": {"province_id": 2296, "name": "Sinhing", "marker_index": 0, "terrain_type_id": 12, "terrain_type": "Mountain"}, "geometry": {"type": "Point", "coordinates": [10570.0, 3102.0]}}, {"type": "Feature", "properties": {"province_id": 2296, "name": "Sinhing", "marker_index": 1, "terrain_type_id": 12, "terrain_type": "Mountain"}, "geometry": {"type": "Point", "coordinates": [10574.0, 3127.0]}}, {"type": "Feature", "properties": {"province_id": 2296, "name": "Sinhing", "marker_index": 2, "terrain_type_id": 12, "terrain_type": "Mountain"}, "geometry": {"type": "Point", "coordinates": [10580.0, 3149.0]}}, {"type": "Feature", "properties": {"province_id": 2296, "name": "Sinhing", "marker_index": 3, "terrain_type_id": 12, "terrain_type": "Mountain"}, "geometry": {"type": "Point", "coordinates": [10580.0, 3174.0]}}, {"type": "Feature", "properties": {"province_id": 2296, "name": "Sinhing", "marker_index": 4, "terrain_type_id": 12, "terrain_type": "Mountain"}, "geometry": {"type": "Point", "coordinates": [10582.0, 3162.0]}}, {"type": "Feature", "properties": {"province_id": 2296, "name": "Sinhing", "marker_index": 5, "terrain_type_id": 12, "terrain_type": "Mountain"}, "geometry": {"type": "Point", "coordinates": [10584.0, 3131.0]}}, {"type": "Feature", "properties": {"province_id": 2296, "name": "Sinhing", "marker_index": 6, "terrain_type_id": 12, "terrain_type": "Mountain"}, "geometry": {"type": "Point", "coordinates": [10593.0, 3114.0]}}, {"type": "Feature", "properties": {"province_id": 2296, "name": "Sinhing", "marker_index": 7, "terrain_type_id": 12, "terrain_type": "Mountain"}, "geometry": {"type": "Point", "coordinates": [10602.0, 3129.0]}}, {"type": "Feature", "properties": {"province_id": 2296, "name": "Sinhing", "marker_index": 8, "terrain_type_id": 12, "terrain_type": "Mountain"}, "geometry": {"type": "Point", "coordinates": [10602.0, 3172.0]}}, {"type": "Feature", "properties": {"province_id": 2296, "name": "Sinhing", "marker_index": 9, "terrain_type_id": 12, "terrain_type": "Mountain"}, "geometry": {"type": "Point", "coordinates": [10614.0, 3123.0]}}, {"type": "Feature", "properties": {"province_id": 2297, "name": "Lungling", "marker_index": 0, "terrain_type_id": 12, "terrain_type": "Mountain"}, "geometry": {"type": "Point", "coordinates": [10478.0, 3184.0]}}, {"type": "Feature", "properties": {"province_id": 2297, "name": "Lungling", "marker_index": 1, "terrain_type_id": 12, "terrain_type": "Mountain"}, "geometry": {"type": "Point", "coordinates": [10479.0, 3164.0]}}, {"type": "Feature", "properties": {"province_id": 2297, "name": "Lungling", "marker_index": 2, "terrain_type_id": 12, "terrain_type": "Mountain"}, "geometry": {"type": "Point", "coordinates": [10522.0, 3198.0]}}, {"type": "Feature", "properties": {"province_id": 2297, "name": "Lungling", "marker_index": 3, "terrain_type_id": 12, "terrain_type": "Mountain"}, "geometry": {"type": "Point", "coordinates": [10528.0, 3167.0]}}, {"type": "Feature", "properties": {"province_id": 2297, "name": "Lungling", "marker_index": 4, "terrain_type_id": 12, "terrain_type": "Mountain"}, "geometry": {"type": "Point", "coordinates": [10535.0, 3192.0]}}, {"type": "Feature", "properties": {"province_id": 2297, "name": "Lungling", "marker_index": 5, "terrain_type_id": 12, "terrain_type": "Mountain"}, "geometry": {"type": "Point", "coordinates": [10536.0, 3204.0]}}, {"type": "Feature", "properties": {"province_id": 2297, "name": "Lungling", "marker_index": 6, "terrain_type_id": 12, "terrain_type": "Mountain"}, "geometry": {"type": "Point", "coordinates": [10540.0, 3151.0]}}, {"type": "Feature", "properties": {"province_id": 2297, "name": "Lungling", "marker_index": 7, "terrain_type_id": 12, "terrain_type": "Mountain"}, "geometry": {"type": "Point", "coordinates": [10545.0, 3183.0]}}, {"type": "Feature", "properties": {"province_id": 2297, "name": "Lungling", "marker_index": 8, "terrain_type_id": 12, "terrain_type": "Mountain"}, "geometry": {"type": "Point", "coordinates": [10553.0, 3166.0]}}, {"type": "Feature", "properties": {"province_id": 2308, "name": "Shiuchow", "marker_index": 0, "terrain_type_id": 10, "terrain_type": "Plains"}, "geometry": {"type": "Point", "coordinates": [11208.0, 3186.0]}}, {"type": "Feature", "properties": {"province_id": 2309, "name": "Chaochow", "marker_index": 0, "terrain_type_id": 14, "terrain_type": "Urban"}, "geometry": {"type": "Point", "coordinates": [11249.0, 3185.0]}}, {"type": "Feature", "properties": {"province_id": 2309, "name": "Chaochow", "marker_index": 1, "terrain_type_id": 14, "terrain_type": "Urban"}, "geometry": {"type": "Point", "coordinates": [11250.0, 3206.0]}}, {"type": "Feature", "properties": {"province_id": 2310, "name": "Linping", "marker_index": 0, "terrain_type_id": 11, "terrain_type": "Hills"}, "geometry": {"type": "Point", "coordinates": [11199.0, 3210.0]}}, {"type": "Feature", "properties": {"province_id": 2319, "name": "Liuzhou", "marker_index": 0, "terrain_type_id": 12, "terrain_type": "Mountain"}, "geometry": {"type": "Point", "coordinates": [10874.0, 3173.0]}}, {"type": "Feature", "properties": {"province_id": 2319, "name": "Liuzhou", "marker_index": 1, "terrain_type_id": 12, "terrain_type": "Mountain"}, "geometry": {"type": "Point", "coordinates": [10900.0, 3199.0]}}, {"type": "Feature", "properties": {"province_id": 2319, "name": "Liuzhou", "marker_index": 2, "terrain_type_id": 12, "terrain_type": "Mountain"}, "geometry": {"type": "Point", "coordinates": [10911.0, 3177.0]}}, {"type": "Feature", "properties": {"province_id": 2319, "name": "Liuzhou", "marker_index": 3, "terrain_type_id": 12, "terrain_type": "Mountain"}, "geometry": {"type": "Point", "coordinates": [10928.0, 3185.0]}}, {"type": "Feature", "properties": {"province_id": 2334, "name": "Wenchow", "marker_index": 0, "terrain_type_id": 12, "terrain_type": "Mountain"}, "geometry": {"type": "Point", "coordinates": [11367.0, 2922.0]}}, {"type": "Feature", "properties": {"province_id": 2334, "name": "Wenchow", "marker_index": 1, "terrain_type_id": 12, "terrain_type": "Mountain"}, "geometry": {"type": "Point", "coordinates": [11373.0, 2935.0]}}, {"type": "Feature", "properties": {"province_id": 2334, "name": "Wenchow", "marker_index": 2, "terrain_type_id": 12, "terrain_type": "Mountain"}, "geometry": {"type": "Point", "coordinates": [11374.0, 2952.0]}}, {"type": "Feature", "properties": {"province_id": 2334, "name": "Wenchow", "marker_index": 3, "terrain_type_id": 12, "terrain_type": "Mountain"}, "geometry": {"type": "Point", "coordinates": [11383.0, 2905.0]}}, {"type": "Feature", "properties": {"province_id": 2348, "name": "Chuanchow", "marker_index": 0, "terrain_type_id": 12, "terrain_type": "Mountain"}, "geometry": {"type": "Point", "coordinates": [11260.0, 3116.0]}}, {"type": "Feature", "properties": {"province_id": 2348, "name": "Chuanchow", "marker_index": 1, "terrain_type_id": 12, "terrain_type": "Mountain"}, "geometry": {"type": "Point", "coordinates": [11273.0, 3131.0]}}, {"type": "Feature", "properties": {"province_id": 2348, "name": "Chuanchow", "marker_index": 2, "terrain_type_id": 12, "terrain_type": "Mountain"}, "geometry": {"type": "Point", "coordinates": [11283.0, 3149.0]}}, {"type": "Feature", "properties": {"province_id": 2385, "name": "Lao-Kai", "marker_index": 0, "terrain_type_id": 12, "terrain_type": "Mountain"}, "geometry": {"type": "Point", "coordinates": [10688.0, 3246.0]}}, {"type": "Feature", "properties": {"province_id": 2385, "name": "Lao-Kai", "marker_index": 1, "terrain_type_id": 12, "terrain_type": "Mountain"}, "geometry": {"type": "Point", "coordinates": [10718.0, 3279.0]}}, {"type": "Feature", "properties": {"province_id": 2385, "name": "Lao-Kai", "marker_index": 2, "terrain_type_id": 12, "terrain_type": "Mountain"}, "geometry": {"type": "Point", "coordinates": [10724.0, 3239.0]}}, {"type": "Feature", "properties": {"province_id": 2385, "name": "Lao-Kai", "marker_index": 3, "terrain_type_id": 12, "terrain_type": "Mountain"}, "geometry": {"type": "Point", "coordinates": [10726.0, 3310.0]}}, {"type": "Feature", "properties": {"province_id": 2385, "name": "Lao-Kai", "marker_index": 4, "terrain_type_id": 12, "terrain_type": "Mountain"}, "geometry": {"type": "Point", "coordinates": [10745.0, 3233.0]}}, {"type": "Feature", "properties": {"province_id": 2385, "name": "Lao-Kai", "marker_index": 5, "terrain_type_id": 12, "terrain_type": "Mountain"}, "geometry": {"type": "Point", "coordinates": [10747.0, 3269.0]}}, {"type": "Feature", "properties": {"province_id": 2392, "name": "Tourane", "marker_index": 0, "terrain_type_id": 11, "terrain_type": "Hills"}, "geometry": {"type": "Point", "coordinates": [10968.0, 3680.0]}}, {"type": "Feature", "properties": {"province_id": 2395, "name": "Kratié", "marker_index": 0, "terrain_type_id": 13, "terrain_type": "Forest"}, "geometry": {"type": "Point", "coordinates": [10942.0, 3686.0]}}, {"type": "Feature", "properties": {"province_id": 2395, "name": "Kratié", "marker_index": 1, "terrain_type_id": 13, "terrain_type": "Forest"}, "geometry": {"type": "Point", "coordinates": [10949.0, 3708.0]}}, {"type": "Feature", "properties": {"province_id": 2434, "name": "Murun", "marker_index": 0, "terrain_type_id": 12, "terrain_type": "Mountain"}, "geometry": {"type": "Point", "coordinates": [10196.0, 1851.0]}}, {"type": "Feature", "properties": {"province_id": 2434, "name": "Murun", "marker_index": 1, "terrain_type_id": 12, "terrain_type": "Mountain"}, "geometry": {"type": "Point", "coordinates": [10220.0, 1869.0]}}, {"type": "Feature", "properties": {"province_id": 2434, "name": "Murun", "marker_index": 2, "terrain_type_id": 12, "terrain_type": "Mountain"}, "geometry": {"type": "Point", "coordinates": [10223.0, 1810.0]}}, {"type": "Feature", "properties": {"province_id": 2434, "name": "Murun", "marker_index": 3, "terrain_type_id": 12, "terrain_type": "Mountain"}, "geometry": {"type": "Point", "coordinates": [10231.0, 1908.0]}}, {"type": "Feature", "properties": {"province_id": 2434, "name": "Murun", "marker_index": 4, "terrain_type_id": 12, "terrain_type": "Mountain"}, "geometry": {"type": "Point", "coordinates": [10261.0, 1859.0]}}, {"type": "Feature", "properties": {"province_id": 2434, "name": "Murun", "marker_index": 5, "terrain_type_id": 12, "terrain_type": "Mountain"}, "geometry": {"type": "Point", "coordinates": [10278.0, 1873.0]}}, {"type": "Feature", "properties": {"province_id": 2437, "name": "Ulgii", "marker_index": 0, "terrain_type_id": 12, "terrain_type": "Mountain"}, "geometry": {"type": "Point", "coordinates": [9672.0, 1858.0]}}, {"type": "Feature", "properties": {"province_id": 2437, "name": "Ulgii", "marker_index": 1, "terrain_type_id": 12, "terrain_type": "Mountain"}, "geometry": {"type": "Point", "coordinates": [9696.0, 1819.0]}}, {"type": "Feature", "properties": {"province_id": 2437, "name": "Ulgii", "marker_index": 2, "terrain_type_id": 12, "terrain_type": "Mountain"}, "geometry": {"type": "Point", "coordinates": [9726.0, 1865.0]}}, {"type": "Feature", "properties": {"province_id": 2437, "name": "Ulgii", "marker_index": 3, "terrain_type_id": 12, "terrain_type": "Mountain"}, "geometry": {"type": "Point", "coordinates": [9745.0, 1905.0]}}, {"type": "Feature", "properties": {"province_id": 2437, "name": "Ulgii", "marker_index": 4, "terrain_type_id": 12, "terrain_type": "Mountain"}, "geometry": {"type": "Point", "coordinates": [9776.0, 1833.0]}}, {"type": "Feature", "properties": {"province_id": 2437, "name": "Ulgii", "marker_index": 5, "terrain_type_id": 12, "terrain_type": "Mountain"}, "geometry": {"type": "Point", "coordinates": [9826.0, 1929.0]}}, {"type": "Feature", "properties": {"province_id": 2437, "name": "Ulgii", "marker_index": 6, "terrain_type_id": 12, "terrain_type": "Mountain"}, "geometry": {"type": "Point", "coordinates": [9830.0, 1866.0]}}, {"type": "Feature", "properties": {"province_id": 2454, "name": "Niya", "marker_index": 0, "terrain_type_id": 12, "terrain_type": "Mountain"}, "geometry": {"type": "Point", "coordinates": [9394.0, 2606.0]}}, {"type": "Feature", "properties": {"province_id": 2454, "name": "Niya", "marker_index": 1, "terrain_type_id": 12, "terrain_type": "Mountain"}, "geometry": {"type": "Point", "coordinates": [9395.0, 2596.0]}}, {"type": "Feature", "properties": {"province_id": 2454, "name": "Niya", "marker_index": 2, "terrain_type_id": 12, "terrain_type": "Mountain"}, "geometry": {"type": "Point", "coordinates": [9407.0, 2588.0]}}, {"type": "Feature", "properties": {"province_id": 2454, "name": "Niya", "marker_index": 3, "terrain_type_id": 12, "terrain_type": "Mountain"}, "geometry": {"type": "Point", "coordinates": [9414.0, 2598.0]}}, {"type": "Feature", "properties": {"province_id": 2454, "name": "Niya", "marker_index": 4, "terrain_type_id": 12, "terrain_type": "Mountain"}, "geometry": {"type": "Point", "coordinates": [9416.0, 2481.0]}}, {"type": "Feature", "properties": {"province_id": 2454, "name": "Niya", "marker_index": 5, "terrain_type_id": 12, "terrain_type": "Mountain"}, "geometry": {"type": "Point", "coordinates": [9419.0, 2512.0]}}, {"type": "Feature", "properties": {"province_id": 2454, "name": "Niya", "marker_index": 6, "terrain_type_id": 12, "terrain_type": "Mountain"}, "geometry": {"type": "Point", "coordinates": [9424.0, 2526.0]}}, {"type": "Feature", "properties": {"province_id": 2454, "name": "Niya", "marker_index": 7, "terrain_type_id": 12, "terrain_type": "Mountain"}, "geometry": {"type": "Point", "coordinates": [9431.0, 2495.0]}}, {"type": "Feature", "properties": {"province_id": 2454, "name": "Niya", "marker_index": 8, "terrain_type_id": 12, "terrain_type": "Mountain"}, "geometry": {"type": "Point", "coordinates": [9431.0, 2586.0]}}, {"type": "Feature", "properties": {"province_id": 2454, "name": "Niya", "marker_index": 9, "terrain_type_id": 12, "terrain_type": "Mountain"}, "geometry": {"type": "Point", "coordinates": [9441.0, 2550.0]}}, {"type": "Feature", "properties": {"province_id": 2454, "name": "Niya", "marker_index": 10, "terrain_type_id": 12, "terrain_type": "Mountain"}, "geometry": {"type": "Point", "coordinates": [9444.0, 2515.0]}}, {"type": "Feature", "properties": {"province_id": 2454, "name": "Niya", "marker_index": 11, "terrain_type_id": 12, "terrain_type": "Mountain"}, "geometry": {"type": "Point", "coordinates": [9448.0, 2595.0]}}, {"type": "Feature", "properties": {"province_id": 2454, "name": "Niya", "marker_index": 12, "terrain_type_id": 12, "terrain_type": "Mountain"}, "geometry": {"type": "Point", "coordinates": [9455.0, 2502.0]}}, {"type": "Feature", "properties": {"province_id": 2454, "name": "Niya", "marker_index": 13, "terrain_type_id": 12, "terrain_type": "Mountain"}, "geometry": {"type": "Point", "coordinates": [9471.0, 2492.0]}}, {"type": "Feature", "properties": {"province_id": 2454, "name": "Niya", "marker_index": 14, "terrain_type_id": 12, "terrain_type": "Mountain"}, "geometry": {"type": "Point", "coordinates": [9472.0, 2521.0]}}, {"type": "Feature", "properties": {"province_id": 2454, "name": "Niya", "marker_index": 15, "terrain_type_id": 12, "terrain_type": "Mountain"}, "geometry": {"type": "Point", "coordinates": [9473.0, 2600.0]}}, {"type": "Feature", "properties": {"province_id": 2454, "name": "Niya", "marker_index": 16, "terrain_type_id": 12, "terrain_type": "Mountain"}, "geometry": {"type": "Point", "coordinates": [9476.0, 2560.0]}}, {"type": "Feature", "properties": {"province_id": 2454, "name": "Niya", "marker_index": 17, "terrain_type_id": 12, "terrain_type": "Mountain"}, "geometry": {"type": "Point", "coordinates": [9479.0, 2618.0]}}, {"type": "Feature", "properties": {"province_id": 2454, "name": "Niya", "marker_index": 18, "terrain_type_id": 12, "terrain_type": "Mountain"}, "geometry": {"type": "Point", "coordinates": [9482.0, 2512.0]}}, {"type": "Feature", "properties": {"province_id": 2454, "name": "Niya", "marker_index": 19, "terrain_type_id": 12, "terrain_type": "Mountain"}, "geometry": {"type": "Point", "coordinates": [9485.0, 2636.0]}}, {"type": "Feature", "properties": {"province_id": 2454, "name": "Niya", "marker_index": 20, "terrain_type_id": 12, "terrain_type": "Mountain"}, "geometry": {"type": "Point", "coordinates": [9493.0, 2527.0]}}, {"type": "Feature", "properties": {"province_id": 2454, "name": "Niya", "marker_index": 21, "terrain_type_id": 12, "terrain_type": "Mountain"}, "geometry": {"type": "Point", "coordinates": [9493.0, 2618.0]}}, {"type": "Feature", "properties": {"province_id": 2454, "name": "Niya", "marker_index": 22, "terrain_type_id": 12, "terrain_type": "Mountain"}, "geometry": {"type": "Point", "coordinates": [9497.0, 2501.0]}}, {"type": "Feature", "properties": {"province_id": 2454, "name": "Niya", "marker_index": 23, "terrain_type_id": 12, "terrain_type": "Mountain"}, "geometry": {"type": "Point", "coordinates": [9501.0, 2573.0]}}, {"type": "Feature", "properties": {"province_id": 2454, "name": "Niya", "marker_index": 24, "terrain_type_id": 12, "terrain_type": "Mountain"}, "geometry": {"type": "Point", "coordinates": [9502.0, 2597.0]}}, {"type": "Feature", "properties": {"province_id": 2454, "name": "Niya", "marker_index": 25, "terrain_type_id": 12, "terrain_type": "Mountain"}, "geometry": {"type": "Point", "coordinates": [9503.0, 2635.0]}}, {"type": "Feature", "properties": {"province_id": 2454, "name": "Niya", "marker_index": 26, "terrain_type_id": 12, "terrain_type": "Mountain"}, "geometry": {"type": "Point", "coordinates": [9505.0, 2624.0]}}, {"type": "Feature", "properties": {"province_id": 2454, "name": "Niya", "marker_index": 27, "terrain_type_id": 12, "terrain_type": "Mountain"}, "geometry": {"type": "Point", "coordinates": [9510.0, 2527.0]}}, {"type": "Feature", "properties": {"province_id": 2454, "name": "Niya", "marker_index": 28, "terrain_type_id": 12, "terrain_type": "Mountain"}, "geometry": {"type": "Point", "coordinates": [9511.0, 2545.0]}}, {"type": "Feature", "properties": {"province_id": 2454, "name": "Niya", "marker_index": 29, "terrain_type_id": 12, "terrain_type": "Mountain"}, "geometry": {"type": "Point", "coordinates": [9516.0, 2620.0]}}, {"type": "Feature", "properties": {"province_id": 2454, "name": "Niya", "marker_index": 30, "terrain_type_id": 12, "terrain_type": "Mountain"}, "geometry": {"type": "Point", "coordinates": [9529.0, 2533.0]}}, {"type": "Feature", "properties": {"province_id": 2454, "name": "Niya", "marker_index": 31, "terrain_type_id": 12, "terrain_type": "Mountain"}, "geometry": {"type": "Point", "coordinates": [9541.0, 2636.0]}}, {"type": "Feature", "properties": {"province_id": 2456, "name": "Chochiang", "marker_index": 0, "terrain_type_id": 12, "terrain_type": "Mountain"}, "geometry": {"type": "Point", "coordinates": [9711.0, 2380.0]}}, {"type": "Feature", "properties": {"province_id": 2456, "name": "Chochiang", "marker_index": 1, "terrain_type_id": 12, "terrain_type": "Mountain"}, "geometry": {"type": "Point", "coordinates": [9716.0, 2407.0]}}, {"type": "Feature", "properties": {"province_id": 2456, "name": "Chochiang", "marker_index": 2, "terrain_type_id": 12, "terrain_type": "Mountain"}, "geometry": {"type": "Point", "coordinates": [9716.0, 2485.0]}}, {"type": "Feature", "properties": {"province_id": 2456, "name": "Chochiang", "marker_index": 3, "terrain_type_id": 12, "terrain_type": "Mountain"}, "geometry": {"type": "Point", "coordinates": [9720.0, 2458.0]}}, {"type": "Feature", "properties": {"province_id": 2456, "name": "Chochiang", "marker_index": 4, "terrain_type_id": 12, "terrain_type": "Mountain"}, "geometry": {"type": "Point", "coordinates": [9726.0, 2390.0]}}, {"type": "Feature", "properties": {"province_id": 2456, "name": "Chochiang", "marker_index": 5, "terrain_type_id": 12, "terrain_type": "Mountain"}, "geometry": {"type": "Point", "coordinates": [9728.0, 2437.0]}}, {"type": "Feature", "properties": {"province_id": 2456, "name": "Chochiang", "marker_index": 6, "terrain_type_id": 12, "terrain_type": "Mountain"}, "geometry": {"type": "Point", "coordinates": [9731.0, 2484.0]}}, {"type": "Feature", "properties": {"province_id": 2456, "name": "Chochiang", "marker_index": 7, "terrain_type_id": 12, "terrain_type": "Mountain"}, "geometry": {"type": "Point", "coordinates": [9733.0, 2380.0]}}, {"type": "Feature", "properties": {"province_id": 2456, "name": "Chochiang", "marker_index": 8, "terrain_type_id": 12, "terrain_type": "Mountain"}, "geometry": {"type": "Point", "coordinates": [9737.0, 2518.0]}}, {"type": "Feature", "properties": {"province_id": 2456, "name": "Chochiang", "marker_index": 9, "terrain_type_id": 12, "terrain_type": "Mountain"}, "geometry": {"type": "Point", "coordinates": [9744.0, 2454.0]}}, {"type": "Feature", "properties": {"province_id": 2456, "name": "Chochiang", "marker_index": 10, "terrain_type_id": 12, "terrain_type": "Mountain"}, "geometry": {"type": "Point", "coordinates": [9768.0, 2415.0]}}, {"type": "Feature", "properties": {"province_id": 2456, "name": "Chochiang", "marker_index": 11, "terrain_type_id": 12, "terrain_type": "Mountain"}, "geometry": {"type": "Point", "coordinates": [9779.0, 2386.0]}}, {"type": "Feature", "properties": {"province_id": 2456, "name": "Chochiang", "marker_index": 12, "terrain_type_id": 12, "terrain_type": "Mountain"}, "geometry": {"type": "Point", "coordinates": [9824.0, 2380.0]}}, {"type": "Feature", "properties": {"province_id": 2456, "name": "Chochiang", "marker_index": 13, "terrain_type_id": 12, "terrain_type": "Mountain"}, "geometry": {"type": "Point", "coordinates": [9827.0, 2403.0]}}, {"type": "Feature", "properties": {"province_id": 2456, "name": "Chochiang", "marker_index": 14, "terrain_type_id": 12, "terrain_type": "Mountain"}, "geometry": {"type": "Point", "coordinates": [9839.0, 2366.0]}}, {"type": "Feature", "properties": {"province_id": 2458, "name": "Yutien", "marker_index": 0, "terrain_type_id": 12, "terrain_type": "Mountain"}, "geometry": {"type": "Point", "coordinates": [9254.0, 2588.0]}}, {"type": "Feature", "properties": {"province_id": 2458, "name": "Yutien", "marker_index": 1, "terrain_type_id": 12, "terrain_type": "Mountain"}, "geometry": {"type": "Point", "coordinates": [9271.0, 2588.0]}}, {"type": "Feature", "properties": {"province_id": 2458, "name": "Yutien", "marker_index": 2, "terrain_type_id": 12, "terrain_type": "Mountain"}, "geometry": {"type": "Point", "coordinates": [9274.0, 2522.0]}}, {"type": "Feature", "properties": {"province_id": 2458, "name": "Yutien", "marker_index": 3, "terrain_type_id": 12, "terrain_type": "Mountain"}, "geometry": {"type": "Point", "coordinates": [9275.0, 2485.0]}}, {"type": "Feature", "properties": {"province_id": 2458, "name": "Yutien", "marker_index": 4, "terrain_type_id": 12, "terrain_type": "Mountain"}, "geometry": {"type": "Point", "coordinates": [9280.0, 2569.0]}}, {"type": "Feature", "properties": {"province_id": 2458, "name": "Yutien", "marker_index": 5, "terrain_type_id": 12, "terrain_type": "Mountain"}, "geometry": {"type": "Point", "coordinates": [9282.0, 2497.0]}}, {"type": "Feature", "properties": {"province_id": 2458, "name": "Yutien", "marker_index": 6, "terrain_type_id": 12, "terrain_type": "Mountain"}, "geometry": {"type": "Point", "coordinates": [9283.0, 2536.0]}}, {"type": "Feature", "properties": {"province_id": 2458, "name": "Yutien", "marker_index": 7, "terrain_type_id": 12, "terrain_type": "Mountain"}, "geometry": {"type": "Point", "coordinates": [9298.0, 2486.0]}}, {"type": "Feature", "properties": {"province_id": 2458, "name": "Yutien", "marker_index": 8, "terrain_type_id": 12, "terrain_type": "Mountain"}, "geometry": {"type": "Point", "coordinates": [9299.0, 2578.0]}}, {"type": "Feature", "properties": {"province_id": 2458, "name": "Yutien", "marker_index": 9, "terrain_type_id": 12, "terrain_type": "Mountain"}, "geometry": {"type": "Point", "coordinates": [9302.0, 2510.0]}}, {"type": "Feature", "properties": {"province_id": 2458, "name": "Yutien", "marker_index": 10, "terrain_type_id": 12, "terrain_type": "Mountain"}, "geometry": {"type": "Point", "coordinates": [9310.0, 2477.0]}}, {"type": "Feature", "properties": {"province_id": 2458, "name": "Yutien", "marker_index": 11, "terrain_type_id": 12, "terrain_type": "Mountain"}, "geometry": {"type": "Point", "coordinates": [9318.0, 2541.0]}}, {"type": "Feature", "properties": {"province_id": 2458, "name": "Yutien", "marker_index": 12, "terrain_type_id": 12, "terrain_type": "Mountain"}, "geometry": {"type": "Point", "coordinates": [9319.0, 2510.0]}}, {"type": "Feature", "properties": {"province_id": 2458, "name": "Yutien", "marker_index": 13, "terrain_type_id": 12, "terrain_type": "Mountain"}, "geometry": {"type": "Point", "coordinates": [9323.0, 2586.0]}}, {"type": "Feature", "properties": {"province_id": 2458, "name": "Yutien", "marker_index": 14, "terrain_type_id": 12, "terrain_type": "Mountain"}, "geometry": {"type": "Point", "coordinates": [9331.0, 2566.0]}}, {"type": "Feature", "properties": {"province_id": 2458, "name": "Yutien", "marker_index": 15, "terrain_type_id": 12, "terrain_type": "Mountain"}, "geometry": {"type": "Point", "coordinates": [9333.0, 2492.0]}}, {"type": "Feature", "properties": {"province_id": 2458, "name": "Yutien", "marker_index": 16, "terrain_type_id": 12, "terrain_type": "Mountain"}, "geometry": {"type": "Point", "coordinates": [9336.0, 2533.0]}}, {"type": "Feature", "properties": {"province_id": 2458, "name": "Yutien", "marker_index": 17, "terrain_type_id": 12, "terrain_type": "Mountain"}, "geometry": {"type": "Point", "coordinates": [9345.0, 2569.0]}}, {"type": "Feature", "properties": {"province_id": 2458, "name": "Yutien", "marker_index": 18, "terrain_type_id": 12, "terrain_type": "Mountain"}, "geometry": {"type": "Point", "coordinates": [9348.0, 2540.0]}}, {"type": "Feature", "properties": {"province_id": 2458, "name": "Yutien", "marker_index": 19, "terrain_type_id": 12, "terrain_type": "Mountain"}, "geometry": {"type": "Point", "coordinates": [9351.0, 2584.0]}}, {"type": "Feature", "properties": {"province_id": 2458, "name": "Yutien", "marker_index": 20, "terrain_type_id": 12, "terrain_type": "Mountain"}, "geometry": {"type": "Point", "coordinates": [9359.0, 2500.0]}}, {"type": "Feature", "properties": {"province_id": 2458, "name": "Yutien", "marker_index": 21, "terrain_type_id": 12, "terrain_type": "Mountain"}, "geometry": {"type": "Point", "coordinates": [9367.0, 2556.0]}}, {"type": "Feature", "properties": {"province_id": 2458, "name": "Yutien", "marker_index": 22, "terrain_type_id": 12, "terrain_type": "Mountain"}, "geometry": {"type": "Point", "coordinates": [9373.0, 2532.0]}}, {"type": "Feature", "properties": {"province_id": 2458, "name": "Yutien", "marker_index": 23, "terrain_type_id": 12, "terrain_type": "Mountain"}, "geometry": {"type": "Point", "coordinates": [9384.0, 2513.0]}}, {"type": "Feature", "properties": {"province_id": 2472, "name": "Kargilik", "marker_index": 0, "terrain_type_id": 12, "terrain_type": "Mountain"}, "geometry": {"type": "Point", "coordinates": [9161.0, 2505.0]}}, {"type": "Feature", "properties": {"province_id": 2472, "name": "Kargilik", "marker_index": 1, "terrain_type_id": 12, "terrain_type": "Mountain"}, "geometry": {"type": "Point", "coordinates": [9171.0, 2533.0]}}, {"type": "Feature", "properties": {"province_id": 2472, "name": "Kargilik", "marker_index": 2, "terrain_type_id": 12, "terrain_type": "Mountain"}, "geometry": {"type": "Point", "coordinates": [9173.0, 2495.0]}}, {"type": "Feature", "properties": {"province_id": 2472, "name": "Kargilik", "marker_index": 3, "terrain_type_id": 12, "terrain_type": "Mountain"}, "geometry": {"type": "Point", "coordinates": [9178.0, 2562.0]}}, {"type": "Feature", "properties": {"province_id": 2472, "name": "Kargilik", "marker_index": 4, "terrain_type_id": 12, "terrain_type": "Mountain"}, "geometry": {"type": "Point", "coordinates": [9184.0, 2515.0]}}, {"type": "Feature", "properties": {"province_id": 2472, "name": "Kargilik", "marker_index": 5, "terrain_type_id": 12, "terrain_type": "Mountain"}, "geometry": {"type": "Point", "coordinates": [9186.0, 2546.0]}}, {"type": "Feature", "properties": {"province_id": 2472, "name": "Kargilik", "marker_index": 6, "terrain_type_id": 12, "terrain_type": "Mountain"}, "geometry": {"type": "Point", "coordinates": [9195.0, 2569.0]}}, {"type": "Feature", "properties": {"province_id": 2472, "name": "Kargilik", "marker_index": 7, "terrain_type_id": 12, "terrain_type": "Mountain"}, "geometry": {"type": "Point", "coordinates": [9200.0, 2497.0]}}, {"type": "Feature", "properties": {"province_id": 2472, "name": "Kargilik", "marker_index": 8, "terrain_type_id": 12, "terrain_type": "Mountain"}, "geometry": {"type": "Point", "coordinates": [9201.0, 2531.0]}}, {"type": "Feature", "properties": {"province_id": 2472, "name": "Kargilik", "marker_index": 9, "terrain_type_id": 12, "terrain_type": "Mountain"}, "geometry": {"type": "Point", "coordinates": [9201.0, 2595.0]}}, {"type": "Feature", "properties": {"province_id": 2472, "name": "Kargilik", "marker_index": 10, "terrain_type_id": 12, "terrain_type": "Mountain"}, "geometry": {"type": "Point", "coordinates": [9202.0, 2583.0]}}, {"type": "Feature", "properties": {"province_id": 2472, "name": "Kargilik", "marker_index": 11, "terrain_type_id": 12, "terrain_type": "Mountain"}, "geometry": {"type": "Point", "coordinates": [9207.0, 2516.0]}}, {"type": "Feature", "properties": {"province_id": 2472, "name": "Kargilik", "marker_index": 12, "terrain_type_id": 12, "terrain_type": "Mountain"}, "geometry": {"type": "Point", "coordinates": [9208.0, 2557.0]}}, {"type": "Feature", "properties": {"province_id": 2472, "name": "Kargilik", "marker_index": 13, "terrain_type_id": 12, "terrain_type": "Mountain"}, "geometry": {"type": "Point", "coordinates": [9215.0, 2532.0]}}, {"type": "Feature", "properties": {"province_id": 2472, "name": "Kargilik", "marker_index": 14, "terrain_type_id": 12, "terrain_type": "Mountain"}, "geometry": {"type": "Point", "coordinates": [9219.0, 2476.0]}}, {"type": "Feature", "properties": {"province_id": 2472, "name": "Kargilik", "marker_index": 15, "terrain_type_id": 12, "terrain_type": "Mountain"}, "geometry": {"type": "Point", "coordinates": [9222.0, 2514.0]}}, {"type": "Feature", "properties": {"province_id": 2472, "name": "Kargilik", "marker_index": 16, "terrain_type_id": 12, "terrain_type": "Mountain"}, "geometry": {"type": "Point", "coordinates": [9223.0, 2497.0]}}, {"type": "Feature", "properties": {"province_id": 2472, "name": "Kargilik", "marker_index": 17, "terrain_type_id": 12, "terrain_type": "Mountain"}, "geometry": {"type": "Point", "coordinates": [9223.0, 2557.0]}}, {"type": "Feature", "properties": {"province_id": 2472, "name": "Kargilik", "marker_index": 18, "terrain_type_id": 12, "terrain_type": "Mountain"}, "geometry": {"type": "Point", "coordinates": [9230.0, 2482.0]}}, {"type": "Feature", "properties": {"province_id": 2472, "name": "Kargilik", "marker_index": 19, "terrain_type_id": 12, "terrain_type": "Mountain"}, "geometry": {"type": "Point", "coordinates": [9246.0, 2473.0]}}, {"type": "Feature", "properties": {"province_id": 2474, "name": "Vash Shahri", "marker_index": 0, "terrain_type_id": 12, "terrain_type": "Mountain"}, "geometry": {"type": "Point", "coordinates": [9625.0, 2451.0]}}, {"type": "Feature", "properties": {"province_id": 2474, "name": "Vash Shahri", "marker_index": 1, "terrain_type_id": 12, "terrain_type": "Mountain"}, "geometry": {"type": "Point", "coordinates": [9635.0, 2422.0]}}, {"type": "Feature", "properties": {"province_id": 2474, "name": "Vash Shahri", "marker_index": 2, "terrain_type_id": 12, "terrain_type": "Mountain"}, "geometry": {"type": "Point", "coordinates": [9635.0, 2472.0]}}, {"type": "Feature", "properties": {"province_id": 2474, "name": "Vash Shahri", "marker_index": 3, "terrain_type_id": 12, "terrain_type": "Mountain"}, "geometry": {"type": "Point", "coordinates": [9636.0, 2434.0]}}, {"type": "Feature", "properties": {"province_id": 2474, "name": "Vash Shahri", "marker_index": 4, "terrain_type_id": 12, "terrain_type": "Mountain"}, "geometry": {"type": "Point", "coordinates": [9639.0, 2458.0]}}, {"type": "Feature", "properties": {"province_id": 2474, "name": "Vash Shahri", "marker_index": 5, "terrain_type_id": 12, "terrain_type": "Mountain"}, "geometry": {"type": "Point", "coordinates": [9647.0, 2491.0]}}, {"type": "Feature", "properties": {"province_id": 2474, "name": "Vash Shahri", "marker_index": 6, "terrain_type_id": 12, "terrain_type": "Mountain"}, "geometry": {"type": "Point", "coordinates": [9648.0, 2408.0]}}, {"type": "Feature", "properties": {"province_id": 2474, "name": "Vash Shahri", "marker_index": 7, "terrain_type_id": 12, "terrain_type": "Mountain"}, "geometry": {"type": "Point", "coordinates": [9668.0, 2395.0]}}, {"type": "Feature", "properties": {"province_id": 2474, "name": "Vash Shahri", "marker_index": 8, "terrain_type_id": 12, "terrain_type": "Mountain"}, "geometry": {"type": "Point", "coordinates": [9678.0, 2395.0]}}, {"type": "Feature", "properties": {"province_id": 2474, "name": "Vash Shahri", "marker_index": 9, "terrain_type_id": 12, "terrain_type": "Mountain"}, "geometry": {"type": "Point", "coordinates": [9678.0, 2438.0]}}, {"type": "Feature", "properties": {"province_id": 2474, "name": "Vash Shahri", "marker_index": 10, "terrain_type_id": 12, "terrain_type": "Mountain"}, "geometry": {"type": "Point", "coordinates": [9679.0, 2460.0]}}, {"type": "Feature", "properties": {"province_id": 2496, "name": "Iwamizawa", "marker_index": 0, "terrain_type_id": 12, "terrain_type": "Mountain"}, "geometry": {"type": "Point", "coordinates": [12040.0, 2083.0]}}, {"type": "Feature", "properties": {"province_id": 2496, "name": "Iwamizawa", "marker_index": 1, "terrain_type_id": 12, "terrain_type": "Mountain"}, "geometry": {"type": "Point", "coordinates": [12053.0, 2076.0]}}, {"type": "Feature", "properties": {"province_id": 2502, "name": "Kochi", "marker_index": 0, "terrain_type_id": 12, "terrain_type": "Mountain"}, "geometry": {"type": "Point", "coordinates": [11781.0, 2659.0]}}, {"type": "Feature", "properties": {"province_id": 2502, "name": "Kochi", "marker_index": 1, "terrain_type_id": 12, "terrain_type": "Mountain"}, "geometry": {"type": "Point", "coordinates": [11784.0, 2653.0]}}, {"type": "Feature", "properties": {"province_id": 2510, "name": "Yokohama", "marker_index": 0, "terrain_type_id": 12, "terrain_type": "Mountain"}, "geometry": {"type": "Point", "coordinates": [11983.0, 2544.0]}}, {"type": "Feature", "properties": {"province_id": 2510, "name": "Yokohama", "marker_index": 1, "terrain_type_id": 12, "terrain_type": "Mountain"}, "geometry": {"type": "Point", "coordinates": [11994.0, 2548.0]}}, {"type": "Feature", "properties": {"province_id": 2511, "name": "Nagoya", "marker_index": 0, "terrain_type_id": 12, "terrain_type": "Mountain"}, "geometry": {"type": "Point", "coordinates": [11938.0, 2551.0]}}, {"type": "Feature", "properties": {"province_id": 2511, "name": "Nagoya", "marker_index": 1, "terrain_type_id": 12, "terrain_type": "Mountain"}, "geometry": {"type": "Point", "coordinates": [11951.0, 2550.0]}}, {"type": "Feature", "properties": {"province_id": 2511, "name": "Nagoya", "marker_index": 2, "terrain_type_id": 12, "terrain_type": "Mountain"}, "geometry": {"type": "Point", "coordinates": [11955.0, 2557.0]}}, {"type": "Feature", "properties": {"province_id": 2521, "name": "Onjo", "marker_index": 0, "terrain_type_id": 12, "terrain_type": "Mountain"}, "geometry": {"type": "Point", "coordinates": [11598.0, 2216.0]}}, {"type": "Feature", "properties": {"province_id": 2521, "name": "Onjo", "marker_index": 1, "terrain_type_id": 12, "terrain_type": "Mountain"}, "geometry": {"type": "Point", "coordinates": [11603.0, 2202.0]}}, {"type": "Feature", "properties": {"province_id": 2521, "name": "Onjo", "marker_index": 2, "terrain_type_id": 12, "terrain_type": "Mountain"}, "geometry": {"type": "Point", "coordinates": [11622.0, 2201.0]}}, {"type": "Feature", "properties": {"province_id": 2522, "name": "Joshin", "marker_index": 0, "terrain_type_id": 12, "terrain_type": "Mountain"}, "geometry": {"type": "Point", "coordinates": [11566.0, 2265.0]}}, {"type": "Feature", "properties": {"province_id": 2522, "name": "Joshin", "marker_index": 1, "terrain_type_id": 12, "terrain_type": "Mountain"}, "geometry": {"type": "Point", "coordinates": [11576.0, 2300.0]}}, {"type": "Feature", "properties": {"province_id": 2523, "name": "Choshin", "marker_index": 0, "terrain_type_id": 12, "terrain_type": "Mountain"}, "geometry": {"type": "Point", "coordinates": [11493.0, 2297.0]}}, {"type": "Feature", "properties": {"province_id": 2523, "name": "Choshin", "marker_index": 1, "terrain_type_id": 12, "terrain_type": "Mountain"}, "geometry": {"type": "Point", "coordinates": [11512.0, 2267.0]}}, {"type": "Feature", "properties": {"province_id": 2523, "name": "Choshin", "marker_index": 2, "terrain_type_id": 12, "terrain_type": "Mountain"}, "geometry": {"type": "Point", "coordinates": [11520.0, 2292.0]}}, {"type": "Feature", "properties": {"province_id": 2542, "name": "Liangshan", "marker_index": 0, "terrain_type_id": 12, "terrain_type": "Mountain"}, "geometry": {"type": "Point", "coordinates": [10517.0, 2982.0]}}, {"type": "Feature", "properties": {"province_id": 2542, "name": "Liangshan", "marker_index": 1, "terrain_type_id": 12, "terrain_type": "Mountain"}, "geometry": {"type": "Point", "coordinates": [10530.0, 2968.0]}}, {"type": "Feature", "properties": {"province_id": 2542, "name": "Liangshan", "marker_index": 2, "terrain_type_id": 12, "terrain_type": "Mountain"}, "geometry": {"type": "Point", "coordinates": [10545.0, 2991.0]}}, {"type": "Feature", "properties": {"province_id": 2542, "name": "Liangshan", "marker_index": 3, "terrain_type_id": 12, "terrain_type": "Mountain"}, "geometry": {"type": "Point", "coordinates": [10547.0, 3001.0]}}, {"type": "Feature", "properties": {"province_id": 2542, "name": "Liangshan", "marker_index": 4, "terrain_type_id": 12, "terrain_type": "Mountain"}, "geometry": {"type": "Point", "coordinates": [10553.0, 2979.0]}}, {"type": "Feature", "properties": {"province_id": 2542, "name": "Liangshan", "marker_index": 5, "terrain_type_id": 12, "terrain_type": "Mountain"}, "geometry": {"type": "Point", "coordinates": [10557.0, 3023.0]}}, {"type": "Feature", "properties": {"province_id": 2542, "name": "Liangshan", "marker_index": 6, "terrain_type_id": 12, "terrain_type": "Mountain"}, "geometry": {"type": "Point", "coordinates": [10572.0, 2978.0]}}, {"type": "Feature", "properties": {"province_id": 2542, "name": "Liangshan", "marker_index": 7, "terrain_type_id": 12, "terrain_type": "Mountain"}, "geometry": {"type": "Point", "coordinates": [10574.0, 3003.0]}}, {"type": "Feature", "properties": {"province_id": 2542, "name": "Liangshan", "marker_index": 8, "terrain_type_id": 12, "terrain_type": "Mountain"}, "geometry": {"type": "Point", "coordinates": [10575.0, 3040.0]}}, {"type": "Feature", "properties": {"province_id": 2542, "name": "Liangshan", "marker_index": 9, "terrain_type_id": 12, "terrain_type": "Mountain"}, "geometry": {"type": "Point", "coordinates": [10576.0, 3057.0]}}, {"type": "Feature", "properties": {"province_id": 2542, "name": "Liangshan", "marker_index": 10, "terrain_type_id": 12, "terrain_type": "Mountain"}, "geometry": {"type": "Point", "coordinates": [10583.0, 2956.0]}}, {"type": "Feature", "properties": {"province_id": 2542, "name": "Liangshan", "marker_index": 11, "terrain_type_id": 12, "terrain_type": "Mountain"}, "geometry": {"type": "Point", "coordinates": [10585.0, 2978.0]}}, {"type": "Feature", "properties": {"province_id": 2542, "name": "Liangshan", "marker_index": 12, "terrain_type_id": 12, "terrain_type": "Mountain"}, "geometry": {"type": "Point", "coordinates": [10585.0, 3029.0]}}, {"type": "Feature", "properties": {"province_id": 2542, "name": "Liangshan", "marker_index": 13, "terrain_type_id": 12, "terrain_type": "Mountain"}, "geometry": {"type": "Point", "coordinates": [10589.0, 2998.0]}}, {"type": "Feature", "properties": {"province_id": 2542, "name": "Liangshan", "marker_index": 14, "terrain_type_id": 12, "terrain_type": "Mountain"}, "geometry": {"type": "Point", "coordinates": [10591.0, 3054.0]}}, {"type": "Feature", "properties": {"province_id": 2542, "name": "Liangshan", "marker_index": 15, "terrain_type_id": 12, "terrain_type": "Mountain"}, "geometry": {"type": "Point", "coordinates": [10594.0, 2952.0]}}, {"type": "Feature", "properties": {"province_id": 2542, "name": "Liangshan", "marker_index": 16, "terrain_type_id": 12, "terrain_type": "Mountain"}, "geometry": {"type": "Point", "coordinates": [10607.0, 3009.0]}}, {"type": "Feature", "properties": {"province_id": 2542, "name": "Liangshan", "marker_index": 17, "terrain_type_id": 12, "terrain_type": "Mountain"}, "geometry": {"type": "Point", "coordinates": [10610.0, 3066.0]}}, {"type": "Feature", "properties": {"province_id": 2542, "name": "Liangshan", "marker_index": 18, "terrain_type_id": 12, "terrain_type": "Mountain"}, "geometry": {"type": "Point", "coordinates": [10611.0, 2985.0]}}, {"type": "Feature", "properties": {"province_id": 2542, "name": "Liangshan", "marker_index": 19, "terrain_type_id": 12, "terrain_type": "Mountain"}, "geometry": {"type": "Point", "coordinates": [10616.0, 3038.0]}}, {"type": "Feature", "properties": {"province_id": 2542, "name": "Liangshan", "marker_index": 20, "terrain_type_id": 12, "terrain_type": "Mountain"}, "geometry": {"type": "Point", "coordinates": [10618.0, 3014.0]}}, {"type": "Feature", "properties": {"province_id": 2542, "name": "Liangshan", "marker_index": 21, "terrain_type_id": 12, "terrain_type": "Mountain"}, "geometry": {"type": "Point", "coordinates": [10626.0, 2976.0]}}, {"type": "Feature", "properties": {"province_id": 2542, "name": "Liangshan", "marker_index": 22, "terrain_type_id": 12, "terrain_type": "Mountain"}, "geometry": {"type": "Point", "coordinates": [10628.0, 2996.0]}}, {"type": "Feature", "properties": {"province_id": 2545, "name": "Ya'an", "marker_index": 0, "terrain_type_id": 10, "terrain_type": "Plains"}, "geometry": {"type": "Point", "coordinates": [10590.0, 2895.0]}}, {"type": "Feature", "properties": {"province_id": 2545, "name": "Ya'an", "marker_index": 1, "terrain_type_id": 10, "terrain_type": "Plains"}, "geometry": {"type": "Point", "coordinates": [10595.0, 2914.0]}}, {"type": "Feature", "properties": {"province_id": 2547, "name": "Garze", "marker_index": 0, "terrain_type_id": 14, "terrain_type": "Urban"}, "geometry": {"type": "Point", "coordinates": [10572.0, 2838.0]}}, {"type": "Feature", "properties": {"province_id": 2547, "name": "Garze", "marker_index": 1, "terrain_type_id": 14, "terrain_type": "Urban"}, "geometry": {"type": "Point", "coordinates": [10587.0, 2836.0]}}, {"type": "Feature", "properties": {"province_id": 2547, "name": "Garze", "marker_index": 2, "terrain_type_id": 14, "terrain_type": "Urban"}, "geometry": {"type": "Point", "coordinates": [10587.0, 2867.0]}}, {"type": "Feature", "properties": {"province_id": 2547, "name": "Garze", "marker_index": 3, "terrain_type_id": 14, "terrain_type": "Urban"}, "geometry": {"type": "Point", "coordinates": [10598.0, 2852.0]}}, {"type": "Feature", "properties": {"province_id": 2555, "name": "Daocheng", "marker_index": 0, "terrain_type_id": 12, "terrain_type": "Mountain"}, "geometry": {"type": "Point", "coordinates": [10466.0, 2919.0]}}, {"type": "Feature", "properties": {"province_id": 2555, "name": "Daocheng", "marker_index": 1, "terrain_type_id": 12, "terrain_type": "Mountain"}, "geometry": {"type": "Point", "coordinates": [10471.0, 2898.0]}}, {"type": "Feature", "properties": {"province_id": 2555, "name": "Daocheng", "marker_index": 2, "terrain_type_id": 12, "terrain_type": "Mountain"}, "geometry": {"type": "Point", "coordinates": [10475.0, 2948.0]}}, {"type": "Feature", "properties": {"province_id": 2555, "name": "Daocheng", "marker_index": 3, "terrain_type_id": 12, "terrain_type": "Mountain"}, "geometry": {"type": "Point", "coordinates": [10476.0, 2936.0]}}, {"type": "Feature", "properties": {"province_id": 2555, "name": "Daocheng", "marker_index": 4, "terrain_type_id": 12, "terrain_type": "Mountain"}, "geometry": {"type": "Point", "coordinates": [10485.0, 2964.0]}}, {"type": "Feature", "properties": {"province_id": 2555, "name": "Daocheng", "marker_index": 5, "terrain_type_id": 12, "terrain_type": "Mountain"}, "geometry": {"type": "Point", "coordinates": [10490.0, 2920.0]}}, {"type": "Feature", "properties": {"province_id": 2555, "name": "Daocheng", "marker_index": 6, "terrain_type_id": 12, "terrain_type": "Mountain"}, "geometry": {"type": "Point", "coordinates": [10495.0, 2877.0]}}, {"type": "Feature", "properties": {"province_id": 2555, "name": "Daocheng", "marker_index": 7, "terrain_type_id": 12, "terrain_type": "Mountain"}, "geometry": {"type": "Point", "coordinates": [10498.0, 2953.0]}}, {"type": "Feature", "properties": {"province_id": 2555, "name": "Daocheng", "marker_index": 8, "terrain_type_id": 12, "terrain_type": "Mountain"}, "geometry": {"type": "Point", "coordinates": [10507.0, 2940.0]}}, {"type": "Feature", "properties": {"province_id": 2555, "name": "Daocheng", "marker_index": 9, "terrain_type_id": 12, "terrain_type": "Mountain"}, "geometry": {"type": "Point", "coordinates": [10509.0, 2882.0]}}, {"type": "Feature", "properties": {"province_id": 2555, "name": "Daocheng", "marker_index": 10, "terrain_type_id": 12, "terrain_type": "Mountain"}, "geometry": {"type": "Point", "coordinates": [10527.0, 2927.0]}}, {"type": "Feature", "properties": {"province_id": 2555, "name": "Daocheng", "marker_index": 11, "terrain_type_id": 12, "terrain_type": "Mountain"}, "geometry": {"type": "Point", "coordinates": [10565.0, 2908.0]}}, {"type": "Feature", "properties": {"province_id": 2555, "name": "Daocheng", "marker_index": 12, "terrain_type_id": 12, "terrain_type": "Mountain"}, "geometry": {"type": "Point", "coordinates": [10575.0, 2874.0]}}, {"type": "Feature", "properties": {"province_id": 2564, "name": "Zogang", "marker_index": 0, "terrain_type_id": 12, "terrain_type": "Mountain"}, "geometry": {"type": "Point", "coordinates": [10321.0, 2885.0]}}, {"type": "Feature", "properties": {"province_id": 2564, "name": "Zogang", "marker_index": 1, "terrain_type_id": 12, "terrain_type": "Mountain"}, "geometry": {"type": "Point", "coordinates": [10321.0, 2917.0]}}, {"type": "Feature", "properties": {"province_id": 2564, "name": "Zogang", "marker_index": 2, "terrain_type_id": 12, "terrain_type": "Mountain"}, "geometry": {"type": "Point", "coordinates": [10330.0, 2896.0]}}, {"type": "Feature", "properties": {"province_id": 2564, "name": "Zogang", "marker_index": 3, "terrain_type_id": 12, "terrain_type": "Mountain"}, "geometry": {"type": "Point", "coordinates": [10333.0, 2910.0]}}, {"type": "Feature", "properties": {"province_id": 2564, "name": "Zogang", "marker_index": 4, "terrain_type_id": 12, "terrain_type": "Mountain"}, "geometry": {"type": "Point", "coordinates": [10346.0, 2878.0]}}, {"type": "Feature", "properties": {"province_id": 2564, "name": "Zogang", "marker_index": 5, "terrain_type_id": 12, "terrain_type": "Mountain"}, "geometry": {"type": "Point", "coordinates": [10348.0, 2892.0]}}, {"type": "Feature", "properties": {"province_id": 2564, "name": "Zogang", "marker_index": 6, "terrain_type_id": 12, "terrain_type": "Mountain"}, "geometry": {"type": "Point", "coordinates": [10356.0, 2902.0]}}, {"type": "Feature", "properties": {"province_id": 2564, "name": "Zogang", "marker_index": 7, "terrain_type_id": 12, "terrain_type": "Mountain"}, "geometry": {"type": "Point", "coordinates": [10361.0, 2859.0]}}, {"type": "Feature", "properties": {"province_id": 2564, "name": "Zogang", "marker_index": 8, "terrain_type_id": 12, "terrain_type": "Mountain"}, "geometry": {"type": "Point", "coordinates": [10365.0, 2889.0]}}, {"type": "Feature", "properties": {"province_id": 2564, "name": "Zogang", "marker_index": 9, "terrain_type_id": 12, "terrain_type": "Mountain"}, "geometry": {"type": "Point", "coordinates": [10377.0, 2889.0]}}, {"type": "Feature", "properties": {"province_id": 2564, "name": "Zogang", "marker_index": 10, "terrain_type_id": 12, "terrain_type": "Mountain"}, "geometry": {"type": "Point", "coordinates": [10381.0, 2911.0]}}, {"type": "Feature", "properties": {"province_id": 2564, "name": "Zogang", "marker_index": 11, "terrain_type_id": 12, "terrain_type": "Mountain"}, "geometry": {"type": "Point", "coordinates": [10382.0, 2928.0]}}, {"type": "Feature", "properties": {"province_id": 2564, "name": "Zogang", "marker_index": 12, "terrain_type_id": 12, "terrain_type": "Mountain"}, "geometry": {"type": "Point", "coordinates": [10389.0, 2899.0]}}, {"type": "Feature", "properties": {"province_id": 2564, "name": "Zogang", "marker_index": 13, "terrain_type_id": 12, "terrain_type": "Mountain"}, "geometry": {"type": "Point", "coordinates": [10401.0, 2877.0]}}, {"type": "Feature", "properties": {"province_id": 2564, "name": "Zogang", "marker_index": 14, "terrain_type_id": 12, "terrain_type": "Mountain"}, "geometry": {"type": "Point", "coordinates": [10402.0, 2914.0]}}, {"type": "Feature", "properties": {"province_id": 2564, "name": "Zogang", "marker_index": 15, "terrain_type_id": 12, "terrain_type": "Mountain"}, "geometry": {"type": "Point", "coordinates": [10418.0, 2857.0]}}, {"type": "Feature", "properties": {"province_id": 2564, "name": "Zogang", "marker_index": 16, "terrain_type_id": 12, "terrain_type": "Mountain"}, "geometry": {"type": "Point", "coordinates": [10419.0, 2841.0]}}, {"type": "Feature", "properties": {"province_id": 2564, "name": "Zogang", "marker_index": 17, "terrain_type_id": 12, "terrain_type": "Mountain"}, "geometry": {"type": "Point", "coordinates": [10420.0, 2931.0]}}, {"type": "Feature", "properties": {"province_id": 2564, "name": "Zogang", "marker_index": 18, "terrain_type_id": 12, "terrain_type": "Mountain"}, "geometry": {"type": "Point", "coordinates": [10426.0, 2902.0]}}, {"type": "Feature", "properties": {"province_id": 2564, "name": "Zogang", "marker_index": 19, "terrain_type_id": 12, "terrain_type": "Mountain"}, "geometry": {"type": "Point", "coordinates": [10427.0, 2890.0]}}, {"type": "Feature", "properties": {"province_id": 2564, "name": "Zogang", "marker_index": 20, "terrain_type_id": 12, "terrain_type": "Mountain"}, "geometry": {"type": "Point", "coordinates": [10436.0, 2883.0]}}, {"type": "Feature", "properties": {"province_id": 2564, "name": "Zogang", "marker_index": 21, "terrain_type_id": 12, "terrain_type": "Mountain"}, "geometry": {"type": "Point", "coordinates": [10444.0, 2862.0]}}, {"type": "Feature", "properties": {"province_id": 2610, "name": "Zadoi", "marker_index": 0, "terrain_type_id": 12, "terrain_type": "Mountain"}, "geometry": {"type": "Point", "coordinates": [10177.0, 2779.0]}}, {"type": "Feature", "properties": {"province_id": 2610, "name": "Zadoi", "marker_index": 1, "terrain_type_id": 12, "terrain_type": "Mountain"}, "geometry": {"type": "Point", "coordinates": [10202.0, 2679.0]}}, {"type": "Feature", "properties": {"province_id": 2610, "name": "Zadoi", "marker_index": 2, "terrain_type_id": 12, "terrain_type": "Mountain"}, "geometry": {"type": "Point", "coordinates": [10205.0, 2814.0]}}, {"type": "Feature", "properties": {"province_id": 2610, "name": "Zadoi", "marker_index": 3, "terrain_type_id": 12, "terrain_type": "Mountain"}, "geometry": {"type": "Point", "coordinates": [10213.0, 2742.0]}}, {"type": "Feature", "properties": {"province_id": 2610, "name": "Zadoi", "marker_index": 4, "terrain_type_id": 12, "terrain_type": "Mountain"}, "geometry": {"type": "Point", "coordinates": [10216.0, 2797.0]}}, {"type": "Feature", "properties": {"province_id": 2610, "name": "Zadoi", "marker_index": 5, "terrain_type_id": 12, "terrain_type": "Mountain"}, "geometry": {"type": "Point", "coordinates": [10217.0, 2717.0]}}, {"type": "Feature", "properties": {"province_id": 2610, "name": "Zadoi", "marker_index": 6, "terrain_type_id": 12, "terrain_type": "Mountain"}, "geometry": {"type": "Point", "coordinates": [10228.0, 2697.0]}}, {"type": "Feature", "properties": {"province_id": 2610, "name": "Zadoi", "marker_index": 7, "terrain_type_id": 12, "terrain_type": "Mountain"}, "geometry": {"type": "Point", "coordinates": [10229.0, 2732.0]}}, {"type": "Feature", "properties": {"province_id": 2610, "name": "Zadoi", "marker_index": 8, "terrain_type_id": 12, "terrain_type": "Mountain"}, "geometry": {"type": "Point", "coordinates": [10230.0, 2790.0]}}, {"type": "Feature", "properties": {"province_id": 2610, "name": "Zadoi", "marker_index": 9, "terrain_type_id": 12, "terrain_type": "Mountain"}, "geometry": {"type": "Point", "coordinates": [10235.0, 2762.0]}}, {"type": "Feature", "properties": {"province_id": 2610, "name": "Zadoi", "marker_index": 10, "terrain_type_id": 12, "terrain_type": "Mountain"}, "geometry": {"type": "Point", "coordinates": [10244.0, 2787.0]}}, {"type": "Feature", "properties": {"province_id": 2610, "name": "Zadoi", "marker_index": 11, "terrain_type_id": 12, "terrain_type": "Mountain"}, "geometry": {"type": "Point", "coordinates": [10251.0, 2732.0]}}, {"type": "Feature", "properties": {"province_id": 2610, "name": "Zadoi", "marker_index": 12, "terrain_type_id": 12, "terrain_type": "Mountain"}, "geometry": {"type": "Point", "coordinates": [10267.0, 2678.0]}}, {"type": "Feature", "properties": {"province_id": 2610, "name": "Zadoi", "marker_index": 13, "terrain_type_id": 12, "terrain_type": "Mountain"}, "geometry": {"type": "Point", "coordinates": [10275.0, 2761.0]}}, {"type": "Feature", "properties": {"province_id": 2610, "name": "Zadoi", "marker_index": 14, "terrain_type_id": 12, "terrain_type": "Mountain"}, "geometry": {"type": "Point", "coordinates": [10290.0, 2714.0]}}, {"type": "Feature", "properties": {"province_id": 2611, "name": "Long Poera", "marker_index": 0, "terrain_type_id": 12, "terrain_type": "Mountain"}, "geometry": {"type": "Point", "coordinates": [11265.0, 4235.0]}}, {"type": "Feature", "properties": {"province_id": 2611, "name": "Long Poera", "marker_index": 1, "terrain_type_id": 12, "terrain_type": "Mountain"}, "geometry": {"type": "Point", "coordinates": [11274.0, 4269.0]}}, {"type": "Feature", "properties": {"province_id": 2611, "name": "Long Poera", "marker_index": 2, "terrain_type_id": 12, "terrain_type": "Mountain"}, "geometry": {"type": "Point", "coordinates": [11297.0, 4215.0]}}, {"type": "Feature", "properties": {"province_id": 2621, "name": "Masamba", "marker_index": 0, "terrain_type_id": 12, "terrain_type": "Mountain"}, "geometry": {"type": "Point", "coordinates": [11526.0, 4363.0]}}, {"type": "Feature", "properties": {"province_id": 2625, "name": "Wutumeirenxiang", "marker_index": 0, "terrain_type_id": 12, "terrain_type": "Mountain"}, "geometry": {"type": "Point", "coordinates": [9791.0, 2517.0]}}, {"type": "Feature", "properties": {"province_id": 2625, "name": "Wutumeirenxiang", "marker_index": 1, "terrain_type_id": 12, "terrain_type": "Mountain"}, "geometry": {"type": "Point", "coordinates": [9822.0, 2456.0]}}, {"type": "Feature", "properties": {"province_id": 2625, "name": "Wutumeirenxiang", "marker_index": 2, "terrain_type_id": 12, "terrain_type": "Mountain"}, "geometry": {"type": "Point", "coordinates": [9829.0, 2502.0]}}, {"type": "Feature", "properties": {"province_id": 2625, "name": "Wutumeirenxiang", "marker_index": 3, "terrain_type_id": 12, "terrain_type": "Mountain"}, "geometry": {"type": "Point", "coordinates": [9836.0, 2467.0]}}, {"type": "Feature", "properties": {"province_id": 2625, "name": "Wutumeirenxiang", "marker_index": 4, "terrain_type_id": 12, "terrain_type": "Mountain"}, "geometry": {"type": "Point", "coordinates": [9873.0, 2470.0]}}, {"type": "Feature", "properties": {"province_id": 2625, "name": "Wutumeirenxiang", "marker_index": 5, "terrain_type_id": 12, "terrain_type": "Mountain"}, "geometry": {"type": "Point", "coordinates": [9875.0, 2522.0]}}, {"type": "Feature", "properties": {"province_id": 2625, "name": "Wutumeirenxiang", "marker_index": 6, "terrain_type_id": 12, "terrain_type": "Mountain"}, "geometry": {"type": "Point", "coordinates": [9880.0, 2429.0]}}, {"type": "Feature", "properties": {"province_id": 2625, "name": "Wutumeirenxiang", "marker_index": 7, "terrain_type_id": 12, "terrain_type": "Mountain"}, "geometry": {"type": "Point", "coordinates": [9909.0, 2499.0]}}, {"type": "Feature", "properties": {"province_id": 2625, "name": "Wutumeirenxiang", "marker_index": 8, "terrain_type_id": 12, "terrain_type": "Mountain"}, "geometry": {"type": "Point", "coordinates": [9922.0, 2438.0]}}, {"type": "Feature", "properties": {"province_id": 2625, "name": "Wutumeirenxiang", "marker_index": 9, "terrain_type_id": 12, "terrain_type": "Mountain"}, "geometry": {"type": "Point", "coordinates": [9945.0, 2526.0]}}, {"type": "Feature", "properties": {"province_id": 2625, "name": "Wutumeirenxiang", "marker_index": 10, "terrain_type_id": 12, "terrain_type": "Mountain"}, "geometry": {"type": "Point", "coordinates": [9947.0, 2495.0]}}, {"type": "Feature", "properties": {"province_id": 2625, "name": "Wutumeirenxiang", "marker_index": 11, "terrain_type_id": 12, "terrain_type": "Mountain"}, "geometry": {"type": "Point", "coordinates": [9961.0, 2426.0]}}, {"type": "Feature", "properties": {"province_id": 2625, "name": "Wutumeirenxiang", "marker_index": 12, "terrain_type_id": 12, "terrain_type": "Mountain"}, "geometry": {"type": "Point", "coordinates": [9967.0, 2482.0]}}, {"type": "Feature", "properties": {"province_id": 2625, "name": "Wutumeirenxiang", "marker_index": 13, "terrain_type_id": 12, "terrain_type": "Mountain"}, "geometry": {"type": "Point", "coordinates": [9968.0, 2461.0]}}, {"type": "Feature", "properties": {"province_id": 2625, "name": "Wutumeirenxiang", "marker_index": 14, "terrain_type_id": 12, "terrain_type": "Mountain"}, "geometry": {"type": "Point", "coordinates": [9998.0, 2509.0]}}, {"type": "Feature", "properties": {"province_id": 2634, "name": "Madoi", "marker_index": 0, "terrain_type_id": 12, "terrain_type": "Mountain"}, "geometry": {"type": "Point", "coordinates": [10124.0, 2547.0]}}, {"type": "Feature", "properties": {"province_id": 2634, "name": "Madoi", "marker_index": 1, "terrain_type_id": 12, "terrain_type": "Mountain"}, "geometry": {"type": "Point", "coordinates": [10137.0, 2639.0]}}, {"type": "Feature", "properties": {"province_id": 2634, "name": "Madoi", "marker_index": 2, "terrain_type_id": 12, "terrain_type": "Mountain"}, "geometry": {"type": "Point", "coordinates": [10142.0, 2589.0]}}, {"type": "Feature", "properties": {"province_id": 2634, "name": "Madoi", "marker_index": 3, "terrain_type_id": 12, "terrain_type": "Mountain"}, "geometry": {"type": "Point", "coordinates": [10160.0, 2544.0]}}, {"type": "Feature", "properties": {"province_id": 2634, "name": "Madoi", "marker_index": 4, "terrain_type_id": 12, "terrain_type": "Mountain"}, "geometry": {"type": "Point", "coordinates": [10180.0, 2586.0]}}, {"type": "Feature", "properties": {"province_id": 2634, "name": "Madoi", "marker_index": 5, "terrain_type_id": 12, "terrain_type": "Mountain"}, "geometry": {"type": "Point", "coordinates": [10182.0, 2646.0]}}, {"type": "Feature", "properties": {"province_id": 2634, "name": "Madoi", "marker_index": 6, "terrain_type_id": 12, "terrain_type": "Mountain"}, "geometry": {"type": "Point", "coordinates": [10201.0, 2554.0]}}, {"type": "Feature", "properties": {"province_id": 2634, "name": "Madoi", "marker_index": 7, "terrain_type_id": 12, "terrain_type": "Mountain"}, "geometry": {"type": "Point", "coordinates": [10205.0, 2628.0]}}, {"type": "Feature", "properties": {"province_id": 2634, "name": "Madoi", "marker_index": 8, "terrain_type_id": 12, "terrain_type": "Mountain"}, "geometry": {"type": "Point", "coordinates": [10210.0, 2618.0]}}, {"type": "Feature", "properties": {"province_id": 2634, "name": "Madoi", "marker_index": 9, "terrain_type_id": 12, "terrain_type": "Mountain"}, "geometry": {"type": "Point", "coordinates": [10211.0, 2582.0]}}, {"type": "Feature", "properties": {"province_id": 2634, "name": "Madoi", "marker_index": 10, "terrain_type_id": 12, "terrain_type": "Mountain"}, "geometry": {"type": "Point", "coordinates": [10243.0, 2640.0]}}, {"type": "Feature", "properties": {"province_id": 2669, "name": "Padang", "marker_index": 0, "terrain_type_id": 12, "terrain_type": "Mountain"}, "geometry": {"type": "Point", "coordinates": [10636.0, 4323.0]}}, {"type": "Feature", "properties": {"province_id": 2669, "name": "Padang", "marker_index": 1, "terrain_type_id": 12, "terrain_type": "Mountain"}, "geometry": {"type": "Point", "coordinates": [10668.0, 4356.0]}}, {"type": "Feature", "properties": {"province_id": 2723, "name": "Bairnsdale", "marker_index": 0, "terrain_type_id": 13, "terrain_type": "Forest"}, "geometry": {"type": "Point", "coordinates": [12680.0, 5742.0]}}, {"type": "Feature", "properties": {"province_id": 2723, "name": "Bairnsdale", "marker_index": 1, "terrain_type_id": 13, "terrain_type": "Forest"}, "geometry": {"type": "Point", "coordinates": [12683.0, 5727.0]}}, {"type": "Feature", "properties": {"province_id": 2723, "name": "Bairnsdale", "marker_index": 2, "terrain_type_id": 13, "terrain_type": "Forest"}, "geometry": {"type": "Point", "coordinates": [12685.0, 5756.0]}}, {"type": "Feature", "properties": {"province_id": 2725, "name": "Yaapeet", "marker_index": 0, "terrain_type_id": 12, "terrain_type": "Mountain"}, "geometry": {"type": "Point", "coordinates": [12435.0, 5720.0]}}, {"type": "Feature", "properties": {"province_id": 2725, "name": "Yaapeet", "marker_index": 1, "terrain_type_id": 12, "terrain_type": "Mountain"}, "geometry": {"type": "Point", "coordinates": [12435.0, 5788.0]}}, {"type": "Feature", "properties": {"province_id": 2725, "name": "Yaapeet", "marker_index": 2, "terrain_type_id": 12, "terrain_type": "Mountain"}, "geometry": {"type": "Point", "coordinates": [12438.0, 5754.0]}}, {"type": "Feature", "properties": {"province_id": 2730, "name": "Lismore", "marker_index": 0, "terrain_type_id": 12, "terrain_type": "Mountain"}, "geometry": {"type": "Point", "coordinates": [12753.0, 5593.0]}}, {"type": "Feature", "properties": {"province_id": 2730, "name": "Lismore", "marker_index": 1, "terrain_type_id": 12, "terrain_type": "Mountain"}, "geometry": {"type": "Point", "coordinates": [12754.0, 5563.0]}}, {"type": "Feature", "properties": {"province_id": 2730, "name": "Lismore", "marker_index": 2, "terrain_type_id": 12, "terrain_type": "Mountain"}, "geometry": {"type": "Point", "coordinates": [12781.0, 5549.0]}}, {"type": "Feature", "properties": {"province_id": 2744, "name": "Cairns", "marker_index": 0, "terrain_type_id": 12, "terrain_type": "Mountain"}, "geometry": {"type": "Point", "coordinates": [12461.0, 5059.0]}}, {"type": "Feature", "properties": {"province_id": 2744, "name": "Cairns", "marker_index": 1, "terrain_type_id": 12, "terrain_type": "Mountain"}, "geometry": {"type": "Point", "coordinates": [12489.0, 5062.0]}}, {"type": "Feature", "properties": {"province_id": 2744, "name": "Cairns", "marker_index": 2, "terrain_type_id": 12, "terrain_type": "Mountain"}, "geometry": {"type": "Point", "coordinates": [12491.0, 5044.0]}}, {"type": "Feature", "properties": {"province_id": 2744, "name": "Cairns", "marker_index": 3, "terrain_type_id": 12, "terrain_type": "Mountain"}, "geometry": {"type": "Point", "coordinates": [12503.0, 5023.0]}}, {"type": "Feature", "properties": {"province_id": 2771, "name": "Madang", "marker_index": 0, "terrain_type_id": 12, "terrain_type": "Mountain"}, "geometry": {"type": "Point", "coordinates": [12600.0, 4469.0]}}, {"type": "Feature", "properties": {"province_id": 2771, "name": "Madang", "marker_index": 1, "terrain_type_id": 12, "terrain_type": "Mountain"}, "geometry": {"type": "Point", "coordinates": [12608.0, 4453.0]}}, {"type": "Feature", "properties": {"province_id": 2771, "name": "Madang", "marker_index": 2, "terrain_type_id": 12, "terrain_type": "Mountain"}, "geometry": {"type": "Point", "coordinates": [12615.0, 4459.0]}}, {"type": "Feature", "properties": {"province_id": 2771, "name": "Madang", "marker_index": 3, "terrain_type_id": 12, "terrain_type": "Mountain"}, "geometry": {"type": "Point", "coordinates": [12625.0, 4450.0]}}, {"type": "Feature", "properties": {"province_id": 2772, "name": "Lae", "marker_index": 0, "terrain_type_id": 12, "terrain_type": "Mountain"}, "geometry": {"type": "Point", "coordinates": [12628.0, 4503.0]}}, {"type": "Feature", "properties": {"province_id": 2772, "name": "Lae", "marker_index": 1, "terrain_type_id": 12, "terrain_type": "Mountain"}, "geometry": {"type": "Point", "coordinates": [12649.0, 4494.0]}}, {"type": "Feature", "properties": {"province_id": 2772, "name": "Lae", "marker_index": 2, "terrain_type_id": 12, "terrain_type": "Mountain"}, "geometry": {"type": "Point", "coordinates": [12667.0, 4490.0]}}, {"type": "Feature", "properties": {"province_id": 2772, "name": "Lae", "marker_index": 3, "terrain_type_id": 12, "terrain_type": "Mountain"}, "geometry": {"type": "Point", "coordinates": [12674.0, 4506.0]}}, {"type": "Feature", "properties": {"province_id": 2772, "name": "Lae", "marker_index": 4, "terrain_type_id": 12, "terrain_type": "Mountain"}, "geometry": {"type": "Point", "coordinates": [12687.0, 4506.0]}}, {"type": "Feature", "properties": {"province_id": 2773, "name": "Morobe", "marker_index": 0, "terrain_type_id": 12, "terrain_type": "Mountain"}, "geometry": {"type": "Point", "coordinates": [12643.0, 4553.0]}}, {"type": "Feature", "properties": {"province_id": 2773, "name": "Morobe", "marker_index": 1, "terrain_type_id": 12, "terrain_type": "Mountain"}, "geometry": {"type": "Point", "coordinates": [12662.0, 4565.0]}}, {"type": "Feature", "properties": {"province_id": 2773, "name": "Morobe", "marker_index": 2, "terrain_type_id": 12, "terrain_type": "Mountain"}, "geometry": {"type": "Point", "coordinates": [12677.0, 4558.0]}}, {"type": "Feature", "properties": {"province_id": 2773, "name": "Morobe", "marker_index": 3, "terrain_type_id": 12, "terrain_type": "Mountain"}, "geometry": {"type": "Point", "coordinates": [12685.0, 4575.0]}}, {"type": "Feature", "properties": {"province_id": 2773, "name": "Morobe", "marker_index": 4, "terrain_type_id": 12, "terrain_type": "Mountain"}, "geometry": {"type": "Point", "coordinates": [12705.0, 4590.0]}}, {"type": "Feature", "properties": {"province_id": 2775, "name": "Agats", "marker_index": 0, "terrain_type_id": 13, "terrain_type": "Forest"}, "geometry": {"type": "Point", "coordinates": [12417.0, 4465.0]}}, {"type": "Feature", "properties": {"province_id": 2778, "name": "Tiom", "marker_index": 0, "terrain_type_id": 12, "terrain_type": "Mountain"}, "geometry": {"type": "Point", "coordinates": [12326.0, 4391.0]}}, {"type": "Feature", "properties": {"province_id": 2778, "name": "Tiom", "marker_index": 1, "terrain_type_id": 12, "terrain_type": "Mountain"}, "geometry": {"type": "Point", "coordinates": [12338.0, 4410.0]}}, {"type": "Feature", "properties": {"province_id": 2778, "name": "Tiom", "marker_index": 2, "terrain_type_id": 12, "terrain_type": "Mountain"}, "geometry": {"type": "Point", "coordinates": [12339.0, 4401.0]}}, {"type": "Feature", "properties": {"province_id": 2778, "name": "Tiom", "marker_index": 3, "terrain_type_id": 12, "terrain_type": "Mountain"}, "geometry": {"type": "Point", "coordinates": [12353.0, 4397.0]}}, {"type": "Feature", "properties": {"province_id": 2778, "name": "Tiom", "marker_index": 4, "terrain_type_id": 12, "terrain_type": "Mountain"}, "geometry": {"type": "Point", "coordinates": [12368.0, 4405.0]}}, {"type": "Feature", "properties": {"province_id": 2778, "name": "Tiom", "marker_index": 5, "terrain_type_id": 12, "terrain_type": "Mountain"}, "geometry": {"type": "Point", "coordinates": [12377.0, 4418.0]}}, {"type": "Feature", "properties": {"province_id": 2779, "name": "Aiambak", "marker_index": 0, "terrain_type_id": 13, "terrain_type": "Forest"}, "geometry": {"type": "Point", "coordinates": [12466.0, 4479.0]}}, {"type": "Feature", "properties": {"province_id": 2780, "name": "Tabubil", "marker_index": 0, "terrain_type_id": 14, "terrain_type": "Urban"}, "geometry": {"type": "Point", "coordinates": [12422.0, 4449.0]}}, {"type": "Feature", "properties": {"province_id": 2780, "name": "Tabubil", "marker_index": 1, "terrain_type_id": 14, "terrain_type": "Urban"}, "geometry": {"type": "Point", "coordinates": [12430.0, 4463.0]}}, {"type": "Feature", "properties": {"province_id": 2780, "name": "Tabubil", "marker_index": 2, "terrain_type_id": 14, "terrain_type": "Urban"}, "geometry": {"type": "Point", "coordinates": [12447.0, 4469.0]}}, {"type": "Feature", "properties": {"province_id": 2781, "name": "Wabag", "marker_index": 0, "terrain_type_id": 12, "terrain_type": "Mountain"}, "geometry": {"type": "Point", "coordinates": [12513.0, 4481.0]}}, {"type": "Feature", "properties": {"province_id": 2781, "name": "Wabag", "marker_index": 1, "terrain_type_id": 12, "terrain_type": "Mountain"}, "geometry": {"type": "Point", "coordinates": [12521.0, 4472.0]}}, {"type": "Feature", "properties": {"province_id": 2781, "name": "Wabag", "marker_index": 2, "terrain_type_id": 12, "terrain_type": "Mountain"}, "geometry": {"type": "Point", "coordinates": [12546.0, 4470.0]}}, {"type": "Feature", "properties": {"province_id": 2781, "name": "Wabag", "marker_index": 3, "terrain_type_id": 12, "terrain_type": "Mountain"}, "geometry": {"type": "Point", "coordinates": [12565.0, 4454.0]}}, {"type": "Feature", "properties": {"province_id": 2794, "name": "Otira", "marker_index": 0, "terrain_type_id": 12, "terrain_type": "Mountain"}, "geometry": {"type": "Point", "coordinates": [13149.0, 6050.0]}}, {"type": "Feature", "properties": {"province_id": 2794, "name": "Otira", "marker_index": 1, "terrain_type_id": 12, "terrain_type": "Mountain"}, "geometry": {"type": "Point", "coordinates": [13150.0, 6058.0]}}, {"type": "Feature", "properties": {"province_id": 2794, "name": "Otira", "marker_index": 2, "terrain_type_id": 12, "terrain_type": "Mountain"}, "geometry": {"type": "Point", "coordinates": [13162.0, 6048.0]}}, {"type": "Feature", "properties": {"province_id": 2794, "name": "Otira", "marker_index": 3, "terrain_type_id": 12, "terrain_type": "Mountain"}, "geometry": {"type": "Point", "coordinates": [13166.0, 6043.0]}}, {"type": "Feature", "properties": {"province_id": 2794, "name": "Otira", "marker_index": 4, "terrain_type_id": 12, "terrain_type": "Mountain"}, "geometry": {"type": "Point", "coordinates": [13174.0, 6053.0]}}, {"type": "Feature", "properties": {"province_id": 2800, "name": "Timaru", "marker_index": 0, "terrain_type_id": 10, "terrain_type": "Plains"}, "geometry": {"type": "Point", "coordinates": [13148.0, 6082.0]}}, {"type": "Feature", "properties": {"province_id": 2800, "name": "Timaru", "marker_index": 1, "terrain_type_id": 10, "terrain_type": "Plains"}, "geometry": {"type": "Point", "coordinates": [13183.0, 6066.0]}}, {"type": "Feature", "properties": {"province_id": 2805, "name": "Mokai", "marker_index": 0, "terrain_type_id": 12, "terrain_type": "Mountain"}, "geometry": {"type": "Point", "coordinates": [13404.0, 5787.0]}}, {"type": "Feature", "properties": {"province_id": 2805, "name": "Mokai", "marker_index": 1, "terrain_type_id": 12, "terrain_type": "Mountain"}, "geometry": {"type": "Point", "coordinates": [13423.0, 5766.0]}}, {"type": "Feature", "properties": {"province_id": 2805, "name": "Mokai", "marker_index": 2, "terrain_type_id": 12, "terrain_type": "Mountain"}, "geometry": {"type": "Point", "coordinates": [13426.0, 5777.0]}}, {"type": "Feature", "properties": {"province_id": 2805, "name": "Mokai", "marker_index": 3, "terrain_type_id": 12, "terrain_type": "Mountain"}, "geometry": {"type": "Point", "coordinates": [13436.0, 5766.0]}}, {"type": "Feature", "properties": {"province_id": 2810, "name": "Blenheim", "marker_index": 0, "terrain_type_id": 12, "terrain_type": "Mountain"}, "geometry": {"type": "Point", "coordinates": [13228.0, 5977.0]}}, {"type": "Feature", "properties": {"province_id": 2810, "name": "Blenheim", "marker_index": 1, "terrain_type_id": 12, "terrain_type": "Mountain"}, "geometry": {"type": "Point", "coordinates": [13239.0, 5981.0]}}, {"type": "Feature", "properties": {"province_id": 2810, "name": "Blenheim", "marker_index": 2, "terrain_type_id": 12, "terrain_type": "Mountain"}, "geometry": {"type": "Point", "coordinates": [13241.0, 5993.0]}}, {"type": "Feature", "properties": {"province_id": 2810, "name": "Blenheim", "marker_index": 3, "terrain_type_id": 12, "terrain_type": "Mountain"}, "geometry": {"type": "Point", "coordinates": [13248.0, 5981.0]}}, {"type": "Feature", "properties": {"province_id": 2810, "name": "Blenheim", "marker_index": 4, "terrain_type_id": 12, "terrain_type": "Mountain"}, "geometry": {"type": "Point", "coordinates": [13258.0, 5981.0]}}, {"type": "Feature", "properties": {"province_id": 2810, "name": "Blenheim", "marker_index": 5, "terrain_type_id": 12, "terrain_type": "Mountain"}, "geometry": {"type": "Point", "coordinates": [13266.0, 5971.0]}}, {"type": "Feature", "properties": {"province_id": 2812, "name": "Te Anau", "marker_index": 0, "terrain_type_id": 12, "terrain_type": "Mountain"}, "geometry": {"type": "Point", "coordinates": [12913.0, 6192.0]}}, {"type": "Feature", "properties": {"province_id": 2812, "name": "Te Anau", "marker_index": 1, "terrain_type_id": 12, "terrain_type": "Mountain"}, "geometry": {"type": "Point", "coordinates": [12928.0, 6187.0]}}, {"type": "Feature", "properties": {"province_id": 2812, "name": "Te Anau", "marker_index": 2, "terrain_type_id": 12, "terrain_type": "Mountain"}, "geometry": {"type": "Point", "coordinates": [12943.0, 6175.0]}}, {"type": "Feature", "properties": {"province_id": 2812, "name": "Te Anau", "marker_index": 3, "terrain_type_id": 12, "terrain_type": "Mountain"}, "geometry": {"type": "Point", "coordinates": [12954.0, 6157.0]}}, {"type": "Feature", "properties": {"province_id": 2812, "name": "Te Anau", "marker_index": 4, "terrain_type_id": 12, "terrain_type": "Mountain"}, "geometry": {"type": "Point", "coordinates": [12968.0, 6157.0]}}, {"type": "Feature", "properties": {"province_id": 2813, "name": "Hokitika", "marker_index": 0, "terrain_type_id": 12, "terrain_type": "Mountain"}, "geometry": {"type": "Point", "coordinates": [13089.0, 6074.0]}}, {"type": "Feature", "properties": {"province_id": 2813, "name": "Hokitika", "marker_index": 1, "terrain_type_id": 12, "terrain_type": "Mountain"}, "geometry": {"type": "Point", "coordinates": [13098.0, 6076.0]}}, {"type": "Feature", "properties": {"province_id": 2813, "name": "Hokitika", "marker_index": 2, "terrain_type_id": 12, "terrain_type": "Mountain"}, "geometry": {"type": "Point", "coordinates": [13106.0, 6073.0]}}, {"type": "Feature", "properties": {"province_id": 2813, "name": "Hokitika", "marker_index": 3, "terrain_type_id": 12, "terrain_type": "Mountain"}, "geometry": {"type": "Point", "coordinates": [13109.0, 6094.0]}}, {"type": "Feature", "properties": {"province_id": 2813, "name": "Hokitika", "marker_index": 4, "terrain_type_id": 12, "terrain_type": "Mountain"}, "geometry": {"type": "Point", "coordinates": [13115.0, 6060.0]}}, {"type": "Feature", "properties": {"province_id": 2813, "name": "Hokitika", "marker_index": 5, "terrain_type_id": 12, "terrain_type": "Mountain"}, "geometry": {"type": "Point", "coordinates": [13120.0, 6082.0]}}, {"type": "Feature", "properties": {"province_id": 2814, "name": "Wanaka", "marker_index": 0, "terrain_type_id": 12, "terrain_type": "Mountain"}, "geometry": {"type": "Point", "coordinates": [13004.0, 6127.0]}}, {"type": "Feature", "properties": {"province_id": 2814, "name": "Wanaka", "marker_index": 1, "terrain_type_id": 12, "terrain_type": "Mountain"}, "geometry": {"type": "Point", "coordinates": [13018.0, 6133.0]}}, {"type": "Feature", "properties": {"province_id": 2814, "name": "Wanaka", "marker_index": 2, "terrain_type_id": 12, "terrain_type": "Mountain"}, "geometry": {"type": "Point", "coordinates": [13025.0, 6119.0]}}, {"type": "Feature", "properties": {"province_id": 2814, "name": "Wanaka", "marker_index": 3, "terrain_type_id": 12, "terrain_type": "Mountain"}, "geometry": {"type": "Point", "coordinates": [13040.0, 6131.0]}}, {"type": "Feature", "properties": {"province_id": 2814, "name": "Wanaka", "marker_index": 4, "terrain_type_id": 12, "terrain_type": "Mountain"}, "geometry": {"type": "Point", "coordinates": [13051.0, 6121.0]}}, {"type": "Feature", "properties": {"province_id": 2814, "name": "Wanaka", "marker_index": 5, "terrain_type_id": 12, "terrain_type": "Mountain"}, "geometry": {"type": "Point", "coordinates": [13059.0, 6102.0]}}, {"type": "Feature", "properties": {"province_id": 2814, "name": "Wanaka", "marker_index": 6, "terrain_type_id": 12, "terrain_type": "Mountain"}, "geometry": {"type": "Point", "coordinates": [13072.0, 6113.0]}}, {"type": "Feature", "properties": {"province_id": 2832, "name": "Inta", "marker_index": 0, "terrain_type_id": 12, "terrain_type": "Mountain"}, "geometry": {"type": "Point", "coordinates": [8657.0, 815.0]}}, {"type": "Feature", "properties": {"province_id": 2832, "name": "Inta", "marker_index": 1, "terrain_type_id": 12, "terrain_type": "Mountain"}, "geometry": {"type": "Point", "coordinates": [8668.0, 887.0]}}, {"type": "Feature", "properties": {"province_id": 2832, "name": "Inta", "marker_index": 2, "terrain_type_id": 12, "terrain_type": "Mountain"}, "geometry": {"type": "Point", "coordinates": [8672.0, 915.0]}}, {"type": "Feature", "properties": {"province_id": 2832, "name": "Inta", "marker_index": 3, "terrain_type_id": 12, "terrain_type": "Mountain"}, "geometry": {"type": "Point", "coordinates": [8684.0, 891.0]}}, {"type": "Feature", "properties": {"province_id": 2832, "name": "Inta", "marker_index": 4, "terrain_type_id": 12, "terrain_type": "Mountain"}, "geometry": {"type": "Point", "coordinates": [8701.0, 878.0]}}, {"type": "Feature", "properties": {"province_id": 2832, "name": "Inta", "marker_index": 5, "terrain_type_id": 12, "terrain_type": "Mountain"}, "geometry": {"type": "Point", "coordinates": [8706.0, 853.0]}}, {"type": "Feature", "properties": {"province_id": 2832, "name": "Inta", "marker_index": 6, "terrain_type_id": 12, "terrain_type": "Mountain"}, "geometry": {"type": "Point", "coordinates": [8732.0, 829.0]}}, {"type": "Feature", "properties": {"province_id": 2832, "name": "Inta", "marker_index": 7, "terrain_type_id": 12, "terrain_type": "Mountain"}, "geometry": {"type": "Point", "coordinates": [8751.0, 819.0]}}, {"type": "Feature", "properties": {"province_id": 2832, "name": "Inta", "marker_index": 8, "terrain_type_id": 12, "terrain_type": "Mountain"}, "geometry": {"type": "Point", "coordinates": [8766.0, 785.0]}}, {"type": "Feature", "properties": {"province_id": 2832, "name": "Inta", "marker_index": 9, "terrain_type_id": 12, "terrain_type": "Mountain"}, "geometry": {"type": "Point", "coordinates": [8773.0, 803.0]}}, {"type": "Feature", "properties": {"province_id": 2832, "name": "Inta", "marker_index": 10, "terrain_type_id": 12, "terrain_type": "Mountain"}, "geometry": {"type": "Point", "coordinates": [8795.0, 747.0]}}, {"type": "Feature", "properties": {"province_id": 2832, "name": "Inta", "marker_index": 11, "terrain_type_id": 12, "terrain_type": "Mountain"}, "geometry": {"type": "Point", "coordinates": [8803.0, 778.0]}}, {"type": "Feature", "properties": {"province_id": 2832, "name": "Inta", "marker_index": 12, "terrain_type_id": 12, "terrain_type": "Mountain"}, "geometry": {"type": "Point", "coordinates": [8822.0, 760.0]}}, {"type": "Feature", "properties": {"province_id": 2864, "name": "Beryozovo", "marker_index": 0, "terrain_type_id": 12, "terrain_type": "Mountain"}, "geometry": {"type": "Point", "coordinates": [8672.0, 975.0]}}, {"type": "Feature", "properties": {"province_id": 2864, "name": "Beryozovo", "marker_index": 1, "terrain_type_id": 12, "terrain_type": "Mountain"}, "geometry": {"type": "Point", "coordinates": [8700.0, 981.0]}}, {"type": "Feature", "properties": {"province_id": 2864, "name": "Beryozovo", "marker_index": 2, "terrain_type_id": 12, "terrain_type": "Mountain"}, "geometry": {"type": "Point", "coordinates": [8713.0, 958.0]}}, {"type": "Feature", "properties": {"province_id": 2864, "name": "Beryozovo", "marker_index": 3, "terrain_type_id": 12, "terrain_type": "Mountain"}, "geometry": {"type": "Point", "coordinates": [8716.0, 1010.0]}}, {"type": "Feature", "properties": {"province_id": 2864, "name": "Beryozovo", "marker_index": 4, "terrain_type_id": 12, "terrain_type": "Mountain"}, "geometry": {"type": "Point", "coordinates": [8725.0, 981.0]}}, {"type": "Feature", "properties": {"province_id": 2864, "name": "Beryozovo", "marker_index": 5, "terrain_type_id": 12, "terrain_type": "Mountain"}, "geometry": {"type": "Point", "coordinates": [8741.0, 965.0]}}, {"type": "Feature", "properties": {"province_id": 2864, "name": "Beryozovo", "marker_index": 6, "terrain_type_id": 12, "terrain_type": "Mountain"}, "geometry": {"type": "Point", "coordinates": [8744.0, 1019.0]}}, {"type": "Feature", "properties": {"province_id": 2864, "name": "Beryozovo", "marker_index": 7, "terrain_type_id": 12, "terrain_type": "Mountain"}, "geometry": {"type": "Point", "coordinates": [8747.0, 996.0]}}, {"type": "Feature", "properties": {"province_id": 2864, "name": "Beryozovo", "marker_index": 8, "terrain_type_id": 12, "terrain_type": "Mountain"}, "geometry": {"type": "Point", "coordinates": [8765.0, 1028.0]}}, {"type": "Feature", "properties": {"province_id": 2865, "name": "Igrim", "marker_index": 0, "terrain_type_id": 12, "terrain_type": "Mountain"}, "geometry": {"type": "Point", "coordinates": [8662.0, 1164.0]}}, {"type": "Feature", "properties": {"province_id": 2865, "name": "Igrim", "marker_index": 1, "terrain_type_id": 12, "terrain_type": "Mountain"}, "geometry": {"type": "Point", "coordinates": [8670.0, 1116.0]}}, {"type": "Feature", "properties": {"province_id": 2865, "name": "Igrim", "marker_index": 2, "terrain_type_id": 12, "terrain_type": "Mountain"}, "geometry": {"type": "Point", "coordinates": [8671.0, 1070.0]}}, {"type": "Feature", "properties": {"province_id": 2865, "name": "Igrim", "marker_index": 3, "terrain_type_id": 12, "terrain_type": "Mountain"}, "geometry": {"type": "Point", "coordinates": [8676.0, 1037.0]}}, {"type": "Feature", "properties": {"province_id": 2865, "name": "Igrim", "marker_index": 4, "terrain_type_id": 12, "terrain_type": "Mountain"}, "geometry": {"type": "Point", "coordinates": [8688.0, 1059.0]}}, {"type": "Feature", "properties": {"province_id": 2865, "name": "Igrim", "marker_index": 5, "terrain_type_id": 12, "terrain_type": "Mountain"}, "geometry": {"type": "Point", "coordinates": [8696.0, 1107.0]}}, {"type": "Feature", "properties": {"province_id": 2865, "name": "Igrim", "marker_index": 6, "terrain_type_id": 12, "terrain_type": "Mountain"}, "geometry": {"type": "Point", "coordinates": [8700.0, 1151.0]}}, {"type": "Feature", "properties": {"province_id": 2865, "name": "Igrim", "marker_index": 7, "terrain_type_id": 12, "terrain_type": "Mountain"}, "geometry": {"type": "Point", "coordinates": [8725.0, 1065.0]}}, {"type": "Feature", "properties": {"province_id": 2865, "name": "Igrim", "marker_index": 8, "terrain_type_id": 12, "terrain_type": "Mountain"}, "geometry": {"type": "Point", "coordinates": [8729.0, 1111.0]}}, {"type": "Feature", "properties": {"province_id": 2865, "name": "Igrim", "marker_index": 9, "terrain_type_id": 12, "terrain_type": "Mountain"}, "geometry": {"type": "Point", "coordinates": [8741.0, 1147.0]}}, {"type": "Feature", "properties": {"province_id": 2865, "name": "Igrim", "marker_index": 10, "terrain_type_id": 12, "terrain_type": "Mountain"}, "geometry": {"type": "Point", "coordinates": [8742.0, 1131.0]}}, {"type": "Feature", "properties": {"province_id": 2865, "name": "Igrim", "marker_index": 11, "terrain_type_id": 12, "terrain_type": "Mountain"}, "geometry": {"type": "Point", "coordinates": [8748.0, 1092.0]}}, {"type": "Feature", "properties": {"province_id": 2865, "name": "Igrim", "marker_index": 12, "terrain_type_id": 12, "terrain_type": "Mountain"}, "geometry": {"type": "Point", "coordinates": [8770.0, 1106.0]}}, {"type": "Feature", "properties": {"province_id": 2865, "name": "Igrim", "marker_index": 13, "terrain_type_id": 12, "terrain_type": "Mountain"}, "geometry": {"type": "Point", "coordinates": [8771.0, 1080.0]}}, {"type": "Feature", "properties": {"province_id": 2897, "name": "Uchami", "marker_index": 0, "terrain_type_id": 12, "terrain_type": "Mountain"}, "geometry": {"type": "Point", "coordinates": [9914.0, 864.0]}}, {"type": "Feature", "properties": {"province_id": 2897, "name": "Uchami", "marker_index": 1, "terrain_type_id": 12, "terrain_type": "Mountain"}, "geometry": {"type": "Point", "coordinates": [9921.0, 672.0]}}, {"type": "Feature", "properties": {"province_id": 2897, "name": "Uchami", "marker_index": 2, "terrain_type_id": 12, "terrain_type": "Mountain"}, "geometry": {"type": "Point", "coordinates": [9923.0, 771.0]}}, {"type": "Feature", "properties": {"province_id": 2897, "name": "Uchami", "marker_index": 3, "terrain_type_id": 12, "terrain_type": "Mountain"}, "geometry": {"type": "Point", "coordinates": [9935.0, 818.0]}}, {"type": "Feature", "properties": {"province_id": 2897, "name": "Uchami", "marker_index": 4, "terrain_type_id": 12, "terrain_type": "Mountain"}, "geometry": {"type": "Point", "coordinates": [9941.0, 902.0]}}, {"type": "Feature", "properties": {"province_id": 2897, "name": "Uchami", "marker_index": 5, "terrain_type_id": 12, "terrain_type": "Mountain"}, "geometry": {"type": "Point", "coordinates": [9942.0, 842.0]}}, {"type": "Feature", "properties": {"province_id": 2897, "name": "Uchami", "marker_index": 6, "terrain_type_id": 12, "terrain_type": "Mountain"}, "geometry": {"type": "Point", "coordinates": [9943.0, 754.0]}}, {"type": "Feature", "properties": {"province_id": 2897, "name": "Uchami", "marker_index": 7, "terrain_type_id": 12, "terrain_type": "Mountain"}, "geometry": {"type": "Point", "coordinates": [9958.0, 667.0]}}, {"type": "Feature", "properties": {"province_id": 2897, "name": "Uchami", "marker_index": 8, "terrain_type_id": 12, "terrain_type": "Mountain"}, "geometry": {"type": "Point", "coordinates": [9967.0, 712.0]}}, {"type": "Feature", "properties": {"province_id": 2897, "name": "Uchami", "marker_index": 9, "terrain_type_id": 12, "terrain_type": "Mountain"}, "geometry": {"type": "Point", "coordinates": [9969.0, 876.0]}}, {"type": "Feature", "properties": {"province_id": 2897, "name": "Uchami", "marker_index": 10, "terrain_type_id": 12, "terrain_type": "Mountain"}, "geometry": {"type": "Point", "coordinates": [9978.0, 851.0]}}, {"type": "Feature", "properties": {"province_id": 2897, "name": "Uchami", "marker_index": 11, "terrain_type_id": 12, "terrain_type": "Mountain"}, "geometry": {"type": "Point", "coordinates": [9978.0, 916.0]}}, {"type": "Feature", "properties": {"province_id": 2897, "name": "Uchami", "marker_index": 12, "terrain_type_id": 12, "terrain_type": "Mountain"}, "geometry": {"type": "Point", "coordinates": [9988.0, 789.0]}}, {"type": "Feature", "properties": {"province_id": 2897, "name": "Uchami", "marker_index": 13, "terrain_type_id": 12, "terrain_type": "Mountain"}, "geometry": {"type": "Point", "coordinates": [10000.0, 741.0]}}, {"type": "Feature", "properties": {"province_id": 2897, "name": "Uchami", "marker_index": 14, "terrain_type_id": 12, "terrain_type": "Mountain"}, "geometry": {"type": "Point", "coordinates": [10017.0, 928.0]}}, {"type": "Feature", "properties": {"province_id": 2897, "name": "Uchami", "marker_index": 15, "terrain_type_id": 12, "terrain_type": "Mountain"}, "geometry": {"type": "Point", "coordinates": [10021.0, 830.0]}}, {"type": "Feature", "properties": {"province_id": 2897, "name": "Uchami", "marker_index": 16, "terrain_type_id": 12, "terrain_type": "Mountain"}, "geometry": {"type": "Point", "coordinates": [10027.0, 857.0]}}, {"type": "Feature", "properties": {"province_id": 2897, "name": "Uchami", "marker_index": 17, "terrain_type_id": 12, "terrain_type": "Mountain"}, "geometry": {"type": "Point", "coordinates": [10037.0, 915.0]}}, {"type": "Feature", "properties": {"province_id": 2950, "name": "Zyryanka", "marker_index": 0, "terrain_type_id": 12, "terrain_type": "Mountain"}, "geometry": {"type": "Point", "coordinates": [11571.0, 788.0]}}, {"type": "Feature", "properties": {"province_id": 2950, "name": "Zyryanka", "marker_index": 1, "terrain_type_id": 12, "terrain_type": "Mountain"}, "geometry": {"type": "Point", "coordinates": [11586.0, 771.0]}}, {"type": "Feature", "properties": {"province_id": 2950, "name": "Zyryanka", "marker_index": 2, "terrain_type_id": 12, "terrain_type": "Mountain"}, "geometry": {"type": "Point", "coordinates": [11618.0, 789.0]}}, {"type": "Feature", "properties": {"province_id": 2950, "name": "Zyryanka", "marker_index": 3, "terrain_type_id": 12, "terrain_type": "Mountain"}, "geometry": {"type": "Point", "coordinates": [11625.0, 754.0]}}, {"type": "Feature", "properties": {"province_id": 2950, "name": "Zyryanka", "marker_index": 4, "terrain_type_id": 12, "terrain_type": "Mountain"}, "geometry": {"type": "Point", "coordinates": [11650.0, 780.0]}}, {"type": "Feature", "properties": {"province_id": 2950, "name": "Zyryanka", "marker_index": 5, "terrain_type_id": 12, "terrain_type": "Mountain"}, "geometry": {"type": "Point", "coordinates": [11666.0, 800.0]}}, {"type": "Feature", "properties": {"province_id": 2950, "name": "Zyryanka", "marker_index": 6, "terrain_type_id": 12, "terrain_type": "Mountain"}, "geometry": {"type": "Point", "coordinates": [11674.0, 750.0]}}, {"type": "Feature", "properties": {"province_id": 2950, "name": "Zyryanka", "marker_index": 7, "terrain_type_id": 12, "terrain_type": "Mountain"}, "geometry": {"type": "Point", "coordinates": [11698.0, 745.0]}}, {"type": "Feature", "properties": {"province_id": 2950, "name": "Zyryanka", "marker_index": 8, "terrain_type_id": 12, "terrain_type": "Mountain"}, "geometry": {"type": "Point", "coordinates": [11703.0, 724.0]}}, {"type": "Feature", "properties": {"province_id": 2960, "name": "Ese-Khayya", "marker_index": 0, "terrain_type_id": 12, "terrain_type": "Mountain"}, "geometry": {"type": "Point", "coordinates": [11292.0, 787.0]}}, {"type": "Feature", "properties": {"province_id": 2960, "name": "Ese-Khayya", "marker_index": 1, "terrain_type_id": 12, "terrain_type": "Mountain"}, "geometry": {"type": "Point", "coordinates": [11292.0, 842.0]}}, {"type": "Feature", "properties": {"province_id": 2960, "name": "Ese-Khayya", "marker_index": 2, "terrain_type_id": 12, "terrain_type": "Mountain"}, "geometry": {"type": "Point", "coordinates": [11309.0, 746.0]}}, {"type": "Feature", "properties": {"province_id": 2960, "name": "Ese-Khayya", "marker_index": 3, "terrain_type_id": 12, "terrain_type": "Mountain"}, "geometry": {"type": "Point", "coordinates": [11328.0, 695.0]}}, {"type": "Feature", "properties": {"province_id": 2960, "name": "Ese-Khayya", "marker_index": 4, "terrain_type_id": 12, "terrain_type": "Mountain"}, "geometry": {"type": "Point", "coordinates": [11337.0, 809.0]}}, {"type": "Feature", "properties": {"province_id": 2960, "name": "Ese-Khayya", "marker_index": 5, "terrain_type_id": 12, "terrain_type": "Mountain"}, "geometry": {"type": "Point", "coordinates": [11351.0, 740.0]}}, {"type": "Feature", "properties": {"province_id": 2960, "name": "Ese-Khayya", "marker_index": 6, "terrain_type_id": 12, "terrain_type": "Mountain"}, "geometry": {"type": "Point", "coordinates": [11367.0, 762.0]}}, {"type": "Feature", "properties": {"province_id": 2960, "name": "Ese-Khayya", "marker_index": 7, "terrain_type_id": 12, "terrain_type": "Mountain"}, "geometry": {"type": "Point", "coordinates": [11370.0, 714.0]}}, {"type": "Feature", "properties": {"province_id": 2960, "name": "Ese-Khayya", "marker_index": 8, "terrain_type_id": 12, "terrain_type": "Mountain"}, "geometry": {"type": "Point", "coordinates": [11371.0, 830.0]}}, {"type": "Feature", "properties": {"province_id": 2971, "name": "Allakh-Yun", "marker_index": 0, "terrain_type_id": 12, "terrain_type": "Mountain"}, "geometry": {"type": "Point", "coordinates": [11429.0, 1019.0]}}, {"type": "Feature", "properties": {"province_id": 2971, "name": "Allakh-Yun", "marker_index": 1, "terrain_type_id": 12, "terrain_type": "Mountain"}, "geometry": {"type": "Point", "coordinates": [11429.0, 1062.0]}}, {"type": "Feature", "properties": {"province_id": 2971, "name": "Allakh-Yun", "marker_index": 2, "terrain_type_id": 12, "terrain_type": "Mountain"}, "geometry": {"type": "Point", "coordinates": [11433.0, 1103.0]}}, {"type": "Feature", "properties": {"province_id": 2971, "name": "Allakh-Yun", "marker_index": 3, "terrain_type_id": 12, "terrain_type": "Mountain"}, "geometry": {"type": "Point", "coordinates": [11434.0, 936.0]}}, {"type": "Feature", "properties": {"province_id": 2971, "name": "Allakh-Yun", "marker_index": 4, "terrain_type_id": 12, "terrain_type": "Mountain"}, "geometry": {"type": "Point", "coordinates": [11437.0, 1076.0]}}, {"type": "Feature", "properties": {"province_id": 2971, "name": "Allakh-Yun", "marker_index": 5, "terrain_type_id": 12, "terrain_type": "Mountain"}, "geometry": {"type": "Point", "coordinates": [11447.0, 994.0]}}, {"type": "Feature", "properties": {"province_id": 2971, "name": "Allakh-Yun", "marker_index": 6, "terrain_type_id": 12, "terrain_type": "Mountain"}, "geometry": {"type": "Point", "coordinates": [11455.0, 1021.0]}}, {"type": "Feature", "properties": {"province_id": 2971, "name": "Allakh-Yun", "marker_index": 7, "terrain_type_id": 12, "terrain_type": "Mountain"}, "geometry": {"type": "Point", "coordinates": [11465.0, 959.0]}}, {"type": "Feature", "properties": {"province_id": 2971, "name": "Allakh-Yun", "marker_index": 8, "terrain_type_id": 12, "terrain_type": "Mountain"}, "geometry": {"type": "Point", "coordinates": [11478.0, 1003.0]}}, {"type": "Feature", "properties": {"province_id": 2972, "name": "Yunkyur", "marker_index": 0, "terrain_type_id": 12, "terrain_type": "Mountain"}, "geometry": {"type": "Point", "coordinates": [11156.0, 689.0]}}, {"type": "Feature", "properties": {"province_id": 2972, "name": "Yunkyur", "marker_index": 1, "terrain_type_id": 12, "terrain_type": "Mountain"}, "geometry": {"type": "Point", "coordinates": [11158.0, 796.0]}}, {"type": "Feature", "properties": {"province_id": 2972, "name": "Yunkyur", "marker_index": 2, "terrain_type_id": 12, "terrain_type": "Mountain"}, "geometry": {"type": "Point", "coordinates": [11163.0, 762.0]}}, {"type": "Feature", "properties": {"province_id": 2972, "name": "Yunkyur", "marker_index": 3, "terrain_type_id": 12, "terrain_type": "Mountain"}, "geometry": {"type": "Point", "coordinates": [11194.0, 707.0]}}, {"type": "Feature", "properties": {"province_id": 2972, "name": "Yunkyur", "marker_index": 4, "terrain_type_id": 12, "terrain_type": "Mountain"}, "geometry": {"type": "Point", "coordinates": [11205.0, 742.0]}}, {"type": "Feature", "properties": {"province_id": 2972, "name": "Yunkyur", "marker_index": 5, "terrain_type_id": 12, "terrain_type": "Mountain"}, "geometry": {"type": "Point", "coordinates": [11211.0, 823.0]}}, {"type": "Feature", "properties": {"province_id": 2972, "name": "Yunkyur", "marker_index": 6, "terrain_type_id": 12, "terrain_type": "Mountain"}, "geometry": {"type": "Point", "coordinates": [11216.0, 783.0]}}, {"type": "Feature", "properties": {"province_id": 2972, "name": "Yunkyur", "marker_index": 7, "terrain_type_id": 12, "terrain_type": "Mountain"}, "geometry": {"type": "Point", "coordinates": [11224.0, 671.0]}}, {"type": "Feature", "properties": {"province_id": 2972, "name": "Yunkyur", "marker_index": 8, "terrain_type_id": 12, "terrain_type": "Mountain"}, "geometry": {"type": "Point", "coordinates": [11239.0, 752.0]}}, {"type": "Feature", "properties": {"province_id": 2972, "name": "Yunkyur", "marker_index": 9, "terrain_type_id": 12, "terrain_type": "Mountain"}, "geometry": {"type": "Point", "coordinates": [11255.0, 783.0]}}, {"type": "Feature", "properties": {"province_id": 2972, "name": "Yunkyur", "marker_index": 10, "terrain_type_id": 12, "terrain_type": "Mountain"}, "geometry": {"type": "Point", "coordinates": [11261.0, 696.0]}}, {"type": "Feature", "properties": {"province_id": 2979, "name": "Ayan", "marker_index": 0, "terrain_type_id": 12, "terrain_type": "Mountain"}, "geometry": {"type": "Point", "coordinates": [11585.0, 1244.0]}}, {"type": "Feature", "properties": {"province_id": 2979, "name": "Ayan", "marker_index": 1, "terrain_type_id": 12, "terrain_type": "Mountain"}, "geometry": {"type": "Point", "coordinates": [11594.0, 1206.0]}}, {"type": "Feature", "properties": {"province_id": 2979, "name": "Ayan", "marker_index": 2, "terrain_type_id": 12, "terrain_type": "Mountain"}, "geometry": {"type": "Point", "coordinates": [11598.0, 1168.0]}}, {"type": "Feature", "properties": {"province_id": 2979, "name": "Ayan", "marker_index": 3, "terrain_type_id": 12, "terrain_type": "Mountain"}, "geometry": {"type": "Point", "coordinates": [11605.0, 1247.0]}}, {"type": "Feature", "properties": {"province_id": 2979, "name": "Ayan", "marker_index": 4, "terrain_type_id": 12, "terrain_type": "Mountain"}, "geometry": {"type": "Point", "coordinates": [11619.0, 1230.0]}}, {"type": "Feature", "properties": {"province_id": 2979, "name": "Ayan", "marker_index": 5, "terrain_type_id": 12, "terrain_type": "Mountain"}, "geometry": {"type": "Point", "coordinates": [11634.0, 1180.0]}}, {"type": "Feature", "properties": {"province_id": 2979, "name": "Ayan", "marker_index": 6, "terrain_type_id": 12, "terrain_type": "Mountain"}, "geometry": {"type": "Point", "coordinates": [11642.0, 1142.0]}}, {"type": "Feature", "properties": {"province_id": 2979, "name": "Ayan", "marker_index": 7, "terrain_type_id": 12, "terrain_type": "Mountain"}, "geometry": {"type": "Point", "coordinates": [11645.0, 1159.0]}}, {"type": "Feature", "properties": {"province_id": 2979, "name": "Ayan", "marker_index": 8, "terrain_type_id": 12, "terrain_type": "Mountain"}, "geometry": {"type": "Point", "coordinates": [11651.0, 1214.0]}}, {"type": "Feature", "properties": {"province_id": 2979, "name": "Ayan", "marker_index": 9, "terrain_type_id": 12, "terrain_type": "Mountain"}, "geometry": {"type": "Point", "coordinates": [11666.0, 1148.0]}}, {"type": "Feature", "properties": {"province_id": 2979, "name": "Ayan", "marker_index": 10, "terrain_type_id": 12, "terrain_type": "Mountain"}, "geometry": {"type": "Point", "coordinates": [11667.0, 1175.0]}}, {"type": "Feature", "properties": {"province_id": 2993, "name": "Ekimchan", "marker_index": 0, "terrain_type_id": 12, "terrain_type": "Mountain"}, "geometry": {"type": "Point", "coordinates": [11343.0, 1402.0]}}, {"type": "Feature", "properties": {"province_id": 2993, "name": "Ekimchan", "marker_index": 1, "terrain_type_id": 12, "terrain_type": "Mountain"}, "geometry": {"type": "Point", "coordinates": [11388.0, 1377.0]}}, {"type": "Feature", "properties": {"province_id": 2993, "name": "Ekimchan", "marker_index": 2, "terrain_type_id": 12, "terrain_type": "Mountain"}, "geometry": {"type": "Point", "coordinates": [11394.0, 1413.0]}}, {"type": "Feature", "properties": {"province_id": 2993, "name": "Ekimchan", "marker_index": 3, "terrain_type_id": 12, "terrain_type": "Mountain"}, "geometry": {"type": "Point", "coordinates": [11453.0, 1386.0]}}, {"type": "Feature", "properties": {"province_id": 2993, "name": "Ekimchan", "marker_index": 4, "terrain_type_id": 12, "terrain_type": "Mountain"}, "geometry": {"type": "Point", "coordinates": [11453.0, 1423.0]}}, {"type": "Feature", "properties": {"province_id": 2993, "name": "Ekimchan", "marker_index": 5, "terrain_type_id": 12, "terrain_type": "Mountain"}, "geometry": {"type": "Point", "coordinates": [11491.0, 1397.0]}}, {"type": "Feature", "properties": {"province_id": 3006, "name": "Okhotsk", "marker_index": 0, "terrain_type_id": 12, "terrain_type": "Mountain"}, "geometry": {"type": "Point", "coordinates": [11698.0, 1102.0]}}, {"type": "Feature", "properties": {"province_id": 3006, "name": "Okhotsk", "marker_index": 1, "terrain_type_id": 12, "terrain_type": "Mountain"}, "geometry": {"type": "Point", "coordinates": [11700.0, 1077.0]}}, {"type": "Feature", "properties": {"province_id": 3006, "name": "Okhotsk", "marker_index": 2, "terrain_type_id": 12, "terrain_type": "Mountain"}, "geometry": {"type": "Point", "coordinates": [11728.0, 1079.0]}}, {"type": "Feature", "properties": {"province_id": 3006, "name": "Okhotsk", "marker_index": 3, "terrain_type_id": 12, "terrain_type": "Mountain"}, "geometry": {"type": "Point", "coordinates": [11736.0, 1102.0]}}, {"type": "Feature", "properties": {"province_id": 3006, "name": "Okhotsk", "marker_index": 4, "terrain_type_id": 12, "terrain_type": "Mountain"}, "geometry": {"type": "Point", "coordinates": [11743.0, 1050.0]}}, {"type": "Feature", "properties": {"province_id": 3006, "name": "Okhotsk", "marker_index": 5, "terrain_type_id": 12, "terrain_type": "Mountain"}, "geometry": {"type": "Point", "coordinates": [11779.0, 1034.0]}}, {"type": "Feature", "properties": {"province_id": 3006, "name": "Okhotsk", "marker_index": 6, "terrain_type_id": 12, "terrain_type": "Mountain"}, "geometry": {"type": "Point", "coordinates": [11795.0, 1047.0]}}, {"type": "Feature", "properties": {"province_id": 3006, "name": "Okhotsk", "marker_index": 7, "terrain_type_id": 12, "terrain_type": "Mountain"}, "geometry": {"type": "Point", "coordinates": [11843.0, 1034.0]}}, {"type": "Feature", "properties": {"province_id": 3007, "name": "Pevek", "marker_index": 0, "terrain_type_id": 12, "terrain_type": "Mountain"}, "geometry": {"type": "Point", "coordinates": [12886.0, 650.0]}}, {"type": "Feature", "properties": {"province_id": 3007, "name": "Pevek", "marker_index": 1, "terrain_type_id": 12, "terrain_type": "Mountain"}, "geometry": {"type": "Point", "coordinates": [12926.0, 672.0]}}, {"type": "Feature", "properties": {"province_id": 3007, "name": "Pevek", "marker_index": 2, "terrain_type_id": 12, "terrain_type": "Mountain"}, "geometry": {"type": "Point", "coordinates": [12932.0, 674.0]}}, {"type": "Feature", "properties": {"province_id": 3007, "name": "Pevek", "marker_index": 3, "terrain_type_id": 12, "terrain_type": "Mountain"}, "geometry": {"type": "Point", "coordinates": [12937.0, 633.0]}}, {"type": "Feature", "properties": {"province_id": 3007, "name": "Pevek", "marker_index": 4, "terrain_type_id": 12, "terrain_type": "Mountain"}, "geometry": {"type": "Point", "coordinates": [12972.0, 691.0]}}, {"type": "Feature", "properties": {"province_id": 3007, "name": "Pevek", "marker_index": 5, "terrain_type_id": 12, "terrain_type": "Mountain"}, "geometry": {"type": "Point", "coordinates": [12973.0, 643.0]}}, {"type": "Feature", "properties": {"province_id": 3007, "name": "Pevek", "marker_index": 6, "terrain_type_id": 12, "terrain_type": "Mountain"}, "geometry": {"type": "Point", "coordinates": [13001.0, 618.0]}}, {"type": "Feature", "properties": {"province_id": 3007, "name": "Pevek", "marker_index": 7, "terrain_type_id": 12, "terrain_type": "Mountain"}, "geometry": {"type": "Point", "coordinates": [13017.0, 702.0]}}, {"type": "Feature", "properties": {"province_id": 3007, "name": "Pevek", "marker_index": 8, "terrain_type_id": 12, "terrain_type": "Mountain"}, "geometry": {"type": "Point", "coordinates": [13059.0, 633.0]}}, {"type": "Feature", "properties": {"province_id": 3007, "name": "Pevek", "marker_index": 9, "terrain_type_id": 12, "terrain_type": "Mountain"}, "geometry": {"type": "Point", "coordinates": [13090.0, 649.0]}}, {"type": "Feature", "properties": {"province_id": 3007, "name": "Pevek", "marker_index": 10, "terrain_type_id": 12, "terrain_type": "Mountain"}, "geometry": {"type": "Point", "coordinates": [13111.0, 620.0]}}, {"type": "Feature", "properties": {"province_id": 3007, "name": "Pevek", "marker_index": 11, "terrain_type_id": 12, "terrain_type": "Mountain"}, "geometry": {"type": "Point", "coordinates": [13113.0, 686.0]}}, {"type": "Feature", "properties": {"province_id": 3008, "name": "Petropavlovsk-Kamchatsky", "marker_index": 0, "terrain_type_id": 12, "terrain_type": "Mountain"}, "geometry": {"type": "Point", "coordinates": [12469.0, 1255.0]}}, {"type": "Feature", "properties": {"province_id": 3008, "name": "Petropavlovsk-Kamchatsky", "marker_index": 1, "terrain_type_id": 12, "terrain_type": "Mountain"}, "geometry": {"type": "Point", "coordinates": [12502.0, 1205.0]}}, {"type": "Feature", "properties": {"province_id": 3008, "name": "Petropavlovsk-Kamchatsky", "marker_index": 2, "terrain_type_id": 12, "terrain_type": "Mountain"}, "geometry": {"type": "Point", "coordinates": [12514.0, 1182.0]}}, {"type": "Feature", "properties": {"province_id": 3008, "name": "Petropavlovsk-Kamchatsky", "marker_index": 3, "terrain_type_id": 12, "terrain_type": "Mountain"}, "geometry": {"type": "Point", "coordinates": [12518.0, 1145.0]}}, {"type": "Feature", "properties": {"province_id": 3008, "name": "Petropavlovsk-Kamchatsky", "marker_index": 4, "terrain_type_id": 12, "terrain_type": "Mountain"}, "geometry": {"type": "Point", "coordinates": [12539.0, 1099.0]}}, {"type": "Feature", "properties": {"province_id": 3008, "name": "Petropavlovsk-Kamchatsky", "marker_index": 5, "terrain_type_id": 12, "terrain_type": "Mountain"}, "geometry": {"type": "Point", "coordinates": [12549.0, 1136.0]}}, {"type": "Feature", "properties": {"province_id": 3008, "name": "Petropavlovsk-Kamchatsky", "marker_index": 6, "terrain_type_id": 12, "terrain_type": "Mountain"}, "geometry": {"type": "Point", "coordinates": [12567.0, 1109.0]}}, {"type": "Feature", "properties": {"province_id": 3008, "name": "Petropavlovsk-Kamchatsky", "marker_index": 7, "terrain_type_id": 12, "terrain_type": "Mountain"}, "geometry": {"type": "Point", "coordinates": [12579.0, 1085.0]}}, {"type": "Feature", "properties": {"province_id": 3009, "name": "Slautnoye", "marker_index": 0, "terrain_type_id": 12, "terrain_type": "Mountain"}, "geometry": {"type": "Point", "coordinates": [12705.0, 628.0]}}, {"type": "Feature", "properties": {"province_id": 3009, "name": "Slautnoye", "marker_index": 1, "terrain_type_id": 12, "terrain_type": "Mountain"}, "geometry": {"type": "Point", "coordinates": [12723.0, 728.0]}}, {"type": "Feature", "properties": {"province_id": 3009, "name": "Slautnoye", "marker_index": 2, "terrain_type_id": 12, "terrain_type": "Mountain"}, "geometry": {"type": "Point", "coordinates": [12739.0, 682.0]}}, {"type": "Feature", "properties": {"province_id": 3009, "name": "Slautnoye", "marker_index": 3, "terrain_type_id": 12, "terrain_type": "Mountain"}, "geometry": {"type": "Point", "coordinates": [12747.0, 798.0]}}, {"type": "Feature", "properties": {"province_id": 3009, "name": "Slautnoye", "marker_index": 4, "terrain_type_id": 12, "terrain_type": "Mountain"}, "geometry": {"type": "Point", "coordinates": [12765.0, 754.0]}}, {"type": "Feature", "properties": {"province_id": 3009, "name": "Slautnoye", "marker_index": 5, "terrain_type_id": 12, "terrain_type": "Mountain"}, "geometry": {"type": "Point", "coordinates": [12773.0, 725.0]}}, {"type": "Feature", "properties": {"province_id": 3009, "name": "Slautnoye", "marker_index": 6, "terrain_type_id": 12, "terrain_type": "Mountain"}, "geometry": {"type": "Point", "coordinates": [12800.0, 632.0]}}, {"type": "Feature", "properties": {"province_id": 3009, "name": "Slautnoye", "marker_index": 7, "terrain_type_id": 12, "terrain_type": "Mountain"}, "geometry": {"type": "Point", "coordinates": [12800.0, 824.0]}}, {"type": "Feature", "properties": {"province_id": 3009, "name": "Slautnoye", "marker_index": 8, "terrain_type_id": 12, "terrain_type": "Mountain"}, "geometry": {"type": "Point", "coordinates": [12806.0, 793.0]}}, {"type": "Feature", "properties": {"province_id": 3009, "name": "Slautnoye", "marker_index": 9, "terrain_type_id": 12, "terrain_type": "Mountain"}, "geometry": {"type": "Point", "coordinates": [12823.0, 725.0]}}, {"type": "Feature", "properties": {"province_id": 3009, "name": "Slautnoye", "marker_index": 10, "terrain_type_id": 12, "terrain_type": "Mountain"}, "geometry": {"type": "Point", "coordinates": [12836.0, 769.0]}}, {"type": "Feature", "properties": {"province_id": 3009, "name": "Slautnoye", "marker_index": 11, "terrain_type_id": 12, "terrain_type": "Mountain"}, "geometry": {"type": "Point", "coordinates": [12854.0, 846.0]}}, {"type": "Feature", "properties": {"province_id": 3009, "name": "Slautnoye", "marker_index": 12, "terrain_type_id": 12, "terrain_type": "Mountain"}, "geometry": {"type": "Point", "coordinates": [12861.0, 814.0]}}, {"type": "Feature", "properties": {"province_id": 3009, "name": "Slautnoye", "marker_index": 13, "terrain_type_id": 12, "terrain_type": "Mountain"}, "geometry": {"type": "Point", "coordinates": [12882.0, 714.0]}}, {"type": "Feature", "properties": {"province_id": 3009, "name": "Slautnoye", "marker_index": 14, "terrain_type_id": 12, "terrain_type": "Mountain"}, "geometry": {"type": "Point", "coordinates": [12884.0, 741.0]}}, {"type": "Feature", "properties": {"province_id": 3009, "name": "Slautnoye", "marker_index": 15, "terrain_type_id": 12, "terrain_type": "Mountain"}, "geometry": {"type": "Point", "coordinates": [12919.0, 737.0]}}, {"type": "Feature", "properties": {"province_id": 3010, "name": "Markovo", "marker_index": 0, "terrain_type_id": 12, "terrain_type": "Mountain"}, "geometry": {"type": "Point", "coordinates": [12942.0, 843.0]}}, {"type": "Feature", "properties": {"province_id": 3010, "name": "Markovo", "marker_index": 1, "terrain_type_id": 12, "terrain_type": "Mountain"}, "geometry": {"type": "Point", "coordinates": [12980.0, 777.0]}}, {"type": "Feature", "properties": {"province_id": 3010, "name": "Markovo", "marker_index": 2, "terrain_type_id": 12, "terrain_type": "Mountain"}, "geometry": {"type": "Point", "coordinates": [12995.0, 822.0]}}, {"type": "Feature", "properties": {"province_id": 3010, "name": "Markovo", "marker_index": 3, "terrain_type_id": 12, "terrain_type": "Mountain"}, "geometry": {"type": "Point", "coordinates": [13012.0, 819.0]}}, {"type": "Feature", "properties": {"province_id": 3010, "name": "Markovo", "marker_index": 4, "terrain_type_id": 12, "terrain_type": "Mountain"}, "geometry": {"type": "Point", "coordinates": [13026.0, 752.0]}}, {"type": "Feature", "properties": {"province_id": 3010, "name": "Markovo", "marker_index": 5, "terrain_type_id": 12, "terrain_type": "Mountain"}, "geometry": {"type": "Point", "coordinates": [13075.0, 760.0]}}, {"type": "Feature", "properties": {"province_id": 3011, "name": "Uelen", "marker_index": 0, "terrain_type_id": 12, "terrain_type": "Mountain"}, "geometry": {"type": "Point", "coordinates": [13110.0, 803.0]}}, {"type": "Feature", "properties": {"province_id": 3011, "name": "Uelen", "marker_index": 1, "terrain_type_id": 12, "terrain_type": "Mountain"}, "geometry": {"type": "Point", "coordinates": [13145.0, 793.0]}}, {"type": "Feature", "properties": {"province_id": 3011, "name": "Uelen", "marker_index": 2, "terrain_type_id": 12, "terrain_type": "Mountain"}, "geometry": {"type": "Point", "coordinates": [13161.0, 750.0]}}, {"type": "Feature", "properties": {"province_id": 3011, "name": "Uelen", "marker_index": 3, "terrain_type_id": 12, "terrain_type": "Mountain"}, "geometry": {"type": "Point", "coordinates": [13170.0, 639.0]}}, {"type": "Feature", "properties": {"province_id": 3011, "name": "Uelen", "marker_index": 4, "terrain_type_id": 12, "terrain_type": "Mountain"}, "geometry": {"type": "Point", "coordinates": [13196.0, 678.0]}}, {"type": "Feature", "properties": {"province_id": 3011, "name": "Uelen", "marker_index": 5, "terrain_type_id": 12, "terrain_type": "Mountain"}, "geometry": {"type": "Point", "coordinates": [13219.0, 735.0]}}, {"type": "Feature", "properties": {"province_id": 3011, "name": "Uelen", "marker_index": 6, "terrain_type_id": 12, "terrain_type": "Mountain"}, "geometry": {"type": "Point", "coordinates": [13264.0, 657.0]}}, {"type": "Feature", "properties": {"province_id": 3011, "name": "Uelen", "marker_index": 7, "terrain_type_id": 12, "terrain_type": "Mountain"}, "geometry": {"type": "Point", "coordinates": [13320.0, 666.0]}}, {"type": "Feature", "properties": {"province_id": 3011, "name": "Uelen", "marker_index": 8, "terrain_type_id": 12, "terrain_type": "Mountain"}, "geometry": {"type": "Point", "coordinates": [13392.0, 709.0]}}, {"type": "Feature", "properties": {"province_id": 3011, "name": "Uelen", "marker_index": 9, "terrain_type_id": 12, "terrain_type": "Mountain"}, "geometry": {"type": "Point", "coordinates": [13470.0, 734.0]}}, {"type": "Feature", "properties": {"province_id": 3013, "name": "Palana", "marker_index": 0, "terrain_type_id": 12, "terrain_type": "Mountain"}, "geometry": {"type": "Point", "coordinates": [12618.0, 1007.0]}}, {"type": "Feature", "properties": {"province_id": 3013, "name": "Palana", "marker_index": 1, "terrain_type_id": 12, "terrain_type": "Mountain"}, "geometry": {"type": "Point", "coordinates": [12622.0, 1033.0]}}, {"type": "Feature", "properties": {"province_id": 3013, "name": "Palana", "marker_index": 2, "terrain_type_id": 12, "terrain_type": "Mountain"}, "geometry": {"type": "Point", "coordinates": [12637.0, 1012.0]}}, {"type": "Feature", "properties": {"province_id": 3013, "name": "Palana", "marker_index": 3, "terrain_type_id": 12, "terrain_type": "Mountain"}, "geometry": {"type": "Point", "coordinates": [12644.0, 985.0]}}, {"type": "Feature", "properties": {"province_id": 3013, "name": "Palana", "marker_index": 4, "terrain_type_id": 12, "terrain_type": "Mountain"}, "geometry": {"type": "Point", "coordinates": [12663.0, 959.0]}}, {"type": "Feature", "properties": {"province_id": 3013, "name": "Palana", "marker_index": 5, "terrain_type_id": 12, "terrain_type": "Mountain"}, "geometry": {"type": "Point", "coordinates": [12690.0, 931.0]}}, {"type": "Feature", "properties": {"province_id": 3013, "name": "Palana", "marker_index": 6, "terrain_type_id": 12, "terrain_type": "Mountain"}, "geometry": {"type": "Point", "coordinates": [12714.0, 913.0]}}, {"type": "Feature", "properties": {"province_id": 3013, "name": "Palana", "marker_index": 7, "terrain_type_id": 12, "terrain_type": "Mountain"}, "geometry": {"type": "Point", "coordinates": [12727.0, 897.0]}}, {"type": "Feature", "properties": {"province_id": 3013, "name": "Palana", "marker_index": 8, "terrain_type_id": 12, "terrain_type": "Mountain"}, "geometry": {"type": "Point", "coordinates": [12763.0, 862.0]}}, {"type": "Feature", "properties": {"province_id": 3014, "name": "Ilirney", "marker_index": 0, "terrain_type_id": 12, "terrain_type": "Mountain"}, "geometry": {"type": "Point", "coordinates": [12155.0, 708.0]}}, {"type": "Feature", "properties": {"province_id": 3014, "name": "Ilirney", "marker_index": 1, "terrain_type_id": 12, "terrain_type": "Mountain"}, "geometry": {"type": "Point", "coordinates": [12194.0, 725.0]}}, {"type": "Feature", "properties": {"province_id": 3014, "name": "Ilirney", "marker_index": 2, "terrain_type_id": 12, "terrain_type": "Mountain"}, "geometry": {"type": "Point", "coordinates": [12230.0, 784.0]}}, {"type": "Feature", "properties": {"province_id": 3014, "name": "Ilirney", "marker_index": 3, "terrain_type_id": 12, "terrain_type": "Mountain"}, "geometry": {"type": "Point", "coordinates": [12247.0, 873.0]}}, {"type": "Feature", "properties": {"province_id": 3014, "name": "Ilirney", "marker_index": 4, "terrain_type_id": 12, "terrain_type": "Mountain"}, "geometry": {"type": "Point", "coordinates": [12248.0, 806.0]}}, {"type": "Feature", "properties": {"province_id": 3014, "name": "Ilirney", "marker_index": 5, "terrain_type_id": 12, "terrain_type": "Mountain"}, "geometry": {"type": "Point", "coordinates": [12262.0, 844.0]}}, {"type": "Feature", "properties": {"province_id": 3014, "name": "Ilirney", "marker_index": 6, "terrain_type_id": 12, "terrain_type": "Mountain"}, "geometry": {"type": "Point", "coordinates": [12266.0, 903.0]}}, {"type": "Feature", "properties": {"province_id": 3014, "name": "Ilirney", "marker_index": 7, "terrain_type_id": 12, "terrain_type": "Mountain"}, "geometry": {"type": "Point", "coordinates": [12274.0, 793.0]}}, {"type": "Feature", "properties": {"province_id": 3014, "name": "Ilirney", "marker_index": 8, "terrain_type_id": 12, "terrain_type": "Mountain"}, "geometry": {"type": "Point", "coordinates": [12282.0, 816.0]}}, {"type": "Feature", "properties": {"province_id": 3014, "name": "Ilirney", "marker_index": 9, "terrain_type_id": 12, "terrain_type": "Mountain"}, "geometry": {"type": "Point", "coordinates": [12292.0, 768.0]}}, {"type": "Feature", "properties": {"province_id": 3014, "name": "Ilirney", "marker_index": 10, "terrain_type_id": 12, "terrain_type": "Mountain"}, "geometry": {"type": "Point", "coordinates": [12305.0, 677.0]}}, {"type": "Feature", "properties": {"province_id": 3014, "name": "Ilirney", "marker_index": 11, "terrain_type_id": 12, "terrain_type": "Mountain"}, "geometry": {"type": "Point", "coordinates": [12306.0, 841.0]}}, {"type": "Feature", "properties": {"province_id": 3014, "name": "Ilirney", "marker_index": 12, "terrain_type_id": 12, "terrain_type": "Mountain"}, "geometry": {"type": "Point", "coordinates": [12316.0, 791.0]}}, {"type": "Feature", "properties": {"province_id": 3014, "name": "Ilirney", "marker_index": 13, "terrain_type_id": 12, "terrain_type": "Mountain"}, "geometry": {"type": "Point", "coordinates": [12344.0, 752.0]}}, {"type": "Feature", "properties": {"province_id": 3014, "name": "Ilirney", "marker_index": 14, "terrain_type_id": 12, "terrain_type": "Mountain"}, "geometry": {"type": "Point", "coordinates": [12349.0, 775.0]}}, {"type": "Feature", "properties": {"province_id": 3014, "name": "Ilirney", "marker_index": 15, "terrain_type_id": 12, "terrain_type": "Mountain"}, "geometry": {"type": "Point", "coordinates": [12379.0, 623.0]}}, {"type": "Feature", "properties": {"province_id": 3014, "name": "Ilirney", "marker_index": 16, "terrain_type_id": 12, "terrain_type": "Mountain"}, "geometry": {"type": "Point", "coordinates": [12381.0, 764.0]}}, {"type": "Feature", "properties": {"province_id": 3014, "name": "Ilirney", "marker_index": 17, "terrain_type_id": 12, "terrain_type": "Mountain"}, "geometry": {"type": "Point", "coordinates": [12383.0, 798.0]}}, {"type": "Feature", "properties": {"province_id": 3014, "name": "Ilirney", "marker_index": 18, "terrain_type_id": 12, "terrain_type": "Mountain"}, "geometry": {"type": "Point", "coordinates": [12441.0, 674.0]}}, {"type": "Feature", "properties": {"province_id": 3014, "name": "Ilirney", "marker_index": 19, "terrain_type_id": 12, "terrain_type": "Mountain"}, "geometry": {"type": "Point", "coordinates": [12479.0, 586.0]}}, {"type": "Feature", "properties": {"province_id": 3015, "name": "Gizhiga", "marker_index": 0, "terrain_type_id": 12, "terrain_type": "Mountain"}, "geometry": {"type": "Point", "coordinates": [12434.0, 832.0]}}, {"type": "Feature", "properties": {"province_id": 3015, "name": "Gizhiga", "marker_index": 1, "terrain_type_id": 12, "terrain_type": "Mountain"}, "geometry": {"type": "Point", "coordinates": [12454.0, 803.0]}}, {"type": "Feature", "properties": {"province_id": 3015, "name": "Gizhiga", "marker_index": 2, "terrain_type_id": 12, "terrain_type": "Mountain"}, "geometry": {"type": "Point", "coordinates": [12456.0, 775.0]}}, {"type": "Feature", "properties": {"province_id": 3015, "name": "Gizhiga", "marker_index": 3, "terrain_type_id": 12, "terrain_type": "Mountain"}, "geometry": {"type": "Point", "coordinates": [12458.0, 741.0]}}, {"type": "Feature", "properties": {"province_id": 3015, "name": "Gizhiga", "marker_index": 4, "terrain_type_id": 12, "terrain_type": "Mountain"}, "geometry": {"type": "Point", "coordinates": [12485.0, 745.0]}}, {"type": "Feature", "properties": {"province_id": 3015, "name": "Gizhiga", "marker_index": 5, "terrain_type_id": 12, "terrain_type": "Mountain"}, "geometry": {"type": "Point", "coordinates": [12486.0, 716.0]}}, {"type": "Feature", "properties": {"province_id": 3015, "name": "Gizhiga", "marker_index": 6, "terrain_type_id": 12, "terrain_type": "Mountain"}, "geometry": {"type": "Point", "coordinates": [12493.0, 766.0]}}, {"type": "Feature", "properties": {"province_id": 3015, "name": "Gizhiga", "marker_index": 7, "terrain_type_id": 12, "terrain_type": "Mountain"}, "geometry": {"type": "Point", "coordinates": [12506.0, 810.0]}}, {"type": "Feature", "properties": {"province_id": 3015, "name": "Gizhiga", "marker_index": 8, "terrain_type_id": 12, "terrain_type": "Mountain"}, "geometry": {"type": "Point", "coordinates": [12526.0, 773.0]}}, {"type": "Feature", "properties": {"province_id": 3015, "name": "Gizhiga", "marker_index": 9, "terrain_type_id": 12, "terrain_type": "Mountain"}, "geometry": {"type": "Point", "coordinates": [12554.0, 650.0]}}, {"type": "Feature", "properties": {"province_id": 3015, "name": "Gizhiga", "marker_index": 10, "terrain_type_id": 12, "terrain_type": "Mountain"}, "geometry": {"type": "Point", "coordinates": [12561.0, 773.0]}}, {"type": "Feature", "properties": {"province_id": 3015, "name": "Gizhiga", "marker_index": 11, "terrain_type_id": 12, "terrain_type": "Mountain"}, "geometry": {"type": "Point", "coordinates": [12587.0, 773.0]}}, {"type": "Feature", "properties": {"province_id": 3015, "name": "Gizhiga", "marker_index": 12, "terrain_type_id": 12, "terrain_type": "Mountain"}, "geometry": {"type": "Point", "coordinates": [12596.0, 788.0]}}, {"type": "Feature", "properties": {"province_id": 3015, "name": "Gizhiga", "marker_index": 13, "terrain_type_id": 12, "terrain_type": "Mountain"}, "geometry": {"type": "Point", "coordinates": [12605.0, 725.0]}}, {"type": "Feature", "properties": {"province_id": 3015, "name": "Gizhiga", "marker_index": 14, "terrain_type_id": 12, "terrain_type": "Mountain"}, "geometry": {"type": "Point", "coordinates": [12616.0, 798.0]}}, {"type": "Feature", "properties": {"province_id": 3015, "name": "Gizhiga", "marker_index": 15, "terrain_type_id": 12, "terrain_type": "Mountain"}, "geometry": {"type": "Point", "coordinates": [12626.0, 761.0]}}, {"type": "Feature", "properties": {"province_id": 3015, "name": "Gizhiga", "marker_index": 16, "terrain_type_id": 12, "terrain_type": "Mountain"}, "geometry": {"type": "Point", "coordinates": [12637.0, 823.0]}}, {"type": "Feature", "properties": {"province_id": 3015, "name": "Gizhiga", "marker_index": 17, "terrain_type_id": 12, "terrain_type": "Mountain"}, "geometry": {"type": "Point", "coordinates": [12644.0, 755.0]}}, {"type": "Feature", "properties": {"province_id": 3015, "name": "Gizhiga", "marker_index": 18, "terrain_type_id": 12, "terrain_type": "Mountain"}, "geometry": {"type": "Point", "coordinates": [12652.0, 675.0]}}, {"type": "Feature", "properties": {"province_id": 3015, "name": "Gizhiga", "marker_index": 19, "terrain_type_id": 12, "terrain_type": "Mountain"}, "geometry": {"type": "Point", "coordinates": [12655.0, 738.0]}}, {"type": "Feature", "properties": {"province_id": 3015, "name": "Gizhiga", "marker_index": 20, "terrain_type_id": 12, "terrain_type": "Mountain"}, "geometry": {"type": "Point", "coordinates": [12664.0, 775.0]}}, {"type": "Feature", "properties": {"province_id": 3015, "name": "Gizhiga", "marker_index": 21, "terrain_type_id": 12, "terrain_type": "Mountain"}, "geometry": {"type": "Point", "coordinates": [12672.0, 815.0]}}, {"type": "Feature", "properties": {"province_id": 3015, "name": "Gizhiga", "marker_index": 22, "terrain_type_id": 12, "terrain_type": "Mountain"}, "geometry": {"type": "Point", "coordinates": [12680.0, 779.0]}}, {"type": "Feature", "properties": {"province_id": 3017, "name": "Talon", "marker_index": 0, "terrain_type_id": 12, "terrain_type": "Mountain"}, "geometry": {"type": "Point", "coordinates": [11902.0, 971.0]}}, {"type": "Feature", "properties": {"province_id": 3017, "name": "Talon", "marker_index": 1, "terrain_type_id": 12, "terrain_type": "Mountain"}, "geometry": {"type": "Point", "coordinates": [11906.0, 942.0]}}, {"type": "Feature", "properties": {"province_id": 3017, "name": "Talon", "marker_index": 2, "terrain_type_id": 12, "terrain_type": "Mountain"}, "geometry": {"type": "Point", "coordinates": [11917.0, 1004.0]}}, {"type": "Feature", "properties": {"province_id": 3017, "name": "Talon", "marker_index": 3, "terrain_type_id": 12, "terrain_type": "Mountain"}, "geometry": {"type": "Point", "coordinates": [11927.0, 909.0]}}, {"type": "Feature", "properties": {"province_id": 3017, "name": "Talon", "marker_index": 4, "terrain_type_id": 12, "terrain_type": "Mountain"}, "geometry": {"type": "Point", "coordinates": [11931.0, 978.0]}}, {"type": "Feature", "properties": {"province_id": 3017, "name": "Talon", "marker_index": 5, "terrain_type_id": 12, "terrain_type": "Mountain"}, "geometry": {"type": "Point", "coordinates": [11932.0, 956.0]}}, {"type": "Feature", "properties": {"province_id": 3017, "name": "Talon", "marker_index": 6, "terrain_type_id": 12, "terrain_type": "Mountain"}, "geometry": {"type": "Point", "coordinates": [11955.0, 931.0]}}, {"type": "Feature", "properties": {"province_id": 3017, "name": "Talon", "marker_index": 7, "terrain_type_id": 12, "terrain_type": "Mountain"}, "geometry": {"type": "Point", "coordinates": [11955.0, 1001.0]}}, {"type": "Feature", "properties": {"province_id": 3017, "name": "Talon", "marker_index": 8, "terrain_type_id": 12, "terrain_type": "Mountain"}, "geometry": {"type": "Point", "coordinates": [11972.0, 979.0]}}, {"type": "Feature", "properties": {"province_id": 3018, "name": "Atka", "marker_index": 0, "terrain_type_id": 12, "terrain_type": "Mountain"}, "geometry": {"type": "Point", "coordinates": [12014.0, 928.0]}}, {"type": "Feature", "properties": {"province_id": 3018, "name": "Atka", "marker_index": 1, "terrain_type_id": 12, "terrain_type": "Mountain"}, "geometry": {"type": "Point", "coordinates": [12036.0, 830.0]}}, {"type": "Feature", "properties": {"province_id": 3018, "name": "Atka", "marker_index": 2, "terrain_type_id": 12, "terrain_type": "Mountain"}, "geometry": {"type": "Point", "coordinates": [12047.0, 891.0]}}, {"type": "Feature", "properties": {"province_id": 3018, "name": "Atka", "marker_index": 3, "terrain_type_id": 12, "terrain_type": "Mountain"}, "geometry": {"type": "Point", "coordinates": [12081.0, 788.0]}}, {"type": "Feature", "properties": {"province_id": 3018, "name": "Atka", "marker_index": 4, "terrain_type_id": 12, "terrain_type": "Mountain"}, "geometry": {"type": "Point", "coordinates": [12082.0, 874.0]}}, {"type": "Feature", "properties": {"province_id": 3018, "name": "Atka", "marker_index": 5, "terrain_type_id": 12, "terrain_type": "Mountain"}, "geometry": {"type": "Point", "coordinates": [12082.0, 898.0]}}, {"type": "Feature", "properties": {"province_id": 3018, "name": "Atka", "marker_index": 6, "terrain_type_id": 12, "terrain_type": "Mountain"}, "geometry": {"type": "Point", "coordinates": [12083.0, 925.0]}}, {"type": "Feature", "properties": {"province_id": 3018, "name": "Atka", "marker_index": 7, "terrain_type_id": 12, "terrain_type": "Mountain"}, "geometry": {"type": "Point", "coordinates": [12093.0, 992.0]}}, {"type": "Feature", "properties": {"province_id": 3018, "name": "Atka", "marker_index": 8, "terrain_type_id": 12, "terrain_type": "Mountain"}, "geometry": {"type": "Point", "coordinates": [12113.0, 862.0]}}, {"type": "Feature", "properties": {"province_id": 3018, "name": "Atka", "marker_index": 9, "terrain_type_id": 12, "terrain_type": "Mountain"}, "geometry": {"type": "Point", "coordinates": [12115.0, 943.0]}}, {"type": "Feature", "properties": {"province_id": 3018, "name": "Atka", "marker_index": 10, "terrain_type_id": 12, "terrain_type": "Mountain"}, "geometry": {"type": "Point", "coordinates": [12119.0, 898.0]}}, {"type": "Feature", "properties": {"province_id": 3018, "name": "Atka", "marker_index": 11, "terrain_type_id": 12, "terrain_type": "Mountain"}, "geometry": {"type": "Point", "coordinates": [12168.0, 901.0]}}, {"type": "Feature", "properties": {"province_id": 3018, "name": "Atka", "marker_index": 12, "terrain_type_id": 12, "terrain_type": "Mountain"}, "geometry": {"type": "Point", "coordinates": [12177.0, 855.0]}}, {"type": "Feature", "properties": {"province_id": 3020, "name": "Oymyakon", "marker_index": 0, "terrain_type_id": 12, "terrain_type": "Mountain"}, "geometry": {"type": "Point", "coordinates": [11526.0, 1021.0]}}, {"type": "Feature", "properties": {"province_id": 3020, "name": "Oymyakon", "marker_index": 1, "terrain_type_id": 12, "terrain_type": "Mountain"}, "geometry": {"type": "Point", "coordinates": [11538.0, 1057.0]}}, {"type": "Feature", "properties": {"province_id": 3020, "name": "Oymyakon", "marker_index": 2, "terrain_type_id": 12, "terrain_type": "Mountain"}, "geometry": {"type": "Point", "coordinates": [11557.0, 1020.0]}}, {"type": "Feature", "properties": {"province_id": 3020, "name": "Oymyakon", "marker_index": 3, "terrain_type_id": 12, "terrain_type": "Mountain"}, "geometry": {"type": "Point", "coordinates": [11589.0, 1025.0]}}, {"type": "Feature", "properties": {"province_id": 3020, "name": "Oymyakon", "marker_index": 4, "terrain_type_id": 12, "terrain_type": "Mountain"}, "geometry": {"type": "Point", "coordinates": [11590.0, 1063.0]}}, {"type": "Feature", "properties": {"province_id": 3020, "name": "Oymyakon", "marker_index": 5, "terrain_type_id": 12, "terrain_type": "Mountain"}, "geometry": {"type": "Point", "coordinates": [11617.0, 1028.0]}}, {"type": "Feature", "properties": {"province_id": 3020, "name": "Oymyakon", "marker_index": 6, "terrain_type_id": 12, "terrain_type": "Mountain"}, "geometry": {"type": "Point", "coordinates": [11619.0, 1057.0]}}, {"type": "Feature", "properties": {"province_id": 3020, "name": "Oymyakon", "marker_index": 7, "terrain_type_id": 12, "terrain_type": "Mountain"}, "geometry": {"type": "Point", "coordinates": [11625.0, 1056.0]}}, {"type": "Feature", "properties": {"province_id": 3020, "name": "Oymyakon", "marker_index": 8, "terrain_type_id": 12, "terrain_type": "Mountain"}, "geometry": {"type": "Point", "coordinates": [11628.0, 997.0]}}, {"type": "Feature", "properties": {"province_id": 3020, "name": "Oymyakon", "marker_index": 9, "terrain_type_id": 12, "terrain_type": "Mountain"}, "geometry": {"type": "Point", "coordinates": [11641.0, 1058.0]}}, {"type": "Feature", "properties": {"province_id": 3020, "name": "Oymyakon", "marker_index": 10, "terrain_type_id": 12, "terrain_type": "Mountain"}, "geometry": {"type": "Point", "coordinates": [11650.0, 978.0]}}, {"type": "Feature", "properties": {"province_id": 3020, "name": "Oymyakon", "marker_index": 11, "terrain_type_id": 12, "terrain_type": "Mountain"}, "geometry": {"type": "Point", "coordinates": [11650.0, 1030.0]}}, {"type": "Feature", "properties": {"province_id": 3020, "name": "Oymyakon", "marker_index": 12, "terrain_type_id": 12, "terrain_type": "Mountain"}, "geometry": {"type": "Point", "coordinates": [11657.0, 999.0]}}, {"type": "Feature", "properties": {"province_id": 3020, "name": "Oymyakon", "marker_index": 13, "terrain_type_id": 12, "terrain_type": "Mountain"}, "geometry": {"type": "Point", "coordinates": [11677.0, 957.0]}}, {"type": "Feature", "properties": {"province_id": 3020, "name": "Oymyakon", "marker_index": 14, "terrain_type_id": 12, "terrain_type": "Mountain"}, "geometry": {"type": "Point", "coordinates": [11705.0, 1003.0]}}, {"type": "Feature", "properties": {"province_id": 3021, "name": "Kholodny", "marker_index": 0, "terrain_type_id": 12, "terrain_type": "Mountain"}, "geometry": {"type": "Point", "coordinates": [11690.0, 898.0]}}, {"type": "Feature", "properties": {"province_id": 3021, "name": "Kholodny", "marker_index": 1, "terrain_type_id": 12, "terrain_type": "Mountain"}, "geometry": {"type": "Point", "coordinates": [11721.0, 884.0]}}, {"type": "Feature", "properties": {"province_id": 3021, "name": "Kholodny", "marker_index": 2, "terrain_type_id": 12, "terrain_type": "Mountain"}, "geometry": {"type": "Point", "coordinates": [11722.0, 816.0]}}, {"type": "Feature", "properties": {"province_id": 3021, "name": "Kholodny", "marker_index": 3, "terrain_type_id": 12, "terrain_type": "Mountain"}, "geometry": {"type": "Point", "coordinates": [11727.0, 915.0]}}, {"type": "Feature", "properties": {"province_id": 3021, "name": "Kholodny", "marker_index": 4, "terrain_type_id": 12, "terrain_type": "Mountain"}, "geometry": {"type": "Point", "coordinates": [11734.0, 843.0]}}, {"type": "Feature", "properties": {"province_id": 3021, "name": "Kholodny", "marker_index": 5, "terrain_type_id": 12, "terrain_type": "Mountain"}, "geometry": {"type": "Point", "coordinates": [11736.0, 862.0]}}, {"type": "Feature", "properties": {"province_id": 3021, "name": "Kholodny", "marker_index": 6, "terrain_type_id": 12, "terrain_type": "Mountain"}, "geometry": {"type": "Point", "coordinates": [11759.0, 920.0]}}, {"type": "Feature", "properties": {"province_id": 3021, "name": "Kholodny", "marker_index": 7, "terrain_type_id": 12, "terrain_type": "Mountain"}, "geometry": {"type": "Point", "coordinates": [11764.0, 826.0]}}, {"type": "Feature", "properties": {"province_id": 3021, "name": "Kholodny", "marker_index": 8, "terrain_type_id": 12, "terrain_type": "Mountain"}, "geometry": {"type": "Point", "coordinates": [11764.0, 949.0]}}, {"type": "Feature", "properties": {"province_id": 3021, "name": "Kholodny", "marker_index": 9, "terrain_type_id": 12, "terrain_type": "Mountain"}, "geometry": {"type": "Point", "coordinates": [11775.0, 882.0]}}, {"type": "Feature", "properties": {"province_id": 3021, "name": "Kholodny", "marker_index": 10, "terrain_type_id": 12, "terrain_type": "Mountain"}, "geometry": {"type": "Point", "coordinates": [11803.0, 902.0]}}, {"type": "Feature", "properties": {"province_id": 3021, "name": "Kholodny", "marker_index": 11, "terrain_type_id": 12, "terrain_type": "Mountain"}, "geometry": {"type": "Point", "coordinates": [11804.0, 961.0]}}, {"type": "Feature", "properties": {"province_id": 3021, "name": "Kholodny", "marker_index": 12, "terrain_type_id": 12, "terrain_type": "Mountain"}, "geometry": {"type": "Point", "coordinates": [11816.0, 984.0]}}, {"type": "Feature", "properties": {"province_id": 3021, "name": "Kholodny", "marker_index": 13, "terrain_type_id": 12, "terrain_type": "Mountain"}, "geometry": {"type": "Point", "coordinates": [11821.0, 857.0]}}, {"type": "Feature", "properties": {"province_id": 3021, "name": "Kholodny", "marker_index": 14, "terrain_type_id": 12, "terrain_type": "Mountain"}, "geometry": {"type": "Point", "coordinates": [11839.0, 924.0]}}, {"type": "Feature", "properties": {"province_id": 3021, "name": "Kholodny", "marker_index": 15, "terrain_type_id": 12, "terrain_type": "Mountain"}, "geometry": {"type": "Point", "coordinates": [11853.0, 891.0]}}, {"type": "Feature", "properties": {"province_id": 3027, "name": "Lybalakh", "marker_index": 0, "terrain_type_id": 12, "terrain_type": "Mountain"}, "geometry": {"type": "Point", "coordinates": [11011.0, 603.0]}}, {"type": "Feature", "properties": {"province_id": 3027, "name": "Lybalakh", "marker_index": 1, "terrain_type_id": 12, "terrain_type": "Mountain"}, "geometry": {"type": "Point", "coordinates": [11017.0, 654.0]}}, {"type": "Feature", "properties": {"province_id": 3027, "name": "Lybalakh", "marker_index": 2, "terrain_type_id": 12, "terrain_type": "Mountain"}, "geometry": {"type": "Point", "coordinates": [11024.0, 696.0]}}, {"type": "Feature", "properties": {"province_id": 3027, "name": "Lybalakh", "marker_index": 3, "terrain_type_id": 12, "terrain_type": "Mountain"}, "geometry": {"type": "Point", "coordinates": [11042.0, 737.0]}}, {"type": "Feature", "properties": {"province_id": 3027, "name": "Lybalakh", "marker_index": 4, "terrain_type_id": 12, "terrain_type": "Mountain"}, "geometry": {"type": "Point", "coordinates": [11051.0, 798.0]}}, {"type": "Feature", "properties": {"province_id": 3027, "name": "Lybalakh", "marker_index": 5, "terrain_type_id": 12, "terrain_type": "Mountain"}, "geometry": {"type": "Point", "coordinates": [11058.0, 645.0]}}, {"type": "Feature", "properties": {"province_id": 3027, "name": "Lybalakh", "marker_index": 6, "terrain_type_id": 12, "terrain_type": "Mountain"}, "geometry": {"type": "Point", "coordinates": [11077.0, 773.0]}}, {"type": "Feature", "properties": {"province_id": 3027, "name": "Lybalakh", "marker_index": 7, "terrain_type_id": 12, "terrain_type": "Mountain"}, "geometry": {"type": "Point", "coordinates": [11082.0, 709.0]}}, {"type": "Feature", "properties": {"province_id": 3027, "name": "Lybalakh", "marker_index": 8, "terrain_type_id": 12, "terrain_type": "Mountain"}, "geometry": {"type": "Point", "coordinates": [11099.0, 685.0]}}, {"type": "Feature", "properties": {"province_id": 3068, "name": "Krasnoturyinsk", "marker_index": 0, "terrain_type_id": 12, "terrain_type": "Mountain"}, "geometry": {"type": "Point", "coordinates": [8646.0, 1305.0]}}, {"type": "Feature", "properties": {"province_id": 3068, "name": "Krasnoturyinsk", "marker_index": 1, "terrain_type_id": 12, "terrain_type": "Mountain"}, "geometry": {"type": "Point", "coordinates": [8653.0, 1241.0]}}, {"type": "Feature", "properties": {"province_id": 3068, "name": "Krasnoturyinsk", "marker_index": 2, "terrain_type_id": 12, "terrain_type": "Mountain"}, "geometry": {"type": "Point", "coordinates": [8656.0, 1354.0]}}, {"type": "Feature", "properties": {"province_id": 3068, "name": "Krasnoturyinsk", "marker_index": 3, "terrain_type_id": 12, "terrain_type": "Mountain"}, "geometry": {"type": "Point", "coordinates": [8664.0, 1295.0]}}, {"type": "Feature", "properties": {"province_id": 3068, "name": "Krasnoturyinsk", "marker_index": 4, "terrain_type_id": 12, "terrain_type": "Mountain"}, "geometry": {"type": "Point", "coordinates": [8669.0, 1395.0]}}, {"type": "Feature", "properties": {"province_id": 3068, "name": "Krasnoturyinsk", "marker_index": 5, "terrain_type_id": 12, "terrain_type": "Mountain"}, "geometry": {"type": "Point", "coordinates": [8671.0, 1246.0]}}, {"type": "Feature", "properties": {"province_id": 3068, "name": "Krasnoturyinsk", "marker_index": 6, "terrain_type_id": 12, "terrain_type": "Mountain"}, "geometry": {"type": "Point", "coordinates": [8673.0, 1219.0]}}, {"type": "Feature", "properties": {"province_id": 3068, "name": "Krasnoturyinsk", "marker_index": 7, "terrain_type_id": 12, "terrain_type": "Mountain"}, "geometry": {"type": "Point", "coordinates": [8673.0, 1271.0]}}, {"type": "Feature", "properties": {"province_id": 3068, "name": "Krasnoturyinsk", "marker_index": 8, "terrain_type_id": 12, "terrain_type": "Mountain"}, "geometry": {"type": "Point", "coordinates": [8679.0, 1367.0]}}, {"type": "Feature", "properties": {"province_id": 3068, "name": "Krasnoturyinsk", "marker_index": 9, "terrain_type_id": 12, "terrain_type": "Mountain"}, "geometry": {"type": "Point", "coordinates": [8693.0, 1340.0]}}, {"type": "Feature", "properties": {"province_id": 3068, "name": "Krasnoturyinsk", "marker_index": 10, "terrain_type_id": 12, "terrain_type": "Mountain"}, "geometry": {"type": "Point", "coordinates": [8697.0, 1287.0]}}, {"type": "Feature", "properties": {"province_id": 3068, "name": "Krasnoturyinsk", "marker_index": 11, "terrain_type_id": 12, "terrain_type": "Mountain"}, "geometry": {"type": "Point", "coordinates": [8712.0, 1241.0]}}, {"type": "Feature", "properties": {"province_id": 3068, "name": "Krasnoturyinsk", "marker_index": 12, "terrain_type_id": 12, "terrain_type": "Mountain"}, "geometry": {"type": "Point", "coordinates": [8726.0, 1210.0]}}, {"type": "Feature", "properties": {"province_id": 3069, "name": "Verkhnyaya Salda", "marker_index": 0, "terrain_type_id": 12, "terrain_type": "Mountain"}, "geometry": {"type": "Point", "coordinates": [8624.0, 1452.0]}}, {"type": "Feature", "properties": {"province_id": 3069, "name": "Verkhnyaya Salda", "marker_index": 1, "terrain_type_id": 12, "terrain_type": "Mountain"}, "geometry": {"type": "Point", "coordinates": [8656.0, 1464.0]}}, {"type": "Feature", "properties": {"province_id": 3069, "name": "Verkhnyaya Salda", "marker_index": 2, "terrain_type_id": 12, "terrain_type": "Mountain"}, "geometry": {"type": "Point", "coordinates": [8676.0, 1445.0]}}, {"type": "Feature", "properties": {"province_id": 3069, "name": "Verkhnyaya Salda", "marker_index": 3, "terrain_type_id": 12, "terrain_type": "Mountain"}, "geometry": {"type": "Point", "coordinates": [8696.0, 1467.0]}}, {"type": "Feature", "properties": {"province_id": 3069, "name": "Verkhnyaya Salda", "marker_index": 4, "terrain_type_id": 12, "terrain_type": "Mountain"}, "geometry": {"type": "Point", "coordinates": [8728.0, 1452.0]}}, {"type": "Feature", "properties": {"province_id": 3069, "name": "Verkhnyaya Salda", "marker_index": 5, "terrain_type_id": 12, "terrain_type": "Mountain"}, "geometry": {"type": "Point", "coordinates": [8744.0, 1481.0]}}, {"type": "Feature", "properties": {"province_id": 3132, "name": "Murghab", "marker_index": 0, "terrain_type_id": 12, "terrain_type": "Mountain"}, "geometry": {"type": "Point", "coordinates": [9121.0, 2448.0]}}, {"type": "Feature", "properties": {"province_id": 3132, "name": "Murghab", "marker_index": 1, "terrain_type_id": 12, "terrain_type": "Mountain"}, "geometry": {"type": "Point", "coordinates": [9126.0, 2489.0]}}, {"type": "Feature", "properties": {"province_id": 3132, "name": "Murghab", "marker_index": 2, "terrain_type_id": 12, "terrain_type": "Mountain"}, "geometry": {"type": "Point", "coordinates": [9134.0, 2434.0]}}, {"type": "Feature", "properties": {"province_id": 3132, "name": "Murghab", "marker_index": 3, "terrain_type_id": 12, "terrain_type": "Mountain"}, "geometry": {"type": "Point", "coordinates": [9137.0, 2475.0]}}, {"type": "Feature", "properties": {"province_id": 3132, "name": "Murghab", "marker_index": 4, "terrain_type_id": 12, "terrain_type": "Mountain"}, "geometry": {"type": "Point", "coordinates": [9143.0, 2446.0]}}, {"type": "Feature", "properties": {"province_id": 3132, "name": "Murghab", "marker_index": 5, "terrain_type_id": 12, "terrain_type": "Mountain"}, "geometry": {"type": "Point", "coordinates": [9150.0, 2463.0]}}, {"type": "Feature", "properties": {"province_id": 3132, "name": "Murghab", "marker_index": 6, "terrain_type_id": 12, "terrain_type": "Mountain"}, "geometry": {"type": "Point", "coordinates": [9151.0, 2410.0]}}, {"type": "Feature", "properties": {"province_id": 3132, "name": "Murghab", "marker_index": 7, "terrain_type_id": 12, "terrain_type": "Mountain"}, "geometry": {"type": "Point", "coordinates": [9158.0, 2427.0]}}, {"type": "Feature", "properties": {"province_id": 3132, "name": "Murghab", "marker_index": 8, "terrain_type_id": 12, "terrain_type": "Mountain"}, "geometry": {"type": "Point", "coordinates": [9162.0, 2448.0]}}, {"type": "Feature", "properties": {"province_id": 3132, "name": "Murghab", "marker_index": 9, "terrain_type_id": 12, "terrain_type": "Mountain"}, "geometry": {"type": "Point", "coordinates": [9187.0, 2454.0]}}, {"type": "Feature", "properties": {"province_id": 3133, "name": "Panjakent", "marker_index": 0, "terrain_type_id": 12, "terrain_type": "Mountain"}, "geometry": {"type": "Point", "coordinates": [9047.0, 2434.0]}}, {"type": "Feature", "properties": {"province_id": 3133, "name": "Panjakent", "marker_index": 1, "terrain_type_id": 12, "terrain_type": "Mountain"}, "geometry": {"type": "Point", "coordinates": [9049.0, 2404.0]}}, {"type": "Feature", "properties": {"province_id": 3133, "name": "Panjakent", "marker_index": 2, "terrain_type_id": 12, "terrain_type": "Mountain"}, "geometry": {"type": "Point", "coordinates": [9062.0, 2418.0]}}, {"type": "Feature", "properties": {"province_id": 3133, "name": "Panjakent", "marker_index": 3, "terrain_type_id": 12, "terrain_type": "Mountain"}, "geometry": {"type": "Point", "coordinates": [9070.0, 2389.0]}}, {"type": "Feature", "properties": {"province_id": 3133, "name": "Panjakent", "marker_index": 4, "terrain_type_id": 12, "terrain_type": "Mountain"}, "geometry": {"type": "Point", "coordinates": [9091.0, 2377.0]}}, {"type": "Feature", "properties": {"province_id": 3137, "name": "Przhevalsk", "marker_index": 0, "terrain_type_id": 12, "terrain_type": "Mountain"}, "geometry": {"type": "Point", "coordinates": [9325.0, 2096.0]}}, {"type": "Feature", "properties": {"province_id": 3137, "name": "Przhevalsk", "marker_index": 1, "terrain_type_id": 12, "terrain_type": "Mountain"}, "geometry": {"type": "Point", "coordinates": [9327.0, 2171.0]}}, {"type": "Feature", "properties": {"province_id": 3137, "name": "Przhevalsk", "marker_index": 2, "terrain_type_id": 12, "terrain_type": "Mountain"}, "geometry": {"type": "Point", "coordinates": [9333.0, 2207.0]}}, {"type": "Feature", "properties": {"province_id": 3137, "name": "Przhevalsk", "marker_index": 3, "terrain_type_id": 12, "terrain_type": "Mountain"}, "geometry": {"type": "Point", "coordinates": [9338.0, 2139.0]}}, {"type": "Feature", "properties": {"province_id": 3137, "name": "Przhevalsk", "marker_index": 4, "terrain_type_id": 12, "terrain_type": "Mountain"}, "geometry": {"type": "Point", "coordinates": [9356.0, 2179.0]}}, {"type": "Feature", "properties": {"province_id": 3137, "name": "Przhevalsk", "marker_index": 5, "terrain_type_id": 12, "terrain_type": "Mountain"}, "geometry": {"type": "Point", "coordinates": [9360.0, 2139.0]}}, {"type": "Feature", "properties": {"province_id": 3142, "name": "Talovo", "marker_index": 0, "terrain_type_id": 12, "terrain_type": "Mountain"}, "geometry": {"type": "Point", "coordinates": [8581.0, 1230.0]}}, {"type": "Feature", "properties": {"province_id": 3142, "name": "Talovo", "marker_index": 1, "terrain_type_id": 12, "terrain_type": "Mountain"}, "geometry": {"type": "Point", "coordinates": [8593.0, 1255.0]}}, {"type": "Feature", "properties": {"province_id": 3142, "name": "Talovo", "marker_index": 2, "terrain_type_id": 12, "terrain_type": "Mountain"}, "geometry": {"type": "Point", "coordinates": [8605.0, 1211.0]}}, {"type": "Feature", "properties": {"province_id": 3169, "name": "Tiflis", "marker_index": 0, "terrain_type_id": 12, "terrain_type": "Mountain"}, "geometry": {"type": "Point", "coordinates": [8108.0, 2303.0]}}, {"type": "Feature", "properties": {"province_id": 3169, "name": "Tiflis", "marker_index": 1, "terrain_type_id": 12, "terrain_type": "Mountain"}, "geometry": {"type": "Point", "coordinates": [8111.0, 2320.0]}}, {"type": "Feature", "properties": {"province_id": 3169, "name": "Tiflis", "marker_index": 2, "terrain_type_id": 12, "terrain_type": "Mountain"}, "geometry": {"type": "Point", "coordinates": [8118.0, 2311.0]}}, {"type": "Feature", "properties": {"province_id": 3169, "name": "Tiflis", "marker_index": 3, "terrain_type_id": 12, "terrain_type": "Mountain"}, "geometry": {"type": "Point", "coordinates": [8131.0, 2304.0]}}, {"type": "Feature", "properties": {"province_id": 3169, "name": "Tiflis", "marker_index": 4, "terrain_type_id": 12, "terrain_type": "Mountain"}, "geometry": {"type": "Point", "coordinates": [8140.0, 2305.0]}}, {"type": "Feature", "properties": {"province_id": 3169, "name": "Tiflis", "marker_index": 5, "terrain_type_id": 12, "terrain_type": "Mountain"}, "geometry": {"type": "Point", "coordinates": [8148.0, 2295.0]}}, {"type": "Feature", "properties": {"province_id": 3169, "name": "Tiflis", "marker_index": 6, "terrain_type_id": 12, "terrain_type": "Mountain"}, "geometry": {"type": "Point", "coordinates": [8164.0, 2293.0]}}, {"type": "Feature", "properties": {"province_id": 3169, "name": "Tiflis", "marker_index": 7, "terrain_type_id": 12, "terrain_type": "Mountain"}, "geometry": {"type": "Point", "coordinates": [8168.0, 2279.0]}}, {"type": "Feature", "properties": {"province_id": 3172, "name": "Gori", "marker_index": 0, "terrain_type_id": 12, "terrain_type": "Mountain"}, "geometry": {"type": "Point", "coordinates": [8109.0, 2269.0]}}, {"type": "Feature", "properties": {"province_id": 3172, "name": "Gori", "marker_index": 1, "terrain_type_id": 12, "terrain_type": "Mountain"}, "geometry": {"type": "Point", "coordinates": [8121.0, 2262.0]}}, {"type": "Feature", "properties": {"province_id": 3172, "name": "Gori", "marker_index": 2, "terrain_type_id": 12, "terrain_type": "Mountain"}, "geometry": {"type": "Point", "coordinates": [8123.0, 2244.0]}}, {"type": "Feature", "properties": {"province_id": 3172, "name": "Gori", "marker_index": 3, "terrain_type_id": 12, "terrain_type": "Mountain"}, "geometry": {"type": "Point", "coordinates": [8133.0, 2231.0]}}, {"type": "Feature", "properties": {"province_id": 3172, "name": "Gori", "marker_index": 4, "terrain_type_id": 12, "terrain_type": "Mountain"}, "geometry": {"type": "Point", "coordinates": [8135.0, 2258.0]}}, {"type": "Feature", "properties": {"province_id": 3172, "name": "Gori", "marker_index": 5, "terrain_type_id": 12, "terrain_type": "Mountain"}, "geometry": {"type": "Point", "coordinates": [8145.0, 2246.0]}}, {"type": "Feature", "properties": {"province_id": 3172, "name": "Gori", "marker_index": 6, "terrain_type_id": 12, "terrain_type": "Mountain"}, "geometry": {"type": "Point", "coordinates": [8150.0, 2236.0]}}, {"type": "Feature", "properties": {"province_id": 3172, "name": "Gori", "marker_index": 7, "terrain_type_id": 12, "terrain_type": "Mountain"}, "geometry": {"type": "Point", "coordinates": [8162.0, 2249.0]}}, {"type": "Feature", "properties": {"province_id": 3179, "name": "Kutaisi", "marker_index": 0, "terrain_type_id": 12, "terrain_type": "Mountain"}, "geometry": {"type": "Point", "coordinates": [8059.0, 2257.0]}}, {"type": "Feature", "properties": {"province_id": 3179, "name": "Kutaisi", "marker_index": 1, "terrain_type_id": 12, "terrain_type": "Mountain"}, "geometry": {"type": "Point", "coordinates": [8071.0, 2251.0]}}, {"type": "Feature", "properties": {"province_id": 3179, "name": "Kutaisi", "marker_index": 2, "terrain_type_id": 12, "terrain_type": "Mountain"}, "geometry": {"type": "Point", "coordinates": [8075.0, 2228.0]}}, {"type": "Feature", "properties": {"province_id": 3179, "name": "Kutaisi", "marker_index": 3, "terrain_type_id": 12, "terrain_type": "Mountain"}, "geometry": {"type": "Point", "coordinates": [8077.0, 2242.0]}}, {"type": "Feature", "properties": {"province_id": 3179, "name": "Kutaisi", "marker_index": 4, "terrain_type_id": 12, "terrain_type": "Mountain"}, "geometry": {"type": "Point", "coordinates": [8097.0, 2228.0]}}, {"type": "Feature", "properties": {"province_id": 3179, "name": "Kutaisi", "marker_index": 5, "terrain_type_id": 12, "terrain_type": "Mountain"}, "geometry": {"type": "Point", "coordinates": [8100.0, 2217.0]}}, {"type": "Feature", "properties": {"province_id": 3181, "name": "Ilori", "marker_index": 0, "terrain_type_id": 12, "terrain_type": "Mountain"}, "geometry": {"type": "Point", "coordinates": [8003.0, 2188.0]}}, {"type": "Feature", "properties": {"province_id": 3181, "name": "Ilori", "marker_index": 1, "terrain_type_id": 12, "terrain_type": "Mountain"}, "geometry": {"type": "Point", "coordinates": [8022.0, 2199.0]}}, {"type": "Feature", "properties": {"province_id": 3181, "name": "Ilori", "marker_index": 2, "terrain_type_id": 12, "terrain_type": "Mountain"}, "geometry": {"type": "Point", "coordinates": [8027.0, 2222.0]}}, {"type": "Feature", "properties": {"province_id": 3181, "name": "Ilori", "marker_index": 3, "terrain_type_id": 12, "terrain_type": "Mountain"}, "geometry": {"type": "Point", "coordinates": [8030.0, 2204.0]}}, {"type": "Feature", "properties": {"province_id": 3181, "name": "Ilori", "marker_index": 4, "terrain_type_id": 12, "terrain_type": "Mountain"}, "geometry": {"type": "Point", "coordinates": [8049.0, 2210.0]}}, {"type": "Feature", "properties": {"province_id": 3188, "name": "Signalki", "marker_index": 0, "terrain_type_id": 12, "terrain_type": "Mountain"}, "geometry": {"type": "Point", "coordinates": [8191.0, 2246.0]}}, {"type": "Feature", "properties": {"province_id": 3188, "name": "Signalki", "marker_index": 1, "terrain_type_id": 12, "terrain_type": "Mountain"}, "geometry": {"type": "Point", "coordinates": [8201.0, 2253.0]}}, {"type": "Feature", "properties": {"province_id": 3188, "name": "Signalki", "marker_index": 2, "terrain_type_id": 12, "terrain_type": "Mountain"}, "geometry": {"type": "Point", "coordinates": [8202.0, 2269.0]}}, {"type": "Feature", "properties": {"province_id": 3188, "name": "Signalki", "marker_index": 3, "terrain_type_id": 12, "terrain_type": "Mountain"}, "geometry": {"type": "Point", "coordinates": [8205.0, 2286.0]}}, {"type": "Feature", "properties": {"province_id": 3188, "name": "Signalki", "marker_index": 4, "terrain_type_id": 12, "terrain_type": "Mountain"}, "geometry": {"type": "Point", "coordinates": [8206.0, 2305.0]}}, {"type": "Feature", "properties": {"province_id": 3188, "name": "Signalki", "marker_index": 5, "terrain_type_id": 12, "terrain_type": "Mountain"}, "geometry": {"type": "Point", "coordinates": [8214.0, 2315.0]}}, {"type": "Feature", "properties": {"province_id": 3188, "name": "Signalki", "marker_index": 6, "terrain_type_id": 12, "terrain_type": "Mountain"}, "geometry": {"type": "Point", "coordinates": [8222.0, 2293.0]}}, {"type": "Feature", "properties": {"province_id": 3188, "name": "Signalki", "marker_index": 7, "terrain_type_id": 12, "terrain_type": "Mountain"}, "geometry": {"type": "Point", "coordinates": [8223.0, 2309.0]}}, {"type": "Feature", "properties": {"province_id": 3188, "name": "Signalki", "marker_index": 8, "terrain_type_id": 12, "terrain_type": "Mountain"}, "geometry": {"type": "Point", "coordinates": [8236.0, 2317.0]}}, {"type": "Feature", "properties": {"province_id": 3188, "name": "Signalki", "marker_index": 9, "terrain_type_id": 12, "terrain_type": "Mountain"}, "geometry": {"type": "Point", "coordinates": [8247.0, 2327.0]}}]}